relation_id,source_id,source_name,source_type,relation_type,relation_label,target_id,target_name,target_type,direction,usage,layer,analytics_enabled,mention_count,document_count,paragraph_count,category_count,evidence_count,evidence_strength,example_text,example_url
rel_852bdbc956a7,ent_3e2341d3caea,一乘法,DoctrineTerm,concept_defined_as,概念定义为,ent_4eee776ce0b0,中有,DoctrineTerm,directed,core_usable,stable_entity_graph,true,2,0,0,0,1,single_article,一乘法，就是你中有我，我中有你，彼此互為相等，從差別中求取平等，從矛盾中求取統一。,https://books.masterhsingyun.org/ArticleDetail/artcle9745
rel_79bd397025af,ent_9c79cb2ab069,一切智光明仙人慈心因緣不食肉經,Classic,classic_records_person,经典记载人物,ent_c28fd265d099,彌勒,BuddhistFigure,directed,core_usable,stable_entity_graph,true,2,2,2,1,2,multi_article,依《一切智光明仙人慈心因緣不食肉經》載，彌勒菩薩出生婆羅門家庭，後為佛弟子，曾發誓願：「願我世世不起殺想，恆不噉肉，入白光明慈三昧，乃至成佛，制斷肉戒。」,https://books.masterhsingyun.org/ArticleDetail/artcle7049
rel_173318707741,ent_56db144ad988,一切有為法,DoctrineTerm,concept_equivalent_to,概念等同或同义,ent_1244a0f49239,世間法,DoctrineTerm,symmetric,core_usable,stable_entity_graph,true,1,1,1,1,1,single_article,佛陀對這個世間的萬象都瞭如指掌，如《金剛經》說：「一切有為法，如夢幻泡影，如露亦如電，應作如是觀。」⟂S⟂，這是對宇宙世間的「緣起」法則深入了解的最好說明。⟂S⟂一切「有為」的法，就是「世間法」，以「因緣、條件」為軸心。⟂S⟂「諸法因緣生，諸法因緣滅」，這許多「因緣條件」合了會分散；⟂S⟂分散則「空」，但「空」了還能生出「妙有」，所以說如夢一樣，如泡沫一樣，如露一樣，如電一樣，眼看著生起、成就了，不久又會幻滅。,https://books.masterhsingyun.org/ArticleDetail/artcle15988
rel_3e8ec939abe7,ent_56db144ad988,一切有為法,DoctrineTerm,concept_has_quality,概念具有属性,ent_0447a31ca784,剎那生滅,DoctrineTerm,directed,core_usable,stable_entity_graph,true,2,1,1,1,2,single_article,也許有人會說，我不求聞達於諸侯，是個安於平凡的人，既不貪愛權勢名位，也不羨慕高官厚祿，我能甘於澹泊，不被外在的物質有無，不受人事的好壞所動，因此能夠無憂無喜的過日子。⟂S⟂然而一個人即使有此修養，只是世間一切有為法都是遷流不住，都是剎那生滅，無法常住安穩，因此身心仍不免受到無常的逼惱，而有「世事無常」的慨嘆，這就是「行苦」。,https://books.masterhsingyun.org/ArticleDetail/artcle425
rel_1f875bb8dce6,ent_56db144ad988,一切有為法,DoctrineTerm,concept_has_quality,概念具有属性,ent_9a09ad0a2d77,無常,DoctrineTerm,directed,core_usable,stable_entity_graph,true,6,5,5,2,6,multi_article,「諸行無常」是佛教的真理，世間上的一切有為法都是因緣和合而生起，因緣所生的諸法，空無自性，隨著緣聚而生，緣散而滅，是三世遷流不住的，所以說「無常」。,https://books.masterhsingyun.org/ArticleDetail/artcle14215
rel_5f4889a13b64,ent_56db144ad988,一切有為法,DoctrineTerm,concept_has_quality,概念具有属性,ent_c491291ea5a3,無我,DoctrineTerm,directed,core_usable,stable_entity_graph,true,3,2,2,1,3,multi_article,這是說明世間萬物無一得以常住不壞，凡生者必滅，因此，唯有超脫此生、滅的世界，才可達到寂靜的境域。⟂S⟂也就是說，一切有為法的本性是空寂的，所以無常、無我，所以能實現涅槃，這就是「三法印」的思想根據，也是佛教的根本教義。,https://books.masterhsingyun.org/ArticleDetail/artcle3984
rel_c50da7bc0331,ent_56db144ad988,一切有為法,DoctrineTerm,concept_has_quality,概念具有属性,ent_08bedbb7dcb1,空性,DoctrineTerm,directed,core_usable,stable_entity_graph,true,1,1,1,1,1,single_article,一切有為法都是因緣所生的假有，本性是空，因此不能從假象上執有，應該從假有中認識空性，但是也不能從空性中執空，因為儘管緣起法是幻有、假有，但也並非虛無，我們可以從空性中看到妙有，這就是「空有不二」。,https://books.masterhsingyun.org/ArticleDetail/artcle3983
rel_20e1c52258df,ent_56db144ad988,一切有為法,DoctrineTerm,concept_has_quality,概念具有属性,ent_baa0a6afc97b,空無自性,DoctrineTerm,directed,core_usable,stable_entity_graph,true,1,1,1,1,1,single_article,（一）諸行無常：「行」是遷流、轉變的意思。⟂S⟂世間上一切形形色色的事物，沒有一樣不是在剎那剎那之間遷流轉變，沒有一樣是常住不變的。⟂S⟂因為世間上的一切有為法都是因緣和合而生起，因緣所生的諸法，空無自性，它隨著緣聚而生，緣散而滅。⟂S⟂譬如有情世間的人有生老病死的現象，器世間的山河大地有成住壞空的演變，心念有生住異滅的變化，因此，一切法在時間上是剎那不住，念念生滅；⟂S⟂過去的已滅，未來的未生，現在的即生即滅，它是三世遷流不住的，所以說「諸行無常」。,https://books.masterhsingyun.org/ArticleDetail/artcle425
rel_024fbe8a4f49,ent_56db144ad988,一切有為法,DoctrineTerm,doctrine_constrained_by,义理受条件或范围限制,ent_61654ef63947,因緣,DoctrineTerm,directed,core_usable,stable_entity_graph,true,10,7,7,5,10,multi_article,比凡夫高一點的聲聞、緣覺、羅漢等聖者，他們對宇宙人生的體會，對世間萬有的看法又更高超一些。⟂S⟂他們看世間一切都是「緣起」而有，也就是認識世間一切都是因緣所生起，「緣聚則生，緣散則滅」。⟂S⟂「緣起」是佛教的根本教理，也是佛教異於其他宗教、哲學、思想的最大特性。⟂S⟂緣起說明世間上的事事物物，一切有為法都不是憑空而有，也不能單獨存在，必須在各種因緣條件和合之下，才能現起和存在。⟂S⟂一旦組成的「因緣」散失，事物本身也就不復存在，這就是佛教所謂「諸法因緣生，諸法因緣滅」的道理。,https://books.masterhsingyun.org/ArticleDetail/artcle425
rel_fc546c548962,ent_d98238f10abc,一切有情,Concept,concept_has_subconcept,概念包含下位概念,ent_f30880e05340,女人,Group,directed,core_usable,stable_entity_graph,true,1,1,1,1,1,single_article,宇宙一切有情眾生，雖然有智愚賢劣、富貴貧賤的種種差異，但是究其性別不外為男女之別而已。⟂S⟂其中，女性和每一個人都有至為密切的關係，每一個人不管你是男人還是女人，都是在母親的襁褓中長大的，沒有了母親，就沒有生命的誕生，因此生為女性的母親是一切生機的泉源。,https://books.masterhsingyun.org/ArticleDetail/artcle747
rel_15bb165f2e28,ent_3dcc3dbbf7a7,一大事因緣,DoctrineTerm,concept_defined_as,概念定义为,ent_b35b69fd5ff9,眾生,DoctrineTerm,directed,core_usable,stable_entity_graph,true,1,0,0,0,1,single_article,什麼是一大事因緣？ ⟂S⟂ 就是為令眾生入佛知見。,https://books.masterhsingyun.org/ArticleDetail/artcle272
rel_9f79b855d125,ent_3dcc3dbbf7a7,一大事因緣,DoctrineTerm,concept_defined_as,概念定义为,ent_932ce5962a37,示教利喜,Concept,directed,core_usable,stable_entity_graph,true,2,2,2,2,2,multi_article,佛陀以一大事因緣降生於世，所謂一大事因緣，即示教利喜，也就是「開示眾生以言教，給予眾生以歡喜」。⟂S⟂所以，佛法的弘揚，必須適合現代人的需要，令眾生歡喜，自然地接受，才是佛陀示教的真正本懷。,https://books.masterhsingyun.org/ArticleDetail/artcle724
rel_80e0d586f6d0,ent_29c863dd97d1,一心,DoctrineTerm,concept_defined_as,概念定义为,ent_8416aa5f2800,不二,DoctrineTerm,directed,core_usable,stable_entity_graph,true,1,0,0,0,1,single_article,所謂一心，就是唯一不二，沒有兩樣的心，唯是一念清淨，沒有絲毫的迷妄，這是由於一心稱名所得的心境，也就是觀世音給你苦惱的一切解脫。,https://books.masterhsingyun.org/ArticleDetail/artcle2167
rel_33156098a039,ent_29c863dd97d1,一心,DoctrineTerm,concept_encompasses_doctrinal_scope,概念统摄教义范围,ent_4fb8d09ae94c,諸法,DoctrineTerm,directed,core_usable,stable_entity_graph,true,2,1,1,1,2,single_article,所謂「色心並舉」，大師指出，《華嚴經》說：「若人欲了知，三世一切佛，應觀法界性，一切唯心造。」⟂S⟂華嚴宗主張三界都是一心所作，也就是說，客觀的世界，須有主觀的心照射之，方能現出客觀事象。⟂S⟂而且客觀的世界映入我人眼中，由主觀加以認識，全憑心智，所以《般若經》說：「於一切法，心為善導，若能知心，悉知眾法，種種世法，皆由心生。」⟂S⟂離卻心識，則無萬象可談，所以說：「三界唯心，萬法唯識。」⟂S⟂佛法以一心統攝諸法，並不落於一邊，而是借現實以啟發心靈，本心靈以照見現實，這就是不偏唯心、不偏唯物，色心並舉的中道觀。⟂S⟂,https://books.masterhsingyun.org/ArticleDetail/artcle15648
rel_7e949823cd23,ent_29c863dd97d1,一心,DoctrineTerm,concept_has_causal_role,概念具有因果角色,ent_4fb8d09ae94c,諸法,DoctrineTerm,directed,core_usable,stable_entity_graph,true,1,1,1,1,1,single_article,佛陀證悟緣起的道理，說明「諸法因緣生，諸法因緣滅」，世間萬物，情與無情，皆在因緣和合下生滅變化，因而認識宇宙的產生、消長是緣起的，如同圓環，無始無終，因此無所謂宇宙的起源與創造之說。⟂S⟂至於宇宙的緣起，佛教諸宗派各有主張，如：業感緣起、賴耶緣起、真如緣起、法界緣起等。⟂S⟂然而這些理論無不繫於心的造作，「心生則法生，心滅則法滅，若無一切法，何用一切心」，所謂一心能生萬法，「心包太虛，量周沙界」，三千大千世界都是心識所現。⟂S⟂心力之大，心念之迅速無有比擬，心的世界較物質世界更為無邊無際，所謂「一念三千」，心念一動，三界六道、宇宙之間，任意遨遊。⟂S⟂《正法念處經‧畜生品》云：「心能造作一切業，由心故有一切果。」⟂S⟂又說：「心為一切巧畫師，能於三界起眾行。」⟂S⟂故知「心」是一個微妙不可思議的宇宙世界，眾生流轉六道，或成佛作祖，取證聖境，但由心的作為而定。⟂S⟂因此吾人不必在心外追尋，只要此心覺悟，不妄自造作，則山河大地、樹木花草，盡納於胸中，當下一念即是法界，娑婆世界轉瞬而成淨土，宇宙萬象、心識的起滅，無不豁朗明了，念念不被境風業浪所轉，如無門禪師的「日日是好日」，怡然自得。,https://books.masterhsingyun.org/ArticleDetail/artcle4062
rel_e2d8bdaa7094,ent_29c863dd97d1,一心,DoctrineTerm,concept_has_subconcept,概念包含下位概念,ent_60e6839f67f5,心生滅門,DoctrineTerm,directed,core_usable,stable_entity_graph,true,1,1,1,1,1,single_article,四、從世理到心理：世間有世間的道理，出世間有出世間的道理，而吾人的心，即為世出、世間的中樞。⟂S⟂有時候，我們要顧到世間法的道理；⟂S⟂有時候，我們的心中還有出世間法的道理。⟂S⟂所以《大乘起信論》講「一心開二門」：心生滅門、心真如門；⟂S⟂唯識家講「三界唯心，萬法唯識」。⟂S⟂心理，必定是十度空間最高、最究竟的道理。,https://books.masterhsingyun.org/ArticleDetail/artcle4049
rel_5f6337b0085e,ent_29c863dd97d1,一心,DoctrineTerm,concept_has_subconcept,概念包含下位概念,ent_b440551c51d6,心真如門,DoctrineTerm,directed,core_usable,stable_entity_graph,true,1,1,1,1,1,single_article,四、從世理到心理：世間有世間的道理，出世間有出世間的道理，而吾人的心，即為世出、世間的中樞。⟂S⟂有時候，我們要顧到世間法的道理；⟂S⟂有時候，我們的心中還有出世間法的道理。⟂S⟂所以《大乘起信論》講「一心開二門」：心生滅門、心真如門；⟂S⟂唯識家講「三界唯心，萬法唯識」。⟂S⟂心理，必定是十度空間最高、最究竟的道理。,https://books.masterhsingyun.org/ArticleDetail/artcle4049
rel_71a64d7ed67b,ent_29c863dd97d1,一心,DoctrineTerm,conceptual_scope_includes_figure,概念作用范围涉及人物,ent_c495c558929a,三世諸佛,BuddhistFigure,directed,core_usable,stable_entity_graph,true,1,1,1,1,1,single_article,《華嚴經》言：「若人欲了知，三世一切佛，應觀法界性，一切唯心造。」⟂S⟂意思是我們這顆心能作眾生，也能作佛；⟂S⟂能造天堂，也能造地獄；⟂S⟂法外無心，心外無法。⟂S⟂十方世界三世諸佛都是我們一心所現，是「心、佛、眾生，三無差別」。⟂S⟂「一念淨心能成佛」是「自性彌陀」，「一念淨心能造淨土」即是「唯心淨土」。,https://books.masterhsingyun.org/ArticleDetail/artcle9824
rel_7bec1585c03d,ent_5d82de15d55d,一心三觀,DoctrineTerm,concept_complementary_with,概念在语境中相互助成,ent_8e5bc1f388e3,一念三千,Concept,symmetric,core_usable,stable_entity_graph,true,2,1,2,1,2,single_article,提要：立基於天台教觀與人間佛教之間可能的關涉，本文論述之進行乃從個人多年來之研究領域──天台教觀──切入，亦即從天台教觀所宣倡之解行並重，以具體闡釋其中所可能蘊含之人間性，並進而以「一念三千」與「一心三觀」之間的相互依持、相輔相成所展現之教觀雙美的特質，以具體論析於當前社會推行佛教人間化之理論依憑與實踐法門。,https://books.masterhsingyun.org/ArticleDetail/artcle17778
rel_935245a4ffc2,ent_ac993f0f8df9,一心不亂,Concept,concept_equivalent_to,概念等同或同义,ent_093d3d337558,禪定,PracticeActivity,symmetric,core_usable,stable_entity_graph,true,1,1,1,1,1,single_article,禪門說參禪時講究心要定於一境，而淨土宗如《阿彌陀經》說，念佛要一心不亂，這不就是禪的定境嗎？,https://books.masterhsingyun.org/ArticleDetail/artcle674
rel_eb6f50252cca,ent_ac993f0f8df9,一心不亂,Concept,doctrinal_entails,义理论证推出,ent_e8785f476bae,往生,Concept,directed,core_usable,stable_entity_graph,true,3,3,3,2,3,multi_article,《阿彌陀經》說，如果有人發願往生，只要一心稱念阿彌陀佛名號，念到一心不亂，臨命終時，必蒙阿彌陀佛及諸聖眾手執蓮台，接引往生，因此淨土信仰自古即深入民間，西方三聖的阿彌陀佛與觀世音菩薩名號也牢牢深植人心，因此有「家家彌陀佛，戶戶觀世音」之說。,https://books.masterhsingyun.org/ArticleDetail/artcle15165
rel_89ce939937ee,ent_ac993f0f8df9,一心不亂,Concept,doctrine_constrained_by,义理受条件或范围限制,ent_294c2e592b25,福德因緣,DoctrineTerm,directed,core_usable,stable_entity_graph,true,1,1,1,1,1,single_article,又《無量壽經》的三輩往生條件是：三輩人皆需發菩提心，而以是否出家、念佛稱名、修諸功德的多寡，分為上、中、下三輩的不同。⟂S⟂依《往生論》的記載，往生條件有禮拜、讚歎、作願、觀察、迴向等五念門。⟂S⟂又若由簡單的因果來推論，要能確信有西方淨土、要深信發願行持往生，則非「宿具善根福德因緣」不可，更何況臨命終時要能得遇善知識教令稱名，要不遭到意外橫死，以及要達到「一心不亂」，則更非具善根福德因緣不可。⟂S⟂所以依前三經一論的經證及因果定律的推論，得知「必得具足善根福德因緣」，才得以往生西方淨土。,https://books.masterhsingyun.org/ArticleDetail/artcle6699
rel_7c59a5ddf9e4,ent_6711ca03b548,一念,DoctrineTerm,concept_encompasses_doctrinal_scope,概念统摄教义范围,ent_1de5316b3b56,三千諸法,DoctrineTerm,directed,core_usable,stable_entity_graph,true,1,1,1,1,1,single_article,三千即表示世間、出世間的一切善惡、性相諸法。⟂S⟂根據天台思想，無論凡聖，介爾一心均具足「十法界」，「十界互具」得百界，百界各具「十如是」得千如，此千如復各具「三世間」，則成「三千世界」，於是眾生一念妄心起，便具足三千諸法了。⟂S⟂因此，若要了解「一念三千」之理，就必須先明白「十法界」、「十界互具」、「十如是」、「三世間」的意義。,https://books.masterhsingyun.org/ArticleDetail/artcle15090
rel_878faa63df9b,ent_8e5bc1f388e3,一念三千,Concept,concept_defined_as,概念定义为,ent_1e4cd9ef7617,不可思議境,DoctrineTerm,directed,core_usable,stable_entity_graph,true,1,1,1,1,1,single_article,具體而言，「一念三千」所以是「不可思議境」，在於智者大師認為依循圓頓止觀之觀慧，則能觀照眾生一念無明心，此無明心當體亦即是法性心，皆為因緣所生，即空即假即中。,https://books.masterhsingyun.org/ArticleDetail/artcle17778
rel_f1363b7698ba,ent_8e5bc1f388e3,一念三千,Concept,concept_has_subconcept,概念包含下位概念,ent_ecc71f2ce47d,三世間,Concept,directed,core_usable,stable_entity_graph,true,1,1,1,1,1,single_article,根據天台思想，無論凡聖，介爾一心均具足「十法界」，「十界互具」得百界，百界各具「十如是」得千如，此千如復各具「三世間」，則成「三千世界」，於是眾生一念妄心起，便具足三千諸法了。⟂S⟂因此，若要了解「一念三千」之理，就必須先明白「十法界」、「十界互具」、「十如是」、「三世間」的意義。,https://books.masterhsingyun.org/ArticleDetail/artcle15090
rel_e1f78163c157,ent_8e5bc1f388e3,一念三千,Concept,concept_is_foundation_of,概念构成另一概念或实践的基础,ent_5d82de15d55d,一心三觀,DoctrineTerm,directed,core_usable,stable_entity_graph,true,1,1,1,1,1,single_article,因此，依上述「一念三千」的教理，進而與智者大師有關觀心之實踐方法的闡釋相結合，則可具體看出天台圓頓教觀之特色在於依止於一念三千而如實修持一心三觀，依空、假、中三觀以觀照自心，亦即隨時觀照自身當下之一念心所起諸境界，皆依因待緣，空無自性，因此欲照見諸法之實相，必須依循不偏空亦不偏有之中道乃能契入。,https://books.masterhsingyun.org/ArticleDetail/artcle17778
rel_06b12021e9d2,ent_8e5bc1f388e3,一念三千,Concept,concept_named_as,概念命名为,ent_1e4cd9ef7617,不可思議境,DoctrineTerm,directed,core_usable,stable_entity_graph,true,1,1,1,1,1,single_article,吾人於日常生活中的行住坐臥，乃至世間生產等活動中，因眼、耳、鼻、舌、身、意六根與色、聲、香、味、觸、法六麈境界相對應，並依眼識、耳識、鼻識、舌識、身識、意識六種覺識作用，所謂根、境、識和合而認識，乃至摻和第七末那識與第八阿賴耶識的作用，進而分別現象世界之種種存在；⟂S⟂也因此不免有一切煩惱、善、惡等法的生起。⟂S⟂依智者大師之闡釋，吾人於日常所起之一念心，必相應於十法界中之某一法界，如輪轉生死、苦惱逼迫，即相應於地獄界；⟂S⟂貪欲相應於餓鬼界；⟂S⟂愚痴相應於畜生界；⟂S⟂瞋恚相應於阿修羅界；⟂S⟂人倫道德相應於人世間；⟂S⟂享受福報相應天界；⟂S⟂修行求出離世間苦惱相應二乘界；⟂S⟂慈悲喜捨相應於菩薩界，乃至如實覺了成正等正覺則相應於佛界。⟂S⟂如此一念相應的十法界，除佛以外之九界眾生，其當下一念心所趣向之種種境界，依智者大師之觀解皆是虛妄分別之思議境，並非天台圓頓止觀所觀之如實境界，唯圓滿證悟諸法實相之佛乃能圓觀諸法存在之不思議境。⟂S⟂而如此一念所起三千世間所以是不可思議，依智者大師的詮釋，其關鍵在於：「若無心而已，介爾有心，即具三千。」⟂S⟂此一念心與即具的三千法之關係，不可說是一心在前，一切法在後；⟂S⟂亦不可說一切法在前，一心在後。⟂S⟂縱亦不可、橫亦不可。⟂S⟂祇心是一切法，一切法是心故。⟂S⟂因此，每一當下之心念與所起現之任一境界，二者之關係乃是「非縱非橫，非一非異，玄妙深絕，非識所識，非言所言。」⟂S⟂而如此展現之「一念三千」境界，若念念皆如實觀照而圓滿呈現，智者大師稱之為「不可思議境」，而此即是天台教理對於每一實存個體之身心存在的圓極觀解。,https://books.masterhsingyun.org/ArticleDetail/artcle17778
rel_9186eed30667,ent_8e5bc1f388e3,一念三千,Concept,doctrine_based_on_classic,教义依据经典,ent_6b3ad45ee630,華嚴經,Classic,directed,core_usable,stable_entity_graph,true,1,1,1,1,1,single_article,一念亦稱一心，指心念活動的最短時刻；⟂S⟂三千表示世間與出世間一切善惡、性相等人、物差別的總和。⟂S⟂一念三千是於凡夫當下一念之中，具足三千世間的諸法性相。⟂S⟂蓋天台宗思想，不論三性的有漏無漏，而謂介爾一心即具三千世間的迷悟諸法而無欠缺。⟂S⟂《摩訶止觀》卷五上：「夫一心具十法界，一法界又具十法界、百法界；⟂S⟂一界具三十種世間，百法界即具三千種世間。⟂S⟂此三千在一念心，若無心而已，介爾有心，即具三千，亦不言一心在前，一切法在後，亦不言一切法在前，一心在後。」⟂S⟂考諸吾人於日夜所起的一念心，必屬十法界中的某一法界，如與殺生等瞋恚相應，是地獄界；⟂S⟂若與貪欲相應，是餓鬼界；⟂S⟂若與人倫道德律相應，是人間界；⟂S⟂若與真如法界相應，是佛界。⟂S⟂是故一念與某界相應，此心即在某界，而且此眾生之一念心並非與一切諸法之間有所隔歷，而是互具互融。⟂S⟂因其非孤立，故在一界必具十界。⟂S⟂同時，於此十界又各具十界，而成百界。⟂S⟂此百界復具足十如是（如是相、如是性、如是體、如是力、如是作、如是因、如是緣、如是果、如是報、如是本末究竟等），即成千如，再配以五陰、眾生、國土三世間，即此三千世間具足於一念之中。⟂S⟂一念三千的教義是根據《六十華嚴‧夜摩天宮自在品》的「心佛眾生，三無差別」而來。⟂S⟂初學者根機淺，不宜作高層次的觀法，須由自心觀起，以具體事物為所觀對象，故天台宗立一心三觀之法以為初學入門之機。,https://books.masterhsingyun.org/ArticleDetail/artcle4145
rel_cf35f26fd59e,ent_8e5bc1f388e3,一念三千,Concept,doctrine_based_on_classic,教义依据经典,ent_0b06e21deb6e,大智度論,Classic,directed,core_usable,stable_entity_graph,true,1,1,1,1,1,single_article,智者大師將《法華經》的千如，配合《大智度論》的三世間，形成他自己獨特的一念三千的教學。⟂S⟂關於十如是、三世間等名相，佛教辭典有詳細的記載，不一一加以介紹，我們只對一念三千的道理稍加說明。,https://books.masterhsingyun.org/ArticleDetail/artcle3702
rel_3848d13a5525,ent_8e5bc1f388e3,一念三千,Concept,doctrine_based_on_classic,教义依据经典,ent_c23eb3ad53f7,法華經,Classic,directed,core_usable,stable_entity_graph,true,1,1,1,1,1,single_article,智者大師將《法華經》的千如，配合《大智度論》的三世間，形成他自己獨特的一念三千的教學。⟂S⟂關於十如是、三世間等名相，佛教辭典有詳細的記載，不一一加以介紹，我們只對一念三千的道理稍加說明。,https://books.masterhsingyun.org/ArticleDetail/artcle3702
rel_7e71b22c4d07,ent_8e5bc1f388e3,一念三千,Concept,doctrine_constrained_by,义理受条件或范围限制,ent_f6e6073bcd93,十如是,Concept,directed,core_usable,stable_entity_graph,true,1,1,1,1,1,single_article,根據天台思想，無論凡聖，介爾一心均具足「十法界」，「十界互具」得百界，百界各具「十如是」得千如，此千如復各具「三世間」，則成「三千世界」，於是眾生一念妄心起，便具足三千諸法了。⟂S⟂因此，若要了解「一念三千」之理，就必須先明白「十法界」、「十界互具」、「十如是」、「三世間」的意義。,https://books.masterhsingyun.org/ArticleDetail/artcle15090
rel_c08a218aa001,ent_8e5bc1f388e3,一念三千,Concept,doctrine_constrained_by,义理受条件或范围限制,ent_ef04744dcfa5,十法界,PlaceRealm,directed,core_usable,stable_entity_graph,true,1,1,1,1,1,single_article,根據天台思想，無論凡聖，介爾一心均具足「十法界」，「十界互具」得百界，百界各具「十如是」得千如，此千如復各具「三世間」，則成「三千世界」，於是眾生一念妄心起，便具足三千諸法了。⟂S⟂因此，若要了解「一念三千」之理，就必須先明白「十法界」、「十界互具」、「十如是」、「三世間」的意義。,https://books.masterhsingyun.org/ArticleDetail/artcle15090
rel_612fcdecf542,ent_297708e1a3e4,一真法界,PlaceRealm,doctrine_constrained_by,义理受条件或范围限制,ent_4c194eb34333,般若,DoctrineTerm,directed,core_usable,stable_entity_graph,true,1,1,1,1,1,single_article,如果想要進入甚深的一真法界及般若正定的人，必須修持般若行，持誦《金剛般若波羅蜜經》，即能見到自性。,https://books.masterhsingyun.org/ArticleDetail/artcle129
rel_b11d5a90b34a,ent_2db8b7998b4f,七聖財,Concept,concept_has_quality,概念具有属性,ent_7ed1a52121c4,清淨,DoctrineTerm,directed,core_usable,stable_entity_graph,true,1,0,0,0,1,single_article,七聖財是清淨的財富，佛弟子除了要有世間的財富，更要擁有出世的七聖財。,https://books.masterhsingyun.org/ArticleDetail/artcle4687
rel_9411ca997168,ent_c879b974c6a1,三業供養,PracticeActivity,practice_has_component,实践包含组成环节,ent_cac49a61a507,禮拜,PracticeActivity,directed,core_usable,stable_entity_graph,true,1,1,1,1,1,single_article,對佛菩薩的供養，有「十種供養」，即香、花、燈、塗、果、茶、食、寶、珠、衣。⟂S⟂另外，還有身、口、意的「三業供養」，就是以身體的禮拜，口頭的讚美，以及內心的恭敬，來表達對諸佛菩薩虔敬的供養。,https://books.masterhsingyun.org/ArticleDetail/artcle14096
rel_2a49ce780acb,ent_c879b974c6a1,三業供養,PracticeActivity,practice_honors_entity,实践礼敬或赞叹对象,ent_2fd7468711e7,諸佛菩薩,Group,directed,core_usable,stable_entity_graph,true,1,1,1,1,1,single_article,對佛菩薩的供養，有「十種供養」，即香、花、燈、塗、果、茶、食、寶、珠、衣。⟂S⟂另外，還有身、口、意的「三業供養」，就是以身體的禮拜，口頭的讚美，以及內心的恭敬，來表達對諸佛菩薩虔敬的供養。,https://books.masterhsingyun.org/ArticleDetail/artcle14096
rel_37800406676c,ent_c3569625ae14,三十二相,DoctrineTerm,concept_has_quality,概念具有属性,ent_5e88307976b7,莊嚴,DoctrineTerm,directed,core_usable,stable_entity_graph,true,2,1,1,1,2,single_article,《法華經》中記載：三千大千世界裡無量千萬億的菩薩眾，聽聞佛陀宣說《法華經》，即以神通力同時從地底湧出菩薩身皆金色，三十二相好莊嚴，光明燦爛。,https://books.masterhsingyun.org/ArticleDetail/artcle7214
rel_afb8f93f3a2a,ent_c3569625ae14,三十二相,DoctrineTerm,concept_has_quality,概念具有属性,ent_5ebb7ea1e87e,緣起性空,DoctrineTerm,directed,core_usable,stable_entity_graph,true,1,1,1,1,1,single_article,三十二相、八十種好，是佛在因地摩頂放踵行菩薩道，累劫積集福德因緣，一相一相，點點滴滴，修習成就的色身，同時也是佛陀為了廣度有情，由法身顯發的應身。⟂S⟂所以，三十二相、八十種好是緣起性空的假名幻有，能夠了知這一點，才能如實見到佛陀的相好光明。,https://books.masterhsingyun.org/ArticleDetail/artcle7548
rel_7f34b8995c2a,ent_c3569625ae14,三十二相,DoctrineTerm,concept_has_subconcept,概念包含下位概念,ent_91cd06695858,廣長舌相,DoctrineTerm,directed,core_usable,stable_entity_graph,true,3,3,3,2,3,multi_article,佛教講「三祇修福慧，百劫修相好」，釋迦牟尼佛的「三十二相」，其中有一「廣長舌相」，就是舌頭伸出來能覆蓋著鼻子，這是由於三十世不說謊所修得的相好。⟂S⟂另外有一位香口沙彌，不但不說謊、不罵人，而且說好話、說善言，最後他說話時，口中完全沒有穢濁之氣，只有滿口芬芳，所以大家稱他為「香口沙彌」。,https://books.masterhsingyun.org/ArticleDetail/artcle4871
rel_d2c1d56ad616,ent_c3569625ae14,三十二相,DoctrineTerm,doctrinal_entails,义理论证推出,ent_a277910bfd3e,八十種好,Concept,directed,core_usable,stable_entity_graph,true,1,1,1,1,1,single_article,「八十種好」是因三十二相而有，所以又稱「八十隨形好」。⟂S⟂這圓滿的三十二相，並不是天生如此，佛陀是經過九十一大劫的修行才能成就。,https://books.masterhsingyun.org/ArticleDetail/artcle2618
rel_8a3ef587c3e6,ent_98280da5b482,三十論,Classic,classic_states_or_mentions_doctrine,经典陈述或提及教义,ent_23cc1557ed5d,八識,DoctrineTerm,directed,core_usable,stable_entity_graph,true,1,1,1,1,1,single_article,這一期經論介紹，要向各位介紹的是一部唯識的根本論著《唯識三十論》。⟂S⟂此論雖然只有一百二十句的短文，但所含義理豐富，把人的心理變化過程用「八識」來說明，以精闢之喻來闡釋三界唯心、萬法唯識的道理。,https://books.masterhsingyun.org/ArticleDetail/artcle22745
rel_a4e23b575c8d,ent_98280da5b482,三十論,Classic,classic_states_or_mentions_doctrine,经典陈述或提及教义,ent_9d76d66a4eef,唯心,DoctrineTerm,directed,core_usable,stable_entity_graph,true,1,1,1,1,1,single_article,這一期經論介紹，要向各位介紹的是一部唯識的根本論著《唯識三十論》。⟂S⟂此論雖然只有一百二十句的短文，但所含義理豐富，把人的心理變化過程用「八識」來說明，以精闢之喻來闡釋三界唯心、萬法唯識的道理。,https://books.masterhsingyun.org/ArticleDetail/artcle22745
rel_57558c16954c,ent_98280da5b482,三十論,Classic,classic_states_or_mentions_doctrine,经典陈述或提及教义,ent_d3f056613b45,唯識,DoctrineTerm,directed,core_usable,stable_entity_graph,true,1,1,1,1,1,single_article,這一期經論介紹，要向各位介紹的是一部唯識的根本論著《唯識三十論》。⟂S⟂此論雖然只有一百二十句的短文，但所含義理豐富，把人的心理變化過程用「八識」來說明，以精闢之喻來闡釋三界唯心、萬法唯識的道理。,https://books.masterhsingyun.org/ArticleDetail/artcle22745
rel_90d013143c4a,ent_0ebc47edc5c5,三寶,DoctrineTerm,concept_defined_as,概念定义为,ent_7218629ab8b8,自性,DoctrineTerm,directed,core_usable,stable_entity_graph,true,1,0,0,0,1,single_article,三寶，你不一定要把它看成是供在殿堂的佛像，藏經樓的佛經，或者叢林裡面的教團、僧團，其實三寶就是我們的自性，都是在我們的心中。,https://books.masterhsingyun.org/ArticleDetail/artcle5715
rel_126ba6785b3d,ent_0ebc47edc5c5,三寶,DoctrineTerm,concept_has_subconcept,概念包含下位概念,ent_3a8696f8c749,佛寶,DoctrineTerm,directed,core_usable,stable_entity_graph,true,2,0,0,0,1,single_article,三寶是佛寶、法寶、僧寶。,https://books.masterhsingyun.org/ArticleDetail/artcle7567
rel_a01e02be94f7,ent_0ebc47edc5c5,三寶,DoctrineTerm,concept_has_subconcept,概念包含下位概念,ent_e148ca0687f4,佛法,DoctrineTerm,directed,core_usable,stable_entity_graph,true,1,1,1,1,1,single_article,人是宗教的動物，都需要有信仰，因此，選擇正信的宗教很重要。⟂S⟂我們要信仰有歷史考據的，清淨有德的，有能力正派的，這才符合正信。⟂S⟂「信佛法眾行恭敬」，我們可以信仰佛、信仰法、信仰眾，眾就是大眾，如大善知識、父母、師長、僧伽等，我們都應該心存恭敬，對佛教徒而言，就是信仰佛、法、僧三寶。,https://books.masterhsingyun.org/ArticleDetail/artcle14020
rel_e0ff67f2dec4,ent_0ebc47edc5c5,三寶,DoctrineTerm,concept_has_subconcept,概念包含下位概念,ent_5e903c8a7284,僧伽,DoctrineTerm,directed,core_usable,stable_entity_graph,true,1,1,1,1,1,single_article,人是宗教的動物，都需要有信仰，因此，選擇正信的宗教很重要。⟂S⟂我們要信仰有歷史考據的，清淨有德的，有能力正派的，這才符合正信。⟂S⟂「信佛法眾行恭敬」，我們可以信仰佛、信仰法、信仰眾，眾就是大眾，如大善知識、父母、師長、僧伽等，我們都應該心存恭敬，對佛教徒而言，就是信仰佛、法、僧三寶。,https://books.masterhsingyun.org/ArticleDetail/artcle14020
rel_d280afe1f8d2,ent_8c2e06b1a094,三無差別,DoctrineTerm,concept_equivalent_to,概念等同或同义,ent_fd85beeca7fa,平等,DoctrineTerm,symmetric,core_usable,stable_entity_graph,true,1,1,1,1,1,single_article,正因為他已經了達「心、佛、眾生，三無差別」的平等道理，再也沒有人我、淨穢、男女的妄別，因此能超然不染。,https://books.masterhsingyun.org/ArticleDetail/artcle11681
rel_576020e1d918,ent_8c2e06b1a094,三無差別,DoctrineTerm,concept_has_quality,概念具有属性,ent_07bfbb5e8102,同體平等精神,DoctrineTerm,directed,core_usable,stable_entity_graph,true,1,1,1,1,1,single_article,佛陀初成道時，在菩提樹下也說：「大地眾生皆有如來智慧德相。」⟂S⟂這正說明，「心、佛、眾生三無差別」的同體平等精神。,https://books.masterhsingyun.org/ArticleDetail/artcle9304
rel_8ab0417335d3,ent_8c2e06b1a094,三無差別,DoctrineTerm,concept_is_foundation_of,概念构成另一概念或实践的基础,ent_8e5bc1f388e3,一念三千,Concept,directed,core_usable,stable_entity_graph,true,1,1,1,1,1,single_article,一念亦稱一心，指心念活動的最短時刻；⟂S⟂三千表示世間與出世間一切善惡、性相等人、物差別的總和。⟂S⟂一念三千是於凡夫當下一念之中，具足三千世間的諸法性相。⟂S⟂蓋天台宗思想，不論三性的有漏無漏，而謂介爾一心即具三千世間的迷悟諸法而無欠缺。⟂S⟂《摩訶止觀》卷五上：「夫一心具十法界，一法界又具十法界、百法界；⟂S⟂一界具三十種世間，百法界即具三千種世間。⟂S⟂此三千在一念心，若無心而已，介爾有心，即具三千，亦不言一心在前，一切法在後，亦不言一切法在前，一心在後。」⟂S⟂考諸吾人於日夜所起的一念心，必屬十法界中的某一法界，如與殺生等瞋恚相應，是地獄界；⟂S⟂若與貪欲相應，是餓鬼界；⟂S⟂若與人倫道德律相應，是人間界；⟂S⟂若與真如法界相應，是佛界。⟂S⟂是故一念與某界相應，此心即在某界，而且此眾生之一念心並非與一切諸法之間有所隔歷，而是互具互融。⟂S⟂因其非孤立，故在一界必具十界。⟂S⟂同時，於此十界又各具十界，而成百界。⟂S⟂此百界復具足十如是（如是相、如是性、如是體、如是力、如是作、如是因、如是緣、如是果、如是報、如是本末究竟等），即成千如，再配以五陰、眾生、國土三世間，即此三千世間具足於一念之中。⟂S⟂一念三千的教義是根據《六十華嚴‧夜摩天宮自在品》的「心佛眾生，三無差別」而來。⟂S⟂初學者根機淺，不宜作高層次的觀法，須由自心觀起，以具體事物為所觀對象，故天台宗立一心三觀之法以為初學入門之機。,https://books.masterhsingyun.org/ArticleDetail/artcle4145
rel_ee7bfc7302fd,ent_8c2e06b1a094,三無差別,DoctrineTerm,concept_is_foundation_of,概念构成另一概念或实践的基础,ent_b2fed7536a6c,人間佛教思想,Concept,directed,core_usable,stable_entity_graph,true,1,1,1,1,1,single_article,人間佛教理念來自於佛光山對佛陀一脈相承教法的深刻體證。⟂S⟂星雲大師非常注重從藏經佛典裡披尋人間佛教的經典依據，在《佛教叢書（十）人間佛教》中，收錄有經論及祖師大德法語近百則，為人間佛教的傳承提供經證。⟂S⟂從《華嚴經》和「心、佛、眾生，三無差別」的生佛不二思想和「但願眾生得離苦，不為自己求安樂」的菩薩行，追溯人間佛教思想的基礎；⟂S⟂以《維摩詰經》「心淨國土淨」的思想為據，建構出人間佛教的生活藍圖。⟂S⟂此外，還廣泛拈舉《阿含經》、《大寶積經》、《善生經》、《佛遺教經》、《佛說孛經抄》、《優婆塞戒經》等諸經，作為人間佛教的實踐依據。,https://books.masterhsingyun.org/ArticleDetail/artcle17788
rel_3b9223935c70,ent_8c2e06b1a094,三無差別,DoctrineTerm,doctrinal_entails,义理论证推出,ent_fd85beeca7fa,平等,DoctrineTerm,directed,core_usable,stable_entity_graph,true,1,1,1,1,1,single_article,其實，心、佛、眾生三無差別，一切凡夫都具有如來智慧，凡夫與佛，本來平等，所以從這個面向來說，凡夫並非凡夫；⟂S⟂但是因為其一時沉淪不覺，隨逐妄緣，未能了悟生死，所以假名之為凡夫。」,https://books.masterhsingyun.org/ArticleDetail/artcle918
rel_93096e32912d,ent_a9c3d4e6d173,三法印,DoctrineTerm,concept_defined_as,概念定义为,ent_5d4dc6a775ae,空,DoctrineTerm,directed,core_usable,stable_entity_graph,true,1,0,0,0,1,single_article,其實，又何必讓時光倒流，過去的現在的都有佛陀的精神，例如原始佛教的三法印就是大乘的空，四聖諦就是四弘誓願。,https://books.masterhsingyun.org/ArticleDetail/artcle7858
rel_d37e06e6ae97,ent_a9c3d4e6d173,三法印,DoctrineTerm,concept_has_subconcept,概念包含下位概念,ent_058b5793fa49,諸法無我,DoctrineTerm,directed,core_usable,stable_entity_graph,true,3,0,0,0,1,single_article,所謂三法印就是「諸行無常」、「諸法無我」、「涅槃寂靜」。,https://books.masterhsingyun.org/ArticleDetail/artcle5060
rel_aeb5607a90f4,ent_a9c3d4e6d173,三法印,DoctrineTerm,concept_has_subconcept,概念包含下位概念,ent_8b063c82904b,諸行無常,DoctrineTerm,directed,core_usable,stable_entity_graph,true,5,1,1,1,3,single_article,所謂三法印就是「諸行無常」、「諸法無我」、「涅槃寂靜」。,https://books.masterhsingyun.org/ArticleDetail/artcle5060
rel_72cded074eeb,ent_a9c3d4e6d173,三法印,DoctrineTerm,concept_has_subconcept,概念包含下位概念,ent_fa4dbf0b45f6,涅槃寂靜,DoctrineTerm,directed,core_usable,stable_entity_graph,true,3,0,0,0,1,single_article,所謂三法印就是「諸行無常」、「諸法無我」、「涅槃寂靜」。,https://books.masterhsingyun.org/ArticleDetail/artcle5060
rel_560ef3e9ec65,ent_7fc265430a46,三聚淨戒,DoctrineTerm,concept_equivalent_to,概念等同或同义,ent_b6a37c43e816,菩薩戒,Concept,symmetric,core_usable,stable_entity_graph,true,1,1,1,1,1,single_article,三壇傳戒儀式，一般多就佛殿舉行，若新戒多，於丹墀中舉行亦可。⟂S⟂正中敷一高座，供奉本師釋迦牟尼佛位，左上高座供奉尊證師十方諸佛、羯磨師文殊菩薩、教授師彌勒菩薩及十方諸菩薩位。⟂S⟂右上高座候所請菩薩戒法師。⟂S⟂受戒時鳴鐘集新戒於佛殿，請師入壇儀式與二壇大致相同。⟂S⟂一般於受菩薩戒之前，和尚為已受比丘、比丘尼戒者開示後，即為每人燃香於頂，或三炷，或九炷，或十二炷，稱為燒香疤。⟂S⟂其後，菩薩戒師為眾開導三聚淨戒（即菩薩戒法）：攝律儀戒、攝善法戒、饒益有情戒。⟂S⟂次起座拈香，二阿闍黎同音作梵。⟂S⟂之後，受戒者奉請釋迦如來為得戒和尚，文殊師利菩薩為羯磨阿闍黎，彌勒菩薩為教授阿闍黎，十方一切如來為尊證。⟂S⟂繼之教大眾懺悔三世罪業及發十四大願。⟂S⟂最後依《梵網經》宣說菩薩十重四十八輕戒相（若授在家菩薩，則為六重二十八輕），授受問答之方式與授比丘戒略同。⟂S⟂儀式後，戒師作禮下座，新戒歸堂，三壇結束。⟂S⟂戒期完畢，由傳戒寺院發給戒牒及同戒錄。,https://books.masterhsingyun.org/ArticleDetail/artcle786
rel_458697460ecc,ent_7fc265430a46,三聚淨戒,DoctrineTerm,concept_has_subconcept,概念包含下位概念,ent_4799c54a7635,攝善法戒,DoctrineTerm,directed,core_usable,stable_entity_graph,true,3,2,2,2,3,multi_article,三聚淨戒包括了攝律儀戒、攝善法戒、饒益有情戒，其中饒益有情戒是屬大乘菩薩戒，所以佛陀在因地時為救五百個商人曾殺一個盜匪，這種為慈悲救人而殺，為饒益有情眾生而殺，不是為嗔而殺，好殺而殺，不是一念之仁，片面之仁所能比擬的。,https://books.masterhsingyun.org/ArticleDetail/artcle7406
rel_a9cb3bd85b9f,ent_7fc265430a46,三聚淨戒,DoctrineTerm,concept_has_subconcept,概念包含下位概念,ent_02b251ee97af,攝律儀戒,DoctrineTerm,directed,core_usable,stable_entity_graph,true,3,2,2,2,3,multi_article,三聚淨戒包括了攝律儀戒、攝善法戒、饒益有情戒，其中饒益有情戒是屬大乘菩薩戒，所以佛陀在因地時為救五百個商人曾殺一個盜匪，這種為慈悲救人而殺，為饒益有情眾生而殺，不是為嗔而殺，好殺而殺，不是一念之仁，片面之仁所能比擬的。,https://books.masterhsingyun.org/ArticleDetail/artcle7406
rel_bedac0fd4d20,ent_7fc265430a46,三聚淨戒,DoctrineTerm,concept_has_subconcept,概念包含下位概念,ent_4cbb79674ae0,饒益有情戒,DoctrineTerm,directed,core_usable,stable_entity_graph,true,3,2,2,2,3,multi_article,三聚淨戒包括了攝律儀戒、攝善法戒、饒益有情戒，其中饒益有情戒是屬大乘菩薩戒，所以佛陀在因地時為救五百個商人曾殺一個盜匪，這種為慈悲救人而殺，為饒益有情眾生而殺，不是為嗔而殺，好殺而殺，不是一念之仁，片面之仁所能比擬的。,https://books.masterhsingyun.org/ArticleDetail/artcle7406
rel_995642db337e,ent_048bb691ceed,三論宗,SchoolTradition,doctrine_based_on_classic,教义依据经典,ent_f488e42f9741,般若經,Classic,directed,core_usable,stable_entity_graph,true,1,0,0,0,1,single_article,據此，三論宗所依據的《般若經》等應屬枝末法輪，不過，依吉藏大師的本意，佛陀於三時皆講大乘，《般若經》屬大乘，所以仍屬根本法輪。,https://books.masterhsingyun.org/ArticleDetail/artcle6837
rel_1e1472b1c5d0,ent_048bb691ceed,三論宗,SchoolTradition,school_has_founder_or_ancestor,宗派具有创始人或祖师,ent_886c87bcb507,鳩摩羅什,BuddhistFigure,directed,core_usable,stable_entity_graph,true,1,0,0,0,1,single_article,這三部論典都是鳩摩羅什大師所翻譯，因此中國的三論宗，應以鳩摩羅什大師為初祖。,https://books.masterhsingyun.org/ArticleDetail/artcle3702
rel_b4b7c1443822,ent_048bb691ceed,三論宗,SchoolTradition,school_has_founder_or_ancestor,宗派具有创始人或祖师,ent_c4159a3aa726,吉藏,BuddhistFigure,directed,core_usable,stable_entity_graph,true,1,0,0,0,1,single_article,成實學派在梁代一度被稱為「南地成論大乘」，直到隋代吉藏創立三論宗，將《成實論》判為小乘教義，成實派才漸趨衰微。,https://books.masterhsingyun.org/ArticleDetail/artcle8385
rel_5ddfc17bf766,ent_048bb691ceed,三論宗,SchoolTradition,school_teaches_doctrine,宗派主张教义,ent_33d39f9d99a7,中道實相,DoctrineTerm,directed,core_usable,stable_entity_graph,true,1,1,1,1,1,single_article,至於日本、朝鮮，由吉藏的弟子慧灌等的弘傳，有相當的發展，尤其在日本奈良時期盛行一時（以後漸次合併於其他各宗派，直至現代），當時專屬寺院有元興寺、大安寺、西大寺、法隆寺等。⟂S⟂在這之前，聖德太子禮請高麗僧惠慈為師，因惠慈為三論學者，太子亦學三論。⟂S⟂三論宗的教義，主要是以破邪顯正，並以八不中道的中道實相來彰顯真理。⟂S⟂三論的「空」，並不是否定現象界的一切假有而說空，而是在萬法常體上，觀察其無自性的空。⟂S⟂諸法因為緣起而有，所以空無自性，是暫時的幻起幻滅。⟂S⟂換句話說，諸法實相，不生不滅。⟂S⟂從暫時存在的現象界則說「緣起」，從本無自性的實相界而說「性空」，因為緣起，才能顯示性空；⟂S⟂因為性空，所以能夠緣起。⟂S⟂也就是說，因為空才能有。⟂S⟂所謂「以有空義故，一切法得成」，空是成就一切萬有的要因。,https://books.masterhsingyun.org/ArticleDetail/artcle16107
rel_91a2cfc1d1c2,ent_048bb691ceed,三論宗,SchoolTradition,school_teaches_doctrine,宗派主张教义,ent_31ede98f0b62,破邪顯正,Concept,directed,core_usable,stable_entity_graph,true,1,1,1,1,1,single_article,至於日本、朝鮮，由吉藏的弟子慧灌等的弘傳，有相當的發展，尤其在日本奈良時期盛行一時（以後漸次合併於其他各宗派，直至現代），當時專屬寺院有元興寺、大安寺、西大寺、法隆寺等。⟂S⟂在這之前，聖德太子禮請高麗僧惠慈為師，因惠慈為三論學者，太子亦學三論。⟂S⟂三論宗的教義，主要是以破邪顯正，並以八不中道的中道實相來彰顯真理。⟂S⟂三論的「空」，並不是否定現象界的一切假有而說空，而是在萬法常體上，觀察其無自性的空。⟂S⟂諸法因為緣起而有，所以空無自性，是暫時的幻起幻滅。⟂S⟂換句話說，諸法實相，不生不滅。⟂S⟂從暫時存在的現象界則說「緣起」，從本無自性的實相界而說「性空」，因為緣起，才能顯示性空；⟂S⟂因為性空，所以能夠緣起。⟂S⟂也就是說，因為空才能有。⟂S⟂所謂「以有空義故，一切法得成」，空是成就一切萬有的要因。,https://books.masterhsingyun.org/ArticleDetail/artcle16107
rel_10df89af770b,ent_5e8be0fc9ace,三身,DoctrineTerm,concept_defined_as,概念定义为,ent_cdbbba35d618,應化身,DoctrineTerm,directed,core_usable,stable_entity_graph,true,1,0,0,0,1,single_article,三身就是：法身、報身、應化身。,https://books.masterhsingyun.org/ArticleDetail/artcle151
rel_d774e8912b45,ent_c1338f6309df,三階教,SchoolTradition,school_has_founder_or_ancestor,宗派具有创始人或祖师,ent_3fc1b1eea73c,信行法師,BuddhistFigure,directed,core_usable,stable_entity_graph,true,1,0,0,0,1,single_article,信行法師創立「三階教」的信念，是秉持「修道立行，宜以濟度為先；,https://books.masterhsingyun.org/ArticleDetail/artcle17985
rel_77460eedbf1e,ent_f85050e2baaf,上求菩提,DoctrineTerm,concept_complementary_with,概念在语境中相互助成,ent_ea32ae728d22,下化眾生,DoctrineTerm,symmetric,core_usable,stable_entity_graph,true,1,1,1,1,1,single_article,大乘佛教的發展，菩薩精神的樹立，不再只是尋求自我的覺悟和解脫，而是更期望幫助他人、眾生都得以覺悟和解脫，即所謂「自覺覺他」、「自度度他」，乃至於「捨己利他」。⟂S⟂因此，學佛之人不能只顧自己離世「上求菩提」，而應當積極入世去「下化眾生」。,https://books.masterhsingyun.org/ArticleDetail/artcle17519
rel_cabb1d9b63c8,ent_a24f729ae6fd,不變隨緣,DoctrineTerm,concept_complementary_with,概念在语境中相互助成,ent_3e388eaf9498,隨緣不變,Concept,symmetric,core_usable,stable_entity_graph,true,1,1,1,1,1,single_article,佛教在小乘「三法印」，大乘「一法印」（不可變者）的原則下，依據「四依法」─依法不依人、依義不依語、依了義不依不了義、依智不依識。⟂S⟂「隨緣不變，不變隨緣」，在變中有不變，不變中有變，創造了各自的宗派，而發揚光大。⟂S⟂就如：印度洋水（印度佛教）、太平洋水（漢系佛教），同樣是水（實相），本質無有不同。⟂S⟂中國佛教「五乘佛法」的觀念，乃又結合了儒、道與佛的思想，將世間法與出世間法作了巧妙的連接，而所謂「人成則佛成」，就建立在此非常穩固且有次第的基石上，使得大乘菩薩道的精神，落實在文化傳統上發揚而光輝之。⟂S⟂此一脈相承的思想─是即中華文化的精髓所在。⟂S⟂根據以往的經驗，漢傳佛教的復興，仍要立足在「以因為創」的基礎上─「隨緣不變，不變隨緣」，始能繼續發揚光大。,https://books.masterhsingyun.org/ArticleDetail/artcle17815
rel_87c37cf0c2f1,ent_18b89b1be56e,不可思議解脫經,Classic,classic_interpreted_as_doctrine,经典被阐释为教义或主张,ent_c1901fb73311,在家,PracticeActivity,directed,core_usable,stable_entity_graph,true,1,0,0,0,1,single_article,又本經旨在闡說維摩詰所證不可思議解脫法門，故又稱《不可思議解脫經》。 ⟂P⟂ 本經是基於般若空的思想，以闡揚大乘菩薩的實踐道，說明在家信徒應行的宗教德目。,https://books.masterhsingyun.org/ArticleDetail/artcle2486
rel_40af2a190a00,ent_96ef6af74ecb,不生不滅,DoctrineTerm,concept_defined_as,概念定义为,ent_b265c0f135b0,涅槃,DoctrineTerm,directed,core_usable,stable_entity_graph,true,1,1,1,1,1,single_article,八、佛陀住於涅槃：宇宙間的大覺者，修鍊到生命圓滿時，所謂「不生不死」、「不生不滅」，那就是一個「涅槃」的境界。⟂S⟂諸佛菩薩，他們現在多住於涅槃之中，超越大化之外，不受時空、生死對待的限制，比天地更永久，比日月更恆長。,https://books.masterhsingyun.org/ArticleDetail/artcle4922
rel_9f32f33b31e6,ent_96ef6af74ecb,不生不滅,DoctrineTerm,concept_equivalent_to,概念等同或同义,ent_b265c0f135b0,涅槃,DoctrineTerm,symmetric,core_usable,stable_entity_graph,true,1,1,1,1,1,single_article,其實，六祖大師的境界到底還是高人一等。⟂S⟂本來，所有佛法都是為了對治眾生的毛病而敷設，無論常、無常，都是對待法，可以說「常即無常，無常即常」。⟂S⟂當然，在佛法的根本上講，「諸行無常，是生滅法，生滅滅已，寂滅為樂」。⟂S⟂一切有為法都是無常的；⟂S⟂無常，就是生滅。⟂S⟂所以，我們學道的主要目的，就是要從無常的世間超越出來，尋求一個不生不滅的涅槃世界，那就是「生滅滅已」，就是不生不滅，就是涅槃的世界。,https://books.masterhsingyun.org/ArticleDetail/artcle158
rel_79fef805c218,ent_96ef6af74ecb,不生不滅,DoctrineTerm,concept_equivalent_to,概念等同或同义,ent_45417ad461e2,生滅滅已,Concept,symmetric,core_usable,stable_entity_graph,true,1,1,1,1,1,single_article,其實，六祖大師的境界到底還是高人一等。⟂S⟂本來，所有佛法都是為了對治眾生的毛病而敷設，無論常、無常，都是對待法，可以說「常即無常，無常即常」。⟂S⟂當然，在佛法的根本上講，「諸行無常，是生滅法，生滅滅已，寂滅為樂」。⟂S⟂一切有為法都是無常的；⟂S⟂無常，就是生滅。⟂S⟂所以，我們學道的主要目的，就是要從無常的世間超越出來，尋求一個不生不滅的涅槃世界，那就是「生滅滅已」，就是不生不滅，就是涅槃的世界。,https://books.masterhsingyun.org/ArticleDetail/artcle158
rel_37b491634844,ent_53b12987dab9,不請之友,Concept,concept_defined_as,概念定义为,ent_7f440e9c5bcf,菩薩道,DoctrineTerm,directed,core_usable,stable_entity_graph,true,1,1,1,1,1,single_article,這一次第十八屆世界佛教徒友誼會大會的主題是「互助、融和、發展」，佛光山的大家在思想精神上樂意互助、融和、發展嗎？⟂S⟂在弘法利生的作務上喜歡互助、融和、發展嗎？⟂S⟂在知識技能上願意互助、融和、發展嗎？⟂S⟂在人我關係前途上肯得互助、融和、發展嗎？⟂S⟂古德說：「人身難得今已得，佛法難聞今已聞；⟂S⟂此身不向今生度，更向何生度此身？」⟂S⟂如此珍貴的生命，我們怎能不主動積極為國家、為社會、為佛教、為大眾而有一番作為呢？⟂S⟂我們凡事要養成一種主動向前的性格。⟂S⟂在山上看到信徒了，要主動向前去接待、去招呼；⟂S⟂一項活動在進行，要主動向前去了解、去協助；⟂S⟂一個人有困難了，要主動向前去幫忙、去分擔；⟂S⟂要主動向前去關心社會所發生的事、佛教現況與未來的發展。⟂S⟂總說一句，善意的「雞婆」，總比一生繳白卷來得好。⟂S⟂況且主動向前，本來就是學佛的人應該具備的德性，所謂「不請之友」是菩薩道啊！,https://books.masterhsingyun.org/ArticleDetail/artcle22938
rel_9ae303c46474,ent_e1c64dd1765e,世親,BuddhistFigure,person_authors_work,人物创作或撰写作品,ent_da74e6faf91e,俱舍論,Classic,directed,core_usable,stable_entity_graph,true,1,1,1,1,1,single_article,西元四、五世紀間，世親菩薩感於當時有部教學在《大毗婆沙論》出現後，變得極為繁瑣，乃參酌經量部學說造《俱舍論》，批判有部傳統教義，為當時印度佛教界帶來震撼，因而研究風氣極盛。,https://books.masterhsingyun.org/ArticleDetail/artcle8758
rel_989f2914933f,ent_0200e9f80c43,世間,PlaceRealm,concept_named_as,概念命名为,ent_0c9855881300,閻浮提,Concept,directed,core_usable,stable_entity_graph,true,1,0,0,0,1,single_article,依據佛經的說法，我們所生存的世間叫做「閻浮提」，又稱為「南瞻部洲」，與東勝神洲、北拘盧洲、西牛賀洲，合稱為「四洲」，共同圍繞著「須彌山」。,https://books.masterhsingyun.org/ArticleDetail/artcle6955
rel_f1d6184b6eb8,ent_0200e9f80c43,世間,PlaceRealm,concept_reconciled_with,概念在语境中被说明为可调和,ent_9b939a00b1f2,出世間,Concept,symmetric,core_usable,stable_entity_graph,true,1,1,1,1,1,single_article,其實，從佛陀的本懷來看，佛教是在世間而改造世道人心的，中觀學派的觀點，則主張世間與出世間的不二法門，六祖惠能則更提出「佛法在世間，不離世間覺，離世求菩提，恰如覓兔角」之論，人間佛教的研究者和實踐者們公認惠能的觀點是人間佛教的重要思想來源，人間佛教的「入世」品格，可以理解為即入而出，不離世間而求出世間。,https://books.masterhsingyun.org/ArticleDetail/artcle17780
rel_4c0448e30a5d,ent_1244a0f49239,世間法,DoctrineTerm,concept_defined_as,概念定义为,ent_fb92e0f5af32,輪迴,DoctrineTerm,directed,core_usable,stable_entity_graph,true,1,0,0,0,1,single_article,了解無常的世間，『生也未曾生，死也未曾死』，世間法就是輪迴，所以最後跳出輪迴，臻至不生不滅。」,https://books.masterhsingyun.org/ArticleDetail/artcle17570
rel_626633e28460,ent_1244a0f49239,世間法,DoctrineTerm,concept_equivalent_to,概念等同或同义,ent_edb83f453adc,入世,Concept,symmetric,core_usable,stable_entity_graph,true,2,1,1,1,2,single_article,佛法分世間法和出世間法，也就是入世和出世，「佛法在世間，不離世間覺，離世求菩提，猶如覓兔角」、「仰止唯佛陀，完成在人格，人成即佛成，是名真現實」，都在說明世間人道未成，怎能完成出世佛道？,https://books.masterhsingyun.org/ArticleDetail/artcle8179
rel_f098fc3a1e62,ent_1244a0f49239,世間法,DoctrineTerm,concept_false_opposition_rejected,反对将两个概念截然对立,ent_931d353cbc62,出世間法,DoctrineTerm,symmetric,core_usable,stable_entity_graph,true,1,1,1,1,1,single_article,大師指出佛法是真俗不二的法門，有世間法、出世間法，即俗諦與真諦。⟂S⟂但有些人卻認為佛教只尊重出世間法，鄙視世間法。⟂S⟂六祖惠能說：「佛法在世間，不離世間覺，離世求菩提，猶如覓兔角。」⟂S⟂世間人道未成，怎能完成出世的佛道？⟂S⟂太虛大師說：「仰止唯佛陀，完成在人格，人成即佛成，是名真現實。」⟂S⟂當今佛教衰微的原因，就是過分地忽略了世間資生的問題，急於求證出世的解脫，致使世人詬病我佛教為消極、厭世。⟂S⟂不知大乘佛教的精神，雖然要有出世的思想，但也要先作入世的事業。⟂S⟂這種佛教思想上的偏差，導致了隋唐之後佛教的日趨衰落。⟂S⟂在這一點上，大師覺得有必要向基督教學習，基督教雖有天國的思想，但對人間的事業非常熱心，創辦學校、醫院，賺了大家的錢，大家還說他們好。⟂S⟂佛教提到世間，就認為娑婆似苦海，三界如火宅，把人間形容得像牢獄一般可怕，但誰又不在三界娑婆的人間討生活呢？⟂S⟂「所以，我們佛光人要肯定復興佛教的不二法門，必然是先有入世的事業，然後再求出世的依歸。」⟂S⟂,https://books.masterhsingyun.org/ArticleDetail/artcle17776
rel_034e517731d6,ent_1244a0f49239,世間法,DoctrineTerm,concept_in_tension_with,概念之间存在义理张力,ent_931d353cbc62,出世間法,DoctrineTerm,symmetric,core_usable,stable_entity_graph,true,4,4,4,2,4,multi_article,因此，在世間法裡，身體、感情、金錢隨時都會變化，都在生滅流轉；⟂S⟂但是在出世間法裡，吾人的真如本性則是不變不易的，所以唯有覺性、涅槃、真如、法身，才是不易的真理。,https://books.masterhsingyun.org/ArticleDetail/artcle4974
rel_5d16bc187001,ent_1244a0f49239,世間法,DoctrineTerm,concept_named_as,概念命名为,ent_3f3422049233,有為,DoctrineTerm,directed,core_usable,stable_entity_graph,true,1,1,1,1,1,single_article,「欲入無為海，須乘般若船」，佛教稱世間法為「有為法」，出世間法為「無為法」，要想進入無為法的大海，必須搭乘般若智慧的船。,https://books.masterhsingyun.org/ArticleDetail/artcle13456
rel_aac093468a67,ent_1244a0f49239,世間法,DoctrineTerm,concept_reconciled_with,概念在语境中被说明为可调和,ent_931d353cbc62,出世間法,DoctrineTerm,symmetric,core_usable,stable_entity_graph,true,1,1,1,1,1,single_article,大師將佛法智慧融入現代經濟與社會理論，創新提出現代版的「佛教經濟學」，平衡世間法與出世間法的需求，他的思想「既在紅塵浪裡，又在孤峰頂上」，充分體現大乘菩薩道圓融出世與入世的精神。,https://books.masterhsingyun.org/ArticleDetail/artcle24093
rel_9ad4edc5f318,ent_1244a0f49239,世間法,DoctrineTerm,doctrinal_entails,义理论证推出,ent_c8db40f7532f,正法,DoctrineTerm,directed,core_usable,stable_entity_graph,true,1,1,1,1,1,single_article,這四大宗旨如《現觀莊嚴論》提到：「諸欲饒益眾生者，道智令成世間利。」⟂S⟂《入行論》也說：「佛子不需學，畢竟皆無有，善學若如是，福德焉不至？⟂S⟂直接或間接，所行唯利他。」⟂S⟂眾生需要什麼，自己就得去學什麼，去做什麼，唯有這樣隨順有情的條件與根器，才可能成為眾生的導航，有情的津梁。⟂S⟂若一味地要求：你不能這樣做，你得這樣做……是無法真實利益眾生的。⟂S⟂而菩薩就是有特別善巧的做法，去利益有情。⟂S⟂如同聖天菩薩在《四百論》中說：「世間諸規律，隨彼行名法，是故較於法，世間力尤強。」⟂S⟂任何世間的規律，正法都會隨順；⟂S⟂所以雖然是內道佛弟子，也要看到世間法是具力的，能從眾生相應的世間法一直引導到正法，這之間自然會形成一條落英繽紛的坦途。,https://books.masterhsingyun.org/ArticleDetail/artcle15892
rel_3120192f1201,ent_df5f0e541e60,叢林,Institution,institution_has_facility,机构具有场所设施,ent_27cbc906ccf8,禪堂,PlaceRealm,directed,core_usable,stable_entity_graph,true,1,1,1,1,1,single_article,大陸的寺院分成好多種，一種是「十方叢林」，它必須具備五堂功課、鐘鼓齊全，兩序大眾、四大堂口、四十八單職事，禪堂、念佛堂、寫經堂、藏經樓，甚至還有佛學院供人讀書、研究、學習，這就是上等叢林。,https://books.masterhsingyun.org/ArticleDetail/artcle10817
rel_93ba2f81ff91,ent_df5f0e541e60,叢林,Institution,institution_hosts_activity,机构举办活动,ent_2d036e6a1440,供佛,PracticeActivity,directed,core_usable,stable_entity_graph,true,1,0,0,0,1,single_article,大陸的叢林都會舉辦供佛齋天，其中有「大齋天」、「小齋天」；,https://books.masterhsingyun.org/ArticleDetail/artcle2396
rel_eba96b8ae39d,ent_df5f0e541e60,叢林,Institution,institution_serves_group,机构服务或利益群体,ent_ad803c7745ff,比丘,RoleTitle,directed,core_usable,stable_entity_graph,true,1,0,0,0,1,single_article,答：大部分的叢林只提供給比丘掛單，女眾叢林才提供給比丘尼掛單。,https://books.masterhsingyun.org/ArticleDetail/artcle2207
rel_7da85b8e8a4d,ent_03f94bb3374b,中道觀,DoctrineTerm,concept_defined_as,概念定义为,ent_259eb7544339,真俗不二,Concept,directed,core_usable,stable_entity_graph,true,1,1,1,1,1,single_article,故知，大師的中道觀是從「般若實相」出發，既能不偏於唯心，亦不偏於唯色，是「色心並舉」、即真即俗的「真俗不二」觀。⟂S⟂因此，對於過去常有人質疑人間佛教多是事業與活動的世俗法；,https://books.masterhsingyun.org/ArticleDetail/artcle24161
rel_23d162746bb0,ent_c891e9a4c73a,中阿含經,Classic,classic_records_person,经典记载人物,ent_62cf8ccca072,佛陀,BuddhistFigure,directed,core_usable,stable_entity_graph,true,1,0,0,0,1,single_article,佛陀在《中阿含經》說了一則《一夜賢者經》，可做為我們的指引：,https://books.masterhsingyun.org/ArticleDetail/artcle272
rel_4283c5181e2c,ent_9376ef468dea,臨濟宗,SchoolTradition,returns_to_origin_or_continues_spirit,回归源头或延续精神,ent_62cf8ccca072,佛陀,BuddhistFigure,directed,core_usable,stable_entity_graph,true,1,1,1,1,1,single_article,所以，希望我們臨濟宗的子孫，在佛門裡要保持過去光榮的歷史，我們為了佛陀靈山會上一脈相承，到臨濟祖師「臨濟兒孫滿天下」的榮譽，我們再接再厲，光大門風，為臨濟兒孫爭取更多對佛法的貢獻。,https://books.masterhsingyun.org/ArticleDetail/artcle10917
rel_2dcdf8c8340a,ent_b9cda30eab9c,了義經,Classic,classic_states_or_mentions_doctrine,经典陈述或提及教义,ent_d3f056613b45,唯識,DoctrineTerm,directed,core_usable,stable_entity_graph,true,1,0,0,0,1,single_article,又譯有《相續解脫如來所作隨順處了義經》，一卷，是唐譯本〈如來成所作事品〉第八的別譯。 ⟂P⟂ 此經可說是唯識思想的源流，內容分為八品，除〈序品〉外，餘七品，可依佛說四教來理解本經的真實義趣所在。,https://books.masterhsingyun.org/ArticleDetail/artcle7579
rel_972e7cb51a47,ent_59887c98de06,二種法身,DoctrineTerm,concept_defined_as,概念定义为,ent_17940d8b060e,智法身,DoctrineTerm,directed,core_usable,stable_entity_graph,true,1,0,0,0,1,single_article,二種法身，即是理法身與智法身。,https://books.masterhsingyun.org/ArticleDetail/artcle2169
rel_480238b332ff,ent_2c7b3c954dca,二門,DoctrineTerm,concept_has_subconcept,概念包含下位概念,ent_60e6839f67f5,心生滅門,DoctrineTerm,directed,core_usable,stable_entity_graph,true,1,1,1,1,1,single_article,有時候，我們的心中還有出世間法的道理。⟂S⟂所以《大乘起信論》講「一心開二門」：心生滅門、心真如門；,https://books.masterhsingyun.org/ArticleDetail/artcle4049
rel_d9e5ea74a7ad,ent_2c7b3c954dca,二門,DoctrineTerm,concept_has_subconcept,概念包含下位概念,ent_b440551c51d6,心真如門,DoctrineTerm,directed,core_usable,stable_entity_graph,true,1,1,1,1,1,single_article,有時候，我們的心中還有出世間法的道理。⟂S⟂所以《大乘起信論》講「一心開二門」：心生滅門、心真如門；,https://books.masterhsingyun.org/ArticleDetail/artcle4049
rel_d9ee342fa367,ent_05e9c39da8a4,五戒,DoctrineTerm,concept_defined_as,概念定义为,ent_569e2b39b4fa,五大施,Concept,directed,core_usable,stable_entity_graph,true,1,0,0,0,1,single_article,受持五戒，是以「止惡行善」的戒行，來達到自心的清淨，同時可以帶給社會無形的穩定力量，所以佛陀時常讚歎：「五戒」就是「五大施」。,https://books.masterhsingyun.org/ArticleDetail/artcle24113
rel_401da498fbdf,ent_05e9c39da8a4,五戒,DoctrineTerm,concept_defined_as,概念定义为,ent_a6b94c65c717,人間佛教,Concept,directed,core_usable,stable_entity_graph,true,1,0,0,0,1,single_article,五戒就是人間佛教，乃至大乘法門的四攝、六度、八正道，都是人間佛教。,https://books.masterhsingyun.org/ArticleDetail/artcle19345
rel_1c9fa71a162a,ent_05e9c39da8a4,五戒,DoctrineTerm,concept_defined_as,概念定义为,ent_e148ca0687f4,佛法,DoctrineTerm,directed,core_usable,stable_entity_graph,true,1,0,0,0,1,single_article,你能可以受三皈五戒，三皈五戒就是佛法。,https://books.masterhsingyun.org/ArticleDetail/artcle9331
rel_c5df7c269277,ent_05e9c39da8a4,五戒,DoctrineTerm,concept_defined_as,概念定义为,ent_fd85beeca7fa,平等,DoctrineTerm,directed,core_usable,stable_entity_graph,true,1,0,0,0,1,single_article,三皈五戒就是實行自由平等的最高精神，皈依主要是皈依自己的真如佛性，皈依自己的自性三寶。,https://books.masterhsingyun.org/ArticleDetail/artcle15315
rel_fb8b43ca7375,ent_05e9c39da8a4,五戒,DoctrineTerm,concept_is_foundation_of,概念构成另一概念或实践的基础,ent_c84e07b0932e,成佛,Concept,directed,core_usable,stable_entity_graph,true,1,0,0,0,1,single_article,五戒，是做人的根本，是成佛的基礎。,https://books.masterhsingyun.org/ArticleDetail/artcle15122
rel_802da2d3737c,ent_b1a59001dcec,五燈會元,Classic,classic_states_or_mentions_doctrine,经典陈述或提及教义,ent_5852f78accda,拈花微笑,Concept,directed,core_usable,stable_entity_graph,true,1,1,1,1,1,single_article,這是《五燈會元》裡載錄的一則著名公案─拈花微笑，說明禪宗衣缽傳承，是根源自靈山會上佛陀傳法給摩訶迦葉。⟂S⟂之後歷經各時代的傳承，至二十八祖菩提達摩東來，播下禪的種子，為東土禪宗初祖。⟂S⟂此後五傳至弘忍，其下六祖惠能，南宗巍然卓立，波瀾壯闊，大放異彩，開演為五家七宗，應驗了達摩祖師「一花開五葉，結果自然成」的預言，也奠定了隋唐禪學的黃金時代。,https://books.masterhsingyun.org/ArticleDetail/artcle43
rel_e082acdfe5dd,ent_690b8c155da4,五蘊,DoctrineTerm,concept_has_quality,概念具有属性,ent_c491291ea5a3,無我,DoctrineTerm,directed,core_usable,stable_entity_graph,true,1,1,1,1,1,single_article,他說：對於星雲法師而言，他從來就不曾懷疑過這顆佛牙的真實性，他說信仰的價值不是拿真假來衡量的，如果真的要追究起來，別人也可以質疑北京和斯里蘭卡那兩顆佛牙的真假，所以就這件事而言，他認為「講真假是無智」。⟂S⟂其實，這一切早在他的意料之中，只不過是透過迎佛牙把一些道理解釋清楚而已。⟂S⟂他說，從佛法的究竟道理講起來，佛陀說世間的一切都是假的，「國土危脆，四大苦空，五蘊無我」，色身本來就是假的。,https://books.masterhsingyun.org/ArticleDetail/artcle7202
rel_d71179af748d,ent_e0b734c12d0d,人我,DoctrineTerm,concept_is_foundation_of,概念构成另一概念或实践的基础,ent_3f2cfc0ad314,煩惱,DoctrineTerm,directed,core_usable,stable_entity_graph,true,1,0,0,0,1,single_article,他跟佛陀懺悔說：「我現在知道了，五欲、人我是煩惱的根源，唯有清淨的修道才能解脫、昇華、自在。,https://books.masterhsingyun.org/ArticleDetail/artcle9900
rel_4022a0946649,ent_20b55f8f96b8,人間,PlaceRealm,concept_named_as,概念命名为,ent_1d438a7bb6bb,五趣雜居地,DoctrineTerm,directed,core_usable,stable_entity_graph,true,1,0,0,0,1,single_article,這麼複雜的一個人間，在佛教裡叫做「五趣雜居地」，也就是天、人、地獄、餓鬼、畜生共處的世間。,https://books.masterhsingyun.org/ArticleDetail/artcle16299
rel_23ded6d36b3e,ent_a6b94c65c717,人間佛教,Concept,concept_contextualizes_practice,概念在特定语境中解释实践,ent_0b2e6e9daabf,禪,DoctrineTerm,directed,core_usable,stable_entity_graph,true,1,0,0,0,1,single_article,人間佛教認為，禪就是淨心，就是當下肯定自己，完成自己，所以真正的禪者要能不受權勢、名位、情緒、生死所轉。所謂「人能轉境，不隨境轉」，所以參禪需要有生活的歷練、體驗與智慧。要能「百花叢裡過，片葉不沾身」，也就是「處處無蹤跡，聲色外威儀」；凡事「提得起，放得下」，對於人情世故「來的讓他來，去的讓他去」，一切都「不管他，隨他去」，就如「竹影掃階塵不動，雁過寒潭水無痕」。如此「不隨境轉」之外，繼而「提起忍的力量」，如〈老拙歌〉所說：「有人罵老拙，老拙只說好，有人打老拙，老拙自睡倒。涕唾在面上，隨他自乾了，我也省氣力，他也無煩惱。」如此生活，就是「般若的人生」。,https://books.masterhsingyun.org/ArticleDetail/artcle423
rel_ed82778108fc,ent_a6b94c65c717,人間佛教,Concept,concept_defined_as,概念定义为,ent_b35b69fd5ff9,眾生,DoctrineTerm,directed,core_usable,stable_entity_graph,true,1,0,0,0,1,single_article,什麼是人間佛教？ ⟂S⟂ 就是要提倡為眾生服務。,https://books.masterhsingyun.org/ArticleDetail/artcle16295
rel_c781ab743182,ent_a6b94c65c717,人間佛教,Concept,concept_defined_as,概念定义为,ent_b9466da1d262,佛教,DoctrineTerm,directed,core_usable,stable_entity_graph,true,89,0,0,0,1,single_article,人間佛教不是某一個人的，人間佛教就是佛教。,https://books.masterhsingyun.org/ArticleDetail/artcle73
rel_9398af44ebfe,ent_a6b94c65c717,人間佛教,Concept,concept_defined_as,概念定义为,ent_e148ca0687f4,佛法,DoctrineTerm,directed,core_usable,stable_entity_graph,true,3,0,0,0,1,single_article,大師說：「人間佛教」就是佛法。,https://books.masterhsingyun.org/ArticleDetail/artcle15245
rel_5d4e2e0780ae,ent_a6b94c65c717,人間佛教,Concept,concept_defined_as,概念定义为,ent_c8c9299b5e43,佛說,DoctrineTerm,directed,core_usable,stable_entity_graph,true,1,0,0,0,1,single_article,關於此事高教授本人也說過，「我親自聽過他的答覆：『人間佛教就是佛說的，人要的，淨化的，善美的。,https://books.masterhsingyun.org/ArticleDetail/artcle24707
rel_a0e4202b39a0,ent_a6b94c65c717,人間佛教,Concept,concept_defined_as,概念定义为,ent_3d760ca3cddb,佛陀本懷,Concept,directed,core_usable,stable_entity_graph,true,5,1,1,1,2,single_article,人間佛教就是佛陀本懷，是每一個人生命的淨化、昇華，凡能圓滿涅槃之道的教示，都是人間佛教。,https://books.masterhsingyun.org/ArticleDetail/artcle24162
rel_23686b148acc,ent_a6b94c65c717,人間佛教,Concept,concept_defined_as,概念定义为,ent_dba837a7bf5d,共法,DoctrineTerm,directed,core_usable,stable_entity_graph,true,3,0,0,0,1,single_article,「什麼是人間佛教？」 ⟂S⟂ 也就是說，五乘共法是人間佛教，五戒十善是人間佛教，四無量心是人間佛教，六度四攝是人間佛教，因緣果報是人間佛教，禪淨中道是人間佛教。,https://books.masterhsingyun.org/ArticleDetail/artcle15007
rel_03d047512e22,ent_a6b94c65c717,人間佛教,Concept,concept_defined_as,概念定义为,ent_196bec24579d,發菩提心,PracticeActivity,directed,core_usable,stable_entity_graph,true,1,0,0,0,1,single_article,所以要發心，發慈悲心、發菩提心，人間佛教就是發菩提心，超越人我對待，超越時空限制，超越生死束縛，所謂超脫、解脫、自在。,https://books.masterhsingyun.org/ArticleDetail/artcle10902
rel_43ff3a4cf32b,ent_a6b94c65c717,人間佛教,Concept,concept_defined_as,概念定义为,ent_a7cfd930b34d,圓滿,DoctrineTerm,directed,core_usable,stable_entity_graph,true,1,0,0,0,1,single_article,4.佛教就是圓融：人間佛教即是圓滿，以各種方便達到圓滿境界、以「禪」到達圓滿目標。,https://books.masterhsingyun.org/ArticleDetail/artcle15324
rel_201519ff7492,ent_a6b94c65c717,人間佛教,Concept,concept_defined_as,概念定义为,ent_7b593d6cedd8,教化,PracticeActivity,directed,core_usable,stable_entity_graph,true,6,0,0,0,1,single_article,因此說，人間佛教就是佛陀本有的教化，「人間佛教」追根究柢，它確確實實是溯源自佛陀的教法。,https://books.masterhsingyun.org/ArticleDetail/artcle73
rel_e4bfeb06ca39,ent_a6b94c65c717,人間佛教,Concept,concept_defined_as,概念定义为,ent_2a947d66f56d,教育,Concept,directed,core_usable,stable_entity_graph,true,2,0,0,0,1,single_article,基本上，不要把人間佛教當成是過去六祖大師、太虛大師、印順法師的，也不是我創立的，甚至，不一定說釋迦牟尼佛的教法是人間佛教，人間佛教就是做人的基本教育。,https://books.masterhsingyun.org/ArticleDetail/artcle11053
rel_f6ae10ce1620,ent_a6b94c65c717,人間佛教,Concept,concept_defined_as,概念定义为,ent_8c02f36de671,菩提心,DoctrineTerm,directed,core_usable,stable_entity_graph,true,1,0,0,0,1,single_article,人間佛教就是菩提心，沒有菩提心就不懂得人間佛教；,https://books.masterhsingyun.org/ArticleDetail/artcle18323
rel_7bd0d06ee848,ent_a6b94c65c717,人間佛教,Concept,concept_defined_as,概念定义为,ent_7f440e9c5bcf,菩薩道,DoctrineTerm,directed,core_usable,stable_entity_graph,true,1,0,0,0,1,single_article,你們如果能擁有其中一點，那麼人間佛教就是實用的佛教，人間佛教就是菩薩道，希望大家 發菩提心，向好、向善、向美，圓滿做人處事。,https://books.masterhsingyun.org/ArticleDetail/artcle10991
rel_bec018bdfe68,ent_a6b94c65c717,人間佛教,Concept,concept_defined_as,概念定义为,ent_455e42c81308,一代時教,DoctrineTerm,directed,core_usable,stable_entity_graph,true,1,0,0,0,1,single_article,人間佛教就是佛陀的一代時教，是佛陀為人說法的宗教。,https://books.masterhsingyun.org/ArticleDetail/artcle24173
rel_273039934cc5,ent_a6b94c65c717,人間佛教,Concept,concept_equivalent_to,概念等同或同义,ent_b9466da1d262,佛教,DoctrineTerm,symmetric,core_usable,stable_entity_graph,true,2,1,1,1,2,single_article,佛陀為大眾排憂解難，說法四十九年，談經三百餘會，皆為社會大眾示教利喜。⟂S⟂由此可見，佛教本質上是為人間服務的教化，旨在增加人間的幸福與安樂，彰顯「降誕世間、示教利喜」的本懷，佛陀所說的一切法都是人間佛教，人間佛教也就是佛教的全部」。,https://books.masterhsingyun.org/ArticleDetail/artcle24091
rel_44841f3a55eb,ent_a6b94c65c717,人間佛教,Concept,concept_has_practice_goal,概念以某对象为实践目标,ent_f928e10be115,人間淨土,PlaceRealm,directed,core_usable,stable_entity_graph,true,6,5,5,4,6,multi_article,佛教具有「以悲智雙運為中心提升主體生命」的特徵*9，所以佛教的最終落腳點一定是在終極解脫上，人間佛教亦不例外。人間佛教的實踐目標，就是要實現人間淨土。太虛在〈建設人間淨土論〉*10等論中，詳細闡述了人間淨土思想。脫離人間痛苦有兩種方法，一是離開人間，求生天國或他方淨土，一是就人間現有的環境加以改造，使之美滿、完善，成為人間淨土。建設人間淨土，首先須進行知識上的革命，革去成見，打破錯誤思想，認識到人間淨土是創造出來的。具體建設，可依兩種方法進行，一是世俗的方法，一是佛教的方法，前者是包括實業建設、教育建設、藝術建設在內的各種社會建設，後者是仗三寶之力，行十善之法，教化群眾，改造民風的佛化建設。相比而言，佛教的方法更為根本，更為徹底而有效。世間的各種建設手段，成績畢竟有限，只有佛法才能將宇宙人生貫通為一，從而徹底地轉化世間，實現真正的人間淨土。,https://books.masterhsingyun.org/ArticleDetail/artcle17779
rel_55c9df3515fe,ent_a6b94c65c717,人間佛教,Concept,concept_has_quality,概念具有属性,ent_cf26f7ad8f86,慈悲,DoctrineTerm,directed,core_usable,stable_entity_graph,true,1,0,0,0,1,single_article,人間佛教是正命、是慈悲的。,https://books.masterhsingyun.org/ArticleDetail/artcle10961
rel_ea558eff7513,ent_a6b94c65c717,人間佛教,Concept,concept_has_subconcept,概念包含下位概念,ent_b35b69fd5ff9,眾生,DoctrineTerm,directed,core_usable,stable_entity_graph,true,1,0,0,0,1,single_article,所以我們倡導的「人間佛教」，從生命上講，包含一切眾生；,https://books.masterhsingyun.org/ArticleDetail/artcle15334
rel_d000ce0c5eea,ent_a6b94c65c717,人間佛教,Concept,concept_has_subconcept,概念包含下位概念,ent_08e104b31a59,優婆夷,Concept,directed,core_usable,stable_entity_graph,true,1,0,0,0,1,single_article,我覺得要講人間佛教的推動，您也是做了非常多的貢獻和工作，跟我們一起來推動。 ⟂S⟂ 其實人間佛教的人間性，就表明它不僅僅是出家人在推動，所有的四眾弟子，包括優婆夷、優婆塞，都要一起去推動。,https://books.masterhsingyun.org/ArticleDetail/artcle24728
rel_15dbf1c6592c,ent_a6b94c65c717,人間佛教,Concept,concept_has_subconcept,概念包含下位概念,ent_b9466da1d262,佛教,DoctrineTerm,directed,core_usable,stable_entity_graph,true,2,0,0,0,1,single_article,人間佛教包括所有佛教，大乘小乘是人間佛教，漢傳南傳是人間佛教；,https://books.masterhsingyun.org/ArticleDetail/artcle16239
rel_da3bdee35dc7,ent_a6b94c65c717,人間佛教,Concept,concept_has_subconcept,概念包含下位概念,ent_e148ca0687f4,佛法,DoctrineTerm,directed,core_usable,stable_entity_graph,true,1,0,0,0,1,single_article,人間佛教包括一切佛法以及其在當今社會的實踐。,https://books.masterhsingyun.org/ArticleDetail/artcle17804
rel_ea4e151354c2,ent_a6b94c65c717,人間佛教,Concept,concept_has_subconcept,概念包含下位概念,ent_952a13f4dc9a,四弘誓願,DoctrineTerm,directed,core_usable,stable_entity_graph,true,1,1,1,1,1,single_article,「四無量心」慈悲喜捨，其意義就像佛光山的工作信條──給人信心、給人歡喜、給人希望、給人方便。⟂S⟂甚至四弘誓願也是人間佛教。⟂S⟂小乘講「苦集滅道」，大乘講「四弘誓願」，因為苦，所以「眾生無邊誓願度」；⟂S⟂因為集，所以「煩惱無盡誓願斷」；⟂S⟂因為要修道，所以「法門無量誓願學」；⟂S⟂因為要證果，所以「佛道無上誓願成」。⟂S⟂每個人都有不生不滅的真如佛性，所以古今皆通，大小乘相通。,https://books.masterhsingyun.org/ArticleDetail/artcle10866
rel_945dd6d70733,ent_a6b94c65c717,人間佛教,Concept,concept_has_subconcept,概念包含下位概念,ent_93dede9d7998,大眾化,Concept,directed,core_usable,stable_entity_graph,true,3,0,0,0,1,single_article,人間佛教實際上包含社會化、生活化、現代化、大眾化和人情化，人間佛教的性格是一切普化，兼容並蓄的。,https://books.masterhsingyun.org/ArticleDetail/artcle674
rel_765da6f90077,ent_a6b94c65c717,人間佛教,Concept,concept_has_subconcept,概念包含下位概念,ent_2a947d66f56d,教育,Concept,directed,core_usable,stable_entity_graph,true,1,1,1,1,1,single_article,佛光山四大宗旨：「以文化弘揚佛法，以教育培養人才，以慈善福利社會，以共修淨化人心」。⟂S⟂其中文化、教育更是佛光山推動「人間佛教」理念的重要內涵。,https://books.masterhsingyun.org/ArticleDetail/artcle17795
rel_201f1efe5a62,ent_a6b94c65c717,人間佛教,Concept,concept_has_subconcept,概念包含下位概念,ent_c175f86b8e66,生死,DoctrineTerm,directed,core_usable,stable_entity_graph,true,5,0,0,0,1,single_article,我曾經說過：「人間佛教包括生命、生死、生活；,https://books.masterhsingyun.org/ArticleDetail/artcle9303
rel_7ed302c264f1,ent_a6b94c65c717,人間佛教,Concept,concept_in_tension_with,概念之间存在义理张力,ent_809a27b54503,慈善,Concept,symmetric,core_usable,stable_entity_graph,true,1,1,1,1,1,single_article,由於佛光山長久以來，積極以教育、文化弘揚佛法，不但把佛教推展到世界五大洲，落實人間佛教，尤其對國家社會，乃至對世界和平的促進，均發生全面性的影響與貢獻，此與一般只著重推展慈善事業的團體，形成強烈而明顯的分野，這也是大師不同於一般人的願心所在。,https://books.masterhsingyun.org/ArticleDetail/artcle15686
rel_55d8ae9576d8,ent_a6b94c65c717,人間佛教,Concept,doctrinal_entails,义理论证推出,ent_29f545fdc778,無爭,DoctrineTerm,directed,core_usable,stable_entity_graph,true,1,1,1,1,1,single_article,有出世思想才能做入世事業……人間佛教是人間性、活躍性、生活性，故佛的戒法也是人間的，如四聖諦、五戒、六度、十善……奉行人間佛教，世界自然無爭、祥和、美滿。,https://books.masterhsingyun.org/ArticleDetail/artcle8175
rel_9263b4aa53af,ent_a6b94c65c717,人間佛教,Concept,doctrine_advocates_value,教义倡导价值,ent_e7ba1be4785d,安樂,Concept,directed,core_usable,stable_entity_graph,true,2,2,2,2,2,multi_article,所謂「樹有根，人有本」，台灣佛教與大陸佛教有著密不可分的關係，因此對於人間佛教在大陸的弘傳，我都樂作不請之友。⟂S⟂去年四月，無錫市邀我在無錫人民大會堂講說「認識自己」後，徐州也邀我講述「幸福安樂之道」；⟂S⟂我想，人間佛教提倡幸福安樂，從認識自己開始，就會有前途、有未來。⟂S⟂（《百年佛緣・二○一三年新春告白》）,https://books.masterhsingyun.org/ArticleDetail/artcle15331
rel_6d84151ef9e2,ent_a6b94c65c717,人間佛教,Concept,doctrine_based_on_classic,教义依据经典,ent_50e37a24ea7e,優婆塞戒經,Classic,directed,core_usable,stable_entity_graph,true,1,1,1,1,1,single_article,人間佛教理念來自於佛光山對佛陀一脈相承教法的深刻體證。⟂S⟂星雲大師非常注重從藏經佛典裡披尋人間佛教的經典依據，在《佛教叢書（十）人間佛教》中，收錄有經論及祖師大德法語近百則，為人間佛教的傳承提供經證。⟂S⟂從《華嚴經》和「心、佛、眾生，三無差別」的生佛不二思想和「但願眾生得離苦，不為自己求安樂」的菩薩行，追溯人間佛教思想的基礎；⟂S⟂以《維摩詰經》「心淨國土淨」的思想為據，建構出人間佛教的生活藍圖。⟂S⟂此外，還廣泛拈舉《阿含經》、《大寶積經》、《善生經》、《佛遺教經》、《佛說孛經抄》、《優婆塞戒經》等諸經，作為人間佛教的實踐依據。,https://books.masterhsingyun.org/ArticleDetail/artcle17788
rel_d95fbe1f50c0,ent_a6b94c65c717,人間佛教,Concept,doctrine_based_on_classic,教义依据经典,ent_88d7722cdd9f,佛遺教經,Classic,directed,core_usable,stable_entity_graph,true,1,1,1,1,1,single_article,人間佛教理念來自於佛光山對佛陀一脈相承教法的深刻體證。⟂S⟂星雲大師非常注重從藏經佛典裡披尋人間佛教的經典依據，在《佛教叢書（十）人間佛教》中，收錄有經論及祖師大德法語近百則，為人間佛教的傳承提供經證。⟂S⟂從《華嚴經》和「心、佛、眾生，三無差別」的生佛不二思想和「但願眾生得離苦，不為自己求安樂」的菩薩行，追溯人間佛教思想的基礎；⟂S⟂以《維摩詰經》「心淨國土淨」的思想為據，建構出人間佛教的生活藍圖。⟂S⟂此外，還廣泛拈舉《阿含經》、《大寶積經》、《善生經》、《佛遺教經》、《佛說孛經抄》、《優婆塞戒經》等諸經，作為人間佛教的實踐依據。,https://books.masterhsingyun.org/ArticleDetail/artcle17788
rel_afcd3fb1a7d3,ent_a6b94c65c717,人間佛教,Concept,doctrine_based_on_classic,教义依据经典,ent_145bb0443468,善生經,Classic,directed,core_usable,stable_entity_graph,true,1,1,1,1,1,single_article,人間佛教理念來自於佛光山對佛陀一脈相承教法的深刻體證。⟂S⟂星雲大師非常注重從藏經佛典裡披尋人間佛教的經典依據，在《佛教叢書（十）人間佛教》中，收錄有經論及祖師大德法語近百則，為人間佛教的傳承提供經證。⟂S⟂從《華嚴經》和「心、佛、眾生，三無差別」的生佛不二思想和「但願眾生得離苦，不為自己求安樂」的菩薩行，追溯人間佛教思想的基礎；⟂S⟂以《維摩詰經》「心淨國土淨」的思想為據，建構出人間佛教的生活藍圖。⟂S⟂此外，還廣泛拈舉《阿含經》、《大寶積經》、《善生經》、《佛遺教經》、《佛說孛經抄》、《優婆塞戒經》等諸經，作為人間佛教的實踐依據。,https://books.masterhsingyun.org/ArticleDetail/artcle17788
rel_e00f369e4c51,ent_a6b94c65c717,人間佛教,Concept,doctrine_based_on_classic,教义依据经典,ent_27ec897fd990,大寶積經,Classic,directed,core_usable,stable_entity_graph,true,1,1,1,1,1,single_article,人間佛教理念來自於佛光山對佛陀一脈相承教法的深刻體證。⟂S⟂星雲大師非常注重從藏經佛典裡披尋人間佛教的經典依據，在《佛教叢書（十）人間佛教》中，收錄有經論及祖師大德法語近百則，為人間佛教的傳承提供經證。⟂S⟂從《華嚴經》和「心、佛、眾生，三無差別」的生佛不二思想和「但願眾生得離苦，不為自己求安樂」的菩薩行，追溯人間佛教思想的基礎；⟂S⟂以《維摩詰經》「心淨國土淨」的思想為據，建構出人間佛教的生活藍圖。⟂S⟂此外，還廣泛拈舉《阿含經》、《大寶積經》、《善生經》、《佛遺教經》、《佛說孛經抄》、《優婆塞戒經》等諸經，作為人間佛教的實踐依據。,https://books.masterhsingyun.org/ArticleDetail/artcle17788
rel_63047bfc03f1,ent_a6b94c65c717,人間佛教,Concept,doctrine_based_on_classic,教义依据经典,ent_bdd4ba4add7f,阿含經,Classic,directed,core_usable,stable_entity_graph,true,1,1,1,1,1,single_article,人間佛教理念來自於佛光山對佛陀一脈相承教法的深刻體證。⟂S⟂星雲大師非常注重從藏經佛典裡披尋人間佛教的經典依據，在《佛教叢書（十）人間佛教》中，收錄有經論及祖師大德法語近百則，為人間佛教的傳承提供經證。⟂S⟂從《華嚴經》和「心、佛、眾生，三無差別」的生佛不二思想和「但願眾生得離苦，不為自己求安樂」的菩薩行，追溯人間佛教思想的基礎；⟂S⟂以《維摩詰經》「心淨國土淨」的思想為據，建構出人間佛教的生活藍圖。⟂S⟂此外，還廣泛拈舉《阿含經》、《大寶積經》、《善生經》、《佛遺教經》、《佛說孛經抄》、《優婆塞戒經》等諸經，作為人間佛教的實踐依據。,https://books.masterhsingyun.org/ArticleDetail/artcle17788
rel_57a5ae2972b2,ent_a6b94c65c717,人間佛教,Concept,doctrine_constrained_by,义理受条件或范围限制,ent_b9466da1d262,佛教,DoctrineTerm,directed,core_usable,stable_entity_graph,true,1,1,1,1,1,single_article,「人間佛教」，不能只有「人間」而沒有「佛教」，人間佛教只是強調佛法在世間，不離世間覺。⟂S⟂它一方面必須擔當「人間」使命，另一方面也必須有「出世間」的宗教性和神聖性，才能更好地實現「自覺覺他」、「自度度人」的人間「使命」。⟂S⟂佛教入世擔當「人間使命」，但人間性不應遮蔽其「出世間」的宗教性和神聖性。,https://books.masterhsingyun.org/ArticleDetail/artcle17797
rel_37d2acad89e4,ent_a6b94c65c717,人間佛教,Concept,returns_to_origin_or_continues_spirit,回归源头或延续精神,ent_b9466da1d262,佛教,DoctrineTerm,directed,core_usable,stable_entity_graph,true,1,1,1,1,1,single_article,人間佛教只有說，你在工作中也可以修行、生活中也可以修行、穿衣吃飯都可以修行。⟂S⟂這不是人間佛教所創的，這是佛教的本義就有，行住坐臥都可以修行。,https://books.masterhsingyun.org/ArticleDetail/artcle10962
rel_54af0f6b1d73,ent_a6b94c65c717,人間佛教,Concept,returns_to_origin_or_continues_spirit,回归源头或延续精神,ent_3d760ca3cddb,佛陀本懷,Concept,directed,core_usable,stable_entity_graph,true,9,1,1,1,2,single_article,所以，人間佛教回歸佛陀本懷，希望流傳了二千六百年的佛法，大家能夠共同合作，齊聚一起，歸投在佛陀的懷抱裡，以佛陀為中心，再來創造佛教的輝煌時代，讓全世界千百萬化身的諸佛，都能為真理而共同努力，這就是「體相用」的真義。,https://books.masterhsingyun.org/ArticleDetail/artcle9303
rel_a31a2e735fe2,ent_a6b94c65c717,人間佛教,Concept,returns_to_origin_or_continues_spirit,回归源头或延续精神,ent_932ce5962a37,示教利喜,Concept,directed,core_usable,stable_entity_graph,true,1,1,1,1,1,single_article,其實，說人間佛教不究竟，這等於是在否定佛教，因為如前所說，人間佛教並不是撇開傳統佛教再去另立一個人間佛教，人間佛教只是本諸佛陀「示教利喜」的本懷，把佛陀開示的教法落實在人間，讓普羅大眾在佛法指導下，不但現世過著幸福安樂的生活，繼而能夠超越生死、圓滿生命。,https://books.masterhsingyun.org/ArticleDetail/artcle15646
rel_ae0ceb43855b,ent_a6b94c65c717,人間佛教,Concept,returns_to_origin_or_continues_spirit,回归源头或延续精神,ent_6cacfb08e6df,釋迦牟尼佛,BuddhistFigure,directed,core_usable,stable_entity_graph,true,2,2,2,2,2,multi_article,佛光山現在弘揚人間佛教。⟂S⟂二十年前，一九八九年我到中國訪問，就跟趙樸初居士談到未來的佛教─人間佛教。⟂S⟂人間佛教和共產主義不違背，對國家社會有重大貢獻，很適合這一個時代。⟂S⟂現在中國大陸對宗教有顧忌，我想都是淵源於過去馬克思的一句話：「宗教是鴉片。」⟂S⟂其實，那一句話是對基督教說的。⟂S⟂那時他對佛教不了解，如果了解的話，就不會說這樣的話。⟂S⟂因此，講到「宗教是鴉片」，佛教要除外。⟂S⟂尤其是人間佛教，人間佛教是未來這個世界的一道光明。⟂S⟂我們說的「人間佛教」，不是哪一個現代人發起「我們來弘揚人間佛教」，不是的！⟂S⟂人間佛教是釋迦牟尼佛的。,https://books.masterhsingyun.org/ArticleDetail/artcle16313
rel_d40767889f52,ent_f928e10be115,人間淨土,PlaceRealm,concept_named_as,概念命名为,ent_d609de98dd25,佛光淨土,Concept,directed,core_usable,stable_entity_graph,true,1,1,1,1,1,single_article,這種意義上的人間淨土，在淨土宗信徒看來也許難以滿足信仰需求。⟂S⟂但建設這樣的人間淨土，無疑是無論何乘何宗的佛教徒皆應承擔的義務，是佛教對人間應盡的責任。⟂S⟂星雲大師把他理想中的人間淨土稱為「佛光淨土」，開創佛光淨土，被奉為佛光人的理想。⟂S⟂星雲大師率導徒眾為實現這一目標而努力，為讓佛光淨土首先建成於佛光山，他創辦佛光精舍養老，設立大慈育幼院撫孤育幼，創設佛光診所、雲水醫院、萬壽園（公墓）、功德主會等，讓信眾一生生老病死等問題都可以在佛光山解決，不必等到往生他方才能獲益。⟂S⟂星雲大師本人雖然常念阿彌陀佛，曾有念到愉悅忘我的心得，但「向來不以往生西方作為自己的修行訴求」，而是學習阿彌陀佛的榜樣，願將「淨土極樂人間化」。⟂S⟂為此，他發願來生、甚至生生世世都來人間做和尚，為建設人間淨土奮鬥不已。⟂S⟂這種敢入生死大海的菩薩願力，著實令人欽佩。,https://books.masterhsingyun.org/ArticleDetail/artcle17984
rel_12a39443fc01,ent_f928e10be115,人間淨土,PlaceRealm,doctrine_constrained_by,义理受条件或范围限制,ent_7ed1a52121c4,清淨,DoctrineTerm,directed,core_usable,stable_entity_graph,true,1,1,1,1,1,single_article,人間淨土，必須是清淨、積極、悲智雙運的佛教建設。,https://books.masterhsingyun.org/ArticleDetail/artcle24734
rel_180c1125ecc7,ent_b35b69fd5ff9,眾生,DoctrineTerm,concept_defined_as,概念定义为,ent_86900e4a696c,淨土,DoctrineTerm,directed,core_usable,stable_entity_graph,true,3,0,0,0,1,single_article,其實眾生就是淨土。,https://books.masterhsingyun.org/ArticleDetail/artcle680
rel_a0a1f0ffb0e2,ent_b35b69fd5ff9,眾生,DoctrineTerm,concept_defined_as,概念定义为,ent_31e3835f4e76,見聞覺知,Concept,directed,core_usable,stable_entity_graph,true,1,0,0,0,1,single_article,「知覺乃眾生」，眾生是什麼呢？ ⟂S⟂ 就是見聞覺知、分別意識。,https://books.masterhsingyun.org/ArticleDetail/artcle13387
rel_2c9106e46d79,ent_b8906485472a,眾生心,DoctrineTerm,concept_defined_as,概念定义为,ent_d226ef15b80a,佛心,DoctrineTerm,directed,core_usable,stable_entity_graph,true,4,0,0,0,1,single_article,因為眾生的心源與佛如一，譬如水流歧脈，源頭是一，心性同源，眾生心即是佛心，所以，如來能悉知眾生心性。,https://books.masterhsingyun.org/ArticleDetail/artcle885
rel_be1ab6c288eb,ent_b8906485472a,眾生心,DoctrineTerm,concept_defined_as,概念定义为,ent_2ee46c235dd0,大乘心,DoctrineTerm,directed,core_usable,stable_entity_graph,true,1,0,0,0,1,single_article,在真常唯心系的法界緣起學說裡，說明眾生心就是大乘心，人人有佛性，佛性、真如無階級，如如不動。,https://books.masterhsingyun.org/ArticleDetail/artcle162
rel_b3f3480bbaa9,ent_b8906485472a,眾生心,DoctrineTerm,concept_equivalent_to,概念等同或同义,ent_2ee46c235dd0,大乘心,DoctrineTerm,symmetric,core_usable,stable_entity_graph,true,2,1,1,1,2,single_article,在真常唯心系的法界緣起學說裡，說明眾生心就是大乘心，人人有佛性，佛性、真如無階級，如如不動。⟂S⟂所以，六祖大師說：「外道所說不生不滅，將滅止生，以生顯滅；,https://books.masterhsingyun.org/ArticleDetail/artcle162
rel_e5a7899aa2e6,ent_b8906485472a,眾生心,DoctrineTerm,concept_has_subconcept,概念包含下位概念,ent_931d353cbc62,出世間法,DoctrineTerm,directed,core_usable,stable_entity_graph,true,1,1,1,1,1,single_article,《大乘起信論》為說明「心」的這種性質，並且敷演大乘佛法，遂先提出一個「眾生心」，並說明此心含攝一切世間、出世間法，又依此心析出二門─心真如門與心生滅門，以顯其體用。,https://books.masterhsingyun.org/ArticleDetail/artcle22605
rel_459becbfada3,ent_b8906485472a,眾生心,DoctrineTerm,concept_has_subconcept,概念包含下位概念,ent_60e6839f67f5,心生滅門,DoctrineTerm,directed,core_usable,stable_entity_graph,true,4,4,4,2,4,multi_article,「心、佛、眾生，三無差別。」⟂S⟂眾生與佛本具同一心性，只因無明妄動而呈現生住異滅、迷悟染淨之相。⟂S⟂《大乘起信論》為了說明心的這種性質，遂將含攝諸法的眾生心，分為「心真如門」與「心生滅門」，以顯其體用，稱為一心二門，並將止觀配於二門如下：,https://books.masterhsingyun.org/ArticleDetail/artcle200
rel_386511c13dbc,ent_b8906485472a,眾生心,DoctrineTerm,concept_has_subconcept,概念包含下位概念,ent_b440551c51d6,心真如門,DoctrineTerm,directed,core_usable,stable_entity_graph,true,4,4,4,2,4,multi_article,「心、佛、眾生，三無差別。」⟂S⟂眾生與佛本具同一心性，只因無明妄動而呈現生住異滅、迷悟染淨之相。⟂S⟂《大乘起信論》為了說明心的這種性質，遂將含攝諸法的眾生心，分為「心真如門」與「心生滅門」，以顯其體用，稱為一心二門，並將止觀配於二門如下：,https://books.masterhsingyun.org/ArticleDetail/artcle200
rel_659164947a61,ent_b8906485472a,眾生心,DoctrineTerm,concept_has_subconcept,概念包含下位概念,ent_3f3422049233,有為,DoctrineTerm,directed,core_usable,stable_entity_graph,true,1,1,1,1,1,single_article,以上，序分是屬「信」，正宗分中的因緣分、立義分、解釋分為「解」，修行信心分、勸修利益分是屬「行」，最後的流通分，屬「證」。⟂S⟂本論是徹底徹尾的唯心論，所指的眾生心，含攝淨識、染識；⟂S⟂現象生起是生滅雜染，而本質是不生不滅、清淨的，所以唯心又是真常的。⟂S⟂本論又統一了阿賴耶緣起與無明緣起，說明生死雜染的迷妄。⟂S⟂又從法界真如與般若的統一中，說明覺悟與清淨。⟂S⟂故以法界為本，即以般若為本，是本論的特色。⟂S⟂甚至對於眾生心，不但含攝了「色」，而且統一了理性和事相，即有為與無為，把理性和事相，物質和精神，都統一於眾生心，更為本論極大之特色，這也是研究此論時所必須注意的。,https://books.masterhsingyun.org/ArticleDetail/artcle23510
rel_0e3af54fe341,ent_50e37a24ea7e,優婆塞戒經,Classic,classic_states_or_mentions_doctrine,经典陈述或提及教义,ent_658625f33487,三阿僧祇劫,DoctrineTerm,directed,core_usable,stable_entity_graph,true,1,1,1,1,1,single_article,如《優婆塞戒經》卷一〈修三十二相業品〉記載：「菩薩摩訶薩修是業已，名為滿三阿僧祇劫，次第獲得阿耨多羅三藐三菩提。,https://books.masterhsingyun.org/ArticleDetail/artcle8842
rel_93acaa9a94e8,ent_50e37a24ea7e,優婆塞戒經,Classic,classic_states_or_mentions_doctrine,经典陈述或提及教义,ent_b6a37c43e816,菩薩戒,Concept,directed,core_usable,stable_entity_graph,true,1,1,1,1,1,single_article,4.戒律的種類：佛教戒律因受持者身分和發心的不同，有在家的三皈五戒、八關齋戒、菩薩戒；⟂S⟂出家的沙彌及沙彌尼戒、式叉摩那戒、比丘戒、比丘尼戒及菩薩戒。⟂S⟂從戒律受持的層次來說，是漸次受持的；⟂S⟂從受持的內涵來看，因在家與出家而有不同。⟂S⟂以菩薩戒為例，《優婆塞戒經》記載在家菩薩戒為「六重二十八輕戒」；⟂S⟂《梵網經》記載出家菩薩戒為「十重四十八輕戒」。,https://books.masterhsingyun.org/ArticleDetail/artcle8403
rel_ad8a12ee2473,ent_50e37a24ea7e,優婆塞戒經,Classic,classic_states_or_mentions_doctrine,经典陈述或提及教义,ent_23021aee0498,阿耨多羅三藐三菩提,DoctrineTerm,directed,core_usable,stable_entity_graph,true,1,1,1,1,1,single_article,如《優婆塞戒經》卷一〈修三十二相業品〉記載：「菩薩摩訶薩修是業已，名為滿三阿僧祇劫，次第獲得阿耨多羅三藐三菩提。,https://books.masterhsingyun.org/ArticleDetail/artcle8842
rel_e07429fe6691,ent_bb5c08557287,佛事,DoctrineTerm,concept_has_subconcept,概念包含下位概念,ent_ba53e52ece62,法會,PracticeActivity,directed,core_usable,stable_entity_graph,true,1,1,1,1,1,single_article,高麗時代常遇外敵入侵的窘局，因此常以建寺、舉行法會等各種佛事為國祈福消災，這是「祈福禳災，鎮護邦國」的國家思想形成的原因。⟂S⟂另外，對僧尼的統理政策，除承繼新羅時期的僧官制度外，還仿照進士科舉制度，遴選優秀僧侶授予僧階。,https://books.masterhsingyun.org/ArticleDetail/artcle8730
rel_e115df566c5a,ent_bb5c08557287,佛事,DoctrineTerm,concept_has_subconcept,概念包含下位概念,ent_fac59827f3b4,建寺,PracticeActivity,directed,core_usable,stable_entity_graph,true,1,1,1,1,1,single_article,高麗時代常遇外敵入侵的窘局，因此常以建寺、舉行法會等各種佛事為國祈福消災，這是「祈福禳災，鎮護邦國」的國家思想形成的原因。⟂S⟂另外，對僧尼的統理政策，除承繼新羅時期的僧官制度外，還仿照進士科舉制度，遴選優秀僧侶授予僧階。,https://books.masterhsingyun.org/ArticleDetail/artcle8730
rel_cccff335aa47,ent_bb5c08557287,佛事,DoctrineTerm,practice_aims_at_doctrinal_state,实践趋向教义境界,ent_d90879de5b44,菩提,DoctrineTerm,directed,core_usable,stable_entity_graph,true,1,1,1,1,1,single_article,佛教超越輪迴的終極目標是住於輪迴之中而不為輪迴所迷。⟂S⟂凡夫依業力而去輪迴，二乘急於解脫輪迴，而菩薩以大願力，發願再來救度眾生。⟂S⟂佛陀在提到自己的本生事中，有時為天神，有時為畜生，有時為沙門，有時為王侯，輪迴不已，乃是為了實踐六度萬行的菩薩道及成就菩提的佛事。⟂S⟂在《淨土聖賢錄》中載有許多的大德高僧祈求往生淨土，或暫住兜率淨土，再來人世幫助眾生。⟂S⟂西藏喇嘛圓寂之後，必定再轉世人間，譬如達賴喇嘛、班禪喇嘛，他們的事蹟都歷歷可考。⟂S⟂這些古聖前賢以菩薩的悲心大願，「但願眾生得離苦，不為自己求安樂」，不做人間逃兵，甘為苦海慈航，好比蓮花生淤泥而不染，雖然再來娑婆惡世，卻沒有生死的痛苦。⟂S⟂他們這種勇於投身輪迴，而不為輪迴所苦的悲行，才是真正超越輪迴的聖者。,https://books.masterhsingyun.org/ArticleDetail/artcle8423
rel_60a44c0b3391,ent_bb5c08557287,佛事,DoctrineTerm,practice_has_component,实践包含组成环节,ent_c766879c0c7a,說法,PracticeActivity,directed,core_usable,stable_entity_graph,true,2,2,2,2,2,multi_article,往生佛事不是只有超度往者，更重要的是透過說法，讓親朋好友因為佛事的參與，種下學佛的因緣，達到生亡兩利。⟂S⟂因此，在佛事中說法，具有極為重要的意義。,https://books.masterhsingyun.org/ArticleDetail/artcle24153
rel_bfdae9bf594a,ent_bb5c08557287,佛事,DoctrineTerm,practice_has_component,实践包含组成环节,ent_2074071360a1,八關齋戒,PracticeActivity,directed,core_usable,stable_entity_graph,true,1,1,1,1,1,single_article,一九八九年起，他開始承擔許多佛事法會，如三時繫念、燄口、佛化婚禮、八關齋戒等主法，也承擔了短期出家修道會羯磨和尚、佛光山傳授在家五戒菩薩戒會的三師和尚，前往道場佛學講座、都市佛學院上佛學課、念佛會開示、為叢林學院男眾學部上課。,https://books.masterhsingyun.org/ArticleDetail/artcle23617
rel_bb37a65e670d,ent_bb5c08557287,佛事,DoctrineTerm,practice_has_component,实践包含组成环节,ent_abfd86664294,三時繫念,PracticeActivity,directed,core_usable,stable_entity_graph,true,1,1,1,1,1,single_article,農曆七月在佛門又稱為僧伽月、功德月、報恩月、孝道月、福田月……各地寺院都紛紛舉辦盂蘭盆法會、地藏法會、超度法會、瑜伽燄口、三時繫念、梁皇寶懺、三昧水懺、金剛寶懺、禮誦《地藏經》……信徒們為這一個月的佛事，把佛教界都帶動起來了。,https://books.masterhsingyun.org/ArticleDetail/artcle2227
rel_a6f309a53eae,ent_bb5c08557287,佛事,DoctrineTerm,practice_has_component,实践包含组成环节,ent_32ad33410369,禮誦地藏經,PracticeActivity,directed,core_usable,stable_entity_graph,true,1,1,1,1,1,single_article,農曆七月在佛門又稱為僧伽月、功德月、報恩月、孝道月、福田月……各地寺院都紛紛舉辦盂蘭盆法會、地藏法會、超度法會、瑜伽燄口、三時繫念、梁皇寶懺、三昧水懺、金剛寶懺、禮誦《地藏經》……信徒們為這一個月的佛事，把佛教界都帶動起來了。,https://books.masterhsingyun.org/ArticleDetail/artcle2227
rel_a354b93c5eeb,ent_bb5c08557287,佛事,DoctrineTerm,practice_has_component,实践包含组成环节,ent_6148c04ef4e3,盂蘭盆法會,PracticeActivity,directed,core_usable,stable_entity_graph,true,1,1,1,1,1,single_article,農曆七月在佛門又稱為僧伽月、功德月、報恩月、孝道月、福田月……各地寺院都紛紛舉辦盂蘭盆法會、地藏法會、超度法會、瑜伽燄口、三時繫念、梁皇寶懺、三昧水懺、金剛寶懺、禮誦《地藏經》……信徒們為這一個月的佛事，把佛教界都帶動起來了。,https://books.masterhsingyun.org/ArticleDetail/artcle2227
rel_6ba8b6cae293,ent_da4f88390f17,佛光大學,Institution,institution_hosts_activity,机构举办活动,ent_9298d3df3118,學術會議,PracticeActivity,directed,core_usable,stable_entity_graph,true,1,0,0,0,1,single_article,2.由於佛光大學每個月舉辦一次學術會議，台北道場透過學術會議、文化教育、及種種活動的傳播，已為世界各地所熟知。,https://books.masterhsingyun.org/ArticleDetail/artcle5788
rel_e60af14b3969,ent_da4f88390f17,佛光大學,Institution,institution_located_at_place,机构位于地点,ent_b693a5f5a653,宜蘭,PlaceRealm,directed,core_usable,stable_entity_graph,true,2,0,0,0,1,single_article,位於宜蘭的佛光大學經過六年的土地開發之後，開始動工了；,https://books.masterhsingyun.org/ArticleDetail/artcle10752
rel_daa2d5522201,ent_da4f88390f17,佛光大學,Institution,institution_located_at_place,机构位于地点,ent_da1f044ec06a,宜蘭礁溪,PlaceRealm,directed,core_usable,stable_entity_graph,true,2,0,0,0,1,single_article,另，位於宜蘭礁溪的「佛光大學」，也於二○○○年正式招生開學。,https://books.masterhsingyun.org/ArticleDetail/artcle15315
rel_d19794388f04,ent_da4f88390f17,佛光大學,Institution,institution_plans_presence_at_place,机构计划在地点设点,ent_c2f3e247e30a,高雄縣,PlaceRealm,directed,core_usable,stable_entity_graph,true,1,0,0,0,1,single_article,時至今日，縣長依然未改初衷，今天新舊縣長母子二人，先後上山，一致希望未來佛光大學能在高雄縣設立分校。,https://books.masterhsingyun.org/ArticleDetail/artcle2799
rel_217c28c4b66b,ent_51d7657ca696,佛光山,Institution,institution_advocates_concept,机构倡导理念,ent_a6b94c65c717,人間佛教,Concept,directed,core_usable,stable_entity_graph,true,2,2,2,1,2,multi_article,佛光山是一個提倡人間佛教的道場，所謂人間佛教就是要建設現世的人間淨土，讓信徒生亡皆可往「生」，而不是一定要等死後才能往生極樂世界。⟂S⟂也就是說，信徒發心護持佛教，現世就要讓他們得到利益！,https://books.masterhsingyun.org/ArticleDetail/artcle2640
rel_d42f7a31efae,ent_51d7657ca696,佛光山,Institution,institution_advocates_concept,机构倡导理念,ent_6d565d2bea46,共修淨化人心,Concept,directed,core_usable,stable_entity_graph,true,1,1,1,1,1,single_article,然而，不論道場在何方，信徒有多少，佛光山始終堅守「以文化弘揚佛法，以教育培養人才，以慈善福利社會，以共修淨化人心」四大宗旨。,https://books.masterhsingyun.org/ArticleDetail/artcle15599
rel_1f6e241b566f,ent_51d7657ca696,佛光山,Institution,institution_advocates_concept,机构倡导理念,ent_d90fe2558ac4,慈善福利社會,Concept,directed,core_usable,stable_entity_graph,true,2,2,2,1,2,multi_article,然而不論道場在何方，信徒有多少，佛光山始終堅守「以文化弘揚佛法，以教育培養人才，以慈善福利社會，以共修淨化人心」的四大宗旨。,https://books.masterhsingyun.org/ArticleDetail/artcle15567
rel_db5f04af844a,ent_51d7657ca696,佛光山,Institution,institution_advocates_concept,机构倡导理念,ent_a216b1a51278,教育培養人才,Concept,directed,core_usable,stable_entity_graph,true,2,2,2,1,2,multi_article,然而不論道場在何方，信徒有多少，佛光山始終堅守「以文化弘揚佛法，以教育培養人才，以慈善福利社會，以共修淨化人心」的四大宗旨。,https://books.masterhsingyun.org/ArticleDetail/artcle15567
rel_6246b4988cad,ent_51d7657ca696,佛光山,Institution,institution_advocates_concept,机构倡导理念,ent_27fd71168d6a,文化弘揚佛法,Concept,directed,core_usable,stable_entity_graph,true,3,3,3,2,3,multi_article,然而不論道場在何方，信徒有多少，佛光山始終堅守「以文化弘揚佛法，以教育培養人才，以慈善福利社會，以共修淨化人心」的四大宗旨。,https://books.masterhsingyun.org/ArticleDetail/artcle15567
rel_9ae5de299c98,ent_51d7657ca696,佛光山,Institution,institution_advocates_concept,机构倡导理念,ent_61c9761d548e,人間佛教實踐,Concept,directed,core_usable,stable_entity_graph,true,1,0,0,0,1,single_article,星雲大師和佛光山推動的人間佛教實踐，至今已有四、五十年的時間。,https://books.masterhsingyun.org/ArticleDetail/artcle17797
rel_678521540fa8,ent_51d7657ca696,佛光山,Institution,institution_advocates_concept,机构倡导理念,ent_4d6c30af85ee,集體創作,Concept,directed,core_usable,stable_entity_graph,true,1,1,1,1,1,single_article,「集體創作」、「成就歸於大眾」，被奉為佛光山的宗風。⟂S⟂星雲大師本人具有集體主義的性格，他在《往事百語‧老二哲學》中說：「當初，我自號『星雲』，只想自我勉勵做星雲團裡的一顆小星星，以一己微弱的光芒，和其他星光互相輝映，光照寰宇。」⟂S⟂他認為弘法應從過去的以個人為主轉向以團體為主，發揮團體的強力，發起創辦了大大小小的多個佛教團體，提倡舉辦集體共修活動，建議舉辦老人俱樂部、職業訓練輔導中心、佛書交換研讀會、社區布教所、兩地信徒相談會、社區服務中心、家庭普照、參訪團、朝山團、兒童星期學佛班、佛教慈愛團、研討共修會、八關齋戒會等，以多種團體活動擴大集體共修的範圍。,https://books.masterhsingyun.org/ArticleDetail/artcle17984
rel_57b473f0a08c,ent_51d7657ca696,佛光山,Institution,institution_advocates_concept,机构倡导理念,ent_ec66c052e9f6,身心自在,Concept,directed,core_usable,stable_entity_graph,true,1,0,0,0,1,single_article,從花草樹木中感受大自然的活潑生機，在緊張忙碌中，欣賞花藝展獲得身心的平安、自在，這也是佛光山今年所提倡的主題「身心自在」。,https://books.masterhsingyun.org/ArticleDetail/artcle17957
rel_6fdd6e6262ed,ent_51d7657ca696,佛光山,Institution,institution_enshrines_or_preserves_ritual_object,机构安奉或典藏仪式物,ent_2690856df9d0,佛牙,RitualObject,directed,core_usable,stable_entity_graph,true,1,1,1,1,1,single_article,佛光山於一九九八年四月八日轉經西藏、印度、泰國等地，迎請一顆佛牙舍利回山供奉。,https://books.masterhsingyun.org/ArticleDetail/artcle7230
rel_158e4fd0ea90,ent_51d7657ca696,佛光山,Institution,institution_founds_institution,机构创设机构,ent_da4f88390f17,佛光大學,Institution,directed,core_usable,stable_entity_graph,true,2,2,2,2,2,multi_article,佛光山在社會教育事業上，辦有幼稚園、均頭中學、普門中學、西來大學、佛光大學、南華大學、南天大學、光明大學、信徒講習會、都市佛學院、勝鬘書院……僧伽教育事業上，辦有十六所佛教學院，分布在世界各地，學生近千人。,https://books.masterhsingyun.org/ArticleDetail/artcle8392
rel_acd647e6c6e6,ent_51d7657ca696,佛光山,Institution,institution_founds_institution,机构创设机构,ent_4fd2d3a32b6c,南華大學,Institution,directed,core_usable,stable_entity_graph,true,2,2,2,2,2,multi_article,乃至在人才的培育方面，民國的月霞大師在上海設華嚴大學、諦閑大師以華嚴精舍設立觀宗學院、太虛大師以四川晉雲山做為漢藏教理院（世界佛教學院），並在武昌、閩南分設研究唯識、三論的武昌佛學院、閩南佛學院。⟂S⟂此外，佛光山創辦的西來大學、南華大學、佛光大學，以及佛光山叢林學院分布在歐、亞、澳、非、美等五大洲的十六所佛學院，乃至華梵大學、慈濟大學、玄奘人文社會學院、華嚴專宗佛學院、法光佛教文化研究所、佛教弘誓學院、圓光佛學院、香光尼眾佛學院、中台佛教學院、福嚴佛學院、南普陀佛學院、法雲佛學院、千佛山佛學院、能仁佛學院等，都在致力於人才的教育，以延續佛門的法身慧命。,https://books.masterhsingyun.org/ArticleDetail/artcle675
rel_1e523ce55372,ent_51d7657ca696,佛光山,Institution,institution_founds_institution,机构创设机构,ent_8bc796d853f0,佛光山慈悲社會福利基金會,Institution,directed,core_usable,stable_entity_graph,true,1,1,1,1,1,single_article,「以慈善福利社會」是佛光山四大宗旨之一，佛光山的慈善工作，並非以提供金錢或物資的救濟為要，而是兼融文化、教育、共修，從去除人的貪嗔痴、淨化社會為根本做起。⟂S⟂隨著時代的變遷，社會問題複雜而多變，佛光山為提供專業化服務，於一九八九年設立「財團法人佛光山慈悲社會福利基金會」，統籌辦理兒童青少年福利、老人福利、雲水義診服務、宗教心靈諮詢、急難救助、重大災難救援、監獄輔導教化、機構探訪、二手醫療輔具、失智症防治等等十大類，亦接受政府委託辦理社會福利工作。⟂S⟂現時服務項目包括有大慈育幼院、大慈育成中心、希望小學、巴西如來之子、佛光伽耶育幼院、夜光天使、蘭陽仁愛之家、佛光精舍、萬壽園、老人公寓、佛光診所、雲水護智車、監獄教化、冬令賑濟會、急難救助會、友愛服務隊、觀音護生會、器官捐贈會、社會教化處等，為廣大信徒及社會大眾服務，俾使終其一生皆能受到佛光法水的照拂與潤澤。⟂S⟂另外，在海內外別分院也會定期或不定期舉辦慈善救助，如賑災、敦親睦鄰、急難救助等。,https://books.masterhsingyun.org/ArticleDetail/artcle4633
rel_fd74dd12b7e5,ent_51d7657ca696,佛光山,Institution,institution_founds_institution,机构创设机构,ent_976dc70cfb20,南天大學,Institution,directed,core_usable,stable_entity_graph,true,1,1,1,1,1,single_article,佛光山在社會教育事業上，辦有幼稚園、均頭中學、普門中學、西來大學、佛光大學、南華大學、南天大學、光明大學、信徒講習會、都市佛學院、勝鬘書院……僧伽教育事業上，辦有十六所佛教學院，分布在世界各地，學生近千人。,https://books.masterhsingyun.org/ArticleDetail/artcle8392
rel_a5729ce1f19c,ent_51d7657ca696,佛光山,Institution,institution_founds_institution,机构创设机构,ent_b22348c119b7,西來大學,Institution,directed,core_usable,stable_entity_graph,true,2,2,2,2,2,multi_article,乃至在人才的培育方面，民國的月霞大師在上海設華嚴大學、諦閑大師以華嚴精舍設立觀宗學院、太虛大師以四川晉雲山做為漢藏教理院（世界佛教學院），並在武昌、閩南分設研究唯識、三論的武昌佛學院、閩南佛學院。⟂S⟂此外，佛光山創辦的西來大學、南華大學、佛光大學，以及佛光山叢林學院分布在歐、亞、澳、非、美等五大洲的十六所佛學院，乃至華梵大學、慈濟大學、玄奘人文社會學院、華嚴專宗佛學院、法光佛教文化研究所、佛教弘誓學院、圓光佛學院、香光尼眾佛學院、中台佛教學院、福嚴佛學院、南普陀佛學院、法雲佛學院、千佛山佛學院、能仁佛學院等，都在致力於人才的教育，以延續佛門的法身慧命。,https://books.masterhsingyun.org/ArticleDetail/artcle675
rel_dc711756cfe5,ent_51d7657ca696,佛光山,Institution,institution_founds_institution,机构创设机构,ent_d85ab40571d4,佛學院,Institution,directed,core_usable,stable_entity_graph,true,1,1,1,1,1,single_article,說到經營商業的問題，同學們應該知道：「佛光山是不經營商業的！」⟂S⟂「佛光山是非佛事不做的道場！」⟂S⟂我們辦了六所佛學院、學生數百人，完全免除學費而供給食住，既無財團支援，又無董事會贊助，這是會經營商業嗎？⟂S⟂另外養老院、救濟院、孤兒院、施診所、大專學生佛學夏令營、信徒講習會等，我們都是發心辦的！⟂S⟂當然我們要靠油香，靠我們生產，靠信徒樂助，靠我們到大學、中學、幼稚園教書，以此所得維持。⟂S⟂二十年來，我們也經常靠借貸生存，從高雄的多家銀行，到台北的一些金融機構，都有佛光山的欠債，一直到現在，心平住持、慈惠都監等職事，都為每月的利息煩惱，所以我常說，佛光山是日日難過日日過啊！,https://books.masterhsingyun.org/ArticleDetail/artcle9012
rel_d422e1931210,ent_51d7657ca696,佛光山,Institution,institution_founds_institution,机构创设机构,ent_686192f7c709,勝鬘書院,Institution,directed,core_usable,stable_entity_graph,true,4,3,3,3,4,multi_article,人類文明、經濟等各方面的進步，女性撐起了一片藍天。⟂S⟂為了提升各行各業的優秀女性人才，使其心靈、精神更為開闊，一九九四年九月，佛光山創辦了「勝鬘書院」，取佛教傑出女性勝鬘夫人為楷模，女眾也能展現智慧，不讓鬚眉。⟂S⟂招收社會一般中青年女性，四個月為一期，兩個月在佛光山密集學習佛教教理及佛門行儀，以及抄經、禪坐、作務等行門修持；⟂S⟂兩個月至佛光山世界各分別院，體驗異國文化風俗、歷史背景，既讀萬卷書，更行萬里路，拓展國際視野。⟂S⟂結業後，依個人性向、興趣，可選擇在佛光山各種佛教事業單位實習服務，做萬種事，結萬種緣。,https://books.masterhsingyun.org/ArticleDetail/artcle17976
rel_6e31992fab30,ent_51d7657ca696,佛光山,Institution,institution_has_facility,机构具有场所设施,ent_27cbc906ccf8,禪堂,PlaceRealm,directed,core_usable,stable_entity_graph,true,8,8,8,6,8,multi_article,佛光山不僅有宏偉的建築，更有豐富的內涵，包括培養僧才的佛教學院、重編大藏經的編藏處、雲水醫院、養老育幼等慈善事業，以及禪堂、念佛堂等修行場所。,https://books.masterhsingyun.org/ArticleDetail/artcle24122
rel_705a9b294a7b,ent_51d7657ca696,佛光山,Institution,institution_has_facility,机构具有场所设施,ent_1e876cb1c2d9,大雄寶殿,PlaceRealm,directed,core_usable,stable_entity_graph,true,2,2,2,2,2,multi_article,陪同部長上大雄寶殿上香、禮佛，並參觀文物展覽館、禪堂、如來殿。⟂S⟂部長表示，佛光山的設施是社教中心，藝文與社會大眾結合，境教比身教、言教更來得有教化作用，設施教化的功能不可忽略。⟂S⟂依佛光山三十多年宗教教育經驗，信眾不願當「法外之民」，希望能有宗教法的規範，但法要訂得完善，不能對佛教徒造成傷害。⟂S⟂對佛教學院畢業的學生要給予定位、授證（如勞委會授證給各機關，內政部就可負責，不必經過教育部），盼政府能有善意回應。⟂S⟂部長也同意研究佛學院畢業生的認證制度，對於寺廟管理、僧眾資格、繼承等問題，內政部一定會重視。,https://books.masterhsingyun.org/ArticleDetail/artcle4355
rel_2d8886e3370b,ent_51d7657ca696,佛光山,Institution,institution_has_facility,机构具有场所设施,ent_728332372923,朝山會館,PlaceRealm,directed,core_usable,stable_entity_graph,true,2,2,2,2,2,multi_article,佛光山的朝山會舘，是為了方便信徒來山禮佛之時，不必為「吃」、「住」費心而建設的，純粹是服務性質。⟂S⟂所以朝山會舘的形象是：對往來的信眾，微笑招呼、點頭寒喧、合掌歡迎、談話接待、送茶問候……而不是信徒來了，有送飯菜及茶水就了事。,https://books.masterhsingyun.org/ArticleDetail/artcle724
rel_784ef68a0e7f,ent_51d7657ca696,佛光山,Institution,institution_has_facility,机构具有场所设施,ent_31b51728aa9c,雲居樓,PlaceRealm,directed,core_usable,stable_entity_graph,true,1,1,1,1,1,single_article,雲居樓的建設，提升了佛光山的價值，讓信徒每年從自己的家庭，走到寬闊的殿堂、會堂裡。⟂S⟂來到佛光山，要參禪的人，可以到禪堂；⟂S⟂要念佛的人，可以到念佛堂（淨業林）；⟂S⟂要吃飯、要住宿掛單的信眾，可以到雲居樓。⟂S⟂因此我們應該有一個想法，過去佛陀說法時的「靈山勝會」，不在別處，就在佛光山上。,https://books.masterhsingyun.org/ArticleDetail/artcle7895
rel_8850dbadc2a7,ent_51d7657ca696,佛光山,Institution,institution_has_facility,机构具有场所设施,ent_e9490e6a5114,如來殿,PlaceRealm,directed,core_usable,stable_entity_graph,true,1,1,1,1,1,single_article,陪同部長上大雄寶殿上香、禮佛，並參觀文物展覽館、禪堂、如來殿。⟂S⟂部長表示，佛光山的設施是社教中心，藝文與社會大眾結合，境教比身教、言教更來得有教化作用，設施教化的功能不可忽略。⟂S⟂依佛光山三十多年宗教教育經驗，信眾不願當「法外之民」，希望能有宗教法的規範，但法要訂得完善，不能對佛教徒造成傷害。⟂S⟂對佛教學院畢業的學生要給予定位、授證（如勞委會授證給各機關，內政部就可負責，不必經過教育部），盼政府能有善意回應。⟂S⟂部長也同意研究佛學院畢業生的認證制度，對於寺廟管理、僧眾資格、繼承等問題，內政部一定會重視。,https://books.masterhsingyun.org/ArticleDetail/artcle4355
rel_e450f6d29d14,ent_51d7657ca696,佛光山,Institution,institution_has_subunit,机构具有分支,ent_6563d867e023,講堂,Institution,directed,core_usable,stable_entity_graph,true,1,0,0,0,1,single_article,佛光山在此地的道場設有佛堂、講堂、中文學校、齋堂、會客室、禪堂等。,https://books.masterhsingyun.org/ArticleDetail/artcle5790
rel_8fa756035aa6,ent_51d7657ca696,佛光山,Institution,institution_has_subunit,机构具有分支,ent_03011272066f,道場,Institution,directed,core_usable,stable_entity_graph,true,4,0,0,0,1,single_article,目前在加國的佛教組織很多，佛光山也在溫哥華、多倫多、渥太華等地設有多所道場，國際佛光會亦設立協、分會，對加國佛教的普及，發揮很大的功能。,https://books.masterhsingyun.org/ArticleDetail/artcle8732
rel_bdbc0813f6cc,ent_51d7657ca696,佛光山,Institution,institution_has_subunit,机构具有分支,ent_40bbfde3f6f6,人間福報,Institution,directed,core_usable,stable_entity_graph,true,1,0,0,0,1,single_article,而依循大師以多元文化弘法的卓見，佛光山在文化上，設有佛光山文教基金會、佛光淨土文教基金會、人間文教基金會、佛光大藏經編修委員會、佛光出版社、人間衛視、人間福報、香海文化等等單位，各自在崗位上戮力貫徹大師以文化弘揚佛法的殊勝任務，協助完成大師「心裡有佛教，心中有人」的人間佛教菩薩事業。,https://books.masterhsingyun.org/ArticleDetail/artcle24106
rel_ddfeab0ec6a8,ent_51d7657ca696,佛光山,Institution,institution_has_subunit,机构具有分支,ent_7e4e8a02106a,佛光出版社,Institution,directed,core_usable,stable_entity_graph,true,1,0,0,0,1,single_article,而依循大師以多元文化弘法的卓見，佛光山在文化上，設有佛光山文教基金會、佛光淨土文教基金會、人間文教基金會、佛光大藏經編修委員會、佛光出版社、人間衛視、人間福報、香海文化等等單位，各自在崗位上戮力貫徹大師以文化弘揚佛法的殊勝任務，協助完成大師「心裡有佛教，心中有人」的人間佛教菩薩事業。,https://books.masterhsingyun.org/ArticleDetail/artcle24106
rel_621d57d997c5,ent_51d7657ca696,佛光山,Institution,institution_has_subunit,机构具有分支,ent_cdf4b06f6ca6,人間衛視,Institution,directed,core_usable,stable_entity_graph,true,1,0,0,0,1,single_article,而依循大師以多元文化弘法的卓見，佛光山在文化上，設有佛光山文教基金會、佛光淨土文教基金會、人間文教基金會、佛光大藏經編修委員會、佛光出版社、人間衛視、人間福報、香海文化等等單位，各自在崗位上戮力貫徹大師以文化弘揚佛法的殊勝任務，協助完成大師「心裡有佛教，心中有人」的人間佛教菩薩事業。,https://books.masterhsingyun.org/ArticleDetail/artcle24106
rel_cde444fbe4b4,ent_51d7657ca696,佛光山,Institution,institution_has_subunit,机构具有分支,ent_7260146fcdfb,佛光會,Institution,directed,core_usable,stable_entity_graph,true,1,0,0,0,1,single_article,一、國際化：隨著佛光山在世界五大洲設有道場及佛光會，每日從事各種弘法活動以外，並不斷舉辦各種國際性會議及宗教交流等，使得五大洲的佛教已從過去以華人信仰為主，到了今日有愈來愈多不同膚色、種族的國際人士皈信佛教；,https://books.masterhsingyun.org/ArticleDetail/artcle15694
rel_3e1834ff21c5,ent_51d7657ca696,佛光山,Institution,institution_has_subunit,机构具有分支,ent_b975b85e6cbf,普門寺,Institution,directed,core_usable,stable_entity_graph,true,1,1,1,1,1,single_article,目前在佛光山各別分院當中，辦得最成功的有洛杉磯的西來學校、台北道場的禪修會和佛學講座、普門寺的婦女法座會和青年會、桃園講堂的金剛護法會、極樂寺的抄經班、普賢寺連續十四期的都市佛學院、北海道場的朝山、圓福寺的華嚴法會，以及台南講堂與東海道場的八關齋戒，可見每一個道場的活動均各有特色。,https://books.masterhsingyun.org/ArticleDetail/artcle4345
rel_93673e2ec853,ent_51d7657ca696,佛光山,Institution,institution_has_subunit,机构具有分支,ent_3f3afeb6cfa0,普門中學,Institution,directed,core_usable,stable_entity_graph,true,2,1,1,1,2,single_article,佛光山設有佛學院、普門中學，長久以來一直想辦所大學，過去因限於法令關係，從海外的西來大學先創辦。,https://books.masterhsingyun.org/ArticleDetail/artcle5787
rel_590f2dfc6eaa,ent_51d7657ca696,佛光山,Institution,institution_has_subunit,机构具有分支,ent_3cf35557d4aa,光明大學,Institution,directed,core_usable,stable_entity_graph,true,1,1,1,1,1,single_article,佛光山在社會教育事業上，辦有幼稚園、均頭中學、普門中學、西來大學、佛光大學、南華大學、南天大學、光明大學、信徒講習會、都市佛學院、勝鬘書院……僧伽教育事業上，辦有十六所佛教學院，分布在世界各地，學生近千人。,https://books.masterhsingyun.org/ArticleDetail/artcle8392
rel_c3415915017d,ent_51d7657ca696,佛光山,Institution,institution_has_subunit,机构具有分支,ent_174a61925234,印度佛學院,Institution,directed,core_usable,stable_entity_graph,true,1,1,1,1,1,single_article,佛光山在印度目前有三個重要據點，一是「佛光山加爾各答禪淨中心」，二是菩提伽耶的「佛光山印度佛學院」及「佛光伽耶育幼院」，三是新德里的「德里文教中心」及「印度沙彌學園」。⟂S⟂其中二處的佛學院更肩負起復興印度佛教的重責大任。,https://books.masterhsingyun.org/ArticleDetail/artcle23815
rel_dc07103f7291,ent_51d7657ca696,佛光山,Institution,institution_has_subunit,机构具有分支,ent_480d2bcf1b5e,台北道場,Institution,directed,core_usable,stable_entity_graph,true,2,2,2,1,2,multi_article,目前在佛光山各別分院當中，辦得最成功的有洛杉磯的西來學校、台北道場的禪修會和佛學講座、普門寺的婦女法座會和青年會、桃園講堂的金剛護法會、極樂寺的抄經班、普賢寺連續十四期的都市佛學院、北海道場的朝山、圓福寺的華嚴法會，以及台南講堂與東海道場的八關齋戒，可見每一個道場的活動均各有特色。,https://books.masterhsingyun.org/ArticleDetail/artcle4345
rel_021a43a3c9ae,ent_51d7657ca696,佛光山,Institution,institution_has_subunit,机构具有分支,ent_d7cca7f6fea9,德里文教中心,Institution,directed,core_usable,stable_entity_graph,true,1,1,1,1,1,single_article,佛光山在印度目前有三個重要據點，一是「佛光山加爾各答禪淨中心」，二是菩提伽耶的「佛光山印度佛學院」及「佛光伽耶育幼院」，三是新德里的「德里文教中心」及「印度沙彌學園」。⟂S⟂其中二處的佛學院更肩負起復興印度佛教的重責大任。,https://books.masterhsingyun.org/ArticleDetail/artcle23815
rel_6ad5ffc6a572,ent_51d7657ca696,佛光山,Institution,institution_has_subunit,机构具有分支,ent_0460c508acf4,普賢寺,Institution,directed,core_usable,stable_entity_graph,true,1,1,1,1,1,single_article,目前在佛光山各別分院當中，辦得最成功的有洛杉磯的西來學校、台北道場的禪修會和佛學講座、普門寺的婦女法座會和青年會、桃園講堂的金剛護法會、極樂寺的抄經班、普賢寺連續十四期的都市佛學院、北海道場的朝山、圓福寺的華嚴法會，以及台南講堂與東海道場的八關齋戒，可見每一個道場的活動均各有特色。,https://books.masterhsingyun.org/ArticleDetail/artcle4345
rel_80d19935b754,ent_51d7657ca696,佛光山,Institution,institution_has_subunit,机构具有分支,ent_d85ab40571d4,佛學院,Institution,directed,core_usable,stable_entity_graph,true,1,1,1,1,1,single_article,大學之外，由於他對教育方面的各項事務非常熟稔，除了擔任過普門中學校長，今天佛光山多方面的教育事業，從幼兒園、國中小、高中，到佛學院、都市佛學院、海內外的中華學校、大專青年佛學夏令營等，能在世界各地發展，他也是功不可沒。⟂S⟂其中佛學院的部分，海內外包括馬來西亞東禪佛學院、印度佛學院、印度沙彌學園等就有十六所；,https://books.masterhsingyun.org/ArticleDetail/artcle23672
rel_f356024465d7,ent_51d7657ca696,佛光山,Institution,institution_has_subunit,机构具有分支,ent_dab6c3d22efa,佛教學院,Institution,directed,core_usable,stable_entity_graph,true,3,3,3,2,3,multi_article,大師開示：「現在佛光山分布在南非、澳洲、印度、馬來西亞、香港、巴西等地的十六所佛教學院，也都在負起接引當地青年學佛的責任，以為未來落實『本土化』儲備人才。,https://books.masterhsingyun.org/ArticleDetail/artcle24201
rel_14dfccb6af10,ent_51d7657ca696,佛光山,Institution,institution_has_subunit,机构具有分支,ent_02092331b755,雲水醫院,Institution,directed,core_usable,stable_entity_graph,true,1,1,1,1,1,single_article,佛光山不僅有宏偉的建築，更有豐富的內涵，包括培養僧才的佛教學院、重編大藏經的編藏處、雲水醫院、養老育幼等慈善事業，以及禪堂、念佛堂等修行場所。,https://books.masterhsingyun.org/ArticleDetail/artcle24122
rel_9a43ae1e3e7a,ent_51d7657ca696,佛光山,Institution,institution_hosts_activity,机构举办活动,ent_8dacc063faab,共修,PracticeActivity,directed,core_usable,stable_entity_graph,true,1,0,0,0,1,single_article,「以前在別的寺院誦完經，大家就鳥獸散，和法師有距離，溝通方式受局限，但佛光山舉辦共修之後，會由法師來開示，初初讓很多人覺得相當震撼，但後來都很歡喜，因為除了誦經，還可以學習吸收佛法，受到共修者的普遍肯定。」,https://books.masterhsingyun.org/ArticleDetail/artcle15599
rel_ead48418693b,ent_51d7657ca696,佛光山,Institution,institution_hosts_activity,机构举办活动,ent_ba53e52ece62,法會,PracticeActivity,directed,core_usable,stable_entity_graph,true,1,0,0,0,1,single_article,二○一五年二月四日，台灣復興航空‭ ‬GE235‭ ‬班機發生空難，二月五日佛光山法師與國際佛光會會員即時到達現場或殯儀館，為罹難者助念超薦，關懷罹難者家屬，佛光山道場亦舉辦法會，並在全台各別分院道場，設置「復興航空‭ ‬GE235‭ ‬班機空難罹難眾姓亡靈」超薦牌位、「復興航空‭ ‬GE235‭ ‬班機空難受難者暨罹難者家屬」消災祿位，祈願罹難者往生淨土、祈福傷者平安康復。,https://books.masterhsingyun.org/ArticleDetail/artcle17781
rel_39294c328a31,ent_51d7657ca696,佛光山,Institution,institution_hosts_activity,机构举办活动,ent_ed6039c9efc7,三壇大戒,PracticeActivity,directed,core_usable,stable_entity_graph,true,1,0,0,0,1,single_article,一些由海外回山的徒眾及信徒都表示，這個時間佛光山正同時舉辦三壇大戒、在家戒會、水陸法會，可是感受不到一點忙碌的氣息，各殿堂、客堂工作一樣照常在運作，連戒子都看不到，「人」都跑到那裡去了？,https://books.masterhsingyun.org/ArticleDetail/artcle8293
rel_3d4b2bebf83c,ent_51d7657ca696,佛光山,Institution,institution_hosts_activity,机构举办活动,ent_49888f38bdc9,世界顯密佛學會議,PracticeActivity,directed,core_usable,stable_entity_graph,true,2,1,1,1,2,single_article,因此，為了提倡融合，佛光山舉辦國際僧伽研習會、世界顯密佛學會議；,https://books.masterhsingyun.org/ArticleDetail/artcle24200
rel_f75c33895761,ent_51d7657ca696,佛光山,Institution,institution_hosts_activity,机构举办活动,ent_57a4bca22149,世界顯密佛教學術會議,PracticeActivity,directed,core_usable,stable_entity_graph,true,1,0,0,0,1,single_article,1986年12月26日，佛光山舉辦「世界顯密佛教學術會議．顯密融合與世界文化發展」，地點：佛光山。,https://books.masterhsingyun.org/ArticleDetail/artcle24174
rel_afdc79e03dbb,ent_51d7657ca696,佛光山,Institution,institution_hosts_activity,机构举办活动,ent_3515cb3ff489,佛光山信徒身心環保淨化法會,PracticeActivity,directed,core_usable,stable_entity_graph,true,1,0,0,0,1,single_article,佛光山於一九九二年三月四日，舉辦「佛光山信徒身心環保淨化法會」，目的就是要大家響應環保運動，從身心六根的淨化到心外世界的淨化。,https://books.masterhsingyun.org/ArticleDetail/artcle4073
rel_7cc7951831ea,ent_51d7657ca696,佛光山,Institution,institution_hosts_activity,机构举办活动,ent_d0187366317b,佛教青年學術會議,PracticeActivity,directed,core_usable,stable_entity_graph,true,3,0,0,0,1,single_article,•佛光山召開「佛教青年學術會議」，大師以「人間佛教的基本思想」發表主題演說。,https://books.masterhsingyun.org/ArticleDetail/artcle24294
rel_a78c42457e3d,ent_51d7657ca696,佛光山,Institution,institution_hosts_activity,机构举办活动,ent_9b8df20182d8,供僧法會,PracticeActivity,directed,core_usable,stable_entity_graph,true,4,0,0,0,1,single_article,記得是在一九九一年八月，佛光山在台北舉辦供僧法會，早上貧僧在浴室沐浴更衣，準備前往參加。,https://books.masterhsingyun.org/ArticleDetail/artcle1111
rel_76a19981d674,ent_51d7657ca696,佛光山,Institution,institution_hosts_activity,机构举办活动,ent_e1afb6b17b50,國際佛教學術會議,PracticeActivity,directed,core_usable,stable_entity_graph,true,3,0,0,0,1,single_article,•佛光山召開「國際佛教學術會議」，大師針對會議主題「現代佛教」，以「如何建設現代佛教」發表主題演說。,https://books.masterhsingyun.org/ArticleDetail/artcle24294
rel_eb780564262c,ent_51d7657ca696,佛光山,Institution,institution_hosts_activity,机构举办活动,ent_c623f3d5099b,國際僧伽研習會,PracticeActivity,directed,core_usable,stable_entity_graph,true,1,0,0,0,1,single_article,因此，為了提倡融合，佛光山舉辦國際僧伽研習會、世界顯密佛學會議；,https://books.masterhsingyun.org/ArticleDetail/artcle24200
rel_a3d99d147002,ent_51d7657ca696,佛光山,Institution,institution_hosts_activity,机构举办活动,ent_b27cb3e4d236,國際禪學會議,PracticeActivity,directed,core_usable,stable_entity_graph,true,3,0,0,0,1,single_article,•佛光山召開「國際禪學會議」，以「《六祖壇經》之宗教與文化探討」為主題，有中、美、韓、日、港、義等國的五十餘位東西方學者發表論文。,https://books.masterhsingyun.org/ArticleDetail/artcle15308
rel_95ee25d742d0,ent_51d7657ca696,佛光山,Institution,institution_hosts_activity,机构举办活动,ent_1913c234e033,水陸法會,PracticeActivity,directed,core_usable,stable_entity_graph,true,2,0,0,0,1,single_article,如佛光山舉辦水陸法會、五戒菩薩戒、大專夏令營等法會、活動，皆依山上的設備來招收人數，所以在通啟上，皆說明報名人數、截止日期。,https://books.masterhsingyun.org/ArticleDetail/artcle10027
rel_289a7c35a8e0,ent_51d7657ca696,佛光山,Institution,institution_hosts_activity,机构举办活动,ent_487f7c9064c2,白話佛經編纂會議,PracticeActivity,directed,core_usable,stable_entity_graph,true,1,0,0,0,1,single_article,一九九一年，這個心願總算有了眉目，是年，佛光山在中國大陸廣州市召開「白話佛經編纂會議」，將該套叢書訂名為「中國佛教經典寶藏」。,https://books.masterhsingyun.org/ArticleDetail/artcle21583
rel_ada12ddcc39b,ent_51d7657ca696,佛光山,Institution,institution_hosts_activity,机构举办活动,ent_6148c04ef4e3,盂蘭盆法會,PracticeActivity,directed,core_usable,stable_entity_graph,true,1,0,0,0,1,single_article,佛光山為了接引廣大的信徒親近佛法，亦隨順舉辦有各種法會，計有例行法會如浴佛法會、觀音法會、清明法會、盂蘭盆法會、藥師法會、彌陀佛七法會、傳戒法會等。,https://books.masterhsingyun.org/ArticleDetail/artcle23605
rel_68206493a9f7,ent_51d7657ca696,佛光山,Institution,institution_hosts_activity,机构举办活动,ent_cb3fb738fb33,短期出家,PracticeActivity,directed,core_usable,stable_entity_graph,true,7,0,0,0,1,single_article,佛光山舉辦短期出家已將近二十年了，最初辦的時候，有好幾千人來報名，場地實在是容不下！,https://books.masterhsingyun.org/ArticleDetail/artcle16234
rel_9dc87972984c,ent_51d7657ca696,佛光山,Institution,institution_hosts_activity,机构举办活动,ent_27ab434bab4d,第一屆天主教與佛教國際交談會議,PracticeActivity,directed,core_usable,stable_entity_graph,true,1,0,0,0,1,single_article,1995年3月，佛光山舉辦了「第一屆天主教與佛教國際交談會議」，期間還提供麻竹園雙圓堂讓天主教人士祈禱與舉行彌撒祭典。,https://books.masterhsingyun.org/ArticleDetail/artcle24200
rel_2d2fd176d9c8,ent_51d7657ca696,佛光山,Institution,institution_hosts_activity,机构举办活动,ent_33a391b3d6c2,藥師法會,PracticeActivity,directed,core_usable,stable_entity_graph,true,1,0,0,0,1,single_article,佛光山為了接引廣大的信徒親近佛法，亦隨順舉辦有各種法會，計有例行法會如浴佛法會、觀音法會、清明法會、盂蘭盆法會、藥師法會、彌陀佛七法會、傳戒法會等。,https://books.masterhsingyun.org/ArticleDetail/artcle23605
rel_c832fedf4dd3,ent_51d7657ca696,佛光山,Institution,institution_hosts_activity,机构举办活动,ent_84e1bdb07cca,在家戒會,PracticeActivity,directed,core_usable,stable_entity_graph,true,1,0,0,0,1,single_article,一些由海外回山的徒眾及信徒都表示，這個時間佛光山正同時舉辦三壇大戒、在家戒會、水陸法會，可是感受不到一點忙碌的氣息，各殿堂、客堂工作一樣照常在運作，連戒子都看不到，「人」都跑到那裡去了？,https://books.masterhsingyun.org/ArticleDetail/artcle8293
rel_2c0f4333cf45,ent_51d7657ca696,佛光山,Institution,institution_hosts_activity,机构举办活动,ent_9298d3df3118,學術會議,PracticeActivity,directed,core_usable,stable_entity_graph,true,6,0,0,0,1,single_article,此後佛光山每年舉辦的學術會議，如世界佛教青年會議、世界顯密佛學會議、國際禪學會議、宗教文化國際學術會議、佛教音樂學術研討會等，韓國的學者朋友如：趙明基、韓鍾萬、朴範薰、朴永煥、金永斗、金容彪、金英泰、睦楨培、金應喆、梁晶淵、朴相國、法顯法師等，以及曾任教於我們在美國的西來大學，頂宇法師的弟子性圓法師等人，都曾在我們的學術交流座上發表論述。,https://books.masterhsingyun.org/ArticleDetail/artcle5703
rel_3dcac5f87a13,ent_51d7657ca696,佛光山,Institution,institution_hosts_activity,机构举办活动,ent_f65f23b5bb92,彌陀佛七法會,PracticeActivity,directed,core_usable,stable_entity_graph,true,1,0,0,0,1,single_article,佛光山為了接引廣大的信徒親近佛法，亦隨順舉辦有各種法會，計有例行法會如浴佛法會、觀音法會、清明法會、盂蘭盆法會、藥師法會、彌陀佛七法會、傳戒法會等。,https://books.masterhsingyun.org/ArticleDetail/artcle23605
rel_a3b2b2abf268,ent_51d7657ca696,佛光山,Institution,institution_hosts_activity,机构举办活动,ent_55617fa2ffd7,清明法會,PracticeActivity,directed,core_usable,stable_entity_graph,true,1,0,0,0,1,single_article,佛光山為了接引廣大的信徒親近佛法，亦隨順舉辦有各種法會，計有例行法會如浴佛法會、觀音法會、清明法會、盂蘭盆法會、藥師法會、彌陀佛七法會、傳戒法會等。,https://books.masterhsingyun.org/ArticleDetail/artcle23605
rel_2d521b9f29df,ent_51d7657ca696,佛光山,Institution,institution_hosts_activity,机构举办活动,ent_d2e26db07283,義工會議,PracticeActivity,directed,core_usable,stable_entity_graph,true,1,0,0,0,1,single_article,佛光山經常舉辦義工會議、金剛會議，以實質的鼓勵回饋為道場出力服務的男女老少，因為我主張：眾人奉獻佛教的「因」不必等到將來結「果」，身為佛陀侍者的我們，應該在現世代為及時報答。,https://books.masterhsingyun.org/ArticleDetail/artcle6741
rel_abd6f428ae6c,ent_51d7657ca696,佛光山,Institution,institution_hosts_activity,机构举办活动,ent_c29467fb13c2,教師會議,PracticeActivity,directed,core_usable,stable_entity_graph,true,1,0,0,0,1,single_article,後來佛光山經常舉辦青年會議、校長會議，尤其每年的教師會議，有時由救國團具名主辦，有時則由教育局出面舉辦，佛光山儼然是青年的佛光山。,https://books.masterhsingyun.org/ArticleDetail/artcle6906
rel_b7c31a24412a,ent_51d7657ca696,佛光山,Institution,institution_hosts_activity,机构举办活动,ent_af8da137ea64,青年會議,PracticeActivity,directed,core_usable,stable_entity_graph,true,1,0,0,0,1,single_article,後來佛光山經常舉辦青年會議、校長會議，尤其每年的教師會議，有時由救國團具名主辦，有時則由教育局出面舉辦，佛光山儼然是青年的佛光山。,https://books.masterhsingyun.org/ArticleDetail/artcle6906
rel_ca64099bc44d,ent_51d7657ca696,佛光山,Institution,institution_hosts_activity,机构举办活动,ent_2041175394ee,大專夏令營,PracticeActivity,directed,core_usable,stable_entity_graph,true,1,0,0,0,1,single_article,如佛光山舉辦水陸法會、五戒菩薩戒、大專夏令營等法會、活動，皆依山上的設備來招收人數，所以在通啟上，皆說明報名人數、截止日期。,https://books.masterhsingyun.org/ArticleDetail/artcle10027
rel_1848474dafd3,ent_51d7657ca696,佛光山,Institution,institution_hosts_activity,机构举办活动,ent_895e2e5e3804,金剛會議,PracticeActivity,directed,core_usable,stable_entity_graph,true,1,0,0,0,1,single_article,佛光山經常舉辦義工會議、金剛會議，以實質的鼓勵回饋為道場出力服務的男女老少，因為我主張：眾人奉獻佛教的「因」不必等到將來結「果」，身為佛陀侍者的我們，應該在現世代為及時報答。,https://books.masterhsingyun.org/ArticleDetail/artcle6741
rel_208f16b7644f,ent_51d7657ca696,佛光山,Institution,institution_hosts_activity,机构举办活动,ent_65eb66bd1159,觀音法會,PracticeActivity,directed,core_usable,stable_entity_graph,true,1,0,0,0,1,single_article,佛光山為了接引廣大的信徒親近佛法，亦隨順舉辦有各種法會，計有例行法會如浴佛法會、觀音法會、清明法會、盂蘭盆法會、藥師法會、彌陀佛七法會、傳戒法會等。,https://books.masterhsingyun.org/ArticleDetail/artcle23605
rel_64d7fe5c8183,ent_51d7657ca696,佛光山,Institution,institution_hosts_activity,机构举办活动,ent_ae2a498d2bfb,佛學講座,PracticeActivity,directed,core_usable,stable_entity_graph,true,2,0,0,0,1,single_article,幾十年來，佛光山舉辦的佛學（經）講座，從鄉村廟口廣場到全省離島、學校、監獄，乃至把佛教帶到具有國際水準的國家殿堂，如：台北國父紀念館、高雄中正文化中心等各縣市的政府禮堂，以及香港最具國際規模的「紅磡香港體育館」等。,https://books.masterhsingyun.org/ArticleDetail/artcle7392
rel_ef156b872d88,ent_51d7657ca696,佛光山,Institution,institution_hosts_activity,机构举办活动,ent_328a2e62108e,校長會議,PracticeActivity,directed,core_usable,stable_entity_graph,true,1,0,0,0,1,single_article,後來佛光山經常舉辦青年會議、校長會議，尤其每年的教師會議，有時由救國團具名主辦，有時則由教育局出面舉辦，佛光山儼然是青年的佛光山。,https://books.masterhsingyun.org/ArticleDetail/artcle6906
rel_34350ec1c2a4,ent_51d7657ca696,佛光山,Institution,institution_hosts_activity,机构举办活动,ent_028281aa5164,弘法活動,PracticeActivity,directed,core_usable,stable_entity_graph,true,1,0,0,0,1,single_article,隨著佛光山舉辦各種弘法活動，全球佛光會會員人數達上百萬人，社會各界人士也熱烈參與；,https://books.masterhsingyun.org/ArticleDetail/artcle24154
rel_52a5d970c757,ent_51d7657ca696,佛光山,Institution,institution_hosts_activity,机构举办活动,ent_f5b8675133b0,傳戒法會,PracticeActivity,directed,core_usable,stable_entity_graph,true,1,0,0,0,1,single_article,佛光山為了接引廣大的信徒親近佛法，亦隨順舉辦有各種法會，計有例行法會如浴佛法會、觀音法會、清明法會、盂蘭盆法會、藥師法會、彌陀佛七法會、傳戒法會等。,https://books.masterhsingyun.org/ArticleDetail/artcle23605
rel_a4d1c85d865f,ent_51d7657ca696,佛光山,Institution,institution_hosts_activity,机构举办活动,ent_d1412ca6811b,佛光山假日修道會,PracticeActivity,directed,core_usable,stable_entity_graph,true,2,2,2,2,2,multi_article,除了舉辦各種夏令營、講習會、短期出家、八關齋戒、傳授在家五戒、菩薩戒等法會活動以外，一九九七年佛光山封山後，為順應信徒的要求，於每週六、日固定舉辦假日修道會，提供信徒聞法修行的機會。⟂S⟂其他不定期的活動有禪坐、朝山、抄經、禮懺、讀書會、才藝班、社區聯誼等；,https://books.masterhsingyun.org/ArticleDetail/artcle15673
rel_f34fceafc4ad,ent_51d7657ca696,佛光山,Institution,institution_operates_publication,机构运营出版物,ent_8356d330bcac,覺世旬刊,Classic,directed,core_usable,stable_entity_graph,true,1,0,0,0,1,single_article,佛光山接手《覺世旬刊》之後，有朱橋（朱家駿）、陳慧劍、慈惠、慈怡、依晟等人都來幫忙編務，前後發行四十年，從來沒有休刊過。,https://books.masterhsingyun.org/ArticleDetail/artcle7439
rel_931f42226730,ent_51d7657ca696,佛光山,Institution,institution_organizes_mission,机构组织弘法团队,ent_69eb6cd40e85,弘法團,Group,directed,core_usable,stable_entity_graph,true,1,0,0,0,1,single_article,一九八三年時，佛光山首次組織弘法團至馬來西亞時，檳城信眾分四路排班列隊，跪拜供養，歷經數小時，計收到十七萬馬幣，我立刻捐給馬來西亞佛學院，以示兌現心中諾言，「不為自己退票」。,https://books.masterhsingyun.org/ArticleDetail/artcle6410
rel_9a7e1d006694,ent_51d7657ca696,佛光山,Institution,institution_promotes_practice,机构推动实践,ent_a6b94c65c717,人間佛教,Concept,directed,core_usable,stable_entity_graph,true,1,1,1,1,1,single_article,佛光山為落實人間佛教理念，開山之初就訂下「四大宗旨」，作為實踐的目標。⟂S⟂這四大宗旨的內容為：,https://books.masterhsingyun.org/ArticleDetail/artcle7883
rel_3087bf10bb23,ent_51d7657ca696,佛光山,Institution,institution_promotes_practice,机构推动实践,ent_6d565d2bea46,共修淨化人心,Concept,directed,core_usable,stable_entity_graph,true,1,1,1,1,1,single_article,然而不論道場在何方，信徒有多少，佛光山始終堅守「以文化弘揚佛法，以教育培養人才，以慈善福利社會，以共修淨化人心」的四大宗旨。,https://books.masterhsingyun.org/ArticleDetail/artcle15567
rel_5ee85bb77f10,ent_51d7657ca696,佛光山,Institution,institution_promotes_practice,机构推动实践,ent_7589add60cad,弘法,PracticeActivity,directed,core_usable,stable_entity_graph,true,5,0,0,0,1,single_article,我也提出「集體創作、制度領導、非佛不作、唯法所依」，作為佛光山推動弘法寺務的精神理念。,https://books.masterhsingyun.org/ArticleDetail/artcle9684
rel_192487369011,ent_51d7657ca696,佛光山,Institution,institution_promotes_practice,机构推动实践,ent_7b593d6cedd8,教化,PracticeActivity,directed,core_usable,stable_entity_graph,true,1,0,0,0,1,single_article,佛光山文教基金會曾於一九九二年榮獲中華民國社會運動第二屆「和風獎」之傑出社會風氣改善獎，由執行長慈惠法師代表接受總統頒獎，此中說明佛光山推動社會教化的成果已經受到社會的肯定。,https://books.masterhsingyun.org/ArticleDetail/artcle15669
rel_0921d3c7e29a,ent_51d7657ca696,佛光山,Institution,institution_promotes_practice,机构推动实践,ent_5194433f131f,道糧齋僧功德回向法會,PracticeActivity,directed,core_usable,stable_entity_graph,true,2,0,0,0,1,single_article,近年來，佛光山積極提倡「道糧齋僧功德回向法會」，期將齋僧功德意義擴大到「不是供養熱鬧，而是供養辦道；,https://books.masterhsingyun.org/ArticleDetail/artcle8863
rel_59661aae980f,ent_51d7657ca696,佛光山,Institution,institution_propagates_doctrine,机构传播教义,ent_0e392a5a426a,三好,Concept,directed,core_usable,stable_entity_graph,true,11,0,0,0,1,single_article,佛光山提倡的三好、集體創作精神，《佛光菜根譚》提示的人我之間要包容、常保慈悲心，我都運用在公司的經營上。,https://books.masterhsingyun.org/ArticleDetail/artcle15767
rel_0a425d7f06bb,ent_51d7657ca696,佛光山,Institution,institution_propagates_doctrine,机构传播教义,ent_a6b94c65c717,人間佛教,Concept,directed,core_usable,stable_entity_graph,true,49,2,2,2,3,multi_article,佛光山是提倡「人間佛教」的道場，雖然還沒有什麼歷史，但是有理想，各位在這裡參觀了以後，請給我們多多指教。,https://books.masterhsingyun.org/ArticleDetail/artcle16528
rel_1c016638ad01,ent_51d7657ca696,佛光山,Institution,institution_propagates_doctrine,机构传播教义,ent_9cfd3c00cfee,佛化,DoctrineTerm,directed,core_usable,stable_entity_graph,true,2,0,0,0,1,single_article,二十年來，佛光山一直在提倡佛化家庭。,https://books.masterhsingyun.org/ArticleDetail/artcle21604
rel_242e29d541ee,ent_51d7657ca696,佛光山,Institution,institution_propagates_doctrine,机构传播教义,ent_b9466da1d262,佛教,DoctrineTerm,directed,core_usable,stable_entity_graph,true,5,1,1,1,2,single_article,例如，道德是儒家孔孟的立場，正派是君子的立場，慈悲是菩薩度眾的立場，人間佛教是佛光山弘揚佛教的立場，不親近外道邪教，則是佛教徒的立場。,https://books.masterhsingyun.org/ArticleDetail/artcle3305
rel_a141f3662c7e,ent_51d7657ca696,佛光山,Institution,institution_propagates_doctrine,机构传播教义,ent_e148ca0687f4,佛法,DoctrineTerm,directed,core_usable,stable_entity_graph,true,33,1,1,1,2,single_article,佛光山僧團大眾，遠紹如來之遺教，創立佛光山，擬定佛光人信條，並且於各地興辦佛學院培養僧才，派至海內外，從事各種佛教事業，弘揚佛法，於佛教之現代化、國際化，確有宏效。,https://books.masterhsingyun.org/ArticleDetail/artcle22922
rel_bdec5f6d8294,ent_51d7657ca696,佛光山,Institution,institution_propagates_doctrine,机构传播教义,ent_ceccf4270785,四給,Concept,directed,core_usable,stable_entity_graph,true,7,0,0,0,1,single_article,甚至現在佛光山提倡「四給」，給人信心、給人歡喜、給人希望、給人方便」。,https://books.masterhsingyun.org/ArticleDetail/artcle16367
rel_8a5b8fa65d5d,ent_51d7657ca696,佛光山,Institution,institution_propagates_doctrine,机构传播教义,ent_fd85beeca7fa,平等,DoctrineTerm,directed,core_usable,stable_entity_graph,true,1,0,0,0,1,single_article,佛光山僧團推動僧信平等共修，以道會友，共同致力於人間佛教的弘揚，擴大社會影響力。,https://books.masterhsingyun.org/ArticleDetail/artcle24133
rel_25677c1c5d52,ent_51d7657ca696,佛光山,Institution,institution_propagates_doctrine,机构传播教义,ent_2a947d66f56d,教育,Concept,directed,core_usable,stable_entity_graph,true,2,0,0,0,1,single_article,佛光山提倡社會教育，在各道場設立各種才藝班，社會大學等莫不聲譽卓著。,https://books.masterhsingyun.org/ArticleDetail/artcle20397
rel_17e988601e71,ent_51d7657ca696,佛光山,Institution,institution_propagates_doctrine,机构传播教义,ent_82e5a99accd6,茶道,Concept,directed,core_usable,stable_entity_graph,true,1,0,0,0,1,single_article,答：佛光山自開山以來，也提倡茶道。,https://books.masterhsingyun.org/ArticleDetail/artcle2393
rel_db74d9202fb0,ent_51d7657ca696,佛光山,Institution,institution_propagates_doctrine,机构传播教义,ent_4d6c30af85ee,集體創作,Concept,directed,core_usable,stable_entity_graph,true,1,0,0,0,1,single_article,個人為佛法，不能成就，所以佛光山提倡要「集體創作」。,https://books.masterhsingyun.org/ArticleDetail/artcle10956
rel_e45ba765b759,ent_51d7657ca696,佛光山,Institution,institution_propagates_doctrine,机构传播教义,ent_ac20060dd943,漢傳佛教,SchoolTradition,directed,core_usable,stable_entity_graph,true,1,0,0,0,1,single_article,但星雲大師創建的佛光山，不但將台灣發展成佛教有史以來最輝煌的勝地，更由佛光山出發，將漢傳佛教傳播到世界各地。,https://books.masterhsingyun.org/ArticleDetail/artcle20397
rel_ff8fe79af4fb,ent_51d7657ca696,佛光山,Institution,institution_propagates_doctrine,机构传播教义,ent_109dd7d31637,佛教現代化,Concept,directed,core_usable,stable_entity_graph,true,2,0,0,0,1,single_article,因此，佛光山所提倡的佛教現代化，是在保持傳統內涵精神的同時，也跟著時代一起進步，積極走向現代化。,https://books.masterhsingyun.org/ArticleDetail/artcle8740
rel_0152e4a96f0b,ent_51d7657ca696,佛光山,Institution,institution_realizes_ideal,机构承载或实现理念,ent_f928e10be115,人間淨土,PlaceRealm,directed,core_usable,stable_entity_graph,true,1,0,0,0,1,single_article,師父以觀音、文殊、地藏、普賢等四大菩薩的表德─悲、智、願、行，做為他創辦佛教學院的理想宗旨，將佛光山建設成弘揚四大菩薩精神的人間淨土，綜觀師父一生的行誼，無非是這四大菩薩六度萬行的具體實踐與完成。有一年，一群立法委員到佛光山，準備和山上的職事舉行座談，以做為制定宗教法的參考。當立法委員們巡山回到朝山會舘休息時，師父要我到廚房拿茶水招待貴賓，哪裡知道水管臨時出了毛病，滴水不出，我急得如熱鍋螞蟻，一頭鑽出廚房，跑到客廳向師父報告說：「沒有水了！」當時只聽見師父低低喝斥了一聲說：「這時候，能對我說沒水嗎？」這就是師父對弟子的教育，在師父看來，世間上沒有不可能的事，再困難的境遇，只要用心，沒有不能峰迴路轉，迎刃而解的。事後，師父以肅穆的神色對我說，他當時恨不得把自己身上的血液化成清流江河，也要煮成水給客人喝。,https://books.masterhsingyun.org/ArticleDetail/artcle17421
rel_eaa5b049f73e,ent_51d7657ca696,佛光山,Institution,institution_realizes_ideal,机构承载或实现理念,ent_7f440e9c5bcf,菩薩道,DoctrineTerm,directed,core_usable,stable_entity_graph,true,1,1,1,1,1,single_article,以落實大乘菩薩道為目標的佛光山，自開建以來，一切的設施無非都是以「給人方便」為原則，例如：為了方便看護失怙的孤兒，設立育幼院；⟂S⟂為了方便照顧無依的老人，成立養老院；⟂S⟂為了方便國際弘法，開辦英文佛學院、日文佛學院等；⟂S⟂為了方便信徒休憩，植花種樹，遍設座椅；⟂S⟂為了方便大眾使用，設置會議室、會客廳；⟂S⟂為了方便佛子學習佛化生活，在別分院成立金剛禪坐會、婦女法座會；⟂S⟂為了方便民眾因應實際需要，在各道場開設各種技藝班級。⟂S⟂「給人方便」不但是慈悲的流露，更是智慧的運用；⟂S⟂「給人方便」不但是道德的實踐，更是思想的開拓。⟂S⟂凡我佛光人應謹守「給人方便」的信條，發展現代化的佛教，讓一切大眾都能普受法益。,https://books.masterhsingyun.org/ArticleDetail/artcle20519
rel_b5e8ff595dcd,ent_51d7657ca696,佛光山,Institution,institution_serves_group,机构服务或利益群体,ent_0b57e814efc0,佛子,Group,directed,core_usable,stable_entity_graph,true,1,1,1,1,1,single_article,以落實大乘菩薩道為目標的佛光山，自開建以來，一切的設施無非都是以「給人方便」為原則，例如：為了方便看護失怙的孤兒，設立育幼院；⟂S⟂為了方便照顧無依的老人，成立養老院；⟂S⟂為了方便國際弘法，開辦英文佛學院、日文佛學院等；⟂S⟂為了方便信徒休憩，植花種樹，遍設座椅；⟂S⟂為了方便大眾使用，設置會議室、會客廳；⟂S⟂為了方便佛子學習佛化生活，在別分院成立金剛禪坐會、婦女法座會；⟂S⟂為了方便民眾因應實際需要，在各道場開設各種技藝班級。⟂S⟂「給人方便」不但是慈悲的流露，更是智慧的運用；⟂S⟂「給人方便」不但是道德的實踐，更是思想的開拓。⟂S⟂凡我佛光人應謹守「給人方便」的信條，發展現代化的佛教，讓一切大眾都能普受法益。,https://books.masterhsingyun.org/ArticleDetail/artcle20519
rel_9727b3a0084f,ent_51d7657ca696,佛光山,Institution,institution_serves_group,机构服务或利益群体,ent_d3e26d33b46f,大眾,Group,directed,core_usable,stable_entity_graph,true,1,0,0,0,1,single_article,佛光山開創多項活動，接引大眾參與，將佛法帶進每個家庭，帶動社會正當的活動。,https://books.masterhsingyun.org/ArticleDetail/artcle24156
rel_9d17f1d2d272,ent_51d7657ca696,佛光山,Institution,institution_serves_group,机构服务或利益群体,ent_aef97ef170d1,眾生,Group,directed,core_usable,stable_entity_graph,true,1,0,0,0,1,single_article,林金榜會後表示，人與神明都要團結，神明聯誼會也是文化交流，佛光山提供交流平台，利益眾生。,https://books.masterhsingyun.org/ArticleDetail/artcle19695
rel_feca344c2463,ent_51d7657ca696,佛光山,Institution,institution_serves_group,机构服务或利益群体,ent_1b85a8db0019,信徒,Group,directed,core_usable,stable_entity_graph,true,5,4,5,4,5,multi_article,佛光山開山近四十年來，遠紹教主佛陀示教利喜的本懷，上承歷代祖師拔苦與樂的悲願，向以「給人歡喜」的信條戮力於弘法利生的工作。⟂S⟂所以我們在世界各地遍設別分院，並非為了自己居住，而是要讓大家都能愉悅地體驗佛教的生活；⟂S⟂我們在海內海外成立佛光會，也不是為了揚名萬世，而是要讓佛子都能歡喜地聯繫彼此的友誼。⟂S⟂我們將殿堂布置得美輪美奐，將庭院打掃得整齊清潔，並非為了自己舒適，而是要令大家同感欣喜；⟂S⟂我們安置莊嚴慈和的佛像，編印語體化的藏經，也不是為了給自己欣賞，而是要使大家都能歡喜閱讀；⟂S⟂我們以親切的態度接引來者，以讚美的語言鼓勵信徒，並非為了自己的未來，而是想讓大家安樂自在；⟂S⟂我們以佛法妙諦化導眾生，以衣物藥品濟貧救苦也不是為了自己的利益，而是希望大家身心喜悅。⟂S⟂總之，我們禮敬一切眾生，必須以眾生的歡喜為我們的歡喜。,https://books.masterhsingyun.org/ArticleDetail/artcle20519
rel_071f620a1c30,ent_51d7657ca696,佛光山,Institution,institution_serves_group,机构服务或利益群体,ent_372b0cf6c9e9,學生,Group,directed,core_usable,stable_entity_graph,true,1,1,1,1,1,single_article,「國際化是佛教必然的趨勢，現代化是佛教進步的關鍵，僧伽教育是佛教萬年的基業，淨化人心是佛教向來的目標。」⟂S⟂大師人間佛教的理念不僅要根植於本土，更要傳播於全球，走向世界，以佛法服務大眾。⟂S⟂大師的宏願及其胸懷，除了將佛法傳播到全球，佛學院的學生也來自世界各地。⟂S⟂「每年來自美國、加拿大、非洲、馬來西亞、新加坡、韓國、印度等地區的外籍學生愈來愈多，他們學成回國，在當地弘法，對於佛教的國際化、本土化，實功不可沒。⟂S⟂來佛光山叢林學院就讀的外籍學生，其生活費完全由佛光山負責，也多能遵循政府所訂定的不違反國家法令、不在外打工之規定。」⟂S⟂大師「給」的精神，讓學生安住於佛法的學習，使其無有後顧之憂。,https://books.masterhsingyun.org/ArticleDetail/artcle24127
rel_9e79f51ea3ff,ent_51d7657ca696,佛光山,Institution,returns_to_origin_or_continues_spirit,回归源头或延续精神,ent_3d760ca3cddb,佛陀本懷,Concept,directed,core_usable,stable_entity_graph,true,1,1,1,1,1,single_article,佛光山開山近四十年來，遠紹教主佛陀示教利喜的本懷，上承歷代祖師拔苦與樂的悲願，向以「給人歡喜」的信條戮力於弘法利生的工作。⟂S⟂所以我們在世界各地遍設別分院，並非為了自己居住，而是要讓大家都能愉悅地體驗佛教的生活；,https://books.masterhsingyun.org/ArticleDetail/artcle20519
rel_df71c7eb2984,ent_0b57e814efc0,佛子,Group,group_attains_doctrinal_state,群体证得教义境界,ent_44689cd01464,法喜禪悅,DoctrineTerm,directed,core_usable,stable_entity_graph,true,1,1,1,1,1,single_article,剛來台灣時，有一位同道和我說：「大陸的寺宇氣派恢宏，比較能夠攝受人。」⟂S⟂我乍聽之下，覺得哪裡的道場不都一樣嗎？⟂S⟂心中頗不以為然，但後來比較研究的結果，發覺的確有幾分道理。⟂S⟂我想起經中敘述極樂世界黃金鋪地、七寶樓閣、八功德水、微風舒懷等情況，不禁對阿彌陀佛的善巧方便，敬佩萬分。⟂S⟂所以後來自己建道場殿堂時，也非常注重式樣格局，總是力求外部的大方莊嚴，富麗堂皇，內部的美觀舒適，怡人心脾。⟂S⟂雖然無法做到行樹羅網、水鳥說法的境地，但是我購苗植林，愛護禽獸，使來山遊客都能享受林園風光；⟂S⟂我搬砂運土，移山倒水，建設淨土洞窟、佛教文物陳列館、展覽館，讓朝山信徒均能領略文化之美；⟂S⟂我恪遵古制，取法現代，成立禪堂、念佛堂、禮懺堂，令佛子們都能在此獲得法喜禪悅；⟂S⟂我用心擘劃一桌一凳、一瓦一石，希望凡是來這裡的一切眾生，均能滌盡塵慮，增長菩提。,https://books.masterhsingyun.org/ArticleDetail/artcle16116
rel_7e61ba7f9591,ent_0b57e814efc0,佛子,Group,group_performs_practice,群体实践修行,ent_451aac4b11fb,讚歎,PracticeActivity,directed,core_usable,stable_entity_graph,true,1,1,1,1,1,single_article,觀世音菩薩因為二六時中忙著尋聲救苦，地藏王菩薩由於時時刻刻忙著地獄度生，所以贏得佛子們的頂禮讚歎。,https://books.masterhsingyun.org/ArticleDetail/artcle6544
rel_7318e67b4599,ent_d226ef15b80a,佛心,DoctrineTerm,concept_defined_as,概念定义为,ent_942a1f85e62c,平等心,DoctrineTerm,directed,core_usable,stable_entity_graph,true,1,0,0,0,1,single_article,佛心就是平等心。,https://books.masterhsingyun.org/ArticleDetail/artcle16133
rel_98dc13dd3527,ent_d226ef15b80a,佛心,DoctrineTerm,concept_defined_as,概念定义为,ent_cf26f7ad8f86,慈悲,DoctrineTerm,directed,core_usable,stable_entity_graph,true,2,0,0,0,1,single_article,佛心，就是慈悲，就是道德，就是善美。,https://books.masterhsingyun.org/ArticleDetail/artcle1644
rel_1fbd16dc71d5,ent_d226ef15b80a,佛心,DoctrineTerm,concept_equivalent_to,概念等同或同义,ent_cf26f7ad8f86,慈悲,DoctrineTerm,symmetric,core_usable,stable_entity_graph,true,2,0,0,0,1,single_article,佛心，就是慈悲，就是道德，就是善美。,https://books.masterhsingyun.org/ArticleDetail/artcle1644
rel_4639e8a493b0,ent_b4d10439f17e,佛性,DoctrineTerm,concept_defined_as,概念定义为,ent_c84e07b0932e,成佛,Concept,directed,core_usable,stable_entity_graph,true,1,0,0,0,1,single_article,佛性是什麼？ ⟂S⟂ 就是我們能成佛的性能。,https://books.masterhsingyun.org/ArticleDetail/artcle11012
rel_f46e9e4e8c69,ent_b4d10439f17e,佛性,DoctrineTerm,concept_defined_as,概念定义为,ent_ced3b75054f2,法身,DoctrineTerm,directed,core_usable,stable_entity_graph,true,1,0,0,0,1,single_article,佛性就是法身，是吾人的生命本體。,https://books.masterhsingyun.org/ArticleDetail/artcle5159
rel_0dd2b617246d,ent_b4d10439f17e,佛性,DoctrineTerm,concept_defined_as,概念定义为,ent_b265c0f135b0,涅槃,DoctrineTerm,directed,core_usable,stable_entity_graph,true,3,0,0,0,1,single_article,此外，《大涅槃經》說，「佛性」就是涅槃；,https://books.masterhsingyun.org/ArticleDetail/artcle7541
rel_f43584962e61,ent_b4d10439f17e,佛性,DoctrineTerm,concept_defined_as,概念定义为,ent_e819b0db87f6,禪心,DoctrineTerm,directed,core_usable,stable_entity_graph,true,1,1,1,1,1,single_article,我在演講中提到，未到南非之前，耳聞南非盛產黃金鑽石，但是在我們內心有比黃金鑽石更寶貴的東西，那就是人人本具的佛性。⟂S⟂佛性，用比較淺顯易懂的字眼表達就是「禪心」。⟂S⟂從二千五百年前佛陀在靈山會上拈花，迦葉微微一笑，從此說明人和人之間除了語言的溝通外，更難得的是心靈的交流，那就是禪。⟂S⟂今天我藉著歷史上許多參禪悟道的祖師參悟的過程，希望幫助大家找回比黃金鑽石更寶貴的禪心，發掘自我的般若寶藏。,https://books.masterhsingyun.org/ArticleDetail/artcle4343
rel_0754886729a0,ent_b4d10439f17e,佛性,DoctrineTerm,concept_equivalent_to,概念等同或同义,ent_4c194eb34333,般若,DoctrineTerm,symmetric,core_usable,stable_entity_graph,true,2,2,2,2,2,multi_article,大乘佛法的般若空慧並非停滯於照空不照有的空境面向，而是全然無執的精神境界，不住空有而雙照空有，連「空」的概念都加以超越，由「真空」顯現「妙有」，如此無量無邊的智慧作用，使得具足一切功德的圓滿佛智全體豁顯，不論是「般若」、「佛性」，或禪宗的「自性」，都在指涉平等的聖智境地。,https://books.masterhsingyun.org/ArticleDetail/artcle17807
rel_84768415eb4d,ent_b4d10439f17e,佛性,DoctrineTerm,concept_has_quality,概念具有属性,ent_96ef6af74ecb,不生不滅,DoctrineTerm,directed,core_usable,stable_entity_graph,true,2,2,2,2,2,multi_article,佛性人人本具，佛性是不生不滅的永恆存在；⟂S⟂相對的，世間一切都是因緣所生法，隨著緣生緣滅而示現「苦空無常」，因此我們在面對現實的人間生活時，要有「緣起中道」的智慧；⟂S⟂能夠了悟「緣起性空」的諸法實相，從而建立「空有一如」、「真俗不二」的中道思想觀，並且落實在日常生活中，透過「自覺行佛」的實踐，最後才能「轉識成智」，才能圓滿生命。,https://books.masterhsingyun.org/ArticleDetail/artcle15644
rel_b82761d4aea8,ent_b4d10439f17e,佛性,DoctrineTerm,concept_in_tension_with,概念之间存在义理张力,ent_c491291ea5a3,無我,DoctrineTerm,symmetric,core_usable,stable_entity_graph,true,1,1,1,1,1,single_article,五蘊和合的「我」，雖然是不真實的，可是這個「我」可以藉假修真，乃至真心、佛性還是不離這個「我」，然而二乘羅漢於佛性真我之中，妄計無我，故說顛倒。,https://books.masterhsingyun.org/ArticleDetail/artcle158
rel_4c2a689af625,ent_b4d10439f17e,佛性,DoctrineTerm,concept_in_tension_with,概念之间存在义理张力,ent_3f2cfc0ad314,煩惱,DoctrineTerm,symmetric,core_usable,stable_entity_graph,true,1,1,1,1,1,single_article,每天，人的心裡都有兩個念頭交互出現，一個是利益人的念頭，一個是損害人的念頭，經常「天人交戰」、「善惡矛盾」，也就是真如佛性的心和煩惱妄想的心，一直在我們的內心裡交戰。,https://books.masterhsingyun.org/ArticleDetail/artcle13875
rel_b64166738f95,ent_b4d10439f17e,佛性,DoctrineTerm,concept_named_as,概念命名为,ent_e819b0db87f6,禪心,DoctrineTerm,directed,core_usable,stable_entity_graph,true,1,1,1,1,1,single_article,佛性，用比較淺顯易懂的字眼表達就是「禪心」。⟂S⟂從二千五百年前佛陀在靈山會上拈花，迦葉微微一笑，從此說明人和人之間除了語言的溝通外，更難得的是心靈的交流，那就是禪。,https://books.masterhsingyun.org/ArticleDetail/artcle4343
rel_6d302f93197e,ent_b4d10439f17e,佛性,DoctrineTerm,doctrinal_entails,义理论证推出,ent_fd85beeca7fa,平等,DoctrineTerm,directed,core_usable,stable_entity_graph,true,1,1,1,1,1,single_article,再進一步說：「佛性之前，人人平等。」⟂S⟂釋迦牟尼佛在菩提樹下、金剛座上，成等正覺，他第一句話就是說：「奇哉！⟂S⟂奇哉！⟂S⟂大地眾生皆有如來智慧德相，只因妄想執著而不能證得。」⟂S⟂這就是說明「心、佛、眾生，三無差別」的道理。⟂S⟂佛陀他曾發出宣言：「四姓入佛，同為釋氏。」⟂S⟂、「百川入海，同一鹹味。」⟂S⟂印度社會階級那樣森嚴，但你入了佛門，全部都是佛子。⟂S⟂一切眾生皆有佛性，就等於人人皆可以成為堯舜，所謂「舜何人也？⟂S⟂予何人也？⟂S⟂有為者亦若是」。⟂S⟂所以我們要知道，成佛、成聖、成賢，我都可能；⟂S⟂在這個社會裡面做一個好人，我怎麼不可能呢？,https://books.masterhsingyun.org/ArticleDetail/artcle11033
rel_0faacc0b6f2b,ent_b4d10439f17e,佛性,DoctrineTerm,doctrine_constrained_by,义理受条件或范围限制,ent_2c806eb2d81c,分別,DoctrineTerm,directed,core_usable,stable_entity_graph,true,1,1,1,1,1,single_article,但人們常落入妄想分別，而與本性──佛性不能相應，所以趙州禪師要人不要離開生活，因為離開了生活就沒有道可尋。,https://books.masterhsingyun.org/ArticleDetail/artcle8647
rel_04801292002e,ent_b4d10439f17e,佛性,DoctrineTerm,doctrine_constrained_by,义理受条件或范围限制,ent_11ac08443dd8,持戒,PracticeActivity,directed,core_usable,stable_entity_graph,true,2,2,2,2,2,multi_article,戒律是佛法的生命，是諸佛的本源，一切眾生皆有佛性，然而佛性雖具，必須持戒，然後乃見。,https://books.masterhsingyun.org/ArticleDetail/artcle3971
rel_2c2381987b8d,ent_b4d10439f17e,佛性,DoctrineTerm,doctrine_constrained_by,义理受条件或范围限制,ent_3f2cfc0ad314,煩惱,DoctrineTerm,directed,core_usable,stable_entity_graph,true,1,1,1,1,1,single_article,佛性之所以無法彰顯，是因為被煩惱、是非的塵土給覆蓋住，好比明月被烏雲籠罩，白米被粗糠包裹，金佛藏之於泥土，礦藏埋之於大地一般。,https://books.masterhsingyun.org/ArticleDetail/artcle14833
rel_b803f6d2b824,ent_fed693c13929,佛成道日,DoctrineTerm,religious_commemoration_uses_ritual_object,宗教纪念日使用仪式物,ent_c0c760bf302e,臘八粥,RitualObject,directed,core_usable,stable_entity_graph,true,2,2,2,2,2,multi_article,過去叢林寺院逢農曆四月八日，僧信四眾就會舉辦浴佛法會，慶祝佛誕節；⟂S⟂十二月初八，佛成道日分送臘八粥給各家各戶。⟂S⟂這兩個節日，家家戶戶，無人不知，無人不曉，所以佛誕節浴佛、佛成道日吃臘八粥，佛教因此得以傳遍民間。,https://books.masterhsingyun.org/ArticleDetail/artcle17005
rel_ec1ed49da0f7,ent_b9466da1d262,佛教,DoctrineTerm,concept_defined_as,概念定义为,ent_a6b94c65c717,人間佛教,Concept,directed,core_usable,stable_entity_graph,true,34,0,0,0,1,single_article,你相信慈悲，慈悲在你的生活中有受用，慈悲就是人間佛教，三皈、五戒、六度、十善都是人間佛教，人間佛教就是救度大眾的佛教，我們全眾生人類的佛教就是人間佛教。,https://books.masterhsingyun.org/ArticleDetail/artcle8392
rel_538f7fb0c1f5,ent_b9466da1d262,佛教,DoctrineTerm,concept_defined_as,概念定义为,ent_7589add60cad,弘法,PracticeActivity,directed,core_usable,stable_entity_graph,true,1,0,0,0,1,single_article,闡揚正法即是護法，保護佛教即是弘法，佛教的內憂外患需要發菩提心者的護衛，如中國佛教歷史上的多次法難*2，都是由於菩薩們的捨命為教，才能法輪常轉，佛日增輝。,https://books.masterhsingyun.org/ArticleDetail/artcle4003
rel_1c3d54de2c47,ent_b9466da1d262,佛教,DoctrineTerm,concept_defined_as,概念定义为,ent_2a947d66f56d,教育,Concept,directed,core_usable,stable_entity_graph,true,1,0,0,0,1,single_article,我一生弘揚人間佛教，佛教是教育、是文化、是喜捨、是利人，年輕弟子們能步履相繼，在信仰層次上，與我相知相應，禪偈云「尋常一般窗前月，才有梅花便不同」，但願深得智慧法喜奧祕的「慧喜」，盡未來際，發心將這樣的歡喜布滿人間。,https://books.masterhsingyun.org/ArticleDetail/artcle23635
rel_648690e061e7,ent_b9466da1d262,佛教,DoctrineTerm,concept_defined_as,概念定义为,ent_7f440e9c5bcf,菩薩道,DoctrineTerm,directed,core_usable,stable_entity_graph,true,1,0,0,0,1,single_article,佛教是菩薩道，包容人、天、小乘，乃至一切出世的事業。,https://books.masterhsingyun.org/ArticleDetail/artcle11026
rel_5c252f66df4f,ent_b9466da1d262,佛教,DoctrineTerm,concept_defined_as,概念定义为,ent_051f7ea6ad2c,轉法輪,Concept,directed,core_usable,stable_entity_graph,true,1,0,0,0,1,single_article,推展佛教就是「轉法輪」，法輪轉動，佛法才能興隆；,https://books.masterhsingyun.org/ArticleDetail/artcle2612
rel_fecdb6ba19f4,ent_b9466da1d262,佛教,DoctrineTerm,concept_defined_as,概念定义为,ent_edb83f453adc,入世,Concept,directed,core_usable,stable_entity_graph,true,1,1,1,1,1,single_article,由此可見，佛陀說苦並非目的，佛陀只是告訴世人苦的原因，以及如何離苦得樂的方法，其真正目的是為了「示教利喜」。⟂S⟂因此大師強調，佛教並非如一般人所誤解，以為佛教整天只是說苦、說空，認為佛教是悲觀消極，是充滿出世思想的遁世之教；⟂S⟂相反的，佛教對人間其實最為關懷，佛教是積極入世，是導人邁向「極樂之境」的歡喜快樂之教。⟂S⟂,https://books.masterhsingyun.org/ArticleDetail/artcle15646
rel_e4aa3dfe8045,ent_b9466da1d262,佛教,DoctrineTerm,concept_defined_as,概念定义为,ent_17c3301155f2,以人為本,Concept,directed,core_usable,stable_entity_graph,true,2,2,2,2,2,multi_article,今日兩岸似乎都極力在提倡人間佛教或人生佛教，事實上，只要我們對照一下後期印度佛教，乃至西藏佛教，將不難發現：這些地區的修行者都是大乘佛教所標榜的菩薩化身，他們以菩提心和緣起性空，轉化成「悲智雙運」，行「無住處涅槃」的誓願，哪怕是成了一切智者，但是為了救度眾生，卻不厭不倦地一而再、再而三地轉世於人間。⟂S⟂因為佛教本來就是以人為本，佛教產生於人間，服務人間，根本沒有脫離人間，這是後期印度佛教和西藏佛教的寫照。⟂S⟂是以兩岸的漢地佛教所提倡的人間佛教或人生佛教，乃由於文化、歷史等的環境使然；⟂S⟂有此倡導，我們不足為奇。,https://books.masterhsingyun.org/ArticleDetail/artcle23929
rel_a60e4129a45c,ent_b9466da1d262,佛教,DoctrineTerm,concept_has_quality,概念具有属性,ent_fd85beeca7fa,平等,DoctrineTerm,directed,core_usable,stable_entity_graph,true,1,1,1,1,1,single_article,什麼是共產主義，我們倒不是太了解，但是就我知道的，佛教主義更是共產主義，佛教更共產，為什麼？⟂S⟂這個道理講起來就很學術性、學理性。⟂S⟂因為佛教不私有，什麼都是共榮共同的，都是很平等的，不官僚。⟂S⟂或者說，佛教講究無產階級，甚至更為無產階級。⟂S⟂像到了吃飯的時候，無論大和尚也好，小和尚也好，貴賓、政要、村夫、苦人也好，統統都是吃一樣的飯菜，都是平等的。⟂S⟂佛教講究平等共尊，這就是共產主義吧。,https://books.masterhsingyun.org/ArticleDetail/artcle16368
rel_faa8ddc0fea4,ent_b9466da1d262,佛教,DoctrineTerm,concept_has_quality,概念具有属性,ent_cf26f7ad8f86,慈悲,DoctrineTerm,directed,core_usable,stable_entity_graph,true,5,3,3,3,4,multi_article,所以，佛教是個和平、慈悲的宗教。,https://books.masterhsingyun.org/ArticleDetail/artcle11015
rel_a93c3463802b,ent_b9466da1d262,佛教,DoctrineTerm,concept_has_quality,概念具有属性,ent_b1e217884f50,智慧,DoctrineTerm,directed,core_usable,stable_entity_graph,true,1,1,1,1,1,single_article,在接這座古堡時，也經歷了一些波折︰巴黎一家法文報紙首先發表古堡即將易主的新聞，由於記者對佛教有所誤解而使報導失真，此一消息引起法國政府及民眾的關心，附近居民甚至走上街頭抗議反對。⟂S⟂前一任堡主古辛諾先生即挺身而出，發表一段公開聲明，述說佛教乃世界四大宗教之一，具有悠久的歷史傳承，以其智慧與慈悲的特質，提供全人類和平的訊息。⟂S⟂全法國五十萬的佛教徒中，法蘭西人本身就占了十五萬人。⟂S⟂即將成為古堡新主人的是來自台灣的佛教團體，他確信亞洲人在法國多年來的和平無爭，就是一種有力的保證。⟂S⟂古辛諾先生這一番說詞鏗鏘有力，不但使得法國城內的華僑殷切期待佛光山來此建寺，連法國人本身也樂見其成。,https://books.masterhsingyun.org/ArticleDetail/artcle8361
rel_35a0188ef855,ent_b9466da1d262,佛教,DoctrineTerm,concept_has_quality,概念具有属性,ent_b9c334cfd06e,歡喜,DoctrineTerm,directed,core_usable,stable_entity_graph,true,1,1,1,1,1,single_article,而觀世音菩薩之所以倒駕慈航，迴入娑婆，也是為了「拔苦與樂」，可見「歡喜」才是佛教的本質，「快樂」才是學佛的目的。⟂S⟂因此我們要效法諸佛菩薩的慈心悲願，將歡喜的種子散播到世間每一個角落。,https://books.masterhsingyun.org/ArticleDetail/artcle16732
rel_59410d7432c6,ent_b9466da1d262,佛教,DoctrineTerm,concept_has_subconcept,概念包含下位概念,ent_1244a0f49239,世間法,DoctrineTerm,directed,core_usable,stable_entity_graph,true,1,1,1,1,1,single_article,在佛教有真俗二諦，也就是有世間法和出世間法之別。⟂S⟂世間法是有為、有漏，是苦空無常的，世間法裡沒有一樣恆常不變的東西，所以不值得追求；⟂S⟂唯有超越世間法，才能找到出世間「常樂我淨」的涅槃世界，這才是我人最終的歸宿。,https://books.masterhsingyun.org/ArticleDetail/artcle1831
rel_34c807a09b4f,ent_b9466da1d262,佛教,DoctrineTerm,concept_has_subconcept,概念包含下位概念,ent_931d353cbc62,出世間法,DoctrineTerm,directed,core_usable,stable_entity_graph,true,1,1,1,1,1,single_article,在佛教有真俗二諦，也就是有世間法和出世間法之別。⟂S⟂世間法是有為、有漏，是苦空無常的，世間法裡沒有一樣恆常不變的東西，所以不值得追求；⟂S⟂唯有超越世間法，才能找到出世間「常樂我淨」的涅槃世界，這才是我人最終的歸宿。,https://books.masterhsingyun.org/ArticleDetail/artcle1831
rel_4330196db846,ent_b9466da1d262,佛教,DoctrineTerm,concept_has_subconcept,概念包含下位概念,ent_e4c3fa5588a1,因果,DoctrineTerm,directed,core_usable,stable_entity_graph,true,2,0,0,0,1,single_article,一六問：因果，是佛教的根本教義。,https://books.masterhsingyun.org/ArticleDetail/artcle2511
rel_7f7d75b8860d,ent_b9466da1d262,佛教,DoctrineTerm,concept_has_subconcept,概念包含下位概念,ent_809a27b54503,慈善,Concept,directed,core_usable,stable_entity_graph,true,2,0,0,0,1,single_article,因此我常說，慈善是佛教的一環，甚至可以說佛教本身就是慈善事業；,https://books.masterhsingyun.org/ArticleDetail/artcle791
rel_c5f04d560624,ent_b9466da1d262,佛教,DoctrineTerm,concept_has_subconcept,概念包含下位概念,ent_3ba8f5d64313,無為法,DoctrineTerm,directed,core_usable,stable_entity_graph,true,1,0,0,0,1,single_article,佛教將宇宙世界的一切諸法，分為「有為法」和「無為法」。,https://books.masterhsingyun.org/ArticleDetail/artcle13760
rel_23e992224995,ent_b9466da1d262,佛教,DoctrineTerm,concept_has_subconcept,概念包含下位概念,ent_b92c964bebfd,緣覺,DoctrineTerm,directed,core_usable,stable_entity_graph,true,1,0,0,0,1,single_article,佛教有不同於其他宗教的核心價值，不僅包含聲聞、緣覺和天人等修行法門，還特別強調菩薩乘的存在。,https://books.masterhsingyun.org/ArticleDetail/artcle24093
rel_23b1b9907af2,ent_b9466da1d262,佛教,DoctrineTerm,concept_has_subconcept,概念包含下位概念,ent_9e7028261726,因果觀念,Concept,directed,core_usable,stable_entity_graph,true,1,1,1,1,1,single_article,常常有許多報紙、媒體、電視記者，要求訪查本山的帳簿。⟂S⟂我告訴他們：如來殿四樓和雲居樓二樓的功德陶壁，就是我們的帳簿。⟂S⟂因為每一位捐贈者，我們都會把他的名字鐫刻在牆壁上。⟂S⟂我告訴他們：寺院財務的經理人，不是會計，也不是出納，是「因果」，寺院的監督也是「因果」，因為佛教有因果觀念，出家人和一般旁門左道者擁有財富的想法不一樣，他知道寺院的淨財是「十方來，十方去」，因此，對錢的使用有慎篤的精神、有常住的觀念。⟂S⟂如果說某位法師有錢，那也等於是寺廟的錢，不是拿來重新建設佛殿，就是建藏經樓，都是用在建設寺院，不會用到他處。,https://books.masterhsingyun.org/ArticleDetail/artcle16754
rel_b74755e6b353,ent_b9466da1d262,佛教,DoctrineTerm,concept_in_tension_with,概念之间存在义理张力,ent_809a27b54503,慈善,Concept,symmetric,core_usable,stable_entity_graph,true,2,1,2,1,2,single_article,他堅持佛教不同於一般慈善團體，不能只是從事救濟工作，應在從事慈善時賦與佛法弘化的功能。,https://books.masterhsingyun.org/ArticleDetail/artcle24113
rel_bff3b934d014,ent_b9466da1d262,佛教,DoctrineTerm,concept_in_tension_with,概念之间存在义理张力,ent_86c264bbf70a,社會,Concept,symmetric,core_usable,stable_entity_graph,true,1,1,1,1,1,single_article,然而佛教社會化弘法及發展之理念，本來針對傳統佛教「山林化」、「寺院化」及過於脫離社會的缺點而來，在推進這一理念落實的過程中，究竟當如何保守佛教與社會之間必要的張力？,https://books.masterhsingyun.org/ArticleDetail/artcle24696
rel_e6565f908c3c,ent_b9466da1d262,佛教,DoctrineTerm,concept_in_tension_with,概念之间存在义理张力,ent_8cb691f7d199,商業,Concept,symmetric,core_usable,stable_entity_graph,true,1,1,1,1,1,single_article,佛教和商業本來不可掛勾，有了賣門票的事情，信仰和人民就有一種買賣的行為。,https://books.masterhsingyun.org/ArticleDetail/artcle15493
rel_67ab0b950bdb,ent_b9466da1d262,佛教,DoctrineTerm,concept_in_tension_with,概念之间存在义理张力,ent_ae916c26fce1,基督教,SchoolTradition,symmetric,core_usable,stable_entity_graph,true,1,1,1,1,1,single_article,江先生書中以佛耶爭執為例，說明基督教對於佛教的排斥，一方面固然可以打壓佛教的發展，另一方面卻也可以刺激佛教吸取耶教的經驗，以新的方式傳教弘法，他並以星雲大師五、六○年代在宜蘭等地的弘法為例來說明此點：「雖然如此，後來佛教界為了擴大影響力，也仿效基督教或天主教，在校園發展佛教組織，以國語演講輔以流利的台語翻譯，巡迴各地布教，以擴張教勢。,https://books.masterhsingyun.org/ArticleDetail/artcle24699
rel_617a2417308f,ent_b9466da1d262,佛教,DoctrineTerm,concept_in_tension_with,概念之间存在义理张力,ent_f25853efdc3e,共產主義,Concept,symmetric,core_usable,stable_entity_graph,true,1,1,1,1,1,single_article,自一九四九年，中國共產黨統理大陸之後，由於共產主義信奉唯物思想，所以形成文化大革命期間毀佛的情況，這不但是中國人在二十世紀的浩劫，更是佛教在中國有史以來最嚴重、最徹底的創傷。,https://books.masterhsingyun.org/ArticleDetail/artcle8384
rel_a9452a7756e0,ent_b9466da1d262,佛教,DoctrineTerm,concept_misinterpreted_as,概念被误解为,ent_9d76d66a4eef,唯心,DoctrineTerm,directed,core_usable,stable_entity_graph,true,1,1,1,1,1,single_article,例如，唯識宗主張「萬法唯心造」、「心識變現一切」，大師唯恐一般人因此以為佛教是倡導「唯心論」的宗教，所以大師說，其實佛教既不偏於心，也不偏於物，佛教認為主觀的心識與客觀的世界是相互依存，而非絕對的對立；⟂S⟂之所以強調心識的活動，是因為佛教是以人為本的宗教，所以站在主體「人」的實踐面，主張藉著淨化自己的心靈，來達到圓滿幸福的人生。⟂S⟂,https://books.masterhsingyun.org/ArticleDetail/artcle15650
rel_80f26b90ef26,ent_b9466da1d262,佛教,DoctrineTerm,concept_named_as,概念命名为,ent_a6b94c65c717,人間佛教,Concept,directed,core_usable,stable_entity_graph,true,2,0,0,0,1,single_article,人間佛教其實就是佛教，因為佛是對人講佛法，不是對畜生講，也不是對地獄、餓鬼講，對人講的佛教當然就叫做「人間佛教」。,https://books.masterhsingyun.org/ArticleDetail/artcle10899
rel_23fb9a905f65,ent_b9466da1d262,佛教,DoctrineTerm,concept_named_as,概念命名为,ent_9a09ad0a2d77,無常,DoctrineTerm,directed,core_usable,stable_entity_graph,true,1,0,0,0,1,single_article,佛教把變化叫做無常。,https://books.masterhsingyun.org/ArticleDetail/artcle671
rel_b1580f34b981,ent_b9466da1d262,佛教,DoctrineTerm,doctrine_advocates_value,教义倡导价值,ent_21203e6ee130,同體共生,Concept,directed,core_usable,stable_entity_graph,true,1,1,1,1,1,single_article,現在講到用「本土化」來發展佛教，因為佛教不是用來作為一個國家侵略他人文化的工具，而是要同體共生，共同發展，共存共榮。⟂S⟂所以佛光會奉行人間佛教，只要在人間，都要發展當地的佛教。,https://books.masterhsingyun.org/ArticleDetail/artcle3797
rel_ae5cc7265c35,ent_b9466da1d262,佛教,DoctrineTerm,doctrine_articulates_term,教义阐发术语,ent_8c2e06b1a094,三無差別,DoctrineTerm,directed,core_usable,stable_entity_graph,true,2,2,2,2,2,multi_article,從這些禪門公案，都足以說明，佛教主張「心佛眾生，三無差別」（見《般若心經釋要》），這就是典型的民主。,https://books.masterhsingyun.org/ArticleDetail/artcle586
rel_c6d520c7ec89,ent_b9466da1d262,佛教,DoctrineTerm,doctrine_articulates_term,教义阐发术语,ent_e4c3fa5588a1,因果,DoctrineTerm,directed,core_usable,stable_entity_graph,true,2,2,2,2,2,multi_article,佛教講「因果業報」、「自作自受」，凡事都要自我承當，對我一個人好，我也幫不了你什麼忙，就像佛陀，他不是神明，不能為人主持賞罰，不能定人的功過，他只是為你開示法要，奉行還是得要由自己來。,https://books.masterhsingyun.org/ArticleDetail/artcle16099
rel_1085dd4ced2a,ent_b9466da1d262,佛教,DoctrineTerm,doctrine_articulates_term,教义阐发术语,ent_cf26f7ad8f86,慈悲,DoctrineTerm,directed,core_usable,stable_entity_graph,true,2,2,2,2,2,multi_article,人因為有情愛牽絆，所以輪迴生死；⟂S⟂人因為有情感，因此稱為「有情眾生」。⟂S⟂然而「法非善惡，善惡是法」，如果愛得不當，固然愛如繩索，會束縛我們，使我們身心不得自由；⟂S⟂愛如枷鎖，會鎖住我們，使我們片刻不得安寧；⟂S⟂愛如盲者，使我們陷身黑暗之中而渾然不知；⟂S⟂愛如苦海，使我們在苦海中傾覆滅頂。⟂S⟂但是，「愛的淨化是慈悲，愛的提升是智慧」，如果能將愛昇華為慈悲，則：「慈息瞋恚，悲止害覺」（《菩薩地持經》）。⟂S⟂又《增壹阿含經》說：「諸佛世尊，成大慈悲，以大悲為力，弘益眾生。」⟂S⟂慈悲是諸佛菩薩度眾不倦的原動力，人人若能以慈悲相待，則愛如冬陽，可以溶化冰雪寒霜，可以激發人性的真善美，愛實不失為一種鼓勵向上的力量。⟂S⟂因此，佛教並不排斥感情，但卻主張以慈悲來運作感情，以理智來淨化感情、以禮法來規範感情、以般若來化導感情。⟂S⟂佛教鼓勵夫妻之間要相親相愛，親子之間要互敬互諒，朋友之間要相互惜緣，進而做到「無緣大慈，同體大悲」，亦即將一己的私愛，昇華為對一切眾生的慈悲。⟂S⟂例如，佛陀靜坐路中以阻止琉璃王攻打祖國，他以「親族之蔭勝餘蔭」感動琉璃王退兵（《增壹阿含經》卷二十六）；⟂S⟂佛陀對眼盲的弟子的愛護，諸如為患病比丘看病（《毗奈耶》）、為阿那律穿針（《增壹阿含經》卷三十一），乃至佛陀的本生譚裡「割肉餵鷹、捨身飼虎」等等。⟂S⟂正如《大乘寶要義論》說：「多諸有情於身命等皆生愛著，以愛著故廣造罪業墮惡趣中；⟂S⟂若復有情起大悲已，於身命等不生愛著，以不著故生於善趣。⟂S⟂復能於彼一切有情，運心廣行布施等行，一切善法相應而作，修菩薩者以大悲心而成其身。」⟂S⟂所以《涅槃經》說：「如來即是慈悲喜捨，慈悲喜捨即是解脫。」,https://books.masterhsingyun.org/ArticleDetail/artcle24707
rel_8e77ef581d2f,ent_b9466da1d262,佛教,DoctrineTerm,doctrine_articulates_term,教义阐发术语,ent_c491291ea5a3,無我,DoctrineTerm,directed,core_usable,stable_entity_graph,true,1,1,1,1,1,single_article,我們稟承佛陀的教法要把佛法弘揚，我們也常以佛教徒的身分自傲，但是放眼而觀，令人很感慨的發覺：現代的佛教徒缺乏信心。⟂S⟂這話怎麼說呢？⟂S⟂因為現代的佛教徒對於佛陀教法未能奉行，對於佛教道理不敢肯定。⟂S⟂既沒有用佛法來引導人生，也沒有用佛法來改造生活，這就變成「佛法是佛法，生活是生活」了。⟂S⟂生活既然和信仰無法一致，那麼佛教不是和生活脫節嗎？⟂S⟂那就完全違背佛法的真義了。⟂S⟂比方說：佛教講因果，我們真有因果觀念嗎？⟂S⟂佛教講苦空，我們真有體會苦空嗎？⟂S⟂佛教講慈悲，我們真能奉行慈悲嗎？⟂S⟂佛教講無我，我們真能實踐無我嗎？,https://books.masterhsingyun.org/ArticleDetail/artcle16172
rel_0bbcb0d2550a,ent_b9466da1d262,佛教,DoctrineTerm,doctrine_articulates_term,教义阐发术语,ent_de77c6f5f383,自作自受,DoctrineTerm,directed,core_usable,stable_entity_graph,true,7,5,5,4,7,multi_article,我個人並不會因為人家對我好，我就認為他好，對我不好，我就認為他不好，即便是對我好的徒眾，我也不一定欣賞，我總認為大家不必對我個人好，要對常住、對大眾好；⟂S⟂你能讓人接受、受人尊重，才是我所歡喜的。⟂S⟂佛教講「因果業報」、「自作自受」，凡事都要自我承當，對我一個人好，我也幫不了你什麼忙，就像佛陀，他不是神明，不能為人主持賞罰，不能定人的功過，他只是為你開示法要，奉行還是得要由自己來。,https://books.masterhsingyun.org/ArticleDetail/artcle16099
rel_a58db6a8a494,ent_b9466da1d262,佛教,DoctrineTerm,doctrine_articulates_term,教义阐发术语,ent_e265ca1a8db0,諸法因緣生,DoctrineTerm,directed,core_usable,stable_entity_graph,true,1,1,1,1,1,single_article,比凡夫高一點的聲聞、緣覺、羅漢等聖者，他們對宇宙人生的體會，對世間萬有的看法又更高超一些。⟂S⟂他們看世間一切都是「緣起」而有，也就是認識世間一切都是因緣所生起，「緣聚則生，緣散則滅」。⟂S⟂「緣起」是佛教的根本教理，也是佛教異於其他宗教、哲學、思想的最大特性。⟂S⟂緣起說明世間上的事事物物，一切有為法都不是憑空而有，也不能單獨存在，必須在各種因緣條件和合之下，才能現起和存在。⟂S⟂一旦組成的「因緣」散失，事物本身也就不復存在，這就是佛教所謂「諸法因緣生，諸法因緣滅」的道理。,https://books.masterhsingyun.org/ArticleDetail/artcle425
rel_fe95be94b39a,ent_b9466da1d262,佛教,DoctrineTerm,doctrine_articulates_term,教义阐发术语,ent_12d33a6d83cc,三業,DoctrineTerm,directed,core_usable,stable_entity_graph,true,4,0,0,0,1,single_article,意義：佛教講「三業」，就是指身、口、意三者。,https://books.masterhsingyun.org/ArticleDetail/artcle466
rel_dca8b8127b5c,ent_b9466da1d262,佛教,DoctrineTerm,doctrine_articulates_term,教义阐发术语,ent_292f1cc53c7f,六識,DoctrineTerm,directed,core_usable,stable_entity_graph,true,1,0,0,0,1,single_article,佛教講「六識」，眼、耳、鼻、舌、身、心，前五根都是聽心的命令，心叫眼睛看、叫耳朵聽，眼睛、耳朵都是聽命行事。,https://books.masterhsingyun.org/ArticleDetail/artcle11083
rel_098c05f9ddde,ent_b9466da1d262,佛教,DoctrineTerm,doctrine_articulates_term,教义阐发术语,ent_63cde28763fa,平等共尊,DoctrineTerm,directed,core_usable,stable_entity_graph,true,1,1,1,1,1,single_article,佛教講究平等共尊，這就是共產主義吧。,https://books.masterhsingyun.org/ArticleDetail/artcle16368
rel_039366b1c02e,ent_b9466da1d262,佛教,DoctrineTerm,doctrine_centers_group,教义以群体为中心,ent_d3e26d33b46f,大眾,Group,directed,core_usable,stable_entity_graph,true,1,1,1,1,1,single_article,這是警惕維那主持禪堂的儀禮要如法，不可驚動道者平靜的心，所謂「寧動千江水，不動道人心」。⟂S⟂由此可見，佛教尊重大眾，以大眾為中心的思想。,https://books.masterhsingyun.org/ArticleDetail/artcle3707
rel_8ab77b255556,ent_b9466da1d262,佛教,DoctrineTerm,doctrine_constrained_by,义理受条件或范围限制,ent_c491291ea5a3,無我,DoctrineTerm,directed,core_usable,stable_entity_graph,true,2,2,2,1,2,multi_article,從以上所說可知，「諸法無我」是說一切事物皆無自性，無自性即「緣起性空」，這是佛教的根本教義，所以要正確的把握佛教，必須徹見一切「法無我」。,https://books.masterhsingyun.org/ArticleDetail/artcle23220
rel_b6f01a2ab3e3,ent_b9466da1d262,佛教,DoctrineTerm,doctrine_constrained_by,义理受条件或范围限制,ent_3d3eec716058,本土化,Concept,directed,core_usable,stable_entity_graph,true,1,1,1,1,1,single_article,多年以前，我遠赴東瀛訪問，一位日本大學的校長和我說：「你們中國佛教常說要親善交流，其實你們心裡看不起我們日本，覺得我們日本和尚娶妻食肉；⟂S⟂但日本和尚學歷高，會講經說法，也不一定看得起中國的出家人。⟂S⟂此外，北傳佛教看不起南傳佛教，覺得他們是小乘行人；⟂S⟂但南傳佛教也看不起北傳佛教，覺得北傳佛教的人沒有嚴守聲聞律儀。⟂S⟂在佛教界，你看不起我，我看不起你，怎麼團結得起來呢？⟂S⟂其實每一個地方佛教的發展型態都有它獨特的社會背景啊！」⟂S⟂對於這番話，我深有所感。⟂S⟂佛經中描述淨光莊嚴國的淨華宿王佛再三囑咐妙音菩薩到娑婆世界晉謁釋迦牟尼佛時，看到土地穢惡，人身卑小，仍心存恭敬；⟂S⟂眾香佛國的香積如來甚至命彼國菩薩來到娑婆國土時，必須收攝身上的香氣，捨去端嚴的身形，以免此土眾生心生羞恥，自慚形穢。⟂S⟂可見十方諸佛都十分尊重各個地方的特性及不同眾生的根器。⟂S⟂所以，我在世界各國推展國際佛教，也效法諸佛菩薩的「人間性格」，倡導佛教應該本土化，尤其在歐美國家，我鼓勵學佛不一定要剃頭出家，在家人只要有能力，一樣也可以領眾薰修。⟂S⟂後來我更為全球的在家信眾組織國際佛光會，成立檀講師制度，讓他們也有機會發揮所長，從弟子升級為講師，升級為領導。,https://books.masterhsingyun.org/ArticleDetail/artcle6710
rel_5e569b516482,ent_b9466da1d262,佛教,DoctrineTerm,doctrine_flourishes_at_place,教义兴盛于地点,ent_e5cc7b4be7db,中國,PlaceRealm,directed,core_usable,stable_entity_graph,true,1,0,0,0,1,single_article,佛教在中國盛行千餘年，與儒道二家，鼎足而為吾國文化最重要之內涵。,https://books.masterhsingyun.org/ArticleDetail/artcle21748
rel_b1358d1d3468,ent_b9466da1d262,佛教,DoctrineTerm,doctrine_flourishes_at_place,教义兴盛于地点,ent_843b8050d4ad,台灣,PlaceRealm,directed,core_usable,stable_entity_graph,true,3,0,0,0,1,single_article,現在佛教興盛的台灣，研究的方向，看起來是將佛教與現代化的科技、學術結合起來。,https://books.masterhsingyun.org/ArticleDetail/artcle16454
rel_df3f146434d8,ent_b9466da1d262,佛教,DoctrineTerm,doctrine_flourishes_at_place,教义兴盛于地点,ent_b8f9800f633a,日本,PlaceRealm,directed,core_usable,stable_entity_graph,true,1,1,1,1,1,single_article,例如：慧可大師不「求」初祖達摩為其安心，如何能深得禪門法髓？⟂S⟂玄奘大師沒有「求」法熱忱，如何能發揚中印文化？⟂S⟂最初師事婆羅門的迦葉尊者不向佛陀「求」道，如何能轉邪歸正？⟂S⟂原本修習小乘的鳩摩羅什不「求」大乘佛法，如何能提升自我？⟂S⟂甚至阿彌陀佛如果「無求」，不經累劫修行，哪裡能成就七寶莊嚴的極樂淨土來接引末法眾生？⟂S⟂二五○○年前，悉達多太子證悟佛道以後，如果「無求」，即刻入滅，後世佛子不就無福得度？⟂S⟂道安大師如果「無求」，畏難苟安，佛教哪裡能在亂世中繼絕存亡？⟂S⟂鑑真大師如果「無求」，遇難則止，日本的佛教也不會有今日的盛況。,https://books.masterhsingyun.org/ArticleDetail/artcle20515
rel_d323327a19cf,ent_b9466da1d262,佛教,DoctrineTerm,doctrine_flourishes_at_place,教义兴盛于地点,ent_02ca80db7e53,蒙古,PlaceRealm,directed,core_usable,stable_entity_graph,true,1,0,0,0,1,single_article,晚年崇信佛教，佛教自此盛行於蒙古。,https://books.masterhsingyun.org/ArticleDetail/artcle8773
rel_a50037e22466,ent_b9466da1d262,佛教,DoctrineTerm,doctrine_flourishes_at_place,教义兴盛于地点,ent_99c7b21f179d,錫蘭,PlaceRealm,directed,core_usable,stable_entity_graph,true,1,1,1,1,1,single_article,因此，達磨波羅所進行的佛教回傳印度的努力，與佛教文化在錫蘭的復興密切相關，而星雲大師人間佛教回傳印度的開始，則與佛教文化在大中華地區的復興密切相關，因而需要在「中印文化交流」的大背景中，進行艱苦的「本土化」努力。,https://books.masterhsingyun.org/ArticleDetail/artcle17814
rel_8a160a8925ba,ent_b9466da1d262,佛教,DoctrineTerm,doctrine_flourishes_at_place,教义兴盛于地点,ent_e84525e943f2,高昌,PlaceRealm,directed,core_usable,stable_entity_graph,true,1,0,0,0,1,single_article,在車師前國的時代，佛教已經流行於高昌。,https://books.masterhsingyun.org/ArticleDetail/artcle3856
rel_318072f74eeb,ent_b9466da1d262,佛教,DoctrineTerm,doctrine_flourishes_at_place,教义兴盛于地点,ent_5fd0d03bfc31,大中華地區,PlaceRealm,directed,core_usable,stable_entity_graph,true,1,1,1,1,1,single_article,因此，達磨波羅所進行的佛教回傳印度的努力，與佛教文化在錫蘭的復興密切相關，而星雲大師人間佛教回傳印度的開始，則與佛教文化在大中華地區的復興密切相關，因而需要在「中印文化交流」的大背景中，進行艱苦的「本土化」努力。,https://books.masterhsingyun.org/ArticleDetail/artcle17814
rel_dc2a6ac52f92,ent_b9466da1d262,佛教,DoctrineTerm,doctrine_originates_at_place,教义或宗派起源于地点,ent_f5223b7b6224,印度,PlaceRealm,directed,core_usable,stable_entity_graph,true,1,1,1,1,1,single_article,佛教發源於印度，向南傳至尼泊爾、緬甸及東南亞各國，向北則傳至中亞細亞各國，紀元前後，由西域傳入中國。⟂S⟂正式傳入中國是東漢明帝永平十一年（六八），當時朝廷改洛陽鴻臚寺為白馬寺，中土出現了第一座佛寺。⟂S⟂加上東漢來的僧人竺法蘭與迦攝摩騰帶來了佛教經典，使得佛教的弘揚在中國開始生根。⟂S⟂佛教的經典是以釋迦牟尼佛的教義所彙集編寫而成的，筆錄抄寫佛經的出現，應於紀元前一世紀左右，當時是以梵文或巴利文刻於似棕櫚葉的貝多羅葉，故稱「貝葉經」。⟂S⟂由於文字的特殊，佛教弘傳須本土化，佛法方能弘揚，因此許多高僧大德，開始翻譯經典，產生許多譯本。⟂S⟂翻譯之佛經有來自印度的鳩摩羅什、中國的法顯、玄奘法師等，印度佛教廣布中國的弘法，因僧人與經典的翻譯，開始開展。⟂S⟂佛經的書寫，從印度梵文的貝葉經翻譯成漢文之後，加上佛教日漸普及，使得佛法更深入民間。⟂S⟂佛經的抄寫活動，也成為簡易的修行法門之一。,https://books.masterhsingyun.org/ArticleDetail/artcle17988
rel_8cc572dfeeed,ent_b9466da1d262,佛教,DoctrineTerm,doctrine_supported_by_group,教义由群体护持,ent_1b85a8db0019,信徒,Group,directed,core_usable,stable_entity_graph,true,1,1,1,1,1,single_article,我一生志在弘揚佛法，佛教當然是要靠信徒來護持，但我也非常鼓勵徒眾要對信徒添油香，所謂「為信徒添油香」，就是給予鼓勵、讚美、服務，為他們做一些心理建設及精神武裝，為他們點亮一盞心靈的燈光。,https://books.masterhsingyun.org/ArticleDetail/artcle6906
rel_468db6e97983,ent_b9466da1d262,佛教,DoctrineTerm,doctrine_transmitted_to_place,教义传播至地点,ent_f5223b7b6224,印度,PlaceRealm,directed,core_usable,stable_entity_graph,true,1,1,1,1,1,single_article,值得注意的是，達磨波羅在印度復興佛教的時代，雖然毫無組織根基，條件更為艱難，但從佛教派別、語言和地理環境論，則更為便利，而星雲大師的人間佛教，是自隋唐以來「中國化」了的漢傳佛教的改革新派，其傳法的派系、語言和地理環境更為困難。⟂S⟂因此，達磨波羅所進行的佛教回傳印度的努力，與佛教文化在錫蘭的復興密切相關，而星雲大師人間佛教回傳印度的開始，則與佛教文化在大中華地區的復興密切相關，因而需要在「中印文化交流」的大背景中，進行艱苦的「本土化」努力。,https://books.masterhsingyun.org/ArticleDetail/artcle17814
rel_ad064600651e,ent_b9466da1d262,佛教,DoctrineTerm,doctrine_transmitted_to_place,教义传播至地点,ent_e5cc7b4be7db,中國,PlaceRealm,directed,core_usable,stable_entity_graph,true,48,3,3,2,5,multi_article,直至佛教傳入中土，中國佛教在隋唐時代進入了宗派的成熟時期，教理學說相互融會的恢宏局面。,https://books.masterhsingyun.org/ArticleDetail/artcle4379
rel_e33658598154,ent_b9466da1d262,佛教,DoctrineTerm,doctrine_transmitted_to_place,教义传播至地点,ent_04c8ebcafe28,俄國,PlaceRealm,directed,core_usable,stable_entity_graph,true,1,0,0,0,1,single_article,佛教在十七世紀時，由卡爾米克和布利亞人從蒙古傳入俄國，逐漸生根發芽。,https://books.masterhsingyun.org/ArticleDetail/artcle8752
rel_9d8ea59abd4b,ent_b9466da1d262,佛教,DoctrineTerm,doctrine_transmitted_to_place,教义传播至地点,ent_7a9d3ad06891,南詔,PlaceRealm,directed,core_usable,stable_entity_graph,true,1,0,0,0,1,single_article,由此可知，佛教傳入南詔，受到南詔統治者的信奉和提倡。,https://books.masterhsingyun.org/ArticleDetail/artcle8391
rel_295c2cdd06f8,ent_b9466da1d262,佛教,DoctrineTerm,doctrine_transmitted_to_place,教义传播至地点,ent_843b8050d4ad,台灣,PlaceRealm,directed,core_usable,stable_entity_graph,true,1,0,0,0,1,single_article,佛教傳入台灣，有確切信史可考者，始於鄭成功渡海來台之後的清康熙年間，迄今三百餘年。,https://books.masterhsingyun.org/ArticleDetail/artcle24222
rel_8e3735311353,ent_b9466da1d262,佛教,DoctrineTerm,doctrine_transmitted_to_place,教义传播至地点,ent_4c79d2b97571,吐蕃,PlaceRealm,directed,core_usable,stable_entity_graph,true,1,0,0,0,1,single_article,佛教傳入吐蕃以前，當地遊牧部落並沒有統一的政治組織，大多信奉一種極原始的巫術宗教──奔頗教。,https://books.masterhsingyun.org/ArticleDetail/artcle2767
rel_a27b9546ec61,ent_b9466da1d262,佛教,DoctrineTerm,doctrine_transmitted_to_place,教义传播至地点,ent_4d076ac3bebf,夏威夷,PlaceRealm,directed,core_usable,stable_entity_graph,true,1,0,0,0,1,single_article,佛教約在一八七○年左右，隨著日本人而傳入到夏威夷，現在南北傳與顯密佛教都在這裡建寺。,https://books.masterhsingyun.org/ArticleDetail/artcle23825
rel_16408d97a1ae,ent_b9466da1d262,佛教,DoctrineTerm,doctrine_transmitted_to_place,教义传播至地点,ent_197c8eea6628,大夏,PlaceRealm,directed,core_usable,stable_entity_graph,true,1,0,0,0,1,single_article,根據《三國志》說，漢哀帝元壽元年，也就是公元前二年，佛教就已傳入了大夏（即今阿富汗、烏茲別克、塔吉克間）地區，隨後便逐漸傳來中國漢朝的首都洛陽。,https://books.masterhsingyun.org/ArticleDetail/artcle674
rel_bb3d569ded8f,ent_b9466da1d262,佛教,DoctrineTerm,doctrine_transmitted_to_place,教义传播至地点,ent_2b5e876f84d2,尼泊爾,PlaceRealm,directed,core_usable,stable_entity_graph,true,2,1,1,1,2,single_article,佛教傳入尼泊爾的時間，大約是在阿育王統治時代，至今加德滿都附近還保存一座當時所建的佛寺。,https://books.masterhsingyun.org/ArticleDetail/artcle8397
rel_f0591097f04f,ent_b9466da1d262,佛教,DoctrineTerm,doctrine_transmitted_to_place,教义传播至地点,ent_b8f9800f633a,日本,PlaceRealm,directed,core_usable,stable_entity_graph,true,2,2,2,1,2,multi_article,鑑真大師的意思是，他的故鄉在中國，現在「山川異域」，越過了萬重山，跨過了萬重水，儘管人在異域，日本和中國不同，但是「日月同天」，太陽和月亮同在一個天地之下，中國也好，日本也好，也都在同一個天下，都是人類，都有佛教在流傳；⟂S⟂因此，寄望佛子要同心同德，護持佛教；,https://books.masterhsingyun.org/ArticleDetail/artcle11104
rel_ea242a1e578c,ent_b9466da1d262,佛教,DoctrineTerm,doctrine_transmitted_to_place,教义传播至地点,ent_df0ec7f78f87,澳洲,PlaceRealm,directed,core_usable,stable_entity_graph,true,1,0,0,0,1,single_article,佛教傳入澳洲，主要是隨著亞洲人旅居澳洲而帶入。,https://books.masterhsingyun.org/ArticleDetail/artcle8399
rel_1946dcfea08d,ent_b9466da1d262,佛教,DoctrineTerm,doctrine_transmitted_to_place,教义传播至地点,ent_3ed26541dab9,英國,PlaceRealm,directed,core_usable,stable_entity_graph,true,2,1,1,1,2,single_article,摩訶菩提協會的創辦人達摩波羅（Anagarika Dharmapala）志在復興印度佛教，有鑒於弘法工作的重要，在一九二八年組織「佛教布教團」（Buddhist Mission），派遣法師輪流駐英弘法。,https://books.masterhsingyun.org/ArticleDetail/artcle8398
rel_1fb12c9626bb,ent_b9466da1d262,佛教,DoctrineTerm,doctrine_transmitted_to_place,教义传播至地点,ent_4b9818e91f34,蘇門答臘,PlaceRealm,directed,core_usable,stable_entity_graph,true,1,0,0,0,1,single_article,到了七世紀，佛教已傳入蘇門答臘。,https://books.masterhsingyun.org/ArticleDetail/artcle8397
rel_f817b8716f7b,ent_b9466da1d262,佛教,DoctrineTerm,doctrine_transmitted_to_place,教义传播至地点,ent_5a4a72df052e,西藏,PlaceRealm,directed,core_usable,stable_entity_graph,true,2,0,0,0,1,single_article,西元七世紀，松贊干布（六二九～六五○在位）先後迎娶虔信佛教的尼泊爾波利庫姬公主和唐朝文成公主*4，佛教因而隨之傳入西藏。,https://books.masterhsingyun.org/ArticleDetail/artcle8728
rel_1b689a147e21,ent_b9466da1d262,佛教,DoctrineTerm,doctrine_transmitted_to_place,教义传播至地点,ent_99c7b21f179d,錫蘭,PlaceRealm,directed,core_usable,stable_entity_graph,true,1,0,0,0,1,single_article,到今天，錫蘭仍以佛教為他們的國教，追溯起來，摩哂陀當年把佛教傳入錫蘭，可說光照千秋。,https://books.masterhsingyun.org/ArticleDetail/artcle3854
rel_21c059145313,ent_b9466da1d262,佛教,DoctrineTerm,doctrine_transmitted_to_place,教义传播至地点,ent_2ea9c381a601,韓國,PlaceRealm,directed,core_usable,stable_entity_graph,true,4,0,0,0,1,single_article,翌年，王為二僧建肖門寺和伊弗蘭寺，這是韓國佛寺創建的開始，佛教乃正式傳入韓國。,https://books.masterhsingyun.org/ArticleDetail/artcle8730
rel_3abe9f31cb24,ent_b9466da1d262,佛教,DoctrineTerm,doctrine_transmitted_to_place,教义传播至地点,ent_bf4abdbd551f,馬來西亞,PlaceRealm,directed,core_usable,stable_entity_graph,true,2,0,0,0,1,single_article,西元十七世紀中，大批中國人渡海到南洋謀生，佛教才再度傳入馬來西亞。,https://books.masterhsingyun.org/ArticleDetail/artcle8397
rel_8ec79be32c91,ent_b9466da1d262,佛教,DoctrineTerm,doctrine_transmitted_to_place,教义传播至地点,ent_4a6167b42978,龜茲,PlaceRealm,directed,core_usable,stable_entity_graph,true,1,0,0,0,1,single_article,據推斷，佛教傳入龜茲，最晚應該在西元一世紀時；,https://books.masterhsingyun.org/ArticleDetail/artcle3856
rel_ee77d6ce98df,ent_b9466da1d262,佛教,DoctrineTerm,doctrine_transmitted_to_place,教义传播至地点,ent_57fd44d9812f,中国,PlaceRealm,directed,core_usable,stable_entity_graph,true,3,0,0,0,1,single_article,一千九百多年前，佛教傳入我國時，漢朝的皇帝所夢見的金人，就是滿身都是金黃色的。,https://books.masterhsingyun.org/ArticleDetail/artcle17432
rel_8ce55f65024d,ent_b9466da1d262,佛教,DoctrineTerm,doctrine_transmitted_to_place,教义传播至地点,ent_d3ab5e547161,東亞及西方各國,PlaceRealm,directed,core_usable,stable_entity_graph,true,1,0,0,0,1,single_article,後來佛教傳至東亞及西方各國也都豐富了當地的文化內涵。,https://books.masterhsingyun.org/ArticleDetail/artcle11077
rel_12e16d3ede40,ent_b9466da1d262,佛教,DoctrineTerm,doctrine_transmitted_to_place,教义传播至地点,ent_dfa1c3ef4e08,歐美,PlaceRealm,directed,core_usable,stable_entity_graph,true,1,0,0,0,1,single_article,藏傳、南傳佛教也在二十世紀上半葉傳入歐美。,https://books.masterhsingyun.org/ArticleDetail/artcle15598
rel_b40e5b1e6900,ent_b9466da1d262,佛教,DoctrineTerm,doctrine_transmitted_to_place,教义传播至地点,ent_3d109f945cc0,非洲,PlaceRealm,directed,core_usable,stable_entity_graph,true,1,1,1,1,1,single_article,尤其一九九四年大師在南非南華寺親自為非洲原住民郭拉、福度、畢甘度等十人主持剃度典禮，這是非洲有史以來第一批黑人出家，不僅為佛教弘傳非洲的歷史展開新頁，也為非洲佛教的「本土化」走出第一步。,https://books.masterhsingyun.org/ArticleDetail/artcle15688
rel_8a0933eebd56,ent_b9466da1d262,佛教,DoctrineTerm,doctrine_transmitted_to_place,教义传播至地点,ent_188a4da6786f,緬甸,PlaceRealm,directed,core_usable,stable_entity_graph,true,1,1,1,1,1,single_article,佛教發源於印度，向南傳至尼泊爾、緬甸及東南亞各國，向北則傳至中亞細亞各國，紀元前後，由西域傳入中國。⟂S⟂正式傳入中國是東漢明帝永平十一年（六八），當時朝廷改洛陽鴻臚寺為白馬寺，中土出現了第一座佛寺。⟂S⟂加上東漢來的僧人竺法蘭與迦攝摩騰帶來了佛教經典，使得佛教的弘揚在中國開始生根。⟂S⟂佛教的經典是以釋迦牟尼佛的教義所彙集編寫而成的，筆錄抄寫佛經的出現，應於紀元前一世紀左右，當時是以梵文或巴利文刻於似棕櫚葉的貝多羅葉，故稱「貝葉經」。⟂S⟂由於文字的特殊，佛教弘傳須本土化，佛法方能弘揚，因此許多高僧大德，開始翻譯經典，產生許多譯本。⟂S⟂翻譯之佛經有來自印度的鳩摩羅什、中國的法顯、玄奘法師等，印度佛教廣布中國的弘法，因僧人與經典的翻譯，開始開展。⟂S⟂佛經的書寫，從印度梵文的貝葉經翻譯成漢文之後，加上佛教日漸普及，使得佛法更深入民間。⟂S⟂佛經的抄寫活動，也成為簡易的修行法門之一。,https://books.masterhsingyun.org/ArticleDetail/artcle17988
rel_2cd8636165ef,ent_b9466da1d262,佛教,DoctrineTerm,planned_doctrine_transmission_to_place,计划传播教义至地点,ent_a36c0ed65fcd,南美洲,PlaceRealm,directed,core_usable,stable_entity_graph,true,1,0,0,0,1,single_article,華僑計有十萬人，但多信奉神道教，四月分若能成行，將正信的佛教傳入南美洲，意義非凡。,https://books.masterhsingyun.org/ArticleDetail/artcle8365
rel_dd7ca6e478f6,ent_b9466da1d262,佛教,DoctrineTerm,practice_aims_at_doctrinal_state,实践趋向教义境界,ent_b265c0f135b0,涅槃,DoctrineTerm,directed,core_usable,stable_entity_graph,true,1,1,1,1,1,single_article,佛法分世間法、出世間法，佛教最終的目標雖然是追求出世的涅槃解脫之道，不過人生在世是離不開世間法的，即使是佛法也主張「先入世再出世」。⟂S⟂所謂「佛法在世間，不離世間覺；⟂S⟂離世求菩提，恰如覓兔角」，人既然不能離開世間而生存，也不能沒有入世的生活。⟂S⟂但是一般人的生活，大部分是過著：,https://books.masterhsingyun.org/ArticleDetail/artcle785
rel_a5b24aee562a,ent_b9466da1d262,佛教,DoctrineTerm,practice_aims_at_doctrinal_state,实践趋向教义境界,ent_8af9d29d58e3,解脫,DoctrineTerm,directed,core_usable,stable_entity_graph,true,1,1,1,1,1,single_article,佛法分世間法、出世間法，佛教最終的目標雖然是追求出世的涅槃解脫之道，不過人生在世是離不開世間法的，即使是佛法也主張「先入世再出世」。⟂S⟂所謂「佛法在世間，不離世間覺；⟂S⟂離世求菩提，恰如覓兔角」，人既然不能離開世間而生存，也不能沒有入世的生活。⟂S⟂但是一般人的生活，大部分是過著：,https://books.masterhsingyun.org/ArticleDetail/artcle785
rel_a514c87ce397,ent_b9466da1d262,佛教,DoctrineTerm,practice_aims_at_realm,实践趋向宗教境界,ent_5c71e7d58c52,極樂,PlaceRealm,directed,core_usable,stable_entity_graph,true,1,1,1,1,1,single_article,由此可見，佛陀說苦並非目的，佛陀只是告訴世人苦的原因，以及如何離苦得樂的方法，其真正目的是為了「示教利喜」。⟂S⟂因此大師強調，佛教並非如一般人所誤解，以為佛教整天只是說苦、說空，認為佛教是悲觀消極，是充滿出世思想的遁世之教；⟂S⟂相反的，佛教對人間其實最為關懷，佛教是積極入世，是導人邁向「極樂之境」的歡喜快樂之教。⟂S⟂,https://books.masterhsingyun.org/ArticleDetail/artcle15646
rel_457ea377e884,ent_b9466da1d262,佛教,DoctrineTerm,returns_to_origin_or_continues_spirit,回归源头或延续精神,ent_3d760ca3cddb,佛陀本懷,Concept,directed,core_usable,stable_entity_graph,true,1,0,0,0,1,single_article,*176大師以「釋迦宗」自稱，事實上，就是一個融和的佛教，一個回歸佛陀本懷的佛教。,https://books.masterhsingyun.org/ArticleDetail/artcle24163
rel_565e02a6abb0,ent_b9466da1d262,佛教,DoctrineTerm,returns_to_origin_or_continues_spirit,回归源头或延续精神,ent_c8db40f7532f,正法,DoctrineTerm,directed,core_usable,stable_entity_graph,true,1,0,0,0,1,single_article,這樣，佛教曾數次忘失正道，也曾數次回歸正法，如此則保持了佛法利益人間、服務人生的功效。,https://books.masterhsingyun.org/ArticleDetail/artcle17804
rel_ceef02c00e81,ent_2c6d751cea2a,佛本行集經,Classic,classic_records_person,经典记载人物,ent_62cf8ccca072,佛陀,BuddhistFigure,directed,core_usable,stable_entity_graph,true,1,1,1,1,1,single_article,根據《佛本行集經》卷三的記載，佛陀前生為一婆羅門弟子，名叫雲童，有一次他參訪至蓮花城，聽說燃燈佛將來此說法。,https://books.masterhsingyun.org/ArticleDetail/artcle981
rel_8656807f4580,ent_2c6d751cea2a,佛本行集經,Classic,classic_records_person,经典记载人物,ent_afd3fd19713f,燃燈佛,BuddhistFigure,directed,core_usable,stable_entity_graph,true,1,1,1,1,1,single_article,根據《佛本行集經》卷三的記載，佛陀前生為一婆羅門弟子，名叫雲童，有一次他參訪至蓮花城，聽說燃燈佛將來此說法。,https://books.masterhsingyun.org/ArticleDetail/artcle981
rel_03be76eff497,ent_72572651290c,佛果,DoctrineTerm,concept_has_subconcept,概念包含下位概念,ent_640a02e96874,佛身,DoctrineTerm,directed,core_usable,stable_entity_graph,true,1,0,0,0,1,single_article,丙項的意思是：「佛果」，本來包括「佛身」及「佛土」二個部分，而這二個部分之間的關係本來是密切無間的關係，不能夠將二者予以分割。,https://books.masterhsingyun.org/ArticleDetail/artcle24733
rel_d4362e0dd810,ent_72572651290c,佛果,DoctrineTerm,doctrine_constrained_by,义理受条件或范围限制,ent_c3569625ae14,三十二相,DoctrineTerm,directed,core_usable,stable_entity_graph,true,1,1,1,1,1,single_article,佛教是一個重視慈悲、威儀的宗教，佛經有謂「三祇修福慧，百劫修相好」，成就佛果之前，首須成就「三十二相、八十種好」，甚至「三千威儀」、「一襲袈裟」都可以度眾，所以佛像的雕塑很重視「相好莊嚴」與慈悲的流露。,https://books.masterhsingyun.org/ArticleDetail/artcle1836
rel_2e2e3a574e4e,ent_72572651290c,佛果,DoctrineTerm,doctrine_constrained_by,义理受条件或范围限制,ent_a277910bfd3e,八十種好,Concept,directed,core_usable,stable_entity_graph,true,1,1,1,1,1,single_article,佛教是一個重視慈悲、威儀的宗教，佛經有謂「三祇修福慧，百劫修相好」，成就佛果之前，首須成就「三十二相、八十種好」，甚至「三千威儀」、「一襲袈裟」都可以度眾，所以佛像的雕塑很重視「相好莊嚴」與慈悲的流露。,https://books.masterhsingyun.org/ArticleDetail/artcle1836
rel_9e527624b9c5,ent_e148ca0687f4,佛法,DoctrineTerm,concept_defined_as,概念定义为,ent_b9466da1d262,佛教,DoctrineTerm,directed,core_usable,stable_entity_graph,true,1,0,0,0,1,single_article,一切佛法，都是人間佛教，因為佛陀是人，佛陀為人所說的佛法，就是人間的佛教。」,https://books.masterhsingyun.org/ArticleDetail/artcle18219
rel_172832f3074f,ent_e148ca0687f4,佛法,DoctrineTerm,concept_defined_as,概念定义为,ent_86900e4a696c,淨土,DoctrineTerm,directed,core_usable,stable_entity_graph,true,1,0,0,0,1,single_article,佛法就是淨土。,https://books.masterhsingyun.org/ArticleDetail/artcle20238
rel_703612ef3403,ent_e148ca0687f4,佛法,DoctrineTerm,concept_defined_as,概念定义为,ent_036611aae18d,平等法,DoctrineTerm,directed,core_usable,stable_entity_graph,true,2,0,0,0,1,single_article,佛教主張「生佛平等、事理平等、自他平等、空有平等」，佛法就是一個平等法，沒有平等，就沒有佛法，所以不能尊重平等的，都是外道。,https://books.masterhsingyun.org/ArticleDetail/artcle3795
rel_a9eb0d3e45e6,ent_e148ca0687f4,佛法,DoctrineTerm,concept_defined_as,概念定义为,ent_b1e217884f50,智慧,DoctrineTerm,directed,core_usable,stable_entity_graph,true,2,0,0,0,1,single_article,因為佛法就是智慧。,https://books.masterhsingyun.org/ArticleDetail/artcle4058
rel_a901bbef6590,ent_e148ca0687f4,佛法,DoctrineTerm,concept_defined_as,概念定义为,ent_f76ae8b83972,真理,Concept,directed,core_usable,stable_entity_graph,true,1,0,0,0,1,single_article,佛法，就是真理。,https://books.masterhsingyun.org/ArticleDetail/artcle16147
rel_71f6110d7963,ent_e148ca0687f4,佛法,DoctrineTerm,concept_defined_as,概念定义为,ent_0b2e6e9daabf,禪,DoctrineTerm,directed,core_usable,stable_entity_graph,true,1,0,0,0,1,single_article,最能表達佛法微妙的，就是禪。,https://books.masterhsingyun.org/ArticleDetail/artcle6519
rel_f21a8a816833,ent_e148ca0687f4,佛法,DoctrineTerm,concept_defined_as,概念定义为,ent_464a8094055a,結緣,DoctrineTerm,directed,core_usable,stable_entity_graph,true,1,0,0,0,1,single_article,不過，若說對在家眾好，這也是應該的，因為佛法就是一種歡喜、一種結緣，對別人好，就是給人歡喜，就是結緣。,https://books.masterhsingyun.org/ArticleDetail/artcle2758
rel_f3cea3768457,ent_e148ca0687f4,佛法,DoctrineTerm,concept_equivalent_to,概念等同或同义,ent_06a5c708c5f8,心法,DoctrineTerm,symmetric,core_usable,stable_entity_graph,true,1,1,1,1,1,single_article,不過「形為心使」，佛法即「心法」，在一切有為法中，「心」具有主動、主宰的支配力，如《華嚴經》言：「心如工畫師，能畫種種物。」⟂S⟂此心能上天入地，會行善造惡，我們若能明白自心而實踐此「心法」，在待人處世，乃至齊家治國就非難事了。,https://books.masterhsingyun.org/ArticleDetail/artcle1543
rel_eb5143570f3f,ent_e148ca0687f4,佛法,DoctrineTerm,concept_has_quality,概念具有属性,ent_03c937f6582b,不可思議,DoctrineTerm,directed,core_usable,stable_entity_graph,true,1,1,1,1,1,single_article,唐咸通十四年迎佛骨是四月八日佛誕日，一一一四年後佛骨的面世居然也是四月初八，說明佛法的不可思議和神州大地的神奇。⟂S⟂這裡值得稱道的是我們中華民族的大唐文化接應了佛教和佛教文化，創造出獨步世界的最炫目的文化，它的光輝已由這座大唐地宮涌出的大唐王朝供佛珍寶所顯示，使我們的想像力都顯得貧乏。,https://books.masterhsingyun.org/ArticleDetail/artcle21644
rel_e85d2d27d721,ent_e148ca0687f4,佛法,DoctrineTerm,concept_has_quality,概念具有属性,ent_cf26f7ad8f86,慈悲,DoctrineTerm,directed,core_usable,stable_entity_graph,true,1,0,0,0,1,single_article,佛法是慈悲的，人間佛教同樣需要將慈悲散播人間，正如善財童子之所為。,https://books.masterhsingyun.org/ArticleDetail/artcle17789
rel_ead6d21e157e,ent_e148ca0687f4,佛法,DoctrineTerm,concept_has_subconcept,概念包含下位概念,ent_1244a0f49239,世間法,DoctrineTerm,directed,core_usable,stable_entity_graph,true,6,5,5,4,6,multi_article,佛法分世間法、出世間法，佛教最終的目標雖然是追求出世的涅槃解脫之道，不過人生在世是離不開世間法的，即使是佛法也主張「先入世再出世」。⟂S⟂所謂「佛法在世間，不離世間覺；⟂S⟂離世求菩提，恰如覓兔角」，人既然不能離開世間而生存，也不能沒有入世的生活。⟂S⟂但是一般人的生活，大部分是過著：,https://books.masterhsingyun.org/ArticleDetail/artcle785
rel_c047dd1bf398,ent_e148ca0687f4,佛法,DoctrineTerm,concept_has_subconcept,概念包含下位概念,ent_931d353cbc62,出世間法,DoctrineTerm,directed,core_usable,stable_entity_graph,true,6,5,5,4,6,multi_article,尤其佛法有「世間法」與「出世間法」，既有世間法，就不能不顧及社會人生的實際生活，否則與生活脫節的佛教，如何為人所需要？,https://books.masterhsingyun.org/ArticleDetail/artcle1828
rel_f7b87f92d076,ent_e148ca0687f4,佛法,DoctrineTerm,concept_has_subconcept,概念包含下位概念,ent_fd85beeca7fa,平等,DoctrineTerm,directed,core_usable,stable_entity_graph,true,1,1,1,1,1,single_article,《五燈會元》中說：「天平等，故能常覆。⟂S⟂地平等，故能常載。⟂S⟂日月平等，故四時常明。⟂S⟂涅槃平等，故聖凡不二。⟂S⟂人心平等，故高低無諍。」⟂S⟂可見，「平等」乃佛法之要義。⟂S⟂如人心平等，則無爭無鬥，無貪瞋痴之累，社會何得不平安？⟂S⟂天下何得不太平？⟂S⟂故《佛光學》中說：「綜合而言，和平要從平等中建立，平等必須你我相互尊重，在溝通與了解上必須彼此立場互易，對於宇宙間差別萬象之認識，要能知萬法緣生與一多不異的自然原理。」⟂S⟂這裡「佛光學」提出了兩個非常重要的理論問題：一是「立場互易」之理，二是「萬法緣生」之理。,https://books.masterhsingyun.org/ArticleDetail/artcle17791
rel_59c44662a2e2,ent_e148ca0687f4,佛法,DoctrineTerm,concept_in_tension_with,概念之间存在义理张力,ent_1da9f465d21e,民間信仰,Concept,symmetric,core_usable,stable_entity_graph,true,1,1,1,1,1,single_article,由於自小在這種民間信仰濃厚的氛圍下成長，所以養成日後其對民間信仰的獨特態度：即對於民間信仰，一方面「有一點不以為然」，另一方面「也不激烈地加以全面否定」，這種態度的特點是既對民間信仰抱有一定程度地批評，又不致過度激烈地批評民間信仰，而是對民間信仰的作用與價值予以適度地肯定，這種態度是大師「宗教體驗」的重要內容和特質，反映了一位正信佛法者對於民間信仰的理性包容精神，與純粹依據佛法信仰為本位而全盤否定民間信仰價值的做法是迥異的，與完全迎合民間信仰而失去佛教正信基本價值方向的做法也有本質的區別。,https://books.masterhsingyun.org/ArticleDetail/artcle24717
rel_0e7ea65be603,ent_e148ca0687f4,佛法,DoctrineTerm,concept_named_as,概念命名为,ent_a6b94c65c717,人間佛教,Concept,directed,core_usable,stable_entity_graph,true,3,0,0,0,1,single_article,對人所說的佛法，當然叫做「人間佛教」。,https://books.masterhsingyun.org/ArticleDetail/artcle1834
rel_ae5fc861fc4f,ent_e148ca0687f4,佛法,DoctrineTerm,concept_reconciled_with,概念在语境中被说明为可调和,ent_f25853efdc3e,共產主義,Concept,symmetric,core_usable,stable_entity_graph,true,1,1,1,1,1,single_article,大師說：「佛法就是佛法，共產主義就是共產主義，但佛法是一切法的總匯，所有法都是佛法。⟂S⟂因此，佛法是一切法，共產主義當然也與佛法融會貫通了。」,https://books.masterhsingyun.org/ArticleDetail/artcle20969
rel_441654828198,ent_e148ca0687f4,佛法,DoctrineTerm,concept_reconciled_with,概念在语境中被说明为可调和,ent_dbe760b1b7f7,世法,DoctrineTerm,symmetric,core_usable,stable_entity_graph,true,5,4,5,1,5,multi_article,星雲大師據佛法與世法不二的原則，提出「佛法為體，世學為用」，宣導佛弟子以佛法的智慧為本，廣學世間的天文、地理、醫藥、數學、航海、貿易、心理學等知識技能，掌握服務社會的方便，並以佛法的正見，觀察社會問題，「對民生經濟、國際形勢、民主人權、自然生態、教育改革、種族衝突、優生保健、生態環保、家庭暴力、試管嬰兒、器官捐贈、風水地理、看相卜卦等種種問題，以佛法的智慧，提出契理契機的對治辦法。,https://books.masterhsingyun.org/ArticleDetail/artcle17779
rel_6c434d7f3766,ent_e148ca0687f4,佛法,DoctrineTerm,doctrinal_entails,义理论证推出,ent_29f545fdc778,無爭,DoctrineTerm,directed,core_usable,stable_entity_graph,true,1,1,1,1,1,single_article,有了佛法，你要家庭和諧、人我無爭，必定能家庭和諧、人我無爭。⟂S⟂但是這一切都要你對「人間佛教」有修行、有體會、有了解、有實踐，才能得到佛陀對我們的幫助。,https://books.masterhsingyun.org/ArticleDetail/artcle16277
rel_19881c79e265,ent_e148ca0687f4,佛法,DoctrineTerm,doctrine_articulates_term,教义阐发术语,ent_8c2e06b1a094,三無差別,DoctrineTerm,directed,core_usable,stable_entity_graph,true,1,1,1,1,1,single_article,平等是倡導和平的不二法門，因為有平等，才有和平，所以平等與和平是一體兩面的真理。⟂S⟂所謂「眾生平等」，上自諸佛菩薩，下至有情含識，都有生命的尊嚴，都有生存的權利。⟂S⟂因為提倡生權，讓宇宙間的生命同體共生，才有真正的平等；⟂S⟂因為有平等，才有民主；⟂S⟂因為有民主，才有自由。⟂S⟂如果沒有平等，也沒有民主自由可言，所以佛法講「心、佛、眾生，三無差別」；⟂S⟂「民主、自由、平等，也是三無差別」呀！,https://books.masterhsingyun.org/ArticleDetail/artcle586
rel_fb76bb6cf73e,ent_e148ca0687f4,佛法,DoctrineTerm,doctrine_articulates_term,教义阐发术语,ent_fd85beeca7fa,平等,DoctrineTerm,directed,core_usable,stable_entity_graph,true,1,1,1,1,1,single_article,有不少信徒從年輕時就開始聽經聞法，至今已有四十多年歷史，若以社會學而言，早就具有「博士」資格，可以講經說法了，但他們卻從沒有這個觀念，不認為自己可以講說佛法，仍自稱弟子，不敢稱老師。⟂S⟂但佛法真義不是如此，是主張人人平等、生佛不二的，在家與出家一樣可以當老師。⟂S⟂像維摩詰居士，是多少大菩薩的老師；⟂S⟂勝鬘夫人則常在皇宮為大臣說法；⟂S⟂梁武帝不喜做皇帝，曾三次捨身同泰寺，並不時在宮中說法；⟂S⟂這些範例都是檀講師的先驅。⟂S⟂中國大乘佛教的弘揚是以四大菩薩為主，除地藏菩薩外，其他的觀音菩薩、文殊菩薩、普賢菩薩皆以在家相度眾，若檀講師的制度能樹立，對二十一世紀佛法的弘揚會有很大的助益，只要有人需要聞法，隨時、隨地、隨處皆可以弘揚佛法，真正達到佛光普照三千界，法水長流五大洲的理想。,https://books.masterhsingyun.org/ArticleDetail/artcle5778
rel_f2cd2195d2ea,ent_e148ca0687f4,佛法,DoctrineTerm,doctrine_articulates_term,教义阐发术语,ent_44bf7482c442,煩惱即菩提,DoctrineTerm,directed,core_usable,stable_entity_graph,true,1,1,1,1,1,single_article,所謂「知」，大師解釋：「知」就是明理，就是智慧，就是「轉識成智」，吾人若能轉前五識為「成所作智」，讓我們所做所為都是為眾生行善、轉第六識為「妙觀察智」，善於觀察諸法實相、轉第七末那識為「平等性智」，觀一切有情悉皆平等、轉第八阿賴耶識為「大圓鏡智」，得離一切虛妄分別，則無明煩惱滅盡，自能開顯佛性，找回自我，因此佛法說「煩惱即菩提」、「生死即涅槃」，此乃大乘佛教之究極。⟂S⟂,https://books.masterhsingyun.org/ArticleDetail/artcle15650
rel_847b3ca10bbc,ent_e148ca0687f4,佛法,DoctrineTerm,doctrine_articulates_term,教义阐发术语,ent_3acd0f10d936,生死即涅槃,DoctrineTerm,directed,core_usable,stable_entity_graph,true,1,1,1,1,1,single_article,所謂「知」，大師解釋：「知」就是明理，就是智慧，就是「轉識成智」，吾人若能轉前五識為「成所作智」，讓我們所做所為都是為眾生行善、轉第六識為「妙觀察智」，善於觀察諸法實相、轉第七末那識為「平等性智」，觀一切有情悉皆平等、轉第八阿賴耶識為「大圓鏡智」，得離一切虛妄分別，則無明煩惱滅盡，自能開顯佛性，找回自我，因此佛法說「煩惱即菩提」、「生死即涅槃」，此乃大乘佛教之究極。⟂S⟂,https://books.masterhsingyun.org/ArticleDetail/artcle15650
rel_9a7b1d025334,ent_e148ca0687f4,佛法,DoctrineTerm,doctrine_constrained_by,义理受条件或范围限制,ent_1244a0f49239,世間法,DoctrineTerm,directed,core_usable,stable_entity_graph,true,1,1,1,1,1,single_article,佛教雖然重視世間法，但是更重視出世間法。⟂S⟂不過，人生在世，是不能離開世間法的，就是佛法也不能離開世間法，所謂：「佛法在世間，不離世間覺；,https://books.masterhsingyun.org/ArticleDetail/artcle7563
rel_8b4939103c0a,ent_e148ca0687f4,佛法,DoctrineTerm,doctrine_constrained_by,义理受条件或范围限制,ent_37673e1464e9,信心,DoctrineTerm,directed,core_usable,stable_entity_graph,true,2,2,2,2,2,multi_article,學佛者如沒有虔誠的信心，那斷不能得渡佛法大海的。,https://books.masterhsingyun.org/ArticleDetail/artcle2168
rel_5dac4781581f,ent_e148ca0687f4,佛法,DoctrineTerm,doctrine_constrained_by,义理受条件或范围限制,ent_3d3eec716058,本土化,Concept,directed,core_usable,stable_entity_graph,true,2,2,2,1,2,multi_article,「人間佛教從消極落伍到創新進步、從僧眾到信眾，佛光會員秉持大師人間佛教理念奉獻社會，並結合文教、慈善等多元面向。」⟂S⟂慈容法師指出，大師強調「佛法必須本土化」，因此佛光山在各國弘法時，也會面對各種問題，像是泰國佛教融合了南、北傳佛教特色，而佛光山是北傳佛教，早年移民泰國的華裔多是福建、潮州人，傳教上也得克服語言隔閡，因此興建中的泰華寺，將成為各佛教教派弘法的據點。⟂S⟂大師表示，自一九六三年首次受邀訪星、馬、泰，五十年來造訪大馬二十多次，前後與三任首相會面，「五十年前，大馬弘佛困難，蓋寺院更是千難萬難。⟂S⟂而今佛光普照，尤其東禪寺已是大馬佛教重鎮，東禪佛學院更有教育部認證，佛教在東南亞已步入盛況，一切都在進步。」,https://books.masterhsingyun.org/ArticleDetail/artcle19610
rel_ecb8d539d868,ent_e148ca0687f4,佛法,DoctrineTerm,doctrine_constrained_by,义理受条件或范围限制,ent_4a16a1380682,生活,Concept,directed,core_usable,stable_entity_graph,true,1,1,1,1,1,single_article,禪宗六祖惠能大師曾說：「佛法在世間，不離世間覺；⟂S⟂離世求菩提，猶如覓兔角。」⟂S⟂佛教是以人為本的宗教，佛法和生活不能分離，離開了生活，也就沒有佛法可言。⟂S⟂是以佛光會秉持佛陀示教利喜的本懷，倡導生活佛教，主張家庭就是修行的道場，佛法不能悖離生活，不能把夫妻視為冤家、兒女說成討債鬼、金錢喻為毒蛇、名利講成糞土；⟂S⟂反而菩提眷屬正可以在佛道上互相扶持，淨財愈多愈能做更多的佛教事業，正當的名利可以激發見賢思齊的上進心，甚至對於現世安樂的追求要更重於死後往生的期待，能夠把佛法落實在人間，才能慈悲濟世，才能轉娑婆穢域成為佛光淨土。,https://books.masterhsingyun.org/ArticleDetail/artcle4618
rel_f10c1f3e9ec4,ent_e148ca0687f4,佛法,DoctrineTerm,doctrine_flourishes_at_place,教义兴盛于地点,ent_52c739f7d876,亞洲,PlaceRealm,directed,core_usable,stable_entity_graph,true,2,0,0,0,1,single_article,今日世界各地，探討漢學之社團，研究佛學之風氣，猶如風起雲湧，佛法已不再是孤單地盛行在亞洲，佛法已為全世界人類所接受。,https://books.masterhsingyun.org/ArticleDetail/artcle9035
rel_aa875d0c8520,ent_e148ca0687f4,佛法,DoctrineTerm,doctrine_flourishes_at_place,教义兴盛于地点,ent_b9f78f3f7722,江西洞山,PlaceRealm,directed,core_usable,stable_entity_graph,true,1,0,0,0,1,single_article,於江西洞山弘揚佛法，門風頗振。,https://books.masterhsingyun.org/ArticleDetail/artcle6577
rel_4de8be6cf055,ent_e148ca0687f4,佛法,DoctrineTerm,doctrine_transmitted_to_place,教义传播至地点,ent_e5cc7b4be7db,中國,PlaceRealm,directed,core_usable,stable_entity_graph,true,1,0,0,0,1,single_article,佛法傳入中國後所形成的八個宗派，各有各的特色，它們的特點，可用四句話來形容：,https://books.masterhsingyun.org/ArticleDetail/artcle3702
rel_a9be96ca0b7f,ent_e148ca0687f4,佛法,DoctrineTerm,doctrine_transmitted_to_place,教义传播至地点,ent_843b8050d4ad,台灣,PlaceRealm,directed,core_usable,stable_entity_graph,true,1,1,1,1,1,single_article,佛光山設在全省各地的別分院，都是弘法傳教的道場，這些別分院經常舉辦各種的活動、法會，在活動法會之中，或做隨緣開示，或為專題講座，希望信徒能夠得到法樂回去，因為我們堅信「弘法為家務，利生是事業」。⟂S⟂佛陀五十年之間，來往於恆河兩岸，說法度眾無數，即使八十歲涅槃之前，抱著老弱病痛的色身，前往拘尸那揭羅城的途中，還不忘孜孜地伸廣長舌，慈悲地為眾生醫治煩惱心病。⟂S⟂因此早在民國四十四年（一九五五），大藏經初次在台灣印行的時候，大師就曾組團巡環全島，把佛法的種子散播於各地，把佛陀的法音宣揚於全省。⟂S⟂民國五十七年（一九六八），東方佛教學院第二屆學生畢業的時候，大師曾帶領著這些青年佛子，風塵僕僕地來往南北，做精彩的全省布教活動，所到之處，不僅受到佛教徒們熱烈的歡迎，更受到社會大眾的矚目與讚歎。,https://books.masterhsingyun.org/ArticleDetail/artcle23604
rel_8101090a34fd,ent_e148ca0687f4,佛法,DoctrineTerm,doctrine_transmitted_to_place,教义传播至地点,ent_61b1246050d9,東土,PlaceRealm,directed,core_usable,stable_entity_graph,true,2,0,0,0,1,single_article,佛法傳入東土後，由於與儒家思想有許多殊異處，也有不少共通點，因此一經接觸，便互相激盪排斥，也互相融攝吸收，終於形成一股澎湃的新流，使得中國文化日益壯闊。,https://books.masterhsingyun.org/ArticleDetail/artcle8413
rel_7e93ec8241a2,ent_e148ca0687f4,佛法,DoctrineTerm,returns_to_origin_or_continues_spirit,回归源头或延续精神,ent_d7590e18e650,本懷,DoctrineTerm,directed,core_usable,stable_entity_graph,true,1,0,0,0,1,single_article,一、佛法真義，回歸本懷：玄奘大師早年在博覽宗論典籍，發現各宗所說不一，為解心中疑惑，於是發願西行天竺求法取經，將原典精確譯出以釋眾疑，俾利佛法在東土弘傳。,https://books.masterhsingyun.org/ArticleDetail/artcle24046
rel_16b3e2081b96,ent_2690856df9d0,佛牙,RitualObject,ritual_object_enshrined_at_place,仪式物供奉于地点或境界,ent_ca0016203b2a,忉利天,PlaceRealm,directed,core_usable,stable_entity_graph,true,1,1,1,1,1,single_article,但根據《大般涅槃經》記載，第一個來搶佛陀舍利的並不是人，而是護法天神帝釋天，他宣稱佛陀生前答應要給他一顆牙舍利，此佛牙現在供奉在忉利天。,https://books.masterhsingyun.org/ArticleDetail/artcle7214
rel_e681510c011d,ent_2690856df9d0,佛牙,RitualObject,ritual_object_transferred_to_place,仪式物传播或移送至地点,ent_843b8050d4ad,台灣,PlaceRealm,directed,core_usable,stable_entity_graph,true,7,6,6,4,7,multi_article,一九九八年，承西藏貢噶多傑仁波切贈予我一顆佛牙舍利，我覺得這樣的稀世珍寶，應該是屬於全體佛教徒，甚至是全人類所共有，這樣的善美好事，也應該讓大家一起來參與、分享。⟂S⟂因此，由佛光山和國際佛光會聯合組成了一個「恭迎佛牙舍利團」，於四月十一日到泰國把佛牙舍利迎回台灣，並在台北中正紀念堂前的廣場，舉辦一場「恭迎佛牙舍利顯密護國祈安法會」。,https://books.masterhsingyun.org/ArticleDetail/artcle15531
rel_d6b9387bc2db,ent_f0abcfebe682,佛眼,DoctrineTerm,concept_defined_as,概念定义为,ent_cf26f7ad8f86,慈悲,DoctrineTerm,directed,core_usable,stable_entity_graph,true,2,0,0,0,1,single_article,能用佛眼看這個世間上的眾生，都如佛子羅睺羅，所以佛眼就是智慧、就是慈悲。,https://books.masterhsingyun.org/ArticleDetail/artcle3079
rel_931329902e93,ent_f0abcfebe682,佛眼,DoctrineTerm,concept_defined_as,概念定义为,ent_b1e217884f50,智慧,DoctrineTerm,directed,core_usable,stable_entity_graph,true,2,0,0,0,1,single_article,能用佛眼看這個世間上的眾生，都如佛子羅睺羅，所以佛眼就是智慧、就是慈悲。,https://books.masterhsingyun.org/ArticleDetail/artcle3079
rel_e2ac551c23ae,ent_f0e76d86a8f2,佛經,Classic,classic_interpreted_as_doctrine,经典被阐释为教义或主张,ent_4a2ef8a8e8c5,信受奉行,PracticeActivity,directed,core_usable,stable_entity_graph,true,1,1,1,1,1,single_article,佛陀為了救度眾生，開出了多少善巧方便法門，普利群生、示教利喜。⟂S⟂指導每個人去除煩惱的方法，讓人能夠離苦得樂，獲得自在解脫，對未來能充滿希望，獲得幸福安樂。⟂S⟂誠如佛經所載，佛陀說法時，弟子們同聲「願樂欲聞」，最後必定「歡喜踴躍，信受奉行」，這都是提倡要有法樂、禪悅。,https://books.masterhsingyun.org/ArticleDetail/artcle24185
rel_3ec195ce48fc,ent_f0e76d86a8f2,佛經,Classic,classic_records_person,经典记载人物,ent_62cf8ccca072,佛陀,BuddhistFigure,directed,core_usable,stable_entity_graph,true,2,2,2,2,2,multi_article,佛經中記載：當佛陀成道時，十方諸佛菩薩都前來護持讚歎，不禁讓我們感慨：佛教已經發展到五大洲了，但是還有許多佛教徒停留在自己的宗派、地域、國家裡，不能開放自我，不願與十方的佛教徒往來交流，實在是一件很遺憾的事。,https://books.masterhsingyun.org/ArticleDetail/artcle16402
rel_73d4e7692c64,ent_f0e76d86a8f2,佛經,Classic,classic_records_person,经典记载人物,ent_7d16a60d57b1,妙音菩薩,BuddhistFigure,directed,core_usable,stable_entity_graph,true,1,1,1,1,1,single_article,多年以前，我遠赴東瀛訪問，一位日本大學的校長和我說：「你們中國佛教常說要親善交流，其實你們心裡看不起我們日本，覺得我們日本和尚娶妻食肉；⟂S⟂但日本和尚學歷高，會講經說法，也不一定看得起中國的出家人。⟂S⟂此外，北傳佛教看不起南傳佛教，覺得他們是小乘行人；⟂S⟂但南傳佛教也看不起北傳佛教，覺得北傳佛教的人沒有嚴守聲聞律儀。⟂S⟂在佛教界，你看不起我，我看不起你，怎麼團結得起來呢？⟂S⟂其實每一個地方佛教的發展型態都有它獨特的社會背景啊！」⟂S⟂對於這番話，我深有所感。⟂S⟂佛經中描述淨光莊嚴國的淨華宿王佛再三囑咐妙音菩薩到娑婆世界晉謁釋迦牟尼佛時，看到土地穢惡，人身卑小，仍心存恭敬；⟂S⟂眾香佛國的香積如來甚至命彼國菩薩來到娑婆國土時，必須收攝身上的香氣，捨去端嚴的身形，以免此土眾生心生羞恥，自慚形穢。⟂S⟂可見十方諸佛都十分尊重各個地方的特性及不同眾生的根器。⟂S⟂所以，我在世界各國推展國際佛教，也效法諸佛菩薩的「人間性格」，倡導佛教應該本土化，尤其在歐美國家，我鼓勵學佛不一定要剃頭出家，在家人只要有能力，一樣也可以領眾薰修。⟂S⟂後來我更為全球的在家信眾組織國際佛光會，成立檀講師制度，讓他們也有機會發揮所長，從弟子升級為講師，升級為領導。,https://books.masterhsingyun.org/ArticleDetail/artcle6710
rel_28fa33077f26,ent_f0e76d86a8f2,佛經,Classic,classic_records_person,经典记载人物,ent_73e0f4af9875,持地菩薩,BuddhistFigure,directed,core_usable,stable_entity_graph,true,1,0,0,0,1,single_article,佛經上記載了許多菩薩愛護地球的表現，例如，持地菩薩走路不敢重踩，深怕踏痛了大地；,https://books.masterhsingyun.org/ArticleDetail/artcle15332
rel_17f39022224b,ent_f0e76d86a8f2,佛經,Classic,classic_records_person,经典记载人物,ent_3e3742b48bd7,睒子菩薩,BuddhistFigure,directed,core_usable,stable_entity_graph,true,2,0,0,0,1,single_article,佛經裡記載，有一位睒子菩薩走路的時候，都是輕輕的，從不敢重踏一步，怕壓痛了大地；,https://books.masterhsingyun.org/ArticleDetail/artcle13429
rel_b0eb2c917f52,ent_f0e76d86a8f2,佛經,Classic,classic_records_person,经典记载人物,ent_6cacfb08e6df,釋迦牟尼佛,BuddhistFigure,directed,core_usable,stable_entity_graph,true,1,1,1,1,1,single_article,多年以前，我遠赴東瀛訪問，一位日本大學的校長和我說：「你們中國佛教常說要親善交流，其實你們心裡看不起我們日本，覺得我們日本和尚娶妻食肉；⟂S⟂但日本和尚學歷高，會講經說法，也不一定看得起中國的出家人。⟂S⟂此外，北傳佛教看不起南傳佛教，覺得他們是小乘行人；⟂S⟂但南傳佛教也看不起北傳佛教，覺得北傳佛教的人沒有嚴守聲聞律儀。⟂S⟂在佛教界，你看不起我，我看不起你，怎麼團結得起來呢？⟂S⟂其實每一個地方佛教的發展型態都有它獨特的社會背景啊！」⟂S⟂對於這番話，我深有所感。⟂S⟂佛經中描述淨光莊嚴國的淨華宿王佛再三囑咐妙音菩薩到娑婆世界晉謁釋迦牟尼佛時，看到土地穢惡，人身卑小，仍心存恭敬；⟂S⟂眾香佛國的香積如來甚至命彼國菩薩來到娑婆國土時，必須收攝身上的香氣，捨去端嚴的身形，以免此土眾生心生羞恥，自慚形穢。⟂S⟂可見十方諸佛都十分尊重各個地方的特性及不同眾生的根器。⟂S⟂所以，我在世界各國推展國際佛教，也效法諸佛菩薩的「人間性格」，倡導佛教應該本土化，尤其在歐美國家，我鼓勵學佛不一定要剃頭出家，在家人只要有能力，一樣也可以領眾薰修。⟂S⟂後來我更為全球的在家信眾組織國際佛光會，成立檀講師制度，讓他們也有機會發揮所長，從弟子升級為講師，升級為領導。,https://books.masterhsingyun.org/ArticleDetail/artcle6710
rel_4abfaac85953,ent_f0e76d86a8f2,佛經,Classic,classic_states_or_mentions_doctrine,经典陈述或提及教义,ent_8e5bc1f388e3,一念三千,Concept,directed,core_usable,stable_entity_graph,true,1,1,1,1,1,single_article,一、思想要飛翔：佛經講，人的心「一念三千」，一念之間，三千大千世界，宇宙虛空，可以隨你的心念，想到哪裡就到哪裡。⟂S⟂不過儘管如此，還是覺得有點虛幻，不切實際。,https://books.masterhsingyun.org/ArticleDetail/artcle4181
rel_a7708efd2ccb,ent_f0e76d86a8f2,佛經,Classic,classic_states_or_mentions_doctrine,经典陈述或提及教义,ent_e148ca0687f4,佛法,DoctrineTerm,directed,core_usable,stable_entity_graph,true,4,0,0,0,1,single_article,佛經云：「不依國主，佛法難立。」,https://books.masterhsingyun.org/ArticleDetail/artcle20685
rel_994b0b3ce36d,ent_f0e76d86a8f2,佛經,Classic,classic_states_or_mentions_doctrine,经典陈述或提及教义,ent_4a2ef8a8e8c5,信受奉行,PracticeActivity,directed,core_usable,stable_entity_graph,true,2,2,2,1,2,multi_article,佛經中記載：佛陀說法時，大眾同聲「願樂欲聞」，到最後是「歡喜踴躍，信受奉行」，這也是在提倡要有法樂、禪悅。,https://books.masterhsingyun.org/ArticleDetail/artcle5059
rel_ac1a6762c4dd,ent_f0e76d86a8f2,佛經,Classic,classic_states_or_mentions_doctrine,经典陈述或提及教义,ent_bd68ae54ea00,修行,PracticeActivity,directed,core_usable,stable_entity_graph,true,2,0,0,0,1,single_article,佛經上說：「修行要帶三分病。」,https://books.masterhsingyun.org/ArticleDetail/artcle2912
rel_a4a77fdb1145,ent_f0e76d86a8f2,佛經,Classic,classic_states_or_mentions_doctrine,经典陈述或提及教义,ent_c9da39b6e30f,出家,PracticeActivity,directed,core_usable,stable_entity_graph,true,3,0,0,0,1,single_article,所以佛經提到出家有三等：最高等的，不但剃髮、披法服，身出家了，心也要安住在無為、寂靜禪定裡，身心都出家，才是上等的出家人。,https://books.masterhsingyun.org/ArticleDetail/artcle13423
rel_c291e8ccb7d5,ent_f0e76d86a8f2,佛經,Classic,classic_states_or_mentions_doctrine,经典陈述或提及教义,ent_7ce7ffb3b1c8,善親友,Concept,directed,core_usable,stable_entity_graph,true,1,0,0,0,1,single_article,佛經裡常會提到善友、親友、勝友、善親友等詞，這些就是我們常講的「善知識」。,https://books.masterhsingyun.org/ArticleDetail/artcle9499
rel_a57eec1f74ac,ent_f0e76d86a8f2,佛經,Classic,classic_states_or_mentions_doctrine,经典陈述或提及教义,ent_01bb9074c145,如是我聞,Concept,directed,core_usable,stable_entity_graph,true,1,1,1,1,1,single_article,所有佛經前都有「如是我聞」，最後都是「皆大歡喜，信受奉行」；⟂S⟂或者佛陀說法時，大眾同聲「願樂欲聞」，最後「歡喜踴躍，信受奉行」，說明佛教提倡人人要有禪悅、法樂，所以「皆大歡喜」很重要。,https://books.masterhsingyun.org/ArticleDetail/artcle2498
rel_85861eacde1e,ent_f0e76d86a8f2,佛經,Classic,classic_states_or_mentions_doctrine,经典陈述或提及教义,ent_5e88307976b7,莊嚴,DoctrineTerm,directed,core_usable,stable_entity_graph,true,4,0,0,0,1,single_article,一個人心中如果懂得「慚愧知恥」，自然能夠散發高貴莊嚴的氣質，所以佛經說：「慚恥之服，無上莊嚴。」,https://books.masterhsingyun.org/ArticleDetail/artcle14205
rel_71e95b83b0ec,ent_f0e76d86a8f2,佛經,Classic,classic_states_or_mentions_doctrine,经典陈述或提及教义,ent_0e0105fc5bd1,感應,DoctrineTerm,directed,core_usable,stable_entity_graph,true,1,1,1,1,1,single_article,佛經上說，眾生之「感」與諸佛菩薩之「應」，共有六萬四千八百的機應。⟂S⟂可見得感應處處皆是，到處都有，只是眾生是否已具備一念的真誠與信願心罷了。,https://books.masterhsingyun.org/ArticleDetail/artcle8421
rel_733c3657b110,ent_f0e76d86a8f2,佛經,Classic,classic_states_or_mentions_doctrine,经典陈述或提及教义,ent_9a09ad0a2d77,無常,DoctrineTerm,directed,core_usable,stable_entity_graph,true,1,1,1,1,1,single_article,佛經上說，一切有情無情，莫不有剎那剎那生住異滅的無常。⟂S⟂也就是說，宇宙萬有，剎那之間已經歷生住異滅；,https://books.masterhsingyun.org/ArticleDetail/artcle7550
rel_06bfe8ed19f6,ent_f0e76d86a8f2,佛經,Classic,classic_states_or_mentions_doctrine,经典陈述或提及教义,ent_68420ed6aa67,果報,Concept,directed,core_usable,stable_entity_graph,true,1,1,1,1,1,single_article,2.業力：佛經上說：「不思議業力，雖遠必相牽，果報成熟時，求避終難脫。」⟂S⟂業力是有情行為造作，招感果報的力量。⟂S⟂有情眾生造作無量無邊的五逆重罪，這些罪業形成一股巨大無比的力量，依有情眾生所造的行為後果，將有情眾生牽引至地獄受報。⟂S⟂因此眾生墮入地獄，不是由天神閻君所主宰操縱，而是取決於自己的業力。⟂S⟂業報自作自受，絲毫不會混淆。,https://books.masterhsingyun.org/ArticleDetail/artcle7553
rel_9407b682c9b1,ent_f0e76d86a8f2,佛經,Classic,classic_states_or_mentions_doctrine,经典陈述或提及教义,ent_b9c334cfd06e,歡喜,DoctrineTerm,directed,core_usable,stable_entity_graph,true,1,1,1,1,1,single_article,所有佛經前都有「如是我聞」，最後都是「皆大歡喜，信受奉行」；⟂S⟂或者佛陀說法時，大眾同聲「願樂欲聞」，最後「歡喜踴躍，信受奉行」，說明佛教提倡人人要有禪悅、法樂，所以「皆大歡喜」很重要。,https://books.masterhsingyun.org/ArticleDetail/artcle2498
rel_5b9e216f98d2,ent_f0e76d86a8f2,佛經,Classic,classic_states_or_mentions_doctrine,经典陈述或提及教义,ent_3f2cfc0ad314,煩惱,DoctrineTerm,directed,core_usable,stable_entity_graph,true,3,0,0,0,1,single_article,佛經云：「雖有多聞，不制煩惱，不能自利，徒無所用。,https://books.masterhsingyun.org/ArticleDetail/artcle9077
rel_1f0f28dbf841,ent_416d9fed9b53,佛般泥洹經,Classic,classic_interpreted_as_doctrine,经典被阐释为教义或主张,ent_8e5bc1f388e3,一念三千,Concept,directed,core_usable,stable_entity_graph,true,1,1,1,1,1,single_article,《佛般泥洹經》說：「心當隨人，人莫隨心，心者誤人，心殺身，心取羅漢，心取天，心取人，心取畜生、蟲蟻、鳥獸，心取地獄，心取餓鬼，作形貌者，皆心所為。」⟂S⟂所以，人的心「一念三千」，時而天堂，時而地獄。,https://books.masterhsingyun.org/ArticleDetail/artcle5048
rel_ee8f69cf36ed,ent_6475d71f00be,佛道,DoctrineTerm,doctrine_constrained_by,义理受条件或范围限制,ent_20b55f8f96b8,人間,PlaceRealm,directed,core_usable,stable_entity_graph,true,1,1,1,1,1,single_article,人間佛教就是佛陀之教，佛陀既以「滅諦」為解脫的完成，人間佛教當然不離佛陀本懷，自然希望人人都能開悟成佛。⟂S⟂然而六祖大師說：「佛法在世間，不離世間覺；⟂S⟂離世求菩提，猶如覓兔角。」⟂S⟂佛果、佛土要在眾生身上求，離開人間，離開眾生，別無佛道可求，所以人間佛教重視「人道」的完成，只要在現世「把人做好」，所謂「人成即佛成」，人道完成，佛道自能成就，自然「心淨國土淨」。⟂S⟂因此大師一向以「實踐人間佛教」為念，希望把「同體共生」、「法界圓融」的思想落實在人間，從現世「個人的心靈淨化、人際的尊重和諧、家庭的幸福美滿、民生的富足安樂、社會的自由民主、世界的和平無爭」之促進，把淨土建設在人間，這就是人間佛教的終極目標。,https://books.masterhsingyun.org/ArticleDetail/artcle15696
rel_628165b3a8ce,ent_88d7722cdd9f,佛遺教經,Classic,classic_states_or_mentions_doctrine,经典陈述或提及教义,ent_5e88307976b7,莊嚴,DoctrineTerm,directed,core_usable,stable_entity_graph,true,9,0,0,0,1,single_article,《佛遺教經》也說：「慚恥之服，無上莊嚴。」,https://books.masterhsingyun.org/ArticleDetail/artcle6737
rel_e2239c46018b,ent_88d7722cdd9f,佛遺教經,Classic,classic_states_or_mentions_doctrine,经典陈述或提及教义,ent_6dcf60e2705b,應病與藥,Concept,directed,core_usable,stable_entity_graph,true,1,1,1,1,1,single_article,例如，當談到「信仰實在有的」的部分，大師說：「我們選擇信仰的對象，應該審察它是否真實存在。⟂S⟂譬如我們選擇信仰佛教，佛教的教主釋迦牟尼佛，確實存在。」⟂S⟂當談到「信仰道德高的」部分，大師說：「我們必須了解，我所信仰的對象，他的德行有沒有清淨？⟂S⟂他的慈悲有沒有具足？⟂S⟂他的人格有沒有完美？⟂S⟂如果他具備了，那麼這樣的對象，才值得我們去信仰、去皈依。⟂S⟂釋迦牟尼佛是功行圓滿的覺者，具足智德、斷德、恩德等三德，他的道德是圓滿清淨的，跟隨這位人天的導師，可以使我們的道德更崇高，人格更完美。」⟂S⟂當談到「信仰能力強的」部分，大師說：「我們信仰的對象，也必須是能夠自度度人、自覺覺人的大善知識，以引導我們走向正道。⟂S⟂佛遺教經說：『我如善導，導人善路；⟂S⟂我如良醫，應病與藥。』」⟂S⟂當談到「信仰戒行淨的」部分，大師說：「我們所信仰的對象──大聖佛陀，是戒行最嚴謹、清淨的覺者，他不僅自持嚴格，並且制定許多的戒法來攝化弟子們的身心。」⟂S⟂當談到「信仰正法圓的」部分，大師說：「我們信仰的對象，要具有圓滿的正法。⟂S⟂佛法的道理不偏不倚，因此叫正法。⟂S⟂佛法的道理，放諸四海皆準，適用於任何的時、空、人、事，而不是用在此人身上很適合，用在那人的身上就不適合。⟂S⟂或者用在此事很恰當，用在另外一件事就不恰當。⟂S⟂因為佛法超越時空，不受任何限制，因此它是圓滿的。」⟂S⟂當談到「信仰智慧滿的」部分，大師說：「佛陀是以無盡智慧為生命的⋯⋯我們信仰的對象，他的智慧完滿無缺，我們跟隨他學習，將來可以獲得充滿智慧的生命。」⟂S⟂,https://books.masterhsingyun.org/ArticleDetail/artcle24716
rel_96373d591581,ent_88d7722cdd9f,佛遺教經,Classic,classic_states_or_mentions_doctrine,经典陈述或提及教义,ent_b9c334cfd06e,歡喜,DoctrineTerm,directed,core_usable,stable_entity_graph,true,2,0,0,0,1,single_article,《佛遺教經》說：「不能歡喜忍受惡罵之毒，如飲甘露者，不名入道智慧人也。」,https://books.masterhsingyun.org/ArticleDetail/artcle16143
rel_5f30a96d4df7,ent_62cf8ccca072,佛陀,BuddhistFigure,buddhist_figure_establishes_precept,佛教人物制定戒律,ent_05e9c39da8a4,五戒,DoctrineTerm,directed,core_usable,stable_entity_graph,true,1,1,1,1,1,single_article,在佛教裡，佛陀是戒行最嚴謹清淨的覺者，他不僅自持嚴格，並且制訂五戒、菩薩戒等許多戒法來攝化弟子們的身心，例如十大弟子之一的優婆離，就是以「持戒第一」而聞名，乃至開創南山律宗的道宣大師，也以持戒精勤而被譽為「戒香芬潔，定水澄奇」。,https://books.masterhsingyun.org/ArticleDetail/artcle466
rel_01dc1f72b25c,ent_62cf8ccca072,佛陀,BuddhistFigure,buddhist_figure_establishes_precept,佛教人物制定戒律,ent_d6ec558ba334,戒律,DoctrineTerm,directed,core_usable,stable_entity_graph,true,37,0,0,0,1,single_article,‧因為須提那破戒事件，佛陀制訂戒律，規定每半個月布薩誦戒一次。,https://books.masterhsingyun.org/ArticleDetail/artcle89
rel_909e399c2703,ent_62cf8ccca072,佛陀,BuddhistFigure,buddhist_figure_establishes_precept,佛教人物制定戒律,ent_b3b044550a72,比丘尼戒,DoctrineTerm,directed,core_usable,stable_entity_graph,true,1,1,1,1,1,single_article,由以上三方面考察，佛光山在法規戒律的受持上，除了第一項依佛制的比丘戒與比丘尼戒數量有所不同之外，其他各項皆為男、女眾共同必須持守者，並未對比丘尼有特別之規定與限制。⟂S⟂至於比丘戒與比丘尼戒何以在戒條數量上有如此懸殊之差異，則緣於當日佛陀衡量比丘尼在心理、生理以及僧團生活中所可能遭遇之困擾，遠較比丘為高，因此制定較多符合比丘尼所能遵循的戒律，以協助比丘尼修道成佛。,https://books.masterhsingyun.org/ArticleDetail/artcle17787
rel_bd345b1398f2,ent_62cf8ccca072,佛陀,BuddhistFigure,buddhist_figure_establishes_precept,佛教人物制定戒律,ent_bfc79abde9b5,波羅提木叉,Concept,directed,core_usable,stable_entity_graph,true,1,1,1,1,1,single_article,佛教的法海有三藏十二部之多，經過歷代祖師的結集著述，才有今日的規模。⟂S⟂以律藏而言，有五篇三聚，這是總的來說。⟂S⟂如果依別解脫律儀來說，分為八種，即比丘律儀、比丘尼律儀、正學律儀、勤策律儀、勤策女律儀、近事男律儀、近事女律儀、近住律儀等。⟂S⟂如果依所受持的戒法來說，又有五戒、八齋戒、十戒、六法戒、具足戒之別；⟂S⟂具足戒又分比丘戒二百五十條、比丘尼戒三百四十八條，這是屬於聲聞戒。⟂S⟂另外有大乘菩薩戒法的三聚淨戒，即攝律儀戒、攝善法戒、饒益有情戒。⟂S⟂在《梵網經》中列舉出菩薩戒的十重四十八輕戒，在《優婆塞戒經》卷三也舉出六波羅夷二十八輕戒，這是說明戒律的制定有其因緣和目的，戒律的乞受和遵守也有其標準，不是濫傳濫持的。⟂S⟂佛陀臨涅槃時曾說：「汝勿見我入涅槃，便謂正法於世永絕。⟂S⟂何以故？⟂S⟂我昔為諸比丘制戒──波羅提木叉，及餘所說種種妙法，此即是汝等大師，如我住世，無有異也。」⟂S⟂僧團以戒律來規範僧侶的言行，並有共住規約規範大眾的身口意，構成僧團內部有組織又有制度的法律制度。,https://books.masterhsingyun.org/ArticleDetail/artcle8641
rel_185c0d38000a,ent_62cf8ccca072,佛陀,BuddhistFigure,buddhist_figure_establishes_precept,佛教人物制定戒律,ent_b6a37c43e816,菩薩戒,Concept,directed,core_usable,stable_entity_graph,true,1,1,1,1,1,single_article,在佛教裡，佛陀是戒行最嚴謹清淨的覺者，他不僅自持嚴格，並且制訂五戒、菩薩戒等許多戒法來攝化弟子們的身心，例如十大弟子之一的優婆離，就是以「持戒第一」而聞名，乃至開創南山律宗的道宣大師，也以持戒精勤而被譽為「戒香芬潔，定水澄奇」。,https://books.masterhsingyun.org/ArticleDetail/artcle466
rel_c610078dbcb6,ent_62cf8ccca072,佛陀,BuddhistFigure,buddhist_figure_establishes_precept,佛教人物制定戒律,ent_2074071360a1,八關齋戒,PracticeActivity,directed,core_usable,stable_entity_graph,true,3,2,3,2,3,multi_article,八關齋戒是佛陀為在家弟子所制定的一天一夜出家學處。⟂S⟂為了讓在家信徒也有機會體驗出家清淨離欲的生活，長養出世解脫的善根，佛陀慈悲特別開設八關齋戒的方便法門。⟂S⟂一般的戒法都是終生受持，唯有八關齋戒是一日一夜持守，但意義仍然相當殊勝。⟂S⟂誠如大師說：「讓在家的信徒們比照出家眾來修道，雖說只有一日一夜，但是一念三千，只要入了道，一時一刻的清淨，就超過無量阿僧祇劫的修行。」⟂S⟂,https://books.masterhsingyun.org/ArticleDetail/artcle24260
rel_8b4035d8855b,ent_62cf8ccca072,佛陀,BuddhistFigure,buddhist_figure_has_auspicious_mark,佛教人物具足相好,ent_c3569625ae14,三十二相,DoctrineTerm,directed,core_usable,stable_entity_graph,true,3,3,3,2,3,multi_article,佛陀是拋棄金輪王位，出家修行，證得聖果，有三十二相八十種好，身上放出的光明，好似太陽一樣地光亮，能照徹十方世界，了知一切有情的過去、現在、未來等三世因果。,https://books.masterhsingyun.org/ArticleDetail/artcle4684
rel_2fe713e4c959,ent_62cf8ccca072,佛陀,BuddhistFigure,person_advocates_doctrine,人物倡导教义,ent_a6b94c65c717,人間佛教,Concept,directed,core_usable,stable_entity_graph,true,1,0,0,0,1,single_article,我在這裡祈求佛陀加被各位福慧雙增，身心如意。 ⟂P⟂ 這位師父就是其時已在台灣佛教信眾中享有盛名，而日後還要以其智慧、悲願一再為他所弘揚的「人間佛教」不斷續寫種種「傳奇」的星雲大師。,https://books.masterhsingyun.org/ArticleDetail/artcle24676
rel_3c62751e22e5,ent_62cf8ccca072,佛陀,BuddhistFigure,person_advocates_doctrine,人物倡导教义,ent_e148ca0687f4,佛法,DoctrineTerm,directed,core_usable,stable_entity_graph,true,5,0,0,0,1,single_article,當初佛陀弘揚佛法於五印度，經過二千多年來，今日佛教徒應該光大如來遺教，要把佛法弘揚得更廣更遠，所謂「佛光普照三千界，法水長流五大洲」，這便是國際佛光會創會的目標，也是全體會員一致努力的方向。,https://books.masterhsingyun.org/ArticleDetail/artcle7391
rel_1d55db02216b,ent_62cf8ccca072,佛陀,BuddhistFigure,person_advocates_doctrine,人物倡导教义,ent_e41c29e37c24,六和敬,Concept,directed,core_usable,stable_entity_graph,true,1,0,0,0,1,single_article,二千五百年前佛陀建立佛教僧團，提倡「六和敬」，主張比丘、比丘尼僧團，除了要有組織，還要有法制、綱領。,https://books.masterhsingyun.org/ArticleDetail/artcle16292
rel_32bc98581df6,ent_62cf8ccca072,佛陀,BuddhistFigure,person_advocates_doctrine,人物倡导教义,ent_ae752f871ea7,夏安居,PracticeActivity,directed,core_usable,stable_entity_graph,true,1,0,0,0,1,single_article,所以，佛陀提倡夏安居，也表示讓比丘、比丘尼們安住身心，增長慈悲。,https://books.masterhsingyun.org/ArticleDetail/artcle9553
rel_3d6a7b51b750,ent_62cf8ccca072,佛陀,BuddhistFigure,person_advocates_doctrine,人物倡导教义,ent_143eee931f4b,少欲知足,Concept,directed,core_usable,stable_entity_graph,true,1,0,0,0,1,single_article,雖然佛陀提倡少欲知足，並說知足第一富，但他並不詆毀財富。,https://books.masterhsingyun.org/ArticleDetail/artcle17799
rel_50965f7e4703,ent_62cf8ccca072,佛陀,BuddhistFigure,person_advocates_doctrine,人物倡导教义,ent_fd85beeca7fa,平等,DoctrineTerm,directed,core_usable,stable_entity_graph,true,11,0,0,0,1,single_article,佛陀提倡平等，認為一個人的尊卑不是天生的，而是人成的，本身的行為才能決定是在清涼世界享受安樂，還是在娑婆汙泥中受苦。,https://books.masterhsingyun.org/ArticleDetail/artcle4673
rel_42e818816140,ent_62cf8ccca072,佛陀,BuddhistFigure,person_advocates_doctrine,人物倡导教义,ent_cf26f7ad8f86,慈悲,DoctrineTerm,directed,core_usable,stable_entity_graph,true,3,0,0,0,1,single_article,大師表示，佛陀是倡導慈悲，是崇揚和平的，所以眾人來到佛館要培養慈悲與和平的性格。,https://books.masterhsingyun.org/ArticleDetail/artcle19587
rel_6aca32c45adb,ent_62cf8ccca072,佛陀,BuddhistFigure,person_advocates_doctrine,人物倡导教义,ent_65f13d0cbe78,仁王護國,DoctrineTerm,directed,core_usable,stable_entity_graph,true,1,0,0,0,1,single_article,我們的教主佛陀提倡仁王護國，除了常與頻婆娑羅王、波斯匿王、彌蘭陀王交往之外，更將護持佛法的責任交給眾大臣。,https://books.masterhsingyun.org/ArticleDetail/artcle2633
rel_00601cf4a7dc,ent_62cf8ccca072,佛陀,BuddhistFigure,person_advocates_doctrine,人物倡导教义,ent_f015ab78cf89,眾生平等,DoctrineTerm,directed,core_usable,stable_entity_graph,true,3,0,0,0,2,single_article,當初佛陀提倡一切眾生平等，現在我們倡導「四眾平等」、「僧信平等」、「男女平等」，凡是有人提倡女性至尊至上，或是心存男性優越感、大男人主義者，都是有違佛法。,https://books.masterhsingyun.org/ArticleDetail/artcle3795
rel_8e7a28faf19b,ent_62cf8ccca072,佛陀,BuddhistFigure,person_advocates_doctrine,人物倡导教义,ent_7c5bec1a1e11,人我平等制度,Concept,directed,core_usable,stable_entity_graph,true,1,0,0,0,1,single_article,1.以法攝眾，人我平等：佛陀認為眾生皆有佛性，提倡人我平等制度，打破當時印度社會的階級劃分；,https://books.masterhsingyun.org/ArticleDetail/artcle8745
rel_0440b8535cbf,ent_62cf8ccca072,佛陀,BuddhistFigure,person_advocates_doctrine,人物倡导教义,ent_7ce5a16d7d24,人间佛教,DoctrineTerm,directed,core_usable,stable_entity_graph,true,1,0,0,0,1,single_article,其實佛陀所提倡的教義是「現實重於玄談，大眾重於個人，社會重於山林，利他重於自利」的人間佛教，佛光會員應先認識人間佛教的本質，才能擔負起弘法利生的重責大任。,https://books.masterhsingyun.org/ArticleDetail/artcle16717
rel_564d22c4959c,ent_62cf8ccca072,佛陀,BuddhistFigure,person_articulates_concept_or_doctrine,人物阐发概念或教义,ent_96ef6af74ecb,不生不滅,DoctrineTerm,directed,core_usable,stable_entity_graph,true,1,1,1,1,1,single_article,有一天，佛陀出外行腳托缽，遇到一位婆羅門正在田裡耕種。⟂S⟂婆羅門見了佛陀，即刻向前質問：「佛陀，你為何不自己耕種，為何不以自己的勞力來換取生活所需呢？」⟂S⟂佛陀含笑回答：「我時時刻刻都不忘辛勤耕耘啊！」⟂S⟂婆羅門不解：「我何曾看過你用犁、軛、鏟來耕種呢？」⟂S⟂佛陀慈悲的說：「眾生都是我的田地，信心就是我的種子，善法就是露水，智慧是陽光，持戒是我的犁，精進不懈是我選的牛，正念是繫牛的繩，真理是我握的柄，身口意三業煩惱是我要鏟除的穢草，不生不滅永恆的淨樂是我耕耘收穫的果實。」⟂S⟂語云：「心田不長無明草，性地常開智慧花。」⟂S⟂胡適也說：「要怎麼收穫，先那麼栽！」⟂S⟂你希望心田裡長慈悲智慧呢？⟂S⟂還是長愚痴邪見呢？⟂S⟂就看你如何耕耘心田了！⟂S⟂如果希望心田裡生長出聰明、靈巧、穎悟、通達，那麼只要播撒智慧的種子，何患無成？⟂S⟂如果希望能收成人緣、吉祥、平安、順利的果實，只要播撒慈悲的種子，必能如願！,https://books.masterhsingyun.org/ArticleDetail/artcle14267
rel_60e9a9d897f7,ent_62cf8ccca072,佛陀,BuddhistFigure,person_articulates_concept_or_doctrine,人物阐发概念或教义,ent_860bf9704fd4,不立文字,Concept,directed,core_usable,stable_entity_graph,true,1,1,1,1,1,single_article,傳法，是老師以一件袈裟、一個缽傳給門人，表示把我的道、我的佛法傳給了你。⟂S⟂正如佛陀當初在靈山會上，手上拿了一朵花，在座的弟子們都不知道是什麼意思，唯有大迦葉尊者站起來，微微一笑。⟂S⟂佛陀和大迦葉就藉著一個拈花、一個微笑，心靈相通了。⟂S⟂所以佛陀說：「吾有正法眼藏，涅槃妙心，實相無相，微妙法門，不立文字，教外別傳，付囑摩訶迦葉。」,https://books.masterhsingyun.org/ArticleDetail/artcle119
rel_b3e9d4984025,ent_62cf8ccca072,佛陀,BuddhistFigure,person_articulates_concept_or_doctrine,人物阐发概念或教义,ent_b4d10439f17e,佛性,DoctrineTerm,directed,core_usable,stable_entity_graph,true,1,1,1,1,1,single_article,尤其佛陀宣告「眾生皆有佛性」，不但讓我們肯定自我，進而建立眾生平等的思想，不管對個人的解脫，乃至對社會的和諧，甚至對整個世界的和平，都有莫大的貢獻，都是為了創造人間的幸福安樂，都是在幫助眾生從痛苦的此岸邁向快樂的彼岸，這就是佛陀降誕人間「示教利喜」的本懷。,https://books.masterhsingyun.org/ArticleDetail/artcle15647
rel_894cf27315ad,ent_62cf8ccca072,佛陀,BuddhistFigure,person_articulates_concept_or_doctrine,人物阐发概念或教义,ent_e148ca0687f4,佛法,DoctrineTerm,directed,core_usable,stable_entity_graph,true,2,0,0,0,1,single_article,佛陀用譬喻故事來說明佛法的妙理、妙用。,https://books.masterhsingyun.org/ArticleDetail/artcle9898
rel_5f3aa0b675ed,ent_62cf8ccca072,佛陀,BuddhistFigure,person_articulates_concept_or_doctrine,人物阐发概念或教义,ent_635f7c0727a5,依法不依人,Concept,directed,core_usable,stable_entity_graph,true,1,0,0,0,1,single_article,佛陀提出「四依止」，即：依法不依人、依智不依識、依義不依語、依了義不依不了義，主張宗教信仰應建立在理性的基礎上。,https://books.masterhsingyun.org/ArticleDetail/artcle4426
rel_11a4956506a0,ent_62cf8ccca072,佛陀,BuddhistFigure,person_articulates_concept_or_doctrine,人物阐发概念或教义,ent_c725d70319d9,八敬法,DoctrineTerm,directed,core_usable,stable_entity_graph,true,1,0,0,0,1,single_article,四問：聽說當時佛陀曾提出「八敬法」，作為允許佛陀的姨母及五百位宮女出家的條件。,https://books.masterhsingyun.org/ArticleDetail/artcle2508
rel_725034bf23ea,ent_62cf8ccca072,佛陀,BuddhistFigure,person_articulates_concept_or_doctrine,人物阐发概念或教义,ent_9578ca68d443,四聖諦,DoctrineTerm,directed,core_usable,stable_entity_graph,true,2,0,0,0,1,single_article,從佛陀一再強調四聖諦的事實來看，可見在佛陀的一代時教中，對四聖諦的闡揚是自始至終的，以及此中真理的不可變異。,https://books.masterhsingyun.org/ArticleDetail/artcle594
rel_508d4a683419,ent_62cf8ccca072,佛陀,BuddhistFigure,person_articulates_concept_or_doctrine,人物阐发概念或教义,ent_f7e49f4ae092,實相,DoctrineTerm,directed,core_usable,stable_entity_graph,true,4,0,0,0,1,single_article,其實佛陀提出苦的實相，是要我們正視這個問題，從而進德修業，去除苦因，得到究竟安樂；,https://books.masterhsingyun.org/ArticleDetail/artcle101
rel_b17723d8c801,ent_62cf8ccca072,佛陀,BuddhistFigure,person_articulates_concept_or_doctrine,人物阐发概念或教义,ent_b1e217884f50,智慧,DoctrineTerm,directed,core_usable,stable_entity_graph,true,4,0,0,0,1,single_article,在佛經裡，佛陀一再說明智慧的重要，要我們能遠離愚痴。,https://books.masterhsingyun.org/ArticleDetail/artcle9609
rel_432bdab56e9c,ent_62cf8ccca072,佛陀,BuddhistFigure,person_articulates_concept_or_doctrine,人物阐发概念或教义,ent_de77c6f5f383,自作自受,DoctrineTerm,directed,core_usable,stable_entity_graph,true,1,1,1,1,1,single_article,因此，學佛不能「依神」，而要「依佛」所說，佛陀告訴我們：業力自作自受，凡事有因有果，人才是真正決定禍福的主宰；⟂S⟂我們唯有信仰佛教，才能從神權中解脫出來，回復心靈的自由，從而建立對自我的信心。,https://books.masterhsingyun.org/ArticleDetail/artcle9367
rel_5e3e1c0d08be,ent_62cf8ccca072,佛陀,BuddhistFigure,person_articulates_concept_or_doctrine,人物阐发概念或教义,ent_e265ca1a8db0,諸法因緣生,DoctrineTerm,directed,core_usable,stable_entity_graph,true,2,2,2,1,2,multi_article,所以，首陀羅不可能永遠是首陀羅，婆羅門也不可能永遠是婆羅門。⟂S⟂例如：優婆離本是一個首陀羅族中的剃頭匠，後來在佛陀的弟子中被尊為是十大弟子中的持戒第一。⟂S⟂摩登伽女是首陀羅族中的一名賤民，他為了愛戀阿難的美貌，受佛陀的感化出家，而後證得阿羅漢。⟂S⟂尼提原是首陀羅族中的一名糞夫，出家後精進，證得羅漢果。⟂S⟂佛陀的十大弟子中分別是智慧第一和神通第一的舍利弗和目犍連，原是婆羅門教的領袖，因聽聞佛陀所說法：「諸法因緣生，諸法因緣滅，我佛大沙門，常作如是說。」⟂S⟂皈依佛陀的座下，並證得大阿羅漢的果位。,https://books.masterhsingyun.org/ArticleDetail/artcle8408
rel_869863b1c936,ent_62cf8ccca072,佛陀,BuddhistFigure,person_articulates_concept_or_doctrine,人物阐发概念或教义,ent_f015ab78cf89,眾生平等,DoctrineTerm,directed,core_usable,stable_entity_graph,true,1,0,0,0,1,single_article,第三、有容，人必附之：佛陀提出「眾生平等」，《金剛經》也說：「若菩薩有我相、人相、眾生相、壽者相，即非菩薩。」,https://books.masterhsingyun.org/ArticleDetail/artcle3634
rel_56b6f741ec0a,ent_62cf8ccca072,佛陀,BuddhistFigure,person_associated_with_place,人物关联地点,ent_0200e9f80c43,世間,PlaceRealm,directed,core_usable,stable_entity_graph,true,1,1,1,1,1,single_article,佛陀真身舍利子，無論是佛牙、佛指，乃至北齊漢白玉佛像的「金身合璧」，都是因為大師的悲心，以及兩岸領導人的合作，信徒大眾的翹首恭迎，而能得見之。⟂S⟂此福德因緣「千載一時，一時千載」。⟂S⟂但更重要的是徵信於佛陀曾經真實地生活在世間的史實。⟂S⟂佛陀他曾歷經多年的苦行，又有多年的醞釀，直到證悟了宇宙世間的「緣起中道」法則，明白無量眾生無史以來，因為妄想執著而不能證得每個人自性中光明的法身慧命，因而應天帝之請，開啟了四十九年隨緣教化眾生於恆河兩岸的禪道生活。,https://books.masterhsingyun.org/ArticleDetail/artcle21046
rel_2577a830cd4b,ent_62cf8ccca072,佛陀,BuddhistFigure,person_associated_with_place,人物关联地点,ent_390d5291a4f2,五印度,PlaceRealm,directed,core_usable,stable_entity_graph,true,1,1,1,1,1,single_article,佛陀成道後，足跡遍及五印度，四十九年的弘化，目的就是為了「示教利喜」，解救眾生出離苦難，帶來幸福與安樂。,https://books.masterhsingyun.org/ArticleDetail/artcle24196
rel_c6fcab8b0af5,ent_62cf8ccca072,佛陀,BuddhistFigure,person_associated_with_place,人物关联地点,ent_9957187e43ba,恒河,PlaceRealm,directed,core_usable,stable_entity_graph,true,1,1,1,1,1,single_article,佛光山設在全省各地的別分院，都是弘法傳教的道場，這些別分院經常舉辦各種的活動、法會，在活動法會之中，或做隨緣開示，或為專題講座，希望信徒能夠得到法樂回去，因為我們堅信「弘法為家務，利生是事業」。⟂S⟂佛陀五十年之間，來往於恆河兩岸，說法度眾無數，即使八十歲涅槃之前，抱著老弱病痛的色身，前往拘尸那揭羅城的途中，還不忘孜孜地伸廣長舌，慈悲地為眾生醫治煩惱心病。⟂S⟂因此早在民國四十四年（一九五五），大藏經初次在台灣印行的時候，大師就曾組團巡環全島，把佛法的種子散播於各地，把佛陀的法音宣揚於全省。⟂S⟂民國五十七年（一九六八），東方佛教學院第二屆學生畢業的時候，大師曾帶領著這些青年佛子，風塵僕僕地來往南北，做精彩的全省布教活動，所到之處，不僅受到佛教徒們熱烈的歡迎，更受到社會大眾的矚目與讚歎。,https://books.masterhsingyun.org/ArticleDetail/artcle23604
rel_a4150fd6b208,ent_62cf8ccca072,佛陀,BuddhistFigure,person_associated_with_place,人物关联地点,ent_55d164264407,靈鷲山,PlaceRealm,directed,core_usable,stable_entity_graph,true,1,1,1,1,1,single_article,如《大般若波羅蜜多經》、《妙法蓮華經》、《無量義經》、《佛說法華三昧經》等，都是在靈鷲山上宣說的，所以佛門有所謂的「靈山會上佛菩薩」、「靈山勝會」等話，就是讚揚諸佛菩薩法筵常在，福蔭佛弟子，意味雋永。⟂S⟂頻婆娑羅王為了親近佛陀，特地修建一條石階，直達山頂的園林。⟂S⟂距離山頂處，有許多小石窟，是比丘們修行的地方。⟂S⟂在山崖邊有磚造的精舍，精舍東面有長石，為佛陀經行之處。⟂S⟂精舍旁邊有一巨大的石塊，是當年提婆達多推石傷害佛陀的地點。⟂S⟂南邊懸崖下有一座小塔，佛陀曾在此處宣說《法華經》。,https://books.masterhsingyun.org/ArticleDetail/artcle3850
rel_83193844d1c9,ent_62cf8ccca072,佛陀,BuddhistFigure,person_associated_with_place,人物关联地点,ent_7b0a632dc379,祇園精舍,Institution,directed,core_usable,stable_entity_graph,true,1,1,1,1,1,single_article,佛陀曾在舍衛國祇園精舍宣說《勝鬘師子吼一乘大方便方廣經》，經中記載勝鬘夫人宣誓受持「十大受」，亦即「十大戒」、「十大弘誓」：,https://books.masterhsingyun.org/ArticleDetail/artcle4000
rel_a8afc5f3d346,ent_62cf8ccca072,佛陀,BuddhistFigure,person_attains_doctrinal_state,人物证得教义境界,ent_c3569625ae14,三十二相,DoctrineTerm,directed,core_usable,stable_entity_graph,true,4,4,4,4,4,multi_article,「八十種好」是因三十二相而有，所以又稱「八十隨形好」。⟂S⟂這圓滿的三十二相，並不是天生如此，佛陀是經過九十一大劫的修行才能成就。,https://books.masterhsingyun.org/ArticleDetail/artcle2618
rel_ce7c59d934e3,ent_62cf8ccca072,佛陀,BuddhistFigure,person_attains_doctrinal_state,人物证得教义境界,ent_f20b3f1de777,入涅槃,DoctrineTerm,directed,core_usable,stable_entity_graph,true,1,1,1,1,1,single_article,世間一切有為法是無常的，所謂生者必滅，合會必離，盛必有衰，眾苦流轉，無有休息，常為諸苦所侵。⟂S⟂因此，佛陀於拘尸那入涅槃之際，眾生心大憂愁，同時舉聲悲啼號哭，咸謂世間空虛，眾生福盡，從今以後，無有救護，無所宗仰。,https://books.masterhsingyun.org/ArticleDetail/artcle2115
rel_e7f9ec8c4f89,ent_62cf8ccca072,佛陀,BuddhistFigure,person_attains_doctrinal_state,人物证得教义境界,ent_f76ae8b83972,真理,Concept,directed,core_usable,stable_entity_graph,true,3,1,1,1,3,single_article,二千五百多年前，在印度菩提迦耶的菩提樹下，佛陀證悟宇宙真理，隨即在鹿野苑為五比丘宣說「四聖諦」；,https://books.masterhsingyun.org/ArticleDetail/artcle2311
rel_005172a1fcf2,ent_62cf8ccca072,佛陀,BuddhistFigure,person_founds_institution,人物创设机构,ent_faac1e94bad5,六和僧團,Institution,directed,core_usable,stable_entity_graph,true,4,0,0,0,1,single_article,原始佛教時代，佛陀因時制宜地制戒，建立六和僧團；,https://books.masterhsingyun.org/ArticleDetail/artcle8641
rel_d29b6fe6af54,ent_62cf8ccca072,佛陀,BuddhistFigure,person_founds_institution,人物创设机构,ent_a778b2ec3c14,教團,Institution,directed,core_usable,stable_entity_graph,true,5,0,0,0,1,single_article,這種叢林的禪門生活，其實也都是依循著佛陀當初在印度建立教團的示範。,https://books.masterhsingyun.org/ArticleDetail/artcle73
rel_a65d6efecb07,ent_62cf8ccca072,佛陀,BuddhistFigure,person_founds_institution,人物创设机构,ent_169fda8a563c,佛教僧團,Institution,directed,core_usable,stable_entity_graph,true,1,0,0,0,1,single_article,二千五百年前佛陀建立佛教僧團，提倡「六和敬」，主張比丘、比丘尼僧團，除了要有組織，還要有法制、綱領。,https://books.masterhsingyun.org/ArticleDetail/artcle16292
rel_e42c25d8be05,ent_62cf8ccca072,佛陀,BuddhistFigure,person_founds_institution,人物创设机构,ent_f26b13f3e5e9,僧團,Institution,directed,core_usable,stable_entity_graph,true,7,0,0,0,1,single_article,佛陀建立僧團教育弟子，是佛教第一個義學。,https://books.masterhsingyun.org/ArticleDetail/artcle106
rel_270e73e2e017,ent_62cf8ccca072,佛陀,BuddhistFigure,person_guides_or_saves_group,人物教化或度化群体,ent_d3e26d33b46f,大眾,Group,directed,core_usable,stable_entity_graph,true,1,0,0,0,1,single_article,接近十點鐘、中午的時刻，信徒們便陸續來到精舍請法，各界人士也紛紛前來拜訪，佛陀又再接引大眾，對他們開示人生正道。,https://books.masterhsingyun.org/ArticleDetail/artcle98
rel_f1388c12b4b4,ent_62cf8ccca072,佛陀,BuddhistFigure,person_guides_or_saves_group,人物教化或度化群体,ent_aef97ef170d1,眾生,Group,directed,core_usable,stable_entity_graph,true,1,1,1,1,1,single_article,佛陀示教利喜，一切都是為了眾生，所以，我們不是為了「人」，還有什麼佛事可做呢？,https://books.masterhsingyun.org/ArticleDetail/artcle6674
rel_8adb6048c84a,ent_62cf8ccca072,佛陀,BuddhistFigure,person_guides_or_saves_group,人物教化或度化群体,ent_2687e149de3b,五比丘,Group,directed,core_usable,stable_entity_graph,true,6,0,0,0,1,single_article,反觀佛教，遠在二千五百多年前，佛陀度化了最初的五比丘後，即令其分頭至各地弘法，教化民眾；,https://books.masterhsingyun.org/ArticleDetail/artcle675
rel_c0754daaa920,ent_62cf8ccca072,佛陀,BuddhistFigure,person_interprets_classic,人物解释经典,ent_dda32765796c,楞嚴經,Classic,directed,core_usable,stable_entity_graph,true,1,0,0,0,1,single_article,佛陀講《楞嚴經》就是提醒我們，眾生都有妙覺真心，亦即自性，也就是佛性。,https://books.masterhsingyun.org/ArticleDetail/artcle23575
rel_a5c31d62cd0f,ent_62cf8ccca072,佛陀,BuddhistFigure,person_interprets_classic,人物解释经典,ent_c23eb3ad53f7,法華經,Classic,directed,core_usable,stable_entity_graph,true,1,0,0,0,1,single_article,及至到了最後八年，佛陀講說《法華經》，雖然強調「唯有一乘法，無二亦無三」，但佛陀還是方便施設了「化城」，以「會三歸一」、「化權顯實」，漸次引導眾生走上佛道。,https://books.masterhsingyun.org/ArticleDetail/artcle15648
rel_2ca4d6b778d4,ent_62cf8ccca072,佛陀,BuddhistFigure,person_participates_in_activity,人物参与活动,ent_dd79e187a078,靈山會,PracticeActivity,directed,core_usable,stable_entity_graph,true,14,14,14,6,14,multi_article,說到禪宗，從遠處說，禪是從佛陀在靈山會上拈花微笑，把正法眼藏付囑摩訶迦葉（見《傳燈錄》）。⟂S⟂此事在《大梵天王問佛決疑經》中有詳細的記載：一日，佛陀行化至靈鷲山，時有大梵天王，為令今世、後世眾生獲得利益，以金婆羅華獻佛，捨身為床座，恭請佛陀為眾生說法。,https://books.masterhsingyun.org/ArticleDetail/artcle674
rel_217159c20fbf,ent_62cf8ccca072,佛陀,BuddhistFigure,person_performs_practice,人物实践修行,ent_a6b94c65c717,人間佛教,Concept,directed,core_usable,stable_entity_graph,true,2,0,0,0,1,single_article,現在有很多人都在說，人間佛教是你的、是他的，是哪一個人的，其實不是，人間的佛陀本來就是奉行人間佛教。,https://books.masterhsingyun.org/ArticleDetail/artcle11110
rel_4e1f4ec7f74b,ent_62cf8ccca072,佛陀,BuddhistFigure,person_performs_practice,人物实践修行,ent_a90b393da4e5,六年苦行,PracticeActivity,directed,core_usable,stable_entity_graph,true,1,1,1,1,1,single_article,中國佛經四大翻譯家之一的玄奘大師西行取法時，因有「寧向西天一步死，不回東土一步生」的精進恆心，才能學成歸國，攜回經典，不但利人無數，也使中國佛教得以輝煌燦爛；⟂S⟂又佛陀六年苦行，若沒有精進恆心，怎會成就佛道？⟂S⟂六祖惠能大師樁米八月，若沒有精進恆心，何能大徹大悟？⟂S⟂而菩薩化度有情，亦須經三大阿僧祇劫，若無精進恆心，堪忍一切，積集無量福德，如何成就等覺？⟂S⟂所以，佛光會員應將菩薩披精進甲、著忍辱鎧的精神，應用在佛光會上，勉勵自己辦會務時要有精進恆心，參與活動時要有精進恆心，慈悲喜捨要有精進恆心，服務犧牲要有精進恆心，斷惡行善要有精進恆心……能如此則事業堪就，佛道堪成。,https://books.masterhsingyun.org/ArticleDetail/artcle16731
rel_ef55ae0c7cc1,ent_62cf8ccca072,佛陀,BuddhistFigure,person_performs_practice,人物实践修行,ent_204dc8c4207b,六波羅蜜,DoctrineTerm,directed,core_usable,stable_entity_graph,true,1,0,0,0,1,single_article,1.足下平滿相：足底平直柔軟，安住密著地面，這是佛陀於因位行菩薩道時，修六波羅蜜所感得的相，表示引導利益之德。,https://books.masterhsingyun.org/ArticleDetail/artcle7548
rel_113033a4d763,ent_62cf8ccca072,佛陀,BuddhistFigure,person_performs_practice,人物实践修行,ent_4dbc4d994e37,尼連禪,DoctrineTerm,directed,core_usable,stable_entity_graph,true,1,0,0,0,1,single_article,之後的行程，我們到了佛陀修道的聖地尼連禪河。,https://books.masterhsingyun.org/ArticleDetail/artcle5710
rel_3d33e740665a,ent_62cf8ccca072,佛陀,BuddhistFigure,person_performs_practice,人物实践修行,ent_bfa25054d01d,忍辱波羅蜜,DoctrineTerm,directed,core_usable,stable_entity_graph,true,1,1,1,1,1,single_article,佛陀就是因為修行忍辱波羅蜜，甚至圓滿六度萬行，所以能夠成就三十二相、八十種好，成為福慧俱全、相好圓滿的佛陀，可見「忍」是學佛不可缺少的修行。,https://books.masterhsingyun.org/ArticleDetail/artcle9355
rel_674fe99cb20e,ent_62cf8ccca072,佛陀,BuddhistFigure,person_performs_practice,人物实践修行,ent_cf26f7ad8f86,慈悲,DoctrineTerm,directed,core_usable,stable_entity_graph,true,3,0,0,0,1,single_article,佛陀自己躬身實踐慈悲、救拔倒懸之外，並時時教誡弟子們要犧牲自我，利益他人。,https://books.masterhsingyun.org/ArticleDetail/artcle3704
rel_9dcd9732ed47,ent_62cf8ccca072,佛陀,BuddhistFigure,person_performs_practice,人物实践修行,ent_39be9be3e203,法門,DoctrineTerm,directed,core_usable,stable_entity_graph,true,2,0,0,0,1,single_article,在四攝法裡有「愛語利行」、十大願中有「稱讚如來」，佛弟子面對三寶時更以梵唄唱誦加以讚歎，釋迦牟尼佛當初在因地與彌勒菩薩同時修行，只因佛陀多修了一項讚歎法門，而較彌勒菩薩提早三十劫成佛，可見讚歎是多麼的重要！,https://books.masterhsingyun.org/ArticleDetail/artcle2759
rel_a8a252cc3e6f,ent_62cf8ccca072,佛陀,BuddhistFigure,person_performs_practice,人物实践修行,ent_932ce5962a37,示教利喜,Concept,directed,core_usable,stable_entity_graph,true,8,7,7,5,8,multi_article,南傳《長老尼偈》則收有七十三位阿羅漢尼證果的詩偈及生平傳略，其中剎帝利王族后妃公主計二十四人，例如釋迦族公主難陀、精陀、梅陀，憍薩羅國王后烏比哩，舍利弗三個妹妹佳拉、烏帕佳拉、悉蘇帕佳拉均在其中。⟂S⟂尤其阿拉沃卡國的賽拉小公主，剛滿七歲即聞法出家，七日後證阿羅漢果，佛陀破例為他授比丘尼戒。⟂S⟂佛陀示教利喜的權巧方便，由此可見。,https://books.masterhsingyun.org/ArticleDetail/artcle747
rel_fc191ef95f29,ent_62cf8ccca072,佛陀,BuddhistFigure,person_performs_practice,人物实践修行,ent_0e38cfb86953,捨身飼虎,Concept,directed,core_usable,stable_entity_graph,true,2,0,0,0,1,single_article,又佛陀過去生中修行「割肉餵鷹」、「捨身飼虎」，不只從繁華回歸於簡樸，甚至不惜將小我的生命奉獻給宇宙間大我的生命，這也就是我時常強調的，現代人要有「同體與共生」的思想，未來的世界才有希望。,https://books.masterhsingyun.org/ArticleDetail/artcle9040
rel_389d4515c4c4,ent_62cf8ccca072,佛陀,BuddhistFigure,person_performs_practice,人物实践修行,ent_e427f4e4a46f,菩薩行,Concept,directed,core_usable,stable_entity_graph,true,3,0,0,0,1,single_article,一、佛陀涅槃後，佛弟子隨著對佛陀精神的永恆懷念，於是佛陀過去生中修菩薩行的故事便成為學習的典範。,https://books.masterhsingyun.org/ArticleDetail/artcle8719
rel_fb06e5b5792b,ent_62cf8ccca072,佛陀,BuddhistFigure,person_performs_practice,人物实践修行,ent_7f440e9c5bcf,菩薩道,DoctrineTerm,directed,core_usable,stable_entity_graph,true,2,0,0,0,1,single_article,有一些佛教徒，經常喜歡舉例，說佛陀在因地修行時，曾經「割肉餵鷹、捨身飼虎」，以此來宣揚、歌頌佛陀實踐菩薩道的偉大。,https://books.masterhsingyun.org/ArticleDetail/artcle9455
rel_f44eba14fd75,ent_62cf8ccca072,佛陀,BuddhistFigure,person_performs_practice,人物实践修行,ent_c766879c0c7a,說法,PracticeActivity,directed,core_usable,stable_entity_graph,true,3,3,3,2,3,multi_article,佛光山設在全省各地的別分院，都是弘法傳教的道場，這些別分院經常舉辦各種的活動、法會，在活動法會之中，或做隨緣開示，或為專題講座，希望信徒能夠得到法樂回去，因為我們堅信「弘法為家務，利生是事業」。⟂S⟂佛陀五十年之間，來往於恆河兩岸，說法度眾無數，即使八十歲涅槃之前，抱著老弱病痛的色身，前往拘尸那揭羅城的途中，還不忘孜孜地伸廣長舌，慈悲地為眾生醫治煩惱心病。⟂S⟂因此早在民國四十四年（一九五五），大藏經初次在台灣印行的時候，大師就曾組團巡環全島，把佛法的種子散播於各地，把佛陀的法音宣揚於全省。⟂S⟂民國五十七年（一九六八），東方佛教學院第二屆學生畢業的時候，大師曾帶領著這些青年佛子，風塵僕僕地來往南北，做精彩的全省布教活動，所到之處，不僅受到佛教徒們熱烈的歡迎，更受到社會大眾的矚目與讚歎。,https://books.masterhsingyun.org/ArticleDetail/artcle23604
rel_bb31beced152,ent_62cf8ccca072,佛陀,BuddhistFigure,person_performs_practice,人物实践修行,ent_451aac4b11fb,讚歎,PracticeActivity,directed,core_usable,stable_entity_graph,true,1,1,1,1,1,single_article,佛陀是人間的大導師，他對波斯匿王、頻婆娑羅王等王宮大臣，不亢不卑，展現修道者的超然，但也會適當的給予一些讚歎，如稱他們為「轉輪聖王」；⟂S⟂甚至讓每個弟子都有一種功用，這個弟子「說法第一」，那個弟子「持戒第一」……所以「十大弟子」各有專長，也是佛陀用讚美引導弟子修行的成果。,https://books.masterhsingyun.org/ArticleDetail/artcle9843
rel_7d3e9cbad847,ent_62cf8ccca072,佛陀,BuddhistFigure,person_performs_practice,人物实践修行,ent_ec6cf25e28ec,讚歎法門,PracticeActivity,directed,core_usable,stable_entity_graph,true,2,0,0,0,1,single_article,在四攝法裡有「愛語利行」、十大願中有「稱讚如來」，佛弟子面對三寶時更以梵唄唱誦加以讚歎，釋迦牟尼佛當初在因地與彌勒菩薩同時修行，只因佛陀多修了一項讚歎法門，而較彌勒菩薩提早三十劫成佛，可見讚歎是多麼的重要！,https://books.masterhsingyun.org/ArticleDetail/artcle2759
rel_3baee9f8c6c1,ent_62cf8ccca072,佛陀,BuddhistFigure,person_performs_practice,人物实践修行,ent_3f8c72abd679,拈花示眾,PracticeActivity,directed,core_usable,stable_entity_graph,true,7,6,6,4,7,multi_article,佛陀說法四十九年，但佛陀說他未曾說一法。⟂S⟂所以佛陀在靈山會上拈花示眾，只有摩訶迦葉破顏微笑，大迦葉尊者打開了笑臉，表示他懂得了佛陀的心意，很多事要等到心境到達了，才能「以心印心」。,https://books.masterhsingyun.org/ArticleDetail/artcle16055
rel_efa25b652de6,ent_62cf8ccca072,佛陀,BuddhistFigure,person_proclaims_classic,人物宣说经典,ent_3b664b6bfc74,勝鬘師子吼一乘大方便方廣經,Classic,directed,core_usable,stable_entity_graph,true,1,1,1,1,1,single_article,佛陀曾在舍衛國祇園精舍宣說《勝鬘師子吼一乘大方便方廣經》，經中記載勝鬘夫人宣誓受持「十大受」，亦即「十大戒」、「十大弘誓」：,https://books.masterhsingyun.org/ArticleDetail/artcle4000
rel_652eca1dcffb,ent_62cf8ccca072,佛陀,BuddhistFigure,person_proclaims_classic,人物宣说经典,ent_e1d6f5b50525,阿彌陀經,Classic,directed,core_usable,stable_entity_graph,true,1,1,1,1,1,single_article,般若，是即相顯性的甚深義理，不是一般凡夫所能理解的，因此佛陀大慈大悲，宣說《阿彌陀經》，以持念阿彌陀佛聖號求生淨土為主要修行法門，這是善巧中最善巧的法門，方便中最極方便的法門。⟂S⟂所謂三根普被，萬善同歸，是說明此一念佛法門，若以持名念佛，也能消業障，增長福德及信心，若中等根性以觀想念佛或觀像念佛，能依佛像為所緣，一心繫念，達於專注一趣，引生正定，依定觀慧，由此離煩惱繫縛而得解脫。⟂S⟂上等根性若以實相念佛，從緣起畢竟空中，徹見萬化之本性，所謂人身長大，則為非大身，所謂莊嚴佛土者，即非莊嚴，是名莊嚴，所謂三千大千世界，即非世界是名世界。⟂S⟂一切的一切，無非是緣起的假和合，體悟此法性，即所謂見緣起即見佛。⟂S⟂綜合三種念佛，故說淨土法門為三根普被，而在淨土諸經中，以《佛說阿彌陀經》為最簡明、最方便。,https://books.masterhsingyun.org/ArticleDetail/artcle21752
rel_768300cd51fd,ent_62cf8ccca072,佛陀,BuddhistFigure,person_promotes_practice,人物推广实践,ent_1c071d9dbd9e,國際交流,PracticeActivity,directed,core_usable,stable_entity_graph,true,1,0,0,0,1,single_article,早在二千五百年前，佛陀就已經提倡國際交流，佛經中的《大方廣佛華嚴經》、《阿含經》、《大寶積經》、《阿彌陀經》、《妙法蓮華經》、《維摩詰所說經》等都可以見到國際交流的情況。,https://books.masterhsingyun.org/ArticleDetail/artcle17812
rel_3db55355531d,ent_62cf8ccca072,佛陀,BuddhistFigure,person_propagates_doctrine,人物传播教义,ent_9e7028261726,因果觀念,Concept,directed,core_usable,stable_entity_graph,true,1,1,1,1,1,single_article,只是人之性，在於有所得，因此一般人都害怕布施給人，也怕為善會吃虧、受委屈，感到善門難開、善事難做。⟂S⟂其實布施就如播種，你不在田裡播種，怎麼能長出禾苗，怎麼能生出五穀呢？⟂S⟂你不植栽種樹，怎麼能夠開花結果呢？⟂S⟂這就是佛教的「因果觀念、業報思想」。⟂S⟂早在二千多年前，佛陀就已經把這種人生不變的真理，普遍的在人間流傳了，這都是人間佛教。,https://books.masterhsingyun.org/ArticleDetail/artcle73
rel_e550935c55cb,ent_62cf8ccca072,佛陀,BuddhistFigure,person_teaches_audience,人物教导受众,ent_b35b69fd5ff9,眾生,DoctrineTerm,directed,core_usable,stable_entity_graph,true,17,0,0,0,1,single_article,所以，佛陀勸導眾生應當廣持五善，以六波羅蜜度世，是為涅槃正道。,https://books.masterhsingyun.org/ArticleDetail/artcle6695
rel_17c7e60b156f,ent_62cf8ccca072,佛陀,BuddhistFigure,person_teaches_audience,人物教导受众,ent_059514d0074d,十大弟子,Group,directed,core_usable,stable_entity_graph,true,1,1,1,1,1,single_article,佛陀是人間的大導師，他對波斯匿王、頻婆娑羅王等王宮大臣，不亢不卑，展現修道者的超然，但也會適當的給予一些讚歎，如稱他們為「轉輪聖王」；⟂S⟂甚至讓每個弟子都有一種功用，這個弟子「說法第一」，那個弟子「持戒第一」……所以「十大弟子」各有專長，也是佛陀用讚美引導弟子修行的成果。,https://books.masterhsingyun.org/ArticleDetail/artcle9843
rel_a33ab5f801db,ent_62cf8ccca072,佛陀,BuddhistFigure,person_teaches_audience,人物教导受众,ent_c7eeabbd3b9b,善生,BuddhistFigure,directed,core_usable,stable_entity_graph,true,1,0,0,0,1,single_article,佛陀非常注意經濟在世間生活中所扮演的角色。 ⟂S⟂ 他教導善生的理財方法值得重視。,https://books.masterhsingyun.org/ArticleDetail/artcle17799
rel_72a221b9f328,ent_62cf8ccca072,佛陀,BuddhistFigure,person_teaches_audience,人物教导受众,ent_d3e26d33b46f,大眾,Group,directed,core_usable,stable_entity_graph,true,10,6,6,3,8,multi_article,佛陀開示大眾：「經典之前，以『如是我聞』開頭；,https://books.masterhsingyun.org/ArticleDetail/artcle89
rel_6ce418f251da,ent_62cf8ccca072,佛陀,BuddhistFigure,person_teaches_audience,人物教导受众,ent_580c687b3eed,婆羅門,Group,directed,core_usable,stable_entity_graph,true,5,3,3,1,5,multi_article,5.婆羅門相應：敘說婆羅門瞋罵呵責佛陀，竟於聽聞佛陀說法後悔悟；⟂S⟂佛陀為婆羅門說布施功德、清淨道、供養父母的福德、得現世後世安樂的方法、耕耘心田的方法。⟂S⟂並有婆羅門共佛論議後，出家修行。,https://books.masterhsingyun.org/ArticleDetail/artcle2121
rel_ca2c5ee5228e,ent_62cf8ccca072,佛陀,BuddhistFigure,person_teaches_audience,人物教导受众,ent_dd45f8dbe6e9,文殊師利菩薩,BuddhistFigure,directed,core_usable,stable_entity_graph,true,1,1,1,1,1,single_article,佛陀也曾經告示文殊師利菩薩說：「這經的力量所生的福德，實在難以思議，這經所在的國土，豐富而安樂，沒有任何怨敵的侵擾，譬如有人，獲得如意珠寶，將它置於家中，能產生一切殊勝美妙的樂具。,https://books.masterhsingyun.org/ArticleDetail/artcle21756
rel_cf43cb72d135,ent_62cf8ccca072,佛陀,BuddhistFigure,person_teaches_audience,人物教导受众,ent_fd90d38cf045,玉耶女,BuddhistFigure,directed,core_usable,stable_entity_graph,true,1,1,1,1,1,single_article,過去佛陀曾為勝鬘夫人開示「十大受」，為玉耶女講《玉耶女經》，為末利夫人及許多長者居士說治家之道，所以現在我們應該提倡佛教的居家倫理、社會群我、道德修養、立身處世、慈悲結緣等應世之道，如五戒十善、四攝六度，互相尊重、互相體諒、互相幫助，共存共生等義理、思想，都能幫助我們共同營造和諧圓滿的人生。,https://books.masterhsingyun.org/ArticleDetail/artcle11076
rel_814815be2dbd,ent_62cf8ccca072,佛陀,BuddhistFigure,person_teaches_audience,人物教导受众,ent_9e373653fbb1,在家信徒,Group,directed,core_usable,stable_entity_graph,true,1,1,1,1,1,single_article,佛陀時代，印度婆羅門教中有晨朝洗浴，敬禮六方，可以增長命、財之說。⟂S⟂當時王舍城長者之子善生，每朝洗浴後，即依婆羅門之法向六方禮拜。⟂S⟂佛陀告訴他說，六方可配於父母、師長、妻婦、親族、僮僕、沙門婆羅門等，並各以五事恭敬之。⟂S⟂佛陀藉此教導在家信徒如何過家庭倫理道德的生活，同時說明風水、地理應該建立在倫理、世理、法理、心理之上，只要我們誠意，自覺心安，則「日日是好日，處處是好地」，即使走遍天下，都是地利人和、良辰吉日，因為一切福田均不離心地。,https://books.masterhsingyun.org/ArticleDetail/artcle4081
rel_82ee05a61f27,ent_62cf8ccca072,佛陀,BuddhistFigure,person_teaches_audience,人物教导受众,ent_1b85a8db0019,信徒,Group,directed,core_usable,stable_entity_graph,true,1,1,1,1,1,single_article,「八大人覺」出自於《佛說八大人覺經》（見《大正藏》第十七冊），乃佛陀應阿那律之請求，為在家信徒及世間比丘所說，其內容不外「心懷出世思想，身做入世事業」，是入世應用的人生寶典，凡我佛子皆應奉行實踐。,https://books.masterhsingyun.org/ArticleDetail/artcle22883
rel_3d1c339ced00,ent_62cf8ccca072,佛陀,BuddhistFigure,person_teaches_audience,人物教导受众,ent_8ee0a44ef063,世人,Group,directed,core_usable,stable_entity_graph,true,1,1,1,1,1,single_article,由此可見，佛陀說苦並非目的，佛陀只是告訴世人苦的原因，以及如何離苦得樂的方法，其真正目的是為了「示教利喜」。⟂S⟂因此大師強調，佛教並非如一般人所誤解，以為佛教整天只是說苦、說空，認為佛教是悲觀消極，是充滿出世思想的遁世之教；,https://books.masterhsingyun.org/ArticleDetail/artcle15646
rel_2e326b6d30fc,ent_62cf8ccca072,佛陀,BuddhistFigure,person_teaches_audience,人物教导受众,ent_33cdf6de3f88,行者,RoleTitle,directed,core_usable,stable_entity_graph,true,1,1,1,1,1,single_article,所以佛陀在此教誡行者：「若以色見我，以音聲求我，是人行邪道，不能見如來。」⟂S⟂這是佛陀斥責著相的凡夫，不可誤將三十二相的色身，靈山說法的音聲以為是如來的法身實相。,https://books.masterhsingyun.org/ArticleDetail/artcle921
rel_3d9ac9c75808,ent_62cf8ccca072,佛陀,BuddhistFigure,person_teaches_audience,人物教导受众,ent_b0a643a25c5d,人類,Group,directed,core_usable,stable_entity_graph,true,1,1,1,1,1,single_article,此書收有釋傳道所作的序言一篇，序言中說：「釋尊之本教，雖說十方世界而詳於此土，立三世因果而重現在，志度一切有情而特以人類為本，這無庸置疑地是佛陀所關懷與淨化的此地、此時與此人。⟂S⟂所以佛法實為此世間一切人類而說，人類為本的佛法才是佛陀出世說法的本懷，而非動言十方世界、盡未來際、廣度一切有情。,https://books.masterhsingyun.org/ArticleDetail/artcle24691
rel_615e696962d1,ent_62cf8ccca072,佛陀,BuddhistFigure,person_teaches_doctrine,人物讲授教义,ent_a6b94c65c717,人間佛教,Concept,directed,core_usable,stable_entity_graph,true,2,0,0,0,1,single_article,由此觀之，佛陀所教導的人間佛教，實際上是他的極樂淨土。,https://books.masterhsingyun.org/ArticleDetail/artcle24094
rel_10ddb1f82749,ent_62cf8ccca072,佛陀,BuddhistFigure,person_teaches_doctrine,人物讲授教义,ent_e148ca0687f4,佛法,DoctrineTerm,directed,core_usable,stable_entity_graph,true,6,2,2,2,3,multi_article,有佛陀講說佛法，也要有弟子結集整理，後世才有經典可以流傳。,https://books.masterhsingyun.org/ArticleDetail/artcle2878
rel_169f2241cf68,ent_62cf8ccca072,佛陀,BuddhistFigure,person_teaches_doctrine,人物讲授教义,ent_06f6af3b8ec0,八正道,DoctrineTerm,directed,core_usable,stable_entity_graph,true,2,0,0,0,1,single_article,……佛陀講『八正道』就是對生命的肯定，『自覺覺他』就是生命的提升，『慈悲』的無量心就是生命突破的力量，『菩薩』的行願就是生命的光大。」,https://books.masterhsingyun.org/ArticleDetail/artcle17778
rel_acd141e85eb1,ent_62cf8ccca072,佛陀,BuddhistFigure,person_teaches_doctrine,人物讲授教义,ent_02c6d3151af2,六方禮,Concept,directed,core_usable,stable_entity_graph,true,1,1,1,1,1,single_article,根據《佛說善生經》記載，佛陀曾對善生童子開示佛法的六方禮，乃以父母、師長、妻婦、親族、僮僕、沙門婆羅門等，配以東、南、西、北、下、上六方，並各以五事恭敬之，即：,https://books.masterhsingyun.org/ArticleDetail/artcle4081
rel_2747bef55fe9,ent_62cf8ccca072,佛陀,BuddhistFigure,person_teaches_doctrine,人物讲授教义,ent_9f4e43b60b58,功德,DoctrineTerm,directed,core_usable,stable_entity_graph,true,1,0,0,0,1,single_article,這時，須達長者辦完事，回到精舍中，聽到佛陀為比丘們講說掃地的功德，歡喜地來到佛陀座前，說道：「佛陀！,https://books.masterhsingyun.org/ArticleDetail/artcle4462
rel_b81a2309542a,ent_62cf8ccca072,佛陀,BuddhistFigure,person_teaches_doctrine,人物讲授教义,ent_9578ca68d443,四聖諦,DoctrineTerm,directed,core_usable,stable_entity_graph,true,4,0,0,0,1,single_article,例如《佛遺教經》裡說，佛陀講的四聖諦是不變的真理，「日可令冷，月可令熱」，然而佛說的四諦永遠不變。,https://books.masterhsingyun.org/ArticleDetail/artcle1010
rel_50b0aa25e494,ent_62cf8ccca072,佛陀,BuddhistFigure,person_teaches_doctrine,人物讲授教义,ent_4d8dbf44a614,布施,PracticeActivity,directed,core_usable,stable_entity_graph,true,2,0,0,0,1,single_article,所以，我也經常說，佛陀講布施，是叫我們布施給人，並不是叫人家布施給我。,https://books.masterhsingyun.org/ArticleDetail/artcle1100
rel_24c04cdccdbd,ent_62cf8ccca072,佛陀,BuddhistFigure,person_teaches_doctrine,人物讲授教义,ent_cf26f7ad8f86,慈悲,DoctrineTerm,directed,core_usable,stable_entity_graph,true,1,0,0,0,1,single_article,佛陀教導世間慈悲為本、方便法門，我們不能不以此作為根據啊。,https://books.masterhsingyun.org/ArticleDetail/artcle1081
rel_a77cd81487e1,ent_62cf8ccca072,佛陀,BuddhistFigure,person_teaches_doctrine,人物讲授教义,ent_39be9be3e203,法門,DoctrineTerm,directed,core_usable,stable_entity_graph,true,2,0,0,0,1,single_article,因為佛教的業是前途光明，希望無窮的，業的定律告訴我們，自己的前途操縱在自己的手裡，即使犯了滔天罪惡，只要依照佛陀所教導的法門，洗去心中的塵垢，淨化生命，終有天清月現，朗照大地的時候。,https://books.masterhsingyun.org/ArticleDetail/artcle8413
rel_29825cc9798d,ent_62cf8ccca072,佛陀,BuddhistFigure,person_teaches_doctrine,人物讲授教义,ent_f76ae8b83972,真理,Concept,directed,core_usable,stable_entity_graph,true,3,0,0,0,1,single_article,「法」，梵語「達磨」（Dharma），有很多的意義，在這裡是指佛陀所宣說的真理教法，一般泛指三藏十二部經。,https://books.masterhsingyun.org/ArticleDetail/artcle180
rel_b94b4688c257,ent_62cf8ccca072,佛陀,BuddhistFigure,person_teaches_doctrine,人物讲授教义,ent_3a0f69046814,禪法,DoctrineTerm,directed,core_usable,stable_entity_graph,true,2,1,1,1,2,single_article,佛教裡，有許多法義僧，都認為要弘揚佛法。⟂S⟂其實，禪者也弘揚佛法，但他不一定用語言文字。⟂S⟂有時他揚眉瞬目，挑柴擔水，開墾田地，甚至遊山玩水，都是在說法。⟂S⟂如同佛陀當初所說：我說法四十九年，談經三百餘會，其實未說一字，因為真理不可說也。⟂S⟂所以，在靈山會上，佛陀明示禪法是不立文字，直指人心。⟂S⟂惟政禪師所表現的禪意，可說真正把佛的心意做一個說明了。,https://books.masterhsingyun.org/ArticleDetail/artcle6457
rel_caa0b56ee1a8,ent_62cf8ccca072,佛陀,BuddhistFigure,person_teaches_doctrine,人物讲授教义,ent_e265ca1a8db0,諸法因緣生,DoctrineTerm,directed,core_usable,stable_entity_graph,true,3,2,2,1,3,multi_article,佛陀一生弘化傳教，度眾無數，打破印度種姓階級制度，主張四姓皆可出家修道。⟂S⟂他度化了婆羅門種姓的摩訶迦葉、舍利弗、目犍連、須菩提等。⟂S⟂其中，舍利弗、目犍連為六師外道之一的刪闍耶的弟子，他們無意間從阿說示口中聽到佛陀教導的「諸法因緣生，諸法因緣滅」及「諸行無常，是生滅法；⟂S⟂生滅滅已，寂滅為樂」的真理，便帶著二百位弟子皈投在佛陀座下。⟂S⟂伽耶山尼連禪河邊修行的拜火教首領優樓頻羅迦葉三兄弟及弟子千人，也受佛陀攝伏，放棄事火信仰，皈依佛教，做了佛陀的常隨眾弟子。⟂S⟂又度化剎帝利種姓的異母弟難陀、堂兄弟阿難、提婆達多、阿那律出家為僧，度化羅睺羅為沙彌，姨母摩訶波闍波提和五百釋迦女為比丘尼。,https://books.masterhsingyun.org/ArticleDetail/artcle9082
rel_73f37e89137c,ent_62cf8ccca072,佛陀,BuddhistFigure,person_teaches_doctrine,人物讲授教义,ent_f3f20d04ac35,諸法實相,DoctrineTerm,directed,core_usable,stable_entity_graph,true,1,1,1,1,1,single_article,《法華經》也說娑婆世界的眾生垢重、善根微少，所以「諸佛以方便力，於一佛乘分別說三」，更一再以種種因緣、譬喻、言辭來講說，讓我們能夠了解。⟂S⟂所以，佛陀對上根機的人，直接告訴他諸法實相的道理；,https://books.masterhsingyun.org/ArticleDetail/artcle9897
rel_b9468c8673e5,ent_62cf8ccca072,佛陀,BuddhistFigure,person_teaches_doctrine,人物讲授教义,ent_bd21a7978ab6,道德,Concept,directed,core_usable,stable_entity_graph,true,1,1,1,1,1,single_article,佛陀時代，印度婆羅門教中有晨朝洗浴，敬禮六方，可以增長命、財之說。⟂S⟂當時王舍城長者之子善生，每朝洗浴後，即依婆羅門之法向六方禮拜。⟂S⟂佛陀告訴他說，六方可配於父母、師長、妻婦、親族、僮僕、沙門婆羅門等，並各以五事恭敬之。⟂S⟂佛陀藉此教導在家信徒如何過家庭倫理道德的生活，同時說明風水、地理應該建立在倫理、世理、法理、心理之上，只要我們誠意，自覺心安，則「日日是好日，處處是好地」，即使走遍天下，都是地利人和、良辰吉日，因為一切福田均不離心地。,https://books.masterhsingyun.org/ArticleDetail/artcle4081
rel_120f8c08119d,ent_62cf8ccca072,佛陀,BuddhistFigure,person_transmits_to_person,人物传法于人物,ent_fef47302d49d,迦葉尊者,BuddhistFigure,directed,core_usable,stable_entity_graph,true,5,5,5,4,5,multi_article,六祖惠能大師圓寂以後，神會禪師以佛陀在靈山會上，把涅槃妙心傳給迦葉尊者，所以定迦葉尊者為初祖，一直到達摩祖師為二十八祖。⟂S⟂因此這二十八祖的次第，就是由神會禪師確定下來的。,https://books.masterhsingyun.org/ArticleDetail/artcle158
rel_7c38103dbf6a,ent_62cf8ccca072,佛陀,BuddhistFigure,person_transmits_to_person,人物传法于人物,ent_e5ca672ab120,大迦葉,BuddhistFigure,directed,core_usable,stable_entity_graph,true,10,10,10,6,10,multi_article,中國禪宗乃源於佛陀在靈山會上拈花示眾，迦葉會心微笑，因此世尊說：「吾有正法眼藏，涅槃妙心，實相無相，微妙法門，不立文字，教外別傳，付囑摩訶迦葉。」,https://books.masterhsingyun.org/ArticleDetail/artcle24374
rel_1aee536f828c,ent_0c6cbb7c3e8f,作法懺,Concept,concept_defined_as,概念定义为,ent_cac49a61a507,禮拜,PracticeActivity,directed,core_usable,stable_entity_graph,true,1,0,0,0,1,single_article,作法懺就是禮拜《梁皇懺》、《慈悲三昧水懺》、《大悲懺》等，藉著禮拜懺儀來懺悔業障。,https://books.masterhsingyun.org/ArticleDetail/artcle151
rel_693781aa0da3,ent_bc1cc60195cb,供養,PracticeActivity,activity_serves_group,活动或实践服务群体,ent_580c687b3eed,婆羅門,Group,directed,core_usable,stable_entity_graph,true,2,1,1,1,2,single_article,在般若思想的弘揚上，龍樹的《中論》是站在「般若皆空」的否定立場而言，然本論則是以「諸法實相」的積極肯定立場，極力闡明大乘菩薩思想及六波羅蜜的宗教實踐，如卷四的尸毗王割肉餵鷹、須陀須摩王不犯禁戒，卷十一的大國王遍割身肉為燈炷供養婆羅門以求佛法、鴿以身投火施捨飢人，卷十二的薩婆達王以身布施婆羅門、月光太子布施血髓濟度癩人、六牙白象舉牙授與獵者、迦頻闍羅鳥教化禽獸，卷十四的羼提仙人、鹿王代鹿母受死、愛法梵志破皮析骨求法、雉滅林火等，處處揭示菩薩行者之修持，而與佛陀的本生譚有密不可分的關係。,https://books.masterhsingyun.org/ArticleDetail/artcle2943
rel_d31bc2620ed9,ent_bc1cc60195cb,供養,PracticeActivity,activity_serves_group,活动或实践服务群体,ent_1b85a8db0019,信徒,Group,directed,core_usable,stable_entity_graph,true,2,2,2,2,2,multi_article,從文疏回向到普同供養，乃至對於個別信徒的壽誕祝禱、新居灑淨，無一不是在「為信徒添油香」，而過年贈送春聯、灶符，供應臘八粥，也是古代高僧大德們「為信徒添油香」的美意，後來奉行全國各地，被百姓們視為消災免難的象徵。,https://books.masterhsingyun.org/ArticleDetail/artcle6440
rel_93a53e1194ec,ent_bc1cc60195cb,供養,PracticeActivity,concept_defined_as,概念定义为,ent_6252f39caa13,發心,PracticeActivity,directed,core_usable,stable_entity_graph,true,1,0,0,0,1,single_article,這個向普賢菩薩學習的供養，就是無量無邊、廣大深遠的發心了。,https://books.masterhsingyun.org/ArticleDetail/artcle16048
rel_59c1d285715c,ent_bc1cc60195cb,供養,PracticeActivity,concept_defined_as,概念定义为,ent_4d8dbf44a614,布施,PracticeActivity,directed,core_usable,stable_entity_graph,true,1,0,0,0,1,single_article,供養就是布施，布施要慎選福田，供養也要選一個好對象，如《四十二章經》說：「飯惡人百，不如飯一善人；,https://books.masterhsingyun.org/ArticleDetail/artcle5537
rel_f62f7f8a928c,ent_bc1cc60195cb,供養,PracticeActivity,practice_aims_at_doctrinal_state,实践趋向教义境界,ent_6deef676b2d3,福德,DoctrineTerm,directed,core_usable,stable_entity_graph,true,1,1,1,1,1,single_article,除此之外，辦理佛教學院也有經濟上的困難，因為信徒對建寺院、供養佛像求福德比較熱心，對於培養續佛慧命人才的重要性，仍不很了解。⟂S⟂而對於管理學生方面，也是很不容易的事，所以有人說：「寧帶一團兵，不帶一堂僧。」⟂S⟂更有人說：「如果你想讓某某人增加煩惱，你就勸他創辦佛學院。」⟂S⟂根據將近二十年來，個人創辦佛教學院的經驗，還有遇到比紙上所寫的更為辛酸難過的事，好幾年前，當東方佛教學院聲望逐漸升高時，就曾經有某長老，指示辦事人員說：「想辦法，打倒它（東院）！」⟂S⟂辦事人員反而說：「何必呢？⟂S⟂基督教、天主教辦的學院，我們都不去打倒它，為什麼佛教辦的學院就要打倒它呢？」,https://books.masterhsingyun.org/ArticleDetail/artcle23593
rel_8ae5b48992b2,ent_bc1cc60195cb,供養,PracticeActivity,practice_directed_to,实践指向对象,ent_d98238f10abc,一切有情,Concept,directed,core_usable,stable_entity_graph,true,1,1,1,1,1,single_article,佛教則以三稱念、五觀想，普同供養一切法界眾生，並且普皆回向，利樂一切有情。⟂S⟂因此，對佛教徒而言，祈禱含有慚愧懺悔、發心立願、感恩回向等積極意義。,https://books.masterhsingyun.org/ArticleDetail/artcle4431
rel_9d79821b7cfa,ent_bc1cc60195cb,供養,PracticeActivity,practice_has_benefit,实践产生利益或功德,ent_6deef676b2d3,福德,DoctrineTerm,directed,core_usable,stable_entity_graph,true,1,1,1,1,1,single_article,佛陀為婆羅門說布施功德、清淨道、供養父母的福德、得現世後世安樂的方法、耕耘心田的方法。⟂S⟂並有婆羅門共佛論議後，出家修行。,https://books.masterhsingyun.org/ArticleDetail/artcle2121
rel_2abb80da6131,ent_bc1cc60195cb,供養,PracticeActivity,practice_has_component,实践包含组成环节,ent_c879b974c6a1,三業供養,PracticeActivity,directed,core_usable,stable_entity_graph,true,1,1,1,1,1,single_article,對佛菩薩的供養，有「十種供養」，即香、花、燈、塗、果、茶、食、寶、珠、衣。⟂S⟂另外，還有身、口、意的「三業供養」，就是以身體的禮拜，口頭的讚美，以及內心的恭敬，來表達對諸佛菩薩虔敬的供養。,https://books.masterhsingyun.org/ArticleDetail/artcle14096
rel_806ba687b3d2,ent_bc1cc60195cb,供養,PracticeActivity,practice_has_component,实践包含组成环节,ent_4dbc8c65946e,恭敬,Concept,directed,core_usable,stable_entity_graph,true,1,1,1,1,1,single_article,今後你們遇到出家的、在家的，只要他們有佛法，要能跟他們來往，不可以少於五十個人。⟂S⟂《阿彌陀經》裡，不是說明六方諸佛和清淨大海眾每天都「各以衣裓，盛眾妙花，供養他方十萬億佛」嗎？⟂S⟂你們要供養現前的善知識、現前的兄弟。⟂S⟂用什麼供養呢？⟂S⟂恭敬、讚歎、幫助他們。⟂S⟂尤其你們初學的人，可不要以為自己：「我是博士！」⟂S⟂「我是碩士！」⟂S⟂「我大學畢業！」⟂S⟂「我是怎麼了不起……」何況你這個「了不起」，在現在佛教界裡面還沒有得到證明。⟂S⟂我們知道的「了不起」，是釋迦牟尼佛、諸佛菩薩、十大弟子、中國的八宗祖師、禪門的一花五葉、歷代的諸山長老。⟂S⟂他們哪一個是大學畢業？⟂S⟂哪一位是碩士、是博士？⟂S⟂都不是，他們不在世間的知識、學歷上追求，求的是自己內心的悟道，所以就成為我們今天信仰的對象，當然你們也要追求內心的悟道。,https://books.masterhsingyun.org/ArticleDetail/artcle10946
rel_0c6537152444,ent_bc1cc60195cb,供養,PracticeActivity,practice_has_component,实践包含组成环节,ent_451aac4b11fb,讚歎,PracticeActivity,directed,core_usable,stable_entity_graph,true,1,1,1,1,1,single_article,今後你們遇到出家的、在家的，只要他們有佛法，要能跟他們來往，不可以少於五十個人。⟂S⟂《阿彌陀經》裡，不是說明六方諸佛和清淨大海眾每天都「各以衣裓，盛眾妙花，供養他方十萬億佛」嗎？⟂S⟂你們要供養現前的善知識、現前的兄弟。⟂S⟂用什麼供養呢？⟂S⟂恭敬、讚歎、幫助他們。⟂S⟂尤其你們初學的人，可不要以為自己：「我是博士！」⟂S⟂「我是碩士！」⟂S⟂「我大學畢業！」⟂S⟂「我是怎麼了不起……」何況你這個「了不起」，在現在佛教界裡面還沒有得到證明。⟂S⟂我們知道的「了不起」，是釋迦牟尼佛、諸佛菩薩、十大弟子、中國的八宗祖師、禪門的一花五葉、歷代的諸山長老。⟂S⟂他們哪一個是大學畢業？⟂S⟂哪一位是碩士、是博士？⟂S⟂都不是，他們不在世間的知識、學歷上追求，求的是自己內心的悟道，所以就成為我們今天信仰的對象，當然你們也要追求內心的悟道。,https://books.masterhsingyun.org/ArticleDetail/artcle10946
rel_0c35f7576b05,ent_bc1cc60195cb,供養,PracticeActivity,practice_honors_entity,实践礼敬或赞叹对象,ent_2690856df9d0,佛牙,RitualObject,directed,core_usable,stable_entity_graph,true,1,1,1,1,1,single_article,其中佛牙舍利有四顆，一顆由帝釋天帝以七寶瓶請去供養，另外三顆，其一在西元三七一年流傳到錫蘭（今斯里蘭卡），由國主吉祥雲色王在王室附近修建佛牙寺供養。⟂S⟂也就是目前供奉在斯里蘭卡坎底市馬拉葛瓦寺的特級國寶，一般以「錫蘭佛牙」稱之。,https://books.masterhsingyun.org/ArticleDetail/artcle7202
rel_75eac2aeae41,ent_bc1cc60195cb,供養,PracticeActivity,practice_honors_entity,实践礼敬或赞叹对象,ent_619c32cc4275,玉佛,RitualObject,directed,core_usable,stable_entity_graph,true,1,1,1,1,1,single_article,弘宗和尚是從台灣到這裡來弘法的，他是妙果和尚的得意門人，對台灣佛教一向都很護持：苗栗縣大湖法雲寺所供奉的台灣省最大的玉佛，就是他請回去供養的；,https://books.masterhsingyun.org/ArticleDetail/artcle1980
rel_13aed6defbcf,ent_bc1cc60195cb,供養,PracticeActivity,practice_honors_entity,实践礼敬或赞叹对象,ent_b8634ff5ccba,羅漢,BuddhistFigure,directed,core_usable,stable_entity_graph,true,1,1,1,1,1,single_article,為「光目女」的時候，供養得道的羅漢，幫助救拔在地獄受苦的慈親。⟂S⟂所以，地藏的慈孝願力，誠為佛子修行學道的典範。,https://books.masterhsingyun.org/ArticleDetail/artcle3993
rel_0c544170b64d,ent_fbae646972f2,信仰,Concept,concept_defined_as,概念定义为,ent_e148ca0687f4,佛法,DoctrineTerm,directed,core_usable,stable_entity_graph,true,1,0,0,0,1,single_article,你們相信人間佛教，信仰就是佛法。,https://books.masterhsingyun.org/ArticleDetail/artcle16280
rel_0ecc435e5f8f,ent_fbae646972f2,信仰,Concept,concept_defined_as,概念定义为,ent_37673e1464e9,信心,DoctrineTerm,directed,core_usable,stable_entity_graph,true,6,5,6,3,6,multi_article,大師強調，佛教講「信仰」，是要信仰自己，每個人不能對自己沒有信心，要相信自己對國家有所貢獻、對文化有所建樹，擁有優秀文化，國家必定強大，不要再像過去被認為是東亞病夫。,https://books.masterhsingyun.org/ArticleDetail/artcle19706
rel_43acebe93866,ent_fbae646972f2,信仰,Concept,concept_has_subconcept,概念包含下位概念,ent_e47803ce7217,佛祖,DoctrineTerm,directed,core_usable,stable_entity_graph,true,1,0,0,0,1,single_article,信仰不能把一切責任都交付給別人來負擔，世間上的幸與不幸、好與不好，都是往昔久遠以來的「原因」(業)，而形成今日的「結果」，此中還有待「緣」的完成。 ⟂S⟂ 這當中的因緣包括上帝、包括佛祖、包括他人、包括我們自己。,https://books.masterhsingyun.org/ArticleDetail/artcle3463
rel_cc2ed951539a,ent_fbae646972f2,信仰,Concept,concept_is_foundation_of,概念构成另一概念或实践的基础,ent_bd21a7978ab6,道德,Concept,directed,core_usable,stable_entity_graph,true,1,0,0,0,1,single_article,信仰是道德的根源，也是出生一切功德之母，能長養我們的善根福德。,https://books.masterhsingyun.org/ArticleDetail/artcle14112
rel_589f211c65cc,ent_fbae646972f2,信仰,Concept,doctrinal_entails,义理论证推出,ent_9e7028261726,因果觀念,Concept,directed,core_usable,stable_entity_graph,true,1,1,1,1,1,single_article,一般來說，「迷信」應該是不好的，像是迷信神鬼，迷信妖魔鬼怪，或是迷信虛幻不實、執著愚昧的神通靈異，甚至於迷信撞頭鐘、燒頭香，迷信看風水、看地理等等，這許多當然是不當、不好、不善的。⟂S⟂但是回過頭來說，也有一些迷信，只是自己一時的不了解，但至少有了信仰，就有善惡因果觀念，所以我們也不能對迷信妄加論斷，說它是好是壞。,https://books.masterhsingyun.org/ArticleDetail/artcle9480
rel_f9a12d02c429,ent_fbae646972f2,信仰,Concept,doctrine_constrained_by,义理受条件或范围限制,ent_bd21a7978ab6,道德,Concept,directed,core_usable,stable_entity_graph,true,1,1,1,1,1,single_article,在宗教信仰和社會公益上，我覺得信仰必須要淨化，要提倡合乎道德、倫理、社會大眾心靈需要的。,https://books.masterhsingyun.org/ArticleDetail/artcle8292
rel_7ae5b0a491dd,ent_4a2ef8a8e8c5,信受奉行,PracticeActivity,concept_complementary_with,概念在语境中相互助成,ent_01bb9074c145,如是我聞,Concept,symmetric,core_usable,stable_entity_graph,true,2,2,2,2,2,multi_article,每一部佛經的開頭是「如是我聞」，最後圓滿是「依教奉行，作禮而去」，沒有奉行，光是讀「如是我聞」，可能聞得也不真實，可以說一部經聽得七零八落。⟂S⟂因此我們學習一部經，要「如是我聞」、「信受奉行」。,https://books.masterhsingyun.org/ArticleDetail/artcle10921
rel_3447731d3f03,ent_4a2ef8a8e8c5,信受奉行,PracticeActivity,doctrine_constrained_by,义理受条件或范围限制,ent_e148ca0687f4,佛法,DoctrineTerm,directed,core_usable,stable_entity_graph,true,1,1,1,1,1,single_article,「智者博解義，見義行法安」，有智慧的人懂得深入了解一切世間法、出世間法的意義，對任何事都能以一顆謙卑的心去學習，也會把所有聽聞過的佛法都謹記在心。⟂S⟂聽聞了佛法之後，接著能依佛法義理信受奉行，自然能獲得諸佛護佑、大眾歡喜；⟂S⟂有佛法的人，必定日日是好日，隨時隨地都能平安吉祥！,https://books.masterhsingyun.org/ArticleDetail/artcle13603
rel_3d4cf325d975,ent_4a2ef8a8e8c5,信受奉行,PracticeActivity,practice_aims_at_doctrinal_state,实践趋向教义境界,ent_6475d71f00be,佛道,DoctrineTerm,directed,core_usable,stable_entity_graph,true,1,1,1,1,1,single_article,《佛光四句偈》展現菩薩道的修持內涵，涵攝六波羅蜜，為學佛者在日常生活中提供實踐佛法的指南，達到利己利他的效果。⟂S⟂這四句偈對個人淨化具有深遠影響：透過慈悲喜捨，心量得以擴展，內心更加清明；⟂S⟂惜福結緣提升福德，廣結善緣；⟂S⟂禪淨戒行與平等忍耐，深化修持的內涵；⟂S⟂慚愧感恩與大願心提升品格，促使身心和諧清淨。⟂S⟂若能信受奉行此偈，便能於自覺中成就佛道，圓滿人生的智慧與慈悲。,https://books.masterhsingyun.org/ArticleDetail/artcle24097
rel_8518bf038d70,ent_37673e1464e9,信心,DoctrineTerm,concept_is_foundation_of,概念构成另一概念或实践的基础,ent_9f4e43b60b58,功德,DoctrineTerm,directed,core_usable,stable_entity_graph,true,5,0,0,0,1,single_article,信心是大道的源流，是功德的慈母；,https://books.masterhsingyun.org/ArticleDetail/artcle7406
rel_32f7415ef114,ent_37673e1464e9,信心,DoctrineTerm,concept_is_foundation_of,概念构成另一概念或实践的基础,ent_b1e217884f50,智慧,DoctrineTerm,directed,core_usable,stable_entity_graph,true,2,0,0,0,1,single_article,信心是道德的根源，信心是智慧的保母，信心門裡有無盡的寶藏。」,https://books.masterhsingyun.org/ArticleDetail/artcle10985
rel_3765324837ce,ent_37673e1464e9,信心,DoctrineTerm,concept_is_foundation_of,概念构成另一概念或实践的基础,ent_bd21a7978ab6,道德,Concept,directed,core_usable,stable_entity_graph,true,3,0,0,0,1,single_article,信心是道德的源流。,https://books.masterhsingyun.org/ArticleDetail/artcle10932
rel_9ae28dc78bd6,ent_37673e1464e9,信心,DoctrineTerm,doctrine_constrained_by,义理受条件或范围限制,ent_fbae646972f2,信仰,Concept,directed,core_usable,stable_entity_graph,true,1,1,1,1,1,single_article,第一、能確定目標：有的人常常感到自己沒有信心，不能確立心中的目標，這是因為他沒有信仰。,https://books.masterhsingyun.org/ArticleDetail/artcle3526
rel_23314c43433d,ent_37673e1464e9,信心,DoctrineTerm,doctrine_constrained_by,义理受条件或范围限制,ent_11ac08443dd8,持戒,PracticeActivity,directed,core_usable,stable_entity_graph,true,1,1,1,1,1,single_article,菩薩的信心最要緊的是要安住，才能成就功德，能令菩薩安住信心，必須持戒清淨，無所毀犯，柔和忍辱，自他平等，施為智慧，契入般若，而以十住為增上次第。,https://books.masterhsingyun.org/ArticleDetail/artcle3989
rel_e70e701676f8,ent_bd68ae54ea00,修行,PracticeActivity,activity_occurs_at_place,活动发生于地点,ent_5ca2f4116c8d,寺院,Institution,directed,core_usable,stable_entity_graph,true,1,1,1,1,1,single_article,佛陀很慈悲，便為這許多在家人士，制定了一日一夜的八關齋戒，讓信徒在一個月當中，可以有幾天的時間到寺院裡修行。,https://books.masterhsingyun.org/ArticleDetail/artcle9566
rel_6dbcc941c0a5,ent_bd68ae54ea00,修行,PracticeActivity,activity_occurs_at_place,活动发生于地点,ent_27cbc906ccf8,禪堂,PlaceRealm,directed,core_usable,stable_entity_graph,true,1,1,1,1,1,single_article,在封山期中，佛光山的禪堂、淨業林念佛堂、佛教學院，大家各自修行，特別精進。⟂S⟂例如，一打禪七，就是七七四十九天；⟂S⟂一啟動念佛，就是七個七永日。⟂S⟂佛學院中，長年累月書聲朗朗，經聲不絕。⟂S⟂佛光山突然間社會氣、人間味減少了，道心增加了，道念增加了，感覺到「封山」，也未嘗不是一件好事。,https://books.masterhsingyun.org/ArticleDetail/artcle5720
rel_0efcc92dcbe5,ent_bd68ae54ea00,修行,PracticeActivity,activity_occurs_at_place,活动发生于地点,ent_dab6c3d22efa,佛教學院,Institution,directed,core_usable,stable_entity_graph,true,1,1,1,1,1,single_article,在封山期中，佛光山的禪堂、淨業林念佛堂、佛教學院，大家各自修行，特別精進。⟂S⟂例如，一打禪七，就是七七四十九天；⟂S⟂一啟動念佛，就是七個七永日。⟂S⟂佛學院中，長年累月書聲朗朗，經聲不絕。⟂S⟂佛光山突然間社會氣、人間味減少了，道心增加了，道念增加了，感覺到「封山」，也未嘗不是一件好事。,https://books.masterhsingyun.org/ArticleDetail/artcle5720
rel_8ad09b71526d,ent_bd68ae54ea00,修行,PracticeActivity,concept_defined_as,概念定义为,ent_7589add60cad,弘法,PracticeActivity,directed,core_usable,stable_entity_graph,true,1,1,1,1,1,single_article,因此，人間佛教的修行，不是個人的了生脫死，而是全方位的弘法利生。,https://books.masterhsingyun.org/ArticleDetail/artcle24167
rel_2319e4c94343,ent_bd68ae54ea00,修行,PracticeActivity,concept_defined_as,概念定义为,ent_61c32823b489,煩惱魔,DoctrineTerm,directed,core_usable,stable_entity_graph,true,1,0,0,0,1,single_article,什麼是修行？ ⟂S⟂ 就是降伏自心的煩惱魔軍。,https://books.masterhsingyun.org/ArticleDetail/artcle13637
rel_9197ad24b421,ent_bd68ae54ea00,修行,PracticeActivity,doctrinal_entails,义理论证推出,ent_c3569625ae14,三十二相,DoctrineTerm,directed,core_usable,stable_entity_graph,true,1,1,1,1,1,single_article,「足下輪形，千輻輪狀」，這是佛陀的三十二相之一，佛陀具有圓滿的三十二相，並非天生如此，而是經過九十一大劫的修行，才成就了三十二相。,https://books.masterhsingyun.org/ArticleDetail/artcle4451
rel_69edb85dc796,ent_bd68ae54ea00,修行,PracticeActivity,doctrinal_entails,义理论证推出,ent_e7ba1be4785d,安樂,Concept,directed,core_usable,stable_entity_graph,true,1,1,1,1,1,single_article,又若以修行為苦，則不知懈怠尤苦。⟂S⟂修行則勤勞暫時，安樂永劫；⟂S⟂懈怠則偷安一世，受苦多生。⟂S⟂況乎以淨土為舟航，則何愁退轉？⟂S⟂又得無生為忍力，則何慮艱難？⟂S⟂當知地獄罪人尚發菩提於往劫，豈可人倫佛子不立大願於今生？⟂S⟂無始昏迷，往者既不可諫；⟂S⟂而今覺悟，將來猶尚可追。⟂S⟂然迷而未悟，固可哀憐；⟂S⟂苟知而不行，尤為痛惜。⟂S⟂若懼地獄之苦，則精進自生；⟂S⟂若念無常之速，則懈怠不起。⟂S⟂又須以佛法為鞭策，善友為提攜，造次弗離，終身依賴，則無退失之虞矣。⟂S⟂勿言一念輕微，勿謂虛願無益，心真則事實，願廣則行深。⟂S⟂虛空非大，心王為大；⟂S⟂金剛非堅，願力最堅。⟂S⟂大眾誠能不棄我語，則菩提眷屬從此聯姻，蓮社宗盟自今締好。⟂S⟂所願同生淨土，同見彌陀，同化眾生，同成正覺。⟂S⟂則安知未來三十二相，百福莊嚴，不從今日發心立願而始也。⟂S⟂願與大眾共勉之，幸甚！⟂S⟂幸甚！,https://books.masterhsingyun.org/ArticleDetail/artcle8880
rel_ce2237f1bf04,ent_bd68ae54ea00,修行,PracticeActivity,doctrine_constrained_by,义理受条件或范围限制,ent_7589add60cad,弘法,PracticeActivity,directed,core_usable,stable_entity_graph,true,1,1,1,1,1,single_article,不管念佛也好，參禪也好，修行絕不能成為懶惰和逃避弘法利生的藉口。,https://books.masterhsingyun.org/ArticleDetail/artcle5840
rel_f70dc303e0fb,ent_bd68ae54ea00,修行,PracticeActivity,doctrine_constrained_by,义理受条件或范围限制,ent_cf26f7ad8f86,慈悲,DoctrineTerm,directed,core_usable,stable_entity_graph,true,1,1,1,1,1,single_article,佛陀「不倡導神權」，摒棄對神通、靈異等他力的依賴，而是回歸自力，強調修行應立足於自身的「道德與慈悲」，讓佛法融入日常生活，才是「自我解脫與安心的途徑」。⟂S⟂因此，凡是佛陀所宣說、符合人類需求、能淨化心靈、趨向善美的教法，皆屬於人間佛教，旨在促進幸福與安樂。,https://books.masterhsingyun.org/ArticleDetail/artcle24126
rel_b5db990e342f,ent_bd68ae54ea00,修行,PracticeActivity,doctrine_constrained_by,义理受条件或范围限制,ent_464a8094055a,結緣,DoctrineTerm,directed,core_usable,stable_entity_graph,true,1,1,1,1,1,single_article,第四、有內修，更要有外緣：有的人光是自己修行，平時不肯跟人結緣，如此即使自己修得再好，果真能夠放下萬緣，真能修得與世無爭，甚至無欲無求；⟂S⟂但是因為缺乏外緣，到處不受人歡迎，不受人歡喜，也不名為修行。,https://books.masterhsingyun.org/ArticleDetail/artcle3087
rel_8a6f35dd9274,ent_bd68ae54ea00,修行,PracticeActivity,doctrine_constrained_by,义理受条件或范围限制,ent_bd21a7978ab6,道德,Concept,directed,core_usable,stable_entity_graph,true,1,1,1,1,1,single_article,佛陀「不倡導神權」，摒棄對神通、靈異等他力的依賴，而是回歸自力，強調修行應立足於自身的「道德與慈悲」，讓佛法融入日常生活，才是「自我解脫與安心的途徑」。⟂S⟂因此，凡是佛陀所宣說、符合人類需求、能淨化心靈、趨向善美的教法，皆屬於人間佛教，旨在促進幸福與安樂。,https://books.masterhsingyun.org/ArticleDetail/artcle24126
rel_92498d917e12,ent_bd68ae54ea00,修行,PracticeActivity,practice_aims_at_doctrinal_state,实践趋向教义境界,ent_e7ba1be4785d,安樂,Concept,directed,core_usable,stable_entity_graph,true,1,1,1,1,1,single_article,我們學佛修行，就是要從凡夫無常苦空的此岸，走向悟道後永恆安樂的彼岸，所以要了知世間法與出世間法。,https://books.masterhsingyun.org/ArticleDetail/artcle15648
rel_92b515cf429c,ent_bd68ae54ea00,修行,PracticeActivity,practice_aims_at_doctrinal_state,实践趋向教义境界,ent_59609223f1f9,感應道交,Concept,directed,core_usable,stable_entity_graph,true,1,1,1,1,1,single_article,一般信仰宗教的人，尤其是佛教徒，無不希望自己的修行，能與佛菩薩「感應道交」，獲得諸佛菩薩的「靈感」護佑。⟂S⟂但是靈感到底有沒有？,https://books.masterhsingyun.org/ArticleDetail/artcle6961
rel_fa2790d26b37,ent_bd68ae54ea00,修行,PracticeActivity,practice_aims_at_doctrinal_state,实践趋向教义境界,ent_d90879de5b44,菩提,DoctrineTerm,directed,core_usable,stable_entity_graph,true,2,2,2,2,2,multi_article,為了將佛法真正落實於生活，將佛教根植於人間，在「人間與生活」的主題中，我推動「佛教四化」，即「佛法人間化，生活書香化，僧信平等化，寺院本土化」。⟂S⟂有感於一般佛教徒的信仰大都停留在信佛、拜佛、求佛的階段，我揭示「自覺與行佛」，希望人人自我期許─「我是佛」，以自覺心昇華自我般若，用大願力行佛所行。⟂S⟂一個宗教能被接受，能亙古長存，是因為它將正法弘化世間，並利益眾人，因此，我以「化世與益人」，作為大家弘法的目標。⟂S⟂為了讓佛光人關懷人群，溫暖世間，我也提出「菩薩與義工」的精神，強調菩薩是眾生的義工，義工是人間的菩薩；⟂S⟂鼓勵義工修行以成就菩提，常做不請之友以效法菩薩。,https://books.masterhsingyun.org/ArticleDetail/artcle3787
rel_73d05885e268,ent_bd68ae54ea00,修行,PracticeActivity,practice_directed_to,实践指向对象,ent_a6b94c65c717,人間佛教,Concept,directed,core_usable,stable_entity_graph,true,1,1,1,1,1,single_article,有了佛法，你要家庭和諧、人我無爭，必定能家庭和諧、人我無爭。⟂S⟂但是這一切都要你對「人間佛教」有修行、有體會、有了解、有實踐，才能得到佛陀對我們的幫助。,https://books.masterhsingyun.org/ArticleDetail/artcle16277
rel_e44f287dc3a5,ent_bd68ae54ea00,修行,PracticeActivity,practice_has_component,实践包含组成环节,ent_8dacc063faab,共修,PracticeActivity,directed,core_usable,stable_entity_graph,true,2,1,1,1,2,single_article,*13所謂修行，乃包含寺院的法會共修、慧解並重的修持活動。,https://books.masterhsingyun.org/ArticleDetail/artcle17795
rel_411622b819e1,ent_bd68ae54ea00,修行,PracticeActivity,practice_has_component,实践包含组成环节,ent_932ce5962a37,示教利喜,Concept,directed,core_usable,stable_entity_graph,true,1,1,1,1,1,single_article,人間的佛陀不捨棄一個眾生，人間的佛教不捨棄任何世法，行住坐臥、揚眉瞬目、舉心動念、示教利喜，都是修行。,https://books.masterhsingyun.org/ArticleDetail/artcle8392
rel_5255181e246b,ent_bd68ae54ea00,修行,PracticeActivity,practice_has_component,实践包含组成环节,ent_56b75cacf3e1,行住坐臥,Concept,directed,core_usable,stable_entity_graph,true,1,1,1,1,1,single_article,其實「修行」，就在日常的行住坐臥中，起居飲食的生活裡。⟂S⟂倘若我們每天能如實做到以上這四個方便法門，那麼就不會被局限於只有念佛堂才能念佛，只有禪堂才能靜坐禪修，也不是只有在受惠時，才懂得感激報恩。⟂S⟂在生活中，能隨緣不變，有與沒有，好與不好，都不去計較，才不會辜負我們學佛的目的。,https://books.masterhsingyun.org/ArticleDetail/artcle14127
rel_e9442ff1245d,ent_bd68ae54ea00,修行,PracticeActivity,practice_has_component,实践包含组成环节,ent_451aac4b11fb,讚歎,PracticeActivity,directed,core_usable,stable_entity_graph,true,1,1,1,1,1,single_article,總之，佛教徒的一日修行，待人處事是修行，工作服務是修行，誦經拜佛是修行，談話會面是修行，愛語讚歎是修行，改過遷善是修行，乃至休閒育樂也是修行。⟂S⟂如《阿彌陀經》所描繪的淨土生活，以妙華供養、飯食經行、善人聚會、執持名號、一心不亂、出廣長舌、念佛念法念僧、稱讚諸佛、發弘誓願、法音宣流等，都是佛教徒一天的生活。⟂S⟂又如朝山、參訪、行腳、聞法、共修、集會、讀經、與人為善、小小的布施等等，也都是一日的修行。⟂S⟂就是喝茶吃飯、著衣持缽、出坡作務、應酬往來、揚眉瞬目、語默動止，也都藏有微妙的禪意和開悟的因緣。,https://books.masterhsingyun.org/ArticleDetail/artcle8842
rel_58bac21216f3,ent_bd68ae54ea00,修行,PracticeActivity,practice_has_component,实践包含组成环节,ent_a0e334f1807a,朝山,PracticeActivity,directed,core_usable,stable_entity_graph,true,1,1,1,1,1,single_article,總之，佛教徒的一日修行，待人處事是修行，工作服務是修行，誦經拜佛是修行，談話會面是修行，愛語讚歎是修行，改過遷善是修行，乃至休閒育樂也是修行。⟂S⟂如《阿彌陀經》所描繪的淨土生活，以妙華供養、飯食經行、善人聚會、執持名號、一心不亂、出廣長舌、念佛念法念僧、稱讚諸佛、發弘誓願、法音宣流等，都是佛教徒一天的生活。⟂S⟂又如朝山、參訪、行腳、聞法、共修、集會、讀經、與人為善、小小的布施等等，也都是一日的修行。⟂S⟂就是喝茶吃飯、著衣持缽、出坡作務、應酬往來、揚眉瞬目、語默動止，也都藏有微妙的禪意和開悟的因緣。,https://books.masterhsingyun.org/ArticleDetail/artcle8842
rel_57cd4c511835,ent_bd68ae54ea00,修行,PracticeActivity,practice_reduces_affliction,实践对治烦恼,ent_3f2cfc0ad314,煩惱,DoctrineTerm,directed,core_usable,stable_entity_graph,true,1,0,0,0,1,single_article,修行，是為了要解除我們的煩惱、痛苦；,https://books.masterhsingyun.org/ArticleDetail/artcle14823
rel_e83c043b983e,ent_a0277c16bbd2,修道,PracticeActivity,practice_has_benefit,实践产生利益或功德,ent_b1e217884f50,智慧,DoctrineTerm,directed,core_usable,stable_entity_graph,true,1,1,1,1,1,single_article,對於已造的惡業，可以藉由福德智慧的廣增來轉化，福德從行善來，智慧由修道得，所以《優婆塞戒經》云：「善心智慧因緣力故，惡果定者亦可轉輕。」⟂S⟂此外，禮懺誦經也是佛教特有的修持法門，如大悲懺、慈悲三昧水懺、梁皇寶懺、藥師懺等等，都是生、亡兩利的福德智慧法門，《增一阿含經》：「人作極惡行，悔過轉微薄，日悔無懈怠，罪根永已拔。」,https://books.masterhsingyun.org/ArticleDetail/artcle8423
rel_dc512a33b3bd,ent_a0277c16bbd2,修道,PracticeActivity,practice_promoted_to_group,實踐向群體推廣,ent_1b85a8db0019,信徒,Group,directed,core_usable,stable_entity_graph,true,1,1,1,1,1,single_article,讓在家的信徒們比照出家眾來修道，雖說只有一日一夜，但是一念三千，只要入了道，一時一刻的清淨，就超過無量阿僧祇劫的修行。,https://books.masterhsingyun.org/ArticleDetail/artcle9566
rel_96ba975060f8,ent_6fb9c7a8d594,俱舍宗,SchoolTradition,school_teaches_doctrine,宗派主张教义,ent_e4c3fa5588a1,因果,DoctrineTerm,directed,core_usable,stable_entity_graph,true,1,1,1,1,1,single_article,世間一切有為法皆無獨立性、恆常性，必須靠「因」、「緣」和合才有「果」。⟂S⟂「緣起」法所闡述的，就是因、緣、果的關係，俱舍宗為了說明萬法的因果關係，立有六因、四緣、五果之說。,https://books.masterhsingyun.org/ArticleDetail/artcle3981
rel_70c59eaa0e01,ent_da74e6faf91e,俱舍論,Classic,classic_interpreted_as_doctrine,经典被阐释为教义或主张,ent_b6dc0ddf5649,十二緣起,DoctrineTerm,directed,core_usable,stable_entity_graph,true,1,0,0,0,1,single_article,《俱舍論》卷九以四種不同的立場說明十二緣起：,https://books.masterhsingyun.org/ArticleDetail/artcle7524
rel_8c57e50a2adc,ent_da74e6faf91e,俱舍論,Classic,classic_states_or_mentions_doctrine,经典陈述或提及教义,ent_1962e58e13dd,願智,DoctrineTerm,directed,core_usable,stable_entity_graph,true,1,1,1,1,1,single_article,願力則因強烈善念而發的誓願，例如菩薩共願皆以「上求菩提，下化眾生」為本。⟂S⟂《俱舍論》云：「以願為先，引妙智起；⟂S⟂如願而了，故名願智。」⟂S⟂可見諸佛菩薩大願皆以大智大悲為首。⟂S⟂四弘誓願是一切大願的總願，別願如阿彌陀佛的四十八大願、藥師佛的十二大願、觀世音菩薩的十二大願。⟂S⟂願力可以成就一切事業，淨土宗也鼓勵往生極樂的人乘願再來。,https://books.masterhsingyun.org/ArticleDetail/artcle4153
rel_69334a725c13,ent_da74e6faf91e,俱舍論,Classic,classic_states_or_mentions_doctrine,经典陈述或提及教义,ent_b265c0f135b0,涅槃,DoctrineTerm,directed,core_usable,stable_entity_graph,true,1,1,1,1,1,single_article,根據《俱舍論》卷一載：「勝義的阿毗達磨係以智慧對觀四諦之理，而對向涅槃之最高智慧，具有慧、無漏的意義。」⟂S⟂也就是說，論藏旨在明示教法，引導佛子入佛知見。,https://books.masterhsingyun.org/ArticleDetail/artcle3970
rel_338b3d71b807,ent_ce849979fc43,僧眾,Group,group_performs_practice,群体实践修行,ent_451aac4b11fb,讚歎,PracticeActivity,directed,core_usable,stable_entity_graph,true,1,1,1,1,1,single_article,日常生活中亦應如此，尤其是在大團體中，不僅要做到不說是非，不傳是非，不怕是非，不聽是非，還要能夠互相讚歎，互相包容，所謂︰「若要佛法興，除非僧讚僧。」⟂S⟂也就是這個道理。,https://books.masterhsingyun.org/ArticleDetail/artcle2293
rel_4d9153f84781,ent_5e903c8a7284,僧伽,DoctrineTerm,concept_defined_as,概念定义为,ent_9be34f524877,和合眾,Group,directed,core_usable,stable_entity_graph,true,1,0,0,0,1,single_article,佛教的僧團本身就是一個社會，「僧伽」的意思就是「和合眾」。,https://books.masterhsingyun.org/ArticleDetail/artcle784
rel_36839025ad03,ent_5e903c8a7284,僧伽,DoctrineTerm,concept_named_as,概念命名为,ent_9be34f524877,和合眾,Group,directed,core_usable,stable_entity_graph,true,1,0,0,0,1,single_article,僧伽，本來就叫做「和合眾」，所謂「六和僧團」，佛教的教團就是靠一個「和」。,https://books.masterhsingyun.org/ArticleDetail/artcle1096
rel_4a9e025da72f,ent_a1bcfaaccd4b,光明,DoctrineTerm,concept_defined_as,概念定义为,ent_b1e217884f50,智慧,DoctrineTerm,directed,core_usable,stable_entity_graph,true,1,0,0,0,1,single_article,這個話不盡然，因為「阿彌陀佛」是萬德洪名，是無量光的意思，光明就是智慧；,https://books.masterhsingyun.org/ArticleDetail/artcle16212
rel_69e2d70ae21a,ent_103723200be7,入楞伽經,Classic,classic_states_or_mentions_doctrine,经典陈述或提及教义,ent_17f09f2195c1,五法,DoctrineTerm,directed,core_usable,stable_entity_graph,true,1,0,0,0,1,single_article,（3）唐實叉難陀譯，名《大乘入楞伽經》，七卷。 ⟂P⟂ 此經內容記錄大乘佛教多種重要教義，主要是說五法、三自性、八識、二無我，其特色是以如來藏與阿賴耶識相結合，是代表印度後期大乘佛教思想的經典，為法相宗所依六經之一。,https://books.masterhsingyun.org/ArticleDetail/artcle7579
rel_651dcd340b88,ent_afa7e8e07e7f,入法界,DoctrineTerm,concept_complementary_with,概念在语境中相互助成,ent_4c194eb34333,般若,DoctrineTerm,symmetric,core_usable,stable_entity_graph,true,1,1,1,1,1,single_article,《華嚴經》的最後一部分〈入法界品〉是篇幅最大的一品經。⟂S⟂在本品的一開始，文殊菩薩在福城東為大眾講說此經時，勸導善財童子說：「汝已發阿耨多羅三藐三菩提心，復欲親近諸善知識，問菩薩行，修菩薩道。⟂S⟂善男子！⟂S⟂親近供養諸善知識，是具一切智最初因緣，是故於此勿生疲厭。」⟂S⟂將參訪各種善知識視為獲得智慧的重要手段。⟂S⟂善財由此開始南行，歷經一百一十座城，參訪五十三位善知識。⟂S⟂該品中，善財參訪的實際人數為五十五人次，但因第五十一、五十二的德生童子和有德童女，為善財在同一時間、同一地點參訪，並共說一種法門，第五十四文殊菩薩則兩次為善財說法，所以一般說為五十三參。⟂S⟂從這些出場的人物看，有菩薩、比丘、比丘尼、優婆塞、優婆夷、童男、童女、天、天女、外道、婆羅門、長者、醫師、船師、仙人、佛母、佛妃以及諸神等各種不同種類、不同職業的各色人等。⟂S⟂善財童子深入世界的參學在《華嚴經》頗具象徵意義，其開始於象徵智慧的文殊菩薩對善財提出的要求，即「親近供養諸善知識」，並且要「勿生疲厭」，其後又有象徵修行的普賢菩薩出現，所以三祖法藏曾說：「此五十五會二主統收，初文殊至後文殊，是文殊位屬般若門。⟂S⟂後普賢一位屬法界門，非般若無以入法界，是故善財創見於文殊；⟂S⟂非入法界無以顯般若，是故善財終見於普賢。⟂S⟂是故二人寄二位，以明入法界。⟂S⟂又前文殊即法界甚深義，後普賢顯法界廣大義，是故二門相影具德。」⟂S⟂,https://books.masterhsingyun.org/ArticleDetail/artcle17789
rel_e57816e4a2b0,ent_a00cee58a648,八大人覺經,Classic,classic_interpreted_as_doctrine,经典被阐释为教义或主张,ent_edb83f453adc,入世,Concept,directed,core_usable,stable_entity_graph,true,1,1,1,1,1,single_article,「八大人覺」出自於《佛說八大人覺經》（見《大正藏》第十七冊），乃佛陀應阿那律之請求，為在家信徒及世間比丘所說，其內容不外「心懷出世思想，身做入世事業」，是入世應用的人生寶典，凡我佛子皆應奉行實踐。,https://books.masterhsingyun.org/ArticleDetail/artcle22883
rel_1a9f4f680bd9,ent_a00cee58a648,八大人覺經,Classic,classic_states_or_mentions_doctrine,经典陈述或提及教义,ent_247b5c2351b8,方便,DoctrineTerm,directed,core_usable,stable_entity_graph,true,1,1,1,1,1,single_article,謂比丘修道，當常行精進，斷惡、不善，修諸善法，恆自起意，專一堅固，不捨方便。⟂S⟂即《八大人覺經》的第四覺。,https://books.masterhsingyun.org/ArticleDetail/artcle2112
rel_2a8ebf7571c9,ent_a00cee58a648,八大人覺經,Classic,classic_states_or_mentions_doctrine,经典陈述或提及教义,ent_9a09ad0a2d77,無常,DoctrineTerm,directed,core_usable,stable_entity_graph,true,2,0,0,0,1,single_article,《八大人覺經》說：「世間無常，國土危脆。」,https://books.masterhsingyun.org/ArticleDetail/artcle9469
rel_8553fa3700ea,ent_06f6af3b8ec0,八正道,DoctrineTerm,concept_has_subconcept,概念包含下位概念,ent_fbae646972f2,信仰,Concept,directed,core_usable,stable_entity_graph,true,4,0,0,0,1,single_article,八正道包含了信仰和道德的要素，是通往成佛大道的法門，是人類生活中應該遵守的準則。,https://books.masterhsingyun.org/ArticleDetail/artcle182
rel_a37f1213313f,ent_06f6af3b8ec0,八正道,DoctrineTerm,concept_has_subconcept,概念包含下位概念,ent_619063b58282,正思惟,Concept,directed,core_usable,stable_entity_graph,true,1,0,0,0,1,single_article,八正道包括正見、正思惟、正語、正業、正命、正精進、正念、正定鷵，此即是通往涅槃之路。,https://books.masterhsingyun.org/ArticleDetail/artcle17799
rel_f3097f3c0ce8,ent_06f6af3b8ec0,八正道,DoctrineTerm,concept_has_subconcept,概念包含下位概念,ent_11b1e9b44625,正精進,DoctrineTerm,directed,core_usable,stable_entity_graph,true,1,0,0,0,1,single_article,八正道包括正見、正思惟、正語、正業、正命、正精進、正念、正定鷵，此即是通往涅槃之路。,https://books.masterhsingyun.org/ArticleDetail/artcle17799
rel_bdca5f037e1a,ent_69277f40cb1e,六度,DoctrineTerm,concept_defined_as,概念定义为,ent_613619ddfbdf,波羅蜜,DoctrineTerm,directed,core_usable,stable_entity_graph,true,1,0,0,0,1,single_article,六度，就是佛教的六度波羅蜜，是菩薩修行的基本德目，即「布施、持戒、忍辱、精進、禪定、般若」。,https://books.masterhsingyun.org/ArticleDetail/artcle14152
rel_c49efda6a4e9,ent_69277f40cb1e,六度,DoctrineTerm,concept_has_subconcept,概念包含下位概念,ent_4d8dbf44a614,布施,PracticeActivity,directed,core_usable,stable_entity_graph,true,1,1,1,1,1,single_article,其實，自己是自己命運的塑造者，所謂「因果業報，自作自受」，天下那有不勞而獲的道理？⟂S⟂因此佛教提倡六度──布施、持戒、忍辱、精進、禪定、智慧，作為對治欲望的良方，如能進一步泯除對待，去除憎愛，則可希聖成賢。,https://books.masterhsingyun.org/ArticleDetail/artcle14536
rel_563d6a1a36c5,ent_69277f40cb1e,六度,DoctrineTerm,concept_has_subconcept,概念包含下位概念,ent_11ac08443dd8,持戒,PracticeActivity,directed,core_usable,stable_entity_graph,true,1,1,1,1,1,single_article,其實，自己是自己命運的塑造者，所謂「因果業報，自作自受」，天下那有不勞而獲的道理？⟂S⟂因此佛教提倡六度──布施、持戒、忍辱、精進、禪定、智慧，作為對治欲望的良方，如能進一步泯除對待，去除憎愛，則可希聖成賢。,https://books.masterhsingyun.org/ArticleDetail/artcle14536
rel_71348cfbf376,ent_69277f40cb1e,六度,DoctrineTerm,concept_has_subconcept,概念包含下位概念,ent_b1e217884f50,智慧,DoctrineTerm,directed,core_usable,stable_entity_graph,true,1,1,1,1,1,single_article,其實，自己是自己命運的塑造者，所謂「因果業報，自作自受」，天下那有不勞而獲的道理？⟂S⟂因此佛教提倡六度──布施、持戒、忍辱、精進、禪定、智慧，作為對治欲望的良方，如能進一步泯除對待，去除憎愛，則可希聖成賢。,https://books.masterhsingyun.org/ArticleDetail/artcle14536
rel_cb994a58158b,ent_69277f40cb1e,六度,DoctrineTerm,concept_has_subconcept,概念包含下位概念,ent_093d3d337558,禪定,PracticeActivity,directed,core_usable,stable_entity_graph,true,2,1,1,1,2,single_article,六度，包括布施、持戒、忍辱、精進、禪定和般若這六種修行，涵蓋身口意的全面修養，是菩薩圓滿佛道的重要實踐。,https://books.masterhsingyun.org/ArticleDetail/artcle24086
rel_96bf4918ae5d,ent_69277f40cb1e,六度,DoctrineTerm,concept_has_subconcept,概念包含下位概念,ent_3e2c0b1657f4,精進,DoctrineTerm,directed,core_usable,stable_entity_graph,true,2,1,1,1,2,single_article,六度，包括布施、持戒、忍辱、精進、禪定和般若這六種修行，涵蓋身口意的全面修養，是菩薩圓滿佛道的重要實踐。,https://books.masterhsingyun.org/ArticleDetail/artcle24086
rel_31cbfaadb4c4,ent_69277f40cb1e,六度,DoctrineTerm,concept_has_subconcept,概念包含下位概念,ent_4c194eb34333,般若,DoctrineTerm,directed,core_usable,stable_entity_graph,true,1,1,1,1,1,single_article,般若的妙用不僅在徹悟諸法實相，離一切虛妄而得解脫，更重要的是，菩薩行六度波羅蜜時，以般若為首，則能「喜捨不作施想，持戒不著戒相，忍辱離於我執，精進不生驕慢，禪修不戀定境」。⟂S⟂所以經云：「般若為導，五度為伴；⟂S⟂若無般若，五度如盲。」⟂S⟂意思是說，五度是世間法，因為有般若才能成為出世間法。,https://books.masterhsingyun.org/ArticleDetail/artcle425
rel_44dfecd67f0c,ent_69277f40cb1e,六度,DoctrineTerm,doctrine_constrained_by,义理受条件或范围限制,ent_4c194eb34333,般若,DoctrineTerm,directed,core_usable,stable_entity_graph,true,1,1,1,1,1,single_article,般若的妙用不僅在徹悟諸法實相，離一切虛妄而得解脫，更重要的是，菩薩行六度波羅蜜時，以般若為首，則能「喜捨不作施想，持戒不著戒相，忍辱離於我執，精進不生驕慢，禪修不戀定境」。⟂S⟂所以經云：「般若為導，五度為伴；,https://books.masterhsingyun.org/ArticleDetail/artcle425
rel_64f2306df8c9,ent_69277f40cb1e,六度,DoctrineTerm,practice_has_component,实践包含组成环节,ent_4d8dbf44a614,布施,PracticeActivity,directed,core_usable,stable_entity_graph,true,1,1,1,1,1,single_article,第一、對錢財要及時行施：經云：「為人大富，布施中來。」⟂S⟂諸佛菩薩三十二相、八十種好，都是從累生累劫修習布施而來，大乘法中的六度萬行，布施是第一波羅蜜。⟂S⟂所謂「鮒魚困涸轍，難待西江水」，海水雖多，不能挽救一個飢渴的人；⟂S⟂一掬水雖少，卻可及時拯救一個飢渴之人的性命，你想要「待有餘而後濟人，必無濟人之日」，因此要懂得及時布施錢財。,https://books.masterhsingyun.org/ArticleDetail/artcle8198
rel_5d771cce1156,ent_3b0c323071c0,六成就,Concept,concept_has_subconcept,概念包含下位概念,ent_01bb9074c145,如是我聞,Concept,directed,core_usable,stable_entity_graph,true,1,1,1,1,1,single_article,一切經典開始都有「如是我聞」等的六成就，唯有本經沒有，因為本經不是佛陀一會所說，乃是片斷的緣故，所以經前序分沒有「如是我聞」，經後流通分沒有「信受奉行」。,https://books.masterhsingyun.org/ArticleDetail/artcle2047
rel_680478454c65,ent_204dc8c4207b,六波羅蜜,DoctrineTerm,concept_equivalent_to,概念等同或同义,ent_5185d3428d4f,大乘,SchoolTradition,symmetric,core_usable,stable_entity_graph,true,1,1,1,1,1,single_article,全稱六波羅蜜，即：布施、持戒、忍辱、精進、禪定、般若。⟂S⟂菩薩發心修學大乘法門，不出於六波羅蜜，六波羅蜜即大乘的異名。⟂S⟂《勝鬘經》說：「攝受正法即是波羅蜜。」⟂S⟂六波羅蜜是菩薩行的大綱，菩薩如果修行六波羅蜜，具足福慧資糧，圓滿所修，便得證悟無上正等正覺。⟂S⟂如《發菩提心經論》卷上說：「布施是菩提因，攝取一切諸眾生故；⟂S⟂持戒是菩提因，具足眾善，滿本願故；⟂S⟂忍辱是菩提因，成就三十二相八十隨形好故；⟂S⟂精進是菩提因，增長善行，於諸眾生勤教化故；⟂S⟂禪定是菩提因，菩薩善自調伏，能知眾生諸心行故；⟂S⟂智慧是菩提因，具足能知諸法性相故。」⟂S⟂可見六度是成就菩提道果的必備條件。,https://books.masterhsingyun.org/ArticleDetail/artcle3973
rel_febb017098b4,ent_204dc8c4207b,六波羅蜜,DoctrineTerm,doctrinal_entails,义理论证推出,ent_e7ba1be4785d,安樂,Concept,directed,core_usable,stable_entity_graph,true,1,1,1,1,1,single_article,佛教更進一步以「小疑小悟，大疑大悟」，強調信仰要經過「聞、思、修」三種階段，堅持信仰不可盲信、盲從。⟂S⟂因此，佛教非是一神或多神的信仰，而是重視內學內觀的理智宗教，也是唯一肯定一切眾生本具有佛性的覺悟宗教，佛性之前，人人平等，只要我們能奉行佛陀的教誨，用六波羅蜜止息貪瞋痴的火焰，即可從煩惱的生死大海，渡到寂靜安樂的彼岸。,https://books.masterhsingyun.org/ArticleDetail/artcle4426
rel_cab48d103827,ent_204dc8c4207b,六波羅蜜,DoctrineTerm,doctrinal_entails,义理论证推出,ent_6d57e3340e69,無上正等正覺,DoctrineTerm,directed,core_usable,stable_entity_graph,true,1,1,1,1,1,single_article,全稱六波羅蜜，即：布施、持戒、忍辱、精進、禪定、般若。⟂S⟂菩薩發心修學大乘法門，不出於六波羅蜜，六波羅蜜即大乘的異名。⟂S⟂《勝鬘經》說：「攝受正法即是波羅蜜。」⟂S⟂六波羅蜜是菩薩行的大綱，菩薩如果修行六波羅蜜，具足福慧資糧，圓滿所修，便得證悟無上正等正覺。⟂S⟂如《發菩提心經論》卷上說：「布施是菩提因，攝取一切諸眾生故；⟂S⟂持戒是菩提因，具足眾善，滿本願故；⟂S⟂忍辱是菩提因，成就三十二相八十隨形好故；⟂S⟂精進是菩提因，增長善行，於諸眾生勤教化故；⟂S⟂禪定是菩提因，菩薩善自調伏，能知眾生諸心行故；⟂S⟂智慧是菩提因，具足能知諸法性相故。」⟂S⟂可見六度是成就菩提道果的必備條件。,https://books.masterhsingyun.org/ArticleDetail/artcle3973
rel_196fecf3d785,ent_f9ee2a341883,六祖惠能,Person,person_advocates_doctrine,人物倡导教义,ent_a6b94c65c717,人間佛教,Concept,directed,core_usable,stable_entity_graph,true,3,0,0,0,1,single_article,這是六祖惠能大師所提倡「人間佛教」的開端。,https://books.masterhsingyun.org/ArticleDetail/artcle17795
rel_da3806f7dde4,ent_f9ee2a341883,六祖惠能,Person,person_advocates_doctrine,人物倡导教义,ent_883dba211288,參禪,DoctrineTerm,directed,core_usable,stable_entity_graph,true,1,0,0,0,1,single_article,總之，六祖惠能大師提倡參禪，禪不一定要坐著參，重要的是把禪融入到自己的思想觀念裡，融入到自己的生活裡。,https://books.masterhsingyun.org/ArticleDetail/artcle148
rel_f1d23c1a6c69,ent_f9ee2a341883,六祖惠能,Person,person_advocates_doctrine,人物倡导教义,ent_3a0f69046814,禪法,DoctrineTerm,directed,core_usable,stable_entity_graph,true,1,0,0,0,1,single_article,在他十四歲時，聽聞六祖惠能大師在南方弘揚禪法，就立刻動身前去參禮。,https://books.masterhsingyun.org/ArticleDetail/artcle5967
rel_6d96aa5827d9,ent_f9ee2a341883,六祖惠能,Person,person_advocates_doctrine,人物倡导教义,ent_b11d175ae3e1,頓超法門,DoctrineTerm,directed,core_usable,stable_entity_graph,true,1,0,0,0,1,single_article,學佛的次第不要等人家給我們，我們自己為自己訂次第，當然不要想一步登天，要像六祖大師提倡的「頓超法門」那樣頓悟的人比較少，一般都是漸修漸悟，等於爬樓梯，一步一步漸上。,https://books.masterhsingyun.org/ArticleDetail/artcle10870
rel_073ab3eb15fd,ent_f9ee2a341883,六祖惠能,Person,person_articulates_concept_or_doctrine,人物阐发概念或教义,ent_96ef6af74ecb,不生不滅,DoctrineTerm,directed,core_usable,stable_entity_graph,true,1,1,1,1,1,single_article,在佛教裡，由於各家對佛法義理的詮釋各有不同，因此有各宗各派的學說。⟂S⟂近代太虛大師和印順法師把佛法分成三學和三系─印順法師的真常唯心系、虛妄唯識系、性空唯名系，也就是太虛大師的法界緣起學、法相唯識學、法性空慧學。⟂S⟂在真常唯心系的法界緣起學說裡，說明眾生心就是大乘心，人人有佛性，佛性、真如無階級，如如不動。⟂S⟂所以，六祖大師說：「外道所說不生不滅，將滅止生，以生顯滅；⟂S⟂滅猶不滅，生說不生。⟂S⟂我說不生不滅者，本自無生，今亦不滅，所以不同外道。」,https://books.masterhsingyun.org/ArticleDetail/artcle162
rel_1775fcba044c,ent_f9ee2a341883,六祖惠能,Person,person_articulates_concept_or_doctrine,人物阐发概念或教义,ent_e148ca0687f4,佛法,DoctrineTerm,directed,core_usable,stable_entity_graph,true,1,1,1,1,1,single_article,其實，從佛陀的本懷來看，佛教是在世間而改造世道人心的，中觀學派的觀點，則主張世間與出世間的不二法門，六祖惠能則更提出「佛法在世間，不離世間覺，離世求菩提，恰如覓兔角」之論，人間佛教的研究者和實踐者們公認惠能的觀點是人間佛教的重要思想來源，人間佛教的「入世」品格，可以理解為即入而出，不離世間而求出世間。,https://books.masterhsingyun.org/ArticleDetail/artcle17780
rel_4142903b5da4,ent_f9ee2a341883,六祖惠能,Person,person_articulates_concept_or_doctrine,人物阐发概念或教义,ent_86900e4a696c,淨土,DoctrineTerm,directed,core_usable,stable_entity_graph,true,1,1,1,1,1,single_article,◎刺史又問曰：「弟子常見僧俗念阿彌陀佛，願生西方。⟂S⟂請和尚說，得生彼否？⟂S⟂願為破疑。」⟂S⟂師言：「使君善聽！⟂S⟂惠能與說。⟂S⟂世尊在舍衛城中，說西方引化。⟂S⟂經文分明，去此不遠。⟂S⟂若論相說，里數有十萬八千，即身中十惡八邪，便是說遠。⟂S⟂說遠為其下根，說近為其上智。⟂S⟂人有兩種，法無兩般；⟂S⟂迷悟有殊，見有遲疾。⟂S⟂迷人念佛求生於彼，悟人自淨其心。⟂S⟂所以佛言：『隨其心淨，即佛土淨。』⟂S⟂使君！⟂S⟂東方人但心淨即無罪；⟂S⟂雖西方人，心不淨亦有愆。⟂S⟂東方人造罪，念佛求生西方；⟂S⟂西方人造罪，念佛求生何國？⟂S⟂凡愚不了自性，不識身中淨土，願東、願西，悟人在處一般。⟂S⟂所以佛言：『隨所住處恆安樂。』⟂S⟂使君！⟂S⟂心地但無不善，西方去此不遙。⟂S⟂若懷不善之心，念佛往生難到。⟂S⟂今勸善知識，先除十惡，即行十萬；⟂S⟂後除八邪，乃過八千。⟂S⟂念念見性，常行平直，到如彈指，便睹彌陀。⟂S⟂使君但行十善，何須更願往生？⟂S⟂不斷十惡之心，何佛即來迎請？⟂S⟂若悟無生頓法，見西方只在剎那；⟂S⟂不悟，念佛求生，路遙如何得達？」,https://books.masterhsingyun.org/ArticleDetail/artcle23069
rel_890485491de8,ent_f9ee2a341883,六祖惠能,Person,person_articulates_concept_or_doctrine,人物阐发概念或教义,ent_4c194eb34333,般若,DoctrineTerm,directed,core_usable,stable_entity_graph,true,2,2,2,2,2,multi_article,什麼是「般若」呢？⟂S⟂如前提及，般若是正見緣起、了悟諸法空性的智慧；⟂S⟂能夠認識「緣起性空」、「不生不滅」的諸法實相，就是般若。⟂S⟂因此大師強調，般若並非外來的知識，而是眾生清淨光明的自性，是眾生的本來面目，如六祖大師說：「一切般若智，皆從自性而生。」⟂S⟂因此若能「識自本心，見自本性」，即得般若。⟂S⟂,https://books.masterhsingyun.org/ArticleDetail/artcle15650
rel_e589db9114e4,ent_f9ee2a341883,六祖惠能,Person,person_articulates_concept_or_doctrine,人物阐发概念或教义,ent_8905f02030fe,見性成佛,Concept,directed,core_usable,stable_entity_graph,true,2,2,2,1,2,multi_article,禪宗的「禪」，溯源自印度釋迦牟尼佛於靈山會上的「拈花微笑」，發揚光大於中國唐朝的惠能大師「直指人心，見性成佛」的「頓悟禪」，由此逐漸形成為「五家七宗」的龐大宗派──禪宗。⟂S⟂其後再陸續傳到日本、韓國、越南，乃至近代普遍傳至歐、美、澳、非等世界各地。,https://books.masterhsingyun.org/ArticleDetail/artcle6648
rel_ff2a73b955d1,ent_f9ee2a341883,六祖惠能,Person,person_associated_with_place,人物关联地点,ent_cffeaa2ed6cc,黃梅,PlaceRealm,directed,core_usable,stable_entity_graph,true,1,0,0,0,1,single_article,惠能停留一段時日之後，遂啟程前往黃梅參禮五祖。,https://books.masterhsingyun.org/ArticleDetail/artcle2002
rel_b9522863d722,ent_f9ee2a341883,六祖惠能,Person,person_cites_classic,人物引用经典,ent_c19be059531d,金剛經,Classic,directed,core_usable,stable_entity_graph,true,1,0,0,0,1,single_article,六祖大師引述《金剛經》說：「若言如來若坐若臥，是行邪道。,https://books.masterhsingyun.org/ArticleDetail/artcle162
rel_ed3ea79fd104,ent_f9ee2a341883,六祖惠能,Person,person_promotes_practice,人物推广实践,ent_2831655ae130,農禪生活,PracticeActivity,directed,core_usable,stable_entity_graph,true,1,0,0,0,1,single_article,禪宗六祖惠能提倡農禪生活，主張「佛法在世間，不離世間覺，離世求菩提，猶如覓兔角」的入世理念。,https://books.masterhsingyun.org/ArticleDetail/artcle3867
rel_3a674db673d3,ent_f9ee2a341883,六祖惠能,Person,person_teaches_audience,人物教导受众,ent_d3e26d33b46f,大眾,Group,directed,core_usable,stable_entity_graph,true,1,0,0,0,1,single_article,惠能大師開示大眾說：「這個法門中所說的坐禪，本是不執著於心，也不執著於淨，也不是不動。,https://books.masterhsingyun.org/ArticleDetail/artcle147
rel_b4f60af3ccc2,ent_f9ee2a341883,六祖惠能,Person,person_transmits_to_person,人物传法于人物,ent_17b33c951e70,方辯,BuddhistFigure,directed,core_usable,stable_entity_graph,true,1,0,0,0,1,single_article,方辯禪者雕塑完成了，雖然未達盡善盡美，但六祖惠能大還是將法衣傳給方辯禪師。,https://books.masterhsingyun.org/ArticleDetail/artcle7530
rel_ab91d2c84345,ent_8dacc063faab,共修,PracticeActivity,practice_aims_at_doctrinal_state,实践趋向教义境界,ent_3d3eec716058,本土化,Concept,directed,core_usable,stable_entity_graph,true,1,1,1,1,1,single_article,現在，如來寺僧信大眾無不積極推動佛光山的四大宗旨：「以文化弘揚佛法」，出版葡文佛教圖書譯著；⟂S⟂「以教育培養人才」，創辦佛學院，培育弘法人才；⟂S⟂「以慈善福利社會」，推廣「如來之子」計劃；⟂S⟂在「以共修淨化人心」方面，則有每週舉行的共修會，採取華語及葡萄牙語雙語進行，以實踐佛教本土化的理念等等。,https://books.masterhsingyun.org/ArticleDetail/artcle5705
rel_39510d91e29a,ent_8dacc063faab,共修,PracticeActivity,practice_has_component,实践包含组成环节,ent_ae2a498d2bfb,佛學講座,PracticeActivity,directed,core_usable,stable_entity_graph,true,2,0,0,0,1,single_article,大師說：「共修不但指念佛會、禪坐會，還應該包括佛學講座、讀書會、座談會、問題討論，甚至各種活動等。,https://books.masterhsingyun.org/ArticleDetail/artcle17691
rel_7090d2347380,ent_cc05fd4b6ce6,共生,Concept,concept_complementary_with,概念在语境中相互助成,ent_3b525200d7d1,同體,Concept,symmetric,core_usable,stable_entity_graph,true,1,1,1,1,1,single_article,因此，唯有全人類攜手推廣「同體與共生」的理念，把慈悲、平等、融和、包容實踐在日常生活中，才能徹底的解決世界問題，也才能建設一個安和樂利的社會。,https://books.masterhsingyun.org/ArticleDetail/artcle6955
rel_85f814d0108a,ent_cc05fd4b6ce6,共生,Concept,concept_defined_as,概念定义为,ent_5eb4f1a11dae,慈悲觀,DoctrineTerm,directed,core_usable,stable_entity_graph,true,1,0,0,0,1,single_article,共生，是慈悲觀，含有慈悲、融和的意思。,https://books.masterhsingyun.org/ArticleDetail/artcle4620
rel_c2b82ab70635,ent_d8d9506f4a85,具足戒,DoctrineTerm,practice_has_component,实践包含组成环节,ent_bf940b65e5db,白四羯磨,Concept,directed,core_usable,stable_entity_graph,true,1,1,1,1,1,single_article,出家戒法分為三壇傳授：初壇授沙彌十戒，二壇授比丘具足戒，三壇授出家菩薩戒。⟂S⟂其中，二壇正授需要十師和尚（三師七證）列席，首先由得戒和尚依律命羯磨師作單白羯磨，後差教授師說衣缽名相，並以遮難次第詢問於受戒者，以決定是否允許加入僧團，復於正式授戒時據此一一重問，再由得戒和尚說明受戒體法，依白四羯磨方式授具足戒。,https://books.masterhsingyun.org/ArticleDetail/artcle8746
rel_a417125fcb73,ent_d7df6deaabbe,內心,DoctrineTerm,concept_defined_as,概念定义为,ent_86900e4a696c,淨土,DoctrineTerm,directed,core_usable,stable_entity_graph,true,2,0,0,0,1,single_article,一個人如果能做到慈悲為懷，人我平等，這個人的內心就是一方淨土。,https://books.masterhsingyun.org/ArticleDetail/artcle680
rel_d1b574e3cf0e,ent_86900e4a696c,淨土,DoctrineTerm,concept_complementary_with,概念在语境中相互助成,ent_8af9d29d58e3,解脫,DoctrineTerm,symmetric,core_usable,stable_entity_graph,true,1,0,0,0,1,single_article,這裡的第六個標題「不可思議解脫與實際創造淨土」，把「解脫」與「淨土」兩個概念結合在一起，似重在說明淨土實踐與不可思議的解脫不僅不相矛盾，而且相互助成。,https://books.masterhsingyun.org/ArticleDetail/artcle24733
rel_376a9d5d5958,ent_86900e4a696c,淨土,DoctrineTerm,concept_has_subconcept,概念包含下位概念,ent_5e88307976b7,莊嚴,DoctrineTerm,directed,core_usable,stable_entity_graph,true,1,0,0,0,1,single_article,《阿彌陀經》所敘述的淨土，包括都市的堂皇莊嚴、自然界的美麗、沒有人我是非、沒有交通事故、沒有三惡道等，這些都是最好的管理。,https://books.masterhsingyun.org/ArticleDetail/artcle18170
rel_1b4a73cf7ecf,ent_86900e4a696c,淨土,DoctrineTerm,concept_has_subconcept,概念包含下位概念,ent_20cfedce0e18,彌陀淨土,DoctrineTerm,directed,core_usable,stable_entity_graph,true,1,1,1,1,1,single_article,答：在佛教裡，淨土的種類很多，包括彌勒淨土、彌陀淨土、藥師淨土、華藏淨土、維摩淨土等。⟂S⟂各種淨土雖然各有其殊勝之處，然而華藏淨土是以佛果的境界來看待一切，所以很難被一般眾生所理解；⟂S⟂藥師淨土雖好，但現代科技文明一日千里，許多已開發國家已經達到藥師琉璃淨土衣食豐足、住行無缺、醫藥發達、生活無憂的境地；⟂S⟂極樂淨土因為須要念佛念到一心不亂，才能決定往生，似嫌太難；⟂S⟂彌勒兜率淨土雖然比較簡易，但將來仍須下生人間；⟂S⟂唯心淨土主張「三界唯心，萬法唯識」，行者容易認為泛談；⟂S⟂維摩淨土雖是不二法門的人間淨土，但是若不深究，則容易被誤導為在家佛教……,https://books.masterhsingyun.org/ArticleDetail/artcle1831
rel_c8c9e48ea12a,ent_86900e4a696c,淨土,DoctrineTerm,concept_in_tension_with,概念之间存在义理张力,ent_aced17a925ae,禪宗,SchoolTradition,symmetric,core_usable,stable_entity_graph,true,1,1,1,1,1,single_article,因為禪宗主張揚眉瞬目、搬柴運水，都是禪法；⟂S⟂《六祖壇經》更提出質疑：「此土念佛，求生西方；⟂S⟂西方念佛，欲生何處？」⟂S⟂因此我國初期禪宗的寺院，都只有法堂和僧舍，而無佛殿（見《禪宗全書》）；⟂S⟂禪宗大德更有「聞念佛聲，飭人以水洗禪堂」，「念佛一句，漱口三日」之說。⟂S⟂甚至有「佛之一字，吾不喜聞」，以及「不作佛求、不作法求、不作僧求」等嘲諷淨土之語（見《景德傳燈錄》），讓淨土行者深深不以為然，所以也引起淨土人士對禪宗提出反擊。⟂S⟂例如慈愍大師撰文，批評禪林空腹高心，執理廢事（見《佛祖統記》）；⟂S⟂認為禪宗的修行者狂妄傲慢，訶佛罵祖，偏見執著，沒有宗教情操。⟂S⟂又說禪者的修行容易走火入魔，不如淨土三根普被、廣大易行（見《淨土全書》）；⟂S⟂支持淨土的行人，讚美念佛可以帶業往生、一生成就（印光大師語）。⟂S⟂於是禪淨互相詆毀，互相批評，彼此勢如水火，更加互不相容了。,https://books.masterhsingyun.org/ArticleDetail/artcle674
rel_80aca4b149a8,ent_86900e4a696c,淨土,DoctrineTerm,concept_named_as,概念命名为,ent_4c853332c14f,補陀落,Concept,directed,core_usable,stable_entity_graph,true,1,0,0,0,1,single_article,原來觀世音的淨土，叫做「補陀落」，或叫「補陀落伽」（Potalaka），通常都是稱補陀落的多。,https://books.masterhsingyun.org/ArticleDetail/artcle2165
rel_c2bf3c5ea7d4,ent_2149ab9c8707,淨土宗,SchoolTradition,concept_reconciled_with,概念在语境中被说明为可调和,ent_aced17a925ae,禪宗,SchoolTradition,symmetric,core_usable,stable_entity_graph,true,3,3,3,3,3,multi_article,其實，禪宗既然認為搬柴運水、揚眉瞬目都是禪，為什麼念佛就不是禪呢？⟂S⟂禪門說參禪時講究心要定於一境，而淨土宗如《阿彌陀經》說，念佛要一心不亂，這不就是禪的定境嗎？⟂S⟂心定於阿彌陀佛，以此為所緣境，有何不可？⟂S⟂為何要批評呢？⟂S⟂所以任何佛法都是佛法，都應互相包容，不要排斥，排斥則如過去的君主獨裁，一心想要打倒別人，如果別人都被打倒了，到最後只剩下自己一人，既沒有飯吃，也沒有衣穿、沒有日用，又如何生存呢？⟂S⟂所以禪門排斥念佛應該是不當的，念佛的人不容禪者也是不對的，禪淨應該彼此相互融攝；⟂S⟂禪淨皆為我佛金口所宣、同源所流，有此認識，才合乎佛法的精神。,https://books.masterhsingyun.org/ArticleDetail/artcle674
rel_fb57c542eb64,ent_2149ab9c8707,淨土宗,SchoolTradition,school_has_founder_or_ancestor,宗派具有创始人或祖师,ent_bc477447e8c2,慧遠,BuddhistFigure,directed,core_usable,stable_entity_graph,true,4,0,0,0,1,single_article,東晉時代，開創淨土宗的慧遠大師在此結社念佛，創建東林寺。,https://books.masterhsingyun.org/ArticleDetail/artcle979
rel_25c49a7e833d,ent_2149ab9c8707,淨土宗,SchoolTradition,school_promotes_practice,宗派倡导实践,ent_e41ec4fb61e4,念佛,PracticeActivity,directed,core_usable,stable_entity_graph,true,2,0,0,0,2,single_article,過去在叢林禪堂裡，除了參禪以外，不准念佛，所謂「念佛一聲，漱口三日」，然而淨土卻又提倡念佛，看起來好像很矛盾，其實不矛盾。就以淨土宗來說，他教人念佛，主要也是要用念佛的這一個正念來對治妄念，妄念一除，正念生起，進而以無念來對治有念。因為有念也是迷，能夠「不念而念，念而不念」，那不就是無，就是禪。所以不管念佛也好，參禪也好，主要的，都是要藉念佛、參禪來淨化自己，昇華自己，找回自己。所以，《六祖壇經》要我們不要多伺妄求，當下改變自己最為重要。比方說，你在生活裡，把生活改善，你的生活裡就有淨土；你用心美化周遭的環境，你的環境就是你的淨土。所以，我們要往生淨土，往生極樂淨土固然很好，不如往生你自己當下的淨土，也就是你自己現實的生活、現實的環境，那就是你的自性的淨土。所以，我們對淨土的看法，應具備有四個意義：,https://books.masterhsingyun.org/ArticleDetail/artcle141
rel_cc9251515d06,ent_2149ab9c8707,淨土宗,SchoolTradition,school_teaches_doctrine,宗派主张教义,ent_ac993f0f8df9,一心不亂,Concept,directed,core_usable,stable_entity_graph,true,1,1,1,1,1,single_article,其實，禪宗既然認為搬柴運水、揚眉瞬目都是禪，為什麼念佛就不是禪呢？⟂S⟂禪門說參禪時講究心要定於一境，而淨土宗如《阿彌陀經》說，念佛要一心不亂，這不就是禪的定境嗎？⟂S⟂心定於阿彌陀佛，以此為所緣境，有何不可？⟂S⟂為何要批評呢？⟂S⟂所以禪門排斥念佛應該是不當的，念佛的人不容禪者也是不對的，禪淨應該彼此相互融攝；⟂S⟂禪淨皆為我佛金口所宣、同源所流，有此認識，才合乎佛法的精神。,https://books.masterhsingyun.org/ArticleDetail/artcle24164
rel_dabd6b55d82f,ent_2149ab9c8707,淨土宗,SchoolTradition,school_teaches_doctrine,宗派主张教义,ent_e41ec4fb61e4,念佛,PracticeActivity,directed,core_usable,stable_entity_graph,true,1,0,0,0,1,single_article,佛教的發展中，淨土宗倡導念佛，走到了民間。,https://books.masterhsingyun.org/ArticleDetail/artcle15335
rel_872218d5beb2,ent_2149ab9c8707,淨土宗,SchoolTradition,school_teaches_doctrine,宗派主张教义,ent_0c31b0852846,稱念阿彌陀佛,PracticeActivity,directed,core_usable,stable_entity_graph,true,1,1,1,1,1,single_article,佛教的各宗各派，在義理、修行上各具特色，彼此又能相輔相成，彰顯佛法奧義。⟂S⟂其中，淨土宗主張一心稱念阿彌陀佛，念到一心不亂，即能往生西方極樂世界。,https://books.masterhsingyun.org/ArticleDetail/artcle13769
rel_db9461a9407c,ent_eae0fbf33f1f,淨土真宗,SchoolTradition,school_has_founder_or_ancestor,宗派具有创始人或祖师,ent_b208816c30fe,親鸞,BuddhistFigure,directed,core_usable,stable_entity_graph,true,1,0,0,0,1,single_article,其中，親鸞繼承法然的淨土思想，創立「淨土真宗」，深入中下層庶民，倡導人間化、大眾化的念佛專修法門，以淺白的教義接引民眾，給社會帶來現世的安樂與來生成佛的希望。,https://books.masterhsingyun.org/ArticleDetail/artcle2778
rel_b34b720b20f4,ent_eae0fbf33f1f,淨土真宗,SchoolTradition,school_teaches_doctrine,宗派主张教义,ent_9bc118cd41eb,他力往生,DoctrineTerm,directed,core_usable,stable_entity_graph,true,1,0,0,0,1,single_article,淨土真宗強調對阿彌陀佛的絕對信仰，主張他力往生。,https://books.masterhsingyun.org/ArticleDetail/artcle8395
rel_881fec8b18b9,ent_1096f40b925e,凡聖一如,Concept,concept_equivalent_to,概念等同或同义,ent_a60962d407df,無差別,Concept,symmetric,core_usable,stable_entity_graph,true,1,1,1,1,1,single_article,大師引用《華嚴經》之「心佛眾生三無差別」來釋義同體平等的精神，凡聖一如本來無差別，因此「佛是已證悟的眾生，眾生是未修證的佛，『學佛』與『行佛』其實不難，只要我們能落實『行佛所行』、『學佛所學』，必能得到佛法的妙用。」,https://books.masterhsingyun.org/ArticleDetail/artcle24199
rel_d6b64d7b6e03,ent_d4e9589daf52,出世,DoctrineTerm,concept_complementary_with,概念在语境中相互助成,ent_edb83f453adc,入世,Concept,symmetric,core_usable,stable_entity_graph,true,13,11,11,6,13,multi_article,人天二乘的世間法修學完畢之後，要參究聲聞乘的四諦真理，然後是緣覺乘的十二緣起，最後則要實踐菩薩道的六度，從完成人生之中完成自己，聲聞、緣覺雖然已經超凡入聖，但僅僅是只求自利自了的出世間聖者，不能積極地去救度倒懸，唯有懷抱「但願眾生得離苦，不為自己求安樂」的慈悲胸襟，出世而入世廣濟群倫的大乘菩薩，才是佛教所要求的最高境界。,https://books.masterhsingyun.org/ArticleDetail/artcle2908
rel_586bd70891db,ent_d4e9589daf52,出世,DoctrineTerm,concept_defined_as,概念定义为,ent_984fe86233b7,以空為樂,DoctrineTerm,directed,core_usable,stable_entity_graph,true,1,0,0,0,1,single_article,那麼，什麼是出世的思想？ ⟂S⟂ 就是「以退為進」、「以眾為我」、「以空為樂」、「以無為有」，就是對人生有無常的警覺，對物質有遠離的看法，對情愛有淡化的觀念，對自己存自覺的要求。,https://books.masterhsingyun.org/ArticleDetail/artcle724
rel_3a012bdb9c23,ent_d4e9589daf52,出世,DoctrineTerm,concept_equivalent_to,概念等同或同义,ent_931d353cbc62,出世間法,DoctrineTerm,symmetric,core_usable,stable_entity_graph,true,2,1,1,1,2,single_article,佛法分世間法和出世間法，也就是入世和出世，「佛法在世間，不離世間覺，離世求菩提，猶如覓兔角」、「仰止唯佛陀，完成在人格，人成即佛成，是名真現實」，都在說明世間人道未成，怎能完成出世佛道？,https://books.masterhsingyun.org/ArticleDetail/artcle8179
rel_63d1297e0b12,ent_d4e9589daf52,出世,DoctrineTerm,concept_is_foundation_of,概念构成另一概念或实践的基础,ent_edb83f453adc,入世,Concept,directed,core_usable,stable_entity_graph,true,1,1,1,1,1,single_article,我一生提倡人間佛教，特別重視文教對社會功能的影響，也一直致力於佛教的文教事業，以出世的精神，做入世的事業，改變傳統，進行佛教現代化。⟂S⟂也就是佛教的發展要能人間化、大眾化、生活化、現代化、藝術化，今後能對音樂重視，佛教未來的發展必定不可限量。⟂S⟂由於我深信「以音聲做佛事」的弘法功能，因此極力提倡梵唄音樂。⟂S⟂我召集一些徒眾，請慈惠、慈容、永富、永超擔任指導、策劃、藝術監督、執行，「佛光山梵唄讚頌團」便應運而生了。,https://books.masterhsingyun.org/ArticleDetail/artcle7453
rel_26c088f32201,ent_d4e9589daf52,出世,DoctrineTerm,concept_reconciled_with,概念在语境中被说明为可调和,ent_edb83f453adc,入世,Concept,symmetric,core_usable,stable_entity_graph,true,5,5,5,4,5,multi_article,也就是說，星雲大師立意要開創「普世和諧」、「現證法喜安樂」的「人間淨土」（〈如何建設人間佛教〉，《人間佛教系列・佛教篇》），所以他從建設佛光山叢林道場，到成立佛光會菩薩教團，希望結合四眾的力量，共同弘揚人間佛教，透過「菩薩道」的實踐，把出世與入世的佛法調和起來，人生就更加圓融了。,https://books.masterhsingyun.org/ArticleDetail/artcle15654
rel_8481bb7b85cf,ent_d4e9589daf52,出世,DoctrineTerm,doctrine_constrained_by,义理受条件或范围限制,ent_edb83f453adc,入世,Concept,directed,core_usable,stable_entity_graph,true,4,3,3,2,4,multi_article,大師指出佛法是真俗不二的法門，有世間法、出世間法，即俗諦與真諦。⟂S⟂但有些人卻認為佛教只尊重出世間法，鄙視世間法。⟂S⟂六祖惠能說：「佛法在世間，不離世間覺，離世求菩提，猶如覓兔角。」⟂S⟂世間人道未成，怎能完成出世的佛道？⟂S⟂太虛大師說：「仰止唯佛陀，完成在人格，人成即佛成，是名真現實。」⟂S⟂當今佛教衰微的原因，就是過分地忽略了世間資生的問題，急於求證出世的解脫，致使世人詬病我佛教為消極、厭世。⟂S⟂不知大乘佛教的精神，雖然要有出世的思想，但也要先作入世的事業。⟂S⟂這種佛教思想上的偏差，導致了隋唐之後佛教的日趨衰落。⟂S⟂在這一點上，大師覺得有必要向基督教學習，基督教雖有天國的思想，但對人間的事業非常熱心，創辦學校、醫院，賺了大家的錢，大家還說他們好。⟂S⟂佛教提到世間，就認為娑婆似苦海，三界如火宅，把人間形容得像牢獄一般可怕，但誰又不在三界娑婆的人間討生活呢？⟂S⟂「所以，我們佛光人要肯定復興佛教的不二法門，必然是先有入世的事業，然後再求出世的依歸。」⟂S⟂,https://books.masterhsingyun.org/ArticleDetail/artcle17776
rel_4843b0402d73,ent_9b939a00b1f2,出世間,Concept,concept_complementary_with,概念在语境中相互助成,ent_edb83f453adc,入世,Concept,symmetric,core_usable,stable_entity_graph,true,3,3,3,1,3,multi_article,它一方面必須擔當「人間」使命，另一方面也必須有「出世間」的宗教性和神聖性，才能更好地實現「自覺覺他」、「自度度人」的人間「使命」。⟂S⟂佛教入世擔當「人間使命」，但人間性不應遮蔽其「出世間」的宗教性和神聖性。,https://books.masterhsingyun.org/ArticleDetail/artcle17797
rel_b8f4f807cecf,ent_9b939a00b1f2,出世間,Concept,concept_has_quality,概念具有属性,ent_96ef6af74ecb,不生不滅,DoctrineTerm,directed,core_usable,stable_entity_graph,true,2,1,1,1,2,single_article,唯有了解因緣，知道緣生則聚，緣滅則散，不執著無常、無我的世間法，而將身心安住於不生不滅的出世間之中，才能獲得人生的究竟快樂。,https://books.masterhsingyun.org/ArticleDetail/artcle2908
rel_542ad1754008,ent_9b939a00b1f2,出世間,Concept,concept_reconciled_with,概念在语境中被说明为可调和,ent_edb83f453adc,入世,Concept,symmetric,core_usable,stable_entity_graph,true,1,1,1,1,1,single_article,至於發菩提心，它就是調和世間和出世間，只要令世間增上，令社會美好，令人民幸福，自己不退轉、不灰心喪志，所謂「以出世的思想，做入世的事業」，這就是菩提心了。,https://books.masterhsingyun.org/ArticleDetail/artcle1107
rel_27570dcbc0da,ent_9b939a00b1f2,出世間,Concept,concept_reconciled_with,概念在语境中被说明为可调和,ent_39ee9c246755,世間（世俗生命層面）,Concept,symmetric,core_usable,stable_entity_graph,true,1,1,1,1,1,single_article,佛教彼岸的價值指向及其關於宇宙、人生之實相的本原性洞察，為中國傳統文化關於生命存在及其價值的觀審注入了一個全新的維度，但佛教之彼岸的超越內涵，最終被中國文化所固有的內在的超越性所轉化，彼岸的價值指向最終被此岸的現實生命所涵攝，世間、出世間以及六道的分野最終在「中道」的圓融之境當中獲得其終究統一，一切諸法之無自性的「空」、其現象呈現之「有」，以及圓攝生滅、一異、來去、常斷的「中」，「空」、「假」、「中」三諦的圓融統一被重新界定為一切諸法之「存在」的本然真實。,https://books.masterhsingyun.org/ArticleDetail/artcle17989
rel_87f9af07f103,ent_931d353cbc62,出世間法,DoctrineTerm,concept_has_quality,概念具有属性,ent_96ef6af74ecb,不生不滅,DoctrineTerm,directed,core_usable,stable_entity_graph,true,1,1,1,1,1,single_article,不執著無常、無我的世間法，而把身心安住在不生不滅的出世間法當中，如此才能獲得究竟快樂的人生。,https://books.masterhsingyun.org/ArticleDetail/artcle425
rel_de66644fa41c,ent_931d353cbc62,出世間法,DoctrineTerm,concept_named_as,概念命名为,ent_3ba8f5d64313,無為法,DoctrineTerm,directed,core_usable,stable_entity_graph,true,1,1,1,1,1,single_article,「欲入無為海，須乘般若船」，佛教稱世間法為「有為法」，出世間法為「無為法」，要想進入無為法的大海，必須搭乘般若智慧的船。,https://books.masterhsingyun.org/ArticleDetail/artcle13456
rel_e84930bea35d,ent_c9da39b6e30f,出家,PracticeActivity,concept_defined_as,概念定义为,ent_fbae646972f2,信仰,Concept,directed,core_usable,stable_entity_graph,true,1,0,0,0,1,single_article,也就是說，我們應該保有「問政不干治」的態度，但是如果有佛教徒參與政治，其實也沒有不對，現代社會應該要有雅量接受，不能剝奪佛教徒乃至僧侶關心國家社會的權利，因為出家是信仰，參政是人權。,https://books.masterhsingyun.org/ArticleDetail/artcle1828
rel_664cd2d5f570,ent_c9da39b6e30f,出家,PracticeActivity,concept_defined_as,概念定义为,ent_d4e9589daf52,出世,DoctrineTerm,directed,core_usable,stable_entity_graph,true,1,0,0,0,1,single_article,什麼是出家的性格？ ⟂S⟂ 就是有「出世的精神，入世的思想」，出世入世都能融和。,https://books.masterhsingyun.org/ArticleDetail/artcle10922
rel_5421e05db1d1,ent_c9da39b6e30f,出家,PracticeActivity,concept_defined_as,概念定义为,ent_de19925d58cc,如來家,Concept,directed,core_usable,stable_entity_graph,true,1,0,0,0,1,single_article,出家為的是什麼？ ⟂S⟂ 就是要來承擔如來家業。,https://books.masterhsingyun.org/ArticleDetail/artcle17216
rel_45300d91da44,ent_c9da39b6e30f,出家,PracticeActivity,concept_defined_as,概念定义为,ent_06d4a3cbfa45,未來,DoctrineTerm,directed,core_usable,stable_entity_graph,true,1,0,0,0,1,single_article,大師說：「出家就是未來。,https://books.masterhsingyun.org/ArticleDetail/artcle20068
rel_dae0d12b2d50,ent_c9da39b6e30f,出家,PracticeActivity,doctrine_constrained_by,义理受条件或范围限制,ent_d8d9506f4a85,具足戒,DoctrineTerm,directed,core_usable,stable_entity_graph,true,1,1,1,1,1,single_article,答：剃了髮還不算是出家人，依據中國佛教的傳承，有意出家者，必須受「三壇大戒」。⟂S⟂三壇大戒，初壇受的是沙彌、沙彌尼戒；⟂S⟂二壇受的是比丘、比丘尼戒；⟂S⟂三壇受的是出家菩薩戒。⟂S⟂受持具足戒後，才算是一位真正的出家人。,https://books.masterhsingyun.org/ArticleDetail/artcle2390
rel_3778be0ca01d,ent_c9da39b6e30f,出家,PracticeActivity,doctrine_constrained_by,义理受条件或范围限制,ent_7589add60cad,弘法,PracticeActivity,directed,core_usable,stable_entity_graph,true,1,1,1,1,1,single_article,做一個出家人，必須要以弘法為事業，而弘法就需要具備佛學、世學和各種的方便。,https://books.masterhsingyun.org/ArticleDetail/artcle10845
rel_609fad134bdd,ent_c9da39b6e30f,出家,PracticeActivity,doctrine_constrained_by,义理受条件或范围限制,ent_ed6039c9efc7,三壇大戒,PracticeActivity,directed,core_usable,stable_entity_graph,true,1,1,1,1,1,single_article,答：剃了髮還不算是出家人，依據中國佛教的傳承，有意出家者，必須受「三壇大戒」。⟂S⟂三壇大戒，初壇受的是沙彌、沙彌尼戒；⟂S⟂二壇受的是比丘、比丘尼戒；⟂S⟂三壇受的是出家菩薩戒。⟂S⟂受持具足戒後，才算是一位真正的出家人。,https://books.masterhsingyun.org/ArticleDetail/artcle2390
rel_316e4d8a745a,ent_c9da39b6e30f,出家,PracticeActivity,practice_aims_at_doctrinal_state,实践趋向教义境界,ent_e7ba1be4785d,安樂,Concept,directed,core_usable,stable_entity_graph,true,1,1,1,1,1,single_article,如果心中的委屈、不滿，找不到發洩處，也沒有大善知識開導，真是愁上加愁，本來出家是要求安樂的，想不到卻愈來愈痛苦。⟂S⟂這怪誰呢？,https://books.masterhsingyun.org/ArticleDetail/artcle10895
rel_58989e133739,ent_c9da39b6e30f,出家,PracticeActivity,practice_aims_at_doctrinal_state,实践趋向教义境界,ent_c84e07b0932e,成佛,Concept,directed,core_usable,stable_entity_graph,true,1,0,0,0,1,single_article,出家是成佛之道的第一步，但不是立刻就能成佛。,https://books.masterhsingyun.org/ArticleDetail/artcle5778
rel_321641267e6f,ent_f9c793ab2242,勸發諸王要偈,Classic,classic_interpreted_as_doctrine,经典被阐释为教义或主张,ent_d2c928bc7563,四無量心,DoctrineTerm,directed,core_usable,stable_entity_graph,true,1,0,0,0,1,single_article,這首《勸發諸王要偈》說明了四無量心的重要。,https://books.masterhsingyun.org/ArticleDetail/artcle13472
rel_8a70c5b10330,ent_9f4e43b60b58,功德,DoctrineTerm,doctrine_constrained_by,义理受条件或范围限制,ent_7218629ab8b8,自性,DoctrineTerm,directed,core_usable,stable_entity_graph,true,1,1,1,1,1,single_article,功德必須向內見到自性，而不是藉著布施供養所能求得到的，所以福德與功德是不同的。,https://books.masterhsingyun.org/ArticleDetail/artcle140
rel_89a9fc1696f2,ent_602bc067c307,功能,DoctrineTerm,concept_defined_as,概念定义为,ent_0556bd055da7,佛殿,DoctrineTerm,directed,core_usable,stable_entity_graph,true,1,0,0,0,1,single_article,過去寺院的功能，一個就是佛殿。,https://books.masterhsingyun.org/ArticleDetail/artcle10888
rel_95368e6f34c6,ent_23eeb3b80f4c,化相三寶,DoctrineTerm,concept_defined_as,概念定义为,ent_0ebc47edc5c5,三寶,DoctrineTerm,directed,core_usable,stable_entity_graph,true,1,0,0,0,1,single_article,化相三寶就是最初三寶，也就是最初成道的佛陀為佛寶，四諦、十二因緣的真理是法寶，五比丘、千二百五十人的阿羅漢是僧寶。,https://books.masterhsingyun.org/ArticleDetail/artcle151
rel_caa140b23150,ent_8b23c3881ee2,十六觀,DoctrineTerm,practice_aims_at_realm,实践趋向宗教境界,ent_86900e4a696c,淨土,DoctrineTerm,directed,core_usable,stable_entity_graph,true,1,0,0,0,1,single_article,乃至淨土宗的行者念佛求生淨土，亦須修十六觀*10及念佛三昧*11、般舟三昧*12；,https://books.masterhsingyun.org/ArticleDetail/artcle3972
rel_a2ec1f4f808f,ent_059514d0074d,十大弟子,Group,group_attains_doctrinal_state,群体证得教义境界,ent_8af9d29d58e3,解脫,DoctrineTerm,directed,core_usable,stable_entity_graph,true,1,1,1,1,1,single_article,他常對弟子說：「佛陀在青年時代就人間成道，諸佛菩薩也都在人間成就，佛陀的十大弟子都是年輕時就解脫了，中國歷史上的大禪師也都是青年時代開悟，你們不要妄自菲薄，要重視人間的修行呀！」,https://books.masterhsingyun.org/ArticleDetail/artcle17458
rel_61156c725808,ent_059514d0074d,十大弟子,Group,group_compiles_work,群体编纂作品,ent_791196640911,六祖壇經,Classic,directed,core_usable,stable_entity_graph,true,2,1,1,1,2,single_article,這十大弟子主要的貢獻是結集編纂《壇經》，把惠能的事蹟行誼傳揚下來，尤其神會舉辦滑臺無遮大會，建立南宗頓教世系地位。⟂S⟂這些弟子們對於南宗禪的流行，有著不可磨滅的功勞。,https://books.masterhsingyun.org/ArticleDetail/artcle43
rel_5a6abbb7e876,ent_864805f9f304,十來偈,Classic,classic_states_or_mentions_doctrine,经典陈述或提及教义,ent_cf26f7ad8f86,慈悲,DoctrineTerm,directed,core_usable,stable_entity_graph,true,1,1,1,1,1,single_article,（二）因果非宿命論：因果觀並不是宿命論，宿命論認為：一切得失成敗，由命運之神掌握，努力是沒有用的。⟂S⟂而佛教的因果觀念則認為：所有的果報，不管善惡，都是自己造作出來的。⟂S⟂偈云：「有衣有食為何因？⟂S⟂前世茶飯施貧人；⟂S⟂無食無衣為何因？⟂S⟂前世未施半分文。⟂S⟂穿綢穿緞為何因？⟂S⟂前世施衣濟僧人；⟂S⟂相貌端嚴為何因？⟂S⟂前世採花供佛前。」⟂S⟂〈因果十來偈〉則說：「端正者忍辱中來，貧窮者慳貪中來，高位者禮拜中來，下賤者憍慢中來，瘖啞者誹謗中來，盲聾者不信中來，長壽者慈悲中來，短命者殺生中來。」⟂S⟂這二首偈語都是說明，人間的貧富貴賤，生命的長壽夭亡，容貌的端正醜陋，都是受過去生所造善惡業影響的結果，並非由他人所操縱，更不是命中注定。⟂S⟂因此，因果觀是肯定努力、上進，是樂觀進取的道理。,https://books.masterhsingyun.org/ArticleDetail/artcle785
rel_f680c95ac6bc,ent_864805f9f304,十來偈,Classic,classic_states_or_mentions_doctrine,经典陈述或提及教义,ent_cac49a61a507,禮拜,PracticeActivity,directed,core_usable,stable_entity_graph,true,1,1,1,1,1,single_article,（二）因果非宿命論：因果觀並不是宿命論，宿命論認為：一切得失成敗，由命運之神掌握，努力是沒有用的。⟂S⟂而佛教的因果觀念則認為：所有的果報，不管善惡，都是自己造作出來的。⟂S⟂偈云：「有衣有食為何因？⟂S⟂前世茶飯施貧人；⟂S⟂無食無衣為何因？⟂S⟂前世未施半分文。⟂S⟂穿綢穿緞為何因？⟂S⟂前世施衣濟僧人；⟂S⟂相貌端嚴為何因？⟂S⟂前世採花供佛前。」⟂S⟂〈因果十來偈〉則說：「端正者忍辱中來，貧窮者慳貪中來，高位者禮拜中來，下賤者憍慢中來，瘖啞者誹謗中來，盲聾者不信中來，長壽者慈悲中來，短命者殺生中來。」⟂S⟂這二首偈語都是說明，人間的貧富貴賤，生命的長壽夭亡，容貌的端正醜陋，都是受過去生所造善惡業影響的結果，並非由他人所操縱，更不是命中注定。⟂S⟂因此，因果觀是肯定努力、上進，是樂觀進取的道理。,https://books.masterhsingyun.org/ArticleDetail/artcle785
rel_d78421c5271b,ent_4b4d6a854a2a,十法行,PracticeActivity,practice_has_component,实践包含组成环节,ent_bc1cc60195cb,供養,PracticeActivity,directed,core_usable,stable_entity_graph,true,3,0,0,0,1,single_article,此外，佛教的十法行包括書寫、供養、法施、諦聽、披讀、受持、開演、諷誦、思惟、修習，凡此無非說明文教在佛教弘傳中占有十分重要的地位。,https://books.masterhsingyun.org/ArticleDetail/artcle16728
rel_1a89763644ab,ent_d725ae46dad3,華嚴宗,SchoolTradition,school_teaches_doctrine,宗派主张教义,ent_29c863dd97d1,一心,DoctrineTerm,directed,core_usable,stable_entity_graph,true,1,1,1,1,1,single_article,所謂「色心並舉」，大師指出，《華嚴經》說：「若人欲了知，三世一切佛，應觀法界性，一切唯心造。」⟂S⟂華嚴宗主張三界都是一心所作，也就是說，客觀的世界，須有主觀的心照射之，方能現出客觀事象。⟂S⟂而且客觀的世界映入我人眼中，由主觀加以認識，全憑心智，所以《般若經》說：「於一切法，心為善導，若能知心，悉知眾法，種種世法，皆由心生。」⟂S⟂離卻心識，則無萬象可談，所以說：「三界唯心，萬法唯識。」⟂S⟂佛法以一心統攝諸法，並不落於一邊，而是借現實以啟發心靈，本心靈以照見現實，這就是不偏唯心、不偏唯物，色心並舉的中道觀。⟂S⟂,https://books.masterhsingyun.org/ArticleDetail/artcle15648
rel_c5e202c358f5,ent_d725ae46dad3,華嚴宗,SchoolTradition,school_teaches_doctrine,宗派主张教义,ent_9f0ae9ad1ced,十玄門,DoctrineTerm,directed,core_usable,stable_entity_graph,true,1,1,1,1,1,single_article,(二)漢系的宗派理論與印度佛教史，從原始佛教、部派佛教、大乘佛教以至密教，其教理與歷史的演化有著不可分割的密切關連。⟂S⟂而漢系宗派思想如天台的「五時、八教」、「一念三千」、「百界千如」，華嚴的「五教、十宗」、「四法界」、「六相」、「十玄門」都是以義理為核心，以判教為手段，以充分發揮佛教之內蘊，具有自成體系的特色。,https://books.masterhsingyun.org/ArticleDetail/artcle17815
rel_887963f83e22,ent_d725ae46dad3,華嚴宗,SchoolTradition,school_teaches_doctrine,宗派主张教义,ent_9d76d66a4eef,唯心,DoctrineTerm,directed,core_usable,stable_entity_graph,true,1,1,1,1,1,single_article,《華嚴經》卷十九說：「若人欲了知，三世一切佛，應觀法界性，一切唯心造。」⟂S⟂華嚴宗主張三界都是心之所作，也就是說，客觀的世界，須有主觀的心照射之，方能現出客觀事象。⟂S⟂而且客觀的世界映入我人眼中，由主觀加以認識，全憑心智，所以《大般若經》卷五六八說：「於一切法，心為前導，若善知心，悉解眾法，種種世法，皆由心造。」⟂S⟂離卻心識，則無萬象，所以說：「三界唯心，萬法唯識。」⟂S⟂佛法以一心統攝諸法，並不落於一邊，而是藉現實以啟發心靈，本心靈以照見現實，這就是不偏唯心、不偏唯物，「色心並舉」的中道觀。,https://books.masterhsingyun.org/ArticleDetail/artcle3983
rel_7f8c200357d7,ent_6b3ad45ee630,華嚴經,Classic,classic_interpreted_as_doctrine,经典被阐释为教义或主张,ent_a6b94c65c717,人間佛教,Concept,directed,core_usable,stable_entity_graph,true,2,1,1,1,2,single_article,大師出家逾一甲子，弘法半世紀以上，大師多年來所推動的人間佛教，都是佛法與生活融和不二的佛教，他尤其強調人間佛教是「度生重於度死」（〈如何建設人間佛教〉，《佛教叢書・人間佛教》），他認為度死固然重要，度生則更為迫切，生者、死者都能度化，才是真正的了生脫死。⟂S⟂因此大師雖然提倡「禪淨雙修」，一生主持過百次以上的佛七，他常教人念阿彌陀佛，並不反對求生淨土，但為了實現人間佛教的理念，他不以往生淨土為念，而是發願生生世世在人間當和尚。⟂S⟂他勉勵佛光弟子要建立人間佛教的思想，他說《華嚴經》的「但願眾生得離苦，不為自己求安樂」就是人間佛教的思想，從人間佛教的思想，必然會產生人間佛教的言行，歌頌人間的善美，讚歎人間的和樂，推動利他的工作，發起助人的服務，對賢能者不嫉妒而尊敬，對守分者不暴戾而友愛，時時心存感恩知足，喜捨為善，創造美好的人間。⟂S⟂（〈佛教的前途在哪裡〉，《星雲大師講演集》(四)）,https://books.masterhsingyun.org/ArticleDetail/artcle15692
rel_35fc7ed912d3,ent_6b3ad45ee630,華嚴經,Classic,classic_interpreted_as_doctrine,经典被阐释为教义或主张,ent_3ac5231bf2dc,法界緣起,DoctrineTerm,directed,core_usable,stable_entity_graph,true,5,0,0,0,1,single_article,《華嚴經》真如自性的思想，非常契合我們中國人的根性，法界緣起觀展現了宇宙萬有互相關連、互相影響、互相包容的思想境界，豐富擴大了我們中華文化的內涵，影響了中國佛教的發展。,https://books.masterhsingyun.org/ArticleDetail/artcle9839
rel_f42121ff8601,ent_6b3ad45ee630,華嚴經,Classic,classic_records_person,经典记载人物,ent_8f22bf31627e,善財童子,BuddhistFigure,directed,core_usable,stable_entity_graph,true,1,1,1,1,1,single_article,善財童子到南方參訪大善知識的典故，依《華嚴經》記載，善財童子為求真理到處遊學，共參訪五十三處，其求法問道的精神，是全世界青年學子的學習楷模。,https://books.masterhsingyun.org/ArticleDetail/artcle2817
rel_07ccc6b3a9bc,ent_6b3ad45ee630,華嚴經,Classic,classic_states_or_mentions_doctrine,经典陈述或提及教义,ent_8c2e06b1a094,三無差別,DoctrineTerm,directed,core_usable,stable_entity_graph,true,7,7,7,3,7,multi_article,維摩云：「諸佛解脫，當依眾生心行中求。」⟂S⟂何以故？⟂S⟂晉《華嚴》云：「心如工畫師，畫種種五陰。⟂S⟂一切世間中，無不從心造。⟂S⟂如心佛亦爾，如佛眾生然。⟂S⟂心佛及眾生，是三無差別。」⟂S⟂既為生佛之母，亦為依正之源。⟂S⟂故《楞嚴》云：「諸法所生，唯心所現，一切因果，世界微塵，因心成體。」⟂S⟂欲言心有，如箜篌聲，求不可見；⟂S⟂欲言其無，如箜篌聲，彈之亦響。⟂S⟂不有不無，妙在其中。⟂S⟂故《般舟》云：「諸佛從心得解脫，心者清淨名無垢。⟂S⟂五道鮮潔不受色，有解此者大道成。」,https://books.masterhsingyun.org/ArticleDetail/artcle8880
rel_1991e0408fc9,ent_6b3ad45ee630,華嚴經,Classic,classic_states_or_mentions_doctrine,经典陈述或提及教义,ent_046ffb216763,不惜身命,Concept,directed,core_usable,stable_entity_graph,true,1,1,1,1,1,single_article,抄經又稱「寫經」，是佛教的修行法門之一，也是對法寶的一種供養。⟂S⟂《華嚴經》說：「常隨佛學者，從初發心，精進不退，以不可說、不可說身命而為布施；⟂S⟂剝皮為紙，析骨為筆，刺血為墨，書寫經典，積如須彌，為重法故，不惜身命。」⟂S⟂又說「諸供養中，法供養為最」。⟂S⟂因此在抄寫經文時，要以虔誠的心，一筆一畫、一字一句來抄寫；⟂S⟂當精神集中，書寫字字珠璣的文字般若，可達到一心不亂，心靈淨化的境界。⟂S⟂書法能怡情養性，抄寫經文可以端正身心，兩者結合，不但是發揚中國固有國粹，也是中國佛教的創舉。,https://books.masterhsingyun.org/ArticleDetail/artcle7885
rel_2f36f4a08e3c,ent_6b3ad45ee630,華嚴經,Classic,classic_states_or_mentions_doctrine,经典陈述或提及教义,ent_7be5362aae49,事事無礙法界,PlaceRealm,directed,core_usable,stable_entity_graph,true,1,1,1,1,1,single_article,我個人也認為，一個青年學子一生沒有親近五十位到一百位大善知識，沒有聽過他們幾句立身處事的教示，是不容易成功的。⟂S⟂你說，真正的孤家寡人哪裡能做皇帝呢？⟂S⟂你要想地位很高，你必須要有幹部、必須要有群眾、必須要有合作的團隊。⟂S⟂所以，在《華嚴經》裡面提到事法界、理法界，到理事無礙法界、事事無礙法界，其實就是要我們在做人處世、應事接物中，了悟法界圓融的真理，享有歡喜自在的人生。,https://books.masterhsingyun.org/ArticleDetail/artcle102
rel_c18d78df1b48,ent_6b3ad45ee630,華嚴經,Classic,classic_states_or_mentions_doctrine,经典陈述或提及教义,ent_9c26727c23b2,事法界,PlaceRealm,directed,core_usable,stable_entity_graph,true,1,1,1,1,1,single_article,我個人也認為，一個青年學子一生沒有親近五十位到一百位大善知識，沒有聽過他們幾句立身處事的教示，是不容易成功的。⟂S⟂你說，真正的孤家寡人哪裡能做皇帝呢？⟂S⟂你要想地位很高，你必須要有幹部、必須要有群眾、必須要有合作的團隊。⟂S⟂所以，在《華嚴經》裡面提到事法界、理法界，到理事無礙法界、事事無礙法界，其實就是要我們在做人處世、應事接物中，了悟法界圓融的真理，享有歡喜自在的人生。,https://books.masterhsingyun.org/ArticleDetail/artcle102
rel_021ea77823f9,ent_6b3ad45ee630,華嚴經,Classic,classic_states_or_mentions_doctrine,经典陈述或提及教义,ent_640a02e96874,佛身,DoctrineTerm,directed,core_usable,stable_entity_graph,true,1,1,1,1,1,single_article,是故汝等心想佛時，是心即是三十二相、八十隨形好，是心作佛，是心是佛」、《華嚴經》的「佛身充滿於法界，普現一切眾生前，隨緣赴感靡不周，而恆處此菩提座」……佛陀早已告訴我們這麼多的方便法門，你還不知道佛陀在哪裡嗎？,https://books.masterhsingyun.org/ArticleDetail/artcle10813
rel_806ff90a98d7,ent_6b3ad45ee630,華嚴經,Classic,classic_states_or_mentions_doctrine,经典陈述或提及教义,ent_86900e4a696c,淨土,DoctrineTerm,directed,core_usable,stable_entity_graph,true,2,0,0,0,1,single_article,《華嚴經》指出的淨土世界是：,https://books.masterhsingyun.org/ArticleDetail/artcle141
rel_18f2ff04f89f,ent_6b3ad45ee630,華嚴經,Classic,classic_states_or_mentions_doctrine,经典陈述或提及教义,ent_7e15914d649d,初發心,PracticeActivity,directed,core_usable,stable_entity_graph,true,1,1,1,1,1,single_article,抄經又稱「寫經」，是佛教的修行法門之一，也是對法寶的一種供養。⟂S⟂《華嚴經》說：「常隨佛學者，從初發心，精進不退，以不可說、不可說身命而為布施；⟂S⟂剝皮為紙，析骨為筆，刺血為墨，書寫經典，積如須彌，為重法故，不惜身命。」⟂S⟂又說「諸供養中，法供養為最」。⟂S⟂因此在抄寫經文時，要以虔誠的心，一筆一畫、一字一句來抄寫；⟂S⟂當精神集中，書寫字字珠璣的文字般若，可達到一心不亂，心靈淨化的境界。⟂S⟂書法能怡情養性，抄寫經文可以端正身心，兩者結合，不但是發揚中國固有國粹，也是中國佛教的創舉。,https://books.masterhsingyun.org/ArticleDetail/artcle7885
rel_88701538a1c6,ent_6b3ad45ee630,華嚴經,Classic,classic_states_or_mentions_doctrine,经典陈述或提及教义,ent_21203e6ee130,同體共生,Concept,directed,core_usable,stable_entity_graph,true,2,0,0,0,1,single_article,如《華嚴經》有「總相」、「別相」之說，總相就是同體共生，別相就是各自的本體，如桌子有桌子的功用，椅子有椅子的功用，各有專長，各有特質，各有其功用。,https://books.masterhsingyun.org/ArticleDetail/artcle2664
rel_9e0520f8e818,ent_6b3ad45ee630,華嚴經,Classic,classic_states_or_mentions_doctrine,经典陈述或提及教义,ent_9d76d66a4eef,唯心,DoctrineTerm,directed,core_usable,stable_entity_graph,true,4,4,4,4,4,multi_article,《華嚴經》卷十九說：「若人欲了知，三世一切佛，應觀法界性，一切唯心造。」⟂S⟂華嚴宗主張三界都是心之所作，也就是說，客觀的世界，須有主觀的心照射之，方能現出客觀事象。⟂S⟂而且客觀的世界映入我人眼中，由主觀加以認識，全憑心智，所以《大般若經》卷五六八說：「於一切法，心為前導，若善知心，悉解眾法，種種世法，皆由心造。」⟂S⟂離卻心識，則無萬象，所以說：「三界唯心，萬法唯識。」⟂S⟂佛法以一心統攝諸法，並不落於一邊，而是藉現實以啟發心靈，本心靈以照見現實，這就是不偏唯心、不偏唯物，「色心並舉」的中道觀。,https://books.masterhsingyun.org/ArticleDetail/artcle3983
rel_ef5863c101b9,ent_6b3ad45ee630,華嚴經,Classic,classic_states_or_mentions_doctrine,经典陈述或提及教义,ent_32f181c73a4f,大善知識,DoctrineTerm,directed,core_usable,stable_entity_graph,true,1,1,1,1,1,single_article,曾有一位青年法師和我談過，要親近善知識，實在太不容易，佛說：「雖舍利弗、目犍連等，不得稱為善知識。」⟂S⟂但是出家所為何事，豈非求了生死，求了生死又非親近善知識不可。⟂S⟂親近的對象，不怕多，只怕少（多非真善知識故），然由歷古以來，每每親近了這一位，便很難再去親近另一位，否則就會感到立場與處境的困擾。⟂S⟂像《華嚴經》中，善才所參的五十三位大善知識，又不易找到，乾脆還是從書本中去親近歷代的善知識吧！⟂S⟂那末我想，星雲法師的《十大弟子傳》，確是值得親近的一本好書了。⟂S⟂這書，能讓讀者作者與書中的聖弟子們，心心交融，面面相照，可以把讀者送到佛陀時代的教團中去，也可將佛陀時代的聖弟子們請到面前來與讀者對晤，它能把彼此間的時空拉近了也縮短了。⟂S⟂可以當作書本看，更可以當作鏡子照。⟂S⟂看看書中的古聖弟子，想想自己的所作所為，究竟該學哪些，又有哪些慚愧！,https://books.masterhsingyun.org/ArticleDetail/artcle23894
rel_c3c7b9863a7e,ent_6b3ad45ee630,華嚴經,Classic,classic_states_or_mentions_doctrine,经典陈述或提及教义,ent_4d8dbf44a614,布施,PracticeActivity,directed,core_usable,stable_entity_graph,true,1,1,1,1,1,single_article,抄經又稱「寫經」，是佛教的修行法門之一，也是對法寶的一種供養。⟂S⟂《華嚴經》說：「常隨佛學者，從初發心，精進不退，以不可說、不可說身命而為布施；⟂S⟂剝皮為紙，析骨為筆，刺血為墨，書寫經典，積如須彌，為重法故，不惜身命。」⟂S⟂又說「諸供養中，法供養為最」。⟂S⟂因此在抄寫經文時，要以虔誠的心，一筆一畫、一字一句來抄寫；⟂S⟂當精神集中，書寫字字珠璣的文字般若，可達到一心不亂，心靈淨化的境界。⟂S⟂書法能怡情養性，抄寫經文可以端正身心，兩者結合，不但是發揚中國固有國粹，也是中國佛教的創舉。,https://books.masterhsingyun.org/ArticleDetail/artcle7885
rel_7ad49f8604f7,ent_6b3ad45ee630,華嚴經,Classic,classic_states_or_mentions_doctrine,经典陈述或提及教义,ent_fcf0a67d7b3a,常隨佛學,Concept,directed,core_usable,stable_entity_graph,true,1,1,1,1,1,single_article,抄經又稱「寫經」，是佛教的修行法門之一，也是對法寶的一種供養。⟂S⟂《華嚴經》說：「常隨佛學者，從初發心，精進不退，以不可說、不可說身命而為布施；⟂S⟂剝皮為紙，析骨為筆，刺血為墨，書寫經典，積如須彌，為重法故，不惜身命。」⟂S⟂又說「諸供養中，法供養為最」。⟂S⟂因此在抄寫經文時，要以虔誠的心，一筆一畫、一字一句來抄寫；⟂S⟂當精神集中，書寫字字珠璣的文字般若，可達到一心不亂，心靈淨化的境界。⟂S⟂書法能怡情養性，抄寫經文可以端正身心，兩者結合，不但是發揚中國固有國粹，也是中國佛教的創舉。,https://books.masterhsingyun.org/ArticleDetail/artcle7885
rel_eaded5a739ac,ent_6b3ad45ee630,華嚴經,Classic,classic_states_or_mentions_doctrine,经典陈述或提及教义,ent_fd85beeca7fa,平等,DoctrineTerm,directed,core_usable,stable_entity_graph,true,2,0,0,0,1,single_article,例如《華嚴經》說：「一切眾生平等。」,https://books.masterhsingyun.org/ArticleDetail/artcle586
rel_5ffa376afb7a,ent_6b3ad45ee630,華嚴經,Classic,classic_states_or_mentions_doctrine,经典陈述或提及教义,ent_cf26f7ad8f86,慈悲,DoctrineTerm,directed,core_usable,stable_entity_graph,true,1,1,1,1,1,single_article,《華嚴經》云：「常樂柔和忍辱法，安住慈悲喜捨中。」⟂S⟂如果我們能有禪定的智慧力，把自己安住在無上深妙的真理，而能不為「財」動、不為「情」動、不為「名」動、不為「謗」動、不為「苦」動、不為「難」動、不為「利」動、不為「氣」動……則儘管世界上好好壞壞，只要我不動心，即使身處汙泥，也能長出淨蓮。⟂S⟂所以，人生最重要的是，要把自己的身心安住在「寂靜」的「禪定」裡，過著「禪者」的生活，這才是最安樂的生活，這也就是禪的最大妙用了。,https://books.masterhsingyun.org/ArticleDetail/artcle423
rel_837580056fd3,ent_6b3ad45ee630,華嚴經,Classic,classic_states_or_mentions_doctrine,经典陈述或提及教义,ent_a052f149705e,法供養,PracticeActivity,directed,core_usable,stable_entity_graph,true,1,1,1,1,1,single_article,抄經又稱「寫經」，是佛教的修行法門之一，也是對法寶的一種供養。⟂S⟂《華嚴經》說：「常隨佛學者，從初發心，精進不退，以不可說、不可說身命而為布施；⟂S⟂剝皮為紙，析骨為筆，刺血為墨，書寫經典，積如須彌，為重法故，不惜身命。」⟂S⟂又說「諸供養中，法供養為最」。⟂S⟂因此在抄寫經文時，要以虔誠的心，一筆一畫、一字一句來抄寫；⟂S⟂當精神集中，書寫字字珠璣的文字般若，可達到一心不亂，心靈淨化的境界。⟂S⟂書法能怡情養性，抄寫經文可以端正身心，兩者結合，不但是發揚中國固有國粹，也是中國佛教的創舉。,https://books.masterhsingyun.org/ArticleDetail/artcle7885
rel_ee5b09457856,ent_6b3ad45ee630,華嚴經,Classic,classic_states_or_mentions_doctrine,经典陈述或提及教义,ent_5d26c2240d4d,法界性,DoctrineTerm,directed,core_usable,stable_entity_graph,true,1,1,1,1,1,single_article,《華嚴經》云：「若人欲了知，三世一切佛，應觀法界性，一切唯心造。」⟂S⟂意思是我們這顆心能作眾生，也能作佛；⟂S⟂能造天堂，也能造地獄；⟂S⟂法外無心，心外無法。⟂S⟂十方世界三世諸佛都是我們一心所現，心、佛、眾生，三無差別。⟂S⟂「一念淨心能成佛」是「自性彌陀」，「一念淨心能造淨土」即是「唯心淨土」。⟂S⟂,https://books.masterhsingyun.org/ArticleDetail/artcle24164
rel_59d0d99d5197,ent_6b3ad45ee630,華嚴經,Classic,classic_states_or_mentions_doctrine,经典陈述或提及教义,ent_3ac5231bf2dc,法界緣起,DoctrineTerm,directed,core_usable,stable_entity_graph,true,3,0,0,0,1,single_article,圓宗如《華嚴經》所說，法界緣起自在無礙，具備重重無盡的德用，這是指華嚴法門等。,https://books.masterhsingyun.org/ArticleDetail/artcle7581
rel_64fa74eff224,ent_6b3ad45ee630,華嚴經,Classic,classic_states_or_mentions_doctrine,经典陈述或提及教义,ent_39be9be3e203,法門,DoctrineTerm,directed,core_usable,stable_entity_graph,true,1,0,0,0,1,single_article,總之，大方廣佛華嚴是所詮的義理，而「經」則為能詮的言教。 ⟂P⟂ 本經是如來成道後的第三七日，於菩提樹下為文殊、普賢等上位菩薩所宣說的自內證法門，此一「華嚴經教」是教法中的根本法輪，所以稱為「稱性本教」。,https://books.masterhsingyun.org/ArticleDetail/artcle2130
rel_47172fd12ef2,ent_6b3ad45ee630,華嚴經,Classic,classic_states_or_mentions_doctrine,经典陈述或提及教义,ent_b96a4711e210,理事無礙法界,PlaceRealm,directed,core_usable,stable_entity_graph,true,1,1,1,1,1,single_article,我個人也認為，一個青年學子一生沒有親近五十位到一百位大善知識，沒有聽過他們幾句立身處事的教示，是不容易成功的。⟂S⟂你說，真正的孤家寡人哪裡能做皇帝呢？⟂S⟂你要想地位很高，你必須要有幹部、必須要有群眾、必須要有合作的團隊。⟂S⟂所以，在《華嚴經》裡面提到事法界、理法界，到理事無礙法界、事事無礙法界，其實就是要我們在做人處世、應事接物中，了悟法界圓融的真理，享有歡喜自在的人生。,https://books.masterhsingyun.org/ArticleDetail/artcle102
rel_c845d756a79b,ent_6b3ad45ee630,華嚴經,Classic,classic_states_or_mentions_doctrine,经典陈述或提及教义,ent_058be8f916aa,理法界,DoctrineTerm,directed,core_usable,stable_entity_graph,true,1,1,1,1,1,single_article,我個人也認為，一個青年學子一生沒有親近五十位到一百位大善知識，沒有聽過他們幾句立身處事的教示，是不容易成功的。⟂S⟂你說，真正的孤家寡人哪裡能做皇帝呢？⟂S⟂你要想地位很高，你必須要有幹部、必須要有群眾、必須要有合作的團隊。⟂S⟂所以，在《華嚴經》裡面提到事法界、理法界，到理事無礙法界、事事無礙法界，其實就是要我們在做人處世、應事接物中，了悟法界圓融的真理，享有歡喜自在的人生。,https://books.masterhsingyun.org/ArticleDetail/artcle102
rel_15f8fdeec087,ent_6b3ad45ee630,華嚴經,Classic,classic_states_or_mentions_doctrine,经典陈述或提及教义,ent_3e2c0b1657f4,精進,DoctrineTerm,directed,core_usable,stable_entity_graph,true,1,1,1,1,1,single_article,抄經又稱「寫經」，是佛教的修行法門之一，也是對法寶的一種供養。⟂S⟂《華嚴經》說：「常隨佛學者，從初發心，精進不退，以不可說、不可說身命而為布施；⟂S⟂剝皮為紙，析骨為筆，刺血為墨，書寫經典，積如須彌，為重法故，不惜身命。」⟂S⟂又說「諸供養中，法供養為最」。⟂S⟂因此在抄寫經文時，要以虔誠的心，一筆一畫、一字一句來抄寫；⟂S⟂當精神集中，書寫字字珠璣的文字般若，可達到一心不亂，心靈淨化的境界。⟂S⟂書法能怡情養性，抄寫經文可以端正身心，兩者結合，不但是發揚中國固有國粹，也是中國佛教的創舉。,https://books.masterhsingyun.org/ArticleDetail/artcle7885
rel_449650d18921,ent_6b3ad45ee630,華嚴經,Classic,classic_states_or_mentions_doctrine,经典陈述或提及教义,ent_8c02f36de671,菩提心,DoctrineTerm,directed,core_usable,stable_entity_graph,true,6,0,0,0,1,single_article,新譯《華嚴經》也提到：「菩提心出生一切諸菩薩行，三世如來從菩提心而出生。」,https://books.masterhsingyun.org/ArticleDetail/artcle257
rel_856591ff5668,ent_314bb0fd8efd,南傳大藏經,Classic,classic_records_person,经典记载人物,ent_afd3fd19713f,燃燈佛,BuddhistFigure,directed,core_usable,stable_entity_graph,true,1,1,1,1,1,single_article,在《南傳大藏經》中記載：善慧婆羅門聞知燃燈佛要到自己的村落來說法，喜悅萬分，為了不錯過這曠劫難逢的因緣，決定前往聽法。⟂S⟂但是善慧發現道路泥濘難行，為了不讓汙泥沾汙了燃燈佛的雙足，他脫下自己的衣裳，並且散開頭髮，躺在骯髒的泥土上，讓燃燈佛以及許多阿羅漢弟子方便走過。,https://books.masterhsingyun.org/ArticleDetail/artcle9918
rel_962023b37b12,ent_4fd2d3a32b6c,南華大學,Institution,institution_located_at_place,机构位于地点,ent_f3d94ceb84d1,嘉義,PlaceRealm,directed,core_usable,stable_entity_graph,true,1,0,0,0,1,single_article,倏忽十多年，位於嘉義的南華大學、宜蘭的佛光大學在財務上仍然拮据，又多出了美術館這個「甜蜜的負擔」，大師秉持一貫樂觀的態度說：「雖然年年為了龐大的維護開銷入不敷出，但從大眾讚許的聲音和眼神，我肯定了多年來的信念。,https://books.masterhsingyun.org/ArticleDetail/artcle15617
rel_7453a6aea1e9,ent_4fd2d3a32b6c,南華大學,Institution,institution_located_at_place,机构位于地点,ent_57f88f423e06,嘉義大林,PlaceRealm,directed,core_usable,stable_entity_graph,true,1,0,0,0,1,single_article,由於佛光大學籌建的因緣，促成了另一所位於嘉義大林的南華大學，同樣在佛光人與社會大眾的眾緣和合下於一九九六年先行開辦，這是台灣第一所免收學雜費的綜合性私立大學。,https://books.masterhsingyun.org/ArticleDetail/artcle15668
rel_a84cbdb2560d,ent_8e8128c383c1,印度佛教,SchoolTradition,doctrine_transmitted_to_place,教义传播至地点,ent_e5cc7b4be7db,中國,PlaceRealm,directed,core_usable,stable_entity_graph,true,5,4,4,3,5,multi_article,印度佛教傳入中國，對中國文化產生莫大的影響，這其中包括了音樂、雕刻、建築、文學等外在藝術的表現，以及民間習俗、學術思想等較內在的形式。⟂S⟂然而千年來，佛教在歷經三武一宗、太平天國、文化大革命的毀佛事件之後，佛教被迫隱於山林，以自修自了的態度，而忽略了現實人生所存在的諸多價值，再加上近百年來諸多的革命思潮，信仰被曲解為迷信而受到強烈的打擊，最後影響了佛教最初所倡導的積極、樂觀與人間化的性格。,https://books.masterhsingyun.org/ArticleDetail/artcle17795
rel_81438b8809d8,ent_ab735cd03284,即心即佛,DoctrineTerm,doctrine_based_on_classic,教义依据经典,ent_6b3ad45ee630,華嚴經,Classic,directed,core_usable,stable_entity_graph,true,1,1,1,1,1,single_article,即心即佛：又作是心即佛、心即是佛。⟂S⟂此係由《華嚴經》「心佛及眾生，是三無差別」之思想而來。,https://books.masterhsingyun.org/ArticleDetail/artcle14301
rel_f79cc0ea3f6f,ent_6252f39caa13,發心,PracticeActivity,concept_defined_as,概念定义为,ent_da5fe9291feb,三大阿僧祇劫,DoctrineTerm,directed,core_usable,stable_entity_graph,true,1,0,0,0,1,single_article,所以，我們對於時間，應該要像菩薩發心修行一樣，一發心就是三大阿僧祇劫，不希望速成，而且時間愈長愈好，做事愈多愈好，什麼都是愈大愈好，愈難愈不怕，愈苦愈有精神。,https://books.masterhsingyun.org/ArticleDetail/artcle16162
rel_32867f7e6d1c,ent_6252f39caa13,發心,PracticeActivity,concept_defined_as,概念定义为,ent_e148ca0687f4,佛法,DoctrineTerm,directed,core_usable,stable_entity_graph,true,1,0,0,0,1,single_article,不要自甘墮落、自我懈怠，慚愧發心就是佛法。,https://books.masterhsingyun.org/ArticleDetail/artcle10959
rel_a61a19cd11fe,ent_6252f39caa13,發心,PracticeActivity,concept_defined_as,概念定义为,ent_bd68ae54ea00,修行,PracticeActivity,directed,core_usable,stable_entity_graph,true,2,0,0,0,1,single_article,做事發心，發心就是修行；,https://books.masterhsingyun.org/ArticleDetail/artcle22952
rel_c8cc23322252,ent_6252f39caa13,發心,PracticeActivity,doctrinal_entails,义理论证推出,ent_9f4e43b60b58,功德,DoctrineTerm,directed,core_usable,stable_entity_graph,true,1,1,1,1,1,single_article,「出心」的發心，是永遠也付不完，所以功德無限。,https://books.masterhsingyun.org/ArticleDetail/artcle17195
rel_5aa0750a8f90,ent_6252f39caa13,發心,PracticeActivity,practice_aims_at_doctrinal_state,实践趋向教义境界,ent_c84e07b0932e,成佛,Concept,directed,core_usable,stable_entity_graph,true,1,0,0,0,1,single_article,所以，發心是成佛之道，發心是利生，所謂「弘法是家務，利生是事業」。,https://books.masterhsingyun.org/ArticleDetail/artcle5057
rel_a7d6abc30bfa,ent_d81e1b51adb7,發願,PracticeActivity,concept_defined_as,概念定义为,ent_6252f39caa13,發心,PracticeActivity,directed,core_usable,stable_entity_graph,true,6,0,0,0,1,single_article,願從心生，發願就是「發心」。,https://books.masterhsingyun.org/ArticleDetail/artcle2060
rel_d05c9202b072,ent_d81e1b51adb7,發願,PracticeActivity,practice_aims_at_doctrinal_state,实践趋向教义境界,ent_e8785f476bae,往生,Concept,directed,core_usable,stable_entity_graph,true,1,1,1,1,1,single_article,《阿彌陀經》說，如果有人發願往生，只要一心稱念阿彌陀佛名號，念到一心不亂，臨命終時，必蒙阿彌陀佛及諸聖眾手執蓮台，接引往生，因此淨土信仰自古即深入民間，西方三聖的阿彌陀佛與觀世音菩薩名號也牢牢深植人心，因此有「家家彌陀佛，戶戶觀世音」之說。,https://books.masterhsingyun.org/ArticleDetail/artcle15165
rel_1a2aba4a7f8d,ent_196bec24579d,發菩提心,PracticeActivity,doctrine_constrained_by,义理受条件或范围限制,ent_58a8df3c4da6,四種因緣,DoctrineTerm,directed,core_usable,stable_entity_graph,true,1,1,1,1,1,single_article,所謂十種因緣，即是：念佛重恩、念父母恩、念師長恩、念施主恩、念眾生恩、念生死苦、尊重己靈、懺悔業障、求生淨土、念正法久住。⟂S⟂在《發菩提心經論》中則說菩薩要依思惟諸佛、觀身過患、慈憫眾生、求最勝果等四種因緣而發菩提心，以修習無上菩提。⟂S⟂也就是要效法佛陀做大丈夫，發大勇猛，捨身命財寶，求一切智；⟂S⟂常觀四大五蘊如夢幻泡影，悲憫眾生之造惡業而不自覺，乃發誓願上弘下度之心；⟂S⟂能夠如此，就是發菩提心了。,https://books.masterhsingyun.org/ArticleDetail/artcle3706
rel_2fc375d73498,ent_196bec24579d,發菩提心,PracticeActivity,practice_aims_at_doctrinal_state,实践趋向教义境界,ent_87d89b9096ee,無上菩提,DoctrineTerm,directed,core_usable,stable_entity_graph,true,1,1,1,1,1,single_article,所謂十種因緣，即是：念佛重恩、念父母恩、念師長恩、念施主恩、念眾生恩、念生死苦、尊重己靈、懺悔業障、求生淨土、念正法久住。⟂S⟂在《發菩提心經論》中則說菩薩要依思惟諸佛、觀身過患、慈憫眾生、求最勝果等四種因緣而發菩提心，以修習無上菩提。⟂S⟂也就是要效法佛陀做大丈夫，發大勇猛，捨身命財寶，求一切智；⟂S⟂常觀四大五蘊如夢幻泡影，悲憫眾生之造惡業而不自覺，乃發誓願上弘下度之心；⟂S⟂能夠如此，就是發菩提心了。,https://books.masterhsingyun.org/ArticleDetail/artcle3706
rel_c931d06b67a4,ent_79be471f2b02,變化,Concept,concept_defined_as,概念定义为,ent_9a09ad0a2d77,無常,DoctrineTerm,directed,core_usable,stable_entity_graph,true,1,0,0,0,1,single_article,變化就是無常，宇宙萬有都不是定型的，一切都在變化中；,https://books.masterhsingyun.org/ArticleDetail/artcle5510
rel_b690a9d0c486,ent_79be471f2b02,變化,Concept,concept_named_as,概念命名为,ent_9a09ad0a2d77,無常,DoctrineTerm,directed,core_usable,stable_entity_graph,true,1,0,0,0,1,single_article,佛教把變化叫做無常。,https://books.masterhsingyun.org/ArticleDetail/artcle671
rel_fea5606bbd3c,ent_79be471f2b02,變化,Concept,concept_named_as,概念命名为,ent_fb92e0f5af32,輪迴,DoctrineTerm,directed,core_usable,stable_entity_graph,true,1,0,0,0,1,single_article,人生時時刻刻都在輪迴之中，不過有急性、慢性的差別，慢性的變化叫做生滅或變異，急性的變化就叫做輪迴。,https://books.masterhsingyun.org/ArticleDetail/artcle3430
rel_8bc04fa73553,ent_b5309a813078,吉祥,Concept,concept_defined_as,概念定义为,ent_775e6b725203,福報,Concept,directed,core_usable,stable_entity_graph,true,1,0,0,0,1,single_article,平安吉祥就是福報，心想事成就是如願，,https://books.masterhsingyun.org/ArticleDetail/artcle3945
rel_99dc235c6de8,ent_b5309a813078,吉祥,Concept,doctrine_constrained_by,义理受条件或范围限制,ent_cc05fd4b6ce6,共生,Concept,directed,core_usable,stable_entity_graph,true,2,2,2,2,2,multi_article,星雲強調﹕「只有共生人類才能吉祥。」,https://books.masterhsingyun.org/ArticleDetail/artcle17460
rel_096d6c82c0f1,ent_d3f056613b45,唯識,DoctrineTerm,doctrine_based_on_classic,教义依据经典,ent_98280da5b482,三十論,Classic,directed,core_usable,stable_entity_graph,true,1,1,1,1,1,single_article,這一期經論介紹，要向各位介紹的是一部唯識的根本論著《唯識三十論》。⟂S⟂此論雖然只有一百二十句的短文，但所含義理豐富，把人的心理變化過程用「八識」來說明，以精闢之喻來闡釋三界唯心、萬法唯識的道理。,https://books.masterhsingyun.org/ArticleDetail/artcle22745
rel_6e5825f50a08,ent_36eaf958f1b3,唯識宗,SchoolTradition,school_has_founder_or_ancestor,宗派具有创始人或祖师,ent_824bc2a708f0,玄奘,BuddhistFigure,directed,core_usable,stable_entity_graph,true,1,1,1,1,1,single_article,唐太宗召見玄奘，敕住弘福寺，與弟子窺基等人專心致力於梵文經典的翻譯，前後十九年間，共譯出經律論七十五部，總計有一三三五卷之多。⟂S⟂所譯經典數量的龐大，不但驚人，而且譯筆信實，講究逐字逐句符合原典的忠實原則，杜絕古代譯經家信筆直譯的翻譯手法。⟂S⟂因此，後世的譯經家把玄奘以前所譯的經典稱為「舊譯」，自玄奘之後所譯的經典稱為「新譯」，同時尊他為中國佛教史上的四大譯經家之一。⟂S⟂在他所譯的經典之中，大多是唯識經論，玄奘也成為中國唯識宗的初祖。⟂S⟂中國佛教經過法顯、玄奘等人的西行求法，窮本探源，已得佛教的全部精義，從此佛學也日益昌盛於中國。,https://books.masterhsingyun.org/ArticleDetail/artcle8379
rel_e25ee5004731,ent_36eaf958f1b3,唯識宗,SchoolTradition,school_has_founder_or_ancestor,宗派具有创始人或祖师,ent_5a2ca100ca60,玄奘大師,Person,directed,core_usable,stable_entity_graph,true,4,1,1,1,2,single_article,玄奘大師一生除了致力於經典的翻譯，尤其曾留學印度那爛陀大學，從印度帶回許多的經典教材，後來創立唯識宗，開辦了法相研究的大學。,https://books.masterhsingyun.org/ArticleDetail/artcle675
rel_7c5019635e4d,ent_36eaf958f1b3,唯識宗,SchoolTradition,school_teaches_doctrine,宗派主张教义,ent_23cc1557ed5d,八識,DoctrineTerm,directed,core_usable,stable_entity_graph,true,1,1,1,1,1,single_article,現代科學以各種方式、理論、學科，來解釋宇宙、人我的存在，唯識宗則將人的思惟和行為以「八識」來分析，並以「唯識」來說明世界一切現象，而有所謂「三界唯心」、「萬法唯識」之理論。,https://books.masterhsingyun.org/ArticleDetail/artcle9854
rel_f0aecb87f529,ent_36eaf958f1b3,唯識宗,SchoolTradition,school_teaches_doctrine,宗派主张教义,ent_9d76d66a4eef,唯心,DoctrineTerm,directed,core_usable,stable_entity_graph,true,1,1,1,1,1,single_article,唯識宗認為，宇宙萬法存在的根源，都在於阿賴耶識內所含藏的種子，因此以「阿賴耶緣起」為基礎，闡明「三界唯心、萬法唯識」及「識外無境」的道理。,https://books.masterhsingyun.org/ArticleDetail/artcle15650
rel_c2af415df3ce,ent_36eaf958f1b3,唯識宗,SchoolTradition,school_teaches_doctrine,宗派主张教义,ent_d3f056613b45,唯識,DoctrineTerm,directed,core_usable,stable_entity_graph,true,3,3,3,3,3,multi_article,唯識宗認為，宇宙萬法存在的根源，都在於阿賴耶識內所含藏的種子，因此以「阿賴耶緣起」為基礎，闡明「三界唯心、萬法唯識」及「識外無境」的道理。,https://books.masterhsingyun.org/ArticleDetail/artcle15650
rel_4a9910da0488,ent_36eaf958f1b3,唯識宗,SchoolTradition,school_teaches_doctrine,宗派主张教义,ent_9f1c0d6bde7c,三界唯心,DoctrineTerm,directed,core_usable,stable_entity_graph,true,1,1,1,1,1,single_article,現代科學以各種方式、理論、學科，來解釋宇宙、人我的存在，唯識宗則將人的思惟和行為以「八識」來分析，並以「唯識」來說明世界一切現象，而有所謂「三界唯心」、「萬法唯識」之理論。,https://books.masterhsingyun.org/ArticleDetail/artcle9854
rel_fc82e22d4a55,ent_c7eeabbd3b9b,善生,BuddhistFigure,person_associated_with_place,人物关联地点,ent_6e7071ae50c8,王舍城,PlaceRealm,directed,core_usable,stable_entity_graph,true,1,1,1,1,1,single_article,《尸迦羅越六方禮經》記載，印度一婆羅門之子善生遵從亡父之命，每天清晨出至王舍城，向六方禮拜。,https://books.masterhsingyun.org/ArticleDetail/artcle4007
rel_8c68ec395c87,ent_c7eeabbd3b9b,善生,BuddhistFigure,person_performs_practice,人物实践修行,ent_02c6d3151af2,六方禮,Concept,directed,core_usable,stable_entity_graph,true,1,1,1,1,1,single_article,《尸迦羅越六方禮經》記載，印度一婆羅門之子善生遵從亡父之命，每天清晨出至王舍城，向六方禮拜。,https://books.masterhsingyun.org/ArticleDetail/artcle4007
rel_a9a5c73cef78,ent_145bb0443468,善生經,Classic,classic_records_person,经典记载人物,ent_62cf8ccca072,佛陀,BuddhistFigure,directed,core_usable,stable_entity_graph,true,1,0,0,0,1,single_article,佛教最重孝道，佛陀在《善生經》中揭示為人子者奉事父母應當：「一者、能奉養使無乏；,https://books.masterhsingyun.org/ArticleDetail/artcle8413
rel_d3318ab579af,ent_145bb0443468,善生經,Classic,classic_states_or_mentions_doctrine,经典陈述或提及教义,ent_02c6d3151af2,六方禮,Concept,directed,core_usable,stable_entity_graph,true,1,1,1,1,1,single_article,根據《佛說善生經》記載，佛陀曾對善生童子開示佛法的六方禮，乃以父母、師長、妻婦、親族、僮僕、沙門婆羅門等，配以東、南、西、北、下、上六方，並各以五事恭敬之，即：,https://books.masterhsingyun.org/ArticleDetail/artcle4081
rel_53506fb0965d,ent_0039c8661a80,善緣,Concept,concept_defined_as,概念定义为,ent_e148ca0687f4,佛法,DoctrineTerm,directed,core_usable,stable_entity_graph,true,1,0,0,0,1,single_article,此後，洞山良价禪師始終奉行著「廣結善緣」這句話來弘法利生，也終於悟到了廣結善緣就是佛法。,https://books.masterhsingyun.org/ArticleDetail/artcle5851
rel_216cdbf2544b,ent_6a54326bc837,四分,DoctrineTerm,concept_has_subconcept,概念包含下位概念,ent_3b081a86502a,房舍犍度,Concept,directed,core_usable,stable_entity_graph,true,1,0,0,0,1,single_article,四分，包括房舍犍度、雜犍度及五百集法、七百集法、調部毗尼、毗尼增一，共十一卷。,https://books.masterhsingyun.org/ArticleDetail/artcle9079
rel_d66733a83e41,ent_6a54326bc837,四分,DoctrineTerm,concept_has_subconcept,概念包含下位概念,ent_011778c2c5ca,雜犍度,Concept,directed,core_usable,stable_entity_graph,true,1,0,0,0,1,single_article,四分，包括房舍犍度、雜犍度及五百集法、七百集法、調部毗尼、毗尼增一，共十一卷。,https://books.masterhsingyun.org/ArticleDetail/artcle9079
rel_fa122e3d8905,ent_36492caffbbf,四分律,Classic,classic_states_or_mentions_doctrine,经典陈述或提及教义,ent_b3b044550a72,比丘尼戒,DoctrineTerm,directed,core_usable,stable_entity_graph,true,2,2,2,1,2,multi_article,出家戒包括：a.沙彌（尼）戒，即不殺生、不偷盜、不淫、不妄語、不飲酒、不塗飾香鬘、不歌舞觀聽、不坐臥高廣大床、不非時食、不蓄金銀寶。⟂S⟂b.式叉摩那戒是沙彌尼在受比丘尼戒前，必須先修學的六法戒，二年之內戒行清淨，方能受持比丘尼戒，這一段期間稱為「式叉摩那」。⟂S⟂六法戒為不殺畜牲、不偷三錢、不摩觸、不小妄語、不飲酒和不非時食。⟂S⟂c.比丘（尼）戒又稱具足戒，因與沙彌（尼）所受十戒相比，戒品具足，故稱具足戒。⟂S⟂佛陀希望僧眾藉由戒律的規範，以養成足堪住持佛法，成為人天師範的僧格，使正法得以久住，佛法長存。⟂S⟂《四分律》載，比丘戒有二百五十條，比丘尼戒有三百四十八條。,https://books.masterhsingyun.org/ArticleDetail/artcle8836
rel_f24e7abc1005,ent_129531a255e5,四十二章經,Classic,classic_interpreted_as_doctrine,经典被阐释为教义或主张,ent_32f181c73a4f,大善知識,DoctrineTerm,directed,core_usable,stable_entity_graph,true,1,1,1,1,1,single_article,三、追隨有識學者：兒女要依賴父母，學生要依靠師長，年輕人的前途，要靠有識之士的提攜。⟂S⟂因此聰明的父母，不但為兒女找尋好的朋友讓他結交，甚至要幫他找個有識之士，跟其學習，必能受益。⟂S⟂《四十二章經》說：我們跟五百個人布施結緣，不如和一個有學問的人親近，對五百個有學問的人恭敬布施，不如和一個有思想、有實踐的聖賢來往。⟂S⟂由此可見，吾人在成長過程中，要靠大善知識給予教導、指示。⟂S⟂所謂「明師難遇」，過去的年輕人，遇到一位有識之士，追隨其右，一學就是十年、二十年，數十寒暑不離師門，最後終有所成。⟂S⟂慧遠大師在廬山三十年，多少學者聚集；⟂S⟂慧忠國師在南陽四十年，多少學人參訪。⟂S⟂追隨有道之士，不計時間長短。,https://books.masterhsingyun.org/ArticleDetail/artcle4185
rel_cd2bfb516690,ent_129531a255e5,四十二章經,Classic,classic_interpreted_as_doctrine,经典被阐释为教义或主张,ent_de77c6f5f383,自作自受,DoctrineTerm,directed,core_usable,stable_entity_graph,true,1,1,1,1,1,single_article,過去佛陀到舍衛城托缽乞食，途中遇見一位婆羅門指著他怒罵，佛陀不予理會，繼續前行。⟂S⟂婆羅門見狀很生氣，彎下腰，抓起一把泥土，就往佛陀的方向擲去，這時正好一陣風吹過來，他拋出去的泥土，反而迎面撒得自己灰頭土臉。⟂S⟂在《佛說四十二章經》裡說：「惡人害賢者，猶仰天而唾，唾不至天，還從己墮；⟂S⟂逆風揚塵，塵不至彼，還坌己身。」⟂S⟂可以說，這就是自作自受最好的寫照。,https://books.masterhsingyun.org/ArticleDetail/artcle9642
rel_ee49fa1a98a4,ent_96d56e60e790,四聖,BuddhistFigure,group_performs_practice,群体实践修行,ent_bd68ae54ea00,修行,PracticeActivity,directed,core_usable,stable_entity_graph,true,2,0,0,0,1,single_article,因為四聖要在人間修行成就，六凡也是在人間所造作的果報。,https://books.masterhsingyun.org/ArticleDetail/artcle9827
rel_9d9c000e7d14,ent_9578ca68d443,四聖諦,DoctrineTerm,concept_defined_as,概念定义为,ent_952a13f4dc9a,四弘誓願,DoctrineTerm,directed,core_usable,stable_entity_graph,true,2,0,0,0,1,single_article,其實，又何必讓時光倒流，過去的現在的都有佛陀的精神，例如原始佛教的三法印就是大乘的空，四聖諦就是四弘誓願。,https://books.masterhsingyun.org/ArticleDetail/artcle7858
rel_178b873ab6ce,ent_9578ca68d443,四聖諦,DoctrineTerm,concept_defined_as,概念定义为,ent_f76ae8b83972,真理,Concept,directed,core_usable,stable_entity_graph,true,1,0,0,0,1,single_article,四聖諦就是苦、集、滅、道四種真理。,https://books.masterhsingyun.org/ArticleDetail/artcle3974
rel_1efe8f347489,ent_306c7f44fab0,四大,DoctrineTerm,concept_is_foundation_of,概念构成另一概念或实践的基础,ent_56db144ad988,一切有為法,DoctrineTerm,directed,core_usable,stable_entity_graph,true,1,1,1,1,1,single_article,不只人的身體是由四大合成，宇宙萬有，也都是由地、水、火、風所組成。⟂S⟂一般人口中常說的「四大皆空」，指的就是這四大，它是構成一切有為法的元素。,https://books.masterhsingyun.org/ArticleDetail/artcle13491
rel_af70a90a02fd,ent_306c7f44fab0,四大,DoctrineTerm,concept_is_foundation_of,概念构成另一概念或实践的基础,ent_2271d5d66ece,身體,Concept,directed,core_usable,stable_entity_graph,true,1,1,1,1,1,single_article,談到器官捐贈，其實身體不是「我」的，身體乃四大假合而有，就如旅店般供我們今生暫時居住而已。⟂S⟂所以我個人認為，當一個人的生命走到盡頭，與其讓身體被蟲蛀、腐爛，不如將有用器官加以移植，讓別人的生命能夠繼續延續。,https://books.masterhsingyun.org/ArticleDetail/artcle1830
rel_808bec9a45a3,ent_9fe3034f447c,四安樂行,PracticeActivity,concept_defined_as,概念定义为,ent_0e392a5a426a,三好,Concept,directed,core_usable,stable_entity_graph,true,1,0,0,0,1,single_article,這四安樂行，其實就是佛光山所提倡的三好（做好事、說好話、存好心）、四給（給人信心、給人歡喜、給人希望、給人方便）、五和（自心和悅、家庭和順、人我和敬、社會和諧、世界和平）。,https://books.masterhsingyun.org/ArticleDetail/artcle9894
rel_06d6e09a4efa,ent_952a13f4dc9a,四弘誓願,DoctrineTerm,concept_defined_as,概念定义为,ent_75291e304317,眾生無邊誓願度,DoctrineTerm,directed,core_usable,stable_entity_graph,true,1,0,0,0,1,single_article,所謂「四弘誓願」，就是眾生無邊誓願度、煩惱無盡誓願斷、法門無量誓願學、佛道無上誓願成。,https://books.masterhsingyun.org/ArticleDetail/artcle6782
rel_afc18c8b6524,ent_952a13f4dc9a,四弘誓願,DoctrineTerm,concept_defined_as,概念定义为,ent_bd68ae54ea00,修行,PracticeActivity,directed,core_usable,stable_entity_graph,true,2,0,0,0,1,single_article,我的意思自利利他是修行、自覺覺他是修行、廣結善緣是修行，發菩提心是修行，勞動服務是修行，身、口、意都有佛法是修行，身心安住於戒定慧是修行，和藹待人、慈悲處事都是修行……行住坐臥、舉心動念都能不離四無量心、四弘誓願就是修行。,https://books.masterhsingyun.org/ArticleDetail/artcle8047
rel_66d1b1df35bf,ent_952a13f4dc9a,四弘誓願,DoctrineTerm,concept_defined_as,概念定义为,ent_9578ca68d443,四聖諦,DoctrineTerm,directed,core_usable,stable_entity_graph,true,1,0,0,0,1,single_article,大乘的四弘誓願，其實就是小乘佛教的四聖諦──苦、集、滅、道。,https://books.masterhsingyun.org/ArticleDetail/artcle154
rel_1aea22203f20,ent_952a13f4dc9a,四弘誓願,DoctrineTerm,concept_defined_as,概念定义为,ent_c3829e67adc5,總願,DoctrineTerm,directed,core_usable,stable_entity_graph,true,1,1,1,1,1,single_article,願力則因強烈善念而發的誓願，例如菩薩共願皆以「上求菩提，下化眾生」為本。⟂S⟂《俱舍論》云：「以願為先，引妙智起；⟂S⟂如願而了，故名願智。」⟂S⟂可見諸佛菩薩大願皆以大智大悲為首。⟂S⟂四弘誓願是一切大願的總願，別願如阿彌陀佛的四十八大願、藥師佛的十二大願、觀世音菩薩的十二大願。⟂S⟂願力可以成就一切事業，淨土宗也鼓勵往生極樂的人乘願再來。,https://books.masterhsingyun.org/ArticleDetail/artcle4153
rel_a41ef085cd24,ent_952a13f4dc9a,四弘誓願,DoctrineTerm,concept_has_subconcept,概念包含下位概念,ent_75291e304317,眾生無邊誓願度,DoctrineTerm,directed,core_usable,stable_entity_graph,true,2,2,2,2,2,multi_article,「江海可竭盡，山河亦崩落，日月有盈虧」，江海會枯竭，山河可能崩壞倒塌，日月有陰晴圓缺，不管它們怎麼變化，佛法超越了世間的江海日月，是不可窮盡的。⟂S⟂所以在佛教的「四弘誓願」裡，要我們發願「眾生無邊誓願度，煩惱無盡誓願斷，法門無量誓願學」，才能「佛道無上誓願成」。,https://books.masterhsingyun.org/ArticleDetail/artcle13680
rel_48dac59a51bb,ent_952a13f4dc9a,四弘誓願,DoctrineTerm,concept_is_foundation_of,概念构成另一概念或实践的基础,ent_1f128cf77312,別願,DoctrineTerm,directed,core_usable,stable_entity_graph,true,1,1,1,1,1,single_article,而這些隨順眾生意樂所發的偉大誓願稱為「別願」，都是以通願──「四弘誓願」作為藍本基礎。⟂S⟂所以佛光會員在人間行菩薩道，首應悉發「四弘誓願」，願以恆長的慈心、悲心、慧心、熱心，「普度無邊眾生」；,https://books.masterhsingyun.org/ArticleDetail/artcle16740
rel_b7c63d53c9b8,ent_5b942c31ca5d,四攝法,DoctrineTerm,concept_defined_as,概念定义为,ent_4d8dbf44a614,布施,PracticeActivity,directed,core_usable,stable_entity_graph,true,1,0,0,0,1,single_article,什麼是四攝法呢？ ⟂S⟂ 就是布施、愛語、同事、利行。,https://books.masterhsingyun.org/ArticleDetail/artcle2818
rel_562315ba57a5,ent_7db1119cece7,四無礙解,DoctrineTerm,concept_has_subconcept,概念包含下位概念,ent_f170f5d5f797,義無礙解,DoctrineTerm,directed,core_usable,stable_entity_graph,true,1,0,0,0,1,single_article,「四無礙解」則包括：善能契入正理的「法無礙解」、善能詮釋法義的「義無礙解」、精通各種地方語言而無礙自在的「詞無礙解」、隨順正理而巧說無礙的「辯無礙解」等。,https://books.masterhsingyun.org/ArticleDetail/artcle9071
rel_64c35647e34c,ent_7db1119cece7,四無礙解,DoctrineTerm,concept_has_subconcept,概念包含下位概念,ent_c7670d56d510,法無礙解,DoctrineTerm,directed,core_usable,stable_entity_graph,true,1,0,0,0,1,single_article,「四無礙解」則包括：善能契入正理的「法無礙解」、善能詮釋法義的「義無礙解」、精通各種地方語言而無礙自在的「詞無礙解」、隨順正理而巧說無礙的「辯無礙解」等。,https://books.masterhsingyun.org/ArticleDetail/artcle9071
rel_73904f99e202,ent_d2c928bc7563,四無量心,DoctrineTerm,doctrinal_entails,义理论证推出,ent_b1e217884f50,智慧,DoctrineTerm,directed,core_usable,stable_entity_graph,true,1,1,1,1,1,single_article,四無量心，能產生一切福德智慧，能利益安樂無量眾生。,https://books.masterhsingyun.org/ArticleDetail/artcle14646
rel_c6a68810515e,ent_d2c928bc7563,四無量心,DoctrineTerm,doctrinal_entails,义理论证推出,ent_6deef676b2d3,福德,DoctrineTerm,directed,core_usable,stable_entity_graph,true,1,1,1,1,1,single_article,四無量心，能產生一切福德智慧，能利益安樂無量眾生。,https://books.masterhsingyun.org/ArticleDetail/artcle14646
rel_d5d15681fd51,ent_ceccf4270785,四給,Concept,concept_has_subconcept,概念包含下位概念,ent_37673e1464e9,信心,DoctrineTerm,directed,core_usable,stable_entity_graph,true,2,0,0,0,1,single_article,這「四給」包括：給人信心、給人歡喜、給人希望、給人方便，成為佛光人的工作信條以及菩薩道修行、弘法與工作的依循。,https://books.masterhsingyun.org/ArticleDetail/artcle24097
rel_ef0d79e231c1,ent_ceccf4270785,四給,Concept,concept_has_subconcept,概念包含下位概念,ent_247b5c2351b8,方便,DoctrineTerm,directed,core_usable,stable_entity_graph,true,1,0,0,0,1,single_article,這「四給」包括：給人信心、給人歡喜、給人希望、給人方便，成為佛光人的工作信條以及菩薩道修行、弘法與工作的依循。,https://books.masterhsingyun.org/ArticleDetail/artcle24097
rel_b945591ec307,ent_ceccf4270785,四給,Concept,concept_has_subconcept,概念包含下位概念,ent_b9c334cfd06e,歡喜,DoctrineTerm,directed,core_usable,stable_entity_graph,true,1,0,0,0,1,single_article,這「四給」包括：給人信心、給人歡喜、給人希望、給人方便，成為佛光人的工作信條以及菩薩道修行、弘法與工作的依循。,https://books.masterhsingyun.org/ArticleDetail/artcle24097
rel_d1128debd126,ent_e4c3fa5588a1,因果,DoctrineTerm,concept_defined_as,概念定义为,ent_a6b94c65c717,人間佛教,Concept,directed,core_usable,stable_entity_graph,true,4,0,0,0,1,single_article,如果你相信因果，因果在你的生活中有受用，因果就是人間佛教；,https://books.masterhsingyun.org/ArticleDetail/artcle784
rel_83f9645f99dd,ent_e4c3fa5588a1,因果,DoctrineTerm,concept_defined_as,概念定义为,ent_e148ca0687f4,佛法,DoctrineTerm,directed,core_usable,stable_entity_graph,true,1,0,0,0,1,single_article,你有因果的觀念，因果就是佛法；,https://books.masterhsingyun.org/ArticleDetail/artcle16224
rel_25ef4704924c,ent_e4c3fa5588a1,因果,DoctrineTerm,concept_defined_as,概念定义为,ent_f76ae8b83972,真理,Concept,directed,core_usable,stable_entity_graph,true,3,0,0,0,1,single_article,因果就是真理。,https://books.masterhsingyun.org/ArticleDetail/artcle11042
rel_2f1c05b1956a,ent_e4c3fa5588a1,因果,DoctrineTerm,concept_defined_as,概念定义为,ent_de77c6f5f383,自作自受,DoctrineTerm,directed,core_usable,stable_entity_graph,true,2,2,2,2,2,multi_article,因果，是保護大家的心靈法律，並不限於囿於佛教的獨門妙諦。⟂S⟂因果是不可替代的，如《地藏菩薩本願經》所說：因果，自作自受，即使是父母兄弟之親，都不能彼此相代，何況旁人。⟂S⟂過去有一位母親，對他兒子篤信因果報應頗不以為然，屢屢對兒子說：「傻瓜！⟂S⟂因果報應是唬人的，如果真有什麼因果制裁，有媽媽替你頂，怕什麼！」⟂S⟂有一天，這個孩子被刀子割傷了手，痛得眼淚直流，做媽媽的眼看兒子血流不止，在一旁頓腳乾著急，心疼卻無計可施。⟂S⟂小小的肌膚之痛，父母都無法代替子女受苦，又何況是禍福生死的因果報應呢！⟂S⟂所以，自己的行為要自己負責，因果報應也由自己來承受。,https://books.masterhsingyun.org/ArticleDetail/artcle2911
rel_1903c7fc319f,ent_e4c3fa5588a1,因果,DoctrineTerm,concept_equivalent_to,概念等同或同义,ent_f76ae8b83972,真理,Concept,symmetric,core_usable,stable_entity_graph,true,1,0,0,0,1,single_article,再如因果，世間凡事都有因果，「因果」就是真理；,https://books.masterhsingyun.org/ArticleDetail/artcle16308
rel_b5b23046a1ec,ent_e4c3fa5588a1,因果,DoctrineTerm,concept_has_quality,概念具有属性,ent_fd85beeca7fa,平等,DoctrineTerm,directed,core_usable,stable_entity_graph,true,1,0,0,0,1,single_article,因果是公平的、平等的，你作惡多端，受惡報時，任誰也救不了；,https://books.masterhsingyun.org/ArticleDetail/artcle2407
rel_ff93836c790f,ent_e4c3fa5588a1,因果,DoctrineTerm,concept_is_foundation_of,概念构成另一概念或实践的基础,ent_b9466da1d262,佛教,DoctrineTerm,directed,core_usable,stable_entity_graph,true,1,1,1,1,1,single_article,1.要有因果觀念︰「因果」是佛教的根本教理，整個佛法的重點可以說就在於「因果」，一個人可以什麼都不怕，但不可以不怕因果，所謂「菩薩畏因」，菩薩都畏懼因果，凡人豈能不信因果。,https://books.masterhsingyun.org/ArticleDetail/artcle2640
rel_26ae7f8370e0,ent_e4c3fa5588a1,因果,DoctrineTerm,conceptual_scope_includes_figure,概念作用范围涉及人物,ent_a7dec1513ef3,佛祖,BuddhistFigure,directed,core_usable,stable_entity_graph,true,1,0,0,0,1,single_article,所以，因果包含上帝、包含佛祖、包含我們自己。,https://books.masterhsingyun.org/ArticleDetail/artcle11207
rel_72d3095af19e,ent_61654ef63947,因緣,DoctrineTerm,concept_defined_as,概念定义为,ent_e148ca0687f4,佛法,DoctrineTerm,directed,core_usable,stable_entity_graph,true,2,0,0,0,1,single_article,你懂得感謝因緣，因緣就是佛法；,https://books.masterhsingyun.org/ArticleDetail/artcle16444
rel_c8350757f8a3,ent_61654ef63947,因緣,DoctrineTerm,concept_defined_as,概念定义为,ent_6252f39caa13,發心,PracticeActivity,directed,core_usable,stable_entity_graph,true,1,0,0,0,1,single_article,大師述說佛光山開山最偉大的因緣，就是信徒的奉獻與發心。,https://books.masterhsingyun.org/ArticleDetail/artcle21013
rel_59f2c37a4001,ent_61654ef63947,因緣,DoctrineTerm,concept_defined_as,概念定义为,ent_f76ae8b83972,真理,Concept,directed,core_usable,stable_entity_graph,true,4,0,0,0,1,single_article,所以佛教看這個世間是因緣所生法，人人都應該感謝因緣，因緣就是真理。,https://books.masterhsingyun.org/ArticleDetail/artcle13498
rel_f5ebd7f57729,ent_61654ef63947,因緣,DoctrineTerm,concept_defined_as,概念定义为,ent_4c194eb34333,般若,DoctrineTerm,directed,core_usable,stable_entity_graph,true,1,0,0,0,1,single_article,這個因緣就是般若，悟到這個道理，二年級就畢業了。,https://books.masterhsingyun.org/ArticleDetail/artcle9441
rel_b568bbb56f95,ent_61654ef63947,因緣,DoctrineTerm,concept_has_causal_role,概念具有因果角色,ent_56db144ad988,一切有為法,DoctrineTerm,directed,core_usable,stable_entity_graph,true,6,4,4,2,6,multi_article,諸行，是指一切事物和一切現象。⟂S⟂「行」，遷流、轉變的意思。⟂S⟂《俱舍頌疏》說：「造作、遷流二義名行。」⟂S⟂《大乘義章》卷二說：「有為集起，名之曰行。」⟂S⟂一切事物與現象都是遷流轉變的，所以叫做「行」。⟂S⟂這個字本身就包含了無常的意義。⟂S⟂「諸行無常」就是指世間上一切形形色色的事物，沒有一樣不是在剎那、剎那之間遷流轉變，沒有一樣是常住不變的；⟂S⟂因為世間上的一切有為法，都是因緣和合而生起。⟂S⟂因緣所生的諸法，空無自性，它隨著緣聚而生，緣散而滅。⟂S⟂譬如有情世間的人，有生老病死的現象；⟂S⟂器世間的山河大地，有成住壞空的演變；⟂S⟂心念，有生住異滅的變化。⟂S⟂因此，一切法在時間上是剎那不住、念念生滅，過去的已滅，未來的未生，現在的即生即滅，它是三世遷流不住的，所以說「無常」。,https://books.masterhsingyun.org/ArticleDetail/artcle23220
rel_728c4203c646,ent_61654ef63947,因緣,DoctrineTerm,concept_has_causal_role,概念具有因果角色,ent_4fb8d09ae94c,諸法,DoctrineTerm,directed,core_usable,stable_entity_graph,true,5,5,5,4,5,multi_article,世間什麼是我們的？⟂S⟂世間有沒有永遠存在的東西？⟂S⟂所謂「真理」，必須符合「本來如此、必然如此、普遍如此、永恆如此」這四個條件。⟂S⟂佛教的「三法印」，即是合乎這四個條件的真理，它不僅說明宇宙人生生滅變化的現象，也詮釋諸佛寂滅無為的解脫境界，是涵括世間法與出世間法的三條定律。⟂S⟂世間一切有為法都是因緣和合而生起，因緣所生的諸法，空無自性，隨著緣聚而生，緣散而滅，它是三世遷流不住的，所以不但有情世間的眾生，有生、老、病、死的現象，器世間的山河大地有成、住、壞、空的演變，人的心念有生、住、異、滅的變化，自然界的時序更是春、夏、秋、冬，或冷、暖、寒、暑的更替不已。,https://books.masterhsingyun.org/ArticleDetail/artcle1543
rel_73f480e32056,ent_61654ef63947,因緣,DoctrineTerm,conceptual_scope_includes_figure,概念作用范围涉及人物,ent_a7dec1513ef3,佛祖,BuddhistFigure,directed,core_usable,stable_entity_graph,true,1,0,0,0,1,single_article,這當中的因緣包括上帝、包括佛祖、包括他人、包括我們自己。,https://books.masterhsingyun.org/ArticleDetail/artcle3463
rel_276f3f8cbd51,ent_61654ef63947,因緣,DoctrineTerm,doctrinal_entails,义理论证推出,ent_cc05fd4b6ce6,共生,Concept,directed,core_usable,stable_entity_graph,true,4,4,4,3,4,multi_article,2.做一個共生的地球人：每一個人都不能離開別人而存在，都無法離開因緣而獨立。,https://books.masterhsingyun.org/ArticleDetail/artcle690
rel_c6043dae92b9,ent_61654ef63947,因緣,DoctrineTerm,doctrinal_entails,义理论证推出,ent_baa0a6afc97b,空無自性,DoctrineTerm,directed,core_usable,stable_entity_graph,true,1,1,1,1,1,single_article,2.諸法無我：「我」是主宰和實體的意思，能夠稱「我」的，必須具有恆常的、自存的、主宰的、自在的。⟂S⟂但是，世間一切有為法、無為法，並無獨立的、不變的實體或主宰者。⟂S⟂譬如，一般人執著為「我」的身體，是依煩惱業緣、五蘊諸法所成，是虛幻不實的，如梁柱瓦椽和合而有房舍，離開梁柱瓦椽則別無房舍，因此「我」只是假名而已，並無實體。⟂S⟂再如世間一切事事物物，也是依靠種種條件因緣所生成，沒有本來固有的獨立本性，也就是空無自性，因此說「諸法無我」。,https://books.masterhsingyun.org/ArticleDetail/artcle15091
rel_43570c6790b5,ent_61654ef63947,因緣,DoctrineTerm,doctrine_constrained_by,义理受条件或范围限制,ent_464a8094055a,結緣,DoctrineTerm,directed,core_usable,stable_entity_graph,true,1,1,1,1,1,single_article,當初，釋迦牟尼佛在菩提樹的金剛座上，夜睹明星而成正覺，悟的是什麼？⟂S⟂即宇宙的真理──因緣。⟂S⟂如果懂得因緣，就應當廣結善緣，廣度眾生。⟂S⟂有些人出家學道，只想到深山裡閉關，找一個清淨的地方坐禪，除了自己，不要有別人，不要煩擾複雜，只想單純清修，這種方式，讓人不以為然。⟂S⟂為了一己的出家修道，常住大眾多少奔忙，父母師長多少辛苦，十方信徒多少供養，才能成就個人的清修，不過，即使個人獲得了清淨安住，無視眾生仍繼續留在煩惱紅塵裡掙扎受苦，這樣的人真能得道嗎？⟂S⟂《阿彌陀經》云「不可以少善根福德因緣，得生淨土」，孤因孤緣，怎麼能成就佛道？⟂S⟂度生的因緣尚未培養，即妄想成道、了生死，這是違背因果觀念的。⟂S⟂要擁有因緣，就得先結緣。,https://books.masterhsingyun.org/ArticleDetail/artcle2878
rel_6e7d8c1449bf,ent_bb2753519ef9,國際佛光會,Institution,institution_establishes_subunit_at_place,机构在地点设立分支,ent_f5223b7b6224,印度,PlaceRealm,directed,core_usable,stable_entity_graph,true,1,0,0,0,1,single_article,2005年，國際佛光會在南印度成立「海嘯孤兒院」、「南亞海嘯婦女和學子就職訓練所」、「雲水醫療車」收容海嘯孤兒，開辦婦女裁縫班、刺繡班、學生打字班、電腦班等課程，救助受難貧困災民。,https://books.masterhsingyun.org/ArticleDetail/artcle24166
rel_c5c29c0b95f0,ent_bb2753519ef9,國際佛光會,Institution,institution_hosts_activity,机构举办活动,ent_0dfdbc835177,三好運動,PracticeActivity,directed,core_usable,stable_entity_graph,true,1,0,0,0,1,single_article,國際佛光會歷年來不斷地舉辦「淨化人心七誡運動」、「三好運動」、「監獄三皈五戒」、「反煙毒運動」、「禪淨共修祈福法會」、「慈悲愛心列車」等活動，都是佛教發揮對社會人心教化功能的最佳例證。,https://books.masterhsingyun.org/ArticleDetail/artcle4082
rel_322ee5ab42b3,ent_bb2753519ef9,國際佛光會,Institution,institution_hosts_activity,机构举办活动,ent_8792d772dc43,全球佛光人百萬人同步念佛超薦祈福法會,PracticeActivity,directed,core_usable,stable_entity_graph,true,1,0,0,0,1,single_article,・南亞發生震災，國際佛光會在第一時間分別於印尼、泰國、馬來西亞、斯里蘭卡、印度等災區賑濟，並發起全球佛光人百萬人同步念佛超薦祈福法會，在台灣的部分於台北道場舉行，由大師親自主持。,https://books.masterhsingyun.org/ArticleDetail/artcle15677
rel_8f90e83ed13c,ent_bb2753519ef9,國際佛光會,Institution,institution_hosts_activity,机构举办活动,ent_03e093b5eed2,反煙毒運動,PracticeActivity,directed,core_usable,stable_entity_graph,true,2,0,0,0,1,single_article,例如國際佛光會歷年來舉辦的「淨化人心七誡運動」、「監獄八關齋戒修道會」、「反煙毒運動」、「禪淨共修祈福法會」、「慈悲愛心列車」、「慈悲愛心人」等活動，已然引起社會大眾對「淨化人心、重整道德、找回良知、安定社會」的期盼與覺醒。,https://books.masterhsingyun.org/ArticleDetail/artcle8639
rel_5dbed0d1eb0d,ent_bb2753519ef9,國際佛光會,Institution,institution_hosts_activity,机构举办活动,ent_3789fe938fa3,國際佛教青年會議,PracticeActivity,directed,core_usable,stable_entity_graph,true,2,0,0,0,1,single_article,‧為慶祝佛光山開山三十週年，國際佛光會舉辦「國際佛教青年會議」，共有全球二十個國家六百多位佛教青年參加。,https://books.masterhsingyun.org/ArticleDetail/artcle15316
rel_f5eb4e44712a,ent_bb2753519ef9,國際佛光會,Institution,institution_hosts_activity,机构举办活动,ent_6e6eb7a8d2c0,慈悲愛心列車,PracticeActivity,directed,core_usable,stable_entity_graph,true,2,0,0,0,1,single_article,例如國際佛光會歷年來舉辦的「淨化人心七誡運動」、「監獄八關齋戒修道會」、「反煙毒運動」、「禪淨共修祈福法會」、「慈悲愛心列車」、「慈悲愛心人」等活動，已然引起社會大眾對「淨化人心、重整道德、找回良知、安定社會」的期盼與覺醒。,https://books.masterhsingyun.org/ArticleDetail/artcle8639
rel_66516559e6a3,ent_bb2753519ef9,國際佛光會,Institution,institution_hosts_activity,机构举办活动,ent_ed71ee14edf2,星雲大師佛經講座,PracticeActivity,directed,core_usable,stable_entity_graph,true,1,0,0,0,1,single_article,‧國際佛光會於台北國父紀念館舉辦「星雲大師佛經講座」，由大師主講《六祖壇經》三天，每晚吸引四千餘人聽講。,https://books.masterhsingyun.org/ArticleDetail/artcle15318
rel_0bcb1b5a3737,ent_bb2753519ef9,國際佛光會,Institution,institution_hosts_activity,机构举办活动,ent_6a091db9d94b,淨化人心七誡運動,PracticeActivity,directed,core_usable,stable_entity_graph,true,2,0,0,0,1,single_article,例如國際佛光會歷年來舉辦的「淨化人心七誡運動」、「監獄八關齋戒修道會」、「反煙毒運動」、「禪淨共修祈福法會」、「慈悲愛心列車」、「慈悲愛心人」等活動，已然引起社會大眾對「淨化人心、重整道德、找回良知、安定社會」的期盼與覺醒。,https://books.masterhsingyun.org/ArticleDetail/artcle8639
rel_b8ba105a9c9b,ent_bb2753519ef9,國際佛光會,Institution,institution_hosts_activity,机构举办活动,ent_76b0f5140ef6,監獄八關齋戒修道會,PracticeActivity,directed,core_usable,stable_entity_graph,true,1,0,0,0,1,single_article,例如國際佛光會歷年來舉辦的「淨化人心七誡運動」、「監獄八關齋戒修道會」、「反煙毒運動」、「禪淨共修祈福法會」、「慈悲愛心列車」、「慈悲愛心人」等活動，已然引起社會大眾對「淨化人心、重整道德、找回良知、安定社會」的期盼與覺醒。,https://books.masterhsingyun.org/ArticleDetail/artcle8639
rel_4012a9acb2f0,ent_bb2753519ef9,國際佛光會,Institution,institution_hosts_activity,机构举办活动,ent_a9466966f67d,禪淨共修祈福法會,PracticeActivity,directed,core_usable,stable_entity_graph,true,2,0,0,0,1,single_article,例如國際佛光會歷年來舉辦的「淨化人心七誡運動」、「監獄八關齋戒修道會」、「反煙毒運動」、「禪淨共修祈福法會」、「慈悲愛心列車」、「慈悲愛心人」等活動，已然引起社會大眾對「淨化人心、重整道德、找回良知、安定社會」的期盼與覺醒。,https://books.masterhsingyun.org/ArticleDetail/artcle8639
rel_81d7523ad1bb,ent_bb2753519ef9,國際佛光會,Institution,institution_hosts_activity,机构举办活动,ent_5ce88ea93c0a,禪淨密三修法會,PracticeActivity,directed,core_usable,stable_entity_graph,true,1,0,0,0,1,single_article,・國際佛光會主辦的「禪淨密三修法會」，首次假佛陀紀念館舉行，大師以「三好、四給、五和」為題，為逾兩萬名信眾開示。,https://books.masterhsingyun.org/ArticleDetail/artcle20685
rel_6d4ad75ed8a9,ent_bb2753519ef9,國際佛光會,Institution,institution_hosts_activity,机构举办活动,ent_9db559123d59,禪淨密三修萬人獻燈祈福法會,PracticeActivity,directed,core_usable,stable_entity_graph,true,2,0,0,0,1,single_article,1993年起，每年新春佳節之際，佛光山寺與國際佛光會於全國各區，舉辦「禪淨密三修萬人獻燈祈福法會」（後更名為「禪淨共修法會」），透過萬人禪坐、念佛、持咒之修持來淨化人心，並將功德回向國泰民安、世界和平。,https://books.masterhsingyun.org/ArticleDetail/artcle24116
rel_58d362321eb9,ent_bb2753519ef9,國際佛光會,Institution,institution_hosts_activity,机构举办活动,ent_005e7b74f0fe,第一屆國際佛教青年會議,PracticeActivity,directed,core_usable,stable_entity_graph,true,1,0,0,0,1,single_article,一九九七年一月一日起，連續三天，由國際佛光會舉辦的「第一屆國際佛教青年會議」在本山召開，六百多位來自海內外二十餘國、八十多個地區的青年菁英同赴盛會。,https://books.masterhsingyun.org/ArticleDetail/artcle17140
rel_94a197959c8d,ent_bb2753519ef9,國際佛光會,Institution,institution_hosts_activity,机构举办活动,ent_da39d15fc599,“点亮希望的灯”献灯祈福活动,PracticeActivity,directed,core_usable,stable_entity_graph,true,1,0,0,0,1,single_article,‧國際佛光會首度在美加地區舉辦的「點亮希望的燈」獻燈祈福活動，莊嚴的壇場與閃爍的燈海，吸引了三千五百餘人參與盛會，不但貴賓雲來集，民主黨全國財務委員會副主席黃建南更帶來美國副總統高爾先生的祝賀。,https://books.masterhsingyun.org/ArticleDetail/artcle15315
rel_fdc9a19454fa,ent_bb2753519ef9,國際佛光會,Institution,institution_hosts_activity,机构举办活动,ent_41bd69cdc421,監獄三皈五戒,PracticeActivity,directed,core_usable,stable_entity_graph,true,1,0,0,0,1,single_article,國際佛光會歷年來不斷地舉辦「淨化人心七誡運動」、「三好運動」、「監獄三皈五戒」、「反煙毒運動」、「禪淨共修祈福法會」、「慈悲愛心列車」等活動，都是佛教發揮對社會人心教化功能的最佳例證。,https://books.masterhsingyun.org/ArticleDetail/artcle4082
rel_184c39a3515d,ent_bb2753519ef9,國際佛光會,Institution,institution_hosts_activity,机构举办活动,ent_06f9eaf5c11f,社會公益活動,PracticeActivity,directed,core_usable,stable_entity_graph,true,1,0,0,0,1,single_article,因此，除了各別分院道場例行的各類型法會是修行，為廣大信眾所舉辦的各項共修活動、社教課程，如：各式佛學講座、禪淨共修獻燈祈福、線上共修共學，亦無不是修行，包括參與國際佛光會所舉辦的各項社會公益活動，如零飢餓活動、生態教育、心靈環保、全民閱讀博覽會等等，甚至各宗教間的交流，如世界神明聯誼會；,https://books.masterhsingyun.org/ArticleDetail/artcle24104
rel_b3c464ecf4a8,ent_bb2753519ef9,國際佛光會,Institution,institution_hosts_activity,机构举办活动,ent_af8da137ea64,青年會議,PracticeActivity,directed,core_usable,stable_entity_graph,true,1,1,1,1,1,single_article,講到「發心」，十五年來的佛光人，大家在國際佛光會這個教團裡，有的人發心當會長、幹部、檀講師，乃至榮任督導、長者，有的人發心參與讀書會、訂閱佛書、參與印經、推廣福報、勸募會員、捐獻淨財、參與救災、護持道場、帶領朝山、參加法會，或是推動臘八粥運動、雲水布教、托缽興學等，甚至有的人到學校、監獄去做公民教育、心靈諮商、佛法開示等，你們以自己的行動，表現出今日廿一世紀的佛教徒，全部都動員起來了，大家都懂得要走出自我、走出家庭，進而走入社會來與大眾結緣、聯誼。⟂S⟂就拿十五年來，國際佛光會召開的世界會員大會、理監事會議、青年會議、金剛會議、婦女會議、童軍會議等，大家就不只十幾次的東西方相互往來、洲際之間彼此互動。⟂S⟂這樣的情誼交流，帶動了佛法的傳揚，促進了人際的和諧，這都是由於各位的發心所產生的動力而成就。,https://books.masterhsingyun.org/ArticleDetail/artcle3798
rel_1f71403f532d,ent_bb2753519ef9,國際佛光會,Institution,institution_hosts_activity,机构举办活动,ent_895e2e5e3804,金剛會議,PracticeActivity,directed,core_usable,stable_entity_graph,true,1,1,1,1,1,single_article,講到「發心」，十五年來的佛光人，大家在國際佛光會這個教團裡，有的人發心當會長、幹部、檀講師，乃至榮任督導、長者，有的人發心參與讀書會、訂閱佛書、參與印經、推廣福報、勸募會員、捐獻淨財、參與救災、護持道場、帶領朝山、參加法會，或是推動臘八粥運動、雲水布教、托缽興學等，甚至有的人到學校、監獄去做公民教育、心靈諮商、佛法開示等，你們以自己的行動，表現出今日廿一世紀的佛教徒，全部都動員起來了，大家都懂得要走出自我、走出家庭，進而走入社會來與大眾結緣、聯誼。⟂S⟂就拿十五年來，國際佛光會召開的世界會員大會、理監事會議、青年會議、金剛會議、婦女會議、童軍會議等，大家就不只十幾次的東西方相互往來、洲際之間彼此互動。⟂S⟂這樣的情誼交流，帶動了佛法的傳揚，促進了人際的和諧，這都是由於各位的發心所產生的動力而成就。,https://books.masterhsingyun.org/ArticleDetail/artcle3798
rel_341d9f52b248,ent_bb2753519ef9,國際佛光會,Institution,institution_hosts_activity,机构举办活动,ent_2f8e1435dbb7,人間佛教活動,PracticeActivity,directed,core_usable,stable_entity_graph,true,1,0,0,0,1,single_article,好比現在國際佛光會舉辦的人間佛教活動，信眾會員身著團體服裝，雖然樣式、顏色多有不同，但是整齊劃一，這和佛陀時代的思想，可以說是古今相應。,https://books.masterhsingyun.org/ArticleDetail/artcle98
rel_b7231ac1220a,ent_bb2753519ef9,國際佛光會,Institution,institution_hosts_activity,机构举办活动,ent_8a8e0fc4720d,跨宗教為世界祈求和平法會,PracticeActivity,directed,core_usable,stable_entity_graph,true,1,0,0,0,1,single_article,同年國際佛光會在紐西蘭奧克蘭、澳洲雪梨和墨爾本等地紛紛舉辦跨宗教為世界祈求和平法會。,https://books.masterhsingyun.org/ArticleDetail/artcle17812
rel_28aaef244425,ent_bb2753519ef9,國際佛光會,Institution,institution_hosts_activity,机构举办活动,ent_d149f41c8be5,理事會議,PracticeActivity,directed,core_usable,stable_entity_graph,true,1,0,0,0,1,single_article,一九九七年五月十日，國際佛光會在佛光山召開理事會議，因感於社會上不斷發生重大案件，造成人心不安，因此決議舉辦「慈悲愛心列車」活動。,https://books.masterhsingyun.org/ArticleDetail/artcle15649
rel_b7da4d71ae98,ent_bb2753519ef9,國際佛光會,Institution,institution_hosts_activity,机构举办活动,ent_6e0fff3bbf3e,理監事會議,PracticeActivity,directed,core_usable,stable_entity_graph,true,1,1,1,1,1,single_article,講到「發心」，十五年來的佛光人，大家在國際佛光會這個教團裡，有的人發心當會長、幹部、檀講師，乃至榮任督導、長者，有的人發心參與讀書會、訂閱佛書、參與印經、推廣福報、勸募會員、捐獻淨財、參與救災、護持道場、帶領朝山、參加法會，或是推動臘八粥運動、雲水布教、托缽興學等，甚至有的人到學校、監獄去做公民教育、心靈諮商、佛法開示等，你們以自己的行動，表現出今日廿一世紀的佛教徒，全部都動員起來了，大家都懂得要走出自我、走出家庭，進而走入社會來與大眾結緣、聯誼。⟂S⟂就拿十五年來，國際佛光會召開的世界會員大會、理監事會議、青年會議、金剛會議、婦女會議、童軍會議等，大家就不只十幾次的東西方相互往來、洲際之間彼此互動。⟂S⟂這樣的情誼交流，帶動了佛法的傳揚，促進了人際的和諧，這都是由於各位的發心所產生的動力而成就。,https://books.masterhsingyun.org/ArticleDetail/artcle3798
rel_00cd727a8140,ent_bb2753519ef9,國際佛光會,Institution,institution_hosts_activity,机构举办活动,ent_b21a059ea3ae,環保活動,PracticeActivity,directed,core_usable,stable_entity_graph,true,4,0,0,0,1,single_article,當然，不只有做資源回收，目前國際佛光會經常舉辦的種樹、掃街、淨灘等活動，都是社會必要的環保運動。,https://books.masterhsingyun.org/ArticleDetail/artcle2612
rel_f923e79ccd57,ent_bb2753519ef9,國際佛光會,Institution,institution_located_at_place,机构位于地点,ent_62bae25b4d48,洛杉磯,PlaceRealm,directed,core_usable,stable_entity_graph,true,1,0,0,0,1,single_article,在陳水扁總統剛走訪的友邦巴拉圭，佛光山很早就積極對當地民眾伸出援手，總部設於洛杉磯的國際佛光會免費提供保溫箱給巴拉圭早產兒，至今挽回近千條生命。,https://books.masterhsingyun.org/ArticleDetail/artcle19394
rel_2c8195d5cb9a,ent_bb2753519ef9,國際佛光會,Institution,institution_participates_in_activity,机构参与活动,ent_bb57222fa99b,聯合國婦女地位委員會年會,PracticeActivity,directed,core_usable,stable_entity_graph,true,1,0,0,0,1,single_article,近年來，國際佛光會積極參與聯合國舉行的各項會議，2018年起，每年均派員前往紐約參加「聯合國婦女地位委員會年會」。,https://books.masterhsingyun.org/ArticleDetail/artcle24203
rel_bfb56ab89440,ent_bb2753519ef9,國際佛光會,Institution,institution_plans_activity,机构计划活动,ent_8cbf3cfe3d2e,兩千年佛光山梵唄讚頌團亞澳弘法,PracticeActivity,directed,core_usable,stable_entity_graph,true,1,0,0,0,1,single_article,【記者王毅文台北報導】由台北市教育局及國際佛光會聯合主辦的「兩千年佛光山梵唄讚頌團亞澳弘法」，將在二十七日晚間七時三十分、二十八日下午二時與晚間七時三十分，在台北國父紀念館隆重公演三場，這場由佛光山梵唄讚頌團與台北市立國樂團的合作演出，可謂融合傳統與現代、宗教與藝術，也是佛教音樂史上的一大突破。,https://books.masterhsingyun.org/ArticleDetail/artcle19036
rel_f143bff50bad,ent_bb2753519ef9,國際佛光會,Institution,institution_promotes_practice,机构推动实践,ent_975d89a58507,國際弘法,PracticeActivity,directed,core_usable,stable_entity_graph,true,1,0,0,0,1,single_article,國際佛光會鼓勵研究佛學，護持文教事業，舉辦社會服務，發展佛教教育，推動國際弘法。,https://books.masterhsingyun.org/ArticleDetail/artcle5796
rel_b6e37e97bd82,ent_bb2753519ef9,國際佛光會,Institution,institution_propagates_doctrine,机构传播教义,ent_0e392a5a426a,三好,Concept,directed,core_usable,stable_entity_graph,true,6,0,0,0,1,single_article,所以，國際佛光會提倡「三好」，如果我們的身體可以「做好事」、口頭會「說好話」、心裡能夠「存好心」，身、口、意都因為信仰而清淨、而超越、而昇華，那麼人生的境界就會比人更好、更大、更多了。,https://books.masterhsingyun.org/ArticleDetail/artcle16369
rel_d60cf2de329a,ent_bb2753519ef9,國際佛光會,Institution,institution_propagates_doctrine,机构传播教义,ent_a6b94c65c717,人間佛教,Concept,directed,core_usable,stable_entity_graph,true,7,0,0,0,1,single_article,國際佛光會提倡人間佛教，也有四句回向文：,https://books.masterhsingyun.org/ArticleDetail/artcle7574
rel_622400ec656e,ent_bb2753519ef9,國際佛光會,Institution,institution_propagates_doctrine,机构传播教义,ent_e148ca0687f4,佛法,DoctrineTerm,directed,core_usable,stable_entity_graph,true,4,0,0,0,1,single_article,國際佛光會有計劃地在世界各地弘揚佛法，我們可由下列四點看出會務發展的情況：,https://books.masterhsingyun.org/ArticleDetail/artcle8393
rel_604dc274dc79,ent_bb2753519ef9,國際佛光會,Institution,institution_propagates_doctrine,机构传播教义,ent_b2fed7536a6c,人間佛教思想,Concept,directed,core_usable,stable_entity_graph,true,1,0,0,0,1,single_article,國際佛光會在香港九龍灣億京中心開設道場，並與香港中文大學簽署合作協議，在開山宗長星雲法師的引領下，在香港實踐和推廣人間佛教思想，成為人生加油站，為香港市民營造舒適自然、身心清淨的另一個香港。,https://books.masterhsingyun.org/ArticleDetail/artcle17486
rel_8ad4d5f9a5e7,ent_6a63a369233c,在家菩薩,BuddhistFigure,person_performs_practice,人物实践修行,ent_4d8dbf44a614,布施,PracticeActivity,directed,core_usable,stable_entity_graph,true,1,0,0,0,1,single_article,在家菩薩修行布施要體悟無常，對苦難眾生能廣行財施。,https://books.masterhsingyun.org/ArticleDetail/artcle7572
rel_7c89449e40b7,ent_35d770a1e914,地藏王菩薩,BuddhistFigure,person_associated_with_place,人物关联地点,ent_47750a781583,地獄,PlaceRealm,directed,core_usable,stable_entity_graph,true,1,1,1,1,1,single_article,觀世音菩薩因為二六時中忙著尋聲救苦，地藏王菩薩由於時時刻刻忙著地獄度生，所以贏得佛子們的頂禮讚歎。,https://books.masterhsingyun.org/ArticleDetail/artcle6544
rel_e26455eade7f,ent_35d770a1e914,地藏王菩薩,BuddhistFigure,person_guides_or_saves_group,人物教化或度化群体,ent_aef97ef170d1,眾生,Group,directed,core_usable,stable_entity_graph,true,1,0,0,0,1,single_article,大師常引用觀世音菩薩二六時中尋聲救苦、地藏王菩薩時刻度化地獄中的眾生等例子，來展示菩薩道的精神。,https://books.masterhsingyun.org/ArticleDetail/artcle24086
rel_7e657612ae39,ent_35d770a1e914,地藏王菩薩,BuddhistFigure,person_guides_or_saves_group,人物教化或度化群体,ent_1ea42cacf0f5,地獄中的眾生,Group,directed,core_usable,stable_entity_graph,true,1,0,0,0,1,single_article,大師常引用觀世音菩薩二六時中尋聲救苦、地藏王菩薩時刻度化地獄中的眾生等例子，來展示菩薩道的精神。,https://books.masterhsingyun.org/ArticleDetail/artcle24086
rel_d4a791df8b41,ent_4c204353cb72,地藏經,Classic,classic_records_person,经典记载人物,ent_62cf8ccca072,佛陀,BuddhistFigure,directed,core_usable,stable_entity_graph,true,1,1,1,1,1,single_article,根據佛經記載，佛陀說法並不僅限於人間，例如《地藏經》即記載著佛陀曾到忉利天為母親摩耶夫人說法，當時除了十方諸佛菩薩與會外，尚有三界二十八天的天眾、龍眾、鬼神等眾，以及娑婆世界的海神、江神、河神、樹神、山神、地神等，及諸大鬼王皆集到忉利天中。⟂S⟂此即說明佛教亦有鬼神之說。,https://books.masterhsingyun.org/ArticleDetail/artcle8419
rel_41dc761c8145,ent_4c204353cb72,地藏經,Classic,classic_states_or_mentions_doctrine,经典陈述或提及教义,ent_21e374833d13,業感緣起,DoctrineTerm,directed,core_usable,stable_entity_graph,true,1,1,1,1,1,single_article,地藏菩薩根據穢土眾生惡習很深，多造惡業的特點，在《地藏菩薩本願經》裡，著重宣傳因果報應說，並從業感差別的角度，列舉了二十三種因果報應，說明如是因如是果，自作自受，業感緣起的道理。,https://books.masterhsingyun.org/ArticleDetail/artcle22913
rel_479e182a473b,ent_4c204353cb72,地藏經,Classic,classic_states_or_mentions_doctrine,经典陈述或提及教义,ent_9f4e43b60b58,功德,DoctrineTerm,directed,core_usable,stable_entity_graph,true,1,1,1,1,1,single_article,《地藏經》說：我們誦經的功德，亡者只能得到七分之一，七分之六是誦經的人所得，所以一切還是要靠自己比較重要，要別人來幫忙，已經是差人一等了。⟂S⟂因此，唯有我們自己點亮心靈的燈光，才能照亮前途，才能活出希望。,https://books.masterhsingyun.org/ArticleDetail/artcle1833
rel_bf5a2669b9b3,ent_4c204353cb72,地藏經,Classic,classic_states_or_mentions_doctrine,经典陈述或提及教义,ent_de77c6f5f383,自作自受,DoctrineTerm,directed,core_usable,stable_entity_graph,true,2,2,2,2,2,multi_article,地藏菩薩根據穢土眾生惡習很深，多造惡業的特點，在《地藏菩薩本願經》裡，著重宣傳因果報應說，並從業感差別的角度，列舉了二十三種因果報應，說明如是因如是果，自作自受，業感緣起的道理。,https://books.masterhsingyun.org/ArticleDetail/artcle22913
rel_c61bce9c93c9,ent_3e2b2b993934,坐禪,PracticeActivity,doctrine_constrained_by,义理受条件或范围限制,ent_56b75cacf3e1,行住坐臥,Concept,directed,core_usable,stable_entity_graph,true,1,1,1,1,1,single_article,因為成佛不是「求」得的，而是要「三祇修福慧，百劫修相好」，經過長時的修行，一旦福慧具足，自然圓成佛道。⟂S⟂因此，坐禪最重要的，還是要把禪定的功夫落實在生活上，要從日常的行住坐臥、出坡作務中體會佛法，才會有禪，否則離開了生活，固然沒有禪，離開了作務，更無法深入禪心。,https://books.masterhsingyun.org/ArticleDetail/artcle421
rel_74873d892533,ent_3e2b2b993934,坐禪,PracticeActivity,doctrine_constrained_by,义理受条件或范围限制,ent_4a16a1380682,生活,Concept,directed,core_usable,stable_entity_graph,true,1,1,1,1,1,single_article,因為成佛不是「求」得的，而是要「三祇修福慧，百劫修相好」，經過長時的修行，一旦福慧具足，自然圓成佛道。⟂S⟂因此，坐禪最重要的，還是要把禪定的功夫落實在生活上，要從日常的行住坐臥、出坡作務中體會佛法，才會有禪，否則離開了生活，固然沒有禪，離開了作務，更無法深入禪心。,https://books.masterhsingyun.org/ArticleDetail/artcle421
rel_befa09d059da,ent_3e2b2b993934,坐禪,PracticeActivity,practice_directed_to,实践指向对象,ent_f3f20d04ac35,諸法實相,DoctrineTerm,directed,core_usable,stable_entity_graph,true,1,1,1,1,1,single_article,例如智者大師闡釋如何修「法華三昧懺儀」時曾表示，行者於至心懺悔六根以求究竟得安樂的過程中，除了必須具足嚴淨道場、淨身口意三業、勸請諸佛、如實誦經、行種種相應之道等諸多因緣，同時更須進而安身坐禪以觀諸法實相，亦即必須「如菩薩法不斷結使、不住使海，觀一切法空如實相。」,https://books.masterhsingyun.org/ArticleDetail/artcle17778
rel_ca4a4309fb49,ent_3e2b2b993934,坐禪,PracticeActivity,practice_has_benefit,实践产生利益或功德,ent_b1e217884f50,智慧,DoctrineTerm,directed,core_usable,stable_entity_graph,true,2,2,2,2,2,multi_article,二千六百多年前，佛陀在靈山會上拈花微笑，傳遞宇宙的奧祕和人生的真理，啟發出許多禪學智慧的語錄篇章。⟂S⟂許多人誤以為坐禪必須像「老僧入定」般一動不動，實則不然。⟂S⟂大師表示：「打坐只是過程和方法，用來幫助我們生定發慧。⟂S⟂禪的真義應該是活活潑潑的，所謂搬柴運水是禪，喝茶吃飯是禪，行住坐臥是禪，語默動靜、揚眉瞬目都是禪。」⟂S⟂禪不僅是生活的態度，也是處事的智慧，讓我們處人處事隨遇而安。⟂S⟂如大師所言：,https://books.masterhsingyun.org/ArticleDetail/artcle24086
rel_3849783e3938,ent_d5f85767f69d,境界,DoctrineTerm,concept_defined_as,概念定义为,ent_c491291ea5a3,無我,DoctrineTerm,directed,core_usable,stable_entity_graph,true,1,0,0,0,1,single_article,但是在佛教裡面，透過禪修，可以超越人世間的煩惱，從而達到更高的境界，這個境界就是「無我」。,https://books.masterhsingyun.org/ArticleDetail/artcle11101
rel_1e8442c6de24,ent_d5f85767f69d,境界,DoctrineTerm,concept_defined_as,概念定义为,ent_b265c0f135b0,涅槃,DoctrineTerm,directed,core_usable,stable_entity_graph,true,2,0,0,0,1,single_article,如佛陀開悟成道，完成慈悲與願力，內心無分別超然解脫，這樣的境界就是涅槃。,https://books.masterhsingyun.org/ArticleDetail/artcle13208
rel_da18aaf49104,ent_d5f85767f69d,境界,DoctrineTerm,concept_named_as,概念命名为,ent_f8cdc44e895f,極樂世界,PlaceRealm,directed,core_usable,stable_entity_graph,true,1,0,0,0,1,single_article,在極樂世界，每個人的身體都沒有生老病死之苦，身皆蓮花化生，心皆清淨無染，沒有貪、瞋、痴的念頭，身心俱淨，內外如如，沒有任何的煩惱、痛苦和是非，一塵不染，逍遙而又自在，如此境界所以叫做極樂世界。,https://books.masterhsingyun.org/ArticleDetail/artcle3449
rel_229557dcce9a,ent_d5f85767f69d,境界,DoctrineTerm,concept_named_as,概念命名为,ent_b265c0f135b0,涅槃,DoctrineTerm,directed,core_usable,stable_entity_graph,true,1,0,0,0,1,single_article,在佛教裡，修道人追求的最高境界，叫做「涅槃」。,https://books.masterhsingyun.org/ArticleDetail/artcle5600
rel_8524e5e743bb,ent_a3cc3e5f1968,增一阿含經,Classic,classic_records_person,经典记载人物,ent_62cf8ccca072,佛陀,BuddhistFigure,directed,core_usable,stable_entity_graph,true,2,0,0,0,1,single_article,佛陀在《增一阿含經》開示遠離人我是非之道，說：「不誹謗於人，亦不觀是非，但自觀身行，諦觀正不正。」,https://books.masterhsingyun.org/ArticleDetail/artcle9076
rel_e7002c91681f,ent_fea0c83f7d6f,增壹阿含經,Classic,classic_states_or_mentions_doctrine,经典陈述或提及教义,ent_c9da39b6e30f,出家,PracticeActivity,directed,core_usable,stable_entity_graph,true,1,1,1,1,1,single_article,漢傳佛教這一僧團傳統來自釋道安。⟂S⟂《佛祖統紀》載：「安入關沙門皆隨師姓。⟂S⟂安曰。⟂S⟂師莫如佛。⟂S⟂應沙門宜以釋為姓。⟂S⟂及增一阿含經至有云四河入海無復異名。⟂S⟂四姓出家同稱釋氏。」⟂S⟂《佛祖統紀》，《大正藏》第49冊，頁341a。⟂S⟂道安所引的《增壹阿含經》中有謂：「聞如是：一時，佛在舍衛國祇樹給孤獨園。⟂S⟂爾時，世尊告諸比丘：今有四大河水從阿耨達泉出。⟂S⟂云何為四？⟂S⟂所謂恒伽、新頭、婆叉、私陀。⟂S⟂彼恒伽水牛頭口出向東流，新頭南流師子口出，私陀西流象口中出，婆叉北流從馬口中出。⟂S⟂是時，四大河水遶阿耨達泉已，恒伽入東海，新頭入南海，婆叉入西海，私陀入北海。⟂S⟂爾時，四大河入海已，無復本名字，但名為海。⟂S⟂此亦如是。⟂S⟂有四姓。⟂S⟂云何為四？⟂S⟂剎利、婆羅門、長者、居士種，於如來所，剃除鬚髮，著三法衣，出家學道，無復本姓，但言沙門釋迦子。⟂S⟂所以然者，如來眾者，其猶大海，四諦其如四大河，除去結使，入於無畏涅槃城。⟂S⟂是故，諸比丘！⟂S⟂諸有四姓，剃除鬚髮，以信堅固，出家學道者，彼當滅本名字，自稱釋迦弟子。⟂S⟂所以然者，我今正是釋迦子，從釋種中出家學道。⟂S⟂比丘當知，欲論生子之義者，當名沙門釋種子是。⟂S⟂所以者何？⟂S⟂生皆由我生，從法起，從法成。⟂S⟂是故，比丘！⟂S⟂當求方便，得作釋種子。⟂S⟂如是，諸比丘！⟂S⟂當作是學。⟂S⟂爾時，諸比丘聞佛所說，歡喜奉行。」⟂S⟂參見《增壹阿含經，苦樂品第二十九》第九經，《大正藏》第2冊，頁658b-658c。,https://books.masterhsingyun.org/ArticleDetail/artcle24684
rel_51f7d0a4bad0,ent_fea0c83f7d6f,增壹阿含經,Classic,classic_states_or_mentions_doctrine,经典陈述或提及教义,ent_b3101b06e936,大悲,Concept,directed,core_usable,stable_entity_graph,true,1,1,1,1,1,single_article,人因為有情愛牽絆，所以輪迴生死；⟂S⟂人因為有情感，因此稱為「有情眾生」。⟂S⟂然而「法非善惡，善惡是法」，如果愛得不當，固然愛如繩索，會束縛我們，使我們身心不得自由；⟂S⟂愛如枷鎖，會鎖住我們，使我們片刻不得安寧；⟂S⟂愛如盲者，使我們陷身黑暗之中而渾然不知；⟂S⟂愛如苦海，使我們在苦海中傾覆滅頂。⟂S⟂但是，「愛的淨化是慈悲，愛的提升是智慧」，如果能將愛昇華為慈悲，則：「慈息瞋恚，悲止害覺」（《菩薩地持經》）。⟂S⟂又《增壹阿含經》說：「諸佛世尊，成大慈悲，以大悲為力，弘益眾生。」⟂S⟂慈悲是諸佛菩薩度眾不倦的原動力，人人若能以慈悲相待，則愛如冬陽，可以溶化冰雪寒霜，可以激發人性的真善美，愛實不失為一種鼓勵向上的力量。⟂S⟂因此，佛教並不排斥感情，但卻主張以慈悲來運作感情，以理智來淨化感情、以禮法來規範感情、以般若來化導感情。⟂S⟂佛教鼓勵夫妻之間要相親相愛，親子之間要互敬互諒，朋友之間要相互惜緣，進而做到「無緣大慈，同體大悲」，亦即將一己的私愛，昇華為對一切眾生的慈悲。⟂S⟂例如，佛陀靜坐路中以阻止琉璃王攻打祖國，他以「親族之蔭勝餘蔭」感動琉璃王退兵（《增壹阿含經》卷二十六）；⟂S⟂佛陀對眼盲的弟子的愛護，諸如為患病比丘看病（《毗奈耶》）、為阿那律穿針（《增壹阿含經》卷三十一），乃至佛陀的本生譚裡「割肉餵鷹、捨身飼虎」等等。⟂S⟂正如《大乘寶要義論》說：「多諸有情於身命等皆生愛著，以愛著故廣造罪業墮惡趣中；⟂S⟂若復有情起大悲已，於身命等不生愛著，以不著故生於善趣。⟂S⟂復能於彼一切有情，運心廣行布施等行，一切善法相應而作，修菩薩者以大悲心而成其身。」⟂S⟂所以《涅槃經》說：「如來即是慈悲喜捨，慈悲喜捨即是解脫。」,https://books.masterhsingyun.org/ArticleDetail/artcle24707
rel_f5ffb4fb54c7,ent_fea0c83f7d6f,增壹阿含經,Classic,classic_states_or_mentions_doctrine,经典陈述或提及教义,ent_09d9a2e287ef,大慈悲,DoctrineTerm,directed,core_usable,stable_entity_graph,true,1,1,1,1,1,single_article,人因為有情愛牽絆，所以輪迴生死；⟂S⟂人因為有情感，因此稱為「有情眾生」。⟂S⟂然而「法非善惡，善惡是法」，如果愛得不當，固然愛如繩索，會束縛我們，使我們身心不得自由；⟂S⟂愛如枷鎖，會鎖住我們，使我們片刻不得安寧；⟂S⟂愛如盲者，使我們陷身黑暗之中而渾然不知；⟂S⟂愛如苦海，使我們在苦海中傾覆滅頂。⟂S⟂但是，「愛的淨化是慈悲，愛的提升是智慧」，如果能將愛昇華為慈悲，則：「慈息瞋恚，悲止害覺」（《菩薩地持經》）。⟂S⟂又《增壹阿含經》說：「諸佛世尊，成大慈悲，以大悲為力，弘益眾生。」⟂S⟂慈悲是諸佛菩薩度眾不倦的原動力，人人若能以慈悲相待，則愛如冬陽，可以溶化冰雪寒霜，可以激發人性的真善美，愛實不失為一種鼓勵向上的力量。⟂S⟂因此，佛教並不排斥感情，但卻主張以慈悲來運作感情，以理智來淨化感情、以禮法來規範感情、以般若來化導感情。⟂S⟂佛教鼓勵夫妻之間要相親相愛，親子之間要互敬互諒，朋友之間要相互惜緣，進而做到「無緣大慈，同體大悲」，亦即將一己的私愛，昇華為對一切眾生的慈悲。⟂S⟂例如，佛陀靜坐路中以阻止琉璃王攻打祖國，他以「親族之蔭勝餘蔭」感動琉璃王退兵（《增壹阿含經》卷二十六）；⟂S⟂佛陀對眼盲的弟子的愛護，諸如為患病比丘看病（《毗奈耶》）、為阿那律穿針（《增壹阿含經》卷三十一），乃至佛陀的本生譚裡「割肉餵鷹、捨身飼虎」等等。⟂S⟂正如《大乘寶要義論》說：「多諸有情於身命等皆生愛著，以愛著故廣造罪業墮惡趣中；⟂S⟂若復有情起大悲已，於身命等不生愛著，以不著故生於善趣。⟂S⟂復能於彼一切有情，運心廣行布施等行，一切善法相應而作，修菩薩者以大悲心而成其身。」⟂S⟂所以《涅槃經》說：「如來即是慈悲喜捨，慈悲喜捨即是解脫。」,https://books.masterhsingyun.org/ArticleDetail/artcle24707
rel_6c60c982f9fa,ent_df6e240fe792,多界經,Classic,classic_states_or_mentions_doctrine,经典陈述或提及教义,ent_dbae25eaf3b4,染淨諸法,DoctrineTerm,directed,core_usable,stable_entity_graph,true,1,1,1,1,1,single_article,《多界經》說：「諸有情心，染淨諸法所薰習故，無量種子之所積集。」⟂S⟂這正說明有情眾生的阿賴耶識（心），積集很多種子，都是由染（惡）、淨（善）諸法「薰習」而成的。,https://books.masterhsingyun.org/ArticleDetail/artcle6841
rel_d025b6bcb39d,ent_5185d3428d4f,大乘,SchoolTradition,school_teaches_doctrine,宗派主张教义,ent_8dacc063faab,共修,PracticeActivity,directed,core_usable,stable_entity_graph,true,1,0,0,0,1,single_article,「共修」則為大乘佛教所提倡，是團體集會的活動，靠大眾的力量彼此相互砥礪，福慧增上。,https://books.masterhsingyun.org/ArticleDetail/artcle4151
rel_a096ead204c6,ent_5185d3428d4f,大乘,SchoolTradition,school_teaches_doctrine,宗派主张教义,ent_952a13f4dc9a,四弘誓願,DoctrineTerm,directed,core_usable,stable_entity_graph,true,1,1,1,1,1,single_article,「四無量心」慈悲喜捨，其意義就像佛光山的工作信條──給人信心、給人歡喜、給人希望、給人方便。⟂S⟂甚至四弘誓願也是人間佛教。⟂S⟂小乘講「苦集滅道」，大乘講「四弘誓願」，因為苦，所以「眾生無邊誓願度」；⟂S⟂因為集，所以「煩惱無盡誓願斷」；⟂S⟂因為要修道，所以「法門無量誓願學」；⟂S⟂因為要證果，所以「佛道無上誓願成」。⟂S⟂每個人都有不生不滅的真如佛性，所以古今皆通，大小乘相通。,https://books.masterhsingyun.org/ArticleDetail/artcle10866
rel_cdf7695e326e,ent_5185d3428d4f,大乘,SchoolTradition,school_teaches_doctrine,宗派主张教义,ent_5bcf615b153a,解行並重,Concept,directed,core_usable,stable_entity_graph,true,1,0,0,0,1,single_article,幸而主張解行並重的大乘佛教應運而生，挽救了佛教偏槁的危機。,https://books.masterhsingyun.org/ArticleDetail/artcle1941
rel_eec18b2c0e96,ent_2ee46c235dd0,大乘心,DoctrineTerm,concept_has_subconcept,概念包含下位概念,ent_e754b3928fb8,大悲心,DoctrineTerm,directed,core_usable,stable_entity_graph,true,2,0,0,0,1,single_article,大乘心裡面包括了菩提心、大悲心、方便心。,https://books.masterhsingyun.org/ArticleDetail/artcle2055
rel_282334cef546,ent_2ee46c235dd0,大乘心,DoctrineTerm,concept_has_subconcept,概念包含下位概念,ent_8c02f36de671,菩提心,DoctrineTerm,directed,core_usable,stable_entity_graph,true,2,0,0,0,1,single_article,大乘心裡面包括了菩提心、大悲心、方便心。,https://books.masterhsingyun.org/ArticleDetail/artcle2055
rel_a7495c887231,ent_635b1c8a29bf,大乘經,Classic,classic_states_or_mentions_doctrine,经典陈述或提及教义,ent_8e5bc1f388e3,一念三千,Concept,directed,core_usable,stable_entity_graph,true,1,1,1,1,1,single_article,大乘經典裡，所謂「一念三千，心包太虛」，諸佛菩薩都是十方世界去來。,https://books.masterhsingyun.org/ArticleDetail/artcle24196
rel_a38ee89ee4a3,ent_635b1c8a29bf,大乘經,Classic,work_collection_contains_work,作品集合或文本类别包含作品,ent_6b3ad45ee630,華嚴經,Classic,directed,core_usable,stable_entity_graph,true,1,1,1,1,1,single_article,"在一八二六年以前，巴利文鮮有人知，直到法國的布諾夫（Eugene Burnouf，1801-1852）與德國的拉森合寫了一本《論巴利語文》（Essaisur le Pali），西方人士才開始興起研究巴利文的浪潮。⟂S⟂其次，布諾夫著手研讀荷吉森贈給他的一七六卷梵文經典，於一八八四年出版《印度佛教史導論》（L' Introduction al' Historie du Buddhism Indien, 1884），此書對佛傳及佛教義理有獨到見解，且對《般若經》、《楞嚴經》、《華嚴經》、《金光明經》、《法華經》等大乘經典的內容作提要分析，是一部劃時代的大書。",https://books.masterhsingyun.org/ArticleDetail/artcle8398
rel_6a6a9bc45405,ent_635b1c8a29bf,大乘經,Classic,work_collection_contains_work,作品集合或文本类别包含作品,ent_dda32765796c,楞嚴經,Classic,directed,core_usable,stable_entity_graph,true,1,1,1,1,1,single_article,"在一八二六年以前，巴利文鮮有人知，直到法國的布諾夫（Eugene Burnouf，1801-1852）與德國的拉森合寫了一本《論巴利語文》（Essaisur le Pali），西方人士才開始興起研究巴利文的浪潮。⟂S⟂其次，布諾夫著手研讀荷吉森贈給他的一七六卷梵文經典，於一八八四年出版《印度佛教史導論》（L' Introduction al' Historie du Buddhism Indien, 1884），此書對佛傳及佛教義理有獨到見解，且對《般若經》、《楞嚴經》、《華嚴經》、《金光明經》、《法華經》等大乘經典的內容作提要分析，是一部劃時代的大書。",https://books.masterhsingyun.org/ArticleDetail/artcle8398
rel_8f91955c1d70,ent_635b1c8a29bf,大乘經,Classic,work_collection_contains_work,作品集合或文本类别包含作品,ent_c23eb3ad53f7,法華經,Classic,directed,core_usable,stable_entity_graph,true,1,1,1,1,1,single_article,"在一八二六年以前，巴利文鮮有人知，直到法國的布諾夫（Eugene Burnouf，1801-1852）與德國的拉森合寫了一本《論巴利語文》（Essaisur le Pali），西方人士才開始興起研究巴利文的浪潮。⟂S⟂其次，布諾夫著手研讀荷吉森贈給他的一七六卷梵文經典，於一八八四年出版《印度佛教史導論》（L' Introduction al' Historie du Buddhism Indien, 1884），此書對佛傳及佛教義理有獨到見解，且對《般若經》、《楞嚴經》、《華嚴經》、《金光明經》、《法華經》等大乘經典的內容作提要分析，是一部劃時代的大書。",https://books.masterhsingyun.org/ArticleDetail/artcle8398
rel_cfd9e6c52c5c,ent_635b1c8a29bf,大乘經,Classic,work_collection_contains_work,作品集合或文本类别包含作品,ent_f488e42f9741,般若經,Classic,directed,core_usable,stable_entity_graph,true,1,1,1,1,1,single_article,"在一八二六年以前，巴利文鮮有人知，直到法國的布諾夫（Eugene Burnouf，1801-1852）與德國的拉森合寫了一本《論巴利語文》（Essaisur le Pali），西方人士才開始興起研究巴利文的浪潮。⟂S⟂其次，布諾夫著手研讀荷吉森贈給他的一七六卷梵文經典，於一八八四年出版《印度佛教史導論》（L' Introduction al' Historie du Buddhism Indien, 1884），此書對佛傳及佛教義理有獨到見解，且對《般若經》、《楞嚴經》、《華嚴經》、《金光明經》、《法華經》等大乘經典的內容作提要分析，是一部劃時代的大書。",https://books.masterhsingyun.org/ArticleDetail/artcle8398
rel_de768b801436,ent_635b1c8a29bf,大乘經,Classic,work_collection_contains_work,作品集合或文本类别包含作品,ent_8892a9ec5f48,金光明經,Classic,directed,core_usable,stable_entity_graph,true,1,1,1,1,1,single_article,"在一八二六年以前，巴利文鮮有人知，直到法國的布諾夫（Eugene Burnouf，1801-1852）與德國的拉森合寫了一本《論巴利語文》（Essaisur le Pali），西方人士才開始興起研究巴利文的浪潮。⟂S⟂其次，布諾夫著手研讀荷吉森贈給他的一七六卷梵文經典，於一八八四年出版《印度佛教史導論》（L' Introduction al' Historie du Buddhism Indien, 1884），此書對佛傳及佛教義理有獨到見解，且對《般若經》、《楞嚴經》、《華嚴經》、《金光明經》、《法華經》等大乘經典的內容作提要分析，是一部劃時代的大書。",https://books.masterhsingyun.org/ArticleDetail/artcle8398
rel_764607a957da,ent_719d3ea810c6,大乘起信論,Classic,classic_states_or_mentions_doctrine,经典陈述或提及教义,ent_29c863dd97d1,一心,DoctrineTerm,directed,core_usable,stable_entity_graph,true,2,1,1,1,2,single_article,四、從世理到心理：世間有世間的道理，出世間有出世間的道理，而吾人的心，即為世出、世間的中樞。⟂S⟂有時候，我們要顧到世間法的道理；⟂S⟂有時候，我們的心中還有出世間法的道理。⟂S⟂所以《大乘起信論》講「一心開二門」：心生滅門、心真如門；⟂S⟂唯識家講「三界唯心，萬法唯識」。⟂S⟂心理，必定是十度空間最高、最究竟的道理。,https://books.masterhsingyun.org/ArticleDetail/artcle4049
rel_b0c073273620,ent_719d3ea810c6,大乘起信論,Classic,classic_states_or_mentions_doctrine,经典陈述或提及教义,ent_a24f729ae6fd,不變隨緣,DoctrineTerm,directed,core_usable,stable_entity_graph,true,6,5,5,4,6,multi_article,最後一句，佛教的《大乘起信論》提到「不變隨緣」。,https://books.masterhsingyun.org/ArticleDetail/artcle16550
rel_a9941d478634,ent_719d3ea810c6,大乘起信論,Classic,classic_states_or_mentions_doctrine,经典陈述或提及教义,ent_b8906485472a,眾生心,DoctrineTerm,directed,core_usable,stable_entity_graph,true,3,3,3,2,3,multi_article,《大乘起信論》為了說明心的性質，遂將含攝諸法的眾生心，分為「心真如門」與「心生滅門」，以顯其體用，稱為「一心二門」。⟂S⟂「佛是已覺悟的眾生，眾生是未覺悟的佛」、「心、佛、眾生，三無差別」，這都是說明眾生與佛本具同一心性，只因無明妄想而呈現生住異滅、迷悟染淨之相。,https://books.masterhsingyun.org/ArticleDetail/artcle5807
rel_6d9c3b7c15e7,ent_719d3ea810c6,大乘起信論,Classic,classic_states_or_mentions_doctrine,经典陈述或提及教义,ent_931d353cbc62,出世間法,DoctrineTerm,directed,core_usable,stable_entity_graph,true,1,1,1,1,1,single_article,《大乘起信論》為說明「心」的這種性質，並且敷演大乘佛法，遂先提出一個「眾生心」，並說明此心含攝一切世間、出世間法，又依此心析出二門─心真如門與心生滅門，以顯其體用。,https://books.masterhsingyun.org/ArticleDetail/artcle22605
rel_fad696e55725,ent_719d3ea810c6,大乘起信論,Classic,classic_states_or_mentions_doctrine,经典陈述或提及教义,ent_9d76d66a4eef,唯心,DoctrineTerm,directed,core_usable,stable_entity_graph,true,1,1,1,1,1,single_article,佛教裡有一部論叫《大乘起信論》，是佛教講「真常唯心系」重要的一部論，說明人的真心本性不會滅亡，儘管身體有老病死生，但是我的本性真心是永恆不死的。⟂S⟂所以，《大乘起信論》教我們信仰未來永恆的生命。,https://books.masterhsingyun.org/ArticleDetail/artcle10876
rel_ef0a8bf22520,ent_d3e26d33b46f,大眾,Group,concept_defined_as,概念定义为,ent_61654ef63947,因緣,DoctrineTerm,directed,core_usable,stable_entity_graph,true,2,0,0,0,1,single_article,因此大眾就是我們的因緣，社會、國家也是我們的因緣，有了眾緣，才有個人的存在。,https://books.masterhsingyun.org/ArticleDetail/artcle14335
rel_a3f009f16694,ent_d3e26d33b46f,大眾,Group,concept_defined_as,概念定义为,ent_a15549db03a1,常住,DoctrineTerm,directed,core_usable,stable_entity_graph,true,2,0,0,0,1,single_article,除了住持和尚，大眾就是常住，大眾都這樣說，大眾的意思，就是常住的意思。,https://books.masterhsingyun.org/ArticleDetail/artcle2390
rel_aa73c7ccfcbd,ent_d3e26d33b46f,大眾,Group,concept_defined_as,概念定义为,ent_bd21a7978ab6,道德,Concept,directed,core_usable,stable_entity_graph,true,1,0,0,0,1,single_article,相反的，對社會大眾有利益的就是道德。,https://books.masterhsingyun.org/ArticleDetail/artcle2852
rel_491247611640,ent_d3e26d33b46f,大眾,Group,group_participates_in_activity,群体参与活动,ent_dd79e187a078,靈山會,PracticeActivity,directed,evidence_usable,evidence_graph,false,1,1,1,1,1,single_article,但想到佛陀在靈山會上諸天、大眾擁簇他出來講經弘道，我想想，自己不是一生都像是在靈山勝會上的一員嗎？⟂S⟂因此，從另外一方面想，「我在眾中」，實在是很有福報，很有因緣的。,https://books.masterhsingyun.org/ArticleDetail/artcle10809
rel_f602044ed58a,ent_d3e26d33b46f,大眾,Group,group_performs_practice,群体实践修行,ent_e148ca0687f4,佛法,DoctrineTerm,directed,core_usable,stable_entity_graph,true,1,1,1,1,1,single_article,為了提升佛教徒的信仰層次，大師於2004年國際佛光會第十屆世界會員代表大會中，提倡「行佛」運動，倡導「用自覺心昇華自我、用本土化發展佛教、用新事業增廣淨財、用大願力行佛所行」四大方向，並訂定該年為「行佛年」，讓大眾在日常生活中實踐佛法。,https://books.masterhsingyun.org/ArticleDetail/artcle24154
rel_be12dfb00e4d,ent_d3e26d33b46f,大眾,Group,group_performs_practice,群体实践修行,ent_4a2ef8a8e8c5,信受奉行,PracticeActivity,directed,core_usable,stable_entity_graph,true,1,1,1,1,1,single_article,在流通分裡則說：「時薄伽梵說是語已，諸菩薩摩訶薩及大聲聞、國王、大臣、婆羅門、居士、天、龍、藥叉、乾闥婆、阿修羅、迦樓羅、緊那羅、摩睺羅伽、人非人等一切大眾，聞佛所說，皆大歡喜，信受奉行。」⟂S⟂以上說明佛教的護法在佛陀時代就已包羅十方諸眾了。,https://books.masterhsingyun.org/ArticleDetail/artcle8754
rel_a411a061f873,ent_d3e26d33b46f,大眾,Group,group_performs_practice,群体实践修行,ent_451aac4b11fb,讚歎,PracticeActivity,directed,core_usable,stable_entity_graph,true,2,2,2,2,2,multi_article,會中聽法的大眾，看到佛陀以智慧降伏憍慢婆羅門的傲慢，都齊聲讚歎佛陀的威德不可思議。,https://books.masterhsingyun.org/ArticleDetail/artcle4275
rel_3e9de08c6b2c,ent_32f181c73a4f,大善知識,DoctrineTerm,concept_has_quality,概念具有属性,ent_b1e217884f50,智慧,DoctrineTerm,directed,core_usable,stable_entity_graph,true,1,1,1,1,1,single_article,在那裡，可以朝夕與諸上善人等大善知識相處，可以互相切磋請益，既沒有冤仇瞋怒的逼害，又能共同親聆彌陀說法，共同成就一切善法，何樂而不為呢？⟂S⟂而且這些大善知識，他們的神通智慧、辯才無礙、威神莊嚴，都是大家學習的榜樣。,https://books.masterhsingyun.org/ArticleDetail/artcle23854
rel_50dcbd498c2a,ent_32f181c73a4f,大善知識,DoctrineTerm,concept_has_quality,概念具有属性,ent_f05ed2a8b47d,神通,DoctrineTerm,directed,core_usable,stable_entity_graph,true,1,1,1,1,1,single_article,在那裡，可以朝夕與諸上善人等大善知識相處，可以互相切磋請益，既沒有冤仇瞋怒的逼害，又能共同親聆彌陀說法，共同成就一切善法，何樂而不為呢？⟂S⟂而且這些大善知識，他們的神通智慧、辯才無礙、威神莊嚴，都是大家學習的榜樣。,https://books.masterhsingyun.org/ArticleDetail/artcle23854
rel_367b76c58036,ent_5382f9f5217a,大天,BuddhistFigure,person_advocates_doctrine,人物倡导教义,ent_1c6cdf019e6e,大天五事,DoctrineTerm,directed,core_usable,stable_entity_graph,true,1,0,0,0,1,single_article,*1據北傳佛教資料記載，根本分裂的原因係因大天的提倡五事新說。,https://books.masterhsingyun.org/ArticleDetail/artcle8775
rel_22b9cce3e9c8,ent_27ec897fd990,大寶積經,Classic,classic_interpreted_as_doctrine,经典被阐释为教义或主张,ent_de77c6f5f383,自作自受,DoctrineTerm,directed,core_usable,stable_entity_graph,true,1,1,1,1,1,single_article,《大寶積經》中說：「假使經百劫，所作業不亡，因緣會遇時，果報還自受。」⟂S⟂意思是說，一個人過去所造作的惡業，不管經過一年、兩年、百年，甚至百千萬劫無限的時間，在業報還沒有還清之前，是不會消失的，因緣和合的時候，終究要由自己去接受、承擔果報，這就是「自作自受」的道理。,https://books.masterhsingyun.org/ArticleDetail/artcle9642
rel_5f829061302f,ent_27ec897fd990,大寶積經,Classic,classic_states_or_mentions_doctrine,经典陈述或提及教义,ent_4fb8d09ae94c,諸法,DoctrineTerm,directed,core_usable,stable_entity_graph,true,1,1,1,1,1,single_article,在佛教，有所謂的世間法、出世間法。⟂S⟂世間法，即我們在人間的所思所想、生活物用，乃至山河大地、宇宙萬有皆是。⟂S⟂出世間法，即超越有形有相、眼耳見聞的根塵世界。⟂S⟂世間法皆是無常，沒有一樣東西是永久存在。⟂S⟂例如，花開了會凋謝，人出生了會死亡；⟂S⟂建再高的大樓、再堅固的豪宅，也會有毀壞的一天。⟂S⟂世間有成住壞空，人生有生老病死，世間萬象終究會歸於無常，無常，便是世間法的真實寫照。⟂S⟂因此《大寶積經》說：「諸法如水中月，如鏡中像。」⟂S⟂天上的月亮映照在水面，水裡的月亮究竟是有？⟂S⟂是無？⟂S⟂它不過是倒影，不是真實的存在。⟂S⟂鏡中顯現的影像，看似相同，但鏡中物卻不是真實的。⟂S⟂所以《金剛經》說：「一切有為法，如夢幻泡影，如露亦如電，應作如是觀。」⟂S⟂說明了世間萬有、一切法都如夢幻泡影，不長久，也不真實。,https://books.masterhsingyun.org/ArticleDetail/artcle13796
rel_dc44898e282e,ent_b3101b06e936,大悲,Concept,concept_complementary_with,概念在语境中相互助成,ent_18480741e488,大智,DoctrineTerm,symmetric,core_usable,stable_entity_graph,true,1,1,1,1,1,single_article,佛教本來就是人間的佛教，大乘菩薩道的偉大，從入世的堅忍與精進中表現出來。⟂S⟂菩薩深入人間，以出世的精神，作入世的事業。⟂S⟂菩薩以大智慧照見五蘊皆空，徹悟諸法空性，不生染著愛想，住於實相。⟂S⟂不過，菩薩由於慈悲，不忍捨棄眾生，而且為了滿其本願，往往還來世間行化，奔走於三界之中，雖明知諸法實空，沒有能度的我，也沒有可度的眾生，但仍然熱心的去「啟建水月道場，大作空華佛事，降伏鏡裡魔軍，求證夢中佛果」。⟂S⟂總而言之，菩薩的大智是為了實踐大悲，大悲是為了完成大智，二者運用自如，則可以圓滿成就無上菩提，那個菩提是即世而且離世，離世而又即世的。,https://books.masterhsingyun.org/ArticleDetail/artcle6838
rel_1cd0d31c6f1d,ent_b3101b06e936,大悲,Concept,concept_is_foundation_of,概念构成另一概念或实践的基础,ent_e5e2f674a600,大願,DoctrineTerm,directed,core_usable,stable_entity_graph,true,1,1,1,1,1,single_article,願力則因強烈善念而發的誓願，例如菩薩共願皆以「上求菩提，下化眾生」為本。⟂S⟂《俱舍論》云：「以願為先，引妙智起；⟂S⟂如願而了，故名願智。」⟂S⟂可見諸佛菩薩大願皆以大智大悲為首。⟂S⟂四弘誓願是一切大願的總願，別願如阿彌陀佛的四十八大願、藥師佛的十二大願、觀世音菩薩的十二大願。⟂S⟂願力可以成就一切事業，淨土宗也鼓勵往生極樂的人乘願再來。,https://books.masterhsingyun.org/ArticleDetail/artcle4153
rel_3af252ca6ec2,ent_e754b3928fb8,大悲心,DoctrineTerm,concept_defined_as,概念定义为,ent_ea32ae728d22,下化眾生,DoctrineTerm,directed,core_usable,stable_entity_graph,true,1,0,0,0,1,single_article,菩提心就是上求佛道，大悲心就是下化眾生，方便心就是方便行四攝法。,https://books.masterhsingyun.org/ArticleDetail/artcle7571
rel_6bfa78e831ff,ent_e5e2f674a600,大願,DoctrineTerm,concept_has_subconcept,概念包含下位概念,ent_b3101b06e936,大悲,Concept,directed,core_usable,stable_entity_graph,true,2,0,0,0,1,single_article,每一精神中，也含蓋了其他三種精神，像：地藏菩薩憐憫地獄眾生的煎熬，發下「地獄不空，誓不成佛」的悲心，這種大願就包含大悲、大智、大行的精神。,https://books.masterhsingyun.org/ArticleDetail/artcle2878
rel_8820639ea983,ent_e5e2f674a600,大願,DoctrineTerm,concept_has_subconcept,概念包含下位概念,ent_18480741e488,大智,DoctrineTerm,directed,core_usable,stable_entity_graph,true,2,0,0,0,1,single_article,每一精神中，也含蓋了其他三種精神，像：地藏菩薩憐憫地獄眾生的煎熬，發下「地獄不空，誓不成佛」的悲心，這種大願就包含大悲、大智、大行的精神。,https://books.masterhsingyun.org/ArticleDetail/artcle2878
rel_074f041c107f,ent_fc4456801c63,大慈大悲,Concept,concept_defined_as,概念定义为,ent_cf26f7ad8f86,慈悲,DoctrineTerm,directed,core_usable,stable_entity_graph,true,1,0,0,0,1,single_article,偶然生起的一時慈悲叫一念的慈悲，而諸佛菩薩的大慈大悲，就是無限的慈悲。,https://books.masterhsingyun.org/ArticleDetail/artcle597
rel_fd7866b42b94,ent_09d9a2e287ef,大慈悲,DoctrineTerm,concept_defined_as,概念定义为,ent_d226ef15b80a,佛心,DoctrineTerm,directed,core_usable,stable_entity_graph,true,1,0,0,0,1,single_article,大慈悲就是佛心。,https://books.masterhsingyun.org/ArticleDetail/artcle13329
rel_9a27820b3e64,ent_79f8d98f816b,大方廣十輪經,Classic,classic_states_or_mentions_doctrine,经典陈述或提及教义,ent_932ce5962a37,示教利喜,Concept,directed,core_usable,stable_entity_graph,true,1,1,1,1,1,single_article,如前所說，佛教本身就是一部教育史，佛教是個非常重視教育的宗教，根據《大方廣十輪經》說：佛陀降誕於世，目的就是為了「廣度眾生」、「示教利喜」；⟂S⟂也就是對邪見顛倒的眾生，示其善與不善，教其捨惡行善，令其獲得利益，成就其歡喜行。,https://books.masterhsingyun.org/ArticleDetail/artcle675
rel_f16e02bf069e,ent_54e6cf2fc6b5,大方廣如來不思議境界經,Classic,classic_states_or_mentions_doctrine,经典陈述或提及教义,ent_e7ba1be4785d,安樂,Concept,directed,core_usable,stable_entity_graph,true,1,1,1,1,1,single_article,以花果時饈等物列置佛前，是為供佛；⟂S⟂以飲食供養僧侶，是為齋僧。⟂S⟂據《大方廣如來不思議境界經》所載，凡誠心、歡喜供養佛者，必得安樂、大福德等，並迅速成就阿耨多羅三藐三菩提。,https://books.masterhsingyun.org/ArticleDetail/artcle4080
rel_dc2c601893d8,ent_54e6cf2fc6b5,大方廣如來不思議境界經,Classic,classic_states_or_mentions_doctrine,经典陈述或提及教义,ent_6deef676b2d3,福德,DoctrineTerm,directed,core_usable,stable_entity_graph,true,2,1,1,1,2,single_article,據《大方廣如來不思議境界經》所載，凡誠心、歡喜供養佛者，必得安樂、大福德等，並迅速成就阿耨多羅三藐三菩提。,https://books.masterhsingyun.org/ArticleDetail/artcle4080
rel_66faed52077c,ent_e253f9e3254b,大日經疏,Classic,classic_records_person,经典记载人物,ent_c28fd265d099,彌勒,BuddhistFigure,directed,core_usable,stable_entity_graph,true,1,1,1,1,1,single_article,彌勒菩薩又稱梅呾麗耶菩薩、末怛唎耶菩薩。⟂S⟂意譯作慈氏。⟂S⟂出生於婆羅門家庭，後為佛弟子，先佛入滅，以菩薩身為天人說法，住於兜率天。⟂S⟂據《一切智光明仙人慈心因緣不食肉經》載，彌勒菩薩的本生是大婆羅門，名一切智光明，為佛弟子，曾發誓願：「願我世世不起殺想，恒不噉肉，入白光明慈三昧，乃至成佛，制斷肉戒。」⟂S⟂以此因緣而名為慈氏。⟂S⟂又窺基大師所著《觀彌勒上生經疏》卷上載，弗沙佛時，有一比丘入慈三昧，身相安靜，放光照耀。⟂S⟂法愛國王見此慈定巍巍，發願學習慈定，生生不絕。⟂S⟂法愛王就是現在的彌勒菩薩，從發心起，常號慈氏。⟂S⟂其次，《大日經疏》卷一載，慈氏菩薩是以佛四無量心的慈為首，此慈從如來種姓中生，能令一切世間不斷佛種，所以稱為慈氏。,https://books.masterhsingyun.org/ArticleDetail/artcle2479
rel_da6cdc70a99c,ent_18480741e488,大智,DoctrineTerm,concept_is_foundation_of,概念构成另一概念或实践的基础,ent_e5e2f674a600,大願,DoctrineTerm,directed,core_usable,stable_entity_graph,true,1,1,1,1,1,single_article,願力則因強烈善念而發的誓願，例如菩薩共願皆以「上求菩提，下化眾生」為本。⟂S⟂《俱舍論》云：「以願為先，引妙智起；⟂S⟂如願而了，故名願智。」⟂S⟂可見諸佛菩薩大願皆以大智大悲為首。⟂S⟂四弘誓願是一切大願的總願，別願如阿彌陀佛的四十八大願、藥師佛的十二大願、觀世音菩薩的十二大願。⟂S⟂願力可以成就一切事業，淨土宗也鼓勵往生極樂的人乘願再來。,https://books.masterhsingyun.org/ArticleDetail/artcle4153
rel_7901ea8900ab,ent_0b06e21deb6e,大智度論,Classic,classic_interpreted_as_doctrine,经典被阐释为教义或主张,ent_f3f20d04ac35,諸法實相,DoctrineTerm,directed,core_usable,stable_entity_graph,true,1,1,1,1,1,single_article,本論是龍樹晚年的著作，對學說、思想、用例、傳說、歷史、地理、實踐方法、僧伽的解說甚為詳細，並言及勝論派與印度一般思想，是當時的佛教百科全書。⟂S⟂在般若思想的弘揚上，龍樹的《中論》是站在「般若皆空」的否定立場而言，然本論則是以「諸法實相」的積極肯定立場，極力闡明大乘菩薩思想及六波羅蜜的宗教實踐，如卷四的尸毗王割肉餵鷹、須陀須摩王不犯禁戒，卷十一的大國王遍割身肉為燈炷供養婆羅門以求佛法、鴿以身投火施捨飢人，卷十二的薩婆達王以身布施婆羅門、月光太子布施血髓濟度癩人、六牙白象舉牙授與獵者、迦頻闍羅鳥教化禽獸，卷十四的羼提仙人、鹿王代鹿母受死、愛法梵志破皮析骨求法、雉滅林火等，處處揭示菩薩行者之修持，而與佛陀的本生譚有密不可分的關係。⟂S⟂因此，由本論即可了解龍樹以前佛教學說的大要。,https://books.masterhsingyun.org/ArticleDetail/artcle2943
rel_570058de1f70,ent_0b06e21deb6e,大智度論,Classic,classic_states_or_mentions_doctrine,经典陈述或提及教义,ent_c3569625ae14,三十二相,DoctrineTerm,directed,core_usable,stable_entity_graph,true,1,1,1,1,1,single_article,經典記載佛陀「三祇修福慧，百劫修相好」，《大智度論》說：「佛身以三十二相八十隨形好而自莊嚴法身。」,https://books.masterhsingyun.org/ArticleDetail/artcle5057
rel_ad8b157079d2,ent_0b06e21deb6e,大智度論,Classic,classic_states_or_mentions_doctrine,经典陈述或提及教义,ent_69277f40cb1e,六度,DoctrineTerm,directed,core_usable,stable_entity_graph,true,1,0,0,0,1,single_article,佛教是理性的宗教，佛法是智慧的學問，而般若則是佛法的雙眼，因此菩薩行六度波羅蜜*1，以般若為首，如《大智度論》云：「般若為導，五度為伴；,https://books.masterhsingyun.org/ArticleDetail/artcle8830
rel_63fc34aca711,ent_0b06e21deb6e,大智度論,Classic,classic_states_or_mentions_doctrine,经典陈述或提及教义,ent_4c194eb34333,般若,DoctrineTerm,directed,core_usable,stable_entity_graph,true,14,0,0,0,1,single_article,《大智度論》中說：「般若波羅蜜，分為二分，已成就者名為菩提，未成就者名為空。」,https://books.masterhsingyun.org/ArticleDetail/artcle341
rel_02c92d832e6b,ent_0b06e21deb6e,大智度論,Classic,classic_states_or_mentions_doctrine,经典陈述或提及教义,ent_f3f20d04ac35,諸法實相,DoctrineTerm,directed,core_usable,stable_entity_graph,true,1,1,1,1,1,single_article,般若是正見緣起，了悟諸法空性的智慧，《大智度論》卷四十三說到「般若者，即一切諸法實相，不可破，不可壞。」,https://books.masterhsingyun.org/ArticleDetail/artcle3973
rel_de6b681b138c,ent_fcc6eb8d5dc3,大梵天王,BuddhistFigure,person_participates_in_activity,人物参与活动,ent_dd79e187a078,靈山會,PracticeActivity,directed,core_usable,stable_entity_graph,true,1,1,1,1,1,single_article,說到禪宗，從遠處說，禪是從佛陀在靈山會上拈花微笑，把正法眼藏付囑摩訶迦葉（見《傳燈錄》）。⟂S⟂此事在《大梵天王問佛決疑經》中有詳細的記載：一日，佛陀行化至靈鷲山，時有大梵天王，為令今世、後世眾生獲得利益，以金婆羅華獻佛，捨身為床座，恭請佛陀為眾生說法。,https://books.masterhsingyun.org/ArticleDetail/artcle674
rel_546dc9421e61,ent_817aac64d7d7,大梵天王問佛決疑經,Classic,classic_records_person,经典记载人物,ent_62cf8ccca072,佛陀,BuddhistFigure,directed,core_usable,stable_entity_graph,true,1,1,1,1,1,single_article,說到禪宗，從遠處說，禪是從佛陀在靈山會上拈花微笑，把正法眼藏付囑摩訶迦葉（見《傳燈錄》）。⟂S⟂此事在《大梵天王問佛決疑經》中有詳細的記載：一日，佛陀行化至靈鷲山，時有大梵天王，為令今世、後世眾生獲得利益，以金婆羅華獻佛，捨身為床座，恭請佛陀為眾生說法。,https://books.masterhsingyun.org/ArticleDetail/artcle674
rel_8a4fd2fed861,ent_817aac64d7d7,大梵天王問佛決疑經,Classic,classic_records_person,经典记载人物,ent_fcc6eb8d5dc3,大梵天王,BuddhistFigure,directed,core_usable,stable_entity_graph,true,1,1,1,1,1,single_article,說到禪宗，從遠處說，禪是從佛陀在靈山會上拈花微笑，把正法眼藏付囑摩訶迦葉（見《傳燈錄》）。⟂S⟂此事在《大梵天王問佛決疑經》中有詳細的記載：一日，佛陀行化至靈鷲山，時有大梵天王，為令今世、後世眾生獲得利益，以金婆羅華獻佛，捨身為床座，恭請佛陀為眾生說法。,https://books.masterhsingyun.org/ArticleDetail/artcle674
rel_c8ae5ac3fe00,ent_817aac64d7d7,大梵天王問佛決疑經,Classic,classic_records_person,经典记载人物,ent_fef47302d49d,迦葉尊者,BuddhistFigure,directed,core_usable,stable_entity_graph,true,1,1,1,1,1,single_article,說到禪宗，從遠處說，禪是從佛陀在靈山會上拈花微笑，把正法眼藏付囑摩訶迦葉（見《傳燈錄》）。⟂S⟂此事在《大梵天王問佛決疑經》中有詳細的記載：一日，佛陀行化至靈鷲山，時有大梵天王，為令今世、後世眾生獲得利益，以金婆羅華獻佛，捨身為床座，恭請佛陀為眾生說法。⟂S⟂佛陀登座拈華示眾，與會百萬人天大眾皆面面相覷，無法會意。⟂S⟂唯有迦葉尊者當下靈犀相應，破顏而笑，於是佛陀開口道：「吾有正法眼藏，涅槃妙心，實相無相，微妙法門，不立文字，教外別傳，付囑摩訶迦葉。」,https://books.masterhsingyun.org/ArticleDetail/artcle674
rel_6844701fd448,ent_cad3c1a00a0d,大般若波羅蜜多經,Classic,classic_preached_at_place,经典宣说于地点,ent_55d164264407,靈鷲山,PlaceRealm,directed,core_usable,stable_entity_graph,true,1,1,1,1,1,single_article,如《大般若波羅蜜多經》、《妙法蓮華經》、《無量義經》、《佛說法華三昧經》等，都是在靈鷲山上宣說的，所以佛門有所謂的「靈山會上佛菩薩」、「靈山勝會」等話，就是讚揚諸佛菩薩法筵常在，福蔭佛弟子，意味雋永。⟂S⟂頻婆娑羅王為了親近佛陀，特地修建一條石階，直達山頂的園林。⟂S⟂距離山頂處，有許多小石窟，是比丘們修行的地方。⟂S⟂在山崖邊有磚造的精舍，精舍東面有長石，為佛陀經行之處。⟂S⟂精舍旁邊有一巨大的石塊，是當年提婆達多推石傷害佛陀的地點。⟂S⟂南邊懸崖下有一座小塔，佛陀曾在此處宣說《法華經》。,https://books.masterhsingyun.org/ArticleDetail/artcle3850
rel_2e8167ace23d,ent_92bed3de8c9d,大般若經,Classic,classic_interpreted_as_doctrine,经典被阐释为教义或主张,ent_9d76d66a4eef,唯心,DoctrineTerm,directed,core_usable,stable_entity_graph,true,1,1,1,1,1,single_article,《華嚴經》卷十九說：「若人欲了知，三世一切佛，應觀法界性，一切唯心造。」⟂S⟂華嚴宗主張三界都是心之所作，也就是說，客觀的世界，須有主觀的心照射之，方能現出客觀事象。⟂S⟂而且客觀的世界映入我人眼中，由主觀加以認識，全憑心智，所以《大般若經》卷五六八說：「於一切法，心為前導，若善知心，悉解眾法，種種世法，皆由心造。」⟂S⟂離卻心識，則無萬象，所以說：「三界唯心，萬法唯識。」⟂S⟂佛法以一心統攝諸法，並不落於一邊，而是藉現實以啟發心靈，本心靈以照見現實，這就是不偏唯心、不偏唯物，「色心並舉」的中道觀。,https://books.masterhsingyun.org/ArticleDetail/artcle3983
rel_a015911705a5,ent_d2c5411f1987,天台宗,SchoolTradition,school_has_founder_or_ancestor,宗派具有创始人或祖师,ent_bfb74faa1d08,智者大師,Person,directed,core_usable,stable_entity_graph,true,1,0,0,0,1,single_article,智者大師依本經創立天台宗。,https://books.masterhsingyun.org/ArticleDetail/artcle2128
rel_419be24e4f10,ent_d2c5411f1987,天台宗,SchoolTradition,school_has_founder_or_ancestor,宗派具有创始人或祖师,ent_58965d7f9c4c,智顗,BuddhistFigure,directed,core_usable,stable_entity_graph,true,1,0,0,0,1,single_article,此外，開創天台宗的智顗大師，在位於浙江台州府佛霞嶺山脈的天台山峰修道二十多年，創建了國清寺等十二所道場。,https://books.masterhsingyun.org/ArticleDetail/artcle979
rel_51cb9dc1aaab,ent_d2c5411f1987,天台宗,SchoolTradition,school_has_founder_or_ancestor,宗派具有创始人或祖师,ent_0ac364d23d18,最澄,BuddhistFigure,directed,core_usable,stable_entity_graph,true,1,0,0,0,1,single_article,最澄於日本開創天台宗後，該經更成為佛教教學的中心、新佛教的主幹，而影響日本佛教界。,https://books.masterhsingyun.org/ArticleDetail/artcle2128
rel_3936f7cb0690,ent_d2c5411f1987,天台宗,SchoolTradition,school_has_founder_or_ancestor,宗派具有创始人或祖师,ent_c9ca3ec7ac9b,上月圓覺法師,BuddhistFigure,directed,core_usable,stable_entity_graph,true,1,0,0,0,1,single_article,一九六六年，上月圓覺法師在小白山救仁寺（位於忠清北道丹陽郡）創立天台宗。,https://books.masterhsingyun.org/ArticleDetail/artcle8396
rel_a28d0a100e47,ent_d2c5411f1987,天台宗,SchoolTradition,school_teaches_doctrine,宗派主张教义,ent_8e5bc1f388e3,一念三千,Concept,directed,core_usable,stable_entity_graph,true,5,4,4,4,5,multi_article,一念亦稱一心，指心念活動的最短時刻；⟂S⟂三千表示世間與出世間一切善惡、性相等人、物差別的總和。⟂S⟂一念三千是於凡夫當下一念之中，具足三千世間的諸法性相。⟂S⟂蓋天台宗思想，不論三性的有漏無漏，而謂介爾一心即具三千世間的迷悟諸法而無欠缺。⟂S⟂《摩訶止觀》卷五上：「夫一心具十法界，一法界又具十法界、百法界；⟂S⟂一界具三十種世間，百法界即具三千種世間。⟂S⟂此三千在一念心，若無心而已，介爾有心，即具三千，亦不言一心在前，一切法在後，亦不言一切法在前，一心在後。」⟂S⟂考諸吾人於日夜所起的一念心，必屬十法界中的某一法界，如與殺生等瞋恚相應，是地獄界；⟂S⟂若與貪欲相應，是餓鬼界；⟂S⟂若與人倫道德律相應，是人間界；⟂S⟂若與真如法界相應，是佛界。⟂S⟂是故一念與某界相應，此心即在某界，而且此眾生之一念心並非與一切諸法之間有所隔歷，而是互具互融。⟂S⟂因其非孤立，故在一界必具十界。⟂S⟂同時，於此十界又各具十界，而成百界。⟂S⟂此百界復具足十如是（如是相、如是性、如是體、如是力、如是作、如是因、如是緣、如是果、如是報、如是本末究竟等），即成千如，再配以五陰、眾生、國土三世間，即此三千世間具足於一念之中。⟂S⟂一念三千的教義是根據《六十華嚴‧夜摩天宮自在品》的「心佛眾生，三無差別」而來。⟂S⟂初學者根機淺，不宜作高層次的觀法，須由自心觀起，以具體事物為所觀對象，故天台宗立一心三觀之法以為初學入門之機。,https://books.masterhsingyun.org/ArticleDetail/artcle4145
rel_edc5b20062b8,ent_d2c5411f1987,天台宗,SchoolTradition,school_teaches_doctrine,宗派主张教义,ent_c9fa0f51d3bc,三種止觀,DoctrineTerm,directed,core_usable,stable_entity_graph,true,1,1,1,1,1,single_article,(1)三種止觀：天台宗最有名的修行方法是三種止觀。⟂S⟂何謂止觀？⟂S⟂「止」是停止、止息的意思，指停止一切的心念而住於無念之中，摒除一切的妄想，令生正定的智慧。⟂S⟂「觀」是觀想、貫穿的意思，是止息散亂的妄想之後，進一步觀想諸法，以發真智，徹悟諸法實相的本體。⟂S⟂止是止息一切諸法妄念，為靜態、消極性地不造作，為禪定門；⟂S⟂觀是觀想緣境、觀想光明，為動態、積極性地再用功，為智慧門。⟂S⟂此二者如車之兩輪、鳥之雙翼，為求道者修禪發慧之要門。,https://books.masterhsingyun.org/ArticleDetail/artcle3702
rel_660366bb4a36,ent_d2c5411f1987,天台宗,SchoolTradition,school_teaches_doctrine,宗派主张教义,ent_9303c5858a40,百界千如,Concept,directed,core_usable,stable_entity_graph,true,1,1,1,1,1,single_article,(二)漢系的宗派理論與印度佛教史，從原始佛教、部派佛教、大乘佛教以至密教，其教理與歷史的演化有著不可分割的密切關連。⟂S⟂而漢系宗派思想如天台的「五時、八教」、「一念三千」、「百界千如」，華嚴的「五教、十宗」、「四法界」、「六相」、「十玄門」都是以義理為核心，以判教為手段，以充分發揮佛教之內蘊，具有自成體系的特色。,https://books.masterhsingyun.org/ArticleDetail/artcle17815
rel_f76e83c184fa,ent_d2c5411f1987,天台宗,SchoolTradition,school_teaches_doctrine,宗派主张教义,ent_12e5648ac304,五時八教,Concept,directed,core_usable,stable_entity_graph,true,1,1,1,1,1,single_article,(二)漢系的宗派理論與印度佛教史，從原始佛教、部派佛教、大乘佛教以至密教，其教理與歷史的演化有著不可分割的密切關連。⟂S⟂而漢系宗派思想如天台的「五時、八教」、「一念三千」、「百界千如」，華嚴的「五教、十宗」、「四法界」、「六相」、「十玄門」都是以義理為核心，以判教為手段，以充分發揮佛教之內蘊，具有自成體系的特色。,https://books.masterhsingyun.org/ArticleDetail/artcle17815
rel_cce2159e7412,ent_cf194373989a,如來,BuddhistFigure,person_performs_practice,人物实践修行,ent_91f9a0883bbd,三三昧,DoctrineTerm,directed,core_usable,stable_entity_graph,true,1,0,0,0,1,single_article,如來修三三昧、九次第定等，非諸聲聞、緣覺所能及。,https://books.masterhsingyun.org/ArticleDetail/artcle23053
rel_f2493430e2a9,ent_cf194373989a,如來,BuddhistFigure,person_teaches_audience,人物教导受众,ent_b35b69fd5ff9,眾生,DoctrineTerm,directed,core_usable,stable_entity_graph,true,1,0,0,0,1,single_article,此時，維摩居士代表大眾請問眾香國菩薩，香積如來如何教化眾生，眾菩薩回答香積如來不以文字說法，而以眾香做佛事。,https://books.masterhsingyun.org/ArticleDetail/artcle9804
rel_ee34a8f15f1a,ent_b250eec89e66,妄想,DoctrineTerm,concept_in_tension_with,概念之间存在义理张力,ent_f76ae8b83972,真理,Concept,symmetric,core_usable,stable_entity_graph,true,1,1,1,1,1,single_article,不切實際、虛幻妄想的人，不能與真理、實際相應……,https://books.masterhsingyun.org/ArticleDetail/artcle14409
rel_9bf8313f8a80,ent_b250eec89e66,妄想,DoctrineTerm,concept_in_tension_with,概念之间存在义理张力,ent_8192dba0aaf3,自在,Concept,symmetric,core_usable,stable_entity_graph,true,3,3,3,3,3,multi_article,相反的，妄想、雜念不除，不但無法心安自在，更是障礙佛道的因緣。,https://books.masterhsingyun.org/ArticleDetail/artcle145
rel_922513e52245,ent_7b851d9b1e71,妙有,DoctrineTerm,concept_reconciled_with,概念在语境中被说明为可调和,ent_40c8f9586cac,真空,DoctrineTerm,symmetric,core_usable,stable_entity_graph,true,1,1,1,1,1,single_article,本分旨在敘述般若法「非斷非常」，不可用斷常之見思量，而且本是「不生不滅」的，不可用生滅之法來論議，因此般若法體「無斷無滅」。⟂S⟂前一分說到「不可以三十二相觀如來」，是遮眾生著相而求的「常見」，也就是「有見」；⟂S⟂這一分則是止眾生撥無因果的「斷滅空見」。⟂S⟂這兩種邪見都是偏執，不是佛法的大義。⟂S⟂真正的「空」，是超越有、無二邊，無實無虛的中道，不是什麼都沒有，而是即有即空、即空即有的「妙有真空」。,https://books.masterhsingyun.org/ArticleDetail/artcle929
rel_55b18d4b8f8e,ent_7b851d9b1e71,妙有,DoctrineTerm,concept_reconciled_with,概念在语境中被说明为可调和,ent_08bedbb7dcb1,空性,DoctrineTerm,symmetric,core_usable,stable_entity_graph,true,1,1,1,1,1,single_article,意思就是說，一切有為法都是因緣所生的假有，本性是空，因此我們不要從假象上執有，應該從假有中認識空性，但是也不能從空性中執空，因為儘管緣起法是幻有、假有，但也並非虛無，我們可以從空性中看到妙有。⟂S⟂所以，真正了解緣起法的人，不會在一切法上執著實有，所謂「色即是空」；,https://books.masterhsingyun.org/ArticleDetail/artcle189
rel_c4154ba5963e,ent_089bf48fc6e8,妙法蓮華經,Classic,classic_interpreted_as_doctrine,经典被阐释为教义或主张,ent_f3f20d04ac35,諸法實相,DoctrineTerm,directed,core_usable,stable_entity_graph,true,1,1,1,1,1,single_article,因為這《妙法蓮華經》的經意、內容，是佛的境界，是佛與佛乃能究竟的諸法實相，人、天、聲聞、緣覺、權乘菩薩乃至辟支佛等，都沒有辦法體會。⟂S⟂因此，當佛陀答應開講時，竟然有五千人因為聽不懂，無法接受而退席。,https://books.masterhsingyun.org/ArticleDetail/artcle6787
rel_5e0d42dc66cd,ent_089bf48fc6e8,妙法蓮華經,Classic,classic_preached_at_place,经典宣说于地点,ent_55d164264407,靈鷲山,PlaceRealm,directed,core_usable,stable_entity_graph,true,1,1,1,1,1,single_article,如《大般若波羅蜜多經》、《妙法蓮華經》、《無量義經》、《佛說法華三昧經》等，都是在靈鷲山上宣說的，所以佛門有所謂的「靈山會上佛菩薩」、「靈山勝會」等話，就是讚揚諸佛菩薩法筵常在，福蔭佛弟子，意味雋永。⟂S⟂頻婆娑羅王為了親近佛陀，特地修建一條石階，直達山頂的園林。⟂S⟂距離山頂處，有許多小石窟，是比丘們修行的地方。⟂S⟂在山崖邊有磚造的精舍，精舍東面有長石，為佛陀經行之處。⟂S⟂精舍旁邊有一巨大的石塊，是當年提婆達多推石傷害佛陀的地點。⟂S⟂南邊懸崖下有一座小塔，佛陀曾在此處宣說《法華經》。,https://books.masterhsingyun.org/ArticleDetail/artcle3850
rel_2b57758b12bc,ent_580c687b3eed,婆羅門,Group,group_oppresses_group,群体压迫群体,ent_eb528b7665ff,吠舍,Group,directed,evidence_usable,evidence_graph,false,1,1,1,1,1,single_article,第二個階級是剎帝利，也就是一些王公貴族，他們和婆羅門同樣受到尊敬。⟂S⟂第三階級是吠舍，就是一般的農工商階級，他們受婆羅門和剎帝利權勢所壓迫，連受普通教育的資格都沒有。,https://books.masterhsingyun.org/ArticleDetail/artcle1792
rel_9566608e0f09,ent_580c687b3eed,婆羅門,Group,group_performs_practice,群体实践修行,ent_bd68ae54ea00,修行,PracticeActivity,directed,core_usable,stable_entity_graph,true,1,1,1,1,1,single_article,佛陀為婆羅門說布施功德、清淨道、供養父母的福德、得現世後世安樂的方法、耕耘心田的方法。⟂S⟂並有婆羅門共佛論議後，出家修行。,https://books.masterhsingyun.org/ArticleDetail/artcle2121
rel_9d543624f697,ent_580c687b3eed,婆羅門,Group,group_performs_practice,群体实践修行,ent_c9da39b6e30f,出家,PracticeActivity,directed,core_usable,stable_entity_graph,true,3,2,2,2,3,multi_article,漢傳佛教這一僧團傳統來自釋道安。⟂S⟂《佛祖統紀》載：「安入關沙門皆隨師姓。⟂S⟂安曰。⟂S⟂師莫如佛。⟂S⟂應沙門宜以釋為姓。⟂S⟂及增一阿含經至有云四河入海無復異名。⟂S⟂四姓出家同稱釋氏。」⟂S⟂《佛祖統紀》，《大正藏》第49冊，頁341a。⟂S⟂道安所引的《增壹阿含經》中有謂：「聞如是：一時，佛在舍衛國祇樹給孤獨園。⟂S⟂爾時，世尊告諸比丘：今有四大河水從阿耨達泉出。⟂S⟂云何為四？⟂S⟂所謂恒伽、新頭、婆叉、私陀。⟂S⟂彼恒伽水牛頭口出向東流，新頭南流師子口出，私陀西流象口中出，婆叉北流從馬口中出。⟂S⟂是時，四大河水遶阿耨達泉已，恒伽入東海，新頭入南海，婆叉入西海，私陀入北海。⟂S⟂爾時，四大河入海已，無復本名字，但名為海。⟂S⟂此亦如是。⟂S⟂有四姓。⟂S⟂云何為四？⟂S⟂剎利、婆羅門、長者、居士種，於如來所，剃除鬚髮，著三法衣，出家學道，無復本姓，但言沙門釋迦子。⟂S⟂所以然者，如來眾者，其猶大海，四諦其如四大河，除去結使，入於無畏涅槃城。⟂S⟂是故，諸比丘！⟂S⟂諸有四姓，剃除鬚髮，以信堅固，出家學道者，彼當滅本名字，自稱釋迦弟子。⟂S⟂所以然者，我今正是釋迦子，從釋種中出家學道。⟂S⟂比丘當知，欲論生子之義者，當名沙門釋種子是。⟂S⟂所以者何？⟂S⟂生皆由我生，從法起，從法成。⟂S⟂是故，比丘！⟂S⟂當求方便，得作釋種子。⟂S⟂如是，諸比丘！⟂S⟂當作是學。⟂S⟂爾時，諸比丘聞佛所說，歡喜奉行。」⟂S⟂參見《增壹阿含經，苦樂品第二十九》第九經，《大正藏》第2冊，頁658b-658c。,https://books.masterhsingyun.org/ArticleDetail/artcle24684
rel_5af9974742f3,ent_581c3e8e9a5c,宋高僧傳,Classic,classic_records_person,经典记载人物,ent_7a2ee41fc989,三太子哪吒,BuddhistFigure,directed,core_usable,stable_entity_graph,true,1,1,1,1,1,single_article,在中國，《宋高僧傳》記載，三太子哪吒亦收藏有一枚佛牙舍利，後來將之送給道宣法師，宋徽宗時曾迎至王宮供奉，後來不翼而飛，從此不知下落。,https://books.masterhsingyun.org/ArticleDetail/artcle7214
rel_2245d64bc128,ent_581c3e8e9a5c,宋高僧傳,Classic,classic_records_person,经典记载人物,ent_c82440250d41,道宣法師,BuddhistFigure,directed,core_usable,stable_entity_graph,true,1,1,1,1,1,single_article,在中國，《宋高僧傳》記載，三太子哪吒亦收藏有一枚佛牙舍利，後來將之送給道宣法師，宋徽宗時曾迎至王宮供奉，後來不翼而飛，從此不知下落。,https://books.masterhsingyun.org/ArticleDetail/artcle7214
rel_5bffe369446d,ent_14ab582c05a3,宗鏡錄,Classic,classic_interpreted_as_doctrine,经典被阐释为教义或主张,ent_de77c6f5f383,自作自受,DoctrineTerm,directed,core_usable,stable_entity_graph,true,1,1,1,1,1,single_article,「因緣會遇時，果報還自受」（《宗鏡錄》），等到善惡業的因緣成熟了，一切還得自作自受，這是因果業報不變的定律。,https://books.masterhsingyun.org/ArticleDetail/artcle785
rel_5b7a04c488ad,ent_4b1c8fcaafc1,定慧,DoctrineTerm,concept_defined_as,概念定义为,ent_9cd967e3eca3,止觀,PracticeActivity,directed,core_usable,stable_entity_graph,true,1,0,0,0,1,single_article,定慧就是止觀。,https://books.masterhsingyun.org/ArticleDetail/artcle2168
rel_3f1f796f0ce4,ent_be0f51c1913a,實性,DoctrineTerm,concept_defined_as,概念定义为,ent_7218629ab8b8,自性,DoctrineTerm,directed,core_usable,stable_entity_graph,true,1,0,0,0,1,single_article,實性就是真實的自性，也就是真如佛性的異名。,https://books.masterhsingyun.org/ArticleDetail/artcle162
rel_7d6965307193,ent_f7e49f4ae092,實相,DoctrineTerm,concept_defined_as,概念定义为,ent_b4d10439f17e,佛性,DoctrineTerm,directed,core_usable,stable_entity_graph,true,1,0,0,0,1,single_article,所以法身實相就是我們周遭的人、事、物，法身實相就是我們本自具足的佛心佛性，法身實相是物我一如的境界。,https://books.masterhsingyun.org/ArticleDetail/artcle7544
rel_dae60c41d455,ent_f7e49f4ae092,實相,DoctrineTerm,concept_defined_as,概念定义为,ent_9a09ad0a2d77,無常,DoctrineTerm,directed,core_usable,stable_entity_graph,true,1,0,0,0,1,single_article,這首偈頌讓我們看清世間的實相就是「無常」，也讓我們更深入認識世間的真實相，進而珍惜生命，奮發向上！,https://books.masterhsingyun.org/ArticleDetail/artcle13437
rel_aac2600ded8f,ent_f7e49f4ae092,實相,DoctrineTerm,concept_equivalent_to,概念等同或同义,ent_4c194eb34333,般若,DoctrineTerm,symmetric,core_usable,stable_entity_graph,true,1,1,1,1,1,single_article,般若是什麼？⟂S⟂六祖惠能大師說：「菩提般若之智，世人本自有之；⟂S⟂只緣心迷，不能自悟，須假大善知識，示導見性。⟂S⟂當知愚人智人，佛性本無差別，只緣迷悟不同，所以有愚有智。」⟂S⟂般若不是外來的知識，而是眾生的清淨光明本性，是眾生的本來面目；⟂S⟂般若是法身、實相、自性、佛性的同義詞。⟂S⟂般若是我們人之本源、人之根本、真如佛性，就是我們的本來面目。⟂S⟂,https://books.masterhsingyun.org/ArticleDetail/artcle24162
rel_5b48703209c0,ent_f7e49f4ae092,實相,DoctrineTerm,concept_equivalent_to,概念等同或同义,ent_08bedbb7dcb1,空性,DoctrineTerm,symmetric,core_usable,stable_entity_graph,true,2,2,2,2,2,multi_article,四、空性：所謂「空性」，並非指存在的東西忽然變得不存在了，而是指一切事物的存在，是無自性*7的，沒有不變不滅的實體，所以空性才是實相。,https://books.masterhsingyun.org/ArticleDetail/artcle3967
rel_580730d6af94,ent_91952e90f95d,寂滅,DoctrineTerm,concept_defined_as,概念定义为,ent_b265c0f135b0,涅槃,DoctrineTerm,directed,core_usable,stable_entity_graph,true,1,0,0,0,1,single_article,2.擇滅無為：由智慧揀擇的力量，斷除一切煩惱，所得的寂滅就是涅槃。,https://books.masterhsingyun.org/ArticleDetail/artcle6841
rel_f7e5ce608b7b,ent_3fb645bab62e,密教,SchoolTradition,concept_named_as,概念命名为,ent_f32778275820,喇嘛教,SchoolTradition,directed,core_usable,stable_entity_graph,true,1,0,0,0,1,single_article,密教，是相對於顯教而言，世俗又稱密教為喇嘛教。,https://books.masterhsingyun.org/ArticleDetail/artcle674
rel_d2bbb869e5b5,ent_3fb645bab62e,密教,SchoolTradition,doctrine_transmitted_to_place,教义传播至地点,ent_e5cc7b4be7db,中國,PlaceRealm,directed,core_usable,stable_entity_graph,true,1,0,0,0,1,single_article,三人首將密教傳至中國，奠定密教基礎。,https://books.masterhsingyun.org/ArticleDetail/artcle8724
rel_12a5a4477b91,ent_5ca2f4116c8d,寺院,Institution,institution_has_facility,机构具有场所设施,ent_27cbc906ccf8,禪堂,PlaceRealm,directed,core_usable,stable_entity_graph,true,1,1,1,1,1,single_article,古代寺院的禪堂規矩森嚴，哪裡能容得一般人隨便進出。⟂S⟂因此，他不斷地向香燈師說了多少的好話，央求香燈師同意讓他進去禪堂裡看一看。,https://books.masterhsingyun.org/ArticleDetail/artcle5954
rel_40da21879f18,ent_5ca2f4116c8d,寺院,Institution,institution_hosts_activity,机构举办活动,ent_ba53e52ece62,法會,PracticeActivity,directed,core_usable,stable_entity_graph,true,10,0,0,0,1,single_article,比方說，寺院舉辦法會，他們可以擔任香燈，照顧案桌、照顧蒲團；,https://books.masterhsingyun.org/ArticleDetail/artcle2327
rel_ac832e3caafd,ent_5ca2f4116c8d,寺院,Institution,institution_hosts_activity,机构举办活动,ent_390b7a8033d6,繫念,PracticeActivity,directed,core_usable,stable_entity_graph,true,1,1,1,1,1,single_article,農曆七月在佛門又稱為僧伽月、功德月、報恩月、孝道月、福田月……各地寺院都紛紛舉辦盂蘭盆法會、地藏法會、超度法會、瑜伽燄口、三時繫念、梁皇寶懺、三昧水懺、金剛寶懺、禮誦《地藏經》……信徒們為這一個月的佛事，把佛教界都帶動起來了。,https://books.masterhsingyun.org/ArticleDetail/artcle2227
rel_21456338e6cc,ent_5ca2f4116c8d,寺院,Institution,institution_hosts_activity,机构举办活动,ent_9b8df20182d8,供僧法會,PracticeActivity,directed,core_usable,stable_entity_graph,true,2,0,0,0,1,single_article,現今的寺院除了依循這個傳統舉行盂蘭盆報恩孝親法會，也會舉行供僧法會，設齋供養僧眾。,https://books.masterhsingyun.org/ArticleDetail/artcle24265
rel_0c814b1b017d,ent_5ca2f4116c8d,寺院,Institution,institution_hosts_activity,机构举办活动,ent_304830ec88fd,大悲懺法會,PracticeActivity,directed,core_usable,stable_entity_graph,true,1,0,0,0,1,single_article,至於《大悲懺》，是宋代天台宗四明知禮（法智）大師根據《千手千眼觀世音菩薩廣大圓滿無礙大悲心陀羅尼經》為藍本制定而成，是共修的法門之一，許多寺院常定期舉辦「大悲懺法會」。,https://books.masterhsingyun.org/ArticleDetail/artcle2061
rel_f7071a587d9d,ent_5ca2f4116c8d,寺院,Institution,institution_hosts_activity,机构举办活动,ent_6a96000d4114,浴佛法會,PracticeActivity,directed,core_usable,stable_entity_graph,true,2,0,0,0,1,single_article,為了慶祝佛陀降誕人間，每年農曆四月八日（稱為佛誕節），寺院都會舉行浴佛法會，藉此提升宗教信仰，以及淨化社會人心。,https://books.masterhsingyun.org/ArticleDetail/artcle14991
rel_4f0e58275943,ent_5ca2f4116c8d,寺院,Institution,institution_hosts_activity,机构举办活动,ent_6148c04ef4e3,盂蘭盆法會,PracticeActivity,directed,core_usable,stable_entity_graph,true,1,1,1,1,1,single_article,農曆七月在佛門又稱為僧伽月、功德月、報恩月、孝道月、福田月……各地寺院都紛紛舉辦盂蘭盆法會、地藏法會、超度法會、瑜伽燄口、三時繫念、梁皇寶懺、三昧水懺、金剛寶懺、禮誦《地藏經》……信徒們為這一個月的佛事，把佛教界都帶動起來了。,https://books.masterhsingyun.org/ArticleDetail/artcle2227
rel_8eb98f1a0a44,ent_5ca2f4116c8d,寺院,Institution,institution_hosts_activity,机构举办活动,ent_cb3fb738fb33,短期出家,PracticeActivity,directed,core_usable,stable_entity_graph,true,2,0,0,0,1,single_article,最近十年來，各寺院及佛教寺院特別在假期舉辦短期出家。,https://books.masterhsingyun.org/ArticleDetail/artcle8397
rel_913c77a2a1a1,ent_5ca2f4116c8d,寺院,Institution,institution_hosts_activity,机构举办活动,ent_04d7fa03864a,八關齋戒修持法會,PracticeActivity,directed,core_usable,stable_entity_graph,true,1,1,1,1,1,single_article,過去寺院舉行八關齋戒會的時間多半是在六齋日（即初八、十四、十五、二十三、二十九、三十），誠如大師說：這個「六齋日」，主要就是要讓信徒學習出家人的生活，能夠安貧樂道，少欲知足，增加修行上的功行，所以在六齋日受持八關齋戒，倒也非常適合。,https://books.masterhsingyun.org/ArticleDetail/artcle24260
rel_66cdaa8a3b4a,ent_5ca2f4116c8d,寺院,Institution,institution_propagates_doctrine,机构传播教义,ent_a6b94c65c717,人間佛教,Concept,directed,core_usable,stable_entity_graph,true,1,0,0,0,1,single_article,唯有這麼氣派雄渾、堂堂正正的寺院，才能弘揚人間佛教於歐美、建立人間淨土在西方。,https://books.masterhsingyun.org/ArticleDetail/artcle15635
rel_f2a96cde839b,ent_5ca2f4116c8d,寺院,Institution,institution_propagates_doctrine,机构传播教义,ent_e148ca0687f4,佛法,DoctrineTerm,directed,core_usable,stable_entity_graph,true,3,0,0,0,1,single_article,寺院本來是傳播佛法的道場，是大眾心靈寄託的地方，但是今日佛教界，有許多人將寺院視為個人清修的場所，是安養天年的養老院，是逃避世間責任的收容所。,https://books.masterhsingyun.org/ArticleDetail/artcle5060
rel_6a1f887126b2,ent_5ca2f4116c8d,寺院,Institution,institution_serves_group,机构服务或利益群体,ent_1b85a8db0019,信徒,Group,directed,core_usable,stable_entity_graph,true,6,5,5,3,6,multi_article,中國寺院長久以來，即有向信徒添油香的例子，像叢林的掛單制度、供養上書齋主姓名、回向、灑淨、祝禱、每逢歲末的臘八粥、灶符、春聯、普同供養等，將佛教的關心，送進每一個家庭。,https://books.masterhsingyun.org/ArticleDetail/artcle5776
rel_b3d9f4981b7a,ent_fd2184b7e161,小千世界,PlaceRealm,concept_named_as,概念命名为,ent_046b68cc9d8c,三千大千世界,PlaceRealm,directed,core_usable,stable_entity_graph,true,1,0,0,0,1,single_article,總稱這大千世界、中千世界、小千世界叫做三千大千世界。,https://books.masterhsingyun.org/ArticleDetail/artcle2168
rel_a4e4085b7566,ent_a302f1c3e037,尸迦羅越六方禮經,Classic,classic_records_person,经典记载人物,ent_c7eeabbd3b9b,善生,BuddhistFigure,directed,core_usable,stable_entity_graph,true,1,1,1,1,1,single_article,《尸迦羅越六方禮經》記載，印度一婆羅門之子善生遵從亡父之命，每天清晨出至王舍城，向六方禮拜。,https://books.masterhsingyun.org/ArticleDetail/artcle4007
rel_8cac17642fc8,ent_d8d40b2b6832,居士,RoleTitle,concept_named_as,概念命名为,ent_5fd0a4f22627,優婆塞,Concept,directed,core_usable,stable_entity_graph,true,2,0,0,0,1,single_article,在梵文裡，男居士叫作「優婆塞」，女居士叫作「優婆夷」，只是一般都不會分得這麼清楚，統稱為「某某居士」。,https://books.masterhsingyun.org/ArticleDetail/artcle2213
rel_68fd3ed1f34d,ent_6edf8b144a9a,差別,DoctrineTerm,doctrinal_entails,义理论证推出,ent_3f2cfc0ad314,煩惱,DoctrineTerm,directed,core_usable,stable_entity_graph,true,1,1,1,1,1,single_article,同樣的，人生如果有了二和三的分別，有了差別、矛盾，就會有煩惱；,https://books.masterhsingyun.org/ArticleDetail/artcle9792
rel_c332f4c51a03,ent_4d8dbf44a614,布施,PracticeActivity,activity_serves_group,活动或实践服务群体,ent_580c687b3eed,婆羅門,Group,directed,core_usable,stable_entity_graph,true,1,1,1,1,1,single_article,本論是龍樹晚年的著作，對學說、思想、用例、傳說、歷史、地理、實踐方法、僧伽的解說甚為詳細，並言及勝論派與印度一般思想，是當時的佛教百科全書。⟂S⟂在般若思想的弘揚上，龍樹的《中論》是站在「般若皆空」的否定立場而言，然本論則是以「諸法實相」的積極肯定立場，極力闡明大乘菩薩思想及六波羅蜜的宗教實踐，如卷四的尸毗王割肉餵鷹、須陀須摩王不犯禁戒，卷十一的大國王遍割身肉為燈炷供養婆羅門以求佛法、鴿以身投火施捨飢人，卷十二的薩婆達王以身布施婆羅門、月光太子布施血髓濟度癩人、六牙白象舉牙授與獵者、迦頻闍羅鳥教化禽獸，卷十四的羼提仙人、鹿王代鹿母受死、愛法梵志破皮析骨求法、雉滅林火等，處處揭示菩薩行者之修持，而與佛陀的本生譚有密不可分的關係。⟂S⟂因此，由本論即可了解龍樹以前佛教學說的大要。,https://books.masterhsingyun.org/ArticleDetail/artcle2943
rel_8b03d9916213,ent_4d8dbf44a614,布施,PracticeActivity,activity_serves_group,活动或实践服务群体,ent_01a8576737aa,有學問的人,Group,directed,core_usable,stable_entity_graph,true,1,1,1,1,1,single_article,三、追隨有識學者：兒女要依賴父母，學生要依靠師長，年輕人的前途，要靠有識之士的提攜。⟂S⟂因此聰明的父母，不但為兒女找尋好的朋友讓他結交，甚至要幫他找個有識之士，跟其學習，必能受益。⟂S⟂《四十二章經》說：我們跟五百個人布施結緣，不如和一個有學問的人親近，對五百個有學問的人恭敬布施，不如和一個有思想、有實踐的聖賢來往。⟂S⟂由此可見，吾人在成長過程中，要靠大善知識給予教導、指示。⟂S⟂所謂「明師難遇」，過去的年輕人，遇到一位有識之士，追隨其右，一學就是十年、二十年，數十寒暑不離師門，最後終有所成。⟂S⟂慧遠大師在廬山三十年，多少學者聚集；⟂S⟂慧忠國師在南陽四十年，多少學人參訪。⟂S⟂追隨有道之士，不計時間長短。,https://books.masterhsingyun.org/ArticleDetail/artcle4185
rel_6486acc1a5bd,ent_4d8dbf44a614,布施,PracticeActivity,concept_defined_as,概念定义为,ent_0039c8661a80,善緣,Concept,directed,core_usable,stable_entity_graph,true,1,0,0,0,1,single_article,所謂布施，就是廣結善緣。,https://books.masterhsingyun.org/ArticleDetail/artcle9287
rel_b86c43a03f97,ent_4d8dbf44a614,布施,PracticeActivity,concept_defined_as,概念定义为,ent_464a8094055a,結緣,DoctrineTerm,directed,core_usable,stable_entity_graph,true,2,0,0,0,1,single_article,他解釋「布施」就是「結緣」，就是「給」，例如給人因緣、給人幫助、給人歡喜……這就是布施，就是結緣。,https://books.masterhsingyun.org/ArticleDetail/artcle15693
rel_406a5e34df6a,ent_4d8dbf44a614,布施,PracticeActivity,doctrine_constrained_by,义理受条件或范围限制,ent_7ed1a52121c4,清淨,DoctrineTerm,directed,core_usable,stable_entity_graph,true,1,1,1,1,1,single_article,如：佛教的布施是要人學習捨棄慳吝之私念，但布施的來處，必須是清淨的，不違反國家的法律，同時施者心不驕慢，受者心懷感恩，是「能施、所施及施物，於三世中無所得；,https://books.masterhsingyun.org/ArticleDetail/artcle8828
rel_b1a5c1323cbf,ent_4d8dbf44a614,布施,PracticeActivity,practice_has_benefit,实践产生利益或功德,ent_c3569625ae14,三十二相,DoctrineTerm,directed,core_usable,stable_entity_graph,true,1,1,1,1,1,single_article,第一、對錢財要及時行施：經云：「為人大富，布施中來。」⟂S⟂諸佛菩薩三十二相、八十種好，都是從累生累劫修習布施而來，大乘法中的六度萬行，布施是第一波羅蜜。⟂S⟂所謂「鮒魚困涸轍，難待西江水」，海水雖多，不能挽救一個飢渴的人；⟂S⟂一掬水雖少，卻可及時拯救一個飢渴之人的性命，你想要「待有餘而後濟人，必無濟人之日」，因此要懂得及時布施錢財。,https://books.masterhsingyun.org/ArticleDetail/artcle8198
rel_2807f7b7d915,ent_4d8dbf44a614,布施,PracticeActivity,practice_has_benefit,实践产生利益或功德,ent_9f4e43b60b58,功德,DoctrineTerm,directed,core_usable,stable_entity_graph,true,5,3,3,2,4,multi_article,布施有很大的功德，但布施若沒有智慧或布施錯誤，就會有過失。,https://books.masterhsingyun.org/ArticleDetail/artcle9887
rel_7c3820935546,ent_4d8dbf44a614,布施,PracticeActivity,practice_has_benefit,实践产生利益或功德,ent_6deef676b2d3,福德,DoctrineTerm,directed,core_usable,stable_entity_graph,true,6,6,6,3,6,multi_article,像佛陀，也是「三祇修福慧，百劫修相好」，最後才成就三十二相、八十種好，一切的福德果報，都是從布施中來。,https://books.masterhsingyun.org/ArticleDetail/artcle13848
rel_f5f7647622a8,ent_4d8dbf44a614,布施,PracticeActivity,practice_promoted_to_group,實踐向群體推廣,ent_1b85a8db0019,信徒,Group,directed,core_usable,stable_entity_graph,true,1,1,1,1,1,single_article,我們的願望雖然如斯，但茲事體大，我們懇切呼籲十方信徒，效須達長者的黃金布地，學鹿母夫人的大心布施，所謂聚沙成塔，集腋成裘，或捐佛像，或獻鐘鼓，或發大願，或施磚瓦，我們在大師領導下，務期中國佛寺光耀於美國，務期法水西來於歐美，有心有願的我中華佛子，盍興乎來！」,https://books.masterhsingyun.org/ArticleDetail/artcle17420
rel_fc2f2f55412f,ent_a15549db03a1,常住,DoctrineTerm,concept_defined_as,概念定义为,ent_d3e26d33b46f,大眾,Group,directed,core_usable,stable_entity_graph,true,2,0,0,0,1,single_article,常住就是「公是公非」，常住就是大眾。,https://books.masterhsingyun.org/ArticleDetail/artcle10863
rel_eafd080d061c,ent_16f908ec8fe7,常行三昧,DoctrineTerm,concept_named_as,概念命名为,ent_8f73a9d36d56,佛立三昧,DoctrineTerm,directed,core_usable,stable_entity_graph,true,3,3,3,1,3,multi_article,b.常行三昧：依據《般舟三昧經》所修的三昧，又稱「般舟三昧」。⟂S⟂以九十日為一期，於道場內，身常旋行繞佛，無有間休（倦則立息，不可坐、臥），口常唱念阿彌陀佛，心憶觀想阿彌陀佛，步步聲聲念念唯有阿彌陀佛，精勤不懈。⟂S⟂若三昧成就，能於定中見十方諸佛顯現於前，故又稱「佛立三昧」。,https://books.masterhsingyun.org/ArticleDetail/artcle8763
rel_82d86dd67c97,ent_16f908ec8fe7,常行三昧,DoctrineTerm,doctrine_based_on_classic,教义依据经典,ent_96d1c770087d,般舟三昧經,Classic,directed,core_usable,stable_entity_graph,true,3,3,3,1,3,multi_article,2.常行三昧：又叫般舟三昧。⟂S⟂依據《般舟三昧經》所修的三昧，獨自一人，以九十日為一期。⟂S⟂九十天當中，不可以盤坐，更不可以躺臥，只准許站立、行走，每天二十四小時不停的行走繞佛，累了只能站立片刻，不能坐下或躺下休息。⟂S⟂口中誦念阿彌陀佛聖號，心意觀想阿彌陀佛的三十二相好。⟂S⟂若精進不懈，三昧成就時，能在定中見到十方諸佛顯現於前，所以又稱「佛立三昧」。,https://books.masterhsingyun.org/ArticleDetail/artcle6790
rel_f979b21b074d,ent_fd85beeca7fa,平等,DoctrineTerm,concept_defined_as,概念定义为,ent_e148ca0687f4,佛法,DoctrineTerm,directed,core_usable,stable_entity_graph,true,2,0,0,0,1,single_article,就是自他平等，無有高下，平等就是佛法。」,https://books.masterhsingyun.org/ArticleDetail/artcle151
rel_fefd8e575df3,ent_fd85beeca7fa,平等,DoctrineTerm,concept_defined_as,概念定义为,ent_d5f85767f69d,境界,DoctrineTerm,directed,core_usable,stable_entity_graph,true,1,0,0,0,1,single_article,動亂歸於寂靜，差別歸於平等，寂靜與平等，就是涅槃的境界。,https://books.masterhsingyun.org/ArticleDetail/artcle720
rel_aa40bc02abad,ent_1ef7d40efef3,開元寺,Institution,institution_located_at_place,机构位于地点,ent_a24d417abf3a,台南,PlaceRealm,directed,core_usable,stable_entity_graph,true,1,1,1,1,1,single_article,說到台灣的寺廟，初期，有大陸沿海地區如廣東、福建等移民到台灣來，比方，鄭成功之子鄭經為他的母親，建了台灣第一座寺廟，也就是現今坐落台南市的開元寺。⟂S⟂後來閩南的僧侶，如月眉山善慧和尚建基隆靈泉寺，觀音山本圓法師建凌雲寺；⟂S⟂客家的高僧，如覺力法師的新竹大湖法雲寺，妙果和尚的中壢圓光寺、永定法師重建高雄大崗山超峰寺、眼淨和尚建台南竹溪寺等，都找了山明水秀的地方建立道場，可以供給僧侶修持，也可以供給信徒禮拜。,https://books.masterhsingyun.org/ArticleDetail/artcle10818
rel_d6317654618d,ent_f07e7e4ea771,開悟,PracticeActivity,activity_occurs_at_place,活动发生于地点,ent_27cbc906ccf8,禪堂,PlaceRealm,directed,core_usable,stable_entity_graph,true,1,1,1,1,1,single_article,離開了歸元寺，玉琳國師行腳到了金山江天寺，他又隱名進去掛單，在一次禪堂中坐養息香的時候，他開悟了，他坐在禪堂中好多天不語不行，因為禪堂裡常有禪者如此，所以大家也不以為怪。,https://books.masterhsingyun.org/ArticleDetail/artcle7353
rel_bd7d086432a6,ent_9e67ea89c229,式叉摩那,Concept,concept_named_as,概念命名为,ent_a0809815b81c,學法女,Concept,directed,core_usable,stable_entity_graph,true,1,0,0,0,1,single_article,答：式叉摩那也叫做學法女，他們必須受持「六法戒」。,https://books.masterhsingyun.org/ArticleDetail/artcle2327
rel_62e8c6ecf2f2,ent_4655d730a508,引業,DoctrineTerm,concept_defined_as,概念定义为,ent_8d3be0130930,總報業,DoctrineTerm,directed,core_usable,stable_entity_graph,true,2,0,0,0,1,single_article,有引業和滿業，引業就是總報業，是三世累劫以來的強大業力，在生死輪迴中起伏，牽引我們在五趣六道中輪迴。,https://books.masterhsingyun.org/ArticleDetail/artcle2909
rel_e6811501d95f,ent_7589add60cad,弘法,PracticeActivity,activity_occurs_at_place,活动发生于地点,ent_b408c21441f1,美國,PlaceRealm,directed,core_usable,stable_entity_graph,true,1,0,0,0,1,single_article,我現在根據這份資料的內容，製成以下的表格，以便讀者能夠清晰地了解西來寺目前在美國開展弘法工作的基本情況。,https://books.masterhsingyun.org/ArticleDetail/artcle24726
rel_c63fbab9992e,ent_7589add60cad,弘法,PracticeActivity,activity_occurs_at_place,活动发生于地点,ent_36a6e7830052,雷音寺,Institution,directed,core_usable,stable_entity_graph,true,1,1,1,1,1,single_article,後來受到妙果老和尚指示，我曾到苗栗法雲寺看守山林三個月，在深山草寮中，我伏地撰寫《無聲息的歌唱》；⟂S⟂也應東初法師之請，主編《人生》雜誌；⟂S⟂一九五二年應宜蘭馬騰、李決和、林松年之邀，隔年至宜蘭雷音寺講經弘法，並成立「宜蘭念佛會」。⟂S⟂為了要鼓勵青年入佛，首創佛教第一個歌詠隊，那時遭來許多反對的聲浪，認為「改變」就是大逆不道，被佛教衛道人士視為惡魔，群起攻擊而討伐之。,https://books.masterhsingyun.org/ArticleDetail/artcle10719
rel_3d63ad4e4e98,ent_7589add60cad,弘法,PracticeActivity,activity_occurs_at_place,活动发生于地点,ent_bf4abdbd551f,馬來西亞,PlaceRealm,directed,core_usable,stable_entity_graph,true,1,1,1,1,1,single_article,1998年第一屆「台灣佛教寺院行政管理講習會」於佛光山舉辦，獲教界熱烈響應。⟂S⟂為幫助南傳國家恢復比丘尼戒法，同年2月，大師到印度菩提迦耶傳授國際三壇大戒，並舉行多次在家五戒、菩薩戒會。⟂S⟂4月，率團從印度恭迎佛牙舍利蒞台供奉；⟂S⟂同年到馬來西亞弘法，與信奉伊斯蘭教的馬國總理馬哈迪會談，被譽為中馬兩國佛教與伊斯蘭教交流的盛事。,https://books.masterhsingyun.org/ArticleDetail/artcle24116
rel_4392e1cad5d6,ent_7589add60cad,弘法,PracticeActivity,concept_complementary_with,概念在语境中相互助成,ent_fce7d4348300,護法,PracticeActivity,symmetric,core_usable,stable_entity_graph,true,1,1,1,1,1,single_article,僧眾重在弘法，信眾重在護法；⟂S⟂但是弘法的人也要護持佛法，護持佛法的人也可以弘法。,https://books.masterhsingyun.org/ArticleDetail/artcle15335
rel_3ad4adb1ccf5,ent_7589add60cad,弘法,PracticeActivity,concept_defined_as,概念定义为,ent_bd68ae54ea00,修行,PracticeActivity,directed,core_usable,stable_entity_graph,true,1,0,0,0,1,single_article,但是在台灣，乃至後來走遍世界，我覺得弘法很重要，弘法就是修行。,https://books.masterhsingyun.org/ArticleDetail/artcle16149
rel_ddbce11f6d6f,ent_7589add60cad,弘法,PracticeActivity,concept_defined_as,概念定义为,ent_8dacc063faab,共修,PracticeActivity,directed,core_usable,stable_entity_graph,true,1,0,0,0,1,single_article,另外，〈佛光山四大宗旨〉之一的「以共修淨化人心」，所謂「共修」，弘法是共修，禪坐、念佛會也是共修。,https://books.masterhsingyun.org/ArticleDetail/artcle10968
rel_cc7a11826ffe,ent_7589add60cad,弘法,PracticeActivity,concept_equivalent_to,概念等同或同义,ent_809a27b54503,慈善,Concept,symmetric,core_usable,stable_entity_graph,true,2,0,0,0,1,single_article,人間佛教的慈善，就是弘法，救濟人心才是最大的慈善，而不是只有物質、金錢的提供。,https://books.masterhsingyun.org/ArticleDetail/artcle134
rel_c48c5f2c0826,ent_7589add60cad,弘法,PracticeActivity,concept_in_tension_with,概念之间存在义理张力,ent_809a27b54503,慈善,Concept,symmetric,core_usable,stable_entity_graph,true,3,3,3,2,3,multi_article,大師堅持，佛教不同於一般慈善團體，不能只是從事救濟工作，應以文教弘法為重。,https://books.masterhsingyun.org/ArticleDetail/artcle15840
rel_b4d8d9354491,ent_7589add60cad,弘法,PracticeActivity,doctrine_constrained_by,义理受条件或范围限制,ent_86900e4a696c,淨土,DoctrineTerm,directed,core_usable,stable_entity_graph,true,1,1,1,1,1,single_article,淨土宗對中國社會影響極深，即便在今日弘法，亦不能不對淨土法門有所深入。,https://books.masterhsingyun.org/ArticleDetail/artcle22996
rel_5028c8a0d339,ent_7589add60cad,弘法,PracticeActivity,doctrine_constrained_by,义理受条件或范围限制,ent_cf26f7ad8f86,慈悲,DoctrineTerm,directed,core_usable,stable_entity_graph,true,2,2,2,2,2,multi_article,在我給徒眾們的信上曾說，度眾弘法是何等神聖艱辛的工作，必須有願力、耐心、慈悲、熱忱，還要有方便權巧的般若智慧，更要能肯定自己所擔任的工作，乃至表相上看起來是個小小的螺絲釘，重要的是我們如何能宏觀於全體，甚至穿越於時空，付予它重要的意義。,https://books.masterhsingyun.org/ArticleDetail/artcle22594
rel_b98c9f3a6f3f,ent_7589add60cad,弘法,PracticeActivity,doctrine_constrained_by,义理受条件或范围限制,ent_c766879c0c7a,說法,PracticeActivity,directed,core_usable,stable_entity_graph,true,1,1,1,1,1,single_article,可是光會唱梵唄也不夠，梵唄只是弘法的技術之一，總不能天天唱給別人聽，因此要會說法。,https://books.masterhsingyun.org/ArticleDetail/artcle18854
rel_fd9d29b6d6d0,ent_7589add60cad,弘法,PracticeActivity,practice_aims_at_realm,实践趋向宗教境界,ent_f928e10be115,人間淨土,PlaceRealm,directed,core_usable,stable_entity_graph,true,1,1,1,1,1,single_article,大師主張，人間佛教雖然是從淨化心靈的根本之道做起，但並不因此而偏廢物質方面的建設，而是教人以智慧來運用財富，以出世間的精神來做入世的事業，從而建立富而好禮的人間淨土。⟂S⟂為此，佛光山數十年來不斷創辦各種弘法事業與活動，就是希望藉著有相的作為來傳達無相的法音，讓佛法落實在人間，成為生活的依據，成為人生的指南，期能透過佛法來莊嚴「依正二報」，不只提升人性的真善美，共創現世的人間淨土，更希望未來一切眾生都能同登彼岸，圓滿生命。,https://books.masterhsingyun.org/ArticleDetail/artcle15646
rel_1ee71757ac45,ent_7589add60cad,弘法,PracticeActivity,practice_equivalent_to,实践在语境中等同,ent_bd68ae54ea00,修行,PracticeActivity,directed,core_usable,stable_entity_graph,true,1,1,1,1,1,single_article,生死，豈是那麼容易了脫？⟂S⟂沒有歷經千生萬死，不經三大阿僧祇劫，那裡能輕易地了生脫死？⟂S⟂我之所以提倡人間佛教，乃遵照太虛大師「人成即佛成」的理想，實踐六祖「佛法不離世間覺」的主張。⟂S⟂我們不需離世求道，在世俗人間，講經弘法是修行，服務大眾是修行，福國利民是修行，五戒十善是修行，正見正信是修行，結緣布施是修行，慈悲喜捨是修行，四弘誓願是修行。⟂S⟂人間的佛陀，不捨棄一個眾生；⟂S⟂人間的佛教，不捨棄一點世法。⟂S⟂我們認為：乃至行住坐臥，揚眉瞬目、舉心動念、示教利喜……哪一樣不是修行？⟂S⟂為什麼捨棄人間佛教，要學習不食人間煙火的道家仙術，才叫做「修行」呢？,https://books.masterhsingyun.org/ArticleDetail/artcle17776
rel_93f8c491b0b9,ent_7589add60cad,弘法,PracticeActivity,practice_promoted_to_group,實踐向群體推廣,ent_1b85a8db0019,信徒,Group,directed,core_usable,stable_entity_graph,true,1,1,1,1,1,single_article,對於貶抑在家居士的言詞「末法時代，白衣上座」，大師認為這些不實的言論文字必須要破除，不讓優秀的護法居士助佛宣揚是一種邪說，佛教的弘揚需要僧信協心，提出：「佛法的弘揚應該僧信四眾大家一起來，佛教並非僧眾所專有，尤其中國有大乘佛教的性格，大乘佛教的四大菩薩，除了地藏菩薩現出家相以外，觀音、文殊、普賢都是在家相，甚至維摩居士、勝鬘夫人等都能說法，為何現在的信徒不能弘法？⟂S⟂為什麼他們不能當維摩居士呢？」⟂S⟂大師一再強調，佛教不是僧眾所獨有的，他以四大菩薩為例，其中就有三尊菩薩是現在家相貌的；⟂S⟂又過去的居士、夫人可以說法，而駁斥「為何信徒不能弘法」之說。,https://books.masterhsingyun.org/ArticleDetail/artcle24151
rel_97f58661b9d0,ent_88ad2efce19e,弟子,RoleTitle,concept_named_as,概念命名为,ent_361a3ebcb152,畢陵伽婆蹉,Concept,directed,core_usable,stable_entity_graph,true,1,0,0,0,1,single_article,佛陀有個弟子叫做畢陵伽婆蹉，他經常要經過恆河到臨近的村落托缽，雖然畢陵伽婆蹉是個證果的羅漢，但仍有一點傲慢的習氣，所以每次飛行渡過恆河的時候，他都會呼喝著：「恆河小婢，讓出一條路來。」,https://books.masterhsingyun.org/ArticleDetail/artcle10196
rel_68457fa16dc6,ent_88ad2efce19e,弟子,RoleTitle,concept_named_as,概念命名为,ent_93455991f6ce,那伽波羅,Concept,directed,core_usable,stable_entity_graph,true,1,0,0,0,1,single_article,佛陀另有一位弟子，叫作那伽波羅，曾經做過佛陀的侍者。,https://books.masterhsingyun.org/ArticleDetail/artcle9850
rel_3bea943a5b23,ent_c28fd265d099,彌勒,BuddhistFigure,person_associated_with_place,人物关联地点,ent_f74615038936,兜率天,PlaceRealm,directed,core_usable,stable_entity_graph,true,1,1,1,1,1,single_article,彌勒菩薩又稱梅呾麗耶菩薩、末怛唎耶菩薩。⟂S⟂意譯作慈氏。⟂S⟂出生於婆羅門家庭，後為佛弟子，先佛入滅，以菩薩身為天人說法，住於兜率天。⟂S⟂據《一切智光明仙人慈心因緣不食肉經》載，彌勒菩薩的本生是大婆羅門，名一切智光明，為佛弟子，曾發誓願：「願我世世不起殺想，恒不噉肉，入白光明慈三昧，乃至成佛，制斷肉戒。」⟂S⟂以此因緣而名為慈氏。⟂S⟂又窺基大師所著《觀彌勒上生經疏》卷上載，弗沙佛時，有一比丘入慈三昧，身相安靜，放光照耀。⟂S⟂法愛國王見此慈定巍巍，發願學習慈定，生生不絕。⟂S⟂法愛王就是現在的彌勒菩薩，從發心起，常號慈氏。⟂S⟂其次，《大日經疏》卷一載，慈氏菩薩是以佛四無量心的慈為首，此慈從如來種姓中生，能令一切世間不斷佛種，所以稱為慈氏。,https://books.masterhsingyun.org/ArticleDetail/artcle2479
rel_215080ff7269,ent_c28fd265d099,彌勒,BuddhistFigure,person_guides_or_saves_group,人物教化或度化群体,ent_d3e26d33b46f,大眾,Group,directed,core_usable,stable_entity_graph,true,1,0,0,0,1,single_article,例如，一到寺院山門口，迎面而來就是一位胖胖的、笑咪咪的彌勒佛，用慈悲的笑容接引大眾；,https://books.masterhsingyun.org/ArticleDetail/artcle2819
rel_1a93e39b1393,ent_c28fd265d099,彌勒,BuddhistFigure,person_member_of_group,人物属于群体,ent_580c687b3eed,婆羅門,Group,directed,core_usable,stable_entity_graph,true,2,2,2,1,2,multi_article,依《一切智光明仙人慈心因緣不食肉經》載，彌勒菩薩出生婆羅門家庭，後為佛弟子，曾發誓願：「願我世世不起殺想，恆不噉肉，入白光明慈三昧，乃至成佛，制斷肉戒。」,https://books.masterhsingyun.org/ArticleDetail/artcle7049
rel_62ed77cd904e,ent_c28fd265d099,彌勒,BuddhistFigure,person_performs_practice,人物实践修行,ent_bd68ae54ea00,修行,PracticeActivity,directed,core_usable,stable_entity_graph,true,2,2,2,2,2,multi_article,例如過去釋迦牟尼佛和彌勒菩薩曾在一起修行，然而釋迦牟尼佛多修了一個讚歎法門，他真心讚歎弗沙佛：「天上天下無如佛，十方世界亦無比，世間所有我盡見，一切無有如佛者。」⟂S⟂因此他早先成就佛道。,https://books.masterhsingyun.org/ArticleDetail/artcle13395
rel_6e2f2f571f99,ent_c28fd265d099,彌勒,BuddhistFigure,person_performs_practice,人物实践修行,ent_c766879c0c7a,說法,PracticeActivity,directed,core_usable,stable_entity_graph,true,1,1,1,1,1,single_article,彌勒菩薩又稱梅呾麗耶菩薩、末怛唎耶菩薩。⟂S⟂意譯作慈氏。⟂S⟂出生於婆羅門家庭，後為佛弟子，先佛入滅，以菩薩身為天人說法，住於兜率天。⟂S⟂據《一切智光明仙人慈心因緣不食肉經》載，彌勒菩薩的本生是大婆羅門，名一切智光明，為佛弟子，曾發誓願：「願我世世不起殺想，恒不噉肉，入白光明慈三昧，乃至成佛，制斷肉戒。」⟂S⟂以此因緣而名為慈氏。⟂S⟂又窺基大師所著《觀彌勒上生經疏》卷上載，弗沙佛時，有一比丘入慈三昧，身相安靜，放光照耀。⟂S⟂法愛國王見此慈定巍巍，發願學習慈定，生生不絕。⟂S⟂法愛王就是現在的彌勒菩薩，從發心起，常號慈氏。⟂S⟂其次，《大日經疏》卷一載，慈氏菩薩是以佛四無量心的慈為首，此慈從如來種姓中生，能令一切世間不斷佛種，所以稱為慈氏。,https://books.masterhsingyun.org/ArticleDetail/artcle2479
rel_72f93fba879b,ent_c9ef02d16e37,彌陀,BuddhistFigure,person_performs_practice,人物实践修行,ent_c766879c0c7a,說法,PracticeActivity,directed,core_usable,stable_entity_graph,true,1,1,1,1,1,single_article,在那裡，可以朝夕與諸上善人等大善知識相處，可以互相切磋請益，既沒有冤仇瞋怒的逼害，又能共同親聆彌陀說法，共同成就一切善法，何樂而不為呢？⟂S⟂而且這些大善知識，他們的神通智慧、辯才無礙、威神莊嚴，都是大家學習的榜樣。,https://books.masterhsingyun.org/ArticleDetail/artcle23854
rel_bcd6734f6389,ent_6847ca9d27b5,當體,DoctrineTerm,concept_defined_as,概念定义为,ent_cb49c90868ea,無生,DoctrineTerm,directed,core_usable,stable_entity_graph,true,1,0,0,0,1,single_article,當體就是無生。,https://books.masterhsingyun.org/ArticleDetail/artcle154
rel_5938bdd0af4c,ent_171b959a5216,往事百語,Classic,classic_states_or_mentions_doctrine,经典陈述或提及教义,ent_9e7028261726,因果觀念,Concept,directed,core_usable,stable_entity_graph,true,1,1,1,1,1,single_article,乃至我曾說：「佛光人要有宗教情操，要有因果觀念，要有慚恥美德，要有容人雅量。」⟂S⟂而這些理念在《往事百語》及《怎樣做個佛光人》裡都有詳細的說明。,https://books.masterhsingyun.org/ArticleDetail/artcle16232
rel_f27a98fa3c0d,ent_e8785f476bae,往生,Concept,concept_has_practice_goal,概念以某对象为实践目标,ent_f8cdc44e895f,極樂世界,PlaceRealm,directed,core_usable,stable_entity_graph,true,3,3,3,2,3,multi_article,阿彌陀佛曾肯定的發下誓願：不論何人，只要信賴彌陀願力，願生極樂世界，稱念「阿彌陀佛」，不問一日、二日，乃至十念，做到了專誠虔敬，一心不亂，就能為彌陀的佛力所加持，而往生極樂世界。,https://books.masterhsingyun.org/ArticleDetail/artcle663
rel_4dced513fe19,ent_e8785f476bae,往生,Concept,concept_has_practice_goal,概念以某对象为实践目标,ent_0a284a95374c,西方淨土,PlaceRealm,directed,core_usable,stable_entity_graph,true,2,1,1,1,2,single_article,又若由簡單的因果來推論，要能確信有西方淨土、要深信發願行持往生，則非「宿具善根福德因緣」不可，更何況臨命終時要能得遇善知識教令稱名，要不遭到意外橫死，以及要達到「一心不亂」，則更非具善根福德因緣不可。⟂S⟂所以依前三經一論的經證及因果定律的推論，得知「必得具足善根福德因緣」，才得以往生西方淨土。,https://books.masterhsingyun.org/ArticleDetail/artcle6699
rel_11dbe8f8c07c,ent_e8785f476bae,往生,Concept,doctrine_constrained_by,义理受条件或范围限制,ent_ac993f0f8df9,一心不亂,Concept,directed,core_usable,stable_entity_graph,true,3,3,3,3,3,multi_article,往生西方極樂淨土，在大乘佛法裡說，要「一心不亂」才能往生，這是很難的。⟂S⟂但是《阿彌陀經》說，於一念之間，一心不亂，就可以往生。,https://books.masterhsingyun.org/ArticleDetail/artcle2448
rel_6884d99177d8,ent_e8785f476bae,往生,Concept,doctrine_constrained_by,义理受条件或范围限制,ent_294c2e592b25,福德因緣,DoctrineTerm,directed,core_usable,stable_entity_graph,true,1,1,1,1,1,single_article,又《無量壽經》的三輩往生條件是：三輩人皆需發菩提心，而以是否出家、念佛稱名、修諸功德的多寡，分為上、中、下三輩的不同。⟂S⟂依《往生論》的記載，往生條件有禮拜、讚歎、作願、觀察、迴向等五念門。⟂S⟂又若由簡單的因果來推論，要能確信有西方淨土、要深信發願行持往生，則非「宿具善根福德因緣」不可，更何況臨命終時要能得遇善知識教令稱名，要不遭到意外橫死，以及要達到「一心不亂」，則更非具善根福德因緣不可。⟂S⟂所以依前三經一論的經證及因果定律的推論，得知「必得具足善根福德因緣」，才得以往生西方淨土。,https://books.masterhsingyun.org/ArticleDetail/artcle6699
rel_5f1bfe90550e,ent_513e758bc031,往生論,Classic,classic_states_or_mentions_doctrine,经典陈述或提及教义,ent_fcf9c06cc0a3,五念門,DoctrineTerm,directed,core_usable,stable_entity_graph,true,1,1,1,1,1,single_article,又《無量壽經》的三輩往生條件是：三輩人皆需發菩提心，而以是否出家、念佛稱名、修諸功德的多寡，分為上、中、下三輩的不同。⟂S⟂依《往生論》的記載，往生條件有禮拜、讚歎、作願、觀察、迴向等五念門。⟂S⟂又若由簡單的因果來推論，要能確信有西方淨土、要深信發願行持往生，則非「宿具善根福德因緣」不可，更何況臨命終時要能得遇善知識教令稱名，要不遭到意外橫死，以及要達到「一心不亂」，則更非具善根福德因緣不可。⟂S⟂所以依前三經一論的經證及因果定律的推論，得知「必得具足善根福德因緣」，才得以往生西方淨土。,https://books.masterhsingyun.org/ArticleDetail/artcle6699
rel_9163b5cba99e,ent_e4f63245ca06,心地觀經,Classic,classic_states_or_mentions_doctrine,经典陈述或提及教义,ent_e7ba1be4785d,安樂,Concept,directed,core_usable,stable_entity_graph,true,1,1,1,1,1,single_article,1.《心地觀經‧報恩品》云：「世間凡夫無慧眼，迷於恩處失妙果。⟂S⟂五濁惡世諸眾生，不悟深恩恆背德。⟂S⟂我為開示於四恩，令入正見菩提道。⟂S⟂慈父悲母長養恩，一切男女皆安樂；⟂S⟂慈父恩高如山王，悲母恩深如大海。⟂S⟂若我住世於一劫，說悲母恩不能盡。」⟂S⟂又云：「世間悲母孕其子，十月懷胎長受苦，於五欲樂情不著，隨時飲食亦同然。⟂S⟂晝夜常懷悲愍心，行住坐臥受諸苦，若正誕其胎藏子，如攢鋒刃解肢節。⟂S⟂迷惑東西不能辨，遍身疼痛無所堪，或因此難而命終，六親眷屬咸悲惱。⟂S⟂如是眾苦皆由子，憂悲痛切非口宣。⟂S⟂若得平復身安樂，如貧獲寶喜難量，顧視容顏無厭足，憐念之心不暫捨。⟂S⟂母子恩情常若是，出入不離胸臆前，母乳猶如甘露泉，長養及時曾無竭。⟂S⟂慈念之恩實難比，鞠育之德亦難量，世間大地稱為重，悲母恩重過於彼；⟂S⟂世間須彌稱為高，悲母恩高過於彼；⟂S⟂世間速疾唯猛風，母心一念過於彼。」⟂S⟂說明悲母的恩德重於大地，高過須彌。,https://books.masterhsingyun.org/ArticleDetail/artcle8414
rel_ca6f7e1b5aba,ent_e4f63245ca06,心地觀經,Classic,classic_states_or_mentions_doctrine,经典陈述或提及教义,ent_6deef676b2d3,福德,DoctrineTerm,directed,core_usable,stable_entity_graph,true,1,1,1,1,1,single_article,佛陀也曾經告示文殊師利菩薩說：「這經的力量所生的福德，實在難以思議，這經所在的國土，豐富而安樂，沒有任何怨敵的侵擾，譬如有人，獲得如意珠寶，將它置於家中，能產生一切殊勝美妙的樂具。,https://books.masterhsingyun.org/ArticleDetail/artcle21756
rel_87d439b1a5cc,ent_e4f63245ca06,心地觀經,Classic,classic_states_or_mentions_doctrine,经典陈述或提及教义,ent_56b75cacf3e1,行住坐臥,Concept,directed,core_usable,stable_entity_graph,true,1,1,1,1,1,single_article,1.《心地觀經‧報恩品》云：「世間凡夫無慧眼，迷於恩處失妙果。⟂S⟂五濁惡世諸眾生，不悟深恩恆背德。⟂S⟂我為開示於四恩，令入正見菩提道。⟂S⟂慈父悲母長養恩，一切男女皆安樂；⟂S⟂慈父恩高如山王，悲母恩深如大海。⟂S⟂若我住世於一劫，說悲母恩不能盡。」⟂S⟂又云：「世間悲母孕其子，十月懷胎長受苦，於五欲樂情不著，隨時飲食亦同然。⟂S⟂晝夜常懷悲愍心，行住坐臥受諸苦，若正誕其胎藏子，如攢鋒刃解肢節。⟂S⟂迷惑東西不能辨，遍身疼痛無所堪，或因此難而命終，六親眷屬咸悲惱。⟂S⟂如是眾苦皆由子，憂悲痛切非口宣。⟂S⟂若得平復身安樂，如貧獲寶喜難量，顧視容顏無厭足，憐念之心不暫捨。⟂S⟂母子恩情常若是，出入不離胸臆前，母乳猶如甘露泉，長養及時曾無竭。⟂S⟂慈念之恩實難比，鞠育之德亦難量，世間大地稱為重，悲母恩重過於彼；⟂S⟂世間須彌稱為高，悲母恩高過於彼；⟂S⟂世間速疾唯猛風，母心一念過於彼。」⟂S⟂說明悲母的恩德重於大地，高過須彌。,https://books.masterhsingyun.org/ArticleDetail/artcle8414
rel_2f680388c0a6,ent_b440551c51d6,心真如門,DoctrineTerm,concept_defined_as,概念定义为,ent_bd7802e5447c,真常唯心,DoctrineTerm,directed,core_usable,stable_entity_graph,true,1,1,1,1,1,single_article,心真如門就是「真常唯心」，指心的本體沒有生住異滅、迷悟染淨等對待差別的相狀，是絕對平等的理體，此理體不生不滅，不增不減，真實如常。,https://books.masterhsingyun.org/ArticleDetail/artcle162
rel_2faae4488d38,ent_b440551c51d6,心真如門,DoctrineTerm,concept_equivalent_to,概念等同或同义,ent_4c194eb34333,般若,DoctrineTerm,symmetric,core_usable,stable_entity_graph,true,1,1,1,1,1,single_article,般若智慧就是我們的「心真如門」，般若不是談玄說妙，要表現在生活行儀上，成為人間慧用，才有意義。⟂S⟂當初佛陀在靈山會上拈花，迦葉破顏微笑，師徒印心，禪於是成為人間的一道光明；⟂S⟂佛陀成道前，放下苦行，接受牧羊女的供養，五比丘相約不理睬佛陀，但是當他們見到成道後的佛陀，被佛陀的威儀攝受，忍不住跪地禮拜，並且再度隨侍佛陀，於是成為佛教「最初的僧寶」。⟂S⟂佛陀的行儀度化，就是人間的慧用。,https://books.masterhsingyun.org/ArticleDetail/artcle430
rel_62da809c1dce,ent_12e89ade04df,懺悔,PracticeActivity,concept_defined_as,概念定义为,ent_e148ca0687f4,佛法,DoctrineTerm,directed,core_usable,stable_entity_graph,true,1,0,0,0,1,single_article,學習認錯、懺悔，就是佛法，就是修行。,https://books.masterhsingyun.org/ArticleDetail/artcle18844
rel_2ea1a23e20fe,ent_12e89ade04df,懺悔,PracticeActivity,concept_defined_as,概念定义为,ent_bd68ae54ea00,修行,PracticeActivity,directed,core_usable,stable_entity_graph,true,1,0,0,0,1,single_article,學習認錯、懺悔，就是佛法，就是修行。,https://books.masterhsingyun.org/ArticleDetail/artcle18844
rel_064e99251057,ent_12e89ade04df,懺悔,PracticeActivity,doctrinal_entails,义理论证推出,ent_7ed1a52121c4,清淨,DoctrineTerm,directed,core_usable,stable_entity_graph,true,1,1,1,1,1,single_article,◎懺悔的法水，可以洗清我們內心的貪欲、瞋恨、愚痴、邪見、嫉妒、貢高我慢等許多惡念，故人若不知懺悔是不能清淨的。,https://books.masterhsingyun.org/ArticleDetail/artcle5804
rel_5551e110fdf8,ent_12e89ade04df,懺悔,PracticeActivity,practice_aims_at_doctrinal_state,实践趋向教义境界,ent_e7ba1be4785d,安樂,Concept,directed,core_usable,stable_entity_graph,true,1,1,1,1,1,single_article,例如智者大師闡釋如何修「法華三昧懺儀」時曾表示，行者於至心懺悔六根以求究竟得安樂的過程中，除了必須具足嚴淨道場、淨身口意三業、勸請諸佛、如實誦經、行種種相應之道等諸多因緣，同時更須進而安身坐禪以觀諸法實相，亦即必須「如菩薩法不斷結使、不住使海，觀一切法空如實相。」,https://books.masterhsingyun.org/ArticleDetail/artcle17778
rel_5eb2c518de3d,ent_12e89ade04df,懺悔,PracticeActivity,practice_has_component,实践包含组成环节,ent_2f96825dc4ac,理懺,PracticeActivity,directed,core_usable,stable_entity_graph,true,1,0,0,0,1,single_article,《摩訶止觀》記載，懺悔分為事懺與理懺，藉禮拜、讚歎、誦經等行為所行的懺悔，稱為事懺；,https://books.masterhsingyun.org/ArticleDetail/artcle14227
rel_2f39962f5f46,ent_12e89ade04df,懺悔,PracticeActivity,practice_reduces_affliction,实践对治烦恼,ent_c08021ab9346,愚痴,DoctrineTerm,directed,core_usable,stable_entity_graph,true,1,1,1,1,1,single_article,5.發願：在寺院裡，出家人早晚功課，常念四弘誓願文：「眾生無邊誓願度，煩惱無盡誓願斷，法門無量誓願學，佛道無上誓願成。」⟂S⟂這四種發願懺悔，就是為了永拔生死根本，無復貪恚愚痴苦惱之患。⟂S⟂過去勝鬘夫人在佛陀授記後，恭敬的發了十大願，成為佛教發願的師範，這十大願的前五願，就是最具體的心理懺悔法門：,https://books.masterhsingyun.org/ArticleDetail/artcle3029
rel_51188cbc0466,ent_12e89ade04df,懺悔,PracticeActivity,practice_reduces_affliction,实践对治烦恼,ent_3f2cfc0ad314,煩惱,DoctrineTerm,directed,core_usable,stable_entity_graph,true,1,1,1,1,1,single_article,5.發願：在寺院裡，出家人早晚功課，常念四弘誓願文：「眾生無邊誓願度，煩惱無盡誓願斷，法門無量誓願學，佛道無上誓願成。」⟂S⟂這四種發願懺悔，就是為了永拔生死根本，無復貪恚愚痴苦惱之患。⟂S⟂過去勝鬘夫人在佛陀授記後，恭敬的發了十大願，成為佛教發願的師範，這十大願的前五願，就是最具體的心理懺悔法門：,https://books.masterhsingyun.org/ArticleDetail/artcle3029
rel_d9aa7dc59616,ent_e41ec4fb61e4,念佛,PracticeActivity,practice_aims_at_doctrinal_state,实践趋向教义境界,ent_ac993f0f8df9,一心不亂,Concept,directed,core_usable,stable_entity_graph,true,12,10,11,6,12,multi_article,經典中有多種淨土思想，各有其殊勝之處。⟂S⟂華藏淨土是以佛果的境界來看待一切，故難為一般眾生所理解；⟂S⟂藥師淨土雖好，但現代科技文明一日千里，許多已開發國家已經達到藥師琉璃淨土衣食豐足、住行無缺、醫藥發達、生活無憂的境地；⟂S⟂極樂淨土必須念佛念到一心不亂，方能決定往生，似嫌太難；⟂S⟂彌勒兜率淨土雖然較為簡易，將來仍須下生人間；⟂S⟂唯心淨土主張三界唯心，萬法唯識，容易被認為是泛談；⟂S⟂維摩淨土雖是不二法門的人間淨土，但若不深究，則易被誤導為在家佛教……因此，我亟思發展出一種能融攝各種淨土的精華，但又能落實人間現世安樂的思想──這即是所謂的「佛光淨土」。⟂S⟂—《星雲日記》,https://books.masterhsingyun.org/ArticleDetail/artcle1173
rel_66e1462ec624,ent_e41ec4fb61e4,念佛,PracticeActivity,practice_aims_at_doctrinal_state,实践趋向教义境界,ent_e8785f476bae,往生,Concept,directed,core_usable,stable_entity_graph,true,1,1,1,1,1,single_article,因為禪宗主張揚眉瞬目、搬柴運水，都是禪法；⟂S⟂《六祖壇經》更提出質疑：「此土念佛，求生西方；⟂S⟂西方念佛，欲生何處？」⟂S⟂因此我國初期禪宗的寺院，都只有法堂和僧舍，而無佛殿（見《禪宗全書》）；⟂S⟂禪宗大德更有「聞念佛聲，飭人以水洗禪堂」，「念佛一句，漱口三日」之說。⟂S⟂甚至有「佛之一字，吾不喜聞」，以及「不作佛求、不作法求、不作僧求」等嘲諷淨土之語（見《景德傳燈錄》），讓淨土行者深深不以為然，所以也引起淨土人士對禪宗提出反擊。⟂S⟂例如慈愍大師撰文，批評禪林空腹高心，執理廢事（見《佛祖統記》）；⟂S⟂認為禪宗的修行者狂妄傲慢，訶佛罵祖，偏見執著，沒有宗教情操。⟂S⟂又說禪者的修行容易走火入魔，不如淨土三根普被、廣大易行（見《淨土全書》）；⟂S⟂支持淨土的行人，讚美念佛可以帶業往生、一生成就（印光大師語）。⟂S⟂於是禪淨互相詆毀，互相批評，彼此勢如水火，更加互不相容了。,https://books.masterhsingyun.org/ArticleDetail/artcle674
rel_9412bd1d6843,ent_e41ec4fb61e4,念佛,PracticeActivity,practice_aims_at_doctrinal_state,实践趋向教义境界,ent_b180a65bd582,往生淨土,DoctrineTerm,directed,core_usable,stable_entity_graph,true,1,1,1,1,1,single_article,依念佛功行的深淺，從有念、正念到無念，所謂「一心念佛」，就是要念到「無念」，「念而不念，不念而念」、「一心不亂」這樣的境界，就能往生淨土。⟂S⟂因此「念佛」，是往生淨土的一種交通方式。,https://books.masterhsingyun.org/ArticleDetail/artcle2505
rel_e3d5b873f43c,ent_e41ec4fb61e4,念佛,PracticeActivity,practice_aims_at_doctrinal_state,实践趋向教义境界,ent_7ed1a52121c4,清淨,DoctrineTerm,directed,core_usable,stable_entity_graph,true,2,2,2,2,2,multi_article,我推動念佛，主要是希望讓大家藉由念佛，達到自我健全、自我清淨、自我反省、自我進步，進而擴及到家庭、社會、國家。⟂S⟂所以，我不一定要求大家要念到一心不亂，反而讓信徒很容易接受。,https://books.masterhsingyun.org/ArticleDetail/artcle133
rel_f6c5022833a5,ent_e41ec4fb61e4,念佛,PracticeActivity,practice_aims_at_realm,实践趋向宗教境界,ent_f8cdc44e895f,極樂世界,PlaceRealm,directed,core_usable,stable_entity_graph,true,10,0,0,0,1,single_article,念佛可以往生西方極樂世界，你真的相信嗎？,https://books.masterhsingyun.org/ArticleDetail/artcle663
rel_1dd285f06481,ent_e41ec4fb61e4,念佛,PracticeActivity,practice_aims_at_realm,实践趋向宗教境界,ent_0a284a95374c,西方淨土,PlaceRealm,directed,core_usable,stable_entity_graph,true,1,1,1,1,1,single_article,就是下品往生，人有一點罪惡，做了一點壞事，只要肯懺悔，臨終的時候，能「乃至十念」，或者「一心不亂」，也都能往生西方極樂世界。⟂S⟂因此，念佛是上中下三根普被的法門，西方淨土是萬人修萬人去的地方。,https://books.masterhsingyun.org/ArticleDetail/artcle2448
rel_70932ab2cd2d,ent_e41ec4fb61e4,念佛,PracticeActivity,practice_has_benefit,实践产生利益或功德,ent_9f4e43b60b58,功德,DoctrineTerm,directed,core_usable,stable_entity_graph,true,1,0,0,0,1,single_article,念佛有殊勝的功德，因為佛號可以驅逐我們虛假分別的妄心。,https://books.masterhsingyun.org/ArticleDetail/artcle3073
rel_ae58220ed09b,ent_e41ec4fb61e4,念佛,PracticeActivity,practice_has_benefit,实践产生利益或功德,ent_294c2e592b25,福德因緣,DoctrineTerm,directed,core_usable,stable_entity_graph,true,1,1,1,1,1,single_article,念佛不能念到一心不亂，所謂「散亂心念佛」，在佛教講，還是可以增加福報，會有福德因緣的。,https://books.masterhsingyun.org/ArticleDetail/artcle2398
rel_d9152319c842,ent_e41ec4fb61e4,念佛,PracticeActivity,practice_honors_entity,实践礼敬或赞叹对象,ent_34f3e5d28b2d,阿彌陀佛,BuddhistFigure,directed,core_usable,stable_entity_graph,true,1,1,1,1,1,single_article,其實，禪宗既然認為搬柴運水、揚眉瞬目都是禪，為什麼念佛就不是禪呢？⟂S⟂禪門說參禪時講究心要定於一境，而淨土宗如《阿彌陀經》說，念佛要一心不亂，這不就是禪的定境嗎？⟂S⟂心定於阿彌陀佛，以此為所緣境，有何不可？⟂S⟂為何要批評呢？⟂S⟂所以禪門排斥念佛應該是不當的，念佛的人不容禪者也是不對的，禪淨應該彼此相互融攝；⟂S⟂禪淨皆為我佛金口所宣、同源所流，有此認識，才合乎佛法的精神。,https://books.masterhsingyun.org/ArticleDetail/artcle24164
rel_6953568a2e4e,ent_3f29c09ead57,念佛三昧,PracticeActivity,practice_aims_at_realm,实践趋向宗教境界,ent_86900e4a696c,淨土,DoctrineTerm,directed,core_usable,stable_entity_graph,true,1,0,0,0,1,single_article,乃至淨土宗的行者念佛求生淨土，亦須修十六觀*10及念佛三昧*11、般舟三昧*12；,https://books.masterhsingyun.org/ArticleDetail/artcle3972
rel_b7b7241494b7,ent_82634fbfab1a,念佛往生,PracticeActivity,doctrine_constrained_by,义理受条件或范围限制,ent_e6b0a74e0ebd,隨其心淨,Concept,directed,core_usable,stable_entity_graph,true,1,1,1,1,1,single_article,◎刺史又問曰：「弟子常見僧俗念阿彌陀佛，願生西方。⟂S⟂請和尚說，得生彼否？⟂S⟂願為破疑。」⟂S⟂師言：「使君善聽！⟂S⟂惠能與說。⟂S⟂世尊在舍衛城中，說西方引化。⟂S⟂經文分明，去此不遠。⟂S⟂若論相說，里數有十萬八千，即身中十惡八邪，便是說遠。⟂S⟂說遠為其下根，說近為其上智。⟂S⟂人有兩種，法無兩般；⟂S⟂迷悟有殊，見有遲疾。⟂S⟂迷人念佛求生於彼，悟人自淨其心。⟂S⟂所以佛言：『隨其心淨，即佛土淨。』⟂S⟂使君！⟂S⟂東方人但心淨即無罪；⟂S⟂雖西方人，心不淨亦有愆。⟂S⟂東方人造罪，念佛求生西方；⟂S⟂西方人造罪，念佛求生何國？⟂S⟂凡愚不了自性，不識身中淨土，願東、願西，悟人在處一般。⟂S⟂所以佛言：『隨所住處恆安樂。』⟂S⟂使君！⟂S⟂心地但無不善，西方去此不遙。⟂S⟂若懷不善之心，念佛往生難到。⟂S⟂今勸善知識，先除十惡，即行十萬；⟂S⟂後除八邪，乃過八千。⟂S⟂念念見性，常行平直，到如彈指，便睹彌陀。⟂S⟂使君但行十善，何須更願往生？⟂S⟂不斷十惡之心，何佛即來迎請？⟂S⟂若悟無生頓法，見西方只在剎那；⟂S⟂不悟，念佛求生，路遙如何得達？」,https://books.masterhsingyun.org/ArticleDetail/artcle23069
rel_b4f8c4d22fb7,ent_4dbc8c65946e,恭敬,Concept,concept_defined_as,概念定义为,ent_cf26f7ad8f86,慈悲,DoctrineTerm,directed,core_usable,stable_entity_graph,true,1,0,0,0,1,single_article,結緣就是慈悲，恭敬就是慈悲，包容就是慈悲，所謂「勤修戒定慧，息滅貪瞋痴」，戒定慧也都是佛法。,https://books.masterhsingyun.org/ArticleDetail/artcle10857
rel_21ee9180515a,ent_4dbc8c65946e,恭敬,Concept,concept_defined_as,概念定义为,ent_cac49a61a507,禮拜,PracticeActivity,directed,core_usable,stable_entity_graph,true,1,0,0,0,1,single_article,八問：佛教各種禮儀中，最為恭敬的就是五體投地的禮拜法。,https://books.masterhsingyun.org/ArticleDetail/artcle2395
rel_1084e0e074b2,ent_278a242d4650,惡,Concept,concept_defined_as,概念定义为,ent_4c194eb34333,般若,DoctrineTerm,directed,core_usable,stable_entity_graph,true,1,0,0,0,1,single_article,能辨是非、好壞、善惡即是般若；,https://books.masterhsingyun.org/ArticleDetail/artcle17546
rel_481a8c8080e9,ent_c08021ab9346,愚痴,DoctrineTerm,concept_defined_as,概念定义为,ent_3ebe15833764,無明,DoctrineTerm,directed,core_usable,stable_entity_graph,true,1,0,0,0,1,single_article,愚痴就是無明，就是不懂事理，愚痴會讓我們無法認識世間真相，一切罪惡由此而生。,https://books.masterhsingyun.org/ArticleDetail/artcle13578
rel_ebdded1cb090,ent_c08021ab9346,愚痴,DoctrineTerm,concept_equivalent_to,概念等同或同义,ent_3ebe15833764,無明,DoctrineTerm,symmetric,core_usable,stable_entity_graph,true,1,1,1,1,1,single_article,第三、分別抉擇，不可愚執：經云：「法無善惡，善惡是法。」⟂S⟂又說：「煩惱痛苦都是從妄想分別而來。」⟂S⟂儘管在出世間法的理上說，一切法不生不滅、不一不異、不斷不常、不來不去，但是從世間法的相上看，事情有大小、好壞、輕重、善惡，所以我們要抉擇什麼能做、應做，什麼不能做、不應做。⟂S⟂有了權衡輕重、辨別是非、認識善惡的能力，就是明理，就是智慧，否則就是愚痴，就是無明。⟂S⟂明理可以判斷是非，智慧可以分別善惡；⟂S⟂是非善惡，為人不可不辨也。,https://books.masterhsingyun.org/ArticleDetail/artcle6357
rel_98448a7def91,ent_0e0105fc5bd1,感應,DoctrineTerm,doctrine_constrained_by,义理受条件或范围限制,ent_7ed1a52121c4,清淨,DoctrineTerm,directed,core_usable,stable_entity_graph,true,4,4,4,3,4,multi_article,感應不是用求的，在因緣和合下，不用求也會有感應，而沒有感應的人，不能責怪天上沒有月亮，該怪自己的心海不清淨。,https://books.masterhsingyun.org/ArticleDetail/artcle3514
rel_4874c8db4477,ent_809a27b54503,慈善,Concept,concept_complementary_with,概念在语境中相互助成,ent_2a947d66f56d,教育,Concept,symmetric,core_usable,stable_entity_graph,true,1,1,1,1,1,single_article,基於自給自足的觀念，預示以後必須建立具有生產性、自立性經濟基礎的宗教，因此一方面開創經濟機構，一方面研究佛法，並提出「以真理的宗教和事實的道德為心身兩全的實踐方法」作為宗教理念，以及文化、教育、慈善三者一體的宗教目標。,https://books.masterhsingyun.org/ArticleDetail/artcle8734
rel_dc6750da581a,ent_809a27b54503,慈善,Concept,concept_complementary_with,概念在语境中相互助成,ent_b1e217884f50,智慧,DoctrineTerm,symmetric,core_usable,stable_entity_graph,true,2,2,2,2,2,multi_article,目前社會提倡慈善救濟固然很好，但是並不能根本解決人類的痛苦，如何培養社會大眾有明理的智慧，才是當務之急，希望佛光會員對此能有深刻的認識，並且提出辦法積極改善。,https://books.masterhsingyun.org/ArticleDetail/artcle16732
rel_ac1da4f4d4dd,ent_809a27b54503,慈善,Concept,concept_defined_as,概念定义为,ent_7589add60cad,弘法,PracticeActivity,directed,core_usable,stable_entity_graph,true,2,0,0,0,1,single_article,人間佛教的慈善，就是弘法，救濟人心才是最大的慈善，而不是只有物質、金錢的提供。,https://books.masterhsingyun.org/ArticleDetail/artcle134
rel_c43c7b2c11f4,ent_809a27b54503,慈善,Concept,concept_has_subconcept,概念包含下位概念,ent_b9466da1d262,佛教,DoctrineTerm,directed,core_usable,stable_entity_graph,true,1,0,0,0,1,single_article,慈善事業包括佛教醫院、墳場、診療所、護理院、安老院、托兒所、青年康樂營等。,https://books.masterhsingyun.org/ArticleDetail/artcle8397
rel_bd885a9981d3,ent_809a27b54503,慈善,Concept,doctrine_constrained_by,义理受条件或范围限制,ent_e148ca0687f4,佛法,DoctrineTerm,directed,core_usable,stable_entity_graph,true,1,1,1,1,1,single_article,他堅持佛教不同於一般慈善團體，不能只是從事救濟工作，應在從事慈善時賦與佛法弘化的功能。,https://books.masterhsingyun.org/ArticleDetail/artcle24113
rel_aa9075bb7d6a,ent_cf26f7ad8f86,慈悲,DoctrineTerm,concept_complementary_with,概念在语境中相互助成,ent_8f45ef20816b,戒定慧,DoctrineTerm,symmetric,core_usable,stable_entity_graph,true,1,1,1,1,1,single_article,不同於其它宗教，人間佛教的僧信四眾，除了慈悲更著重戒定慧，不僅求自身的福慧，更強調對社會大我的布施。,https://books.masterhsingyun.org/ArticleDetail/artcle17509
rel_8f6956b243e5,ent_cf26f7ad8f86,慈悲,DoctrineTerm,concept_defined_as,概念定义为,ent_a6b94c65c717,人間佛教,Concept,directed,core_usable,stable_entity_graph,true,7,0,0,0,1,single_article,你相信慈悲，慈悲在你的生活中有受用，慈悲就是人間佛教。,https://books.masterhsingyun.org/ArticleDetail/artcle784
rel_b854434ba92d,ent_cf26f7ad8f86,慈悲,DoctrineTerm,concept_defined_as,概念定义为,ent_b4d10439f17e,佛性,DoctrineTerm,directed,core_usable,stable_entity_graph,true,3,0,0,0,1,single_article,慈悲之心是萬物所以生生不息的泉源，慈悲就是佛性，有了慈悲，眾生因此皆得成佛。,https://books.masterhsingyun.org/ArticleDetail/artcle784
rel_1efd4b329f5d,ent_cf26f7ad8f86,慈悲,DoctrineTerm,concept_defined_as,概念定义为,ent_bd68ae54ea00,修行,PracticeActivity,directed,core_usable,stable_entity_graph,true,3,0,0,0,1,single_article,其實，你忍耐就是修行，你慈悲就是修行，你結緣就是修行，你少欲就是修行。,https://books.masterhsingyun.org/ArticleDetail/artcle23595
rel_9ec1c58aabd5,ent_cf26f7ad8f86,慈悲,DoctrineTerm,concept_defined_as,概念定义为,ent_0e20158c14f8,怨親平等,Concept,directed,core_usable,stable_entity_graph,true,1,0,0,0,1,single_article,慈悲是怨親平等，尊重彼此的雅量；,https://books.masterhsingyun.org/ArticleDetail/artcle11077
rel_0d6eaf261146,ent_cf26f7ad8f86,慈悲,DoctrineTerm,concept_defined_as,概念定义为,ent_0e0105fc5bd1,感應,DoctrineTerm,directed,core_usable,stable_entity_graph,true,1,0,0,0,1,single_article,我慈悲待人，別人也回報我友誼，慈悲就是我的感應。,https://books.masterhsingyun.org/ArticleDetail/artcle7415
rel_8d9584c1c086,ent_cf26f7ad8f86,慈悲,DoctrineTerm,concept_defined_as,概念定义为,ent_b1e217884f50,智慧,DoctrineTerm,directed,core_usable,stable_entity_graph,true,1,0,0,0,1,single_article,慈悲就是佛性，慈悲就是智慧。,https://books.masterhsingyun.org/ArticleDetail/artcle1833
rel_ef76e8b32f1d,ent_cf26f7ad8f86,慈悲,DoctrineTerm,concept_defined_as,概念定义为,ent_c8db40f7532f,正法,DoctrineTerm,directed,core_usable,stable_entity_graph,true,1,0,0,0,1,single_article,正法是每個人具備的真如佛性，只要我們能開採內心的能源寶藏，則信仰是正法，道德是正法，因果是正法，慈悲是正法。,https://books.masterhsingyun.org/ArticleDetail/artcle9921
rel_ef81024f4d9b,ent_cf26f7ad8f86,慈悲,DoctrineTerm,concept_in_tension_with,概念之间存在义理张力,ent_f14065e04ed1,有分別,DoctrineTerm,symmetric,core_usable,stable_entity_graph,true,1,1,1,1,1,single_article,慈悲的種類有『外相與內心、永久與一時』，慈悲是沒有對立、沒有分別，是一種無私的服務。,https://books.masterhsingyun.org/ArticleDetail/artcle18890
rel_ba54ad13f7b8,ent_cf26f7ad8f86,慈悲,DoctrineTerm,concept_in_tension_with,概念之间存在义理张力,ent_8af9d29d58e3,解脫,DoctrineTerm,symmetric,core_usable,stable_entity_graph,true,1,1,1,1,1,single_article,雖然如此，但菩薩並不是一直住在解脫無為的世界裡，相反的，菩薩為了慈悲護佑眾生，為了走入凡夫國土，修行時刻意不把煩惱完全斷除，留下一分「生相無明*1」，乘願再來度化眾生。,https://books.masterhsingyun.org/ArticleDetail/artcle14836
rel_1bed04266485,ent_cf26f7ad8f86,慈悲,DoctrineTerm,concept_is_foundation_of,概念构成另一概念或实践的基础,ent_b9466da1d262,佛教,DoctrineTerm,directed,core_usable,stable_entity_graph,true,1,0,0,0,1,single_article,慈悲，是佛教的根本思想。,https://books.masterhsingyun.org/ArticleDetail/artcle3789
rel_99093555b36f,ent_cf26f7ad8f86,慈悲,DoctrineTerm,concept_is_foundation_of,概念构成另一概念或实践的基础,ent_e148ca0687f4,佛法,DoctrineTerm,directed,core_usable,stable_entity_graph,true,11,0,0,0,1,single_article,因為慈悲是佛法的根本，也是做人本來就應該具備的條件。,https://books.masterhsingyun.org/ArticleDetail/artcle9278
rel_3152f8438947,ent_cf26f7ad8f86,慈悲,DoctrineTerm,concept_is_foundation_of,概念构成另一概念或实践的基础,ent_6475d71f00be,佛道,DoctrineTerm,directed,core_usable,stable_entity_graph,true,3,0,0,0,1,single_article,但是從另一個角度來看，「愛的昇華是慈悲」，慈悲是諸善中王，是佛道的根本。,https://books.masterhsingyun.org/ArticleDetail/artcle6897
rel_0bb6d8297d89,ent_cf26f7ad8f86,慈悲,DoctrineTerm,concept_is_foundation_of,概念构成另一概念或实践的基础,ent_7589add60cad,弘法,PracticeActivity,directed,core_usable,stable_entity_graph,true,2,0,0,0,1,single_article,慈悲是弘法的根本，失去了度眾的慈悲，就沒有佛道可成；,https://books.masterhsingyun.org/ArticleDetail/artcle4616
rel_0f8ed3c46ab0,ent_cf26f7ad8f86,慈悲,DoctrineTerm,concept_is_foundation_of,概念构成另一概念或实践的基础,ent_bd21a7978ab6,道德,Concept,directed,core_usable,stable_entity_graph,true,1,0,0,0,1,single_article,歡喜是善美的流露，智慧是無盡的寶藏，信仰是力量的泉源，慈悲是道德的根本，慚愧是莊嚴的衣冠，感恩是富足的表現，禪定是無限的自在，擁有這七種財寶就能擁有三千法界。,https://books.masterhsingyun.org/ArticleDetail/artcle16740
rel_ab193aa17a93,ent_cf26f7ad8f86,慈悲,DoctrineTerm,concept_named_as,概念命名为,ent_e87482bfdb9e,無緣慈悲,DoctrineTerm,directed,core_usable,stable_entity_graph,true,1,0,0,0,1,single_article,有一種慈悲叫做『無緣慈悲』，我們沒有關係，但我給你；,https://books.masterhsingyun.org/ArticleDetail/artcle20236
rel_fab3505362ea,ent_cf26f7ad8f86,慈悲,DoctrineTerm,doctrinal_entails,义理论证推出,ent_c84e07b0932e,成佛,Concept,directed,core_usable,stable_entity_graph,true,1,1,1,1,1,single_article,慈悲就是佛性，有了慈悲，眾生因此皆得成佛。,https://books.masterhsingyun.org/ArticleDetail/artcle309
rel_dd0e08c55274,ent_cf26f7ad8f86,慈悲,DoctrineTerm,doctrine_constrained_by,义理受条件或范围限制,ent_21203e6ee130,同體共生,Concept,directed,core_usable,stable_entity_graph,true,1,1,1,1,1,single_article,因為不懂「同體共生」的道理，而不能生起慈悲心。,https://books.masterhsingyun.org/ArticleDetail/artcle14273
rel_6fbf55d60ddd,ent_cf26f7ad8f86,慈悲,DoctrineTerm,doctrine_constrained_by,义理受条件或范围限制,ent_b1e217884f50,智慧,DoctrineTerm,directed,core_usable,stable_entity_graph,true,2,2,2,2,2,multi_article,所以，真正的慈悲必須以智慧為前導，否則弄巧成拙，反而失去善心美意。,https://books.masterhsingyun.org/ArticleDetail/artcle3463
rel_7840f7a65ada,ent_cf26f7ad8f86,慈悲,DoctrineTerm,doctrine_constrained_by,义理受条件或范围限制,ent_4c194eb34333,般若,DoctrineTerm,directed,core_usable,stable_entity_graph,true,1,1,1,1,1,single_article,因此，真正的慈悲包容必須以般若智慧為前導。,https://books.masterhsingyun.org/ArticleDetail/artcle19602
rel_be9b50f88cc8,ent_c84e07b0932e,成佛,Concept,doctrine_constrained_by,义理受条件或范围限制,ent_29c863dd97d1,一心,DoctrineTerm,directed,core_usable,stable_entity_graph,true,2,2,2,2,2,multi_article,天堂地獄在哪裡？⟂S⟂就在我們的心裡。⟂S⟂天台家說我們的心「一念三千」，唯識家則說一切萬法「唯心所變」。⟂S⟂我們的心瞬息變化，捉摸不定，忽而諸佛聖賢的心，忽而三塗惡道的心，一天之間，在十法界中上下浮沉，去來無數次。⟂S⟂成佛希賢端在一心，墮落輪迴也繫乎一念。⟂S⟂譬如有時候與人計較，不能滿足，猜疑忿恨，心中充滿貪瞋痴，那就是地獄；⟂S⟂有時對人慷慨布施，歡喜讚歎，處處以慈心待人，那就是天堂。,https://books.masterhsingyun.org/ArticleDetail/artcle7553
rel_03c9e7efcf65,ent_c84e07b0932e,成佛,Concept,doctrine_constrained_by,义理受条件或范围限制,ent_c3569625ae14,三十二相,DoctrineTerm,directed,core_usable,stable_entity_graph,true,2,2,2,2,2,multi_article,《金剛經》中，佛陀說他自己作忍辱仙人的時候，被歌利王誣陷、割截身體，他都不生氣，他所表現的正是「難行能行，難忍能忍」的修行功夫。⟂S⟂所以，成佛要有三十二相八十種好，要福慧俱全，這就是佛陀的「三祇修福慧，百劫修相好」；,https://books.masterhsingyun.org/ArticleDetail/artcle1927
rel_c97f90aca14a,ent_c84e07b0932e,成佛,Concept,doctrine_constrained_by,义理受条件或范围限制,ent_da5fe9291feb,三大阿僧祇劫,DoctrineTerm,directed,core_usable,stable_entity_graph,true,1,1,1,1,1,single_article,佛道無上誓願成──學佛最終目的是為了成佛，成佛雖然不容易，須經「三祇修福慧，百劫修相好」，方能成就。⟂S⟂但是今人一聽到佛道遙遠，須經三大阿僧祇劫，即生退心。,https://books.masterhsingyun.org/ArticleDetail/artcle594
rel_ce01d3a4a30b,ent_c84e07b0932e,成佛,Concept,doctrine_constrained_by,义理受条件或范围限制,ent_20b55f8f96b8,人間,PlaceRealm,directed,core_usable,stable_entity_graph,true,3,3,3,3,3,multi_article,大師又說：「佛教以人為本的佛教，……我們想要成佛，就必須在人間磨鍊、修行。」,https://books.masterhsingyun.org/ArticleDetail/artcle17815
rel_25f62302af8f,ent_c84e07b0932e,成佛,Concept,doctrine_constrained_by,义理受条件或范围限制,ent_bd68ae54ea00,修行,PracticeActivity,directed,core_usable,stable_entity_graph,true,3,2,2,2,3,multi_article,雖然人人皆可成佛，也都有成佛的願望，但是成佛作祖並非一蹴可幾，而是需要「三祇修福慧，百劫修相好」，須經累劫的修行、結緣，才有成佛的一日。,https://books.masterhsingyun.org/ArticleDetail/artcle5397
rel_d2e17bb2c7a3,ent_c84e07b0932e,成佛,Concept,doctrine_constrained_by,义理受条件或范围限制,ent_a277910bfd3e,八十種好,Concept,directed,core_usable,stable_entity_graph,true,1,1,1,1,1,single_article,《金剛經》中，佛陀說他自己作忍辱仙人的時候，被歌利王誣陷、割截身體，他都不生氣，他所表現的正是「難行能行，難忍能忍」的修行功夫。⟂S⟂所以，成佛要有三十二相八十種好，要福慧俱全，這就是佛陀的「三祇修福慧，百劫修相好」；,https://books.masterhsingyun.org/ArticleDetail/artcle1927
rel_baf7cd3ff2a4,ent_c84e07b0932e,成佛,Concept,doctrine_constrained_by,义理受条件或范围限制,ent_7819a06de839,緣起,DoctrineTerm,directed,core_usable,stable_entity_graph,true,1,1,1,1,1,single_article,由此可知，欲成佛道，必須諦觀「緣起」，這也正是大師雖然主張「一切佛法都是人間佛教」*116，卻重在「緣起中道」之真理闡揚的主要原因。,https://books.masterhsingyun.org/ArticleDetail/artcle15648
rel_8ed80e3ff42e,ent_c84e07b0932e,成佛,Concept,doctrine_constrained_by,义理受条件或范围限制,ent_63b8f0ed08d1,誓願,DoctrineTerm,directed,core_usable,stable_entity_graph,true,1,1,1,1,1,single_article,當發誓願，無願不果。⟂S⟂所以然者，……若長老比丘不發誓願者，終不成佛道。,https://books.masterhsingyun.org/ArticleDetail/artcle594
rel_fe6ad1682cc5,ent_c84e07b0932e,成佛,Concept,doctrine_constrained_by,义理受条件或范围限制,ent_11217872aabc,福慧,DoctrineTerm,directed,core_usable,stable_entity_graph,true,2,2,2,2,2,multi_article,《金剛經》中，佛陀說他自己作忍辱仙人的時候，被歌利王誣陷、割截身體，他都不生氣，他所表現的正是「難行能行，難忍能忍」的修行功夫。⟂S⟂所以，成佛要有三十二相八十種好，要福慧俱全，這就是佛陀的「三祇修福慧，百劫修相好」；,https://books.masterhsingyun.org/ArticleDetail/artcle1927
rel_606e17d72491,ent_a12baac89ceb,成唯識論,Classic,classic_states_or_mentions_doctrine,经典陈述或提及教义,ent_b265c0f135b0,涅槃,DoctrineTerm,directed,core_usable,stable_entity_graph,true,1,1,1,1,1,single_article,第八阿賴耶識含藏宇宙萬有的種子，世間種種的現象，皆是由此似瀑流的種子所變現，故《成唯識論》云：「無始時來界，一切法等依，由此有諸趣，及涅槃證得。」⟂S⟂另外，唯識義理對於世間存在的現象界，亦以「三界唯心，萬法唯識」來說明一切法的存在是由心識所變現，此即佛教哲學的認識論。,https://books.masterhsingyun.org/ArticleDetail/artcle4066
rel_38a27e1eb698,ent_a12baac89ceb,成唯識論,Classic,classic_states_or_mentions_doctrine,经典陈述或提及教义,ent_e6ad4ecfe40e,賴耶識,DoctrineTerm,directed,core_usable,stable_entity_graph,true,1,1,1,1,1,single_article,第八阿賴耶識含藏宇宙萬有的種子，世間種種的現象，皆是由此似瀑流的種子所變現，故《成唯識論》云：「無始時來界，一切法等依，由此有諸趣，及涅槃證得。」⟂S⟂另外，唯識義理對於世間存在的現象界，亦以「三界唯心，萬法唯識」來說明一切法的存在是由心識所變現，此即佛教哲學的認識論。,https://books.masterhsingyun.org/ArticleDetail/artcle4066
rel_9ec54dc40630,ent_ea91ad328368,成就,DoctrineTerm,concept_defined_as,概念定义为,ent_b35b69fd5ff9,眾生,DoctrineTerm,directed,core_usable,stable_entity_graph,true,1,0,0,0,1,single_article,在大乘佛法裡，「成就」，即是利益眾生，是修行的成就、佛菩薩的成就。,https://books.masterhsingyun.org/ArticleDetail/artcle337
rel_341d460f8b8c,ent_ea91ad328368,成就,DoctrineTerm,concept_defined_as,概念定义为,ent_426c553369e4,快樂,Concept,directed,core_usable,stable_entity_graph,true,1,0,0,0,1,single_article,所謂的成就，即是大家的圓滿、歡喜、快樂。,https://books.masterhsingyun.org/ArticleDetail/artcle17793
rel_dd360a8f3843,ent_ea91ad328368,成就,DoctrineTerm,concept_defined_as,概念定义为,ent_b9c334cfd06e,歡喜,DoctrineTerm,directed,core_usable,stable_entity_graph,true,1,0,0,0,1,single_article,這次迎佛牙的最大成就，就是融和、歡喜。,https://books.masterhsingyun.org/ArticleDetail/artcle7202
rel_d124262a369a,ent_d6ec558ba334,戒律,DoctrineTerm,concept_has_quality,概念具有属性,ent_cf26f7ad8f86,慈悲,DoctrineTerm,directed,core_usable,stable_entity_graph,true,1,1,1,1,1,single_article,佛教除了提倡不殺生，更進而積極護生。⟂S⟂《菩薩戒本疏》云：「若佛子以慈悲故行放生業，應作是念：『一切男子是我父，一切女人是我母，我生生無不從之受生，故六道眾生皆是我父母，而殺而食者，即殺我父母，亦殺我故身。』」⟂S⟂戒殺護生是對一切有情生命的尊重，所以佛教的戒律對於動物的保護，有著積極的慈悲思想。,https://books.masterhsingyun.org/ArticleDetail/artcle976
rel_2e029bdba9b4,ent_e26bec9c3bd3,執著,DoctrineTerm,concept_defined_as,概念定义为,ent_0561a5bfd292,不可得,Concept,directed,core_usable,stable_entity_graph,true,2,0,0,0,1,single_article,因為有執著就是不可得。,https://books.masterhsingyun.org/ArticleDetail/artcle7066
rel_a3e3c9abf4a3,ent_e26bec9c3bd3,執著,DoctrineTerm,concept_defined_as,概念定义为,ent_7907bff5d2ac,戒禁取見,DoctrineTerm,directed,core_usable,stable_entity_graph,true,1,0,0,0,1,single_article,認為修持不正確的戒律、禁制等，也可達到涅槃，這種戒行的執著，就是戒禁取見。,https://books.masterhsingyun.org/ArticleDetail/artcle6847
rel_bc4a8f280df5,ent_e26bec9c3bd3,執著,DoctrineTerm,concept_has_causal_role,概念具有因果角色,ent_3f2cfc0ad314,煩惱,DoctrineTerm,directed,core_usable,stable_entity_graph,true,1,0,0,0,1,single_article,*141我們因為固執己見、所想、所欲，才陷入痛苦，如能接受大師從智者的高度、廣度與角度的提點，知道原來可以如此反身、轉性，你就會發現，自己困於執著所引生的煩惱，豁然而解，「本來無一物，何處惹塵埃。」,https://books.masterhsingyun.org/ArticleDetail/artcle24108
rel_694352298645,ent_e26bec9c3bd3,執著,DoctrineTerm,concept_in_tension_with,概念之间存在义理张力,ent_247b5c2351b8,方便,DoctrineTerm,symmetric,core_usable,stable_entity_graph,true,2,2,2,2,2,multi_article,砒霜毒藥雖然能害人，但如果使用得當也能救命，同樣的，化導孩子也要能觀機逗教，給予權巧方便的發，不可執著，執著不能解決問題。」,https://books.masterhsingyun.org/ArticleDetail/artcle17025
rel_d46256949a74,ent_e26bec9c3bd3,執著,DoctrineTerm,concept_in_tension_with,概念之间存在义理张力,ent_c491291ea5a3,無我,DoctrineTerm,symmetric,core_usable,stable_entity_graph,true,1,1,1,1,1,single_article,人的錯誤和對立來自於無明，只要『空有』調和，便能照見五蘊皆空，執著事相就不能看到『無我』，要從『無我』才能看見真理。」,https://books.masterhsingyun.org/ArticleDetail/artcle18882
rel_086cf0c96163,ent_11ac08443dd8,持戒,PracticeActivity,doctrinal_entails,义理论证推出,ent_c84e07b0932e,成佛,Concept,directed,core_usable,stable_entity_graph,true,1,1,1,1,1,single_article,說持戒，就說佛陀過去如何持戒，所以才得以成佛。,https://books.masterhsingyun.org/ArticleDetail/artcle2820
rel_3ac7cb74e790,ent_11ac08443dd8,持戒,PracticeActivity,practice_aims_at_doctrinal_state,实践趋向教义境界,ent_7ed1a52121c4,清淨,DoctrineTerm,directed,core_usable,stable_entity_graph,true,1,0,0,0,1,single_article,「持戒」，是以止惡行善的戒行來達到自心的清淨，比布施更可貴。,https://books.masterhsingyun.org/ArticleDetail/artcle7039
rel_3b937787a47c,ent_11ac08443dd8,持戒,PracticeActivity,practice_aims_at_doctrinal_state,实践趋向教义境界,ent_8af9d29d58e3,解脫,DoctrineTerm,directed,core_usable,stable_entity_graph,true,1,0,0,0,1,single_article,佛教的「戒定慧」三學，戒學居首，依戒才能生定，依定才能發慧，有了智慧才能免於沉淪生死苦海，所以持戒是解脫的途徑之一。,https://books.masterhsingyun.org/ArticleDetail/artcle2077
rel_df890ac549b3,ent_11ac08443dd8,持戒,PracticeActivity,practice_cultivates_doctrine,实践培育教义品质,ent_7ed1a52121c4,清淨,DoctrineTerm,directed,core_usable,stable_entity_graph,true,1,1,1,1,1,single_article,此偈涵蓋四阿含經，總括諸佛之教。⟂S⟂諸惡莫作，是諸法本，能生出一切善法。⟂S⟂什麼緣故呢？⟂S⟂因為諸惡莫作，能受持戒法不犯，身口意清白無染。⟂S⟂眾善奉行，則心意不貪、不瞋、不痴，能清淨柔軟。⟂S⟂而自淨其意，即除邪見顛倒，去愚惑想，自然能具足諸佛之教。⟂S⟂如經中接續所說：「迦葉！⟂S⟂戒清淨者，意豈不淨乎？⟂S⟂意清淨者，則不顛倒；⟂S⟂以無顛倒，愚惑想滅，諸三十七道品果便得成就。⟂S⟂以成道果，豈非諸法乎？」⟂S⟂我們千萬不要輕忽小戒微福，佛陀的三十二相，八十隨形好，都是從不輕不捨任一細行功德所累積成就的。⟂S⟂我們從佛陀的事蹟來看，他為病比丘澡浴淨身，清理修復朽壞的門板，為阿那律穿針引線等，就如同佛陀對阿那律說的偈語：,https://books.masterhsingyun.org/ArticleDetail/artcle266
rel_9213e80c5428,ent_11ac08443dd8,持戒,PracticeActivity,practice_has_component,实践包含组成环节,ent_456d8483a27a,止持,PracticeActivity,directed,core_usable,stable_entity_graph,true,1,0,0,0,1,single_article,因此持戒可分為止持與作持。,https://books.masterhsingyun.org/ArticleDetail/artcle23130
rel_f75f5a3ca1ed,ent_724e98c90d9a,提婆,DoctrineTerm,returns_to_origin_or_continues_spirit,回归源头或延续精神,ent_7814e046414f,龍樹,BuddhistFigure,directed,core_usable,stable_entity_graph,true,1,0,0,0,1,single_article,提婆菩薩繼承龍樹闡釋「空」理，使中觀學說傳諸後世；,https://books.masterhsingyun.org/ArticleDetail/artcle3855
rel_2bb97d89c14b,ent_f5e4b147641f,提婆達多,Concept,concept_defined_as,概念定义为,ent_39ea25e516d0,阿難陀,DoctrineTerm,directed,core_usable,stable_entity_graph,true,1,0,0,0,1,single_article,阿難陀的父親是白飯王，提婆達多就是阿難陀的哥哥，他所以能夠在童年時加入僧團，可以說就是佛陀的希望。,https://books.masterhsingyun.org/ArticleDetail/artcle7257
rel_a1eed279618f,ent_4799c54a7635,攝善法戒,DoctrineTerm,concept_defined_as,概念定义为,ent_e148ca0687f4,佛法,DoctrineTerm,directed,core_usable,stable_entity_graph,true,1,0,0,0,1,single_article,攝善法戒就是佛法，攝律儀戒就是佛法，饒益有情就是佛法，慈悲就是佛法。,https://books.masterhsingyun.org/ArticleDetail/artcle16280
rel_ba082c6f11c8,ent_02b251ee97af,攝律儀戒,DoctrineTerm,concept_defined_as,概念定义为,ent_e148ca0687f4,佛法,DoctrineTerm,directed,core_usable,stable_entity_graph,true,1,0,0,0,1,single_article,攝善法戒就是佛法，攝律儀戒就是佛法，饒益有情就是佛法，慈悲就是佛法。,https://books.masterhsingyun.org/ArticleDetail/artcle16280
rel_165be2439de2,ent_02b251ee97af,攝律儀戒,DoctrineTerm,concept_has_subconcept,概念包含下位概念,ent_d8d9506f4a85,具足戒,DoctrineTerm,directed,core_usable,stable_entity_graph,true,1,1,1,1,1,single_article,所謂「三聚淨戒」，融合了止惡的攝律儀戒、行善的攝善法戒、利他的饒益有情戒，是聚集了斷諸惡、修善法、度眾生等三大門的一切佛法。⟂S⟂其中，攝律儀戒，包括五戒、十戒、具足戒等一切戒律，遵守受持就能防止過惡；,https://books.masterhsingyun.org/ArticleDetail/artcle2077
rel_b06d65d88716,ent_52a38f23d74e,摩訶般若波羅蜜經,Classic,classic_states_or_mentions_doctrine,经典陈述或提及教义,ent_451aac4b11fb,讚歎,PracticeActivity,directed,core_usable,stable_entity_graph,true,1,1,1,1,1,single_article,《摩訶般若波羅蜜經》云：「是菩薩摩訶薩若行檀那波羅蜜時，自行布施亦教人布施，讚歎布施功德，歡喜讚歎行布施者，以是布施因緣故得大財富。」⟂S⟂也就是說，不但自己歡喜布施，若教他人布施，並歡喜讚歎他布施的功德，自己也會因為這個歡喜讚歎而得到大功德。,https://books.masterhsingyun.org/ArticleDetail/artcle2071
rel_0452cac313ed,ent_0fc4087bb731,放下,PracticeActivity,doctrinal_entails,义理论证推出,ent_4e0c841f996e,逍遙自在,Concept,directed,core_usable,stable_entity_graph,true,1,1,1,1,1,single_article,所以，各位到這裡參加短期出家，一定要先有「放下」的想法，放下才可以逍遙自在啊！,https://books.masterhsingyun.org/ArticleDetail/artcle16234
rel_ca7476e96971,ent_0fc4087bb731,放下,PracticeActivity,practice_reduces_affliction,实践对治烦恼,ent_e26bec9c3bd3,執著,DoctrineTerm,directed,core_usable,stable_entity_graph,true,1,1,1,1,1,single_article,佛陀當年在靈山會上「拈花微笑」的用意，就是希望學佛者能夠放下對各種現象的執著，能夠把握「當下的禪機」。,https://books.masterhsingyun.org/ArticleDetail/artcle21782
rel_23ba7f8f4b69,ent_0fc4087bb731,放下,PracticeActivity,practice_reduces_affliction,实践对治烦恼,ent_3f2cfc0ad314,煩惱,DoctrineTerm,directed,core_usable,stable_entity_graph,true,1,1,1,1,1,single_article,說到解脫道，光是一首偈子，你能奉行，身心安樂了，不就解脫了嗎？⟂S⟂很自在、很放下，不就解脫了嗎？⟂S⟂還有，你對人世間沒有爭執，對人我相處沒有糾紛，不就是解脫了嗎？⟂S⟂再說，你在平常的生活裡面，和人無爭、無仇、無恨，都能放下，無煩惱，所交的都是君子、好人，等於「佛國淨土樂逍遙」，不就解脫了嗎？,https://books.masterhsingyun.org/ArticleDetail/artcle10959
rel_c048afada189,ent_7b593d6cedd8,教化,PracticeActivity,practice_aims_at_doctrinal_state,实践趋向教义境界,ent_e7ba1be4785d,安樂,Concept,directed,core_usable,stable_entity_graph,true,1,1,1,1,1,single_article,佛陀為大眾排憂解難，說法四十九年，談經三百餘會，皆為社會大眾示教利喜。⟂S⟂由此可見，佛教本質上是為人間服務的教化，旨在增加人間的幸福與安樂，彰顯「降誕世間、示教利喜」的本懷，佛陀所說的一切法都是人間佛教，人間佛教也就是佛教的全部」。,https://books.masterhsingyun.org/ArticleDetail/artcle24091
rel_c749e652a030,ent_7b593d6cedd8,教化,PracticeActivity,practice_aims_at_doctrinal_state,实践趋向教义境界,ent_7218629ab8b8,自性,DoctrineTerm,directed,core_usable,stable_entity_graph,true,1,1,1,1,1,single_article,如果自己不能領悟，必須尋訪大善知識，也就是理解最上乘法的人，直接指示正路。⟂S⟂這善知識有大事因緣，就是所謂『教化示導，令眾生得見自性』，因為一切善法能夠由善知識發起的緣故。,https://books.masterhsingyun.org/ArticleDetail/artcle129
rel_a3f3b2d8c086,ent_7b593d6cedd8,教化,PracticeActivity,practice_has_benefit,实践产生利益或功德,ent_9f4e43b60b58,功德,DoctrineTerm,directed,core_usable,stable_entity_graph,true,1,1,1,1,1,single_article,兒子為我感到高興，讚歎我說：「媽媽，你太棒了，竟已能雙手電腦打字。」⟂S⟂後來承擔會長任務，印象最深刻的是人稱「新手會長的第一次段考」──臘八粥結緣，動員大量義工人力，除了教師分會的成員之外，我的人脈大都來自教育界，以前學校同事看我一改愁苦面容，動力十足布置場地、安排備料作業、發送事宜，都大為驚奇，讚歎佛法教化功德不可思議。,https://books.masterhsingyun.org/ArticleDetail/artcle15710
rel_5e24ac700492,ent_2a947d66f56d,教育,Concept,concept_defined_as,概念定义为,ent_b9466da1d262,佛教,DoctrineTerm,directed,core_usable,stable_entity_graph,true,1,0,0,0,1,single_article,我覺得，教育就是佛教，佛教就是教育。,https://books.masterhsingyun.org/ArticleDetail/artcle20754
rel_e93b357ba229,ent_2a947d66f56d,教育,Concept,concept_defined_as,概念定义为,ent_7589add60cad,弘法,PracticeActivity,directed,core_usable,stable_entity_graph,true,1,0,0,0,1,single_article,教育就是弘法。,https://books.masterhsingyun.org/ArticleDetail/artcle10886
rel_3b51a8c8b290,ent_2a947d66f56d,教育,Concept,concept_defined_as,概念定义为,ent_06d4a3cbfa45,未來,DoctrineTerm,directed,core_usable,stable_entity_graph,true,1,0,0,0,1,single_article,大師說：「韓國佛教需要現代化，教育就是未來。,https://books.masterhsingyun.org/ArticleDetail/artcle18247
rel_2ea053438ddf,ent_2a947d66f56d,教育,Concept,concept_has_subconcept,概念包含下位概念,ent_3ee1498cff0d,法語,DoctrineTerm,directed,core_usable,stable_entity_graph,true,1,0,0,0,1,single_article,西澳及北領地政府也採納了相應的外語教育計畫，中文在這兩個省分均是重要的外語課程； ⟂S⟂ 其他外語包括日語、印尼語、法語和德語……,https://books.masterhsingyun.org/ArticleDetail/artcle8300
rel_1896bd6d3055,ent_2a947d66f56d,教育,Concept,doctrine_constrained_by,义理受条件或范围限制,ent_6252f39caa13,發心,PracticeActivity,directed,core_usable,stable_entity_graph,true,2,2,2,2,2,multi_article,三、普濟重於接受：現在教育最大的缺點，就是重視功利，養成學子自私、貪吝，凡事只為自己圖利益，不為天下蒼生謀福。⟂S⟂但是真正的教育，必須要有菩薩的發心，如釋迦牟尼佛及跟隨他的十大弟子等千二百五十人、耶穌的十大門徒、孔子的七十二賢人等，這許多人因為受到老師教育的感染，興起獻身普世人類的發心，因此能留名青史。,https://books.masterhsingyun.org/ArticleDetail/artcle5495
rel_5ec62e572d55,ent_fd9853062835,文殊菩薩,BuddhistFigure,person_associated_with_place,人物关联地点,ent_085ecbf259b5,五臺山,PlaceRealm,directed,core_usable,stable_entity_graph,true,1,1,1,1,1,single_article,典座，以現代的語言來說，相當於總務。⟂S⟂典座的「典」，有典範的意思，要示範給大家看，因此擔任典座的人，大多是老成持重、有因果觀念，在各方面都很標準的老參，才能勝任典座的職務。⟂S⟂另一種典座，是在廚房掌管飲食。⟂S⟂一般人講到廚房的典座，會認為他的工作只是煮飯，其實廚房的職司，有煮飯的飯頭、煮菜的菜頭、負責冷熱水的水頭、負責燒火的火頭，以及管柴薪的柴頭等，他們彼此各有分工，各司其職。⟂S⟂過去很多菩薩化現的僧人，他們都曾在寺院裡做過行單，發心為大眾服務，如文殊菩薩在五台山擔任火頭，有的在寺院、廚房裡擔任總管，這就是「典座」。⟂S⟂,https://books.masterhsingyun.org/ArticleDetail/artcle17982
rel_40e8c9a1675c,ent_fd9853062835,文殊菩薩,BuddhistFigure,person_guides_or_saves_group,人物教化或度化群体,ent_aef97ef170d1,眾生,Group,directed,core_usable,stable_entity_graph,true,1,0,0,0,1,single_article,所謂菩薩道，如觀世音菩薩以慈悲尋聲救苦，文殊菩薩以大智慧接引眾生，地藏王菩薩以大願力救拔罪苦，普賢菩薩以十大願行廣度眾生，這四大菩薩所行的悲、智、願、行，可以說是大乘菩薩道的典範。,https://books.masterhsingyun.org/ArticleDetail/artcle13631
rel_a561720fd203,ent_fd9853062835,文殊菩薩,BuddhistFigure,person_teaches_audience,人物教导受众,ent_8f22bf31627e,善財童子,BuddhistFigure,directed,core_usable,stable_entity_graph,true,1,1,1,1,1,single_article,《華嚴經》的最後一部分〈入法界品〉是篇幅最大的一品經。⟂S⟂在本品的一開始，文殊菩薩在福城東為大眾講說此經時，勸導善財童子說：「汝已發阿耨多羅三藐三菩提心，復欲親近諸善知識，問菩薩行，修菩薩道。⟂S⟂善男子！⟂S⟂親近供養諸善知識，是具一切智最初因緣，是故於此勿生疲厭。」⟂S⟂將參訪各種善知識視為獲得智慧的重要手段。⟂S⟂善財由此開始南行，歷經一百一十座城，參訪五十三位善知識。⟂S⟂該品中，善財參訪的實際人數為五十五人次，但因第五十一、五十二的德生童子和有德童女，為善財在同一時間、同一地點參訪，並共說一種法門，第五十四文殊菩薩則兩次為善財說法，所以一般說為五十三參。⟂S⟂從這些出場的人物看，有菩薩、比丘、比丘尼、優婆塞、優婆夷、童男、童女、天、天女、外道、婆羅門、長者、醫師、船師、仙人、佛母、佛妃以及諸神等各種不同種類、不同職業的各色人等。⟂S⟂善財童子深入世界的參學在《華嚴經》頗具象徵意義，其開始於象徵智慧的文殊菩薩對善財提出的要求，即「親近供養諸善知識」，並且要「勿生疲厭」，其後又有象徵修行的普賢菩薩出現，所以三祖法藏曾說：「此五十五會二主統收，初文殊至後文殊，是文殊位屬般若門。⟂S⟂後普賢一位屬法界門，非般若無以入法界，是故善財創見於文殊；⟂S⟂非入法界無以顯般若，是故善財終見於普賢。⟂S⟂是故二人寄二位，以明入法界。⟂S⟂又前文殊即法界甚深義，後普賢顯法界廣大義，是故二門相影具德。」⟂S⟂,https://books.masterhsingyun.org/ArticleDetail/artcle17789
rel_2b6f478566e4,ent_fd9853062835,文殊菩薩,BuddhistFigure,person_teaches_audience,人物教导受众,ent_1d72621bcc3d,智首菩薩,BuddhistFigure,directed,core_usable,stable_entity_graph,true,1,1,1,1,1,single_article,本品由智首菩薩為當機眾，請問淨化身、口、意三業的方法，文殊菩薩為說「一百四十一願行」，作為淨化身心的指南。⟂S⟂其中每一願，都是從佛化的日常生活中所提出者，修行的佛弟子在耳聞、目視，一舉手、一投足之間，均以成就一切眾生為前提，而作意「當願眾生」，發出廣大淨善心意，來美化心靈，成就世間，開拓胸襟，成為徹底的戒法。,https://books.masterhsingyun.org/ArticleDetail/artcle6780
rel_1cf1c2aa5677,ent_247b5c2351b8,方便,DoctrineTerm,concept_complementary_with,概念在语境中相互助成,ent_4c194eb34333,般若,DoctrineTerm,symmetric,core_usable,stable_entity_graph,true,2,2,2,2,2,multi_article,般若破其有見，方便斥其無見。⟂S⟂故前明般若，後辨方便。,https://books.masterhsingyun.org/ArticleDetail/artcle24749
rel_9288fa7b389b,ent_247b5c2351b8,方便,DoctrineTerm,concept_defined_as,概念定义为,ent_5b942c31ca5d,四攝法,DoctrineTerm,directed,core_usable,stable_entity_graph,true,1,0,0,0,1,single_article,菩提心就是上求佛道，大悲心就是下化眾生，方便心就是方便行四攝法。,https://books.masterhsingyun.org/ArticleDetail/artcle7571
rel_bbfcb6c3f4fa,ent_247b5c2351b8,方便,DoctrineTerm,concept_defined_as,概念定义为,ent_cf26f7ad8f86,慈悲,DoctrineTerm,directed,core_usable,stable_entity_graph,true,2,0,0,0,1,single_article,方便是智慧，方便是慈悲，方便才能有人緣。,https://books.masterhsingyun.org/ArticleDetail/artcle6787
rel_f5cf45cba44e,ent_247b5c2351b8,方便,DoctrineTerm,concept_defined_as,概念定义为,ent_b1e217884f50,智慧,DoctrineTerm,directed,core_usable,stable_entity_graph,true,12,0,0,0,1,single_article,1.方便具足：方便即是智慧，譬如把家庭的客廳變成工廠，宣導家庭副業，所謂窮則變，變則通。,https://books.masterhsingyun.org/ArticleDetail/artcle2960
rel_db52e2d6dc62,ent_247b5c2351b8,方便,DoctrineTerm,concept_equivalent_to,概念等同或同义,ent_b1e217884f50,智慧,DoctrineTerm,symmetric,core_usable,stable_entity_graph,true,2,1,1,1,2,single_article,「方便」就是智慧。,https://books.masterhsingyun.org/ArticleDetail/artcle7928
rel_cadfaa2ee15f,ent_247b5c2351b8,方便,DoctrineTerm,concept_has_quality,概念具有属性,ent_03c937f6582b,不可思議,DoctrineTerm,directed,core_usable,stable_entity_graph,true,2,1,1,1,2,single_article,《首楞嚴三昧經》曾經提到菩薩有二十種不可思議：福德不可思議、智不可思議、慧不可思議、方便不可思議、辯才不可思議、法明不可思議、總持不可思議、法門不可思議、憶念隨義不可思議、諸神通力不可思議、分別眾生諸所語言不可思議、深解眾生心之所樂不可思議、得見諸佛不可思議、所聞諸法不可思議、教化眾生不可思議、自在三昧不可思議、成就眾生不可思議、形式最妙不可思議、修治諸波羅蜜不可思議、得不退轉不可思議。⟂S⟂師父一生的思想行蹟，有許多超乎常人的地方，高瞻遠矚，見人所未見，不可以俗情世知去忖度他，不可思議是最好的形容。⟂S⟂譬如師父的無礙辯才，契機契理，理事圓融，如實的法音，廣長的妙舌，帶給聽眾多少的法喜與信心！⟂S⟂師父度眾的權巧方便，破銅爛鐵到了他那大冶洪爐，都會熬煉成繞指精鋼；⟂S⟂再駑鈍的驢馬，經過他的細心調教，都會變成日馳千里的神駒駿騎；⟂S⟂再頑劣的闡提眾生，接受他的慈悲攝受，都有成聖希賢的地方，在於他的平實、平常、平易，師父把精微深奧的佛法落實於生活，扎根於人間。⟂S⟂師父的偉大，給人的是一種和風煦日的舒適，而不是灼熱高峻的不可親近。,https://books.masterhsingyun.org/ArticleDetail/artcle17421
rel_3f0089d6322e,ent_247b5c2351b8,方便,DoctrineTerm,concept_in_tension_with,概念之间存在义理张力,ent_4c194eb34333,般若,DoctrineTerm,symmetric,core_usable,stable_entity_graph,true,1,1,1,1,1,single_article,（p.12）Tatz這裡指出《善巧方便經》中包含了兩種相反的傾向，即（一）視善巧方便智與般若慧相等、相補，（二）是認為般若在邏輯上優先於善巧方便。,https://books.masterhsingyun.org/ArticleDetail/artcle24743
rel_8b65b1a85790,ent_c416eb7e3c4d,方便品,Classic,classic_states_or_mentions_doctrine,经典陈述或提及教义,ent_f3f20d04ac35,諸法實相,DoctrineTerm,directed,core_usable,stable_entity_graph,true,4,4,4,3,4,multi_article,《法華經．方便品》云：「佛所成就第一稀有難解之法，為佛與佛乃能究竟諸法實相，所謂諸法如是相、如是性、如是體、如是力、如是作、如是因、如是緣、如是果、如是報、如是本末究竟。」,https://books.masterhsingyun.org/ArticleDetail/artcle24163
rel_1630f5cfa0be,ent_6d57e3340e69,無上正等正覺,DoctrineTerm,concept_equivalent_to,概念等同或同义,ent_23021aee0498,阿耨多羅三藐三菩提,DoctrineTerm,symmetric,core_usable,stable_entity_graph,true,1,1,1,1,1,single_article,"「Moksa」是解脫生死輪迴而得自在無束縛，這種修行目標是佛教以前，佛陀從當時婆羅門、外道的修道方法與理想目的，做徹底檢討與修正、批判。⟂S⟂因此，菩提樹下悟道所證得境界稱作「無上正等正覺」（anuttara samāsambodhi,‭ ‬阿耨多羅三藐三菩提），而相對於聲聞之悟（sāvaka-bodhi）或緣覺之悟（pacceka-bodhi），是有證悟境界與目的共性與不共性。⟂S⟂弟子聲聞證悟境界分成三個階段：(一)最初證悟是凡夫到入聖者之流，(二)初果到三果之證悟，(三)四果阿羅漢，乃最高證悟，是「出世間」的「無漏」，堪稱「聖者」。⟂S⟂",https://books.masterhsingyun.org/ArticleDetail/artcle17790
rel_b7725326da9b,ent_3ba8f5d64313,無為法,DoctrineTerm,concept_has_quality,概念具有属性,ent_c491291ea5a3,無我,DoctrineTerm,directed,core_usable,stable_entity_graph,true,1,1,1,1,1,single_article,二、諸法無我：一切有為、無為法並無獨立的、不變的「我」的實體，一切法都是依因緣而生，彼此相互依存，並無「我」的恆常不變的實體與自我主宰的功能，所以說「無我」。,https://books.masterhsingyun.org/ArticleDetail/artcle3980
rel_ccf5edeb1a4a,ent_9a09ad0a2d77,無常,DoctrineTerm,concept_defined_as,概念定义为,ent_79be471f2b02,變化,Concept,directed,core_usable,stable_entity_graph,true,1,0,0,0,1,single_article,無常就是變化，窮則變，變則通。,https://books.masterhsingyun.org/ArticleDetail/artcle18095
rel_e36f5dcf368a,ent_9a09ad0a2d77,無常,DoctrineTerm,doctrinal_entails,义理论证推出,ent_2d1836c4e64e,希望,Concept,directed,core_usable,stable_entity_graph,true,1,1,1,1,1,single_article,尤其，緣起法啟示我們：世間萬法是「無常」的，好的有可能變壞，壞的也有可能變好。⟂S⟂因此縱使遇到困難、挫折，只要我們堅忍不拔地朝向正確的人生目標努力，一切的困難挫折終會成為過去，因為因緣所生的萬法，有賴於諸緣，一旦因緣散失，所生的諸法自然亦趨於散滅，所以「無常」可以為我們帶來新的希望。,https://books.masterhsingyun.org/ArticleDetail/artcle183
rel_1aa82e8d36b9,ent_c491291ea5a3,無我,DoctrineTerm,concept_has_subconcept,概念包含下位概念,ent_cf26f7ad8f86,慈悲,DoctrineTerm,directed,core_usable,stable_entity_graph,true,1,0,0,0,1,single_article,世界要和平，需要無我，無我不是說我們統統都自殺吧，沒有了我就是無我，並不是，無我包括慈悲、智慧、尊重、包容、歡喜、幸福、安樂……用一句話總結，就是「有佛法就有辦法」。,https://books.masterhsingyun.org/ArticleDetail/artcle11269
rel_9d62d5674dff,ent_c491291ea5a3,無我,DoctrineTerm,concept_has_subconcept,概念包含下位概念,ent_b1e217884f50,智慧,DoctrineTerm,directed,core_usable,stable_entity_graph,true,1,0,0,0,1,single_article,世界要和平，需要無我，無我不是說我們統統都自殺吧，沒有了我就是無我，並不是，無我包括慈悲、智慧、尊重、包容、歡喜、幸福、安樂……用一句話總結，就是「有佛法就有辦法」。,https://books.masterhsingyun.org/ArticleDetail/artcle11269
rel_82bd50be44ff,ent_c491291ea5a3,無我,DoctrineTerm,concept_has_subconcept,概念包含下位概念,ent_b9c334cfd06e,歡喜,DoctrineTerm,directed,core_usable,stable_entity_graph,true,1,0,0,0,1,single_article,世界要和平，需要無我，無我不是說我們統統都自殺吧，沒有了我就是無我，並不是，無我包括慈悲、智慧、尊重、包容、歡喜、幸福、安樂……用一句話總結，就是「有佛法就有辦法」。,https://books.masterhsingyun.org/ArticleDetail/artcle11269
rel_188e7bacb846,ent_c491291ea5a3,無我,DoctrineTerm,concept_reconciled_with,概念在语境中被说明为可调和,ent_fb92e0f5af32,輪迴,DoctrineTerm,symmetric,core_usable,stable_entity_graph,true,1,0,0,0,1,single_article,無我和輪迴並不矛盾，好比一塊黃金，可以做成戒子、耳環、手鐲等飾物，儘管金器千變萬化，黃金的本質是不變的。,https://books.masterhsingyun.org/ArticleDetail/artcle3430
rel_c5e2f9d099e4,ent_c491291ea5a3,無我,DoctrineTerm,doctrinal_entails,义理论证推出,ent_8192dba0aaf3,自在,Concept,directed,core_usable,stable_entity_graph,true,2,2,2,2,2,multi_article,由「無我」，可知性真性實，必得自在。,https://books.masterhsingyun.org/ArticleDetail/artcle1338
rel_67f0ec7590fc,ent_da8e53ea97ce,無我觀,DoctrineTerm,concept_defined_as,概念定义为,ent_c3d632391f6d,因緣觀,DoctrineTerm,directed,core_usable,stable_entity_graph,true,1,0,0,0,1,single_article,因此我們要以無我觀來看待，無我觀就是因緣觀，種種的因緣和合存在，因緣散滅了，和合的假我也就散滅了，只是一個短暫的存在。,https://books.masterhsingyun.org/ArticleDetail/artcle3263
rel_6a806043a740,ent_3ebe15833764,無明,DoctrineTerm,concept_defined_as,概念定义为,ent_5c024ea8045e,貪瞋痴,Concept,directed,core_usable,stable_entity_graph,true,1,0,0,0,1,single_article,故而好的田地，它只生長有用的五榖，不長無明草，什麼是無明草？ ⟂S⟂ 就是貪瞋痴。,https://books.masterhsingyun.org/ArticleDetail/artcle14063
rel_7d18429ab956,ent_3ebe15833764,無明,DoctrineTerm,concept_in_tension_with,概念之间存在义理张力,ent_7ed1a52121c4,清淨,DoctrineTerm,symmetric,core_usable,stable_entity_graph,true,1,1,1,1,1,single_article,心既具足自我的清淨本性，又充滿了無始的無明煩惱。,https://books.masterhsingyun.org/ArticleDetail/artcle5541
rel_a0fcb930b83c,ent_3ebe15833764,無明,DoctrineTerm,concept_is_foundation_of,概念构成另一概念或实践的基础,ent_c175f86b8e66,生死,DoctrineTerm,directed,core_usable,stable_entity_graph,true,1,0,0,0,1,single_article,無明經過修行，就成為真如、成為佛性，所以，無明是生命的本體，是生死的根本。,https://books.masterhsingyun.org/ArticleDetail/artcle1009
rel_a32f8dac7bd5,ent_fe35c79c3fb7,無漏因,DoctrineTerm,doctrinal_entails,义理论证推出,ent_e769d2a2127c,無漏果,DoctrineTerm,directed,core_usable,stable_entity_graph,true,1,1,1,1,1,single_article,佛陀教誡須菩提尊者，證得無生法忍的菩薩所得的功德，因為不受福德的緣故，所以勝過以沙界七寶施的菩薩。⟂S⟂在前分佛陀說過，發菩提心者，於法不說斷滅相，為什麼在此又云菩薩不受福德呢？⟂S⟂佛陀為破尊者及後末世眾生的疑惑，因此深入闡明「不受福德」之義。⟂S⟂不受，乃是不貪著。⟂S⟂因為才生貪著，即成有漏。⟂S⟂因既有漏，果亦有漏，縱令具足三十二相，也不過是人間福德的輪王，而不名為佛。⟂S⟂不受，不是撥棄百福相好、行解資糧的功用，而是無貪無著，受而無受。⟂S⟂第二十六分「不應以三十二相觀如來」，這是妙有不有，離常見也；⟂S⟂第二十七分：「莫作是念：『如來不以具足相故，得阿耨多羅三藐三菩提。』」⟂S⟂是真空不空，離斷見也。⟂S⟂直到第二十八分，斷常二見俱離，菩薩行者，得成於忍，所作福德，皆不貪著，此不受不貪之真心，為無漏因，成無漏果，所得三十二相，莊嚴法身，名之為佛。,https://books.masterhsingyun.org/ArticleDetail/artcle930
rel_6990419e07bd,ent_cb49c90868ea,無生,DoctrineTerm,concept_reconciled_with,概念在语境中被说明为可调和,ent_c175f86b8e66,生死,DoctrineTerm,symmetric,core_usable,stable_entity_graph,true,1,0,0,0,1,single_article,而經由這樣的轉換，大師實際上已經善巧地超越了那種將神聖與世俗、現實與理想、無常與恒常、生死與無生截然對立的二元分割的分別意識，為一個偉大宗教傳統的現代詮釋及在現代社會落實這一偉大傳統的救贖使命，開啟了那扇不二智慧門。,https://books.masterhsingyun.org/ArticleDetail/artcle24723
rel_9a8657651fa2,ent_8fc2661c9363,無生法忍,DoctrineTerm,concept_defined_as,概念定义为,ent_96ef6af74ecb,不生不滅,DoctrineTerm,directed,core_usable,stable_entity_graph,true,1,1,1,1,1,single_article,「無生法忍」，就是不生不滅，本來沒有，一切法無生，根本也不需要忍，即無忍之忍，諸菩薩因此不受福德相的限制。,https://books.masterhsingyun.org/ArticleDetail/artcle353
rel_da58639173bc,ent_68e8479a7e97,無自性,DoctrineTerm,doctrinal_entails,义理论证推出,ent_5d4dc6a775ae,空,DoctrineTerm,directed,core_usable,stable_entity_graph,true,1,1,1,1,1,single_article,空，是佛教的Ｘ光，經由空性，便能洞悉諸法實相──諸法所以是空，是由於無自性可得；,https://books.masterhsingyun.org/ArticleDetail/artcle3982
rel_fa4669e2d991,ent_60b1e52d0e01,無量義經,Classic,classic_preached_at_place,经典宣说于地点,ent_55d164264407,靈鷲山,PlaceRealm,directed,core_usable,stable_entity_graph,true,1,1,1,1,1,single_article,如《大般若波羅蜜多經》、《妙法蓮華經》、《無量義經》、《佛說法華三昧經》等，都是在靈鷲山上宣說的，所以佛門有所謂的「靈山會上佛菩薩」、「靈山勝會」等話，就是讚揚諸佛菩薩法筵常在，福蔭佛弟子，意味雋永。⟂S⟂頻婆娑羅王為了親近佛陀，特地修建一條石階，直達山頂的園林。⟂S⟂距離山頂處，有許多小石窟，是比丘們修行的地方。⟂S⟂在山崖邊有磚造的精舍，精舍東面有長石，為佛陀經行之處。⟂S⟂精舍旁邊有一巨大的石塊，是當年提婆達多推石傷害佛陀的地點。⟂S⟂南邊懸崖下有一座小塔，佛陀曾在此處宣說《法華經》。,https://books.masterhsingyun.org/ArticleDetail/artcle3850
rel_803a5020a8fa,ent_e195f24477a7,無量壽經,Classic,classic_states_or_mentions_doctrine,经典陈述或提及教义,ent_bd68ae54ea00,修行,PracticeActivity,directed,core_usable,stable_entity_graph,true,2,0,0,0,1,single_article,曹魏嘉平（二四九～二五三）末年至洛陽，於白馬寺譯出《郁伽長者所問經》一卷、《無量壽經》二卷、《四分雜羯磨》一卷等。 ⟂P⟂ 本經主旨在敘說阿彌陀佛於因地修行時，發四十八願成就依正莊嚴的清淨國土，並敘述淨土的莊嚴、三輩往生的情形，宣說五惡、五痛、五燒的劇苦，勸發眾生精進修行，也記載三輩往生淨土的條件。,https://books.masterhsingyun.org/ArticleDetail/artcle9808
rel_88707ef992da,ent_7b6f267b39e4,日本佛教,SchoolTradition,doctrine_transmitted_to_place,教义传播至地点,ent_843b8050d4ad,台灣,PlaceRealm,directed,core_usable,stable_entity_graph,true,1,0,0,0,1,single_article,在日本統治台灣期間，日本佛教便已傳入台灣。,https://books.masterhsingyun.org/ArticleDetail/artcle3702
rel_f87251672a3e,ent_7b6f267b39e4,日本佛教,SchoolTradition,doctrine_transmitted_to_place,教义传播至地点,ent_3ed26541dab9,英國,PlaceRealm,directed,core_usable,stable_entity_graph,true,1,0,0,0,1,single_article,七○年代，日本佛教傳入英國。,https://books.masterhsingyun.org/ArticleDetail/artcle8398
rel_29de216dce90,ent_c039e2eef470,曇鸞,Person,person_founds_institution,人物创设机构,ent_8d826dc13903,玄中寺,Institution,directed,core_usable,stable_entity_graph,true,1,0,0,0,1,single_article,後來他住在曇鸞所創建之玄中寺，受曇鸞和尚碑文所影響，轉為淨土信仰，時年四十八歲，此後直到他八十三歲為止，每日均念佛七萬遍。,https://books.masterhsingyun.org/ArticleDetail/artcle11395
rel_f82f9b53260d,ent_77cc414a3468,普賢,BuddhistFigure,person_participates_in_activity,人物参与活动,ent_dd79e187a078,靈山會,PracticeActivity,directed,core_usable,stable_entity_graph,true,1,1,1,1,1,single_article,佛在靈山會上說《法華經》時，普賢於寶威德上王佛國與無量無邊百千萬億菩薩共來聽受。⟂S⟂普賢在會上表示，世尊入滅後五百年際，有人受持是經者，我當乘六牙白象王，與大菩薩俱詣其所，供養守護，安慰其心。,https://books.masterhsingyun.org/ArticleDetail/artcle22913
rel_2d582eefaa36,ent_39a8d1383c80,普賢菩薩,BuddhistFigure,person_performs_practice,人物实践修行,ent_e5e2f674a600,大願,DoctrineTerm,directed,core_usable,stable_entity_graph,true,1,0,0,0,1,single_article,講到布施喜捨，師父是最懂得身體力行普賢菩薩「廣修供養」大願的人了。,https://books.masterhsingyun.org/ArticleDetail/artcle17421
rel_a42da1c0c486,ent_7c6a4f624c7a,普賢行願品,Classic,classic_states_or_mentions_doctrine,经典陈述或提及教义,ent_451aac4b11fb,讚歎,PracticeActivity,directed,core_usable,stable_entity_graph,true,1,1,1,1,1,single_article,諸經對回向的論述甚多，如〈普賢行願品〉云：「所有禮讚供養福，請佛住世轉法輪，隨喜懺悔諸善根，回向眾生及佛道。」⟂S⟂也就是將禮敬、讚歎、供養、懺悔、隨喜、勸請等功德，回向給一切眾生，與眾生共成佛道。,https://books.masterhsingyun.org/ArticleDetail/artcle2078
rel_99b1e7299a2a,ent_71b299f68928,普門品,Classic,classic_records_person,经典记载人物,ent_59739e05c9e6,觀世音菩薩,BuddhistFigure,directed,core_usable,stable_entity_graph,true,1,1,1,1,1,single_article,佛陀在菩提樹下修行時，曾感猿猴獻果；⟂S⟂唐朝善導大師，一心念佛，非力竭不休，雖寒冬亦須念至流汗，以表至誠。⟂S⟂後來善導大師每念阿彌陀佛一聲，就有一道光明從其口出，念十聲百聲，光明也是一樣，而且旁人都能看到。⟂S⟂《普門品》中提到：若有執持觀世音菩薩名號的人，無論在什麼大火之中，也不會恐怖火的燃燒，這是由於菩薩的威德神力。⟂S⟂又說：如果面臨傷害或殺害的時候，稱念觀世音菩薩的名號，刀或杖就會一段一段的折壞，既不能打，又不能殺。⟂S⟂這都是說明一個人只要有修行，隨時都能獲得三寶的加護。,https://books.masterhsingyun.org/ArticleDetail/artcle2853
rel_dd6e7e1f0dd5,ent_71b299f68928,普門品,Classic,classic_states_or_mentions_doctrine,经典陈述或提及教义,ent_9b668ed79f6f,一心稱名,Concept,directed,core_usable,stable_entity_graph,true,3,2,2,2,3,multi_article,抄經是定慧等持的修行法門，透過專注抄經，是定，能使人雜念消除，是慧，其作用與《普門品》的「一心稱名」，或者《阿彌陀經》的「一心不亂」，並無二致。⟂S⟂抄經對吾人所產生的影響，諸多參與的信眾表示：「改變負面思考；,https://books.masterhsingyun.org/ArticleDetail/artcle24256
rel_3c4efd639b56,ent_71b299f68928,普門品,Classic,classic_states_or_mentions_doctrine,经典陈述或提及教义,ent_bc1cc60195cb,供養,PracticeActivity,directed,core_usable,stable_entity_graph,true,1,1,1,1,1,single_article,不過，信仰重在專一，信仰重在一心，如─《普門品》中的「一心稱名」、「一心供養」，─《阿彌陀經》中的「一心不亂」、「一念往生」，都是證明一心一意，心誠則靈。⟂S⟂因此，宗教徒對於自己所選擇的宗教信仰要忠貞、要專一。,https://books.masterhsingyun.org/ArticleDetail/artcle692
rel_5865b56e9ade,ent_50ad76fa1dd9,智度論,Classic,classic_states_or_mentions_doctrine,经典陈述或提及教义,ent_95b94cee0972,阿含,DoctrineTerm,directed,core_usable,stable_entity_graph,true,1,0,0,0,1,single_article,故智度論序云：知邪病之自起故，阿含為之作；,https://books.masterhsingyun.org/ArticleDetail/artcle24749
rel_6c5c7cd21dda,ent_b1e217884f50,智慧,DoctrineTerm,concept_complementary_with,概念在语境中相互助成,ent_6deef676b2d3,福德,DoctrineTerm,symmetric,core_usable,stable_entity_graph,true,1,1,1,1,1,single_article,人間佛教的走入生活，並非教人一直停留在向外追求福德、心為塵境所轉的凡智狀態，而是在教導福慧相資的修行人生，期許昇華到以智慧心靈自在轉境、無執奉獻的菩薩生命人格，否則人間佛教將無法實現自覺覺人的成佛理想。,https://books.masterhsingyun.org/ArticleDetail/artcle17807
rel_8b0b36470ef6,ent_b1e217884f50,智慧,DoctrineTerm,concept_defined_as,概念定义为,ent_e148ca0687f4,佛法,DoctrineTerm,directed,core_usable,stable_entity_graph,true,4,0,0,0,1,single_article,佛教講智慧，智慧就是佛法；,https://books.masterhsingyun.org/ArticleDetail/artcle9671
rel_06988e439d86,ent_b1e217884f50,智慧,DoctrineTerm,concept_defined_as,概念定义为,ent_3ebe15833764,無明,DoctrineTerm,directed,core_usable,stable_entity_graph,true,1,0,0,0,1,single_article,愚痴，心性暗昧，沒有通達事理的智慧就是「無明」之謂。,https://books.masterhsingyun.org/ArticleDetail/artcle2052
rel_30638e59ba94,ent_b1e217884f50,智慧,DoctrineTerm,concept_defined_as,概念定义为,ent_f05ed2a8b47d,神通,DoctrineTerm,directed,core_usable,stable_entity_graph,true,3,0,0,0,1,single_article,生活中有智慧，智慧就是神通。,https://books.masterhsingyun.org/ArticleDetail/artcle1336
rel_b74332cc74fe,ent_b1e217884f50,智慧,DoctrineTerm,concept_defined_as,概念定义为,ent_4c194eb34333,般若,DoctrineTerm,directed,core_usable,stable_entity_graph,true,2,0,0,0,1,single_article,六、般若：修學前五種方法而顯現的智慧就是般若，有了般若，就可明見一切事理。,https://books.masterhsingyun.org/ArticleDetail/artcle21856
rel_4d7578acde48,ent_b1e217884f50,智慧,DoctrineTerm,concept_has_causal_role,概念具有因果角色,ent_247b5c2351b8,方便,DoctrineTerm,directed,core_usable,stable_entity_graph,true,2,0,0,0,1,single_article,隨緣就是由智慧所產生的方便，也就是般若，在隨緣中要記住應有的原則和操守。,https://books.masterhsingyun.org/ArticleDetail/artcle15693
rel_b0d0a5878836,ent_b1e217884f50,智慧,DoctrineTerm,concept_named_as,概念命名为,ent_4c194eb34333,般若,DoctrineTerm,directed,core_usable,stable_entity_graph,true,1,0,0,0,1,single_article,佛教裡的智慧稱為般若，是一種沒有染汙的智慧，唯有最善、最美、最真的智慧，才能叫做般若。,https://books.masterhsingyun.org/ArticleDetail/artcle13882
rel_f06ae6d3cc18,ent_b1e217884f50,智慧,DoctrineTerm,doctrine_constrained_by,义理受条件或范围限制,ent_fbae646972f2,信仰,Concept,directed,core_usable,stable_entity_graph,true,1,1,1,1,1,single_article,由此可知，智慧不是物質上的財寶所能比擬的，而這個智慧的大海，必須用「信仰」來發掘。,https://books.masterhsingyun.org/ArticleDetail/artcle2876
rel_a7f50cd528e2,ent_2581df44db2c,智慧門,DoctrineTerm,concept_complementary_with,概念在语境中相互助成,ent_cb280884f4b2,禪定門,DoctrineTerm,symmetric,core_usable,stable_entity_graph,true,1,1,1,1,1,single_article,(1)三種止觀：天台宗最有名的修行方法是三種止觀。⟂S⟂何謂止觀？⟂S⟂「止」是停止、止息的意思，指停止一切的心念而住於無念之中，摒除一切的妄想，令生正定的智慧。⟂S⟂「觀」是觀想、貫穿的意思，是止息散亂的妄想之後，進一步觀想諸法，以發真智，徹悟諸法實相的本體。⟂S⟂止是止息一切諸法妄念，為靜態、消極性地不造作，為禪定門；⟂S⟂觀是觀想緣境、觀想光明，為動態、積極性地再用功，為智慧門。⟂S⟂此二者如車之兩輪、鳥之雙翼，為求道者修禪發慧之要門。,https://books.masterhsingyun.org/ArticleDetail/artcle3702
rel_f99a509b73bc,ent_c1ed27b944da,曹洞宗,SchoolTradition,returns_to_origin_or_continues_spirit,回归源头或延续精神,ent_0b2e6e9daabf,禪,DoctrineTerm,directed,core_usable,stable_entity_graph,true,1,0,0,0,1,single_article,這正反應了宋代曹洞宗向達摩禪回歸的趨勢，在形式上更接近神秀的北宗禪。,https://books.masterhsingyun.org/ArticleDetail/artcle6651
rel_cb87b60099da,ent_3c0dbd225d06,有情,Group,concept_defined_as,概念定义为,ent_b35b69fd5ff9,眾生,DoctrineTerm,directed,core_usable,stable_entity_graph,true,2,0,0,0,1,single_article,「有情」就是「眾生」，只是古來高僧大德在詮釋上有所差別。,https://books.masterhsingyun.org/ArticleDetail/artcle13656
rel_bc952a687446,ent_3c0dbd225d06,有情,Group,concept_defined_as,概念定义为,ent_e148ca0687f4,佛法,DoctrineTerm,directed,core_usable,stable_entity_graph,true,1,0,0,0,1,single_article,攝善法戒就是佛法，攝律儀戒就是佛法，饒益有情就是佛法，慈悲就是佛法。,https://books.masterhsingyun.org/ArticleDetail/artcle16280
rel_336857b60b57,ent_e92d507e12fb,末利夫人,Concept,concept_named_as,概念命名为,ent_bb338d67fbd4,琉璃太子,Concept,directed,core_usable,stable_entity_graph,true,1,0,0,0,1,single_article,末利夫人生了孩子叫做琉璃太子，在琉璃太子八歲的時候，奉父親波斯匿王的命令，到射術有名的迦毗羅衛國來學習射術。,https://books.masterhsingyun.org/ArticleDetail/artcle7064
rel_635579f5544e,ent_e2a8f8b750b3,末那識,DoctrineTerm,concept_has_subconcept,概念包含下位概念,ent_e26bec9c3bd3,執著,DoctrineTerm,directed,core_usable,stable_entity_graph,true,1,0,0,0,1,single_article,*1末那識：指第七識。 ⟂S⟂ 此識恆與我痴、我見、我慢、我愛等四煩惱相應，恆審第八阿賴耶識之見分為「我、我所」而執著，故其特質為恆審思量。,https://books.masterhsingyun.org/ArticleDetail/artcle14305
rel_59624d0f9526,ent_e2a8f8b750b3,末那識,DoctrineTerm,consciousness_transforms_into_wisdom,识转化为智,ent_86646936d7c3,平等性智,DoctrineTerm,directed,core_usable,stable_entity_graph,true,1,1,1,1,1,single_article,第四、理見則智明：一個修行人要設法轉「識」成「智」，轉眼、耳、鼻、舌、身等前五識為成所作智，讓我們所做所為均是為眾生行善；⟂S⟂轉第六識為妙觀察智，善於觀察諸法實相；⟂S⟂轉第七末那識為平等性智，觀一切有情悉皆平等；⟂S⟂轉阿賴耶識為大圓鏡智，得離一切虛妄分別。⟂S⟂能夠確實轉識成智，就已經達到了智慧朗現的解脫境界。,https://books.masterhsingyun.org/ArticleDetail/artcle7983
rel_ef1db4e5ec75,ent_d7590e18e650,本懷,DoctrineTerm,concept_has_subconcept,概念包含下位概念,ent_a6b94c65c717,人間佛教,Concept,directed,core_usable,stable_entity_graph,true,1,0,0,0,1,single_article,因此，不管你是從哪一個宗派、哪一個國家、哪一個語系、哪一個路線來認識佛教，都應該以人間的佛陀為中心，佛陀的本懷就是包括所有宗派的人間佛教。,https://books.masterhsingyun.org/ArticleDetail/artcle9827
rel_53358eac79e0,ent_288b54a99ad4,本來面目,Concept,concept_defined_as,概念定义为,ent_a6b94c65c717,人間佛教,Concept,directed,core_usable,stable_entity_graph,true,1,0,0,0,1,single_article,在距離釋迦佛教二千多年後，星雲大師透過佛教的種種外在形相，直接溯源釋迦佛教的公理，由佛陀的本懷和真切的教義推論出佛教的本來面目就是人間佛教，是一種慈悲為本、利益眾生的佛教，是一個以個人解脫為基礎而重心落實在眾生皆成佛的佛教。,https://books.masterhsingyun.org/ArticleDetail/artcle17785
rel_f872f6128899,ent_288b54a99ad4,本來面目,Concept,concept_defined_as,概念定义为,ent_f7e49f4ae092,實相,DoctrineTerm,directed,core_usable,stable_entity_graph,true,1,0,0,0,1,single_article,3.無得而修：我們的本來面目就是法身實相，如果有修證的意念，便被修證之相所繫縛，就不是如實的修證。,https://books.masterhsingyun.org/ArticleDetail/artcle7544
rel_11cebfe14fd5,ent_288b54a99ad4,本來面目,Concept,concept_defined_as,概念定义为,ent_b265c0f135b0,涅槃,DoctrineTerm,directed,core_usable,stable_entity_graph,true,1,0,0,0,1,single_article,另外，禪宗的證得「本來面目」就是涅槃。,https://books.masterhsingyun.org/ArticleDetail/artcle3429
rel_52cc1655ab9a,ent_288b54a99ad4,本來面目,Concept,concept_equivalent_to,概念等同或同义,ent_ced3b75054f2,法身,DoctrineTerm,symmetric,core_usable,stable_entity_graph,true,1,1,1,1,1,single_article,有時候，我們以為身體是我們的，其實這一個臭皮囊不是我們的，身體是有為法，所謂「一切有為法，如夢幻泡影，如露亦如電，應作如是觀」。⟂S⟂一切有為法都是虛妄的，但是在虛妄的假相身體裡，卻有一個真正無位的真人，那就是我們的法身、我們的真如、我們的本性，就是我們的本來面目。,https://books.masterhsingyun.org/ArticleDetail/artcle151
rel_18b05f4a5853,ent_288b54a99ad4,本來面目,Concept,concept_equivalent_to,概念等同或同义,ent_4c194eb34333,般若,DoctrineTerm,symmetric,core_usable,stable_entity_graph,true,1,1,1,1,1,single_article,般若是什麼？⟂S⟂六祖惠能大師說：「菩提般若之智，世人本自有之；⟂S⟂只緣心迷，不能自悟，須假大善知識，示導見性。⟂S⟂當知愚人智人，佛性本無差別，只緣迷悟不同，所以有愚有智。」⟂S⟂般若不是外來的知識，而是眾生的清淨光明本性，是眾生的本來面目；⟂S⟂般若是法身、實相、自性、佛性的同義詞。⟂S⟂般若是我們人之本源、人之根本、真如佛性，就是我們的本來面目。⟂S⟂,https://books.masterhsingyun.org/ArticleDetail/artcle24162
rel_cacfbc06996a,ent_9fdd176d752a,本生經,Classic,classic_records_person,经典记载人物,ent_62cf8ccca072,佛陀,BuddhistFigure,directed,core_usable,stable_entity_graph,true,1,1,1,1,1,single_article,勘破輪迴、超越輪迴，進而不畏輪迴，住於輪迴之中而不為輪迴所染。⟂S⟂譬如凡夫依業力輪迴，二乘急於解脫輪迴，而菩薩以大願力，發願再來輪迴轉生；⟂S⟂譬如觀世音菩薩的倒駕慈航救度眾生，慈航法師的乘願再來的自我期許；⟂S⟂在《淨土聖賢錄》中，也載有許多高僧大德祈求往生淨土，甚至暫住兜率淨土，再來人世幫助眾生的事蹟。⟂S⟂西藏喇嘛圓寂之後，再轉世人間，如達賴喇嘛、班禪喇嘛，他們的事蹟都歷歷可考。⟂S⟂這些古聖前賢以菩薩的悲心大願，「但願眾生得離苦，不為自己求安樂」。⟂S⟂不做人間逃兵，甘為苦海慈航，好比蓮花生於淤泥而不染，雖然再來娑婆惡世輪迴，但是卻沒有生死的痛苦。⟂S⟂他們這種勇於投身輪迴，不為輪迴所苦的悲行，才是真正超越輪迴的聖者。⟂S⟂《本生經》裡記載佛陀的前世有時為天神，有時為畜生，有時為沙門，有時為王侯，輪迴不息，實踐六度萬行的菩薩道，忙碌於度化眾生，成就菩提佛事。,https://books.masterhsingyun.org/ArticleDetail/artcle3430
rel_21581723f5d3,ent_9fdd176d752a,本生經,Classic,classic_states_or_mentions_doctrine,经典陈述或提及教义,ent_7f440e9c5bcf,菩薩道,DoctrineTerm,directed,core_usable,stable_entity_graph,true,1,1,1,1,1,single_article,勘破輪迴、超越輪迴，進而不畏輪迴，住於輪迴之中而不為輪迴所染。⟂S⟂譬如凡夫依業力輪迴，二乘急於解脫輪迴，而菩薩以大願力，發願再來輪迴轉生；⟂S⟂譬如觀世音菩薩的倒駕慈航救度眾生，慈航法師的乘願再來的自我期許；⟂S⟂在《淨土聖賢錄》中，也載有許多高僧大德祈求往生淨土，甚至暫住兜率淨土，再來人世幫助眾生的事蹟。⟂S⟂西藏喇嘛圓寂之後，再轉世人間，如達賴喇嘛、班禪喇嘛，他們的事蹟都歷歷可考。⟂S⟂這些古聖前賢以菩薩的悲心大願，「但願眾生得離苦，不為自己求安樂」。⟂S⟂不做人間逃兵，甘為苦海慈航，好比蓮花生於淤泥而不染，雖然再來娑婆惡世輪迴，但是卻沒有生死的痛苦。⟂S⟂他們這種勇於投身輪迴，不為輪迴所苦的悲行，才是真正超越輪迴的聖者。⟂S⟂《本生經》裡記載佛陀的前世有時為天神，有時為畜生，有時為沙門，有時為王侯，輪迴不息，實踐六度萬行的菩薩道，忙碌於度化眾生，成就菩提佛事。,https://books.masterhsingyun.org/ArticleDetail/artcle3430
rel_ec912bd9ca26,ent_f8cdc44e895f,極樂世界,PlaceRealm,concept_named_as,概念命名为,ent_5c71e7d58c52,極樂,PlaceRealm,directed,core_usable,stable_entity_graph,true,1,1,1,1,1,single_article,阿彌陀佛的極樂世界，位於娑婆世界西方，距離此方約十萬億佛土，教主阿彌陀佛已經成佛十劫，正在彼土說法。⟂S⟂極樂世界因為「無有眾苦，但受諸樂」，故名極樂。⟂S⟂極樂淨土的風光是：黃金鋪地、七寶樓閣、七重欄楯、七重羅網、七重行樹、七寶池、八功德水，四邊階道都是由金、銀、琉璃、玻璃諸寶合成。⟂S⟂日常生活則是思衣得衣，思食得食，來往飛行自在；⟂S⟂居民都是善人相聚，無有男女之分，皆由蓮花化生。⟂S⟂極樂世界是阿彌陀佛在因地修行時所發四十八大願，以無盡悲願功德建設而成。⟂S⟂阿彌陀佛向眾生宣誓，一切有情只要信賴彌陀願力，願生西方，專誠恭謹稱念彌陀聖號而至一心不亂，與彌陀佛力感應，身心得到護念攝受，即可往生極樂世界。⟂S⟂相對於藥師佛之追求現世的安樂，極樂世界則帶給娑婆眾生對未來的生命充滿無限希望。,https://books.masterhsingyun.org/ArticleDetail/artcle9073
rel_4391150971ed,ent_68420ed6aa67,果報,Concept,concept_has_quality,概念具有属性,ent_de77c6f5f383,自作自受,DoctrineTerm,directed,core_usable,stable_entity_graph,true,3,2,2,1,3,multi_article,大師又說：「佛教的審判者，不是上帝，是自己，依每個人自己的因果業力來審判今生、來世的種種。⟂S⟂業力、果報雖有不同，但都是自作自受。⟂S⟂因此，不是佛祖來審判，也不必讓上帝來審判，我們自己本身的行為，就決定了自己未來的命運。」,https://books.masterhsingyun.org/ArticleDetail/artcle17111
rel_821bcca72981,ent_68420ed6aa67,果報,Concept,doctrine_constrained_by,义理受条件或范围限制,ent_61654ef63947,因緣,DoctrineTerm,directed,core_usable,stable_entity_graph,true,1,1,1,1,1,single_article,《大寶積經》中說：「假使經百劫，所作業不亡，因緣會遇時，果報還自受。」⟂S⟂意思是說，一個人過去所造作的惡業，不管經過一年、兩年、百年，甚至百千萬劫無限的時間，在業報還沒有還清之前，是不會消失的，因緣和合的時候，終究要由自己去接受、承擔果報，這就是「自作自受」的道理。,https://books.masterhsingyun.org/ArticleDetail/artcle9642
rel_532c66168d92,ent_f138c5467d9e,根本煩惱,DoctrineTerm,concept_defined_as,概念定义为,ent_5c024ea8045e,貪瞋痴,Concept,directed,core_usable,stable_entity_graph,true,1,0,0,0,1,single_article,人的根本煩惱就是貪瞋痴，因此要「勤修戒定慧，息滅貪瞋痴」，只要三毒息滅，三慧明朗，就能破除無始以來的無明，這就是「自覺」，也就是禪宗所說的「開悟」或「見性」。,https://books.masterhsingyun.org/ArticleDetail/artcle3798
rel_979712103ec7,ent_7f8e8227a82f,梵網經,Classic,classic_interpreted_as_doctrine,经典被阐释为教义或主张,ent_a0277c16bbd2,修道,PracticeActivity,directed,core_usable,stable_entity_graph,true,1,0,0,0,1,single_article,所譯的經典，對中國佛教的發展有很大的影響，如《梵網經》的譯出，中土依之而傳大乘戒。 ⟂P⟂ 本經分為上、下二卷，主要是在說明菩薩修道的階位及應受持的十重四十八輕的戒相。,https://books.masterhsingyun.org/ArticleDetail/artcle2491
rel_21775fc8f8c6,ent_7f8e8227a82f,梵網經,Classic,classic_states_or_mentions_doctrine,经典陈述或提及教义,ent_30526f889912,菩提樹,DoctrineTerm,directed,core_usable,stable_entity_graph,true,1,0,0,0,1,single_article,諸佛之教門亦重重無盡，莊嚴法身無所障閡，一部所詮之法門重重無盡，譬如梵王之網，故稱《梵網經》。 ⟂S⟂ 本經係盧舍那佛本說，釋迦牟尼佛菩提樹下重說，著重於對父母、師僧、三寶的孝順，以慈悲孝順為持戒的根本，不但具有經的性質，也有律的性質，而且是以律為重點，因此可稱之為「經中之律」。,https://books.masterhsingyun.org/ArticleDetail/artcle3969
rel_2d9dc2e2ebd3,ent_7f8e8227a82f,梵網經,Classic,classic_states_or_mentions_doctrine,经典陈述或提及教义,ent_b6a37c43e816,菩薩戒,Concept,directed,core_usable,stable_entity_graph,true,4,4,4,2,4,multi_article,4.戒律的種類：佛教戒律因受持者身分和發心的不同，有在家的三皈五戒、八關齋戒、菩薩戒；⟂S⟂出家的沙彌及沙彌尼戒、式叉摩那戒、比丘戒、比丘尼戒及菩薩戒。⟂S⟂從戒律受持的層次來說，是漸次受持的；⟂S⟂從受持的內涵來看，因在家與出家而有不同。⟂S⟂以菩薩戒為例，《優婆塞戒經》記載在家菩薩戒為「六重二十八輕戒」；⟂S⟂《梵網經》記載出家菩薩戒為「十重四十八輕戒」。,https://books.masterhsingyun.org/ArticleDetail/artcle8403
rel_1e8193fa8aa3,ent_53126da8d922,森羅萬象,Concept,concept_defined_as,概念定义为,ent_f7e49f4ae092,實相,DoctrineTerm,directed,core_usable,stable_entity_graph,true,1,0,0,0,1,single_article,「天台宗」主張萬法一如，森羅萬象即是實相，無非中道，無不圓具空、假、中三諦。,https://books.masterhsingyun.org/ArticleDetail/artcle22945
rel_158da28e2015,ent_dda32765796c,楞嚴經,Classic,classic_interpreted_as_doctrine,经典被阐释为教义或主张,ent_5eb4f1a11dae,慈悲觀,DoctrineTerm,directed,core_usable,stable_entity_graph,true,1,1,1,1,1,single_article,菩薩道的實踐，除了四弘誓願、四無量心、四攝法門、六波羅蜜等，還有《金剛經》的「無我相、人相、眾生相、壽者相」的般若觀；⟂S⟂《楞嚴經》的「如一眾生未成佛，終不於此取泥洹」的慈悲觀。⟂S⟂菩薩在日常生活裡，知一切有為法如夢、如幻、如泡、如影，心不著五欲塵垢，安住於正念，以水月為道場而作空華佛事。⟂S⟂所謂：「假使熱鐵輪，於汝頂上旋，終不為此苦，退失菩提心。」⟂S⟂這才是菩薩「自度度人，自覺覺他」的偉大功行。,https://books.masterhsingyun.org/ArticleDetail/artcle3988
rel_94a20cd1d487,ent_dda32765796c,楞嚴經,Classic,classic_records_person,经典记载人物,ent_59739e05c9e6,觀世音菩薩,BuddhistFigure,directed,core_usable,stable_entity_graph,true,1,1,1,1,1,single_article,在《法華經》、《楞嚴經》中，觀世音菩薩自述在因地修習耳根圓通到了相當功行時，「盡聞不住，覺所覺空；⟂S⟂空覺極圓，空所空滅；⟂S⟂生滅既滅，寂滅現前。」⟂S⟂佛陀則讚美觀世音菩薩「慈眼視眾生，福聚海無量」；⟂S⟂在《金剛經》、《阿彌陀經》中記載︰「如來是真語者，實語者，不誑語者，不異語者。」⟂S⟂「十方諸佛，同聲讚歎釋迦牟尼佛於五濁惡世中能為希有之事。」⟂S⟂在《維摩詰經》中，眾香佛國以香飯作諸佛事，而其他佛土中，「諸佛威儀進止，諸所施為，無非佛事」。⟂S⟂維摩大士說︰「隨其心淨，則佛土淨。」⟂S⟂至於眾生為何見此土汙穢？⟂S⟂這正如螺髻梵王所說︰「心有高下，不依佛慧，故見此土為不淨耳。⟂S⟂菩薩於一切眾生悉皆平等，深心清淨，依佛智慧，則能見此佛土清淨。」,https://books.masterhsingyun.org/ArticleDetail/artcle16726
rel_89dc67ae2624,ent_ca05ff124652,楞伽經,Classic,classic_states_or_mentions_doctrine,经典陈述或提及教义,ent_09c32cd39d29,四種禪,DoctrineTerm,directed,core_usable,stable_entity_graph,true,1,1,1,1,1,single_article,「禪」起源於印度，原意是靜坐斂心、正思審慮，以達到定慧均等的狀態。⟂S⟂在佛陀之前，印度就有以「生天」為目的的坐禪思想；⟂S⟂到佛陀時，才展開遠離苦樂兩邊，以達中道涅槃為目的的禪。⟂S⟂從此以後，印度佛教的禪觀思想漸次發達，並產生無數的禪經。⟂S⟂隨著佛典的傳譯，在東漢末年，禪法已傳入中國，只是在初期時，大多是小乘的禪觀思想。⟂S⟂東晉鳩摩羅什以後，介紹各種禪法，而以念佛法門為主。⟂S⟂直到劉宋求那跋陀羅譯出四卷《楞伽經》，經中所說的四種禪法，激發了當時的習禪者另闢途徑，肇啟了菩提達摩的「如來自性清淨禪」。⟂S⟂達摩之後的慧可、僧璨，都被稱為楞伽師，道信於「楞伽禪」，吸收般若思想，依《文殊師利所說摩訶般若波羅蜜經》一行三昧，制立卓越的安心方便；⟂S⟂弘忍一面講《楞伽經》，另一面亦開講《金剛經》；⟂S⟂到六祖惠能，則以《金剛經》為正宗。,https://books.masterhsingyun.org/ArticleDetail/artcle8385
rel_6154dbbe5420,ent_b9c334cfd06e,歡喜,DoctrineTerm,concept_defined_as,概念定义为,ent_b9466da1d262,佛教,DoctrineTerm,directed,core_usable,stable_entity_graph,true,1,0,0,0,1,single_article,信佛教不一定限於禮佛、拜佛，和諧歡喜就是佛教。,https://books.masterhsingyun.org/ArticleDetail/artcle17321
rel_c540eb3e4cfc,ent_b9c334cfd06e,歡喜,DoctrineTerm,concept_defined_as,概念定义为,ent_9f4e43b60b58,功德,DoctrineTerm,directed,core_usable,stable_entity_graph,true,1,0,0,0,1,single_article,我們的運動也沒有勝敗的計較，而是為了聯誼，為求博君一笑，能讓大家哈哈大笑，歡喜就是世間無比的功德。,https://books.masterhsingyun.org/ArticleDetail/artcle19880
rel_fbf1fef8a45e,ent_c8db40f7532f,正法,DoctrineTerm,concept_defined_as,概念定义为,ent_e148ca0687f4,佛法,DoctrineTerm,directed,core_usable,stable_entity_graph,true,1,0,0,0,1,single_article,「正法將滅能護持」，什麼是正法？ ⟂S⟂ 就是正確的佛法，如三法印、四聖諦、四弘誓願、六度、八正道、十二因緣等等。,https://books.masterhsingyun.org/ArticleDetail/artcle14106
rel_135fd9ae0c2c,ent_c8db40f7532f,正法,DoctrineTerm,concept_defined_as,概念定义为,ent_613619ddfbdf,波羅蜜,DoctrineTerm,directed,core_usable,stable_entity_graph,true,1,0,0,0,1,single_article,又說攝受正法就是波羅蜜，也就是菩薩以布施、持戒、忍辱、精進、禪定、智慧六波羅蜜去成熟眾生，建立正法。,https://books.masterhsingyun.org/ArticleDetail/artcle2483
rel_97df73ffc455,ent_c8db40f7532f,正法,DoctrineTerm,concept_defined_as,概念定义为,ent_f76ae8b83972,真理,Concept,directed,core_usable,stable_entity_graph,true,3,0,0,0,1,single_article,正法就是真理，正確的見解、思想、念頭、言語、行為、職業、智慧等，能與真理相應，就是正法。,https://books.masterhsingyun.org/ArticleDetail/artcle8271
rel_52fd21d39220,ent_c8db40f7532f,正法,DoctrineTerm,doctrine_constrained_by,义理受条件或范围限制,ent_143b6f4eaba4,世間諸規律,Concept,directed,core_usable,stable_entity_graph,true,1,1,1,1,1,single_article,這四大宗旨如《現觀莊嚴論》提到：「諸欲饒益眾生者，道智令成世間利。」⟂S⟂《入行論》也說：「佛子不需學，畢竟皆無有，善學若如是，福德焉不至？⟂S⟂直接或間接，所行唯利他。」⟂S⟂眾生需要什麼，自己就得去學什麼，去做什麼，唯有這樣隨順有情的條件與根器，才可能成為眾生的導航，有情的津梁。⟂S⟂若一味地要求：你不能這樣做，你得這樣做……是無法真實利益眾生的。⟂S⟂而菩薩就是有特別善巧的做法，去利益有情。⟂S⟂如同聖天菩薩在《四百論》中說：「世間諸規律，隨彼行名法，是故較於法，世間力尤強。」⟂S⟂任何世間的規律，正法都會隨順；⟂S⟂所以雖然是內道佛弟子，也要看到世間法是具力的，能從眾生相應的世間法一直引導到正法，這之間自然會形成一條落英繽紛的坦途。,https://books.masterhsingyun.org/ArticleDetail/artcle15892
rel_eb16597051a1,ent_d52ee0778329,正等正覺,DoctrineTerm,concept_defined_as,概念定义为,ent_b265c0f135b0,涅槃,DoctrineTerm,directed,core_usable,stable_entity_graph,true,5,0,0,0,1,single_article,當初佛陀在菩提樹下悟道，成就正等正覺，這個正等正覺就是涅槃，也就是泯除人我關係的對立，超越時空的障礙，而證悟生命永恆無限的境界，那就是我們每個人本自具足的真如佛性，真實自我。,https://books.masterhsingyun.org/ArticleDetail/artcle182
rel_19c36955f8a1,ent_509797b2362e,死亡,DoctrineTerm,concept_named_as,概念命名为,ent_e8785f476bae,往生,Concept,directed,core_usable,stable_entity_graph,true,2,0,0,0,1,single_article,答：佛教裡將人死亡稱為「往生」，就如同出外旅遊，或者是喬遷移民，要到另一個地方。,https://books.masterhsingyun.org/ArticleDetail/artcle2446
rel_0c83ed152367,ent_ad803c7745ff,比丘,RoleTitle,concept_named_as,概念命名为,ent_c9934fd07be9,阿難,DoctrineTerm,directed,core_usable,stable_entity_graph,true,1,0,0,0,1,single_article,「佛陀的弟子當中，有一位比丘叫做阿難，我前幾天見到他以後，現在怎樣也不能忘記。,https://books.masterhsingyun.org/ArticleDetail/artcle7060
rel_26e6276c3168,ent_b3b044550a72,比丘尼戒,DoctrineTerm,concept_named_as,概念命名为,ent_d8d9506f4a85,具足戒,DoctrineTerm,directed,core_usable,stable_entity_graph,true,1,1,1,1,1,single_article,出家戒包括：a.沙彌（尼）戒，即不殺生、不偷盜、不淫、不妄語、不飲酒、不塗飾香鬘、不歌舞觀聽、不坐臥高廣大床、不非時食、不蓄金銀寶。⟂S⟂b.式叉摩那戒是沙彌尼在受比丘尼戒前，必須先修學的六法戒，二年之內戒行清淨，方能受持比丘尼戒，這一段期間稱為「式叉摩那」。⟂S⟂六法戒為不殺畜牲、不偷三錢、不摩觸、不小妄語、不飲酒和不非時食。⟂S⟂c.比丘（尼）戒又稱具足戒，因與沙彌（尼）所受十戒相比，戒品具足，故稱具足戒。⟂S⟂佛陀希望僧眾藉由戒律的規範，以養成足堪住持佛法，成為人天師範的僧格，使正法得以久住，佛法長存。⟂S⟂《四分律》載，比丘戒有二百五十條，比丘尼戒有三百四十八條。,https://books.masterhsingyun.org/ArticleDetail/artcle8836
rel_960d3adff395,ent_b3b044550a72,比丘尼戒,DoctrineTerm,doctrine_transmitted_to_place,教义传播至地点,ent_f5223b7b6224,印度,PlaceRealm,directed,core_usable,stable_entity_graph,true,1,1,1,1,1,single_article,大師一生的功績，前無來者。⟂S⟂他著書立說三百本，超過二千萬字以上，被翻譯成二十餘種文字；⟂S⟂他把比丘尼戒法傳回印度；⟂S⟂在全球創立三百餘座道場、十六所佛學院、二十三座美術館、五所大學，還編纂《佛光大藏經》、《佛光大辭典》等，創辦電視台、報社、中小學、育幼院、以及五十所以上的中華學校，讓佛光普照三千界、法水長流五大洲。,https://books.masterhsingyun.org/ArticleDetail/artcle15880
rel_ffe1a0685597,ent_b3b044550a72,比丘尼戒,DoctrineTerm,doctrine_transmitted_to_place,教义传播至地点,ent_e2fc4abd3849,菩提伽耶,PlaceRealm,directed,core_usable,stable_entity_graph,true,1,1,1,1,1,single_article,一九九八年二月更遠至印度，將比丘尼戒重新傳回佛教聖地菩提伽耶。⟂S⟂這一連串的努力，無一不是以具體行動呼籲宗教界必須正視女性先天的特質與後天的平等權利，間接刺激當代宗教修正教義對女性的負面態度。,https://books.masterhsingyun.org/ArticleDetail/artcle17787
rel_d0c8d7fc28c9,ent_b3b044550a72,比丘尼戒,DoctrineTerm,doctrine_transmitted_to_place,教义传播至地点,ent_99c7b21f179d,錫蘭,PlaceRealm,directed,core_usable,stable_entity_graph,true,1,1,1,1,1,single_article,印度的比丘尼戒傳至錫蘭之後，至一○一七年可拉（chola）統治錫蘭，反對女性加入僧伽行列，比丘尼僧團遂在錫蘭消失。⟂S⟂至於印度比丘尼戒，則在佛陀涅槃後五百年便不存在了。,https://books.masterhsingyun.org/ArticleDetail/artcle17787
rel_d0ef27e9495c,ent_b3b044550a72,比丘尼戒,DoctrineTerm,planned_doctrine_transmission_to_place,计划传播教义至地点,ent_f5223b7b6224,印度,PlaceRealm,directed,core_usable,stable_entity_graph,true,1,1,1,1,1,single_article,所以，一九九七年在佛光山舉行的「第四屆國際佛教研習會」上，來自世界各地的南、北、藏傳佛教僧信代表一致聯名簽署，請佛光山寺前往佛教發源地印度傳授比丘尼戒法。,https://books.masterhsingyun.org/ArticleDetail/artcle133
rel_f644afc0940d,ent_b3b044550a72,比丘尼戒,DoctrineTerm,planned_doctrine_transmission_to_place,计划传播教义至地点,ent_e2fc4abd3849,菩提伽耶,PlaceRealm,directed,core_usable,stable_entity_graph,true,1,1,1,1,1,single_article,我很期望在座南北傳法師上座，大家能發心到菩提伽耶金剛座前，共同傳一次戒法，讓南傳佛教因此重新有比丘尼戒法。⟂S⟂此建議希望能獲得南傳長老們支持，進而站出來講話認定。,https://books.masterhsingyun.org/ArticleDetail/artcle2637
rel_1fad4dd64c40,ent_ff48d2c27940,沙門,DoctrineTerm,concept_defined_as,概念定义为,ent_a0277c16bbd2,修道,PracticeActivity,directed,core_usable,stable_entity_graph,true,2,0,0,0,1,single_article,沙門是什麼？ ⟂S⟂ 就是修道者，而外道、邪道之徒，是專靠騙術來引誘、迷惑他人，而不是真正靠修道來指導人。,https://books.masterhsingyun.org/ArticleDetail/artcle13494
rel_8bfe5c0bceae,ent_ba53e52ece62,法會,PracticeActivity,activity_occurs_at_place,活动发生于地点,ent_f3c9895f9033,法雲寺,Institution,directed,core_usable,stable_entity_graph,true,1,1,1,1,1,single_article,b.法雲寺，位於苗栗縣大湖鄉，民國初年，由覺力、妙果二師開山，以覺力法師為首任住持，先後在該寺舉辦過傳戒、水陸等法會。,https://books.masterhsingyun.org/ArticleDetail/artcle8727
rel_5c17dedc11c8,ent_ba53e52ece62,法會,PracticeActivity,activity_serves_group,活动或实践服务群体,ent_1b85a8db0019,信徒,Group,directed,core_usable,stable_entity_graph,true,3,2,2,1,3,multi_article,大師給信徒辦法會，作種種開示，也為年輕人辦種種學習和成長活動，這讓大家體會到「自心眾生無邊誓願度，自心煩惱無邊誓願斷，自性法門無盡誓願學，自性無上佛道誓願成」。,https://books.masterhsingyun.org/ArticleDetail/artcle20404
rel_1682256f0556,ent_ba53e52ece62,法會,PracticeActivity,practice_honors_entity,实践礼敬或赞叹对象,ent_2690856df9d0,佛牙,RitualObject,directed,core_usable,stable_entity_graph,true,1,1,1,1,1,single_article,我不僅文稿、講辭經常是在「零碎的時間」裡迅速完成，有些活動的舉辦也是在「零碎的時間」中偶發的感想，像「慈悲愛心人運動」並非多年的計畫，而是在閱讀報紙時，獲悉白曉燕命案等重大刑案連續發生，突然想到要舉辦一個持續的活動，以喚醒大眾對於心靈淨化的覺醒，隨即在中華佛光總會的理監事會議中提出，獲得全力支持，遂能順利推出。⟂S⟂佛牙剛從印度、西藏，途經泰國，迎奉回台灣的時候，我也沒有想要發起「三好運動」，可是當恭迎佛牙法會進行到一半，連副總統起身講話，我看到台下萬千的群眾，不禁心有所感，所以不揣冒昧，延請副總統連戰先生和行政院長蕭萬長先生共襄盛舉，不意竟蒙獲首肯。⟂S⟂所以，大家不要小看這短短的「零碎時間」，只要運用地恰到好處，不但能自我受益，也能成為福利群倫的關鍵所在。,https://books.masterhsingyun.org/ArticleDetail/artcle6682
rel_9aa0a2c5e917,ent_7c5f0e3477bb,法住記,Classic,classic_states_or_mentions_doctrine,经典陈述或提及教义,ent_c8db40f7532f,正法,DoctrineTerm,directed,core_usable,stable_entity_graph,true,1,1,1,1,1,single_article,其實，羅漢也有莊嚴威儀的，羅漢是證悟解脫的修行人，一般的羅漢都具有出世、無爭、厭離、好靜等性格。⟂S⟂在佛陀的弟子中，就有不少證悟的大阿羅漢，譬如十大弟子就是十大羅漢，乃至五百羅漢、千二百五十羅漢等。⟂S⟂不過，今人最為熟悉的是十八羅漢，只是經典上並未有十八羅漢的記載，根據《大阿羅漢難提蜜多羅所說法住記》記載，則有十六位羅漢承佛敕命，永住世間，守護正法。⟂S⟂他們分別是：,https://books.masterhsingyun.org/ArticleDetail/artcle15155
rel_0129430e2d03,ent_072024f264d4,法華三昧經,Classic,classic_preached_at_place,经典宣说于地点,ent_55d164264407,靈鷲山,PlaceRealm,directed,core_usable,stable_entity_graph,true,1,1,1,1,1,single_article,如《大般若波羅蜜多經》、《妙法蓮華經》、《無量義經》、《佛說法華三昧經》等，都是在靈鷲山上宣說的，所以佛門有所謂的「靈山會上佛菩薩」、「靈山勝會」等話，就是讚揚諸佛菩薩法筵常在，福蔭佛弟子，意味雋永。⟂S⟂頻婆娑羅王為了親近佛陀，特地修建一條石階，直達山頂的園林。⟂S⟂距離山頂處，有許多小石窟，是比丘們修行的地方。⟂S⟂在山崖邊有磚造的精舍，精舍東面有長石，為佛陀經行之處。⟂S⟂精舍旁邊有一巨大的石塊，是當年提婆達多推石傷害佛陀的地點。⟂S⟂南邊懸崖下有一座小塔，佛陀曾在此處宣說《法華經》。,https://books.masterhsingyun.org/ArticleDetail/artcle3850
rel_68f9fdbb8975,ent_5c15adc29b43,法華玄義,Classic,classic_states_or_mentions_doctrine,经典陈述或提及教义,ent_ddeaa34437b4,憶持,PracticeActivity,directed,core_usable,stable_entity_graph,true,1,0,0,0,1,single_article,《法華玄義》卷一云：「標章令憶持，起念心故；,https://books.masterhsingyun.org/ArticleDetail/artcle6788
rel_4e60d06f6789,ent_c23eb3ad53f7,法華經,Classic,classic_interpreted_as_doctrine,经典被阐释为教义或主张,ent_8e5bc1f388e3,一念三千,Concept,directed,core_usable,stable_entity_graph,true,1,1,1,1,1,single_article,此外，《法華經》的思想大義，有一念三千、百界千如、三種世間、性具思想、二諦圓融等。⟂S⟂所以，懂得法華的要義，就會知道「百界千如，一念三千」，原來十法界的眾生都不離一心，一心圓具萬法，萬法就在我們的一心。,https://books.masterhsingyun.org/ArticleDetail/artcle154
rel_33841a936c21,ent_c23eb3ad53f7,法華經,Classic,classic_interpreted_as_doctrine,经典被阐释为教义或主张,ent_932ce5962a37,示教利喜,Concept,directed,core_usable,stable_entity_graph,true,2,2,2,1,2,multi_article,有人問：「釋迦牟尼佛為什麼不生到其他佛國淨土，偏要生到這多苦多難的娑婆世界？」⟂S⟂本經強調「佛為一大事因緣出現世間」，就是為了對娑婆世界的眾生「示教利喜」，意即開示、教導一切眾生，能夠成就佛道；,https://books.masterhsingyun.org/ArticleDetail/artcle9900
rel_84fa8063d7c7,ent_c23eb3ad53f7,法華經,Classic,classic_interpreted_as_doctrine,经典被阐释为教义或主张,ent_f3f20d04ac35,諸法實相,DoctrineTerm,directed,core_usable,stable_entity_graph,true,1,1,1,1,1,single_article,第五、諸法實相，本來面目：《法華經》開示一切諸法的真實相貌，本來面目，究竟圓滿的真理。,https://books.masterhsingyun.org/ArticleDetail/artcle6787
rel_930cdd17e8fb,ent_c23eb3ad53f7,法華經,Classic,classic_records_person,经典记载人物,ent_62cf8ccca072,佛陀,BuddhistFigure,directed,core_usable,stable_entity_graph,true,2,1,1,1,2,single_article,《法華經》中記載：三千大千世界裡無量千萬億的菩薩眾，聽聞佛陀宣說《法華經》，即以神通力同時從地底湧出菩薩身皆金色，三十二相好莊嚴，光明燦爛。⟂S⟂所有弟子都被這般前所未見的壯闊場景震懾住了，只見菩薩一心合掌，齊聲向佛陀問訊請安，並且發願要在佛陀色身滅度的娑婆世界，廣說《法華》。⟂S⟂而佛陀為了加強眾生信心，也以無量神力，出廣長舌，上至梵天，身上所有的毛細孔放出各種不同顏色的光芒，遍照十方世界。⟂S⟂原本坐在寶樹獅子座上的所有佛陀分身，也跟著出廣長舌、放無量光，時間長達百千年，然後還攝舌相，「一時謦欬，俱共彈指」，所有諸佛菩薩同時頷首言笑、蓮指輕彈，這二種音聲竟能傳遍十方諸佛世界，其波動能量造成國土六大震動。,https://books.masterhsingyun.org/ArticleDetail/artcle7214
rel_1367c939dfdc,ent_c23eb3ad53f7,法華經,Classic,classic_records_person,经典记载人物,ent_59739e05c9e6,觀世音菩薩,BuddhistFigure,directed,core_usable,stable_entity_graph,true,1,1,1,1,1,single_article,在《法華經》、《楞嚴經》中，觀世音菩薩自述在因地修習耳根圓通到了相當功行時，「盡聞不住，覺所覺空；⟂S⟂空覺極圓，空所空滅；⟂S⟂生滅既滅，寂滅現前。」⟂S⟂佛陀則讚美觀世音菩薩「慈眼視眾生，福聚海無量」；⟂S⟂在《金剛經》、《阿彌陀經》中記載︰「如來是真語者，實語者，不誑語者，不異語者。」⟂S⟂「十方諸佛，同聲讚歎釋迦牟尼佛於五濁惡世中能為希有之事。」⟂S⟂在《維摩詰經》中，眾香佛國以香飯作諸佛事，而其他佛土中，「諸佛威儀進止，諸所施為，無非佛事」。⟂S⟂維摩大士說︰「隨其心淨，則佛土淨。」⟂S⟂至於眾生為何見此土汙穢？⟂S⟂這正如螺髻梵王所說︰「心有高下，不依佛慧，故見此土為不淨耳。⟂S⟂菩薩於一切眾生悉皆平等，深心清淨，依佛智慧，則能見此佛土清淨。」,https://books.masterhsingyun.org/ArticleDetail/artcle16726
rel_52cd8e25e11f,ent_c23eb3ad53f7,法華經,Classic,classic_states_or_mentions_doctrine,经典陈述或提及教义,ent_3dcc3dbbf7a7,一大事因緣,DoctrineTerm,directed,core_usable,stable_entity_graph,true,1,1,1,1,1,single_article,有人問：「釋迦牟尼佛為什麼不生到其他佛國淨土，偏要生到這多苦多難的娑婆世界？」⟂S⟂本經強調「佛為一大事因緣出現世間」，就是為了對娑婆世界的眾生「示教利喜」，意即開示、教導一切眾生，能夠成就佛道；,https://books.masterhsingyun.org/ArticleDetail/artcle9900
rel_29f0605a5204,ent_c23eb3ad53f7,法華經,Classic,classic_states_or_mentions_doctrine,经典陈述或提及教义,ent_8e5bc1f388e3,一念三千,Concept,directed,core_usable,stable_entity_graph,true,2,2,2,2,2,multi_article,甚至佛教講「心佛眾生，三無差別」，乃至《法華經》的「一念三千」，都把和諧的意義發揮到最極致。,https://books.masterhsingyun.org/ArticleDetail/artcle11080
rel_753b843f0ecc,ent_c23eb3ad53f7,法華經,Classic,classic_states_or_mentions_doctrine,经典陈述或提及教义,ent_f255ef4df57b,三種世間,Concept,directed,core_usable,stable_entity_graph,true,1,1,1,1,1,single_article,此外，《法華經》的思想大義，有一念三千、百界千如、三種世間、性具思想、二諦圓融等。⟂S⟂所以，懂得法華的要義，就會知道「百界千如，一念三千」，原來十法界的眾生都不離一心，一心圓具萬法，萬法就在我們的一心。⟂S⟂所謂「心佛眾生，三無差別」，眾生與諸佛在自性上本來平等，只是覺悟有先後，佛性並沒有差別。⟂S⟂為了說明凡夫眾生都具有如來智慧德相，佛和眾生都是平等的，所以，在《法華經》裡，就有七個譬喻：,https://books.masterhsingyun.org/ArticleDetail/artcle154
rel_18a867e1d20c,ent_c23eb3ad53f7,法華經,Classic,classic_states_or_mentions_doctrine,经典陈述或提及教义,ent_247b5c2351b8,方便,DoctrineTerm,directed,core_usable,stable_entity_graph,true,2,2,2,1,2,multi_article,即：隨順巧方便、立要巧方便、異相巧方便、逼迫巧方便、報恩巧方便、清淨巧方便。⟂S⟂這些善巧方便，同樣展現在《法華經》裡。,https://books.masterhsingyun.org/ArticleDetail/artcle9896
rel_001b69a67ff1,ent_c23eb3ad53f7,法華經,Classic,classic_states_or_mentions_doctrine,经典陈述或提及教义,ent_9303c5858a40,百界千如,Concept,directed,core_usable,stable_entity_graph,true,1,1,1,1,1,single_article,此外，《法華經》的思想大義，有一念三千、百界千如、三種世間、性具思想、二諦圓融等。⟂S⟂所以，懂得法華的要義，就會知道「百界千如，一念三千」，原來十法界的眾生都不離一心，一心圓具萬法，萬法就在我們的一心。⟂S⟂所謂「心佛眾生，三無差別」，眾生與諸佛在自性上本來平等，只是覺悟有先後，佛性並沒有差別。⟂S⟂為了說明凡夫眾生都具有如來智慧德相，佛和眾生都是平等的，所以，在《法華經》裡，就有七個譬喻：,https://books.masterhsingyun.org/ArticleDetail/artcle154
rel_cf5c6f43e048,ent_c23eb3ad53f7,法華經,Classic,classic_states_or_mentions_doctrine,经典陈述或提及教义,ent_63b8f0ed08d1,誓願,DoctrineTerm,directed,core_usable,stable_entity_graph,true,1,1,1,1,1,single_article,《法華經》卷一〈方便品〉：「舍利弗當知，我（世尊）本立誓願，欲令一切眾，如我等無異。」⟂S⟂因此佛菩薩自最初發起菩提心，直至完成圓滿為止，否則不成佛等願力，此即由佛菩薩所發之誓願，而致其圓滿佛果。,https://books.masterhsingyun.org/ArticleDetail/artcle22768
rel_97412f061a1c,ent_c23eb3ad53f7,法華經,Classic,classic_states_or_mentions_doctrine,经典陈述或提及教义,ent_4fb8d09ae94c,諸法,DoctrineTerm,directed,core_usable,stable_entity_graph,true,1,1,1,1,1,single_article,十如是，語出《法華經‧方便品》：「唯佛與佛乃能究盡諸法實相，所謂諸法如是相、如是性、如是體、如是力、如是作、如是因、如是緣、如是果、如是報、如是本末究竟等。」⟂S⟂所以，十如是就是指諸法實相存在的十種必要條件。,https://books.masterhsingyun.org/ArticleDetail/artcle193
rel_bf581dc66ee0,ent_c23eb3ad53f7,法華經,Classic,classic_states_or_mentions_doctrine,经典陈述或提及教义,ent_f3f20d04ac35,諸法實相,DoctrineTerm,directed,core_usable,stable_entity_graph,true,4,4,4,1,4,multi_article,十如是，語出《法華經‧方便品》：「唯佛與佛乃能究盡諸法實相，所謂諸法如是相、如是性、如是體、如是力、如是作、如是因、如是緣、如是果、如是報、如是本末究竟等。」⟂S⟂所以，十如是就是指諸法實相存在的十種必要條件。,https://books.masterhsingyun.org/ArticleDetail/artcle193
rel_42119ceacfc4,ent_c23eb3ad53f7,法華經,Classic,classic_states_or_mentions_doctrine,经典陈述或提及教义,ent_23021aee0498,阿耨多羅三藐三菩提,DoctrineTerm,directed,core_usable,stable_entity_graph,true,1,1,1,1,1,single_article,一連四天的「法華經大義」已經到了尾聲，目睹二千多名「妙聽眾」，曾謂︰「如雷的掌聲及專注的神情實在令人感動。」⟂S⟂想到《法華經・法師品第十》中說︰「聞妙法華經一偈一句，乃至一念隨喜者，我皆與授記，當得阿耨多羅三藐三菩提。⟂S⟂佛告藥王，又如來滅度之後，若有人聞妙法華經，乃至一偈一句，一念隨喜者，我亦與授阿耨多羅三藐三菩提記。」⟂S⟂不禁由衷的為大家祝福。⟂S⟂佛陀在靈山會上宣說此經時，曾有所謂的「五千退席」，而這次在座者無論是男女老幼，不但無人退席，反而日見其增，可見其善根淳厚，甚為難得！,https://books.masterhsingyun.org/ArticleDetail/artcle2293
rel_7558f68f608a,ent_52dc22506bf7,法句經,Classic,classic_interpreted_as_doctrine,经典被阐释为教义或主张,ent_de77c6f5f383,自作自受,DoctrineTerm,directed,core_usable,stable_entity_graph,true,1,1,1,1,1,single_article,「彼不相待」，當一個人要為自己犯下的惡業受報時，誰也幫不上忙，也無法代他受罪、為他說情；⟂S⟂善報來了，是你應該享受的，誰也不能破壞、搶走你的福德。⟂S⟂所以佛教的業報觀念，說明了人的一切行為都是自作自受，必須自我承擔。⟂S⟂《法句經》的這四句偈，值得我們深思！,https://books.masterhsingyun.org/ArticleDetail/artcle13241
rel_d577732a05da,ent_52dc22506bf7,法句經,Classic,classic_records_person,经典记载人物,ent_62cf8ccca072,佛陀,BuddhistFigure,directed,core_usable,stable_entity_graph,true,1,0,0,0,1,single_article,佛陀在《法句經》裡，言簡意賅地說明了調理身心之道，堪作為我們的座右銘。,https://books.masterhsingyun.org/ArticleDetail/artcle13156
rel_6cb13a0c79f0,ent_52dc22506bf7,法句經,Classic,classic_states_or_mentions_doctrine,经典陈述或提及教义,ent_29f545fdc778,無爭,DoctrineTerm,directed,core_usable,stable_entity_graph,true,1,1,1,1,1,single_article,釋初參曰：所謂「真理愈辯愈明」，為的就是將道理講清楚、說明白。⟂S⟂然而許多人的爭辯，往往不是為真理，非就事論事，而是僅憑一己之私，逞一時之強，甚至還得爭個你死我活方肯罷休，實是愚蠢之至。⟂S⟂《法句經》說：「勝則生怨，負則自鄙；⟂S⟂去勝負心，無爭自安。」⟂S⟂能如玄奘一般，不僅辯明真理，且贏得敵人之真心歸附者，其實，真理已是大眾所認定的公論，何須多辯。⟂S⟂所以，當辯則辯，否則就讓「真理不辯自明」吧！,https://books.masterhsingyun.org/ArticleDetail/artcle11399
rel_0be43e840d3f,ent_b48c2c35b2ca,法相宗,SchoolTradition,school_has_founder_or_ancestor,宗派具有创始人或祖师,ent_27c751337add,窺基,BuddhistFigure,directed,core_usable,stable_entity_graph,true,1,0,0,0,1,single_article,這就是後來創立法相宗、恢弘唯識哲學的窺基大師。,https://books.masterhsingyun.org/ArticleDetail/artcle15640
rel_201f8937d794,ent_c5327046741a,法眼宗,SchoolTradition,school_has_founder_or_ancestor,宗派具有创始人或祖师,ent_6866fec1df65,法眼文益,BuddhistFigure,directed,core_usable,stable_entity_graph,true,2,0,0,0,2,single_article,在桂琛禪師「一切現成」的這句言下，法眼文益禪師大悟，後來開創了法眼宗，門徒千餘，得法者八十三人。,https://books.masterhsingyun.org/ArticleDetail/artcle15650
rel_dacbb73ecbc7,ent_ced3b75054f2,法身,DoctrineTerm,concept_defined_as,概念定义为,ent_f7e49f4ae092,實相,DoctrineTerm,directed,core_usable,stable_entity_graph,true,1,0,0,0,1,single_article,佛陀的法身，就是諸法的實相，也就是「緣起性空」，若能從緣起法中通達諸法的空性，即知緣起而有的一切法虛幻不實，即能從緣起法中見到諸法的空性，這就是佛陀的法身。,https://books.masterhsingyun.org/ArticleDetail/artcle3981
rel_9929bc0eeb29,ent_ced3b75054f2,法身,DoctrineTerm,concept_defined_as,概念定义为,ent_7218629ab8b8,自性,DoctrineTerm,directed,core_usable,stable_entity_graph,true,4,0,0,0,1,single_article,佛陀的法身即是諸法的自性。,https://books.masterhsingyun.org/ArticleDetail/artcle9070
rel_eb4d91c8a215,ent_ced3b75054f2,法身,DoctrineTerm,concept_defined_as,概念定义为,ent_f1b031c33a11,虛空身,DoctrineTerm,directed,core_usable,stable_entity_graph,true,2,0,0,0,1,single_article,法身，就是虛空身，雖無形無相可言可見，但無形而無不形，無相而無不相，法身是橫遍十方，充實法界的。,https://books.masterhsingyun.org/ArticleDetail/artcle2808
rel_70c73de55679,ent_ced3b75054f2,法身,DoctrineTerm,concept_defined_as,概念定义为,ent_5ebb7ea1e87e,緣起性空,DoctrineTerm,directed,core_usable,stable_entity_graph,true,1,0,0,0,1,single_article,佛陀的法身，就是諸法的實相，也就是「緣起性空」，若能從緣起法中通達諸法的空性，即知緣起而有的一切法虛幻不實，即能從緣起法中見到諸法的空性，這就是佛陀的法身。,https://books.masterhsingyun.org/ArticleDetail/artcle3981
rel_3db838ef103b,ent_ced3b75054f2,法身,DoctrineTerm,concept_defined_as,概念定义为,ent_7781495a64fa,大乘佛教,SchoolTradition,directed,core_usable,stable_entity_graph,true,1,0,0,0,1,single_article,法身，就是大乘佛教。,https://books.masterhsingyun.org/ArticleDetail/artcle5647
rel_9b46536bac00,ent_ced3b75054f2,法身,DoctrineTerm,concept_equivalent_to,概念等同或同义,ent_4c194eb34333,般若,DoctrineTerm,symmetric,core_usable,stable_entity_graph,true,1,1,1,1,1,single_article,般若是什麼？⟂S⟂六祖惠能大師說：「菩提般若之智，世人本自有之；⟂S⟂只緣心迷，不能自悟，須假大善知識，示導見性。⟂S⟂當知愚人智人，佛性本無差別，只緣迷悟不同，所以有愚有智。」⟂S⟂般若不是外來的知識，而是眾生的清淨光明本性，是眾生的本來面目；⟂S⟂般若是法身、實相、自性、佛性的同義詞。⟂S⟂般若是我們人之本源、人之根本、真如佛性，就是我們的本來面目。⟂S⟂,https://books.masterhsingyun.org/ArticleDetail/artcle24162
rel_5beacd341a89,ent_39be9be3e203,法門,DoctrineTerm,concept_defined_as,概念定义为,ent_ea91ad328368,成就,DoctrineTerm,directed,core_usable,stable_entity_graph,true,1,0,0,0,1,single_article,念佛法門即是當生成就，這部經是淨土信仰者非常重視的寶典。,https://books.masterhsingyun.org/ArticleDetail/artcle8353
rel_fb24463dba4f,ent_39be9be3e203,法門,DoctrineTerm,concept_has_quality,概念具有属性,ent_03c937f6582b,不可思議,DoctrineTerm,directed,core_usable,stable_entity_graph,true,2,1,1,1,2,single_article,《首楞嚴三昧經》曾經提到菩薩有二十種不可思議：福德不可思議、智不可思議、慧不可思議、方便不可思議、辯才不可思議、法明不可思議、總持不可思議、法門不可思議、憶念隨義不可思議、諸神通力不可思議、分別眾生諸所語言不可思議、深解眾生心之所樂不可思議、得見諸佛不可思議、所聞諸法不可思議、教化眾生不可思議、自在三昧不可思議、成就眾生不可思議、形式最妙不可思議、修治諸波羅蜜不可思議、得不退轉不可思議。⟂S⟂師父一生的思想行蹟，有許多超乎常人的地方，高瞻遠矚，見人所未見，不可以俗情世知去忖度他，不可思議是最好的形容。⟂S⟂譬如師父的無礙辯才，契機契理，理事圓融，如實的法音，廣長的妙舌，帶給聽眾多少的法喜與信心！⟂S⟂師父度眾的權巧方便，破銅爛鐵到了他那大冶洪爐，都會熬煉成繞指精鋼；⟂S⟂再駑鈍的驢馬，經過他的細心調教，都會變成日馳千里的神駒駿騎；⟂S⟂再頑劣的闡提眾生，接受他的慈悲攝受，都有成聖希賢的地方，在於他的平實、平常、平易，師父把精微深奧的佛法落實於生活，扎根於人間。⟂S⟂師父的偉大，給人的是一種和風煦日的舒適，而不是灼熱高峻的不可親近。,https://books.masterhsingyun.org/ArticleDetail/artcle17421
rel_f5f94f210828,ent_51824a15584b,法門寺,Institution,institution_enshrines_or_preserves_ritual_object,机构安奉或典藏仪式物,ent_9520ecf98ec2,舍利,RitualObject,directed,core_usable,stable_entity_graph,true,2,1,2,1,2,single_article,影子，乃是物體擋住光線後所投射出來的陰暗形象，自然亦存在有一真實的本體。⟂S⟂「一身三影」指的是一九八七年，大陸考古學家在清理陝西省扶風縣法門寺坍塌的塔基時，發現深藏在地宮中長達千年的四枚佛指舍利。⟂S⟂但是，文獻上明明記載，法門寺僅供奉有一枚佛指舍利，為什麼會一次出現四枚？⟂S⟂難道是佛祖顯靈，舍利再生不成？⟂S⟂在西元前二七二年，佛陀涅槃後兩百多年，古印度孔雀王朝的阿育王為了要弘揚佛法，將八萬四千顆的佛陀舍利分贈世界各地，而中國得到其中的十九顆，當時稱為阿育王寺的法門寺，即擁有釋迦牟尼佛的指舍利而名聞一時。⟂S⟂唐太宗李世民救病供養，武則天時更尊奉為「護國真身舍利」，建寶塔、開地宮、廣度僧尼、御駕侍佛，前後歷經八位皇帝，七次開塔，尊迎舍利入宮供奉。⟂S⟂會昌二年（八四二）武宗下令毀盡全國佛寺，強迫所有僧人還俗。⟂S⟂並指派專人赴法門寺摧毀真身佛指舍利。⟂S⟂在法門寺地宮中所發現的《誌文碑》記載：「洎武皇帝蕩滅真教，坑焚具多，銜天憲者碎殄影骨，上以塞君命，蓋君子從權之道也。⟂S⟂緣謝而隱，感兆斯來。⟂S⟂乃有九隴山禪僧師益貢章聞於先朝，乞結壇於塔下，果獲金骨，潛符聖心，以咸通十二年（八七一）八月十九日得舍利於舊隧道之西北角。」⟂S⟂也就是說受命者只毀碎了仿佛陀真身靈骨所製的附屬品（影骨）來搪塞朝廷，而將真的佛指舍利藏了起來。⟂S⟂至於是誰敢冒此誅殺九族的罪名密藏佛骨，而這些影骨製於何時等種種疑問，至今皆不得而知。,https://books.masterhsingyun.org/ArticleDetail/artcle7214
rel_be88b6227308,ent_b265c0f135b0,涅槃,DoctrineTerm,concept_defined_as,概念定义为,ent_14c6ea249ddb,不生,DoctrineTerm,directed,core_usable,stable_entity_graph,true,1,0,0,0,1,single_article,涅槃是什麼？ ⟂S⟂ 就是不生不死、不生不滅，一個大圓滿的境界，能讓我們得到安樂、得到自在、得到解脫。,https://books.masterhsingyun.org/ArticleDetail/artcle13904
rel_254cee2140d0,ent_b265c0f135b0,涅槃,DoctrineTerm,concept_defined_as,概念定义为,ent_b4d10439f17e,佛性,DoctrineTerm,directed,core_usable,stable_entity_graph,true,1,0,0,0,1,single_article,到了這個時候轉識成智，「智」就是般若、涅槃，就是佛性了。,https://books.masterhsingyun.org/ArticleDetail/artcle24163
rel_494f796a75c9,ent_b265c0f135b0,涅槃,DoctrineTerm,concept_defined_as,概念定义为,ent_a7cfd930b34d,圓滿,DoctrineTerm,directed,core_usable,stable_entity_graph,true,2,0,0,0,1,single_article,4.無缺的境界：涅槃的境界是我們心靈上永恆的樂土，那裡面充滿法樂，有完全的平靜，有至高的妙樂，有持續的幸福，有福慧的完成，有究竟的解脫，有永恆的自我，有真實的世界……所以說，涅槃就是圓滿，也就是所謂「無為第一安」。,https://books.masterhsingyun.org/ArticleDetail/artcle5035
rel_b987e288f552,ent_b265c0f135b0,涅槃,DoctrineTerm,concept_defined_as,概念定义为,ent_d5f85767f69d,境界,DoctrineTerm,directed,core_usable,stable_entity_graph,true,1,0,0,0,1,single_article,所以，佛教講「涅槃」，涅槃就是一個圓滿的境界，不生不死、不生不滅、不左不右。,https://books.masterhsingyun.org/ArticleDetail/artcle10988
rel_54b7619a882a,ent_b265c0f135b0,涅槃,DoctrineTerm,concept_defined_as,概念定义为,ent_c491291ea5a3,無我,DoctrineTerm,directed,core_usable,stable_entity_graph,true,1,0,0,0,1,single_article,所謂真正的涅槃，就是無我而完成真我，無執而放曠一切，這就是六祖惠能大師告訴我們的涅槃境界。,https://books.masterhsingyun.org/ArticleDetail/artcle154
rel_4f269aabcfa9,ent_b265c0f135b0,涅槃,DoctrineTerm,concept_defined_as,概念定义为,ent_7218629ab8b8,自性,DoctrineTerm,directed,core_usable,stable_entity_graph,true,1,0,0,0,1,single_article,因為涅槃就是我們自己清淨的自性，就是真實的自我。,https://books.masterhsingyun.org/ArticleDetail/artcle15647
rel_602dd7918ce3,ent_b265c0f135b0,涅槃,DoctrineTerm,concept_defined_as,概念定义为,ent_8af9d29d58e3,解脫,DoctrineTerm,directed,core_usable,stable_entity_graph,true,1,0,0,0,1,single_article,涅槃就是痛苦困難獲得解決，就是解脫生死煩惱，因此，當我們不再受制於貪瞋痴煩惱的束縛時，當下就是一種涅槃解脫的境界，所以涅槃乃人人可證，當下可得。,https://books.masterhsingyun.org/ArticleDetail/artcle15183
rel_7a1e4de51b2e,ent_b265c0f135b0,涅槃,DoctrineTerm,concept_defined_as,概念定义为,ent_23021aee0498,阿耨多羅三藐三菩提,DoctrineTerm,directed,core_usable,stable_entity_graph,true,1,0,0,0,1,single_article,4.大涅槃：就是「阿耨多羅三藐三菩提」，也就是如來的法身。,https://books.masterhsingyun.org/ArticleDetail/artcle3429
rel_8bd8e624305c,ent_b265c0f135b0,涅槃,DoctrineTerm,concept_has_quality,概念具有属性,ent_96ef6af74ecb,不生不滅,DoctrineTerm,directed,core_usable,stable_entity_graph,true,1,1,1,1,1,single_article,我們要以出世間法來看待這個世間，才能到達涅槃的境界，也就是一個不生不死、不生不滅、究竟安穩的住處。,https://books.masterhsingyun.org/ArticleDetail/artcle13941
rel_ef92126b2f24,ent_b265c0f135b0,涅槃,DoctrineTerm,concept_has_quality,概念具有属性,ent_7ed1a52121c4,清淨,DoctrineTerm,directed,core_usable,stable_entity_graph,true,2,0,0,0,1,single_article,也就是說，涅槃、圓寂是恆常的，是安樂的，是真我的，是清淨的。,https://books.masterhsingyun.org/ArticleDetail/artcle154
rel_75fb03d94a46,ent_b265c0f135b0,涅槃,DoctrineTerm,concept_misinterpreted_as,概念被误解为,ent_509797b2362e,死亡,DoctrineTerm,directed,core_usable,stable_entity_graph,true,1,0,0,0,1,single_article,但是一般人不懂，以為涅槃就是死亡，因此總把涅槃和死亡畫上等號。,https://books.masterhsingyun.org/ArticleDetail/artcle5600
rel_a65d949d7a46,ent_b265c0f135b0,涅槃,DoctrineTerm,concept_named_as,概念命名为,ent_352d9bde2514,滅度,DoctrineTerm,directed,core_usable,stable_entity_graph,true,3,0,0,0,1,single_article,中國四大譯經家中，俗稱舊譯家的鳩摩羅什將涅槃譯為「滅度」，就是滅煩惱障、度生死海的意思。,https://books.masterhsingyun.org/ArticleDetail/artcle7541
rel_eb079caf8713,ent_b265c0f135b0,涅槃,DoctrineTerm,concept_reconciled_with,概念在语境中被说明为可调和,ent_c175f86b8e66,生死,DoctrineTerm,symmetric,core_usable,stable_entity_graph,true,1,0,0,0,1,single_article,死亡與死後，從佛教教義看來，固然是做人應予考慮的大事，但將生與死、生死與涅槃對立，重死輕生，甚而為死誤生，為死後的勝進犧牲現世的利益，則未必符合佛法生死涅槃不二、了死在於了生之旨，也極易招致世人的譏謗責難。,https://books.masterhsingyun.org/ArticleDetail/artcle17984
rel_03a2ff5968f6,ent_b0b7fe0a3b8f,涅槃經,Classic,classic_records_person,经典记载人物,ent_62cf8ccca072,佛陀,BuddhistFigure,directed,core_usable,stable_entity_graph,true,1,0,0,0,1,single_article,對於愛欲，佛陀在《大般涅槃經》裡，以「暴風」來形容愛欲強大的摧殘，說明其力量能將山嶽夷為平地。,https://books.masterhsingyun.org/ArticleDetail/artcle979
rel_8e40fca88928,ent_b0b7fe0a3b8f,涅槃經,Classic,classic_records_person,经典记载人物,ent_cf194373989a,如來,BuddhistFigure,directed,core_usable,stable_entity_graph,true,1,1,1,1,1,single_article,復能於彼一切有情，運心廣行布施等行，一切善法相應而作，修菩薩者以大悲心而成其身。」⟂S⟂所以《涅槃經》說：「如來即是慈悲喜捨，慈悲喜捨即是解脫。」,https://books.masterhsingyun.org/ArticleDetail/artcle24707
rel_00972cb8d3a2,ent_b0b7fe0a3b8f,涅槃經,Classic,classic_records_person,经典记载人物,ent_47a49e6c416c,帝釋天,BuddhistFigure,directed,core_usable,stable_entity_graph,true,1,1,1,1,1,single_article,但根據《大般涅槃經》記載，第一個來搶佛陀舍利的並不是人，而是護法天神帝釋天，他宣稱佛陀生前答應要給他一顆牙舍利，此佛牙現在供奉在忉利天。,https://books.masterhsingyun.org/ArticleDetail/artcle7214
rel_b6adf88bac21,ent_b0b7fe0a3b8f,涅槃經,Classic,classic_records_person,经典记载人物,ent_6cacfb08e6df,釋迦牟尼佛,BuddhistFigure,directed,core_usable,stable_entity_graph,true,2,2,2,1,2,multi_article,《涅槃經》說釋迦牟尼佛之所以能夠修得三十二相、八十種好的金剛之身，是因為佛陀於無量阿僧祇劫之中，恭敬三寶，孝養父母，因此今世才能感得如此殊勝的果報。,https://books.masterhsingyun.org/ArticleDetail/artcle8414
rel_b474b15a5708,ent_b0b7fe0a3b8f,涅槃經,Classic,classic_states_or_mentions_doctrine,经典陈述或提及教义,ent_c3569625ae14,三十二相,DoctrineTerm,directed,core_usable,stable_entity_graph,true,1,1,1,1,1,single_article,從佛陀的教誨中，不難看出佛教對於孝道的重視，佛陀不僅教育弟子們要孝順當世父母，更要孝順七世父母，乃至一切眾生父母，佛陀本身多生多世更是孝道的實踐者。⟂S⟂《涅槃經》說釋迦牟尼佛之所以能夠修得三十二相、八十種好的金剛之身，是因為佛陀於無量阿僧祇劫之中，恭敬三寶，孝養父母，因此今世才能感得如此殊勝的果報。⟂S⟂經上更說：「若有男女依母教，承順顏色不相違，一切災難盡消除，諸天擁護常安樂。」⟂S⟂孝順父母，不僅今世可以免除災難，為天人所護念愛敬，更可為來生種下圓滿佛道的因緣，怎麼能夠不欣喜去力行實踐呢？⟂S⟂更何況孝親敬親，本來就是基本的人倫之道，人道若有虧損，妄想佛道有成，實在是痴人說夢，愚昧顛倒！,https://books.masterhsingyun.org/ArticleDetail/artcle8414
rel_932f6c8ba94d,ent_b0b7fe0a3b8f,涅槃經,Classic,classic_states_or_mentions_doctrine,经典陈述或提及教义,ent_e7ba1be4785d,安樂,Concept,directed,core_usable,stable_entity_graph,true,2,2,2,2,2,multi_article,從佛陀的教誨中，不難看出佛教對於孝道的重視，佛陀不僅教育弟子們要孝順當世父母，更要孝順七世父母，乃至一切眾生父母，佛陀本身多生多世更是孝道的實踐者。⟂S⟂《涅槃經》說釋迦牟尼佛之所以能夠修得三十二相、八十種好的金剛之身，是因為佛陀於無量阿僧祇劫之中，恭敬三寶，孝養父母，因此今世才能感得如此殊勝的果報。⟂S⟂經上更說：「若有男女依母教，承順顏色不相違，一切災難盡消除，諸天擁護常安樂。」⟂S⟂孝順父母，不僅今世可以免除災難，為天人所護念愛敬，更可為來生種下圓滿佛道的因緣，怎麼能夠不欣喜去力行實踐呢？⟂S⟂更何況孝親敬親，本來就是基本的人倫之道，人道若有虧損，妄想佛道有成，實在是痴人說夢，愚昧顛倒！,https://books.masterhsingyun.org/ArticleDetail/artcle8414
rel_fba8d12ab893,ent_b0b7fe0a3b8f,涅槃經,Classic,classic_states_or_mentions_doctrine,经典陈述或提及教义,ent_8192dba0aaf3,自在,Concept,directed,core_usable,stable_entity_graph,true,1,1,1,1,1,single_article,惑障苦惱，類別甚多，但究其根本，多從心緣五欲六塵，比較、計較而來，所以《大般涅槃經》中說︰「一切屬他，則名為苦；⟂S⟂一切由己，自在安樂。」⟂S⟂泯除自他，以法為樂，自然喜樂現前，曠達無礙。⟂S⟂在《維摩經》中，維摩大士勸諸天女︰「樂常信佛，樂欲聽法，樂供養眾，樂離五欲，樂觀五陰如怨賊，樂觀四大如毒蛇，樂觀內入如空聚，樂隨護道意，樂饒益眾生，樂敬養師，樂廣行施，樂堅持戒，樂忍辱柔和，樂勤集善根，樂禪定不亂，樂離垢明慧，樂廣發菩提心，樂降伏眾魔，樂斷諸煩惱，樂淨佛國土，樂成就相好，故修諸功德。⟂S⟂樂莊嚴道場，樂聞深法不畏，樂三解脫門，不樂非時；⟂S⟂樂近同學，樂於非同學中心無掛礙；⟂S⟂樂將護惡知識，樂親近善知識；⟂S⟂樂心喜清淨，樂修無量道品之法，是為菩薩法樂。」⟂S⟂天女聞後，悉皆歎言︰「吾有法樂，不復樂五欲之樂﹗」,https://books.masterhsingyun.org/ArticleDetail/artcle16720
rel_14b3d49a2ddb,ent_b0b7fe0a3b8f,涅槃經,Classic,classic_states_or_mentions_doctrine,经典陈述或提及教义,ent_8af9d29d58e3,解脫,DoctrineTerm,directed,core_usable,stable_entity_graph,true,2,1,1,1,2,single_article,復能於彼一切有情，運心廣行布施等行，一切善法相應而作，修菩薩者以大悲心而成其身。」⟂S⟂所以《涅槃經》說：「如來即是慈悲喜捨，慈悲喜捨即是解脫。」,https://books.masterhsingyun.org/ArticleDetail/artcle24707
rel_f1c8475c9883,ent_7ed1a52121c4,清淨,DoctrineTerm,concept_defined_as,概念定义为,ent_86900e4a696c,淨土,DoctrineTerm,directed,core_usable,stable_entity_graph,true,4,0,0,0,1,single_article,當下的各種淨土，也可以說一心清淨就是淨土。,https://books.masterhsingyun.org/ArticleDetail/artcle9827
rel_bcafa326cc9e,ent_7ed1a52121c4,清淨,DoctrineTerm,concept_defined_as,概念定义为,ent_0b2e6e9daabf,禪,DoctrineTerm,directed,core_usable,stable_entity_graph,true,1,0,0,0,1,single_article,光明是禪，清淨是禪，圓滿是禪，夠味道是禪，比如說話有味道、思想有味道都是禪，甚至心裡有一幅畫，心裡就有禪。,https://books.masterhsingyun.org/ArticleDetail/artcle16539
rel_f1146b7fd4a1,ent_7ed1a52121c4,清淨,DoctrineTerm,concept_false_opposition_rejected,反对将两个概念截然对立,ent_3f2cfc0ad314,煩惱,DoctrineTerm,symmetric,core_usable,stable_entity_graph,true,1,0,0,0,1,single_article,煩惱出現的第一反應很自然地就是要逃避到「修行的清淨」中去，但隨即發現這種把工作與修行分開來，把煩惱與清淨對立起來的想法，使修行變成對困難和煩惱的逃避，而非解決。,https://books.masterhsingyun.org/ArticleDetail/artcle15894
rel_54c1b661198e,ent_3f2cfc0ad314,煩惱,DoctrineTerm,concept_defined_as,概念定义为,ent_d90879de5b44,菩提,DoctrineTerm,directed,core_usable,stable_entity_graph,true,10,0,0,0,1,single_article,凡夫就是佛，煩惱就是菩提。,https://books.masterhsingyun.org/ArticleDetail/artcle129
rel_2e34f497e64b,ent_3f2cfc0ad314,煩惱,DoctrineTerm,concept_named_as,概念命名为,ent_e00c00eab147,無明漏,DoctrineTerm,directed,core_usable,stable_entity_graph,true,1,0,0,0,1,single_article,為三界五部的無明，也就是三界的痴煩惱，叫做無明漏。,https://books.masterhsingyun.org/ArticleDetail/artcle6847
rel_84b6f46f3264,ent_5e3ac8d7b801,犢子部,SchoolTradition,school_teaches_doctrine,宗派主张教义,ent_1244a0f49239,世間法,DoctrineTerm,directed,core_usable,stable_entity_graph,true,1,0,0,0,1,single_article,另外，如犢子部則不僅主張世間法實有，而且進一步認為我法亦有。,https://books.masterhsingyun.org/ArticleDetail/artcle3852
rel_b53adfa5b1aa,ent_824bc2a708f0,玄奘,BuddhistFigure,person_advocates_doctrine,人物倡导教义,ent_7781495a64fa,大乘佛教,SchoolTradition,directed,core_usable,stable_entity_graph,true,1,1,1,1,1,single_article,東印度迦摩縷波國國王拘摩羅王慕名遣使來請，玄奘到達該國時，國王率領群臣迎拜讚歎。⟂S⟂戒日王也聞名來請，拘摩羅王便偕同玄奘來到曲女城，戒日王大喜，召集各國僧侶在曲女城召開辯論大會，五印度十八國國王全都列席，三千多名大小乘高僧、兩千多位婆羅門等教徒，以及一千多位的那爛陀寺寺僧，全都參與盛會，這就是佛教史上著名的「曲女城辯論大會」。⟂S⟂玄奘受請為論主，登上寶座，稱揚大乘佛教，他說：「如果我所說的有一字無理，誰能發論折服的話，我願斬首謝罪。」⟂S⟂從早到晚，連續十八天，他高坐寶位，發揮宏論，大眾無一人敢與其辯論。⟂S⟂散會時，各國國王都送珍寶，玄奘一概辭謝。⟂S⟂依照印度的通例，凡是辯論勝利，便乘象出巡，以示榮耀。⟂S⟂於是，戒日王禮請玄奘乘象出巡，並遣人執旗前導巡行，將大會盛事宣告於眾，這是有史以來國人在印度的最高光榮。,https://books.masterhsingyun.org/ArticleDetail/artcle8379
rel_aff88b7fba07,ent_824bc2a708f0,玄奘,BuddhistFigure,person_associated_with_place,人物关联地点,ent_f430a0be8d26,大慈恩寺,Institution,directed,core_usable,stable_entity_graph,true,2,1,1,1,2,single_article,此外，歷史上有不少高僧大德因德學兼具而被帝王迎入都城，乃至建寺供養。⟂S⟂眾鳥依大樹而居，人也是如此，有賢僧駐錫的地方，必能廣招徠者，此即所謂的「人傑地靈」，這也是為何歷來「都市寺院」繁興，僧人也喜歡聚集都市的原因之一。⟂S⟂像東晉道安因逃難而率眾一路來到襄陽，十五年後被苻堅迎去長安，臨行前命五百名弟子分散各地弘法，但到了長安五重寺之後，各地僧人聞名而來者竟有數千眾之多，道譽感人若此，無怪乎有「印手菩薩」之美稱。⟂S⟂鳩摩羅什被姚興迎請至長安西明閣及逍遙園主持譯業，從學者三千，長安一時之間成為當時佛教的重鎮。⟂S⟂與鳩摩羅什並列為「中國四大譯師」之一的玄奘，在西行取經回國後，為唐太宗、高宗所欽重，供養於大內，並先後敕住弘福寺、大慈恩寺、玉華宮寺等處，請其譯經，一時之間，也是俊彥翕從。⟂S⟂像這些高僧大德在當時被尊為國師，實則乃今之「國策顧問」，在法務倥傯，領眾薰修之餘，還得不時跟隨帝王巡幸各處，其辛苦可想而知，若非深具菩薩悲願的「人間比丘」，何能行此難事！,https://books.masterhsingyun.org/ArticleDetail/artcle744
rel_424f25e71e2d,ent_824bc2a708f0,玄奘,BuddhistFigure,person_associated_with_place,人物关联地点,ent_0c406e513941,曲女城,PlaceRealm,directed,core_usable,stable_entity_graph,true,2,1,1,1,2,single_article,東印度迦摩縷波國國王拘摩羅王慕名遣使來請，玄奘到達該國時，國王率領群臣迎拜讚歎。⟂S⟂戒日王也聞名來請，拘摩羅王便偕同玄奘來到曲女城，戒日王大喜，召集各國僧侶在曲女城召開辯論大會，五印度十八國國王全都列席，三千多名大小乘高僧、兩千多位婆羅門等教徒，以及一千多位的那爛陀寺寺僧，全都參與盛會，這就是佛教史上著名的「曲女城辯論大會」。⟂S⟂玄奘受請為論主，登上寶座，稱揚大乘佛教，他說：「如果我所說的有一字無理，誰能發論折服的話，我願斬首謝罪。」⟂S⟂從早到晚，連續十八天，他高坐寶位，發揮宏論，大眾無一人敢與其辯論。⟂S⟂散會時，各國國王都送珍寶，玄奘一概辭謝。⟂S⟂依照印度的通例，凡是辯論勝利，便乘象出巡，以示榮耀。⟂S⟂於是，戒日王禮請玄奘乘象出巡，並遣人執旗前導巡行，將大會盛事宣告於眾，這是有史以來國人在印度的最高光榮。,https://books.masterhsingyun.org/ArticleDetail/artcle8379
rel_088108807866,ent_824bc2a708f0,玄奘,BuddhistFigure,person_associated_with_place,人物关联地点,ent_2a8faf64d791,弘福寺,Institution,directed,core_usable,stable_entity_graph,true,2,2,2,2,2,multi_article,唐太宗召見玄奘，敕住弘福寺，與弟子窺基等人專心致力於梵文經典的翻譯，前後十九年間，共譯出經律論七十五部，總計有一三三五卷之多。⟂S⟂所譯經典數量的龐大，不但驚人，而且譯筆信實，講究逐字逐句符合原典的忠實原則，杜絕古代譯經家信筆直譯的翻譯手法。⟂S⟂因此，後世的譯經家把玄奘以前所譯的經典稱為「舊譯」，自玄奘之後所譯的經典稱為「新譯」，同時尊他為中國佛教史上的四大譯經家之一。⟂S⟂在他所譯的經典之中，大多是唯識經論，玄奘也成為中國唯識宗的初祖。⟂S⟂中國佛教經過法顯、玄奘等人的西行求法，窮本探源，已得佛教的全部精義，從此佛學也日益昌盛於中國。,https://books.masterhsingyun.org/ArticleDetail/artcle8379
rel_191083329863,ent_824bc2a708f0,玄奘,BuddhistFigure,person_authors_work,人物创作或撰写作品,ent_84d58ad44749,西域記,Classic,directed,core_usable,stable_entity_graph,true,1,1,1,1,1,single_article,玄奘寫過《大唐西域記》，這是呈給太宗皇帝看的報告，對自己著墨不多，但他在譯經的空檔常與弟子品茗閒談，他的弟子慧立把他的談話寫成《大唐大慈恩寺三藏法師傳》，裡面飽含了孺慕與崇仰，這本風采迷人的傳記，本身就是教育的最佳範本。,https://books.masterhsingyun.org/ArticleDetail/artcle15640
rel_c098e5e1c485,ent_824bc2a708f0,玄奘,BuddhistFigure,person_translates_doctrine,人物翻译经典或教义文献,ent_feb094c88de4,經律論,Classic,directed,core_usable,stable_entity_graph,true,1,1,1,1,1,single_article,唐太宗召見玄奘，敕住弘福寺，與弟子窺基等人專心致力於梵文經典的翻譯，前後十九年間，共譯出經律論七十五部，總計有一三三五卷之多。⟂S⟂所譯經典數量的龐大，不但驚人，而且譯筆信實，講究逐字逐句符合原典的忠實原則，杜絕古代譯經家信筆直譯的翻譯手法。⟂S⟂因此，後世的譯經家把玄奘以前所譯的經典稱為「舊譯」，自玄奘之後所譯的經典稱為「新譯」，同時尊他為中國佛教史上的四大譯經家之一。⟂S⟂在他所譯的經典之中，大多是唯識經論，玄奘也成為中國唯識宗的初祖。⟂S⟂中國佛教經過法顯、玄奘等人的西行求法，窮本探源，已得佛教的全部精義，從此佛學也日益昌盛於中國。,https://books.masterhsingyun.org/ArticleDetail/artcle8379
rel_ef9cb2b6ecc9,ent_824bc2a708f0,玄奘,BuddhistFigure,person_translates_doctrine,人物翻译经典或教义文献,ent_4c194eb34333,般若,DoctrineTerm,directed,core_usable,stable_entity_graph,true,1,0,0,0,1,single_article,此三人譯經各有所專，玄奘所譯包括瑜伽、般若、大小毗曇，成就最大；,https://books.masterhsingyun.org/ArticleDetail/artcle8724
rel_b6c144d39f4a,ent_9baa5f487565,玉琳國師,Person,person_advocates_doctrine,人物倡导教义,ent_e148ca0687f4,佛法,DoctrineTerm,directed,core_usable,stable_entity_graph,true,1,0,0,0,1,single_article,這開悟一年，玉琳國師已經六十三歲，現在他已經在修持的路途上能夠獨立，他更把一切往事放下，從此更無掛無礙，隨緣在各地做著度化的工作。 ⟂P⟂ 他修建了很多道場，解救過不少苦難的人，他鼓勵僧眾要雲遊，參學問道，每逢水旱之災，他發動大家救濟，他到過南洋群島，作國際性的宣揚佛法，在南洋帶回的菩提樹幼苗，至今還蓊鬱婆娑的長在磬山的寺旁。,https://books.masterhsingyun.org/ArticleDetail/artcle7353
rel_be09ae85b42c,ent_9baa5f487565,玉琳國師,Person,person_associated_with_place,人物关联地点,ent_d5990467e4c3,江天寺,Institution,directed,core_usable,stable_entity_graph,true,1,1,1,1,1,single_article,離開了歸元寺，玉琳國師行腳到了金山江天寺，他又隱名進去掛單，在一次禪堂中坐養息香的時候，他開悟了，他坐在禪堂中好多天不語不行，因為禪堂裡常有禪者如此，所以大家也不以為怪。,https://books.masterhsingyun.org/ArticleDetail/artcle7353
rel_0b30d3c29968,ent_2185b21d1e45,玉耶女經,Classic,classic_records_person,经典记载人物,ent_62cf8ccca072,佛陀,BuddhistFigure,directed,core_usable,stable_entity_graph,true,1,0,0,0,1,single_article,這就是佛陀在《玉耶女經》，對玉耶女開示管理的大要，也就是《玉耶女經》的婦女管理法。,https://books.masterhsingyun.org/ArticleDetail/artcle9626
rel_e322b0b61188,ent_bfbf54b1f298,現觀莊嚴論,Classic,classic_states_or_mentions_doctrine,经典陈述或提及教义,ent_c3833227a329,饒益,DoctrineTerm,directed,core_usable,stable_entity_graph,true,1,1,1,1,1,single_article,這四大宗旨如《現觀莊嚴論》提到：「諸欲饒益眾生者，道智令成世間利。」⟂S⟂《入行論》也說：「佛子不需學，畢竟皆無有，善學若如是，福德焉不至？⟂S⟂直接或間接，所行唯利他。」⟂S⟂眾生需要什麼，自己就得去學什麼，去做什麼，唯有這樣隨順有情的條件與根器，才可能成為眾生的導航，有情的津梁。⟂S⟂若一味地要求：你不能這樣做，你得這樣做……是無法真實利益眾生的。⟂S⟂而菩薩就是有特別善巧的做法，去利益有情。⟂S⟂如同聖天菩薩在《四百論》中說：「世間諸規律，隨彼行名法，是故較於法，世間力尤強。」⟂S⟂任何世間的規律，正法都會隨順；⟂S⟂所以雖然是內道佛弟子，也要看到世間法是具力的，能從眾生相應的世間法一直引導到正法，這之間自然會形成一條落英繽紛的坦途。,https://books.masterhsingyun.org/ArticleDetail/artcle15892
rel_a44ee9a9d17c,ent_a4237decebb2,班禪額爾德尼,BuddhistFigure,person_member_of_group,人物属于群体,ent_3b2e0260b276,西藏四大活佛,Group,directed,core_usable,stable_entity_graph,true,1,1,1,1,1,single_article,在清朝的歷史中，曾有朝廷敕封西藏四大活佛的記載，即：達賴喇嘛、班禪額爾德尼、哲布尊丹巴胡土克圖及章嘉胡土克圖。,https://books.masterhsingyun.org/ArticleDetail/artcle6772
rel_45599294cbdb,ent_09449fe643d8,生住異滅,DoctrineTerm,concept_defined_as,概念定义为,ent_fb92e0f5af32,輪迴,DoctrineTerm,directed,core_usable,stable_entity_graph,true,1,0,0,0,1,single_article,所以春夏秋冬是時間的輪迴，生老病死是人的生命輪迴，物質、宇宙、地球的成住壞空是物質、宇宙、地球的輪迴，心裡的念頭時而生起，時而消滅，生住異滅就是心裡的輪迴，所以宇宙之間五趣流轉、六道輪迴是必然的法則。,https://books.masterhsingyun.org/ArticleDetail/artcle11266
rel_5136e6cdd005,ent_c175f86b8e66,生死,DoctrineTerm,concept_defined_as,概念定义为,ent_b265c0f135b0,涅槃,DoctrineTerm,directed,core_usable,stable_entity_graph,true,1,0,0,0,1,single_article,有時候，佛教把無明和真如說成是一個，生死就是涅槃，無明就是真如。,https://books.masterhsingyun.org/ArticleDetail/artcle1009
rel_8c94027165c2,ent_c175f86b8e66,生死,DoctrineTerm,concept_defined_as,概念定义为,ent_8b29ff804a64,真佛子,Concept,directed,core_usable,stable_entity_graph,true,1,0,0,0,1,single_article,學佛應先尊敬藥師如來的了生、尊敬阿彌陀如來的脫死，能了脫生死即是真佛子。,https://books.masterhsingyun.org/ArticleDetail/artcle11125
rel_50b2f76c9d99,ent_c175f86b8e66,生死,DoctrineTerm,concept_defined_as,概念定义为,ent_f76ae8b83972,真理,Concept,directed,core_usable,stable_entity_graph,true,1,0,0,0,1,single_article,無常生死就是真理，所謂真理者，不管什麼時候、什麼地方，都是必然的、平等的。,https://books.masterhsingyun.org/ArticleDetail/artcle672
rel_202064bd8394,ent_c175f86b8e66,生死,DoctrineTerm,concept_is_foundation_of,概念构成另一概念或实践的基础,ent_fb92e0f5af32,輪迴,DoctrineTerm,directed,core_usable,stable_entity_graph,true,1,0,0,0,1,single_article,生死是眾生最大的煩惱，也是輪迴的根本，更是每個人必經的過程，包含老、病，在人生「八苦*1」之中即占了一半。,https://books.masterhsingyun.org/ArticleDetail/artcle8845
rel_fa6688c6c2f7,ent_c175f86b8e66,生死,DoctrineTerm,concept_named_as,概念命名为,ent_2389736fdb79,分段生死,DoctrineTerm,directed,core_usable,stable_entity_graph,true,2,0,0,0,1,single_article,又眾生的生死，叫做分段生死，菩薩位上的生死叫做變易生死，未成佛果，必然有此兩種生死，有一期一期的生死之相可得，而此一期一期的生命，即是從剎那不住，念念生滅的變異而死亡。,https://books.masterhsingyun.org/ArticleDetail/artcle7402
rel_a02e55358c56,ent_c175f86b8e66,生死,DoctrineTerm,concept_named_as,概念命名为,ent_58d51f295ca3,變易生死,DoctrineTerm,directed,core_usable,stable_entity_graph,true,1,0,0,0,1,single_article,又眾生的生死，叫做分段生死，菩薩位上的生死叫做變易生死，未成佛果，必然有此兩種生死，有一期一期的生死之相可得，而此一期一期的生命，即是從剎那不住，念念生滅的變異而死亡。,https://books.masterhsingyun.org/ArticleDetail/artcle7402
rel_41b7be70c84f,ent_a5e336f0fbbb,生活佛教,Concept,concept_defined_as,概念定义为,ent_b9466da1d262,佛教,DoctrineTerm,directed,core_usable,stable_entity_graph,true,1,0,0,0,1,single_article,所謂生活佛教，就是活生生的佛教。,https://books.masterhsingyun.org/ArticleDetail/artcle15570
rel_31318179ac69,ent_aed26cefd7fb,百喻經,Classic,classic_interpreted_as_doctrine,经典被阐释为教义或主张,ent_b9466da1d262,佛教,DoctrineTerm,directed,core_usable,stable_entity_graph,true,1,0,0,0,1,single_article,本經集錄近百則（九十八則）有關善惡罪福報應的譬喻故事，說明佛教的基本教義，所以稱為《百喻經》。 ⟂P⟂ 本經所集錄的九十八則譬喻故事，每則末後都載有一段精闢的論述來說明佛教的教義。,https://books.masterhsingyun.org/ArticleDetail/artcle2117
rel_b00acdcd70aa,ent_a1f534091f7d,皈依,PracticeActivity,activity_occurs_at_place,活动发生于地点,ent_1e4251b1cdfd,西來寺,Institution,directed,core_usable,stable_entity_graph,true,1,1,1,1,1,single_article,名經濟學家千家駒先生，浙江人，現年八十五歲，過去弘揚共產主義，在大陸人民大會堂幾千人的講演，三十分鐘內有三十一次掌聲，可見其建言、思想、言論、見解的權威。⟂S⟂一九八八年在洛杉磯西來寺皈依佛教時，曾造成一時轟動，大家十分好奇為何幾十年來信仰共產主義的無神論者，最後竟然會皈依佛門？⟂S⟂（他曾撰〈我為何皈依佛教〉一文，在《普門》刊載），此次應政府邀請來台演講，專程上佛光山禮佛，他在和全山大眾見面時表示──,https://books.masterhsingyun.org/ArticleDetail/artcle4345
rel_6ee4b7c32296,ent_a1f534091f7d,皈依,PracticeActivity,concept_defined_as,概念定义为,ent_b0cb6c5ceaab,不可說,Concept,directed,core_usable,stable_entity_graph,true,1,0,0,0,1,single_article,意思就是說，自性三皈依就是不可說，有說即非。,https://books.masterhsingyun.org/ArticleDetail/artcle603
rel_d39889e376f7,ent_a1f534091f7d,皈依,PracticeActivity,concept_defined_as,概念定义为,ent_fbae646972f2,信仰,Concept,directed,core_usable,stable_entity_graph,true,5,1,1,1,2,single_article,一般而言，皈依是信仰。,https://books.masterhsingyun.org/ArticleDetail/artcle2806
rel_13864772d13d,ent_a1f534091f7d,皈依,PracticeActivity,doctrinal_entails,义理论证推出,ent_fbae646972f2,信仰,Concept,directed,core_usable,stable_entity_graph,true,1,1,1,1,1,single_article,皈依不是拜師父，而是確立自己的信仰，表示我從此要信奉佛教，成為正信的佛教徒。,https://books.masterhsingyun.org/ArticleDetail/artcle9385
rel_e393e37c8d78,ent_a1f534091f7d,皈依,PracticeActivity,doctrine_constrained_by,义理受条件或范围限制,ent_c8db40f7532f,正法,DoctrineTerm,directed,core_usable,stable_entity_graph,true,1,1,1,1,1,single_article,就是皈依自己、皈依法，不可以皈依其他，說明佛弟子應依仗自力，依正法修學，依自己的佛性，自己就是最好的依靠，自己就能修行成佛。,https://books.masterhsingyun.org/ArticleDetail/artcle2439
rel_aab73e83bee7,ent_a1f534091f7d,皈依,PracticeActivity,practice_directed_to,实践指向对象,ent_0ebc47edc5c5,三寶,DoctrineTerm,directed,core_usable,stable_entity_graph,true,1,1,1,1,1,single_article,佛教徒皈依佛法僧三寶：皈依佛，佛如光明，有了光明，就能驅走黑暗，帶來希望；⟂S⟂皈依法，法如淨水，有了淨水，可以滋潤大地，生長萬物；⟂S⟂皈依僧，僧如福田，有了福田，可以給人播種，廣植福德。⟂S⟂三寶的重要，就好比陽光、雨水、大地，缺一不可。⟂S⟂唯有皈敬三寶，才得以長養法身慧命，昇華心靈世界，跨越人生的藩籬。⟂S⟂─《普門學報‧佛教對「修行問題」的看法》,https://books.masterhsingyun.org/ArticleDetail/artcle683
rel_5024a80619d2,ent_a1f534091f7d,皈依,PracticeActivity,practice_directed_to,实践指向对象,ent_b9466da1d262,佛教,DoctrineTerm,directed,core_usable,stable_entity_graph,true,3,2,2,2,3,multi_article,名經濟學家千家駒先生，浙江人，現年八十五歲，過去弘揚共產主義，在大陸人民大會堂幾千人的講演，三十分鐘內有三十一次掌聲，可見其建言、思想、言論、見解的權威。⟂S⟂一九八八年在洛杉磯西來寺皈依佛教時，曾造成一時轟動，大家十分好奇為何幾十年來信仰共產主義的無神論者，最後竟然會皈依佛門？,https://books.masterhsingyun.org/ArticleDetail/artcle4345
rel_fcecac5a8feb,ent_a1f534091f7d,皈依,PracticeActivity,practice_directed_to,实践指向对象,ent_e148ca0687f4,佛法,DoctrineTerm,directed,core_usable,stable_entity_graph,true,1,1,1,1,1,single_article,這句話就是告訴我們，要皈依自己、皈依佛法，不可以皈依其他。,https://books.masterhsingyun.org/ArticleDetail/artcle9385
rel_1a6d79bf5f52,ent_a1f534091f7d,皈依,PracticeActivity,practice_directed_to,实践指向对象,ent_f76ae8b83972,真理,Concept,directed,core_usable,stable_entity_graph,true,7,7,7,3,7,multi_article,除了皈依自己、皈依真理，不可以皈依其他。,https://books.masterhsingyun.org/ArticleDetail/artcle16017
rel_a88631f88a80,ent_a1f534091f7d,皈依,PracticeActivity,practice_directed_to,实践指向对象,ent_09be5792107c,自性三寶,DoctrineTerm,directed,core_usable,stable_entity_graph,true,1,1,1,1,1,single_article,皈依「自性三寶」，不是皈依別人，其實是皈依自己。⟂S⟂人人都有佛性，皈依自己的佛性，就是「皈依佛」。⟂S⟂人人有無限的生命未來、平等無差別的法性，法性超越時空，是無量壽、無量光，承認自己本有的法性，就是「皈依法」。⟂S⟂向大善知識如觀音、文殊、地藏、彌勒菩薩，或者世間的大法師、老師依止學習，就是「皈依僧」。,https://books.masterhsingyun.org/ArticleDetail/artcle2439
rel_e4f11591780d,ent_8006dbf04156,盂蘭盆經,Classic,classic_records_person,经典记载人物,ent_62cf8ccca072,佛陀,BuddhistFigure,directed,core_usable,stable_entity_graph,true,1,1,1,1,1,single_article,佛教開始有「供僧法會」，起源於《盂蘭盆經》記載：佛陀的十大弟子「神通第一」的目犍連尊者，在禪定中見到亡母墮入餓鬼道，受無量苦，於是請示佛陀，如何令其母脫離餓鬼道苦。,https://books.masterhsingyun.org/ArticleDetail/artcle9502
rel_1dbf18422b38,ent_2a5835bf90a6,目犍連,DoctrineTerm,concept_defined_as,概念定义为,ent_88ad2efce19e,弟子,RoleTitle,directed,core_usable,stable_entity_graph,true,1,0,0,0,1,single_article,而舍利弗、目犍連就是佛陀最初的大弟子、左右手，佛法的開展與他們有很大的關係。,https://books.masterhsingyun.org/ArticleDetail/artcle1006
rel_7a77ebe4f8b7,ent_9e4cbe0e9a9d,相部,SchoolTradition,school_teaches_doctrine,宗派主张教义,ent_aa7e9012e61c,非色非心,DoctrineTerm,directed,core_usable,stable_entity_graph,true,1,0,0,0,1,single_article,相部宗依據《成實論》提倡非色非心的戒體論；,https://books.masterhsingyun.org/ArticleDetail/artcle8385
rel_0d47ef0a023b,ent_f76ae8b83972,真理,Concept,concept_defined_as,概念定义为,ent_b4d10439f17e,佛性,DoctrineTerm,directed,core_usable,stable_entity_graph,true,1,0,0,0,1,single_article,真理就是佛性，佛陀不僅在成道時說「眾生皆有佛性」，佛陀在涅槃前也講「一闡提也能成佛」（即使斷善根的人也能成佛）！,https://books.masterhsingyun.org/ArticleDetail/artcle15647
rel_da189c1ea382,ent_f76ae8b83972,真理,Concept,concept_defined_as,概念定义为,ent_e148ca0687f4,佛法,DoctrineTerm,directed,core_usable,stable_entity_graph,true,1,0,0,0,1,single_article,真理就是佛法，諸如三法印、四聖諦、十二因緣，乃至慚愧、感恩、惜福、結緣、布施、平等、慈悲、般若等都是；,https://books.masterhsingyun.org/ArticleDetail/artcle9385
rel_c9620ff348a2,ent_f76ae8b83972,真理,Concept,concept_defined_as,概念定义为,ent_61654ef63947,因緣,DoctrineTerm,directed,core_usable,stable_entity_graph,true,2,1,1,1,2,single_article,這個宇宙人生的真理，就是「緣起」、「因緣」，這個世間都是「諸法因緣生，諸法因緣滅」，緣生緣滅，是宇宙人生最微妙的關係。,https://books.masterhsingyun.org/ArticleDetail/artcle2320
rel_564b5863cbdd,ent_f76ae8b83972,真理,Concept,concept_defined_as,概念定义为,ent_fd85beeca7fa,平等,DoctrineTerm,directed,core_usable,stable_entity_graph,true,2,0,0,0,1,single_article,我覺得，世間最寶貴的就是平等，世間最高的真理也就是平等，因此我在佛光四句偈中說到：「慈悲喜捨遍法界，惜福結緣利人天，禪淨戒行平等忍，慚愧感恩大願心。」,https://books.masterhsingyun.org/ArticleDetail/artcle10029
rel_f810118ccb85,ent_f76ae8b83972,真理,Concept,concept_defined_as,概念定义为,ent_b1e217884f50,智慧,DoctrineTerm,directed,core_usable,stable_entity_graph,true,1,0,0,0,1,single_article,真理就是智慧，佛陀又稱「兩足尊」，就是福慧圓滿，兩皆具足的意思。,https://books.masterhsingyun.org/ArticleDetail/artcle9850
rel_94d9b9d9e5bc,ent_f76ae8b83972,真理,Concept,concept_defined_as,概念定义为,ent_f05ed2a8b47d,神通,DoctrineTerm,directed,core_usable,stable_entity_graph,true,2,0,0,0,1,single_article,生活中具足空無的真理，空無的真理就是神通。,https://books.masterhsingyun.org/ArticleDetail/artcle8420
rel_57965b06f762,ent_f76ae8b83972,真理,Concept,concept_defined_as,概念定义为,ent_7819a06de839,緣起,DoctrineTerm,directed,core_usable,stable_entity_graph,true,2,0,0,0,1,single_article,佛陀在菩提樹下開悟，證得的宇宙人生真理即是「緣起」。,https://books.masterhsingyun.org/ArticleDetail/artcle16754
rel_26f9714506e6,ent_f76ae8b83972,真理,Concept,concept_defined_as,概念定义为,ent_a500eb53de91,緣起法,DoctrineTerm,directed,core_usable,stable_entity_graph,true,2,0,0,0,1,single_article,歷史上之所以有解脫道與菩薩道之差異，皆是因應眾生根器的不同而給予的善巧施設，雖說佛陀一代時教有空有、無常、因果、中道、三法印、四聖諦等教法，不過都是為了詮顯緣起思想所作的方便巧說，所以貫通諸法實相的絕對真理就是緣起法。,https://books.masterhsingyun.org/ArticleDetail/artcle24161
rel_765b49ca2867,ent_f76ae8b83972,真理,Concept,concept_has_quality,概念具有属性,ent_5e277905d477,平等性,DoctrineTerm,directed,core_usable,stable_entity_graph,true,1,1,1,1,1,single_article,關於生命教育，大師說：「生命和真理相應，真理必須具有普遍性、必然性、平等性，一切有為法都會變化，故無常也是真理，要透過教育讓生命昇華。」,https://books.masterhsingyun.org/ArticleDetail/artcle18709
rel_2c318a351d15,ent_f76ae8b83972,真理,Concept,concept_has_subconcept,概念包含下位概念,ent_9a09ad0a2d77,無常,DoctrineTerm,directed,core_usable,stable_entity_graph,true,1,1,1,1,1,single_article,關於生命教育，大師說：「生命和真理相應，真理必須具有普遍性、必然性、平等性，一切有為法都會變化，故無常也是真理，要透過教育讓生命昇華。」,https://books.masterhsingyun.org/ArticleDetail/artcle18709
rel_4383aab4f871,ent_f76ae8b83972,真理,Concept,returns_to_origin_or_continues_spirit,回归源头或延续精神,ent_fd85beeca7fa,平等,DoctrineTerm,directed,core_usable,stable_entity_graph,true,1,0,0,0,1,single_article,真理是從千差萬別的現象，又回歸於平等之處。,https://books.masterhsingyun.org/ArticleDetail/artcle13208
rel_bea41474a7ec,ent_b7244e7b1b31,知足,DoctrineTerm,concept_defined_as,概念定义为,ent_a7cfd930b34d,圓滿,DoctrineTerm,directed,core_usable,stable_entity_graph,true,2,0,0,0,1,single_article,在充滿缺陷而不圓滿的人間，我們應該尋求精神世界的圓滿、悟道世界的圓滿、信仰世界的圓滿，例如：認分就是圓滿，知足就是圓滿，接受就是圓滿，包容就是圓滿。,https://books.masterhsingyun.org/ArticleDetail/artcle691
rel_1fa2048b355f,ent_932ce5962a37,示教利喜,Concept,concept_defined_as,概念定义为,ent_bd68ae54ea00,修行,PracticeActivity,directed,core_usable,stable_entity_graph,true,1,1,1,1,1,single_article,太虛大師是我最景仰的人。⟂S⟂他提倡人生佛教，主張教理革命、教制革命、教產革命，適合現代佛教的需要。⟂S⟂我之所以提倡人間佛教，乃遵照佛陀一代時教，以人間佛教為訴求的原則以及太虛大師「人成即佛成」的理想，實踐六祖「佛法世間覺」的主張，回歸佛陀佛法在人間完成的本懷。⟂S⟂我們不需離世求道，在世俗人間，講經弘法是修行，服務大眾是修行，福國利民是修行，五戒十善是修行，正見正信是修行，結緣布施是修行，慈悲喜捨是修行，四弘誓願是修行。⟂S⟂人間的佛陀不捨棄一個眾生，人間的佛教不捨棄任何世法，行住坐臥、揚眉瞬目、舉心動念、示教利喜，都是修行。⟂S⟂為什麼要捨棄人間佛教，而學習不食人間煙火的道家仙術，才叫做「修行」呢？⟂S⟂學佛不一定要放棄現生福樂，去追求來世的安樂，人間佛教重視的是人與人之間的和諧，現實生活的美滿與福德。,https://books.masterhsingyun.org/ArticleDetail/artcle8392
rel_d6681891ab3a,ent_932ce5962a37,示教利喜,Concept,doctrinal_entails,义理论证推出,ent_6475d71f00be,佛道,DoctrineTerm,directed,core_usable,stable_entity_graph,true,1,1,1,1,1,single_article,有人問：「釋迦牟尼佛為什麼不生到其他佛國淨土，偏要生到這多苦多難的娑婆世界？」⟂S⟂本經強調「佛為一大事因緣出現世間」，就是為了對娑婆世界的眾生「示教利喜」，意即開示、教導一切眾生，能夠成就佛道；,https://books.masterhsingyun.org/ArticleDetail/artcle9900
rel_69e6968ae0dd,ent_932ce5962a37,示教利喜,Concept,doctrinal_entails,义理论证推出,ent_d529cd4c1c62,悟入,DoctrineTerm,directed,core_usable,stable_entity_graph,true,2,2,2,1,2,multi_article,佛教教主釋迦牟尼佛為一大事因緣降誕於人間，目的是為了「示教利喜」，令眾生悟入佛的知見，得以離苦得樂。⟂S⟂因此，當初佛陀在印度席不暇暖，沿著恆河流域走遍瞻部洲十六王國，說法不倦，為教化人間社會，應眾生根機的不同，開演出八萬四千契理契機的佛法。,https://books.masterhsingyun.org/ArticleDetail/artcle24721
rel_cbac137f42d0,ent_cac49a61a507,禮拜,PracticeActivity,activity_occurs_at_place,活动发生于地点,ent_a17c0cf56097,泰國,PlaceRealm,directed,core_usable,stable_entity_graph,true,1,1,1,1,1,single_article,4.四月八日佛誕節，佛牙舍利在泰國全民虔誠禮拜儀式中，由藏密貢噶多傑仁波切親手致贈，由我代表接受。,https://books.masterhsingyun.org/ArticleDetail/artcle7202
rel_f61d9c944689,ent_cac49a61a507,禮拜,PracticeActivity,practice_honors_entity,实践礼敬或赞叹对象,ent_2690856df9d0,佛牙,RitualObject,directed,core_usable,stable_entity_graph,true,3,2,2,2,3,multi_article,由於四月八日適逢佛誕節，應泰國佛教界禮請，祈安法會結束後，佛牙舍利再被迎請至世佛會所在地皇后公園，供泰國全民瞻仰禮拜。⟂S⟂翌日，亦即四月九日下午二點三十分，佛牙舍利終於回到台灣。,https://books.masterhsingyun.org/ArticleDetail/artcle9058
rel_44fd985bf58e,ent_cac49a61a507,禮拜,PracticeActivity,practice_honors_entity,实践礼敬或赞叹对象,ent_62cf8ccca072,佛陀,BuddhistFigure,directed,core_usable,stable_entity_graph,true,1,1,1,1,1,single_article,般若智慧就是我們的「心真如門」，般若不是談玄說妙，要表現在生活行儀上，成為人間慧用，才有意義。⟂S⟂當初佛陀在靈山會上拈花，迦葉破顏微笑，師徒印心，禪於是成為人間的一道光明；⟂S⟂佛陀成道前，放下苦行，接受牧羊女的供養，五比丘相約不理睬佛陀，但是當他們見到成道後的佛陀，被佛陀的威儀攝受，忍不住跪地禮拜，並且再度隨侍佛陀，於是成為佛教「最初的僧寶」。⟂S⟂佛陀的行儀度化，就是人間的慧用。,https://books.masterhsingyun.org/ArticleDetail/artcle430
rel_1ba365aedd98,ent_cac49a61a507,禮拜,PracticeActivity,practice_honors_entity,实践礼敬或赞叹对象,ent_94f148d3945e,妙慧,BuddhistFigure,directed,core_usable,stable_entity_graph,true,1,1,1,1,1,single_article,佛陀時代，維摩居士不是到處講經傳道，佛陀不也一再讚歎他能助佛宣教嗎？⟂S⟂甚至他還曾經藉由「示疾說法」，大大的教訓了許多的二乘羅漢。⟂S⟂另外，勝鬘夫人雖是一名女性，但他講經傳道，度化兒童，《勝鬘夫人經》不是一直到現在還流傳於世嗎？⟂S⟂甚至《妙慧童女經》裡，八歲的童女妙慧，連文殊菩薩都向他禮拜，尊他為老師。⟂S⟂為什麼佛世的在家信眾，白衣可以上座，反而是到了當今，白衣上座就是末法時代呢？,https://books.masterhsingyun.org/ArticleDetail/artcle9445
rel_8428b0e8a236,ent_cac49a61a507,禮拜,PracticeActivity,practice_honors_entity,实践礼敬或赞叹对象,ent_59739e05c9e6,觀世音菩薩,BuddhistFigure,directed,core_usable,stable_entity_graph,true,2,1,1,1,2,single_article,第四、以結緣來交友：大慈大悲的觀世音菩薩，三十二應化身，常為眾生作「不請之友」。⟂S⟂所以，人民將最好的廳堂用來供奉觀世音菩薩，稱念觀音菩薩的聖號，禮拜觀音菩薩的聖容，皆因觀世音菩薩廣結善緣。⟂S⟂我們也要學習觀世音菩薩的精神，不必等到別人有求於我，我就能主動去關懷眾生，儘量滿足大眾的需求。⟂S⟂在生活中，隨手布施、隨口讚歎、隨心祝福、隨意結緣，都可聚沙成塔，成就無邊的功德善緣，結交無量的善友。,https://books.masterhsingyun.org/ArticleDetail/artcle6386
rel_b331cf41bd55,ent_816fe57f3e38,祈願,PracticeActivity,concept_defined_as,概念定义为,ent_bd68ae54ea00,修行,PracticeActivity,directed,core_usable,stable_entity_graph,true,1,0,0,0,1,single_article,答：祈願就是一種修行。,https://books.masterhsingyun.org/ArticleDetail/artcle2399
rel_4cf169464950,ent_816fe57f3e38,祈願,PracticeActivity,practice_aims_at_doctrinal_state,实践趋向教义境界,ent_e7ba1be4785d,安樂,Concept,directed,core_usable,stable_entity_graph,true,2,2,2,2,2,multi_article,他有時也以「同事攝」現身說法，說明自己最初是從發願為自己祈求智慧、信心、力量開始，慢慢進步到為父母師友乃至一切有緣人祈願事業順利、福慧圓滿，進而祈求國家富強、社會安樂、世界和平、眾生得度。⟂S⟂五十歲以後更覺得「學佛應該是效法諸佛菩薩『代眾受苦，難行能行』的精神，為什麼自己卻總是祈求諸佛菩薩做這做那？」⟂S⟂從此以後，他開始向諸佛菩薩做如是告白：「慈悲偉大的觀世音菩薩！⟂S⟂請讓我來負擔天下眾生的業障苦難，請讓我來承受世間人情的辛酸冷暖，請讓我來延續實踐佛陀的大慈大悲，請讓我來學習如來世尊的示教利喜。」⟂S⟂他以此勉勵大家「發願也如讀書，要不斷升級，剛開始只發小小的願不妨，但漸漸的要發大願，要讓願力不斷昇華」（〈願心的昇華〉，《往事百語》）。⟂S⟂他更希望佛光人要從「信佛」、「拜佛」、「求佛」、「學佛」，昇華為「行佛」；⟂S⟂能夠「行佛所行」，才是信仰的真義，能夠「做佛所做」，就是人間佛教的實踐。⟂S⟂（佛光會理監事會議開示）,https://books.masterhsingyun.org/ArticleDetail/artcle15681
rel_22b564612316,ent_816fe57f3e38,祈願,PracticeActivity,practice_has_benefit,实践产生利益或功德,ent_37673e1464e9,信心,DoctrineTerm,directed,core_usable,stable_entity_graph,true,1,1,1,1,1,single_article,大師寫作《佛光祈願文》最初是為了讓在家信徒容易修行，因此他把每一篇祈願文設定在四、五分鐘就能讀完，希望大家每天不拘什麼時候，或者早上、晚間各誦一篇，為各種行業、不同境遇的人祈願祝福，「藉以自我昇華信心、增進慈悲道德，能和諸佛菩薩交流，體會社會大眾的需要。」,https://books.masterhsingyun.org/ArticleDetail/artcle24282
rel_ffb22d32bcf3,ent_0b2e6e9daabf,禪,DoctrineTerm,concept_defined_as,概念定义为,ent_a6b94c65c717,人間佛教,Concept,directed,core_usable,stable_entity_graph,true,1,0,0,0,1,single_article,說穿了，禪就是人間佛教。,https://books.masterhsingyun.org/ArticleDetail/artcle655
rel_a814d9b2db6b,ent_0b2e6e9daabf,禪,DoctrineTerm,concept_defined_as,概念定义为,ent_b4d10439f17e,佛性,DoctrineTerm,directed,core_usable,stable_entity_graph,true,4,0,0,0,1,single_article,禪不是出家人的專利，也不是只有深山古剎裡的老和尚才參禪入定，因為禪就是佛性，所以人人都可以參禪。,https://books.masterhsingyun.org/ArticleDetail/artcle43
rel_b4d92e318c53,ent_0b2e6e9daabf,禪,DoctrineTerm,concept_defined_as,概念定义为,ent_86900e4a696c,淨土,DoctrineTerm,directed,core_usable,stable_entity_graph,true,2,0,0,0,1,single_article,把自己安住在「禪」的裡面，禪就是我的淨土。,https://books.masterhsingyun.org/ArticleDetail/artcle9819
rel_cf9843822f86,ent_0b2e6e9daabf,禪,DoctrineTerm,concept_defined_as,概念定义为,ent_fd85beeca7fa,平等,DoctrineTerm,directed,core_usable,stable_entity_graph,true,3,0,0,0,1,single_article,禪就是平等，對別人人格懂得尊重者，才能參禪。,https://books.masterhsingyun.org/ArticleDetail/artcle15313
rel_b97dfaa6fb63,ent_0b2e6e9daabf,禪,DoctrineTerm,concept_defined_as,概念定义为,ent_f07e7e4ea771,開悟,PracticeActivity,directed,core_usable,stable_entity_graph,true,3,0,0,0,1,single_article,禪就是開悟，只要一開悟，生死的邊緣沒有生死，寒暑的時候沒有冷熱，榮辱的當頭感覺平常，生活中處處都有禪悅法喜，這就是禪者的自在解脫。,https://books.masterhsingyun.org/ArticleDetail/artcle656
rel_e49df6845d79,ent_0b2e6e9daabf,禪,DoctrineTerm,concept_defined_as,概念定义为,ent_0fc4087bb731,放下,PracticeActivity,directed,core_usable,stable_entity_graph,true,2,2,2,2,2,multi_article,禪，不是口上說，不是心裡思，不是意中想，而是這一切的完全放下。,https://books.masterhsingyun.org/ArticleDetail/artcle3440
rel_c1730860416a,ent_0b2e6e9daabf,禪,DoctrineTerm,concept_defined_as,概念定义为,ent_2a947d66f56d,教育,Concept,directed,core_usable,stable_entity_graph,true,2,0,0,0,1,single_article,禪，就是自我的教育。,https://books.masterhsingyun.org/ArticleDetail/artcle655
rel_5d541b2b20bd,ent_0b2e6e9daabf,禪,DoctrineTerm,concept_defined_as,概念定义为,ent_b1e217884f50,智慧,DoctrineTerm,directed,core_usable,stable_entity_graph,true,2,0,0,0,1,single_article,禪，就是智慧，就是靈巧，就是活用，就是幽默，就是慈悲。,https://books.masterhsingyun.org/ArticleDetail/artcle423
rel_a97d840e5395,ent_0b2e6e9daabf,禪,DoctrineTerm,concept_defined_as,概念定义为,ent_85741f590903,自覺,DoctrineTerm,directed,core_usable,stable_entity_graph,true,1,0,0,0,1,single_article,禪就是自覺、是生活、是自然、是空無。,https://books.masterhsingyun.org/ArticleDetail/artcle423
rel_f1be699ad046,ent_0b2e6e9daabf,禪,DoctrineTerm,returns_to_origin_or_continues_spirit,回归源头或延续精神,ent_7218629ab8b8,自性,DoctrineTerm,directed,core_usable,stable_entity_graph,true,1,0,0,0,1,single_article,*321大師以簡練、深刻的文字，指明佛教行門三大系統的內涵：禪是根本，回歸自性；,https://books.masterhsingyun.org/ArticleDetail/artcle24093
rel_ddd0c646793e,ent_c9bd6ff83e85,禪和子,DoctrineTerm,concept_defined_as,概念定义为,ent_e819b0db87f6,禪心,DoctrineTerm,directed,core_usable,stable_entity_graph,true,1,0,0,0,1,single_article,所以「禪和子」，就是和諧的禪心。,https://books.masterhsingyun.org/ArticleDetail/artcle16001
rel_b047a56f81af,ent_e79c74714a28,禪坐,PracticeActivity,activity_occurs_at_place,活动发生于地点,ent_51d7657ca696,佛光山,Institution,directed,core_usable,stable_entity_graph,true,1,1,1,1,1,single_article,人類文明、經濟等各方面的進步，女性撐起了一片藍天。⟂S⟂為了提升各行各業的優秀女性人才，使其心靈、精神更為開闊，一九九四年九月，佛光山創辦了「勝鬘書院」，取佛教傑出女性勝鬘夫人為楷模，女眾也能展現智慧，不讓鬚眉。⟂S⟂招收社會一般中青年女性，四個月為一期，兩個月在佛光山密集學習佛教教理及佛門行儀，以及抄經、禪坐、作務等行門修持；⟂S⟂兩個月至佛光山世界各分別院，體驗異國文化風俗、歷史背景，既讀萬卷書，更行萬里路，拓展國際視野。⟂S⟂結業後，依個人性向、興趣，可選擇在佛光山各種佛教事業單位實習服務，做萬種事，結萬種緣。,https://books.masterhsingyun.org/ArticleDetail/artcle17976
rel_fbf53eeed309,ent_aced17a925ae,禪宗,SchoolTradition,doctrine_flourishes_at_place,教义兴盛于地点,ent_e5cc7b4be7db,中國,PlaceRealm,directed,core_usable,stable_entity_graph,true,1,1,1,1,1,single_article,禪宗的「禪」，溯源自印度釋迦牟尼佛於靈山會上的「拈花微笑」，發揚光大於中國唐朝的惠能大師「直指人心，見性成佛」的「頓悟禪」，由此逐漸形成為「五家七宗」的龐大宗派──禪宗。⟂S⟂其後再陸續傳到日本、韓國、越南，乃至近代普遍傳至歐、美、澳、非等世界各地。,https://books.masterhsingyun.org/ArticleDetail/artcle6648
rel_708b11701627,ent_aced17a925ae,禪宗,SchoolTradition,doctrine_transmitted_to_place,教义传播至地点,ent_b8f9800f633a,日本,PlaceRealm,directed,core_usable,stable_entity_graph,true,1,1,1,1,1,single_article,禪宗的「禪」，溯源自印度釋迦牟尼佛於靈山會上的「拈花微笑」，發揚光大於中國唐朝的惠能大師「直指人心，見性成佛」的「頓悟禪」，由此逐漸形成為「五家七宗」的龐大宗派──禪宗。⟂S⟂其後再陸續傳到日本、韓國、越南，乃至近代普遍傳至歐、美、澳、非等世界各地。,https://books.masterhsingyun.org/ArticleDetail/artcle6648
rel_ebc7a73e3975,ent_aced17a925ae,禪宗,SchoolTradition,doctrine_transmitted_to_place,教义传播至地点,ent_2ea9c381a601,韓國,PlaceRealm,directed,core_usable,stable_entity_graph,true,3,1,1,1,2,single_article,*8最早將禪宗傳入韓國的是法朗及其門人信行（七○四～七七九）。,https://books.masterhsingyun.org/ArticleDetail/artcle8770
rel_d82fc9df7a27,ent_aced17a925ae,禪宗,SchoolTradition,doctrine_transmitted_to_place,教义传播至地点,ent_25e080f752a1,越南,PlaceRealm,directed,core_usable,stable_entity_graph,true,1,1,1,1,1,single_article,禪宗的「禪」，溯源自印度釋迦牟尼佛於靈山會上的「拈花微笑」，發揚光大於中國唐朝的惠能大師「直指人心，見性成佛」的「頓悟禪」，由此逐漸形成為「五家七宗」的龐大宗派──禪宗。⟂S⟂其後再陸續傳到日本、韓國、越南，乃至近代普遍傳至歐、美、澳、非等世界各地。,https://books.masterhsingyun.org/ArticleDetail/artcle6648
rel_b1ea105738c8,ent_aced17a925ae,禪宗,SchoolTradition,returns_to_origin_or_continues_spirit,回归源头或延续精神,ent_62cf8ccca072,佛陀,BuddhistFigure,directed,core_usable,stable_entity_graph,true,1,1,1,1,1,single_article,這是《五燈會元》裡載錄的一則著名公案─拈花微笑，說明禪宗衣缽傳承，是根源自靈山會上佛陀傳法給摩訶迦葉。,https://books.masterhsingyun.org/ArticleDetail/artcle43
rel_f3cffb644ed7,ent_aced17a925ae,禪宗,SchoolTradition,school_has_founder_or_ancestor,宗派具有创始人或祖师,ent_f9ee2a341883,六祖惠能,Person,directed,core_usable,stable_entity_graph,true,2,2,2,2,2,multi_article,此種傳承溯自靈山會上佛陀將正法眼藏付囑摩訶迦葉，之後西天二十八祖，一直到中國六祖，都是衣缽相傳。⟂S⟂然而到了唐朝咸亨二年（六七一），五祖弘忍（六○二～六七五）授記惠能為禪宗第六代祖師時，特別囑咐惠能，此後不必再傳衣缽，因此在六祖惠能大師（六三八～七一三）臨入涅槃時，弟子法海問：「和尚入滅之後，衣法當付何人？」,https://books.masterhsingyun.org/ArticleDetail/artcle17985
rel_89e3659377b7,ent_aced17a925ae,禪宗,SchoolTradition,school_has_founder_or_ancestor,宗派具有创始人或祖师,ent_2b2ae6bc9d94,菩提達摩,BuddhistFigure,directed,core_usable,stable_entity_graph,true,1,1,1,1,1,single_article,這是《五燈會元》裡載錄的一則著名公案─拈花微笑，說明禪宗衣缽傳承，是根源自靈山會上佛陀傳法給摩訶迦葉。⟂S⟂之後歷經各時代的傳承，至二十八祖菩提達摩東來，播下禪的種子，為東土禪宗初祖。⟂S⟂此後五傳至弘忍，其下六祖惠能，南宗巍然卓立，波瀾壯闊，大放異彩，開演為五家七宗，應驗了達摩祖師「一花開五葉，結果自然成」的預言，也奠定了隋唐禪學的黃金時代。,https://books.masterhsingyun.org/ArticleDetail/artcle43
rel_714fcc33b707,ent_aced17a925ae,禪宗,SchoolTradition,school_has_founder_or_ancestor,宗派具有创始人或祖师,ent_e5ca672ab120,大迦葉,BuddhistFigure,directed,core_usable,stable_entity_graph,true,1,1,1,1,1,single_article,佛陀十大弟子中，大迦葉尊者居上首。⟂S⟂靈山會上，梵天王持金色波羅花獻佛請法，佛陀拈花示眾，與會百萬人天均不明所以，唯有大迦葉心領神會，破顏微笑，佛陀遂開口道：「我有正法眼藏、涅槃妙心，已咐囑摩訶迦葉。」⟂S⟂禪宗以心印心的公案，由此流傳兩千五百年，尊奉大迦葉為「西天第一代祖師」。,https://books.masterhsingyun.org/ArticleDetail/artcle2569
rel_637981750778,ent_aced17a925ae,禪宗,SchoolTradition,school_has_subtradition,宗派包含支派,ent_8fe2d2e07895,五家七宗,SchoolTradition,directed,core_usable,stable_entity_graph,true,2,2,2,1,2,multi_article,禪宗的「禪」，溯源自印度釋迦牟尼佛於靈山會上的「拈花微笑」，發揚光大於中國唐朝的惠能大師「直指人心，見性成佛」的「頓悟禪」，由此逐漸形成為「五家七宗」的龐大宗派──禪宗。,https://books.masterhsingyun.org/ArticleDetail/artcle8766
rel_da6610180af5,ent_aced17a925ae,禪宗,SchoolTradition,school_teaches_doctrine,宗派主张教义,ent_860bf9704fd4,不立文字,Concept,directed,core_usable,stable_entity_graph,true,3,0,0,0,1,single_article,所以禪宗主張「不立文字」，六祖大師甚至說「諸佛妙理，非關文字」。,https://books.masterhsingyun.org/ArticleDetail/artcle141
rel_2c7346c3d496,ent_aced17a925ae,禪宗,SchoolTradition,school_teaches_doctrine,宗派主张教义,ent_ac5281c55c40,教外別傳,Classic,directed,core_usable,stable_entity_graph,true,1,0,0,0,1,single_article,主張教外別傳、不立文字的禪宗則稱宗下、宗門。,https://books.masterhsingyun.org/ArticleDetail/artcle4005
rel_4a4586a82976,ent_aced17a925ae,禪宗,SchoolTradition,school_teaches_doctrine,宗派主张教义,ent_3a0f69046814,禪法,DoctrineTerm,directed,core_usable,stable_entity_graph,true,1,1,1,1,1,single_article,因為禪宗主張揚眉瞬目、搬柴運水，都是禪法；⟂S⟂《六祖壇經》更提出質疑：「此土念佛，求生西方；⟂S⟂西方念佛，欲生何處？」⟂S⟂因此我國初期禪宗的寺院，都只有法堂和僧舍，而無佛殿（見《禪宗全書》）；⟂S⟂禪宗大德更有「聞念佛聲，飭人以水洗禪堂」，「念佛一句，漱口三日」之說。⟂S⟂甚至有「佛之一字，吾不喜聞」，以及「不作佛求、不作法求、不作僧求」等嘲諷淨土之語（見《景德傳燈錄》），讓淨土行者深深不以為然，所以也引起淨土人士對禪宗提出反擊。⟂S⟂例如慈愍大師撰文，批評禪林空腹高心，執理廢事（見《佛祖統記》）；⟂S⟂認為禪宗的修行者狂妄傲慢，訶佛罵祖，偏見執著，沒有宗教情操。⟂S⟂又說禪者的修行容易走火入魔，不如淨土三根普被、廣大易行（見《淨土全書》）；⟂S⟂支持淨土的行人，讚美念佛可以帶業往生、一生成就（印光大師語）。⟂S⟂於是禪淨互相詆毀，互相批評，彼此勢如水火，更加互不相容了。,https://books.masterhsingyun.org/ArticleDetail/artcle674
rel_a43b28ef91ce,ent_093d3d337558,禪定,PracticeActivity,doctrinal_entails,义理论证推出,ent_e7ba1be4785d,安樂,Concept,directed,core_usable,stable_entity_graph,true,1,1,1,1,1,single_article,《華嚴經》云：「常樂柔和忍辱法，安住慈悲喜捨中。」⟂S⟂如果我們能有禪定的智慧力，把自己安住在無上深妙的真理，而能不為「財」動、不為「情」動、不為「名」動、不為「謗」動、不為「苦」動、不為「難」動、不為「利」動、不為「氣」動……則儘管世界上好好壞壞，只要我不動心，即使身處汙泥，也能長出淨蓮。⟂S⟂所以，人生最重要的是，要把自己的身心安住在「寂靜」的「禪定」裡，過著「禪者」的生活，這才是最安樂的生活，這也就是禪的最大妙用了。,https://books.masterhsingyun.org/ArticleDetail/artcle423
rel_9ebe799b727f,ent_093d3d337558,禪定,PracticeActivity,practice_aims_at_doctrinal_state,实践趋向教义境界,ent_e7ba1be4785d,安樂,Concept,directed,core_usable,stable_entity_graph,true,1,1,1,1,1,single_article,如果我們能有禪定的智慧力，把自己安住在無上深妙的真理，而能不為「財」動、不為「情」動、不為「名」動、不為「謗」動、不為「苦」動、不為「難」動、不為「利」動、不為「氣」動……則儘管世界上好好壞壞，只要我不動心，即使身處汙泥，也能長出淨蓮。⟂S⟂所以，人生最重要的是，要把自己的身心安住在「寂靜」的「禪定」裡，過著「禪者」的生活，這才是最安樂的生活，這也就是禪的最大妙用了。,https://books.masterhsingyun.org/ArticleDetail/artcle423
rel_ab5e64de24a3,ent_093d3d337558,禪定,PracticeActivity,practice_aims_at_doctrinal_state,实践趋向教义境界,ent_c84e07b0932e,成佛,Concept,directed,core_usable,stable_entity_graph,true,1,0,0,0,1,single_article,禪定是成佛的要津。,https://books.masterhsingyun.org/ArticleDetail/artcle787
rel_fed383143a0a,ent_e819b0db87f6,禪心,DoctrineTerm,concept_defined_as,概念定义为,ent_e0b734c12d0d,人我,DoctrineTerm,directed,core_usable,stable_entity_graph,true,1,0,0,0,1,single_article,什麼是禪心呢？ ⟂S⟂ 就是無人我，不計較，不執著。,https://books.masterhsingyun.org/ArticleDetail/artcle14011
rel_177d6813e514,ent_e819b0db87f6,禪心,DoctrineTerm,concept_defined_as,概念定义为,ent_d3e26d33b46f,大眾,Group,directed,core_usable,stable_entity_graph,true,1,0,0,0,1,single_article,1.禪心就是大眾：「禪」是大眾，是我們自己；,https://books.masterhsingyun.org/ArticleDetail/artcle15324
rel_f537cdbbcee6,ent_3a0f69046814,禪法,DoctrineTerm,concept_defined_as,概念定义为,ent_860bf9704fd4,不立文字,Concept,directed,core_usable,stable_entity_graph,true,1,1,1,1,1,single_article,佛教裡，有許多法義僧，都認為要弘揚佛法。⟂S⟂其實，禪者也弘揚佛法，但他不一定用語言文字。⟂S⟂有時他揚眉瞬目，挑柴擔水，開墾田地，甚至遊山玩水，都是在說法。⟂S⟂如同佛陀當初所說：我說法四十九年，談經三百餘會，其實未說一字，因為真理不可說也。⟂S⟂所以，在靈山會上，佛陀明示禪法是不立文字，直指人心。⟂S⟂惟政禪師所表現的禪意，可說真正把佛的心意做一個說明了。,https://books.masterhsingyun.org/ArticleDetail/artcle6457
rel_9c1c0be29c8a,ent_3a0f69046814,禪法,DoctrineTerm,concept_named_as,概念命名为,ent_cb67679544bd,東山法門,SchoolTradition,directed,core_usable,stable_entity_graph,true,1,0,0,0,1,single_article,得法的弘忍，在道信示寂後，定居於黃梅雙峰山東面的馮茂山，所以弘忍的禪法被時人稱為「東山法門」，親近學習者千人有餘，法席隆盛。,https://books.masterhsingyun.org/ArticleDetail/artcle6649
rel_2457cb15b451,ent_3a0f69046814,禪法,DoctrineTerm,concept_named_as,概念命名为,ent_9376ef468dea,臨濟宗,SchoolTradition,directed,core_usable,stable_entity_graph,true,1,0,0,0,1,single_article,在禪宗史上，黃檗希運禪師和臨濟義玄禪師傳承的禪法，叫做臨濟宗；,https://books.masterhsingyun.org/ArticleDetail/artcle6462
rel_fd82eac44b14,ent_3a0f69046814,禪法,DoctrineTerm,doctrine_transmitted_to_place,教义传播至地点,ent_e5cc7b4be7db,中國,PlaceRealm,directed,core_usable,stable_entity_graph,true,1,1,1,1,1,single_article,「禪」起源於印度，原意是靜坐斂心、正思審慮，以達到定慧均等的狀態。⟂S⟂在佛陀之前，印度就有以「生天」為目的的坐禪思想；⟂S⟂到佛陀時，才展開遠離苦樂兩邊，以達中道涅槃為目的的禪。⟂S⟂從此以後，印度佛教的禪觀思想漸次發達，並產生無數的禪經。⟂S⟂隨著佛典的傳譯，在東漢末年，禪法已傳入中國，只是在初期時，大多是小乘的禪觀思想。⟂S⟂東晉鳩摩羅什以後，介紹各種禪法，而以念佛法門為主。⟂S⟂直到劉宋求那跋陀羅譯出四卷《楞伽經》，經中所說的四種禪法，激發了當時的習禪者另闢途徑，肇啟了菩提達摩的「如來自性清淨禪」。⟂S⟂達摩之後的慧可、僧璨，都被稱為楞伽師，道信於「楞伽禪」，吸收般若思想，依《文殊師利所說摩訶般若波羅蜜經》一行三昧，制立卓越的安心方便；⟂S⟂弘忍一面講《楞伽經》，另一面亦開講《金剛經》；⟂S⟂到六祖惠能，則以《金剛經》為正宗。,https://books.masterhsingyun.org/ArticleDetail/artcle8385
rel_f9af849afcd1,ent_4bc0644482e1,禪門,SchoolTradition,school_teaches_doctrine,宗派主张教义,ent_ab735cd03284,即心即佛,DoctrineTerm,directed,core_usable,stable_entity_graph,true,1,1,1,1,1,single_article,禪門的思想，本來就是無佛無主，即心即佛。⟂S⟂一個已經功成名就的老師，在學生面前自承說「我不如你」，可見馬祖道一禪師修養之高。⟂S⟂所謂「吾愛吾師，吾更愛真理」，師徒，在名分上是有師門的倫理，但在法性上則有不同的看法。⟂S⟂馬祖道一禪師的一句「我不如你」，正是所謂「心佛眾生，三無差別，一切諸佛，諸法平等」，已道盡了真理。,https://books.masterhsingyun.org/ArticleDetail/artcle6485
rel_ebfc403a6ea5,ent_4bc0644482e1,禪門,SchoolTradition,school_teaches_doctrine,宗派主张教义,ent_85741f590903,自覺,DoctrineTerm,directed,core_usable,stable_entity_graph,true,1,1,1,1,1,single_article,在中國的禪門，一直都很著重「自覺」，凡事要靠自己去參，不能說破。⟂S⟂當初佛陀在靈山會上「拈花示眾」，迦葉尊者靈犀相應，破顏而笑，於是佛陀把「正法眼藏，涅槃妙心；⟂S⟂實相無相，微妙法門；⟂S⟂不立文字，教外別傳，付囑摩訶迦葉」。⟂S⟂禪，因此就在「拈花微笑」、師徒心意相契的剎那之間流傳下來，這就是「自覺」。,https://books.masterhsingyun.org/ArticleDetail/artcle3798
rel_9bd5945cd993,ent_6deef676b2d3,福德,DoctrineTerm,concept_has_quality,概念具有属性,ent_03c937f6582b,不可思議,DoctrineTerm,directed,core_usable,stable_entity_graph,true,2,1,1,1,2,single_article,《首楞嚴三昧經》曾經提到菩薩有二十種不可思議：福德不可思議、智不可思議、慧不可思議、方便不可思議、辯才不可思議、法明不可思議、總持不可思議、法門不可思議、憶念隨義不可思議、諸神通力不可思議、分別眾生諸所語言不可思議、深解眾生心之所樂不可思議、得見諸佛不可思議、所聞諸法不可思議、教化眾生不可思議、自在三昧不可思議、成就眾生不可思議、形式最妙不可思議、修治諸波羅蜜不可思議、得不退轉不可思議。⟂S⟂師父一生的思想行蹟，有許多超乎常人的地方，高瞻遠矚，見人所未見，不可以俗情世知去忖度他，不可思議是最好的形容。⟂S⟂譬如師父的無礙辯才，契機契理，理事圓融，如實的法音，廣長的妙舌，帶給聽眾多少的法喜與信心！⟂S⟂師父度眾的權巧方便，破銅爛鐵到了他那大冶洪爐，都會熬煉成繞指精鋼；⟂S⟂再駑鈍的驢馬，經過他的細心調教，都會變成日馳千里的神駒駿騎；⟂S⟂再頑劣的闡提眾生，接受他的慈悲攝受，都有成聖希賢的地方，在於他的平實、平常、平易，師父把精微深奧的佛法落實於生活，扎根於人間。⟂S⟂師父的偉大，給人的是一種和風煦日的舒適，而不是灼熱高峻的不可親近。,https://books.masterhsingyun.org/ArticleDetail/artcle17421
rel_282fe241ce4f,ent_6deef676b2d3,福德,DoctrineTerm,concept_has_quality,概念具有属性,ent_655d8b1fda76,性空,DoctrineTerm,directed,core_usable,stable_entity_graph,true,1,1,1,1,1,single_article,然而因緣所生法，實無有自性，並沒有個實在的福德之性！⟂S⟂因此，菩薩在布施時，不執著「福德相」，知福德性空，心無希求染著，這樣無為的法性功德，才是盡虛空，遍法界，無可限量的。,https://books.masterhsingyun.org/ArticleDetail/artcle891
rel_1f48eb234b23,ent_6deef676b2d3,福德,DoctrineTerm,concept_is_foundation_of,概念构成另一概念或实践的基础,ent_d90879de5b44,菩提,DoctrineTerm,directed,core_usable,stable_entity_graph,true,1,1,1,1,1,single_article,爾時，其師報言：「菩提者，即是菩薩之所修集四無量藏，所謂無盡福德藏、無盡智藏、無盡慧藏、無盡佛法和合藏，是名菩提。⟂S⟂如佛所說：助菩提法，所謂攝取清淨度生死法門。⟂S⟂善男子！⟂S⟂捨財是助菩提法，調伏眾生故；⟂S⟂持戒是助菩提法，隨其所願，得成就故；⟂S⟂忍辱是助菩提法，三十二相八十隨形好具足故；⟂S⟂精進是助菩提法，具足一切諸事故；⟂S⟂禪定是助菩提法，其心當得善調伏故；⟂S⟂智慧是助菩提法，知一切諸煩惱故；⟂S⟂多聞是助菩提法，得無礙辨故；⟂S⟂福德是助菩提法，一切眾生之所須故；⟂S⟂思惟是助菩提法，成就斷疑故；⟂S⟂慈心是助菩提法，成就無礙心故；⟂S⟂悲心是助菩提法，教化眾生無厭足故；⟂S⟂喜心是助菩提法，於正法中生愛樂故；⟂S⟂捨心是助菩提法，成就斷於愛憎故；⟂S⟂聽法是助菩提法，成就滅五蓋故；⟂S⟂出世是助菩提法，捨除一切世間故；⟂S⟂阿蘭若是助菩提法，滅不善業故；⟂S⟂隨喜是助菩提法，增長善根故；⟂S⟂念處是助菩提法，分別身受心法成就故；⟂S⟂正勤是助菩提法，離一切不善法，行一切善法故；⟂S⟂如意足是助菩提法，成就身心輕利故；⟂S⟂諸根是助菩提法，摧滅一切煩惱故；⟂S⟂覺是助菩提法，覺如實法故；⟂S⟂六和是助菩提法，調伏眾生，令清淨故，是名攝取清淨度生死法門。⟂S⟂如是修行，即繫念得菩提也。⟂S⟂如是等菩提心，今應生欲，是道清淨，是道無漏，是道正直，是安穩，汝等應當專心，作大誓願，取莊嚴佛土，隨意所求。」,https://books.masterhsingyun.org/ArticleDetail/artcle8880
rel_f50fde0547df,ent_775e6b725203,福報,Concept,concept_defined_as,概念定义为,ent_0039c8661a80,善緣,Concept,directed,core_usable,stable_entity_graph,true,1,0,0,0,1,single_article,其實，所謂福報就是廣結善緣。,https://books.masterhsingyun.org/ArticleDetail/artcle6671
rel_d984e20b067d,ent_68d18cfdeccf,福行,PracticeActivity,concept_defined_as,概念定义为,ent_4d8dbf44a614,布施,PracticeActivity,directed,core_usable,stable_entity_graph,true,1,0,0,0,1,single_article,什麼是福行？ ⟂S⟂ 就是布施、服務、修橋鋪路，給人種種的利益方便，為人服務奉獻，將來招感的果報必然是萬事如意，圓滿吉祥。,https://books.masterhsingyun.org/ArticleDetail/artcle13794
rel_d99b2a4b008a,ent_5d4dc6a775ae,空,DoctrineTerm,concept_defined_as,概念定义为,ent_b4d10439f17e,佛性,DoctrineTerm,directed,core_usable,stable_entity_graph,true,2,0,0,0,1,single_article,「空」就是佛性，只要我們證悟空性，就能獲得一個涅槃寂靜的真實世界。,https://books.masterhsingyun.org/ArticleDetail/artcle15648
rel_b26a17f8a38f,ent_5d4dc6a775ae,空,DoctrineTerm,concept_defined_as,概念定义为,ent_61654ef63947,因緣,DoctrineTerm,directed,core_usable,stable_entity_graph,true,4,0,0,0,1,single_article,空就是因緣，我跟人家廣結善緣，人家也與我結善緣。,https://books.masterhsingyun.org/ArticleDetail/artcle16056
rel_439250abd50f,ent_5d4dc6a775ae,空,DoctrineTerm,concept_defined_as,概念定义为,ent_f7e49f4ae092,實相,DoctrineTerm,directed,core_usable,stable_entity_graph,true,2,0,0,0,1,single_article,空就是實相。,https://books.masterhsingyun.org/ArticleDetail/artcle1007
rel_c0d34316981b,ent_5d4dc6a775ae,空,DoctrineTerm,concept_defined_as,概念定义为,ent_b1e217884f50,智慧,DoctrineTerm,directed,core_usable,stable_entity_graph,true,1,0,0,0,1,single_article,比緣起更高的就是「空」，體會到「空」就是智慧；,https://books.masterhsingyun.org/ArticleDetail/artcle16134
rel_2da23e754b3c,ent_5d4dc6a775ae,空,DoctrineTerm,concept_defined_as,概念定义为,ent_f76ae8b83972,真理,Concept,directed,core_usable,stable_entity_graph,true,3,0,0,0,1,single_article,依佛教的說法，「空」就是真理。,https://books.masterhsingyun.org/ArticleDetail/artcle16291
rel_37ace87a48e1,ent_5d4dc6a775ae,空,DoctrineTerm,concept_defined_as,概念定义为,ent_7819a06de839,緣起,DoctrineTerm,directed,core_usable,stable_entity_graph,true,1,0,0,0,1,single_article,他解釋「空」就是緣起；,https://books.masterhsingyun.org/ArticleDetail/artcle15693
rel_4f681cdb6145,ent_5d4dc6a775ae,空,DoctrineTerm,concept_has_subconcept,概念包含下位概念,ent_69277f40cb1e,六度,DoctrineTerm,directed,core_usable,stable_entity_graph,true,1,0,0,0,1,single_article,在空間上，數理學家已推到複數空間，這個空間包含有六度：實數世界三度、虛數空間三度。,https://books.masterhsingyun.org/ArticleDetail/artcle8735
rel_9b988bd20adb,ent_2b392242d947,第一義悉檀,Concept,concept_defined_as,概念定义为,ent_f7e49f4ae092,實相,DoctrineTerm,directed,core_usable,stable_entity_graph,true,1,0,0,0,1,single_article,第一義悉檀即是實相。,https://books.masterhsingyun.org/ArticleDetail/artcle24749
rel_06a4bf053dcc,ent_aa33a38b95c2,第一句,Concept,concept_defined_as,概念定义为,ent_01bb9074c145,如是我聞,Concept,directed,core_usable,stable_entity_graph,true,1,0,0,0,1,single_article,所以佛經開頭的第一句，就是「如是我聞」，告訴我們信解聽聞很重要。,https://books.masterhsingyun.org/ArticleDetail/artcle13718
rel_e9239e46b366,ent_5a28fa879697,第六識,DoctrineTerm,consciousness_transforms_into_wisdom,识转化为智,ent_69a9c4a3e130,妙觀察智,DoctrineTerm,directed,core_usable,stable_entity_graph,true,1,1,1,1,1,single_article,第四、理見則智明：一個修行人要設法轉「識」成「智」，轉眼、耳、鼻、舌、身等前五識為成所作智，讓我們所做所為均是為眾生行善；⟂S⟂轉第六識為妙觀察智，善於觀察諸法實相；⟂S⟂轉第七末那識為平等性智，觀一切有情悉皆平等；⟂S⟂轉阿賴耶識為大圓鏡智，得離一切虛妄分別。⟂S⟂能夠確實轉識成智，就已經達到了智慧朗現的解脫境界。,https://books.masterhsingyun.org/ArticleDetail/artcle7983
rel_fb0446f6c96c,ent_3e2c0b1657f4,精進,DoctrineTerm,practice_aims_at_doctrinal_state,实践趋向教义境界,ent_c84e07b0932e,成佛,Concept,directed,core_usable,stable_entity_graph,true,1,0,0,0,1,single_article,精進是成佛的捷徑，,https://books.masterhsingyun.org/ArticleDetail/artcle3457
rel_c8cf7c42430e,ent_00eb13dd110f,精進波羅蜜,DoctrineTerm,concept_defined_as,概念定义为,ent_d93de7906cbf,四正勤,Concept,directed,core_usable,stable_entity_graph,true,1,0,0,0,1,single_article,佛教裡講「六度波羅蜜」，就是布施、持戒、忍辱、精進、禪定、般若，其中的「精進波羅蜜」，就是四正勤。,https://books.masterhsingyun.org/ArticleDetail/artcle13908
rel_deaf38178273,ent_169ec025c012,經典,Concept,concept_has_subconcept,概念包含下位概念,ent_e61b242eb8a7,勝義諦,DoctrineTerm,directed,core_usable,stable_entity_graph,true,1,0,0,0,1,single_article,本經屬中期大乘經典，是唯識宗（法相宗）的根本經典，以解釋佛陀自內證的甚深祕密妙義，名為《解深密經》。 ⟂S⟂ 其內容分為八品，即：序品、勝義諦相品、心意識相品、一切法相品、無自性相品、分別瑜伽品、地波羅蜜多品、如來成所作事品。,https://books.masterhsingyun.org/ArticleDetail/artcle2490
rel_a38c9ae2bdee,ent_2d70af9f0ebf,結夏,PracticeActivity,concept_defined_as,概念定义为,ent_ae752f871ea7,夏安居,PracticeActivity,directed,core_usable,stable_entity_graph,true,1,0,0,0,1,single_article,八、結夏解居：結夏就是結夏安居*2，日期為每年農曆四月十五日，解居則於農曆七月十五日。,https://books.masterhsingyun.org/ArticleDetail/artcle8861
rel_574a1187163c,ent_464a8094055a,結緣,DoctrineTerm,concept_defined_as,概念定义为,ent_a6b94c65c717,人間佛教,Concept,directed,core_usable,stable_entity_graph,true,1,0,0,0,1,single_article,現成一段西來意，能隨喜結緣就是人間佛教。,https://books.masterhsingyun.org/ArticleDetail/artcle18461
rel_dbcdf7dfc70a,ent_464a8094055a,結緣,DoctrineTerm,concept_defined_as,概念定义为,ent_e148ca0687f4,佛法,DoctrineTerm,directed,core_usable,stable_entity_graph,true,2,0,0,0,1,single_article,你有結緣的習慣，結緣就是佛法。,https://books.masterhsingyun.org/ArticleDetail/artcle16224
rel_0b317d2203ef,ent_464a8094055a,結緣,DoctrineTerm,concept_defined_as,概念定义为,ent_bd68ae54ea00,修行,PracticeActivity,directed,core_usable,stable_entity_graph,true,1,0,0,0,1,single_article,其實，你忍耐就是修行，你慈悲就是修行，你結緣就是修行，你少欲就是修行。,https://books.masterhsingyun.org/ArticleDetail/artcle23595
rel_22fbcb251cba,ent_464a8094055a,結緣,DoctrineTerm,concept_defined_as,概念定义为,ent_cf26f7ad8f86,慈悲,DoctrineTerm,directed,core_usable,stable_entity_graph,true,1,0,0,0,1,single_article,結緣就是慈悲，恭敬就是慈悲，包容就是慈悲，所謂「勤修戒定慧，息滅貪瞋痴」，戒定慧也都是佛法。,https://books.masterhsingyun.org/ArticleDetail/artcle10857
rel_879749792b03,ent_fdebf186628b,續高僧傳,Classic,classic_records_person,经典记载人物,ent_e02c090a4502,太宗,Person,directed,core_usable,stable_entity_graph,true,1,1,1,1,1,single_article,例如僅只唐朝太宗一人，即分別在六二七年登基之始頒令：凡私自度僧者，處以死刑（《續高僧傳》卷二十五），這就是用政治干涉信仰自由；,https://books.masterhsingyun.org/ArticleDetail/artcle745
rel_d3b3a4f10fe0,ent_179321067604,維摩詰,Person,person_advocates_doctrine,人物倡导教义,ent_5185d3428d4f,大乘,SchoolTradition,directed,core_usable,stable_entity_graph,true,1,0,0,0,1,single_article,維摩居士為中印度毗舍離城的長者，他雖身在俗塵，但是精通大乘教義，修為高遠。 ⟂S⟂ 他以般若空的思想，實踐六度，利樂眾生，又以稱病為由，與前來探病的比丘、羅漢、菩薩等論說佛法，藉此宣揚大乘佛法的真諦，闡明在家居士應行菩薩道的方向。,https://books.masterhsingyun.org/ArticleDetail/artcle2574
rel_972e41ca6c89,ent_179321067604,維摩詰,Person,person_advocates_doctrine,人物倡导教义,ent_fd85beeca7fa,平等,DoctrineTerm,directed,core_usable,stable_entity_graph,true,1,0,0,0,1,single_article,維摩居士提倡男女是平等的，貧富是平等的，種族是平等的，大乘小乘是平等的，佛和菩薩也都是平等的；,https://books.masterhsingyun.org/ArticleDetail/artcle9776
rel_ea337e7702c1,ent_179321067604,維摩詰,Person,person_guides_or_saves_group,人物教化或度化群体,ent_aef97ef170d1,眾生,Group,directed,core_usable,stable_entity_graph,true,1,0,0,0,1,single_article,可以說，維摩居士是運用種種方便法門來度化眾生。,https://books.masterhsingyun.org/ArticleDetail/artcle9802
rel_aefe3bb9433a,ent_179321067604,維摩詰,Person,person_performs_practice,人物实践修行,ent_6475d71f00be,佛道,DoctrineTerm,directed,core_usable,stable_entity_graph,true,5,0,0,0,1,single_article,維摩居士修學佛道，有無量的方便。,https://books.masterhsingyun.org/ArticleDetail/artcle9802
rel_21720f9c45ec,ent_179321067604,維摩詰,Person,person_performs_practice,人物实践修行,ent_932ce5962a37,示教利喜,Concept,directed,core_usable,stable_entity_graph,true,1,1,1,1,1,single_article,舍衛城須達長者信奉佛教後，即積極建造祇園精舍，供養佛陀，並常將自己所聽聞到的佛法轉述他人，熱心度人學佛。⟂S⟂維摩詰居士雖是一名在家信徒，但是他對佛法的體悟與實踐，充分體現大乘佛教的人間精神。⟂S⟂經典中詳述他的為人：「毗耶離大城中有長者，名維摩詰，已曾供養無量諸佛，深植善本，得無生忍，辯才無礙，遊戲神通，逮諸總持，獲無所畏，降魔勞怨，入深法門，善於智度。」⟂S⟂又說：「欲度人故，以善方便，居毗耶離，資財無量，攝諸貧民；⟂S⟂奉戒清淨，攝諸毀禁；⟂S⟂以忍調行，攝諸恚怒；⟂S⟂以大精進，攝諸懈怠；⟂S⟂一心禪寂，攝諸亂意；⟂S⟂以決定慧，攝諸無智。」⟂S⟂他雖為白衣，奉持沙門清淨戒行；⟂S⟂雖有妻子眷屬，不為欲染；⟂S⟂雖享受物質，心無繫念。⟂S⟂他到處示教利喜，執持正法，攝諸長幼，饒益眾生，救護一切。⟂S⟂如是悲智融通之士，受到諸佛的讚歎，廣為人天所尊敬。,https://books.masterhsingyun.org/ArticleDetail/artcle8754
rel_fc677d24b758,ent_179321067604,維摩詰,Person,person_performs_practice,人物实践修行,ent_c766879c0c7a,說法,PracticeActivity,directed,core_usable,stable_entity_graph,true,4,4,4,4,4,multi_article,佛陀時代，維摩居士不是到處講經傳道，佛陀不也一再讚歎他能助佛宣教嗎？⟂S⟂甚至他還曾經藉由「示疾說法」，大大的教訓了許多的二乘羅漢。⟂S⟂另外，勝鬘夫人雖是一名女性，但他講經傳道，度化兒童，《勝鬘夫人經》不是一直到現在還流傳於世嗎？⟂S⟂甚至《妙慧童女經》裡，八歲的童女妙慧，連文殊菩薩都向他禮拜，尊他為老師。⟂S⟂為什麼佛世的在家信眾，白衣可以上座，反而是到了當今，白衣上座就是末法時代呢？,https://books.masterhsingyun.org/ArticleDetail/artcle9445
rel_e3f83d7d535c,ent_179321067604,維摩詰,Person,person_teaches_doctrine,人物讲授教义,ent_be8c2cb95d1b,妙法,DoctrineTerm,directed,core_usable,stable_entity_graph,true,1,1,1,1,1,single_article,其間，雖曾擔心或遲疑過，但一想到中國四大名山中的四大菩薩，除了地藏菩薩現出家相外，文殊、普賢、觀音皆現在家相；⟂S⟂乃至維摩居士、勝鬘夫人、妙慧童女等，均以在家居士之身，宣說大乘妙法，可見大乘佛教是重視在家信徒的，在家居士參與弘法工作，於經典有據。⟂S⟂於是在民國八十年（一九九一）毅然成立了以信徒為主的佛光會，進而在時代潮流趨使下，於今年十月十七日「國際佛光會第二屆會員代表大會」開幕典禮中，頒發證書給陳履安等十位檀教師、潘維剛等三十位檀講師。,https://books.masterhsingyun.org/ArticleDetail/artcle2640
rel_bde0df0dc1d6,ent_3220e2feb0fc,維摩詰經,Classic,classic_interpreted_as_doctrine,经典被阐释为教义或主张,ent_53b12987dab9,不請之友,Concept,directed,core_usable,stable_entity_graph,true,2,1,1,1,2,single_article,受人請託，給予助緣，這很正常。⟂S⟂其實，在世間生活，很多時候我們都要靠父母、親戚、師長、朋友，乃至社會大眾給予我們的支助，才能衝過重重的難關，因此我們也應該學習《維摩詰經》所說的「眾人不請，友而安之」，做一位「不請之友」，不必等人家來請託，只要我有力量，就隨喜隨緣的奉獻、幫助，給予人間一些因緣。,https://books.masterhsingyun.org/ArticleDetail/artcle9349
rel_a3a301b741be,ent_3220e2feb0fc,維摩詰經,Classic,classic_interpreted_as_doctrine,经典被阐释为教义或主张,ent_f928e10be115,人間淨土,PlaceRealm,directed,core_usable,stable_entity_graph,true,20,0,0,0,2,single_article,在《維摩詰經‧觀眾生品》第七裡，天女對舍利弗講說維摩丈室的「八未曾有」，即是人間淨土家庭建設的八個藍圖。,https://books.masterhsingyun.org/ArticleDetail/artcle9800
rel_cbc5c9a2f4f2,ent_3220e2feb0fc,維摩詰經,Classic,classic_interpreted_as_doctrine,经典被阐释为教义或主张,ent_c1901fb73311,在家,PracticeActivity,directed,core_usable,stable_entity_graph,true,1,0,0,0,1,single_article,*17《維摩經》成經的因緣是維摩居士稱病，欲令佛陀遣諸比丘菩薩探問其病，藉此機會與佛陀派遣前來探病的文殊師利等，反復論說佛法，因成此經。 ⟂S⟂ 本經是基於般若空的思想，以闡揚大乘菩薩的實踐道，說明在家信徒應行的宗教德目。,https://books.masterhsingyun.org/ArticleDetail/artcle4005
rel_517601e2464e,ent_3220e2feb0fc,維摩詰經,Classic,classic_interpreted_as_doctrine,经典被阐释为教义或主张,ent_56b75cacf3e1,行住坐臥,Concept,directed,core_usable,stable_entity_graph,true,1,1,1,1,1,single_article,佛法是離不開生活的，從《維摩詰經》裡，即可見諸佛菩薩處處在行住坐臥裡，表現佛法的真義。,https://books.masterhsingyun.org/ArticleDetail/artcle9790
rel_c75e2a49417e,ent_3220e2feb0fc,維摩詰經,Classic,classic_records_person,经典记载人物,ent_179321067604,維摩詰,Person,directed,core_usable,stable_entity_graph,true,1,1,1,1,1,single_article,像佛教裡，過去批評在家眾：「白衣上座，末法來臨。」⟂S⟂事實上，佛世的時候，《維摩經》裡的維摩居士是白衣，《勝鬘夫人經》裡的勝鬘夫人是白衣，《妙慧童女經》裡的妙慧童女不也是白衣嗎？⟂S⟂甚至那許多兒童都能講經說法，也沒有因此而末法來臨啊！⟂S⟂為什麼現在要對在家信徒那麼貶低呢？,https://books.masterhsingyun.org/ArticleDetail/artcle10964
rel_0bfd9fb3889b,ent_3220e2feb0fc,維摩詰經,Classic,classic_states_or_mentions_doctrine,经典陈述或提及教义,ent_53b12987dab9,不請之友,Concept,directed,core_usable,stable_entity_graph,true,8,7,7,5,8,multi_article,在佛教經典中，有許多至理名言，如《華嚴經》的「不忘初心」、《維摩經》的「不請之友」、《八大人覺經》的「不念舊惡」、《大乘起信論》的「不變隨緣」，都值得佛光人奉為座右銘。⟂S⟂所以這一講的「怎樣做個佛光人」，就以這四句話作為佛光人自我健全之道。,https://books.masterhsingyun.org/ArticleDetail/artcle20520
rel_616ac0dc40c1,ent_3220e2feb0fc,維摩詰經,Classic,classic_states_or_mentions_doctrine,经典陈述或提及教义,ent_bb5c08557287,佛事,DoctrineTerm,directed,core_usable,stable_entity_graph,true,1,1,1,1,1,single_article,在《法華經》、《楞嚴經》中，觀世音菩薩自述在因地修習耳根圓通到了相當功行時，「盡聞不住，覺所覺空；⟂S⟂空覺極圓，空所空滅；⟂S⟂生滅既滅，寂滅現前。」⟂S⟂佛陀則讚美觀世音菩薩「慈眼視眾生，福聚海無量」；⟂S⟂在《金剛經》、《阿彌陀經》中記載︰「如來是真語者，實語者，不誑語者，不異語者。」⟂S⟂「十方諸佛，同聲讚歎釋迦牟尼佛於五濁惡世中能為希有之事。」⟂S⟂在《維摩詰經》中，眾香佛國以香飯作諸佛事，而其他佛土中，「諸佛威儀進止，諸所施為，無非佛事」。⟂S⟂維摩大士說︰「隨其心淨，則佛土淨。」⟂S⟂至於眾生為何見此土汙穢？⟂S⟂這正如螺髻梵王所說︰「心有高下，不依佛慧，故見此土為不淨耳。⟂S⟂菩薩於一切眾生悉皆平等，深心清淨，依佛智慧，則能見此佛土清淨。」,https://books.masterhsingyun.org/ArticleDetail/artcle16726
rel_55322b21ec3b,ent_3220e2feb0fc,維摩詰經,Classic,classic_states_or_mentions_doctrine,经典陈述或提及教义,ent_a7313a33beb8,解脫相,DoctrineTerm,directed,core_usable,stable_entity_graph,true,1,1,1,1,1,single_article,《維摩經》說︰「一切諸法皆是解脫相。」⟂S⟂可見佛法不離世法，離開世間諸法，想要尋求解脫之道，無異緣木求魚。,https://books.masterhsingyun.org/ArticleDetail/artcle16721
rel_2723bcbbfca6,ent_3220e2feb0fc,維摩詰經,Classic,classic_states_or_mentions_doctrine,经典陈述或提及教义,ent_e6b0a74e0ebd,隨其心淨,Concept,directed,core_usable,stable_entity_graph,true,2,2,2,1,2,multi_article,生活在這個世間上，黑暗的社會需要光明，動盪的時代需要安穩，苦難的人生需要喜悅，煩惱的身心需要解脫，淨土於是成為人人心神馳往的世界﹗然而極樂淨土與琉璃淨土需要持名念佛達到一心不亂才能前往，華藏淨土必須精進修持達到圓融無礙才能契入，兜率淨土雖說近易普及，但仍在三界之內。⟂S⟂《維摩詰經》云︰「隨其心淨則國土淨。」⟂S⟂我們何必捨近求遠，只要大家努力，人間也可以成為淨土，宇宙間哪一方淨土不是諸佛菩薩以無比的願力莊嚴而成？⟂S⟂佛光會員應當本著直下承擔、捨我其誰的精神，效法諸佛菩薩的慈心悲願，去除對三毒的怖畏，散播歡喜的種子，融和極樂淨土的環境清淨、天下一家；⟂S⟂琉璃淨土的政治清明、民生豐富；⟂S⟂華藏淨土的互助友愛、平等和諧；⟂S⟂兜率淨土的善人聚會、法樂無窮，將我們的人間穢域建設成佛光淨土。,https://books.masterhsingyun.org/ArticleDetail/artcle16717
rel_2ca9573277be,ent_92d72f24484f,緣覺乘,SchoolTradition,school_teaches_doctrine,宗派主张教义,ent_b6dc0ddf5649,十二緣起,DoctrineTerm,directed,core_usable,stable_entity_graph,true,1,1,1,1,1,single_article,佛教將修行證悟的境界分成五種次第，也就是所謂的「五乘佛法」。⟂S⟂「五乘佛法」依序為先修人乘的五戒，再進而修持天乘的十善法門。⟂S⟂人天二乘的世間法修學完畢之後，要參究聲聞乘的四諦真理，然後是緣覺乘的十二緣起，最後則要實踐菩薩道的六度，從完成人生之中完成自己，聲聞、緣覺雖然已經超凡入聖，但僅僅是只求自利自了的出世間聖者，不能積極地去救度倒懸，唯有懷抱「但願眾生得離苦，不為自己求安樂」的慈悲胸襟，出世而入世廣濟群倫的大乘菩薩，才是佛教所要求的最高境界。,https://books.masterhsingyun.org/ArticleDetail/artcle2908
rel_4ac062d34f1b,ent_7819a06de839,緣起,DoctrineTerm,concept_complementary_with,概念在语境中相互助成,ent_655d8b1fda76,性空,DoctrineTerm,symmetric,core_usable,stable_entity_graph,true,1,1,1,1,1,single_article,緣起、性空不但不是對立，而且是相成相生的。,https://books.masterhsingyun.org/ArticleDetail/artcle6835
rel_0828280c5922,ent_7819a06de839,緣起,DoctrineTerm,concept_defined_as,概念定义为,ent_61654ef63947,因緣,DoctrineTerm,directed,core_usable,stable_entity_graph,true,1,0,0,0,1,single_article,緣起是什麼？ ⟂S⟂ 就是由很多的條件因緣和合而有，它不是單一存在，也不是突然而有。,https://books.masterhsingyun.org/ArticleDetail/artcle1829
rel_abab2da189bd,ent_7819a06de839,緣起,DoctrineTerm,concept_defined_as,概念定义为,ent_68e8479a7e97,無自性,DoctrineTerm,directed,core_usable,stable_entity_graph,true,2,1,1,1,2,single_article,緣起是無自性，無自性所以是空，龍樹菩薩從緣起和合的現象中，直指「緣起」與「性空」不是對立的，因而建立「緣起就是性空，性空就是緣起；,https://books.masterhsingyun.org/ArticleDetail/artcle8762
rel_1ee1c3b5aa12,ent_7819a06de839,緣起,DoctrineTerm,concept_defined_as,概念定义为,ent_f76ae8b83972,真理,Concept,directed,core_usable,stable_entity_graph,true,1,0,0,0,1,single_article,緣起緣滅，一切因緣生，一切因緣滅，「緣起」就是真理。,https://books.masterhsingyun.org/ArticleDetail/artcle16190
rel_0b3a2627a74e,ent_7819a06de839,緣起,DoctrineTerm,concept_defined_as,概念定义为,ent_655d8b1fda76,性空,DoctrineTerm,directed,core_usable,stable_entity_graph,true,4,0,0,0,1,single_article,龍樹菩薩從緣起和合的現象中，直指「緣起」與「性空」不是對立的，「緣起就是性空，性空就是緣起；,https://books.masterhsingyun.org/ArticleDetail/artcle6835
rel_76ce8e8734cf,ent_7819a06de839,緣起,DoctrineTerm,concept_defined_as,概念定义为,ent_08bedbb7dcb1,空性,DoctrineTerm,directed,core_usable,stable_entity_graph,true,1,0,0,0,1,single_article,緣起是無自性，無自性所以是空，所以說，緣起與空性不是對立的，緣起就是空性，空性就是緣起。,https://books.masterhsingyun.org/ArticleDetail/artcle6835
rel_3ea668ebcfd5,ent_7819a06de839,緣起,DoctrineTerm,concept_has_causal_role,概念具有因果角色,ent_4fb8d09ae94c,諸法,DoctrineTerm,directed,core_usable,stable_entity_graph,true,1,1,1,1,1,single_article,緣起是宇宙人生一切現象形成的法則，諸法因為「緣起」而有，所以「空」無自性；⟂S⟂但是「空」並不否定「緣起」的假有，而是在萬法現象上，觀察其無自性的空。,https://books.masterhsingyun.org/ArticleDetail/artcle3983
rel_4659c0287e19,ent_7819a06de839,緣起,DoctrineTerm,concept_is_foundation_of,概念构成另一概念或实践的基础,ent_b9466da1d262,佛教,DoctrineTerm,directed,core_usable,stable_entity_graph,true,1,1,1,1,1,single_article,比凡夫高一點的聲聞、緣覺、羅漢等聖者，他們對宇宙人生的體會，對世間萬有的看法又更高超一些。⟂S⟂他們看世間一切都是「緣起」而有，也就是認識世間一切都是因緣所生起，「緣聚則生，緣散則滅」。⟂S⟂「緣起」是佛教的根本教理，也是佛教異於其他宗教、哲學、思想的最大特性。⟂S⟂緣起說明世間上的事事物物，一切有為法都不是憑空而有，也不能單獨存在，必須在各種因緣條件和合之下，才能現起和存在。⟂S⟂一旦組成的「因緣」散失，事物本身也就不復存在，這就是佛教所謂「諸法因緣生，諸法因緣滅」的道理。,https://books.masterhsingyun.org/ArticleDetail/artcle425
rel_ffdf3be370d9,ent_7819a06de839,緣起,DoctrineTerm,concept_is_foundation_of,概念构成另一概念或实践的基础,ent_e148ca0687f4,佛法,DoctrineTerm,directed,core_usable,stable_entity_graph,true,2,1,1,1,2,single_article,「緣起」是佛法的根本道理，任何事物成為這種事物，這都是諸種條件合成的結果，正如《佛教的真理》中說：「世間一切有為法皆無獨立性、恆常性，必須靠『因』和『緣』和合才有『果』。」⟂S⟂「世間上的事事物物（一切有為法），既非憑空而有，也不能單獨存在，必須靠種種因緣條件和合才能成立，一旦組成的因緣散失，事物本身也就歸於烏有。」,https://books.masterhsingyun.org/ArticleDetail/artcle17791
rel_766349355481,ent_7819a06de839,緣起,DoctrineTerm,concept_reconciled_with,概念在语境中被说明为可调和,ent_655d8b1fda76,性空,DoctrineTerm,symmetric,core_usable,stable_entity_graph,true,1,1,1,1,1,single_article,龍樹菩薩更依緣起的諸法其當體性空不可得，發揚性空而無礙於緣起的中道妙理。⟂S⟂他為彰顯此無所得中道實相的妙義，把般若等經中散說的不生不滅等，歸納作此八不偈頌，闡揚八不中道義。,https://books.masterhsingyun.org/ArticleDetail/artcle6837
rel_0e3a32b69c7e,ent_7819a06de839,緣起,DoctrineTerm,doctrinal_entails,义理论证推出,ent_9a09ad0a2d77,無常,DoctrineTerm,directed,core_usable,stable_entity_graph,true,1,1,1,1,1,single_article,因為是「緣起」而有，所以生滅「無常」；,https://books.masterhsingyun.org/ArticleDetail/artcle15648
rel_0a0781ee963f,ent_7819a06de839,緣起,DoctrineTerm,doctrinal_entails,义理论证推出,ent_68e8479a7e97,無自性,DoctrineTerm,directed,core_usable,stable_entity_graph,true,1,1,1,1,1,single_article,緣起是宇宙人生一切現象形成的法則，諸法因為「緣起」而有，所以「空」無自性；⟂S⟂但是「空」並不否定「緣起」的假有，而是在萬法現象上，觀察其無自性的空。,https://books.masterhsingyun.org/ArticleDetail/artcle3983
rel_a5ffa34ffede,ent_7819a06de839,緣起,DoctrineTerm,doctrinal_entails,义理论证推出,ent_e06ca0ede50b,生死流,DoctrineTerm,directed,core_usable,stable_entity_graph,true,1,1,1,1,1,single_article,因為緣起，所以有生死流轉；,https://books.masterhsingyun.org/ArticleDetail/artcle24161
rel_8c5f8e317f19,ent_7819a06de839,緣起,DoctrineTerm,doctrinal_entails,义理论证推出,ent_8af9d29d58e3,解脫,DoctrineTerm,directed,core_usable,stable_entity_graph,true,1,1,1,1,1,single_article,因為緣起，所以能還滅解脫。,https://books.masterhsingyun.org/ArticleDetail/artcle24161
rel_2a67d9062250,ent_7819a06de839,緣起,DoctrineTerm,doctrinal_entails,义理论证推出,ent_655d8b1fda76,性空,DoctrineTerm,directed,core_usable,stable_entity_graph,true,3,3,3,2,3,multi_article,換句話說，「緣起」而有的萬法沒有自主性，也沒有獨存性與永恆性，所以說「性空」；,https://books.masterhsingyun.org/ArticleDetail/artcle15648
rel_83146c6af0aa,ent_7c84a31f8085,羅云忍辱經,Classic,classic_records_person,经典记载人物,ent_62cf8ccca072,佛陀,BuddhistFigure,directed,core_usable,stable_entity_graph,true,1,0,0,0,1,single_article,佛陀在《羅云忍辱經》說：「忍之為明，踰於日月。,https://books.masterhsingyun.org/ArticleDetail/artcle9076
rel_80230d20c002,ent_c84b0bb11824,羼提波羅蜜,DoctrineTerm,concept_has_subconcept,概念包含下位概念,ent_8fc2661c9363,無生法忍,DoctrineTerm,directed,core_usable,stable_entity_graph,true,2,0,0,0,1,single_article,能夠轉煩惱為菩提的六度波羅蜜，其中忍辱（羼提波羅蜜）包括生忍、法忍和無生法忍，我們修行學道的時候，不免受到各種試探、磨鍊，但是，「至艱至苦的磨鍊，是為了至深至久的幸福」。,https://books.masterhsingyun.org/ArticleDetail/artcle365
rel_41e0ab52d3a9,ent_c84b0bb11824,羼提波羅蜜,DoctrineTerm,concept_has_subconcept,概念包含下位概念,ent_d74879a06cda,法忍,DoctrineTerm,directed,core_usable,stable_entity_graph,true,2,0,0,0,1,single_article,三、忍辱（羼提波羅蜜）：包括「生忍」、「法忍」和「無生法忍」。,https://books.masterhsingyun.org/ArticleDetail/artcle339
rel_2f7c54caa010,ent_8026db9b96b0,勝鬘夫人,BuddhistFigure,person_adheres_to_doctrine_or_tradition,人物信奉教义或宗教传统,ent_e148ca0687f4,佛法,DoctrineTerm,directed,core_usable,stable_entity_graph,true,1,1,1,1,1,single_article,雖然他的故鄉舍衛國與阿踰闍國距離遙遠，無法親聆佛陀的教誨，然而深具慧根的勝鬘夫人卻憑著對佛法的虔誠與歡喜心，不僅與佛陀感應道交，並得佛陀授記，在二萬阿僧祇劫之後成佛，號普光如來。⟂S⟂在《勝鬘師子吼一乘大方便方廣經》中，記載勝鬘夫人在佛前發下十大願的經過與內容。,https://books.masterhsingyun.org/ArticleDetail/artcle3855
rel_43f8c0d74792,ent_8026db9b96b0,勝鬘夫人,BuddhistFigure,person_makes_vow,佛教人物发下誓愿,ent_e4ecd0f54684,十大願,DoctrineTerm,directed,core_usable,stable_entity_graph,true,1,1,1,1,1,single_article,雖然他的故鄉舍衛國與阿踰闍國距離遙遠，無法親聆佛陀的教誨，然而深具慧根的勝鬘夫人卻憑著對佛法的虔誠與歡喜心，不僅與佛陀感應道交，並得佛陀授記，在二萬阿僧祇劫之後成佛，號普光如來。⟂S⟂在《勝鬘師子吼一乘大方便方廣經》中，記載勝鬘夫人在佛前發下十大願的經過與內容。,https://books.masterhsingyun.org/ArticleDetail/artcle3855
rel_0b024de30630,ent_8026db9b96b0,勝鬘夫人,BuddhistFigure,person_member_of_group,人物属于群体,ent_1b85a8db0019,信徒,Group,directed,core_usable,stable_entity_graph,true,1,1,1,1,1,single_article,過去有在家信徒熱心幫忙教育、社會教化，如印度的勝鬘夫人就是一個很好的例子。,https://books.masterhsingyun.org/ArticleDetail/artcle2621
rel_7e9c3e57249c,ent_8026db9b96b0,勝鬘夫人,BuddhistFigure,person_performs_practice,人物实践修行,ent_63b8f0ed08d1,誓願,DoctrineTerm,directed,core_usable,stable_entity_graph,true,1,1,1,1,1,single_article,人間佛教的大乘菩薩行者，或現出家相或現在家身，皆以發菩提心利他為修行，甚至不離「發大精進為除一切眾生煩惱」、「廣起四無量心，安置眾生」，他們以般若空性的智慧「智不住諸有，悲不滯涅槃」，以家庭為水月道場，行空花佛事，自度度他，圓滿佛道。⟂S⟂所以佛教史上有印度末利夫人以方便法免廚師於死刑；⟂S⟂勝鬘夫人發十大誓願護持正法，饒益眾生；⟂S⟂唐朝龐蘊居士一家人的瀟灑解脫，來去自在；⟂S⟂維摩居士「雖處居家，不著三界；⟂S⟂示有妻子，常修梵行」。⟂S⟂他們真正以「智度」為母，以「方便」為父，以「法喜」為妻，「慈悲」與「善心誠實」為一雙兒女，建立起法身慧命之家。,https://books.masterhsingyun.org/ArticleDetail/artcle8838
rel_c161f4ac2538,ent_8026db9b96b0,勝鬘夫人,BuddhistFigure,person_performs_practice,人物实践修行,ent_c766879c0c7a,說法,PracticeActivity,directed,core_usable,stable_entity_graph,true,1,1,1,1,1,single_article,又本經的特色是以在家女眾勝鬘夫人為說法者，因此與維摩居士所說的《維摩經》，並為大乘佛教在家佛教的代表作。,https://books.masterhsingyun.org/ArticleDetail/artcle2483
rel_eeba2220a792,ent_8026db9b96b0,勝鬘夫人,BuddhistFigure,person_performs_practice,人物实践修行,ent_89fc744d65d6,講經,PracticeActivity,directed,core_usable,stable_entity_graph,true,1,1,1,1,1,single_article,佛陀時代，維摩居士不是到處講經傳道，佛陀不也一再讚歎他能助佛宣教嗎？⟂S⟂甚至他還曾經藉由「示疾說法」，大大的教訓了許多的二乘羅漢。⟂S⟂另外，勝鬘夫人雖是一名女性，但他講經傳道，度化兒童，《勝鬘夫人經》不是一直到現在還流傳於世嗎？⟂S⟂甚至《妙慧童女經》裡，八歲的童女妙慧，連文殊菩薩都向他禮拜，尊他為老師。⟂S⟂為什麼佛世的在家信眾，白衣可以上座，反而是到了當今，白衣上座就是末法時代呢？,https://books.masterhsingyun.org/ArticleDetail/artcle9445
rel_6f3347ff7886,ent_8026db9b96b0,勝鬘夫人,BuddhistFigure,person_performs_practice,人物实践修行,ent_c2f8430eb026,十大受,DoctrineTerm,directed,core_usable,stable_entity_graph,true,1,1,1,1,1,single_article,佛陀曾在舍衛國祇園精舍宣說《勝鬘師子吼一乘大方便方廣經》，經中記載勝鬘夫人宣誓受持「十大受」，亦即「十大戒」、「十大弘誓」：,https://books.masterhsingyun.org/ArticleDetail/artcle4000
rel_dc8a6534b33a,ent_3b664b6bfc74,勝鬘師子吼一乘大方便方廣經,Classic,classic_records_person,经典记载人物,ent_8026db9b96b0,勝鬘夫人,BuddhistFigure,directed,core_usable,stable_entity_graph,true,2,2,2,1,2,multi_article,佛陀曾在舍衛國祇園精舍宣說《勝鬘師子吼一乘大方便方廣經》，經中記載勝鬘夫人宣誓受持「十大受」，亦即「十大戒」、「十大弘誓」：,https://books.masterhsingyun.org/ArticleDetail/artcle4000
rel_1c9a47a50de1,ent_3b664b6bfc74,勝鬘師子吼一乘大方便方廣經,Classic,classic_states_or_mentions_doctrine,经典陈述或提及教义,ent_3e2341d3caea,一乘法,DoctrineTerm,directed,core_usable,stable_entity_graph,true,1,1,1,1,1,single_article,《勝鬘夫人師子吼一乘大方便方廣經》中，就是本經主角勝鬘夫人所說的一乘法。,https://books.masterhsingyun.org/ArticleDetail/artcle3407
rel_b161826aa150,ent_58921f98384d,勝鬘經,Classic,classic_states_or_mentions_doctrine,经典陈述或提及教义,ent_613619ddfbdf,波羅蜜,DoctrineTerm,directed,core_usable,stable_entity_graph,true,1,1,1,1,1,single_article,全稱六波羅蜜，即：布施、持戒、忍辱、精進、禪定、般若。⟂S⟂菩薩發心修學大乘法門，不出於六波羅蜜，六波羅蜜即大乘的異名。⟂S⟂《勝鬘經》說：「攝受正法即是波羅蜜。」⟂S⟂六波羅蜜是菩薩行的大綱，菩薩如果修行六波羅蜜，具足福慧資糧，圓滿所修，便得證悟無上正等正覺。⟂S⟂如《發菩提心經論》卷上說：「布施是菩提因，攝取一切諸眾生故；⟂S⟂持戒是菩提因，具足眾善，滿本願故；⟂S⟂忍辱是菩提因，成就三十二相八十隨形好故；⟂S⟂精進是菩提因，增長善行，於諸眾生勤教化故；⟂S⟂禪定是菩提因，菩薩善自調伏，能知眾生諸心行故；⟂S⟂智慧是菩提因，具足能知諸法性相故。」⟂S⟂可見六度是成就菩提道果的必備條件。,https://books.masterhsingyun.org/ArticleDetail/artcle3973
rel_b2d0e5470d64,ent_58921f98384d,勝鬘經,Classic,classic_states_or_mentions_doctrine,经典陈述或提及教义,ent_7f440e9c5bcf,菩薩道,DoctrineTerm,directed,core_usable,stable_entity_graph,true,1,1,1,1,1,single_article,本冊由二部分組成，其一為二○一三年有鹿出版社出版的《十種幸福之道──佛說妙慧童女經》，其二為《勝鬘經》的勝鬘夫人十大受。⟂S⟂首先，八歲童女妙慧，向佛陀提出十個人生修行的課題；⟂S⟂其次，勝鬘夫人，則於佛前發了十個修行菩薩道的誓願。⟂S⟂大師以平易近人的文字與精采生動的故事，將其演繹為現代人能可以受持、實踐之法，作為女性自我超越、修行成佛的寶典。⟂S⟂從中也印證修行無分男女，只要有承擔的勇氣和決心，人人都能平等成就。,https://books.masterhsingyun.org/ArticleDetail/artcle2065
rel_bc9e50d51d5c,ent_c0c760bf302e,臘八粥,RitualObject,ritual_object_distributed_to_group,仪式物分送给群体,ent_1b85a8db0019,信徒,Group,directed,core_usable,stable_entity_graph,true,4,4,4,3,4,multi_article,北港禪淨中心座落於媽祖文化城第九樓，位居北港最繁榮的地區，在依嚴、永航、永毓、永誠、妙禪、妙紀等人領導下，除了道場舉辦各項弘法活動外，也融入當地的信仰文化。⟂S⟂近年來，每逢「媽祖聖誕」日，我們的「佛祖」也會一起出巡遶境；⟂S⟂「佛誕日」時，浴佛車就在北港大街小巷巡境祈福，許多媽祖的信眾也都一起來沐浴佛恩；⟂S⟂到了「佛陀成道日」，我們的臘八粥也會送到媽祖的信徒家。⟂S⟂平時佛光會員也到朝天宮參訪，我們的敦煌舞蹈團，也應邀在媽祖廟慶典中表演，這些都是體現佛道友好的宗教交流。,https://books.masterhsingyun.org/ArticleDetail/artcle23791
rel_0a5834c9ae68,ent_de77c6f5f383,自作自受,DoctrineTerm,concept_has_causal_role,概念具有因果角色,ent_fb92e0f5af32,輪迴,DoctrineTerm,directed,core_usable,stable_entity_graph,true,2,2,2,2,2,multi_article,五、業感：業，是指「行為」、「行動」或「造作」的意思，它包括身體、語言、思想三業。⟂S⟂「業」，無論善惡好壞，都會產生一種力量，能驅使我們去造作新的行為，而新的行為又會產生新的力量。⟂S⟂如此行為生力量，力量又推動行為，輾轉相生，就形成了業力輪迴。⟂S⟂所謂自作自受，就是有情生死流轉的動力，由此形成了惑、業、苦，不斷循環，相互地糾纏。,https://books.masterhsingyun.org/ArticleDetail/artcle3967
rel_18f3509f9bb0,ent_00ebc86d2ea8,自利利他,Concept,concept_defined_as,概念定义为,ent_bd68ae54ea00,修行,PracticeActivity,directed,core_usable,stable_entity_graph,true,1,1,1,1,1,single_article,自利利他是修行，自覺覺他是修行，廣結善緣是修行，發菩提心是修行，勞動服務是修行……行住坐臥、舉心動念都能不離四無量心、四弘誓願就是修行。,https://books.masterhsingyun.org/ArticleDetail/artcle8047
rel_2787fde93fd4,ent_8192dba0aaf3,自在,Concept,concept_defined_as,概念定义为,ent_d5f85767f69d,境界,DoctrineTerm,directed,core_usable,stable_entity_graph,true,1,0,0,0,1,single_article,自由自在就是見性後充分自主的境界。,https://books.masterhsingyun.org/ArticleDetail/artcle8865
rel_0f5e88cfe388,ent_8192dba0aaf3,自在,Concept,concept_defined_as,概念定义为,ent_0b2e6e9daabf,禪,DoctrineTerm,directed,core_usable,stable_entity_graph,true,1,0,0,0,1,single_article,這種行雲流水的閒適自在就是禪。,https://books.masterhsingyun.org/ArticleDetail/artcle3438
rel_2df34b3cdcb3,ent_8192dba0aaf3,自在,Concept,concept_defined_as,概念定义为,ent_8af9d29d58e3,解脫,DoctrineTerm,directed,core_usable,stable_entity_graph,true,2,0,0,0,1,single_article,人間佛教，從喜樂到解脫：結緣就是喜樂，自在就是解脫。,https://books.masterhsingyun.org/ArticleDetail/artcle674
rel_bb4e4c13ca72,ent_7218629ab8b8,自性,DoctrineTerm,concept_defined_as,概念定义为,ent_be0f51c1913a,實性,DoctrineTerm,directed,core_usable,stable_entity_graph,true,2,0,0,0,1,single_article,平等的自性，就是實性。,https://books.masterhsingyun.org/ArticleDetail/artcle162
rel_5abab637b590,ent_7218629ab8b8,自性,DoctrineTerm,concept_defined_as,概念定义为,ent_b265c0f135b0,涅槃,DoctrineTerm,directed,core_usable,stable_entity_graph,true,3,0,0,0,1,single_article,《華嚴經》說，一切諸法的自性就是涅槃；,https://books.masterhsingyun.org/ArticleDetail/artcle7541
rel_e94691446db6,ent_7218629ab8b8,自性,DoctrineTerm,concept_defined_as,概念定义为,ent_5d4dc6a775ae,空,DoctrineTerm,directed,core_usable,stable_entity_graph,true,1,0,0,0,1,single_article,因此，棉布是棉籽結合了宇宙萬「有」的因緣而成，所以從萬有的因緣上看，它的自性就是空，這就是所謂的真空能生妙有。,https://books.masterhsingyun.org/ArticleDetail/artcle4143
rel_d5fc04c9200d,ent_7218629ab8b8,自性,DoctrineTerm,concept_equivalent_to,概念等同或同义,ent_4c194eb34333,般若,DoctrineTerm,symmetric,core_usable,stable_entity_graph,true,1,1,1,1,1,single_article,般若是什麼？⟂S⟂六祖惠能大師說：「菩提般若之智，世人本自有之；⟂S⟂只緣心迷，不能自悟，須假大善知識，示導見性。⟂S⟂當知愚人智人，佛性本無差別，只緣迷悟不同，所以有愚有智。」⟂S⟂般若不是外來的知識，而是眾生的清淨光明本性，是眾生的本來面目；⟂S⟂般若是法身、實相、自性、佛性的同義詞。⟂S⟂般若是我們人之本源、人之根本、真如佛性，就是我們的本來面目。⟂S⟂,https://books.masterhsingyun.org/ArticleDetail/artcle24162
rel_c646c755d851,ent_7218629ab8b8,自性,DoctrineTerm,concept_has_causal_role,概念具有因果角色,ent_4c194eb34333,般若,DoctrineTerm,directed,core_usable,stable_entity_graph,true,1,1,1,1,1,single_article,什麼是「般若」呢？⟂S⟂如前提及，般若是正見緣起、了悟諸法空性的智慧；⟂S⟂能夠認識「緣起性空」、「不生不滅」的諸法實相，就是般若。⟂S⟂因此大師強調，般若並非外來的知識，而是眾生清淨光明的自性，是眾生的本來面目，如六祖大師說：「一切般若智，皆從自性而生。」⟂S⟂因此若能「識自本心，見自本性」，即得般若。⟂S⟂,https://books.masterhsingyun.org/ArticleDetail/artcle15650
rel_cab73c3c0e83,ent_7218629ab8b8,自性,DoctrineTerm,concept_has_quality,概念具有属性,ent_7ed1a52121c4,清淨,DoctrineTerm,directed,core_usable,stable_entity_graph,true,2,1,2,1,2,single_article,人人的自性本自清淨，念阿彌陀佛就是要念出自己的彌陀自性，將自己本身的性能以拜佛、念佛來發掘，讓句句佛號將失落的自我找回來。,https://books.masterhsingyun.org/ArticleDetail/artcle8048
rel_4d395eed4d4d,ent_ffd14a7f2656,自性清淨心,DoctrineTerm,concept_defined_as,概念定义为,ent_b265c0f135b0,涅槃,DoctrineTerm,directed,core_usable,stable_entity_graph,true,2,0,0,0,1,single_article,《勝鬘經》說，「如來藏」、「自性清淨心」就是涅槃。,https://books.masterhsingyun.org/ArticleDetail/artcle7541
rel_4ed40ba5b444,ent_85741f590903,自覺,DoctrineTerm,concept_defined_as,概念定义为,ent_2a947d66f56d,教育,Concept,directed,core_usable,stable_entity_graph,true,1,0,0,0,1,single_article,佛陀因自覺而成道，所謂自覺，就是自我教育。,https://books.masterhsingyun.org/ArticleDetail/artcle727
rel_95201400820d,ent_9520ecf98ec2,舍利,RitualObject,ritual_object_transferred_to_place,仪式物传播或移送至地点,ent_843b8050d4ad,台灣,PlaceRealm,directed,core_usable,stable_entity_graph,true,1,1,1,1,1,single_article,【本報記者艾倫特別報導】一九九八年四月八日佛誕節時，國際佛光總會輾轉自印度、西藏、泰國等地，將稀世珍寶釋迦牟尼真身舍利迎奉到台灣。⟂S⟂當時，佛牙舍利所經之處，瞻禮民眾摩肩擦踵的引頸期盼，為的就是能親炙佛光；⟂S⟂二○○三年的一月十二日，安奉佛牙舍利的佛陀紀念館終於在台灣高雄的佛光山舉行了安基典禮，五萬多名來自世界各地的佛光信徒和各宗教代表參與了安基儀式法會。,https://books.masterhsingyun.org/ArticleDetail/artcle19330
rel_3953273c355f,ent_6d90238cc786,舍利弗,BuddhistFigure,person_member_of_group,人物属于群体,ent_059514d0074d,十大弟子,Group,directed,core_usable,stable_entity_graph,true,1,1,1,1,1,single_article,「舍利子」是一個人的名字，就是舍利弗，他是佛陀十大弟子之首、智慧第一的弟子。,https://books.masterhsingyun.org/ArticleDetail/artcle1006
rel_6240163efdf5,ent_a7ac04cf2640,般舟三昧,DoctrineTerm,concept_defined_as,概念定义为,ent_bd68ae54ea00,修行,PracticeActivity,directed,core_usable,stable_entity_graph,true,1,0,0,0,1,single_article,什麼是般舟三昧？ ⟂S⟂ 就是要一百天不坐也不睡，一百天過後，那個修行的出家人像脫胎換骨一樣。,https://books.masterhsingyun.org/ArticleDetail/artcle11037
rel_f7dcf21600f7,ent_a7ac04cf2640,般舟三昧,DoctrineTerm,practice_aims_at_realm,实践趋向宗教境界,ent_86900e4a696c,淨土,DoctrineTerm,directed,core_usable,stable_entity_graph,true,1,0,0,0,1,single_article,乃至淨土宗的行者念佛求生淨土，亦須修十六觀*10及念佛三昧*11、般舟三昧*12；,https://books.masterhsingyun.org/ArticleDetail/artcle3972
rel_17a3a963994d,ent_96d1c770087d,般舟三昧經,Classic,classic_interpreted_as_doctrine,经典被阐释为教义或主张,ent_20798fe66615,三昧,DoctrineTerm,directed,core_usable,stable_entity_graph,true,1,0,0,0,1,single_article,中國淨土經典的傳譯，以支婁迦讖所譯《般舟三昧經》（一七九）為嚆矢。 ⟂S⟂ 該經雖未述及彌陀淨土的莊嚴，然僅謂依專念之法得見西方阿彌陀佛，即是說明三昧見佛法。,https://books.masterhsingyun.org/ArticleDetail/artcle6694
rel_b5e9dfe42242,ent_4c194eb34333,般若,DoctrineTerm,concept_defined_as,概念定义为,ent_b1e217884f50,智慧,DoctrineTerm,directed,core_usable,stable_entity_graph,true,6,2,2,2,4,multi_article,佛教講般若，般若就是智慧，但是般若的智慧，跟一般的智慧又不同。,https://books.masterhsingyun.org/ArticleDetail/artcle16007
rel_3a2b68d1f639,ent_4c194eb34333,般若,DoctrineTerm,concept_defined_as,概念定义为,ent_b265c0f135b0,涅槃,DoctrineTerm,directed,core_usable,stable_entity_graph,true,1,0,0,0,1,single_article,《般若經》說「理無所知、無所不知」的「般若」就是涅槃。,https://books.masterhsingyun.org/ArticleDetail/artcle3429
rel_deca8b44b226,ent_4c194eb34333,般若,DoctrineTerm,concept_defined_as,概念定义为,ent_f3f20d04ac35,諸法實相,DoctrineTerm,directed,core_usable,stable_entity_graph,true,3,2,2,2,3,multi_article,般若是正見緣起，了悟諸法空性的智慧，《大智度論》卷四十三說到「般若者，即一切諸法實相，不可破，不可壞。」⟂S⟂有了般若就能認識「緣起性空」，進而能證悟宇宙人生的真理，成就佛道，所以般若是菩提之「因」。⟂S⟂能夠認識「緣起性空」、「不生不滅」的諸法實相，就是般若。⟂S⟂因此，般若是一種能透徹宇宙真相的智慧。,https://books.masterhsingyun.org/ArticleDetail/artcle3973
rel_27ddc7a463a1,ent_4c194eb34333,般若,DoctrineTerm,concept_has_causal_role,概念具有因果角色,ent_d90879de5b44,菩提,DoctrineTerm,directed,core_usable,stable_entity_graph,true,4,4,4,4,4,multi_article,般若可以明白真實的樣子。⟂S⟂般若是正見緣起，了悟諸法空性的智慧，有了般若就能認識「緣起性空」，進而能證悟宇宙人生的真理，成就佛道，所以般若是菩提之「因」。⟂S⟂能夠認識「緣起性空」、「不生不滅」的諸法實相，就是般若。⟂S⟂因此，般若是一種能透澈宇宙實相的智慧。,https://books.masterhsingyun.org/ArticleDetail/artcle1001
rel_a6f5553facbb,ent_4c194eb34333,般若,DoctrineTerm,concept_has_quality,概念具有属性,ent_96ef6af74ecb,不生不滅,DoctrineTerm,directed,core_usable,stable_entity_graph,true,1,1,1,1,1,single_article,本分旨在敘述般若法「非斷非常」，不可用斷常之見思量，而且本是「不生不滅」的，不可用生滅之法來論議，因此般若法體「無斷無滅」。⟂S⟂前一分說到「不可以三十二相觀如來」，是遮眾生著相而求的「常見」，也就是「有見」；⟂S⟂這一分則是止眾生撥無因果的「斷滅空見」。⟂S⟂這兩種邪見都是偏執，不是佛法的大義。⟂S⟂真正的「空」，是超越有、無二邊，無實無虛的中道，不是什麼都沒有，而是即有即空、即空即有的「妙有真空」。,https://books.masterhsingyun.org/ArticleDetail/artcle929
rel_b7ed6a9ffbef,ent_4c194eb34333,般若,DoctrineTerm,doctrinal_entails,义理论证推出,ent_6475d71f00be,佛道,DoctrineTerm,directed,core_usable,stable_entity_graph,true,4,4,4,4,4,multi_article,般若可以明白真實的樣子。⟂S⟂般若是正見緣起，了悟諸法空性的智慧。⟂S⟂有了般若就能認識「緣起性空」，進而能證悟宇宙人生的真理，成就佛道，所以般若是菩提之「因」。⟂S⟂能夠認識「緣起性空」、「不生不滅」的諸法實相，就是般若。⟂S⟂因此，般若是一種能透徹宇宙實相的智慧。⟂S⟂,https://books.masterhsingyun.org/ArticleDetail/artcle17807
rel_cb13fe6b9641,ent_4c194eb34333,般若,DoctrineTerm,doctrinal_entails,义理论证推出,ent_c84e07b0932e,成佛,Concept,directed,core_usable,stable_entity_graph,true,1,1,1,1,1,single_article,換句話說，般若是正見「緣起」，了悟諸法「空性」的智慧；⟂S⟂能夠認識「緣起性空」、「不生不滅」的諸法實相，就是般若。⟂S⟂如《大智度論》說：「般若者，即一切諸法實相，不可破，不可壞。」⟂S⟂故知般若是一種能透澈宇宙真相的智慧，有了般若就能認識「緣起性空」，進而能證悟宇宙人生的真理，成就佛道，所以般若是諸佛之母，是成佛的要因；⟂S⟂沒有般若，就無法成佛，故而學佛首要之務，就是開發般若智慧。,https://books.masterhsingyun.org/ArticleDetail/artcle15648
rel_2f1847f8ce68,ent_4c194eb34333,般若,DoctrineTerm,doctrinal_entails,义理论证推出,ent_f76ae8b83972,真理,Concept,directed,core_usable,stable_entity_graph,true,2,2,2,2,2,multi_article,般若可以明白真實的樣子。⟂S⟂般若是正見緣起，了悟諸法空性的智慧，有了般若就能認識「緣起性空」，進而能證悟宇宙人生的真理，成就佛道，所以般若是菩提之「因」。⟂S⟂能夠認識「緣起性空」、「不生不滅」的諸法實相，就是般若。⟂S⟂因此，般若是一種能透澈宇宙實相的智慧。,https://books.masterhsingyun.org/ArticleDetail/artcle1001
rel_51c4362a0916,ent_4c194eb34333,般若,DoctrineTerm,doctrinal_entails,义理论证推出,ent_8af9d29d58e3,解脫,DoctrineTerm,directed,core_usable,stable_entity_graph,true,2,2,2,2,2,multi_article,可見大師的說明旨在明辨：般若智慧是不同於一般智慧或世俗知識的一種特殊智慧，般若智慧是為了人們離於煩惱、獲得解脫的智慧。,https://books.masterhsingyun.org/ArticleDetail/artcle24075
rel_4ae528283c20,ent_4c194eb34333,般若,DoctrineTerm,doctrinal_entails,义理论证推出,ent_f3f20d04ac35,諸法實相,DoctrineTerm,directed,core_usable,stable_entity_graph,true,1,1,1,1,1,single_article,般若的妙用不僅在徹悟諸法實相，離一切虛妄而得解脫，更重要的是，菩薩行六度波羅蜜時，以般若為首，則能「喜捨不作施想，持戒不著戒相，忍辱離於我執，精進不生驕慢，禪修不戀定境」。⟂S⟂所以經云：「般若為導，五度為伴；⟂S⟂若無般若，五度如盲。」⟂S⟂意思是說，五度是世間法，因為有般若才能成為出世間法。,https://books.masterhsingyun.org/ArticleDetail/artcle425
rel_8442bc02d311,ent_4c194eb34333,般若,DoctrineTerm,doctrinal_entails,义理论证推出,ent_5ebb7ea1e87e,緣起性空,DoctrineTerm,directed,core_usable,stable_entity_graph,true,2,2,2,2,2,multi_article,般若可以明白真實的樣子。⟂S⟂般若是正見緣起，了悟諸法空性的智慧，有了般若就能認識「緣起性空」，進而能證悟宇宙人生的真理，成就佛道，所以般若是菩提之「因」。⟂S⟂能夠認識「緣起性空」、「不生不滅」的諸法實相，就是般若。⟂S⟂因此，般若是一種能透澈宇宙實相的智慧。,https://books.masterhsingyun.org/ArticleDetail/artcle1001
rel_ef89b5d5441d,ent_45e7c3f3e424,般若心經,Classic,classic_interpreted_as_doctrine,经典被阐释为教义或主张,ent_b9466da1d262,佛教,DoctrineTerm,directed,core_usable,stable_entity_graph,true,1,0,0,0,1,single_article,我覺得《般若心經》雖然只有二百六十個字，卻值得花上一生的時間來了解。 ⟂S⟂ 這部經主要在說明佛教的宇宙觀、人生觀。,https://books.masterhsingyun.org/ArticleDetail/artcle16318
rel_ca54c1064b4b,ent_45e7c3f3e424,般若心經,Classic,classic_part_of_classic,经典篇章隶属于经典,ent_e60b8f7bb836,大品般若經,Classic,directed,core_usable,stable_entity_graph,true,2,1,1,1,2,single_article,因此《心經》雖屬《大品般若》之內，要在印度佛教史上考其流通史實，卻不甚明了，且在印度、西域等地未發現《心經》的梵文原典。,https://books.masterhsingyun.org/ArticleDetail/artcle22919
rel_d167f36d31e0,ent_45e7c3f3e424,般若心經,Classic,classic_states_or_mentions_doctrine,经典陈述或提及教义,ent_ad979620bf9f,不增不減,Concept,directed,core_usable,stable_entity_graph,true,2,2,2,2,2,multi_article,《般若心經》以「不生不滅，不垢不淨，不增不減」六個「不」來形容。⟂S⟂所謂「不生不滅」是說明一切事物的個體存在不存在。,https://books.masterhsingyun.org/ArticleDetail/artcle1008
rel_8084cde2bd50,ent_45e7c3f3e424,般若心經,Classic,classic_states_or_mentions_doctrine,经典陈述或提及教义,ent_96ef6af74ecb,不生不滅,DoctrineTerm,directed,core_usable,stable_entity_graph,true,5,4,4,2,5,multi_article,《般若心經》云：「是諸法空相，不生不滅，不垢不淨，不增不減……」世間諸法，皆由因緣和合而生；⟂S⟂既然憑藉因緣而生，即非實有，所以說不生；⟂S⟂因緣離散而諸法滅，既先已無生，何得有滅？⟂S⟂所以說不滅。⟂S⟂因緣生，雖生而不起；⟂S⟂因緣滅，雖滅而不失，生滅宛然而不生不滅，所以，不生不滅不是世間上的斷見、常見。⟂S⟂斷見、常見各偏於一邊，不生不滅是一個本來的、本然的事理，是出世間的真理。,https://books.masterhsingyun.org/ArticleDetail/artcle162
rel_94ce89d00f2c,ent_45e7c3f3e424,般若心經,Classic,classic_states_or_mentions_doctrine,经典陈述或提及教义,ent_fbc6e05ae244,五蘊皆空,DoctrineTerm,directed,core_usable,stable_entity_graph,true,1,1,1,1,1,single_article,但是，一般人都害怕生病，所謂「英雄只怕病來磨」，佛教講「修行人要帶三分病」，有時身體上有小小的病痛，反而能增長道心，成為學佛的增上緣，重要的是心理要健康。⟂S⟂所以當病苦來時，要能正見身體是四大五蘊和合而有，能夠如《般若心經》所說：「照見五蘊皆空」，自能度一切苦厄，自能不驚不怖，自能遠離顛倒夢想，自能解脫自在。,https://books.masterhsingyun.org/ArticleDetail/artcle14635
rel_7efbd9da7d7f,ent_45e7c3f3e424,般若心經,Classic,classic_states_or_mentions_doctrine,经典陈述或提及教义,ent_2f6d98148d0e,空相,DoctrineTerm,directed,core_usable,stable_entity_graph,true,3,1,1,1,3,single_article,高雄市副市長洪東煒代表市長韓國瑜出席致意，他表示，星雲大師的一筆字從四個點出發，就是「給人信心、給人歡喜、給人希望、給人方便」，如同《心經》的諸法空相，《金剛經》的「一切有為法，如夢幻泡影」，實踐戒定慧與慈悲喜捨。⟂S⟂此次座談會與會者都是各界精英，相信最後殊途同歸，就是慈悲為懷，普度眾生。,https://books.masterhsingyun.org/ArticleDetail/artcle19813
rel_1509d3b8864d,ent_65060de1af69,般若波羅蜜,DoctrineTerm,concept_defined_as,概念定义为,ent_f3f20d04ac35,諸法實相,DoctrineTerm,directed,core_usable,stable_entity_graph,true,2,1,1,1,2,single_article,般若是正見緣起，了悟諸法空性的智慧，《大智度論》說：「般若波羅蜜者，是一切諸法實相，不可破，不可壞。」,https://books.masterhsingyun.org/ArticleDetail/artcle425
rel_e274529ecc06,ent_f488e42f9741,般若經,Classic,classic_states_or_mentions_doctrine,经典陈述或提及教义,ent_5d4dc6a775ae,空,DoctrineTerm,directed,core_usable,stable_entity_graph,true,1,0,0,0,1,single_article,經中成立了種種的空，「空」，是《般若經》的心要。 ⟂S⟂ 此經所說的空，與無生、真如、法界、涅槃等同一內容。,https://books.masterhsingyun.org/ArticleDetail/artcle7579
rel_7f14dc076796,ent_f488e42f9741,般若經,Classic,classic_states_or_mentions_doctrine,经典陈述或提及教义,ent_4fb8d09ae94c,諸法,DoctrineTerm,directed,core_usable,stable_entity_graph,true,1,1,1,1,1,single_article,所謂「色心並舉」，大師指出，《華嚴經》說：「若人欲了知，三世一切佛，應觀法界性，一切唯心造。」⟂S⟂華嚴宗主張三界都是一心所作，也就是說，客觀的世界，須有主觀的心照射之，方能現出客觀事象。⟂S⟂而且客觀的世界映入我人眼中，由主觀加以認識，全憑心智，所以《般若經》說：「於一切法，心為善導，若能知心，悉知眾法，種種世法，皆由心生。」⟂S⟂離卻心識，則無萬象可談，所以說：「三界唯心，萬法唯識。」⟂S⟂佛法以一心統攝諸法，並不落於一邊，而是借現實以啟發心靈，本心靈以照見現實，這就是不偏唯心、不偏唯物，色心並舉的中道觀。⟂S⟂,https://books.masterhsingyun.org/ArticleDetail/artcle15648
rel_b43123e76a7d,ent_5696fb95f7b4,藥師琉璃光如來本願功德經,Classic,classic_states_or_mentions_doctrine,经典陈述或提及教义,ent_4a2ef8a8e8c5,信受奉行,PracticeActivity,directed,core_usable,stable_entity_graph,true,1,1,1,1,1,single_article,佛經中記載，佛陀講經時，總有來自十方的信眾與會聆聽，在聽聞法義後，皆大歡喜，信受奉行。⟂S⟂以《藥師經》為例，在序分中陳述：「如是我聞：一時，薄伽梵（佛陀）遊化諸國，至廣嚴城，住樂音樹下，與大比丘眾八千人俱，菩薩摩訶薩三萬六千，及國王、大臣、婆羅門、居士、天、龍、藥叉、人非人等，無量大眾恭敬圍繞而為說法。」⟂S⟂在流通分裡則說：「時薄伽梵說是語已，諸菩薩摩訶薩及大聲聞、國王、大臣、婆羅門、居士、天、龍、藥叉、乾闥婆、阿修羅、迦樓羅、緊那羅、摩睺羅伽、人非人等一切大眾，聞佛所說，皆大歡喜，信受奉行。」⟂S⟂以上說明佛教的護法在佛陀時代就已包羅十方諸眾了。⟂S⟂今簡介佛教護法的事蹟如下：,https://books.masterhsingyun.org/ArticleDetail/artcle8754
rel_b88a21bcbe36,ent_5696fb95f7b4,藥師琉璃光如來本願功德經,Classic,classic_states_or_mentions_doctrine,经典陈述或提及教义,ent_63b8f0ed08d1,誓願,DoctrineTerm,directed,core_usable,stable_entity_graph,true,1,1,1,1,1,single_article,根據佛經記載，當初佛陀講經時，有許多諸天善神前來聆聽，並且誓願護持正法，如《藥師經》裡，十二藥叉大將對佛陀說：「世尊！⟂S⟂我等今者，蒙佛威力……盡形歸佛法僧，誓當荷負一切有情，為作義利，饒益安樂，……若有流布此經，……恭敬供養者，我等眷屬衛護是人……」可說天龍八部、四大金剛、八大金剛、天王、天將等，就是佛陀的護法金剛。,https://books.masterhsingyun.org/ArticleDetail/artcle9500
rel_d42995d925b8,ent_5cadf5ee13d5,蓮池大師,Person,person_advocates_doctrine,人物倡导教义,ent_39be9be3e203,法門,DoctrineTerm,directed,core_usable,stable_entity_graph,true,1,0,0,0,1,single_article,這一首偈語是清朝雍正皇帝所寫，雍正曾經親近過明末四大高僧之一的蓮池大師，提倡念佛法門，對於近代的佛教可說影響甚大。,https://books.masterhsingyun.org/ArticleDetail/artcle14156
rel_fb26fcf34dfb,ent_5cadf5ee13d5,蓮池大師,Person,person_performs_practice,人物实践修行,ent_3f29c09ead57,念佛三昧,PracticeActivity,directed,core_usable,stable_entity_graph,true,1,0,0,0,1,single_article,八祖明代蓮池大師（即雲棲袾宏）精修念佛三昧，一生行持淨土，重視經教，撰《阿彌陀經疏鈔》，強調「信、願、行」三資糧為往生淨土之要；,https://books.masterhsingyun.org/ArticleDetail/artcle8767
rel_9a4b70d8827b,ent_d90879de5b44,菩提,DoctrineTerm,concept_defined_as,概念定义为,ent_d81e1b51adb7,發願,PracticeActivity,directed,core_usable,stable_entity_graph,true,1,0,0,0,1,single_article,菩提是什麼？ ⟂S⟂ 就是發願「上求佛道，下化眾生」。,https://books.masterhsingyun.org/ArticleDetail/artcle14106
rel_308495171784,ent_d90879de5b44,菩提,DoctrineTerm,concept_defined_as,概念定义为,ent_ab2f02643d52,正覺,DoctrineTerm,directed,core_usable,stable_entity_graph,true,1,0,0,0,1,single_article,菩提就是正知、正覺，只要發起正覺的菩提之心，讓貪瞋愚痴無所遁形，煩惱就無由生起。,https://books.masterhsingyun.org/ArticleDetail/artcle6319
rel_632fd03a99bb,ent_d90879de5b44,菩提,DoctrineTerm,concept_defined_as,概念定义为,ent_7218629ab8b8,自性,DoctrineTerm,directed,core_usable,stable_entity_graph,true,2,0,0,0,1,single_article,*2菩提自性……句：菩提就是自性，這個自性本來清淨。,https://books.masterhsingyun.org/ArticleDetail/artcle23069
rel_6714857bc7db,ent_8c02f36de671,菩提心,DoctrineTerm,concept_defined_as,概念定义为,ent_a6b94c65c717,人間佛教,Concept,directed,core_usable,stable_entity_graph,true,1,0,0,0,1,single_article,菩提心就是人間佛教。,https://books.masterhsingyun.org/ArticleDetail/artcle105
rel_5522b4cea221,ent_8c02f36de671,菩提心,DoctrineTerm,concept_defined_as,概念定义为,ent_6475d71f00be,佛道,DoctrineTerm,directed,core_usable,stable_entity_graph,true,5,0,0,0,1,single_article,什麼是菩提心呢？ ⟂S⟂ 就是「上求佛道，下化眾生」的心。,https://books.masterhsingyun.org/ArticleDetail/artcle9383
rel_df15ed38bfcf,ent_8c02f36de671,菩提心,DoctrineTerm,concept_has_subconcept,概念包含下位概念,ent_7b6b30866e87,增上心,DoctrineTerm,directed,core_usable,stable_entity_graph,true,1,0,0,0,1,single_article,當然菩薩道裡面涵蓋了人天乘、聲聞緣覺乘的內容，菩提心中包含增上心、出離心的內容。,https://books.masterhsingyun.org/ArticleDetail/artcle17776
rel_e9162481cae9,ent_8c02f36de671,菩提心,DoctrineTerm,concept_has_subconcept,概念包含下位概念,ent_b1e217884f50,智慧,DoctrineTerm,directed,core_usable,stable_entity_graph,true,1,0,0,0,1,single_article,一個菩提心裡包含了勇敢、智慧、般若、積極、向善、向上，力量是很大的。,https://books.masterhsingyun.org/ArticleDetail/artcle11026
rel_28c40fb6151e,ent_8c02f36de671,菩提心,DoctrineTerm,concept_has_subconcept,概念包含下位概念,ent_4c194eb34333,般若,DoctrineTerm,directed,core_usable,stable_entity_graph,true,1,0,0,0,1,single_article,一個菩提心裡包含了勇敢、智慧、般若、積極、向善、向上，力量是很大的。,https://books.masterhsingyun.org/ArticleDetail/artcle11026
rel_5b4f89dc18c0,ent_30526f889912,菩提樹,DoctrineTerm,concept_has_subconcept,概念包含下位概念,ent_a6b94c65c717,人間佛教,Concept,directed,core_usable,stable_entity_graph,true,1,0,0,0,1,single_article,我很高興，亞中將這幾年來在《人間福報》所發表的文章，集結為《菩提樹下談政治》出版。 ⟂S⟂ 這本書包含面非常廣，有對人間佛教的理解，有對台灣當前政治問題的分析，更有對兩岸關係提出了非常精闢的思考與見解。,https://books.masterhsingyun.org/ArticleDetail/artcle21874
rel_72f0e1090a8b,ent_1f6a9e7ed2ae,菩薩,BuddhistFigure,figure_practices_tradition,人物实践宗派传统,ent_5185d3428d4f,大乘,SchoolTradition,directed,core_usable,stable_entity_graph,true,16,0,0,0,1,single_article,菩薩實踐大乘的信仰，如《華嚴經‧淨行品》云：「於諸佛法，心無所礙，住去、來、今諸佛之道；,https://books.masterhsingyun.org/ArticleDetail/artcle4003
rel_ecef912b93c8,ent_1f6a9e7ed2ae,菩薩,BuddhistFigure,person_performs_practice,人物实践修行,ent_6a3461f57183,二十五圓通,DoctrineTerm,directed,core_usable,stable_entity_graph,true,2,0,0,0,1,single_article,佛法重在多聞薰習，菩薩修二十五圓通，耳根圓通是一個重要的修行；,https://books.masterhsingyun.org/ArticleDetail/artcle15099
rel_9de7882b79f4,ent_1f6a9e7ed2ae,菩薩,BuddhistFigure,person_performs_practice,人物实践修行,ent_72572651290c,佛果,DoctrineTerm,directed,core_usable,stable_entity_graph,true,1,0,0,0,1,single_article,*1無量阿僧祇劫：佛教指菩薩修行成滿至佛果所須經歷之時間。,https://books.masterhsingyun.org/ArticleDetail/artcle14376
rel_e0a314620917,ent_1f6a9e7ed2ae,菩薩,BuddhistFigure,person_performs_practice,人物实践修行,ent_e148ca0687f4,佛法,DoctrineTerm,directed,core_usable,stable_entity_graph,true,1,0,0,0,1,single_article,這段經文把佛陀說法立教理解為「如燈傳照」，聲聞、菩薩修學佛法，證得法性，則能為他人宣說甚深佛法。,https://books.masterhsingyun.org/ArticleDetail/artcle24075
rel_5808e8d69225,ent_1f6a9e7ed2ae,菩薩,BuddhistFigure,person_performs_practice,人物实践修行,ent_6475d71f00be,佛道,DoctrineTerm,directed,core_usable,stable_entity_graph,true,1,0,0,0,1,single_article,菩薩修學佛道，當他們發了願心之後，除非眾生度盡，否則絕不輕易放下眾生的生死不管，而自求解脫的。,https://books.masterhsingyun.org/ArticleDetail/artcle2960
rel_9333f0721a9f,ent_1f6a9e7ed2ae,菩薩,BuddhistFigure,person_performs_practice,人物实践修行,ent_4537e27a25f1,八萬四千法門,DoctrineTerm,directed,core_usable,stable_entity_graph,true,1,0,0,0,1,single_article,菩薩雖廣修八萬四千法門，但所有法門皆融攝於六度波羅蜜。,https://books.masterhsingyun.org/ArticleDetail/artcle260
rel_02676478b107,ent_1f6a9e7ed2ae,菩薩,BuddhistFigure,person_performs_practice,人物实践修行,ent_69277f40cb1e,六度,DoctrineTerm,directed,core_usable,stable_entity_graph,true,7,0,0,0,1,single_article,菩薩修六度萬行，以「布施」一義，即可含攝其他五度：,https://books.masterhsingyun.org/ArticleDetail/artcle324
rel_4b1baac26598,ent_1f6a9e7ed2ae,菩薩,BuddhistFigure,person_performs_practice,人物实践修行,ent_204dc8c4207b,六波羅蜜,DoctrineTerm,directed,core_usable,stable_entity_graph,true,4,0,0,0,1,single_article,菩薩在三大阿僧祇劫中，修持三十七道品、四攝法、六波羅蜜，乃至實踐十波羅蜜，漸漸超凡入聖；,https://books.masterhsingyun.org/ArticleDetail/artcle9085
rel_751d330e55e0,ent_1f6a9e7ed2ae,菩薩,BuddhistFigure,person_performs_practice,人物实践修行,ent_9f4e43b60b58,功德,DoctrineTerm,directed,core_usable,stable_entity_graph,true,5,0,0,0,1,single_article,二是菩薩的授記，菩薩修諸功德，證得法性，終將成佛，故授果記。,https://books.masterhsingyun.org/ArticleDetail/artcle280
rel_a04e9ea680dd,ent_1f6a9e7ed2ae,菩薩,BuddhistFigure,person_performs_practice,人物实践修行,ent_5b942c31ca5d,四攝法,DoctrineTerm,directed,core_usable,stable_entity_graph,true,2,0,0,0,1,single_article,除此之外，菩薩還要修持布施、愛語、利行、同事的四攝法。,https://books.masterhsingyun.org/ArticleDetail/artcle3706
rel_a9c2b8b9444a,ent_1f6a9e7ed2ae,菩薩,BuddhistFigure,person_performs_practice,人物实践修行,ent_702742d0629d,聖行,PracticeActivity,directed,core_usable,stable_entity_graph,true,1,0,0,0,1,single_article,佛陀為迦葉說菩薩應修聖行、梵行、天行、嬰兒行、病行五種行。,https://books.masterhsingyun.org/ArticleDetail/artcle23486
rel_970d51536ead,ent_1f6a9e7ed2ae,菩薩,BuddhistFigure,person_performs_practice,人物实践修行,ent_c40190eb080a,嬰兒行,Concept,directed,core_usable,stable_entity_graph,true,1,0,0,0,1,single_article,說菩薩應修嬰兒行。,https://books.masterhsingyun.org/ArticleDetail/artcle23486
rel_a691610a7d91,ent_1f6a9e7ed2ae,菩薩,BuddhistFigure,person_performs_practice,人物实践修行,ent_9f91ac56d2de,律儀戒,DoctrineTerm,directed,core_usable,stable_entity_graph,true,1,0,0,0,1,single_article,此戒為修善門，是菩薩所修持的律儀戒。,https://books.masterhsingyun.org/ArticleDetail/artcle7572
rel_cc831717b9f7,ent_1f6a9e7ed2ae,菩薩,BuddhistFigure,person_performs_practice,人物实践修行,ent_f6a83986c467,心觀,PracticeActivity,directed,core_usable,stable_entity_graph,true,1,0,0,0,1,single_article,由於彌勒菩薩常修慈心觀，發誓不殺生，不吃眾生肉，與眾生結緣度化時，處處以慈為念，因此稱為慈氏。,https://books.masterhsingyun.org/ArticleDetail/artcle3855
rel_d551b95feb9d,ent_1f6a9e7ed2ae,菩薩,BuddhistFigure,person_performs_practice,人物实践修行,ent_bfa25054d01d,忍辱波羅蜜,DoctrineTerm,directed,core_usable,stable_entity_graph,true,2,0,0,0,1,single_article,《法集經》中曾提及菩薩修行忍辱波羅蜜有六種功德力：,https://books.masterhsingyun.org/ArticleDetail/artcle5021
rel_ee76510551d0,ent_1f6a9e7ed2ae,菩薩,BuddhistFigure,person_performs_practice,人物实践修行,ent_278a242d4650,惡,Concept,directed,core_usable,stable_entity_graph,true,1,0,0,0,1,single_article,菩薩修行滅惡生善，為守護身、口、意三業之清淨，而不與絲毫之惡共俱；,https://books.masterhsingyun.org/ArticleDetail/artcle22927
rel_cd91ffec3341,ent_1f6a9e7ed2ae,菩薩,BuddhistFigure,person_performs_practice,人物实践修行,ent_809a27b54503,慈善,Concept,directed,core_usable,stable_entity_graph,true,1,0,0,0,1,single_article,菩薩修慈善之行，然於諸法亦無所滯礙；,https://books.masterhsingyun.org/ArticleDetail/artcle22927
rel_704d69d70e0c,ent_1f6a9e7ed2ae,菩薩,BuddhistFigure,person_performs_practice,人物实践修行,ent_cf26f7ad8f86,慈悲,DoctrineTerm,directed,core_usable,stable_entity_graph,true,2,0,0,0,1,single_article,*1又稱慈三昧、白光明慈三昧、大慈三昧，或稱慈心觀，是大乘菩薩修慈悲行的根本。,https://books.masterhsingyun.org/ArticleDetail/artcle4621
rel_846a0a3e4aa8,ent_1f6a9e7ed2ae,菩薩,BuddhistFigure,person_performs_practice,人物实践修行,ent_c84e07b0932e,成佛,Concept,directed,core_usable,stable_entity_graph,true,1,0,0,0,1,single_article,這是大乘佛教中菩薩修行成佛的必由之路，亦是自度度他、自利利人的實踐法門。,https://books.masterhsingyun.org/ArticleDetail/artcle24086
rel_b3864f7205e2,ent_1f6a9e7ed2ae,菩薩,BuddhistFigure,person_performs_practice,人物实践修行,ent_ea91ad328368,成就,DoctrineTerm,directed,core_usable,stable_entity_graph,true,1,0,0,0,1,single_article,在佛法中，仁心即是慈悲心，推眾生心為己心，諸佛菩薩修行成就之源，皆始於因慈悲而發起的菩提心。,https://books.masterhsingyun.org/ArticleDetail/artcle24113
rel_146b63e2ab44,ent_1f6a9e7ed2ae,菩薩,BuddhistFigure,person_performs_practice,人物实践修行,ent_39be9be3e203,法門,DoctrineTerm,directed,core_usable,stable_entity_graph,true,6,0,0,0,1,single_article,如您所說的菩薩修行法門，我定當奉行。,https://books.masterhsingyun.org/ArticleDetail/artcle2080
rel_10a68e22f4a4,ent_1f6a9e7ed2ae,菩薩,BuddhistFigure,person_performs_practice,人物实践修行,ent_613619ddfbdf,波羅蜜,DoctrineTerm,directed,core_usable,stable_entity_graph,true,1,0,0,0,1,single_article,菩薩修前五種波羅蜜，恆以般若為其母，若離般若皆不成就，解脫涅槃皆不能得。,https://books.masterhsingyun.org/ArticleDetail/artcle23181
rel_2bc2872c4234,ent_1f6a9e7ed2ae,菩薩,BuddhistFigure,person_performs_practice,人物实践修行,ent_65060de1af69,般若波羅蜜,DoctrineTerm,directed,core_usable,stable_entity_graph,true,3,0,0,0,1,single_article,此菩薩常以勇猛心，修般若波羅蜜之行。,https://books.masterhsingyun.org/ArticleDetail/artcle4379
rel_4a814738a777,ent_1f6a9e7ed2ae,菩薩,BuddhistFigure,person_performs_practice,人物实践修行,ent_7f440e9c5bcf,菩薩道,DoctrineTerm,directed,core_usable,stable_entity_graph,true,3,0,0,0,1,single_article,農曆元月一日是當來下生彌勒菩薩的聖誕，彌勒菩薩當初與釋迦牟尼佛一起修行，由於彼此發心不同，因此釋迦牟尼佛早已成佛，而彌勒菩薩現仍在兜率內院修菩薩道。,https://books.masterhsingyun.org/ArticleDetail/artcle15187
rel_f4ecbe9b9c99,ent_b6a37c43e816,菩薩戒,Concept,concept_defined_as,概念定义为,ent_e148ca0687f4,佛法,DoctrineTerm,directed,core_usable,stable_entity_graph,true,1,0,0,0,1,single_article,你受菩薩戒，菩薩戒就是佛法；,https://books.masterhsingyun.org/ArticleDetail/artcle16280
rel_5ec65cf2d892,ent_b6a37c43e816,菩薩戒,Concept,concept_has_subconcept,概念包含下位概念,ent_4799c54a7635,攝善法戒,DoctrineTerm,directed,core_usable,stable_entity_graph,true,1,0,0,0,1,single_article,菩薩戒包含了防非止惡的「攝律儀戒」（大小乘一切戒律均攝護之，使斷絕一切諸惡），勤修善法的「攝善法戒」（總攝一切諸善功德，修行一切善事）及「饒益有情戒」（廣度無量無邊的一切眾生）。,https://books.masterhsingyun.org/ArticleDetail/artcle8836
rel_7098e66dda02,ent_b6a37c43e816,菩薩戒,Concept,concept_has_subconcept,概念包含下位概念,ent_02b251ee97af,攝律儀戒,DoctrineTerm,directed,core_usable,stable_entity_graph,true,1,0,0,0,1,single_article,菩薩戒包含了防非止惡的「攝律儀戒」（大小乘一切戒律均攝護之，使斷絕一切諸惡），勤修善法的「攝善法戒」（總攝一切諸善功德，修行一切善事）及「饒益有情戒」（廣度無量無邊的一切眾生）。,https://books.masterhsingyun.org/ArticleDetail/artcle8836
rel_c5809f494bf7,ent_b6a37c43e816,菩薩戒,Concept,concept_has_subconcept,概念包含下位概念,ent_4cbb79674ae0,饒益有情戒,DoctrineTerm,directed,core_usable,stable_entity_graph,true,1,0,0,0,1,single_article,菩薩戒包含了防非止惡的「攝律儀戒」（大小乘一切戒律均攝護之，使斷絕一切諸惡），勤修善法的「攝善法戒」（總攝一切諸善功德，修行一切善事）及「饒益有情戒」（廣度無量無邊的一切眾生）。,https://books.masterhsingyun.org/ArticleDetail/artcle8836
rel_a32666e7ce80,ent_b5ed1a3bd269,菩薩摩訶薩,BuddhistFigure,person_performs_practice,人物实践修行,ent_451aac4b11fb,讚歎,PracticeActivity,directed,core_usable,stable_entity_graph,true,1,1,1,1,1,single_article,《摩訶般若波羅蜜經》云：「是菩薩摩訶薩若行檀那波羅蜜時，自行布施亦教人布施，讚歎布施功德，歡喜讚歎行布施者，以是布施因緣故得大財富。」⟂S⟂也就是說，不但自己歡喜布施，若教他人布施，並歡喜讚歎他布施的功德，自己也會因為這個歡喜讚歎而得到大功德。,https://books.masterhsingyun.org/ArticleDetail/artcle2071
rel_52ff3a93b501,ent_e427f4e4a46f,菩薩行,Concept,concept_is_foundation_of,概念构成另一概念或实践的基础,ent_b2fed7536a6c,人間佛教思想,Concept,directed,core_usable,stable_entity_graph,true,1,1,1,1,1,single_article,人間佛教理念來自於佛光山對佛陀一脈相承教法的深刻體證。⟂S⟂星雲大師非常注重從藏經佛典裡披尋人間佛教的經典依據，在《佛教叢書（十）人間佛教》中，收錄有經論及祖師大德法語近百則，為人間佛教的傳承提供經證。⟂S⟂從《華嚴經》和「心、佛、眾生，三無差別」的生佛不二思想和「但願眾生得離苦，不為自己求安樂」的菩薩行，追溯人間佛教思想的基礎；⟂S⟂以《維摩詰經》「心淨國土淨」的思想為據，建構出人間佛教的生活藍圖。⟂S⟂此外，還廣泛拈舉《阿含經》、《大寶積經》、《善生經》、《佛遺教經》、《佛說孛經抄》、《優婆塞戒經》等諸經，作為人間佛教的實踐依據。,https://books.masterhsingyun.org/ArticleDetail/artcle17788
rel_610a7cfa7d3b,ent_7f440e9c5bcf,菩薩道,DoctrineTerm,concept_defined_as,概念定义为,ent_a6b94c65c717,人間佛教,Concept,directed,core_usable,stable_entity_graph,true,1,0,0,0,1,single_article,有出世的思想，又能做入世的事業，是為菩薩道，菩薩道就是人間佛教。,https://books.masterhsingyun.org/ArticleDetail/artcle10866
rel_54e884bf5699,ent_7f440e9c5bcf,菩薩道,DoctrineTerm,concept_defined_as,概念定义为,ent_85741f590903,自覺,DoctrineTerm,directed,core_usable,stable_entity_graph,true,1,0,0,0,1,single_article,何謂菩薩道？ ⟂S⟂ 就是「自度度他、自覺覺人」。,https://books.masterhsingyun.org/ArticleDetail/artcle16308
rel_c51b4bbabb0a,ent_7f440e9c5bcf,菩薩道,DoctrineTerm,doctrine_constrained_by,义理受条件或范围限制,ent_6252f39caa13,發心,PracticeActivity,directed,core_usable,stable_entity_graph,true,2,2,2,2,2,multi_article,所以，我們要行菩薩道，必須常常鼓舞自己，發心進取、發心創造。,https://books.masterhsingyun.org/ArticleDetail/artcle16750
rel_e867f5a66690,ent_7f440e9c5bcf,菩薩道,DoctrineTerm,doctrine_constrained_by,义理受条件或范围限制,ent_bfa25054d01d,忍辱波羅蜜,DoctrineTerm,directed,core_usable,stable_entity_graph,true,1,1,1,1,1,single_article,所以，在各部大乘經典中，都不斷地倡導修習菩薩道的過程，必須重視忍辱波羅蜜。,https://books.masterhsingyun.org/ArticleDetail/artcle102
rel_030711b8f9de,ent_7f440e9c5bcf,菩薩道,DoctrineTerm,doctrine_constrained_by,义理受条件或范围限制,ent_c3829e67adc5,總願,DoctrineTerm,directed,core_usable,stable_entity_graph,true,1,1,1,1,1,single_article,為修學菩薩道必須發起的四種廣大之願，也是諸佛菩薩的總願，分別為：眾生無邊誓願度、煩惱無盡誓願斷、法門無量誓願學、佛道無上誓願成。,https://books.masterhsingyun.org/ArticleDetail/artcle15116
rel_155bd9d2a390,ent_7f440e9c5bcf,菩薩道,DoctrineTerm,doctrine_constrained_by,义理受条件或范围限制,ent_cf26f7ad8f86,慈悲,DoctrineTerm,directed,core_usable,stable_entity_graph,true,1,1,1,1,1,single_article,所謂「欲為諸佛龍象，先做眾生馬牛」，是學習菩薩道，必須抱持慈悲救世熱忱的最佳說明。,https://books.masterhsingyun.org/ArticleDetail/artcle3428
rel_26b4840e16a9,ent_7f440e9c5bcf,菩薩道,DoctrineTerm,doctrine_constrained_by,义理受条件或范围限制,ent_4c194eb34333,般若,DoctrineTerm,directed,core_usable,stable_entity_graph,true,5,5,5,2,5,multi_article,如大師說：「一個實踐菩薩道的行者，除了必須具備般若智慧以外，還要有度眾生的方便。」,https://books.masterhsingyun.org/ArticleDetail/artcle24075
rel_dbbd50d1beaf,ent_7f440e9c5bcf,菩薩道,DoctrineTerm,doctrine_constrained_by,义理受条件或范围限制,ent_8c02f36de671,菩提心,DoctrineTerm,directed,core_usable,stable_entity_graph,true,1,1,1,1,1,single_article,人間佛教是「入世重於出世，生活重於生死，利他重於自利，普濟重於獨修」，如果沒有菩提心，就無法修學菩薩道；⟂S⟂因此，唯有發菩提心的人，才堪任人間佛教的責任，才堪弘揚人間佛教。,https://books.masterhsingyun.org/ArticleDetail/artcle73
rel_50032b2e3c68,ent_7f440e9c5bcf,菩薩道,DoctrineTerm,practice_aims_at_doctrinal_state,实践趋向教义境界,ent_6475d71f00be,佛道,DoctrineTerm,directed,core_usable,stable_entity_graph,true,1,1,1,1,1,single_article,為了達成這個目標，大師倡議：「人間佛教以實踐菩薩道為修行，也就是以大悲為上首，以示教利喜為方便，普遍饒益世間的有情眾生，而完成佛道，這是人間佛教生活的最極致。」⟂S⟂（《星雲日記》）大師躬親實踐，身先表率，他學習觀世音菩薩的三十二化身，遊諸國土，度脫眾生，常年不辭勞苦的雲遊五大洲，接引弘化，行止不定，忽而飛往歐洲，一下子在美洲，一會兒又前往澳洲。⟂S⟂為了接引外籍人士，他到菲律賓、巴西、智利等天主教、基督教國家弘法；⟂S⟂為了度化海外華僑，他到印尼、馬來西亞等回教國家傳教；⟂S⟂為了落實寺院本土化，他在南非為黑人弟子主持剃度典禮……,https://books.masterhsingyun.org/ArticleDetail/artcle15694
rel_6c13fd949e4a,ent_7f440e9c5bcf,菩薩道,DoctrineTerm,practice_aims_at_doctrinal_state,实践趋向教义境界,ent_e1e722a4b506,解脫道,DoctrineTerm,directed,core_usable,stable_entity_graph,true,1,1,1,1,1,single_article,對於具有人天乘入世精神，又有聲聞緣覺出世思想的人，稱為菩薩乘。⟂S⟂其中，菩薩道是既求解脫道又不捨人天行的殊勝法門，可以說是一乘法的實踐者。,https://books.masterhsingyun.org/ArticleDetail/artcle24318
rel_14d27677d4a1,ent_7f440e9c5bcf,菩薩道,DoctrineTerm,practice_has_component,实践包含组成环节,ent_69277f40cb1e,六度,DoctrineTerm,directed,core_usable,stable_entity_graph,true,1,1,1,1,1,single_article,佛教將修行證悟的境界分成五種次第，也就是所謂的「五乘佛法」。⟂S⟂「五乘佛法」依序為先修人乘的五戒，再進而修持天乘的十善法門。⟂S⟂人天二乘的世間法修學完畢之後，要參究聲聞乘的四諦真理，然後是緣覺乘的十二緣起，最後則要實踐菩薩道的六度，從完成人生之中完成自己，聲聞、緣覺雖然已經超凡入聖，但僅僅是只求自利自了的出世間聖者，不能積極地去救度倒懸，唯有懷抱「但願眾生得離苦，不為自己求安樂」的慈悲胸襟，出世而入世廣濟群倫的大乘菩薩，才是佛教所要求的最高境界。,https://books.masterhsingyun.org/ArticleDetail/artcle2908
rel_1901dca2aef6,ent_e2c953125c09,藏經,Classic,concept_named_as,概念命名为,ent_b8dffda6eed8,藏海,PlaceRealm,directed,core_usable,stable_entity_graph,true,2,0,0,0,1,single_article,佛教將三藏經典，稱為「藏海」，甚至將人心比喻為「心海」，主要的就是勉勵我們，要有寬闊的心胸，要有如海一般的心量。,https://books.masterhsingyun.org/ArticleDetail/artcle15174
rel_52a9e2ed7b8c,ent_2b62f6a3bc4b,虛空,DoctrineTerm,concept_defined_as,概念定义为,ent_f76ae8b83972,真理,Concept,directed,core_usable,stable_entity_graph,true,2,0,0,0,1,single_article,從真理的意義上講，虛空就是真理，我的意思是：我們的歷史文化就是真理，是斬不斷的，在中華文化下，大家都是炎黃子孫，都是一家人。,https://books.masterhsingyun.org/ArticleDetail/artcle16562
rel_d67704c7d224,ent_2b62f6a3bc4b,虛空,DoctrineTerm,concept_defined_as,概念定义为,ent_5d4dc6a775ae,空,DoctrineTerm,directed,core_usable,stable_entity_graph,true,1,0,0,0,1,single_article,虛空就是空，空是萬有之本，是萬物之源；,https://books.masterhsingyun.org/ArticleDetail/artcle1005
rel_5ae1be2e366d,ent_2b62f6a3bc4b,虛空,DoctrineTerm,concept_has_subconcept,概念包含下位概念,ent_53126da8d922,森羅萬象,Concept,directed,core_usable,stable_entity_graph,true,2,0,0,0,1,single_article,你打虛空，也打不到，可是虛空裡又包含森羅萬象，但這許多的森羅萬象並不會無端地受到侵害。,https://books.masterhsingyun.org/ArticleDetail/artcle13708
rel_e6cbca336f56,ent_56b75cacf3e1,行住坐臥,Concept,concept_defined_as,概念定义为,ent_bd68ae54ea00,修行,PracticeActivity,directed,core_usable,stable_entity_graph,true,3,2,2,2,3,multi_article,太虛大師是我最景仰的人。⟂S⟂他提倡人生佛教，主張教理革命、教制革命、教產革命，適合現代佛教的需要。⟂S⟂我之所以提倡人間佛教，乃遵照佛陀一代時教，以人間佛教為訴求的原則以及太虛大師「人成即佛成」的理想，實踐六祖「佛法世間覺」的主張，回歸佛陀佛法在人間完成的本懷。⟂S⟂我們不需離世求道，在世俗人間，講經弘法是修行，服務大眾是修行，福國利民是修行，五戒十善是修行，正見正信是修行，結緣布施是修行，慈悲喜捨是修行，四弘誓願是修行。⟂S⟂人間的佛陀不捨棄一個眾生，人間的佛教不捨棄任何世法，行住坐臥、揚眉瞬目、舉心動念、示教利喜，都是修行。⟂S⟂為什麼要捨棄人間佛教，而學習不食人間煙火的道家仙術，才叫做「修行」呢？⟂S⟂學佛不一定要放棄現生福樂，去追求來世的安樂，人間佛教重視的是人與人之間的和諧，現實生活的美滿與福德。,https://books.masterhsingyun.org/ArticleDetail/artcle8392
rel_046001fa831f,ent_84d58ad44749,西域記,Classic,work_presented_to_person,作品呈送人物,ent_e02c090a4502,太宗,Person,directed,core_usable,stable_entity_graph,true,1,1,1,1,1,single_article,玄奘寫過《大唐西域記》，這是呈給太宗皇帝看的報告，對自己著墨不多，但他在譯經的空檔常與弟子品茗閒談，他的弟子慧立把他的談話寫成《大唐大慈恩寺三藏法師傳》，裡面飽含了孺慕與崇仰，這本風采迷人的傳記，本身就是教育的最佳範本。,https://books.masterhsingyun.org/ArticleDetail/artcle15640
rel_344e33b74feb,ent_1e4251b1cdfd,西來寺,Institution,institution_hosts_activity,机构举办活动,ent_ed6039c9efc7,三壇大戒,PracticeActivity,directed,core_usable,stable_entity_graph,true,1,1,1,1,1,single_article,2.八宗兼弘的包容：星雲大師六十年前初至宜蘭雷音寺，便開始提倡「人間佛教」，決心破除傳統叢林一宗一派閉關自守的局面，而主張「八宗兼弘」，開創了開闊而宏觀的全球格局。⟂S⟂從一九八六年佛光山舉行的「世界顯密佛學會議」以「融和與發展」為主題，邀請各國學者專家三百餘人參加，並邀請密教法王共同蒞臨，就可以看出大師的心量寬宏。⟂S⟂一九八九年在佛光山舉辦的「國際禪學會議」，由中、美、韓、日、港、義等國五十餘位知名教授參加，也引起了舉世的重視。⟂S⟂一九八二年，與通度寺締結兄弟寺，一九九四年與泰國法身寺締結兄弟寺，一九九八年，佛光山叢林學院與松廣寺傳統講院締結為兄弟院，都說明了星雲大師的開明風範。⟂S⟂在教育方面，大師不僅沒有限制弟子學習的方向，而且還派遣門徒遠赴印度、美國、英國、日本、韓國、西藏、中國大陸等地學習各宗各派的佛法。⟂S⟂餘如一九九三年舉辦第一屆「國際佛教僧伽研習會」、一九九八年舉行第一屆「台灣佛教寺院行政講習會」之後，即經常舉辦類似的會議，不僅敞開胸懷，與各地寺院代表傾心交流，而且派出跟隨他四、五十年的優秀大弟子如慈莊、慈惠、慈容、依空法師等人以扎實的內容授課座談，都可以看出星雲大師之弘揚「人間佛教」，非僅掛在嘴邊表面的裝飾，而是親身力行去實踐。⟂S⟂一九八八年西來寺舉行了一個月的三壇大戒，首先打破佛教千餘年來南北傳的畛域之見，所請的傳戒高僧包括遍布南北傳佛教界大和尚，造成不少小乘佛教徒破天荒第一次到大乘寺院受戒。⟂S⟂一九九八年，在星雲大師的奔走呼籲下，「國際三壇大戒」終於在印度菩提伽耶成辦，二月十五日至二十三日期間，二十三個國家一百餘位來自世界各地的女眾在二十六位大小乘戒師的證盟下如願受持具足戒。⟂S⟂此舉不僅恢復了南傳國家失傳千餘年的比丘尼戒法，而且是有史以來第一次世界佛教團結在佛陀成道處同受大戒，攜手寫下光輝的一頁。,https://books.masterhsingyun.org/ArticleDetail/artcle17810
rel_37c82b259975,ent_1e4251b1cdfd,西來寺,Institution,institution_hosts_activity,机构举办活动,ent_f624bb0397f1,世界和平祈願法會,PracticeActivity,directed,core_usable,stable_entity_graph,true,2,0,0,0,1,single_article,此外，美國西來寺於一九八八年落成後，二十多年來一直與相距五分鐘路程的摩門教會保持友好關係，西來寺每年並舉辦世界和平祈願法會，邀請各宗教領袖以各自獨特宗教儀式，共同為世界祈求和平。,https://books.masterhsingyun.org/ArticleDetail/artcle6899
rel_107395639881,ent_1e4251b1cdfd,西來寺,Institution,institution_hosts_activity,机构举办活动,ent_6a96000d4114,浴佛法會,PracticeActivity,directed,core_usable,stable_entity_graph,true,1,1,1,1,1,single_article,在美國弘法，西來寺的法會、活動均要配合信徒們的假日，否則平常大家忙於上班，要聚集實在不易，今年的浴佛節農曆四月八日（國曆五月二日）是星期三，信徒們一再要求能提前，以方便他們來參加浴佛，故西來寺定於今天舉行浴佛法會，並有化裝遊行、信徒聯歡節目、園遊會等。,https://books.masterhsingyun.org/ArticleDetail/artcle7860
rel_441ced765147,ent_1e4251b1cdfd,西來寺,Institution,institution_hosts_activity,机构举办活动,ent_2e7e654511a2,皈依三寶典禮,PracticeActivity,directed,core_usable,stable_entity_graph,true,3,0,0,0,1,single_article,西來寺每次舉辦的「皈依三寶」典禮，美籍人士都占二分之一強，五戒菩薩戒會亦約占三分之一，顯示愈來愈多的美籍人士選擇以佛教作為精神依歸。,https://books.masterhsingyun.org/ArticleDetail/artcle15598
rel_013caf719749,ent_1e4251b1cdfd,西來寺,Institution,institution_hosts_activity,机构举办活动,ent_9298d3df3118,學術會議,PracticeActivity,directed,core_usable,stable_entity_graph,true,1,0,0,0,1,single_article,佛光山及位於美國洛杉磯的西來寺，多次舉行學術會議，馬克雷教授都會參加，只是一直不克前來台灣做長期教學，只能在我們的大學做短暫的授課，覺得很遺憾。,https://books.masterhsingyun.org/ArticleDetail/artcle7442
rel_183d4cde0987,ent_56efbd40301e,見性,DoctrineTerm,concept_defined_as,概念定义为,ent_c84e07b0932e,成佛,Concept,directed,core_usable,stable_entity_graph,true,1,0,0,0,1,single_article,在惠能大師眼中，見性即是成佛，他曾說：,https://books.masterhsingyun.org/ArticleDetail/artcle23069
rel_ed811709d6cb,ent_59739e05c9e6,觀世音菩薩,BuddhistFigure,person_associated_with_place,人物关联地点,ent_13faea1f0334,娑婆世界,PlaceRealm,directed,core_usable,stable_entity_graph,true,1,1,1,1,1,single_article,而觀世音菩薩之所以倒駕慈航，迴入娑婆，也是為了「拔苦與樂」，可見「歡喜」才是佛教的本質，「快樂」才是學佛的目的。⟂S⟂因此我們要效法諸佛菩薩的慈心悲願，將歡喜的種子散播到世間每一個角落。,https://books.masterhsingyun.org/ArticleDetail/artcle16732
rel_082c55e72c9f,ent_59739e05c9e6,觀世音菩薩,BuddhistFigure,person_attains_doctrinal_state,人物证得教义境界,ent_bc9520d818b0,第八地,DoctrineTerm,directed,core_usable,stable_entity_graph,true,1,1,1,1,1,single_article,在《大悲心陀羅尼經》中記載：當時觀世音菩薩始住初地，從千光王靜住如來受〈大悲咒〉，一聞此咒，法喜充滿，立超第八地，乃發廣大誓願：「若我當來，堪能利益安樂一切眾生者，令我即時身生出千手千眼具足。」,https://books.masterhsingyun.org/ArticleDetail/artcle2059
rel_be2fdd10e272,ent_59739e05c9e6,觀世音菩薩,BuddhistFigure,person_guides_or_saves_group,人物教化或度化群体,ent_93e229fae0e2,善男信女,Group,directed,core_usable,stable_entity_graph,true,1,0,0,0,1,single_article,十幾年來，大悲殿的觀音菩薩，每天都接引了成千上萬的善男信女來廣結佛緣，內心感到無限的歡喜，而回想當初在大悲殿屋頂，冒著傾盆大雨，與學生徒眾們搶著推動單輪水泥車灌混凝土的情景，內心更是感到安慰。,https://books.masterhsingyun.org/ArticleDetail/artcle23593
rel_e86398659c09,ent_59739e05c9e6,觀世音菩薩,BuddhistFigure,person_guides_or_saves_group,人物教化或度化群体,ent_aef97ef170d1,眾生,Group,directed,core_usable,stable_entity_graph,true,17,0,0,0,1,single_article,「慈悲為本，方便為門」既是佛門度眾的原則，也是觀世音菩薩救度眾生的感動力量。,https://books.masterhsingyun.org/ArticleDetail/artcle2063
rel_6b2ef93c361c,ent_59739e05c9e6,觀世音菩薩,BuddhistFigure,person_has_title_or_role,人物具有称号或代表性角色,ent_36690056b623,不請之友（角色稱謂）,RoleTitle,directed,core_usable,stable_entity_graph,true,1,1,1,1,1,single_article,第四、以結緣來交友：大慈大悲的觀世音菩薩，三十二應化身，常為眾生作「不請之友」。⟂S⟂所以，人民將最好的廳堂用來供奉觀世音菩薩，稱念觀音菩薩的聖號，禮拜觀音菩薩的聖容，皆因觀世音菩薩廣結善緣。⟂S⟂我們也要學習觀世音菩薩的精神，不必等到別人有求於我，我就能主動去關懷眾生，儘量滿足大眾的需求。⟂S⟂在生活中，隨手布施、隨口讚歎、隨心祝福、隨意結緣，都可聚沙成塔，成就無邊的功德善緣，結交無量的善友。,https://books.masterhsingyun.org/ArticleDetail/artcle6386
rel_5244256a058b,ent_59739e05c9e6,觀世音菩薩,BuddhistFigure,person_learns_from_person,人物师从或学习于人物,ent_28ade926fdfd,千光王靜住如來,BuddhistFigure,directed,core_usable,stable_entity_graph,true,1,1,1,1,1,single_article,在《大悲心陀羅尼經》中記載：當時觀世音菩薩始住初地，從千光王靜住如來受〈大悲咒〉，一聞此咒，法喜充滿，立超第八地，乃發廣大誓願：「若我當來，堪能利益安樂一切眾生者，令我即時身生出千手千眼具足。」,https://books.masterhsingyun.org/ArticleDetail/artcle2059
rel_d3c510f8b29b,ent_59739e05c9e6,觀世音菩薩,BuddhistFigure,person_performs_practice,人物实践修行,ent_e730d928530e,尋聲救苦,DoctrineTerm,directed,core_usable,stable_entity_graph,true,1,1,1,1,1,single_article,觀世音菩薩因為二六時中忙著尋聲救苦，地藏王菩薩由於時時刻刻忙著地獄度生，所以贏得佛子們的頂禮讚歎。,https://books.masterhsingyun.org/ArticleDetail/artcle6544
rel_86a933968ec4,ent_59739e05c9e6,觀世音菩薩,BuddhistFigure,person_performs_practice,人物实践修行,ent_f7c191512675,拔苦與樂,Concept,directed,core_usable,stable_entity_graph,true,1,1,1,1,1,single_article,而觀世音菩薩之所以倒駕慈航，迴入娑婆，也是為了「拔苦與樂」，可見「歡喜」才是佛教的本質，「快樂」才是學佛的目的。⟂S⟂因此我們要效法諸佛菩薩的慈心悲願，將歡喜的種子散播到世間每一個角落。,https://books.masterhsingyun.org/ArticleDetail/artcle16732
rel_e649a626a5cb,ent_59739e05c9e6,觀世音菩薩,BuddhistFigure,person_performs_practice,人物实践修行,ent_39be9be3e203,法門,DoctrineTerm,directed,core_usable,stable_entity_graph,true,2,0,0,0,1,single_article,下午二時，以開大座方式，由我宣講《觀世音菩薩普門品》，我以自身經驗，闡釋禮拜觀世音菩薩的感應事蹟，並開示大眾，觀音修持法門，只要一心皈命，必能有所感應。,https://books.masterhsingyun.org/ArticleDetail/artcle15312
rel_7caa6a0ab275,ent_59739e05c9e6,觀世音菩薩,BuddhistFigure,person_performs_practice,人物实践修行,ent_63b8f0ed08d1,誓願,DoctrineTerm,directed,core_usable,stable_entity_graph,true,2,1,1,1,2,single_article,觀世音菩薩為何要長出千手千眼，無非是要救度更多的苦難眾生。⟂S⟂在《大悲心陀羅尼經》中記載：當時觀世音菩薩始住初地，從千光王靜住如來受〈大悲咒〉，一聞此咒，法喜充滿，立超第八地，乃發廣大誓願：「若我當來，堪能利益安樂一切眾生者，令我即時身生出千手千眼具足。」⟂S⟂一發完誓，身上應時具足千手千眼。,https://books.masterhsingyun.org/ArticleDetail/artcle2059
rel_2ee7164983ae,ent_59739e05c9e6,觀世音菩薩,BuddhistFigure,person_performs_practice,人物实践修行,ent_c045579dfd7f,廣結善緣,Concept,directed,core_usable,stable_entity_graph,true,1,1,1,1,1,single_article,第四、以結緣來交友：大慈大悲的觀世音菩薩，三十二應化身，常為眾生作「不請之友」。⟂S⟂所以，人民將最好的廳堂用來供奉觀世音菩薩，稱念觀音菩薩的聖號，禮拜觀音菩薩的聖容，皆因觀世音菩薩廣結善緣。,https://books.masterhsingyun.org/ArticleDetail/artcle6386
rel_b17daad86d54,ent_a7dedf632b8d,觀像念佛,PracticeActivity,practice_has_component,实践包含组成环节,ent_7eaacc3af8fc,佛像,RitualObject,directed,core_usable,stable_entity_graph,true,1,1,1,1,1,single_article,般若，是即相顯性的甚深義理，不是一般凡夫所能理解的，因此佛陀大慈大悲，宣說《阿彌陀經》，以持念阿彌陀佛聖號求生淨土為主要修行法門，這是善巧中最善巧的法門，方便中最極方便的法門。⟂S⟂所謂三根普被，萬善同歸，是說明此一念佛法門，若以持名念佛，也能消業障，增長福德及信心，若中等根性以觀想念佛或觀像念佛，能依佛像為所緣，一心繫念，達於專注一趣，引生正定，依定觀慧，由此離煩惱繫縛而得解脫。,https://books.masterhsingyun.org/ArticleDetail/artcle21752
rel_0e78a6680856,ent_c5a84cf471ed,觀念,Concept,concept_defined_as,概念定义为,ent_88ad2efce19e,弟子,RoleTitle,directed,core_usable,stable_entity_graph,true,1,0,0,0,1,single_article,像這樣的觀念，就是正信的弟子。,https://books.masterhsingyun.org/ArticleDetail/artcle16132
rel_9ed8732d5b7a,ent_c5a84cf471ed,觀念,Concept,concept_defined_as,概念定义为,ent_cf26f7ad8f86,慈悲,DoctrineTerm,directed,core_usable,stable_entity_graph,true,1,0,0,0,1,single_article,大師又說：「對出家人或者青年們能有一些教育、訓練，養成大家對佛教的觀念，不一定每個人都成為弘法師，但要養成我愛佛教、眾生、社會、國家的觀念，這樣的觀念就是慈悲，長養大家的慈悲心。,https://books.masterhsingyun.org/ArticleDetail/artcle20008
rel_12f71fe9fe3a,ent_8af9d29d58e3,解脫,DoctrineTerm,concept_defined_as,概念定义为,ent_b265c0f135b0,涅槃,DoctrineTerm,directed,core_usable,stable_entity_graph,true,13,0,0,0,1,single_article,眾生為貪瞋痴等煩惱所繫縛，若修習佛法，斷除煩惱，即得解脫，解脫即是涅槃。,https://books.masterhsingyun.org/ArticleDetail/artcle7402
rel_c90cbb7ecf41,ent_8af9d29d58e3,解脫,DoctrineTerm,doctrine_constrained_by,义理受条件或范围限制,ent_9578ca68d443,四聖諦,DoctrineTerm,directed,core_usable,stable_entity_graph,true,1,1,1,1,1,single_article,佛教的看法則不同，在修持實踐上，強調自我覺照的工夫，認為解脫必須經由四聖諦的親身體悟，在緣起思想的前導下，依八正道行持，方能證入「無我」自在的究竟空性中。,https://books.masterhsingyun.org/ArticleDetail/artcle8408
rel_87580a1f1add,ent_8af9d29d58e3,解脫,DoctrineTerm,doctrine_constrained_by,义理受条件或范围限制,ent_b1e217884f50,智慧,DoctrineTerm,directed,core_usable,stable_entity_graph,true,1,1,1,1,1,single_article,平常人是煩惱繁重，業障甚深，無有智慧，不能解脫者；,https://books.masterhsingyun.org/ArticleDetail/artcle24358
rel_efd1e39a8782,ent_e1e722a4b506,解脫道,DoctrineTerm,concept_defined_as,概念定义为,ent_dd99b018772f,阿羅漢果,DoctrineTerm,directed,core_usable,stable_entity_graph,true,1,0,0,0,1,single_article,其最後的無間道，又稱金剛無間道，其次的解脫道，即是阿羅漢果。,https://books.masterhsingyun.org/ArticleDetail/artcle6847
rel_77bfcdc9a378,ent_63b8f0ed08d1,誓願,DoctrineTerm,concept_has_quality,概念具有属性,ent_7ed1a52121c4,清淨,DoctrineTerm,directed,core_usable,stable_entity_graph,true,2,2,2,2,2,multi_article,有了這四種安樂行，才能安住在慈悲喜捨中。⟂S⟂經言：「常樂柔和忍辱法，安住慈悲喜捨中。」⟂S⟂佛陀開示我們，身體要遠離殺、盜、淫等惡事，常行善事；⟂S⟂口中要常說柔軟語、慈悲語、讚歎語；⟂S⟂心意所想的都是慈悲喜捨，所有的願望都是清淨誓願，如此修持，才能身心沒有障礙而安樂自在。,https://books.masterhsingyun.org/ArticleDetail/artcle9900
rel_a7135f1a33f7,ent_63b8f0ed08d1,誓願,DoctrineTerm,doctrinal_entails,义理论证推出,ent_72572651290c,佛果,DoctrineTerm,directed,core_usable,stable_entity_graph,true,1,1,1,1,1,single_article,《法華經》卷一〈方便品〉：「舍利弗當知，我（世尊）本立誓願，欲令一切眾，如我等無異。」⟂S⟂因此佛菩薩自最初發起菩提心，直至完成圓滿為止，否則不成佛等願力，此即由佛菩薩所發之誓願，而致其圓滿佛果。,https://books.masterhsingyun.org/ArticleDetail/artcle22768
rel_f26ec52750ab,ent_63b8f0ed08d1,誓願,DoctrineTerm,doctrinal_entails,义理论证推出,ent_ab2f02643d52,正覺,DoctrineTerm,directed,core_usable,stable_entity_graph,true,1,1,1,1,1,single_article,你說，我早上起來，忙得不得了，沒有時間。⟂S⟂也沒關係，晚上睡覺之前，念一篇祈願文，這就是佛光人的修行法。⟂S⟂所有諸佛菩薩，沒有一個人不是從行、願成佛的，你看阿彌陀佛四十八大願、藥師佛十二大願，文殊、觀音也都是十二大願。⟂S⟂甚至釋迦牟尼佛坐在菩提樹下，他也是靠堅定的誓願：「我如果不能成等正覺，發誓不離開這個座位。」⟂S⟂喜馬拉雅山可以成為大海，大海可以成為高山，太陽變成冷的，月亮變成熱的，世界怎麼樣的變化，我釋迦在這裡發的願，絕不會改變！⟂S⟂由於這樣堅定的行佛意念，最後他夜睹明星而成正覺。⟂S⟂可見行佛的重要。,https://books.masterhsingyun.org/ArticleDetail/artcle11149
rel_81c52e2486aa,ent_63b8f0ed08d1,誓願,DoctrineTerm,practice_aims_at_doctrinal_state,实践趋向教义境界,ent_f655d58e1f7a,無住處涅槃,DoctrineTerm,directed,core_usable,stable_entity_graph,true,1,1,1,1,1,single_article,今日兩岸似乎都極力在提倡人間佛教或人生佛教，事實上，只要我們對照一下後期印度佛教，乃至西藏佛教，將不難發現：這些地區的修行者都是大乘佛教所標榜的菩薩化身，他們以菩提心和緣起性空，轉化成「悲智雙運」，行「無住處涅槃」的誓願，哪怕是成了一切智者，但是為了救度眾生，卻不厭不倦地一而再、再而三地轉世於人間。⟂S⟂因為佛教本來就是以人為本，佛教產生於人間，服務人間，根本沒有脫離人間，這是後期印度佛教和西藏佛教的寫照。,https://books.masterhsingyun.org/ArticleDetail/artcle23929
rel_eb42fc63e75e,ent_6563d867e023,講堂,Institution,institution_serves_group,机构服务或利益群体,ent_d3e26d33b46f,大眾,Group,directed,core_usable,stable_entity_graph,true,1,0,0,0,1,single_article,落成後的潮州講堂，將提供潮州大眾一個心靈加油站以及安身立命之處。,https://books.masterhsingyun.org/ArticleDetail/artcle23762
rel_e1b0c5cc6849,ent_08bfe853d808,講座,PracticeActivity,activity_serves_group,活动或实践服务群体,ent_1b85a8db0019,信徒,Group,directed,core_usable,stable_entity_graph,true,1,1,1,1,1,single_article,佛光山設在全省各地的別分院，都是弘法傳教的道場，這些別分院經常舉辦各種的活動、法會，在活動法會之中，或做隨緣開示，或為專題講座，希望信徒能夠得到法樂回去，因為我們堅信「弘法為家務，利生是事業」。⟂S⟂佛陀五十年之間，來往於恆河兩岸，說法度眾無數，即使八十歲涅槃之前，抱著老弱病痛的色身，前往拘尸那揭羅城的途中，還不忘孜孜地伸廣長舌，慈悲地為眾生醫治煩惱心病。⟂S⟂因此早在民國四十四年（一九五五），大藏經初次在台灣印行的時候，大師就曾組團巡環全島，把佛法的種子散播於各地，把佛陀的法音宣揚於全省。⟂S⟂民國五十七年（一九六八），東方佛教學院第二屆學生畢業的時候，大師曾帶領著這些青年佛子，風塵僕僕地來往南北，做精彩的全省布教活動，所到之處，不僅受到佛教徒們熱烈的歡迎，更受到社會大眾的矚目與讚歎。,https://books.masterhsingyun.org/ArticleDetail/artcle23604
rel_43ec7e45246e,ent_c766879c0c7a,說法,PracticeActivity,activity_serves_group,活动或实践服务群体,ent_aef97ef170d1,眾生,Group,directed,core_usable,stable_entity_graph,true,1,0,0,0,1,single_article,以上所舉各地念佛會，或法會，都是經常集眾共修淨業，或講經，或念佛，或禮懺，應機說法接引眾生。,https://books.masterhsingyun.org/ArticleDetail/artcle24360
rel_b00b1bd8d8b8,ent_c766879c0c7a,說法,PracticeActivity,concept_defined_as,概念定义为,ent_2a947d66f56d,教育,Concept,directed,core_usable,stable_entity_graph,true,1,0,0,0,1,single_article,洪冬桂女士對教育非常的熱心，有一次，在董事會上說：「佛陀的說法，其實就是對社會的教育，而佛教的教育，則超越一般社會的教育。,https://books.masterhsingyun.org/ArticleDetail/artcle10033
rel_60e204abfc2d,ent_c766879c0c7a,說法,PracticeActivity,concept_named_as,概念命名为,ent_051f7ea6ad2c,轉法輪,Concept,directed,core_usable,stable_entity_graph,true,1,0,0,0,1,single_article,佛陀的法輪出現於世，一切不正確的見解、不善的法都破碎無餘，所以把說法叫做轉法輪。,https://books.masterhsingyun.org/ArticleDetail/artcle7402
rel_8f4f3a7e6f17,ent_c766879c0c7a,說法,PracticeActivity,practice_aims_at_doctrinal_state,实践趋向教义境界,ent_932ce5962a37,示教利喜,Concept,directed,core_usable,stable_entity_graph,true,1,1,1,1,1,single_article,佛陀在因地修行時，不惜「割肉餵鷹、捨身飼虎」，佛陀成道後說法四十九年，走遍五印度到處行腳弘化，目的都是為了「示教利喜」，都是為了「但願眾生得離苦，不為自己求安樂」。,https://books.masterhsingyun.org/ArticleDetail/artcle15651
rel_02e0eef6affb,ent_c766879c0c7a,說法,PracticeActivity,practice_cultivates_doctrine,实践培育教义品质,ent_37673e1464e9,信心,DoctrineTerm,directed,core_usable,stable_entity_graph,true,1,1,1,1,1,single_article,出家人唯有將佛法遠播，讓一切有情生起清淨的信心，發掘自我般若本性，才算是克盡己責。⟂S⟂所以凡我佛光人應勤於至各地布教說法，以真理妙諦開展信徒的信心；,https://books.masterhsingyun.org/ArticleDetail/artcle20519
rel_8a95287ca96a,ent_7c67aa65fd67,諸惡莫作,Concept,concept_defined_as,概念定义为,ent_8c9400d908e2,止持門,DoctrineTerm,directed,core_usable,stable_entity_graph,true,1,0,0,0,1,single_article,諸惡莫作即是「止持門」（止惡門），眾善奉行是「作持門」（修善門）。,https://books.masterhsingyun.org/ArticleDetail/artcle6703
rel_ef7fcd83d2f8,ent_7c67aa65fd67,諸惡莫作,Concept,concept_is_foundation_of,概念构成另一概念或实践的基础,ent_4fb8d09ae94c,諸法,DoctrineTerm,directed,core_usable,stable_entity_graph,true,1,1,1,1,1,single_article,此偈涵蓋四阿含經，總括諸佛之教。⟂S⟂諸惡莫作，是諸法本，能生出一切善法。⟂S⟂什麼緣故呢？⟂S⟂因為諸惡莫作，能受持戒法不犯，身口意清白無染。⟂S⟂眾善奉行，則心意不貪、不瞋、不痴，能清淨柔軟。⟂S⟂而自淨其意，即除邪見顛倒，去愚惑想，自然能具足諸佛之教。⟂S⟂如經中接續所說：「迦葉！⟂S⟂戒清淨者，意豈不淨乎？⟂S⟂意清淨者，則不顛倒；⟂S⟂以無顛倒，愚惑想滅，諸三十七道品果便得成就。⟂S⟂以成道果，豈非諸法乎？」⟂S⟂我們千萬不要輕忽小戒微福，佛陀的三十二相，八十隨形好，都是從不輕不捨任一細行功德所累積成就的。⟂S⟂我們從佛陀的事蹟來看，他為病比丘澡浴淨身，清理修復朽壞的門板，為阿那律穿針引線等，就如同佛陀對阿那律說的偈語：,https://books.masterhsingyun.org/ArticleDetail/artcle266
rel_7272668fce3d,ent_4fb8d09ae94c,諸法,DoctrineTerm,concept_has_quality,概念具有属性,ent_9d76d66a4eef,唯心,DoctrineTerm,directed,core_usable,stable_entity_graph,true,1,1,1,1,1,single_article,又佛說無量法，唯明一心義，此經明諸法唯心，因此各卷品名但名為「一切佛語心品」。,https://books.masterhsingyun.org/ArticleDetail/artcle2489
rel_f38b9a36a37f,ent_4fb8d09ae94c,諸法,DoctrineTerm,concept_has_quality,概念具有属性,ent_fd85beeca7fa,平等,DoctrineTerm,directed,core_usable,stable_entity_graph,true,3,3,3,3,3,multi_article,萬有諸法自性平等一如，沒有善惡、美醜、高下、貴賤的分別，因此，在禪者的眼中，榮茂的樹木和枯萎的樹木都一樣美好。,https://books.masterhsingyun.org/ArticleDetail/artcle3428
rel_8329bd21c419,ent_4fb8d09ae94c,諸法,DoctrineTerm,concept_has_quality,概念具有属性,ent_9a09ad0a2d77,無常,DoctrineTerm,directed,core_usable,stable_entity_graph,true,1,1,1,1,1,single_article,尤其，緣起法啟示我們：世間萬法是「無常」的，好的有可能變壞，壞的也有可能變好。⟂S⟂因此縱使遇到困難、挫折，只要我們堅忍不拔地朝向正確的人生目標努力，一切的困難挫折終會成為過去，因為因緣所生的萬法，有賴於諸緣，一旦因緣散失，所生的諸法自然亦趨於散滅，所以「無常」可以為我們帶來新的希望。,https://books.masterhsingyun.org/ArticleDetail/artcle183
rel_4f2ad07226f1,ent_4fb8d09ae94c,諸法,DoctrineTerm,concept_has_quality,概念具有属性,ent_cb49c90868ea,無生,DoctrineTerm,directed,core_usable,stable_entity_graph,true,1,1,1,1,1,single_article,所謂「無生法忍」，人在世間生活，所以要「忍」，就是因為世間的一切有分別、有揀擇、有善惡、有是非、有利害、有增減，所以不得不用生忍、法忍來認識、接受、負責、擔當、化解，並且成就生忍、法忍的世界。⟂S⟂但是對於已經修行成就大般若智慧的人來說，他能看透世間「諸法無生」；,https://books.masterhsingyun.org/ArticleDetail/artcle4137
rel_b26aad3b6f2a,ent_4fb8d09ae94c,諸法,DoctrineTerm,concept_has_quality,概念具有属性,ent_68e8479a7e97,無自性,DoctrineTerm,directed,core_usable,stable_entity_graph,true,1,1,1,1,1,single_article,佛教彼岸的價值指向及其關於宇宙、人生之實相的本原性洞察，為中國傳統文化關於生命存在及其價值的觀審注入了一個全新的維度，但佛教之彼岸的超越內涵，最終被中國文化所固有的內在的超越性所轉化，彼岸的價值指向最終被此岸的現實生命所涵攝，世間、出世間以及六道的分野最終在「中道」的圓融之境當中獲得其終究統一，一切諸法之無自性的「空」、其現象呈現之「有」，以及圓攝生滅、一異、來去、常斷的「中」，「空」、「假」、「中」三諦的圓融統一被重新界定為一切諸法之「存在」的本然真實。,https://books.masterhsingyun.org/ArticleDetail/artcle17989
rel_60068497828d,ent_4fb8d09ae94c,諸法,DoctrineTerm,concept_has_quality,概念具有属性,ent_5d4dc6a775ae,空,DoctrineTerm,directed,core_usable,stable_entity_graph,true,1,1,1,1,1,single_article,空，是佛教的Ｘ光，經由空性，便能洞悉諸法實相──諸法所以是空，是由於無自性可得；,https://books.masterhsingyun.org/ArticleDetail/artcle3982
rel_cdf8faf3d07b,ent_4fb8d09ae94c,諸法,DoctrineTerm,concept_has_quality,概念具有属性,ent_7819a06de839,緣起,DoctrineTerm,directed,core_usable,stable_entity_graph,true,1,1,1,1,1,single_article,我們的佛陀，他對自己的壽命是怎樣的一個看法呢？⟂S⟂《金剛經》上說：「若以色見我，以音聲求我，是人行邪道，不能見如來。」⟂S⟂由此我們可知道佛陀的生命是以正法為身，淨慧為命，法界無窮無盡的真理中，「平等自性」就是佛陀的法身；⟂S⟂明白因果，了然於生死，知道一切諸法的性空緣起，此種智慧就是佛陀的生命。⟂S⟂「心、佛、眾生」三無差別，人人具有佛性，故人人皆應以正法為身、以淨慧為命。,https://books.masterhsingyun.org/ArticleDetail/artcle16202
rel_876715252cd6,ent_4fb8d09ae94c,諸法,DoctrineTerm,concept_has_quality,概念具有属性,ent_22e3b8c330b8,空義,DoctrineTerm,directed,core_usable,stable_entity_graph,true,2,1,1,1,2,single_article,星雲大師以漸次深進的意義詮解來指導般若智慧的理解與觀照：首先，理解人天善法層次的智慧，信解因果道理，了知世間有善有惡、有因有果，依此止惡行善，從事心靈的初步淨化。⟂S⟂其次，深入到二乘層次的智慧，能夠觀照緣起法則，了知一切萬法皆為因緣和合所成，非永恆的存在，由此生起厭離出世之心，較利根者亦可透過因緣的解析而領悟到諸法的空義。,https://books.masterhsingyun.org/ArticleDetail/artcle17807
rel_84ef40a227f5,ent_4fb8d09ae94c,諸法,DoctrineTerm,concept_has_quality,概念具有属性,ent_655d8b1fda76,性空,DoctrineTerm,directed,core_usable,stable_entity_graph,true,2,2,2,2,2,multi_article,我們的佛陀，他對自己的壽命是怎樣的一個看法呢？⟂S⟂《金剛經》上說：「若以色見我，以音聲求我，是人行邪道，不能見如來。」⟂S⟂由此我們可知道佛陀的生命是以正法為身，淨慧為命，法界無窮無盡的真理中，「平等自性」就是佛陀的法身；⟂S⟂明白因果，了然於生死，知道一切諸法的性空緣起，此種智慧就是佛陀的生命。⟂S⟂「心、佛、眾生」三無差別，人人具有佛性，故人人皆應以正法為身、以淨慧為命。,https://books.masterhsingyun.org/ArticleDetail/artcle16202
rel_42ca0f498644,ent_4fb8d09ae94c,諸法,DoctrineTerm,concept_has_quality,概念具有属性,ent_08bedbb7dcb1,空性,DoctrineTerm,directed,core_usable,stable_entity_graph,true,4,3,3,3,4,multi_article,般若是正見緣起，了悟諸法空性的智慧，《大智度論》說：「般若波羅蜜者，是一切諸法實相，不可破，不可壞。」,https://books.masterhsingyun.org/ArticleDetail/artcle425
rel_331fc6601127,ent_4fb8d09ae94c,諸法,DoctrineTerm,concept_has_quality,概念具有属性,ent_baa0a6afc97b,空無自性,DoctrineTerm,directed,core_usable,stable_entity_graph,true,14,9,9,4,14,multi_article,無我、法：包括「人無我」及「法無我」，人法二無我，亦名二空。⟂S⟂所謂「四大本空示現有，五蘊和合亦非真」，了解五蘊假和合，在有情個體之中無實我之存在，故說「人無我」。⟂S⟂不論世出世間，一切諸法皆為依緣假立，假立之諸法空無自性，故說「法無我」。,https://books.masterhsingyun.org/ArticleDetail/artcle881
rel_e07cf55c5f2d,ent_4fb8d09ae94c,諸法,DoctrineTerm,doctrine_constrained_by,义理受条件或范围限制,ent_61654ef63947,因緣,DoctrineTerm,directed,core_usable,stable_entity_graph,true,2,2,2,2,2,multi_article,尤其，緣起法啟示我們：世間萬法是「無常」的，好的有可能變壞，壞的也有可能變好。⟂S⟂因此縱使遇到困難、挫折，只要我們堅忍不拔地朝向正確的人生目標努力，一切的困難挫折終會成為過去，因為因緣所生的萬法，有賴於諸緣，一旦因緣散失，所生的諸法自然亦趨於散滅，所以「無常」可以為我們帶來新的希望。,https://books.masterhsingyun.org/ArticleDetail/artcle183
rel_c94dedf81708,ent_f3f20d04ac35,諸法實相,DoctrineTerm,concept_equivalent_to,概念等同或同义,ent_5ebb7ea1e87e,緣起性空,DoctrineTerm,symmetric,core_usable,stable_entity_graph,true,1,1,1,1,1,single_article,「緣起性空」也就是諸法實相，懂得「緣起性空」的諸法實相，就不會偏於「空」，也不會執著「有」，這就是「中道」的般若智慧。⟂S⟂所以「緣起、空、中道」其實是同一個意義，都是在說明「諸法實相」，也就是佛陀所證悟的法身般若，故而《稻稈經》說「見緣起則見法，見法則見佛」。,https://books.masterhsingyun.org/ArticleDetail/artcle15648
rel_5efd6d2fab51,ent_f3f20d04ac35,諸法實相,DoctrineTerm,concept_has_quality,概念具有属性,ent_96ef6af74ecb,不生不滅,DoctrineTerm,directed,core_usable,stable_entity_graph,true,7,5,6,4,7,multi_article,能夠認識「緣起性空」、「不生不滅」的諸法實相，就是般若。⟂S⟂因此，般若是一種能透澈宇宙實相的智慧。,https://books.masterhsingyun.org/ArticleDetail/artcle1001
rel_fc9984a057fd,ent_f3f20d04ac35,諸法實相,DoctrineTerm,concept_has_quality,概念具有属性,ent_08bedbb7dcb1,空性,DoctrineTerm,directed,core_usable,stable_entity_graph,true,2,1,1,1,2,single_article,從大師的開示可知，有了般若才能徹悟諸法空性，「空」是宇宙萬法的實相，能夠洞見諸法實相本空，就能認識我們的心當體即空；⟂S⟂因為空，所以能生萬法，因此《入楞伽經》說：「心生種種生，心滅種種滅。」,https://books.masterhsingyun.org/ArticleDetail/artcle15650
rel_3f9e6dfc7761,ent_f3f20d04ac35,諸法實相,DoctrineTerm,concept_has_quality,概念具有属性,ent_5ebb7ea1e87e,緣起性空,DoctrineTerm,directed,core_usable,stable_entity_graph,true,2,2,2,2,2,multi_article,相對的，世間一切都是因緣所生法，隨著緣生緣滅而示現「苦空無常」。⟂S⟂因此，我們在面對現實的人間生活時，要有「緣起中道」的般若智慧，能夠了悟「緣起性空」的諸法實相，從而建立「空有一如」、「真俗不二」、「色心並舉」的中道思想觀，並且落實在日常生活中，透過「自覺行佛」的實踐，最後才能「轉識成智」，才能圓滿生命，這就是「人間佛教星雲學說」的理論與實踐之道。,https://books.masterhsingyun.org/ArticleDetail/artcle15646
rel_d13381429685,ent_f3f20d04ac35,諸法實相,DoctrineTerm,doctrine_constrained_by,义理受条件或范围限制,ent_f6e6073bcd93,十如是,Concept,directed,core_usable,stable_entity_graph,true,1,1,1,1,1,single_article,十如是：語出《法華經‧方便品》：「唯佛與佛乃能究盡諸法實相，所謂諸法如是相、如是性、如是體、如是力、如是作、如是因、如是緣、如是果、如是報、如是本末究竟等。」⟂S⟂所以，十如是就是指諸法實相存在的十種必要條件。,https://books.masterhsingyun.org/ArticleDetail/artcle15090
rel_ac0f1b760e40,ent_5c024ea8045e,貪瞋痴,Concept,concept_named_as,概念命名为,ent_f138c5467d9e,根本煩惱,DoctrineTerm,directed,core_usable,stable_entity_graph,true,1,0,0,0,1,single_article,第三、治療內心的三毒病：貪瞋痴三者，佛教稱為三種根本煩惱，又稱為「三毒」。,https://books.masterhsingyun.org/ArticleDetail/artcle7762
rel_c6e81e3fecb5,ent_220aacd86f72,賴耶緣起,DoctrineTerm,concept_is_foundation_of,概念构成另一概念或实践的基础,ent_d3f056613b45,唯識,DoctrineTerm,directed,core_usable,stable_entity_graph,true,1,1,1,1,1,single_article,唯識宗認為，宇宙萬法存在的根源，都在於阿賴耶識內所含藏的種子，因此以「阿賴耶緣起」為基礎，闡明「三界唯心、萬法唯識」及「識外無境」的道理。,https://books.masterhsingyun.org/ArticleDetail/artcle15650
rel_f55b8da27040,ent_220aacd86f72,賴耶緣起,DoctrineTerm,concept_is_foundation_of,概念构成另一概念或实践的基础,ent_9f1c0d6bde7c,三界唯心,DoctrineTerm,directed,core_usable,stable_entity_graph,true,1,1,1,1,1,single_article,唯識宗認為，宇宙萬法存在的根源，都在於阿賴耶識內所含藏的種子，因此以「阿賴耶緣起」為基礎，闡明「三界唯心、萬法唯識」及「識外無境」的道理。,https://books.masterhsingyun.org/ArticleDetail/artcle15650
rel_f7215a5aa657,ent_451aac4b11fb,讚歎,PracticeActivity,practice_directed_to,实践指向对象,ent_0ebc47edc5c5,三寶,DoctrineTerm,directed,core_usable,stable_entity_graph,true,5,4,4,3,5,multi_article,第三、以語言讚美來做功德：有錢，用得不當會造罪；⟂S⟂出力，你出力、他出力，也沒有那麼多事情可以做；⟂S⟂因此，比出錢、出力更高一層的功德就是語言讚美。⟂S⟂說好話不怕多，一家說好話，家庭和樂；⟂S⟂人民說好話，國家安定；⟂S⟂全世界的人都說好話，世界則能祥和歡喜。⟂S⟂眾多功德中，以語言讚美最為重要，例如普賢十大願中的「稱讚如來」；⟂S⟂佛弟子以梵唄唱誦讚歎佛法僧三寶；⟂S⟂甚至每部經後面都有一段「歡喜讚歎，信受奉行，作禮而去」等字句；⟂S⟂釋迦牟尼佛比彌勒菩薩早成佛，就是多修了讚歎功德。⟂S⟂不必花任何金錢、力氣，就能做功德自利利他，是多麼經濟實惠。,https://books.masterhsingyun.org/ArticleDetail/artcle3679
rel_15a1544ae8fc,ent_451aac4b11fb,讚歎,PracticeActivity,practice_has_benefit,实践产生利益或功德,ent_9f4e43b60b58,功德,DoctrineTerm,directed,core_usable,stable_entity_graph,true,4,4,4,2,4,multi_article,《摩訶般若波羅蜜經》云：「是菩薩摩訶薩若行檀那波羅蜜時，自行布施亦教人布施，讚歎布施功德，歡喜讚歎行布施者，以是布施因緣故得大財富。」⟂S⟂也就是說，不但自己歡喜布施，若教他人布施，並歡喜讚歎他布施的功德，自己也會因為這個歡喜讚歎而得到大功德。,https://books.masterhsingyun.org/ArticleDetail/artcle2071
rel_8cdeac6273f0,ent_451aac4b11fb,讚歎,PracticeActivity,practice_has_benefit,实践产生利益或功德,ent_c84e07b0932e,成佛,Concept,directed,core_usable,stable_entity_graph,true,1,1,1,1,1,single_article,許多人吝於布施善言美語，這是因為他心中擁有的美好財富太少了。⟂S⟂讚歎是重要的修行法門，佛弟子面對三寶時，以梵唄唱誦來加以讚歎；⟂S⟂每部經典的後面，也都有弟子聽經聞法後「歡喜讚歎，信受奉行，作禮而去」的描述。⟂S⟂釋迦牟尼佛當初與彌勒菩薩同時修行，只因多修了一項讚歎法門，就比彌勒菩薩早九劫成佛，由此可見，讚歎是多麼地重要！,https://books.masterhsingyun.org/ArticleDetail/artcle2069
rel_ed5f17f57683,ent_451aac4b11fb,讚歎,PracticeActivity,practice_has_benefit,实践产生利益或功德,ent_b9c334cfd06e,歡喜,DoctrineTerm,directed,core_usable,stable_entity_graph,true,1,1,1,1,1,single_article,◎「語言」是人際間溝通的重要工具，運用不當時也是傷人的強烈武器。⟂S⟂因此，大家應常常說好話，隨喜讚歎，給人歡喜。,https://books.masterhsingyun.org/ArticleDetail/artcle2295
rel_1753a3dad2e3,ent_451aac4b11fb,讚歎,PracticeActivity,practice_honors_entity,实践礼敬或赞叹对象,ent_28f5c90585a8,佛舍利,RitualObject,directed,core_usable,stable_entity_graph,true,1,1,1,1,1,single_article,現在大家都來禮拜佛指舍利，且又有福報因緣再到佛光山如來殿禮拜佛牙舍利，佛陀是天中之天、聖中之聖，世、出世間最為尊貴的世尊，他的舍利當然是最為神聖尊貴。⟂S⟂我們向佛舍利禮拜、讚歎，絕對能夠獲得不可思議的功德，必能消業障、增福慧。⟂S⟂（本文刊於二○○二年三月十七日《人間福報》）,https://books.masterhsingyun.org/ArticleDetail/artcle7229
rel_021a61a7817a,ent_451aac4b11fb,讚歎,PracticeActivity,practice_honors_entity,实践礼敬或赞叹对象,ent_62cf8ccca072,佛陀,BuddhistFigure,directed,core_usable,stable_entity_graph,true,2,2,2,1,2,multi_article,《維摩詰經‧佛國品第一》中敘述諸大菩薩「眾所知識……為護法城，受持正法；⟂S⟂能獅子吼，名聞十方；⟂S⟂眾人不請，友而安之；⟂S⟂……為大醫王，善療眾病，應病與藥，令得服行。」⟂S⟂其中「護法」一詞於一九一七年為國父孫中山先生借用，在反對北洋軍閥解散國會時主張「擁護約法、恢復國會」，簡稱為「護法運動」。⟂S⟂「獅子吼」本來指諸佛菩薩演說妙法，降伏一切外道邪說，宋朝時，崇信佛道，性好幽默的蘇東坡曾在詩文中藉「獅子吼」來戲謔他一位十分懼內的朋友龍邱居士：「龍邱居士亦可憐，談空說有夜不眠，忽聞河東獅子吼，拄扙落手心茫然。」⟂S⟂後來俗語中以「河東獅吼」來比喻妒悍的婦女。⟂S⟂「眾人不請，友而安之」，今作「不請之友」，指對方未請而自來親近或為解決問題的朋友。⟂S⟂「應病與藥」，今又作「對症下藥」，表示針對具體情況解決問題。⟂S⟂同品中，寶積菩薩作偈讚歎佛陀：「法王法力超群生，常以法財施一切；⟂S⟂能善分別諸法相，於第一義而不動，已於諸法得自在。」⟂S⟂「法力」在此是用來形容正法的威力，後來俗語中以「法力無邊」來比喻神奇的力量，了無障礙；⟂S⟂「第一義」則被後人借用來形容某家某派最高深的義理。⟂S⟂該經〈入不二法門品〉中，三十二位菩薩闡述不二法門的絕待真理，後來「不二法門」被國人借來形容獨一無二的方法和訣竅。,https://books.masterhsingyun.org/ArticleDetail/artcle8657
rel_e8b9cc2616a1,ent_451aac4b11fb,讚歎,PracticeActivity,practice_honors_entity,实践礼敬或赞叹对象,ent_35d770a1e914,地藏王菩薩,BuddhistFigure,directed,core_usable,stable_entity_graph,true,1,1,1,1,1,single_article,觀世音菩薩因為二六時中忙著尋聲救苦，地藏王菩薩由於時時刻刻忙著地獄度生，所以贏得佛子們的頂禮讚歎。,https://books.masterhsingyun.org/ArticleDetail/artcle6544
rel_2e3c74891e92,ent_451aac4b11fb,讚歎,PracticeActivity,practice_honors_entity,实践礼敬或赞叹对象,ent_cf194373989a,如來,BuddhistFigure,directed,core_usable,stable_entity_graph,true,3,2,2,2,3,multi_article,在眾多布施之中，以語言的讚美最為重要。⟂S⟂四攝法裡的「愛語、利行」、十大願中的「稱讚如來」，佛弟子面對三寶的時候更以梵唄唱誦來加以讚歎，甚至每部經典的最後，都記載著弟子們在聽聞佛法後「歡喜讚歎，信受奉行，作禮而去」的殊勝情景，由此可見，讚歎是多麼的重要啊！,https://books.masterhsingyun.org/ArticleDetail/artcle3862
rel_229961e907b4,ent_451aac4b11fb,讚歎,PracticeActivity,practice_honors_entity,实践礼敬或赞叹对象,ent_7f2683fa6f95,弗沙佛,BuddhistFigure,directed,core_usable,stable_entity_graph,true,1,1,1,1,1,single_article,例如過去釋迦牟尼佛和彌勒菩薩曾在一起修行，然而釋迦牟尼佛多修了一個讚歎法門，他真心讚歎弗沙佛：「天上天下無如佛，十方世界亦無比，世間所有我盡見，一切無有如佛者。」⟂S⟂因此他早先成就佛道。,https://books.masterhsingyun.org/ArticleDetail/artcle13395
rel_9974ee220090,ent_451aac4b11fb,讚歎,PracticeActivity,practice_honors_entity,实践礼敬或赞叹对象,ent_179321067604,維摩詰,Person,directed,core_usable,stable_entity_graph,true,1,1,1,1,1,single_article,佛陀時代，維摩居士不是到處講經傳道，佛陀不也一再讚歎他能助佛宣教嗎？⟂S⟂甚至他還曾經藉由「示疾說法」，大大的教訓了許多的二乘羅漢。⟂S⟂另外，勝鬘夫人雖是一名女性，但他講經傳道，度化兒童，《勝鬘夫人經》不是一直到現在還流傳於世嗎？⟂S⟂甚至《妙慧童女經》裡，八歲的童女妙慧，連文殊菩薩都向他禮拜，尊他為老師。⟂S⟂為什麼佛世的在家信眾，白衣可以上座，反而是到了當今，白衣上座就是末法時代呢？,https://books.masterhsingyun.org/ArticleDetail/artcle9445
rel_003d87eae38c,ent_451aac4b11fb,讚歎,PracticeActivity,practice_honors_entity,实践礼敬或赞叹对象,ent_59739e05c9e6,觀世音菩薩,BuddhistFigure,directed,core_usable,stable_entity_graph,true,1,1,1,1,1,single_article,觀世音菩薩因為二六時中忙著尋聲救苦，地藏王菩薩由於時時刻刻忙著地獄度生，所以贏得佛子們的頂禮讚歎。,https://books.masterhsingyun.org/ArticleDetail/artcle6544
rel_b51be0cb8028,ent_451aac4b11fb,讚歎,PracticeActivity,practice_honors_entity,实践礼敬或赞叹对象,ent_5978c591cada,星雲大師,Person,directed,core_usable,stable_entity_graph,true,1,1,1,1,1,single_article,我在巡視白塔樓層的過程，心裡老想著師父，突然有些事情好像明白了。⟂S⟂常常有人讚歎星雲大師很有智慧，機智過人，凡事都想的很妥當。⟂S⟂我覺得大師固然智慧過人、細心妥當，但是，最難得的是，他做每一件事都是化繁就簡，並且不厭其煩的全力以赴，即便這件事情他已經做過幾十遍、幾百遍，累積了無數的經驗和智慧，只要是對象不同，地點不同，他都會像第一次一樣，非常慎重的看待，再熟悉的事務，他也會重複、不斷的來了解關心，一直到萬事真正具備，而在關心的同時，也教育一起參與的徒眾，如何全力以赴的接待所有來寺的十方信眾，這就是大師，絕對的用心，如文中所言：「我不認為一個信徒前來禮拜，他就是我的弟子、我的徒眾，我都把他們當成諸佛菩薩迎接。⟂S⟂一直到現在，我雖然二次中風、手腳不便，但是有人歡喜與我照相，我總是儘量的站起來，讓他知道我對他的尊重。」⟂S⟂現在年至九十仍然與病為友，日日書寫一筆字、閱讀、寫文章，為人間留下永遠的佛法因緣。,https://books.masterhsingyun.org/ArticleDetail/artcle15927
rel_1d0fcd6b61e4,ent_451aac4b11fb,讚歎,PracticeActivity,practice_honors_entity,实践礼敬或赞叹对象,ent_6cacfb08e6df,釋迦牟尼佛,BuddhistFigure,directed,core_usable,stable_entity_graph,true,2,2,2,2,2,multi_article,在《法華經》、《楞嚴經》中，觀世音菩薩自述在因地修習耳根圓通到了相當功行時，「盡聞不住，覺所覺空；⟂S⟂空覺極圓，空所空滅；⟂S⟂生滅既滅，寂滅現前。」⟂S⟂佛陀則讚美觀世音菩薩「慈眼視眾生，福聚海無量」；⟂S⟂在《金剛經》、《阿彌陀經》中記載︰「如來是真語者，實語者，不誑語者，不異語者。」⟂S⟂「十方諸佛，同聲讚歎釋迦牟尼佛於五濁惡世中能為希有之事。」⟂S⟂在《維摩詰經》中，眾香佛國以香飯作諸佛事，而其他佛土中，「諸佛威儀進止，諸所施為，無非佛事」。⟂S⟂維摩大士說︰「隨其心淨，則佛土淨。」⟂S⟂至於眾生為何見此土汙穢？⟂S⟂這正如螺髻梵王所說︰「心有高下，不依佛慧，故見此土為不淨耳。⟂S⟂菩薩於一切眾生悉皆平等，深心清淨，依佛智慧，則能見此佛土清淨。」,https://books.masterhsingyun.org/ArticleDetail/artcle16726
rel_994f9b4cafbb,ent_451aac4b11fb,讚歎,PracticeActivity,practice_honors_entity,实践礼敬或赞叹对象,ent_97078eb2fa4c,頻婆娑羅王,Person,directed,core_usable,stable_entity_graph,true,1,1,1,1,1,single_article,佛陀是人間的大導師，他對波斯匿王、頻婆娑羅王等王宮大臣，不亢不卑，展現修道者的超然，但也會適當的給予一些讚歎，如稱他們為「轉輪聖王」；⟂S⟂甚至讓每個弟子都有一種功用，這個弟子「說法第一」，那個弟子「持戒第一」……所以「十大弟子」各有專長，也是佛陀用讚美引導弟子修行的成果。,https://books.masterhsingyun.org/ArticleDetail/artcle9843
rel_a3f499ed89d1,ent_fb92e0f5af32,輪迴,DoctrineTerm,concept_defined_as,概念定义为,ent_79be471f2b02,變化,Concept,directed,core_usable,stable_entity_graph,true,3,0,0,0,1,single_article,例如六道輪迴就是變化；,https://books.masterhsingyun.org/ArticleDetail/artcle1829
rel_988e7da57007,ent_fb92e0f5af32,輪迴,DoctrineTerm,concept_defined_as,概念定义为,ent_e4c3fa5588a1,因果,DoctrineTerm,directed,core_usable,stable_entity_graph,true,1,0,0,0,1,single_article,輪迴就是「因果」的循環，「因」會成為「果」，「果」又成為「因」，因果循環，就是輪迴。,https://books.masterhsingyun.org/ArticleDetail/artcle1834
rel_94efdf9422f9,ent_fb92e0f5af32,輪迴,DoctrineTerm,concept_defined_as,概念定义为,ent_f76ae8b83972,真理,Concept,directed,core_usable,stable_entity_graph,true,1,0,0,0,1,single_article,其實，輪迴就是宇宙人生的真理。,https://books.masterhsingyun.org/ArticleDetail/artcle5970
rel_06d19edec95b,ent_fb92e0f5af32,輪迴,DoctrineTerm,doctrine_constrained_by,义理受条件或范围限制,ent_6711ca03b548,一念,DoctrineTerm,directed,core_usable,stable_entity_graph,true,1,1,1,1,1,single_article,天堂地獄在哪裡？⟂S⟂就在我們的心裡。⟂S⟂天台家說我們的心「一念三千」，唯識家則說一切萬法「唯心所變」。⟂S⟂我們的心瞬息變化，捉摸不定，忽而諸佛聖賢的心，忽而三塗惡道的心，一天之間，在十法界中上下浮沉，去來無數次。⟂S⟂成佛希賢端在一心，墮落輪迴也繫乎一念。⟂S⟂譬如有時候與人計較，不能滿足，猜疑忿恨，心中充滿貪瞋痴，那就是地獄；⟂S⟂有時對人慷慨布施，歡喜讚歎，處處以慈心待人，那就是天堂。,https://books.masterhsingyun.org/ArticleDetail/artcle7553
rel_d063b57cb8e7,ent_0f6eb1e970c0,達賴喇嘛,BuddhistFigure,person_associated_with_place,人物关联地点,ent_1e4251b1cdfd,西來寺,Institution,directed,core_usable,stable_entity_graph,true,2,2,2,2,2,multi_article,9.宗教融和的歡喜地：各別分院歡喜接待各宗教團體的到訪，舉辦宗教對談、宗教聯誼、祈福法會等，如一九八九年，達賴喇嘛到西來寺訪問；,https://books.masterhsingyun.org/ArticleDetail/artcle23848
rel_e86e96488e2a,ent_0f6eb1e970c0,達賴喇嘛,BuddhistFigure,person_associated_with_place,人物关联地点,ent_5a4a72df052e,西藏,PlaceRealm,directed,core_usable,stable_entity_graph,true,2,2,2,2,2,multi_article,達賴喇嘛獲得諾貝爾和平獎，消息傳出，從清晨四點多開始，就陸續有《首都早報》張玉珍、《世界日報》尹祧、《中央日報》馮記者等的電話，要我談談對達賴喇嘛獲得諾貝爾和平獎的看法：「多年來達賴喇嘛奔走呼籲和平，離開西藏以後，西藏同胞飽受委屈，達賴仍不希望用暴力，一直希望以和平的方式來解決西藏問題，並在世界各地提倡和平，且待人慈悲，從其風範中得知其有和平的性格，故此次得到諾貝爾和平獎，實在是實至名歸。⟂S⟂我們出家人都以他為榮。⟂S⟂東方暴力日升，此獎能落在東方，顯示世界人士對東方和平的重視，今後西藏問題，仍應以和平與宗教的方式解決，因西藏舉國皆是佛教，佛教崇尚和平，『和平』終受到世界人士的重視，這不僅是東方人的光榮、中國人的光榮，更是佛教的光榮！」,https://books.masterhsingyun.org/ArticleDetail/artcle7821
rel_99238e2b3eb1,ent_0f6eb1e970c0,達賴喇嘛,BuddhistFigure,person_associated_with_place,人物关联地点,ent_366a8593e98e,美國西來寺,Institution,directed,core_usable,stable_entity_graph,true,1,1,1,1,1,single_article,一九八五年六月二十三日，「中華漢藏文化協會」在台北正式成立，星雲當選首任理事長，歷任六年後，復應聘為榮譽理事長，至一九九八年八月一日第五屆會員大會再度被推選為理事長。⟂S⟂一九八六年十二月二十六日，「世界顯密佛學會議」在佛光山舉行，主題是「顯密融和與世界文化發展」，世界各國學者專家三百餘人參加，密教四大法王共同蒞臨，星雲並於會中發表主題演說「顯密融和」。⟂S⟂三十一日起，在台北舉行「祈求世界和平顯密大法會」三天。⟂S⟂一九八九年七月五日，西藏佛教領袖達賴喇嘛訪問佛光山美國西來寺，星雲親自接待，為顯密佛教的融和寫下新的一頁。⟂S⟂七月十五日，佛光山美國西來寺舉行國際顯密英文佛學座談會，主題是「加強對顯密佛學的認識」，星雲應邀發表主題演說。⟂S⟂一九九三年一月一日，「佛光山禪淨密三修萬人獻燈法會」首次在彰化舉行，由星雲演講禪、淨、密三宗的修行方法，有一萬多人參加，以後每年分區舉行，持續至今。,https://books.masterhsingyun.org/ArticleDetail/artcle8765
rel_74611d9384f2,ent_0f6eb1e970c0,達賴喇嘛,BuddhistFigure,person_associated_with_place,人物关联地点,ent_5b809d53c5c3,達蘭沙拉,PlaceRealm,directed,core_usable,stable_entity_graph,true,2,2,2,2,2,multi_article,自從一九五九年，西藏佛教領袖達賴喇嘛私自出走，在印度達蘭沙拉成立流亡政府後，西藏人士對於過去國民黨施予的分化手段，以及對他們的種種欺騙、打擊，便極為仇視。⟂S⟂因此，董樹藩先生也就希望透過我成立「中華漢藏文化協會」，作為漢藏之間溝通交流的橋梁。,https://books.masterhsingyun.org/ArticleDetail/artcle5722
rel_af9649485efb,ent_0f6eb1e970c0,達賴喇嘛,BuddhistFigure,person_hosts_activity,人物主持活动,ent_821764980e74,實踐和平朝聖法會,PracticeActivity,directed,core_usable,stable_entity_graph,true,2,2,2,2,2,multi_article,•大師應邀參加達賴喇嘛主持的「實踐和平朝聖法會」，在法會上代表台灣佛教上達佛教的祈禱文，與來自各宗教的領袖一同為眾生祈福，為世間祈禱。,https://books.masterhsingyun.org/ArticleDetail/artcle15308
rel_95c91c322ea6,ent_0f6eb1e970c0,達賴喇嘛,BuddhistFigure,person_member_of_group,人物属于群体,ent_3b2e0260b276,西藏四大活佛,Group,directed,core_usable,stable_entity_graph,true,1,1,1,1,1,single_article,在清朝的歷史中，曾有朝廷敕封西藏四大活佛的記載，即：達賴喇嘛、班禪額爾德尼、哲布尊丹巴胡土克圖及章嘉胡土克圖。,https://books.masterhsingyun.org/ArticleDetail/artcle6772
rel_08cb99172f96,ent_0f6eb1e970c0,達賴喇嘛,BuddhistFigure,person_promotes_practice,人物推广实践,ent_ed6039c9efc7,三壇大戒,PracticeActivity,directed,core_usable,stable_entity_graph,true,1,1,1,1,1,single_article,◎南傳比丘尼戒法已失傳很久，使得至今南傳國家沒有比丘尼教團，台灣因女眾出家者多，比丘尼教團不僅成長迅速，且在佛教界有其地位。⟂S⟂達賴喇嘛時常派女眾弟子來台受三壇大戒，也多次表示比丘尼教團值得提倡。⟂S⟂美國西來寺也先後傳過兩次三壇大戒，有不少南傳女眾參加。⟂S⟂我很期望在座南北傳法師上座，大家能發心到菩提伽耶金剛座前，共同傳一次戒法，讓南傳佛教因此重新有比丘尼戒法。⟂S⟂此建議希望能獲得南傳長老們支持，進而站出來講話認定。,https://books.masterhsingyun.org/ArticleDetail/artcle2637
rel_4c9265998814,ent_0f6eb1e970c0,達賴喇嘛,BuddhistFigure,person_reborn_in_realm,人物转世于境界,ent_20b55f8f96b8,人間,PlaceRealm,directed,core_usable,stable_entity_graph,true,2,2,2,2,2,multi_article,勘破輪迴、超越輪迴，進而不畏輪迴，住於輪迴之中而不為輪迴所染。⟂S⟂譬如凡夫依業力輪迴，二乘急於解脫輪迴，而菩薩以大願力，發願再來輪迴轉生；⟂S⟂譬如觀世音菩薩的倒駕慈航救度眾生，慈航法師的乘願再來的自我期許；⟂S⟂在《淨土聖賢錄》中，也載有許多高僧大德祈求往生淨土，甚至暫住兜率淨土，再來人世幫助眾生的事蹟。⟂S⟂西藏喇嘛圓寂之後，再轉世人間，如達賴喇嘛、班禪喇嘛，他們的事蹟都歷歷可考。⟂S⟂這些古聖前賢以菩薩的悲心大願，「但願眾生得離苦，不為自己求安樂」。⟂S⟂不做人間逃兵，甘為苦海慈航，好比蓮花生於淤泥而不染，雖然再來娑婆惡世輪迴，但是卻沒有生死的痛苦。⟂S⟂他們這種勇於投身輪迴，不為輪迴所苦的悲行，才是真正超越輪迴的聖者。⟂S⟂《本生經》裡記載佛陀的前世有時為天神，有時為畜生，有時為沙門，有時為王侯，輪迴不息，實踐六度萬行的菩薩道，忙碌於度化眾生，成就菩提佛事。,https://books.masterhsingyun.org/ArticleDetail/artcle3430
rel_5277e2d9e7c2,ent_4fc69af64938,過去,DoctrineTerm,concept_defined_as,概念定义为,ent_a6b94c65c717,人間佛教,Concept,directed,core_usable,stable_entity_graph,true,1,0,0,0,1,single_article,也不是說現在才叫做人間佛教，佛陀出生在人間、修行在人間、成道在人間、弘揚佛法在人間，過去就是人間佛教。,https://books.masterhsingyun.org/ArticleDetail/artcle10956
rel_74afb07fa52a,ent_86e17b6ffcd2,過去現在因果經,Classic,classic_records_person,经典记载人物,ent_62cf8ccca072,佛陀,BuddhistFigure,directed,core_usable,stable_entity_graph,true,1,0,0,0,1,single_article,此外，佛陀在《過去現在因果經》中陳述自己在過去世生為善慧仙人時，以至誠心，感得青衣女致贈五莖蓮花供養普光如來，後來善慧以「借花獻佛」的誠心蒙普光如來授記為「釋迦牟尼」，這就是「借花獻佛」成語的由來。,https://books.masterhsingyun.org/ArticleDetail/artcle8648
rel_7562b0e0fa8f,ent_fef47302d49d,迦葉尊者,BuddhistFigure,person_learns_from_person,人物师从或学习于人物,ent_62cf8ccca072,佛陀,BuddhistFigure,directed,core_usable,stable_entity_graph,true,1,1,1,1,1,single_article,例如：慧可大師不「求」初祖達摩為其安心，如何能深得禪門法髓？⟂S⟂玄奘大師沒有「求」法熱忱，如何能發揚中印文化？⟂S⟂最初師事婆羅門的迦葉尊者不向佛陀「求」道，如何能轉邪歸正？⟂S⟂原本修習小乘的鳩摩羅什不「求」大乘佛法，如何能提升自我？⟂S⟂甚至阿彌陀佛如果「無求」，不經累劫修行，哪裡能成就七寶莊嚴的極樂淨土來接引末法眾生？⟂S⟂二五○○年前，悉達多太子證悟佛道以後，如果「無求」，即刻入滅，後世佛子不就無福得度？⟂S⟂道安大師如果「無求」，畏難苟安，佛教哪裡能在亂世中繼絕存亡？⟂S⟂鑑真大師如果「無求」，遇難則止，日本的佛教也不會有今日的盛況。,https://books.masterhsingyun.org/ArticleDetail/artcle20515
rel_c6c5f45b4d20,ent_fef47302d49d,迦葉尊者,BuddhistFigure,person_member_of_group,人物属于群体,ent_059514d0074d,十大弟子,Group,directed,core_usable,stable_entity_graph,true,2,2,2,2,2,multi_article,所謂「次第乞已」，指的是不分貧富貴賤，依序一家一家沿門托缽。⟂S⟂不過，在佛陀的十大弟子中，苦行色彩濃厚的大迦葉尊者，他從不到富有人家托缽受供，因為他認為富貴是由於過去世懂得布施種福田所招感的果報，既然今生已經這麼富有了，何必再去錦上添花呢？,https://books.masterhsingyun.org/ArticleDetail/artcle4672
rel_e51e295521c4,ent_fef47302d49d,迦葉尊者,BuddhistFigure,person_participates_in_activity,人物参与活动,ent_dd79e187a078,靈山會,PracticeActivity,directed,core_usable,stable_entity_graph,true,2,2,2,2,2,multi_article,六祖惠能大師圓寂以後，神會禪師以佛陀在靈山會上，把涅槃妙心傳給迦葉尊者，所以定迦葉尊者為初祖，一直到達摩祖師為二十八祖。⟂S⟂因此這二十八祖的次第，就是由神會禪師確定下來的。,https://books.masterhsingyun.org/ArticleDetail/artcle158
rel_80e560146f5b,ent_fef47302d49d,迦葉尊者,BuddhistFigure,person_performs_practice,人物实践修行,ent_bd68ae54ea00,修行,PracticeActivity,directed,core_usable,stable_entity_graph,true,1,1,1,1,1,single_article,其中密行第一的羅睺羅，從小跟隨佛陀出家，因為年少頑皮，好幾次被佛陀嚴厲教誡，從此做事謹慎低調，即使做好事、修行，也不對外張揚，慢慢獲得大眾信任，成為佛弟子中的密行第一。⟂S⟂此外，頭陀第一的大迦葉尊者於墳塚修行，寂靜少欲，這也是密行，後來他在靈山會上契悟真如法性。,https://books.masterhsingyun.org/ArticleDetail/artcle2442
rel_2f65779b53c3,ent_fef47302d49d,迦葉尊者,BuddhistFigure,person_performs_practice,人物实践修行,ent_6285afaaf79b,頭陀行,Concept,directed,core_usable,stable_entity_graph,true,1,0,0,0,1,single_article,佛陀首席弟子大迦葉尊者，常在塚間水邊修頭陀行，其精神生活之富有可見。,https://books.masterhsingyun.org/ArticleDetail/artcle17408
rel_f20e22df62ca,ent_f0b8a79e545b,選佛場,Concept,concept_defined_as,概念定义为,ent_86900e4a696c,淨土,DoctrineTerm,directed,core_usable,stable_entity_graph,true,1,1,1,1,1,single_article,為什麼有「選佛場」？⟂S⟂因為在選佛場裡，說話要選說好話，做事要選做好事，心裡要存好的理念；⟂S⟂在選佛場裡，朋友都是諸上善人，家人都是大善知識；⟂S⟂選佛場是一塊淨土，裡面沒有惡人的干擾，沒有損友的陷害，沒有政治的迫害，沒有貪、瞋、嫉妒，有的是清淨安樂的佛國。⟂S⟂所以，懂得進入「選佛場」，才是人生最有智慧的選擇。,https://books.masterhsingyun.org/ArticleDetail/artcle9483
rel_8d8c0e994b7d,ent_03011272066f,道場,Institution,institution_hosts_activity,机构举办活动,ent_ba53e52ece62,法會,PracticeActivity,directed,core_usable,stable_entity_graph,true,3,0,0,0,1,single_article,另外，道場每次舉行法會時，金剛都會很歡喜的來護壇。,https://books.masterhsingyun.org/ArticleDetail/artcle20422
rel_eb6a3aae44bd,ent_03011272066f,道場,Institution,institution_hosts_activity,机构举办活动,ent_e79c74714a28,禪坐,PracticeActivity,directed,core_usable,stable_entity_graph,true,1,1,1,1,1,single_article,由於和別分院徒眾的「師徒時間」很少，所以只要到別分院，都希望不要驚動信徒，以便有多一點時間和大家說說話。⟂S⟂奈何不管我到哪個別分院，總看到不少信眾，正想怪徒眾「走漏風聲」，大家卻告訴我，因為道場每星期都有活動，如禪坐、講習、插花、八關齋戒、都市佛學院……道場原本就是信徒的第二個家，所以常常可以看到他們穿梭不息，並沒有刻意去通知。,https://books.masterhsingyun.org/ArticleDetail/artcle4355
rel_c1d70bace265,ent_03011272066f,道場,Institution,institution_hosts_activity,机构举办活动,ent_ffe2a7a0922d,都市佛學院,PracticeActivity,directed,core_usable,stable_entity_graph,true,1,1,1,1,1,single_article,由於和別分院徒眾的「師徒時間」很少，所以只要到別分院，都希望不要驚動信徒，以便有多一點時間和大家說說話。⟂S⟂奈何不管我到哪個別分院，總看到不少信眾，正想怪徒眾「走漏風聲」，大家卻告訴我，因為道場每星期都有活動，如禪坐、講習、插花、八關齋戒、都市佛學院……道場原本就是信徒的第二個家，所以常常可以看到他們穿梭不息，並沒有刻意去通知。,https://books.masterhsingyun.org/ArticleDetail/artcle4355
rel_382b40847d5b,ent_03011272066f,道場,Institution,institution_located_at_place,机构位于地点,ent_a24d417abf3a,台南,PlaceRealm,directed,core_usable,stable_entity_graph,true,2,0,0,0,1,single_article,二○○三年，回到台灣後，他繼而又在佛光山位於台南的道場擔任義工，長達五年。,https://books.masterhsingyun.org/ArticleDetail/artcle5694
rel_38570b8e500e,ent_03011272066f,道場,Institution,institution_propagates_doctrine,机构传播教义,ent_a6b94c65c717,人間佛教,Concept,directed,core_usable,stable_entity_graph,true,2,0,0,0,1,single_article,我有一個問題，當今台灣的佛教，有很多道場都在提倡人間佛教，人間佛教也帶出了台灣佛教一種新的生命與活力。,https://books.masterhsingyun.org/ArticleDetail/artcle11111
rel_b80f94894351,ent_03011272066f,道場,Institution,institution_propagates_doctrine,机构传播教义,ent_e148ca0687f4,佛法,DoctrineTerm,directed,core_usable,stable_entity_graph,true,1,0,0,0,1,single_article,中國四大名山是有形的佛教道場，楊仁山菩薩建立的是無形的佛教慧命道場，是弘揚佛法的重要道場。」,https://books.masterhsingyun.org/ArticleDetail/artcle20966
rel_f8d79c9144b9,ent_03011272066f,道場,Institution,institution_propagates_doctrine,机构传播教义,ent_344384bee4fb,十修歌,Classic,directed,core_usable,stable_entity_graph,true,1,0,0,0,1,single_article,而真正的修行，則應該是在日常生活之中，因此佛光山的各個道場，都在提倡〈十修歌〉，也就是：,https://books.masterhsingyun.org/ArticleDetail/artcle9459
rel_61e6534afa25,ent_03011272066f,道場,Institution,institution_serves_group,机构服务或利益群体,ent_1b85a8db0019,信徒,Group,directed,core_usable,stable_entity_graph,true,2,1,1,1,2,single_article,客家的高僧，如覺力法師的新竹大湖法雲寺，妙果和尚的中壢圓光寺、永定法師重建高雄大崗山超峰寺、眼淨和尚建台南竹溪寺等，都找了山明水秀的地方建立道場，可以供給僧侶修持，也可以供給信徒禮拜。,https://books.masterhsingyun.org/ArticleDetail/artcle10818
rel_88a2b9ff63f5,ent_03011272066f,道場,Institution,institution_serves_group,机构服务或利益群体,ent_c80a0e3385f1,僧侶,Group,directed,core_usable,stable_entity_graph,true,1,1,1,1,1,single_article,客家的高僧，如覺力法師的新竹大湖法雲寺，妙果和尚的中壢圓光寺、永定法師重建高雄大崗山超峰寺、眼淨和尚建台南竹溪寺等，都找了山明水秀的地方建立道場，可以供給僧侶修持，也可以供給信徒禮拜。,https://books.masterhsingyun.org/ArticleDetail/artcle10818
rel_63f6f202cd0e,ent_93eadb4b90de,道理,Concept,concept_defined_as,概念定义为,ent_e148ca0687f4,佛法,DoctrineTerm,directed,core_usable,stable_entity_graph,true,1,0,0,0,1,single_article,佛是人，經過修行，慢慢地開悟了，悟到的道理就是佛法。,https://books.masterhsingyun.org/ArticleDetail/artcle16147
rel_7922000e34fb,ent_93eadb4b90de,道理,Concept,concept_defined_as,概念定义为,ent_f76ae8b83972,真理,Concept,directed,core_usable,stable_entity_graph,true,1,0,0,0,1,single_article,例如有生必有死的道理就是真理。,https://books.masterhsingyun.org/ArticleDetail/artcle4226
rel_975d97f56ec0,ent_93eadb4b90de,道理,Concept,concept_defined_as,概念定义为,ent_04ae57a587e4,第一義,DoctrineTerm,directed,core_usable,stable_entity_graph,true,1,0,0,0,1,single_article,最有意義、最好的道理就是第一義。,https://books.masterhsingyun.org/ArticleDetail/artcle3331
rel_c3d50d049208,ent_93eadb4b90de,道理,Concept,concept_defined_as,概念定义为,ent_7819a06de839,緣起,DoctrineTerm,directed,core_usable,stable_entity_graph,true,1,0,0,0,1,single_article,佛陀所徹悟的道理就是緣起，然而眾生種種妄想執著，不能證得這真實微妙的道理。,https://books.masterhsingyun.org/ArticleDetail/artcle3849
rel_31391a22111d,ent_93eadb4b90de,道理,Concept,concept_defined_as,概念定义为,ent_4c194eb34333,般若,DoctrineTerm,directed,core_usable,stable_entity_graph,true,1,0,0,0,1,single_article,從凡夫階段進趨二乘羅漢的境界，如果能夠體證緣起的道理，就是般若。,https://books.masterhsingyun.org/ArticleDetail/artcle2908
rel_3e3f9594d456,ent_93eadb4b90de,道理,Concept,concept_has_subconcept,概念包含下位概念,ent_98526b272a84,佛門,DoctrineTerm,directed,core_usable,stable_entity_graph,true,1,0,0,0,1,single_article,我常以此勉勵自己，提醒自己要加強「忍」的修為，更加發覺這道理運用在日常生活中，的確也是如此。 ⟂S⟂ 其實各人立場、看法互異，不見得任何事都是我對你錯，有些事只要忍得過去，其後自然海闊天空，不要一直對他人不好的態度執著不放，包括家人、朋友，甚至佛門同道，即使說的不如法，也不要去計較，反倒會因忍而得以讓一切圓滿，事情得以解決，甚至讓人對你改觀。,https://books.masterhsingyun.org/ArticleDetail/artcle20458
rel_d1340734291a,ent_93eadb4b90de,道理,Concept,concept_named_as,概念命名为,ent_7819a06de839,緣起,DoctrineTerm,directed,core_usable,stable_entity_graph,true,3,0,0,0,1,single_article,這種看似牽扯不清，複雜而綿密的互動關係，就形成了解釋宇宙萬法生起，乃至生命起源的一種中道不二、精深微妙的道理，這個道理就叫做「緣起」。,https://books.masterhsingyun.org/ArticleDetail/artcle425
rel_9ef52144fcf2,ent_a22c4107430f,道綽,Person,person_advocates_doctrine,人物倡导教义,ent_297086e6fa83,持名念佛,PracticeActivity,directed,core_usable,stable_entity_graph,true,2,1,1,1,2,single_article,道綽相繼提倡持名念佛，他認為念佛雖有觀想念佛、實相念佛、持名念佛之別，而以持名念佛最為安全。,https://books.masterhsingyun.org/ArticleDetail/artcle674
rel_e4f0b089fc46,ent_a22c4107430f,道綽,Person,person_performs_practice,人物实践修行,ent_e41ec4fb61e4,念佛,PracticeActivity,directed,core_usable,stable_entity_graph,true,1,0,0,0,1,single_article,d.隋代道綽仰慕北魏曇鸞高風，專修念佛淨業。,https://books.masterhsingyun.org/ArticleDetail/artcle8775
rel_d9e197f72cbf,ent_a22c4107430f,道綽,Person,person_performs_practice,人物实践修行,ent_803b648d7dac,精進修行,PracticeActivity,directed,core_usable,stable_entity_graph,true,1,1,1,1,1,single_article,唐太宗貞觀二年（六二八），某天共修的時候，眾人見曇鸞乘坐在七寶船上，對道綽說：「你非常精進修行，因此你在極樂世界的宮殿樓閣已經完成，不過你目前還業緣未了。」,https://books.masterhsingyun.org/ArticleDetail/artcle11395
rel_248a0c7edb8a,ent_d49785201422,釋迦,BuddhistFigure,person_advocates_doctrine,人物倡导教义,ent_bd21a7978ab6,道德,Concept,directed,core_usable,stable_entity_graph,true,1,0,0,0,1,single_article,釋迦佛對於人生的每個層面都有開示。 ⟂S⟂ 他對當時印度的社會階級不平等發表評論，提倡唯有道德的行為才能使人類平等，而非出身或財富。,https://books.masterhsingyun.org/ArticleDetail/artcle17799
rel_d411f03db3e6,ent_d49785201422,釋迦,BuddhistFigure,person_articulates_concept_or_doctrine,人物阐发概念或教义,ent_b265c0f135b0,涅槃,DoctrineTerm,directed,core_usable,stable_entity_graph,true,1,0,0,0,1,single_article,釋迦提出了終極解決之道──涅槃寂靜。,https://books.masterhsingyun.org/ArticleDetail/artcle17785
rel_51241b9fbdd7,ent_d49785201422,釋迦,BuddhistFigure,person_attains_doctrinal_state,人物证得教义境界,ent_b265c0f135b0,涅槃,DoctrineTerm,directed,core_usable,stable_entity_graph,true,1,1,1,1,1,single_article,釋迦的成佛已證悟過涅槃之境，釋迦沒有歸寂於自我修行的不生不滅，而是開始了設教傳法、利益眾生的入世修行。,https://books.masterhsingyun.org/ArticleDetail/artcle17785
rel_344bd62dd08b,ent_d49785201422,釋迦,BuddhistFigure,person_performs_practice,人物实践修行,ent_c84e07b0932e,成佛,Concept,directed,core_usable,stable_entity_graph,true,1,0,0,0,1,single_article,釋迦明確把自己歸入到僧的一員、人的隊伍。 ⟂S⟂ 他把自己當作覺者而不是天神，他是導師，引導眾生皈依佛、法、僧三寶，指導眾生在人間修行成佛。,https://books.masterhsingyun.org/ArticleDetail/artcle17785
rel_23b282f06c2f,ent_d49785201422,釋迦,BuddhistFigure,person_performs_practice,人物实践修行,ent_edb83f453adc,入世,Concept,directed,core_usable,stable_entity_graph,true,1,1,1,1,1,single_article,釋迦的成佛已證悟過涅槃之境，釋迦沒有歸寂於自我修行的不生不滅，而是開始了設教傳法、利益眾生的入世修行。,https://books.masterhsingyun.org/ArticleDetail/artcle17785
rel_f8a454d2fdf0,ent_b5f21754afc7,釋迦牟尼,BuddhistFigure,person_founds_institution,人物创设机构,ent_a778b2ec3c14,教團,Institution,directed,core_usable,stable_entity_graph,true,1,0,0,0,1,single_article,在世界上，夠資格講「和」的，只有我們和尚，因為和尚是以「和」為尚，當初釋迦牟尼佛建立教團，也講六和敬。,https://books.masterhsingyun.org/ArticleDetail/artcle11113
rel_459aad195b47,ent_b5f21754afc7,釋迦牟尼,BuddhistFigure,person_founds_institution,人物创设机构,ent_f26b13f3e5e9,僧團,Institution,directed,core_usable,stable_entity_graph,true,1,0,0,0,1,single_article,在佛教裡，釋迦牟尼佛所建立的僧團，叫做「六和僧團」，所謂「六和」，見和同解，就是思想的統一；,https://books.masterhsingyun.org/ArticleDetail/artcle9761
rel_dcb8bf35853c,ent_b5f21754afc7,釋迦牟尼,BuddhistFigure,person_performs_practice,人物实践修行,ent_b9466da1d262,佛教,DoctrineTerm,directed,core_usable,stable_entity_graph,true,1,0,0,0,1,single_article,人間佛教是未來世界的一道光明，並非哪一個現代人才發起『我們來弘揚佛教』，人間佛教是釋迦牟尼佛所奉行的佛教。,https://books.masterhsingyun.org/ArticleDetail/artcle18590
rel_5ffa6c1c678b,ent_b5f21754afc7,釋迦牟尼,BuddhistFigure,person_performs_practice,人物实践修行,ent_c84e07b0932e,成佛,Concept,directed,core_usable,stable_entity_graph,true,1,0,0,0,1,single_article,釋迦牟尼佛是革命家，但是他不用武力來革命，而是用真理來革命； ⟂S⟂ 他不是以打倒別人來革命，而是以修行成佛來革命；,https://books.masterhsingyun.org/ArticleDetail/artcle11014
rel_ef82a7468cca,ent_b5f21754afc7,釋迦牟尼,BuddhistFigure,person_performs_practice,人物实践修行,ent_39be9be3e203,法門,DoctrineTerm,directed,core_usable,stable_entity_graph,true,2,0,0,0,1,single_article,例如過去釋迦牟尼佛和彌勒菩薩曾在一起修行，然而釋迦牟尼佛多修了一個讚歎法門，他真心讚歎弗沙佛：「天上天下無如佛，十方世界亦無比，世間所有我盡見，一切無有如佛者。」,https://books.masterhsingyun.org/ArticleDetail/artcle13395
rel_2fe9539a865e,ent_b5f21754afc7,釋迦牟尼,BuddhistFigure,person_transmits_to_person,人物传法于人物,ent_e5ca672ab120,大迦葉,BuddhistFigure,directed,core_usable,stable_entity_graph,true,1,0,0,0,1,single_article,佛教裡，釋迦牟尼佛在靈鷲山上拈花微笑，將涅槃妙心傳給大迦葉尊者，但佛教史上記載，也只傳了二十八代，後續就不知所以了。,https://books.masterhsingyun.org/ArticleDetail/artcle23596
rel_c138121bbf66,ent_ef730738c9ac,釋迦牟尼佛傳,Classic,classic_records_person,经典记载人物,ent_62cf8ccca072,佛陀,BuddhistFigure,directed,core_usable,stable_entity_graph,true,2,1,1,1,2,single_article,講述佛陀生平故事的《釋迦牟尼佛傳》、介紹佛陀弟子的《十大弟子傳》，是就著昏黃孤燈焚膏繼晷完成的。⟂S⟂其中《釋迦牟尼佛傳》還是佛教界的第一本精裝書。,https://books.masterhsingyun.org/ArticleDetail/artcle15616
rel_8bfdb657c05f,ent_ef730738c9ac,釋迦牟尼佛傳,Classic,work_published_in_publication,作品发表于出版物,ent_37d5a7356314,人生雜誌,Classic,directed,core_usable,stable_entity_graph,true,1,1,1,1,1,single_article,除了自取「法名」之外，大師還為自己取了不少「筆名」。⟂S⟂大師初到台灣時，立意要「以文弘法」，因此經常在台灣的報紙、雜誌、電台撰文投稿。⟂S⟂當時除了用「星雲」之法名以外，用了最多的筆名是「摩迦」。⟂S⟂如一九五三年在宜蘭撰寫《釋迦牟尼佛傳》，乃至一九四九年在苗栗法雲寺看守山林期間所寫的《無聲息的歌唱》，都是用「摩迦」為筆名發表在《人生雜誌》上。,https://books.masterhsingyun.org/ArticleDetail/artcle15245
rel_fadb2bfe5430,ent_c19be059531d,金剛經,Classic,classic_interpreted_as_doctrine,经典被阐释为教义或主张,ent_6deef676b2d3,福德,DoctrineTerm,directed,core_usable,stable_entity_graph,true,1,1,1,1,1,single_article,生活在世間上，最盼望希求的是「福」！⟂S⟂人一旦有了福，就可以福至心靈、福星高照、福如東海、福德莊嚴、福果圓滿！⟂S⟂可見福是人人需要的，佛教對「福」的詮釋，在《金剛經》上，有所謂福德與福德性。⟂S⟂福德指的是布施做善事，助人結人緣，重在修證福德，是屬世間法；⟂S⟂福德性則是指我們每一個人永恆的生命，不假外求的真如佛性，是屬出世間法。,https://books.masterhsingyun.org/ArticleDetail/artcle5783
rel_cf22497bc438,ent_c19be059531d,金剛經,Classic,classic_interpreted_as_doctrine,经典被阐释为教义或主张,ent_7819a06de839,緣起,DoctrineTerm,directed,core_usable,stable_entity_graph,true,1,1,1,1,1,single_article,佛陀對這個世間的萬象都瞭如指掌，如《金剛經》說：「一切有為法，如夢幻泡影，如露亦如電，應作如是觀。」⟂S⟂，這是對宇宙世間的「緣起」法則深入了解的最好說明。,https://books.masterhsingyun.org/ArticleDetail/artcle15988
rel_2f82f4693e23,ent_c19be059531d,金剛經,Classic,classic_records_person,经典记载人物,ent_62cf8ccca072,佛陀,BuddhistFigure,directed,core_usable,stable_entity_graph,true,1,1,1,1,1,single_article,《金剛經》中，佛陀說他自己作忍辱仙人的時候，被歌利王誣陷、割截身體，他都不生氣，他所表現的正是「難行能行，難忍能忍」的修行功夫。⟂S⟂所以，成佛要有三十二相八十種好，要福慧俱全，這就是佛陀的「三祇修福慧，百劫修相好」；,https://books.masterhsingyun.org/ArticleDetail/artcle1927
rel_8ea32ff7e6cf,ent_c19be059531d,金剛經,Classic,classic_states_or_mentions_doctrine,经典陈述或提及教义,ent_56db144ad988,一切有為法,DoctrineTerm,directed,core_usable,stable_entity_graph,true,10,7,7,4,10,multi_article,在佛教，有所謂的世間法、出世間法。⟂S⟂世間法，即我們在人間的所思所想、生活物用，乃至山河大地、宇宙萬有皆是。⟂S⟂出世間法，即超越有形有相、眼耳見聞的根塵世界。⟂S⟂世間法皆是無常，沒有一樣東西是永久存在。⟂S⟂例如，花開了會凋謝，人出生了會死亡；⟂S⟂建再高的大樓、再堅固的豪宅，也會有毀壞的一天。⟂S⟂世間有成住壞空，人生有生老病死，世間萬象終究會歸於無常，無常，便是世間法的真實寫照。⟂S⟂因此《大寶積經》說：「諸法如水中月，如鏡中像。」⟂S⟂天上的月亮映照在水面，水裡的月亮究竟是有？⟂S⟂是無？⟂S⟂它不過是倒影，不是真實的存在。⟂S⟂鏡中顯現的影像，看似相同，但鏡中物卻不是真實的。⟂S⟂所以《金剛經》說：「一切有為法，如夢幻泡影，如露亦如電，應作如是觀。」⟂S⟂說明了世間萬有、一切法都如夢幻泡影，不長久，也不真實。,https://books.masterhsingyun.org/ArticleDetail/artcle13796
rel_d7ba771a2126,ent_c19be059531d,金剛經,Classic,classic_states_or_mentions_doctrine,经典陈述或提及教义,ent_c3569625ae14,三十二相,DoctrineTerm,directed,core_usable,stable_entity_graph,true,1,1,1,1,1,single_article,所以，三十二相、八十種好是緣起性空的假名幻有，能夠了知這一點，才能如實見到佛陀的相好光明。⟂S⟂所以《金剛經》說：「如來說三十二相，即是非相，是名三十二相。」,https://books.masterhsingyun.org/ArticleDetail/artcle7548
rel_6650366d40d6,ent_c19be059531d,金剛經,Classic,classic_states_or_mentions_doctrine,经典陈述或提及教义,ent_0561a5bfd292,不可得,Concept,directed,core_usable,stable_entity_graph,true,2,1,1,1,2,single_article,「景物依舊，人事已非」，這是一般人對無常的感嘆。⟂S⟂其實，世間一切有為法都是因緣和合而生起，因緣所生的諸法，空無自性，隨著緣聚而生，緣散而滅，它是三世遷流不住的，所以不但有情世間的眾生有生、老、病、死的現象，器世間的山河大地有成、住、壞、空的演變，人的心念有生、住、異、滅的變化，自然界的時序更是春、夏、秋、冬，或冷、暖、寒、暑的更替不已。⟂S⟂也就是說，一切法在時間上是剎那不住，念念生滅，過去的已滅，未來的未生，現在的即生即滅，正如《金剛經》所說：「過去心不可得，現在心不可得，未來心不可得。」⟂S⟂因為世間一切萬法無一是常住不變的，因此說「無常」。,https://books.masterhsingyun.org/ArticleDetail/artcle3984
rel_018a4fbd610a,ent_c19be059531d,金剛經,Classic,classic_states_or_mentions_doctrine,经典陈述或提及教义,ent_d99cb1e219c4,如夢幻泡影,Concept,directed,core_usable,stable_entity_graph,true,4,3,3,2,4,multi_article,所以眾生愚痴，經常在妄想中過生活，如《金剛經》所說：「一切有為法，如夢幻泡影」。,https://books.masterhsingyun.org/ArticleDetail/artcle13364
rel_cba9caba4f76,ent_c19be059531d,金剛經,Classic,classic_states_or_mentions_doctrine,经典陈述或提及教义,ent_4d8dbf44a614,布施,PracticeActivity,directed,core_usable,stable_entity_graph,true,3,0,0,0,1,single_article,《金剛經》云︰以三千大千世界七寶布施，其功德不及百分之一的四句偈佛法布施，大家在此禮懺不僅可以消災，更可以拜出一所大學來，提升了佛教教育文化，意義特別殊勝。,https://books.masterhsingyun.org/ArticleDetail/artcle8031
rel_a12b0c0f86e7,ent_c19be059531d,金剛經,Classic,classic_states_or_mentions_doctrine,经典陈述或提及教义,ent_fd85beeca7fa,平等,DoctrineTerm,directed,core_usable,stable_entity_graph,true,2,0,0,0,1,single_article,《金剛經》說：「是法平等，無有高下。」,https://books.masterhsingyun.org/ArticleDetail/artcle586
rel_c86892c3334b,ent_c19be059531d,金剛經,Classic,classic_states_or_mentions_doctrine,经典陈述或提及教义,ent_0a5418af662b,無餘涅槃,DoctrineTerm,directed,core_usable,stable_entity_graph,true,1,1,1,1,1,single_article,《金剛經》云：「應如是降伏其心，所有一切眾生之類，若卵生，若胎生，若溼生，若化生；⟂S⟂若有色，若無色；⟂S⟂若有想，若無想；⟂S⟂若非有想，若非無想，我皆令入無餘涅槃而滅度之。」⟂S⟂又說：布施四句偈比布施三千大千世界七寶的功德還要多。⟂S⟂我們發心度眾，並不是光用物質來施捨，最重要者，還是必須從文化教育著手，使廣大的眾生都能達到心靈的解脫。⟂S⟂所以，其他寺院道場喜歡興建佛殿，我卻積極建設講堂、禪堂、會議室、圖書館、視聽中心……其他道場在慈善、經懺上大力用心，我卻寧可沒沒無聞地發行雜誌刊物，出版三藏經典，興辦佛教學院，培養弘法人才。,https://books.masterhsingyun.org/ArticleDetail/artcle6550
rel_987888649a11,ent_c19be059531d,金剛經,Classic,classic_states_or_mentions_doctrine,经典陈述或提及教义,ent_c491291ea5a3,無我,DoctrineTerm,directed,core_usable,stable_entity_graph,true,4,0,0,0,1,single_article,《金剛經》說「無我相、人相、眾生相、壽者相」，是積極地從否定上建設一個「常樂我淨」的世界；,https://books.masterhsingyun.org/ArticleDetail/artcle353
rel_1f13c0e79757,ent_c19be059531d,金剛經,Classic,classic_states_or_mentions_doctrine,经典陈述或提及教义,ent_6deef676b2d3,福德,DoctrineTerm,directed,core_usable,stable_entity_graph,true,4,4,4,3,4,multi_article,《金剛經》說：「若善男子、善女人，於此經中，乃至受持四句偈等，為他人說，而此福德勝前福德。」⟂S⟂也就是「受持四句偈等、為他人說」的福德，比「以七寶滿爾所恆河沙數三千大千世界以用布施」的福德還要多，可見文字的力量是無限的。,https://books.masterhsingyun.org/ArticleDetail/artcle16339
rel_9b2002722f58,ent_c19be059531d,金剛經,Classic,classic_states_or_mentions_doctrine,经典陈述或提及教义,ent_4c194eb34333,般若,DoctrineTerm,directed,core_usable,stable_entity_graph,true,2,0,0,0,1,single_article,《金剛經》云，何處有般若，何處尊貴。,https://books.masterhsingyun.org/ArticleDetail/artcle7929
rel_f1fdacc9b5b5,ent_405195e2d01b,長阿含經,Classic,classic_records_person,经典记载人物,ent_62cf8ccca072,佛陀,BuddhistFigure,directed,core_usable,stable_entity_graph,true,2,1,1,1,2,single_article,佛教對子女的教育也非常重視，佛陀在《長阿含經》卷十一裡，告訴父母教育兒女應該：「一者制子不聽為惡。,https://books.masterhsingyun.org/ArticleDetail/artcle1794
rel_f6167a61aed3,ent_8140f68a375b,防非止惡,DoctrineTerm,doctrine_constrained_by,义理受条件或范围限制,ent_9e7028261726,因果觀念,Concept,directed,core_usable,stable_entity_graph,true,1,1,1,1,1,single_article,尤其，佛教和其他宗教不同，佛教並不是一味的叫人信仰，佛教的信仰是要我們建立在理智上、慧解上，甚至可以建立在疑情上，所謂「大疑大悟、小疑小悟、不疑不悟」，佛教的緣起、中道、因果等教義，可以究竟解答人生的迷惑。⟂S⟂所以，過去我曾經說過，一個人可以什麼都不信，但不能不信因果，因為一個人有了因果觀念，才能慎行於始，才能防非止惡，才能眾善奉行，才會有光明的前途。,https://books.masterhsingyun.org/ArticleDetail/artcle1793
rel_6f1ed06d339a,ent_8da74470239f,阿字觀,DoctrineTerm,concept_defined_as,概念定义为,ent_8b8d3df842d4,觀法,DoctrineTerm,directed,core_usable,stable_entity_graph,true,1,0,0,0,1,single_article,「阿字觀」即是觀想此理的一種修觀法，亦是東密主要修觀法之一。,https://books.masterhsingyun.org/ArticleDetail/artcle6771
rel_63afd9b8e48c,ent_26de12f09319,阿彌陀,BuddhistFigure,person_guides_or_saves_group,人物教化或度化群体,ent_d3e26d33b46f,大眾,Group,directed,core_usable,stable_entity_graph,true,1,0,0,0,1,single_article,大師說：「阿彌陀佛接引大眾往生西方，引禮師接引戒子走向佛道，是佛陀的使者，為眾生服務。,https://books.masterhsingyun.org/ArticleDetail/artcle18934
rel_8e68534f479d,ent_26de12f09319,阿彌陀,BuddhistFigure,person_teaches_doctrine,人物讲授教义,ent_b35b69fd5ff9,眾生,DoctrineTerm,directed,core_usable,stable_entity_graph,true,2,0,0,0,1,single_article,由此說明，阿彌陀佛不僅是偉大的環保專家、是一流的建築設計師、是了不起的經濟學家，更是善於領導駕馭眾生的人事管理學專家。 ⟂S⟂ 他「三根普被」，教導眾生「一心不亂」的稱念其名，所以生活在極樂世界裡的眾生，他們在道業上都已達到不退轉的「阿鞞跋致」境界，都是諸上善人，沒有三惡道；,https://books.masterhsingyun.org/ArticleDetail/artcle9586
rel_cd85521275b3,ent_e1d6f5b50525,阿彌陀經,Classic,classic_interpreted_as_doctrine,经典被阐释为教义或主张,ent_878ea185a076,念阿彌陀佛,PracticeActivity,directed,core_usable,stable_entity_graph,true,2,1,1,1,2,single_article,般若，是即相顯性的甚深義理，不是一般凡夫所能理解的，因此佛陀大慈大悲，宣說《阿彌陀經》，以持念阿彌陀佛聖號求生淨土為主要修行法門，這是善巧中最善巧的法門，方便中最極方便的法門。⟂S⟂所謂三根普被，萬善同歸，是說明此一念佛法門，若以持名念佛，也能消業障，增長福德及信心，若中等根性以觀想念佛或觀像念佛，能依佛像為所緣，一心繫念，達於專注一趣，引生正定，依定觀慧，由此離煩惱繫縛而得解脫。⟂S⟂上等根性若以實相念佛，從緣起畢竟空中，徹見萬化之本性，所謂人身長大，則為非大身，所謂莊嚴佛土者，即非莊嚴，是名莊嚴，所謂三千大千世界，即非世界是名世界。⟂S⟂一切的一切，無非是緣起的假和合，體悟此法性，即所謂見緣起即見佛。⟂S⟂綜合三種念佛，故說淨土法門為三根普被，而在淨土諸經中，以《佛說阿彌陀經》為最簡明、最方便。,https://books.masterhsingyun.org/ArticleDetail/artcle21752
rel_185bb2e7791d,ent_e1d6f5b50525,阿彌陀經,Classic,classic_records_person,经典记载人物,ent_62cf8ccca072,佛陀,BuddhistFigure,directed,core_usable,stable_entity_graph,true,1,0,0,0,1,single_article,佛陀在《阿彌陀經》中說：「從是西方過十萬億佛土，有世界名曰極樂，其土有佛號阿彌陀，今現在說法……」,https://books.masterhsingyun.org/ArticleDetail/artcle9817
rel_509e2d5e1860,ent_e1d6f5b50525,阿彌陀經,Classic,classic_states_or_mentions_doctrine,经典陈述或提及教义,ent_ac993f0f8df9,一心不亂,Concept,directed,core_usable,stable_entity_graph,true,12,9,9,4,12,multi_article,不過，信仰重在專一，信仰重在一心，如─《普門品》中的「一心稱名」、「一心供養」，─《阿彌陀經》中的「一心不亂」、「一念往生」，都是證明一心一意，心誠則靈。⟂S⟂因此，宗教徒對於自己所選擇的宗教信仰要忠貞、要專一。,https://books.masterhsingyun.org/ArticleDetail/artcle692
rel_c77694fbb2da,ent_e1d6f5b50525,阿彌陀經,Classic,classic_states_or_mentions_doctrine,经典陈述或提及教义,ent_e8785f476bae,往生,Concept,directed,core_usable,stable_entity_graph,true,1,1,1,1,1,single_article,不過，信仰重在專一，信仰重在一心，如─《普門品》中的「一心稱名」、「一心供養」，─《阿彌陀經》中的「一心不亂」、「一念往生」，都是證明一心一意，心誠則靈。⟂S⟂因此，宗教徒對於自己所選擇的宗教信仰要忠貞、要專一。,https://books.masterhsingyun.org/ArticleDetail/artcle692
rel_5fa9bd394d91,ent_e1d6f5b50525,阿彌陀經,Classic,classic_states_or_mentions_doctrine,经典陈述或提及教义,ent_451aac4b11fb,讚歎,PracticeActivity,directed,core_usable,stable_entity_graph,true,1,1,1,1,1,single_article,《阿彌陀經》中，釋迦牟尼佛讚歎東方世界、西方世界、南方世界、北方世界等無量諸佛，十方諸佛也讚歎釋迦牟尼佛，彼此讚美來、讚美去，互相說好話。⟂S⟂就等於佛光會推動說好話的運動，多說肯定別人、讚歎別人的好話，這就是說明修行讚歎別人的重要。,https://books.masterhsingyun.org/ArticleDetail/artcle1104
rel_db4e994a6a41,ent_9d59dcc62f1b,阿難問事佛吉凶經,Classic,classic_records_person,经典记载人物,ent_62cf8ccca072,佛陀,BuddhistFigure,directed,core_usable,stable_entity_graph,true,1,0,0,0,1,single_article,佛陀在《阿難問事佛吉凶經》說到：「師弟之義，義感自然，當相信厚，視彼若己；,https://books.masterhsingyun.org/ArticleDetail/artcle8837
rel_b421bb42ae7b,ent_5ac5bcec6266,阿鞞跋致,Concept,concept_defined_as,概念定义为,ent_c32cdc25f201,不退轉,Concept,directed,core_usable,stable_entity_graph,true,1,0,0,0,1,single_article,「阿鞞跋致」就是「不退轉」，是指修行有得，所證悟的信心、果位已入不退轉地，必然不會退墮而能得至成佛之位。,https://books.masterhsingyun.org/ArticleDetail/artcle15177
rel_bf5e6d68907e,ent_86b327365dae,隨緣,Concept,concept_defined_as,概念定义为,ent_61654ef63947,因緣,DoctrineTerm,directed,core_usable,stable_entity_graph,true,1,0,0,0,1,single_article,所謂「隨緣」，就是隨順因緣。,https://books.masterhsingyun.org/ArticleDetail/artcle2079
rel_ce5fde0a4d82,ent_86b327365dae,隨緣,Concept,concept_defined_as,概念定义为,ent_247b5c2351b8,方便,DoctrineTerm,directed,core_usable,stable_entity_graph,true,2,0,0,0,1,single_article,隨緣就是由智慧所產生的方便，也就是般若，在隨緣中要記住應有的原則和操守。,https://books.masterhsingyun.org/ArticleDetail/artcle15693
rel_ef97fffbe095,ent_e40dcbc1e579,須菩提,BuddhistFigure,person_attains_doctrinal_state,人物证得教义境界,ent_40c8f9586cac,真空,DoctrineTerm,directed,core_usable,stable_entity_graph,true,1,1,1,1,1,single_article,佛陀的十大弟子中，「解空第一」的須菩提因為體悟到真空，所以每次參禪打坐時，天人都為他散花；,https://books.masterhsingyun.org/ArticleDetail/artcle14002
rel_e73c17f1aeff,ent_e40dcbc1e579,須菩提,BuddhistFigure,person_member_of_group,人物属于群体,ent_059514d0074d,十大弟子,Group,directed,core_usable,stable_entity_graph,true,1,1,1,1,1,single_article,佛陀的十大弟子中，「解空第一」的須菩提因為體悟到真空，所以每次參禪打坐時，天人都為他散花；,https://books.masterhsingyun.org/ArticleDetail/artcle14002
rel_c11e9d83e7df,ent_e40dcbc1e579,須菩提,BuddhistFigure,person_performs_practice,人物实践修行,ent_883dba211288,參禪,DoctrineTerm,directed,core_usable,stable_entity_graph,true,1,1,1,1,1,single_article,佛陀的十大弟子中，「解空第一」的須菩提因為體悟到真空，所以每次參禪打坐時，天人都為他散花；,https://books.masterhsingyun.org/ArticleDetail/artcle14002
rel_7294c73d1d6a,ent_cae05d47880e,顛倒,DoctrineTerm,concept_defined_as,概念定义为,ent_093d3d337558,禪定,PracticeActivity,directed,core_usable,stable_entity_graph,true,1,0,0,0,1,single_article,五、禪定：心無雜念，不被俗物迷惑顛倒就是禪定。,https://books.masterhsingyun.org/ArticleDetail/artcle21856
rel_71ca28aa2f75,ent_929294154cfa,首楞嚴三昧經,Classic,classic_states_or_mentions_doctrine,经典陈述或提及教义,ent_03c937f6582b,不可思議,DoctrineTerm,directed,core_usable,stable_entity_graph,true,2,1,1,1,2,single_article,《首楞嚴三昧經》曾經提到菩薩有二十種不可思議：福德不可思議、智不可思議、慧不可思議、方便不可思議、辯才不可思議、法明不可思議、總持不可思議、法門不可思議、憶念隨義不可思議、諸神通力不可思議、分別眾生諸所語言不可思議、深解眾生心之所樂不可思議、得見諸佛不可思議、所聞諸法不可思議、教化眾生不可思議、自在三昧不可思議、成就眾生不可思議、形式最妙不可思議、修治諸波羅蜜不可思議、得不退轉不可思議。,https://books.masterhsingyun.org/ArticleDetail/artcle17421
rel_d4227a54c947,ent_cbf0094c88a7,馬鳴菩薩,BuddhistFigure,person_guides_or_saves_group,人物教化或度化群体,ent_aef97ef170d1,眾生,Group,directed,core_usable,stable_entity_graph,true,2,0,0,0,1,single_article,二世紀中葉，印度著名的佛教音樂家馬鳴菩薩，以音樂度化眾生，他曾做過一首美妙動人的歌曲〈賴吒和羅〉，感動很多人信仰三寶。,https://books.masterhsingyun.org/ArticleDetail/artcle8651
rel_70907916e074,ent_420bd844422b,高僧傳,Classic,classic_records_person,经典记载人物,ent_e9a42c65be3a,嘉祥吉藏,BuddhistFigure,directed,core_usable,stable_entity_graph,true,1,0,0,0,1,single_article,高僧傳所記載的嘉祥大師，也就是三論宗集大成的吉藏，在梁武帝太清三年（五四九）生於金陵，他的祖父是安息人，因避仇來到中國，世代都是佛教徒。,https://books.masterhsingyun.org/ArticleDetail/artcle3856
rel_cef5d8bc35e0,ent_886c87bcb507,鳩摩羅什,BuddhistFigure,person_associated_with_place,人物关联地点,ent_d8962e75204c,長安,PlaceRealm,directed,core_usable,stable_entity_graph,true,2,1,1,1,2,single_article,翌日，鳩摩羅什於長安圓寂，遺體於逍遙園荼毗後，果然舌頭如生，不曾毀損。,https://books.masterhsingyun.org/ArticleDetail/artcle1987
rel_b3cb566cf1fa,ent_886c87bcb507,鳩摩羅什,BuddhistFigure,person_hosts_activity,人物主持活动,ent_c39225d34678,譯經場,PracticeActivity,directed,core_usable,stable_entity_graph,true,1,1,1,1,1,single_article,僧導受過具足戒後，更加博通禪律經論，受到後秦姚興的重視，他禮請僧導參與鳩摩羅什主持的譯經場，著作了《成實義疏》、《三論義疏》及《空有二諦論》。,https://books.masterhsingyun.org/ArticleDetail/artcle11603
rel_86727d3cca8b,ent_9ec957314e9c,黃教,SchoolTradition,doctrine_flourishes_at_place,教义兴盛于地点,ent_25a1cc59ae74,內蒙古,PlaceRealm,directed,core_usable,stable_entity_graph,true,1,0,0,0,1,single_article,從此，敬佛息武，禁止殺戮，黃教因而盛行於內蒙古。,https://books.masterhsingyun.org/ArticleDetail/artcle8773
rel_005fe4ae8158,ent_9ec957314e9c,黃教,SchoolTradition,doctrine_transmitted_to_place,教义传播至地点,ent_bfe0ab7481a6,外蒙古,PlaceRealm,directed,core_usable,stable_entity_graph,true,1,0,0,0,1,single_article,黃教傳入外蒙古，始於土謝圖汗曾祖阿巴岱汗。,https://books.masterhsingyun.org/ArticleDetail/artcle8773
rel_14e28220c51d,ent_7814e046414f,龍樹,BuddhistFigure,person_authors_work,人物创作或撰写作品,ent_0b06e21deb6e,大智度論,Classic,directed,core_usable,stable_entity_graph,true,1,1,1,1,1,single_article,本論是龍樹晚年的著作，對學說、思想、用例、傳說、歷史、地理、實踐方法、僧伽的解說甚為詳細，並言及勝論派與印度一般思想，是當時的佛教百科全書。⟂S⟂在般若思想的弘揚上，龍樹的《中論》是站在「般若皆空」的否定立場而言，然本論則是以「諸法實相」的積極肯定立場，極力闡明大乘菩薩思想及六波羅蜜的宗教實踐，如卷四的尸毗王割肉餵鷹、須陀須摩王不犯禁戒，卷十一的大國王遍割身肉為燈炷供養婆羅門以求佛法、鴿以身投火施捨飢人，卷十二的薩婆達王以身布施婆羅門、月光太子布施血髓濟度癩人、六牙白象舉牙授與獵者、迦頻闍羅鳥教化禽獸，卷十四的羼提仙人、鹿王代鹿母受死、愛法梵志破皮析骨求法、雉滅林火等，處處揭示菩薩行者之修持，而與佛陀的本生譚有密不可分的關係。⟂S⟂因此，由本論即可了解龍樹以前佛教學說的大要。,https://books.masterhsingyun.org/ArticleDetail/artcle2943
rel_672b6957acb5,ent_5978c591cada,星雲大師,Person,person_advocates_doctrine,人物倡导教义,ent_0e392a5a426a,三好,Concept,directed,core_usable,stable_entity_graph,true,13,1,1,1,2,single_article,星雲大師提倡三好運動，希望大家做好事、說好話、存好心。,https://books.masterhsingyun.org/ArticleDetail/artcle20497
rel_773a841d31c7,ent_5978c591cada,星雲大師,Person,person_advocates_doctrine,人物倡导教义,ent_a6b94c65c717,人間佛教,Concept,directed,core_usable,stable_entity_graph,true,130,6,6,2,7,multi_article,星雲大師提倡人間佛教，就是要使古老的佛教成為解決現代問題的新利器。,https://books.masterhsingyun.org/ArticleDetail/artcle15615
rel_c9b0763e9f4a,ent_5978c591cada,星雲大師,Person,person_advocates_doctrine,人物倡导教义,ent_9cfd3c00cfee,佛化,DoctrineTerm,directed,core_usable,stable_entity_graph,true,1,0,0,0,1,single_article,星雲大師提倡佛化的生活，以為上至國王、下至平民百姓，從生至死，舉手投足，在在都有佛法。,https://books.masterhsingyun.org/ArticleDetail/artcle17809
rel_1ad20aa32624,ent_5978c591cada,星雲大師,Person,person_advocates_doctrine,人物倡导教义,ent_b9466da1d262,佛教,DoctrineTerm,directed,core_usable,stable_entity_graph,true,15,1,1,1,2,single_article,星雲大師倡導佛教藝文化，因為他「相信文學藝術可以美化人生，也可以美化佛教，為佛教帶來生氣，所以文學藝術能讓佛法的弘揚事半功倍，而且影響深遠。」,https://books.masterhsingyun.org/ArticleDetail/artcle17785
rel_d70a0476d077,ent_5978c591cada,星雲大師,Person,person_advocates_doctrine,人物倡导教义,ent_e148ca0687f4,佛法,DoctrineTerm,directed,core_usable,stable_entity_graph,true,16,0,0,0,1,single_article,星雲大師弘揚佛法最懂得方法論，他也是最好的宣傳家。,https://books.masterhsingyun.org/ArticleDetail/artcle20443
rel_e2cb48cd6ba7,ent_5978c591cada,星雲大師,Person,person_advocates_doctrine,人物倡导教义,ent_37673e1464e9,信心,DoctrineTerm,directed,core_usable,stable_entity_graph,true,1,0,0,0,1,single_article,星雲大師所宣導的人間佛教，是佛陀本懷精神的回歸。 ⟂S⟂ 他提倡「給人信心，給人歡喜，給人希望，給人方便」，為我們細說般若，開示人生。,https://books.masterhsingyun.org/ArticleDetail/artcle15930
rel_042979df99b5,ent_5978c591cada,星雲大師,Person,person_advocates_doctrine,人物倡导教义,ent_8dacc063faab,共修,PracticeActivity,directed,core_usable,stable_entity_graph,true,1,0,0,0,1,single_article,星雲大師本人具有集體主義的性格，他在《往事百語‧老二哲學》中說：「當初，我自號『星雲』，只想自我勉勵做星雲團裡的一顆小星星，以一己微弱的光芒，和其他星光互相輝映，光照寰宇。」 ⟂S⟂ 他認為弘法應從過去的以個人為主轉向以團體為主，發揮團體的強力，發起創辦了大大小小的多個佛教團體，提倡舉辦集體共修活動，建議舉辦老人俱樂部、職業訓練輔導中心、佛書交換研讀會、社區布教所、兩地信徒相談會、社區服務中心、家庭普照、參訪團、朝山團、兒童星期學佛班、佛教慈愛團、研討共修會、八關齋戒會等，以多種團體活動擴大集體共修的範圍。,https://books.masterhsingyun.org/ArticleDetail/artcle17984
rel_e4095908c7a8,ent_5978c591cada,星雲大師,Person,person_advocates_doctrine,人物倡导教义,ent_a216b1a51278,教育培養人才,Concept,directed,core_usable,stable_entity_graph,true,1,0,0,0,1,single_article,星雲大師盡心盡力地用其後半生實踐著當初創立佛光山的宗旨。 ⟂S⟂ 他以創建佛學院、美術館、圖書館、出版社、書局、中學、小學、幼稚園、大學來實現其「以文化弘揚佛法、以教育培養人才」之理想；,https://books.masterhsingyun.org/ArticleDetail/artcle17489
rel_f6ed69f3288d,ent_5978c591cada,星雲大師,Person,person_advocates_doctrine,人物倡导教义,ent_b9c334cfd06e,歡喜,DoctrineTerm,directed,core_usable,stable_entity_graph,true,2,0,0,0,1,single_article,星雲大師一生提倡融和與歡喜，不僅佛教各宗派要融和，宗教與宗教之間也要融和，對於結合其他宗教共同促進世界和平，更是不遺餘力。,https://books.masterhsingyun.org/ArticleDetail/artcle17812
rel_1a2a3e9155a6,ent_5978c591cada,星雲大師,Person,person_advocates_doctrine,人物倡导教义,ent_b3b044550a72,比丘尼戒,DoctrineTerm,directed,core_usable,stable_entity_graph,true,1,1,1,1,1,single_article,對女眾，星雲大師一向就是仁慈而平等對待的。⟂S⟂他常常向南傳國家的僧眾提議恢復比丘尼戒的傳承，而且相當肯定女眾在佛教中的貢獻。,https://books.masterhsingyun.org/ArticleDetail/artcle17447
rel_173708381f92,ent_5978c591cada,星雲大師,Person,person_advocates_doctrine,人物倡导教义,ent_a5e336f0fbbb,生活佛教,Concept,directed,core_usable,stable_entity_graph,true,1,0,0,0,1,single_article,星雲大師提倡人間佛教、生活佛教，認為：「舉手之勞的服務，恰到好處的讚美，真誠的關心，都是隨喜的道德生活。」,https://books.masterhsingyun.org/ArticleDetail/artcle17419
rel_4bff5e53e75d,ent_5978c591cada,星雲大師,Person,person_advocates_doctrine,人物倡导教义,ent_4c194eb34333,般若,DoctrineTerm,directed,core_usable,stable_entity_graph,true,1,1,1,1,1,single_article,由於般若的統攝，五度則成為出世間法。⟂S⟂可見在星雲大師的人間佛教思想詮釋中，對於般若重要性與卓越性的高度推重。,https://books.masterhsingyun.org/ArticleDetail/artcle24075
rel_29393ef7798d,ent_5978c591cada,星雲大師,Person,person_advocates_doctrine,人物倡导教义,ent_bd21a7978ab6,道德,Concept,directed,core_usable,stable_entity_graph,true,1,0,0,0,1,single_article,星雲大師向《亞洲週刊》表示，不少人在辦文學獎，但「全球華文文學星雲獎」特別強調歷史小說、報導文學和人間佛教散文。 ⟂S⟂ 他期盼能有宣揚道德、人性或與佛教有關的好作品，更希望能有類似四大才子書，把人性的道理在生活裡、在人與人之間表達出來的好作品。,https://books.masterhsingyun.org/ArticleDetail/artcle17495
rel_e7309f55d637,ent_5978c591cada,星雲大師,Person,person_advocates_doctrine,人物倡导教义,ent_b2fed7536a6c,人間佛教思想,Concept,directed,core_usable,stable_entity_graph,true,3,1,1,1,3,single_article,而其對星雲大師弘揚人間佛教思想，則具有深刻的啟發，這可從星雲大師大量的著作中，數數徵引寒山的詩作，來推展人間佛教的思想見出端倪，如一九八○年十二月二日，宣講於台北國父紀念館的「從人的過去、現在到未來」，即引寒山詩說佛教最終極的解脫，原來只是沒有執著的尋常心、平等心與慈悲心：,https://books.masterhsingyun.org/ArticleDetail/artcle17981
rel_6c9862cb42a5,ent_5978c591cada,星雲大師,Person,person_advocates_doctrine,人物倡导教义,ent_edb83f453adc,入世,Concept,directed,core_usable,stable_entity_graph,true,3,3,3,1,3,multi_article,星雲大師認為，出家人要培養「出離心」，然而培養「出離心」並非完全脫離人世，而應致力於在人世間體證佛道。⟂S⟂出家僧眾不僅要有「『內在』的開發，同時也要有『外在』的開發」。⟂S⟂「內在的開發」即開發內心的真如佛性；⟂S⟂「外在的開發」則開發社會，念念以度人利他為己任，將「真如佛性的美好表現到人間來」，同時也在人間中淬鍊內在的真如佛性。⟂S⟂「我所認為的人間佛教，是入世重於出世的，生活重於生死的，利他重於自利的，普濟重於獨修的。」⟂S⟂從當下人間佛教的踐行次第來看，入世與出世之間，入世為先；⟂S⟂生活與生死之間，生活為先；⟂S⟂利他與自利之間，利他為要；⟂S⟂普濟與獨修之間，普濟為要。⟂S⟂在星雲大師看來，禪者應行入世之事植出世之心，在生活之中有生死之悟，培養利他、普濟的精神。⟂S⟂禪者不應僅限於自修自悟，而應具備「人間性格」、「大眾性格」，致力於將禪的精神融入普通民眾的生活中，以解決眾生在人世間面臨的諸多苦痛和煩惱。⟂S⟂質而言之，出世是以入世為基礎的，禪應走向生活，實現禪的生活化。,https://books.masterhsingyun.org/ArticleDetail/artcle17806
rel_cb8a40e70337,ent_5978c591cada,星雲大師,Person,person_advocates_doctrine,人物倡导教义,ent_11c48a49fb52,宗教的尊重與包容,DoctrineTerm,directed,core_usable,stable_entity_graph,true,1,0,0,0,1,single_article,他很歡喜聽到星雲大師提倡宗教的尊重與包容，認為佛教與天主教雖是兩個不同的宗教，必能本著宗教濟世的精神，堅決反對暴力與不當的侵略，為世界的和平做出貢獻。,https://books.masterhsingyun.org/ArticleDetail/artcle19346
rel_57ac6e0c6a6a,ent_5978c591cada,星雲大師,Person,person_advocates_doctrine,人物倡导教义,ent_17c3301155f2,以人為本,Concept,directed,core_usable,stable_entity_graph,true,1,0,0,0,1,single_article,可見星雲大師贊同太虛大師的理解，提倡以人為本，但是並不否定諸道及諸法界的共生共存。,https://books.masterhsingyun.org/ArticleDetail/artcle24679
rel_d8b89d86b65b,ent_5978c591cada,星雲大師,Person,person_articulates_concept_or_doctrine,人物阐发概念或教义,ent_0e392a5a426a,三好,Concept,directed,core_usable,stable_entity_graph,true,3,0,0,0,1,single_article,可見，星雲大師此次提出的三好是他長期倡導的運動之一。,https://books.masterhsingyun.org/ArticleDetail/artcle17816
rel_3e6073e0e012,ent_5978c591cada,星雲大師,Person,person_articulates_concept_or_doctrine,人物阐发概念或教义,ent_8c2e06b1a094,三無差別,DoctrineTerm,directed,core_usable,stable_entity_graph,true,1,1,1,1,1,single_article,星雲大師對華嚴宗的修行深有體會，他說：「修學華嚴宗，或僅受持《華嚴經》，都能得到很大的利益，會讓我們覺得和諸佛一鼻孔出氣，沒有分別，我、佛、眾生三無差別。,https://books.masterhsingyun.org/ArticleDetail/artcle15634
rel_84dc26571b95,ent_5978c591cada,星雲大師,Person,person_articulates_concept_or_doctrine,人物阐发概念或教义,ent_a24f729ae6fd,不變隨緣,DoctrineTerm,directed,core_usable,stable_entity_graph,true,1,1,1,1,1,single_article,應邀專題演講的星雲法師，首先以「不忘初心」、「不請之友」、「不念舊惡」、「不變隨緣」闡述個人人生理念。⟂S⟂他表示，「不忘初心」就是凡做任何事情，第一次都應特別審慎深思，才不致產生疏失錯誤；,https://books.masterhsingyun.org/ArticleDetail/artcle18974
rel_ba89971746b9,ent_5978c591cada,星雲大師,Person,person_articulates_concept_or_doctrine,人物阐发概念或教义,ent_53b12987dab9,不請之友,Concept,directed,core_usable,stable_entity_graph,true,1,1,1,1,1,single_article,應邀專題演講的星雲法師，首先以「不忘初心」、「不請之友」、「不念舊惡」、「不變隨緣」闡述個人人生理念。⟂S⟂他表示，「不忘初心」就是凡做任何事情，第一次都應特別審慎深思，才不致產生疏失錯誤；,https://books.masterhsingyun.org/ArticleDetail/artcle18974
rel_1c0106b3d400,ent_5978c591cada,星雲大師,Person,person_articulates_concept_or_doctrine,人物阐发概念或教义,ent_a6b94c65c717,人間佛教,Concept,directed,core_usable,stable_entity_graph,true,11,2,2,1,3,multi_article,星雲大師一直強調人間佛教不僅不視黃金如毒蛇猛獸，相反，他認為：「是以人間佛教應該重新估定財富的價值，只要是合於正業、正命的淨財，應是多多益善；,https://books.masterhsingyun.org/ArticleDetail/artcle17809
rel_3f1979151975,ent_5978c591cada,星雲大師,Person,person_articulates_concept_or_doctrine,人物阐发概念或教义,ent_b9466da1d262,佛教,DoctrineTerm,directed,core_usable,stable_entity_graph,true,7,0,0,0,1,single_article,為此，星雲大師提出了佛教「十化」的實踐方向，即：國際化、社會化、藝文化、本土化、現代化、人間化、生活化、事業化、制度化、未來化，希望緣此能以佛法來淨化人間，完成佛光淨土的建設。,https://books.masterhsingyun.org/ArticleDetail/artcle17987
rel_cd5478120a6e,ent_5978c591cada,星雲大師,Person,person_articulates_concept_or_doctrine,人物阐发概念或教义,ent_931d353cbc62,出世間法,DoctrineTerm,directed,core_usable,stable_entity_graph,true,1,1,1,1,1,single_article,我在這裡想要說的是，人間佛教，並不改變它本質上仍然是講求「出世」的宗教，因為人間佛教並不以入世為最終目的，而是視入世為方便法門，以出世解脫為旨歸的。⟂S⟂這也就把它與儒、道文化區別了開來。⟂S⟂如星雲大師曾指出：「佛教雖然重視世間法，但是更重視出世間法。」⟂S⟂事實上，中國大乘佛教的入世化、人生化傾向，從佛教自身的發展來說，是大乘佛教的入世精神在中國社會文化歷史條件下的新發展，而中國佛教所宣導的「出世不離入世」，實際上是印度佛教的「出世精神」在中國文化中的一種特殊表現。⟂S⟂人間佛教，既在人間，又仍然是佛教。⟂S⟂因此，在提倡人間佛教、強調中國佛教「出世不離入世」特色的同時，還應該加上「入世以求出世」。⟂S⟂這既體現了佛陀創教的本懷，也更全面地揭示了中國佛教的重要特點。⟂S⟂,https://books.masterhsingyun.org/ArticleDetail/artcle17797
rel_1d4b9aa1aaa6,ent_5978c591cada,星雲大師,Person,person_articulates_concept_or_doctrine,人物阐发概念或教义,ent_ceccf4270785,四給,Concept,directed,core_usable,stable_entity_graph,true,1,0,0,0,1,single_article,星雲大師給佛光人提出了「四給」的要求，「給人信心、給人歡喜、給人希望、給人方便」，這種植根於佛家慈悲精神的通俗說法，展現為「無我」的大愛，落實在現實生活裡，足以與基督教的團契互助精神相比肩。,https://books.masterhsingyun.org/ArticleDetail/artcle17987
rel_363424e69284,ent_5978c591cada,星雲大師,Person,person_articulates_concept_or_doctrine,人物阐发概念或教义,ent_4c194eb34333,般若,DoctrineTerm,directed,core_usable,stable_entity_graph,true,1,1,1,1,1,single_article,星雲大師以漸次深進的意義詮解來指導般若智慧的理解與觀照：首先，理解人天善法層次的智慧，信解因果道理，了知世間有善有惡、有因有果，依此止惡行善，從事心靈的初步淨化。⟂S⟂其次，深入到二乘層次的智慧，能夠觀照緣起法則，了知一切萬法皆為因緣和合所成，非永恆的存在，由此生起厭離出世之心，較利根者亦可透過因緣的解析而領悟到諸法的空義。⟂S⟂然後，才是大乘菩薩的空性智慧，不破壞有而能見空，了悟空有不二的畢竟空義，以出世之心行入世的事業。⟂S⟂最後，空性智慧的圓滿成就即是佛陀層次的「般若」。⟂S⟂可以用「緣起性空」來概括這幾個層次的智慧，透過對因果、緣起意義的逐步深入，開發智慧潛能，從析空觀提升到體空觀，最終使般若智慧完全朗現。⟂S⟂星雲大師運用深入淺出的現代詮釋，引領行者由淺階深，進入般若智慧的真理世界。,https://books.masterhsingyun.org/ArticleDetail/artcle17807
rel_b1004539939e,ent_5978c591cada,星雲大師,Person,person_articulates_concept_or_doctrine,人物阐发概念或教义,ent_7f440e9c5bcf,菩薩道,DoctrineTerm,directed,core_usable,stable_entity_graph,true,1,0,0,0,1,single_article,星雲大師所提出的人間佛教的菩薩道，「入世重於出世，生活重於生死，利他重於自利，普濟重於獨修」（頁三二四，轉引自《星雲大師講演集（四）‧人間佛教的基本思想》），均具有很強的現實針對性。,https://books.masterhsingyun.org/ArticleDetail/artcle17788
rel_84e80a4399a3,ent_5978c591cada,星雲大師,Person,person_articulates_concept_or_doctrine,人物阐发概念或教义,ent_c5a84cf471ed,觀念,Concept,directed,core_usable,stable_entity_graph,true,2,0,0,0,1,single_article,在《迷悟之間》裡，星雲大師提出的種種觀念，不但能夠改善人們的生活品質，對於加強現代社會大眾愈趨缺乏的人文素養，也有很大的幫助。,https://books.masterhsingyun.org/ArticleDetail/artcle23971
rel_f5f9756330a9,ent_5978c591cada,星雲大師,Person,person_articulates_concept_or_doctrine,人物阐发概念或教义,ent_3d3eec716058,本土化,Concept,directed,core_usable,stable_entity_graph,true,1,1,1,1,1,single_article,此外，西來寺成立本土化組織來推動各項活動，例如在2022年開始籌劃了「四給日」（DayofGiving）來實踐佛光山開山星雲大師所說「本土化不是去，而是給」──給人信心、給人歡喜、給人希望、給人方便。,https://books.masterhsingyun.org/ArticleDetail/artcle24204
rel_36025ad0715c,ent_5978c591cada,星雲大師,Person,person_articulates_concept_or_doctrine,人物阐发概念或教义,ent_d609de98dd25,佛光淨土,Concept,directed,core_usable,stable_entity_graph,true,1,0,0,0,1,single_article,星雲大師把他理想中的人間淨土稱為「佛光淨土」，開創佛光淨土，被奉為佛光人的理想。,https://books.masterhsingyun.org/ArticleDetail/artcle17984
rel_d8dafb065bed,ent_5978c591cada,星雲大師,Person,person_articulates_concept_or_doctrine,人物阐发概念或教义,ent_425520e7cfc4,做己貴人,Concept,directed,core_usable,stable_entity_graph,true,1,0,0,0,1,single_article,*215大師進一步提出「做己貴人」的觀念，強調自我承擔與自我解脫的重要性，由此說明佛陀說法的本懷，信仰的價值，是回歸自身，開發、擴大、昇華自我，處人處事圓融無礙，自在解脫，這就是人間佛教的目標，要達到這樣的境界，都要靠自我去完成，自己做自己的貴人。,https://books.masterhsingyun.org/ArticleDetail/artcle24088
rel_4373f02e6a3b,ent_5978c591cada,星雲大師,Person,person_associated_with_place,人物关联地点,ent_843b8050d4ad,台灣,PlaceRealm,directed,core_usable,stable_entity_graph,true,1,1,1,1,1,single_article,龍樹、惠能、太虛都是佛教歷史上的「領袖和明星」，他們以各自歷史時代為舞台、續佛慧命，再一次發現了人間的佛法，重新開啟人類覺悟成佛的正道──人間佛教。⟂S⟂通過對佛法的悟證，他們再次創立了佛法在世間、不離世間、隨順世間，由人行菩薩道或禪而成佛的傳統。⟂S⟂他們這種內在的佛法智慧以及賦有創意思想的精神譜寫了佛法在人間的歷史，成就了佛法化導世間的使命。⟂S⟂但是，在我們讚歎他們為佛教在世間弘化所作出的貢獻和功德之時，我們也必須承認，由於他們各自時代社會、政治、宗教傳統以及地理因素等的限制和影響，他們並沒有能夠完全實現或真實再現佛法在人間的願望、未能全面落實他們所悟證的人間佛教之道。⟂S⟂龍樹菩薩無法如願以償地建立一個獨立的大乘菩薩僧團，太虛大師最後也不得不承認他的佛教改革的失敗和人間佛教理論的有餘而實踐的不足。⟂S⟂雖然說，惠能大師的禪宗佛教在後來的數百年間得到弘揚，獨領風騷，但是，其禪法的實踐僅局限於僧團和少數文人士大夫之中，並沒有能夠廣泛地深入民間和社會。⟂S⟂因此，他們建立菩薩僧團、普及禪法於僧團之外、以及重新落實和全面推行人間佛教的使命依然等待著後來人的完成。⟂S⟂當前，星雲大師和佛光山正在完成這一使命。⟂S⟂針對當時台灣乃至世界的政治、社會、以及宗教形勢，星雲大師來到台灣不久，即就倡導人間佛教，並堅持以禪作為佛教實踐基礎。⟂S⟂他建立起充滿菩薩精神和實踐的大乘佛光僧團，創立了僧俗一體、出世與入世不二、佛法與世法結合的佛光佛教；⟂S⟂弘揚佛法於五大洲，普化大眾百姓和社會菁英，把佛法帶入人的生活、人的心靈之中，從而改變了千百年來僧團與世間斷離、人生與佛法不合的局面，開創了佛法服務社會人生的人間大道，並開始在世間建立起人間佛教。⟂S⟂而所有這一切，又都是與星雲大師的禪法或對禪的實踐和悟證密不可分的。,https://books.masterhsingyun.org/ArticleDetail/artcle17804
rel_8b39e5772810,ent_5978c591cada,星雲大師,Person,person_associated_with_place,人物关联地点,ent_9c0250b10ed1,同濟大學,Institution,directed,core_usable,stable_entity_graph,true,1,0,0,0,1,single_article,三日上午，星雲大師訪問同濟大學，受聘擔任名譽教授，並與同濟大學黨委書記周祖翼、校長裴鋼會談，雙方對辦學經驗、理念等，深入交流闡述。,https://books.masterhsingyun.org/ArticleDetail/artcle19665
rel_22c57037cebd,ent_5978c591cada,星雲大師,Person,person_associated_with_place,人物关联地点,ent_3d22d74a6bc9,揚州,PlaceRealm,directed,core_usable,stable_entity_graph,true,2,0,0,0,2,single_article,星雲大師八十八年前出生於江蘇省的揚州，十八歲在鎮江焦山佛學院就學，一生安道，此後四海為家，為了和平，不惜老邁身軀來往兩岸。,https://books.masterhsingyun.org/ArticleDetail/artcle19661
rel_64f5c3ec7ccf,ent_5978c591cada,星雲大師,Person,person_associated_with_place,人物关联地点,ent_6ea4e4e9c366,暹羅,PlaceRealm,directed,core_usable,stable_entity_graph,true,1,0,0,0,1,single_article,在參觀獨立紀念碑、塔仔山和博物館後，星雲法師將前往暹邏。,https://books.masterhsingyun.org/ArticleDetail/artcle19322
rel_dd7bf5c32b2d,ent_5978c591cada,星雲大師,Person,person_associated_with_place,人物关联地点,ent_ff4642c04407,梵蒂岡,PlaceRealm,directed,core_usable,stable_entity_graph,true,1,0,0,0,1,single_article,這次會議的融和，促成了一九九七年二月二十八日星雲大師訪問梵蒂岡，與當時的教宗若望保祿二世對話，雙方就海峽兩岸的宗教交換意見，被譽為「世紀性的宗教對談」。,https://books.masterhsingyun.org/ArticleDetail/artcle17812
rel_a3fa9ab85768,ent_5978c591cada,星雲大師,Person,person_associated_with_place,人物关联地点,ent_3f8fc5fa52ea,江蘇,PlaceRealm,directed,core_usable,stable_entity_graph,true,1,0,0,0,1,single_article,星雲大師一九二七年生於江蘇，俗名李國深，家裡兄弟姊妹四人，他排行老三，十一歲那年，他的父親到南京行商的時候失蹤了，母親就帶著他去南京尋父。,https://books.masterhsingyun.org/ArticleDetail/artcle11212
rel_3c5c397e0279,ent_5978c591cada,星雲大師,Person,person_associated_with_place,人物关联地点,ent_f3c9895f9033,法雲寺,Institution,directed,core_usable,stable_entity_graph,true,3,3,3,3,3,multi_article,早年星雲大師讀焦山佛學院，便與同學智勇法師一起創辦《怒濤》月刊，也為《徐報》主編「霞光副刊」。⟂S⟂來台後，接下了《覺生》、《人生》等刊物的工作，一九五七、一九五八年，又接下了《覺世旬刊》及創辦《今日佛教》月刊。⟂S⟂來台的第二年（一九五○），暫掛單苗栗法雲寺，當時環境困苦，其趴在地上寫《無聲息的歌唱》，寺中老信徒達賢姑苦口婆心勸言：「法師，你要去工作，不然你會無飯呷。」⟂S⟂可見當時台灣社會認為寫作，無法增加寺院的收入，也沒有人會看；⟂S⟂但星雲大師聽聞後仍一直持續撰著，其深信文字弘法能奠定佛教文化基礎，與提升佛教徒的人生觀與生命觀。⟂S⟂一九五三年星雲大師出版第一本《觀世音普門品講話》，及數度改寫成連續劇、舞台劇的《玉琳國師》著作。⟂S⟂至今，高齡近八十的他仍不斷著書，可說「著作逾身」。⟂S⟂一九七九年，開始發行《普門雜誌》，二○○○年，創辦《人間福報》。⟂S⟂二○○二年開始編輯《世界佛教美術圖典》等等，始終相信只有文化教育，佛教才得以淵遠流傳。,https://books.masterhsingyun.org/ArticleDetail/artcle17988
rel_98c789abea60,ent_5978c591cada,星雲大師,Person,person_associated_with_place,人物关联地点,ent_b462956e0ac1,中國大陸,PlaceRealm,directed,core_usable,stable_entity_graph,true,1,0,0,0,1,single_article,早在一九八九年兩岸仍隔絕對立時，星雲大師就率團訪問大陸，揭開兩岸宗教交流的新頁。,https://books.masterhsingyun.org/ArticleDetail/artcle19629
rel_7f94b4396f44,ent_5978c591cada,星雲大師,Person,person_associated_with_place,人物关联地点,ent_1aeb7a0e5e1b,苗栗,PlaceRealm,directed,core_usable,stable_entity_graph,true,1,1,1,1,1,single_article,1950年，大師在苗栗法雲寺看守山林三個月，期間所撰寫的文章發表於《覺生》月刊、《菩提樹》雜誌，透過佛教法物，以擬人化口語表達其所見到的民國佛教沉疴，以及台灣佛教現狀，後來結集出版。⟂S⟂大師期望佛教能煥發新生，因此透過法物無聲息的歌唱，呼籲進行宗教改革。⟂S⟂吳光正教授認為「《無聲息的歌唱》一書為大師人間佛教運動的先聲」。⟂S⟂參見吳光正：〈《無聲息的歌唱》與星雲大師的宗教革新與文體革新〉，《宗教實踐與星雲大師的早期文學創作》，高雄：佛光文化，2017年，頁122。,https://books.masterhsingyun.org/ArticleDetail/artcle24229
rel_9e2c1f058c84,ent_5978c591cada,星雲大師,Person,person_associated_with_place,人物关联地点,ent_fa5d4a166e71,菲律賓,PlaceRealm,directed,core_usable,stable_entity_graph,true,1,1,1,1,1,single_article,十七日晚間，星雲大師於菲律賓佛光山萬年寺大雄寶殿內，對當地信徒、佛教學院、光明大學師生等五百餘人開示。,https://books.masterhsingyun.org/ArticleDetail/artcle19697
rel_81889873d2a0,ent_5978c591cada,星雲大師,Person,person_attains_doctrinal_state,人物证得教义境界,ent_c491291ea5a3,無我,DoctrineTerm,directed,core_usable,stable_entity_graph,true,1,1,1,1,1,single_article,然佛光山寺的飛躍成長，在韓國反而仍對該寺有著錯誤的偏見，有些人對星雲大師的思想或修行力不完全了解，只以外在的佛事建築來看，以為他只不過是一介「布教僧」、「行政僧」而已。⟂S⟂當然，如此這樣的分別心及狹見，只不過是因為他們無法了解這位已超越自己、做到無我、擁有大願心的法師。⟂S⟂散布於全球百萬名信徒，將星雲大師當做阿彌陀佛的他身來尊敬，即對大師的行深修行力和願力油然起敬。,https://books.masterhsingyun.org/ArticleDetail/artcle17471
rel_f60a1695d2bb,ent_5978c591cada,星雲大師,Person,person_authors_work,人物创作或撰写作品,ent_205dc9b662be,佛光祈願文,Classic,directed,core_usable,stable_entity_graph,true,1,1,1,1,1,single_article,佛光山開山宗長星雲大師鑑於一般佛光信徒，在急遽變化動盪不安的社會中，亟需要更多安定祥和的力量，便在百忙中抽空撰寫了《佛光祈願文》一書，在各種環境和急需中能夠誦念，以獲得心靈的安定與祥和。,https://books.masterhsingyun.org/ArticleDetail/artcle24441
rel_e06e283297ed,ent_5978c591cada,星雲大師,Person,person_authors_work,人物创作或撰写作品,ent_c4b6ac2156b2,無聲息的歌唱,Work,directed,core_usable,stable_entity_graph,true,1,1,1,1,1,single_article,除了自取「法名」之外，大師還為自己取了不少「筆名」。⟂S⟂大師初到台灣時，立意要「以文弘法」，因此經常在台灣的報紙、雜誌、電台撰文投稿。⟂S⟂當時除了用「星雲」之法名以外，用了最多的筆名是「摩迦」。⟂S⟂如一九五三年在宜蘭撰寫《釋迦牟尼佛傳》，乃至一九四九年在苗栗法雲寺看守山林期間所寫的《無聲息的歌唱》，都是用「摩迦」為筆名發表在《人生雜誌》上。,https://books.masterhsingyun.org/ArticleDetail/artcle15245
rel_30d3e16221aa,ent_5978c591cada,星雲大師,Person,person_cites_classic,人物引用经典,ent_6b3ad45ee630,華嚴經,Classic,directed,core_usable,stable_entity_graph,true,2,1,1,1,2,single_article,星雲大師在不同層面多次引用《華嚴經》，藉華嚴宗思想闡釋人間佛教理念，正是這種影響的體現。,https://books.masterhsingyun.org/ArticleDetail/artcle17789
rel_a3e6e7dfdb85,ent_5978c591cada,星雲大師,Person,person_cites_classic,人物引用经典,ent_719d3ea810c6,大乘起信論,Classic,directed,core_usable,stable_entity_graph,true,1,1,1,1,1,single_article,星雲法師並以《華嚴經》中的「不忘初心」、《維摩經》的「不請之友」、《八大人覺》的「不念舊惡」及《大乘起信論》的「不變隨緣」等四句偈，期勉戒子們，希望戒子能對佛教信仰、社會大眾、朋友、佛法等要有弘法利生，精進辦道的原則，同時做個生活佛法化、行持律儀化、弘法人間化，住世結緣化、觀念正見化、共事謙虛化、成就集體化、視野國際化的現代菩薩僧伽。,https://books.masterhsingyun.org/ArticleDetail/artcle19004
rel_b46df0b58949,ent_5978c591cada,星雲大師,Person,person_cites_classic,人物引用经典,ent_3220e2feb0fc,維摩詰經,Classic,directed,core_usable,stable_entity_graph,true,1,1,1,1,1,single_article,星雲法師並以《華嚴經》中的「不忘初心」、《維摩經》的「不請之友」、《八大人覺》的「不念舊惡」及《大乘起信論》的「不變隨緣」等四句偈，期勉戒子們，希望戒子能對佛教信仰、社會大眾、朋友、佛法等要有弘法利生，精進辦道的原則，同時做個生活佛法化、行持律儀化、弘法人間化，住世結緣化、觀念正見化、共事謙虛化、成就集體化、視野國際化的現代菩薩僧伽。,https://books.masterhsingyun.org/ArticleDetail/artcle19004
rel_94b0918d8801,ent_5978c591cada,星雲大師,Person,person_directs_foundation,人物指派或推动机构创设,ent_69075d2a4127,佛光山印度德里文教中心,Institution,directed,core_usable,stable_entity_graph,true,1,0,0,0,1,single_article,二○○八年，星雲大師派弟子慧顯前往印度，成立「佛光山印度德里文教中心」，培育印度新一代僧伽，致力復興印度佛教。,https://books.masterhsingyun.org/ArticleDetail/artcle17814
rel_dd4f1a732b58,ent_5978c591cada,星雲大師,Person,person_founds_institution,人物创设机构,ent_da4f88390f17,佛光大學,Institution,directed,core_usable,stable_entity_graph,true,3,1,1,1,2,single_article,台灣的佛光大學由星雲大師創辦，為籌集資金，星雲大師發起過「百萬人興學運動」，還有不少信徒以「資源回收」所得來建大學。,https://books.masterhsingyun.org/ArticleDetail/artcle17990
rel_8385564f3a78,ent_5978c591cada,星雲大師,Person,person_founds_institution,人物创设机构,ent_51d7657ca696,佛光山,Institution,directed,core_usable,stable_entity_graph,true,35,2,2,1,5,multi_article,【吉隆玻二日訊】以創立台灣佛光山聞名遐邇的星雲大師今日表示，資料是永恆的生命，華社歷年來的發展歷史，生活及思想都可以通過資料收藏流傳百世，讓子子孫孫受益。,https://books.masterhsingyun.org/ArticleDetail/artcle18972
rel_77eb4ff8362a,ent_5978c591cada,星雲大師,Person,person_founds_institution,人物创设机构,ent_4fd2d3a32b6c,南華大學,Institution,directed,core_usable,stable_entity_graph,true,2,1,1,1,2,single_article,佛光山星雲大師創辦的南華大學，設校不過短短六年時間，在私立學校的評鑑中，特別是在教學、服務、行政上，獲得極高的評價，屢獲教育部最高的獎補助支持。,https://books.masterhsingyun.org/ArticleDetail/artcle19317
rel_d3a920ba7d26,ent_5978c591cada,星雲大師,Person,person_founds_institution,人物创设机构,ent_bb2753519ef9,國際佛光會,Institution,directed,core_usable,stable_entity_graph,true,8,2,2,2,3,multi_article,我對星雲大師創辦國際佛光會深表敬意，它代表了佛教日益國際化，對變動中的世界有著承擔及決心的積極性，也是落實世界和平及合作的明證。,https://books.masterhsingyun.org/ArticleDetail/artcle4357
rel_90edfa57d44d,ent_5978c591cada,星雲大師,Person,person_founds_institution,人物创设机构,ent_5ca2f4116c8d,寺院,Institution,directed,core_usable,stable_entity_graph,true,1,0,0,0,1,single_article,其中星雲大師為臨濟宗第四十八代傳人，一九六七年於台灣高雄開創佛光山，一生推動人間佛教，致力佛教制度化、現代化、人間化、國際化，並在全球創辦寺院三百多所、大學五所。,https://books.masterhsingyun.org/ArticleDetail/artcle19847
rel_9c5bcbd15ebd,ent_5978c591cada,星雲大師,Person,person_founds_institution,人物创设机构,ent_1e4251b1cdfd,西來寺,Institution,directed,core_usable,stable_entity_graph,true,2,0,0,0,1,single_article,一九八八年，星雲大師在美國創建西來寺，為了監工出入方便，他六十一歲才在美國學開車。,https://books.masterhsingyun.org/ArticleDetail/artcle15636
rel_6efcddf076f5,ent_5978c591cada,星雲大師,Person,person_founds_institution,人物创设机构,ent_03011272066f,道場,Institution,directed,core_usable,stable_entity_graph,true,4,0,0,0,1,single_article,半個多世紀以來，星雲大師不斷著述立論、講經說法、興學育才、成立道場、創建佛教事業、發展佛光會⋯⋯透過各種直接或間接的方式、宗教與非宗教的活動，走入人群、走進社會、走向國際。,https://books.masterhsingyun.org/ArticleDetail/artcle15614
rel_26449e5c894c,ent_5978c591cada,星雲大師,Person,person_founds_institution,人物创设机构,ent_7260146fcdfb,佛光會,Institution,directed,core_usable,stable_entity_graph,true,2,1,1,1,2,single_article,國家宗教局副局長蔣堅永表示，星雲大師創立了佛光山，還創立了佛光會，積極投身社會事業，弘法利生，開創星雲模式人間佛教。,https://books.masterhsingyun.org/ArticleDetail/artcle19688
rel_1df551962943,ent_5978c591cada,星雲大師,Person,person_founds_institution,人物创设机构,ent_02360418faba,佛光精舍,Institution,directed,core_usable,stable_entity_graph,true,2,1,1,1,2,single_article,星雲大師為發揚傳統敬老孝道之精神，增進家庭倫理之和諧，安頓老人安樂的生活，發起創建「佛光精舍」，提供老人們贍養，作為頤養天年之所。,https://books.masterhsingyun.org/ArticleDetail/artcle17796
rel_58736fbd8ace,ent_5978c591cada,星雲大師,Person,person_founds_institution,人物创设机构,ent_c984c02155b5,佛光道場,Institution,directed,core_usable,stable_entity_graph,true,2,0,0,0,1,single_article,星雲大師所創建的佛光道場是現代化的佛教道場，是文化、教育、慈善、共修等各種人間事業蓬勃開展的道場，但同時也是保留、傳承、開發及伸張傳統佛教基本價值及核心價值的道場。,https://books.masterhsingyun.org/ArticleDetail/artcle24750
rel_10107c88542d,ent_5978c591cada,星雲大師,Person,person_founds_institution,人物创设机构,ent_c046ae07c207,佛光診所,Institution,directed,core_usable,stable_entity_graph,true,1,1,1,1,1,single_article,這種意義上的人間淨土，在淨土宗信徒看來也許難以滿足信仰需求。⟂S⟂但建設這樣的人間淨土，無疑是無論何乘何宗的佛教徒皆應承擔的義務，是佛教對人間應盡的責任。⟂S⟂星雲大師把他理想中的人間淨土稱為「佛光淨土」，開創佛光淨土，被奉為佛光人的理想。⟂S⟂星雲大師率導徒眾為實現這一目標而努力，為讓佛光淨土首先建成於佛光山，他創辦佛光精舍養老，設立大慈育幼院撫孤育幼，創設佛光診所、雲水醫院、萬壽園（公墓）、功德主會等，讓信眾一生生老病死等問題都可以在佛光山解決，不必等到往生他方才能獲益。⟂S⟂星雲大師本人雖然常念阿彌陀佛，曾有念到愉悅忘我的心得，但「向來不以往生西方作為自己的修行訴求」，而是學習阿彌陀佛的榜樣，願將「淨土極樂人間化」。⟂S⟂為此，他發願來生、甚至生生世世都來人間做和尚，為建設人間淨土奮鬥不已。⟂S⟂這種敢入生死大海的菩薩願力，著實令人欽佩。,https://books.masterhsingyun.org/ArticleDetail/artcle17984
rel_f4cbfb5f8113,ent_5978c591cada,星雲大師,Person,person_founds_institution,人物创设机构,ent_5f56519f8b15,普門幼稚園,Institution,directed,core_usable,stable_entity_graph,true,1,0,0,0,1,single_article,民國五十四年（一九六五），看到星雲大師為他創辦的普門幼稚園登報招募娃娃車司機，二十四歲的我，覺得能奉獻己長，便應聘而結緣。,https://books.masterhsingyun.org/ArticleDetail/artcle20438
rel_d66d7d7d3c23,ent_5978c591cada,星雲大師,Person,person_founds_institution,人物创设机构,ent_24e92659667c,普門高級中學,Institution,directed,core_usable,stable_entity_graph,true,1,0,0,0,1,single_article,除了大學之外，星雲大師更於一九七七年創建普門高級中學，設有高中部、高職部及國中部，成立佛光女籃隊、體操隊、棒球隊，不惜重金禮聘奧運銀牌得主擔任總教練，為國家培養五育均衡、具有人文專業的英才。,https://books.masterhsingyun.org/ArticleDetail/artcle17976
rel_8054262f0fce,ent_5978c591cada,星雲大師,Person,person_founds_institution,人物创设机构,ent_60e8133ff11d,中華佛光協會,Institution,directed,core_usable,stable_entity_graph,true,1,0,0,0,1,single_article,*29一九九一年，星雲大師在台灣台北創立「中華佛光協會」，是為國際佛光會世界總會的先聲。,https://books.masterhsingyun.org/ArticleDetail/artcle17810
rel_928b9adf7ba1,ent_5978c591cada,星雲大師,Person,person_founds_institution,人物创设机构,ent_dd33ab3f77a2,中華漢藏文化協會,Institution,directed,core_usable,stable_entity_graph,true,3,2,2,2,3,multi_article,在佛光山開山三、四十年後，因為結緣廣泛，其中，又對西藏流落在海外的藏民幫助尤多，星雲大師便成立「中華漢藏文化協會」，同時被推選為理事長，專職協助藏族同胞的生活和漢藏文化的交流。,https://books.masterhsingyun.org/ArticleDetail/artcle15962
rel_eadeeebde25c,ent_5978c591cada,星雲大師,Person,person_founds_institution,人物创设机构,ent_caa93d22d3b9,佛光山信徒援助泰北難民村建設功德會,Institution,directed,core_usable,stable_entity_graph,true,1,0,0,0,1,single_article,三月‭ 大師率領「佛光山泰北弘法義診團」，至泰北美斯樂、金三角、熱水塘等偏遠地區弘法義診，並成立「佛光山信徒援助泰北難民村建設功德會」。,https://books.masterhsingyun.org/ArticleDetail/artcle16115
rel_2125632f0631,ent_5978c591cada,星雲大師,Person,person_founds_institution,人物创设机构,ent_d42f67273395,佛光山梵唄讚頌團,Institution,directed,core_usable,stable_entity_graph,true,1,0,0,0,1,single_article,佛光山梵唄讚頌團由星雲大師一手創辦，團員皆由佛光山僧眾組成，此行由總策劃慈惠法師、藝術總監慈容法師及團長永富法師帶領。,https://books.masterhsingyun.org/ArticleDetail/artcle19347
rel_5815b3b58b53,ent_5978c591cada,星雲大師,Person,person_founds_institution,人物创设机构,ent_976dc70cfb20,南天大學,Institution,directed,core_usable,stable_entity_graph,true,1,0,0,0,1,single_article,佛光山開山星雲大師於二○○一年在澳洲創辦南天大學，繼而有了人間佛教系所的成立，有其特殊意義及價值。,https://books.masterhsingyun.org/ArticleDetail/artcle20688
rel_f97cd5af2fdc,ent_5978c591cada,星雲大師,Person,person_founds_institution,人物创设机构,ent_f981d42463bd,國際佛光會世界總會,Institution,directed,core_usable,stable_entity_graph,true,2,0,0,0,1,single_article,一九九二年五月十六日，星雲大師於美國洛杉磯創立國際佛光會世界總會，並舉行第一次會員代表大會，星雲大師被推為國際佛光會世界總會會長。,https://books.masterhsingyun.org/ArticleDetail/artcle17816
rel_1d0eb758f20c,ent_5978c591cada,星雲大師,Person,person_founds_institution,人物创设机构,ent_893acbefa942,壽山佛學院,Institution,directed,core_usable,stable_entity_graph,true,2,0,0,0,1,single_article,在台灣，星雲大師在一九六五年於高雄壽山寺創立壽山佛學院，一九六七年開始的佛光山建設第一期工程，即此學院擴建的新址，更名為東方佛教學院，同時增設沙彌學園；,https://books.masterhsingyun.org/ArticleDetail/artcle17792
rel_6c460f923ab0,ent_5978c591cada,星雲大師,Person,person_founds_institution,人物创设机构,ent_e6bcd2f36c9d,大慈育幼院,Institution,directed,core_usable,stable_entity_graph,true,2,1,1,1,2,single_article,星雲大師在一九七○年後相繼成立大慈育幼院、仁愛之家，收容撫育孤苦無依之幼童、老人及從事急難救濟等福利社會。,https://books.masterhsingyun.org/ArticleDetail/artcle19624
rel_a1b4fb77cee8,ent_5978c591cada,星雲大師,Person,person_founds_institution,人物创设机构,ent_99b2b72474b2,宜蘭念佛會,Institution,directed,core_usable,stable_entity_graph,true,1,0,0,0,1,single_article,佛光山開山星雲大師約五十年前，在宜蘭縣雷音寺成立念佛會，每年舉辦一次「佛七」，為了在牆壁上寫上「禁語」及念佛的相關法語，開始了寫毛筆字的因緣，後來有愈來愈多的信徒陸續向大師求字，大師為了給人歡喜、祝願及感恩，寫字與眾結緣的墨跡超過千幅。,https://books.masterhsingyun.org/ArticleDetail/artcle19376
rel_440309abc6f4,ent_5978c591cada,星雲大師,Person,person_founds_institution,人物创设机构,ent_382a95caa8fa,宜蘭慈愛幼稚園,Institution,directed,core_usable,stable_entity_graph,true,1,0,0,0,1,single_article,‭•大師創建的宜蘭慈愛幼稚園正式開學，此為台灣第一所由佛教創辦的幼稚園。,https://books.masterhsingyun.org/ArticleDetail/artcle15276
rel_ec6031b9b33d,ent_5978c591cada,星雲大師,Person,person_founds_institution,人物创设机构,ent_b8f5d5d86e6f,揚州講壇,Institution,directed,core_usable,stable_entity_graph,true,2,0,0,0,1,single_article,近年來，星雲大師於大陸江蘇的宜興復興祖庭大覺寺，並捐建揚州鑑真圖書館、成立「揚州講壇」，星雲大師表示，大陸近年來各方面發展的成就舉世矚目，為兩岸提供了廣闊合作空間，他表示願為促進兩岸文化交流努力。,https://books.masterhsingyun.org/ArticleDetail/artcle19634
rel_5df6a8a7f593,ent_5978c591cada,星雲大師,Person,person_founds_institution,人物创设机构,ent_b22348c119b7,西來大學,Institution,directed,core_usable,stable_entity_graph,true,1,1,1,1,1,single_article,星雲大師在三十九年期間曾創辦了十多所佛教學院，建設了三、四所的大學，包括佛光大學、南華大學、西來大學、佛光山信徒大學等。,https://books.masterhsingyun.org/ArticleDetail/artcle19343
rel_59aaa1f5e380,ent_5978c591cada,星雲大師,Person,person_founds_institution,人物创设机构,ent_134c23765db4,財團法人佛光山文教基金會,Institution,directed,core_usable,stable_entity_graph,true,1,0,0,0,1,single_article,星雲大師是極善經營各項佛教事業的天才事業家，成功創辦了《普門》、《覺世》、《人間福報》等報刊，編纂出版《佛光大藏經》、《佛光大辭典》、《中國佛教經典寶藏》、《佛光電腦大藏經》，成立「財團法人佛光山文教基金會」、佛光出版社、佛光書局、佛光山視聽中心、佛教文物陳列館、佛光山民眾圖書館、佛光緣美術館，創辦佛光山叢林學院、中國佛教研究院、英文佛學院、日文佛學院等十多所佛學院，及普門中學、南華大學、佛光大學等學校，普門幼稚園等十所幼稚園，創辦多所都市佛學院開展信眾教育，創辦勝鬘書院培訓婦女，成立佛光山慈善基金會，設佛光診所、雲水醫院、急難救助會、友愛服務隊、觀音護生會、器官捐贈會、社會教化處等開展慈善救濟，設大慈育幼院收養無依兒童，設蘭陽仁愛之家、佛光精舍、高雄縣老人公寓等養老，設萬壽園佛教公墓安置大眾靈骨……為開展各項佛教事業提供了成功的樣板。,https://books.masterhsingyun.org/ArticleDetail/artcle17984
rel_c3d1b254ae09,ent_5978c591cada,星雲大師,Person,person_founds_institution,人物创设机构,ent_d85ab40571d4,佛學院,Institution,directed,core_usable,stable_entity_graph,true,1,1,1,1,1,single_article,再者，星雲大師自年輕時便知文化教育工作的重要，為了文教的扎根，創辦佛學院初期，即便身無分文，靠著「十方來，十方去」之理念堅決辦學。⟂S⟂因此，興辦道場、佛學院，不斷培養人才與寫作的好筆，佛光山派下慈惠法師、慈嘉法師、依空法師、依昱法師、依晟法師、永莊法師、永芸法師、滿果法師、滿義法師、滿濟法師等都是佛光山的好筆，佛光山的刊物出版源源不斷，實因星雲大師不斷培養寫作的人才，如此扎實養成能寫的人才，至今，也才能有《人間福報》日報的出現。,https://books.masterhsingyun.org/ArticleDetail/artcle17988
rel_945318a9fc4b,ent_5978c591cada,星雲大師,Person,person_founds_institution,人物创设机构,ent_1a133ca03ccc,佛光教團,Institution,directed,core_usable,stable_entity_graph,true,1,0,0,0,1,single_article,昔日六祖惠能大師開啟禪宗頓悟法門，播下『佛法在世間，不離世間覺』的思想種子，今日星雲大師創建佛光教團，重開人間佛教新天地，成就佛教慈悲服務社會、覺悟奉獻人生的偉大事業與理想。」,https://books.masterhsingyun.org/ArticleDetail/artcle15693
rel_d4b536a72c4d,ent_5978c591cada,星雲大師,Person,person_founds_institution,人物创设机构,ent_dab6c3d22efa,佛教學院,Institution,directed,core_usable,stable_entity_graph,true,1,1,1,1,1,single_article,星雲大師在三十九年期間曾創辦了十多所佛教學院，建設了三、四所的大學，包括佛光大學、南華大學、西來大學、佛光山信徒大學等。,https://books.masterhsingyun.org/ArticleDetail/artcle19343
rel_755acb2fd97e,ent_5978c591cada,星雲大師,Person,person_founds_institution,人物创设机构,ent_3256c8df4390,南华寺,Institution,directed,core_usable,stable_entity_graph,true,1,0,0,0,1,single_article,星雲大師還在南非建立了非洲最大的寺廟──南華寺，裡面有很多黑人法師在一起傳教；,https://books.masterhsingyun.org/ArticleDetail/artcle20497
rel_ac3dfbf49c37,ent_5978c591cada,星雲大師,Person,person_founds_institution,人物创设机构,ent_02092331b755,雲水醫院,Institution,directed,core_usable,stable_entity_graph,true,1,1,1,1,1,single_article,這種意義上的人間淨土，在淨土宗信徒看來也許難以滿足信仰需求。⟂S⟂但建設這樣的人間淨土，無疑是無論何乘何宗的佛教徒皆應承擔的義務，是佛教對人間應盡的責任。⟂S⟂星雲大師把他理想中的人間淨土稱為「佛光淨土」，開創佛光淨土，被奉為佛光人的理想。⟂S⟂星雲大師率導徒眾為實現這一目標而努力，為讓佛光淨土首先建成於佛光山，他創辦佛光精舍養老，設立大慈育幼院撫孤育幼，創設佛光診所、雲水醫院、萬壽園（公墓）、功德主會等，讓信眾一生生老病死等問題都可以在佛光山解決，不必等到往生他方才能獲益。⟂S⟂星雲大師本人雖然常念阿彌陀佛，曾有念到愉悅忘我的心得，但「向來不以往生西方作為自己的修行訴求」，而是學習阿彌陀佛的榜樣，願將「淨土極樂人間化」。⟂S⟂為此，他發願來生、甚至生生世世都來人間做和尚，為建設人間淨土奮鬥不已。⟂S⟂這種敢入生死大海的菩薩願力，著實令人欽佩。,https://books.masterhsingyun.org/ArticleDetail/artcle17984
rel_543a34895021,ent_5978c591cada,星雲大師,Person,person_founds_institution,人物创设机构,ent_c820d6316205,非洲佛學院,Institution,directed,core_usable,stable_entity_graph,true,1,1,1,1,1,single_article,大師關心種族平等，集聚非洲黑人修學佛法，成立「非洲佛學院」，並在臺灣佛光山叢林學院分別接受來自印尼、拉達克、美國、瑞士、尼泊爾、印度等地的學生就讀，計劃把所建的世界各地道場，在二十年後悉數交由當地人士主持，實踐「佛教本土化」的理念。,https://books.masterhsingyun.org/ArticleDetail/artcle19289
rel_b68636786488,ent_5978c591cada,星雲大師,Person,person_founds_institution_group,人物创设机构群体,ent_3eba5da1b0bd,佛光山梵唄讚誦團,Group,directed,core_usable,stable_entity_graph,true,1,0,0,0,1,single_article,佛陀兩千五百多年的法音重現在林肯中心舞台，出家僧尼上舞台演出對紐約觀眾來說可能是頭一遭，佛光山的星雲大師在七八年成立的佛光山梵唄讚誦團，以超越清淨的樂音傳播佛教，十餘年來在歐亞等地巡迴演出，卻未曾出現在紐約的觀眾前。,https://books.masterhsingyun.org/ArticleDetail/artcle19290
rel_80c47863f07e,ent_5978c591cada,星雲大師,Person,person_founds_institution_group,人物创设机构群体,ent_221e118ed1ff,青年歌詠隊,Group,directed,core_usable,stable_entity_graph,true,2,0,0,0,1,single_article,六十多年前，星雲大師初到台灣宜蘭弘法，為了引導青年學佛，便是以現代歌曲為橋梁，成立了青年歌詠隊，讓信眾透過音樂的傳遞來體會佛法生命的真義。,https://books.masterhsingyun.org/ArticleDetail/artcle17978
rel_09108f224c65,ent_5978c591cada,星雲大師,Person,person_hosts_activity,人物主持活动,ent_49888f38bdc9,世界顯密佛學會議,PracticeActivity,directed,core_usable,stable_entity_graph,true,1,1,1,1,1,single_article,由於保有這顆佛牙舍利的貢噶多傑仁波切，有感於自己六十七歲了，要儘快將佛牙舍利交託給合適的人。⟂S⟂他們說我在一九八五年創立了「中華漢藏文化協會」，又於一九八六年舉辦「世界顯密佛學會議」，努力促進顯、密融和，並且推動南傳、北傳、藏傳佛教文化的交流，佛法的傳揚遍及全球，所以希望我接受這顆珍貴的佛牙舍利。,https://books.masterhsingyun.org/ArticleDetail/artcle7202
rel_faae6427dc8f,ent_5978c591cada,星雲大師,Person,person_interprets_classic,人物解释经典,ent_45e7c3f3e424,般若心經,Classic,directed,core_usable,stable_entity_graph,true,1,0,0,0,1,single_article,記得有一年佛光會組團到美國參訪西來寺，行程首先安排大家到黃石公園去遊覽，車上播放星雲大師講《心經》的錄影帶，大概因為時差的緣故，同團的人太疲累大都睡著了，而全車只有三個人從頭到尾都保持清醒，那就是司機、我還有我太太。,https://books.masterhsingyun.org/ArticleDetail/artcle15795
rel_7e690446cdee,ent_5978c591cada,星雲大師,Person,person_leads_institution,人物领导机构,ent_51d7657ca696,佛光山,Institution,directed,core_usable,stable_entity_graph,true,2,0,0,0,2,single_article,針對長期以來戒規鬆弛及法派剃度、濫收徒眾等弊端，星雲大師領導的佛光山僧團本著佛制清規及六和敬的原則，制定了一系列制度，以「集體創作、制度領導、非佛不作、唯法所依」為行事的規範，立十二條門規：「不違期剃染，不夜宿俗家，不共財往來，不染汙僧倫，不私收徒眾，不私蓄金錢，不私建道場，不私交信者，不私自募緣，不私自請託，不私置產業，不私造飲食。」,https://books.masterhsingyun.org/ArticleDetail/artcle17984
rel_f8c04c723e7e,ent_5978c591cada,星雲大師,Person,person_leads_institution,人物领导机构,ent_bb2753519ef9,國際佛光會,Institution,directed,core_usable,stable_entity_graph,true,2,0,0,0,1,single_article,法身寺副住持德他傑弗法師說道︰「欣見星雲大師所領導的國際佛光會有如此成就，在這吉祥日子裡簽約，代表寺盟的莊嚴，今後兩寺將共守成就眾生的成佛之道。,https://books.masterhsingyun.org/ArticleDetail/artcle2640
rel_184a8541578d,ent_5978c591cada,星雲大師,Person,person_leads_institution,人物领导机构,ent_7260146fcdfb,佛光會,Institution,directed,core_usable,stable_entity_graph,true,1,0,0,0,1,single_article,在兩岸佛教交流方面，星雲大師領導的佛光會，扮演了積極的角色，無論是佛指舍利抵台供奉，還是兩岸佛教音樂首次同台演出，星雲大師都是牽頭人。,https://books.masterhsingyun.org/ArticleDetail/artcle19389
rel_c83baa380fe5,ent_5978c591cada,星雲大師,Person,person_leads_institution,人物领导机构,ent_c984c02155b5,佛光道場,Institution,directed,core_usable,stable_entity_graph,true,1,0,0,0,1,single_article,*139根據滿耕法師的研究，星雲大師領導的佛光道場所創設的制度有：（一）現代化教團制度，（二）宗務委員會制度，（三）本山與別分院制度，（四）一個師承制度，（五）佛光會制度，（六）檀家與檀講師制度，（七）功德主制度，（八）廟產經濟管理制度。,https://books.masterhsingyun.org/ArticleDetail/artcle24674
rel_118e9014c5bf,ent_5978c591cada,星雲大師,Person,person_leads_institution,人物领导机构,ent_6926468b826e,佛光山寺,Institution,directed,core_usable,stable_entity_graph,true,1,1,1,1,1,single_article,「佛教要走入社會」，對社會付出關懷的具體行動，便是以「淨化人心」的「七誡運動」等一系列運動，秉承世尊不逆制戒，但隨時代之所宜，而以〈七誡歌〉，再為四眾佛子乃至於全人類，秉持佛心，以佛教倫理學的柔性規範，制訂「煙毒」戒，就像立法機關為適應社會變遷的需要，修訂不合時宜的舊條文，並制立新的條文一樣，可以說是世出世法一如的得體舉措，誰曰不宜！⟂S⟂因此，自一九九三年十月十七日，佛光山寺在星雲大師的領導下，推出一系列「人間佛教的社會運動」以來，在政府用力得法的打擊下，毒品犯罪案，據最新的統計，已由二○一○年的七萬六千三百三十六案，在短短的不到五年之內，迅速遞降到二○一四年一至十一月的五萬九千四百六十案。,https://books.masterhsingyun.org/ArticleDetail/artcle17981
rel_d64f3ec6ed81,ent_5978c591cada,星雲大師,Person,person_leads_institution,人物领导机构,ent_dd33ab3f77a2,中華漢藏文化協會,Institution,directed,core_usable,stable_entity_graph,true,2,1,1,1,2,single_article,其二就是流亡海外的西藏達賴喇嘛，和北京之間，對解決西藏的問題，都有促成談判的動機，而他身為中華漢藏文化協會理事長，又和達賴喇嘛素有交往。⟂S⟂其三，海內外華人正在搞運動，要求中共釋放魏京生等政治犯，而星雲法師在會見中國國家主席楊尚昆時曾經談及這個問題。,https://books.masterhsingyun.org/ArticleDetail/artcle17441
rel_1ae65db7de7e,ent_5978c591cada,星雲大師,Person,person_participates_in_activity,人物参与活动,ent_d1551864774f,佛事,PracticeActivity,directed,core_usable,stable_entity_graph,true,1,1,1,1,1,single_article,雖然星雲大師年歲已高，但仍不斷奔波於各地參加佛事活動，發表演講，不斷以人間佛教的理念開示大眾：二○一三年四月八日，星雲大師到香港中文大學做「傳承、開創──從中大創校五十年看大學生人文關懷」為題的演講，星雲大師一生致力於建立、實踐和推廣人間佛教思想，屢次公開提出「當代社會需要人文關懷」，而這種關懷應推己及人，從親人朋友、社會大眾，進而延伸至對自然環境的關切。,https://books.masterhsingyun.org/ArticleDetail/artcle17816
rel_6c8a2b54ba4c,ent_5978c591cada,星雲大師,Person,person_performs_practice,人物实践修行,ent_a6b94c65c717,人間佛教,Concept,directed,core_usable,stable_entity_graph,true,9,1,1,1,2,single_article,因此這種深具人間性、生活性、時代性、社會性、利他性、普濟性的現代弘化方式，是星雲大師實踐人間佛教很重要的一環。,https://books.masterhsingyun.org/ArticleDetail/artcle15667
rel_8b673aef8f2c,ent_5978c591cada,星雲大師,Person,person_performs_practice,人物实践修行,ent_bb5c08557287,佛事,DoctrineTerm,directed,core_usable,stable_entity_graph,true,2,2,2,1,2,multi_article,第一、星雲大師以言傳身教的方式推行人間佛教的人文理念。⟂S⟂雖然星雲大師年歲已高，但仍不斷奔波於各地參加佛事活動，發表演講，不斷以人間佛教的理念開示大眾：二○一三年四月八日，星雲大師到香港中文大學做「傳承、開創──從中大創校五十年看大學生人文關懷」為題的演講，星雲大師一生致力於建立、實踐和推廣人間佛教思想，屢次公開提出「當代社會需要人文關懷」，而這種關懷應推己及人，從親人朋友、社會大眾，進而延伸至對自然環境的關切。⟂S⟂星雲大師還指出，科學發展帶來的物質文明對世界有貢獻，但物質過分發展，人類不會幸福。⟂S⟂他表示，贊同科學適度發展，但要以道德和智慧來駕馭。⟂S⟂二○一三年四月二十三日，星雲大師在山東大學演講。⟂S⟂當山大學生代表詢問星雲大師如何理解幸福的內涵時，他則詼諧地打比方說：「小狗繞著尾巴轉找幸福，大狗跟牠說，只要你向前走，幸福就會跟著走。」⟂S⟂幸福是什麼？⟂S⟂在星雲大師的理解裡，幸福不是從天上掉下來的，幸福要靠自己，幸福是你擁有我享有的感覺，是自己內心幸福的感受。⟂S⟂,https://books.masterhsingyun.org/ArticleDetail/artcle17816
rel_6ef6fdded189,ent_5978c591cada,星雲大師,Person,person_performs_practice,人物实践修行,ent_e148ca0687f4,佛法,DoctrineTerm,directed,core_usable,stable_entity_graph,true,1,0,0,0,1,single_article,星雲大師修習了佛法、體驗了禪悅，故能做到入世與出世的不二。,https://books.masterhsingyun.org/ArticleDetail/artcle17804
rel_1de37264b69a,ent_5978c591cada,星雲大師,Person,person_performs_practice,人物实践修行,ent_7589add60cad,弘法,PracticeActivity,directed,core_usable,stable_entity_graph,true,1,1,1,1,1,single_article,從四百件作品中，挑選出兩百件作品，作為展覽的內容基底。⟂S⟂並將展覽題目取名為：「覺有情──星雲大師墨跡世界巡迴展」。⟂S⟂覺有情，梵文Bodhisattva（音：菩提薩埵），是菩薩一詞的意譯。⟂S⟂「有情」指的是具有情識與生命的眾生。⟂S⟂「覺」則有二解，一做形容詞解，意謂「覺悟的」有情眾生，也就是菩薩；⟂S⟂一做動詞解，指菩薩以大慈、大悲、大捨故，意願「覺悟」一切的有情眾生。⟂S⟂「覺有情」，做為星雲大師藝術的展覽名稱，一是大師題寫墨寶都是為了令眾生歡喜，滿眾生之願，書寫中，無不希望擁有者都能獲得祝福，或日日見法，心生法喜安樂；⟂S⟂二乃大師五十年來的弘法，不管是在教育、文化、慈善與弘法的努力上，皆希望能讓眾生從自我的生命中覺醒，於日常生活中做好事、說好話、存好心。⟂S⟂因此展出的目的也是希望書寫的內容能覺悟一切有情。⟂S⟂故此亦為取名「覺有情──星雲大師墨跡世界巡迴展」，是為由來。⟂S⟂首展於馬來西亞國家畫廊展出，緊接著至美國西來大學、柏克萊大學、中國大陸湖南省博物館、南京博物院、台灣高雄市立美術館、台北國父紀念館、屏東文化中心、香港中央圖書館、香港大學、澳洲維多利亞美術館、新加坡與加拿大等地巡迴展出。,https://books.masterhsingyun.org/ArticleDetail/artcle17988
rel_51935dc2c0ae,ent_5978c591cada,星雲大師,Person,person_performs_practice,人物实践修行,ent_b1e217884f50,智慧,DoctrineTerm,directed,core_usable,stable_entity_graph,true,1,0,0,0,1,single_article,今編輯小組從已出版的十冊套書中遴選出一百篇，彙編成《金玉滿堂》之教材，讀者可以細細咀嚼書中的每一句話，都是星雲大師多年來修行的智慧，一篇又一篇深入淺出的詮釋，都是意味深長，讓人心領神會的好文章，讓讀者在閱讀之際，如沐春風之中。,https://books.masterhsingyun.org/ArticleDetail/artcle14582
rel_ce3657921b61,ent_5978c591cada,星雲大師,Person,person_performs_practice,人物实践修行,ent_dd9009d7b1c1,禪淨共修,PracticeActivity,directed,core_usable,stable_entity_graph,true,1,0,0,0,1,single_article,（《普門學報》第一期，頁三一）有鑒於此，星雲大師一生始終奉行「禪淨共修」的原則，並身體力行，以身作則，使各種佛法能夠百川歸海，利樂人間。,https://books.masterhsingyun.org/ArticleDetail/artcle17803
rel_bc9bbeb17b22,ent_5978c591cada,星雲大師,Person,person_performs_practice,人物实践修行,ent_3a0f69046814,禪法,DoctrineTerm,directed,core_usable,stable_entity_graph,true,1,1,1,1,1,single_article,龍樹、惠能、太虛都是佛教歷史上的「領袖和明星」，他們以各自歷史時代為舞台、續佛慧命，再一次發現了人間的佛法，重新開啟人類覺悟成佛的正道──人間佛教。⟂S⟂通過對佛法的悟證，他們再次創立了佛法在世間、不離世間、隨順世間，由人行菩薩道或禪而成佛的傳統。⟂S⟂他們這種內在的佛法智慧以及賦有創意思想的精神譜寫了佛法在人間的歷史，成就了佛法化導世間的使命。⟂S⟂但是，在我們讚歎他們為佛教在世間弘化所作出的貢獻和功德之時，我們也必須承認，由於他們各自時代社會、政治、宗教傳統以及地理因素等的限制和影響，他們並沒有能夠完全實現或真實再現佛法在人間的願望、未能全面落實他們所悟證的人間佛教之道。⟂S⟂龍樹菩薩無法如願以償地建立一個獨立的大乘菩薩僧團，太虛大師最後也不得不承認他的佛教改革的失敗和人間佛教理論的有餘而實踐的不足。⟂S⟂雖然說，惠能大師的禪宗佛教在後來的數百年間得到弘揚，獨領風騷，但是，其禪法的實踐僅局限於僧團和少數文人士大夫之中，並沒有能夠廣泛地深入民間和社會。⟂S⟂因此，他們建立菩薩僧團、普及禪法於僧團之外、以及重新落實和全面推行人間佛教的使命依然等待著後來人的完成。⟂S⟂當前，星雲大師和佛光山正在完成這一使命。⟂S⟂針對當時台灣乃至世界的政治、社會、以及宗教形勢，星雲大師來到台灣不久，即就倡導人間佛教，並堅持以禪作為佛教實踐基礎。⟂S⟂他建立起充滿菩薩精神和實踐的大乘佛光僧團，創立了僧俗一體、出世與入世不二、佛法與世法結合的佛光佛教；⟂S⟂弘揚佛法於五大洲，普化大眾百姓和社會菁英，把佛法帶入人的生活、人的心靈之中，從而改變了千百年來僧團與世間斷離、人生與佛法不合的局面，開創了佛法服務社會人生的人間大道，並開始在世間建立起人間佛教。⟂S⟂而所有這一切，又都是與星雲大師的禪法或對禪的實踐和悟證密不可分的。,https://books.masterhsingyun.org/ArticleDetail/artcle17804
rel_fe0ee6f5e52a,ent_5978c591cada,星雲大師,Person,person_performs_practice,人物实践修行,ent_c766879c0c7a,說法,PracticeActivity,directed,core_usable,stable_entity_graph,true,1,1,1,1,1,single_article,莊嚴梵唄為傳法大典揭開序幕，首先由星雲大師為法子說法開示：「靈山會上佛陀拈花、迦葉微笑，代表佛陀與大迦葉心心相印，現在要傳授給你，你當接受。」,https://books.masterhsingyun.org/ArticleDetail/artcle19622
rel_4268530d0eb6,ent_5978c591cada,星雲大師,Person,person_performs_practice,人物实践修行,ent_b8fbdd38ff9e,禪淨雙修,PracticeActivity,directed,core_usable,stable_entity_graph,true,1,1,1,1,1,single_article,星雲大師本人禪淨雙修，常教人念阿彌陀佛，並不反對求生淨土，但從以人間為本的立場出發，更重視人間淨土的建設，他說：,https://books.masterhsingyun.org/ArticleDetail/artcle17984
rel_ac96b36df8c6,ent_5978c591cada,星雲大師,Person,person_performs_practice,人物实践修行,ent_edb83f453adc,入世,Concept,directed,core_usable,stable_entity_graph,true,1,1,1,1,1,single_article,一位積極入世、弘法利生的人間佛教推動者─星雲大師，於弘法五十年後的今天，應信眾要求出版了《雲水三千》，內容記載半世紀的行佛事蹟。,https://books.masterhsingyun.org/ArticleDetail/artcle19341
rel_678e2fedc17c,ent_5978c591cada,星雲大師,Person,person_performs_practice,人物实践修行,ent_878ea185a076,念阿彌陀佛,PracticeActivity,directed,core_usable,stable_entity_graph,true,2,1,1,1,2,single_article,這種意義上的人間淨土，在淨土宗信徒看來也許難以滿足信仰需求。⟂S⟂但建設這樣的人間淨土，無疑是無論何乘何宗的佛教徒皆應承擔的義務，是佛教對人間應盡的責任。⟂S⟂星雲大師把他理想中的人間淨土稱為「佛光淨土」，開創佛光淨土，被奉為佛光人的理想。⟂S⟂星雲大師率導徒眾為實現這一目標而努力，為讓佛光淨土首先建成於佛光山，他創辦佛光精舍養老，設立大慈育幼院撫孤育幼，創設佛光診所、雲水醫院、萬壽園（公墓）、功德主會等，讓信眾一生生老病死等問題都可以在佛光山解決，不必等到往生他方才能獲益。⟂S⟂星雲大師本人雖然常念阿彌陀佛，曾有念到愉悅忘我的心得，但「向來不以往生西方作為自己的修行訴求」，而是學習阿彌陀佛的榜樣，願將「淨土極樂人間化」。⟂S⟂為此，他發願來生、甚至生生世世都來人間做和尚，為建設人間淨土奮鬥不已。⟂S⟂這種敢入生死大海的菩薩願力，著實令人欽佩。,https://books.masterhsingyun.org/ArticleDetail/artcle17984
rel_f2b51092d99f,ent_5978c591cada,星雲大師,Person,person_performs_practice,人物实践修行,ent_1ea7ccca5cf7,弘法利生,PracticeActivity,directed,core_usable,stable_entity_graph,true,1,1,1,1,1,single_article,一位積極入世、弘法利生的人間佛教推動者─星雲大師，於弘法五十年後的今天，應信眾要求出版了《雲水三千》，內容記載半世紀的行佛事蹟。,https://books.masterhsingyun.org/ArticleDetail/artcle19341
rel_d148da4a634d,ent_5978c591cada,星雲大師,Person,person_promotes_practice,人物推广实践,ent_8dacc063faab,共修,PracticeActivity,directed,core_usable,stable_entity_graph,true,1,1,1,1,1,single_article,「集體創作」、「成就歸於大眾」，被奉為佛光山的宗風。⟂S⟂星雲大師本人具有集體主義的性格，他在《往事百語‧老二哲學》中說：「當初，我自號『星雲』，只想自我勉勵做星雲團裡的一顆小星星，以一己微弱的光芒，和其他星光互相輝映，光照寰宇。」⟂S⟂他認為弘法應從過去的以個人為主轉向以團體為主，發揮團體的強力，發起創辦了大大小小的多個佛教團體，提倡舉辦集體共修活動，建議舉辦老人俱樂部、職業訓練輔導中心、佛書交換研讀會、社區布教所、兩地信徒相談會、社區服務中心、家庭普照、參訪團、朝山團、兒童星期學佛班、佛教慈愛團、研討共修會、八關齋戒會等，以多種團體活動擴大集體共修的範圍。,https://books.masterhsingyun.org/ArticleDetail/artcle17984
rel_a891b1d592b3,ent_5978c591cada,星雲大師,Person,person_promotes_practice,人物推广实践,ent_04d7fa03864a,八關齋戒修持法會,PracticeActivity,directed,core_usable,stable_entity_graph,true,1,1,1,1,1,single_article,「集體創作」、「成就歸於大眾」，被奉為佛光山的宗風。⟂S⟂星雲大師本人具有集體主義的性格，他在《往事百語‧老二哲學》中說：「當初，我自號『星雲』，只想自我勉勵做星雲團裡的一顆小星星，以一己微弱的光芒，和其他星光互相輝映，光照寰宇。」⟂S⟂他認為弘法應從過去的以個人為主轉向以團體為主，發揮團體的強力，發起創辦了大大小小的多個佛教團體，提倡舉辦集體共修活動，建議舉辦老人俱樂部、職業訓練輔導中心、佛書交換研讀會、社區布教所、兩地信徒相談會、社區服務中心、家庭普照、參訪團、朝山團、兒童星期學佛班、佛教慈愛團、研討共修會、八關齋戒會等，以多種團體活動擴大集體共修的範圍。,https://books.masterhsingyun.org/ArticleDetail/artcle17984
rel_d2cd63482f50,ent_5978c591cada,星雲大師,Person,person_promotes_practice,人物推广实践,ent_878ea185a076,念阿彌陀佛,PracticeActivity,directed,core_usable,stable_entity_graph,true,1,1,1,1,1,single_article,星雲大師本人禪淨雙修，常教人念阿彌陀佛，並不反對求生淨土，但從以人間為本的立場出發，更重視人間淨土的建設，他說：,https://books.masterhsingyun.org/ArticleDetail/artcle17984
rel_9fdea643ff13,ent_5978c591cada,星雲大師,Person,person_promotes_practice,人物推广实践,ent_14fc6e954626,人間佛教回傳印度,PracticeActivity,directed,core_usable,stable_entity_graph,true,1,1,1,1,1,single_article,因此，達磨波羅所進行的佛教回傳印度的努力，與佛教文化在錫蘭的復興密切相關，而星雲大師人間佛教回傳印度的開始，則與佛教文化在大中華地區的復興密切相關，因而需要在「中印文化交流」的大背景中，進行艱苦的「本土化」努力。,https://books.masterhsingyun.org/ArticleDetail/artcle17814
rel_e703770c7577,ent_5978c591cada,星雲大師,Person,person_propagates_doctrine,人物传播教义,ent_a6b94c65c717,人間佛教,Concept,directed,core_usable,stable_entity_graph,true,2,2,2,1,2,multi_article,即以佛牙舍利與佛指舍利供奉來台之事而言，星雲大師泯除了迷信色彩，為佛教徒開示應有的正知正見，就是弘揚「人間佛教」的具體事例之一。,https://books.masterhsingyun.org/ArticleDetail/artcle17810
rel_8f89510fbf43,ent_5978c591cada,星雲大師,Person,person_propagates_doctrine,人物传播教义,ent_e148ca0687f4,佛法,DoctrineTerm,directed,core_usable,stable_entity_graph,true,2,2,2,1,2,multi_article,由於保有這顆佛牙舍利的貢噶多傑仁波切，有感於自己六十七歲了，要儘快將佛牙舍利交託給合適的人。⟂S⟂他們說我在一九八五年創立了「中華漢藏文化協會」，又於一九八六年舉辦「世界顯密佛學會議」，努力促進顯、密融和，並且推動南傳、北傳、藏傳佛教文化的交流，佛法的傳揚遍及全球，所以希望我接受這顆珍貴的佛牙舍利。,https://books.masterhsingyun.org/ArticleDetail/artcle7202
rel_00258dc1e696,ent_5978c591cada,星雲大師,Person,person_teaches_audience,人物教导受众,ent_b35b69fd5ff9,眾生,DoctrineTerm,directed,core_usable,stable_entity_graph,true,2,0,0,0,1,single_article,星雲大師開示眾生：「經營人情、不經營利益；,https://books.masterhsingyun.org/ArticleDetail/artcle325
rel_632400ddc6f4,ent_5978c591cada,星雲大師,Person,person_teaches_audience,人物教导受众,ent_d3e26d33b46f,大眾,Group,directed,core_usable,stable_entity_graph,true,2,1,1,1,2,single_article,第一、星雲大師以言傳身教的方式推行人間佛教的人文理念。⟂S⟂雖然星雲大師年歲已高，但仍不斷奔波於各地參加佛事活動，發表演講，不斷以人間佛教的理念開示大眾：二○一三年四月八日，星雲大師到香港中文大學做「傳承、開創──從中大創校五十年看大學生人文關懷」為題的演講，星雲大師一生致力於建立、實踐和推廣人間佛教思想，屢次公開提出「當代社會需要人文關懷」，而這種關懷應推己及人，從親人朋友、社會大眾，進而延伸至對自然環境的關切。⟂S⟂星雲大師還指出，科學發展帶來的物質文明對世界有貢獻，但物質過分發展，人類不會幸福。⟂S⟂他表示，贊同科學適度發展，但要以道德和智慧來駕馭。⟂S⟂二○一三年四月二十三日，星雲大師在山東大學演講。⟂S⟂當山大學生代表詢問星雲大師如何理解幸福的內涵時，他則詼諧地打比方說：「小狗繞著尾巴轉找幸福，大狗跟牠說，只要你向前走，幸福就會跟著走。」⟂S⟂幸福是什麼？⟂S⟂在星雲大師的理解裡，幸福不是從天上掉下來的，幸福要靠自己，幸福是你擁有我享有的感覺，是自己內心幸福的感受。⟂S⟂,https://books.masterhsingyun.org/ArticleDetail/artcle17816
rel_fe1cff509cbe,ent_5978c591cada,星雲大師,Person,person_teaches_audience,人物教导受众,ent_1b85a8db0019,信徒,Group,directed,core_usable,stable_entity_graph,true,2,2,2,1,2,multi_article,其次，提出了心靈富足的方法：三好和四給。⟂S⟂在佛光山的大會客廳中掛有三幅字：「做好事、說好話、存好心」。⟂S⟂星雲大師說：「每當政治人物來訪的時候，都能看見這九個字。」⟂S⟂國際佛光會自一九九二年成立後，即與佛光山發起一系列淨化人心的「人間佛教運動」，其中便包括「三好運動」。⟂S⟂「三好運動」，即「做好事」──把侵犯傷害的惡行，換成利益大眾的佛行；⟂S⟂「說好話」──把瞋恨嫉妒的惡口，換成柔軟讚歎的佛口；⟂S⟂「存好心」─把愚痴的邪心，換成慈悲智慧的佛心，以期體現人生福慧圓融的美好境界。⟂S⟂佛教的「三業」即身、口、意，三業有善業、惡業，三業淨化，自然身體行善事，口出善言，心存善念，如此人生必然前途光明，所以人間最美是三好。⟂S⟂人的命運、身體、環境等都是人的身、口、意之心的反映，這就是「唯心所現」、「境隨心轉」的意思。⟂S⟂二○○二年，星雲大師發起「媒體環保日、身心零汙染」活動，呼籲媒體奉行「做好事、說好話、存好心」三好運動，試圖喚起媒體的自律，給閱聽人一個乾淨的世界。⟂S⟂可見，星雲大師此次提出的三好是他長期倡導的運動之一。⟂S⟂四給「給人信心、給人歡喜、給人希望、給人方便」是佛光人的工作信條。⟂S⟂四給實際上是星雲大師對佛光人的開示，更是大師自己的信條。⟂S⟂滿義法師指出：「（星雲）大師一生雲遊海內外弘化，不管走到哪裡，都不喜歡勞動信徒接送，但每到一地，總還是有許多信徒到機場或道場迎接、送行。⟂S⟂每當這個時候，大師不管旅途多麼勞頓，身體再怎麼疲累，他總要對現場的信徒做一番開示，希望給人一些佛法、給人一些歡喜。」⟂S⟂星雲大師給人信心、歡喜、希望、方便是其慈悲心的體現。,https://books.masterhsingyun.org/ArticleDetail/artcle17816
rel_9d774cbd064e,ent_5978c591cada,星雲大師,Person,person_teaches_audience,人物教导受众,ent_40d770b0b9f9,佛教徒,Group,directed,core_usable,stable_entity_graph,true,1,1,1,1,1,single_article,即以佛牙舍利與佛指舍利供奉來台之事而言，星雲大師泯除了迷信色彩，為佛教徒開示應有的正知正見，就是弘揚「人間佛教」的具體事例之一。,https://books.masterhsingyun.org/ArticleDetail/artcle17810
rel_ed4431188537,ent_5978c591cada,星雲大師,Person,person_teaches_doctrine,人物讲授教义,ent_a6b94c65c717,人間佛教,Concept,directed,core_usable,stable_entity_graph,true,7,0,0,0,1,single_article,星雲大師講人間佛教，那不只是宣講，而是力行。,https://books.masterhsingyun.org/ArticleDetail/artcle6706
rel_3bb55f3eacb7,ent_5978c591cada,星雲大師,Person,person_teaches_doctrine,人物讲授教义,ent_b9466da1d262,佛教,DoctrineTerm,directed,core_usable,stable_entity_graph,true,6,0,0,0,1,single_article,星雲大師講佛教最根本的「三皈」、「五戒」、「六度」，就是生活上說的。,https://books.masterhsingyun.org/ArticleDetail/artcle15636
rel_448b0ebd49b0,ent_5978c591cada,星雲大師,Person,person_teaches_doctrine,人物讲授教义,ent_e148ca0687f4,佛法,DoctrineTerm,directed,core_usable,stable_entity_graph,true,8,0,0,0,1,single_article,聆聽星雲大師講佛法，讓人心生平和、歡喜。,https://books.masterhsingyun.org/ArticleDetail/artcle20491
rel_7a18185ce5e4,ent_5978c591cada,星雲大師,Person,person_teaches_doctrine,人物讲授教义,ent_0039c8661a80,善緣,Concept,directed,core_usable,stable_entity_graph,true,1,0,0,0,1,single_article,在星雲大師看來，結緣不僅能改變命運，而且是進趨佛法的重要門徑。 ⟂S⟂ 他常教導弟子，廣結善緣是修行，「不懂得因緣，就是不懂得佛法；,https://books.masterhsingyun.org/ArticleDetail/artcle17785
rel_e97e6ff6f211,ent_5978c591cada,星雲大師,Person,person_teaches_doctrine,人物讲授教义,ent_cf26f7ad8f86,慈悲,DoctrineTerm,directed,core_usable,stable_entity_graph,true,1,0,0,0,1,single_article,星雲大師昨也驚喜現身，感謝大家蒞臨。 ⟂S⟂ 他開示：「佛陀慈悲，給我們多少壽命都值得感謝」，他並說：「我十二歲出家，至今已是八十周年，願意將來在佛光山永遠和大家在一起」，讓信徒十分感動，現場響起熱烈掌聲。,https://books.masterhsingyun.org/ArticleDetail/artcle19793
rel_5e725230d5c0,ent_5978c591cada,星雲大師,Person,person_teaches_doctrine,人物讲授教义,ent_7f440e9c5bcf,菩薩道,DoctrineTerm,directed,core_usable,stable_entity_graph,true,1,0,0,0,1,single_article,這是最為徹底地實踐「此地此時此人」的一種「人生佛教」的樣貌，星雲大師闡釋菩薩道及付諸實踐的過程，最能體現這種理念。,https://books.masterhsingyun.org/ArticleDetail/artcle17775
rel_fcd097cc9785,ent_5978c591cada,星雲大師,Person,person_teaches_doctrine,人物讲授教义,ent_5c80b49a5514,人間生活,Concept,directed,core_usable,stable_entity_graph,true,1,0,0,0,1,single_article,*18星雲大師深入三藏，對佛教經典、戒律儀制、歷史掌故相當熟悉，說法講演，經常引經據典。 ⟂S⟂ 他十分重視人間佛教的經證，尤其重視被學術界判為原始佛典的《阿含經》，特別是佛陀開示如何過好人間生活親切周到，而長期被中國佛教界忽略的《善生經》、《玉耶女經》、《孛經》等。,https://books.masterhsingyun.org/ArticleDetail/artcle17984
rel_aa67636588a3,ent_5978c591cada,星雲大師,Person,person_visits_place,人物访问地点,ent_f5223b7b6224,印度,PlaceRealm,directed,core_usable,stable_entity_graph,true,1,1,1,1,1,single_article,三、行腳諸國，拓展佛教：玄奘大師刻苦遊歷西域一百一十八國，應唐太宗要求，將途中見聞由弟子辯機記錄成《大唐西域記》，是佛教史學及古代印度、西域文化交通的重要文獻。⟂S⟂一九六三年，星雲大師以參訪東南亞、印度之行寫成《海天遊踪》一書；⟂S⟂大師透過海外交流考察，醞釀日後佛光山組織的建構與運作模式，成就日後「佛光普照五大洲」的輝煌榮景。,https://books.masterhsingyun.org/ArticleDetail/artcle24046
rel_7aaf5d600449,ent_5978c591cada,星雲大師,Person,person_visits_place,人物访问地点,ent_00eae95b2d41,巴黎,PlaceRealm,directed,core_usable,stable_entity_graph,true,1,0,0,0,1,single_article,星雲法師將於三日轉往法國巴黎，繼續他的跨洲宗教之旅。,https://books.masterhsingyun.org/ArticleDetail/artcle18991
rel_8c5093c17f15,ent_5978c591cada,星雲大師,Person,person_visits_place,人物访问地点,ent_a17c0cf56097,泰國,PlaceRealm,directed,core_usable,stable_entity_graph,true,1,0,0,0,1,single_article,早在一九六三年七月，星雲大師受泰王蒲美蓬邀請，第一次造訪泰國，至今相隔近五十年。,https://books.masterhsingyun.org/ArticleDetail/artcle19606
rel_264e897cf7fc,ent_5978c591cada,星雲大師,Person,person_visits_place,人物访问地点,ent_e2fc4abd3849,菩提伽耶,PlaceRealm,directed,core_usable,stable_entity_graph,true,1,1,1,1,1,single_article,根據佛陀紀念館建館緣起之說明，一九九八年二月星雲大師至印度菩提伽耶傳授「國際三壇大戒暨三皈五戒」，當時西藏喇嘛貢噶多傑仁波切，感念星雲大師及佛光山寺長期為促進世界佛教漢藏文化交流，創設「中華漢藏文化協會」，舉辦世界佛教顯密會議，並創立國際佛光會等，是弘揚人間佛教的正派道場，遂表達贈送護藏近三十年的佛牙舍利心願，並盼能在台灣建館供奉，讓正法永存，舍利重光。,https://books.masterhsingyun.org/ArticleDetail/artcle20389
rel_d8b3cc80e077,ent_5978c591cada,星雲大師,Person,person_visits_place,人物访问地点,ent_b462956e0ac1,中國大陸,PlaceRealm,directed,core_usable,stable_entity_graph,true,1,0,0,0,1,single_article,去年三月間星雲大師初訪大陸，除了探望睽違已久的高齡母親之外，在北京也會見了中共領導人楊尚昆，在大陸各地寺廟巡視了一番後，也表示了大陸宗教的自由，一時海外引發了議論；,https://books.masterhsingyun.org/ArticleDetail/artcle17439
rel_6c99e5c994f2,ent_d5a6b40d7a1c,太虛大師,Person,person_advocates_doctrine,人物倡导教义,ent_a6b94c65c717,人間佛教,Concept,directed,core_usable,stable_entity_graph,true,25,1,1,1,2,single_article,如何解難，證成太虛大師倡導的人間佛教絕非僅是印順導師為唯一、為主流，必定有相當的辯難。,https://books.masterhsingyun.org/ArticleDetail/artcle24665
rel_a42a2a7a1309,ent_d5a6b40d7a1c,太虛大師,Person,person_advocates_doctrine,人物倡导教义,ent_b9466da1d262,佛教,DoctrineTerm,directed,core_usable,stable_entity_graph,true,25,0,0,0,1,single_article,太虛大師提倡佛教必須從事生產，我認為出家人也要學會社會的各種技能，具有服務社會的能力。,https://books.masterhsingyun.org/ArticleDetail/artcle724
rel_34e227777e18,ent_d5a6b40d7a1c,太虛大師,Person,person_advocates_doctrine,人物倡导教义,ent_c9256e93b728,佛教人間化,Concept,directed,core_usable,stable_entity_graph,true,1,0,0,0,1,single_article,太虛大師提倡佛教人間化，對於年輕、有創造力、而又勇敢的星雲大師來說有更深厚的意義。,https://books.masterhsingyun.org/ArticleDetail/artcle17799
rel_2c43a681d447,ent_d5a6b40d7a1c,太虛大師,Person,person_advocates_doctrine,人物倡导教义,ent_e148ca0687f4,佛法,DoctrineTerm,directed,core_usable,stable_entity_graph,true,5,0,0,0,1,single_article,太虛大師從民初開始弘揚佛法，就有人間思想。,https://books.masterhsingyun.org/ArticleDetail/artcle18591
rel_f26f0b766bbc,ent_d5a6b40d7a1c,太虛大師,Person,person_advocates_doctrine,人物倡导教义,ent_fbae646972f2,信仰,Concept,directed,core_usable,stable_entity_graph,true,1,0,0,0,1,single_article,慈航法師、太虛大師都提倡彌勒佛信仰，歡喜講《彌勒上生經》，現在浩霖法師也跟隨他們提倡彌勒淨土。,https://books.masterhsingyun.org/ArticleDetail/artcle10873
rel_4fa94e8e7e64,ent_d5a6b40d7a1c,太虛大師,Person,person_advocates_doctrine,人物倡导教义,ent_b2fed7536a6c,人間佛教思想,Concept,directed,core_usable,stable_entity_graph,true,1,0,0,0,1,single_article,歷經大時代的變遷，在一番身心洗練之後，我逐漸釐清佛教未來的方向，立志效法六祖惠能大師和太虛大師所提倡的人間佛教思想，破除積弊已久的觀念及措施。,https://books.masterhsingyun.org/ArticleDetail/artcle17984
rel_9f0536820608,ent_d5a6b40d7a1c,太虛大師,Person,person_advocates_doctrine,人物倡导教义,ent_d1f8647d5ffb,佛化婚禮,PracticeActivity,directed,core_usable,stable_entity_graph,true,6,0,0,0,1,single_article,在佛教，過去有太虛大師在上海佛教青年會提倡佛化婚禮。,https://books.masterhsingyun.org/ArticleDetail/artcle685
rel_c676e1639801,ent_d5a6b40d7a1c,太虛大師,Person,person_advocates_doctrine,人物倡导教义,ent_f878cc407561,僧裝改革,Concept,directed,core_usable,stable_entity_graph,true,1,0,0,0,1,single_article,太虛大師曾經提倡僧裝改革，而我在焦山佛學院的副院長東初法師，他在抗戰勝利後也設計了一套新僧裝，並送到訓練班，要受訓的學員身先響應。,https://books.masterhsingyun.org/ArticleDetail/artcle5643
rel_bd2f5031bab3,ent_d5a6b40d7a1c,太虛大師,Person,person_advocates_doctrine,人物倡导教义,ent_e9d391e2f7fb,工禪合一,Concept,directed,core_usable,stable_entity_graph,true,5,0,0,0,1,single_article,有關佛教的經濟來源，在過去印度佛陀時代提倡供養制度，傳到中國，歷代禪門提倡農林生產，到了近代太虛大師又再提倡工禪合一，現在則有基金制度。,https://books.masterhsingyun.org/ArticleDetail/artcle687
rel_053c0363bb14,ent_d5a6b40d7a1c,太虛大師,Person,person_advocates_doctrine,人物倡导教义,ent_be467fa86580,教制革命,DoctrineTerm,directed,core_usable,stable_entity_graph,true,1,0,0,0,1,single_article,因此在近代太虛大師提倡「教制革命」之前，唐朝百丈禪師改革佛教的表現堪稱智慧卓絕，所有印度的戒律他一概不碰，重新再為中國佛教建立叢林清規制度，也就稍稍給佛教帶來了一線生機。,https://books.masterhsingyun.org/ArticleDetail/artcle5712
rel_1e5c7d21c2fe,ent_d5a6b40d7a1c,太虛大師,Person,person_articulates_concept_or_doctrine,人物阐发概念或教义,ent_a6b94c65c717,人間佛教,Concept,directed,core_usable,stable_entity_graph,true,14,0,0,0,1,single_article,學誠法師指出，星雲大師承繼太虛大師提出人間佛教的思想，並且生根發揚，佛光會多年來參與社會活動，不論是四川地震、八八風災，都可以見到佛光人參與的救災身影，大師透過恭迎佛指舍利到台灣、共同舉辦第二屆世界佛教論壇、國際佛樂展演等活動，積極推動兩岸教界發展與交流，影響深遠。,https://books.masterhsingyun.org/ArticleDetail/artcle19718
rel_bbd67edce068,ent_d5a6b40d7a1c,太虛大師,Person,person_articulates_concept_or_doctrine,人物阐发概念或教义,ent_0b2e6e9daabf,禪,DoctrineTerm,directed,core_usable,stable_entity_graph,true,1,0,0,0,1,single_article,百丈禪師提倡農禪生活，太虛大師提出工禪構想，其實，離開了挑水砍柴、穿衣吃飯之外，無法語其佛法，因為禪心要在工作裡才能體會。,https://books.masterhsingyun.org/ArticleDetail/artcle9012
rel_23cb35303183,ent_d5a6b40d7a1c,太虛大師,Person,person_articulates_concept_or_doctrine,人物阐发概念或教义,ent_6ac6dd2d97a5,問政不干治,Concept,directed,core_usable,stable_entity_graph,true,2,0,0,0,1,single_article,民國太虛大師提出佛教徒「問政不干治」的主張，他在〈菩薩學處講要〉一文中，鼓勵發大悲心的在家菩薩，應本其智力能力挺身而出，為保障人民大眾利益，為國家服務。,https://books.masterhsingyun.org/ArticleDetail/artcle8392
rel_33ce276fa313,ent_d5a6b40d7a1c,太虛大師,Person,person_articulates_concept_or_doctrine,人物阐发概念或教义,ent_be467fa86580,教制革命,DoctrineTerm,directed,core_usable,stable_entity_graph,true,1,0,0,0,1,single_article,當然，千年之後，太虛大師再提出「教制革命」，也是希望為佛教帶來未來的生機，只因教界積弊太深，最後功敗垂成，但其開創性的意義，仍然具有不可抹滅的貢獻。,https://books.masterhsingyun.org/ArticleDetail/artcle5712
rel_d13892a20f50,ent_d5a6b40d7a1c,太虛大師,Person,person_articulates_concept_or_doctrine,人物阐发概念或教义,ent_05901b37c2bb,三大革新思想,Concept,directed,core_usable,stable_entity_graph,true,2,0,0,0,1,single_article,一九一三年，在寄禪法師的追悼會上，太虛大師提出教理、教產、教制等三大革新思想：「第一、我認為今後佛教應多注意現生的問題，不應專向死後的問題上探討。,https://books.masterhsingyun.org/ArticleDetail/artcle8392
rel_8b29c4efda90,ent_d5a6b40d7a1c,太虛大師,Person,person_associated_with_place,人物关联地点,ent_f5223b7b6224,印度,PlaceRealm,directed,core_usable,stable_entity_graph,true,7,0,0,0,1,single_article,說了我這許多與生日相關的話題之外，其實，我這一生最喜歡閱讀的，也可以說影響我一生很重要的一篇文章，就是太虛大師訪問印度的時候，國際大學中國文學院院長譚雲山居士為他祝賀五十歲的生日，太虛大師寫了一首長詩叫〈五十生日感言〉。,https://books.masterhsingyun.org/ArticleDetail/artcle10784
rel_b3c0a9771cef,ent_d5a6b40d7a1c,太虛大師,Person,person_associated_with_place,人物关联地点,ent_dfa1c3ef4e08,歐美,PlaceRealm,directed,core_usable,stable_entity_graph,true,3,0,0,0,1,single_article,「國際化」是大師早已設定的弘法方向與目標，大師的「國際化」宏觀萌發很早，根據《往事百語》，〈有理想，才有現實〉一文，大師談到：「一九二八年，太虛大師遠赴歐美弘法，並且在各地倡導組織『世界佛學院』及『佛教友誼會』，但終以後繼無人、經費缺乏，而未能克盡其功。,https://books.masterhsingyun.org/ArticleDetail/artcle15688
rel_e3bb04c8303f,ent_d5a6b40d7a1c,太虛大師,Person,person_founds_institution,人物创设机构,ent_03011272066f,道場,Institution,directed,core_usable,stable_entity_graph,true,1,0,0,0,1,single_article,因為這裡不但是我中華民國在海外所建造的佛堂，而且是近代革新佛教的太虛大師所創建的道場。,https://books.masterhsingyun.org/ArticleDetail/artcle1980
rel_02c29f3be0d6,ent_d5a6b40d7a1c,太虛大師,Person,person_founds_institution,人物创设机构,ent_82921952249d,武昌佛學院,Institution,directed,core_usable,stable_entity_graph,true,4,1,1,1,3,single_article,一九二二年，太虛大師在武昌創辦武昌佛學院，梁啟超曾被推舉為第一屆董事會董事長。,https://books.masterhsingyun.org/ArticleDetail/artcle7438
rel_bb2ff037e604,ent_d5a6b40d7a1c,太虛大師,Person,person_founds_institution,人物创设机构,ent_7a22bf67cdf7,漢藏教理學院,Institution,directed,core_usable,stable_entity_graph,true,2,0,0,0,1,single_article,1937年抗日軍興後，太虛大師駐錫四川北碚縉雲寺，創辦漢藏教理學院，李子寬亦被推為院董之一。,https://books.masterhsingyun.org/ArticleDetail/artcle24673
rel_1f513c4bdb63,ent_d5a6b40d7a1c,太虛大師,Person,person_founds_institution,人物创设机构,ent_cc2b64886edb,漢藏教理院,Institution,directed,core_usable,stable_entity_graph,true,2,1,1,1,2,single_article,到了四川，大家只管看蘇東坡、杜甫的家園，而我則只想瞭望太虛大師成立漢藏教理院的縉雲山風光。,https://books.masterhsingyun.org/ArticleDetail/artcle5719
rel_fad3dcf91061,ent_d5a6b40d7a1c,太虛大師,Person,person_founds_institution,人物创设机构,ent_215069c2efd8,閩南佛學院,Institution,directed,core_usable,stable_entity_graph,true,1,1,1,1,1,single_article,乃至在人才的培育方面，民國的月霞大師在上海設華嚴大學、諦閑大師以華嚴精舍設立觀宗學院、太虛大師以四川晉雲山做為漢藏教理院（世界佛教學院），並在武昌、閩南分設研究唯識、三論的武昌佛學院、閩南佛學院。⟂S⟂此外，佛光山創辦的西來大學、南華大學、佛光大學，以及佛光山叢林學院分布在歐、亞、澳、非、美等五大洲的十六所佛學院，乃至華梵大學、慈濟大學、玄奘人文社會學院、華嚴專宗佛學院、法光佛教文化研究所、佛教弘誓學院、圓光佛學院、香光尼眾佛學院、中台佛教學院、福嚴佛學院、南普陀佛學院、法雲佛學院、千佛山佛學院、能仁佛學院等，都在致力於人才的教育，以延續佛門的法身慧命。,https://books.masterhsingyun.org/ArticleDetail/artcle675
rel_793d30260b6e,ent_d5a6b40d7a1c,太虛大師,Person,person_founds_institution,人物创设机构,ent_043dbdc0c164,中國佛教會務訓練班,Institution,directed,core_usable,stable_entity_graph,true,1,0,0,0,1,single_article,在對日抗戰勝利那年，家師志開上人准許我回揚州俗家探親，但為了參加太虛大師成立的「中國佛教會務訓練班」，而放棄了回家探親的機會。,https://books.masterhsingyun.org/ArticleDetail/artcle5813
rel_b9d2a8559268,ent_d5a6b40d7a1c,太虛大師,Person,person_founds_institution,人物创设机构,ent_81c6339f19c9,巴黎佛學院,Institution,directed,core_usable,stable_entity_graph,true,1,0,0,0,1,single_article,一、一九二八年太虛大師建立巴黎佛學院，成為第一個走出中國的漢傳佛教大師。,https://books.masterhsingyun.org/ArticleDetail/artcle18311
rel_4871f6e8d8c5,ent_d5a6b40d7a1c,太虛大師,Person,person_founds_publication,人物创办出版物,ent_c22ca9b58fca,覺群雜誌,Classic,directed,core_usable,stable_entity_graph,true,1,0,0,0,1,single_article,但為了堅持太虛大師創辦《覺群》雜誌的宗旨，我寫信跟他們抗爭。,https://books.masterhsingyun.org/ArticleDetail/artcle10779
rel_66f6e863d2d5,ent_d5a6b40d7a1c,太虛大師,Person,person_leads_group,人物领导群体,ent_235af302f048,中國佛教訪問團,Group,directed,core_usable,stable_entity_graph,true,1,0,0,0,1,single_article,吃飯時由愛國僑領陳靜濤居士致歡迎辭，他說：太虛大師曾在抗戰末期，領導中國佛教訪問團，訪問亞洲的印度、緬甸、錫蘭等六個國家，訪問回國不久之後，經過八年抗戰的祖國，便勝利了。,https://books.masterhsingyun.org/ArticleDetail/artcle1983
rel_563a200bb498,ent_d5a6b40d7a1c,太虛大師,Person,person_leads_institution,人物领导机构,ent_9645a3973305,佛教訪問團,Institution,directed,core_usable,stable_entity_graph,true,1,0,0,0,1,single_article,抗戰期間，太虛大師為了疏通滇緬鐵路，使抗戰的資源能夠藉由這條鐵路源源而來，他不懼危險，領導佛教訪問團到緬甸、泰國等國家訪問，贏得國際友邦的支援，解除了困局，這就是對國家盡忠。,https://books.masterhsingyun.org/ArticleDetail/artcle2962
rel_b44ce65f3408,ent_d5a6b40d7a1c,太虛大師,Person,person_plans_institution,人物筹划机构,ent_8cd655d7a965,彌勒菩薩道場,Institution,directed,core_usable,stable_entity_graph,true,1,0,0,0,1,single_article,*42我們讀到，在星雲大師的講演〈從現實的世界說到佛教理想的世界〉（1976）中，他提到太虛大師當年建立彌勒菩薩道場的構想：「近代提倡革新佛教的領袖──太虛大師，他因中國佛教有四大名山，分由四大菩薩統攝，但缺少一座彌勒道場，為弘揚彌勒菩薩的慈心悲願，在他的構想中，曾想將浙江雪竇寺改為大慈彌勒菩薩的彌勒山，另加大悲觀世音菩薩的普陀山，大願地藏菩薩的九華山，大行普賢菩薩的峨嵋山，大智文殊菩薩的五台山，則可合稱佛教的五大名山。,https://books.masterhsingyun.org/ArticleDetail/artcle24745
rel_da99de294b2f,ent_d5a6b40d7a1c,太虛大師,Person,person_teaches_doctrine,人物讲授教义,ent_a6b94c65c717,人間佛教,Concept,directed,core_usable,stable_entity_graph,true,2,0,0,0,1,single_article,太虛大師講的「人間佛教」（廣義的人間佛教，即太虛大師的「人生佛教」+「人間佛教」），也並非不對治重視天神的傾向，所以印順導師自己的說明多少強化了他與太虛大師的差異。,https://books.masterhsingyun.org/ArticleDetail/artcle24691
rel_d6ed33601902,ent_d5a6b40d7a1c,太虛大師,Person,person_visits_place,人物访问地点,ent_3ed26541dab9,英國,PlaceRealm,directed,core_usable,stable_entity_graph,true,1,1,1,1,1,single_article,摩訶菩提協會的創辦人達摩波羅（Anagarika Dharmapala）志在復興印度佛教，有鑒於弘法工作的重要，在一九二八年組織「佛教布教團」（Buddhist Mission），派遣法師輪流駐英弘法。⟂S⟂一九五四年，在該會協助下，錫蘭佛教徒在倫敦創建「倫敦佛教精舍」（London Buddhist Vihara），這是南傳佛教在歐洲的第一座佛寺。⟂S⟂一九二八年秋天，太虛大師環遊世界弘法，從法國來到英國，受到摩訶菩提倫敦分會及倫敦佛教會的熱烈歡迎。⟂S⟂太虛大師希望在歐洲設置「世界佛學院」，倫敦的佛教徒被他為法忘軀的精神所感召，立即組成「佛教委員會」以為響應，可惜在太虛大師赴他國弘法之後，委員會的工作就告停止。,https://books.masterhsingyun.org/ArticleDetail/artcle8398
rel_dc6136258375,ent_d5a6b40d7a1c,太虛大師,Person,person_visits_place,人物访问地点,ent_5b23aba51991,外國,PlaceRealm,directed,core_usable,stable_entity_graph,true,1,0,0,0,1,single_article,抗戰期間，太虛大師訪問外國歸來，重慶有六十多個機關團體聯合歡迎。,https://books.masterhsingyun.org/ArticleDetail/artcle24358
rel_f0bd97efc297,ent_5a2ca100ca60,玄奘大師,Person,person_associated_with_place,人物关联地点,ent_f5223b7b6224,印度,PlaceRealm,directed,core_usable,stable_entity_graph,true,11,1,1,1,2,single_article,玄奘大師由陸路抵達印度，而義淨則選擇海道，從廣州出發。,https://books.masterhsingyun.org/ArticleDetail/artcle8380
rel_d406046caa80,ent_5a2ca100ca60,玄奘大師,Person,person_associated_with_place,人物关联地点,ent_238a27ae3399,西明寺,Institution,directed,core_usable,stable_entity_graph,true,1,1,1,1,1,single_article,玄奘法師（約六○二～六六四），唐朝河南洛陽人，十三歲隨兄出家於洛陽淨土寺。⟂S⟂貞觀三年（六二九）八月，隻身前往印度，途經八百里流沙，滴水不入口者四日夜，幾度瀕於死亡。⟂S⟂卒遂其志，歷經印度三十餘國，於貞觀十九年（六四五）回國，太宗以國師之禮待之。⟂S⟂總計翻譯佛經七十四部，一千三百五十五卷之中，以六百卷的《大般若經》為代表鉅作，並著有《會中論》、《破惡見論》、《真唯識量》、《八識規矩頌》等傳世，是唯識宗初祖。⟂S⟂唐高宗麟德元年（六六四）二月五日，師圓寂於長安西明寺，世壽六十五，葬於白鹿原，送葬者百萬人。⟂S⟂圓寂時，帝曾大哭，三日不上朝，說：「朕失去了一件國寶！」⟂S⟂由此可知其豐功偉業、道德隆盛之見重於國家世人。,https://books.masterhsingyun.org/ArticleDetail/artcle22919
rel_358d6d5c6edb,ent_5a2ca100ca60,玄奘大師,Person,person_associated_with_place,人物关联地点,ent_afb048116bc5,河南,PlaceRealm,directed,core_usable,stable_entity_graph,true,1,0,0,0,1,single_article,玄奘大師：家喻戶曉的唐朝玄奘大師，西元六○二年生於河南陳留。,https://books.masterhsingyun.org/ArticleDetail/artcle3702
rel_6610c2f033a5,ent_5a2ca100ca60,玄奘大師,Person,person_associated_with_place,人物关联地点,ent_d8962e75204c,長安,PlaceRealm,directed,core_usable,stable_entity_graph,true,2,2,2,1,2,multi_article,玄奘法師（約六○二～六六四），唐朝河南洛陽人，十三歲隨兄出家於洛陽淨土寺。⟂S⟂貞觀三年（六二九）八月，隻身前往印度，途經八百里流沙，滴水不入口者四日夜，幾度瀕於死亡。⟂S⟂卒遂其志，歷經印度三十餘國，於貞觀十九年（六四五）回國，太宗以國師之禮待之。⟂S⟂總計翻譯佛經七十四部，一千三百五十五卷之中，以六百卷的《大般若經》為代表鉅作，並著有《會中論》、《破惡見論》、《真唯識量》、《八識規矩頌》等傳世，是唯識宗初祖。⟂S⟂唐高宗麟德元年（六六四）二月五日，師圓寂於長安西明寺，世壽六十五，葬於白鹿原，送葬者百萬人。⟂S⟂圓寂時，帝曾大哭，三日不上朝，說：「朕失去了一件國寶！」⟂S⟂由此可知其豐功偉業、道德隆盛之見重於國家世人。,https://books.masterhsingyun.org/ArticleDetail/artcle22919
rel_58b9e40de5a3,ent_5a2ca100ca60,玄奘大師,Person,person_associated_with_place,人物关联地点,ent_2a8faf64d791,弘福寺,Institution,directed,core_usable,stable_entity_graph,true,1,1,1,1,1,single_article,當年唐玄奘大師西行求法，本屬違法出關，太宗不但未加追究，反更優禮有加，敕令駐錫西景弘福寺，寺內置譯經院，一切經費均由國家供給，並親賜〈大唐三藏聖教序〉，勒石於碑，不僅成就玄奘大師之譯經事業，並奠定唐宋以降千百年來佛教弘化的基礎。,https://books.masterhsingyun.org/ArticleDetail/artcle3867
rel_8e07da59d8f7,ent_5a2ca100ca60,玄奘大師,Person,person_associated_with_place,人物关联地点,ent_bd47464bca89,洛陽,PlaceRealm,directed,core_usable,stable_entity_graph,true,2,2,2,1,2,multi_article,玄奘大師在唐太宗、高宗支持下，先後在長安、洛陽組織譯經院，聚集各方名僧大德二千餘人，分掌各職，具有完備的組織。⟂S⟂他主持譯場十九年中，自律甚嚴，未曾一日懈怠。,https://books.masterhsingyun.org/ArticleDetail/artcle8380
rel_ae12c06e4115,ent_5a2ca100ca60,玄奘大師,Person,person_authors_work,人物创作或撰写作品,ent_b2e0c82399e4,破惡見論,Classic,directed,core_usable,stable_entity_graph,true,1,1,1,1,1,single_article,玄奘法師（約六○二～六六四），唐朝河南洛陽人，十三歲隨兄出家於洛陽淨土寺。⟂S⟂貞觀三年（六二九）八月，隻身前往印度，途經八百里流沙，滴水不入口者四日夜，幾度瀕於死亡。⟂S⟂卒遂其志，歷經印度三十餘國，於貞觀十九年（六四五）回國，太宗以國師之禮待之。⟂S⟂總計翻譯佛經七十四部，一千三百五十五卷之中，以六百卷的《大般若經》為代表鉅作，並著有《會中論》、《破惡見論》、《真唯識量》、《八識規矩頌》等傳世，是唯識宗初祖。⟂S⟂唐高宗麟德元年（六六四）二月五日，師圓寂於長安西明寺，世壽六十五，葬於白鹿原，送葬者百萬人。⟂S⟂圓寂時，帝曾大哭，三日不上朝，說：「朕失去了一件國寶！」⟂S⟂由此可知其豐功偉業、道德隆盛之見重於國家世人。,https://books.masterhsingyun.org/ArticleDetail/artcle22919
rel_cdc10101c4ce,ent_5a2ca100ca60,玄奘大師,Person,person_authors_work,人物创作或撰写作品,ent_84d58ad44749,西域記,Classic,directed,core_usable,stable_entity_graph,true,1,1,1,1,1,single_article,日後，玄奘大師寫下了《大唐西域記》十二卷，此舉對太宗經略西域提供了有力的藍圖，大師也成為國家開疆拓土的一大功臣。⟂S⟂太宗因愛才若渴，屢次勸請大師還俗輔政，後經再三婉拒，太宗仍不改其禮遇之情，進而成就大師的翻譯大業。,https://books.masterhsingyun.org/ArticleDetail/artcle8381
rel_3aa923c4cad7,ent_5a2ca100ca60,玄奘大師,Person,person_founds_institution,人物创设机构,ent_378f9946c693,譯經院,Institution,directed,core_usable,stable_entity_graph,true,1,1,1,1,1,single_article,玄奘大師在唐太宗、高宗支持下，先後在長安、洛陽組織譯經院，聚集各方名僧大德二千餘人，分掌各職，具有完備的組織。⟂S⟂他主持譯場十九年中，自律甚嚴，未曾一日懈怠。,https://books.masterhsingyun.org/ArticleDetail/artcle8380
rel_f8d9d48e1d43,ent_5a2ca100ca60,玄奘大師,Person,person_translates_doctrine,人物翻译经典或教义文献,ent_f0e76d86a8f2,佛經,Classic,directed,core_usable,stable_entity_graph,true,1,1,1,1,1,single_article,玄奘法師（約六○二～六六四），唐朝河南洛陽人，十三歲隨兄出家於洛陽淨土寺。⟂S⟂貞觀三年（六二九）八月，隻身前往印度，途經八百里流沙，滴水不入口者四日夜，幾度瀕於死亡。⟂S⟂卒遂其志，歷經印度三十餘國，於貞觀十九年（六四五）回國，太宗以國師之禮待之。⟂S⟂總計翻譯佛經七十四部，一千三百五十五卷之中，以六百卷的《大般若經》為代表鉅作，並著有《會中論》、《破惡見論》、《真唯識量》、《八識規矩頌》等傳世，是唯識宗初祖。⟂S⟂唐高宗麟德元年（六六四）二月五日，師圓寂於長安西明寺，世壽六十五，葬於白鹿原，送葬者百萬人。⟂S⟂圓寂時，帝曾大哭，三日不上朝，說：「朕失去了一件國寶！」⟂S⟂由此可知其豐功偉業、道德隆盛之見重於國家世人。,https://books.masterhsingyun.org/ArticleDetail/artcle22919
rel_796f02998a0b,ent_5a2ca100ca60,玄奘大師,Person,person_translates_doctrine,人物翻译经典或教义文献,ent_92bed3de8c9d,大般若經,Classic,directed,core_usable,stable_entity_graph,true,1,1,1,1,1,single_article,玄奘法師（約六○二～六六四），唐朝河南洛陽人，十三歲隨兄出家於洛陽淨土寺。⟂S⟂貞觀三年（六二九）八月，隻身前往印度，途經八百里流沙，滴水不入口者四日夜，幾度瀕於死亡。⟂S⟂卒遂其志，歷經印度三十餘國，於貞觀十九年（六四五）回國，太宗以國師之禮待之。⟂S⟂總計翻譯佛經七十四部，一千三百五十五卷之中，以六百卷的《大般若經》為代表鉅作，並著有《會中論》、《破惡見論》、《真唯識量》、《八識規矩頌》等傳世，是唯識宗初祖。⟂S⟂唐高宗麟德元年（六六四）二月五日，師圓寂於長安西明寺，世壽六十五，葬於白鹿原，送葬者百萬人。⟂S⟂圓寂時，帝曾大哭，三日不上朝，說：「朕失去了一件國寶！」⟂S⟂由此可知其豐功偉業、道德隆盛之見重於國家世人。,https://books.masterhsingyun.org/ArticleDetail/artcle22919
rel_22425a4a4b78,ent_5a2ca100ca60,玄奘大師,Person,person_translates_doctrine,人物翻译经典或教义文献,ent_b0649cdd6efd,瑜伽師地論,Classic,directed,core_usable,stable_entity_graph,true,1,1,1,1,1,single_article,貞觀二十一年（六四七），召玄奘大師等二十一位學通內外的名僧共譯《瑜伽師地論》，二十二年絕筆，總成一百卷，太宗親賜《瑜伽師地論》之序，即今之〈大唐三藏聖教序〉，勒石於碑，不僅成就玄奘大師的譯經事業，而且也奠定了唐宋以降千百年來佛教弘化的基礎。,https://books.masterhsingyun.org/ArticleDetail/artcle6555
rel_4eb52599aee8,ent_5a2ca100ca60,玄奘大師,Person,person_transmits_to_person,人物传法于人物,ent_7cbb4f5e09b5,窺基法師,BuddhistFigure,directed,core_usable,stable_entity_graph,true,1,0,0,0,1,single_article,有一次，正當玄奘大師把自己證悟的唯識論傳授給他的得意門徒窺基法師時，圓測就在旁邊聽講，被玄奘大師知道了，說他是盜法。,https://books.masterhsingyun.org/ArticleDetail/artcle158
rel_bc67e1ee3b23,ent_5a2ca100ca60,玄奘大師,Person,person_visits_place,人物访问地点,ent_f5223b7b6224,印度,PlaceRealm,directed,core_usable,stable_entity_graph,true,1,1,1,1,1,single_article,玄奘法師（約六○二～六六四），唐朝河南洛陽人，十三歲隨兄出家於洛陽淨土寺。⟂S⟂貞觀三年（六二九）八月，隻身前往印度，途經八百里流沙，滴水不入口者四日夜，幾度瀕於死亡。⟂S⟂卒遂其志，歷經印度三十餘國，於貞觀十九年（六四五）回國，太宗以國師之禮待之。⟂S⟂總計翻譯佛經七十四部，一千三百五十五卷之中，以六百卷的《大般若經》為代表鉅作，並著有《會中論》、《破惡見論》、《真唯識量》、《八識規矩頌》等傳世，是唯識宗初祖。⟂S⟂唐高宗麟德元年（六六四）二月五日，師圓寂於長安西明寺，世壽六十五，葬於白鹿原，送葬者百萬人。⟂S⟂圓寂時，帝曾大哭，三日不上朝，說：「朕失去了一件國寶！」⟂S⟂由此可知其豐功偉業、道德隆盛之見重於國家世人。,https://books.masterhsingyun.org/ArticleDetail/artcle22919
rel_d942a676f436,ent_5a2ca100ca60,玄奘大師,Person,person_visits_place,人物访问地点,ent_d6e791be9267,西域,PlaceRealm,directed,core_usable,stable_entity_graph,true,1,1,1,1,1,single_article,三、行腳諸國，拓展佛教：玄奘大師刻苦遊歷西域一百一十八國，應唐太宗要求，將途中見聞由弟子辯機記錄成《大唐西域記》，是佛教史學及古代印度、西域文化交通的重要文獻。⟂S⟂一九六三年，星雲大師以參訪東南亞、印度之行寫成《海天遊踪》一書；⟂S⟂大師透過海外交流考察，醞釀日後佛光山組織的建構與運作模式，成就日後「佛光普照五大洲」的輝煌榮景。,https://books.masterhsingyun.org/ArticleDetail/artcle24046
rel_887eb604a66e,ent_79095492472d,慈容法師,Person,person_establishes_local_branch,人物建立地方组织,ent_bb2753519ef9,國際佛光會,Institution,directed,core_usable,stable_entity_graph,true,1,0,0,0,1,single_article,之後慈容法師代表本山，積極到此成立國際佛光會，成為佛光山歐洲弘法的先驅。,https://books.masterhsingyun.org/ArticleDetail/artcle6912
rel_7b11807f9b08,ent_79095492472d,慈容法師,Person,person_founds_institution,人物创设机构,ent_60e8133ff11d,中華佛光協會,Institution,directed,core_usable,stable_entity_graph,true,1,0,0,0,1,single_article,慈容法師於一九九一年成立「中華佛光協會」，一九九二年擴展為「國際佛光會」，總會設於美國洛杉磯，目前擔任世界總會秘書長，在其領導之下，「國際佛光會」連續三年在台灣榮獲「國家社會成就獎」，現有百餘協、分會遍布全球五大洲，聯繫國際的佛光山信眾，使佛教深入各階層生活之中*25。,https://books.masterhsingyun.org/ArticleDetail/artcle17787
rel_368535299047,ent_79095492472d,慈容法師,Person,person_leads_group,人物领导群体,ent_7ec13cccf8b9,佛光山僧眾,Group,directed,core_usable,stable_entity_graph,true,2,0,0,0,1,single_article,例如：涉及佛教梵唄者，有慈容法師領導佛光山僧眾實際唱誦；,https://books.masterhsingyun.org/ArticleDetail/artcle2206
rel_bf50208b32dd,ent_79095492472d,慈容法師,Person,person_leads_institution,人物领导机构,ent_b975b85e6cbf,普門寺,Institution,directed,core_usable,stable_entity_graph,true,5,0,0,0,1,single_article,多年後，慈容法師的母親年老臥病在床，所有的兒女散居世界各地，無法盡到照顧的責任，只有當時擔任普門寺住持的慈容法師將老母迎至寺裡安養，在法務繁忙之際，仍不忘每日晨昏定省，親侍湯藥，直至母親終老。,https://books.masterhsingyun.org/ArticleDetail/artcle5438
rel_524f345e5770,ent_79095492472d,慈容法師,Person,person_leads_institution,人物领导机构,ent_d42f67273395,佛光山梵唄讚頌團,Institution,directed,core_usable,stable_entity_graph,true,1,0,0,0,1,single_article,幾次領導佛光山梵唄讚頌團的慈容法師說：「梵唄是從心靈深處發出的聲音，因之佛教徒將之視為一種修行，同時也作為一種弘法的方式，一般流行音樂總給人悲歡離合、喜悅跳躍等不同的感情思緒，而梵唄最大的不同，是因為經過了內心的醞釀，使人聽聞之後，原有的感覺消失，只剩下深深的靜謐，給予人空曠開闊的感受，體悟一種綿延無限的境界。」,https://books.masterhsingyun.org/ArticleDetail/artcle15617
rel_5ec2d2cfd9b2,ent_79095492472d,慈容法師,Person,person_leads_institution,人物领导机构,ent_480d2bcf1b5e,台北道場,Institution,directed,core_usable,stable_entity_graph,true,1,0,0,0,1,single_article,我記得那時參與的知賓師姐有一千七百人輪流來當義工，如：楊美英、賴春、蔡秀英、胡高緞、賴陳淑珍、徐月華、鄭碧華、曾美玉、劉金蘭、劉惠珍、蕭寶貴、楊淑貞、賴惠琴、黃美惠、朱美玲、黃令蕙、陳莉蓁、黃秀珠、林玉琴、婁佩甄、劉月英、蘇麗華、王淑敏、張美琪、劉秋梅、張美雲等，那時候擔任台北道場住持的慈容法師、當家依德、永妙，和所有在道場的每一個人無不全力以赴接引十方大眾，後來歷任住持當家永平、永融、永範、妙蓮、覺元，以及佛光山全球各道場的徒眾，都將素齋談禪精神持續發揚光大，提升素食的生活文化。,https://books.masterhsingyun.org/ArticleDetail/artcle7436
rel_73124c04bb21,ent_79095492472d,慈容法師,Person,person_supports_institution,人物支持机构,ent_dab6c3d22efa,佛教學院,Institution,directed,core_usable,stable_entity_graph,true,1,1,1,1,1,single_article,最初我計劃要辦佛教學院的時候，有人好心的警告我：「你和學生會沒有飯吃。」⟂S⟂又說：「你一無所有，以後信徒不敢和你接近。」⟂S⟂我仍然不顧一切，為了學院的日常開支，一向不做經懺佛事的我，經常到殯儀館替人念經，到太平間替剛往生不久的人念通宵，為的是單嚫會比較多些。⟂S⟂為了念經的人眾不夠，當時負責教務的李小姐就發心剃度，參與誦經的行列，那就是現在的慈莊法師；⟂S⟂負責訓導的張老師每天出去幫忙麵包店裡包月餅糖果，希望獲得別人多一些贊助，那就是現在的慈惠法師。⟂S⟂還有慈惠法師和慈容法師、吳寶琴、楊慈滿等，以教幼稚園的所得，也全部奉獻出來補貼學院的開支。,https://books.masterhsingyun.org/ArticleDetail/artcle9012
rel_bfe9b9836a0a,ent_03d87ead36bb,慈惠法師,Person,person_associated_with_place,人物关联地点,ent_f3c9895f9033,法雲寺,Institution,directed,core_usable,stable_entity_graph,true,1,1,1,1,1,single_article,在往苗栗的途上，忽憶起就在附近的法雲寺，特繞道前去拜訪已年屆八十三歲的妙然老尼師，法雲寺在日據時代為台灣五大寺之一，一九六五年慈莊、慈惠、慈嘉、慈怡等皆在此受戒。⟂S⟂法雲寺擁有八十甲土地，皆屬竹林，記得四十年前初到台灣，曾在法雲寺的竹林裡，看守山林約三月有餘。,https://books.masterhsingyun.org/ArticleDetail/artcle7855
rel_5bb30f3827d9,ent_03d87ead36bb,慈惠法師,Person,person_supports_institution,人物支持机构,ent_dab6c3d22efa,佛教學院,Institution,directed,core_usable,stable_entity_graph,true,1,1,1,1,1,single_article,最初我計劃要辦佛教學院的時候，有人好心的警告我：「你和學生會沒有飯吃。」⟂S⟂又說：「你一無所有，以後信徒不敢和你接近。」⟂S⟂我仍然不顧一切，為了學院的日常開支，一向不做經懺佛事的我，經常到殯儀館替人念經，到太平間替剛往生不久的人念通宵，為的是單嚫會比較多些。⟂S⟂為了念經的人眾不夠，當時負責教務的李小姐就發心剃度，參與誦經的行列，那就是現在的慈莊法師；⟂S⟂負責訓導的張老師每天出去幫忙麵包店裡包月餅糖果，希望獲得別人多一些贊助，那就是現在的慈惠法師。⟂S⟂還有慈惠法師和慈容法師、吳寶琴、楊慈滿等，以教幼稚園的所得，也全部奉獻出來補貼學院的開支。,https://books.masterhsingyun.org/ArticleDetail/artcle9012
rel_c3bc0c925ae2,ent_e8ae4c8610aa,弘一大師,Person,person_guides_or_saves_group,人物教化或度化群体,ent_aef97ef170d1,眾生,Group,directed,core_usable,stable_entity_graph,true,1,0,0,0,1,single_article,弘一大師用寫字或音樂來度化眾生；,https://books.masterhsingyun.org/ArticleDetail/artcle9897
rel_564d1b920f70,ent_36a6e2ca16cd,鑑真大師,Person,person_advocates_doctrine,人物倡导教义,ent_b9466da1d262,佛教,DoctrineTerm,directed,core_usable,stable_entity_graph,true,2,0,0,0,1,single_article,由此，星雲大師發心要在揚州捐資建設一座圖書館，以延續和推進鑑真大師弘揚佛教興盛科技文化的事業。,https://books.masterhsingyun.org/ArticleDetail/artcle17816
rel_2542af133393,ent_36a6e2ca16cd,鑑真大師,Person,person_advocates_doctrine,人物倡导教义,ent_e148ca0687f4,佛法,DoctrineTerm,directed,core_usable,stable_entity_graph,true,1,0,0,0,1,single_article,就是唐朝的鑑真大師。 ⟂S⟂ 他發願到日本弘揚佛法，前後共經過六次的努力，費了十二年的時間。,https://books.masterhsingyun.org/ArticleDetail/artcle3411
rel_bdd3e3259813,ent_36a6e2ca16cd,鑑真大師,Person,person_associated_with_place,人物关联地点,ent_e5cc7b4be7db,中國,PlaceRealm,directed,core_usable,stable_entity_graph,true,1,1,1,1,1,single_article,鑑真大師的意思是，他的故鄉在中國，現在「山川異域」，越過了萬重山，跨過了萬重水，儘管人在異域，日本和中國不同，但是「日月同天」，太陽和月亮同在一個天地之下，中國也好，日本也好，也都在同一個天下，都是人類，都有佛教在流傳；⟂S⟂因此，寄望佛子要同心同德，護持佛教；,https://books.masterhsingyun.org/ArticleDetail/artcle11104
rel_6d95f031f120,ent_36a6e2ca16cd,鑑真大師,Person,person_associated_with_place,人物关联地点,ent_b8f9800f633a,日本,PlaceRealm,directed,core_usable,stable_entity_graph,true,7,0,0,0,1,single_article,到了第六次東渡，鑑真大師抵達日本時，已經六十五歲，眼睛都看不到了。,https://books.masterhsingyun.org/ArticleDetail/artcle11104
rel_5d7c2f0b10fc,ent_36a6e2ca16cd,鑑真大師,Person,person_founds_institution,人物创设机构,ent_9cb45a49b624,唐招提寺,Institution,directed,core_usable,stable_entity_graph,true,1,0,0,0,1,single_article,唐招提寺，是我國高僧鑑真大師的道場，一千二百年前，鑑真大師吃盡千辛萬苦才到達當時日本的首都奈良，弘揚律宗向日本傳授戒法而創建的道場。,https://books.masterhsingyun.org/ArticleDetail/artcle1982
rel_abf85052ecf0,ent_36a6e2ca16cd,鑑真大師,Person,person_propagates_doctrine,人物传播教义,ent_b9466da1d262,佛教,DoctrineTerm,directed,core_usable,stable_entity_graph,true,2,1,1,1,2,single_article,我覺得，我們身為一個炎黃子孫，能在這個時代裡面，為國家社會盡一點心力，是「匹夫有責」。⟂S⟂所以我也不顧老邁的身體，或者一個出世的和尚身分，覺得要能替國家做一點事、盡一點心，人生歲月苦短，趁著還能走路、還能講話，我就效法過去鑑真大師到日本宣揚佛教「為大事也，何惜生命」的那種精神，為這個國家社會做「不請之友」。,https://books.masterhsingyun.org/ArticleDetail/artcle11021
rel_8665366ae53d,ent_36a6e2ca16cd,鑑真大師,Person,person_visits_place,人物访问地点,ent_b8f9800f633a,日本,PlaceRealm,directed,core_usable,stable_entity_graph,true,2,1,1,1,2,single_article,所以我也不顧老邁的身體，或者一個出世的和尚身分，覺得要能替國家做一點事、盡一點心，人生歲月苦短，趁著還能走路、還能講話，我就效法過去鑑真大師到日本宣揚佛教「為大事也，何惜生命」的那種精神，為這個國家社會做「不請之友」。,https://books.masterhsingyun.org/ArticleDetail/artcle11021
rel_8557ca380d9e,ent_bfb74faa1d08,智者大師,Person,person_articulates_concept_or_doctrine,人物阐发概念或教义,ent_8e5bc1f388e3,一念三千,Concept,directed,core_usable,stable_entity_graph,true,1,1,1,1,1,single_article,智者大師將《法華經》的千如，配合《大智度論》的三世間，形成他自己獨特的一念三千的教學。⟂S⟂關於十如是、三世間等名相，佛教辭典有詳細的記載，不一一加以介紹，我們只對一念三千的道理稍加說明。,https://books.masterhsingyun.org/ArticleDetail/artcle3702
rel_77091283d9f5,ent_bfb74faa1d08,智者大師,Person,person_articulates_concept_or_doctrine,人物阐发概念或教义,ent_3ac22c0265d7,即空即假即中,DoctrineTerm,directed,core_usable,stable_entity_graph,true,1,1,1,1,1,single_article,具體而言，「一念三千」所以是「不可思議境」，在於智者大師認為依循圓頓止觀之觀慧，則能觀照眾生一念無明心，此無明心當體亦即是法性心，皆為因緣所生，即空即假即中。,https://books.masterhsingyun.org/ArticleDetail/artcle17778
rel_e92548a0bce3,ent_bfb74faa1d08,智者大師,Person,person_articulates_concept_or_doctrine,人物阐发概念或教义,ent_ca96b59033f1,無作四諦,DoctrineTerm,directed,core_usable,stable_entity_graph,true,1,1,1,1,1,single_article,觀諸具體生活的真實內容，其中蘊含自行與化他的諸多可能，亦因著圓頓止觀的具體修證，而不斷地內化為真實生命歷程之純淨與自在。⟂S⟂如此的止觀修證不但真實，而且是無窮無盡，同時亦不只是單一個體之自我修證而已，因為一念三千所開展的境界實已形成了無限的關係網絡，而在此重重無盡的關係中，依循一心三觀之實踐法門，自然較能如實觀照自行與化他所起現之種種情境與可能遭遇的問題。⟂S⟂智者大師於《摩訶止觀》卷一中之具體闡釋「無作四諦」時強調所謂無作乃因為圓頓止觀所照顯者皆是實相不可思議，其文有云：「推無作者，夫法性與一切法無二無別。⟂S⟂凡法尚是，況二乘乎？⟂S⟂離凡法更求實相，如避此空彼處求空；⟂S⟂即凡法是實法，不須捨凡向聖。⟂S⟂經言：『生死即涅槃，一色一香皆是中道。』⟂S⟂是名推無作四諦上求下化發菩提心。」⟂S⟂具體而言，依循智者大師所強調之無作四諦，應是於行住坐臥、日常應對的歷程中，皆能依圓頓教觀以如實對應現實一切因緣事物而證悟諸法實相；⟂S⟂對於任何時空下身心的存在或相關聯之諸多情境，不攀緣、不逃避，無所造作、任運自在，如此念念所起三千境界，皆能如實觀照而為不思議境。,https://books.masterhsingyun.org/ArticleDetail/artcle17778
rel_5c595ab87636,ent_bfb74faa1d08,智者大師,Person,person_articulates_concept_or_doctrine,人物阐发概念或教义,ent_f80175ffe0cf,法華三昧懺儀,DoctrineTerm,directed,core_usable,stable_entity_graph,true,1,1,1,1,1,single_article,例如智者大師闡釋如何修「法華三昧懺儀」時曾表示，行者於至心懺悔六根以求究竟得安樂的過程中，除了必須具足嚴淨道場、淨身口意三業、勸請諸佛、如實誦經、行種種相應之道等諸多因緣，同時更須進而安身坐禪以觀諸法實相，亦即必須「如菩薩法不斷結使、不住使海，觀一切法空如實相。」,https://books.masterhsingyun.org/ArticleDetail/artcle17778
rel_901b275d6221,ent_bfb74faa1d08,智者大師,Person,person_articulates_concept_or_doctrine,人物阐发概念或教义,ent_12e5648ac304,五時八教,Concept,directed,core_usable,stable_entity_graph,true,2,0,0,0,1,single_article,智者大師提出「五時八教」之教判；,https://books.masterhsingyun.org/ArticleDetail/artcle15596
rel_50c543c8e5fc,ent_bfb74faa1d08,智者大師,Person,person_articulates_doctrinal_system,人物建构教义体系,ent_12e5648ac304,五時八教,Concept,directed,core_usable,stable_entity_graph,true,1,0,0,0,1,single_article,(四)智者大師創立「五時八教」,https://books.masterhsingyun.org/ArticleDetail/artcle17985
rel_bd1734d05811,ent_bfb74faa1d08,智者大師,Person,person_interprets_classic,人物解释经典,ent_c23eb3ad53f7,法華經,Classic,directed,core_usable,stable_entity_graph,true,3,0,0,0,1,single_article,當初智者大師講說《法華經》的時候，光是一個「妙」字，就講了三個月，而有所謂的「九旬談妙」。,https://books.masterhsingyun.org/ArticleDetail/artcle9891
rel_679183e96e4c,ent_bfb74faa1d08,智者大師,Person,person_performs_practice,人物实践修行,ent_86900e4a696c,淨土,DoctrineTerm,directed,core_usable,stable_entity_graph,true,1,0,0,0,1,single_article,智者大師雖然弘揚天台教學，但在行持上仍修淨土。,https://books.masterhsingyun.org/ArticleDetail/artcle9825
rel_328b1b25bd26,ent_bfb74faa1d08,智者大師,Person,person_performs_practice,人物实践修行,ent_2626c70d8c90,法華三昧,DoctrineTerm,directed,core_usable,stable_entity_graph,true,1,0,0,0,1,single_article,天台宗成立於陳隋之際，因智者大師駐錫天台山修持法華三昧，故以天台為宗名。,https://books.masterhsingyun.org/ArticleDetail/artcle16106
rel_6995e1c17e46,ent_bfb74faa1d08,智者大師,Person,person_performs_practice,人物实践修行,ent_a7ac04cf2640,般舟三昧,DoctrineTerm,directed,core_usable,stable_entity_graph,true,1,0,0,0,1,single_article,智者大師雖然弘揚天台教學，但在行持上仍修淨土。 ⟂S⟂ 他常修習般舟三昧。,https://books.masterhsingyun.org/ArticleDetail/artcle9825
rel_098ad79bbe44,ent_ff6760e94d96,道安大師,Person,person_founds_institution,人物创设机构,ent_4e2a6c0ebf31,松山寺,Institution,directed,core_usable,stable_entity_graph,true,1,0,0,0,1,single_article,長老道安法師創建的松山寺，才傳承兩代就難以繼續，不禁令人唏噓。,https://books.masterhsingyun.org/ArticleDetail/artcle5692
rel_5310e5275179,ent_ff6760e94d96,道安大師,Person,person_interprets_classic,人物解释经典,ent_f488e42f9741,般若經,Classic,directed,core_usable,stable_entity_graph,true,1,0,0,0,1,single_article,二十一歲，入太行山，與弟弟慧持聽道安大師講《般若經》，而說「九流異議皆糠秕耳」。,https://books.masterhsingyun.org/ArticleDetail/artcle9825
rel_e04375eb515e,ent_ff6760e94d96,道安大師,Person,person_moves_to_place,人物迁往地点,ent_d8962e75204c,長安,PlaceRealm,directed,core_usable,stable_entity_graph,true,1,1,1,1,1,single_article,此外，歷史上有不少高僧大德因德學兼具而被帝王迎入都城，乃至建寺供養。⟂S⟂眾鳥依大樹而居，人也是如此，有賢僧駐錫的地方，必能廣招徠者，此即所謂的「人傑地靈」，這也是為何歷來「都市寺院」繁興，僧人也喜歡聚集都市的原因之一。⟂S⟂像東晉道安因逃難而率眾一路來到襄陽，十五年後被苻堅迎去長安，臨行前命五百名弟子分散各地弘法，但到了長安五重寺之後，各地僧人聞名而來者竟有數千眾之多，道譽感人若此，無怪乎有「印手菩薩」之美稱。⟂S⟂鳩摩羅什被姚興迎請至長安西明閣及逍遙園主持譯業，從學者三千，長安一時之間成為當時佛教的重鎮。⟂S⟂與鳩摩羅什並列為「中國四大譯師」之一的玄奘，在西行取經回國後，為唐太宗、高宗所欽重，供養於大內，並先後敕住弘福寺、大慈恩寺、玉華宮寺等處，請其譯經，一時之間，也是俊彥翕從。⟂S⟂像這些高僧大德在當時被尊為國師，實則乃今之「國策顧問」，在法務倥傯，領眾薰修之餘，還得不時跟隨帝王巡幸各處，其辛苦可想而知，若非深具菩薩悲願的「人間比丘」，何能行此難事！,https://books.masterhsingyun.org/ArticleDetail/artcle744
rel_f0d2ad939f3c,ent_304f85e4035e,慈航法師,Person,person_advocates_doctrine,人物倡导教义,ent_e148ca0687f4,佛法,DoctrineTerm,directed,core_usable,stable_entity_graph,true,1,0,0,0,1,single_article,我覺得「人能弘道，非道弘人」，慈航法師在新馬弘揚佛法，度了幾位弟子，如：畢俊輝、王弄書、林達堅等，都在當地創辦了很多佛化事業。,https://books.masterhsingyun.org/ArticleDetail/artcle9994
rel_0738c1fcd546,ent_304f85e4035e,慈航法師,Person,person_advocates_doctrine,人物倡导教义,ent_2a947d66f56d,教育,Concept,directed,core_usable,stable_entity_graph,true,2,0,0,0,1,single_article,可以說四十年來，從白聖法師熱心傳戒，慈航法師提倡教育，印順法師著書立說，東初法師鼓吹輿論，李炳南居士提倡在家的教團，朱鏡宙居士印經書等，提倡現代化的佛教，佛教才慢慢展開。,https://books.masterhsingyun.org/ArticleDetail/artcle10848
rel_4ed5731649ec,ent_304f85e4035e,慈航法師,Person,person_advocates_doctrine,人物倡导教义,ent_b2fed7536a6c,人間佛教思想,Concept,directed,core_usable,stable_entity_graph,true,1,0,0,0,1,single_article,*60慈航法師一生居緬甸多年，在小乘佛教教區長期弘揚大乘佛教，是現代漢傳佛教域外傳教的一位卓越的先行者。 ⟂S⟂ 他雖不是太虛大師的及門弟子，但一直自認為是太虛大師的弟子，對於大師的思想忠誠不二，是從二十世紀三○年代到五○年代在海內外弘揚太虛大師人間佛教思想最有力的佛教學者。,https://books.masterhsingyun.org/ArticleDetail/artcle24673
rel_1796354919eb,ent_304f85e4035e,慈航法師,Person,person_associated_with_place,人物关联地点,ent_3aa74a3c9623,汐止,PlaceRealm,directed,core_usable,stable_entity_graph,true,1,0,0,0,1,single_article,我們參觀了前僧皇的居處，像在汐止圓寂的慈航法師一樣，居處照生前原樣保持不動，留為紀念。,https://books.masterhsingyun.org/ArticleDetail/artcle1900
rel_9db234e041d5,ent_304f85e4035e,慈航法師,Person,person_founds_institution,人物创设机构,ent_156e18cfb600,台灣佛學院,Institution,directed,core_usable,stable_entity_graph,true,1,0,0,0,1,single_article,一九四九年組織僧侶救護隊來到台灣，最初在中壢圓光寺修行，加入慈航法師創辦的台灣佛學院為學僧。,https://books.masterhsingyun.org/ArticleDetail/artcle17498
rel_a586e2124933,ent_304f85e4035e,慈航法師,Person,person_founds_publication,人物创办出版物,ent_8f2b2c0c55b8,人間佛教月刊,Classic,directed,core_usable,stable_entity_graph,true,1,0,0,0,1,single_article,1946年元旦，慈航法師在新加坡創辦《人間佛教》月刊。,https://books.masterhsingyun.org/ArticleDetail/artcle24673
rel_f5b0e269ec4b,ent_304f85e4035e,慈航法師,Person,person_leads_institution,人物领导机构,ent_156e18cfb600,台灣佛學院,Institution,directed,core_usable,stable_entity_graph,true,3,0,0,0,1,single_article,直至中國僧侶陸續來台後，不斷的努力，如一九四八年慈航法師主持「台灣佛學院」，一九五三年白聖、太滄、智光、南亭在台南大仙寺首開戒壇，台灣佛教才重新回歸到傳統中國佛教的形式制度。,https://books.masterhsingyun.org/ArticleDetail/artcle8727
rel_e5893c5a45e4,ent_304f85e4035e,慈航法師,Person,person_moves_to_place,人物迁往地点,ent_e716e07e181b,新竹青草湖,PlaceRealm,directed,core_usable,stable_entity_graph,true,1,0,0,0,1,single_article,妙老也很響應，所以當慈航法師要將台灣佛學院結業後，轉往新竹青草湖去辦佛學院的時候，妙老就特地跟慈航法師商量，留了十位大陸僧青年居住在圓光寺，做一些研究工作。,https://books.masterhsingyun.org/ArticleDetail/artcle24411
rel_e8a5934bc9f3,ent_ef4701f90172,慈莊法師,Person,person_associated_with_place,人物关联地点,ent_f3c9895f9033,法雲寺,Institution,directed,core_usable,stable_entity_graph,true,1,1,1,1,1,single_article,在往苗栗的途上，忽憶起就在附近的法雲寺，特繞道前去拜訪已年屆八十三歲的妙然老尼師，法雲寺在日據時代為台灣五大寺之一，一九六五年慈莊、慈惠、慈嘉、慈怡等皆在此受戒。⟂S⟂法雲寺擁有八十甲土地，皆屬竹林，記得四十年前初到台灣，曾在法雲寺的竹林裡，看守山林約三月有餘。,https://books.masterhsingyun.org/ArticleDetail/artcle7855
rel_3f09340b7c5d,ent_ef4701f90172,慈莊法師,Person,person_founds_institution,人物创设机构,ent_5ca2f4116c8d,寺院,Institution,directed,core_usable,stable_entity_graph,true,1,0,0,0,1,single_article,在現代的佛教僧團裡，也有不少傑出的比丘尼，他們在近代佛教史上占有相當重要的地位，例如：慈莊法師在世界各國創建寺院，為中國佛教開創出國際化的道路；,https://books.masterhsingyun.org/ArticleDetail/artcle1545
rel_4601fb8b196b,ent_ef4701f90172,慈莊法師,Person,person_founds_institution,人物创设机构,ent_1e4251b1cdfd,西來寺,Institution,directed,core_usable,stable_entity_graph,true,3,0,0,0,1,single_article,四十年前，慈莊法師初來美國洛杉磯創建西來寺時，人生地不熟，有一天他要到外州去考察，但又不清楚美國的飛機班次，不知道要問誰才好，只得信步走到附近一家銀行，問一位正在辦公的小姐：「對不起！,https://books.masterhsingyun.org/ArticleDetail/artcle5569
rel_b1a52de7a051,ent_ef4701f90172,慈莊法師,Person,person_leads_institution,人物领导机构,ent_1e4251b1cdfd,西來寺,Institution,directed,core_usable,stable_entity_graph,true,1,0,0,0,1,single_article,因此，有一年美國總統大選前，當地有人民的捐款活動，那時候，慈莊法師擔任西來寺的住持，就認捐了最高額的五千元美金。,https://books.masterhsingyun.org/ArticleDetail/artcle10034
rel_d991dccb9f8d,ent_ef4701f90172,慈莊法師,Person,person_performs_practice,人物实践修行,ent_6252f39caa13,發心,PracticeActivity,directed,core_usable,stable_entity_graph,true,1,1,1,1,1,single_article,最初我計劃要辦佛教學院的時候，有人好心的警告我：「你和學生會沒有飯吃。」⟂S⟂又說：「你一無所有，以後信徒不敢和你接近。」⟂S⟂我仍然不顧一切，為了學院的日常開支，一向不做經懺佛事的我，經常到殯儀館替人念經，到太平間替剛往生不久的人念通宵，為的是單嚫會比較多些。⟂S⟂為了念經的人眾不夠，當時負責教務的李小姐就發心剃度，參與誦經的行列，那就是現在的慈莊法師；⟂S⟂負責訓導的張老師每天出去幫忙麵包店裡包月餅糖果，希望獲得別人多一些贊助，那就是現在的慈惠法師。⟂S⟂還有慈惠法師和慈容法師、吳寶琴、楊慈滿等，以教幼稚園的所得，也全部奉獻出來補貼學院的開支。,https://books.masterhsingyun.org/ArticleDetail/artcle9012
rel_8ed830f0dd4e,ent_ef4701f90172,慈莊法師,Person,person_supports_institution,人物支持机构,ent_dab6c3d22efa,佛教學院,Institution,directed,core_usable,stable_entity_graph,true,1,1,1,1,1,single_article,最初我計劃要辦佛教學院的時候，有人好心的警告我：「你和學生會沒有飯吃。」⟂S⟂又說：「你一無所有，以後信徒不敢和你接近。」⟂S⟂我仍然不顧一切，為了學院的日常開支，一向不做經懺佛事的我，經常到殯儀館替人念經，到太平間替剛往生不久的人念通宵，為的是單嚫會比較多些。⟂S⟂為了念經的人眾不夠，當時負責教務的李小姐就發心剃度，參與誦經的行列，那就是現在的慈莊法師；⟂S⟂負責訓導的張老師每天出去幫忙麵包店裡包月餅糖果，希望獲得別人多一些贊助，那就是現在的慈惠法師。⟂S⟂還有慈惠法師和慈容法師、吳寶琴、楊慈滿等，以教幼稚園的所得，也全部奉獻出來補貼學院的開支。,https://books.masterhsingyun.org/ArticleDetail/artcle9012
rel_2cbe258bb4bc,ent_7288cfcb67b0,煮雲法師,Person,person_advocates_doctrine,人物倡导教义,ent_e41ec4fb61e4,念佛,PracticeActivity,directed,core_usable,stable_entity_graph,true,2,0,0,0,1,single_article,煮雲法師在鳳山提倡念佛，建「鳳山蓮社」；,https://books.masterhsingyun.org/ArticleDetail/artcle2207
rel_fa7b5c72da56,ent_7288cfcb67b0,煮雲法師,Person,person_founds_institution,人物创设机构,ent_753fd5b5b649,鳳山佛教蓮社,Institution,directed,core_usable,stable_entity_graph,true,1,0,0,0,1,single_article,一九五三年，煮雲法師創建鳳山佛教蓮社，我在宜蘭弘法，但他經常要我到高雄講經、成立青年會，協助他的法務等，我都照做。,https://books.masterhsingyun.org/ArticleDetail/artcle5640
rel_c0f4a58c4ded,ent_7288cfcb67b0,煮雲法師,Person,person_founds_institution_group,人物创设机构群体,ent_53966c93dcae,鳳山歌詠隊,Group,directed,core_usable,stable_entity_graph,true,2,0,0,0,1,single_article,煮雲法師在鳳山成立「鳳山歌詠隊」；,https://books.masterhsingyun.org/ArticleDetail/artcle24187
rel_36c90ba57dd3,ent_7288cfcb67b0,煮雲法師,Person,person_hosts_activity,人物主持活动,ent_2074071360a1,八關齋戒,PracticeActivity,directed,core_usable,stable_entity_graph,true,1,1,1,1,1,single_article,對於持戒，煮雲法師很熱心的傳授三皈五戒，參加三壇大戒，做尊證、教授阿闍黎、羯磨阿闍黎。⟂S⟂甚至於經常為信徒舉行八關齋戒，舉辦各種活動，像精進佛七、念佛會等。⟂S⟂一般人持戒，大部分都是從小節上著眼，而煮雲法師的持戒是從積極的上面去做，例如：以五戒來說，不殺生，就要放生。⟂S⟂經常可以看到煮法師在各地舉行放生，提倡放生。⟂S⟂其次是布施，他經常布施，賑濟窮困。⟂S⟂鼓勵家庭和諧，勸導世間人誠實。⟂S⟂尤其在煮雲法師的一生中，從來不打妄語、不說謊。⟂S⟂對於任何一個人的發財、富貴，得到的利益，都能隨喜讚歎，從來沒有說一句苛責批評的話。⟂S⟂我跟他一起到各處參訪弘法，大家對我的重視有時超越他，但是，他對我從來沒有心存不滿或嫉妒，我得到利益，他為我歡喜，沒有一點疑忌的心理。⟂S⟂煮法師持戒的嚴謹，在積極上，我們用持戒波羅蜜來讚美他，他把戒律轉化成道德、慈悲，與人為善、為樂，把戒條從日常生活中表現出來。⟂S⟂所以，我用持戒波羅蜜來形容他。,https://books.masterhsingyun.org/ArticleDetail/artcle24403
rel_f2b93f609df0,ent_7288cfcb67b0,煮雲法師,Person,person_performs_practice,人物实践修行,ent_4d8dbf44a614,布施,PracticeActivity,directed,core_usable,stable_entity_graph,true,1,1,1,1,1,single_article,對於持戒，煮雲法師很熱心的傳授三皈五戒，參加三壇大戒，做尊證、教授阿闍黎、羯磨阿闍黎。⟂S⟂甚至於經常為信徒舉行八關齋戒，舉辦各種活動，像精進佛七、念佛會等。⟂S⟂一般人持戒，大部分都是從小節上著眼，而煮雲法師的持戒是從積極的上面去做，例如：以五戒來說，不殺生，就要放生。⟂S⟂經常可以看到煮法師在各地舉行放生，提倡放生。⟂S⟂其次是布施，他經常布施，賑濟窮困。⟂S⟂鼓勵家庭和諧，勸導世間人誠實。⟂S⟂尤其在煮雲法師的一生中，從來不打妄語、不說謊。⟂S⟂對於任何一個人的發財、富貴，得到的利益，都能隨喜讚歎，從來沒有說一句苛責批評的話。⟂S⟂我跟他一起到各處參訪弘法，大家對我的重視有時超越他，但是，他對我從來沒有心存不滿或嫉妒，我得到利益，他為我歡喜，沒有一點疑忌的心理。⟂S⟂煮法師持戒的嚴謹，在積極上，我們用持戒波羅蜜來讚美他，他把戒律轉化成道德、慈悲，與人為善、為樂，把戒條從日常生活中表現出來。⟂S⟂所以，我用持戒波羅蜜來形容他。,https://books.masterhsingyun.org/ArticleDetail/artcle24403
rel_613784f8928c,ent_7288cfcb67b0,煮雲法師,Person,person_performs_practice,人物实践修行,ent_11ac08443dd8,持戒,PracticeActivity,directed,core_usable,stable_entity_graph,true,1,1,1,1,1,single_article,對於持戒，煮雲法師很熱心的傳授三皈五戒，參加三壇大戒，做尊證、教授阿闍黎、羯磨阿闍黎。⟂S⟂甚至於經常為信徒舉行八關齋戒，舉辦各種活動，像精進佛七、念佛會等。⟂S⟂一般人持戒，大部分都是從小節上著眼，而煮雲法師的持戒是從積極的上面去做，例如：以五戒來說，不殺生，就要放生。⟂S⟂經常可以看到煮法師在各地舉行放生，提倡放生。⟂S⟂其次是布施，他經常布施，賑濟窮困。⟂S⟂鼓勵家庭和諧，勸導世間人誠實。⟂S⟂尤其在煮雲法師的一生中，從來不打妄語、不說謊。⟂S⟂對於任何一個人的發財、富貴，得到的利益，都能隨喜讚歎，從來沒有說一句苛責批評的話。⟂S⟂我跟他一起到各處參訪弘法，大家對我的重視有時超越他，但是，他對我從來沒有心存不滿或嫉妒，我得到利益，他為我歡喜，沒有一點疑忌的心理。⟂S⟂煮法師持戒的嚴謹，在積極上，我們用持戒波羅蜜來讚美他，他把戒律轉化成道德、慈悲，與人為善、為樂，把戒條從日常生活中表現出來。⟂S⟂所以，我用持戒波羅蜜來形容他。,https://books.masterhsingyun.org/ArticleDetail/artcle24403
rel_888115d51d51,ent_7288cfcb67b0,煮雲法師,Person,person_promotes_practice,人物推广实践,ent_e41ec4fb61e4,念佛,PracticeActivity,directed,core_usable,stable_entity_graph,true,1,0,0,0,1,single_article,煮雲法師在鳳山提倡念佛，建「鳳山蓮社」；,https://books.masterhsingyun.org/ArticleDetail/artcle2207
rel_94e9cbcad822,ent_ddfaf8c706be,東初法師,Person,person_advocates_doctrine,人物倡导教义,ent_f878cc407561,僧裝改革,Concept,directed,core_usable,stable_entity_graph,true,1,0,0,0,1,single_article,後來就有東初法師在《海潮音月刊》著文提倡僧裝改良的建議。,https://books.masterhsingyun.org/ArticleDetail/artcle2318
rel_5948259558e4,ent_ddfaf8c706be,東初法師,Person,person_founds_institution,人物创设机构,ent_27dd11191d91,中国佛教会台湾办事处,Institution,directed,core_usable,stable_entity_graph,true,1,0,0,0,1,single_article,東初法師，將中國佛教會遷台，成立台灣辦事處，創辦《人生月刊》、《佛教文化季刊》，先後影印《大正大藏經》，致力於佛教文化事業之推廣，居功厥偉。,https://books.masterhsingyun.org/ArticleDetail/artcle1947
rel_301583fb2c0b,ent_ddfaf8c706be,東初法師,Person,person_founds_publication,人物创办出版物,ent_6cb9e618bac4,《人生》月刊,Classic,directed,core_usable,stable_entity_graph,true,1,0,0,0,1,single_article,（3）1949年，東初法師在台灣創辦《人生》月刊，這是大陸僧人在台灣創辦的第一份中文佛教刊物，也是受到太虛思想影響的佛教學人繼續宣傳太虛大師人生佛教思想的雜誌；,https://books.masterhsingyun.org/ArticleDetail/artcle24672
rel_34e292facf23,ent_ca1d98944c89,印順法師,Person,person_articulates_concept_or_doctrine,人物阐发概念或教义,ent_5ebb7ea1e87e,緣起性空,DoctrineTerm,directed,core_usable,stable_entity_graph,true,1,1,1,1,1,single_article,吉藏大師門下有慧遠、智凱、碩法師等人，皆為法匠。⟂S⟂碩法師門下的元康，曾在唐太宗時奉詔入長安講「三論」，著述頗多。⟂S⟂在唐代中葉以後，天台宗、唯識宗、禪宗盛行於世，三論宗便逐漸衰頹了。⟂S⟂在目前台灣佛教界，三論宗的學者，以印順法師最負盛名，他對中觀緣起性空思想有獨特的見解。⟂S⟂然而因為三論宗所強調諸法性空，義理高深，所以目前對三論研究深有心得，又能廣為闡揚的大德，就少見了。,https://books.masterhsingyun.org/ArticleDetail/artcle8385
rel_cd937c86562e,ent_ca1d98944c89,印順法師,Person,person_cites_classic,人物引用经典,ent_bdd4ba4add7f,阿含經,Classic,directed,core_usable,stable_entity_graph,true,1,0,0,0,1,single_article,在我認為，男女一樣可以成道，就如印順法師在《佛法概論》裡，引用《阿含經》佛陀說法：「四種姓者，皆悉平等，無有勝如差別之異。」,https://books.masterhsingyun.org/ArticleDetail/artcle1097
rel_576ad629f125,ent_ca1d98944c89,印順法師,Person,person_founds_institution,人物创设机构,ent_212bb3d0a97a,福嚴精舍,Institution,directed,core_usable,stable_entity_graph,true,1,0,0,0,1,single_article,1949年大陸僧侶陸續渡海到台灣弘法，例如，1952年有道源法師在基隆創建海會寺，南亭法師在台北創建華嚴蓮社，證蓮法師在新店創建竹林精舍，印順法師在新竹創建福嚴精舍；,https://books.masterhsingyun.org/ArticleDetail/artcle24118
rel_8873c2cff79f,ent_ca1d98944c89,印順法師,Person,person_founds_institution,人物创设机构,ent_f2ce41d186a2,新竹女子佛學院,Institution,directed,core_usable,stable_entity_graph,true,1,0,0,0,1,single_article,記得我在宜蘭的時候，有兩個青年想就讀佛學院，一個叫賴阿森，另一個名叫林秀桃，我叫他們去讀印順法師開創的、台灣唯一為女子設的「新竹女子佛學院」。,https://books.masterhsingyun.org/ArticleDetail/artcle6956
rel_4d6c54df9ec4,ent_52205d33c3e9,大醒法師,Person,person_founds_institution,人物创设机构,ent_68c67cfcfff7,台灣佛教講習會,Institution,directed,core_usable,stable_entity_graph,true,1,0,0,0,1,single_article,此後，1951年大醒法師在新竹青草湖靈隱寺創立台灣佛教講習會，為佛教教育持續注入新的動力。,https://books.masterhsingyun.org/ArticleDetail/artcle24230
rel_5ccb73937ab7,ent_a81da35b6e58,覺培法師,Person,person_founds_institution,人物创设机构,ent_a8503fbb207c,人間佛教讀書會,Institution,directed,core_usable,stable_entity_graph,true,1,0,0,0,1,single_article,其中，覺培法師成立的「人間佛教讀書會」，光在台灣，就有兩千多個分會，帶動了全民讀書的風氣。,https://books.masterhsingyun.org/ArticleDetail/artcle16098
rel_497dae69571b,ent_a81da35b6e58,覺培法師,Person,person_propagates_doctrine,人物传播教义,ent_a6b94c65c717,人間佛教,Concept,directed,core_usable,stable_entity_graph,true,1,0,0,0,1,single_article,覺培法師，到海南島參加「博鰲亞洲論壇」，也有好多所大陸的大學邀請他講演，推動人間佛教。,https://books.masterhsingyun.org/ArticleDetail/artcle10964
rel_6659bfcebc4c,ent_8742759d8a12,善導大師,Person,person_advocates_doctrine,人物倡导教义,ent_86900e4a696c,淨土,DoctrineTerm,directed,core_usable,stable_entity_graph,true,1,0,0,0,1,single_article,善導大師，俗姓朱，唐朝山東臨淄人，為淨土宗二祖。 ⟂S⟂ 他一生極力倡導淨土法門，所闡揚而確立的淨土教，特稱為「善導流」，為唐代佛教特色之一。,https://books.masterhsingyun.org/ArticleDetail/artcle11781
rel_e731cf2f94ec,ent_8742759d8a12,善導大師,Person,person_authors_work,人物创作或撰写作品,ent_1577ba6f71a2,勸世偈,Work,directed,core_usable,stable_entity_graph,true,2,2,2,2,2,multi_article,善導並作〈勸世偈〉流行於世，深切悲願勸導世人求生西方淨土：「漸漸雞皮鶴髮，看看行步龍鍾，假饒金玉滿堂，難免衰殘老病，任汝千般快樂，無常終是到來，唯有徑路修行，但念阿彌陀佛。」,https://books.masterhsingyun.org/ArticleDetail/artcle1999
rel_eb355f0b1af6,ent_8742759d8a12,善導大師,Person,person_performs_practice,人物实践修行,ent_7b0771914aef,方等,DoctrineTerm,directed,core_usable,stable_entity_graph,true,1,0,0,0,1,single_article,從此，善導大師對淨土法門更是深信不疑，且躬身實踐。 ⟂S⟂ 他三十餘年中未嘗睡眠，以般舟三昧為主要修行，方等禮佛，護持戒品，纖毫不犯。,https://books.masterhsingyun.org/ArticleDetail/artcle11781
rel_6b2da97bbe8f,ent_8742759d8a12,善導大師,Person,person_performs_practice,人物实践修行,ent_878ea185a076,念阿彌陀佛,PracticeActivity,directed,core_usable,stable_entity_graph,true,2,2,2,1,2,multi_article,善導大師虔念阿彌陀佛，後每念一句阿彌陀佛，就從口中射出一道光明，所以大家稱他為「光明和尚」。,https://books.masterhsingyun.org/ArticleDetail/artcle3452
rel_64596f010436,ent_8742759d8a12,善導大師,Person,person_promotes_practice,人物推广实践,ent_878ea185a076,念阿彌陀佛,PracticeActivity,directed,core_usable,stable_entity_graph,true,2,2,2,2,2,multi_article,善導大師並作「勸世偈」，深切悲願勸導世人求生西方淨土：「漸漸雞皮鶴髮，看看行步龍鍾，假饒金玉滿堂，豈免衰殘病苦，任汝千般快樂，無常終是到來，唯有徑路修行，但念阿彌陀佛。」,https://books.masterhsingyun.org/ArticleDetail/artcle11781
rel_9abd95deff08,ent_dcf71f33dbbb,聖嚴法師,Person,person_associated_with_place,人物关联地点,ent_b408c21441f1,美國,PlaceRealm,directed,core_usable,stable_entity_graph,true,1,0,0,0,1,single_article,因為這樣的關係，聖嚴法師才得以順利前往美國赴沈家楨之邀請。,https://books.masterhsingyun.org/ArticleDetail/artcle5318
rel_5b7939e99886,ent_dcf71f33dbbb,聖嚴法師,Person,person_founds_institution,人物创设机构,ent_766a05730d7e,中華佛學研究所,Institution,directed,core_usable,stable_entity_graph,true,1,0,0,0,1,single_article,農禪寺聖嚴法師在一九八五年創辦中華佛學研究所，並組織佛學研究、出版和學術會議。,https://books.masterhsingyun.org/ArticleDetail/artcle17792
rel_1a922eb640c6,ent_acd7833ac5d7,南亭法師,Person,person_founds_institution,人物创设机构,ent_1c0d1ec16ad4,華嚴蓮社,Institution,directed,core_usable,stable_entity_graph,true,1,0,0,0,1,single_article,1949年大陸僧侶陸續渡海到台灣弘法，例如，1952年有道源法師在基隆創建海會寺，南亭法師在台北創建華嚴蓮社，證蓮法師在新店創建竹林精舍，印順法師在新竹創建福嚴精舍；,https://books.masterhsingyun.org/ArticleDetail/artcle24118
rel_4cb4c792a0c3,ent_acd7833ac5d7,南亭法師,Person,person_interprets_classic,人物解释经典,ent_3220e2feb0fc,維摩詰經,Classic,directed,core_usable,stable_entity_graph,true,1,0,0,0,1,single_article,有一次，南亭法師連續講了四十天的《維摩詰經》，每天特別包車接送，將慈惠載往道場翻譯，講座前後還準備補品給他。,https://books.masterhsingyun.org/ArticleDetail/artcle7408
rel_bd48870da96e,ent_d7244a01d0ba,心平法師,Person,person_leads_institution,人物领导机构,ent_51d7657ca696,佛光山,Institution,directed,core_usable,stable_entity_graph,true,1,1,1,1,1,single_article,只為了本土化。⟂S⟂所以，佛光山在多年前，我把住持之位傳給心平法師繼承，心平法師是台灣人，這也是本土化的落實。,https://books.masterhsingyun.org/ArticleDetail/artcle3797
rel_cabd4dffd84c,ent_d7244a01d0ba,心平法師,Person,person_leads_institution,人物领导机构,ent_36a6e7830052,雷音寺,Institution,directed,core_usable,stable_entity_graph,true,1,1,1,1,1,single_article,師父在台弘法，已近三十年了，三十年來，過去每逢佛誕節，慣例師父都是到北部、宜蘭去主持。⟂S⟂去年師父把宜蘭雷音寺的住持，交給了心平法師，且心平法師也當選了宜蘭佛教支會的理事長，無形中師父負的擔子也就減輕了一些，所以在二個月前，師父就表示今年的佛誕節，要在高雄參加。⟂S⟂而我們做弟子的也把此事向信徒宣佈了。⟂S⟂佛誕節這天，是農曆四月八日，也是星期日，又碰上母親節，真是熱鬧非凡、喜氣洋溢。,https://books.masterhsingyun.org/ArticleDetail/artcle17399
rel_eaa851edfaed,ent_acd544163e49,覺誠法師,Person,person_advocates_doctrine,人物倡导教义,ent_a6b94c65c717,人間佛教,Concept,directed,core_usable,stable_entity_graph,true,1,0,0,0,1,single_article,覺誠法師回到馬來西亞後，繼續弘揚人間佛教。,https://books.masterhsingyun.org/ArticleDetail/artcle23672
rel_c95605ff73c7,ent_acd544163e49,覺誠法師,Person,person_founds_institution,人物创设机构,ent_c1c52852387f,如來之子,Institution,directed,core_usable,stable_entity_graph,true,1,0,0,0,1,single_article,過去巴西如來寺的住持覺誠法師，為了幫助這些兒童、青少年，於是在當地成立「如來之子」，提供低收入戶或貧困家庭的孩童到寺院讀書、學習中文，還有踢足球。,https://books.masterhsingyun.org/ArticleDetail/artcle2621
rel_518166ecb5a7,ent_9798eeb8f580,圓瑛法師,Person,person_founds_institution,人物创设机构,ent_37537e463afe,圓明楞嚴專宗學院,Institution,directed,core_usable,stable_entity_graph,true,1,0,0,0,1,single_article,後來圓瑛法師於一九三四年在上海創辦「圓明講堂」，並於一九四二年成立「圓明楞嚴專宗學院」，他自任院長，並親自主講《楞嚴經》，我的同學煮雲法師就曾前往就讀，可是當時我比較傾向於太虛大師，對這許多長老，那個時候難免沒有分別。,https://books.masterhsingyun.org/ArticleDetail/artcle5643
rel_04e9cbe635e6,ent_9798eeb8f580,圓瑛法師,Person,person_interprets_classic,人物解释经典,ent_dda32765796c,楞嚴經,Classic,directed,core_usable,stable_entity_graph,true,2,1,1,1,2,single_article,說到這裡，我又想起一則佛門的掌故：民國初年（一九一三），圓瑛法師在北平天壇講解《楞嚴經》，天天講「三界唯心，萬法唯識」，每天講說二小時，而每講完一小時便休息十分鐘，休息時大家可以自由發問。,https://books.masterhsingyun.org/ArticleDetail/artcle3406
rel_f5ab6ca292fc,ent_241715883e8c,悟一法師,Person,person_founds_institution,人物创设机构,ent_aef52ab97cb0,智光商工,Institution,directed,core_usable,stable_entity_graph,true,1,0,0,0,1,single_article,還有最早與南亭、悟一法師創辦的智光商職，以及後來的均頭中小學、均一中小學等，就不一一去說了。,https://books.masterhsingyun.org/ArticleDetail/artcle16098
rel_485b0bb7e404,ent_9f3e8f9ed1df,蕅益大師,Person,person_performs_practice,人物实践修行,ent_39be9be3e203,法門,DoctrineTerm,directed,core_usable,stable_entity_graph,true,1,0,0,0,1,single_article,明代的蕅益大師終身奉行地藏法門；,https://books.masterhsingyun.org/ArticleDetail/artcle2481
rel_455c5612a8cd,ent_9f3e8f9ed1df,蕅益大師,Person,person_performs_practice,人物实践修行,ent_fa5ca6435945,地藏法門,PracticeActivity,directed,core_usable,stable_entity_graph,true,1,0,0,0,1,single_article,明代的蕅益大師終身奉行地藏法門；,https://books.masterhsingyun.org/ArticleDetail/artcle2481
rel_16640b7a8a74,ent_a7b01c127b9c,演培法師,Person,person_founds_institution,人物创设机构,ent_e2b515a02170,四川合江法王學院,Institution,directed,core_usable,stable_entity_graph,true,1,0,0,0,1,single_article,一九四一年，演培法師創辦「四川合江法王學院」，禮聘印順為導師，此後，學僧們即以「導師」尊稱之。,https://books.masterhsingyun.org/ArticleDetail/artcle2565
rel_3229fed0b90f,ent_a7b01c127b9c,演培法師,Person,person_interprets_classic,人物解释经典,ent_45e7c3f3e424,般若心經,Classic,directed,core_usable,stable_entity_graph,true,1,0,0,0,1,single_article,演培法師正在這裡講解《心經》，新加坡法施林松年法師也來到此地。,https://books.masterhsingyun.org/ArticleDetail/artcle1906
rel_76ce5d51891d,ent_8a35cbf16c9a,永光法師,Person,person_founds_institution,人物创设机构,ent_9187a2f6874a,馬尼拉禪淨中心,Institution,directed,core_usable,stable_entity_graph,true,1,0,0,0,1,single_article,從此，永光法師借住信徒位於王彬中國城阿蘭格市場旁五層樓的房子，就這樣成立了「馬尼拉禪淨中心」。,https://books.masterhsingyun.org/ArticleDetail/artcle24204
rel_bfcf85c2552d,ent_65b4e0751dc6,妙士法師,Person,person_associated_with_place,人物关联地点,ent_843b8050d4ad,台灣,PlaceRealm,directed,core_usable,stable_entity_graph,true,1,0,0,0,1,single_article,妙士法師是湖南衡陽人，在台灣出生，我送他到美國讀書，念完書回來後，因為是湖南人，就讓他到中國大陸服務。,https://books.masterhsingyun.org/ArticleDetail/artcle16373
rel_3f2fd5e06f69,ent_8d37d219ddbf,聖印法師,Person,person_founds_institution,人物创设机构,ent_2118ce2bd0f2,慈明寺,Institution,directed,core_usable,stable_entity_graph,true,1,0,0,0,1,single_article,聖印法師也到紐西蘭創建了一座更有規模的寺院，也取名叫「慈明寺」。,https://books.masterhsingyun.org/ArticleDetail/artcle5688
rel_984005a838a9,ent_06dbb38e8b15,廣餘法師,Person,person_leads_institution,人物领导机构,ent_76b65d8b4344,鶴鳴寺,Institution,directed,core_usable,stable_entity_graph,true,1,0,0,0,1,single_article,直到一九七四年慈宗法師因健康關係辭去住持職，並由檳城修靜法師接管主持，然因他水土不合影響健康離職，就由廣餘法師住持鶴鳴寺。,https://books.masterhsingyun.org/ArticleDetail/artcle18969
rel_fdc11c6c761a,ent_b8a610121d69,廣慈法師,Person,person_founds_publication,人物创办出版物,ent_12935a60d0f3,今日佛教月刊,Classic,directed,core_usable,stable_entity_graph,true,1,0,0,0,1,single_article,《今日佛教》月刊，原為廣慈法師所創辦，中經改組由社務委員會負責出刊，後於四十九年（一九六○）十一月，社委會復公議交由星雲接辦。,https://books.masterhsingyun.org/ArticleDetail/artcle24418
rel_793b9491ded6,ent_b8a610121d69,廣慈法師,Person,person_teaches_doctrine,人物讲授教义,ent_7f8012d8b083,海潮音,Concept,directed,core_usable,stable_entity_graph,true,1,0,0,0,1,single_article,前次廣慈法師來宜蘭教授海潮音的梵腔。,https://books.masterhsingyun.org/ArticleDetail/artcle24359
rel_1b4d592c9c58,ent_84b088c244da,圓湛法師,Person,person_founds_institution,人物创设机构,ent_0567b9915980,三亞南山寺,Institution,directed,core_usable,stable_entity_graph,true,1,0,0,0,1,single_article,一九九五年，圓湛法師在海南島三亞創建南山寺，這是解放以後大陸興建規模最大的一座佛教寺廟。,https://books.masterhsingyun.org/ArticleDetail/artcle5639
rel_86db785e1c9c,ent_3588b7234f82,永明大師,Person,person_advocates_doctrine,人物倡导教义,ent_dd9009d7b1c1,禪淨共修,PracticeActivity,directed,core_usable,stable_entity_graph,true,1,0,0,0,1,single_article,宋永明大師提倡「禪淨共修」的風氣，尤其《宗鏡錄》調和禪教學律的貢獻，排除當時禪宗唯尚坐禪，而以義學為「著相」的偏見。,https://books.masterhsingyun.org/ArticleDetail/artcle674
rel_1a4d966d6f0a,ent_e904e0016480,印海法師,Person,person_leads_institution,人物领导机构,ent_212bb3d0a97a,福嚴精舍,Institution,directed,core_usable,stable_entity_graph,true,1,0,0,0,1,single_article,印海法師用功很勤，曾經受印順長老的賞識，擔任過福嚴精舍的住持，虛心自學，雖然和我一樣沒有讀過正規的學校，但由於用功不懈，譯作也很多，如《中印禪宗史》、《中國佛教史論》、《中國淨土教理史》、《華嚴學》、《佛教唯識論概論》、《律宗概論》、《佛學思想論譯叢》等二十多種。,https://books.masterhsingyun.org/ArticleDetail/artcle9977
rel_011fb9164dbf,ent_51ac746ee18f,道源法師,Person,person_founds_institution,人物创设机构,ent_a3966254e67e,海會寺,Institution,directed,core_usable,stable_entity_graph,true,1,0,0,0,1,single_article,1949年大陸僧侶陸續渡海到台灣弘法，例如，1952年有道源法師在基隆創建海會寺，南亭法師在台北創建華嚴蓮社，證蓮法師在新店創建竹林精舍，印順法師在新竹創建福嚴精舍；,https://books.masterhsingyun.org/ArticleDetail/artcle24118
rel_9f7ddfe6ca72,ent_51ac746ee18f,道源法師,Person,person_interprets_classic,人物解释经典,ent_719d3ea810c6,大乘起信論,Classic,directed,core_usable,stable_entity_graph,true,1,0,0,0,1,single_article,道源法師講了一個月的《大乘起信論》，我記了十多本的筆記，每天將聽講的內容記下來，另外又蒐集了許多參考資料，每天洋洋灑灑一、二萬言。,https://books.masterhsingyun.org/ArticleDetail/artcle2495
rel_0a12b7b2f9c7,ent_ab8bc41ab1d8,證嚴法師,Person,person_founds_institution,人物创设机构,ent_36c4acf32dbc,慈濟功德會,Institution,directed,core_usable,stable_entity_graph,true,4,0,0,0,1,single_article,證嚴法師創立慈濟功德會；,https://books.masterhsingyun.org/ArticleDetail/artcle1545
rel_ca141627e0c1,ent_ab8bc41ab1d8,證嚴法師,Person,person_leads_institution,人物领导机构,ent_36c4acf32dbc,慈濟功德會,Institution,directed,core_usable,stable_entity_graph,true,4,0,0,0,1,single_article,一談到台灣的佛教慈善事業，人們往往想到證嚴法師領導的慈濟功德會，其實佛光山自開山以來一直耕耘慈善。,https://books.masterhsingyun.org/ArticleDetail/artcle15328
rel_db7eff61b2ff,ent_94acec3a9151,如學法師,Person,person_founds_institution,人物创设机构,ent_6bac2edadf46,法光寺,Institution,directed,core_usable,stable_entity_graph,true,1,0,0,0,1,single_article,不過，後來如學法師在美國洛杉磯創建了法光寺，其弟子禪光法師擔任住持，和佛光山西來寺時有互動，輪流舉辦佛誕慶典、供僧法會等，信徒彼此也都相互往來。,https://books.masterhsingyun.org/ArticleDetail/artcle5689
rel_051dff9801a9,ent_5804ba30a5b3,慧律法師,Person,person_founds_institution,人物创设机构,ent_cae5e067ab2b,文殊講堂,Institution,directed,core_usable,stable_entity_graph,true,2,0,0,0,1,single_article,文殊講堂為慧律法師所創建，慧律法師是佛教的青年才俊，其演講曾風靡全台灣。,https://books.masterhsingyun.org/ArticleDetail/artcle7858
rel_0a1624925404,ent_b0ea160c1efd,永融法師,Person,person_leads_institution,人物领导机构,ent_480d2bcf1b5e,台北道場,Institution,directed,core_usable,stable_entity_graph,true,1,1,1,1,1,single_article,傳燈會永融法師曾做過台北道場的住持，知道臘八粥是中國的優良傳統，而且對弘法度眾有很大的影響力，所以舉辦了這次「臘八粥評鑑會」。,https://books.masterhsingyun.org/ArticleDetail/artcle10909
rel_03555d8e3cb5,ent_79b7bd9d628b,廣元法師,Person,person_same_as_person,人物同一指称,ent_3872981a79f5,宋元如,Person,directed,core_usable,stable_entity_graph,true,1,0,0,0,1,single_article,廣元法師就是宋元如，他是安徽人，出生於一九二八年，到台灣的時候，他還是一位警官。,https://books.masterhsingyun.org/ArticleDetail/artcle7447
rel_e6cc7aa84886,ent_09fd4d09a82f,智光法師,Person,person_founds_institution,人物创设机构,ent_57ed8be8fab6,焦山佛學院,Institution,directed,core_usable,stable_entity_graph,true,1,0,0,0,1,single_article,一九三四年智光法師擔任住持時，始創辦焦山佛學院，培養僧才。,https://books.masterhsingyun.org/ArticleDetail/artcle2208
rel_0481d484fc8f,ent_fae578732582,曉雲法師,Person,person_founds_institution,人物创设机构,ent_8e91401511ca,華梵佛學研究所,Institution,directed,core_usable,stable_entity_graph,true,1,0,0,0,1,single_article,曉雲法師在一九七八年建立華梵佛學研究所，又於一九八六年創建華梵大學。,https://books.masterhsingyun.org/ArticleDetail/artcle17792
rel_804d66d238b5,ent_fae578732582,曉雲法師,Person,person_founds_institution,人物创设机构,ent_ac781702dd64,華梵大學,Institution,directed,core_usable,stable_entity_graph,true,4,0,0,0,1,single_article,曉雲法師創辦華梵大學；,https://books.masterhsingyun.org/ArticleDetail/artcle1545
rel_99724e07d195,ent_fae578732582,曉雲法師,Person,person_founds_institution,人物创设机构,ent_87a51bab9940,華梵工學院,Institution,directed,core_usable,stable_entity_graph,true,1,0,0,0,1,single_article,（大眾鼓掌）文章的後面是這樣寫的：除了佛光山的這許多比丘尼以外，當然其他的比丘尼對佛教的貢獻也很多，不過我對他們不是太了解，如曉雲法師創辦華梵工學院（今華梵大學）、證嚴法師創辦慈濟功德會、香光寺悟因法師創辦文化團隊……佛教裡還有好多的比丘尼也有成就，不過我也沒有辦法一一去了解他們，只能對他們表示一種讚美。,https://books.masterhsingyun.org/ArticleDetail/artcle16154
rel_65f0d9a7dd61,ent_beb2949480b1,覺元法師,Person,person_founds_institution,人物创设机构,ent_acdd9e018bf5,人間大學,Institution,directed,core_usable,stable_entity_graph,true,1,1,1,1,1,single_article,在完成階段性任務後，於二○○八年九月調任首善之都台北，任職佛光山台北道場住持，台北道場是個多功能的弘法大樓，有人間衛視、人間福報、國際佛光會、人間佛教讀書會等十六個弘法事業單位。⟂S⟂他將台北道場弘法的能量大力展開，成立人間大學，推動近一百種社教課程；⟂S⟂邀請名家推出「生耕致富」系列講座；⟂S⟂每年持續舉辦醫學、環保、文化、教育論壇；⟂S⟂並結合各鄰里長舉辦臘八粥敦親睦鄰，接連六年的區里長接心懇談會之後，在二○一六年三月，舉辦「春之旅區里長聯誼交流」活動，正式將台北市六個區二二七里的里長帶回佛光山禮佛參訪。⟂S⟂每年來寺人次突破四十萬人次，台北道場儼然成為大台北地區的佛教文化中心。,https://books.masterhsingyun.org/ArticleDetail/artcle23723
rel_a9e24e48871e,ent_beb2949480b1,覺元法師,Person,person_hosts_activity,人物主持活动,ent_2471e157cb5b,臘八粥敦親睦鄰活動,PracticeActivity,directed,core_usable,stable_entity_graph,true,1,1,1,1,1,single_article,在完成階段性任務後，於二○○八年九月調任首善之都台北，任職佛光山台北道場住持，台北道場是個多功能的弘法大樓，有人間衛視、人間福報、國際佛光會、人間佛教讀書會等十六個弘法事業單位。⟂S⟂他將台北道場弘法的能量大力展開，成立人間大學，推動近一百種社教課程；⟂S⟂邀請名家推出「生耕致富」系列講座；⟂S⟂每年持續舉辦醫學、環保、文化、教育論壇；⟂S⟂並結合各鄰里長舉辦臘八粥敦親睦鄰，接連六年的區里長接心懇談會之後，在二○一六年三月，舉辦「春之旅區里長聯誼交流」活動，正式將台北市六個區二二七里的里長帶回佛光山禮佛參訪。⟂S⟂每年來寺人次突破四十萬人次，台北道場儼然成為大台北地區的佛教文化中心。,https://books.masterhsingyun.org/ArticleDetail/artcle23723
rel_d7ac23bd1e13,ent_beb2949480b1,覺元法師,Person,person_leads_institution,人物领导机构,ent_480d2bcf1b5e,台北道場,Institution,directed,core_usable,stable_entity_graph,true,1,1,1,1,1,single_article,在完成階段性任務後，於二○○八年九月調任首善之都台北，任職佛光山台北道場住持，台北道場是個多功能的弘法大樓，有人間衛視、人間福報、國際佛光會、人間佛教讀書會等十六個弘法事業單位。⟂S⟂他將台北道場弘法的能量大力展開，成立人間大學，推動近一百種社教課程；⟂S⟂邀請名家推出「生耕致富」系列講座；⟂S⟂每年持續舉辦醫學、環保、文化、教育論壇；⟂S⟂並結合各鄰里長舉辦臘八粥敦親睦鄰，接連六年的區里長接心懇談會之後，在二○一六年三月，舉辦「春之旅區里長聯誼交流」活動，正式將台北市六個區二二七里的里長帶回佛光山禮佛參訪。⟂S⟂每年來寺人次突破四十萬人次，台北道場儼然成為大台北地區的佛教文化中心。,https://books.masterhsingyun.org/ArticleDetail/artcle23723
rel_47bef159138d,ent_6ffa1bb22081,天下文化,Institution,institution_operates_publication,机构运营出版物,ent_c6363fc939e9,我們生命裡的七七,Classic,directed,core_usable,stable_entity_graph,true,2,0,0,0,1,single_article,天下文化出版了《我們生命裡的七七》（張作錦、王力行主編）。,https://books.masterhsingyun.org/ArticleDetail/artcle17243
rel_bbff3d8fe611,ent_5ac1b41269b7,遠見‧天下文化事業群,Institution,institution_propagates_doctrine,机构传播教义,ent_c5a84cf471ed,觀念,Concept,directed,core_usable,stable_entity_graph,true,1,0,0,0,1,single_article,遠見．天下文化事業群在華人世界推廣進步觀念，自一九九四年以來，出版三十一本佛光山開山星雲大師著作，如《傳燈》、《貧僧有話要說》、《我不是「呷教」的和尚》、《星雲之道》、《星雲學說與實踐》、《慈悲思路．兩岸出路》等。,https://books.masterhsingyun.org/ArticleDetail/artcle19854
rel_b6387bc94111,ent_3a156b0b9b7b,大覺寺,Institution,institution_propagates_doctrine,机构传播教义,ent_a6b94c65c717,人間佛教,Concept,directed,core_usable,stable_entity_graph,true,2,0,0,0,1,single_article,如今他所領導的宜興大覺寺已經名滿天下，不僅成為中國大陸地區弘揚人間佛教的一區新興名寺，也成為推動海峽兩岸民間社會文化交流的模範之地。,https://books.masterhsingyun.org/ArticleDetail/artcle24667
rel_42bd0132e5b2,ent_40bbfde3f6f6,人間福報,Institution,institution_propagates_doctrine,机构传播教义,ent_a6b94c65c717,人間佛教,Concept,directed,core_usable,stable_entity_graph,true,1,0,0,0,1,single_article,此外，這些年來《人間福報》與海外華報合作，海外版發行到全球四大洲、十九個國家地區，傳播人間佛教，服務海外華人，悄然無聲地逐日實踐大師表揚清淨人性的心願。,https://books.masterhsingyun.org/ArticleDetail/artcle24107
rel_13e920bff6f4,ent_40bbfde3f6f6,人間福報,Institution,institution_propagates_doctrine,机构传播教义,ent_b2fed7536a6c,人間佛教思想,Concept,directed,core_usable,stable_entity_graph,true,1,0,0,0,1,single_article,其實，為了辦這份報紙，我等了五十年，這之間我不斷努力，就希望為佛教辦一份社會大眾共同閱讀的報紙，就有了對外發言和文宣的平台，《人間福報》不只是傳播人間佛教思想，也提升佛教的形象和保護佛教，這對佛教的發展和傳播是很重要的。,https://books.masterhsingyun.org/ArticleDetail/artcle23749
rel_b91d2ab33e25,ent_7e4e8a02106a,佛光出版社,Institution,institution_operates_publication,机构运营出版物,ent_b1ae094d2be2,百喻經圖畫書,Classic,directed,core_usable,stable_entity_graph,true,1,1,1,1,1,single_article,佛光出版社非常重視兒童的讀物，出版一系列的《童話書》、《童話畫》、《百喻經圖畫書》、《漫畫心經》、《佛教故事大全》、《新編佛教童話集》、《畫說十大弟子》等，尤其是一百本的《佛教高僧漫畫》，獲得行政院新聞局金鼎獎之「漫畫類優良圖書」。,https://books.masterhsingyun.org/ArticleDetail/artcle15320
rel_155b732278ab,ent_7e4e8a02106a,佛光出版社,Institution,institution_operates_publication,机构运营出版物,ent_6c410c0cbce5,中英佛學辭典,Classic,directed,core_usable,stable_entity_graph,true,2,0,0,0,1,single_article,一九六二年，佛光出版社出版《中英佛學辭典》；,https://books.masterhsingyun.org/ArticleDetail/artcle9847
rel_ed21042e717f,ent_7e4e8a02106a,佛光出版社,Institution,institution_operates_publication,机构运营出版物,ent_2ca502446055,佛學研究論文集,Classic,directed,core_usable,stable_entity_graph,true,1,0,0,0,1,single_article,佛光出版社一九七六年起出版《佛學研究論文集》共三十二冊。,https://books.masterhsingyun.org/ArticleDetail/artcle15614
rel_3df3093a6066,ent_7e4e8a02106a,佛光出版社,Institution,institution_operates_publication,机构运营出版物,ent_3d52ffafb0cf,心甘情願,Classic,directed,core_usable,stable_entity_graph,true,1,0,0,0,1,single_article,其中，佛光出版社精選多篇文章，於一九九三年九月出版《心甘情願》；,https://books.masterhsingyun.org/ArticleDetail/artcle5648
rel_2bd0677e60a8,ent_bdfbbfc2f456,佛光衛視,Institution,institution_renamed_to,机构更名为,ent_cdf4b06f6ca6,人間衛視,Institution,directed,core_usable,stable_entity_graph,true,2,1,1,1,2,single_article,大師一生尤其致力於三寶節的推動（四月八日佛誕節、七月十五日僧寶節、十二月八日法寶節），並且舉辦世界佛學會考，鼓勵讀書，打造書香社會。⟂S⟂他創辦佛光衛視（今人間衛視）、發行《人間福報》；,https://books.masterhsingyun.org/ArticleDetail/artcle15674
rel_54d7c9cf834b,ent_1e90e2710552,佛光四句偈,PracticeActivity,practice_has_component,实践包含组成环节,ent_e148ca0687f4,佛法,DoctrineTerm,directed,core_usable,stable_entity_graph,true,1,0,0,0,1,single_article,〈佛光四句偈〉內容包含所有佛法，是合乎菩薩道的修持法，是故大師強調這是佛光人不可缺少的修行。,https://books.masterhsingyun.org/ArticleDetail/artcle24274
rel_12e5f9376613,ent_1e90e2710552,佛光四句偈,PracticeActivity,practice_has_component,实践包含组成环节,ent_204dc8c4207b,六波羅蜜,DoctrineTerm,directed,core_usable,stable_entity_graph,true,1,1,1,1,1,single_article,《佛光四句偈》展現菩薩道的修持內涵，涵攝六波羅蜜，為學佛者在日常生活中提供實踐佛法的指南，達到利己利他的效果。⟂S⟂這四句偈對個人淨化具有深遠影響：透過慈悲喜捨，心量得以擴展，內心更加清明；⟂S⟂惜福結緣提升福德，廣結善緣；⟂S⟂禪淨戒行與平等忍耐，深化修持的內涵；⟂S⟂慚愧感恩與大願心提升品格，促使身心和諧清淨。⟂S⟂若能信受奉行此偈，便能於自覺中成就佛道，圓滿人生的智慧與慈悲。,https://books.masterhsingyun.org/ArticleDetail/artcle24097
rel_2545d8e43be6,ent_1e90e2710552,佛光四句偈,PracticeActivity,practice_promoted_to_group,實踐向群體推廣,ent_01b985f7bc8c,佛光人,Group,directed,core_usable,stable_entity_graph,true,1,1,1,1,1,single_article,佛光會成立之初，他就訂下〈佛光四句偈〉，作為全球佛光人奉行的準則。⟂S⟂其中「慈悲喜捨遍法界」便是期許大家開展自己的心胸，效法觀世音菩薩大慈大悲的精神，將慈悲喜捨普利一切有情。,https://books.masterhsingyun.org/ArticleDetail/artcle19602
rel_5b38bd3dbef8,ent_fbc6e05ae244,五蘊皆空,DoctrineTerm,doctrinal_entails,义理论证推出,ent_8af9d29d58e3,解脫,DoctrineTerm,directed,core_usable,stable_entity_graph,true,1,1,1,1,1,single_article,但是，一般人都害怕生病，所謂「英雄只怕病來磨」，佛教講「修行人要帶三分病」，有時身體上有小小的病痛，反而能增長道心，成為學佛的增上緣，重要的是心理要健康。⟂S⟂所以當病苦來時，要能正見身體是四大五蘊和合而有，能夠如《般若心經》所說：「照見五蘊皆空」，自能度一切苦厄，自能不驚不怖，自能遠離顛倒夢想，自能解脫自在。,https://books.masterhsingyun.org/ArticleDetail/artcle14635
rel_80ab86b01082,ent_655d8b1fda76,性空,DoctrineTerm,concept_defined_as,概念定义为,ent_7819a06de839,緣起,DoctrineTerm,directed,core_usable,stable_entity_graph,true,3,0,0,0,1,single_article,龍樹菩薩從緣起和合的現象中，直指「緣起」與「性空」不是對立的，「緣起就是性空，性空就是緣起；,https://books.masterhsingyun.org/ArticleDetail/artcle6835
rel_9197bed1f4c8,ent_655d8b1fda76,性空,DoctrineTerm,doctrinal_entails,义理论证推出,ent_7819a06de839,緣起,DoctrineTerm,directed,core_usable,stable_entity_graph,true,10,7,8,5,10,multi_article,因為「緣起」，才能顯示「性空」，因為「性空」，所以能夠「緣起」。,https://books.masterhsingyun.org/ArticleDetail/artcle15648
rel_a63b09f394d0,ent_08bedbb7dcb1,空性,DoctrineTerm,concept_defined_as,概念定义为,ent_68e8479a7e97,無自性,DoctrineTerm,directed,core_usable,stable_entity_graph,true,2,2,2,2,2,multi_article,（四）空性：所謂「空性」，並非指存在的東西忽然變得不存在了，而是指一切事物的存在是無自性的，沒有不變不滅的實體，所以空性才是實相。,https://books.masterhsingyun.org/ArticleDetail/artcle1836
rel_252943b89b17,ent_08bedbb7dcb1,空性,DoctrineTerm,concept_defined_as,概念定义为,ent_7819a06de839,緣起,DoctrineTerm,directed,core_usable,stable_entity_graph,true,1,0,0,0,1,single_article,緣起是無自性，無自性所以是空，所以說，緣起與空性不是對立的，緣起就是空性，空性就是緣起。,https://books.masterhsingyun.org/ArticleDetail/artcle6835
rel_8e30cd1233de,ent_5ebb7ea1e87e,緣起性空,DoctrineTerm,doctrinal_entails,义理论证推出,ent_259eb7544339,真俗不二,Concept,directed,core_usable,stable_entity_graph,true,1,1,1,1,1,single_article,佛性人人本具，佛性是不生不滅的永恆存在；⟂S⟂相對的，世間一切都是因緣所生法，隨著緣生緣滅而示現「苦空無常」，因此我們在面對現實的人間生活時，要有「緣起中道」的智慧；⟂S⟂能夠了悟「緣起性空」的諸法實相，從而建立「空有一如」、「真俗不二」的中道思想觀，並且落實在日常生活中，透過「自覺行佛」的實踐，最後才能「轉識成智」，才能圓滿生命。,https://books.masterhsingyun.org/ArticleDetail/artcle15644
rel_1f7f012dc535,ent_baa0a6afc97b,空無自性,DoctrineTerm,doctrinal_entails,义理论证推出,ent_058b5793fa49,諸法無我,DoctrineTerm,directed,core_usable,stable_entity_graph,true,1,1,1,1,1,single_article,2.諸法無我：「我」是主宰和實體的意思，能夠稱「我」的，必須具有恆常的、自存的、主宰的、自在的。⟂S⟂但是，世間一切有為法、無為法，並無獨立的、不變的實體或主宰者。⟂S⟂譬如，一般人執著為「我」的身體，是依煩惱業緣、五蘊諸法所成，是虛幻不實的，如梁柱瓦椽和合而有房舍，離開梁柱瓦椽則別無房舍，因此「我」只是假名而已，並無實體。⟂S⟂再如世間一切事事物物，也是依靠種種條件因緣所生成，沒有本來固有的獨立本性，也就是空無自性，因此說「諸法無我」。,https://books.masterhsingyun.org/ArticleDetail/artcle15091
rel_d42ded83e5ad,ent_2f6d98148d0e,空相,DoctrineTerm,concept_defined_as,概念定义为,ent_f7e49f4ae092,實相,DoctrineTerm,directed,core_usable,stable_entity_graph,true,1,0,0,0,1,single_article,空相就是實相，相要空才是實相。,https://books.masterhsingyun.org/ArticleDetail/artcle1007
rel_857d335363bb,ent_4c2e07dc7b93,佛光禪師,Person,person_leads_institution,人物领导机构,ent_90abe3aeedc4,傳燈寺,Institution,directed,core_usable,stable_entity_graph,true,1,0,0,0,1,single_article,佛光禪師住持傳燈寺時，跟隨他學禪的徒眾很多。,https://books.masterhsingyun.org/ArticleDetail/artcle6042
rel_45a766a9c7b9,ent_33ef338f3786,觀音信仰,DoctrineTerm,concept_has_subconcept,概念包含下位概念,ent_37673e1464e9,信心,DoctrineTerm,directed,core_usable,stable_entity_graph,true,1,0,0,0,1,single_article,1.要增加觀音信仰︰觀音信仰是任何宗教可行，觀音信仰包含了慈悲、信心、力量，並能安身立命，因此要增加觀音信仰。,https://books.masterhsingyun.org/ArticleDetail/artcle2063
rel_d8b14b0ecc99,ent_33ef338f3786,觀音信仰,DoctrineTerm,concept_has_subconcept,概念包含下位概念,ent_cf26f7ad8f86,慈悲,DoctrineTerm,directed,core_usable,stable_entity_graph,true,1,0,0,0,1,single_article,1.要增加觀音信仰︰觀音信仰是任何宗教可行，觀音信仰包含了慈悲、信心、力量，並能安身立命，因此要增加觀音信仰。,https://books.masterhsingyun.org/ArticleDetail/artcle2063
rel_dcbb28d9675a,ent_a52d21c1f296,佛光書局,Institution,institution_participates_in_activity,机构参与活动,ent_2e108a8a4fd9,現代社會人生系列講座,PracticeActivity,directed,core_usable,stable_entity_graph,true,1,0,0,0,1,single_article,由高雄中正文化中心、高雄佛光書局主辦，中油高雄煉油總廠禪坐社、中船高雄總廠真諦社、中國鋼鐵公司禪坐社協辦的「現代社會人生系列講座」邀請我前往會場致辭。,https://books.masterhsingyun.org/ArticleDetail/artcle8048
rel_f3d31b32c86b,ent_791196640911,六祖壇經,Classic,classic_records_person,经典记载人物,ent_f9ee2a341883,六祖惠能,Person,directed,core_usable,stable_entity_graph,true,1,1,1,1,1,single_article,敦煌本《壇經》中，提到惠能晚年有十大弟子，即：法海、志誠、法達、智常、智通、志徹、志道、法珍、法如以及神會。⟂S⟂這十大弟子主要的貢獻是結集編纂《壇經》，把惠能的事蹟行誼傳揚下來，尤其神會舉辦滑臺無遮大會，建立南宗頓教世系地位。,https://books.masterhsingyun.org/ArticleDetail/artcle43
rel_9e14b9db47c2,ent_791196640911,六祖壇經,Classic,classic_states_or_mentions_doctrine,经典陈述或提及教义,ent_56efbd40301e,見性,DoctrineTerm,directed,core_usable,stable_entity_graph,true,2,0,0,0,1,single_article,在中國佛學思想史上，《壇經》確有承先啟後的力量，不但思想家應研究，更是想找回「自性般若」，實現「見性成佛」的禪宗行者，不可不讀的寶典。,https://books.masterhsingyun.org/ArticleDetail/artcle6650
rel_c1ae2a7220c3,ent_b2fed7536a6c,人間佛教思想,Concept,concept_has_subconcept,概念包含下位概念,ent_b9466da1d262,佛教,DoctrineTerm,directed,core_usable,stable_entity_graph,true,1,0,0,0,1,single_article,強調融和，是星雲大師人間佛教思想的突出特點。 ⟂S⟂ 其融和的內容，包括古今中外所有佛學、佛教各宗各派、傳統與現代、出家與在家、佛教與世學、佛教與其他宗教，不同民族、不同信仰、不同國家，事與理、自與他、生活與佛法、入世與出世，乃至「法界圓融」。,https://books.masterhsingyun.org/ArticleDetail/artcle17984
rel_2377a5f4e218,ent_b2fed7536a6c,人間佛教思想,Concept,doctrine_based_on_classic,教义依据经典,ent_6b3ad45ee630,華嚴經,Classic,directed,core_usable,stable_entity_graph,true,1,1,1,1,1,single_article,人間佛教理念來自於佛光山對佛陀一脈相承教法的深刻體證。⟂S⟂星雲大師非常注重從藏經佛典裡披尋人間佛教的經典依據，在《佛教叢書（十）人間佛教》中，收錄有經論及祖師大德法語近百則，為人間佛教的傳承提供經證。⟂S⟂從《華嚴經》和「心、佛、眾生，三無差別」的生佛不二思想和「但願眾生得離苦，不為自己求安樂」的菩薩行，追溯人間佛教思想的基礎；⟂S⟂以《維摩詰經》「心淨國土淨」的思想為據，建構出人間佛教的生活藍圖。⟂S⟂此外，還廣泛拈舉《阿含經》、《大寶積經》、《善生經》、《佛遺教經》、《佛說孛經抄》、《優婆塞戒經》等諸經，作為人間佛教的實踐依據。,https://books.masterhsingyun.org/ArticleDetail/artcle17788
rel_a99f242062fe,ent_b2fed7536a6c,人間佛教思想,Concept,doctrine_based_on_classic,教义依据经典,ent_3220e2feb0fc,維摩詰經,Classic,directed,core_usable,stable_entity_graph,true,1,1,1,1,1,single_article,人間佛教理念來自於佛光山對佛陀一脈相承教法的深刻體證。⟂S⟂星雲大師非常注重從藏經佛典裡披尋人間佛教的經典依據，在《佛教叢書（十）人間佛教》中，收錄有經論及祖師大德法語近百則，為人間佛教的傳承提供經證。⟂S⟂從《華嚴經》和「心、佛、眾生，三無差別」的生佛不二思想和「但願眾生得離苦，不為自己求安樂」的菩薩行，追溯人間佛教思想的基礎；⟂S⟂以《維摩詰經》「心淨國土淨」的思想為據，建構出人間佛教的生活藍圖。⟂S⟂此外，還廣泛拈舉《阿含經》、《大寶積經》、《善生經》、《佛遺教經》、《佛說孛經抄》、《優婆塞戒經》等諸經，作為人間佛教的實踐依據。,https://books.masterhsingyun.org/ArticleDetail/artcle17788
rel_93dd5699f2e0,ent_b2fed7536a6c,人間佛教思想,Concept,returns_to_origin_or_continues_spirit,回归源头或延续精神,ent_932ce5962a37,示教利喜,Concept,directed,core_usable,stable_entity_graph,true,1,1,1,1,1,single_article,大師的人間佛教思想正是秉持佛陀「以人為本」而「示教利喜」的本懷，實踐大乘佛教入世的精神，積極投入社會，關懷人生，他把佛法與世法融和一致，從人生的現實生活及各種問題的解決上，徹底落實人間佛教。,https://books.masterhsingyun.org/ArticleDetail/artcle15691
rel_10f51f886244,ent_4583da66e037,人間佛教理論,Concept,doctrine_constrained_by,义理受条件或范围限制,ent_4c194eb34333,般若,DoctrineTerm,directed,core_usable,stable_entity_graph,true,1,1,1,1,1,single_article,「般若慧學」是探討人間佛教理論與實踐不可忽視的議題，本文擬通過星雲大師所撰述之《金剛經講話》*4、《般若心經的生活觀》*5、《星雲大師《心經》五講》*6、《成就的祕訣：金剛經》*7諸部對《般若經》的現代詮釋著作，系統地理解與揭示大師的般若思想，並發掘其間所提供的實踐指引。,https://books.masterhsingyun.org/ArticleDetail/artcle17807
rel_3c3871c92da7,ent_7260146fcdfb,佛光會,Institution,institution_advocates_concept,机构倡导理念,ent_a5e336f0fbbb,生活佛教,Concept,directed,core_usable,stable_entity_graph,true,1,1,1,1,1,single_article,禪宗六祖惠能大師曾說：「佛法在世間，不離世間覺；⟂S⟂離世求菩提，猶如覓兔角。」⟂S⟂佛教是以人為本的宗教，佛法和生活不能分離，離開了生活，也就沒有佛法可言。⟂S⟂是以佛光會秉持佛陀示教利喜的本懷，倡導生活佛教，主張家庭就是修行的道場，佛法不能悖離生活，不能把夫妻視為冤家、兒女說成討債鬼、金錢喻為毒蛇、名利講成糞土；⟂S⟂反而菩提眷屬正可以在佛道上互相扶持，淨財愈多愈能做更多的佛教事業，正當的名利可以激發見賢思齊的上進心，甚至對於現世安樂的追求要更重於死後往生的期待，能夠把佛法落實在人間，才能慈悲濟世，才能轉娑婆穢域成為佛光淨土。,https://books.masterhsingyun.org/ArticleDetail/artcle4618
rel_14d5f63f5e3c,ent_7260146fcdfb,佛光會,Institution,institution_has_primary_member_group,机构以某群体为主要成员,ent_1b85a8db0019,信徒,Group,directed,core_usable,stable_entity_graph,true,1,1,1,1,1,single_article,其間，雖曾擔心或遲疑過，但一想到中國四大名山中的四大菩薩，除了地藏菩薩現出家相外，文殊、普賢、觀音皆現在家相；⟂S⟂乃至維摩居士、勝鬘夫人、妙慧童女等，均以在家居士之身，宣說大乘妙法，可見大乘佛教是重視在家信徒的，在家居士參與弘法工作，於經典有據。⟂S⟂於是在民國八十年（一九九一）毅然成立了以信徒為主的佛光會，進而在時代潮流趨使下，於今年十月十七日「國際佛光會第二屆會員代表大會」開幕典禮中，頒發證書給陳履安等十位檀教師、潘維剛等三十位檀講師。,https://books.masterhsingyun.org/ArticleDetail/artcle2640
rel_abccdd0314b9,ent_7260146fcdfb,佛光會,Institution,institution_hosts_activity,机构举办活动,ent_69c1d2c83284,慈悲愛心人活動,PracticeActivity,directed,core_usable,stable_entity_graph,true,1,0,0,0,1,single_article,我將佛光山當自家事業經營，只要我能就會付出，例如有次佛光會在中正紀念堂舉辦慈悲愛心人活動，要我們到每個城市教導師兄師姐如何做慈悲愛心人，我跟著前往，穿得像穆桂英一樣，後面插旗、帶鑼、還有很多宣導標語，走訪各窮鄉僻壤，像早期青年歌詠隊一樣，讓人們也了解佛光山在做什麼。,https://books.masterhsingyun.org/ArticleDetail/artcle20464
rel_d9244ea02deb,ent_7260146fcdfb,佛光會,Institution,institution_hosts_activity,机构举办活动,ent_477ad808f17b,社會活動,PracticeActivity,directed,core_usable,stable_entity_graph,true,1,0,0,0,1,single_article,佛光會主要是舉辦社會活動，而寺院是以法會佛事為主，佛光會的活動必須有固定的收費，寺院的法會可以隨喜樂捐。,https://books.masterhsingyun.org/ArticleDetail/artcle2510
rel_4c27ca0e41f5,ent_7260146fcdfb,佛光會,Institution,institution_hosts_activity,机构举办活动,ent_d6acd642273f,超薦及助念法會,PracticeActivity,directed,core_usable,stable_entity_graph,true,2,0,0,0,1,single_article,佛光會則全面動員，分別在機場、車站等公共場所輪班替民眾量體溫及宣導正確防護常識，並為抗疫殉職的醫護人員舉辦超薦及助念法會，同時號召全世界佛光會員捐贈‭‬N95‭‬外科醫療口罩四十萬餘個、隔離防護衣十萬餘件、溫度計三千個、美金二十二萬元等。,https://books.masterhsingyun.org/ArticleDetail/artcle7395
rel_37361a81ef7d,ent_7260146fcdfb,佛光會,Institution,institution_hosts_activity,机构举办活动,ent_ae2a498d2bfb,佛學講座,PracticeActivity,directed,core_usable,stable_entity_graph,true,1,1,1,1,1,single_article,佛光會經常舉辦各種佛學講座、佛法座談會，對於人心之美化不無小補，除希望大家能踴躍參與、共襄盛舉之外，更希望有志加入弘法行列的青年男女參加八關齋戒會、短期出家修道會等活動，乃至進入佛教學院、勝鬘書院就讀，接受佛教教育的洗禮，必定能更進一步將佛法勝義推廣到社會各個階層。,https://books.masterhsingyun.org/ArticleDetail/artcle16728
rel_1b71372cd1c7,ent_7260146fcdfb,佛光會,Institution,institution_hosts_activity,机构举办活动,ent_d149f41c8be5,理事會議,PracticeActivity,directed,core_usable,stable_entity_graph,true,1,0,0,0,1,single_article,隔年十月，佛光會也首次在佛光祖庭宜興大覺寺舉辦理事會議。,https://books.masterhsingyun.org/ArticleDetail/artcle135
rel_34e52c88e766,ent_7260146fcdfb,佛光會,Institution,institution_hosts_activity,机构举办活动,ent_86573d77f781,皈依典禮,PracticeActivity,directed,core_usable,stable_entity_graph,true,1,0,0,0,1,single_article,佛光會每年在各地分會舉辦的皈依典禮，不下五十場。,https://books.masterhsingyun.org/ArticleDetail/artcle2800
rel_2b5bc182c2e6,ent_7260146fcdfb,佛光會,Institution,institution_participates_in_activity,机构参与活动,ent_477ad808f17b,社會活動,PracticeActivity,directed,core_usable,stable_entity_graph,true,2,0,0,0,1,single_article,佛光會成立至今，一直積極地參與各項社會活動，為建設人間淨土而努力。,https://books.masterhsingyun.org/ArticleDetail/artcle3867
rel_f171cc2ae3d2,ent_7260146fcdfb,佛光會,Institution,institution_plans_presence_at_place,机构计划在地点设点,ent_3ad6367ed553,瑞典,PlaceRealm,directed,core_usable,stable_entity_graph,true,1,0,0,0,1,single_article,◎瑞典人口有八五○萬，只有九名出家眾，實行社會主義，是全世界工程師最多的地方，瑞典佛教重在心理輔導，希望佛光會早日在瑞典成立分會。,https://books.masterhsingyun.org/ArticleDetail/artcle2637
rel_ef724474dc1f,ent_7260146fcdfb,佛光會,Institution,institution_promotes_practice,机构推动实践,ent_a6b94c65c717,人間佛教,Concept,directed,core_usable,stable_entity_graph,true,1,1,1,1,1,single_article,現在講到用「本土化」來發展佛教，因為佛教不是用來作為一個國家侵略他人文化的工具，而是要同體共生，共同發展，共存共榮。⟂S⟂所以佛光會奉行人間佛教，只要在人間，都要發展當地的佛教。,https://books.masterhsingyun.org/ArticleDetail/artcle3797
rel_fc18ef496178,ent_7260146fcdfb,佛光會,Institution,institution_promotes_practice,机构推动实践,ent_451aac4b11fb,讚歎,PracticeActivity,directed,core_usable,stable_entity_graph,true,1,1,1,1,1,single_article,《阿彌陀經》中，釋迦牟尼佛讚歎東方世界、西方世界、南方世界、北方世界等無量諸佛，十方諸佛也讚歎釋迦牟尼佛，彼此讚美來、讚美去，互相說好話。⟂S⟂就等於佛光會推動說好話的運動，多說肯定別人、讚歎別人的好話，這就是說明修行讚歎別人的重要。,https://books.masterhsingyun.org/ArticleDetail/artcle1104
rel_53fbb6ce04ee,ent_7260146fcdfb,佛光會,Institution,institution_promotes_practice,机构推动实践,ent_0dfdbc835177,三好運動,PracticeActivity,directed,core_usable,stable_entity_graph,true,1,0,0,0,1,single_article,四、好事互成：既是好朋友，要互相鼓勵，多關心社會的公益，多幫助宗教的事業，平時有時間，多閱讀一些進德修業的文章，如佛光會提倡的三好運動「做好事、說好話、存好心」；,https://books.masterhsingyun.org/ArticleDetail/artcle3570
rel_008b9263c11a,ent_7260146fcdfb,佛光會,Institution,institution_propagates_doctrine,机构传播教义,ent_0e392a5a426a,三好,Concept,directed,core_usable,stable_entity_graph,true,2,0,0,0,1,single_article,我們希望惡口的人，能想想佛光會提倡的「三好」──「做好事、說好話、存好心」的運動。,https://books.masterhsingyun.org/ArticleDetail/artcle9690
rel_8f94dec2ebf2,ent_7260146fcdfb,佛光會,Institution,institution_propagates_doctrine,机构传播教义,ent_a6b94c65c717,人間佛教,Concept,directed,core_usable,stable_entity_graph,true,4,0,0,0,1,single_article,二、從家庭和諧來看佛光會的會務發展：佛光會倡導人間佛教，凡有集會均邀請夫婦連袂參加，一切活動也歡迎家人同來參與。,https://books.masterhsingyun.org/ArticleDetail/artcle8393
rel_aff4dfc272bd,ent_7260146fcdfb,佛光會,Institution,institution_propagates_doctrine,机构传播教义,ent_b9466da1d262,佛教,DoctrineTerm,directed,core_usable,stable_entity_graph,true,4,0,0,0,1,single_article,佛光山與佛光會一向提倡生活的佛教，經常舉辦親子聯誼活動，強調家庭美滿的重要，注重人際關係的順暢和諧。,https://books.masterhsingyun.org/ArticleDetail/artcle15614
rel_cda6befa7fb2,ent_7260146fcdfb,佛光會,Institution,institution_propagates_doctrine,机构传播教义,ent_e148ca0687f4,佛法,DoctrineTerm,directed,core_usable,stable_entity_graph,true,4,0,0,0,1,single_article,一、佛教人口迅速增加：由於佛光會在各地推動佛法有成，每年皈依三寶的人數迭有增加，即以一九九六年而言，星雲在各地主持不下二十場三皈五戒典禮，每次參加人數在二千到三千之間，一年之間所增加的佛教人口計有五萬以上。,https://books.masterhsingyun.org/ArticleDetail/artcle8393
rel_23d517ee5340,ent_7260146fcdfb,佛光會,Institution,institution_propagates_doctrine,机构传播教义,ent_ceccf4270785,四給,Concept,directed,core_usable,stable_entity_graph,true,1,0,0,0,1,single_article,我覺得佛光會每次集會，都應該提倡「三好」與「四給」，提升力量，這個集會就很有意義。,https://books.masterhsingyun.org/ArticleDetail/artcle11166
rel_41f42fedb8a5,ent_7260146fcdfb,佛光會,Institution,institution_propagates_doctrine,机构传播教义,ent_cf26f7ad8f86,慈悲,DoctrineTerm,directed,core_usable,stable_entity_graph,true,1,0,0,0,1,single_article,(1)佛光會提倡慈悲喜捨，可促進社會人心之淨化。,https://books.masterhsingyun.org/ArticleDetail/artcle1941
rel_6635af590221,ent_7260146fcdfb,佛光會,Institution,institution_propagates_doctrine,机构传播教义,ent_a5e336f0fbbb,生活佛教,Concept,directed,core_usable,stable_entity_graph,true,3,0,0,0,2,single_article,是以佛光會秉持佛陀示教利喜的本懷，倡導生活佛教，主張家庭就是修行的道場，佛法不能悖離生活，不能把夫妻視為冤家、兒女說成討債鬼、金錢喻為毒蛇、名利講成糞土；,https://books.masterhsingyun.org/ArticleDetail/artcle4618
rel_6a2f66b2ad32,ent_7260146fcdfb,佛光會,Institution,returns_to_origin_or_continues_spirit,回归源头或延续精神,ent_0679d07738ec,佛陀示教利喜的本懷,DoctrineTerm,directed,core_usable,stable_entity_graph,true,1,1,1,1,1,single_article,禪宗六祖惠能大師曾說：「佛法在世間，不離世間覺；⟂S⟂離世求菩提，猶如覓兔角。」⟂S⟂佛教是以人為本的宗教，佛法和生活不能分離，離開了生活，也就沒有佛法可言。⟂S⟂是以佛光會秉持佛陀示教利喜的本懷，倡導生活佛教，主張家庭就是修行的道場，佛法不能悖離生活，不能把夫妻視為冤家、兒女說成討債鬼、金錢喻為毒蛇、名利講成糞土；⟂S⟂反而菩提眷屬正可以在佛道上互相扶持，淨財愈多愈能做更多的佛教事業，正當的名利可以激發見賢思齊的上進心，甚至對於現世安樂的追求要更重於死後往生的期待，能夠把佛法落實在人間，才能慈悲濟世，才能轉娑婆穢域成為佛光淨土。,https://books.masterhsingyun.org/ArticleDetail/artcle4618
rel_ab37d6eb240f,ent_01b985f7bc8c,佛光人,Group,group_performs_practice,群体实践修行,ent_6252f39caa13,發心,PracticeActivity,directed,core_usable,stable_entity_graph,true,2,1,1,1,2,single_article,講到「發心」，十五年來的佛光人，大家在國際佛光會這個教團裡，有的人發心當會長、幹部、檀講師，乃至榮任督導、長者，有的人發心參與讀書會、訂閱佛書、參與印經、推廣福報、勸募會員、捐獻淨財、參與救災、護持道場、帶領朝山、參加法會，或是推動臘八粥運動、雲水布教、托缽興學等，甚至有的人到學校、監獄去做公民教育、心靈諮商、佛法開示等，你們以自己的行動，表現出今日廿一世紀的佛教徒，全部都動員起來了，大家都懂得要走出自我、走出家庭，進而走入社會來與大眾結緣、聯誼。⟂S⟂就拿十五年來，國際佛光會召開的世界會員大會、理監事會議、青年會議、金剛會議、婦女會議、童軍會議等，大家就不只十幾次的東西方相互往來、洲際之間彼此互動。⟂S⟂這樣的情誼交流，帶動了佛法的傳揚，促進了人際的和諧，這都是由於各位的發心所產生的動力而成就。,https://books.masterhsingyun.org/ArticleDetail/artcle3798
rel_974ebc7f3d49,ent_01b985f7bc8c,佛光人,Group,group_performs_practice,群体实践修行,ent_ba53e52ece62,法會,PracticeActivity,directed,core_usable,stable_entity_graph,true,2,1,1,1,2,single_article,講到「發心」，十五年來的佛光人，大家在國際佛光會這個教團裡，有的人發心當會長、幹部、檀講師，乃至榮任督導、長者，有的人發心參與讀書會、訂閱佛書、參與印經、推廣福報、勸募會員、捐獻淨財、參與救災、護持道場、帶領朝山、參加法會，或是推動臘八粥運動、雲水布教、托缽興學等，甚至有的人到學校、監獄去做公民教育、心靈諮商、佛法開示等，你們以自己的行動，表現出今日廿一世紀的佛教徒，全部都動員起來了，大家都懂得要走出自我、走出家庭，進而走入社會來與大眾結緣、聯誼。⟂S⟂就拿十五年來，國際佛光會召開的世界會員大會、理監事會議、青年會議、金剛會議、婦女會議、童軍會議等，大家就不只十幾次的東西方相互往來、洲際之間彼此互動。⟂S⟂這樣的情誼交流，帶動了佛法的傳揚，促進了人際的和諧，這都是由於各位的發心所產生的動力而成就。,https://books.masterhsingyun.org/ArticleDetail/artcle3798
rel_8b74c212a6b6,ent_01b985f7bc8c,佛光人,Group,group_performs_practice,群体实践修行,ent_816fe57f3e38,祈願,PracticeActivity,directed,core_usable,stable_entity_graph,true,1,1,1,1,1,single_article,你說，我早上起來，忙得不得了，沒有時間。⟂S⟂也沒關係，晚上睡覺之前，念一篇祈願文，這就是佛光人的修行法。⟂S⟂所有諸佛菩薩，沒有一個人不是從行、願成佛的，你看阿彌陀佛四十八大願、藥師佛十二大願，文殊、觀音也都是十二大願。⟂S⟂甚至釋迦牟尼佛坐在菩提樹下，他也是靠堅定的誓願：「我如果不能成等正覺，發誓不離開這個座位。」⟂S⟂喜馬拉雅山可以成為大海，大海可以成為高山，太陽變成冷的，月亮變成熱的，世界怎麼樣的變化，我釋迦在這裡發的願，絕不會改變！⟂S⟂由於這樣堅定的行佛意念，最後他夜睹明星而成正覺。⟂S⟂可見行佛的重要。,https://books.masterhsingyun.org/ArticleDetail/artcle11149
rel_4d1322bc7978,ent_01b985f7bc8c,佛光人,Group,group_performs_practice,群体实践修行,ent_464a8094055a,結緣,DoctrineTerm,directed,core_usable,stable_entity_graph,true,2,1,1,1,2,single_article,講到「發心」，十五年來的佛光人，大家在國際佛光會這個教團裡，有的人發心當會長、幹部、檀講師，乃至榮任督導、長者，有的人發心參與讀書會、訂閱佛書、參與印經、推廣福報、勸募會員、捐獻淨財、參與救災、護持道場、帶領朝山、參加法會，或是推動臘八粥運動、雲水布教、托缽興學等，甚至有的人到學校、監獄去做公民教育、心靈諮商、佛法開示等，你們以自己的行動，表現出今日廿一世紀的佛教徒，全部都動員起來了，大家都懂得要走出自我、走出家庭，進而走入社會來與大眾結緣、聯誼。⟂S⟂就拿十五年來，國際佛光會召開的世界會員大會、理監事會議、青年會議、金剛會議、婦女會議、童軍會議等，大家就不只十幾次的東西方相互往來、洲際之間彼此互動。⟂S⟂這樣的情誼交流，帶動了佛法的傳揚，促進了人際的和諧，這都是由於各位的發心所產生的動力而成就。,https://books.masterhsingyun.org/ArticleDetail/artcle3798
rel_7138493ee2a0,ent_01b985f7bc8c,佛光人,Group,group_performs_practice,群体实践修行,ent_1e90e2710552,佛光四句偈,PracticeActivity,directed,core_usable,stable_entity_graph,true,1,1,1,1,1,single_article,在佛光會成立之初，我訂下了「佛光四句偈」，作為全球佛光人生活奉行的準則。⟂S⟂其中第一句「慈悲喜捨遍法界」，便是期許大家開展自己的心胸，效法觀世音菩薩大慈大悲的精神，給予眾生安樂，拔除眾生痛苦，將慈悲喜捨普利一切有情。,https://books.masterhsingyun.org/ArticleDetail/artcle3801
rel_4acc78ce2e32,ent_01b985f7bc8c,佛光人,Group,group_performs_practice,群体实践修行,ent_a0e334f1807a,朝山,PracticeActivity,directed,core_usable,stable_entity_graph,true,2,1,1,1,2,single_article,講到「發心」，十五年來的佛光人，大家在國際佛光會這個教團裡，有的人發心當會長、幹部、檀講師，乃至榮任督導、長者，有的人發心參與讀書會、訂閱佛書、參與印經、推廣福報、勸募會員、捐獻淨財、參與救災、護持道場、帶領朝山、參加法會，或是推動臘八粥運動、雲水布教、托缽興學等，甚至有的人到學校、監獄去做公民教育、心靈諮商、佛法開示等，你們以自己的行動，表現出今日廿一世紀的佛教徒，全部都動員起來了，大家都懂得要走出自我、走出家庭，進而走入社會來與大眾結緣、聯誼。⟂S⟂就拿十五年來，國際佛光會召開的世界會員大會、理監事會議、青年會議、金剛會議、婦女會議、童軍會議等，大家就不只十幾次的東西方相互往來、洲際之間彼此互動。⟂S⟂這樣的情誼交流，帶動了佛法的傳揚，促進了人際的和諧，這都是由於各位的發心所產生的動力而成就。,https://books.masterhsingyun.org/ArticleDetail/artcle3798
rel_aadb81a6d89b,ent_c984c02155b5,佛光道場,Institution,institution_propagates_doctrine,机构传播教义,ent_fd85beeca7fa,平等,DoctrineTerm,directed,core_usable,stable_entity_graph,true,2,0,0,0,1,single_article,大師精巧而敏銳地回應了現代社會男女平等的普世價值，佛光道場對男、女二序平等權利的積極提倡，對佛教女眾價值的高度尊重，及其對女眾在僧團中角色、地位的顯著提升，堪稱是現代佛教史上最值得稱道的改革之舉之一。,https://books.masterhsingyun.org/ArticleDetail/artcle24750
rel_e99b0e586e0c,ent_6926468b826e,佛光山寺,Institution,institution_has_subunit,机构具有分支,ent_03011272066f,道場,Institution,directed,core_usable,stable_entity_graph,true,2,0,0,0,1,single_article,在海外創建道場，備極艱辛，佛光山寺目前在海外十九個國家共設有六十三座道場，其中，在美國洛杉磯的西來寺，還被譽為「西半球第一大佛寺」、「西方的紫禁城」，澳洲的南天寺，則是「南半球的第一大佛寺」，南華寺為「非洲第一大佛寺」。,https://books.masterhsingyun.org/ArticleDetail/artcle15315
rel_e0510c9c54ca,ent_6926468b826e,佛光山寺,Institution,institution_has_subunit,机构具有分支,ent_db462800775d,佛光分會,Institution,directed,core_usable,stable_entity_graph,true,1,0,0,0,1,single_article,在海外，全球一百九十個國家中，佛光山寺在一百個國家地區以上都有別分院或設有國際佛光分會，比中華民國邦交國還高出許多。,https://books.masterhsingyun.org/ArticleDetail/artcle18989
rel_afcaf31c1e01,ent_6926468b826e,佛光山寺,Institution,institution_propagates_doctrine,机构传播教义,ent_a6b94c65c717,人間佛教,Concept,directed,core_usable,stable_entity_graph,true,1,1,1,1,1,single_article,根據佛陀紀念館建館緣起之說明，一九九八年二月星雲大師至印度菩提伽耶傳授「國際三壇大戒暨三皈五戒」，當時西藏喇嘛貢噶多傑仁波切，感念星雲大師及佛光山寺長期為促進世界佛教漢藏文化交流，創設「中華漢藏文化協會」，舉辦世界佛教顯密會議，並創立國際佛光會等，是弘揚人間佛教的正派道場，遂表達贈送護藏近三十年的佛牙舍利心願，並盼能在台灣建館供奉，讓正法永存，舍利重光。,https://books.masterhsingyun.org/ArticleDetail/artcle20389
rel_688a35628f56,ent_5f56519f8b15,普門幼稚園,Institution,institution_affiliated_with,机构隶属或关联机构,ent_3f3afeb6cfa0,普門中學,Institution,directed,core_usable,stable_entity_graph,true,1,0,0,0,1,single_article,為配合增班，即將落成的普育大樓正可趕上七月分的暑期招生，同時普門幼稚園在下學年度也歸屬普中管理。,https://books.masterhsingyun.org/ArticleDetail/artcle8294
rel_918d81b85382,ent_5f56519f8b15,普門幼稚園,Institution,institution_hosts_activity,机构举办活动,ent_ebd6c99e35d1,第一屆畢業典禮,PracticeActivity,directed,core_usable,stable_entity_graph,true,2,0,0,0,1,single_article,•普門幼稚園舉行第一屆畢業典禮。,https://books.masterhsingyun.org/ArticleDetail/artcle24292
rel_220e5fe21dc1,ent_2074071360a1,八關齋戒,PracticeActivity,activity_serves_group,活动或实践服务群体,ent_9e373653fbb1,在家信徒,Group,directed,core_usable,stable_entity_graph,true,1,1,1,1,1,single_article,所以，八關齋戒其實就是讓在家信徒學習出家生活的戒律。,https://books.masterhsingyun.org/ArticleDetail/artcle181
rel_2ba0e75629fd,ent_2074071360a1,八關齋戒,PracticeActivity,concept_defined_as,概念定义为,ent_fa85b6f0e1fe,方便法門,PracticeActivity,directed,core_usable,stable_entity_graph,true,1,1,1,1,1,single_article,佛陀很慈悲，便為這許多在家人士，制定了一日一夜的八關齋戒，讓信徒在一個月當中，可以有幾天的時間到寺院裡修行。⟂S⟂就像基督教徒，他們固定要做禮拜；⟂S⟂天主教徒，他們要過安息日。⟂S⟂那麼在佛教裡，也有超越他們的方便法門，就是讓佛教徒有一日一夜到寺院受持「八關齋戒」的方便。,https://books.masterhsingyun.org/ArticleDetail/artcle9566
rel_50dce18cd019,ent_2074071360a1,八關齋戒,PracticeActivity,concept_named_as,概念命名为,ent_bbc3f91edda5,近住律儀,Concept,directed,core_usable,stable_entity_graph,true,1,1,1,1,1,single_article,受持八關齋戒，可使在家信徒薰習長養出世善根，因此又稱為「長養律儀」；⟂S⟂受持八關齋戒必須一日一夜遠離家居，親近三寶而住，因此又稱為「近住律儀」。,https://books.masterhsingyun.org/ArticleDetail/artcle181
rel_e6bc37ba8d9c,ent_1cd8ddf83735,極樂世界眾生,Group,group_attains_doctrinal_state,群体证得教义境界,ent_5ac5bcec6266,阿鞞跋致,Concept,directed,core_usable,stable_entity_graph,true,1,1,1,1,1,single_article,他「三根普被」，教導眾生「一心不亂」的稱念其名，所以生活在極樂世界裡的眾生，他們在道業上都已達到不退轉的「阿鞞跋致」境界，都是諸上善人，沒有三惡道；,https://books.masterhsingyun.org/ArticleDetail/artcle9586
rel_20dd3be23aad,ent_fe328ba9f811,聯燈會要,Classic,classic_records_person,经典记载人物,ent_62cf8ccca072,佛陀,BuddhistFigure,directed,core_usable,stable_entity_graph,true,1,1,1,1,1,single_article,據《聯燈會要》卷一載，佛陀在靈山會上拈花示眾，眾皆默然，唯大迦葉破顏微笑。⟂S⟂佛陀乃說：「吾有正法眼藏，涅槃妙心，實相無相，微妙法門，不立文字，教外別傳，咐囑摩訶迦葉。」⟂S⟂此意謂著唯大迦葉能契會佛陀所體得甚深不可思議之真理與真如法性。,https://books.masterhsingyun.org/ArticleDetail/artcle8843
rel_499ea80fa6ad,ent_fe328ba9f811,聯燈會要,Classic,classic_records_person,经典记载人物,ent_e5ca672ab120,大迦葉,BuddhistFigure,directed,core_usable,stable_entity_graph,true,1,1,1,1,1,single_article,據《聯燈會要》卷一載，佛陀在靈山會上拈花示眾，眾皆默然，唯大迦葉破顏微笑。⟂S⟂佛陀乃說：「吾有正法眼藏，涅槃妙心，實相無相，微妙法門，不立文字，教外別傳，咐囑摩訶迦葉。」⟂S⟂此意謂著唯大迦葉能契會佛陀所體得甚深不可思議之真理與真如法性。,https://books.masterhsingyun.org/ArticleDetail/artcle8843
rel_e26688ccf99a,ent_1b85dfe7eb48,楞嚴經疏,Classic,classic_states_or_mentions_doctrine,经典陈述或提及教义,ent_61654ef63947,因緣,DoctrineTerm,directed,core_usable,stable_entity_graph,true,1,1,1,1,1,single_article,4.有因有緣：佛教認為一切法都由因緣貫穿連結，無論大小乘、性理事相、世出世間，一切有為法必依因緣和合而生，《楞嚴經疏》云：「聖教自淺至深，說一切法，不出因緣二字。」⟂S⟂譬如建造一棟房子，一定要磚瓦、木料、水泥等很多條件結合起來，才能建築完成；⟂S⟂又如同我們請客，也必須具備一些基本條件：彼此的交情夠不夠？⟂S⟂對方有沒有困難？⟂S⟂此時此地是否適合？⟂S⟂……必須各種因緣具足了，這場宴會才能圓滿舉行，因緣不具備，事情就無法成就。,https://books.masterhsingyun.org/ArticleDetail/artcle2910
rel_45107bde69d2,ent_c4b6ac2156b2,無聲息的歌唱,Work,work_published_in_publication,作品发表于出版物,ent_37d5a7356314,人生雜誌,Classic,directed,core_usable,stable_entity_graph,true,1,1,1,1,1,single_article,除了自取「法名」之外，大師還為自己取了不少「筆名」。⟂S⟂大師初到台灣時，立意要「以文弘法」，因此經常在台灣的報紙、雜誌、電台撰文投稿。⟂S⟂當時除了用「星雲」之法名以外，用了最多的筆名是「摩迦」。⟂S⟂如一九五三年在宜蘭撰寫《釋迦牟尼佛傳》，乃至一九四九年在苗栗法雲寺看守山林期間所寫的《無聲息的歌唱》，都是用「摩迦」為筆名發表在《人生雜誌》上。,https://books.masterhsingyun.org/ArticleDetail/artcle15245
rel_cf08066f8ed1,ent_38016353c9f9,章嘉胡土克圖,BuddhistFigure,person_member_of_group,人物属于群体,ent_3b2e0260b276,西藏四大活佛,Group,directed,core_usable,stable_entity_graph,true,1,1,1,1,1,single_article,在清朝的歷史中，曾有朝廷敕封西藏四大活佛的記載，即：達賴喇嘛、班禪額爾德尼、哲布尊丹巴胡土克圖及章嘉胡土克圖。,https://books.masterhsingyun.org/ArticleDetail/artcle6772
rel_a92bd577cf2f,ent_a63621790dfa,往生佛事,PracticeActivity,practice_has_component,实践包含组成环节,ent_5867a25c7c30,誦經,PracticeActivity,directed,core_usable,stable_entity_graph,true,1,1,1,1,1,single_article,（〈婚喪喜慶〉，《佛光教科書・佛教常識》）乃至在為信徒舉行往生佛事時，大師強調，不但要對亡者有利，更要能度化其親人，令其現生就能學佛，所以「誦經」之外，更要「說法」。,https://books.masterhsingyun.org/ArticleDetail/artcle15675
rel_9acfc309f668,ent_c5f15512b91c,一日修行,PracticeActivity,practice_has_component,实践包含组成环节,ent_4d8dbf44a614,布施,PracticeActivity,directed,core_usable,stable_entity_graph,true,1,1,1,1,1,single_article,總之，佛教徒的一日修行，待人處事是修行，工作服務是修行，誦經拜佛是修行，談話會面是修行，愛語讚歎是修行，改過遷善是修行，乃至休閒育樂也是修行。⟂S⟂如《阿彌陀經》所描繪的淨土生活，以妙華供養、飯食經行、善人聚會、執持名號、一心不亂、出廣長舌、念佛念法念僧、稱讚諸佛、發弘誓願、法音宣流等，都是佛教徒一天的生活。⟂S⟂又如朝山、參訪、行腳、聞法、共修、集會、讀經、與人為善、小小的布施等等，也都是一日的修行。⟂S⟂就是喝茶吃飯、著衣持缽、出坡作務、應酬往來、揚眉瞬目、語默動止，也都藏有微妙的禪意和開悟的因緣。,https://books.masterhsingyun.org/ArticleDetail/artcle8842
rel_a26ceced7d06,ent_e81961a3d951,作大誓願,PracticeActivity,practice_aims_at_realm,实践趋向宗教境界,ent_3b68824d1568,佛土,PlaceRealm,directed,core_usable,stable_entity_graph,true,1,1,1,1,1,single_article,爾時，其師報言：「菩提者，即是菩薩之所修集四無量藏，所謂無盡福德藏、無盡智藏、無盡慧藏、無盡佛法和合藏，是名菩提。⟂S⟂如佛所說：助菩提法，所謂攝取清淨度生死法門。⟂S⟂善男子！⟂S⟂捨財是助菩提法，調伏眾生故；⟂S⟂持戒是助菩提法，隨其所願，得成就故；⟂S⟂忍辱是助菩提法，三十二相八十隨形好具足故；⟂S⟂精進是助菩提法，具足一切諸事故；⟂S⟂禪定是助菩提法，其心當得善調伏故；⟂S⟂智慧是助菩提法，知一切諸煩惱故；⟂S⟂多聞是助菩提法，得無礙辨故；⟂S⟂福德是助菩提法，一切眾生之所須故；⟂S⟂思惟是助菩提法，成就斷疑故；⟂S⟂慈心是助菩提法，成就無礙心故；⟂S⟂悲心是助菩提法，教化眾生無厭足故；⟂S⟂喜心是助菩提法，於正法中生愛樂故；⟂S⟂捨心是助菩提法，成就斷於愛憎故；⟂S⟂聽法是助菩提法，成就滅五蓋故；⟂S⟂出世是助菩提法，捨除一切世間故；⟂S⟂阿蘭若是助菩提法，滅不善業故；⟂S⟂隨喜是助菩提法，增長善根故；⟂S⟂念處是助菩提法，分別身受心法成就故；⟂S⟂正勤是助菩提法，離一切不善法，行一切善法故；⟂S⟂如意足是助菩提法，成就身心輕利故；⟂S⟂諸根是助菩提法，摧滅一切煩惱故；⟂S⟂覺是助菩提法，覺如實法故；⟂S⟂六和是助菩提法，調伏眾生，令清淨故，是名攝取清淨度生死法門。⟂S⟂如是修行，即繫念得菩提也。⟂S⟂如是等菩提心，今應生欲，是道清淨，是道無漏，是道正直，是安穩，汝等應當專心，作大誓願，取莊嚴佛土，隨意所求。」,https://books.masterhsingyun.org/ArticleDetail/artcle8880
rel_941a9e85630a,ent_d79137a86806,勞動,PracticeActivity,practice_cultivates_doctrine,实践培育教义品质,ent_6deef676b2d3,福德,DoctrineTerm,directed,core_usable,stable_entity_graph,true,1,1,1,1,1,single_article,甚至連百丈禪師都說：「我無德勞人，人生在世，若不親自勞動，豈不成廢人？」⟂S⟂由此可知，從勞動中培植福德，不僅學習謙卑忍耐，也養成堅韌的意志。,https://books.masterhsingyun.org/ArticleDetail/artcle3075
rel_1611eba28b98,ent_2dbeabfa08c4,供奉,PracticeActivity,practice_honors_entity,实践礼敬或赞叹对象,ent_2690856df9d0,佛牙,RitualObject,directed,core_usable,stable_entity_graph,true,1,1,1,1,1,single_article,在中國，《宋高僧傳》記載，三太子哪吒亦收藏有一枚佛牙舍利，後來將之送給道宣法師，宋徽宗時曾迎至王宮供奉，後來不翼而飛，從此不知下落。,https://books.masterhsingyun.org/ArticleDetail/artcle7214
rel_a6b69b408656,ent_2471e157cb5b,臘八粥敦親睦鄰活動,PracticeActivity,practice_has_component,实践包含组成环节,ent_c0c760bf302e,臘八粥,RitualObject,directed,core_usable,stable_entity_graph,true,1,1,1,1,1,single_article,在完成階段性任務後，於二○○八年九月調任首善之都台北，任職佛光山台北道場住持，台北道場是個多功能的弘法大樓，有人間衛視、人間福報、國際佛光會、人間佛教讀書會等十六個弘法事業單位。⟂S⟂他將台北道場弘法的能量大力展開，成立人間大學，推動近一百種社教課程；⟂S⟂邀請名家推出「生耕致富」系列講座；⟂S⟂每年持續舉辦醫學、環保、文化、教育論壇；⟂S⟂並結合各鄰里長舉辦臘八粥敦親睦鄰，接連六年的區里長接心懇談會之後，在二○一六年三月，舉辦「春之旅區里長聯誼交流」活動，正式將台北市六個區二二七里的里長帶回佛光山禮佛參訪。⟂S⟂每年來寺人次突破四十萬人次，台北道場儼然成為大台北地區的佛教文化中心。,https://books.masterhsingyun.org/ArticleDetail/artcle23723
rel_78ab50ed1a21,ent_9e9a33e6b678,放燄口,PracticeActivity,activity_serves_group,活动或实践服务群体,ent_e9aff721e041,法界一切有情,Group,directed,core_usable,stable_entity_graph,true,1,1,1,1,1,single_article,放燄口，又稱「普施」、「無遮大會」，就是普同供養，希望法界一切有情，不論有沒有人祭祀的眾生都來赴齋會。,https://books.masterhsingyun.org/ArticleDetail/artcle16259
rel_33a1d3d301f4,ent_9e9a33e6b678,放燄口,PracticeActivity,concept_named_as,概念命名为,ent_07f0f2150f5b,無遮大會,PracticeActivity,directed,core_usable,stable_entity_graph,true,1,1,1,1,1,single_article,放燄口，又稱「普施」、「無遮大會」，就是普同供養，希望法界一切有情，不論有沒有人祭祀的眾生都來赴齋會。,https://books.masterhsingyun.org/ArticleDetail/artcle16259
rel_1a34c915985b,ent_79c1fb3e8e88,業,DoctrineTerm,concept_defined_as,概念定义为,ent_de77c6f5f383,自作自受,DoctrineTerm,directed,core_usable,stable_entity_graph,true,1,1,1,1,1,single_article,◎基督教講的是直線的來往，佛教講究的是圓形的循環，佛教不會控制人的言行，一切因果全是由「業」在操作，「業」就是自作自受。,https://books.masterhsingyun.org/ArticleDetail/artcle8045
rel_678e19521c34,ent_2b7acd17a3f1,七塔報恩禪寺,Institution,institution_located_at_place,机构位于地点,ent_33013484ad34,浙江鄞縣,PlaceRealm,directed,core_usable,stable_entity_graph,true,1,0,0,0,1,single_article,七塔報恩禪寺，位於浙江鄞縣，與阿育王寺、天童寺、延慶寺三寺並峙，號四明名藍。,https://books.masterhsingyun.org/ArticleDetail/artcle6579
rel_01757feba301,ent_ed6039c9efc7,三壇大戒,PracticeActivity,activity_occurs_at_place,活动发生于地点,ent_f5223b7b6224,印度,PlaceRealm,directed,core_usable,stable_entity_graph,true,1,1,1,1,1,single_article,1998年第一屆「台灣佛教寺院行政管理講習會」於佛光山舉辦，獲教界熱烈響應。⟂S⟂為幫助南傳國家恢復比丘尼戒法，同年2月，大師到印度菩提迦耶傳授國際三壇大戒，並舉行多次在家五戒、菩薩戒會。⟂S⟂4月，率團從印度恭迎佛牙舍利蒞台供奉；⟂S⟂同年到馬來西亞弘法，與信奉伊斯蘭教的馬國總理馬哈迪會談，被譽為中馬兩國佛教與伊斯蘭教交流的盛事。,https://books.masterhsingyun.org/ArticleDetail/artcle24116
rel_c0c48e6da27c,ent_ed6039c9efc7,三壇大戒,PracticeActivity,activity_occurs_at_place,活动发生于地点,ent_e2fc4abd3849,菩提伽耶,PlaceRealm,directed,core_usable,stable_entity_graph,true,4,4,4,2,4,multi_article,因此，我向來主張比丘、比丘尼也應該地位平等，男眾可以出家，女眾當然也可以。⟂S⟂因此，在一九九八年，首次於印度菩提伽耶傳授國際三壇大戒，希望能為南傳佛教國家恢復比丘尼戒法，讓所謂的「白衣」學法女能夠成為真正的比丘尼。,https://books.masterhsingyun.org/ArticleDetail/artcle5711
rel_89a8642e8c9a,ent_0dfdbc835177,三好運動,PracticeActivity,practice_has_component,实践包含组成环节,ent_0e392a5a426a,三好,Concept,directed,core_usable,stable_entity_graph,true,1,1,1,1,1,single_article,「三好運動」就是好人運動， 是一個淨化社會人心、改善社會風氣的運動。⟂S⟂1998年4月，在台北中正紀念堂廣場舉辦的恭迎佛牙舍利來台祈福法會上，大師念及佛陀雖然已經涅槃二千多年，但是我們應該要效法佛陀的精神，才是恭迎佛牙舍利的真正意義，故而發起「三好運動」，希望社會大眾透過奉行「三好」，消弭人我之間的紛爭與對立，建設和諧安樂的社會。⟂S⟂ 此一提議獲得時任副總統的連戰先生贊同，帶領與會十萬民眾進行「三好運動」宣誓，呼籲大眾以實際行動響應。⟂S⟂2010年，國際佛光會中華總會在總統府前凱達格蘭大道，舉行國定佛誕節慶祝大會，再有總統馬英九先生響應大師的邀請，帶領現場各界代表宣誓，希望「全民行三好，人間更美好」。⟂S⟂,https://books.masterhsingyun.org/ArticleDetail/artcle24268
rel_2557ed1dcfcf,ent_0dfdbc835177,三好運動,PracticeActivity,practice_has_component,实践包含组成环节,ent_1e67c9f10ea1,說好話,PracticeActivity,directed,core_usable,stable_entity_graph,true,2,2,2,2,2,multi_article,現在我再回到陳列館看佛像，同樣會讚歎他們的美，但這個「美」不在外表，而在我的心。⟂S⟂所以我們要美心，「三好運動」中，除了做好事、說好話以外，要存好心，好心就是美。,https://books.masterhsingyun.org/ArticleDetail/artcle16257
rel_c886294882b5,ent_0dfdbc835177,三好運動,PracticeActivity,practice_has_component,实践包含组成环节,ent_7d624b801303,存好心,PracticeActivity,directed,core_usable,stable_entity_graph,true,1,1,1,1,1,single_article,現在我再回到陳列館看佛像，同樣會讚歎他們的美，但這個「美」不在外表，而在我的心。⟂S⟂所以我們要美心，「三好運動」中，除了做好事、說好話以外，要存好心，好心就是美。,https://books.masterhsingyun.org/ArticleDetail/artcle16257
rel_fd99e8cc3873,ent_0dfdbc835177,三好運動,PracticeActivity,practice_has_component,实践包含组成环节,ent_f30c2831ef6c,做好事,PracticeActivity,directed,core_usable,stable_entity_graph,true,1,1,1,1,1,single_article,現在我再回到陳列館看佛像，同樣會讚歎他們的美，但這個「美」不在外表，而在我的心。⟂S⟂所以我們要美心，「三好運動」中，除了做好事、說好話以外，要存好心，好心就是美。,https://books.masterhsingyun.org/ArticleDetail/artcle16257
rel_779a3b96c2df,ent_12d33a6d83cc,三業,DoctrineTerm,doctrinal_entails,义理论证推出,ent_de77c6f5f383,自作自受,DoctrineTerm,directed,core_usable,stable_entity_graph,true,1,1,1,1,1,single_article,我們在世間的一切功過好壞，都是由自己的身、口、意三業來決定，故而每個人所遭受的幸與不幸，都不是別人給的，而是由自己所造，也就是「自作自受」。,https://books.masterhsingyun.org/ArticleDetail/artcle14012
rel_1cb3981207ff,ent_3d38388b8511,三界智,BuddhistFigure,person_performs_practice,人物实践修行,ent_0b2e6e9daabf,禪,DoctrineTerm,directed,core_usable,stable_entity_graph,true,1,0,0,0,1,single_article,三界智獨居於此，日夜修禪，絲毫無懼，奇怪的是，毒蛇竟然也不加害於他。,https://books.masterhsingyun.org/ArticleDetail/artcle2796
rel_c6203469bfc8,ent_a39512142bce,上求下化,DoctrineTerm,concept_defined_as,概念定义为,ent_8c02f36de671,菩提心,DoctrineTerm,directed,core_usable,stable_entity_graph,true,2,1,1,1,2,single_article,上求下化就是菩提心，有菩提心就是菩薩。,https://books.masterhsingyun.org/ArticleDetail/artcle10969
rel_654689369ec4,ent_207d112820b3,世界佛教徒友誼會,Institution,institution_has_subunit,机构具有分支,ent_a33f4100f658,不丹分會,Institution,directed,core_usable,stable_entity_graph,true,1,0,0,0,1,single_article,目前不丹人幾乎全是佛教徒，而「世界佛教徒友誼會」在不丹成立分會之後，許多年輕僧侶開始前往世界各佛教國家參學，帶給不丹佛教更大的發展空間。,https://books.masterhsingyun.org/ArticleDetail/artcle8731
rel_087fe46f032e,ent_207d112820b3,世界佛教徒友誼會,Institution,institution_hosts_activity,机构举办活动,ent_e46fdebe66f6,世界佛教青年學術會議,PracticeActivity,directed,core_usable,stable_entity_graph,true,1,0,0,0,1,single_article,七月 世界佛教徒友誼會於本山舉辦世界佛教青年學術會議，會中大師榮膺世界佛教青年會榮譽會長。,https://books.masterhsingyun.org/ArticleDetail/artcle16115
rel_64d5b5265c92,ent_9308fb234ddb,世界佛教青年會,Institution,institution_located_at_place,机构位于地点,ent_d2643ba556d3,曼谷,PlaceRealm,directed,core_usable,stable_entity_graph,true,1,0,0,0,1,single_article,像是一九八五年，設於曼谷的世界佛教青年會，首次在佛光山舉辦學術會議，承蒙他們邀請我擔任榮譽會長。,https://books.masterhsingyun.org/ArticleDetail/artcle5711
rel_1ef82499dbe6,ent_a8c796d25690,世界童軍總部,Institution,institution_hosts_activity,机构举办活动,ent_3c16a182b10e,世界童軍宗教會議,PracticeActivity,directed,core_usable,stable_entity_graph,true,1,0,0,0,1,single_article,今年五月，由世界童軍總部主辦，中國童子軍總會、國際佛光會承辦的世界童軍宗教會議，在佛光山舉行，共有來自英國、阿拉伯、新加坡、台灣等十八個國家童軍服務員參加，他們各自具有回教、天主教、佛教、圓佛教、猶太教、新教、英國國教等八大宗教信仰。,https://books.masterhsingyun.org/ArticleDetail/artcle19392
rel_07897cd8439f,ent_49888f38bdc9,世界顯密佛學會議,PracticeActivity,activity_occurs_at_place,活动发生于地点,ent_51d7657ca696,佛光山,Institution,directed,core_usable,stable_entity_graph,true,1,1,1,1,1,single_article,一九八五年六月二十三日，「中華漢藏文化協會」在台北正式成立，星雲當選首任理事長，歷任六年後，復應聘為榮譽理事長，至一九九八年八月一日第五屆會員大會再度被推選為理事長。⟂S⟂一九八六年十二月二十六日，「世界顯密佛學會議」在佛光山舉行，主題是「顯密融和與世界文化發展」，世界各國學者專家三百餘人參加，密教四大法王共同蒞臨，星雲並於會中發表主題演說「顯密融和」。⟂S⟂三十一日起，在台北舉行「祈求世界和平顯密大法會」三天。⟂S⟂一九八九年七月五日，西藏佛教領袖達賴喇嘛訪問佛光山美國西來寺，星雲親自接待，為顯密佛教的融和寫下新的一頁。⟂S⟂七月十五日，佛光山美國西來寺舉行國際顯密英文佛學座談會，主題是「加強對顯密佛學的認識」，星雲應邀發表主題演說。⟂S⟂一九九三年一月一日，「佛光山禪淨密三修萬人獻燈法會」首次在彰化舉行，由星雲演講禪、淨、密三宗的修行方法，有一萬多人參加，以後每年分區舉行，持續至今。,https://books.masterhsingyun.org/ArticleDetail/artcle8765
rel_d41098b6fce7,ent_420680a4336b,中國佛教會,Institution,institution_hosts_activity,机构举办活动,ent_3dd1647c8509,仁王護國法會,PracticeActivity,directed,core_usable,stable_entity_graph,true,1,0,0,0,1,single_article,另有祈求國泰民安的仁王護國法會，每年由中國佛教會擇期舉辦。,https://books.masterhsingyun.org/ArticleDetail/artcle23490
rel_5d5f5f5b4926,ent_755b0e7e804d,中國文化大學,Institution,institution_has_subunit,机构具有分支,ent_81aab1462ff6,印度文化研究所,Institution,directed,core_usable,stable_entity_graph,true,1,0,0,0,1,single_article,此外，中國文化大學設有印度文化研究所、佛學研究所，均為專門研究佛學之機構。,https://books.masterhsingyun.org/ArticleDetail/artcle5284
rel_e95890904081,ent_bdb8264dbeb3,中國文藝協會,Institution,institution_hosts_activity,机构举办活动,ent_2e8b18b7e7bb,文學講座,PracticeActivity,directed,core_usable,stable_entity_graph,true,1,0,0,0,1,single_article,由中國文藝協會主辦的文學講座，於下午一時三十分在中央圖書館國際會議廳舉行，我應邀為前來聆聽的文藝協會作家及聽眾等四百多人，講說「禪師的故事」。,https://books.masterhsingyun.org/ArticleDetail/artcle8352
rel_ecd663077867,ent_8af507046408,中國石油公司,Institution,institution_hosts_activity,机构举办活动,ent_5bc63c331f04,系列講座,PracticeActivity,directed,core_usable,stable_entity_graph,true,1,0,0,0,1,single_article,‧中國石油公司在中央圖書館舉辦「系列講座」，大師應邀演講。,https://books.masterhsingyun.org/ArticleDetail/artcle20680
rel_000537a6e642,ent_e713986b2525,中國鋼鐵公司,Institution,institution_hosts_activity,机构举办活动,ent_e95465b4f3a8,一九八五年國際鋼鐵學術會議,PracticeActivity,directed,core_usable,stable_entity_graph,true,1,0,0,0,1,single_article,還有，中國鋼鐵公司於麻竹園舉辦了「一九八五年國際鋼鐵學術會議」，席間，他們邀請本山到澳洲建寺弘法之事，就等待因緣的成熟了。,https://books.masterhsingyun.org/ArticleDetail/artcle10739
rel_62d3f7351edd,ent_e6963f621ecb,中天寺,Institution,institution_hosts_activity,机构举办活动,ent_f2ded4367c44,以英文皈依三寶甘露灌頂典禮,PracticeActivity,directed,core_usable,stable_entity_graph,true,1,0,0,0,1,single_article,中天寺舉辦以英文皈依三寶甘露灌頂典禮，度化當地澳洲人士；,https://books.masterhsingyun.org/ArticleDetail/artcle10761
rel_182472f16a90,ent_fbe0dca14969,中正大學,Institution,institution_hosts_activity,机构举办活动,ent_ae2a498d2bfb,佛學講座,PracticeActivity,directed,core_usable,stable_entity_graph,true,1,0,0,0,1,single_article,由中正大學和嘉義圓福寺聯合舉辦的佛學講座，今下午二時，在圓福寺舉行，成功大學成人教育中心胡夢鯨主任親自到寺裡參加，更難得的是衛生署署長張博雅來訪，並在講座前到現場致辭。,https://books.masterhsingyun.org/ArticleDetail/artcle2382
rel_6efb40918c2f,ent_60e8133ff11d,中華佛光協會,Institution,institution_hosts_activity,机构举办活动,ent_3515cb3ff489,佛光山信徒身心環保淨化法會,PracticeActivity,directed,core_usable,stable_entity_graph,true,1,0,0,0,1,single_article,今天是本山一年一度的信徒香會，為配合高雄縣所提倡的環保淨化活動，故特別和高雄縣政府、中華佛光協會聯合舉辦「佛光山信徒身心環保淨化法會」。,https://books.masterhsingyun.org/ArticleDetail/artcle1937
rel_1155f1038742,ent_552811a0a32c,中華佛光童軍團,Institution,institution_hosts_activity,机构举办活动,ent_4a92308ac76b,第二屆世界童軍宗教會議,PracticeActivity,directed,core_usable,stable_entity_graph,true,1,0,0,0,1,single_article,「中華佛光童軍團」為全球最大的佛教童軍團組織，承辦過第二屆世界童軍宗教會議，廣受各國肯定。,https://books.masterhsingyun.org/ArticleDetail/artcle15245
rel_08bdf3077ddb,ent_a4cbe84441b4,中論頌,Classic,classic_interpreted_as_doctrine,经典被阐释为教义或主张,ent_c2f940599c76,生死解脫,DoctrineTerm,directed,core_usable,stable_entity_graph,true,1,0,0,0,1,single_article,《中論頌》闡述緣起性空的深義，揭示生死解脫的根本，為三乘共遵之門。,https://books.masterhsingyun.org/ArticleDetail/artcle3996
rel_e99239fec5d7,ent_00b030c2572e,人民東方出版社,Institution,institution_operates_publication,机构运营出版物,ent_205dc9b662be,佛光祈願文,Classic,directed,core_usable,stable_entity_graph,true,2,0,0,0,1,single_article,•著作《佛光祈願文》簡體字版有聲書，由人民東方出版社出版；,https://books.masterhsingyun.org/ArticleDetail/artcle24296
rel_3304a5e9ba44,ent_39f775064ba5,仁岳,BuddhistFigure,person_performs_practice,人物实践修行,ent_86900e4a696c,淨土,DoctrineTerm,directed,core_usable,stable_entity_graph,true,1,0,0,0,1,single_article,仁岳晚年專修淨土，曾燃三指供養佛，嚴守戒律。,https://books.masterhsingyun.org/ArticleDetail/artcle11798
rel_4b7f76ecd480,ent_c4a7296e6b0d,佛光人文學院,Institution,institution_located_at_place,机构位于地点,ent_ad92f5be7cc2,宜蘭林美山,PlaceRealm,directed,core_usable,stable_entity_graph,true,1,0,0,0,1,single_article,一九九三年八月二十一日，大師偕同慈惠法師等人，共同勘察位於宜蘭林美山的佛光人文學院後，前往蘭陽別院。,https://books.masterhsingyun.org/ArticleDetail/artcle17071
rel_52c7459d7234,ent_8e70c34e4556,佛光大學宗教文化研究中心,Institution,institution_hosts_activity,机构举办活动,ent_07cdd4416751,宗教文化國際學術會議,PracticeActivity,directed,core_usable,stable_entity_graph,true,2,0,0,0,1,single_article,為提升國際間宗教文化的交流並共同探討各宗教的互動關係，由佛光山文教基金會主辦，文建會、佛光山寺、中興大學、國際佛光會中華總會協辦，佛光大學宗教文化研究中心承辦的第一屆「宗教文化國際學術會議」，今下午二時三十分，在佛光山東禪樓舉行開幕典禮。,https://books.masterhsingyun.org/ArticleDetail/artcle15315
rel_02bbb9d0480c,ent_c22580878458,佛光山修持中心,Institution,institution_hosts_activity,机构举办活动,ent_a3484091df6e,修持活動,PracticeActivity,directed,core_usable,stable_entity_graph,true,1,0,0,0,1,single_article,佛光山修持中心包括禪淨法堂、淨業林、抄經堂、福慧家園共修會，常年舉辦修持活動，供大眾參修。,https://books.masterhsingyun.org/ArticleDetail/artcle20504
rel_0ce35bdc9306,ent_69075d2a4127,佛光山印度德里文教中心,Institution,institution_hosts_activity,机构举办活动,ent_43d4f2a62538,北方邦義診活動,PracticeActivity,directed,core_usable,stable_entity_graph,true,1,0,0,0,1,single_article,二○一四年十一月四～九日佛光山印度德里文教中心協同印度青年佛教會，舉辦北方邦義診活動。,https://books.masterhsingyun.org/ArticleDetail/artcle17814
rel_bdf42b7b51e8,ent_65fe367474fb,佛光山叢林學院,Institution,concept_defined_as,概念定义为,ent_dab6c3d22efa,佛教學院,Institution,directed,core_usable,stable_entity_graph,true,1,1,1,1,1,single_article,但是世間事不是一個人可以做得了的，所以要靠「眾成就」，因此要培養人才。⟂S⟂人才的培養，要靠教育。⟂S⟂大師一向很重視人才的栽培，他深知「人能弘道，非道弘人」，故而早在一九六四年壽山寺落成後，就顧不得信徒反對與杯葛，毅然設立了「壽山佛學院」，後來更為了擴大招生而開創佛光山。⟂S⟂他把佛學院從壽山寺遷移到佛光山，更名為「東方佛教學院」，繼而再到現在的「佛光山叢林學院」，成為五十年間辦學不輟的第一所佛教學院，甚至後來發展出全球十六所佛學院，包括美國西來佛學院、澳洲南天佛學院、南非佛學院、馬來西亞東禪佛學院、印度佛學院等（見「社緣篇」，〈我辦大學等社會教育〉），多年來接引了許多當地青年就讀，所培育出來的人才已為本土化的佛教奠定了扎實的基礎。,https://books.masterhsingyun.org/ArticleDetail/artcle15840
rel_6348a6d468d2,ent_65fe367474fb,佛光山叢林學院,Institution,institution_affiliated_with,机构隶属或关联机构,ent_f11604a2e6fc,專修部,Institution,directed,core_usable,stable_entity_graph,true,1,0,0,0,1,single_article,叢林大學於一九八九年更名為佛光山叢林學院，屬於專修部，為大學課程，台灣、香港、印度、非洲、馬來西亞、澳洲、巴西、美國、菲律賓等地，如雨後春筍，遍地開花，都設有分校。,https://books.masterhsingyun.org/ArticleDetail/artcle17976
rel_af68c3d18192,ent_65fe367474fb,佛光山叢林學院,Institution,institution_hosts_activity,机构举办活动,ent_d0187366317b,佛教青年學術會議,PracticeActivity,directed,core_usable,stable_entity_graph,true,2,0,0,0,1,single_article,‧佛光山叢林學院主辦「佛教青年學術會議」，大師主講「人間淨土之實踐──佛光淨土」。,https://books.masterhsingyun.org/ArticleDetail/artcle15311
rel_12831ce60edb,ent_65fe367474fb,佛光山叢林學院,Institution,institution_trains_group,机构培养人才群体,ent_372b0cf6c9e9,學生,Group,directed,core_usable,stable_entity_graph,true,2,2,2,2,2,multi_article,大師關心種族平等，集聚非洲黑人修學佛法，成立「非洲佛學院」，並在臺灣佛光山叢林學院分別接受來自印尼、拉達克、美國、瑞士、尼泊爾、印度等地的學生就讀，計劃把所建的世界各地道場，在二十年後悉數交由當地人士主持，實踐「佛教本土化」的理念。,https://books.masterhsingyun.org/ArticleDetail/artcle19289
rel_1be8ca2f24d9,ent_16c25489bcc1,佛光山台北別院,Institution,institution_hosts_activity,机构举办活动,ent_37a7853d7768,星雲大師佛學講座,PracticeActivity,directed,core_usable,stable_entity_graph,true,1,0,0,0,1,single_article,此次由四十六位長老大德所發起而由佛光山台北別院所主辦的星雲大師佛學講座，於六十七年（一九七八）十月十六、十七、十八連續三晚假國父紀念館舉行；,https://books.masterhsingyun.org/ArticleDetail/artcle17402
rel_da78df40243e,ent_b88eabf8fe47,佛光山大阪道場,Institution,institution_located_at_place,机构位于地点,ent_239a10b1e713,寶塚市,PlaceRealm,directed,core_usable,stable_entity_graph,true,2,0,0,0,2,single_article,下午搭機飛往大阪，慈怡及佛光協會會員幹部多人接機，回到位於寶塚的大阪道場，已晚間七時三十分，和大阪佛光會會員及信眾以自助餐方式用完晚餐，便和在道場服務的徒眾進行「師徒時間」──,https://books.masterhsingyun.org/ArticleDetail/artcle5801
rel_6bd6d681cdc1,ent_8bc796d853f0,佛光山慈悲社會福利基金會,Institution,institution_participates_in_activity,机构参与活动,ent_ae2a498d2bfb,佛學講座,PracticeActivity,directed,core_usable,stable_entity_graph,true,1,0,0,0,1,single_article,本山法師除了支援佛事之外，信眾部和慈悲基金會也配合舉辦佛學講座及義診。,https://books.masterhsingyun.org/ArticleDetail/artcle2389
rel_71e407e3558f,ent_0251218c0184,佛光山文教基金會,Institution,institution_founds_institution,机构创设机构,ent_33ffba06a596,佛光緣美術館,Institution,directed,core_usable,stable_entity_graph,true,2,0,0,0,1,single_article,一九九五年佛光山文教基金會於台北道場成立佛光緣美術館，為台灣佛教界創辦的第一座專業美術館，如常擔任總館長，並著手編印《世界佛教美術圖說大辭典》。,https://books.masterhsingyun.org/ArticleDetail/artcle16115
rel_de3db200bc3b,ent_0251218c0184,佛光山文教基金會,Institution,institution_hosts_activity,机构举办活动,ent_e1afb6b17b50,國際佛教學術會議,PracticeActivity,directed,core_usable,stable_entity_graph,true,2,0,0,0,1,single_article,由佛光山文教基金會主辦的「國際佛教學術會議」，今起一連五天在本山舉行。,https://books.masterhsingyun.org/ArticleDetail/artcle20680
rel_b15b5f462c60,ent_0251218c0184,佛光山文教基金會,Institution,institution_hosts_activity,机构举办活动,ent_3789fe938fa3,國際佛教青年會議,PracticeActivity,directed,core_usable,stable_entity_graph,true,1,0,0,0,1,single_article,1997年1月1至5日，佛光山文教基金會舉辦「國際佛教青年會議」，地點：佛光山。,https://books.masterhsingyun.org/ArticleDetail/artcle24174
rel_f8842cb61f4b,ent_0251218c0184,佛光山文教基金會,Institution,institution_hosts_activity,机构举办活动,ent_07cdd4416751,宗教文化國際學術會議,PracticeActivity,directed,core_usable,stable_entity_graph,true,1,0,0,0,1,single_article,‧佛光山文教基金會主辦第一屆「宗教文化國際學術會議」，來自十個國家地區的學者專家齊聚一堂，共同探討「宗教信仰與現代社會的關係」。,https://books.masterhsingyun.org/ArticleDetail/artcle15315
rel_9df24eb87e11,ent_0251218c0184,佛光山文教基金會,Institution,institution_hosts_activity,机构举办活动,ent_d899b9148885,佛光山文學創作獎徵文活動,PracticeActivity,directed,core_usable,stable_entity_graph,true,2,0,0,0,1,single_article,佛光山文教基金會為鼓勵佛教文學弘法人才，以文學藝術弘揚人間佛教為宗旨而舉辦的「佛光山文學創作獎」徵文活動，分大專青年、婦女、兒童三組，來稿非常踴躍，有馬來西亞、泰國和台大、政大、交大、師大、輔大、興大、東海、中山、東吳等大學，以及各佛學院青年、職業婦女、家庭主婦和多所國民小學、育幼院、沙彌學園的學生等，達三百件之多。,https://books.masterhsingyun.org/ArticleDetail/artcle15311
rel_4b50008ad69b,ent_0251218c0184,佛光山文教基金會,Institution,institution_hosts_activity,机构举办活动,ent_e600811a061f,徵曲活動發表會,PracticeActivity,directed,core_usable,stable_entity_graph,true,1,0,0,0,1,single_article,*4二○○七年，大師完成〈媽祖紀念歌〉作詞，並由佛光山文教基金會在北港朝天宮舉辦徵曲活動發表會。,https://books.masterhsingyun.org/ArticleDetail/artcle6714
rel_00fac295f16c,ent_350effbb64a2,佛光山曼谷道場,Institution,institution_hosts_activity,机构举办活动,ent_a101153b794c,祈福法會,PracticeActivity,directed,core_usable,stable_entity_graph,true,1,0,0,0,1,single_article,回到曼谷道場，已經有一批信眾等候，他們要珍惜佛牙在曼谷只有這一點點的短暫時間，這種虔誠，真讓人感動，因此曼谷道場特別為他們再舉辦一場祈福法會，很多人都顧不得吃飯，珍惜這重要的一刻。,https://books.masterhsingyun.org/ArticleDetail/artcle7202
rel_eca6d4629711,ent_ffc5cd6e838b,佛光山東京別院,Institution,institution_hosts_activity,机构举办活动,ent_54fe1c2c70b4,甘露灌頂皈依三寶典禮,PracticeActivity,directed,core_usable,stable_entity_graph,true,2,0,0,0,1,single_article,•佛光山東京別院舉辦「甘露灌頂皈依三寶典禮」，恭請大師主持，有二百多人皈依。,https://books.masterhsingyun.org/ArticleDetail/artcle15324
rel_eaed96c11f61,ent_c6c29898ab20,佛光山東禪寺,Institution,institution_located_at_place,机构位于地点,ent_8648e0282536,仁嘉隆,PlaceRealm,directed,core_usable,stable_entity_graph,true,1,0,0,0,1,single_article,（雪蘭莪州「仁嘉隆鎮」）經過十五年的努力，位於仁嘉隆的佛光山東禪寺終通過十四個部門的批准信，獲雪州瓜拉冷岳縣議會批准取得入伙紙。,https://books.masterhsingyun.org/ArticleDetail/artcle15328
rel_7770934bceaa,ent_b01b8b80b982,佛光山澳洲南天寺,Institution,institution_hosts_activity,机构举办活动,ent_6a96000d4114,浴佛法會,PracticeActivity,directed,core_usable,stable_entity_graph,true,2,0,0,0,1,single_article,‧為慶祝佛誕節，佛光山澳洲南天寺於世界有名的雪梨達令港舉辦「浴佛法會」，現場並升起佛教教旗，成為該港首度升起澳洲國旗以外的旗幟。,https://books.masterhsingyun.org/ArticleDetail/artcle15320
rel_1c645ce4964a,ent_29771a242e8f,佛光山系統大學,Institution,institution_propagates_doctrine,机构传播教义,ent_b9466da1d262,佛教,DoctrineTerm,directed,core_usable,stable_entity_graph,true,1,0,0,0,1,single_article,他發現，佛光山系統大學提倡人間化的佛教，重視人與人之間的互動，鼓勵學生回饋社會，值得日本大學借鏡。,https://books.masterhsingyun.org/ArticleDetail/artcle19773
rel_188af86d1056,ent_fdad28c8aece,佛光山紐約道場,Institution,institution_located_at_place,机构位于地点,ent_986f4b069c17,法拉盛,PlaceRealm,directed,core_usable,stable_entity_graph,true,1,0,0,0,1,single_article,名列世界最大都市之一的紐約，經年沒有地震發生，全市高樓林立，尤其位居交通要衝，工商業發達，佛光山紐約道場就坐落於皇后區法拉盛市。,https://books.masterhsingyun.org/ArticleDetail/artcle5704
rel_1e29da12da84,ent_15811cf06252,佛光山芝加哥禪淨中心,Institution,institution_located_at_place,机构位于地点,ent_9e9c5431f48e,納波維爾,PlaceRealm,directed,core_usable,stable_entity_graph,true,1,0,0,0,1,single_article,而佛光山芝加哥禪淨中心就坐落於納波維爾市（Naperville），經過二年的籌備興建，二○○九年七月由佛光山退居和尚心定前往主持啟用典禮。,https://books.masterhsingyun.org/ArticleDetail/artcle5704
rel_bb2abf3d210a,ent_e2d19f48f58c,佛光山西來寺,Institution,institution_hosts_activity,机构举办活动,ent_f624bb0397f1,世界和平祈願法會,PracticeActivity,directed,core_usable,stable_entity_graph,true,1,0,0,0,1,single_article,例如美國佛光山西來寺落成後，每年舉辦世界和平祈願法會，邀請各宗教領袖共襄盛舉，也帶動佛光山在國際上與各宗教交流。,https://books.masterhsingyun.org/ArticleDetail/artcle24117
rel_b6645e9ec12d,ent_1c7974f7fe1e,佛光山達拉斯講堂,Institution,institution_located_at_place,机构位于地点,ent_50399d556bd8,達拉斯,PlaceRealm,directed,core_usable,stable_entity_graph,true,1,0,0,0,1,single_article,臨別前，我就勉勵他有時間，可以到佛光山位於達拉斯的講堂禮佛。,https://books.masterhsingyun.org/ArticleDetail/artcle23659
rel_92a3e30926ad,ent_58c47f76c3e7,佛光盃國際大學籃球邀請賽,PracticeActivity,activity_occurs_at_place,活动发生于地点,ent_d1aa64ffc9c7,高雄,PlaceRealm,directed,core_usable,stable_entity_graph,true,1,0,0,0,1,single_article,如神明朝山聯誼會、水陸法會，甚至這幾年，在高雄舉行佛光盃國際大學籃球邀請賽，啦啦隊、場地服務、便當等，也是靠他們。,https://books.masterhsingyun.org/ArticleDetail/artcle23720
rel_e26c6389fb8b,ent_56105c7e6b34,佛光緣美術館總部,Institution,institution_hosts_activity,机构举办活动,ent_52340ad165a9,全國義工聯合講習會暨授證典禮,PracticeActivity,directed,core_usable,stable_entity_graph,true,1,0,0,0,1,single_article,二○一六年十月二十九日上午，佛光緣美術館總部於本山雲居樓二樓舉辦「全國義工聯合講習會暨授證典禮」，大師應邀為四百位義工開示。,https://books.masterhsingyun.org/ArticleDetail/artcle21037
rel_ca3422b3af13,ent_49532b2e9d9b,佛印了元,BuddhistFigure,person_leads_institution,人物领导机构,ent_5a5c7d87eb4e,廬山歸宗寺,Institution,directed,core_usable,stable_entity_graph,true,1,0,0,0,1,single_article,當時佛印了元禪師正好住持廬山歸宗寺，周敦頤藉著地利之便，經常到寺裡拜訪佛印禪師，並與他談禪論道。,https://books.masterhsingyun.org/ArticleDetail/artcle7172
rel_ef1357d1744b,ent_44935f4d6c98,佛教文化服務處,Institution,institution_located_at_place,机构位于地点,ent_d1aa64ffc9c7,高雄,PlaceRealm,directed,core_usable,stable_entity_graph,true,1,0,0,0,1,single_article,好比初到大樹開山時，經濟條件萬分困難，只好出售以寫文章所得的──位於高雄的「佛教文化服務處」，把賣房子的錢拿來開山。,https://books.masterhsingyun.org/ArticleDetail/artcle10912
rel_31e86bf781f4,ent_cefb35d4ac0a,佛香講堂,Institution,institution_hosts_activity,机构举办活动,ent_04c10f1f27ee,消災祈福大悲懺法會,PracticeActivity,directed,core_usable,stable_entity_graph,true,1,0,0,0,1,single_article,佛香講堂舉辦消災祈福大悲懺法會，有三千人參與；,https://books.masterhsingyun.org/ArticleDetail/artcle10762
rel_c17591d147d9,ent_c74c78444c0d,來果,BuddhistFigure,person_leads_institution,人物领导机构,ent_40be9ddeb736,高旻寺,Institution,directed,core_usable,stable_entity_graph,true,1,0,0,0,1,single_article,虛雲老和尚曾在這裡參禪開悟，後有來果禪師住持高旻寺，恢復高旻舊制，整治叢林規矩，目前仍以農禪經濟為主要的生活方式。,https://books.masterhsingyun.org/ArticleDetail/artcle2208
rel_7dfee9b56bb6,ent_9b8df20182d8,供僧法會,PracticeActivity,doctrine_based_on_classic,教义依据经典,ent_8006dbf04156,盂蘭盆經,Classic,directed,core_usable,stable_entity_graph,true,1,1,1,1,1,single_article,佛教開始有「供僧法會」，起源於《盂蘭盆經》記載：佛陀的十大弟子「神通第一」的目犍連尊者，在禪定中見到亡母墮入餓鬼道，受無量苦，於是請示佛陀，如何令其母脫離餓鬼道苦。,https://books.masterhsingyun.org/ArticleDetail/artcle9502
rel_b41ff364c31e,ent_775511709fae,依來,BuddhistFigure,person_founds_institution,人物创设机构,ent_c26979396b42,新堡禪淨中心,Institution,directed,core_usable,stable_entity_graph,true,1,0,0,0,1,single_article,一九九二年，依來帶領滿穆等人到南非，在新堡成立第一座道場新堡禪淨中心，開辦青少年夏令營，設置籃球場、乒乓球桌，提供青少年運動，家長感動而組織友愛服務隊，開始推展人間佛教。,https://books.masterhsingyun.org/ArticleDetail/artcle23682
rel_c59d45285926,ent_ea8dcdeaaf1a,依宏,BuddhistFigure,person_founds_institution,人物创设机构,ent_03011272066f,道場,Institution,directed,core_usable,stable_entity_graph,true,1,0,0,0,1,single_article,依宏法師在二十幾年前，獨自一人在多倫多開創道場，現在弘法於夏威夷。,https://books.masterhsingyun.org/ArticleDetail/artcle23672
rel_fe2ecdb8cc66,ent_7a49b1455145,倓虛,BuddhistFigure,person_founds_institution,人物创设机构,ent_42c8367b1553,華南學佛院,Institution,directed,core_usable,stable_entity_graph,true,1,0,0,0,1,single_article,二次大戰期間，弘法精舍遭日軍占領，抗戰勝利後，由東蓮覺苑成立保管董事會，延續弘法精舍培育僧才、辦佛學教育的精神，一九四八年倓虛法師應邀抵港，創辦華南學佛院，由東蓮覺苑提出弘法精舍作為學院之院址。,https://books.masterhsingyun.org/ArticleDetail/artcle17977
rel_697eff352925,ent_7ed4f1f731f9,僧肇,BuddhistFigure,person_interprets_classic,人物解释经典,ent_3220e2feb0fc,維摩詰經,Classic,directed,core_usable,stable_entity_graph,true,1,0,0,0,1,single_article,僧肇這裡提出外內、跡德、本末、粗微等多組概念，來詮釋《維摩經》的思想義理。,https://books.masterhsingyun.org/ArticleDetail/artcle24075
rel_cfeb3e461fa6,ent_3cf35557d4aa,光明大學,Institution,institution_participates_in_activity,机构参与活动,ent_485a5d3c8a97,國家文化部舉辦的舞蹈比賽,PracticeActivity,directed,core_usable,stable_entity_graph,true,1,0,0,0,1,single_article,長期以來，光明大學一直踴躍參與國家的藝術活動，以及參加國家文化部舉辦的舞蹈比賽，屢屢榮獲優良成績，因此深受政府肯定與民眾喜愛。,https://books.masterhsingyun.org/ArticleDetail/artcle20693
rel_99798d2aaa80,ent_cbb3dfb5d31f,內政部,Institution,institution_hosts_activity,机构举办活动,ent_304380da7593,淨化人心講座,PracticeActivity,directed,core_usable,stable_entity_graph,true,1,0,0,0,1,single_article,由內政部主辦，國際佛光會中華總會承辦的淨化人心講座，日前在台北國際會議中心舉行，吸引了大批人潮參加，主講者是佛光山開山宗長星雲大師，講題是「般若與人生」。,https://books.masterhsingyun.org/ArticleDetail/artcle18986
rel_59eab35397d1,ent_82feb79db063,出家戒,DoctrineTerm,practice_has_component,实践包含组成环节,ent_d8d9506f4a85,具足戒,DoctrineTerm,directed,core_usable,stable_entity_graph,true,1,1,1,1,1,single_article,出家戒法分為三壇傳授：初壇授沙彌十戒，二壇授比丘具足戒，三壇授出家菩薩戒。⟂S⟂其中，二壇正授需要十師和尚（三師七證）列席，首先由得戒和尚依律命羯磨師作單白羯磨，後差教授師說衣缽名相，並以遮難次第詢問於受戒者，以決定是否允許加入僧團，復於正式授戒時據此一一重問，再由得戒和尚說明受戒體法，依白四羯磨方式授具足戒。,https://books.masterhsingyun.org/ArticleDetail/artcle8746
rel_602f5b9f0691,ent_82feb79db063,出家戒,DoctrineTerm,practice_has_component,实践包含组成环节,ent_2b537c64298a,不非時食,DoctrineTerm,directed,core_usable,stable_entity_graph,true,1,0,0,0,1,single_article,*3出家戒包括：a.沙彌（尼）戒，即不殺生、不偷盜、不淫、不妄語、不飲酒、不塗飾香鬘、不歌舞觀聽、不坐臥高廣大床、不非時食、不蓄金銀寶。,https://books.masterhsingyun.org/ArticleDetail/artcle8836
rel_66b137a25116,ent_9778581f1f93,分別瑜伽品,Classic,classic_interpreted_as_doctrine,经典被阐释为教义或主张,ent_df28a1812748,唯識觀,DoctrineTerm,directed,core_usable,stable_entity_graph,true,1,0,0,0,1,single_article,3.〈分別瑜伽品〉：說明唯識觀行。,https://books.masterhsingyun.org/ArticleDetail/artcle6840
rel_32df2c4d664b,ent_8186301e7ab3,劉梅生,BuddhistFigure,person_founds_institution,人物创设机构,ent_455887789e7f,普賢學校,Institution,directed,core_usable,stable_entity_graph,true,1,0,0,0,1,single_article,普賢學校也是由劉梅生居士創立的，現由蔡梅邨居士擔任校長。,https://books.masterhsingyun.org/ArticleDetail/artcle1981
rel_17c282cd0eca,ent_040d832948cf,劉紹唐,Person,person_associated_with_place,人物关联地点,ent_51d7657ca696,佛光山,Institution,directed,core_usable,stable_entity_graph,true,1,0,0,0,1,single_article,《傳記文學》發行人劉紹唐先生，也因他而訪問佛光山。,https://books.masterhsingyun.org/ArticleDetail/artcle7425
rel_32077eed65a3,ent_c2a7cf222427,北条時宗,Person,person_founds_institution,人物创设机构,ent_21a35604998d,鎌倉圓覺寺,Institution,directed,core_usable,stable_entity_graph,true,1,0,0,0,1,single_article,弘安五年，北条時宗創建圓覺寺，再度禮請祖元為開山祖。,https://books.masterhsingyun.org/ArticleDetail/artcle11472
rel_16e07e4b5710,ent_1073c409dc6a,北魏孝明帝,Person,person_founds_institution,人物创设机构,ent_d51d99ce339a,永寧寺,Institution,directed,core_usable,stable_entity_graph,true,1,0,0,0,1,single_article,（三）洛陽龍門石窟的鑿建，帶動了佛教建築物的興建風氣，如熙平元年（五一六）孝明帝所建立的永寧寺，是由靈太后親自率百官奠基，寺內有九層浮屠一所，架木為之舉高九十丈，上有金剎復高十丈，此浮屠各層皆有翹角，在每個角上都掛有金鐸，上下共有一百二十個……，百里之遙可見，規模不僅壯麗，式樣更為完備，其僧房可容納千人以上……。,https://books.masterhsingyun.org/ArticleDetail/artcle22878
rel_a62ac7d2efb2,ent_f2c35cf82c09,南天寺,Institution,institution_hosts_activity,机构举办活动,ent_f5b7195159df,佛誕節活動,PracticeActivity,directed,core_usable,stable_entity_graph,true,1,0,0,0,1,single_article,像是南天寺每年都會在雪梨舉辦佛誕節活動，吸引上萬名民眾參與；,https://books.masterhsingyun.org/ArticleDetail/artcle19432
rel_18f3f23cbf71,ent_f2c35cf82c09,南天寺,Institution,institution_located_at_place,机构位于地点,ent_656211da6a3b,紐省的臥龍崗市,PlaceRealm,directed,core_usable,stable_entity_graph,true,2,0,0,0,1,single_article,南天寺位於紐省的臥龍崗市（Wollongong），於一九九二年二月奠基開工，全部是採中國宮殿式建築，負責的建築師、裝潢、工人都是澳籍當地人士，占地五十五英畝，建地六五○○平方公尺，大雄寶殿可容八百人，大悲殿可容二百人，另有三百人聽經的講堂一間、二百人開會的國際會議廳二間、二百人打坐的禪堂一間、二百人誦經的誦經堂一間，以及教室八間、客堂四間、寮房二十四間、涼亭一座、七層寶塔一座，加上藏經樓、視聽中心、辦公室、廚房、齋堂等，一應俱全，是南半球的第一大寺。,https://books.masterhsingyun.org/ArticleDetail/artcle20682
rel_6ea66ab06538,ent_f2c35cf82c09,南天寺,Institution,institution_propagates_doctrine,机构传播教义,ent_a6b94c65c717,人間佛教,Concept,directed,core_usable,stable_entity_graph,true,1,0,0,0,1,single_article,臥龍崗原本就有一所臥龍崗州立大學，但政府看到我們南天寺在弘揚人間佛教，提倡年輕人禪坐、參學，所以州長、市長都鼓勵我們也可以辦大學。,https://books.masterhsingyun.org/ArticleDetail/artcle23599
rel_b35a87aca396,ent_0f782825fbe5,南屏別院,Institution,institution_hosts_activity,机构举办活动,ent_782bf4c021bb,甘露灌頂三皈五戒法會,PracticeActivity,directed,core_usable,stable_entity_graph,true,1,0,0,0,1,single_article,南屏別院舉辦「甘露灌頂三皈五戒法會」，啟動大師高雄弘法六十週年甲子慶系列活動，義大利電視台 Sydonia Production 專程採訪、錄影。,https://books.masterhsingyun.org/ArticleDetail/artcle4636
rel_0581c9237056,ent_13eab252fe50,南島佛光山,Institution,institution_hosts_activity,机构举办活动,ent_6a96000d4114,浴佛法會,PracticeActivity,directed,core_usable,stable_entity_graph,true,2,0,0,0,1,single_article,南島佛光山每年佛誕節在基督城市中心舉辦浴佛法會，多年來，也成為當地佛教界的年度最大盛事，不僅吸引數千民眾共同參與，包括天主教、基督教與伊斯蘭教等宗教團體皆派出代表參加，可說是宗教融和的最佳體現。,https://books.masterhsingyun.org/ArticleDetail/artcle8399
rel_c08586d92150,ent_a93f08903428,南陽慧忠,BuddhistFigure,person_advocates_doctrine,人物倡导教义,ent_8c0c7aebb699,禪林,DoctrineTerm,directed,core_usable,stable_entity_graph,true,1,0,0,0,1,single_article,如南陽慧忠提倡行解兼修，百丈懷海制定禪林清規等。,https://books.masterhsingyun.org/ArticleDetail/artcle2014
rel_8e8c9957989d,ent_a93f08903428,南陽慧忠,BuddhistFigure,person_associated_with_place,人物关联地点,ent_88cf2d06e73b,南陽,PlaceRealm,directed,core_usable,stable_entity_graph,true,1,1,1,1,1,single_article,三、追隨有識學者：兒女要依賴父母，學生要依靠師長，年輕人的前途，要靠有識之士的提攜。⟂S⟂因此聰明的父母，不但為兒女找尋好的朋友讓他結交，甚至要幫他找個有識之士，跟其學習，必能受益。⟂S⟂《四十二章經》說：我們跟五百個人布施結緣，不如和一個有學問的人親近，對五百個有學問的人恭敬布施，不如和一個有思想、有實踐的聖賢來往。⟂S⟂由此可見，吾人在成長過程中，要靠大善知識給予教導、指示。⟂S⟂所謂「明師難遇」，過去的年輕人，遇到一位有識之士，追隨其右，一學就是十年、二十年，數十寒暑不離師門，最後終有所成。⟂S⟂慧遠大師在廬山三十年，多少學者聚集；⟂S⟂慧忠國師在南陽四十年，多少學人參訪。⟂S⟂追隨有道之士，不計時間長短。,https://books.masterhsingyun.org/ArticleDetail/artcle4185
rel_52b7eca4177e,ent_a93f08903428,南陽慧忠,BuddhistFigure,person_promotes_practice,人物推广实践,ent_3f2a71808a1a,解行兼修,PracticeActivity,directed,core_usable,stable_entity_graph,true,1,0,0,0,1,single_article,當時，在禪門中有認同慧日一派的，如六祖門下的南陽慧忠提倡解行兼修。,https://books.masterhsingyun.org/ArticleDetail/artcle8385
rel_ee21a54e6a94,ent_578e08f23356,印光,BuddhistFigure,person_advocates_doctrine,人物倡导教义,ent_e41ec4fb61e4,念佛,PracticeActivity,directed,core_usable,stable_entity_graph,true,1,0,0,0,1,single_article,而念佛的道場，有蘇州的靈巖山寺，自從印光大師提倡念佛以來，每天佛聲不斷。,https://books.masterhsingyun.org/ArticleDetail/artcle5724
rel_d0d490dccfe8,ent_578e08f23356,印光,BuddhistFigure,person_articulates_concept_or_doctrine,人物阐发概念或教义,ent_b9466da1d262,佛教,DoctrineTerm,directed,core_usable,stable_entity_graph,true,1,0,0,0,1,single_article,人的思想說來也真奇怪，過去印光大師提出佛教需要去除「三濫」，一是濫傳戒法，二是濫掛海單，三是濫收徒眾。,https://books.masterhsingyun.org/ArticleDetail/artcle5712
rel_5a5316631efe,ent_578e08f23356,印光,BuddhistFigure,person_founds_institution,人物创设机构,ent_a8562b44ce81,南京佛教慈幼院,Institution,directed,core_usable,stable_entity_graph,true,1,0,0,0,1,single_article,佛教早期，太虛大師與曉觀法師等曾在長沙發起創辦孤兒院，印光大師發起建立南京佛教慈幼院，熊希齡居士曾籌建香山慈幼院，中國佛教會也曾在南京設立佛教醫院，常州天寧寺創辦了佛教醫院，其他如佛教徒創立醫院、孤兒院、安養院、救濟院的例子也不在少數。,https://books.masterhsingyun.org/ArticleDetail/artcle9844
rel_f8cb4c54e547,ent_578e08f23356,印光,BuddhistFigure,person_performs_practice,人物实践修行,ent_ba71901c568d,弘化,PracticeActivity,directed,core_usable,stable_entity_graph,true,1,1,1,1,1,single_article,學菩薩行，應遍學一切世間、出世間法，於度眾時有善巧方便的性格，所謂「未成佛道，先結人緣」，結緣就是菩薩度眾的方便性格，四攝法是菩薩的方便性格，四悉檀是菩薩的方便性格。⟂S⟂如五大菩薩各以大悲、大智、大願、大行、大慈等方便攝受眾生，同時也成就了無盡眾生得度的因緣。⟂S⟂歷代的高僧大德，都有善巧方便，如民初四大高僧：虛雲長老以甚深禪定，令人生信；⟂S⟂印光大師以信函度眾，印經弘化；⟂S⟂弘一大師以書寫經偈，流布法音；⟂S⟂太虛大師以整理僧伽制度，復興佛教。,https://books.masterhsingyun.org/ArticleDetail/artcle4003
rel_efabab5c1f96,ent_174a61925234,印度佛學院,Institution,institution_establishes_subunit_at_place,机构在地点设立分支,ent_e2fc4abd3849,菩提伽耶,PlaceRealm,directed,core_usable,stable_entity_graph,true,1,0,0,0,1,single_article,為方便照顧海嘯中多名流離失所的孤兒，及就近監工，二○○五年六月，印度佛學院從加爾各答搬遷至菩提伽耶租處，同年底又在菩提伽耶成立「佛光伽耶育幼院」。,https://books.masterhsingyun.org/ArticleDetail/artcle23815
rel_b2a306d9b84e,ent_174a61925234,印度佛學院,Institution,institution_located_at_place,机构位于地点,ent_e2fc4abd3849,菩提伽耶,PlaceRealm,directed,core_usable,stable_entity_graph,true,1,1,1,1,1,single_article,佛光山在印度目前有三個重要據點，一是「佛光山加爾各答禪淨中心」，二是菩提伽耶的「佛光山印度佛學院」及「佛光伽耶育幼院」，三是新德里的「德里文教中心」及「印度沙彌學園」。⟂S⟂其中二處的佛學院更肩負起復興印度佛教的重責大任。,https://books.masterhsingyun.org/ArticleDetail/artcle23815
rel_4280440583cc,ent_41c077f3a9c3,印順,BuddhistFigure,person_advocates_doctrine,人物倡导教义,ent_a6b94c65c717,人間佛教,Concept,directed,core_usable,stable_entity_graph,true,1,0,0,0,1,single_article,印順提倡的人間佛教不僅對治偏於死與鬼，而且對治偏於神與永生，並強調法與律的統一，注重集體、青年、在家信眾。,https://books.masterhsingyun.org/ArticleDetail/artcle17984
rel_e945d4486f0a,ent_41c077f3a9c3,印順,BuddhistFigure,person_founds_institution,人物创设机构,ent_0908414db146,慧日講堂,Institution,directed,core_usable,stable_entity_graph,true,1,0,0,0,1,single_article,一九六○年，為脫離傳統佛教趕經懺、賣素齋的形象，印順在台北市創建慧日講堂，以講經說法為目的。,https://books.masterhsingyun.org/ArticleDetail/artcle2565
rel_5b783ea2efaf,ent_480d2bcf1b5e,台北道場,Institution,institution_has_facility,机构具有场所设施,ent_27cbc906ccf8,禪堂,PlaceRealm,directed,core_usable,stable_entity_graph,true,1,1,1,1,1,single_article,佛光山目前有八個禪堂，加上別分院──北海道場、基隆學部、台北道場及台南講堂的禪堂共計十二個。⟂S⟂其中如來殿的禪淨法堂可說是設備最佳的禪堂，可容納六百人習禪。,https://books.masterhsingyun.org/ArticleDetail/artcle3866
rel_172958022951,ent_480d2bcf1b5e,台北道場,Institution,institution_hosts_activity,机构举办活动,ent_fb30f347bb0e,清明梁皇法會,PracticeActivity,directed,core_usable,stable_entity_graph,true,1,0,0,0,1,single_article,台北道場這幾天正在舉辦「清明梁皇法會」，參加的信徒很多，我也隨緣跟大家說說話。,https://books.masterhsingyun.org/ArticleDetail/artcle4357
rel_26420edc5694,ent_480d2bcf1b5e,台北道場,Institution,institution_hosts_activity,机构举办活动,ent_ae2a498d2bfb,佛學講座,PracticeActivity,directed,core_usable,stable_entity_graph,true,1,1,1,1,1,single_article,目前在佛光山各別分院當中，辦得最成功的有洛杉磯的西來學校、台北道場的禪修會和佛學講座、普門寺的婦女法座會和青年會、桃園講堂的金剛護法會、極樂寺的抄經班、普賢寺連續十四期的都市佛學院、北海道場的朝山、圓福寺的華嚴法會，以及台南講堂與東海道場的八關齋戒，可見每一個道場的活動均各有特色。,https://books.masterhsingyun.org/ArticleDetail/artcle4345
rel_44f468a9d814,ent_480d2bcf1b5e,台北道場,Institution,institution_located_at_place,机构位于地点,ent_66669a152823,松山火車站,PlaceRealm,directed,core_usable,stable_entity_graph,true,1,1,1,1,1,single_article,其實，早在三十多年前，台北普門寺就推動「普門大開」的運動了。⟂S⟂那個時候，素食者要吃一頓素齋都不是很方便，因此普門寺發起「我買米煮飯，你吃飯」，免費請大家來吃飯，也推動得轟轟烈烈。⟂S⟂後來，位於松山火車站旁的佛光山台北道場，人來客往很多，我就發起「以粥代茶」，每天免費供應臘八粥，現在定名為「平安粥」。⟂S⟂你來了，我送上一碗粥，代表一杯茶。⟂S⟂有人解渴，有人解飢，對素食者而言，是一個很方便的善舉。,https://books.masterhsingyun.org/ArticleDetail/artcle5723
rel_bcfb7ba80e87,ent_480d2bcf1b5e,台北道場,Institution,institution_plans_activity,机构计划活动,ent_30f53723aaff,福慧共修法會,PracticeActivity,directed,core_usable,stable_entity_graph,true,1,0,0,0,1,single_article,農曆春節期間，松山台北道場將舉辦四十九天的福慧共修法會，我請了羅光主教、周聯華牧師，甚至一貫道的領袖來演講。,https://books.masterhsingyun.org/ArticleDetail/artcle23546
rel_fcd1d3f42262,ent_480d2bcf1b5e,台北道場,Institution,institution_serves_group,机构服务或利益群体,ent_1b85a8db0019,信徒,Group,directed,core_usable,stable_entity_graph,true,1,1,1,1,1,single_article,因此我向徒眾表示，一杯茶還不足以溫暖信徒的心，應該「以粥代茶」，在佛光山台北道場裡便備有八寶粥，也就是佛教的臘八粥，以提供往來的信徒，解渴除飢。⟂S⟂早上信徒來到寺院，我們端上一碗粥，粥的水分多，不但能夠解渴，也可以當飽。,https://books.masterhsingyun.org/ArticleDetail/artcle20556
rel_c7089e8a1759,ent_31df7c0076c3,台灣大學,Institution,institution_hosts_activity,机构举办活动,ent_08bfe853d808,講座,PracticeActivity,directed,core_usable,stable_entity_graph,true,1,0,0,0,1,single_article,在那個年代，台灣大學是不准出家人在大學裡面講說，雖然水野弘元是日本的出家人，但是以他在國際學術上的聲望，台灣大學則誠心誠意地歡迎他，並舉辦了一場講座。,https://books.masterhsingyun.org/ArticleDetail/artcle10060
rel_21292d29165e,ent_4dfe729df6b3,吳廷琰,Person,person_suppresses_doctrine,人物压制教义,ent_b9466da1d262,佛教,DoctrineTerm,directed,core_usable,stable_entity_graph,true,1,0,0,0,1,single_article,對於越南總統吳廷琰迫害佛教，我也撰文筆伐*3。,https://books.masterhsingyun.org/ArticleDetail/artcle6714
rel_f8f482547ccc,ent_ae5c51eacd5c,呂碧城,Person,person_promotes_practice,人物推广实践,ent_556a79ebe5bc,戒殺,PracticeActivity,directed,core_usable,stable_entity_graph,true,1,0,0,0,1,single_article,呂碧城在各地演講時，更進一步提倡戒殺動物。,https://books.masterhsingyun.org/ArticleDetail/artcle2550
rel_a969403e85b2,ent_a4b632b98693,周宣德,BuddhistFigure,person_founds_institution,人物创设机构,ent_6396a82a84f8,慧炬學社,Institution,directed,core_usable,stable_entity_graph,true,1,0,0,0,1,single_article,周宣德居士受到加拿大詹勵吾居士資助，成立了「慧炬學社」，鼓勵青年寫作，結緣佛教書籍，如李恆鉞居士的《向受過現代教育的人介紹佛教》等，印行了不止數十萬冊，分送給青年閱讀，提供獎學金，鼓勵撰寫心得，藉此帶動青年學佛。,https://books.masterhsingyun.org/ArticleDetail/artcle133
rel_4fa40e7a83ff,ent_1643daea77be,善導寺,Institution,institution_belongs_to_school,机构属于宗派,ent_2149ab9c8707,淨土宗,SchoolTradition,directed,core_usable,stable_entity_graph,true,1,0,0,0,1,single_article,例如過去把屬於淨土宗的台北善導寺建到中正區的忠孝東路上；,https://books.masterhsingyun.org/ArticleDetail/artcle10818
rel_34d2d404d85e,ent_435c840be12f,善慧法師,BuddhistFigure,person_founds_institution,人物创设机构,ent_9f2ce22ccfa5,基隆靈泉禪寺,Institution,directed,core_usable,stable_entity_graph,true,1,0,0,0,1,single_article,基隆靈泉禪寺，由善慧法師於一九○○年創建，位在基隆市東郊山區，殿宇輝煌，清淨莊嚴，素有「北台首剎」的美名。,https://books.masterhsingyun.org/ArticleDetail/artcle21857
rel_ca5838b15b4b,ent_435c840be12f,善慧法師,BuddhistFigure,person_member_of_group,人物属于群体,ent_c80a0e3385f1,僧侶,Group,directed,core_usable,stable_entity_graph,true,1,1,1,1,1,single_article,此四大派，除法雲寺覺力法師是來自大陸的鼓山湧泉寺，是正統的佛教僧侶外，靈泉寺善慧法師和凌雲寺本圓法師，皆為台灣「齋教」出身，而後成為受戒的正統僧侶。,https://books.masterhsingyun.org/ArticleDetail/artcle8727
rel_8e9638c94c1f,ent_7f817c6b4a99,嘉義圓福寺,Institution,institution_hosts_activity,机构举办活动,ent_ae2a498d2bfb,佛學講座,PracticeActivity,directed,core_usable,stable_entity_graph,true,1,0,0,0,1,single_article,由中正大學和嘉義圓福寺聯合舉辦的佛學講座，今下午二時，在圓福寺舉行，成功大學成人教育中心胡夢鯨主任親自到寺裡參加，更難得的是衛生署署長張博雅來訪，並在講座前到現場致辭。,https://books.masterhsingyun.org/ArticleDetail/artcle2382
rel_55c7329852ba,ent_a8da96da8e2c,嚴寬祜,BuddhistFigure,person_associated_with_place,人物关联地点,ent_843b8050d4ad,台灣,PlaceRealm,directed,core_usable,stable_entity_graph,true,1,1,1,1,1,single_article,因為我總是想到：嚴居士一生捨身捨命，利教利人，不但在台灣成立嚴寬祜文教基金會弘法利生，近來更於大陸籌畫以漫畫弘揚佛法，並且對各佛學院頒發獎學金，對各佛教道場贈衣贈食，信眾如此為佛教添油香，我們僧眾又何嘗不能「為信徒」布施歡喜，「添加油香」呢？,https://books.masterhsingyun.org/ArticleDetail/artcle6440
rel_6f3d3f020548,ent_a8da96da8e2c,嚴寬祜,BuddhistFigure,person_associated_with_place,人物关联地点,ent_b462956e0ac1,中國大陸,PlaceRealm,directed,core_usable,stable_entity_graph,true,1,1,1,1,1,single_article,因為我總是想到：嚴居士一生捨身捨命，利教利人，不但在台灣成立嚴寬祜文教基金會弘法利生，近來更於大陸籌畫以漫畫弘揚佛法，並且對各佛學院頒發獎學金，對各佛教道場贈衣贈食，信眾如此為佛教添油香，我們僧眾又何嘗不能「為信徒」布施歡喜，「添加油香」呢？,https://books.masterhsingyun.org/ArticleDetail/artcle6440
rel_a2b07d6df1ed,ent_a8da96da8e2c,嚴寬祜,BuddhistFigure,person_founds_institution,人物创设机构,ent_17acf2509df5,香港福慧慈悲基金會,Institution,directed,core_usable,stable_entity_graph,true,1,0,0,0,1,single_article,*5嚴寬祜居士所成立的基金會有：「香港福慧慈悲基金會」，敦請中國佛教協會會長趙樸初居士任名譽會長，嚴寬祜任會長，本著佛教教義「福慧雙修」，布施以培福，教育以修慧而定名。,https://books.masterhsingyun.org/ArticleDetail/artcle4004
rel_31a00cac2943,ent_a8da96da8e2c,嚴寬祜,BuddhistFigure,person_propagates_doctrine,人物传播教义,ent_e148ca0687f4,佛法,DoctrineTerm,directed,core_usable,stable_entity_graph,true,1,1,1,1,1,single_article,因為我總是想到：嚴居士一生捨身捨命，利教利人，不但在台灣成立嚴寬祜文教基金會弘法利生，近來更於大陸籌畫以漫畫弘揚佛法，並且對各佛學院頒發獎學金，對各佛教道場贈衣贈食，信眾如此為佛教添油香，我們僧眾又何嘗不能「為信徒」布施歡喜，「添加油香」呢？,https://books.masterhsingyun.org/ArticleDetail/artcle6440
rel_445b1c92b094,ent_7e843ee1de71,嚴長壽,Person,person_founds_institution,人物创设机构,ent_7a0386212baf,公益平台基金會,Institution,directed,core_usable,stable_entity_graph,true,1,0,0,0,1,single_article,隔年，得聞嚴長壽先生成立公益平台基金會，希望從教育扎根著手，以改變花東的未來，大師遂將已有完善硬體設施的「均一中小學」，無條件交給對教育有相同理念的嚴長壽先生經營。,https://books.masterhsingyun.org/ArticleDetail/artcle24111
rel_96b9147e44db,ent_f981d42463bd,國際佛光會世界總會,Institution,institution_hosts_activity,机构举办活动,ent_6e0fff3bbf3e,理監事會議,PracticeActivity,directed,core_usable,stable_entity_graph,true,1,0,0,0,1,single_article,隨後即輾轉趕往吉隆坡，主持一場三皈五戒法會及千人讀書會，之後參與十月十七到二十一日國際佛光會世界總會在星馬泰舉辦的理監事會議。,https://books.masterhsingyun.org/ArticleDetail/artcle10762
rel_f5007e2c3c7e,ent_a7062ffae199,國際佛光會中華總會,Institution,institution_hosts_activity,机构举办活动,ent_ed71ee14edf2,星雲大師佛經講座,PracticeActivity,directed,core_usable,stable_entity_graph,true,1,0,0,0,1,single_article,•國際佛光會中華總會於台北國父紀念館舉辦「星雲大師佛經講座」，由大師主講《六祖壇經》三天，每晚吸引四千餘人聽講。,https://books.masterhsingyun.org/ArticleDetail/artcle24295
rel_13bb17911ab9,ent_a7062ffae199,國際佛光會中華總會,Institution,institution_hosts_activity,机构举办活动,ent_5ce88ea93c0a,禪淨密三修法會,PracticeActivity,directed,core_usable,stable_entity_graph,true,2,0,0,0,1,single_article,國際佛光會中華總會舉辦的「禪淨密三修法會」（今禪淨共修法會），每年都分別在北、中、南三區舉行一場，為信徒大眾祈福。,https://books.masterhsingyun.org/ArticleDetail/artcle11180
rel_71e686266314,ent_a7062ffae199,國際佛光會中華總會,Institution,institution_hosts_activity,机构举办活动,ent_804ab00f932b,禪淨密三修萬人獻燈法會,PracticeActivity,directed,core_usable,stable_entity_graph,true,2,0,0,0,1,single_article,上個月（二月二十一日）在台南地區由國際佛光會中華總會主辦的『禪淨密三修萬人獻燈法會』，為台南信眾帶來無限法喜。,https://books.masterhsingyun.org/ArticleDetail/artcle2382
rel_8a2642203b29,ent_a7062ffae199,國際佛光會中華總會,Institution,institution_hosts_activity,机构举办活动,ent_9db559123d59,禪淨密三修萬人獻燈祈福法會,PracticeActivity,directed,core_usable,stable_entity_graph,true,1,0,0,0,1,single_article,中午時分，驅車前往彰化縣立體育場，準四時，和心平共同主持由彰化縣政府主辦，國際佛光會中華總會承辦的「禪淨密三修萬人獻燈祈福法會」，前來參與盛會的信眾，使能容納一萬五千人的會場座無虛席。,https://books.masterhsingyun.org/ArticleDetail/artcle2376
rel_0fe0771f0d2e,ent_a7062ffae199,國際佛光會中華總會,Institution,institution_hosts_activity,机构举办活动,ent_b0a9c191c037,首屆國定佛誕節系列活動,PracticeActivity,directed,core_usable,stable_entity_graph,true,2,0,0,0,1,single_article,‧為慶祝首屆「國定佛誕節」，國際佛光會中華總會即日起舉辦系列活動，包括花車遊行、慈悲愛心人三好運動全民路跑等活動；,https://books.masterhsingyun.org/ArticleDetail/artcle15319
rel_62ea892823af,ent_4a844158d7bf,國際佛光會青年總團部,Institution,institution_hosts_activity,机构举办活动,ent_984d3a6913df,國際佛光青年會議,PracticeActivity,directed,core_usable,stable_entity_graph,true,2,0,0,0,1,single_article,‧為促進世界青年相互交流，國際佛光會青年總團部主辦、大馬佛光青年團承辦的第五屆「國際佛光青年會議」，於馬來西亞吉隆坡綠野仙蹤國際會議廳舉行，共有全球二十六個國家、五千餘名青年參加，由大師親自主持。,https://books.masterhsingyun.org/ArticleDetail/artcle15320
rel_0fe151edfc23,ent_b27cb3e4d236,國際禪學會議,PracticeActivity,activity_occurs_at_place,活动发生于地点,ent_51d7657ca696,佛光山,Institution,directed,core_usable,stable_entity_graph,true,1,1,1,1,1,single_article,2.八宗兼弘的包容：星雲大師六十年前初至宜蘭雷音寺，便開始提倡「人間佛教」，決心破除傳統叢林一宗一派閉關自守的局面，而主張「八宗兼弘」，開創了開闊而宏觀的全球格局。⟂S⟂從一九八六年佛光山舉行的「世界顯密佛學會議」以「融和與發展」為主題，邀請各國學者專家三百餘人參加，並邀請密教法王共同蒞臨，就可以看出大師的心量寬宏。⟂S⟂一九八九年在佛光山舉辦的「國際禪學會議」，由中、美、韓、日、港、義等國五十餘位知名教授參加，也引起了舉世的重視。⟂S⟂一九八二年，與通度寺締結兄弟寺，一九九四年與泰國法身寺締結兄弟寺，一九九八年，佛光山叢林學院與松廣寺傳統講院締結為兄弟院，都說明了星雲大師的開明風範。⟂S⟂在教育方面，大師不僅沒有限制弟子學習的方向，而且還派遣門徒遠赴印度、美國、英國、日本、韓國、西藏、中國大陸等地學習各宗各派的佛法。⟂S⟂餘如一九九三年舉辦第一屆「國際佛教僧伽研習會」、一九九八年舉行第一屆「台灣佛教寺院行政講習會」之後，即經常舉辦類似的會議，不僅敞開胸懷，與各地寺院代表傾心交流，而且派出跟隨他四、五十年的優秀大弟子如慈莊、慈惠、慈容、依空法師等人以扎實的內容授課座談，都可以看出星雲大師之弘揚「人間佛教」，非僅掛在嘴邊表面的裝飾，而是親身力行去實踐。⟂S⟂一九八八年西來寺舉行了一個月的三壇大戒，首先打破佛教千餘年來南北傳的畛域之見，所請的傳戒高僧包括遍布南北傳佛教界大和尚，造成不少小乘佛教徒破天荒第一次到大乘寺院受戒。⟂S⟂一九九八年，在星雲大師的奔走呼籲下，「國際三壇大戒」終於在印度菩提伽耶成辦，二月十五日至二十三日期間，二十三個國家一百餘位來自世界各地的女眾在二十六位大小乘戒師的證盟下如願受持具足戒。⟂S⟂此舉不僅恢復了南傳國家失傳千餘年的比丘尼戒法，而且是有史以來第一次世界佛教團結在佛陀成道處同受大戒，攜手寫下光輝的一頁。,https://books.masterhsingyun.org/ArticleDetail/artcle17810
rel_1eff5ebccb98,ent_ec337f85784f,圓融比丘尼,BuddhistFigure,person_founds_institution,人物创设机构,ent_ab7683580395,屏東東山佛學院,Institution,directed,core_usable,stable_entity_graph,true,1,0,0,0,1,single_article,當年，屏東東山佛學院圓融比丘尼創辦佛學院，請我去教書，原本這是很教人高興的事，因為那時候佛光山還沒有開山。,https://books.masterhsingyun.org/ArticleDetail/artcle10964
rel_8846f0a3cd62,ent_4c6de81e3536,均頭國民中小學,Institution,institution_hosts_activity,机构举办活动,ent_a1a45cb037c3,建校啟教典禮,PracticeActivity,directed,core_usable,stable_entity_graph,true,1,0,0,0,1,single_article,均頭國民中小學是南投縣第一所佛教興辦的中小學，廿五日舉辦了盛大的建校啟教典禮，來自全省各地，五千多位佛光人齊聚祝福，為埔里鎮帶來了震災後難得一見的熱鬧場面。,https://books.masterhsingyun.org/ArticleDetail/artcle15323
rel_65471af2a097,ent_cd277e573efc,塞頓杜克,Person,person_founds_institution,人物创设机构,ent_94cf265aaebf,德國佛教傳道會,Institution,directed,core_usable,stable_entity_graph,true,1,0,0,0,1,single_article,一九○三年，塞頓杜克創立「德國佛教傳道會」，是德國第一個佛教團體，該會一九○五年出版《佛教徒》，是西方第一本佛教刊物；,https://books.masterhsingyun.org/ArticleDetail/artcle8732
rel_fe1b303163a2,ent_893acbefa942,壽山佛學院,Institution,institution_located_at_place,机构位于地点,ent_d1aa64ffc9c7,高雄,PlaceRealm,directed,core_usable,stable_entity_graph,true,1,1,1,1,1,single_article,為了辦教育，需有自己的幹部，大師乃思必須辦佛教學院，在一九六五年，在高雄壽山公園內，創辦「壽山佛學院」，創國內宗教界自己培訓師資的創舉。⟂S⟂大師為了籌辦佛學院經費，曾經到殯儀館念通宵經懺佛事，只盼能多爭取一些錢來補貼佛學院教育費用，其辦佛學院培育佛教師資的毅力和決心，何等感人！⟂S⟂像蠟燭一樣，燃燒自己，只為照亮別人，真是偉大！,https://books.masterhsingyun.org/ArticleDetail/artcle15825
rel_f209f04f3a5e,ent_5ea3155cf1ae,壽山寺,Institution,institution_hosts_activity,机构举办活动,ent_33a391b3d6c2,藥師法會,PracticeActivity,directed,core_usable,stable_entity_graph,true,4,0,0,0,1,single_article,•壽山寺為慶祝藥師佛誕，舉辦「藥師法會」，由於大眾虔誠誦經、禮拜、念佛，感得燈花舍利，信徒們因此信心大增，從此「藥師法會」成為壽山寺信徒期盼的年度重要法會。,https://books.masterhsingyun.org/ArticleDetail/artcle15285
rel_823b20c02932,ent_6bd88a0df782,夏威夷大學,Institution,institution_participates_in_activity,机构参与活动,ent_b27cb3e4d236,國際禪學會議,PracticeActivity,directed,core_usable,stable_entity_graph,true,1,0,0,0,1,single_article,一九九二年國際禪學會議由西來寺主辦，佛光山文教基金會贊助，夏威夷大學協辦。,https://books.masterhsingyun.org/ArticleDetail/artcle1946
rel_6eb5ec175da5,ent_7781495a64fa,大乘佛教,SchoolTradition,school_teaches_doctrine,宗派主张教义,ent_b6e2108f0d49,利他,Concept,directed,core_usable,stable_entity_graph,true,1,1,1,1,1,single_article,大乘佛教的發展，菩薩精神的樹立，不再只是尋求自我的覺悟和解脫，而是更期望幫助他人、眾生都得以覺悟和解脫，即所謂「自覺覺他」、「自度度他」，乃至於「捨己利他」。⟂S⟂因此，學佛之人不能只顧自己離世「上求菩提」，而應當積極入世去「下化眾生」。,https://books.masterhsingyun.org/ArticleDetail/artcle17519
rel_27ecab65822d,ent_7781495a64fa,大乘佛教,SchoolTradition,school_teaches_doctrine,宗派主张教义,ent_edb83f453adc,入世,Concept,directed,core_usable,stable_entity_graph,true,1,1,1,1,1,single_article,大師的人間佛教思想正是秉持佛陀「以人為本」而「示教利喜」的本懷，實踐大乘佛教入世的精神，積極投入社會，關懷人生，他把佛法與世法融和一致，從人生的現實生活及各種問題的解決上，徹底落實人間佛教。,https://books.masterhsingyun.org/ArticleDetail/artcle15691
rel_219641123506,ent_7134cbca0494,大孚靈鷲寺,Institution,institution_hosts_activity,机构举办活动,ent_07f0f2150f5b,無遮大會,PracticeActivity,directed,core_usable,stable_entity_graph,true,1,0,0,0,1,single_article,「有一年，山西省五台山的大孚靈鷲寺，依照往例舉辦了一場無遮大會。,https://books.masterhsingyun.org/ArticleDetail/artcle5988
rel_a77b40594483,ent_df44594961ab,大愚守芝,BuddhistFigure,person_leads_institution,人物领导机构,ent_5ca2f4116c8d,寺院,Institution,directed,core_usable,stable_entity_graph,true,1,0,0,0,1,single_article,他到大愚山時，看到守芝住持的寺院非常老舊，住眾也大多上了年紀，景象非常荒涼。,https://books.masterhsingyun.org/ArticleDetail/artcle11352
rel_90eb6db22306,ent_14a30c2b8b41,大慧宗杲,BuddhistFigure,person_leads_institution,人物领导机构,ent_dcace6fe472f,阿育王寺,Institution,directed,core_usable,stable_entity_graph,true,1,0,0,0,1,single_article,早在大慧宗杲禪師住持阿育王寺時，便與宏智正覺禪師相得甚歡，兩人常有往來。,https://books.masterhsingyun.org/ArticleDetail/artcle7641
rel_9aae6114733c,ent_e847dcb23d67,大醒,BuddhistFigure,person_leads_institution,人物领导机构,ent_ad65adea80e6,覺津寺,Institution,directed,core_usable,stable_entity_graph,true,1,0,0,0,1,single_article,一九三五年，大醒離開武昌，住持江蘇淮陰覺津寺，發行《覺津月刊》，宣傳人間佛教思想，同時創辦「覺津佛學院」，培育青年僧才，頗有閩南佛學院的盛況。,https://books.masterhsingyun.org/ArticleDetail/artcle2562
rel_75142ae2ba47,ent_bb7d613b961d,大馬佛光青年團,Group,group_hosts_activity,群体举办活动,ent_984d3a6913df,國際佛光青年會議,PracticeActivity,directed,core_usable,stable_entity_graph,true,2,0,0,0,1,single_article,‧為促進世界青年相互交流，國際佛光會青年總團部主辦、大馬佛光青年團承辦的第五屆「國際佛光青年會議」，於馬來西亞吉隆坡綠野仙蹤國際會議廳舉行，共有全球二十六個國家、五千餘名青年參加，由大師親自主持。,https://books.masterhsingyun.org/ArticleDetail/artcle15320
rel_d8b576bf22dc,ent_3af1bfcadb1f,天下文化公司,Institution,institution_hosts_activity,机构举办活动,ent_986718966efd,傳燈百萬徵文比賽頒獎典禮,PracticeActivity,directed,core_usable,stable_entity_graph,true,1,0,0,0,1,single_article,由天下文化公司主辦，《民生報》、普門雜誌社協辦的「傳燈百萬徵文比賽」頒獎典禮，今天下午二時，在台北道場社教館舉行。,https://books.masterhsingyun.org/ArticleDetail/artcle5785
rel_6c78a2a8f6a4,ent_4b8609bb2b48,天童寺,Institution,institution_hosts_activity,机构举办活动,ent_ba53e52ece62,法會,PracticeActivity,directed,core_usable,stable_entity_graph,true,1,0,0,0,1,single_article,唐朝的天童寺有一次舉辦法會，信徒打千人齋供養大眾，到了吃飯的時候，住持還沒有到，大家正在靜靜坐候，忽然不知從哪裡跑來一個胖和尚，嘻嘻哈哈的一下子就坐在住持的位子上，糾察師父一看，這還得了！,https://books.masterhsingyun.org/ArticleDetail/artcle3709
rel_4e1121d5e093,ent_273fc2c4316c,太虛,BuddhistFigure,person_advocates_doctrine,人物倡导教义,ent_b9466da1d262,佛教,DoctrineTerm,directed,core_usable,stable_entity_graph,true,1,0,0,0,1,single_article,如黃夏年在〈釋太虛法師與佛學〉一文中將太虛提倡的佛教稱為『人生佛教』，並說：『他提出的人生佛教思想對後世佛教徒產生了很大的影響。,https://books.masterhsingyun.org/ArticleDetail/artcle24670
rel_13c7d4b63440,ent_273fc2c4316c,太虛,BuddhistFigure,person_articulates_concept_or_doctrine,人物阐发概念或教义,ent_962e40272c92,三大,DoctrineTerm,directed,core_usable,stable_entity_graph,true,1,0,0,0,1,single_article,寄禪圓寂後，在上海靜安寺舉行的追悼大會上，太虛提出「教理、教制、教產」三大革命說。,https://books.masterhsingyun.org/ArticleDetail/artcle11764
rel_34b0d9ad4548,ent_273fc2c4316c,太虛,BuddhistFigure,person_articulates_concept_or_doctrine,人物阐发概念或教义,ent_a6b94c65c717,人間佛教,Concept,directed,core_usable,stable_entity_graph,true,2,0,0,0,1,single_article,太虛這段話是對於人間佛教概念的基本規定，包含了三點：其一，太虛提出人間佛教「是表明並非教人離開人類去做神做鬼」的「佛教」，而不離開人類去做神做鬼的佛教，換言之即是以人類為本位、以現實人生為本位的佛教，因此這一條規定正好對應其之前規定人生佛學三條原理的第一義。,https://books.masterhsingyun.org/ArticleDetail/artcle24709
rel_f1169de38664,ent_273fc2c4316c,太虛,BuddhistFigure,person_articulates_concept_or_doctrine,人物阐发概念或教义,ent_b9466da1d262,佛教,DoctrineTerm,directed,core_usable,stable_entity_graph,true,2,0,0,0,1,single_article,鄧子美的《傳統佛教與近代化》一書持這一觀點，並指出，太虛先提出佛教革命，再提出人生佛學，後又提出人間佛教，可見其有一個形成與發展的過程。,https://books.masterhsingyun.org/ArticleDetail/artcle24670
rel_b9db221b776f,ent_273fc2c4316c,太虛,BuddhistFigure,person_articulates_concept_or_doctrine,人物阐发概念或教义,ent_b2fed7536a6c,人間佛教思想,Concept,directed,core_usable,stable_entity_graph,true,1,0,0,0,1,single_article,這些爭辯說明，太虛提出的人間佛教思想在當時的社會人士中引起了激烈的反響，這也可以作為太虛大師實為人間佛教倡導者的一個明證。,https://books.masterhsingyun.org/ArticleDetail/artcle24671
rel_e140396e6ebc,ent_273fc2c4316c,太虛,BuddhistFigure,person_cites_classic,人物引用经典,ent_e4f63245ca06,心地觀經,Classic,directed,core_usable,stable_entity_graph,true,1,0,0,0,1,single_article,在己項中，太虛再此引用《大乘心地觀經》，討論經文中包含的財富分配的原則，*20據此提出佛教的經濟學財富分配的主張：「教人把產業分配為三分：一分拿來做生產的資本；,https://books.masterhsingyun.org/ArticleDetail/artcle24671
rel_40499f3a40bd,ent_1b248b4246f0,妙僧,BuddhistFigure,person_leads_institution,人物领导机构,ent_c046ae07c207,佛光診所,Institution,directed,core_usable,stable_entity_graph,true,1,0,0,0,1,single_article,這幾年來妙僧擔任佛光診所的執行長，我指示他要把佛光診所制度健全，能可以照顧山上的徒眾，也可以對社區鄰里服務。,https://books.masterhsingyun.org/ArticleDetail/artcle23747
rel_9b63623acd89,ent_54807b943f65,妙士,BuddhistFigure,person_founds_institution,人物创设机构,ent_51cfc6286ad6,文化教育公益基金會,Institution,directed,core_usable,stable_entity_graph,true,1,0,0,0,1,single_article,另外，妙士還在北京成立「文化教育公益基金會」，並且擔任理事長，領導北京光中文教館、上海文教館、鑑真圖書館、蘇州嘉應會館等，共同推動文化教育淨化人心的工作；,https://books.masterhsingyun.org/ArticleDetail/artcle23672
rel_9e989662cf48,ent_8b7f1553b1dc,妙熙,BuddhistFigure,person_leads_institution,人物领导机构,ent_40bbfde3f6f6,人間福報,Institution,directed,core_usable,stable_entity_graph,true,1,0,0,0,1,single_article,妙熙擔任人間福報總編輯，大陸兩會期間，與金蜀卿社長代表前往採訪，讓佛教辦的媒體引起關注；,https://books.masterhsingyun.org/ArticleDetail/artcle23672
rel_6ffbecb4ce35,ent_2855db23cf95,孔子,Person,person_advocates_doctrine,人物倡导教义,ent_3a1b4aa935ff,恕道,Concept,directed,core_usable,stable_entity_graph,true,1,0,0,0,1,single_article,孔子提倡「恕道」，其實佛陀的「慈悲」，耶穌的「博愛」，也是恕道。,https://books.masterhsingyun.org/ArticleDetail/artcle706
rel_546b2a03b116,ent_2855db23cf95,孔子,Person,person_advocates_doctrine,人物倡导教义,ent_138a26cf025f,禮樂,Concept,directed,core_usable,stable_entity_graph,true,1,0,0,0,1,single_article,孔子提倡禮樂是有道理的，它有一種潛移默化的教育功能。,https://books.masterhsingyun.org/ArticleDetail/artcle11271
rel_1db519311a36,ent_438273ef1214,孟子,Person,person_advocates_doctrine,人物倡导教义,ent_32fba9d6876a,人性本善,Concept,directed,core_usable,stable_entity_graph,true,1,0,0,0,1,single_article,孟子提倡「人性本善」，荀子提倡「人性本惡」，《大乘起信論》則認為人性有善有惡。,https://books.masterhsingyun.org/ArticleDetail/artcle14827
rel_c920f15143a9,ent_438273ef1214,孟子,Person,person_advocates_doctrine,人物倡导教义,ent_3eb1309e5192,性善,Concept,directed,core_usable,stable_entity_graph,true,1,0,0,0,1,single_article,人之性，孟子提倡「性善」，荀子提倡「性惡」，《大乘起信論》則認為人性有善有惡。,https://books.masterhsingyun.org/ArticleDetail/artcle3030
rel_302d82e78e74,ent_95eec38c793d,孫中山,Person,person_advocates_doctrine,人物倡导教义,ent_4d6e871625fa,五族共和,Concept,directed,core_usable,stable_entity_graph,true,3,0,0,0,1,single_article,尤其兩岸分裂，更增加了台灣的悲情，要解除這些歷史上的悲痛，當然大家要放下一些執著，同心激勵，團結民族的感情，增加文化的認同，才能實現孫中山先生提倡的「五族共和」。,https://books.masterhsingyun.org/ArticleDetail/artcle9742
rel_a001f0cb8905,ent_f30880fdf21a,孫權,Person,person_founds_institution,人物创设机构,ent_174d02fbc085,建初寺,Institution,directed,core_usable,stable_entity_graph,true,1,0,0,0,1,single_article,孫權歎服之餘，當即起塔供養舍利，並創建江南最早的寺院──建初寺，寺院一帶命名為佛陀里，為佛教傳入我國南方之嚆矢。,https://books.masterhsingyun.org/ArticleDetail/artcle11323
rel_01fc1966e141,ent_e8619ff254fe,宗仰禪師,BuddhistFigure,person_founds_institution,人物创设机构,ent_1f28e6bc502a,中國教育會,Institution,directed,core_usable,stable_entity_graph,true,1,0,0,0,1,single_article,此外，宗仰禪師也曾和章太炎、蔡元培在上海創立中華教育會，擔任過會長，並且受過中央政府的表揚，可說是一位深具菩薩行願的愛國僧人。,https://books.masterhsingyun.org/ArticleDetail/artcle13813
rel_73003f761a0d,ent_f467fcb0eb06,宗密,BuddhistFigure,person_advocates_doctrine,人物倡导教义,ent_199cbf908a53,教禪,DoctrineTerm,directed,core_usable,stable_entity_graph,true,1,0,0,0,1,single_article,*3宗密提倡教禪一致，雖受時代影響，同時也間接受杜順的實踐風格影響。,https://books.masterhsingyun.org/ArticleDetail/artcle22934
rel_8d5a09f78eeb,ent_0a3f3f438622,宗本,BuddhistFigure,person_leads_institution,人物领导机构,ent_072717cc3e10,淨慈寺,Institution,directed,core_usable,stable_entity_graph,true,1,0,0,0,1,single_article,宗本禪師也曾擔任淨慈寺住持，數年後，應蘇州道俗之請，前往萬壽、龍華二寺弘法，迎者達千餘人。,https://books.masterhsingyun.org/ArticleDetail/artcle7665
rel_2621ed249338,ent_5b669fbe33e5,宜興大覺寺,Institution,institution_hosts_activity,机构举办活动,ent_9b8df20182d8,供僧法會,PracticeActivity,directed,core_usable,stable_entity_graph,true,2,0,0,0,1,single_article,•佛光祖庭宜興大覺寺首次舉辦「供僧法會」，大師應住持隆相和尚之邀，出席應供，並且開示「供佛齋僧」的意義。,https://books.masterhsingyun.org/ArticleDetail/artcle24296
rel_127173a8637e,ent_5b669fbe33e5,宜興大覺寺,Institution,institution_hosts_activity,机构举办活动,ent_54fe1c2c70b4,甘露灌頂皈依三寶典禮,PracticeActivity,directed,core_usable,stable_entity_graph,true,2,0,0,0,1,single_article,•佛光祖庭宜興大覺寺舉辦「甘露灌頂皈依三寶典禮」，大師親自主持。,https://books.masterhsingyun.org/ArticleDetail/artcle24296
rel_62608cc0cdc5,ent_5b669fbe33e5,宜興大覺寺,Institution,institution_located_at_place,机构位于地点,ent_c60686651ba8,宜興白塔山,PlaceRealm,directed,core_usable,stable_entity_graph,true,1,0,0,0,1,single_article,最後，佛子們回到了位於宜興白塔山的祖庭大覺寺。,https://books.masterhsingyun.org/ArticleDetail/artcle21724
rel_e290b4f4ecf3,ent_5b669fbe33e5,宜興大覺寺,Institution,institution_plans_activity,机构计划活动,ent_96bd2d252696,興建藏經樓義行,PracticeActivity,directed,core_usable,stable_entity_graph,true,1,0,0,0,1,single_article,二○一三年十月九日晚上，對於宜興佛光祖庭大覺寺即將舉辦的「興建藏經樓義行」的義賣活動，大師對負責相關事宜的徒眾說：「大覺寺興建藏經樓，我們給發心捐獻功德的人一些紀念品，以表感謝，我們不是賣東西，是將東西的『價值』用在佛法上，而非收藏。,https://books.masterhsingyun.org/ArticleDetail/artcle19964
rel_f43e6c3d055d,ent_ada580b03e54,寶誌,BuddhistFigure,person_founds_institution,人物创设机构,ent_df5f0e541e60,叢林,Institution,directed,core_usable,stable_entity_graph,true,1,0,0,0,1,single_article,靈谷寺是南朝劉宋時代，寶誌公禪師建立的叢林。,https://books.masterhsingyun.org/ArticleDetail/artcle2208
rel_8b45101d4c2f,ent_92f471adccb8,崇矩,BuddhistFigure,person_interprets_classic,人物解释经典,ent_129531a255e5,四十二章經,Classic,directed,core_usable,stable_entity_graph,true,1,0,0,0,1,single_article,宋真宗聽聞崇矩法師的高名，召請他到內殿問法，崇矩為真宗講解《四十二章經》，真宗聽後大為高興，賜紫方袍和金幣、香藥等物。,https://books.masterhsingyun.org/ArticleDetail/artcle11641
rel_b9a21f467b69,ent_f5c7859e09e2,左右街僧錄司,Institution,institution_affiliated_with,机构隶属或关联机构,ent_e8c16d32e0f0,鴻臚寺,Institution,directed,core_usable,stable_entity_graph,true,2,0,0,0,1,single_article,中央僧署是隸屬於鴻臚寺的左右街僧錄司，掌管寺院僧尼帳籍及試經、梵修等；,https://books.masterhsingyun.org/ArticleDetail/artcle745
rel_28009c66f1b4,ent_f5c6124d22fd,常律法師,BuddhistFigure,person_founds_institution,人物创设机构,ent_f6631e9150a2,正德中醫診所,Institution,directed,core_usable,stable_entity_graph,true,1,0,0,0,1,single_article,另外在高雄創辦正德中醫診所的常律法師，也是聖印法師門下高才。,https://books.masterhsingyun.org/ArticleDetail/artcle24408
rel_d604e95dbfaf,ent_6cb498bf4e5d,常覺,BuddhistFigure,person_founds_institution,人物创设机构,ent_2d55a5b2bea4,普淨院,Institution,directed,core_usable,stable_entity_graph,true,1,0,0,0,1,single_article,例如五代常覺法師，於汴京建立普淨院，並設置浴室，每月八、十八、二十八日開放給大眾沐浴。,https://books.masterhsingyun.org/ArticleDetail/artcle5286
rel_a234282c64f5,ent_cc869376e616,廣洽,BuddhistFigure,person_founds_institution,人物创设机构,ent_6eeb231cfe1f,彌陀學校,Institution,directed,core_usable,stable_entity_graph,true,1,0,0,0,1,single_article,當時，加上一九○一年出生的廣洽法師，也創辦了彌陀學校，一時之間，新加坡佛教界的慈善、教育事業都熱烈的展開了。,https://books.masterhsingyun.org/ArticleDetail/artcle5647
rel_27b63029e1aa,ent_c045579dfd7f,廣結善緣,Concept,concept_defined_as,概念定义为,ent_bd68ae54ea00,修行,PracticeActivity,directed,core_usable,stable_entity_graph,true,3,0,0,0,1,single_article,甚至我覺得生活就是修行，待人好就是修行，做好事就是修行，說好話就是修行，存好心就是修行，廣結善緣就是修行。,https://books.masterhsingyun.org/ArticleDetail/artcle16149
rel_8e0c6795c9f3,ent_c045579dfd7f,廣結善緣,Concept,concept_is_foundation_of,概念构成另一概念或实践的基础,ent_61ac7a05f35c,財富,Concept,directed,core_usable,stable_entity_graph,true,1,1,1,1,1,single_article,此外，佛教對於經濟的觀點，首先以「因緣果報」說明財富的獲得，應從培福修德、廣結善緣而來。⟂S⟂因此，寺院經濟的管理人要有因果觀念與常住觀念，例如「有權不可管錢，管錢的沒有權」；,https://books.masterhsingyun.org/ArticleDetail/artcle8831
rel_b7da606a8a81,ent_de79adf1bfa9,弘一,BuddhistFigure,person_performs_practice,人物实践修行,ent_86900e4a696c,淨土,DoctrineTerm,directed,core_usable,stable_entity_graph,true,1,0,0,0,1,single_article,出家後，弘一虔修淨土，對淨土高僧印光大師十分景仰，三度陳情拜師，終承印光大師納受。,https://books.masterhsingyun.org/ArticleDetail/artcle2549
rel_8fe03976e788,ent_9a9df6887f48,弘忍,BuddhistFigure,person_interprets_classic,人物解释经典,ent_ca05ff124652,楞伽經,Classic,directed,core_usable,stable_entity_graph,true,1,1,1,1,1,single_article,「禪」起源於印度，原意是靜坐斂心、正思審慮，以達到定慧均等的狀態。⟂S⟂在佛陀之前，印度就有以「生天」為目的的坐禪思想；⟂S⟂到佛陀時，才展開遠離苦樂兩邊，以達中道涅槃為目的的禪。⟂S⟂從此以後，印度佛教的禪觀思想漸次發達，並產生無數的禪經。⟂S⟂隨著佛典的傳譯，在東漢末年，禪法已傳入中國，只是在初期時，大多是小乘的禪觀思想。⟂S⟂東晉鳩摩羅什以後，介紹各種禪法，而以念佛法門為主。⟂S⟂直到劉宋求那跋陀羅譯出四卷《楞伽經》，經中所說的四種禪法，激發了當時的習禪者另闢途徑，肇啟了菩提達摩的「如來自性清淨禪」。⟂S⟂達摩之後的慧可、僧璨，都被稱為楞伽師，道信於「楞伽禪」，吸收般若思想，依《文殊師利所說摩訶般若波羅蜜經》一行三昧，制立卓越的安心方便；⟂S⟂弘忍一面講《楞伽經》，另一面亦開講《金剛經》；⟂S⟂到六祖惠能，則以《金剛經》為正宗。,https://books.masterhsingyun.org/ArticleDetail/artcle8385
rel_3ae1620940d3,ent_9a9df6887f48,弘忍,BuddhistFigure,person_interprets_classic,人物解释经典,ent_c19be059531d,金剛經,Classic,directed,core_usable,stable_entity_graph,true,2,1,1,1,2,single_article,禪宗的典故：六祖惠能大師本來是一位苦行僧，後來因為一首悟道詩，五祖弘忍大師要傳法給他，就講解《金剛經》給他聽。,https://books.masterhsingyun.org/ArticleDetail/artcle16002
rel_d18d497239f4,ent_9a9df6887f48,弘忍,BuddhistFigure,person_leads_institution,人物领导机构,ent_f1f854827d1b,東禪寺,Institution,directed,core_usable,stable_entity_graph,true,1,0,0,0,1,single_article,客人答說：「我從蘄州黃梅縣東禪寺來，那是弘忍大師住持教化的道場，跟隨他參學的門人有一千餘人。,https://books.masterhsingyun.org/ArticleDetail/artcle118
rel_fce6e236ba37,ent_9a9df6887f48,弘忍,BuddhistFigure,person_transmits_to_person,人物传法于人物,ent_f9ee2a341883,六祖惠能,Person,directed,core_usable,stable_entity_graph,true,5,1,1,1,2,single_article,當五祖弘忍大師把衣缽傳給惠能以後，知道眾心一時不能明白他為何一下子成了宗門祖師傳人，也不能夠服氣，便要惠能深夜離開。,https://books.masterhsingyun.org/ArticleDetail/artcle353
rel_7d51acccb69f,ent_feb9a43ef432,張其昀,Person,person_founds_institution,人物创设机构,ent_755b0e7e804d,中國文化大學,Institution,directed,core_usable,stable_entity_graph,true,2,0,0,0,1,single_article,例如：救國團執行長宋時選、中央黨部祕書長李煥、教育部長蔣彥士、創辦中國文化大學的張其昀與一級上將何應欽將軍等，甚至在這之前，和服務於警務處的陶一珊、陳仙洲等幾位處長，也都曾經做過朋友。,https://books.masterhsingyun.org/ArticleDetail/artcle21541
rel_9e57103c85bb,ent_feb9a43ef432,張其昀,Person,person_founds_institution,人物创设机构,ent_ba22175b5dfe,印度研究所,Institution,directed,core_usable,stable_entity_graph,true,1,0,0,0,1,single_article,回溯佛教在我國是在西漢時候自印度傳入，因而佛門弟子，都視印度為佛陀的祖國，如欲精研佛學，對印度之認識是必要的，有識之士，果有明鑒，華岡中華學術院故院長張其昀博士，於華岡校園內創辦了一所印度研究所，故張博士為了實現創辦印度研究所之初衷，特敦聘星雲大師繼數位學者之後主持所務，大師不辱使命，接下了重任，馬上設班招生，為佛門造就佛法尋根的印度專家學人。,https://books.masterhsingyun.org/ArticleDetail/artcle17417
rel_bfa1a2e1d21e,ent_a80ca1e74f16,張姚宏影,Person,person_founds_institution,人物创设机构,ent_7fa5f29c8fed,日月光集團,Institution,directed,core_usable,stable_entity_graph,true,1,0,0,0,1,single_article,張姚宏影建設伯爵山莊，成立日月光集團，以淨財推動佛教文化教育事業，以此作為自度度人圓滿菩薩道的法門*10。,https://books.masterhsingyun.org/ArticleDetail/artcle4004
rel_c1be29427042,ent_a85aee0d8c26,張少齊,BuddhistFigure,person_founds_institution,人物创设机构,ent_3fed38c9ad97,琉璃印經室,Institution,directed,core_usable,stable_entity_graph,true,1,0,0,0,1,single_article,張少齊居士早年來台時，曾創設建康書局，出版佛教書籍，後來又成立琉璃印經室，影印大藏經，他的琉璃精舍，經常都有諸山長老海會聚集，商討教事。,https://books.masterhsingyun.org/ArticleDetail/artcle16116
rel_c39091bcdae0,ent_a85aee0d8c26,張少齊,BuddhistFigure,person_founds_institution,人物创设机构,ent_9f25e35c3ade,益華文具店,Institution,directed,core_usable,stable_entity_graph,true,1,0,0,0,1,single_article,張少齊老居士曾就讀於南京毘盧佛學院，輾轉來台後，得到孫立人夫人孫張清揚居士的幫助，創建益華文具店，後改為建康書局，出版佛教書籍；,https://books.masterhsingyun.org/ArticleDetail/artcle2626
rel_2a96db857b93,ent_2c3d7e0af556,張慈蓮,Person,person_articulates_concept_or_doctrine,人物阐发概念或教义,ent_08a06676073a,佛光,DoctrineTerm,directed,core_usable,stable_entity_graph,true,1,0,0,0,1,single_article,佛化婚禮剛結束，游代書來向我報告台北道場這棟大樓的保全問題，以及地下室停車場刷卡設施，張慈蓮提出了永和佛光大樓重建的計畫，趙翠慧來請示港星在溫哥華義演的海報事宜。,https://books.masterhsingyun.org/ArticleDetail/artcle3861
rel_fd09b51d3c7b,ent_91794616459b,張蓮覺,BuddhistFigure,person_founds_institution,人物创设机构,ent_71f99b9560d6,寶覺佛學研究社,Institution,directed,core_usable,stable_entity_graph,true,1,0,0,0,1,single_article,而蓮覺居士也創立了東蓮覺苑，並設立第一所佛教學校「寶覺第一義學」，以及成立「寶覺佛學研究社」，專門培養弘法人才。,https://books.masterhsingyun.org/ArticleDetail/artcle9518
rel_892463ab1ce2,ent_16849daf5a67,德山宣鑑,BuddhistFigure,person_transmits_to_person,人物传法于人物,ent_5632a370ce49,瓦棺禪師,BuddhistFigure,directed,core_usable,stable_entity_graph,true,1,0,0,0,1,single_article,德山宣鑑禪師大慈悲，以老師之尊藉喝水的因緣將佛法傳給瓦棺禪師，經過多次來往，瓦棺終於承受了德山的法乳，這是瓦棺禪師悟道的因緣。,https://books.masterhsingyun.org/ArticleDetail/artcle6502
rel_6af699b257ac,ent_d7cca7f6fea9,德里文教中心,Institution,institution_hosts_activity,机构举办活动,ent_2cd88f3c0045,文化交流活動,PracticeActivity,directed,core_usable,stable_entity_graph,true,1,0,0,0,1,single_article,德里文教中心秉持大師的理念，經常舉辦文化交流活動，讓每一位參與者了解不同的文化與習俗，慧顯法師為彰顯本土化而演唱的印地語歌曲〈非暴力〉（Ahimsa），傳為佳話。,https://books.masterhsingyun.org/ArticleDetail/artcle17814
rel_92bb56eda861,ent_d7cca7f6fea9,德里文教中心,Institution,institution_trains_group,机构培养人才群体,ent_d3e26d33b46f,大眾,Group,directed,core_usable,stable_entity_graph,true,1,1,1,1,1,single_article,德里文教中心的教育，可大致分為三類。⟂S⟂其中包括針對普通大眾，特別是那些接近佛教的青年的佛學教育和共修教育。⟂S⟂例如，二○○九年一月覺明法師講授「人間佛教在印度的希望與播種工程」，說明佛光山在印度的各種因緣、大師對印度人間佛教發展的期許及弟子們的努力過程。⟂S⟂又如，二○○九年一月德里佛光青年團長GelekPhunsok講授「印度史地」，從舊石器時代到近代史，看到印度朝代的更替及印度佛教的起起落落，激起了佛子「為聖教也，何惜生命」的願心。⟂S⟂另外常年有為期數日的「修道會」，主要宗旨為「認識人間佛教」。,https://books.masterhsingyun.org/ArticleDetail/artcle17814
rel_9259a413858d,ent_d7cca7f6fea9,德里文教中心,Institution,institution_trains_group,机构培养人才群体,ent_1ca5560304d5,青年,Group,directed,core_usable,stable_entity_graph,true,1,1,1,1,1,single_article,德里文教中心的教育，可大致分為三類。⟂S⟂其中包括針對普通大眾，特別是那些接近佛教的青年的佛學教育和共修教育。⟂S⟂例如，二○○九年一月覺明法師講授「人間佛教在印度的希望與播種工程」，說明佛光山在印度的各種因緣、大師對印度人間佛教發展的期許及弟子們的努力過程。⟂S⟂又如，二○○九年一月德里佛光青年團長GelekPhunsok講授「印度史地」，從舊石器時代到近代史，看到印度朝代的更替及印度佛教的起起落落，激起了佛子「為聖教也，何惜生命」的願心。⟂S⟂另外常年有為期數日的「修道會」，主要宗旨為「認識人間佛教」。,https://books.masterhsingyun.org/ArticleDetail/artcle17814
rel_41a006b84561,ent_7d2ec831f628,心固,BuddhistFigure,person_founds_institution,人物创设机构,ent_54bf4d923c14,澄清寺,Institution,directed,core_usable,stable_entity_graph,true,1,0,0,0,1,single_article,在飛機上，無意間遇到早年在壽山寺隨我出家，後來在鳥松創建澄清寺的心固，因為和心固招呼後，回座時忘了座位號碼，以致坐錯了別人的位子，等到位子的主人來了，一看到是我，不但沒有生氣，還很歡喜地請我坐著就好，自己卻坐到後面去。,https://books.masterhsingyun.org/ArticleDetail/artcle2376
rel_11affcb1acb2,ent_22e57cbb95fc,心靈環保,Concept,concept_has_subconcept,概念包含下位概念,ent_c5a84cf471ed,觀念,Concept,directed,core_usable,stable_entity_graph,true,2,0,0,0,1,single_article,所謂心靈環保，包括思想、觀念、語言、心意的淨化，例如：拒絕垃圾知識、思想不被汙染，就是思想的環保；,https://books.masterhsingyun.org/ArticleDetail/artcle9439
rel_45753fde5718,ent_4f58f1ce11ac,慈航,BuddhistFigure,person_articulates_concept_or_doctrine,人物阐发概念或教义,ent_e4c3fa5588a1,因果,DoctrineTerm,directed,core_usable,stable_entity_graph,true,1,1,1,1,1,single_article,一九四九年，初來台灣，掛單中壢圓光寺，常看到住持妙果老和尚寫一首偈語送給信徒：「三寶門中福好修，一文施捨萬文收，不信但看梁武帝，曾施一笠管山河。」⟂S⟂在敬信之餘，心中亟思：「佛教本身固然是上好的福田，但身為佛子的我們如何將這塊福田的價值發揮到極致？」⟂S⟂一九五四年，慈航法師捨報圓寂，恭讀遺偈：「法性本來空寂，因果絲毫不少，自作還是自受，誰也替你不了。」⟂S⟂在感念慈老生前種種行誼之餘，更加提醒自己要不昧「因果」，慈悲利眾。⟂S⟂後來我在世界各地創辦佛教學院，期能紹隆佛種，報佛深恩於萬一；⟂S⟂我每年舉辦僧伽講習會、寺院行政講習會等等，藉此促進教內的交流；⟂S⟂我設立佛殿講堂、養老精舍、墓園設施、義診醫療，希望所有對佛教有貢獻的人都能往生佛光淨土，讓他們的善心好「因」都能在此生享受善美的「果」報。,https://books.masterhsingyun.org/ArticleDetail/artcle6741
rel_141d2c0834bb,ent_4f58f1ce11ac,慈航,BuddhistFigure,person_founds_institution,人物创设机构,ent_ed0205ce157e,彌勒內院,Institution,directed,core_usable,stable_entity_graph,true,1,0,0,0,1,single_article,慈航老法師愛護僧青年，於汐止創辦彌勒內院，集僧青年於一堂，對台灣甚至對世界佛教貢獻最大。,https://books.masterhsingyun.org/ArticleDetail/artcle1947
rel_afa9711e0955,ent_4f58f1ce11ac,慈航,BuddhistFigure,person_leads_institution,人物领导机构,ent_156e18cfb600,台灣佛學院,Institution,directed,core_usable,stable_entity_graph,true,1,1,1,1,1,single_article,「七七事變」後，太虛大師又號召佛弟子群起救國，全國佛教僧青年齊力響應，可說是中國佛教由舊趨新的一個轉捩點。⟂S⟂惟經八年抗日，中國佛教方期重建之時，又值國共失和，中國大陸佛教幾至滅絕。⟂S⟂在此同時，佛教僧青年於一九四九年隨國民政府來台，中國佛教得以在台延續發展。⟂S⟂計民國肇立至國民政府遷台約三十八年間，為教為法的高僧大德有虛雲、來果、弘一、慈舟、圓瑛、印光、敬安、大醒及歐陽竟無、梁漱溟、湯用彤、王恩洋、唐大圓、江味農、范古農、呂碧城、周洋光、戴季陶等。⟂S⟂政府來台前後的台灣佛教已有月眉山靈泉寺、大湖法雲寺、觀音山凌雲寺和大崗山超峰寺等四大主流法派，佛教多具閩南、齋教或日本化的性質。⟂S⟂直至中國僧侶陸續來台後，不斷的努力，如一九四八年慈航法師主持「台灣佛學院」，一九五三年白聖、太滄、智光、南亭在台南大仙寺首開戒壇，台灣佛教才重新回歸到傳統中國佛教的形式制度。,https://books.masterhsingyun.org/ArticleDetail/artcle8727
rel_2dc2c85d19ea,ent_0621237e8037,慈藏,BuddhistFigure,person_performs_practice,人物实践修行,ent_0b2e6e9daabf,禪,DoctrineTerm,directed,core_usable,stable_entity_graph,true,1,0,0,0,1,single_article,慈藏在山中修禪，行頭陀苦行，為了對治昏沉，他在斗室中滿置荊棘，露身直坐，稍一懈怠，利針般的棘刺便扎得他鮮血直流；,https://books.masterhsingyun.org/ArticleDetail/artcle2784
rel_3369636882d9,ent_6b2e6ca8c8d7,慧可,BuddhistFigure,person_learns_from_person,人物师从或学习于人物,ent_2b2ae6bc9d94,菩提達摩,BuddhistFigure,directed,core_usable,stable_entity_graph,true,1,1,1,1,1,single_article,例如：慧可大師不「求」初祖達摩為其安心，如何能深得禪門法髓？⟂S⟂玄奘大師沒有「求」法熱忱，如何能發揚中印文化？⟂S⟂最初師事婆羅門的迦葉尊者不向佛陀「求」道，如何能轉邪歸正？⟂S⟂原本修習小乘的鳩摩羅什不「求」大乘佛法，如何能提升自我？⟂S⟂甚至阿彌陀佛如果「無求」，不經累劫修行，哪裡能成就七寶莊嚴的極樂淨土來接引末法眾生？⟂S⟂二五○○年前，悉達多太子證悟佛道以後，如果「無求」，即刻入滅，後世佛子不就無福得度？⟂S⟂道安大師如果「無求」，畏難苟安，佛教哪裡能在亂世中繼絕存亡？⟂S⟂鑑真大師如果「無求」，遇難則止，日本的佛教也不會有今日的盛況。,https://books.masterhsingyun.org/ArticleDetail/artcle20515
rel_168760240276,ent_3514511ada02,慧天法師,BuddhistFigure,person_teaches_doctrine,人物讲授教义,ent_b9466da1d262,佛教,DoctrineTerm,directed,core_usable,stable_entity_graph,true,1,0,0,0,1,single_article,而做過陸軍軍官學校教育處處長職務的慧天法師，則替同學教授國文、佛教應用文學等。,https://books.masterhsingyun.org/ArticleDetail/artcle7444
rel_25718467d03e,ent_ccb7d7222e36,慧嵬,BuddhistFigure,person_performs_practice,人物实践修行,ent_093d3d337558,禪定,PracticeActivity,directed,core_usable,stable_entity_graph,true,1,0,0,0,1,single_article,慧嵬持戒清淨，常於山谷中修行禪定。,https://books.masterhsingyun.org/ArticleDetail/artcle11434
rel_affa1ecab645,ent_eaaee3b96614,慧慈寺,Institution,institution_hosts_activity,机构举办活动,ent_9e88f39b4155,水懺法會,PracticeActivity,directed,core_usable,stable_entity_graph,true,1,0,0,0,1,single_article,福國寺和慧慈寺也為了台南講堂的籌建，聯合租借了台南協進國小的協進館，舉辦一場千人的水懺法會。,https://books.masterhsingyun.org/ArticleDetail/artcle2389
rel_235100e4ea8a,ent_066ece875150,慧文禪師,BuddhistFigure,person_transmits_to_person,人物传法于人物,ent_906d88af33c1,慧思,BuddhistFigure,directed,core_usable,stable_entity_graph,true,2,0,0,0,2,single_article,*33北齊慧文禪師因讀龍樹菩薩《中論》及《大智度論》，而證悟「一心三觀」的心要，後以心觀傳授慧思禪師。,https://books.masterhsingyun.org/ArticleDetail/artcle8722
rel_1a910c16e319,ent_bcd2f257f284,慧瀚,BuddhistFigure,person_leads_institution,人物领导机构,ent_d42f67273395,佛光山梵唄讚頌團,Institution,directed,core_usable,stable_entity_graph,true,1,0,0,0,1,single_article,慧瀚法師為人威儀穩重，善於梵唄唱誦，多次領導佛光山梵唄讚頌團至世界各地演出，擔綱主唱及副團長等職務。,https://books.masterhsingyun.org/ArticleDetail/artcle19366
rel_f20b05103830,ent_bc477447e8c2,慧遠,BuddhistFigure,person_advocates_doctrine,人物倡导教义,ent_855a8ce70d9a,彌陀淨土信仰,DoctrineTerm,directed,core_usable,stable_entity_graph,true,1,0,0,0,1,single_article,慧遠大師提倡的彌陀淨土信仰，是植基於「神不滅論」的基礎上，並且依據此理論提出《三報論》，即現報、生報、後報。,https://books.masterhsingyun.org/ArticleDetail/artcle17985
rel_fd0eacf455af,ent_bc477447e8c2,慧遠,BuddhistFigure,person_articulates_concept_or_doctrine,人物阐发概念或教义,ent_05e9c39da8a4,五戒,DoctrineTerm,directed,core_usable,stable_entity_graph,true,1,1,1,1,1,single_article,廬山慧遠大師說：「佛道濟俗，亦為要務。⟂S⟂何則？⟂S⟂百家之鄉，十人持五戒，則十人淳謹；⟂S⟂千室之邑，百人修十善，則百人和睦。⟂S⟂傳此風教，以周寰區，編戶千萬，則仁人百萬。⟂S⟂夫能修一善，則去一惡；⟂S⟂一惡既去，則息一刑；⟂S⟂一刑息於家，則萬刑息於國。⟂S⟂此所謂坐致太平者是也。」⟂S⟂如果社會大眾人人能夠受持佛教的五戒，那麼我們的國家必定是一個淳樸謙讓、重德祥和的淨土。⟂S⟂梁啟超說：「佛教之因果，使上智下愚皆不能不信也。」⟂S⟂人人如果能樹立正確的因果觀念，我們的社會就不再是爾虞我詐、巧取豪奪的社會。⟂S⟂人人如果能懷抱佛教的慈悲精神，這個社會就能減少暴戾殺伐之氣，安和樂利。⟂S⟂如果人人都能有佛教「諸法無我」的體認，這個社會將是個我為人人，人人為我的大同世界。⟂S⟂佛教對國家政治的貢獻是什麼？,https://books.masterhsingyun.org/ArticleDetail/artcle8401
rel_d4d783382650,ent_bc477447e8c2,慧遠,BuddhistFigure,person_associated_with_place,人物关联地点,ent_06e503ab9dba,廬山,PlaceRealm,directed,core_usable,stable_entity_graph,true,2,2,2,1,2,multi_article,一、德行的崛起：中國的唐堯虞舜，在群雄之中崛起，就是由於他們孝順仁慈的德行孚眾望，因此被大家推為共主。⟂S⟂孔孟老莊，與世無爭，以仁愛訓育天下，德行卓絕，因此在賢聖之中崛起。⟂S⟂日本的宮本武藏，原為地方上的惡霸流氓，後來在澤安禪師的教育之下，發揮劍客的德行，終於成為一代劍聖。⟂S⟂佛教裡多少大師，如東晉的慧遠大師，足不出廬山，而能影響當朝的君主；⟂S⟂道安大師在名士習鑿齒之前，賦對「四海習鑿齒，彌天釋道安」，他對德行的自豪，良有以也。,https://books.masterhsingyun.org/ArticleDetail/artcle5147
rel_cff56bda7b8f,ent_bc477447e8c2,慧遠,BuddhistFigure,person_founds_institution,人物创设机构,ent_cc86c5bb42e2,廬山蓮社,Institution,directed,core_usable,stable_entity_graph,true,1,0,0,0,1,single_article,譬如慧遠大師依據《般舟三昧經》而成立廬山蓮社，淨土宗第三祖的承遠大師，也是修持這種三昧而有所成就的高僧。,https://books.masterhsingyun.org/ArticleDetail/artcle3702
rel_d86340b54283,ent_bc477447e8c2,慧遠,BuddhistFigure,person_founds_institution,人物创设机构,ent_7ea58f941788,東林寺,Institution,directed,core_usable,stable_entity_graph,true,2,0,0,0,1,single_article,東晉時代，開創淨土宗的慧遠大師在此結社念佛，創建東林寺。,https://books.masterhsingyun.org/ArticleDetail/artcle979
rel_76887fe11334,ent_bc477447e8c2,慧遠,BuddhistFigure,person_founds_institution,人物创设机构,ent_5a706d192d0f,蓮社,Institution,directed,core_usable,stable_entity_graph,true,1,0,0,0,1,single_article,道安大師的高徒慧遠大師，於廬山東淨寺開創蓮社，接引劉遺民、雷宗次、周續之、張季碩等學者專家七十餘人共修，連陶淵明都慕名前往拜訪。,https://books.masterhsingyun.org/ArticleDetail/artcle675
rel_402653b8233d,ent_297086e6fa83,持名念佛,PracticeActivity,practice_aims_at_doctrinal_state,实践趋向教义境界,ent_ac993f0f8df9,一心不亂,Concept,directed,core_usable,stable_entity_graph,true,2,2,2,2,2,multi_article,生活在這個世間上，黑暗的社會需要光明，動盪的時代需要安穩，苦難的人生需要喜悅，煩惱的身心需要解脫，淨土於是成為人人心神馳往的世界﹗然而極樂淨土與琉璃淨土需要持名念佛達到一心不亂才能前往，華藏淨土必須精進修持達到圓融無礙才能契入，兜率淨土雖說近易普及，但仍在三界之內。⟂S⟂《維摩詰經》云︰「隨其心淨則國土淨。」⟂S⟂我們何必捨近求遠，只要大家努力，人間也可以成為淨土，宇宙間哪一方淨土不是諸佛菩薩以無比的願力莊嚴而成？⟂S⟂佛光會員應當本著直下承擔、捨我其誰的精神，效法諸佛菩薩的慈心悲願，去除對三毒的怖畏，散播歡喜的種子，融和極樂淨土的環境清淨、天下一家；⟂S⟂琉璃淨土的政治清明、民生豐富；⟂S⟂華藏淨土的互助友愛、平等和諧；⟂S⟂兜率淨土的善人聚會、法樂無窮，將我們的人間穢域建設成佛光淨土。,https://books.masterhsingyun.org/ArticleDetail/artcle16717
rel_cc3649b1c627,ent_297086e6fa83,持名念佛,PracticeActivity,practice_aims_at_realm,实践趋向宗教境界,ent_b7e8ffb6e90d,琉璃淨土,PlaceRealm,directed,core_usable,stable_entity_graph,true,1,1,1,1,1,single_article,生活在這個世間上，黑暗的社會需要光明，動盪的時代需要安穩，苦難的人生需要喜悅，煩惱的身心需要解脫，淨土於是成為人人心神馳往的世界﹗然而極樂淨土與琉璃淨土需要持名念佛達到一心不亂才能前往，華藏淨土必須精進修持達到圓融無礙才能契入，兜率淨土雖說近易普及，但仍在三界之內。⟂S⟂《維摩詰經》云︰「隨其心淨則國土淨。」⟂S⟂我們何必捨近求遠，只要大家努力，人間也可以成為淨土，宇宙間哪一方淨土不是諸佛菩薩以無比的願力莊嚴而成？⟂S⟂佛光會員應當本著直下承擔、捨我其誰的精神，效法諸佛菩薩的慈心悲願，去除對三毒的怖畏，散播歡喜的種子，融和極樂淨土的環境清淨、天下一家；⟂S⟂琉璃淨土的政治清明、民生豐富；⟂S⟂華藏淨土的互助友愛、平等和諧；⟂S⟂兜率淨土的善人聚會、法樂無窮，將我們的人間穢域建設成佛光淨土。,https://books.masterhsingyun.org/ArticleDetail/artcle16717
rel_3ba97e5d2884,ent_297086e6fa83,持名念佛,PracticeActivity,practice_has_benefit,实践产生利益或功德,ent_6deef676b2d3,福德,DoctrineTerm,directed,core_usable,stable_entity_graph,true,2,1,1,1,2,single_article,般若，是即相顯性的甚深義理，不是一般凡夫所能理解的，因此佛陀大慈大悲，宣說《阿彌陀經》，以持念阿彌陀佛聖號求生淨土為主要修行法門，這是善巧中最善巧的法門，方便中最極方便的法門。⟂S⟂所謂三根普被，萬善同歸，是說明此一念佛法門，若以持名念佛，也能消業障，增長福德及信心，若中等根性以觀想念佛或觀像念佛，能依佛像為所緣，一心繫念，達於專注一趣，引生正定，依定觀慧，由此離煩惱繫縛而得解脫。⟂S⟂上等根性若以實相念佛，從緣起畢竟空中，徹見萬化之本性，所謂人身長大，則為非大身，所謂莊嚴佛土者，即非莊嚴，是名莊嚴，所謂三千大千世界，即非世界是名世界。⟂S⟂一切的一切，無非是緣起的假和合，體悟此法性，即所謂見緣起即見佛。⟂S⟂綜合三種念佛，故說淨土法門為三根普被，而在淨土諸經中，以《佛說阿彌陀經》為最簡明、最方便。,https://books.masterhsingyun.org/ArticleDetail/artcle21752
rel_13f29fc61ba1,ent_297086e6fa83,持名念佛,PracticeActivity,practice_reduces_affliction,实践对治烦恼,ent_3ebe15833764,無明,DoctrineTerm,directed,core_usable,stable_entity_graph,true,1,1,1,1,1,single_article,猶如清珠投於濁水，濁水不得不清。⟂S⟂所以行者應當舉起佛號，一降直下，如太阿劍橫按當軒，斬盡無明煩惱，直到一心不亂、能所兩忘為止。,https://books.masterhsingyun.org/ArticleDetail/artcle23185
rel_bba09e101b1a,ent_297086e6fa83,持名念佛,PracticeActivity,practice_reduces_affliction,实践对治烦恼,ent_3f2cfc0ad314,煩惱,DoctrineTerm,directed,core_usable,stable_entity_graph,true,1,1,1,1,1,single_article,猶如清珠投於濁水，濁水不得不清。⟂S⟂所以行者應當舉起佛號，一降直下，如太阿劍橫按當軒，斬盡無明煩惱，直到一心不亂、能所兩忘為止。,https://books.masterhsingyun.org/ArticleDetail/artcle23185
rel_eabe63a61439,ent_4e068bbdce15,振光法師,BuddhistFigure,person_founds_institution,人物创设机构,ent_553ef7dd9303,慈善寺,Institution,directed,core_usable,stable_entity_graph,true,1,0,0,0,1,single_article,此語可由振光法師創建慈善寺之艱難過程，得以印證。,https://books.masterhsingyun.org/ArticleDetail/artcle21758
rel_bebd0fedf113,ent_94e9ef483424,摩訶菩提協會,Institution,institution_has_subunit,机构具有分支,ent_e0665fc12254,德國分會,Institution,directed,core_usable,stable_entity_graph,true,2,0,0,0,1,single_article,一九一一年，「摩訶菩提協會」在來比錫設立德國分會，齊麥曼（Friedrich Zimmermann，1851-1917）為第一任主席，塞頓杜克為祕書，並迅速將 The Buddhist Look-out 復刊，一九一二年又將此月刊更名為 Mahabodhi Leaves，此刊物到一九一六年刊行得很順利。,https://books.masterhsingyun.org/ArticleDetail/artcle8398
rel_39fc95c9fea9,ent_96ed09cf666d,擇卿,BuddhistFigure,person_leads_institution,人物领导机构,ent_3eb8f8ff40f5,壽聖院,Institution,directed,core_usable,stable_entity_graph,true,1,0,0,0,1,single_article,擇卿住持壽聖院三十年後，退居車溪，專心禪坐。,https://books.masterhsingyun.org/ArticleDetail/artcle11418
rel_b279f550d1be,ent_26bcd7c90003,日光寺,Institution,institution_located_at_place,机构位于地点,ent_b17c59c4dcf8,台東,PlaceRealm,directed,core_usable,stable_entity_graph,true,1,0,0,0,1,single_article,九時抵位於台東的日光寺時，不少的信徒與佛光會員們都在現場，很熱心地陪我巡視工程，直到我要離開台東時，還是沒有時間和住眾講話，不過想到日光寺還在建築中，有這麼多信徒、會員關心、護持，也頗感安慰。,https://books.masterhsingyun.org/ArticleDetail/artcle5785
rel_637a412d94dc,ent_0449d6d7d09d,明詮,BuddhistFigure,person_leads_institution,人物领导机构,ent_71f5bc8a2d5a,元興寺,Institution,directed,core_usable,stable_entity_graph,true,1,0,0,0,1,single_article,嘉祥二年（八四九），明詮任維摩會講主，並住持元興寺，弘揚空宗。,https://books.masterhsingyun.org/ArticleDetail/artcle11787
rel_620078cb0d3c,ent_eddfdea669af,星雲,BuddhistFigure,person_advocates_doctrine,人物倡导教义,ent_0e392a5a426a,三好,Concept,directed,core_usable,stable_entity_graph,true,1,0,0,0,1,single_article,1.為了讓國家社會有更多的好人，星雲提倡三好運動，《三好生命教育教材》乃配合教育部訂定「生命教育推動方案」之計劃，融入「三好」理念，所規劃之系列教材。,https://books.masterhsingyun.org/ArticleDetail/artcle20575
rel_ec98e85faf21,ent_eddfdea669af,星雲,BuddhistFigure,person_advocates_doctrine,人物倡导教义,ent_53b12987dab9,不請之友,Concept,directed,core_usable,stable_entity_graph,true,2,1,1,1,2,single_article,「西來寺」的名稱，即取「大法西來」之意。⟂S⟂過去善財童子南巡求法、玄奘大師西行取經，不但使大乘佛教得以流布久遠利眾更多，對於印度、中國等亞洲各國的文化，也產生重大的影響。⟂S⟂隨著時代的進步，交通日益發達，天涯有如比鄰，星雲覺得今日的佛子應把握天時地利的良機，效法諸佛菩薩「不請之友」的精神，以積極主動的態度促成「大法西來」，讓佛陀的慈雲法雨也能垂布於西方世界，潤澤群生，故以「西來」為名，希望到此弘法的弟子們都能念茲在茲，度眾為先。⟂S⟂令人欣慰的是，西來寺歷任住持慈莊、心定、依空及慈容法師等人均能以此為目標領眾薰修，十年以來，不敢說成就輝煌，但確實已發揮下列十項功能：,https://books.masterhsingyun.org/ArticleDetail/artcle21627
rel_eb03d471aee4,ent_eddfdea669af,星雲,BuddhistFigure,person_advocates_doctrine,人物倡导教义,ent_a6b94c65c717,人間佛教,Concept,directed,core_usable,stable_entity_graph,true,4,0,0,0,1,single_article,星雲提倡人間佛教，就是要使古老的佛教成為解決現代問題的新利器。,https://books.masterhsingyun.org/ArticleDetail/artcle15579
rel_94d5fbfd411e,ent_eddfdea669af,星雲,BuddhistFigure,person_articulates_concept_or_doctrine,人物阐发概念或教义,ent_9cfd3c00cfee,佛化,DoctrineTerm,directed,core_usable,stable_entity_graph,true,1,0,0,0,1,single_article,對人間佛教的內容有了深切了悟和把握之後，星雲提出佛化生活的思想，使人間佛教的理念不再停留於遠離人世的空中樓閣，而是直接落實到人們的人倫日用之中；,https://books.masterhsingyun.org/ArticleDetail/artcle17783
rel_189f5e0ab415,ent_eddfdea669af,星雲,BuddhistFigure,person_articulates_concept_or_doctrine,人物阐发概念或教义,ent_b9466da1d262,佛教,DoctrineTerm,directed,core_usable,stable_entity_graph,true,1,0,0,0,1,single_article,在這裡，星雲創造性地提出了佛教現代化的思想，所謂佛教現代化，就是把佛教的真理以現代人熟悉並易於接受的方式揭示給大眾，並希望由此帶給社會進一步的進步化、現代化。,https://books.masterhsingyun.org/ArticleDetail/artcle17783
rel_a9587e1f051e,ent_eddfdea669af,星雲,BuddhistFigure,person_associated_with_place,人物关联地点,ent_843b8050d4ad,台灣,PlaceRealm,directed,core_usable,stable_entity_graph,true,1,1,1,1,1,single_article,除了自取「法名」之外，大師還為自己取了不少「筆名」。⟂S⟂大師初到台灣時，立意要「以文弘法」，因此經常在台灣的報紙、雜誌、電台撰文投稿。⟂S⟂當時除了用「星雲」之法名以外，用了最多的筆名是「摩迦」。⟂S⟂如一九五三年在宜蘭撰寫《釋迦牟尼佛傳》，乃至一九四九年在苗栗法雲寺看守山林期間所寫的《無聲息的歌唱》，都是用「摩迦」為筆名發表在《人生雜誌》上。,https://books.masterhsingyun.org/ArticleDetail/artcle15245
rel_cf07761f275d,ent_eddfdea669af,星雲,BuddhistFigure,person_associated_with_place,人物关联地点,ent_b693a5f5a653,宜蘭,PlaceRealm,directed,core_usable,stable_entity_graph,true,1,1,1,1,1,single_article,除了自取「法名」之外，大師還為自己取了不少「筆名」。⟂S⟂大師初到台灣時，立意要「以文弘法」，因此經常在台灣的報紙、雜誌、電台撰文投稿。⟂S⟂當時除了用「星雲」之法名以外，用了最多的筆名是「摩迦」。⟂S⟂如一九五三年在宜蘭撰寫《釋迦牟尼佛傳》，乃至一九四九年在苗栗法雲寺看守山林期間所寫的《無聲息的歌唱》，都是用「摩迦」為筆名發表在《人生雜誌》上。,https://books.masterhsingyun.org/ArticleDetail/artcle15245
rel_01c51fa3cf81,ent_eddfdea669af,星雲,BuddhistFigure,person_associated_with_place,人物关联地点,ent_f3c9895f9033,法雲寺,Institution,directed,core_usable,stable_entity_graph,true,2,2,2,1,2,multi_article,除了自取「法名」之外，大師還為自己取了不少「筆名」。⟂S⟂大師初到台灣時，立意要「以文弘法」，因此經常在台灣的報紙、雜誌、電台撰文投稿。⟂S⟂當時除了用「星雲」之法名以外，用了最多的筆名是「摩迦」。⟂S⟂如一九五三年在宜蘭撰寫《釋迦牟尼佛傳》，乃至一九四九年在苗栗法雲寺看守山林期間所寫的《無聲息的歌唱》，都是用「摩迦」為筆名發表在《人生雜誌》上。,https://books.masterhsingyun.org/ArticleDetail/artcle15245
rel_a39ec20b0eca,ent_eddfdea669af,星雲,BuddhistFigure,person_authors_work,人物创作或撰写作品,ent_ef730738c9ac,釋迦牟尼佛傳,Classic,directed,core_usable,stable_entity_graph,true,1,1,1,1,1,single_article,除了自取「法名」之外，大師還為自己取了不少「筆名」。⟂S⟂大師初到台灣時，立意要「以文弘法」，因此經常在台灣的報紙、雜誌、電台撰文投稿。⟂S⟂當時除了用「星雲」之法名以外，用了最多的筆名是「摩迦」。⟂S⟂如一九五三年在宜蘭撰寫《釋迦牟尼佛傳》，乃至一九四九年在苗栗法雲寺看守山林期間所寫的《無聲息的歌唱》，都是用「摩迦」為筆名發表在《人生雜誌》上。,https://books.masterhsingyun.org/ArticleDetail/artcle15245
rel_6dffee99e02a,ent_eddfdea669af,星雲,BuddhistFigure,person_leads_institution,人物领导机构,ent_51d7657ca696,佛光山,Institution,directed,core_usable,stable_entity_graph,true,1,1,1,1,1,single_article,大陸曾有四大名山、叢林古剎，半世紀來卻經歷共產主義無神思想衝擊，又遭文革浩劫破壞，台灣如今可說是獨留了中國大乘佛教的一脈香火。⟂S⟂在星雲領導下，佛光山除了保存傳統佛教的禮儀清規，更洞悉現代社會的趨勢，把制度化的管理系統帶入佛教。⟂S⟂在一篇名為〈今日佛教復興的希望〉的文章中，他清晰的把「健全制度」列為首要目標。⟂S⟂「佛教僧團，本來也有健全的制度，比方說戒律，就是維繫佛教大眾生活很好的制度；⟂S⟂六和敬的原則，也是僧伽相安相處的制度。⟂S⟂過去大陸上的寺廟叢林，所以有規矩，就是因為講制度；⟂S⟂現在台灣的佛教，不但沒有制度，而且各自為政。⟂S⟂不論哪一個人在佛教裡，想做什麼事，那他就怎麼做，誰也無法去管誰。」,https://books.masterhsingyun.org/ArticleDetail/artcle15569
rel_62a415187b3c,ent_eddfdea669af,星雲,BuddhistFigure,person_leads_institution,人物领导机构,ent_dd33ab3f77a2,中華漢藏文化協會,Institution,directed,core_usable,stable_entity_graph,true,1,1,1,1,1,single_article,一九八五年六月二十三日，「中華漢藏文化協會」在台北正式成立，星雲當選首任理事長，歷任六年後，復應聘為榮譽理事長，至一九九八年八月一日第五屆會員大會再度被推選為理事長。⟂S⟂一九八六年十二月二十六日，「世界顯密佛學會議」在佛光山舉行，主題是「顯密融和與世界文化發展」，世界各國學者專家三百餘人參加，密教四大法王共同蒞臨，星雲並於會中發表主題演說「顯密融和」。⟂S⟂三十一日起，在台北舉行「祈求世界和平顯密大法會」三天。⟂S⟂一九八九年七月五日，西藏佛教領袖達賴喇嘛訪問佛光山美國西來寺，星雲親自接待，為顯密佛教的融和寫下新的一頁。⟂S⟂七月十五日，佛光山美國西來寺舉行國際顯密英文佛學座談會，主題是「加強對顯密佛學的認識」，星雲應邀發表主題演說。⟂S⟂一九九三年一月一日，「佛光山禪淨密三修萬人獻燈法會」首次在彰化舉行，由星雲演講禪、淨、密三宗的修行方法，有一萬多人參加，以後每年分區舉行，持續至今。,https://books.masterhsingyun.org/ArticleDetail/artcle8765
rel_df564a7acda8,ent_eddfdea669af,星雲,BuddhistFigure,person_performs_practice,人物实践修行,ent_7589add60cad,弘法,PracticeActivity,directed,core_usable,stable_entity_graph,true,1,1,1,1,1,single_article,除了自取「法名」之外，大師還為自己取了不少「筆名」。⟂S⟂大師初到台灣時，立意要「以文弘法」，因此經常在台灣的報紙、雜誌、電台撰文投稿。⟂S⟂當時除了用「星雲」之法名以外，用了最多的筆名是「摩迦」。⟂S⟂如一九五三年在宜蘭撰寫《釋迦牟尼佛傳》，乃至一九四九年在苗栗法雲寺看守山林期間所寫的《無聲息的歌唱》，都是用「摩迦」為筆名發表在《人生雜誌》上。,https://books.masterhsingyun.org/ArticleDetail/artcle15245
rel_0da1297bf6c3,ent_eddfdea669af,星雲,BuddhistFigure,person_performs_practice,人物实践修行,ent_ed6039c9efc7,三壇大戒,PracticeActivity,directed,core_usable,stable_entity_graph,true,1,1,1,1,1,single_article,星雲於一九九八年二月十五日至廿三日於佛陀證道的聖地印度菩提伽耶，傳授國際三壇大戒，共有一百五十位出家戒子參加，同時有一千五百位在家信徒接受三皈五戒。⟂S⟂儀式隆重，戒會殊勝，參與國家多達二十三個，備受全球佛教界矚目，使佛教國際化又向前跨一大步。⟂S⟂此一佛教盛事，最重要的是以傳承大乘佛教的比丘尼戒法為主。⟂S⟂本來，佛陀開創佛教之初，就在印度建立了比丘、比丘尼、沙彌、沙彌尼等四眾的教團，提倡男女平等，佛法因而能傳燈萬方，弘揚億土。⟂S⟂後來分為南傳（印度、斯里蘭卡等國）和北傳（中國、日本等國）。⟂S⟂自十一世紀開始，南傳國家由於時代和社會的變遷，受重男輕女思想的影響，導致比丘尼教團傳承中斷，弘揚佛教的力量就失去了一半。⟂S⟂面對邁向二十一世紀即將來臨的世紀之交，此次「印度菩提伽耶國際三壇大戒」，回復男女二眾教團完整性的傳承，使佛教更趨於健全圓滿，可說是佛教為世界和平所作的貢獻。,https://books.masterhsingyun.org/ArticleDetail/artcle4626
rel_b7b45613962a,ent_eddfdea669af,星雲,BuddhistFigure,person_uses_name,人物使用笔名或自用名称,ent_d9af0ff8dd30,摩迦,NamePhrase,directed,evidence_usable,evidence_graph,false,1,1,1,1,1,single_article,除了自取「法名」之外，大師還為自己取了不少「筆名」。⟂S⟂大師初到台灣時，立意要「以文弘法」，因此經常在台灣的報紙、雜誌、電台撰文投稿。⟂S⟂當時除了用「星雲」之法名以外，用了最多的筆名是「摩迦」。⟂S⟂如一九五三年在宜蘭撰寫《釋迦牟尼佛傳》，乃至一九四九年在苗栗法雲寺看守山林期間所寫的《無聲息的歌唱》，都是用「摩迦」為筆名發表在《人生雜誌》上。,https://books.masterhsingyun.org/ArticleDetail/artcle15245
rel_bcdb6bff50c3,ent_0460c508acf4,普賢寺,Institution,institution_hosts_activity,机构举办活动,ent_304830ec88fd,大悲懺法會,PracticeActivity,directed,core_usable,stable_entity_graph,true,2,0,0,0,1,single_article,普賢寺今舉辦大悲懺法會，日前已允其為信眾開示，上午九時即往高雄。,https://books.masterhsingyun.org/ArticleDetail/artcle7930
rel_a20aeb632d17,ent_0460c508acf4,普賢寺,Institution,institution_hosts_activity,机构举办活动,ent_33a391b3d6c2,藥師法會,PracticeActivity,directed,core_usable,stable_entity_graph,true,1,0,0,0,1,single_article,這兩天普賢寺正在舉行藥師法會，除佛堂外，齋堂、會議廳、客堂也都擠滿了信徒，專程繞到殿堂和信眾打招呼，個個都欣喜地向我問訊、合掌，不難看出大家禮拜的法喜。,https://books.masterhsingyun.org/ArticleDetail/artcle2292
rel_25bb37616cd0,ent_0460c508acf4,普賢寺,Institution,institution_hosts_activity,机构举办活动,ent_ffe2a7a0922d,都市佛學院,PracticeActivity,directed,core_usable,stable_entity_graph,true,1,1,1,1,1,single_article,目前在佛光山各別分院當中，辦得最成功的有洛杉磯的西來學校、台北道場的禪修會和佛學講座、普門寺的婦女法座會和青年會、桃園講堂的金剛護法會、極樂寺的抄經班、普賢寺連續十四期的都市佛學院、北海道場的朝山、圓福寺的華嚴法會，以及台南講堂與東海道場的八關齋戒，可見每一個道場的活動均各有特色。,https://books.masterhsingyun.org/ArticleDetail/artcle4345
rel_9be8119d58cc,ent_98e24fa51ad8,智順,BuddhistFigure,person_leads_institution,人物领导机构,ent_4500a10db8ab,精舍,Institution,directed,core_usable,stable_entity_graph,true,1,0,0,0,1,single_article,後來，智順行腳至南方，住持於雲門精舍，說法的盛況依然與往昔無異。,https://books.masterhsingyun.org/ArticleDetail/artcle11667
rel_4bdc5b73510c,ent_58965d7f9c4c,智顗,BuddhistFigure,person_founds_institution,人物创设机构,ent_4e4f3e3d146b,國清寺,Institution,directed,core_usable,stable_entity_graph,true,2,0,0,0,2,single_article,例如：隋代智顗大師在浙江天台山創建國清寺等十二座道場、北魏佛陀禪師於河南嵩山營構少林寺、東晉慧遠大師於江西廬山闢建東林寺、清朝宗仰上人於南京攝山重建棲霞寺以及中國佛教四大名山等。,https://books.masterhsingyun.org/ArticleDetail/artcle4074
rel_6d798f102d73,ent_58965d7f9c4c,智顗,BuddhistFigure,person_founds_institution,人物创设机构,ent_60ba9db90bf7,玉泉寺,Institution,directed,core_usable,stable_entity_graph,true,1,0,0,0,1,single_article,五十六歲那年（開皇十三年），智顗回到故鄉荊州，在當陽縣玉泉山創立玉泉寺，開演《法華玄義》，次年說《摩訶止觀》，天台三大部，於焉完成。,https://books.masterhsingyun.org/ArticleDetail/artcle1994
rel_a81241208e85,ent_e4e2958aab91,會泉法師,BuddhistFigure,person_founds_institution,人物创设机构,ent_215069c2efd8,閩南佛學院,Institution,directed,core_usable,stable_entity_graph,true,1,0,0,0,1,single_article,一九二五年，會泉法師任住持，創建閩南佛學院。,https://books.masterhsingyun.org/ArticleDetail/artcle6579
rel_6f72a9000772,ent_d560dda7f43a,月霞,BuddhistFigure,person_founds_institution,人物创设机构,ent_d825e29eb50c,華嚴大學,Institution,directed,core_usable,stable_entity_graph,true,4,0,0,0,2,single_article,同年，月霞法師在上海哈同花園創辦華嚴大學，慈舟考入，跟隨月霞法師研究《華嚴經》及《大乘起信論》，同學有戒塵、持松、常惺、智光等。,https://books.masterhsingyun.org/ArticleDetail/artcle2547
rel_751fafbd2010,ent_d560dda7f43a,月霞,BuddhistFigure,person_leads_institution,人物领导机构,ent_bab854e6bef4,迎江寺,Institution,directed,core_usable,stable_entity_graph,true,1,0,0,0,1,single_article,光緒二十五年（一八九九），月霞住持安徽迎江寺，創設安徽省佛教會，接引僧徒授學三年。,https://books.masterhsingyun.org/ArticleDetail/artcle2533
rel_fd3663c1bbbc,ent_1d8be0124e8f,月霞大師,BuddhistFigure,person_founds_institution,人物创设机构,ent_d825e29eb50c,華嚴大學,Institution,directed,core_usable,stable_entity_graph,true,3,1,1,1,2,single_article,一九一二年以後，月霞大師創辦華嚴大學，培養了不少人才，但是如唐朝清涼大師一樣，把華嚴深奧的教理有系統地加以詮釋、發揚者，則如鳳毛麟角，不容易找到了。,https://books.masterhsingyun.org/ArticleDetail/artcle8385
rel_1061e0fc89a6,ent_a637555654d0,朱斐,BuddhistFigure,person_founds_institution,人物创设机构,ent_5cfe0841a768,菩提醫院,Institution,directed,core_usable,stable_entity_graph,true,1,0,0,0,1,single_article,朱斐居士除了創辦《菩提樹》，還創辦了菩提醫院，成就了慈光圖書館，可以說，當時台中佛教事業的發達，就是藉助李炳南居士的領導，和朱斐居士為教的信念所成就的。,https://books.masterhsingyun.org/ArticleDetail/artcle7448
rel_1972d2a158f0,ent_572473fb5047,朱鏡宙,BuddhistFigure,person_founds_institution,人物创设机构,ent_d64c0bca7cce,台灣印經處,Institution,directed,core_usable,stable_entity_graph,true,2,0,0,0,2,single_article,光復之初，張少齊居士從大陸帶出一批佛經，在台北開設建康書局，朱鏡宙居士發心成立台灣印經處。,https://books.masterhsingyun.org/ArticleDetail/artcle2636
rel_bde51374f7af,ent_99420d41f095,李炳南,BuddhistFigure,person_advocates_doctrine,人物倡导教义,ent_86900e4a696c,淨土,DoctrineTerm,directed,core_usable,stable_entity_graph,true,2,0,0,0,1,single_article,光復後的台灣，最初念佛風氣之盛，絕大部分與炳老提倡淨土有關。,https://books.masterhsingyun.org/ArticleDetail/artcle133
rel_f3b3d6d91397,ent_99420d41f095,李炳南,BuddhistFigure,person_advocates_doctrine,人物倡导教义,ent_39be9be3e203,法門,DoctrineTerm,directed,core_usable,stable_entity_graph,true,1,0,0,0,1,single_article,李炳南老居士在台中弘揚淨土，提倡念佛法門；,https://books.masterhsingyun.org/ArticleDetail/artcle1947
rel_971c8b6c46d1,ent_99420d41f095,李炳南,BuddhistFigure,person_founds_institution,人物创设机构,ent_2899b61d9eb2,台中佛教蓮社,Institution,directed,core_usable,stable_entity_graph,true,1,0,0,0,1,single_article,炳老在一九五○年，與董正之、徐灶生、朱炎煌、張松柏等人籌組成立台中佛教蓮社，每個星期定期念佛，每次集會都有數百人，一直維持至今不輟。,https://books.masterhsingyun.org/ArticleDetail/artcle5690
rel_3ac618963c6e,ent_99420d41f095,李炳南,BuddhistFigure,person_founds_institution,人物创设机构,ent_404ba8fd181a,台中莲社,Institution,directed,core_usable,stable_entity_graph,true,2,0,0,0,2,single_article,如李炳南居士，畢生弘揚淨土，並且在台中創建蓮社；,https://books.masterhsingyun.org/ArticleDetail/artcle24151
rel_5c22c8cb13cc,ent_99420d41f095,李炳南,BuddhistFigure,person_leads_institution,人物领导机构,ent_2899b61d9eb2,台中佛教蓮社,Institution,directed,core_usable,stable_entity_graph,true,1,0,0,0,1,single_article,以近現代佛教弘傳史而言，現代中國佛教的居士道場（如二十世紀上半期歐陽竟無先生所領導的南京支那內學院道場，二十世紀下半期李炳南先生所領導的台中佛教蓮社等）往往有代行僧團職能的訴求和趨勢，而現代日本佛教僧人的在家化，則表現出完全相反的另一種趨勢，這兩種趨勢在現代佛教中的並存，恰恰也說明現代佛教中的僧信關係，確有深入再反思及再平衡的必要性。,https://books.masterhsingyun.org/ArticleDetail/artcle24750
rel_4b276f202b59,ent_17851e61517f,李煥,Person,person_associated_with_place,人物关联地点,ent_1e4251b1cdfd,西來寺,Institution,directed,core_usable,stable_entity_graph,true,1,0,0,0,1,single_article,李煥先生在任總統府資政時，以特使的身分，赴瓜地馬拉祝賀瓜國新總統就職，因而順道訪問西來寺。,https://books.masterhsingyun.org/ArticleDetail/artcle10027
rel_496479307644,ent_f33cc8679c0d,李登輝,Person,person_adheres_to_doctrine_or_tradition,人物信奉教义或宗教传统,ent_ae916c26fce1,基督教,SchoolTradition,directed,core_usable,stable_entity_graph,true,1,1,1,1,1,single_article,尤其，李登輝先生當選總統後，雖然身為虔誠的基督教徒，但是對於佛教淨化人心的功能，還是給予高度的尊重和肯定。⟂S⟂一九九九年，當「佛光山梵唄讚頌團」即將啟程前往歐洲演出之際，他還特地上山為我們授旗，同時宣布每年農曆四月八日為國定佛誕節，與母親節同時慶祝。⟂S⟂由此也可見他並不計較當初我支持陳履安之事了。,https://books.masterhsingyun.org/ArticleDetail/artcle7419
rel_78dfcda611a6,ent_f33cc8679c0d,李登輝,Person,person_associated_with_place,人物关联地点,ent_51d7657ca696,佛光山,Institution,directed,core_usable,stable_entity_graph,true,2,0,0,0,1,single_article,台灣省主席李登輝先生，也以基督教徒身分訪問佛光山，並於佛前上香。,https://books.masterhsingyun.org/ArticleDetail/artcle15300
rel_f70d5902bedf,ent_758af79b6b2b,東京佛光協會,Institution,institution_hosts_activity,机构举办活动,ent_9b8df20182d8,供僧法會,PracticeActivity,directed,core_usable,stable_entity_graph,true,2,0,0,0,1,single_article,‧東京佛光協會主辦「供僧法會」，大師出席應供、開示。,https://books.masterhsingyun.org/ArticleDetail/artcle15315
rel_041101e038e0,ent_758af79b6b2b,東京佛光協會,Institution,institution_propagates_doctrine,机构传播教义,ent_a6b94c65c717,人間佛教,Concept,directed,core_usable,stable_entity_graph,true,1,0,0,0,1,single_article,隨後，東京別院順利完成建設，有了更寬敞的場所後，協會開始成立童子軍、合唱團、技藝班等，也開始辦報紙、園遊會、並在各地陸續成立分會，以推廣人間佛教。,https://books.masterhsingyun.org/ArticleDetail/artcle20412
rel_190cf8e1ae06,ent_b03d195583c8,林野通奇,BuddhistFigure,person_transmits_to_person,人物传法于人物,ent_ba644438c3d5,印月霖比丘尼,BuddhistFigure,directed,core_usable,stable_entity_graph,true,1,0,0,0,1,single_article,時至明朝，印月霖比丘尼獲得林野通奇禪師的欣賞，在當時重男輕女的社會裡，林野通奇禪師卻能破除男女相，將自己悟入佛之知見，傳給印月霖比丘尼，而印月霖比丘尼也不負林野通奇禪師之託，當下承擔。,https://books.masterhsingyun.org/ArticleDetail/artcle6044
rel_a81769f9a8e3,ent_0f31ab794095,柏林佛光山,Institution,institution_hosts_activity,机构举办活动,ent_c68d589bd52b,第三屆人間佛教學術會議,PracticeActivity,directed,core_usable,stable_entity_graph,true,1,0,0,0,1,single_article,2005年11月26日，柏林佛光山舉辦「第三屆人間佛教學術會議．眾生與佛性」，地點：柏林佛光山。,https://books.masterhsingyun.org/ArticleDetail/artcle24174
rel_cd22d69244b5,ent_33660169e0da,格林出版社,Institution,institution_operates_publication,机构运营出版物,ent_45e7c3f3e424,般若心經,Classic,directed,core_usable,stable_entity_graph,true,1,0,0,0,1,single_article,不久前，格林出版社也與義大利插畫家朱里安諾合作，為我出版了《般若心經》繪本。,https://books.masterhsingyun.org/ArticleDetail/artcle16318
rel_9f35ff3560e0,ent_90d3d60d235a,桓玄,Person,person_articulates_concept_or_doctrine,人物阐发概念或教义,ent_ff48d2c27940,沙門,DoctrineTerm,directed,core_usable,stable_entity_graph,true,1,0,0,0,1,single_article,幾十年之後，桓玄再次提出沙門敬王的問題。,https://books.masterhsingyun.org/ArticleDetail/artcle8382
rel_510da49ba919,ent_90d3d60d235a,桓玄,Person,person_suppresses_doctrine,人物压制教义,ent_b9466da1d262,佛教,DoctrineTerm,directed,core_usable,stable_entity_graph,true,1,0,0,0,1,single_article,東晉太尉桓玄壓迫佛教，認為佛教應隸屬於國王權力之下。,https://books.masterhsingyun.org/ArticleDetail/artcle2878
rel_1158c64fe44f,ent_ae8dd2f02dca,梁漱溟,Person,person_advocates_doctrine,人物倡导教义,ent_e3df25818a27,儒家思想,DoctrineTerm,directed,core_usable,stable_entity_graph,true,1,1,1,1,1,single_article,眾所周知，梁漱溟先生，早年傾心佛法，二十九歲時，思想轉變，倡儒疏佛，四十多年來，始終拒絕馬列共產主義，後來遭到中共全面的批判。,https://books.masterhsingyun.org/ArticleDetail/artcle1941
rel_91b314476d12,ent_ae8dd2f02dca,梁漱溟,Person,person_articulates_concept_or_doctrine,人物阐发概念或教义,ent_b9466da1d262,佛教,DoctrineTerm,directed,core_usable,stable_entity_graph,true,1,0,0,0,1,single_article,同樣，當梁漱溟先生在提出佛教應該是什麼、不是什麼的時候，他已經不是在講佛教，他是在講他內心的理想，他在講他自己內心塑造的世界：他所塑造的佛教應該是什麼，不應該是什麼。,https://books.masterhsingyun.org/ArticleDetail/artcle24729
rel_9f12640c8256,ent_ae8dd2f02dca,梁漱溟,Person,person_rejects_doctrine_or_ideology,人物拒斥教义或思想体系,ent_f25853efdc3e,共產主義,Concept,directed,core_usable,stable_entity_graph,true,1,1,1,1,1,single_article,眾所周知，梁漱溟先生，早年傾心佛法，二十九歲時，思想轉變，倡儒疏佛，四十多年來，始終拒絕馬列共產主義，後來遭到中共全面的批判。⟂S⟂這篇文章說明了梁氏最終還是心繫佛教，可供有心研究梁氏思想的人作為參考。,https://books.masterhsingyun.org/ArticleDetail/artcle1941
rel_ec3b2b022e42,ent_ae8dd2f02dca,梁漱溟,Person,person_rejects_doctrine_or_ideology,人物拒斥教义或思想体系,ent_b2e749d1e6fc,馬列共產主義,Concept,directed,core_usable,stable_entity_graph,true,1,1,1,1,1,single_article,眾所周知，梁漱溟先生，早年傾心佛法，二十九歲時，思想轉變，倡儒疏佛，四十多年來，始終拒絕馬列共產主義，後來遭到中共全面的批判。,https://books.masterhsingyun.org/ArticleDetail/artcle1941
rel_3ba7922b2b8e,ent_21e175456121,棲霞山寺,Institution,institution_has_facility,机构具有场所设施,ent_27cbc906ccf8,禪堂,PlaceRealm,directed,core_usable,stable_entity_graph,true,2,1,1,1,2,single_article,過去，在我參學的南京棲霞山寺，雖然平常禪堂、念佛堂、佛學院沒有開放，出家人在裡頭安靜修行，但是一年當中也總有幾次開放，尤其三月初一香會這天，從四面八方湧進的萬千信徒，有的乘火車而來，有的包船而來，有的自己走路前來。,https://books.masterhsingyun.org/ArticleDetail/artcle10808
rel_849a89c859d6,ent_21e175456121,棲霞山寺,Institution,institution_has_subunit,机构具有分支,ent_d85ab40571d4,佛學院,Institution,directed,core_usable,stable_entity_graph,true,2,1,1,1,2,single_article,過去，在我參學的南京棲霞山寺，雖然平常禪堂、念佛堂、佛學院沒有開放，出家人在裡頭安靜修行，但是一年當中也總有幾次開放，尤其三月初一香會這天，從四面八方湧進的萬千信徒，有的乘火車而來，有的包船而來，有的自己走路前來。,https://books.masterhsingyun.org/ArticleDetail/artcle10808
rel_aaa2fe054dfc,ent_21e175456121,棲霞山寺,Institution,institution_located_at_place,机构位于地点,ent_c663043030ff,棲霞山,PlaceRealm,directed,core_usable,stable_entity_graph,true,1,0,0,0,1,single_article,位於南京棲霞山的棲霞山寺，是一處被譽為「六朝聖地，千佛名藍」的著名道場，因為它自三國東吳時就已建寺，多少年來，一向以山石雕刻的千尊佛像而聞名遐邇。,https://books.masterhsingyun.org/ArticleDetail/artcle7586
rel_3a996e742613,ent_649f0016eb2a,榮西,BuddhistFigure,person_founds_institution,人物创设机构,ent_5ca2f4116c8d,寺院,Institution,directed,core_usable,stable_entity_graph,true,1,0,0,0,1,single_article,續後三年間，榮西以肥前、筑前、筑後、薩摩、長門及九州為中心，展開布教活動，全力倡揚禪法，亦開創寺院、制訂禪規、撰述經論等，漸受教界的矚目。,https://books.masterhsingyun.org/ArticleDetail/artcle2777
rel_5aa48e1c44cf,ent_649f0016eb2a,榮西,BuddhistFigure,person_founds_institution,人物创设机构,ent_0427886e237d,聖福寺,Institution,directed,core_usable,stable_entity_graph,true,1,0,0,0,1,single_article,建久六年（一一九五），榮西在博多建立聖福寺，參禪者四方雲集，聲名遠播，此為日本禪寺的創始。,https://books.masterhsingyun.org/ArticleDetail/artcle2777
rel_1b81418fdd66,ent_af42c8598dd2,歐陽漸,Person,person_founds_institution,人物创设机构,ent_dd108b1d7215,支那內學院,Institution,directed,core_usable,stable_entity_graph,true,2,0,0,0,1,single_article,一九二二年，歐陽漸為培養唯識人才，在金陵刻經處創辦「支那內學院」，翌年，始正式開學，其影響力遠大於楊仁山的祇洹精舍。,https://books.masterhsingyun.org/ArticleDetail/artcle2542
rel_7f69c0112ff4,ent_76e029ae79bc,歐陽竟無,Person,person_founds_institution,人物创设机构,ent_dd108b1d7215,支那內學院,Institution,directed,core_usable,stable_entity_graph,true,1,0,0,0,1,single_article,一九二二年，歐陽竟無也在南京創立「支那內學院」，繼續造就許多佛教學者，如呂澂、湯用彤、王恩洋、黃懺華、熊十力等，共同轉動佛教法輪。,https://books.masterhsingyun.org/ArticleDetail/artcle9847
rel_23482efde26c,ent_76e029ae79bc,歐陽竟無,Person,person_leads_institution,人物领导机构,ent_dd108b1d7215,支那內學院,Institution,directed,core_usable,stable_entity_graph,true,1,0,0,0,1,single_article,以近現代佛教弘傳史而言，現代中國佛教的居士道場（如二十世紀上半期歐陽竟無先生所領導的南京支那內學院道場，二十世紀下半期李炳南先生所領導的台中佛教蓮社等）往往有代行僧團職能的訴求和趨勢，而現代日本佛教僧人的在家化，則表現出完全相反的另一種趨勢，這兩種趨勢在現代佛教中的並存，恰恰也說明現代佛教中的僧信關係，確有深入再反思及再平衡的必要性。,https://books.masterhsingyun.org/ArticleDetail/artcle24750
rel_ceeeac51c6da,ent_15b00b47d25e,永光,BuddhistFigure,person_founds_institution,人物创设机构,ent_9187a2f6874a,馬尼拉禪淨中心,Institution,directed,core_usable,stable_entity_graph,true,1,0,0,0,1,single_article,一九九二年，永光向慈恩寺借了三尊佛像及二萬元，隻身到馬尼拉，落腳在王彬中國城阿蘭格市場，借住信徒位於菜市場旁五層樓的房子，就這樣成立了「馬尼拉禪淨中心」。,https://books.masterhsingyun.org/ArticleDetail/artcle23686
rel_75ab293f7659,ent_ca32ff4b2476,永明延壽,BuddhistFigure,person_advocates_doctrine,人物倡导教义,ent_0b2e6e9daabf,禪,DoctrineTerm,directed,core_usable,stable_entity_graph,true,3,0,0,0,3,single_article,一直到宋代永明延壽大師提倡禪淨雙修，才調和了禪淨的爭端。,https://books.masterhsingyun.org/ArticleDetail/artcle5724
rel_52a146312b2b,ent_ca32ff4b2476,永明延壽,BuddhistFigure,person_advocates_doctrine,人物倡导教义,ent_dd9009d7b1c1,禪淨共修,PracticeActivity,directed,core_usable,stable_entity_graph,true,1,0,0,0,1,single_article,永明延壽禪師提倡「禪淨共修」，每念一句「阿彌陀佛」，十里之內都可以聽到；,https://books.masterhsingyun.org/ArticleDetail/artcle2454
rel_ab9751c47095,ent_15c6626f7294,永東,BuddhistFigure,person_founds_institution,人物创设机构,ent_3612f4013433,佛光山西澳道場,Institution,directed,core_usable,stable_entity_graph,true,1,0,0,0,1,single_article,同年九月，永東法師應西澳佛光協會之請前往弘法，並在梅蘭茲（Maylands）覓地成立「佛光山西澳道場」；,https://books.masterhsingyun.org/ArticleDetail/artcle8399
rel_c90b271c72aa,ent_a7783f33bff4,汾陽善昭,BuddhistFigure,person_leads_institution,人物领导机构,ent_0b63622c8edf,太子院,Institution,directed,core_usable,stable_entity_graph,true,1,0,0,0,1,single_article,此後善昭住持太子院，接引四方來參，足不出戶三十年。,https://books.masterhsingyun.org/ArticleDetail/artcle11507
rel_96585a090500,ent_05a106d85863,沈家楨,Person,person_founds_institution,人物创设机构,ent_378f9946c693,譯經院,Institution,directed,core_usable,stable_entity_graph,true,1,0,0,0,1,single_article,另外，一九七○年左右，沈家楨先生在美國成立「譯經院」，將佛教經典翻譯成英文，當時張澄基教授也參與編輯工作。,https://books.masterhsingyun.org/ArticleDetail/artcle7441
rel_464184e033f5,ent_0bf8235e31fc,法然,BuddhistFigure,person_advocates_doctrine,人物倡导教义,ent_f5fc012ec352,本願念佛,DoctrineTerm,directed,core_usable,stable_entity_graph,true,1,0,0,0,1,single_article,法然一生專弘淨土，提倡本願念佛，流風由京都一直綿延至北陸、東海、九州等地，門下弟子幸西、隆寬、證空、聖光、長西，於法然示寂後繼其法席，成為專修念佛的指導者。,https://books.masterhsingyun.org/ArticleDetail/artcle2776
rel_7b2f87effcab,ent_0a9ad0bbf18a,法相唯識,DoctrineTerm,concept_has_subconcept,概念包含下位概念,ent_dba349b2481f,唯識學,DoctrineTerm,directed,core_usable,stable_entity_graph,true,2,0,0,0,1,single_article,法相唯識包括法相學與唯識學；,https://books.masterhsingyun.org/ArticleDetail/artcle428
rel_cd1a4d221b82,ent_0a9ad0bbf18a,法相唯識,DoctrineTerm,concept_has_subconcept,概念包含下位概念,ent_f0d872fa4743,法相學,DoctrineTerm,directed,core_usable,stable_entity_graph,true,2,0,0,0,1,single_article,法相唯識包括法相學與唯識學；,https://books.masterhsingyun.org/ArticleDetail/artcle428
rel_37bc5b627b8f,ent_2de112de4312,法華禪寺,Institution,institution_hosts_activity,机构举办活动,ent_48d4b4315f6c,跨宗教祈福活動,PracticeActivity,directed,core_usable,stable_entity_graph,true,1,0,0,0,1,single_article,二○一二年啟用以來，法華禪寺於每年在元旦舉辦跨宗教祈福活動，藉以加強和各宗教的合作與互動。,https://books.masterhsingyun.org/ArticleDetail/artcle8398
rel_49ec6adf905d,ent_08dd9ab00fec,法身寺,Institution,institution_belongs_to_school,机构属于宗派,ent_c1e379fcf23b,大眾部,SchoolTradition,directed,core_usable,stable_entity_graph,true,1,0,0,0,1,single_article,此外，南傳佛教雖然尊循原始佛教的制度，嚴謹恪守聲聞乘戒律，但並不全為上座部教派，其中泰國法身寺就是屬於大眾部派別。,https://books.masterhsingyun.org/ArticleDetail/artcle24165
rel_e49512129674,ent_08dd9ab00fec,法身寺,Institution,institution_propagates_doctrine,机构传播教义,ent_e148ca0687f4,佛法,DoctrineTerm,directed,core_usable,stable_entity_graph,true,1,0,0,0,1,single_article,法身寺廣開法緣，以開放的包容力弘揚佛法，這樣的菩薩道場，自創建以來，始終秉持他們的創寺主旨，「以出世的精神，做入世的事業」。,https://books.masterhsingyun.org/ArticleDetail/artcle5711
rel_9da0e455cfe6,ent_f3c9895f9033,法雲寺,Institution,institution_enshrines_or_preserves_ritual_object,机构安奉或典藏仪式物,ent_619c32cc4275,玉佛,RitualObject,directed,core_usable,stable_entity_graph,true,1,1,1,1,1,single_article,弘宗和尚是從台灣到這裡來弘法的，他是妙果和尚的得意門人，對台灣佛教一向都很護持：苗栗縣大湖法雲寺所供奉的台灣省最大的玉佛，就是他請回去供養的；,https://books.masterhsingyun.org/ArticleDetail/artcle1980
rel_d1ba475d3606,ent_f3c9895f9033,法雲寺,Institution,institution_located_at_place,机构位于地点,ent_843b8050d4ad,台灣,PlaceRealm,directed,core_usable,stable_entity_graph,true,1,1,1,1,1,single_article,在往苗栗的途上，忽憶起就在附近的法雲寺，特繞道前去拜訪已年屆八十三歲的妙然老尼師，法雲寺在日據時代為台灣五大寺之一，一九六五年慈莊、慈惠、慈嘉、慈怡等皆在此受戒。⟂S⟂法雲寺擁有八十甲土地，皆屬竹林，記得四十年前初到台灣，曾在法雲寺的竹林裡，看守山林約三月有餘。,https://books.masterhsingyun.org/ArticleDetail/artcle7855
rel_3d889c687f31,ent_f3c9895f9033,法雲寺,Institution,institution_located_at_place,机构位于地点,ent_afb048116bc5,河南,PlaceRealm,directed,core_usable,stable_entity_graph,true,1,1,1,1,1,single_article,明水法遜禪師，北宋雲門僧。⟂S⟂他在河南開封法雲寺法秀圓通座下擔任侍者時，某天有禪僧道林寶琳前來掛單，方丈圓通依叢林規矩，為寶琳請新到茶(新到茶：禪林中為新到客僧舉行的相見之禮)，並由法遜負責前往通知。,https://books.masterhsingyun.org/ArticleDetail/artcle11525
rel_4a5eb3ebda0e,ent_f3c9895f9033,法雲寺,Institution,institution_plans_activity,机构计划活动,ent_7589add60cad,弘法,PracticeActivity,directed,core_usable,stable_entity_graph,true,1,1,1,1,1,single_article,所以，雖然那時嘉義天龍寺、高雄佛教堂、雲林虎尾寺、苗栗法雲寺、三重一信堂等地紛紛邀我前往住持弘法，但基於對宜蘭鄉親「不能輕易退票」的原則，我都一一予以婉拒。,https://books.masterhsingyun.org/ArticleDetail/artcle6410
rel_30acbc953c30,ent_73cb925e3043,泰華寺,Institution,institution_hosts_activity,机构举办活动,ent_93ee6ac5c5fb,千人供僧法會,PracticeActivity,directed,core_usable,stable_entity_graph,true,1,0,0,0,1,single_article,泰華寺每年都舉辦千人供僧法會與泰國比丘結緣，平常也經常有泰國比丘及大學院校師生前來學習大乘佛法，住持心定和尚也經常應邀前往摩訶朱拉隆功大學演講授課。,https://books.masterhsingyun.org/ArticleDetail/artcle24166
rel_03b68d943a8c,ent_6a96000d4114,浴佛法會,PracticeActivity,activity_occurs_at_place,活动发生于地点,ent_63d9fc33a113,叢林寺院,Institution,directed,core_usable,stable_entity_graph,true,1,1,1,1,1,single_article,過去叢林寺院逢農曆四月八日，僧信四眾就會舉辦浴佛法會，慶祝佛誕節；,https://books.masterhsingyun.org/ArticleDetail/artcle17005
rel_89060a1cda3c,ent_6a96000d4114,浴佛法會,PracticeActivity,practice_honors_entity,实践礼敬或赞叹对象,ent_6cacfb08e6df,釋迦牟尼佛,BuddhistFigure,directed,core_usable,stable_entity_graph,true,1,1,1,1,1,single_article,農曆四月八日，是紀念佛教教主釋迦牟尼佛誕生的節日，又稱佛誕節、浴佛節。⟂S⟂據佛傳記載，佛陀降誕時有「九龍在上而下香水，洗浴聖尊」，或說有「難陀龍王、優波難陀龍王，於虛空中，吐清淨水，一溫一涼，灌太子身」。⟂S⟂故中國佛教於佛誕日根據此說，舉行浴佛法會。⟂S⟂除慶祝佛陀的降誕，也使佛弟子能於此日植福培德，「發殊勝願，回向無上一切智海」，所以佛誕日也稱為「浴佛節」。,https://books.masterhsingyun.org/ArticleDetail/artcle8863
rel_d27c16d2cf7b,ent_1d3dcb27dd8a,淡江大學,Institution,institution_hosts_activity,机构举办活动,ent_9298d3df3118,學術會議,PracticeActivity,directed,core_usable,stable_entity_graph,true,1,0,0,0,1,single_article,基金會所贊助的文教交流活動有︰舉辦各種佛學講座，第十六屆、十八屆世界佛教徒友誼會，佛光山青年學術會議，國際佛教學術會議，佛學委託研究，敦煌學國際學術討論會，贊助學者出席世界學術會議，獎助優秀人才出國深造，與斯里蘭卡簽訂交換教授計畫，美國西來大學籌建，對中佛會玄奘大學建校、淡江大學舉辦學術會議、香港中文大學召開國際佛學會議的贊助，與財團法人社會大學簽約合辦「社會大學」、贊助雲南大理佛教文化考察團、舉辦各種淨化社會心靈之文教活動，及創辦「世界佛學會考」。,https://books.masterhsingyun.org/ArticleDetail/artcle2757
rel_d75896095b33,ent_b98f4377e8c9,溈山靈祐,BuddhistFigure,person_founds_institution,人物创设机构,ent_070f6be28642,溈山道場,Institution,directed,core_usable,stable_entity_graph,true,1,0,0,0,1,single_article,溈山靈祐禪師二十三歲參學於百丈懷海禪師，並嗣其法，後開創湖南溈山道場，大振法門宗風，門下弟子數百人，其中仰山慧寂、香嚴智閑最為傑出。,https://books.masterhsingyun.org/ArticleDetail/artcle7662
rel_64fe04e3f09b,ent_b98f4377e8c9,溈山靈祐,BuddhistFigure,person_learns_from_person,人物师从或学习于人物,ent_2593239d3d20,百丈懷海,BuddhistFigure,directed,core_usable,stable_entity_graph,true,1,0,0,0,1,single_article,溈山靈祐禪師二十三歲參學於百丈懷海禪師，並嗣其法，後開創湖南溈山道場，大振法門宗風，門下弟子數百人，其中仰山慧寂、香嚴智閑最為傑出。,https://books.masterhsingyun.org/ArticleDetail/artcle7662
rel_e786d8c39ad5,ent_8473a358b3ec,滿可,BuddhistFigure,person_guides_or_saves_group,人物教化或度化群体,ent_1ca5560304d5,青年,Group,directed,core_usable,stable_entity_graph,true,1,0,0,0,1,single_article,在新加坡十多年間，滿可雖然歷經種種磨難，卻接引了很多青年學佛，共同為佛教的發展盡心盡力，並且在他的辛苦奮鬥下，二○○八年，終於完成了一項艱鉅的任務──「新加坡佛光山」道場落成開光了。,https://books.masterhsingyun.org/ArticleDetail/artcle5708
rel_926724e15d43,ent_3e2cd18ac462,滿華,BuddhistFigure,person_founds_institution,人物创设机构,ent_4478738bf138,佛光協會,Institution,directed,core_usable,stable_entity_graph,true,2,0,0,0,1,single_article,滿華是在七月二十日至八月二十二日之間，代表我前往錫蘭（斯里蘭卡）、印度、錫金、孟加拉、尼泊爾等地成立九個佛光協會。,https://books.masterhsingyun.org/ArticleDetail/artcle3868
rel_97aa7ff5b324,ent_c2ce8290a891,漢明帝,Person,person_founds_institution,人物创设机构,ent_5ca2f4116c8d,寺院,Institution,directed,core_usable,stable_entity_graph,true,1,0,0,0,1,single_article,所以自從「馬祖創叢林，百丈立清規」，或者說更早從漢明帝為男眾建立寺院、為女眾建立道場之後，比丘、比丘尼各處來往雲遊參學，就是靠語言一問一答之間了知對方的程度。,https://books.masterhsingyun.org/ArticleDetail/artcle10820
rel_8f069347c3ed,ent_a9576c44a0a1,無上法師,BuddhistFigure,person_leads_institution,人物领导机构,ent_f3e233ef43cc,靈隱寺,Institution,directed,core_usable,stable_entity_graph,true,1,0,0,0,1,single_article,一九五一年我離開中壢圓光寺後，就前往新竹青草湖，應台灣佛教講習會之邀，到了無上法師住持的靈隱寺。,https://books.masterhsingyun.org/ArticleDetail/artcle5642
rel_0061e492894c,ent_b59c0c9f040e,玄奘寺,Institution,institution_located_at_place,机构位于地点,ent_cd6bbb292d87,日月潭,PlaceRealm,directed,core_usable,stable_entity_graph,true,1,0,0,0,1,single_article,在台灣的寺院當中，唯一不是以民間的財力完成，全由政府提供經費完成的，也就是位於日月潭的玄奘寺了。,https://books.masterhsingyun.org/ArticleDetail/artcle5690
rel_b8ab9185509a,ent_c5e74c42686c,王永慶,Person,person_associated_with_place,人物关联地点,ent_51d7657ca696,佛光山,Institution,directed,core_usable,stable_entity_graph,true,1,0,0,0,1,single_article,此外，王永慶先生專程訪問佛光山，我們促膝長談三小時，他沒談台塑企業，我也沒說佛光山，我們只是談社會醫療，以及眼角膜捐贈的問題；,https://books.masterhsingyun.org/ArticleDetail/artcle10734
rel_672ba3b62183,ent_c5e74c42686c,王永慶,Person,person_founds_institution,人物创设机构,ent_e1851ae24c56,長庚醫院,Institution,directed,core_usable,stable_entity_graph,true,1,0,0,0,1,single_article,如王永慶創辦長庚醫院，台南紡織創立南台科大，佛光山也創立西來大學、南華大學、佛光大學等，都希望為社會公益盡一點微忱。,https://books.masterhsingyun.org/ArticleDetail/artcle5480
rel_d839b27c8d17,ent_1dc98ca832ba,瑞今,BuddhistFigure,person_founds_institution,人物创设机构,ent_1960d9d53d47,世界佛教徒聯誼會菲律賓分會,Institution,directed,core_usable,stable_entity_graph,true,1,0,0,0,1,single_article,瑞今長老熱心弘法與慈濟事業，並創辦能仁學校，於一九五二年成立世界佛教徒聯誼會菲律賓分會並任會長。,https://books.masterhsingyun.org/ArticleDetail/artcle4357
rel_331cb1edeff3,ent_1dc98ca832ba,瑞今,BuddhistFigure,person_founds_institution,人物创设机构,ent_eebecdbcf8a7,能仁學校,Institution,directed,core_usable,stable_entity_graph,true,2,0,0,0,2,single_article,其中有瑞今法師創辦的能仁學校，劉梅生（今為覺生法師）創辦的普賢學校、普賢中學，劉梅生及施性儀等人所創設的佛教居士林，還有自立法師創辦之《慈航季刊》等，都使菲律賓佛教，顯得生氣活力。,https://books.masterhsingyun.org/ArticleDetail/artcle23809
rel_d00d354ab1f8,ent_1dc98ca832ba,瑞今,BuddhistFigure,person_founds_institution,人物创设机构,ent_8424365baa8d,世界佛教徒友誼會菲律賓分會,Institution,directed,core_usable,stable_entity_graph,true,1,0,0,0,1,single_article,在參與國際性佛教活動方面，一九五二年，由瑞今法師率團出席在日本召開的「世界佛教徒友誼會」大會，後即成立「世界佛教徒友誼會菲律賓分會」，並曾先後多次出席在世界各地召開的「世界佛教徒友誼會」、「世界佛教僧伽大會」、「世界華僧大會」等國際性會議，對促進國際性的佛教文化交流，不但熱心響應推行，且貢獻良多。,https://books.masterhsingyun.org/ArticleDetail/artcle8397
rel_43df253e0fb0,ent_f69a08b8c62c,白聖,BuddhistFigure,person_leads_institution,人物领导机构,ent_420680a4336b,中國佛教會,Institution,directed,core_usable,stable_entity_graph,true,1,0,0,0,1,single_article,白聖長老領導下的「中國佛教會」，我雖不盡滿意，但白老對佛教的熱忱和苦心，我一直欽佩尊敬。,https://books.masterhsingyun.org/ArticleDetail/artcle24388
rel_1cd1edb00232,ent_487f7c9064c2,白話佛經編纂會議,PracticeActivity,activity_occurs_at_place,活动发生于地点,ent_36339f090564,廣州,PlaceRealm,directed,core_usable,stable_entity_graph,true,1,0,0,0,1,single_article,1991年，「白話佛經編纂會議」在廣州召開第一次會議，132冊《中國佛教經典寶藏》的編修工作正式展開。,https://books.masterhsingyun.org/ArticleDetail/artcle24212
rel_634682728ae0,ent_2593239d3d20,百丈懷海,BuddhistFigure,person_advocates_doctrine,人物倡导教义,ent_0b2e6e9daabf,禪,DoctrineTerm,directed,core_usable,stable_entity_graph,true,5,0,0,0,2,single_article,古代的聖賢大德，如唐朝百丈禪師提倡「一日不作，一日不食」的農禪生活；,https://books.masterhsingyun.org/ArticleDetail/artcle21799
rel_fead4c7de8eb,ent_2593239d3d20,百丈懷海,BuddhistFigure,person_formulates_institutional_rule,人物制定制度,ent_8f8935aa5221,叢林制度,Concept,directed,core_usable,stable_entity_graph,true,1,0,0,0,1,single_article,到了百丈禪師更創建叢林制度，而樹立「一日不作，一日不食」的作務精神，提倡力耕大種、服田力穡的農禪生活，把禪的精神，深深地植根於大地之中；,https://books.masterhsingyun.org/ArticleDetail/artcle3702
rel_e125145ea950,ent_2593239d3d20,百丈懷海,BuddhistFigure,person_formulates_institutional_rule,人物制定制度,ent_38c6c4ef57c6,叢林清規,Concept,directed,core_usable,stable_entity_graph,true,1,0,0,0,1,single_article,唐代百丈懷海禪師建立叢林清規，其主要用意，在於改變傳統佛教徒遊行乞食之現象，改以開墾農田，建立「一日不作，一日不食」之制度。,https://books.masterhsingyun.org/ArticleDetail/artcle17787
rel_805da074a308,ent_2593239d3d20,百丈懷海,BuddhistFigure,person_leads_institution,人物领导机构,ent_df5f0e541e60,叢林,Institution,directed,core_usable,stable_entity_graph,true,1,0,0,0,1,single_article,由於懷海禪師住持的叢林位於百丈山的絕頂，故又號百丈禪師。,https://books.masterhsingyun.org/ArticleDetail/artcle8389
rel_ff38f7f0d9b6,ent_9d216472f99d,百丈懷海禪師,BuddhistFigure,person_advocates_doctrine,人物倡导教义,ent_0b2e6e9daabf,禪,DoctrineTerm,directed,core_usable,stable_entity_graph,true,1,0,0,0,1,single_article,中國佛教史上，唐朝百丈懷海禪師提倡「一日不作、一日不食」的農禪生活，自給自足；,https://books.masterhsingyun.org/ArticleDetail/artcle15579
rel_bccfa98e4ce2,ent_2e7e654511a2,皈依三寶典禮,PracticeActivity,activity_serves_group,活动或实践服务群体,ent_1b85a8db0019,信徒,Group,directed,core_usable,stable_entity_graph,true,1,1,1,1,1,single_article,下午三時，主持佛光協會成立大會暨皈依剃度典禮。⟂S⟂……首先為史瓦濟蘭協會會長林宗明、副會長張明東、祕書長林凱偉授證；⟂S⟂接著為現場的三百多名信徒主持皈依三寶典禮，及為來自剛果的十名青年巴路、達奇、穆安達、陸今古、郭拉、陸湯古、福度、康古、穆易笛、畢干度等人舉行剃度典禮。⟂S⟂這是佛教在非洲的第一次剃度典禮，也是佛教史上第一批非洲人出家。⟂S⟂誠如熱內會長致辭時說，佛教歷經二千多年後傳到非洲，終於露出曙光，佛光的平等普照非洲大地，為非洲眾生帶來光明，為非洲佛教帶來希望，今天非洲第一批青年披剃出家，使得佛教的法脈在非洲有了傳承，也為非洲佛教的本土化寫下里程碑。⟂S⟂（一九九四／十／十五《星雲日記》）,https://books.masterhsingyun.org/ArticleDetail/artcle15313
rel_20688e16b221,ent_b5f7bfdde13d,真覺宗,SchoolTradition,school_founds_institution,宗派创设机构,ent_960ac8a5ad6d,威德大學,Institution,directed,core_usable,stable_entity_graph,true,1,0,0,0,1,single_article,韓國曹溪宗創辦的中央僧伽大學、真覺宗創辦的威德大學更與佛光、南華、西來、南天、光明等五所大學締盟並交換留學生。,https://books.masterhsingyun.org/ArticleDetail/artcle23807
rel_ece89d422a95,ent_cb3fb738fb33,短期出家,PracticeActivity,activity_occurs_at_place,活动发生于地点,ent_5ca2f4116c8d,寺院,Institution,directed,core_usable,stable_entity_graph,true,2,1,1,1,2,single_article,有一個「短期出家」的活動值得一提，就是利用寒暑假期間，讓信徒可以像八關齋戒一樣遠離家居，到寺廟學習出家人出世的生活。⟂S⟂短期出家可從一個禮拜、兩個禮拜到一個月，讓在家人於平日習慣「擁有」，有家、有錢、有愛情、有兒女的生活之後，讓他來到佛寺體驗「空無」的美妙生活。,https://books.masterhsingyun.org/ArticleDetail/artcle2456
rel_6a8cebb6b52f,ent_cb3fb738fb33,短期出家,PracticeActivity,activity_serves_group,活动或实践服务群体,ent_1b85a8db0019,信徒,Group,directed,core_usable,stable_entity_graph,true,2,1,1,1,2,single_article,有一個「短期出家」的活動值得一提，就是利用寒暑假期間，讓信徒可以像八關齋戒一樣遠離家居，到寺廟學習出家人出世的生活。⟂S⟂短期出家可從一個禮拜、兩個禮拜到一個月，讓在家人於平日習慣「擁有」，有家、有錢、有愛情、有兒女的生活之後，讓他來到佛寺體驗「空無」的美妙生活。,https://books.masterhsingyun.org/ArticleDetail/artcle2456
rel_7ed4ccf3f9ed,ent_cb3fb738fb33,短期出家,PracticeActivity,practice_cultivates_doctrine,实践培育教义品质,ent_37673e1464e9,信心,DoctrineTerm,directed,core_usable,stable_entity_graph,true,1,1,1,1,1,single_article,短期出家修道會不同於一般的戒會，主旨在於透過聽經聞法，參禪作務，學習解行並重的出家生活，從日常行住坐臥中的陶冶、薰習，體驗僧團和樂清淨的生活，以引發對佛法的正見與信心，成為「身心出家」的修行人。,https://books.masterhsingyun.org/ArticleDetail/artcle24262
rel_358915119cb5,ent_cb3fb738fb33,短期出家,PracticeActivity,practice_has_component,实践包含组成环节,ent_56b75cacf3e1,行住坐臥,Concept,directed,core_usable,stable_entity_graph,true,2,1,1,1,2,single_article,短期出家修道會不同於一般的戒會，主旨在於透過聽經聞法，參禪作務，學習解行並重的出家生活，從日常行住坐臥中的陶冶、薰習，體驗僧團和樂清淨的生活，以引發對佛法的正見與信心，成為「身心出家」的修行人。⟂S⟂因此，課程的安排除了義解之外，也重視修行實踐及生活威儀之養成。,https://books.masterhsingyun.org/ArticleDetail/artcle24262
rel_f2ec075fc525,ent_2a59db948de0,石屋清珙,BuddhistFigure,person_guides_or_saves_group,人物教化或度化群体,ent_aef97ef170d1,眾生,Group,directed,core_usable,stable_entity_graph,true,1,0,0,0,1,single_article,這就是石屋禪師度化眾生的特殊方法。,https://books.masterhsingyun.org/ArticleDetail/artcle2222
rel_9b22f838b8de,ent_bdd4265cbe96,福國寺,Institution,institution_located_at_place,机构位于地点,ent_a24d417abf3a,台南,PlaceRealm,directed,core_usable,stable_entity_graph,true,1,0,0,0,1,single_article,位於台南的福國寺也是一樣，當初是由一位方居士好心促成，他一直希望福國寺能由佛光山主導。,https://books.masterhsingyun.org/ArticleDetail/artcle6906
rel_e99f627a1a8a,ent_27c751337add,窺基,BuddhistFigure,person_belongs_to_school,人物属于宗派,ent_36eaf958f1b3,唯識宗,SchoolTradition,directed,core_usable,stable_entity_graph,true,1,0,0,0,1,single_article,尉遲公子，就是後來繼承唯識宗的慈恩窺基大師，人稱「三車大師」。,https://books.masterhsingyun.org/ArticleDetail/artcle2820
rel_545ba25c2e64,ent_27c751337add,窺基,BuddhistFigure,person_learns_from_person,人物师从或学习于人物,ent_5a2ca100ca60,玄奘大師,Person,directed,core_usable,stable_entity_graph,true,1,0,0,0,1,single_article,窺基大師，十七歲依止玄奘大師座下披剃出家，二十五歲開始參與譯經，受到玄奘大師器重。,https://books.masterhsingyun.org/ArticleDetail/artcle8385
rel_223c73e2a13d,ent_27c751337add,窺基,BuddhistFigure,person_translates_doctrine,人物翻译经典或教义文献,ent_feb094c88de4,經律論,Classic,directed,core_usable,stable_entity_graph,true,1,1,1,1,1,single_article,唐太宗召見玄奘，敕住弘福寺，與弟子窺基等人專心致力於梵文經典的翻譯，前後十九年間，共譯出經律論七十五部，總計有一三三五卷之多。⟂S⟂所譯經典數量的龐大，不但驚人，而且譯筆信實，講究逐字逐句符合原典的忠實原則，杜絕古代譯經家信筆直譯的翻譯手法。⟂S⟂因此，後世的譯經家把玄奘以前所譯的經典稱為「舊譯」，自玄奘之後所譯的經典稱為「新譯」，同時尊他為中國佛教史上的四大譯經家之一。⟂S⟂在他所譯的經典之中，大多是唯識經論，玄奘也成為中國唯識宗的初祖。⟂S⟂中國佛教經過法顯、玄奘等人的西行求法，窮本探源，已得佛教的全部精義，從此佛學也日益昌盛於中國。,https://books.masterhsingyun.org/ArticleDetail/artcle8379
rel_c5cb16e19b58,ent_f6280a743055,第十二屆世界佛教徒友誼會,PracticeActivity,activity_occurs_at_place,活动发生于地点,ent_b8f9800f633a,日本,PlaceRealm,directed,core_usable,stable_entity_graph,true,1,0,0,0,1,single_article,不過，到了一九七八年，第十二屆世界佛教徒友誼會在日本召開會議，聽說大會已經刪除在台灣的中國佛教會代表的資格，由主辦單位邀請大陸的中國佛教協會代表參加。,https://books.masterhsingyun.org/ArticleDetail/artcle23602
rel_cfc9dff7061b,ent_87c0c1db2921,紫柏真可,BuddhistFigure,person_advocates_doctrine,人物倡导教义,ent_99d68c0b972a,文字經教,DoctrineTerm,directed,core_usable,stable_entity_graph,true,1,0,0,0,1,single_article,紫柏大師尤其提倡文字經教，認為不通文字般若，即不得觀照般若，更無法契會實相般若，與當時只重禪機的禪僧，或一心念佛求生西方的淨土行者，風格截然不同。,https://books.masterhsingyun.org/ArticleDetail/artcle6565
rel_e595127ef9fe,ent_5ac6db7d225c,翁詩傑,Person,person_leads_institution,人物领导机构,ent_bb2753519ef9,國際佛光會,Institution,directed,core_usable,stable_entity_graph,true,1,0,0,0,1,single_article,目前擔任國際佛光會副總會長的翁詩傑，一九五六年出生於吉隆坡，是馬來西亞華人公會（簡稱馬華公會）第八任總會長。,https://books.masterhsingyun.org/ArticleDetail/artcle5700
rel_66531cbbd8fb,ent_d1c44cbe8ede,翠巖可真禪師,BuddhistFigure,person_transmits_to_person,人物传法于人物,ent_8f20a4ee476a,石霜楚圓,BuddhistFigure,directed,core_usable,stable_entity_graph,true,1,0,0,0,1,single_article,宋代臨濟宗的翠巖可真禪師，福建長谿人，得法於石霜楚圓禪師，曾經駐錫於江西的翠巖山，後來遷住湖南道吾山，當時以辯才無礙著稱於世，著有《翠巖真禪師語》一卷，收錄於《續古尊宿語要》中。,https://books.masterhsingyun.org/ArticleDetail/artcle6021
rel_8bd1fda8e548,ent_78bce9b2528a,耶穌,Person,person_advocates_doctrine,人物倡导教义,ent_f87238744e5a,十戒,DoctrineTerm,directed,core_usable,stable_entity_graph,true,2,0,0,0,1,single_article,傳說，耶穌當初也曾到印度學佛法，耶穌所提倡的十戒，與佛教的十善大致相同。,https://books.masterhsingyun.org/ArticleDetail/artcle15313
rel_775e5294087c,ent_1fce4365c252,聖德太子,Person,person_founds_institution,人物创设机构,ent_49d778977d43,四天王寺,Institution,directed,core_usable,stable_entity_graph,true,1,0,0,0,1,single_article,2.建造寺院：聖德太子創建許多寺院，其中以四天王寺、廣隆寺、法隆寺、中宮尼寺等七寺最著名。,https://books.masterhsingyun.org/ArticleDetail/artcle8407
rel_911c2cc27b19,ent_1fce4365c252,聖德太子,Person,person_founds_institution,人物创设机构,ent_f52badece633,廣隆寺,Institution,directed,core_usable,stable_entity_graph,true,1,0,0,0,1,single_article,2.建造寺院：聖德太子創建許多寺院，其中以四天王寺、廣隆寺、法隆寺、中宮尼寺等七寺最著名。,https://books.masterhsingyun.org/ArticleDetail/artcle8407
rel_24ba734a5f8f,ent_1fce4365c252,聖德太子,Person,person_founds_institution,人物创设机构,ent_14232bc689a6,法隆寺,Institution,directed,core_usable,stable_entity_graph,true,1,0,0,0,1,single_article,2.建造寺院：聖德太子創建許多寺院，其中以四天王寺、廣隆寺、法隆寺、中宮尼寺等七寺最著名。,https://books.masterhsingyun.org/ArticleDetail/artcle8407
rel_de224bf8daf8,ent_1fce4365c252,聖德太子,Person,person_founds_institution,人物创设机构,ent_32608cc0596f,中宮尼寺,Institution,directed,core_usable,stable_entity_graph,true,1,0,0,0,1,single_article,2.建造寺院：聖德太子創建許多寺院，其中以四天王寺、廣隆寺、法隆寺、中宮尼寺等七寺最著名。,https://books.masterhsingyun.org/ArticleDetail/artcle8407
rel_130f2321368c,ent_e1733f0c44a4,胡迪化,Person,person_founds_institution,人物创设机构,ent_bae3eb893b75,國際七寶集團,Institution,directed,core_usable,stable_entity_graph,true,1,0,0,0,1,single_article,國際佛光會檀講師胡迪化先生，於上個月第二屆會員大會時，發起成立「國際七寶集團」，其主要目的是在於結合佛教界人士的人力、財力，來經營事業，如︰建築地產、貿易、食品、紡織、服裝、交通、運輸、教育、文化、百貨、旅遊、公益慈善基金等，並將營利回饋社會。,https://books.masterhsingyun.org/ArticleDetail/artcle2642
rel_771f82a443f7,ent_bdf0d2daad80,自覺行佛,DoctrineTerm,concept_defined_as,概念定义为,ent_e9af5e3ffab7,菩薩道的實踐,PracticeActivity,directed,core_usable,stable_entity_graph,true,1,0,0,0,1,single_article,「自覺行佛」不但是人間佛教的修行，也是人間佛教的戒法，因為自覺行佛其實就是菩薩道的實踐，也是菩提心的顯發。,https://books.masterhsingyun.org/ArticleDetail/artcle15649
rel_810dc9e8c129,ent_85b0a707fcd6,若舜,BuddhistFigure,person_leads_institution,人物领导机构,ent_dcafe333fc0f,鎮江金山江天寺,Institution,directed,core_usable,stable_entity_graph,true,1,0,0,0,1,single_article,若舜長老在宣統年間，曾經擔任鎮江金山江天寺的監院，後來受棲霞山宗仰上人記別，一九二一年，繼任法席。,https://books.masterhsingyun.org/ArticleDetail/artcle9926
rel_78d2db601749,ent_58aa0a0872b6,范淑智,Person,person_founds_institution,人物创设机构,ent_03011272066f,道場,Institution,directed,core_usable,stable_entity_graph,true,1,0,0,0,1,single_article,范淑智後來代表法身寺到美國，創建一個很大的道場，西來寺也給予他們協助，大家彼此都互有往來。,https://books.masterhsingyun.org/ArticleDetail/artcle10018
rel_e1aa042f5685,ent_917a1924737e,荷華寺,Institution,institution_hosts_activity,机构举办活动,ent_82dfb5b75921,佛誕節浴佛法會,PracticeActivity,directed,core_usable,stable_entity_graph,true,1,0,0,0,1,single_article,歐洲地區的道場也積極舉辦推動中華文化活動，如荷蘭佛光山荷華寺，不僅成為當地佛教信仰中心，自2000年落成以來，每年在首都阿姆斯特丹舉辦的佛誕節浴佛法會，被公認為民眾認識中華文化的最佳場合。,https://books.masterhsingyun.org/ArticleDetail/artcle24216
rel_71abfd6056a2,ent_2b2ae6bc9d94,菩提達摩,BuddhistFigure,person_associated_with_place,人物关联地点,ent_e5cc7b4be7db,中國,PlaceRealm,directed,core_usable,stable_entity_graph,true,1,1,1,1,1,single_article,在歷史上，從印度的釋迦牟尼佛，他在靈山會上「拈花微笑」，傳承給大迦葉，大迦葉傳給阿難，阿難以下一直到二十八祖達摩祖師來到中國，是為中土初祖。⟂S⟂他傳給二祖慧可，再到三祖僧璨、四祖道信、五祖弘忍，然後六祖惠能大師「一花開五葉」，分出五家七派，其中臨濟禪師就是我們臨濟宗的祖師。,https://books.masterhsingyun.org/ArticleDetail/artcle10917
rel_e2ad8c1b8864,ent_2b2ae6bc9d94,菩提達摩,BuddhistFigure,person_associated_with_place,人物关联地点,ent_61b1246050d9,東土,PlaceRealm,directed,core_usable,stable_entity_graph,true,1,1,1,1,1,single_article,這是《五燈會元》裡載錄的一則著名公案─拈花微笑，說明禪宗衣缽傳承，是根源自靈山會上佛陀傳法給摩訶迦葉。⟂S⟂之後歷經各時代的傳承，至二十八祖菩提達摩東來，播下禪的種子，為東土禪宗初祖。⟂S⟂此後五傳至弘忍，其下六祖惠能，南宗巍然卓立，波瀾壯闊，大放異彩，開演為五家七宗，應驗了達摩祖師「一花開五葉，結果自然成」的預言，也奠定了隋唐禪學的黃金時代。,https://books.masterhsingyun.org/ArticleDetail/artcle43
rel_663ac0183a25,ent_2b2ae6bc9d94,菩提達摩,BuddhistFigure,person_performs_practice,人物实践修行,ent_0b2e6e9daabf,禪,DoctrineTerm,directed,core_usable,stable_entity_graph,true,2,0,0,0,1,single_article,座落於嵩山山脈東的少室峰，菩提達摩曾在此面壁九年修禪入定，傳法予慧可，創建禪宗祖庭，其中的少林寺，則是北魏印度高僧佛陀禪師得到孝文帝相助而建立的。,https://books.masterhsingyun.org/ArticleDetail/artcle979
rel_4656eb7b154f,ent_2b2ae6bc9d94,菩提達摩,BuddhistFigure,person_transmits_to_person,人物传法于人物,ent_6b2e6ca8c8d7,慧可,BuddhistFigure,directed,core_usable,stable_entity_graph,true,3,2,2,1,3,multi_article,後來達摩將衣缽及《楞伽經》傳給慧可，而有了東土的禪宗二祖。,https://books.masterhsingyun.org/ArticleDetail/artcle9849
rel_c962c95cf050,ent_2b2ae6bc9d94,菩提達摩,BuddhistFigure,person_transmits_to_person,人物传法于人物,ent_d338fc4bba62,慧可禪師,BuddhistFigure,directed,core_usable,stable_entity_graph,true,1,0,0,0,1,single_article,菩提達摩東來中國，成為中國禪門的初祖，傳給二祖慧可禪師，再傳三祖僧璨禪師、四祖道信禪師、五祖弘忍禪師、六祖惠能大師。,https://books.masterhsingyun.org/ArticleDetail/artcle11179
rel_5cdeb55378dc,ent_d825e29eb50c,華嚴大學,Institution,institution_located_at_place,机构位于地点,ent_940ca57a3c14,哈同花園,PlaceRealm,directed,core_usable,stable_entity_graph,true,1,0,0,0,1,single_article,因在寺中聽講《楞嚴經》時無法理解深奧的經義，遂於翌年趕赴上海，考入設於哈同花園的華嚴大學，親近月霞法師學習華嚴教義。,https://books.masterhsingyun.org/ArticleDetail/artcle2558
rel_d1e06c723935,ent_f0212579f192,蓮池袾宏,BuddhistFigure,person_founds_institution,人物创设机构,ent_17bb4aed0f57,叢林道場,Institution,directed,core_usable,stable_entity_graph,true,1,0,0,0,1,single_article,蓮池袾宏大師畢生倡導持名念佛，建立叢林道場，廣施教化，為後世推為蓮宗（淨土宗）第八祖，與紫柏、憨山、蕅益諸大師並稱明代四大高僧。,https://books.masterhsingyun.org/ArticleDetail/artcle2017
rel_5556dbd4f5ae,ent_f1bca6797ad9,蘇東坡,Person,person_associated_with_place,人物关联地点,ent_5892747a085e,金山寺,Institution,directed,core_usable,stable_entity_graph,true,1,0,0,0,1,single_article,有一天，蘇東坡前往金山寺拜訪了元，了元熱誠地邀請蘇東坡一道用齋，用過齋，他又陪著蘇東坡閒步中庭。,https://books.masterhsingyun.org/ArticleDetail/artcle11800
rel_264172952981,ent_172d06688783,虛雲,BuddhistFigure,person_performs_practice,人物实践修行,ent_39be9be3e203,法門,DoctrineTerm,directed,core_usable,stable_entity_graph,true,1,0,0,0,1,single_article,近代禪宗泰斗虛雲老和尚，專修禮拜法門，日日三千拜，長達三年之久，又三步一拜，朝禮五台山，三年才完成。,https://books.masterhsingyun.org/ArticleDetail/artcle9842
rel_77095657a720,ent_172d06688783,虛雲,BuddhistFigure,person_performs_practice,人物实践修行,ent_093d3d337558,禪定,PracticeActivity,directed,core_usable,stable_entity_graph,true,1,1,1,1,1,single_article,學菩薩行，應遍學一切世間、出世間法，於度眾時有善巧方便的性格，所謂「未成佛道，先結人緣」，結緣就是菩薩度眾的方便性格，四攝法是菩薩的方便性格，四悉檀是菩薩的方便性格。⟂S⟂如五大菩薩各以大悲、大智、大願、大行、大慈等方便攝受眾生，同時也成就了無盡眾生得度的因緣。⟂S⟂歷代的高僧大德，都有善巧方便，如民初四大高僧：虛雲長老以甚深禪定，令人生信；⟂S⟂印光大師以信函度眾，印經弘化；⟂S⟂弘一大師以書寫經偈，流布法音；⟂S⟂太虛大師以整理僧伽制度，復興佛教。,https://books.masterhsingyun.org/ArticleDetail/artcle4003
rel_c0a97efe4eb2,ent_fd7030665e61,行基,BuddhistFigure,person_performs_practice,人物实践修行,ent_0b2e6e9daabf,禪,DoctrineTerm,directed,core_usable,stable_entity_graph,true,1,0,0,0,1,single_article,母親往生之後，守喪三年，在此期間，行基仍然每日誦經修禪不輟。,https://books.masterhsingyun.org/ArticleDetail/artcle11567
rel_82f74bd84b05,ent_218b5418c0f8,行政院文建會,Institution,institution_hosts_activity,机构举办活动,ent_d4523c6e53ab,宗教界聯合慶祝國家百年的祈福活動,PracticeActivity,directed,core_usable,stable_entity_graph,true,2,0,0,0,1,single_article,二○一一年（民國一百年）八月二十三日，行政院文建會在佛光山佛陀紀念館舉辦一場宗教界聯合慶祝國家百年的祈福活動，定名為「愛與和平」，引發我想寫一些百年來的佛教，作為這個時代的見證。,https://books.masterhsingyun.org/ArticleDetail/artcle21541
rel_4deb206b2bcc,ent_721becb284ae,袾宏,BuddhistFigure,person_founds_institution,人物创设机构,ent_13bd7274e319,雲棲寺,Institution,directed,core_usable,stable_entity_graph,true,1,0,0,0,1,single_article,袾宏創建雲棲寺，不立大門、不建大殿，唯立禪堂安置僧眾，並以禪語與求道者接心，立意禪淨雙修。,https://books.masterhsingyun.org/ArticleDetail/artcle11425
rel_344e4e201f48,ent_b22348c119b7,西來大學,Institution,institution_hosts_activity,机构举办活动,ent_b842c03f1824,智慧共享系列活動,PracticeActivity,directed,core_usable,stable_entity_graph,true,2,0,0,0,1,single_article,•西來大學為慶祝創校十五週年，舉辦「智慧共享系列活動」，四日至八日禮請大師授課，分別就「戰爭與和平」、「家庭問題」、「命運問題」、「財富問題」、「修行問題」等當代社會人生的議題提供看法，由妙西法師英文翻譯。,https://books.masterhsingyun.org/ArticleDetail/artcle15324
rel_2af6e846b68a,ent_b22348c119b7,西來大學,Institution,institution_located_at_place,机构位于地点,ent_62bae25b4d48,洛杉磯,PlaceRealm,directed,core_usable,stable_entity_graph,true,1,0,0,0,1,single_article,經過多年的努力，位於洛杉磯的西來大學（University of the West），終於獲得「美國西部大學聯盟」（WASC）的學術認證，創辦人星雲大師也專程從台灣來主持記者說明會，大師說未來會朝向小而美的精緻教學發展。,https://books.masterhsingyun.org/ArticleDetail/artcle11272
rel_2c905e4d3bb2,ent_b22348c119b7,西來大學,Institution,institution_located_at_place,机构位于地点,ent_b408c21441f1,美國,PlaceRealm,directed,core_usable,stable_entity_graph,true,1,1,1,1,1,single_article,我們在南非有黑人來就讀的非洲佛學院，有印度佛學院、香港佛教學院，在澳洲有南天佛學院，在美國就是西來大學了。,https://books.masterhsingyun.org/ArticleDetail/artcle11213
rel_1e6aba455d9a,ent_cfc1d523af18,西本願寺,Institution,institution_founds_institution,机构创设机构,ent_cd61e01659f8,龍谷大學,Institution,directed,core_usable,stable_entity_graph,true,1,0,0,0,1,single_article,抵達日本後，訪問團注意到西本願寺所創辦的龍谷大學有一支著名的棒球隊。,https://books.masterhsingyun.org/ArticleDetail/artcle24234
rel_f02509e79ffb,ent_8284a6d2e26d,覺三,BuddhistFigure,person_founds_institution,人物创设机构,ent_fa165688662e,南山小學,Institution,directed,core_usable,stable_entity_graph,true,1,0,0,0,1,single_article,瑞今長老現年九十歲，福建晉江人，十二歲於南安小雪寺從轉敬老和尚出家，曾入安徽迎江佛學院，為常惺法師入室弟子，執教於鷺江初期閩南佛學院，曾與覺三於漳州南山寺創辦南山小學，開閩南佛教界創辦國民教育之風氣。,https://books.masterhsingyun.org/ArticleDetail/artcle4357
rel_15ad7dbf6cd4,ent_cf8b17a5b479,覺培,BuddhistFigure,person_founds_institution,人物创设机构,ent_a7156f1e6183,人間佛教讀書會總部,Institution,directed,core_usable,stable_entity_graph,true,1,0,0,0,1,single_article,覺培接任讀書會後，就去台中光明學苑成立「人間佛教讀書會總部」，是時二○○二年一月一日，我跟他說：「你做讀書會我可沒錢給你，但是會給你《佛光教科書》，出家人憂道不憂貧，人能弘道，非道弘人，如果有一千個讀書會，一個讀書會十個人，就會有一萬人讀書；,https://books.masterhsingyun.org/ArticleDetail/artcle7446
rel_0ccd8874f0ff,ent_398c4bf9e94c,覺居,BuddhistFigure,person_leads_institution,人物领导机构,ent_ee7e2d78bc35,惠中寺,Institution,directed,core_usable,stable_entity_graph,true,1,0,0,0,1,single_article,擔任惠中寺住持的徒眾覺居告訴我，蕭珊珊也是一名佛教徒，曾經與友人參訪過新加坡佛光山，甚至在美國佛光山中美寺做過短期的義工，欣賞積極、光明、富有人情味的「人間佛教」。,https://books.masterhsingyun.org/ArticleDetail/artcle21848
rel_2b49cd7cc007,ent_bf65fd1093ad,覺明,BuddhistFigure,person_founds_institution,人物创设机构,ent_d49aad7d1a80,德里大學協會,Institution,directed,core_usable,stable_entity_graph,true,1,0,0,0,1,single_article,二○○二年覺明前往印度德里大學攻讀佛學研究所，並於二○○四年成立德里大學協會，由德里大學佛學系的系主任薩迪亞帕拉（Prof. Bhiskhu Satyapala）擔任會長，會員皆為佛學系的碩博士生，比丘、比丘尼等居多，而覺明則於二○一一年取得德里大學佛學研究所博士學位資格。,https://books.masterhsingyun.org/ArticleDetail/artcle5710
rel_a2ebcf9ef2c1,ent_bf65fd1093ad,覺明,BuddhistFigure,person_teaches_doctrine,人物讲授教义,ent_a6b94c65c717,人間佛教,Concept,directed,core_usable,stable_entity_graph,true,1,1,1,1,1,single_article,德里文教中心的教育，可大致分為三類。⟂S⟂其中包括針對普通大眾，特別是那些接近佛教的青年的佛學教育和共修教育。⟂S⟂例如，二○○九年一月覺明法師講授「人間佛教在印度的希望與播種工程」，說明佛光山在印度的各種因緣、大師對印度人間佛教發展的期許及弟子們的努力過程。⟂S⟂又如，二○○九年一月德里佛光青年團長GelekPhunsok講授「印度史地」，從舊石器時代到近代史，看到印度朝代的更替及印度佛教的起起落落，激起了佛子「為聖教也，何惜生命」的願心。⟂S⟂另外常年有為期數日的「修道會」，主要宗旨為「認識人間佛教」。,https://books.masterhsingyun.org/ArticleDetail/artcle17814
rel_25f8aeaff2b2,ent_e505164c7d9f,覺誠,BuddhistFigure,person_founds_institution,人物创设机构,ent_0922e45d5741,葡萄牙語翻譯中心,Institution,directed,core_usable,stable_entity_graph,true,1,0,0,0,1,single_article,覺誠謹記著我告訴他的「安住，忍耐」這四個字，完成了如來寺的建寺，促進佛光會的成長，還成立葡萄牙語翻譯中心，已翻譯有二十多種佛學著作。,https://books.masterhsingyun.org/ArticleDetail/artcle21733
rel_ac8f4da6e51b,ent_32b501b7d316,證蓮法師,BuddhistFigure,person_founds_institution,人物创设机构,ent_86d9b84b3c0f,竹林精舍,Institution,directed,core_usable,stable_entity_graph,true,1,0,0,0,1,single_article,1949年大陸僧侶陸續渡海到台灣弘法，例如，1952年有道源法師在基隆創建海會寺，南亭法師在台北創建華嚴蓮社，證蓮法師在新店創建竹林精舍，印順法師在新竹創建福嚴精舍；,https://books.masterhsingyun.org/ArticleDetail/artcle24118
rel_bd8d4368a98d,ent_559ebb90f87d,賴維正,Person,person_leads_institution,人物领导机构,ent_6622c429d0aa,三好體育協會,Institution,directed,core_usable,stable_entity_graph,true,1,0,0,0,1,single_article,剛才我們聽到賴維正領導的「三好體育協會」，普門中學女籃隊在女子甲級籃球比賽（HBL）中，把去年的冠軍隊伍都打敗了；,https://books.masterhsingyun.org/ArticleDetail/artcle10963
rel_27753f18c2f6,ent_ec17a2decfc4,趙州從諗,BuddhistFigure,person_articulates_concept_or_doctrine,人物阐发概念或教义,ent_0b2e6e9daabf,禪,DoctrineTerm,directed,core_usable,stable_entity_graph,true,1,0,0,0,1,single_article,風趣幽默又活潑的趙州從諗禪師，曾提出一句禪話：「佛是煩惱，煩惱是佛。」,https://books.masterhsingyun.org/ArticleDetail/artcle5836
rel_0a0e8ce3c87b,ent_6c99489c5da4,趙廷箴,Person,person_performs_practice,人物实践修行,ent_9f4e43b60b58,功德,DoctrineTerm,directed,core_usable,stable_entity_graph,true,1,0,0,0,1,single_article,我最感念的是，由於趙廷箴先生廣修功德，成為美國明尼蘇達州的梅約醫療中心（Mayo‭ ‬Clinic）的捐助者。,https://books.masterhsingyun.org/ArticleDetail/artcle7424
rel_1eb3c202072f,ent_dcd79de06344,趙樸初,BuddhistFigure,person_adheres_to_doctrine_or_tradition,人物信奉教义或宗教传统,ent_b9466da1d262,佛教,DoctrineTerm,directed,core_usable,stable_entity_graph,true,1,1,1,1,1,single_article,趙樸老的一生有兩個信仰，一個是佛教，一個是共產主義。⟂S⟂這兩個信仰當中，他對禪、悟很有心得，從他的言論、講話、書法、詩，很有禪味可以得知。,https://books.masterhsingyun.org/ArticleDetail/artcle20830
rel_58e3f43dfd93,ent_dcd79de06344,趙樸初,BuddhistFigure,person_adheres_to_doctrine_or_tradition,人物信奉教义或宗教传统,ent_f25853efdc3e,共產主義,Concept,directed,core_usable,stable_entity_graph,true,1,1,1,1,1,single_article,趙樸老的一生有兩個信仰，一個是佛教，一個是共產主義。⟂S⟂這兩個信仰當中，他對禪、悟很有心得，從他的言論、講話、書法、詩，很有禪味可以得知。,https://books.masterhsingyun.org/ArticleDetail/artcle20830
rel_aaa4874db75a,ent_dcd79de06344,趙樸初,BuddhistFigure,person_advocates_doctrine,人物倡导教义,ent_a6b94c65c717,人間佛教,Concept,directed,core_usable,stable_entity_graph,true,2,1,1,1,2,single_article,像趙樸初居士在大陸有提倡人間佛教，還有慈航法師在南洋也提倡。,https://books.masterhsingyun.org/ArticleDetail/artcle16313
rel_caa23e496429,ent_dcd79de06344,趙樸初,BuddhistFigure,person_articulates_concept_or_doctrine,人物阐发概念或教义,ent_b9466da1d262,佛教,DoctrineTerm,directed,core_usable,stable_entity_graph,true,1,0,0,0,1,single_article,我們知道中國大陸基本上宗教是不自由的，據聞趙樸初居士提出佛教具有國際性、民族性、群眾性、複雜性、長期性的論點，說的是任何朝代消滅不了也改變不了的，故共產黨的唯物思想也阻止不了民眾的佛教信仰。,https://books.masterhsingyun.org/ArticleDetail/artcle8292
rel_c820236ccba4,ent_7f1ac1d7bf26,通琇禪師,BuddhistFigure,person_leads_institution,人物领导机构,ent_26d386cd5d34,浙江報恩寺,Institution,directed,core_usable,stable_entity_graph,true,1,0,0,0,1,single_article,通琇禪師，十九歲從磬山圓修禪師出家，二十三歲住持浙江報恩寺。,https://books.masterhsingyun.org/ArticleDetail/artcle8381
rel_1fed8279700b,ent_046b38332449,道元,BuddhistFigure,person_founds_institution,人物创设机构,ent_1bd0f2d2d0d7,永平寺,Institution,directed,core_usable,stable_entity_graph,true,2,0,0,0,2,single_article,道元禪師為了探求本來面目，負笈中國大宋習禪，將所學傳回日本，創建曹洞宗第一道場永平寺，成為日本曹洞宗初祖。,https://books.masterhsingyun.org/ArticleDetail/artcle2779
rel_fe357c41f0a5,ent_046b38332449,道元,BuddhistFigure,person_founds_institution,人物创设机构,ent_8b35435c37c2,興聖寶林禪寺,Institution,directed,core_usable,stable_entity_graph,true,1,0,0,0,1,single_article,為了弘法利生，道元創建多所寺院，其中興聖寶林禪寺，是仿照宋朝禪剎的規模，歷時三年，於嘉禎二年（一二三六）四月竣工，十月舉行興聖寺祝國開堂大典，聚眾說法，由弟子孤雲懷奘擔任首座，可惜八年後（一二四三）毀於祝融。,https://books.masterhsingyun.org/ArticleDetail/artcle2779
rel_ee31a5e03a14,ent_046b38332449,道元,BuddhistFigure,person_founds_institution,人物创设机构,ent_d66c75779873,吉祥山大佛寺,Institution,directed,core_usable,stable_entity_graph,true,1,0,0,0,1,single_article,道元悅其環境幽邃，於是在此創建具有七堂伽藍的典型禪寺，作為曹洞宗的道場，名之為「吉祥山大佛寺」。,https://books.masterhsingyun.org/ArticleDetail/artcle2779
rel_20fbedea9333,ent_eb197dcd3cdb,道琛,BuddhistFigure,person_performs_practice,人物实践修行,ent_3f29c09ead57,念佛三昧,PracticeActivity,directed,core_usable,stable_entity_graph,true,1,0,0,0,1,single_article,道琛曾專修念佛三昧，一日，突然有所感悟：「原來彌陀悟我心之寶剎，我心具彌陀之樂邦。,https://books.masterhsingyun.org/ArticleDetail/artcle11804
rel_c3d540266812,ent_eb197dcd3cdb,道琛,BuddhistFigure,person_performs_practice,人物实践修行,ent_2626c70d8c90,法華三昧,DoctrineTerm,directed,core_usable,stable_entity_graph,true,1,0,0,0,1,single_article,寺院落成之後，道琛虔修法華三昧，感得普賢菩薩放光加持，從此智慧、辯才更有進境。,https://books.masterhsingyun.org/ArticleDetail/artcle11804
rel_d7e0fda810ce,ent_19ede6563e4f,道積法師,BuddhistFigure,person_leads_institution,人物领导机构,ent_48762851d75b,益州福感寺,Institution,directed,core_usable,stable_entity_graph,true,1,0,0,0,1,single_article,唐朝道積法師，四川人，住持益州福感寺。,https://books.masterhsingyun.org/ArticleDetail/artcle14890
rel_aab4d8c5413f,ent_11dcd4dc63f2,達摩波羅,BuddhistFigure,person_advocates_doctrine,人物倡导教义,ent_8e8128c383c1,印度佛教,SchoolTradition,directed,core_usable,stable_entity_graph,true,2,1,1,1,2,single_article,摩訶菩提協會的創辦人達摩波羅（Anagarika Dharmapala）志在復興印度佛教，有鑒於弘法工作的重要，在一九二八年組織「佛教布教團」（Buddhist Mission），派遣法師輪流駐英弘法。,https://books.masterhsingyun.org/ArticleDetail/artcle8398
rel_a2c07987c155,ent_11dcd4dc63f2,達摩波羅,BuddhistFigure,person_founds_institution,人物创设机构,ent_94e9ef483424,摩訶菩提協會,Institution,directed,core_usable,stable_entity_graph,true,3,1,1,1,3,single_article,一八九一年，達摩波羅在可倫坡成立「摩訶菩提協會」，其所出版的《摩訶菩提月刊》（Mahabodhi Journal）受到重視，因而被邀請出席一八九三年的「世界宗教會議」（World's Parliament of Reli-gions）發表論文。,https://books.masterhsingyun.org/ArticleDetail/artcle8398
rel_076aa9f22b30,ent_11dcd4dc63f2,達摩波羅,BuddhistFigure,person_founds_institution,人物创设机构,ent_90c4622d4967,摩訶菩提學會,Institution,directed,core_usable,stable_entity_graph,true,1,0,0,0,1,single_article,一八九一年，斯里蘭卡籍的達摩波羅法師率先發起光復佛教文化遺產聖蹟運動，創立「摩訶菩提學會」，次年吉大港的格里巴沙蘭法師創立「孟加拉佛教會」，這是印度佛教初見曙光。,https://books.masterhsingyun.org/ArticleDetail/artcle8397
rel_4a13cbbf1c47,ent_11dcd4dc63f2,達摩波羅,BuddhistFigure,person_founds_institution,人物创设机构,ent_dc05a2f59a2c,摩訶菩提會泰國分會,Institution,directed,core_usable,stable_entity_graph,true,1,0,0,0,1,single_article,面對摩漢人的蠻橫霸道，達摩波羅並不灰心，旋即轉往東京、上海演說募款，並在泰國成立摩訶菩提會分會。,https://books.masterhsingyun.org/ArticleDetail/artcle2792
rel_2da5356a3418,ent_6cacfb08e6df,釋迦牟尼佛,BuddhistFigure,buddhist_figure_has_auspicious_mark,佛教人物具足相好,ent_c3569625ae14,三十二相,DoctrineTerm,directed,core_usable,stable_entity_graph,true,2,2,2,2,2,multi_article,釋迦牟尼佛三十二相之一的「廣長舌相」，就是經過了多生多劫不說妄語修行的果報。,https://books.masterhsingyun.org/ArticleDetail/artcle9871
rel_f52ca572ec70,ent_6cacfb08e6df,釋迦牟尼佛,BuddhistFigure,person_advocates_doctrine,人物倡导教义,ent_2d036e6a1440,供佛,PracticeActivity,directed,core_usable,stable_entity_graph,true,1,0,0,0,1,single_article,過去釋迦牟尼佛講經說教，那時候就提倡歌舞供佛，不是以香、花、燈供佛，是用歌、用舞來供養。,https://books.masterhsingyun.org/ArticleDetail/artcle16426
rel_482a17245c7a,ent_6cacfb08e6df,釋迦牟尼佛,BuddhistFigure,person_advocates_doctrine,人物倡导教义,ent_fd85beeca7fa,平等,DoctrineTerm,directed,core_usable,stable_entity_graph,true,1,0,0,0,1,single_article,但是釋迦牟尼佛提倡種族平等，所謂「四姓出家，同為釋種；,https://books.masterhsingyun.org/ArticleDetail/artcle1792
rel_602402c26224,ent_6cacfb08e6df,釋迦牟尼佛,BuddhistFigure,person_articulates_concept_or_doctrine,人物阐发概念或教义,ent_e148ca0687f4,佛法,DoctrineTerm,directed,core_usable,stable_entity_graph,true,1,1,1,1,1,single_article,佛法，有可說者，也有不可說者。⟂S⟂諸佛菩薩的法，一旦落入於語言文字，就只是世間的說文解字罷了，真正的說法者，是無法可說的。⟂S⟂就如釋迦牟尼佛常講的，我所說佛法者，佛法未增一字；⟂S⟂我所未說佛法者，佛法未減一字，此即所謂佛陀說法。⟂S⟂況且，就真理來講，如爪上泥，未說之法，則如大地土。⟂S⟂所以，佛陀最後在靈山會上拈花示意，表明了不立語言文字，這是見性成佛的法門，那也就是不用說法，以心印心而已啊！,https://books.masterhsingyun.org/ArticleDetail/artcle7566
rel_bae6e647acf6,ent_6cacfb08e6df,釋迦牟尼佛,BuddhistFigure,person_articulates_concept_or_doctrine,人物阐发概念或教义,ent_5e277905d477,平等性,DoctrineTerm,directed,core_usable,stable_entity_graph,true,1,1,1,1,1,single_article,當初佛教教主釋迦牟尼佛出家時，即打破印度社會四姓階級（婆羅門、剎帝利、吠舍、首陀羅），提出偉大的宣言：「四姓出家，同一種姓。」⟂S⟂也就是「百川入海，同一鹹味」的平等性。,https://books.masterhsingyun.org/ArticleDetail/artcle8410
rel_c1f619271f0a,ent_6cacfb08e6df,釋迦牟尼佛,BuddhistFigure,person_associated_with_place,人物关联地点,ent_20b55f8f96b8,人間,PlaceRealm,directed,core_usable,stable_entity_graph,true,1,1,1,1,1,single_article,佛教教主釋迦牟尼佛，出生在二千五百七十九年前的四月八日，降誕的地點就是被稱為四大文化古國之一的印度，這是在中外歷史上均有記載的。⟂S⟂所以，我們決不可以把他看作是，來去無影無蹤的神仙，也不可以把他視為是玄想出來的上帝。⟂S⟂他是有出生的時間、地點，他更有生養他的爸爸、媽媽，他實在是經過多年茹苦含辛的修行而才成就的一位大智大覺的完人！⟂S⟂這是中外的學者、宗教家，都一致地公認。⟂S⟂釋迦牟尼佛出生在人間，生長在人間，成佛亦在人間。⟂S⟂他是我們長夜漫漫的人間慧燈，他是我們苦海茫茫的人間舟航。⟂S⟂他的人格已經到達最完美的境地，他的自性已是清淨不染，他已經解脫世間上一切束縛煩惱，他己經遠離了人生的生死痛苦。⟂S⟂他住世說法四十餘年，告訴我們求得解脫的方法，指示我們應行的大道。⟂S⟂他所留在這人間的佛法，無一不是從他大智覺海中流露出來，無一不是我們離苦得樂的方法。,https://books.masterhsingyun.org/ArticleDetail/artcle24683
rel_1a4da96e03f5,ent_6cacfb08e6df,釋迦牟尼佛,BuddhistFigure,person_associated_with_place,人物关联地点,ent_f5223b7b6224,印度,PlaceRealm,directed,core_usable,stable_entity_graph,true,10,4,4,3,10,multi_article,佛教教主釋迦牟尼佛，出生在紀元前四六三年的四月八日，降誕的地點就是被稱為世界四大文化古國之一的印度，這是在中外歷史上均有記載的。⟂S⟂所以，我們絕不可以把佛陀看作是來去無影無蹤的神仙，也不可以把他視為是玄想出來的上帝。,https://books.masterhsingyun.org/ArticleDetail/artcle6967
rel_baeffc6c3a18,ent_6cacfb08e6df,釋迦牟尼佛,BuddhistFigure,person_associated_with_place,人物关联地点,ent_13faea1f0334,娑婆世界,PlaceRealm,directed,core_usable,stable_entity_graph,true,1,1,1,1,1,single_article,有人也會這樣問：「信佛的人常講，『你要念阿彌陀佛』，阿彌陀佛在哪裡？」⟂S⟂在極樂世界；⟂S⟂「『你要念藥師佛』，藥師佛在哪裡？」⟂S⟂東方琉璃世界；⟂S⟂「釋迦牟尼佛在哪裡？」⟂S⟂釋迦牟尼佛在我們這個娑婆世界。⟂S⟂你說：「我怎麼沒有見到呢？」⟂S⟂有一句話說：「菩薩清涼月，常遊畢竟空；⟂S⟂眾生心垢淨，菩提月現前。」⟂S⟂心湖裡的水是骯髒的，清涼的月當然就不能映現出來了，我們不能怪天上沒有月亮啊！,https://books.masterhsingyun.org/ArticleDetail/artcle1006
rel_c7c9b7cc5404,ent_6cacfb08e6df,釋迦牟尼佛,BuddhistFigure,person_attains_doctrinal_state,人物证得教义境界,ent_c3569625ae14,三十二相,DoctrineTerm,directed,core_usable,stable_entity_graph,true,3,2,2,1,3,multi_article,《涅槃經》說，釋迦牟尼佛之所以能夠修得三十二相、八十種好，是因為佛陀於無量阿僧祇劫之中，恭敬三寶，孝養父母，所以今世才會感得如此殊勝的果報。⟂S⟂可見孝行感果之殊勝，輾轉無有窮盡。,https://books.masterhsingyun.org/ArticleDetail/artcle5029
rel_affccfbcb76f,ent_6cacfb08e6df,釋迦牟尼佛,BuddhistFigure,person_attains_doctrinal_state,人物证得教义境界,ent_a277910bfd3e,八十種好,Concept,directed,core_usable,stable_entity_graph,true,2,2,2,1,2,multi_article,《涅槃經》說，釋迦牟尼佛之所以能夠修得三十二相、八十種好，是因為佛陀於無量阿僧祇劫之中，恭敬三寶，孝養父母，所以今世才會感得如此殊勝的果報。⟂S⟂可見孝行感果之殊勝，輾轉無有窮盡。,https://books.masterhsingyun.org/ArticleDetail/artcle5029
rel_0b30f547f471,ent_6cacfb08e6df,釋迦牟尼佛,BuddhistFigure,person_attains_doctrinal_state,人物证得教义境界,ent_c84e07b0932e,成佛,Concept,directed,core_usable,stable_entity_graph,true,2,2,2,2,2,multi_article,佛教教主釋迦牟尼佛，出生在二千五百七十九年前的四月八日，降誕的地點就是被稱為四大文化古國之一的印度，這是在中外歷史上均有記載的。⟂S⟂所以，我們決不可以把他看作是，來去無影無蹤的神仙，也不可以把他視為是玄想出來的上帝。⟂S⟂他是有出生的時間、地點，他更有生養他的爸爸、媽媽，他實在是經過多年茹苦含辛的修行而才成就的一位大智大覺的完人！⟂S⟂這是中外的學者、宗教家，都一致地公認。⟂S⟂釋迦牟尼佛出生在人間，生長在人間，成佛亦在人間。⟂S⟂他是我們長夜漫漫的人間慧燈，他是我們苦海茫茫的人間舟航。⟂S⟂他的人格已經到達最完美的境地，他的自性已是清淨不染，他已經解脫世間上一切束縛煩惱，他己經遠離了人生的生死痛苦。⟂S⟂他住世說法四十餘年，告訴我們求得解脫的方法，指示我們應行的大道。⟂S⟂他所留在這人間的佛法，無一不是從他大智覺海中流露出來，無一不是我們離苦得樂的方法。,https://books.masterhsingyun.org/ArticleDetail/artcle24683
rel_46d0c38d25b8,ent_6cacfb08e6df,釋迦牟尼佛,BuddhistFigure,person_attains_doctrinal_state,人物证得教义境界,ent_d94e063b24d8,成等正覺,DoctrineTerm,directed,core_usable,stable_entity_graph,true,1,1,1,1,1,single_article,再進一步說：「佛性之前，人人平等。」⟂S⟂釋迦牟尼佛在菩提樹下、金剛座上，成等正覺，他第一句話就是說：「奇哉！⟂S⟂奇哉！⟂S⟂大地眾生皆有如來智慧德相，只因妄想執著而不能證得。」⟂S⟂這就是說明「心、佛、眾生，三無差別」的道理。⟂S⟂佛陀他曾發出宣言：「四姓入佛，同為釋氏。」⟂S⟂、「百川入海，同一鹹味。」⟂S⟂印度社會階級那樣森嚴，但你入了佛門，全部都是佛子。⟂S⟂一切眾生皆有佛性，就等於人人皆可以成為堯舜，所謂「舜何人也？⟂S⟂予何人也？⟂S⟂有為者亦若是」。⟂S⟂所以我們要知道，成佛、成聖、成賢，我都可能；⟂S⟂在這個社會裡面做一個好人，我怎麼不可能呢？,https://books.masterhsingyun.org/ArticleDetail/artcle11033
rel_155baa7fa6b6,ent_6cacfb08e6df,釋迦牟尼佛,BuddhistFigure,person_attains_doctrinal_state,人物证得教义境界,ent_ab2f02643d52,正覺,DoctrineTerm,directed,core_usable,stable_entity_graph,true,2,2,2,1,2,multi_article,你說，我早上起來，忙得不得了，沒有時間。⟂S⟂也沒關係，晚上睡覺之前，念一篇祈願文，這就是佛光人的修行法。⟂S⟂所有諸佛菩薩，沒有一個人不是從行、願成佛的，你看阿彌陀佛四十八大願、藥師佛十二大願，文殊、觀音也都是十二大願。⟂S⟂甚至釋迦牟尼佛坐在菩提樹下，他也是靠堅定的誓願：「我如果不能成等正覺，發誓不離開這個座位。」⟂S⟂喜馬拉雅山可以成為大海，大海可以成為高山，太陽變成冷的，月亮變成熱的，世界怎麼樣的變化，我釋迦在這裡發的願，絕不會改變！⟂S⟂由於這樣堅定的行佛意念，最後他夜睹明星而成正覺。⟂S⟂可見行佛的重要。,https://books.masterhsingyun.org/ArticleDetail/artcle11149
rel_53ff3f986b7b,ent_6cacfb08e6df,釋迦牟尼佛,BuddhistFigure,person_founds_institution,人物创设机构,ent_a778b2ec3c14,教團,Institution,directed,core_usable,stable_entity_graph,true,1,1,1,1,1,single_article,這是說，我們所信仰的對象，必須是歷史上經得起考據證明的，必須是經過舉世所共同承認確實存在的，必須是具有高尚品德與聖潔人格的，必須是能夠自度度人、自覺覺人的大善知識，如此才能引導我們走向正道，才是值得我們信仰、皈依的對象。⟂S⟂例如佛教教主釋迦牟尼佛，歷史上明確記載著他的父母、家族、出生地、誕生的日期，乃至他出家、修行、成道。⟂S⟂他所成立的教團是舉世公認的四大宗教之一──佛教；⟂S⟂他的道德是圓滿清淨的，他具足智德、斷德、恩德，是功行圓滿的覺者；⟂S⟂他所宣說的三法印、四聖諦、八正道等教義，及因果、業力、緣起等，都是顛撲不破的真理，可以引導我們轉迷成悟，離苦得樂。,https://books.masterhsingyun.org/ArticleDetail/artcle4378
rel_1cfb8729dc7b,ent_6cacfb08e6df,釋迦牟尼佛,BuddhistFigure,person_guides_or_saves_group,人物教化或度化群体,ent_2687e149de3b,五比丘,Group,directed,core_usable,stable_entity_graph,true,1,1,1,1,1,single_article,釋迦牟尼佛成道後，在鹿野苑初轉法輪，度化五比丘，是印度佛教成立僧團之濫觴，佛陀為他們訂立各項守則，首先就說明「一切眾生，依食而住」。,https://books.masterhsingyun.org/ArticleDetail/artcle22900
rel_3438a5104398,ent_6cacfb08e6df,釋迦牟尼佛,BuddhistFigure,person_participates_in_activity,人物参与活动,ent_dd79e187a078,靈山會,PracticeActivity,directed,core_usable,stable_entity_graph,true,6,6,6,4,6,multi_article,禪，不是佛教的，是全世界每一個人的寶藏。⟂S⟂釋迦牟尼佛在靈山會上，將涅槃妙心傳給弟子，只講到「心」，還沒有講到「禪」，所以，禪是中華民族的。⟂S⟂（二○一四／七／大師弘法行程摘要）,https://books.masterhsingyun.org/ArticleDetail/artcle15334
rel_f02f8e45d5f6,ent_6cacfb08e6df,釋迦牟尼佛,BuddhistFigure,person_performs_practice,人物实践修行,ent_bd68ae54ea00,修行,PracticeActivity,directed,core_usable,stable_entity_graph,true,4,4,4,4,4,multi_article,這是說，我們所信仰的對象，必須是歷史上經得起考據證明的，必須是經過舉世所共同承認確實存在的，必須是具有高尚品德與聖潔人格的，必須是能夠自度度人、自覺覺人的大善知識，如此才能引導我們走向正道，才是值得我們信仰、皈依的對象。⟂S⟂例如佛教教主釋迦牟尼佛，歷史上明確記載著他的父母、家族、出生地、誕生的日期，乃至他出家、修行、成道。⟂S⟂他所成立的教團是舉世公認的四大宗教之一──佛教；⟂S⟂他的道德是圓滿清淨的，他具足智德、斷德、恩德，是功行圓滿的覺者；⟂S⟂他所宣說的三法印、四聖諦、八正道等教義，及因果、業力、緣起等，都是顛撲不破的真理，可以引導我們轉迷成悟，離苦得樂。,https://books.masterhsingyun.org/ArticleDetail/artcle4378
rel_d35477215684,ent_6cacfb08e6df,釋迦牟尼佛,BuddhistFigure,person_performs_practice,人物实践修行,ent_c9da39b6e30f,出家,PracticeActivity,directed,core_usable,stable_entity_graph,true,1,1,1,1,1,single_article,這是說，我們所信仰的對象，必須是歷史上經得起考據證明的，必須是經過舉世所共同承認確實存在的，必須是具有高尚品德與聖潔人格的，必須是能夠自度度人、自覺覺人的大善知識，如此才能引導我們走向正道，才是值得我們信仰、皈依的對象。⟂S⟂例如佛教教主釋迦牟尼佛，歷史上明確記載著他的父母、家族、出生地、誕生的日期，乃至他出家、修行、成道。⟂S⟂他所成立的教團是舉世公認的四大宗教之一──佛教；⟂S⟂他的道德是圓滿清淨的，他具足智德、斷德、恩德，是功行圓滿的覺者；⟂S⟂他所宣說的三法印、四聖諦、八正道等教義，及因果、業力、緣起等，都是顛撲不破的真理，可以引導我們轉迷成悟，離苦得樂。,https://books.masterhsingyun.org/ArticleDetail/artcle4378
rel_29e0d4d25429,ent_6cacfb08e6df,釋迦牟尼佛,BuddhistFigure,person_performs_practice,人物实践修行,ent_39be9be3e203,法門,DoctrineTerm,directed,core_usable,stable_entity_graph,true,1,0,0,0,1,single_article,原來釋迦牟尼佛多修了一個讚歎法門，「天上天下無如佛，十方世界亦無比，世間所有我盡見，一切無有如佛者。」,https://books.masterhsingyun.org/ArticleDetail/artcle9843
rel_3848b7726199,ent_6cacfb08e6df,釋迦牟尼佛,BuddhistFigure,person_performs_practice,人物实践修行,ent_932ce5962a37,示教利喜,Concept,directed,core_usable,stable_entity_graph,true,2,2,2,1,2,multi_article,釋迦牟尼佛「示教利喜」，開示教導，讓人歡喜。⟂S⟂所以，什麼叫做「人間佛教」？,https://books.masterhsingyun.org/ArticleDetail/artcle16287
rel_657b50c2867a,ent_6cacfb08e6df,釋迦牟尼佛,BuddhistFigure,person_performs_practice,人物实践修行,ent_63b8f0ed08d1,誓願,DoctrineTerm,directed,core_usable,stable_entity_graph,true,1,1,1,1,1,single_article,你說，我早上起來，忙得不得了，沒有時間。⟂S⟂也沒關係，晚上睡覺之前，念一篇祈願文，這就是佛光人的修行法。⟂S⟂所有諸佛菩薩，沒有一個人不是從行、願成佛的，你看阿彌陀佛四十八大願、藥師佛十二大願，文殊、觀音也都是十二大願。⟂S⟂甚至釋迦牟尼佛坐在菩提樹下，他也是靠堅定的誓願：「我如果不能成等正覺，發誓不離開這個座位。」⟂S⟂喜馬拉雅山可以成為大海，大海可以成為高山，太陽變成冷的，月亮變成熱的，世界怎麼樣的變化，我釋迦在這裡發的願，絕不會改變！⟂S⟂由於這樣堅定的行佛意念，最後他夜睹明星而成正覺。⟂S⟂可見行佛的重要。,https://books.masterhsingyun.org/ArticleDetail/artcle11149
rel_7f35e39d5802,ent_6cacfb08e6df,釋迦牟尼佛,BuddhistFigure,person_performs_practice,人物实践修行,ent_451aac4b11fb,讚歎,PracticeActivity,directed,core_usable,stable_entity_graph,true,3,3,3,2,3,multi_article,甚至每部經後面都有一段「歡喜讚歎，信受奉行，作禮而去」等字句；⟂S⟂釋迦牟尼佛比彌勒菩薩早成佛，就是多修了讚歎功德。,https://books.masterhsingyun.org/ArticleDetail/artcle3679
rel_c32b54501f3f,ent_6cacfb08e6df,釋迦牟尼佛,BuddhistFigure,person_performs_practice,人物实践修行,ent_051f7ea6ad2c,轉法輪,Concept,directed,core_usable,stable_entity_graph,true,1,1,1,1,1,single_article,釋迦牟尼佛成道後，在鹿野苑初轉法輪，度化五比丘，是印度佛教成立僧團之濫觴，佛陀為他們訂立各項守則，首先就說明「一切眾生，依食而住」。,https://books.masterhsingyun.org/ArticleDetail/artcle22900
rel_9981ac179ed9,ent_6cacfb08e6df,釋迦牟尼佛,BuddhistFigure,person_performs_practice,人物实践修行,ent_ec6cf25e28ec,讚歎法門,PracticeActivity,directed,core_usable,stable_entity_graph,true,3,3,3,2,3,multi_article,例如過去釋迦牟尼佛和彌勒菩薩曾在一起修行，然而釋迦牟尼佛多修了一個讚歎法門，他真心讚歎弗沙佛：「天上天下無如佛，十方世界亦無比，世間所有我盡見，一切無有如佛者。」⟂S⟂因此他早先成就佛道。,https://books.masterhsingyun.org/ArticleDetail/artcle13395
rel_cecea864f852,ent_6cacfb08e6df,釋迦牟尼佛,BuddhistFigure,person_propagates_doctrine,人物传播教义,ent_e148ca0687f4,佛法,DoctrineTerm,directed,core_usable,stable_entity_graph,true,1,1,1,1,1,single_article,佛教教主釋迦牟尼佛，出生在二千五百七十九年前的四月八日，降誕的地點就是被稱為四大文化古國之一的印度，這是在中外歷史上均有記載的。⟂S⟂所以，我們決不可以把他看作是，來去無影無蹤的神仙，也不可以把他視為是玄想出來的上帝。⟂S⟂他是有出生的時間、地點，他更有生養他的爸爸、媽媽，他實在是經過多年茹苦含辛的修行而才成就的一位大智大覺的完人！⟂S⟂這是中外的學者、宗教家，都一致地公認。⟂S⟂釋迦牟尼佛出生在人間，生長在人間，成佛亦在人間。⟂S⟂他是我們長夜漫漫的人間慧燈，他是我們苦海茫茫的人間舟航。⟂S⟂他的人格已經到達最完美的境地，他的自性已是清淨不染，他已經解脫世間上一切束縛煩惱，他己經遠離了人生的生死痛苦。⟂S⟂他住世說法四十餘年，告訴我們求得解脫的方法，指示我們應行的大道。⟂S⟂他所留在這人間的佛法，無一不是從他大智覺海中流露出來，無一不是我們離苦得樂的方法。,https://books.masterhsingyun.org/ArticleDetail/artcle24683
rel_c6f6b677b0b5,ent_6cacfb08e6df,釋迦牟尼佛,BuddhistFigure,person_teaches_audience,人物教导受众,ent_059514d0074d,十大弟子,Group,directed,core_usable,stable_entity_graph,true,1,1,1,1,1,single_article,但是真正的教育，必須要有菩薩的發心，如釋迦牟尼佛及跟隨他的十大弟子等千二百五十人、耶穌的十大門徒、孔子的七十二賢人等，這許多人因為受到老師教育的感染，興起獻身普世人類的發心，因此能留名青史。⟂S⟂所以，能有「先天下之憂而憂，後天下之樂而樂」的普濟思想，才能顯得出受教育的學子，其人格不同於一般。,https://books.masterhsingyun.org/ArticleDetail/artcle5495
rel_c44ec624c3ff,ent_6cacfb08e6df,釋迦牟尼佛,BuddhistFigure,person_teaches_audience,人物教导受众,ent_aef97ef170d1,眾生,Group,directed,core_usable,stable_entity_graph,true,1,1,1,1,1,single_article,有人問：「釋迦牟尼佛為什麼不生到其他佛國淨土，偏要生到這多苦多難的娑婆世界？」⟂S⟂本經強調「佛為一大事因緣出現世間」，就是為了對娑婆世界的眾生「示教利喜」，意即開示、教導一切眾生，能夠成就佛道；,https://books.masterhsingyun.org/ArticleDetail/artcle9900
rel_e3f44a8d3899,ent_6cacfb08e6df,釋迦牟尼佛,BuddhistFigure,person_teaches_audience,人物教导受众,ent_2687e149de3b,五比丘,Group,directed,core_usable,stable_entity_graph,true,1,1,1,1,1,single_article,釋迦牟尼佛成道後，在鹿野苑初轉法輪，度化五比丘，是印度佛教成立僧團之濫觴，佛陀為他們訂立各項守則，首先就說明「一切眾生，依食而住」。,https://books.masterhsingyun.org/ArticleDetail/artcle22900
rel_869d1a8d0d42,ent_6cacfb08e6df,釋迦牟尼佛,BuddhistFigure,person_teaches_doctrine,人物讲授教义,ent_a9c3d4e6d173,三法印,DoctrineTerm,directed,core_usable,stable_entity_graph,true,1,1,1,1,1,single_article,這是說，我們所信仰的對象，必須是歷史上經得起考據證明的，必須是經過舉世所共同承認確實存在的，必須是具有高尚品德與聖潔人格的，必須是能夠自度度人、自覺覺人的大善知識，如此才能引導我們走向正道，才是值得我們信仰、皈依的對象。⟂S⟂例如佛教教主釋迦牟尼佛，歷史上明確記載著他的父母、家族、出生地、誕生的日期，乃至他出家、修行、成道。⟂S⟂他所成立的教團是舉世公認的四大宗教之一──佛教；⟂S⟂他的道德是圓滿清淨的，他具足智德、斷德、恩德，是功行圓滿的覺者；⟂S⟂他所宣說的三法印、四聖諦、八正道等教義，及因果、業力、緣起等，都是顛撲不破的真理，可以引導我們轉迷成悟，離苦得樂。,https://books.masterhsingyun.org/ArticleDetail/artcle4378
rel_9039bde90fd2,ent_6cacfb08e6df,釋迦牟尼佛,BuddhistFigure,person_teaches_doctrine,人物讲授教义,ent_06f6af3b8ec0,八正道,DoctrineTerm,directed,core_usable,stable_entity_graph,true,1,1,1,1,1,single_article,這是說，我們所信仰的對象，必須是歷史上經得起考據證明的，必須是經過舉世所共同承認確實存在的，必須是具有高尚品德與聖潔人格的，必須是能夠自度度人、自覺覺人的大善知識，如此才能引導我們走向正道，才是值得我們信仰、皈依的對象。⟂S⟂例如佛教教主釋迦牟尼佛，歷史上明確記載著他的父母、家族、出生地、誕生的日期，乃至他出家、修行、成道。⟂S⟂他所成立的教團是舉世公認的四大宗教之一──佛教；⟂S⟂他的道德是圓滿清淨的，他具足智德、斷德、恩德，是功行圓滿的覺者；⟂S⟂他所宣說的三法印、四聖諦、八正道等教義，及因果、業力、緣起等，都是顛撲不破的真理，可以引導我們轉迷成悟，離苦得樂。,https://books.masterhsingyun.org/ArticleDetail/artcle4378
rel_1fd8639faea7,ent_6cacfb08e6df,釋迦牟尼佛,BuddhistFigure,person_teaches_doctrine,人物讲授教义,ent_9578ca68d443,四聖諦,DoctrineTerm,directed,core_usable,stable_entity_graph,true,1,1,1,1,1,single_article,這是說，我們所信仰的對象，必須是歷史上經得起考據證明的，必須是經過舉世所共同承認確實存在的，必須是具有高尚品德與聖潔人格的，必須是能夠自度度人、自覺覺人的大善知識，如此才能引導我們走向正道，才是值得我們信仰、皈依的對象。⟂S⟂例如佛教教主釋迦牟尼佛，歷史上明確記載著他的父母、家族、出生地、誕生的日期，乃至他出家、修行、成道。⟂S⟂他所成立的教團是舉世公認的四大宗教之一──佛教；⟂S⟂他的道德是圓滿清淨的，他具足智德、斷德、恩德，是功行圓滿的覺者；⟂S⟂他所宣說的三法印、四聖諦、八正道等教義，及因果、業力、緣起等，都是顛撲不破的真理，可以引導我們轉迷成悟，離苦得樂。,https://books.masterhsingyun.org/ArticleDetail/artcle4378
rel_45ef718badbb,ent_6cacfb08e6df,釋迦牟尼佛,BuddhistFigure,person_teaches_doctrine,人物讲授教义,ent_e4c3fa5588a1,因果,DoctrineTerm,directed,core_usable,stable_entity_graph,true,1,1,1,1,1,single_article,這是說，我們所信仰的對象，必須是歷史上經得起考據證明的，必須是經過舉世所共同承認確實存在的，必須是具有高尚品德與聖潔人格的，必須是能夠自度度人、自覺覺人的大善知識，如此才能引導我們走向正道，才是值得我們信仰、皈依的對象。⟂S⟂例如佛教教主釋迦牟尼佛，歷史上明確記載著他的父母、家族、出生地、誕生的日期，乃至他出家、修行、成道。⟂S⟂他所成立的教團是舉世公認的四大宗教之一──佛教；⟂S⟂他的道德是圓滿清淨的，他具足智德、斷德、恩德，是功行圓滿的覺者；⟂S⟂他所宣說的三法印、四聖諦、八正道等教義，及因果、業力、緣起等，都是顛撲不破的真理，可以引導我們轉迷成悟，離苦得樂。,https://books.masterhsingyun.org/ArticleDetail/artcle4378
rel_0a91112f981a,ent_6cacfb08e6df,釋迦牟尼佛,BuddhistFigure,person_teaches_doctrine,人物讲授教义,ent_7819a06de839,緣起,DoctrineTerm,directed,core_usable,stable_entity_graph,true,1,1,1,1,1,single_article,這是說，我們所信仰的對象，必須是歷史上經得起考據證明的，必須是經過舉世所共同承認確實存在的，必須是具有高尚品德與聖潔人格的，必須是能夠自度度人、自覺覺人的大善知識，如此才能引導我們走向正道，才是值得我們信仰、皈依的對象。⟂S⟂例如佛教教主釋迦牟尼佛，歷史上明確記載著他的父母、家族、出生地、誕生的日期，乃至他出家、修行、成道。⟂S⟂他所成立的教團是舉世公認的四大宗教之一──佛教；⟂S⟂他的道德是圓滿清淨的，他具足智德、斷德、恩德，是功行圓滿的覺者；⟂S⟂他所宣說的三法印、四聖諦、八正道等教義，及因果、業力、緣起等，都是顛撲不破的真理，可以引導我們轉迷成悟，離苦得樂。,https://books.masterhsingyun.org/ArticleDetail/artcle4378
rel_007b4054c233,ent_6cacfb08e6df,釋迦牟尼佛,BuddhistFigure,person_teaches_doctrine,人物讲授教义,ent_e265ca1a8db0,諸法因緣生,DoctrineTerm,directed,core_usable,stable_entity_graph,true,1,1,1,1,1,single_article,佛陀十大弟子中的舍利弗、目犍連，他們過去曾是外道的首領。⟂S⟂有一天，舍利弗在路上看到馬勝比丘，立刻被他的威儀所攝受，於是上前問道：「這位修道者，你的老師是誰？⟂S⟂他都教了些什麼？」⟂S⟂馬勝比丘告訴他：「釋迦牟尼佛是我的老師，他常告訴我們『諸法因緣生，諸法因緣滅』的道理……」舍利弗一聽，心眼頓開，趕緊回去找目犍連：「目犍連，我們找到老師了，釋迦牟尼佛可以做我們的老師。」⟂S⟂於是他們帶著各自的徒眾，皈投在佛陀座下，這就是威儀度眾的實例。,https://books.masterhsingyun.org/ArticleDetail/artcle2314
rel_603f8bc75eca,ent_6cacfb08e6df,釋迦牟尼佛,BuddhistFigure,person_transmits_to_person,人物传法于人物,ent_e5ca672ab120,大迦葉,BuddhistFigure,directed,core_usable,stable_entity_graph,true,4,3,3,2,4,multi_article,佛教裡，釋迦牟尼佛在靈鷲山上拈花微笑，將涅槃妙心傳給大迦葉尊者，但佛教史上記載，也只傳了二十八代，後續就不知所以了。,https://books.masterhsingyun.org/ArticleDetail/artcle23596
rel_76afe70ac29b,ent_c784a80148a3,金光明寺,Institution,institution_promotes_practice,机构推动实践,ent_7b593d6cedd8,教化,PracticeActivity,directed,core_usable,stable_entity_graph,true,1,0,0,0,1,single_article,多年來，金光明寺也推動許多化世益人的教化，如二○○二年「人間佛教讀書會」在此與「洪健全基金會 PHP 素直友會」結盟簽約。,https://books.masterhsingyun.org/ArticleDetail/artcle23776
rel_2023dc6ba8f5,ent_df549f555441,錢元瓘,Person,person_founds_institution,人物创设机构,ent_3e49f08b0662,龍冊寺,Institution,directed,core_usable,stable_entity_graph,true,1,0,0,0,1,single_article,後來錢元瓘創建杭州龍冊寺，禮請順德道怤禪師駐錫弘法，吳越禪學興始於此。,https://books.masterhsingyun.org/ArticleDetail/artcle6993
rel_2df0aa3df90b,ent_24a72169fd33,鏡虛,BuddhistFigure,person_learns_from_person,人物师从或学习于人物,ent_b8a9ff044cda,桂虛禪師,BuddhistFigure,directed,core_usable,stable_entity_graph,true,1,0,0,0,1,single_article,韓國的鏡虛禪師，九歲時就依止清虛寺的桂虛禪師出家，三十四歲聽到一沙彌問「牛無鼻孔處」而大悟，此後二十餘年，廣設禪院，為今日韓國曹溪宗奠定重要基礎。,https://books.masterhsingyun.org/ArticleDetail/artcle6121
rel_6ac67472ddc3,ent_e1851ae24c56,長庚醫院,Institution,institution_hosts_activity,机构举办活动,ent_d52b93571691,器官捐贈活動,PracticeActivity,directed,core_usable,stable_entity_graph,true,1,0,0,0,1,single_article,這位大和尚心腸柔軟，當數年前長庚醫院發起器官捐贈活動時，率先簽下志願書，帶動大批弟子信徒響應。,https://books.masterhsingyun.org/ArticleDetail/artcle15570
rel_5fe345ac0167,ent_54e432310b67,阿育王,Person,person_performs_practice,人物实践修行,ent_e148ca0687f4,佛法,DoctrineTerm,directed,core_usable,stable_entity_graph,true,1,0,0,0,1,single_article,阿育王跟秦始皇生長在同一個時代，他也跟秦始皇統一中國一樣統一了印度，但有別於秦始皇，阿育王勤政愛民，奉行佛法。,https://books.masterhsingyun.org/ArticleDetail/artcle11104
rel_6257183454ec,ent_d72cfe500e6d,陳瑞萊,Person,person_leads_institution,人物领导机构,ent_0233554652eb,馬來西亞佛光協會,Institution,directed,core_usable,stable_entity_graph,true,1,0,0,0,1,single_article,前年，我赴馬來西亞弘法時，告訴當時擔任馬來西亞佛光協會的秘書長陳瑞萊居士：「你能熱心從事公益活動固然很好，但是也要注重家庭生活，因為在一個家庭裡，先生需要太太的關懷，兒女需要母親的照顧，佣人需要女主人的鼓勵。」,https://books.masterhsingyun.org/ArticleDetail/artcle6710
rel_f1a1bfc25c41,ent_d8d05243d07e,陳秀平,Person,person_founds_institution,人物创设机构,ent_faa1f7dd77e0,智光商工學校,Institution,directed,core_usable,stable_entity_graph,true,1,0,0,0,1,single_article,當時，弘法遇到的困難實在不少，像跟我們一起創辦智光商工學校的陳秀平，他在日月潭的電力公司服務，皈依後，一心一意地學佛。,https://books.masterhsingyun.org/ArticleDetail/artcle10877
rel_e69c12e4c6b8,ent_d716b4911da7,隱元,BuddhistFigure,person_founds_institution,人物创设机构,ent_9ad123e7d362,萬福寺,Institution,directed,core_usable,stable_entity_graph,true,1,0,0,0,1,single_article,這一部鐵眼禪師發起雕刻的《鐵眼藏》，現今仍保存在日本黃檗山隱元禪師創建的萬福寺裡。,https://books.masterhsingyun.org/ArticleDetail/artcle2610
rel_9b561a7783a3,ent_d716b4911da7,隱元,BuddhistFigure,person_founds_institution,人物创设机构,ent_5c1809b1c44a,黃檗山萬福寺,Institution,directed,core_usable,stable_entity_graph,true,3,0,0,0,2,single_article,現在，這一部珍貴無比的藏經，保存在日本京都由隱元禪師創建的黃檗山萬福寺的左近，成為海內外中華兒女，對於佛教傳播中華文化的菩薩精神之代表。,https://books.masterhsingyun.org/ArticleDetail/artcle10782
rel_b288637655a4,ent_f131081d5725,隱元隆琦,BuddhistFigure,person_founds_institution,人物创设机构,ent_5c1809b1c44a,黃檗山萬福寺,Institution,directed,core_usable,stable_entity_graph,true,1,0,0,0,1,single_article,清朝順治年間，隱元隆琦禪師應邀到日本創建黃檗山萬福寺，成為日本黃檗宗之祖。,https://books.masterhsingyun.org/ArticleDetail/artcle7644
rel_6e315a287618,ent_6ba4a7a4fbf0,雪峰義存,BuddhistFigure,person_performs_practice,人物实践修行,ent_4d392c445042,身心,Concept,directed,core_usable,stable_entity_graph,true,1,0,0,0,1,single_article,雪峰禪師不棄一片菜葉，以愛物修鍊身心。,https://books.masterhsingyun.org/ArticleDetail/artcle3400
rel_953655babfa6,ent_21df7e3a390a,雲門文偃,BuddhistFigure,person_founds_institution,人物创设机构,ent_f5faff1a8e17,光泰禪院,Institution,directed,core_usable,stable_entity_graph,true,1,0,0,0,1,single_article,後唐莊宗同光元年（九二三），文偃往韶州雲門山（廣東乳源縣）創建光泰禪院，弘法度眾，自成一派，通稱雲門宗。,https://books.masterhsingyun.org/ArticleDetail/artcle8388
rel_193f67095b82,ent_36a6e7830052,雷音寺,Institution,institution_hosts_activity,机构举办活动,ent_8dacc063faab,共修,PracticeActivity,directed,core_usable,stable_entity_graph,true,1,0,0,0,1,single_article,之後延續多年，雷音寺每週三、六舉行共修，共修完畢，一定會安排各種課程，包括主題演講，邀請名重一時的老師來講課，例如章嘉活佛、印順法師、演培法師、東初法師、煮雲法師等都曾是他特別邀請來講課的貴賓。,https://books.masterhsingyun.org/ArticleDetail/artcle15596
rel_5b64959e7b6b,ent_36a6e7830052,雷音寺,Institution,institution_hosts_activity,机构举办活动,ent_0e208abac64f,佛七法會,PracticeActivity,directed,core_usable,stable_entity_graph,true,1,0,0,0,1,single_article,記得四十幾年前，每年彌陀佛誕時，雷音寺都會舉辦佛七法會，有一位太太幾乎每年都會參加。,https://books.masterhsingyun.org/ArticleDetail/artcle1545
rel_efbe96b5e2bd,ent_36a6e7830052,雷音寺,Institution,institution_hosts_activity,机构举办活动,ent_0be0dc5bc525,皈依法會,PracticeActivity,directed,core_usable,stable_entity_graph,true,1,0,0,0,1,single_article,每逢雷音寺舉辦皈依法會，大殿裡裡外外都站滿了人，大概有三四百人這麼多。,https://books.masterhsingyun.org/ArticleDetail/artcle17518
rel_d8d0ed1962ce,ent_36a6e7830052,雷音寺,Institution,institution_hosts_activity,机构举办活动,ent_b43c415a14bf,念佛法會,PracticeActivity,directed,core_usable,stable_entity_graph,true,1,0,0,0,1,single_article,有一年，雷音寺舉辦念佛法會時，大佛張開眼睛了！,https://books.masterhsingyun.org/ArticleDetail/artcle7411
rel_2c8699be63a5,ent_36a6e7830052,雷音寺,Institution,institution_located_at_place,机构位于地点,ent_b693a5f5a653,宜蘭,PlaceRealm,directed,core_usable,stable_entity_graph,true,1,0,0,0,1,single_article,*5位於宜蘭的雷音寺，為大師一九四九年來台後的第一個弘法據點。,https://books.masterhsingyun.org/ArticleDetail/artcle6680
rel_6041b036415d,ent_cf9718b58e0a,靄亭法師,BuddhistFigure,person_founds_institution,人物创设机构,ent_71f99b9560d6,寶覺佛學研究社,Institution,directed,core_usable,stable_entity_graph,true,1,0,0,0,1,single_article,靄亭法師是鎮江竹林寺住持退居，受張蓮覺居士之請，成立「寶覺佛學研究社」，培育女性佛教人才，香港佛教就有了義學與講經弘法。,https://books.masterhsingyun.org/ArticleDetail/artcle23808
rel_fd9a648df9be,ent_4f52ee8f9176,靈泉寺,Institution,institution_located_at_place,机构位于地点,ent_04f330eb6e22,基隆,PlaceRealm,directed,core_usable,stable_entity_graph,true,1,1,1,1,1,single_article,說到台灣的寺廟，初期，有大陸沿海地區如廣東、福建等移民到台灣來，比方，鄭成功之子鄭經為他的母親，建了台灣第一座寺廟，也就是現今坐落台南市的開元寺。⟂S⟂後來閩南的僧侶，如月眉山善慧和尚建基隆靈泉寺，觀音山本圓法師建凌雲寺；⟂S⟂客家的高僧，如覺力法師的新竹大湖法雲寺，妙果和尚的中壢圓光寺、永定法師重建高雄大崗山超峰寺、眼淨和尚建台南竹溪寺等，都找了山明水秀的地方建立道場，可以供給僧侶修持，也可以供給信徒禮拜。,https://books.masterhsingyun.org/ArticleDetail/artcle10818
rel_c6c7b53dea41,ent_c8dba005c30f,靈源法師,BuddhistFigure,person_founds_institution,人物创设机构,ent_41cca98c54d0,十方大覺禪寺,Institution,directed,core_usable,stable_entity_graph,true,1,0,0,0,1,single_article,1954年則有靈源法師在基隆創建的十方大覺禪寺、1956年東初法師的北投中華佛教文化館落成，道安法師籌建松山寺等。,https://books.masterhsingyun.org/ArticleDetail/artcle24118
rel_9565301aceb6,ent_97078eb2fa4c,頻婆娑羅王,Person,person_founds_institution,人物创设机构,ent_86d9b84b3c0f,竹林精舍,Institution,directed,core_usable,stable_entity_graph,true,1,0,0,0,1,single_article,見識了靈鷲山的風光，也看到了頻婆娑羅王建立的摩竭陀國竹林精舍。,https://books.masterhsingyun.org/ArticleDetail/artcle5719
rel_6747a8ead9c6,ent_8f574a397885,香港佛光協會,Institution,institution_hosts_activity,机构举办活动,ent_7589add60cad,弘法,PracticeActivity,directed,core_usable,stable_entity_graph,true,1,0,0,0,1,single_article,今年弘法完全由香港佛光協會主辦，是純粹由在家佛光人投入主導的弘法活動。,https://books.masterhsingyun.org/ArticleDetail/artcle2633
rel_a41a94db4c02,ent_46711d0892cb,香港佛光道場,Institution,institution_located_at_place,机构位于地点,ent_a6edbfea0e76,香港,PlaceRealm,directed,core_usable,stable_entity_graph,true,1,0,0,0,1,single_article,香港佛光道場並非香港本地的道場，是台灣佛光山設於香港的分道場。,https://books.masterhsingyun.org/ArticleDetail/artcle17977
rel_190eb20dc19d,ent_1ea0b8fa7f65,馬祖道一,BuddhistFigure,person_advocates_doctrine,人物倡导教义,ent_ab735cd03284,即心即佛,DoctrineTerm,directed,core_usable,stable_entity_graph,true,3,0,0,0,1,single_article,唐朝的馬祖道一禪師，一生提倡「即心即佛」，他的弟子大梅法常就是從這句話而契入悟機，徹悟後一生隱居在大梅山。,https://books.masterhsingyun.org/ArticleDetail/artcle424
rel_3b6a6fdb9811,ent_1ea0b8fa7f65,馬祖道一,BuddhistFigure,person_founds_institution,人物创设机构,ent_df5f0e541e60,叢林,Institution,directed,core_usable,stable_entity_graph,true,12,0,0,0,2,single_article,雖然唐朝的馬祖道一禪師創建叢林，百丈懷海禪師建立清規，為禪宗立下了千秋萬代的規範；,https://books.masterhsingyun.org/ArticleDetail/artcle148
rel_73324c5add4e,ent_1ea0b8fa7f65,馬祖道一,BuddhistFigure,person_founds_institution,人物创设机构,ent_17bb4aed0f57,叢林道場,Institution,directed,core_usable,stable_entity_graph,true,1,0,0,0,1,single_article,例如，過去仰山慧寂禪師就曾讚歎創建叢林道場的馬祖道一禪師，在他的門下「百丈得大機，黃檗得大用」，說的就是百丈懷海及黃檗希運禪師二人在禪法教育下，呈現出不同的獨特風格。,https://books.masterhsingyun.org/ArticleDetail/artcle7196
rel_335487a1a8db,ent_b6f300cff4bc,高希均,Person,person_founds_institution,人物创设机构,ent_5ac1b41269b7,遠見‧天下文化事業群,Institution,directed,core_usable,stable_entity_graph,true,1,0,0,0,1,single_article,高教授一心為社會的文化教育盡一分力量，成立了「遠見‧天下文化事業群」，二十多年來，不惜成本、擇善固執出版許多膾炙人口的書籍，帶給社會大眾許多重要觀念。,https://books.masterhsingyun.org/ArticleDetail/artcle10069
rel_aad678769a02,ent_b6f300cff4bc,高希均,Person,person_leads_institution,人物领导机构,ent_3af1bfcadb1f,天下文化公司,Institution,directed,core_usable,stable_entity_graph,true,2,0,0,0,1,single_article,如今，這七十篇文章已經刊登完畢，將由高希均教授領導的天下文化公司出版，訂名為《慈悲思路‧兩岸出路──台灣選舉系列評論》。,https://books.masterhsingyun.org/ArticleDetail/artcle9688
rel_0a60435758d2,ent_40be9ddeb736,高旻寺,Institution,institution_has_facility,机构具有场所设施,ent_27cbc906ccf8,禪堂,PlaceRealm,directed,core_usable,stable_entity_graph,true,2,1,1,1,2,single_article,現在一般禪者的毛病，舉例說，大家墨守公案禪，講來講去，搬來搬去，就是過去禪師們留下來的公案。⟂S⟂所以，過去在大陸江蘇揚州高旻寺的禪堂裡，有一個規矩，不准許講公案，就是怕禪者被公案左右，被公案迷惑了，找不到禪的真正意義。,https://books.masterhsingyun.org/ArticleDetail/artcle424
rel_7dbf145b5bb6,ent_40be9ddeb736,高旻寺,Institution,institution_located_at_place,机构位于地点,ent_3d22d74a6bc9,揚州,PlaceRealm,directed,core_usable,stable_entity_graph,true,1,1,1,1,1,single_article,所以，過去在大陸江蘇揚州高旻寺的禪堂裡，有一個規矩，不准許講公案，就是怕禪者被公案左右，被公案迷惑了，找不到禪的真正意義。,https://books.masterhsingyun.org/ArticleDetail/artcle424
rel_5b0141e8ed99,ent_40be9ddeb736,高旻寺,Institution,institution_located_at_place,机构位于地点,ent_3f8fc5fa52ea,江蘇,PlaceRealm,directed,core_usable,stable_entity_graph,true,1,1,1,1,1,single_article,所以，過去在大陸江蘇揚州高旻寺的禪堂裡，有一個規矩，不准許講公案，就是怕禪者被公案左右，被公案迷惑了，找不到禪的真正意義。,https://books.masterhsingyun.org/ArticleDetail/artcle424
rel_5fc4c7aa571e,ent_40be9ddeb736,高旻寺,Institution,institution_propagates_doctrine,机构传播教义,ent_db99c4992335,農禪,DoctrineTerm,directed,core_usable,stable_entity_graph,true,1,0,0,0,1,single_article,因為高旻寺倡導農禪，是做工的禪堂，大家每天出去種田，結束回來以後，洗洗腳，才坐上一支香，這就是高旻寺的禪堂。,https://books.masterhsingyun.org/ArticleDetail/artcle10853
rel_e853452d316e,ent_98cd38181289,高楠順次郎,Person,person_teaches_doctrine,人物讲授教义,ent_012cfcf7b6c1,巴利語,Concept,directed,core_usable,stable_entity_graph,true,1,0,0,0,1,single_article,高楠同時在東大教授巴利語，著有巴利語佛教文學講本，內附有日文、英文註解，啟發了當時日本學術界研究巴利文的風潮。,https://books.masterhsingyun.org/ArticleDetail/artcle2782
rel_4f82c35c82c2,ent_012b2e6cde60,高爾,Person,person_associated_with_place,人物关联地点,ent_51d7657ca696,佛光山,Institution,directed,core_usable,stable_entity_graph,true,1,0,0,0,1,single_article,一九八八年，當時還是參議員身分的高爾先生曾來訪問佛光山。,https://books.masterhsingyun.org/ArticleDetail/artcle10749
rel_641965655684,ent_012b2e6cde60,高爾,Person,person_associated_with_place,人物关联地点,ent_1e4251b1cdfd,西來寺,Institution,directed,core_usable,stable_entity_graph,true,6,0,0,0,2,single_article,美國副總統高爾先生今天訪問西來寺。,https://books.masterhsingyun.org/ArticleDetail/artcle5795
rel_35d6a4ee5d6b,ent_84b0fbda4ab7,高雄壽山寺,Institution,institution_founds_institution,机构创设机构,ent_893acbefa942,壽山佛學院,Institution,directed,core_usable,stable_entity_graph,true,1,0,0,0,1,single_article,1964年高雄壽山寺落成後，創辦壽山佛學院。,https://books.masterhsingyun.org/ArticleDetail/artcle24072
rel_851f7dad3ecd,ent_915626bb98ac,高雄普賢寺,Institution,institution_hosts_activity,机构举办活动,ent_33a391b3d6c2,藥師法會,PracticeActivity,directed,core_usable,stable_entity_graph,true,1,0,0,0,1,single_article,‧高雄普賢寺舉辦「藥師法會」，大師為參加的信眾開示「如何消災延壽」。,https://books.masterhsingyun.org/ArticleDetail/artcle15310
rel_d1ece147f415,ent_e8c16d32e0f0,鴻臚寺,Institution,institution_renamed_to,机构更名为,ent_d97f31957270,白馬寺,Institution,directed,core_usable,stable_entity_graph,true,1,1,1,1,1,single_article,佛教發源於印度，向南傳至尼泊爾、緬甸及東南亞各國，向北則傳至中亞細亞各國，紀元前後，由西域傳入中國。⟂S⟂正式傳入中國是東漢明帝永平十一年（六八），當時朝廷改洛陽鴻臚寺為白馬寺，中土出現了第一座佛寺。⟂S⟂加上東漢來的僧人竺法蘭與迦攝摩騰帶來了佛教經典，使得佛教的弘揚在中國開始生根。⟂S⟂佛教的經典是以釋迦牟尼佛的教義所彙集編寫而成的，筆錄抄寫佛經的出現，應於紀元前一世紀左右，當時是以梵文或巴利文刻於似棕櫚葉的貝多羅葉，故稱「貝葉經」。⟂S⟂由於文字的特殊，佛教弘傳須本土化，佛法方能弘揚，因此許多高僧大德，開始翻譯經典，產生許多譯本。⟂S⟂翻譯之佛經有來自印度的鳩摩羅什、中國的法顯、玄奘法師等，印度佛教廣布中國的弘法，因僧人與經典的翻譯，開始開展。⟂S⟂佛經的書寫，從印度梵文的貝葉經翻譯成漢文之後，加上佛教日漸普及，使得佛法更深入民間。⟂S⟂佛經的抄寫活動，也成為簡易的修行法門之一。,https://books.masterhsingyun.org/ArticleDetail/artcle17988
rel_5edc4ef04502,ent_583e8970785e,黃庭堅,Person,person_performs_practice,人物实践修行,ent_3d7f4ae2eb08,淨土法門,PracticeActivity,directed,core_usable,stable_entity_graph,true,1,0,0,0,1,single_article,晚年黃庭堅築精舍於涪濱，專修淨土法門。,https://books.masterhsingyun.org/ArticleDetail/artcle109
rel_963451619d26,ent_020badbdde18,黃檗希運,BuddhistFigure,person_founds_institution,人物创设机构,ent_5ca2f4116c8d,寺院,Institution,directed,core_usable,stable_entity_graph,true,1,0,0,0,1,single_article,唐朝的黃檗禪師創建一座寺院，即將落成時，請一位寫得一手好字的弘贊禪師，為他題寫「第一義諦」四個字。,https://books.masterhsingyun.org/ArticleDetail/artcle3438
rel_ebea8db205d6,ent_e41bb5eaf95c,鼓山湧泉寺,Institution,institution_located_at_place,机构位于地点,ent_644a3acec96e,福州,PlaceRealm,directed,core_usable,stable_entity_graph,true,1,0,0,0,1,single_article,虛雲披剃出家的鼓山湧泉寺，位於福建福州，以名勝風景著稱，亦屬禪宗大剎。,https://books.masterhsingyun.org/ArticleDetail/artcle2528
rel_66438f8a3a01,ent_ad2130d77063,齊玉,BuddhistFigure,person_leads_institution,人物领导机构,ent_2bc939f0827b,天竺寺,Institution,directed,core_usable,stable_entity_graph,true,1,0,0,0,1,single_article,齊玉住持天竺寺時，他也隨之而去，對於天台教觀的研習，非常精進，終有所成。,https://books.masterhsingyun.org/ArticleDetail/artcle11749
rel_af710333ff26,ent_ad2130d77063,齊玉,BuddhistFigure,person_leads_institution,人物领导机构,ent_3a6383e94e35,苕溪寶藏寺,Institution,directed,core_usable,stable_entity_graph,true,1,0,0,0,1,single_article,齊玉起初住持苕溪寶藏寺，每年歲末必定舉行大型的念佛法會。,https://books.masterhsingyun.org/ArticleDetail/artcle11469
rel_2ca28eb27e6b,ent_ee46b321c996,佛教正信,Concept,concept_in_tension_with,概念之间存在义理张力,ent_1da9f465d21e,民間信仰,Concept,symmetric,core_usable,stable_entity_graph,true,1,1,1,1,1,single_article,（五）由此，大師能夠從一般人類信仰實踐的層次，更加深刻地堅定民間信仰的價值，也能夠從宗教學的角度發掘民間信仰與一般宗教信仰的共通性，甚至能夠開展出「為民間信仰定位」的思想，大師的這一系列理論上的努力，都是為了確保在佛教的正信與民間信仰之間的必要的張力，使得「一面包容民間的宗教，一面弘揚佛法的真理」的人間佛教民間信仰思想的理論建構與實踐運作成為可能。,https://books.masterhsingyun.org/ArticleDetail/artcle24719
rel_f58f3235a732,ent_294c2e592b25,福德因緣,DoctrineTerm,concept_complementary_with,概念在语境中相互助成,ent_3f768201aa6d,逆增上緣,DoctrineTerm,symmetric,core_usable,stable_entity_graph,true,1,1,1,1,1,single_article,一個人要成功，福德因緣很重要，但逆增上緣更不可少，連佛陀都把提婆達兜的反對、陷害，視為弘法的逆增上緣。,https://books.masterhsingyun.org/ArticleDetail/artcle9887
rel_610789546f38,ent_294c2e592b25,福德因緣,DoctrineTerm,doctrinal_entails,义理论证推出,ent_c3569625ae14,三十二相,DoctrineTerm,directed,core_usable,stable_entity_graph,true,1,1,1,1,1,single_article,三十二相、八十種好，是佛在因地摩頂放踵行菩薩道，累劫積集福德因緣，一相一相，點點滴滴，修習成就的色身，同時也是佛陀為了廣度有情，由法身顯發的應身。⟂S⟂所以，三十二相、八十種好是緣起性空的假名幻有，能夠了知這一點，才能如實見到佛陀的相好光明。,https://books.masterhsingyun.org/ArticleDetail/artcle7548
rel_9fd5c3f5b273,ent_edb83f453adc,入世,Concept,concept_is_foundation_of,概念构成另一概念或实践的基础,ent_d4e9589daf52,出世,DoctrineTerm,directed,core_usable,stable_entity_graph,true,1,1,1,1,1,single_article,星雲大師認為，出家人要培養「出離心」，然而培養「出離心」並非完全脫離人世，而應致力於在人世間體證佛道。⟂S⟂出家僧眾不僅要有「『內在』的開發，同時也要有『外在』的開發」。⟂S⟂「內在的開發」即開發內心的真如佛性；⟂S⟂「外在的開發」則開發社會，念念以度人利他為己任，將「真如佛性的美好表現到人間來」，同時也在人間中淬鍊內在的真如佛性。⟂S⟂「我所認為的人間佛教，是入世重於出世的，生活重於生死的，利他重於自利的，普濟重於獨修的。」⟂S⟂從當下人間佛教的踐行次第來看，入世與出世之間，入世為先；⟂S⟂生活與生死之間，生活為先；⟂S⟂利他與自利之間，利他為要；⟂S⟂普濟與獨修之間，普濟為要。⟂S⟂在星雲大師看來，禪者應行入世之事植出世之心，在生活之中有生死之悟，培養利他、普濟的精神。⟂S⟂禪者不應僅限於自修自悟，而應具備「人間性格」、「大眾性格」，致力於將禪的精神融入普通民眾的生活中，以解決眾生在人世間面臨的諸多苦痛和煩惱。⟂S⟂質而言之，出世是以入世為基礎的，禪應走向生活，實現禪的生活化。,https://books.masterhsingyun.org/ArticleDetail/artcle17806
rel_fa3c4f806712,ent_edb83f453adc,入世,Concept,doctrine_constrained_by,义理受条件或范围限制,ent_d4e9589daf52,出世,DoctrineTerm,directed,core_usable,stable_entity_graph,true,1,1,1,1,1,single_article,佛法分世間法和出世間法，也就是入世和出世，「佛法在世間，不離世間覺，離世求菩提，猶如覓兔角」、「仰止唯佛陀，完成在人格，人成即佛成，是名真現實」，都在說明世間人道未成，怎能完成出世佛道？⟂S⟂故唯有能出世的人才能入世──,https://books.masterhsingyun.org/ArticleDetail/artcle8179
rel_d9aeea319438,ent_edb83f453adc,入世,Concept,serves_as_means_to_doctrinal_goal,作为达成教义目标的手段,ent_d4e9589daf52,出世,DoctrineTerm,directed,core_usable,stable_entity_graph,true,1,1,1,1,1,single_article,我在這裡想要說的是，人間佛教，並不改變它本質上仍然是講求「出世」的宗教，因為人間佛教並不以入世為最終目的，而是視入世為方便法門，以出世解脫為旨歸的。⟂S⟂這也就把它與儒、道文化區別了開來。⟂S⟂如星雲大師曾指出：「佛教雖然重視世間法，但是更重視出世間法。」⟂S⟂事實上，中國大乘佛教的入世化、人生化傾向，從佛教自身的發展來說，是大乘佛教的入世精神在中國社會文化歷史條件下的新發展，而中國佛教所宣導的「出世不離入世」，實際上是印度佛教的「出世精神」在中國文化中的一種特殊表現。⟂S⟂人間佛教，既在人間，又仍然是佛教。⟂S⟂因此，在提倡人間佛教、強調中國佛教「出世不離入世」特色的同時，還應該加上「入世以求出世」。⟂S⟂這既體現了佛陀創教的本懷，也更全面地揭示了中國佛教的重要特點。⟂S⟂,https://books.masterhsingyun.org/ArticleDetail/artcle17797
rel_8b9770564871,ent_5429552cf2cb,佛性平等,DoctrineTerm,concept_in_tension_with,概念之间存在义理张力,ent_aefae9baad0b,因果差別,DoctrineTerm,symmetric,core_usable,stable_entity_graph,true,2,2,2,2,2,multi_article,他感於：「一般人都是要求別人給自己公平的待遇，事實上世間沒有真正的公平，因為理上雖說『佛性平等』，但在事上卻有『因果差別』，我們每個人從過去到現在所造的業不同，每個人的福德因緣都不一樣，自然境遇果報也不盡相同，因此世界上不可能有真正的公平，能公平的，只有靠我們的心去製造平衡；,https://books.masterhsingyun.org/ArticleDetail/artcle15647
rel_57a1336c3c90,ent_61b9fa59845c,佛法教育,Concept,concept_in_tension_with,概念之间存在义理张力,ent_1da9f465d21e,民間信仰,Concept,symmetric,core_usable,stable_entity_graph,true,1,1,1,1,1,single_article,不過，剛剛在太虛大師開創的「新僧」氛圍中接受佛法教育的年輕的大師，與當時由新式學院所養成的一般的年輕學僧一樣，卻不能不與外婆、三舅母所代表的這種「神佛信仰混合」的民間信仰模式，發生激烈的衝突。,https://books.masterhsingyun.org/ArticleDetail/artcle24717
rel_e45af4fc6c97,ent_1da9f465d21e,民間信仰,Concept,concept_in_tension_with,概念之间存在义理张力,ent_ae2bf80f25dc,佛教信仰,Concept,symmetric,core_usable,stable_entity_graph,true,1,1,1,1,1,single_article,大師這裡雖然毫無懸念地繼續強調了佛教信仰的真理性品格，但是由於他不是側重從信仰對象的角度來界說民間信仰與佛教信仰的不同，而是側重從信仰者主觀行為的角度來判定民間信仰與佛教信仰的不同，並且認為在基督教等國際性宗教的信仰行為中同樣存在對於神明有所祈求的特徵，所以大師以「強調信仰主體主觀行為的不同」這種論說方式來解答「民間信仰與佛教信仰的不同」，在相當程度上化解了關於民間信仰與佛教信仰在信仰價值方面存在本質差異的思考方法的壓力，在理論上保持了民間信仰與佛教信仰之間的必要張力，使得我們對於佛教信仰的價值的弘揚不致於完全壓縮對於民間信仰的信仰價值的肯定，這樣使得「一面包容民間的宗教，一面弘揚佛法的真理」的人間佛教民間信仰思想的理論建構與實踐運作成為可能。,https://books.masterhsingyun.org/ArticleDetail/artcle24718
rel_de53dd44679f,ent_29f545fdc778,無爭,DoctrineTerm,doctrinal_entails,义理论证推出,ent_8af9d29d58e3,解脫,DoctrineTerm,directed,core_usable,stable_entity_graph,true,1,1,1,1,1,single_article,說到解脫道，光是一首偈子，你能奉行，身心安樂了，不就解脫了嗎？⟂S⟂很自在、很放下，不就解脫了嗎？⟂S⟂還有，你對人世間沒有爭執，對人我相處沒有糾紛，不就是解脫了嗎？⟂S⟂再說，你在平常的生活裡面，和人無爭、無仇、無恨，都能放下，無煩惱，所交的都是君子、好人，等於「佛國淨土樂逍遙」，不就解脫了嗎？,https://books.masterhsingyun.org/ArticleDetail/artcle10959
rel_834bc4412ff8,ent_29f545fdc778,無爭,DoctrineTerm,doctrine_constrained_by,义理受条件或范围限制,ent_2d5376f10708,公平,Concept,directed,core_usable,stable_entity_graph,true,1,1,1,1,1,single_article,而且，待人要謙和，唯有飽滿的人才懂得低頭，謙虛是與人和諧相處的祕訣，不但能贏得友誼，更能得到助力。⟂S⟂至於處事的態度，則要講求公平，不要因個人的喜怒愛憎而偏頗，唯有公平才能無爭，無爭才能安定。,https://books.masterhsingyun.org/ArticleDetail/artcle14650
rel_46864ad86b8d,ent_e3a729bda8e9,慧懃禪師,BuddhistFigure,person_leads_institution,人物领导机构,ent_e8d3964b529a,汴京智海寺,Institution,directed,core_usable,stable_entity_graph,true,1,0,0,0,1,single_article,徽宗政和初年（一一一一），慧懃應詔住持汴京智海寺，經五年才回歸，得旨居建康蔣山。,https://books.masterhsingyun.org/ArticleDetail/artcle11578
rel_e6ed6968a2b1,ent_7e96c145b8f2,慧淨,Person,person_performs_practice,人物实践修行,ent_e79c74714a28,禪坐,PracticeActivity,directed,core_usable,stable_entity_graph,true,1,0,0,0,1,single_article,慧淨修禪坐，雙腿一盤就是十幾個小時；,https://books.masterhsingyun.org/ArticleDetail/artcle8880
rel_5b692817df38,ent_ffd6587d1dc8,佛教禮儀,Concept,concept_has_subconcept,概念包含下位概念,ent_a1ad0c6b625d,生老病死,Concept,directed,core_usable,stable_entity_graph,true,1,0,0,0,1,single_article,過去的人，總把佛教與喪葬禮儀畫上等號，但佛教禮儀更廣泛的包含人生的生老病死，佛教對於喪葬禮儀的看法，首先應該強調建立正知正見，死亡並不是生命的結束，而是另一個新生命的開始。,https://books.masterhsingyun.org/ArticleDetail/artcle5714
rel_a8866a894d3e,ent_a3484091df6e,修持活動,PracticeActivity,activity_serves_group,活动或实践服务群体,ent_1b85a8db0019,信徒,Group,directed,core_usable,stable_entity_graph,true,1,1,1,1,1,single_article,對於尋求心靈平安與精神慰藉的信徒們，西來寺的修持活動內容可說是非常豐富。⟂S⟂目前在西來寺舉辦的法會類別多達十五種，參與的信眾主要是華人，其中多屬第一代的移民。⟂S⟂為了提升信仰，西來寺也舉辦各類修道會及齋戒會，例：禪修、八關齋戒、五戒菩薩戒戒會、短期出家修道會，這類型的修持通常都會中、英文同步翻譯。,https://books.masterhsingyun.org/ArticleDetail/artcle24204
rel_910a99dcc28e,ent_3c89496baf8d,茂林和尚,BuddhistFigure,person_leads_institution,人物领导机构,ent_ac22422f7b19,歸元寺,Institution,directed,core_usable,stable_entity_graph,true,1,0,0,0,1,single_article,初名歸元寺，明代茂林和尚住持該寺弘揚律宗，更名為戒幢律寺，成為江南名剎之一。,https://books.masterhsingyun.org/ArticleDetail/artcle6579
rel_e142991c7a80,ent_0f1fc53dbba0,大佛寺,Institution,institution_hosts_activity,机构举办活动,ent_7937c977b8a3,書畫展,PracticeActivity,directed,core_usable,stable_entity_graph,true,1,0,0,0,1,single_article,妙宥法師陳述，讚歎大佛寺在主委的帶領下，舉辦了很多有意義的活動，更在大佛一甲子之際籌辦書畫展，此舉與大師廣設佛光緣美術館有異曲同工之妙，讓民眾藉由欣賞藝術昇華美感、沉澱心靈。,https://books.masterhsingyun.org/ArticleDetail/artcle19852
rel_ebe835e0d00d,ent_5420a4b05a78,慧施,BuddhistFigure,person_performs_practice,人物实践修行,ent_c9da39b6e30f,出家,PracticeActivity,directed,core_usable,stable_entity_graph,true,1,0,0,0,1,single_article,慧施奉行出家人節約儉樸的性格，尤其是要處理本山大大小小的水電修繕工程，他都能用極少的經費，解決許多工程的問題。,https://books.masterhsingyun.org/ArticleDetail/artcle23629
rel_ca275151b0bb,ent_dd95a38794b3,花東地區各佛光分會,Group,group_hosts_activity,群体举办活动,ent_ae2a498d2bfb,佛學講座,PracticeActivity,directed,core_usable,stable_entity_graph,true,1,0,0,0,1,single_article,‧由花東地區各佛光分會主辦，花蓮市立文化中心、東淨寺、慈善寺、宏華寺、靈佑寺、四維高中協辦的佛學講座，一連兩天，邀請大師主講《般若波羅蜜多心經》，讓大師再次普施法雨於民風純樸的花蓮。,https://books.masterhsingyun.org/ArticleDetail/artcle15313
rel_6eea5934d118,ent_2fd7468711e7,諸佛菩薩,Group,group_advocates_doctrine,群体倡导教义,ent_be8c2cb95d1b,妙法,DoctrineTerm,directed,core_usable,stable_entity_graph,true,1,1,1,1,1,single_article,《維摩詰經‧佛國品第一》中敘述諸大菩薩「眾所知識……為護法城，受持正法；⟂S⟂能獅子吼，名聞十方；⟂S⟂眾人不請，友而安之；⟂S⟂……為大醫王，善療眾病，應病與藥，令得服行。」⟂S⟂其中「護法」一詞於一九一七年為國父孫中山先生借用，在反對北洋軍閥解散國會時主張「擁護約法、恢復國會」，簡稱為「護法運動」。⟂S⟂「獅子吼」本來指諸佛菩薩演說妙法，降伏一切外道邪說，宋朝時，崇信佛道，性好幽默的蘇東坡曾在詩文中藉「獅子吼」來戲謔他一位十分懼內的朋友龍邱居士：「龍邱居士亦可憐，談空說有夜不眠，忽聞河東獅子吼，拄扙落手心茫然。」⟂S⟂後來俗語中以「河東獅吼」來比喻妒悍的婦女。⟂S⟂「眾人不請，友而安之」，今作「不請之友」，指對方未請而自來親近或為解決問題的朋友。⟂S⟂「應病與藥」，今又作「對症下藥」，表示針對具體情況解決問題。⟂S⟂同品中，寶積菩薩作偈讚歎佛陀：「法王法力超群生，常以法財施一切；⟂S⟂能善分別諸法相，於第一義而不動，已於諸法得自在。」⟂S⟂「法力」在此是用來形容正法的威力，後來俗語中以「法力無邊」來比喻神奇的力量，了無障礙；⟂S⟂「第一義」則被後人借用來形容某家某派最高深的義理。⟂S⟂該經〈入不二法門品〉中，三十二位菩薩闡述不二法門的絕待真理，後來「不二法門」被國人借來形容獨一無二的方法和訣竅。,https://books.masterhsingyun.org/ArticleDetail/artcle8657
rel_faa4011dc4c1,ent_2fd7468711e7,諸佛菩薩,Group,group_attains_doctrinal_state,群体证得教义境界,ent_b265c0f135b0,涅槃,DoctrineTerm,directed,core_usable,stable_entity_graph,true,1,1,1,1,1,single_article,八、佛陀住於涅槃：宇宙間的大覺者，修鍊到生命圓滿時，所謂「不生不死」、「不生不滅」，那就是一個「涅槃」的境界。⟂S⟂諸佛菩薩，他們現在多住於涅槃之中，超越大化之外，不受時空、生死對待的限制，比天地更永久，比日月更恆長。,https://books.masterhsingyun.org/ArticleDetail/artcle4922
rel_f6316ab06d05,ent_2fd7468711e7,諸佛菩薩,Group,group_attains_doctrinal_state,群体证得教义境界,ent_f3f20d04ac35,諸法實相,DoctrineTerm,directed,core_usable,stable_entity_graph,true,1,1,1,1,1,single_article,上文可知，個體的自覺與群體的覺悟是相因相生的，沒有個體的解脫，就沒有群體的解脫。⟂S⟂在通往解脫的道路上，眾生因為對般若的體證不同，所以不能以「一體同觀」來思考。⟂S⟂正如大師所說：「般若是諸佛菩薩親證諸法實相的一種『圓明本覺智』，是離一切迷情妄想的「清淨無分別智」，是通達一切法自性本空、本無所得的『真實無相智』。」⟂S⟂般若有很高的境界，從凡夫到二乘、菩薩、佛，有層次上的深淺不同，自然有個體解脫與群體解脫的差異性。,https://books.masterhsingyun.org/ArticleDetail/artcle24162
rel_efb8da7b9a22,ent_2fd7468711e7,諸佛菩薩,Group,group_guides_or_saves_group,群体教化或度化群体,ent_3c0dbd225d06,有情,Group,directed,core_usable,stable_entity_graph,true,2,2,2,1,2,multi_article,在唯識學的修行過程中，要歷經十住、十行、十迴向、十地，乃至證得佛果等四十一階位。⟂S⟂這四十一階位，是由資糧、加行、通達而「見道」，入十地位，就是修道的階位。⟂S⟂十地中的初地，名歡喜地，第六意識在進入歡喜地「入心」（通達位的異稱）的階段，「分別我執」雖然已經伏住不起作用，但「俱生我執」還是眠伏在第八識裡面，一直要到第七地「遠行地」之後，俱生我執的現行與種子才完全斷絕。⟂S⟂這是因為七地以前，雖以得到根本智而能證入無漏的境地，但有漏的習氣種子仍須地地漸除，至第七地斷除修惑之後，才能進入純無漏的「妙觀察智」。⟂S⟂妙觀察智的功用殊勝，善能觀察萬有諸法的差別，善能運用無礙辯才，自在說法，善能覺悟一切有情，利樂一切眾生。⟂S⟂諸佛菩薩所以能夠化導有情，可以說完全是藉助於這個智慧的效用。,https://books.masterhsingyun.org/ArticleDetail/artcle192
rel_697a0e43c390,ent_2fd7468711e7,諸佛菩薩,Group,group_has_doctrinal_quality,群体具有教义品质,ent_cf26f7ad8f86,慈悲,DoctrineTerm,directed,core_usable,stable_entity_graph,true,1,1,1,1,1,single_article,當我們心靈脆弱時，仰望諸佛菩薩是如此慈悲而深具智慧，所以我誓願在人間踵繼佛菩薩的步履，做一介平凡的僧侶；⟂S⟂但此平凡，何其幸運！⟂S⟂又何其幸福！,https://books.masterhsingyun.org/ArticleDetail/artcle21536
rel_874bf6effbd0,ent_2fd7468711e7,諸佛菩薩,Group,group_has_doctrinal_quality,群体具有教义品质,ent_b1e217884f50,智慧,DoctrineTerm,directed,core_usable,stable_entity_graph,true,1,1,1,1,1,single_article,當我們心靈脆弱時，仰望諸佛菩薩是如此慈悲而深具智慧，所以我誓願在人間踵繼佛菩薩的步履，做一介平凡的僧侶；⟂S⟂但此平凡，何其幸運！⟂S⟂又何其幸福！,https://books.masterhsingyun.org/ArticleDetail/artcle21536
rel_907febdae3ea,ent_2fd7468711e7,諸佛菩薩,Group,group_performs_practice,群体实践修行,ent_bd68ae54ea00,修行,PracticeActivity,directed,core_usable,stable_entity_graph,true,1,1,1,1,1,single_article,「堅固無畏誓」，要怎麼保護我們的信念？⟂S⟂要發堅固無畏懼的大心。⟂S⟂歷來諸佛菩薩之所以能修行成功，都是從發心立願中成就；⟂S⟂過去的聖賢、偉大的人物，之所以成就聖賢，也是有堅固的誓願為後盾。⟂S⟂所謂「有志者事竟成」，有了堅固無畏的誓願，就能幫助我們成辦一切事業。,https://books.masterhsingyun.org/ArticleDetail/artcle13772
rel_d8a4c1e94f70,ent_2fd7468711e7,諸佛菩薩,Group,group_performs_practice,群体实践修行,ent_6252f39caa13,發心,PracticeActivity,directed,core_usable,stable_entity_graph,true,1,1,1,1,1,single_article,在佛門裡的早課、打掃、供養、行住坐臥、吃飯、睡覺都是在修行，修行以發心為首，立願第一，諸佛菩薩的德行皆是因發心發願、立志立願所成就的。,https://books.masterhsingyun.org/ArticleDetail/artcle8031
rel_79d4420aa6f0,ent_2fd7468711e7,諸佛菩薩,Group,group_performs_practice,群体实践修行,ent_d81e1b51adb7,發願,PracticeActivity,directed,core_usable,stable_entity_graph,true,1,1,1,1,1,single_article,在佛門裡的早課、打掃、供養、行住坐臥、吃飯、睡覺都是在修行，修行以發心為首，立願第一，諸佛菩薩的德行皆是因發心發願、立志立願所成就的。,https://books.masterhsingyun.org/ArticleDetail/artcle8031
rel_f1c77bee9c09,ent_2fd7468711e7,諸佛菩薩,Group,group_performs_practice,群体实践修行,ent_4d8dbf44a614,布施,PracticeActivity,directed,core_usable,stable_entity_graph,true,1,1,1,1,1,single_article,第一、對錢財要及時行施：經云：「為人大富，布施中來。」⟂S⟂諸佛菩薩三十二相、八十種好，都是從累生累劫修習布施而來，大乘法中的六度萬行，布施是第一波羅蜜。⟂S⟂所謂「鮒魚困涸轍，難待西江水」，海水雖多，不能挽救一個飢渴的人；⟂S⟂一掬水雖少，卻可及時拯救一個飢渴之人的性命，你想要「待有餘而後濟人，必無濟人之日」，因此要懂得及時布施錢財。,https://books.masterhsingyun.org/ArticleDetail/artcle8198
rel_75dc980402d5,ent_2fd7468711e7,諸佛菩薩,Group,group_performs_practice,群体实践修行,ent_3e2c0b1657f4,精進,DoctrineTerm,directed,core_usable,stable_entity_graph,true,1,1,1,1,1,single_article,六道眾生也無非是我們過去生中的父母親朋，諸佛菩薩的曠劫精進更是令人歎為觀止……多少個傍晚，餘暉斜映，彩霞滿天，我在焦山的江邊踱步，默念著經典上「心、佛、眾生，三無差別」的句子，細細地體會「心包太虛，量周沙界」的真理，感到自己在無限的時空裡，真是渺小又富有。,https://books.masterhsingyun.org/ArticleDetail/artcle6549
rel_688d5c2bcc79,ent_2fd7468711e7,諸佛菩薩,Group,group_performs_practice,群体实践修行,ent_63b8f0ed08d1,誓願,DoctrineTerm,directed,core_usable,stable_entity_graph,true,2,2,2,2,2,multi_article,佛教的諸佛菩薩，個個發大誓願，觀世音菩薩十二大願、三十三應身，尋聲救苦；⟂S⟂阿彌陀佛四十八願，願為一切有情，建設無有老病的安養國土；⟂S⟂藥師如來十二大願，一一成就眾生，身無瑕穢，建立晝夜熾然光明的琉璃淨土；⟂S⟂地藏菩薩，久遠劫來駐錫地獄，永作幽冥教主，一心為惡道極苦眾生留一盞溫暖的佛光。⟂S⟂─《修剪生命的荒蕪‧永不放棄》,https://books.masterhsingyun.org/ArticleDetail/artcle662
rel_a53b9d002d91,ent_2fd7468711e7,諸佛菩薩,Group,group_performs_practice,群体实践修行,ent_451aac4b11fb,讚歎,PracticeActivity,directed,core_usable,stable_entity_graph,true,1,1,1,1,1,single_article,佛經中記載：當佛陀成道時，十方諸佛菩薩都前來護持讚歎，不禁讓我們感慨：佛教已經發展到五大洲了，但是還有許多佛教徒停留在自己的宗派、地域、國家裡，不能開放自我，不願與十方的佛教徒往來交流，實在是一件很遺憾的事。,https://books.masterhsingyun.org/ArticleDetail/artcle16402
rel_c5f254ae0acd,ent_d85ab40571d4,佛學院,Institution,institution_advocates_concept,机构倡导理念,ent_a6b94c65c717,人間佛教,Concept,directed,core_usable,stable_entity_graph,true,1,1,1,1,1,single_article,佛學的專業、做中學參與、待人的熱情，以及培養喜好融入眾中，學習雖然多元，但佛學院學習目標、弘法方向的共識上是一致的──「人間佛教」，必須要能因應未來在弘法上「傳統與現代結合，僧眾與信眾共有，行持與慧解並重，佛教與藝文合一」。⟂S⟂所以，除了義理、思想的課程之外，佛學院的學生要積極參與各種佛光山弘法實務的學習。,https://books.masterhsingyun.org/ArticleDetail/artcle24127
rel_8c95200d3044,ent_d85ab40571d4,佛學院,Institution,institution_renamed_to,机构更名为,ent_ae43e461cb53,東方佛教學院,Institution,directed,core_usable,stable_entity_graph,true,1,1,1,1,1,single_article,他把佛學院從壽山寺遷移到佛光山，更名為「東方佛教學院」，繼而再到現在的「佛光山叢林學院」，成為五十年間辦學不輟的第一所佛教學院，甚至後來發展出全球十六所佛學院，包括美國西來佛學院、澳洲南天佛學院、南非佛學院、馬來西亞東禪佛學院、印度佛學院等（見「社緣篇」，〈我辦大學等社會教育〉），多年來接引了許多當地青年就讀，所培育出來的人才已為本土化的佛教奠定了扎實的基礎。,https://books.masterhsingyun.org/ArticleDetail/artcle15840
rel_1f85d942cb01,ent_e2c8bed67cc8,匡道慧潭禪師,BuddhistFigure,person_leads_institution,人物领导机构,ent_932a94260cf7,妙心寺,Institution,directed,core_usable,stable_entity_graph,true,1,0,0,0,1,single_article,匡道慧潭禪師，為日本明治早年著名的禪僧，大阪人，曾在神戶祥福寺駐錫三十餘年，後來擔任日本京都臨濟宗妙心寺住持。,https://books.masterhsingyun.org/ArticleDetail/artcle6477
rel_196d652037b9,ent_3a4bc05e5851,南華寺,Institution,institution_founds_institution,机构创设机构,ent_c820d6316205,非洲佛學院,Institution,directed,core_usable,stable_entity_graph,true,1,1,1,1,1,single_article,‧佛光山南華寺創立「非洲佛學院」，為落實大師「佛教本土化」的目標培育人才。,https://books.masterhsingyun.org/ArticleDetail/artcle15313
rel_545a1fa7b9ac,ent_3a4bc05e5851,南華寺,Institution,institution_hosts_activity,机构举办活动,ent_8dacc063faab,共修,PracticeActivity,directed,core_usable,stable_entity_graph,true,1,1,1,1,1,single_article,在共修方面，南華寺與各地的禪淨中心除了每個星期固定舉行的共修會以外，也舉辦梁皇法會、精進念佛會、大悲懺法會等，並且深入社會各個階層，舉辦佛誕節的「浴佛法會」、觀音菩薩成道紀念日的「觀音巡境祈安祈福法會」、佛陀成道日（法寶節）分送臘八粥等活動，藉由佛法的力量來安定人心。,https://books.masterhsingyun.org/ArticleDetail/artcle5709
rel_cc069ffa3d69,ent_3a4bc05e5851,南華寺,Institution,institution_hosts_activity,机构举办活动,ent_304830ec88fd,大悲懺法會,PracticeActivity,directed,core_usable,stable_entity_graph,true,1,1,1,1,1,single_article,在共修方面，南華寺與各地的禪淨中心除了每個星期固定舉行的共修會以外，也舉辦梁皇法會、精進念佛會、大悲懺法會等，並且深入社會各個階層，舉辦佛誕節的「浴佛法會」、觀音菩薩成道紀念日的「觀音巡境祈安祈福法會」、佛陀成道日（法寶節）分送臘八粥等活動，藉由佛法的力量來安定人心。,https://books.masterhsingyun.org/ArticleDetail/artcle5709
rel_710cc368f2f6,ent_3a4bc05e5851,南華寺,Institution,institution_hosts_activity,机构举办活动,ent_6a96000d4114,浴佛法會,PracticeActivity,directed,core_usable,stable_entity_graph,true,1,1,1,1,1,single_article,在共修方面，南華寺與各地的禪淨中心除了每個星期固定舉行的共修會以外，也舉辦梁皇法會、精進念佛會、大悲懺法會等，並且深入社會各個階層，舉辦佛誕節的「浴佛法會」、觀音菩薩成道紀念日的「觀音巡境祈安祈福法會」、佛陀成道日（法寶節）分送臘八粥等活動，藉由佛法的力量來安定人心。,https://books.masterhsingyun.org/ArticleDetail/artcle5709
rel_706547d00185,ent_3a4bc05e5851,南華寺,Institution,institution_hosts_activity,机构举办活动,ent_1d63706fca5f,例行共修法會,PracticeActivity,directed,core_usable,stable_entity_graph,true,1,0,0,0,1,single_article,例如：南華寺每星期舉辦例行共修法會，安頓海外華人的心靈；,https://books.masterhsingyun.org/ArticleDetail/artcle23622
rel_088135cc49df,ent_3a4bc05e5851,南華寺,Institution,institution_promotes_practice,机构推动实践,ent_3d3eec716058,本土化,Concept,directed,core_usable,stable_entity_graph,true,1,1,1,1,1,single_article,‧佛光山南華寺創立「非洲佛學院」，為落實大師「佛教本土化」的目標培育人才。,https://books.masterhsingyun.org/ArticleDetail/artcle15313
rel_044ad087151c,ent_2582bd52b17e,佛香精舍,Institution,institution_propagates_doctrine,机构传播教义,ent_e148ca0687f4,佛法,DoctrineTerm,directed,core_usable,stable_entity_graph,true,1,0,0,0,1,single_article,除了佛光山本身外，其他在海內外所屬的寺院，包括台北的普門寺、高雄的普賢寺、宜蘭的雷音寺、彰化的福山寺、嘉義的圓福寺、台南福國寺、善化慧慈寺、基隆極樂寺、新竹無量壽圖書館、澎湖馬公的信願寺，以及美國洛杉磯的西來寺、白塔寺、蓮華寺，馬來西亞的青蓮堂、鶴鳴寺、龍華寺，香港的佛香精舍等，亦莫不如此，在信徒捐獻及大力支援下完成，成為該地弘揚佛法的服務中心。,https://books.masterhsingyun.org/ArticleDetail/artcle17420
rel_58abf8fcbae4,ent_e8821b31154a,契嵩,BuddhistFigure,person_advocates_doctrine,人物倡导教义,ent_debc7426d8e8,儒佛一致,DoctrineTerm,directed,core_usable,stable_entity_graph,true,1,0,0,0,1,single_article,契嵩對北宋當時儒家排佛之論力加反駁，而提倡儒佛一致之說。,https://books.masterhsingyun.org/ArticleDetail/artcle4432
rel_ea25098ee47c,ent_91b69ba91b99,月光寺,Institution,institution_hosts_activity,机构举办活动,ent_54fe1c2c70b4,甘露灌頂皈依三寶典禮,PracticeActivity,directed,core_usable,stable_entity_graph,true,1,0,0,0,1,single_article,二○一一年月光寺舉辦甘露灌頂皈依三寶典禮，由星雲大師主持。,https://books.masterhsingyun.org/ArticleDetail/artcle15755
rel_7dfbd53d2948,ent_41168e72cf01,大陽和尚,BuddhistFigure,person_transmits_to_person,人物传法于人物,ent_1ea0b8fa7f65,馬祖道一,BuddhistFigure,directed,core_usable,stable_entity_graph,true,1,0,0,0,1,single_article,唐朝時候的大陽和尚，得法於馬祖道一禪師。,https://books.masterhsingyun.org/ArticleDetail/artcle6484
rel_5c46856eca62,ent_f201a2abcf65,智賢禪師,BuddhistFigure,person_learns_from_person,人物师从或学习于人物,ent_660adce818ab,福嚴良雅禪師,BuddhistFigure,directed,core_usable,stable_entity_graph,true,1,0,0,0,1,single_article,北宋雲門宗的北禪智賢禪師，得法於福嚴良雅禪師。,https://books.masterhsingyun.org/ArticleDetail/artcle7651
rel_5ed9ef2e89e9,ent_366a8593e98e,美國西來寺,Institution,institution_hosts_activity,机构举办活动,ent_ed6039c9efc7,三壇大戒,PracticeActivity,directed,core_usable,stable_entity_graph,true,1,1,1,1,1,single_article,◎南傳比丘尼戒法已失傳很久，使得至今南傳國家沒有比丘尼教團，台灣因女眾出家者多，比丘尼教團不僅成長迅速，且在佛教界有其地位。⟂S⟂達賴喇嘛時常派女眾弟子來台受三壇大戒，也多次表示比丘尼教團值得提倡。⟂S⟂美國西來寺也先後傳過兩次三壇大戒，有不少南傳女眾參加。⟂S⟂我很期望在座南北傳法師上座，大家能發心到菩提伽耶金剛座前，共同傳一次戒法，讓南傳佛教因此重新有比丘尼戒法。⟂S⟂此建議希望能獲得南傳長老們支持，進而站出來講話認定。,https://books.masterhsingyun.org/ArticleDetail/artcle2637
rel_cd1d4185be6c,ent_366a8593e98e,美國西來寺,Institution,institution_participates_in_activity,机构参与活动,ent_357e48228821,賑濟活動,PracticeActivity,directed,core_usable,stable_entity_graph,true,1,0,0,0,1,single_article,美國西來寺則年年與當地各個宗教舉行聯合祈福法會，並且經常與當地教會合作，參與各項賑濟活動，展現了平等無私的胸懷。,https://books.masterhsingyun.org/ArticleDetail/artcle17810
rel_ea18f1b846d4,ent_16cc50236852,中華佛光協會鳥松分會,Institution,institution_participates_in_activity,机构参与活动,ent_ae2a498d2bfb,佛學講座,PracticeActivity,directed,core_usable,stable_entity_graph,true,1,0,0,0,1,single_article,下午二時，由行政院勞工局、高雄縣政府主辦，中華佛光協會鳥松分會協辦的「台灣塑膠公司」的佛學講座，在台塑仁武廠二樓大禮堂舉行。,https://books.masterhsingyun.org/ArticleDetail/artcle8298
rel_450a36380060,ent_5b8f1af4387c,義懷禪師,BuddhistFigure,person_leads_institution,人物领导机构,ent_805df02b4b6d,鐵佛寺,Institution,directed,core_usable,stable_entity_graph,true,1,0,0,0,1,single_article,義懷最初住持鐵佛寺，最後住持越州天衣寺，其間遷居了五個地方，所到寺院，均已傾圯荒廢，義懷皆重新擘劃，大肆整修，重振雲門宗風，尤以天衣寺規模最宏偉，因此，世稱他為「天衣義懷」。,https://books.masterhsingyun.org/ArticleDetail/artcle11351
rel_9657a0aac637,ent_9d9256339f4e,北條時賴,Person,person_founds_institution,人物创设机构,ent_bd4e1f23037f,建長寺,Institution,directed,core_usable,stable_entity_graph,true,1,0,0,0,1,single_article,三十三歲那年，他帶著弟子義翁、龍江等人跨海東渡，起初掛單在日本壽福寺，後鎌倉幕府的執政北条時賴，延請道隆住持原屬天台宗的常樂寺，北条時賴皈依道隆後，創立建長寺，禮請道隆為開山祖師，這是鎌倉開始有獨立的禪宗道場。,https://books.masterhsingyun.org/ArticleDetail/artcle11583
rel_d9e757fd2f10,ent_d317550b21df,南非南華寺,Institution,institution_located_at_place,机构位于地点,ent_2696343ec48b,南非,PlaceRealm,directed,core_usable,stable_entity_graph,true,1,0,0,0,1,single_article,位於南非的南華寺，自2000年起，與國際佛光會合作舉辦「光明和平節」，推動宗教間交流對話，消弭族群間對立，獲得當地各宗教團體支持。,https://books.masterhsingyun.org/ArticleDetail/artcle24216
rel_288503b92031,ent_a01886b79882,慈覺大師,BuddhistFigure,person_promotes_practice,人物推广实践,ent_f86c607e1bb0,五會念佛,PracticeActivity,directed,core_usable,stable_entity_graph,true,1,0,0,0,1,single_article,日本的淨土信仰最初是在貴族中流傳，此乃起源於飛鳥時代慈覺大師所提倡的「五會念佛」。,https://books.masterhsingyun.org/ArticleDetail/artcle2776
rel_814f65a48072,ent_00bbd22322a5,中華佛光協會岡山分會,Institution,institution_participates_in_activity,机构参与活动,ent_ae2a498d2bfb,佛學講座,PracticeActivity,directed,core_usable,stable_entity_graph,true,1,0,0,0,1,single_article,由中華佛光協會岡山分會主辦，岡山鎮公所、岡山鎮農會、警悟禪寺、龍湖庵、大岡山青商會、明禪寺、超峰禪寺、蓮峰寺協辦的佛學講座，今天起一連三天在岡山鎮中山堂舉行，今晚我的講題是「從人道到佛道」──,https://books.masterhsingyun.org/ArticleDetail/artcle8179
rel_6cfd7d62a649,ent_7da911bb57b1,大華嚴寺,Institution,institution_hosts_activity,机构举办活动,ent_a903c24e048f,千僧供養法會,PracticeActivity,directed,core_usable,stable_entity_graph,true,1,0,0,0,1,single_article,經過四年的歲月，到貞元三年（七八七），完成了六十卷的《華嚴經疏》，大華嚴寺為此特別舉辦千僧供養法會，以資祝禱。,https://books.masterhsingyun.org/ArticleDetail/artcle8382
rel_8c4eb74ff040,ent_44b6b6a31c36,佛光會樹林分會,Institution,institution_hosts_activity,机构举办活动,ent_ae2a498d2bfb,佛學講座,PracticeActivity,directed,core_usable,stable_entity_graph,true,1,0,0,0,1,single_article,一九九七年我先生看到報紙刊登佛光會樹林分會舉辦佛學講座的訊息，邀我一起去聽。,https://books.masterhsingyun.org/ArticleDetail/artcle15797
rel_56f834632cd8,ent_74c9507031f4,人间音缘,PracticeActivity,activity_serves_group,活动或实践服务群体,ent_1ca5560304d5,青年,Group,directed,core_usable,stable_entity_graph,true,2,0,0,0,1,single_article,張老先生對我主持的宜蘭念佛會，護持有加，家裡的廳堂供奉有大藏經，尤其張老先生喜好音樂，慈惠得自父親的遺傳，音樂素養很高，除了當年參加佛教歌詠隊以外，近年來主辦的「人間音緣」，每年都接引數十個國家的青年到台北參加佛教歌曲比賽。,https://books.masterhsingyun.org/ArticleDetail/artcle6894
rel_194eef5ca1ed,ent_de44e91e1f81,德國柏林佛光山,Institution,institution_hosts_activity,机构举办活动,ent_060684c31f21,菩薩道：中國佛教菩薩思想學術會議,PracticeActivity,directed,core_usable,stable_entity_graph,true,1,0,0,0,1,single_article,2001年11月3日，德國柏林佛光山舉辦「菩薩道：中國佛教菩薩思想」學術會議，此為佛光山歐洲道場所舉辦的第一場學術會議，全程以德文進行，地點：柏林佛光山。,https://books.masterhsingyun.org/ArticleDetail/artcle24174
rel_a08cedef3470,ent_fe610389b4ce,佛光三昧修持法,PracticeActivity,practice_promoted_to_group,實踐向群體推廣,ent_db4f30e8571c,佛光會員,Group,directed,core_usable,stable_entity_graph,true,1,0,0,0,1,single_article,「佛光三昧修持法」最初是對佛光會員提倡的修行日課。,https://books.masterhsingyun.org/ArticleDetail/artcle24276
rel_7014e09238b8,ent_6d625f24f239,證光法師,BuddhistFigure,person_founds_institution,人物创设机构,ent_56801b09aa3c,延平佛學院,Institution,directed,core_usable,stable_entity_graph,true,1,0,0,0,1,single_article,同年12月，台南開元寺住持證光法師成立延平佛學院，進一步拓展了佛教教育的範疇。,https://books.masterhsingyun.org/ArticleDetail/artcle24230
rel_c86d3155b472,ent_c2d7fe689d7c,宋太宗,Person,person_founds_institution,人物创设机构,ent_378f9946c693,譯經院,Institution,directed,core_usable,stable_entity_graph,true,1,0,0,0,1,single_article,到了宋代，太宗在太平興國寺西側建立譯經院，當《開寶藏》雕造完成後，太宗即敕命在譯經院的西側創建印經院，開始印刷大藏經。,https://books.masterhsingyun.org/ArticleDetail/artcle8380
rel_a06109172f7f,ent_ccffda86b408,中华佛光协会新营分会,Institution,institution_hosts_activity,机构举办活动,ent_01e4d9c26b45,佛学讲座,PracticeActivity,directed,core_usable,stable_entity_graph,true,2,0,0,0,1,single_article,由台南縣文化中心及中華佛光協會新營分會共同主辦的佛學講座，今在新營文化中心音樂廳舉行。,https://books.masterhsingyun.org/ArticleDetail/artcle8362
rel_69e15bb85bbe,ent_5908581d64e2,法忠法師,BuddhistFigure,person_leads_institution,人物领导机构,ent_4d51437bc35b,廬山雲中寺,Institution,directed,core_usable,stable_entity_graph,true,1,0,0,0,1,single_article,法忠法師，俗姓曹，諱法忠，別號敬堂，明朝新安歙縣人，住持於廬山雲中寺。,https://books.masterhsingyun.org/ArticleDetail/artcle11650
rel_abd74f7f0ff1,ent_fce7d4348300,護法,PracticeActivity,practice_equivalent_to,实践在语境中等同,ent_7589add60cad,弘法,PracticeActivity,directed,core_usable,stable_entity_graph,true,2,0,0,0,1,single_article,因此，護法就是弘法，弘法也就是護法。」,https://books.masterhsingyun.org/ArticleDetail/artcle18815
rel_8a0df83c1de4,ent_2cac370d08ca,大仙寺,Institution,institution_located_at_place,机构位于地点,ent_a24d417abf3a,台南,PlaceRealm,directed,core_usable,stable_entity_graph,true,1,1,1,1,1,single_article,比方說，台灣早期也有名山道場，如基隆月眉山靈泉寺、台北觀音山凌雲寺、中壢圓光寺、苗栗法雲寺、台中寶覺寺、嘉義關子嶺、台南大仙寺、高雄大岡山超峰寺、高雄龍泉寺、屏東東山寺，都是建築得有模有樣，只是裡面的領導人都年老過世了。,https://books.masterhsingyun.org/ArticleDetail/artcle16278
rel_8fefe58b0751,ent_85cbf0f0aa08,蘇州崑劇院,Institution,institution_propagates_doctrine,机构传播教义,ent_646ca5411e60,遊園驚夢,Classic,directed,core_usable,stable_entity_graph,true,1,0,0,0,1,single_article,事實上，蘇州崑劇院也不只是提倡〈遊園驚夢〉，佛教有許多勸世的因果報應、道德觀念，也都值得宣揚。,https://books.masterhsingyun.org/ArticleDetail/artcle10911
rel_b070d14a3600,ent_3f66aecf07f4,稱念佛光四句偈,PracticeActivity,practice_cultivates_doctrine,实践培育教义品质,ent_cf26f7ad8f86,慈悲,DoctrineTerm,directed,core_usable,stable_entity_graph,true,2,0,0,0,1,single_article,每日三餐進食前，合掌稱念四供養、〈佛光四句偈〉或五觀想，亦可培養感恩與慈悲的宗教情操。,https://books.masterhsingyun.org/ArticleDetail/artcle785
rel_9d638f59dea4,ent_afac8238116b,龍智,BuddhistFigure,person_performs_practice,人物实践修行,ent_3fb645bab62e,密教,SchoolTradition,directed,core_usable,stable_entity_graph,true,1,0,0,0,1,single_article,三十一歲，到南印度就龍智修學密教，研究《金剛頂瑜伽經》、《大日總持陀羅尼經》等密教經典，並得受金剛界的密法灌頂。,https://books.masterhsingyun.org/ArticleDetail/artcle6768
rel_0419e496c86f,ent_2687e149de3b,五比丘,Group,concept_named_as,概念命名为,ent_94013824bc5f,佛教最初的僧寶,RoleTitle,directed,core_usable,stable_entity_graph,true,1,1,1,1,1,single_article,般若智慧就是我們的「心真如門」，般若不是談玄說妙，要表現在生活行儀上，成為人間慧用，才有意義。⟂S⟂當初佛陀在靈山會上拈花，迦葉破顏微笑，師徒印心，禪於是成為人間的一道光明；⟂S⟂佛陀成道前，放下苦行，接受牧羊女的供養，五比丘相約不理睬佛陀，但是當他們見到成道後的佛陀，被佛陀的威儀攝受，忍不住跪地禮拜，並且再度隨侍佛陀，於是成為佛教「最初的僧寶」。⟂S⟂佛陀的行儀度化，就是人間的慧用。,https://books.masterhsingyun.org/ArticleDetail/artcle430
rel_39cd6e40ef39,ent_2687e149de3b,五比丘,Group,group_performs_practice,群体实践修行,ent_cac49a61a507,禮拜,PracticeActivity,directed,core_usable,stable_entity_graph,true,1,1,1,1,1,single_article,般若智慧就是我們的「心真如門」，般若不是談玄說妙，要表現在生活行儀上，成為人間慧用，才有意義。⟂S⟂當初佛陀在靈山會上拈花，迦葉破顏微笑，師徒印心，禪於是成為人間的一道光明；⟂S⟂佛陀成道前，放下苦行，接受牧羊女的供養，五比丘相約不理睬佛陀，但是當他們見到成道後的佛陀，被佛陀的威儀攝受，忍不住跪地禮拜，並且再度隨侍佛陀，於是成為佛教「最初的僧寶」。⟂S⟂佛陀的行儀度化，就是人間的慧用。,https://books.masterhsingyun.org/ArticleDetail/artcle430
rel_227de155f2fa,ent_082bbec035a3,百丈禪師,BuddhistFigure,person_promotes_practice,人物推广实践,ent_2831655ae130,農禪生活,PracticeActivity,directed,core_usable,stable_entity_graph,true,2,0,0,0,2,single_article,古代的聖賢大德，如唐朝的百丈禪師提倡「一日不作，一日不食」的農禪生活；,https://books.masterhsingyun.org/ArticleDetail/artcle17806
rel_55c6793e4b0c,ent_6cc22d86d1a4,阿努達法師,BuddhistFigure,person_founds_institution,人物创设机构,ent_254a566d0684,五戒國小,Institution,directed,core_usable,stable_entity_graph,true,1,0,0,0,1,single_article,阿努達法師出家二十五年，擁有斯里蘭卡大學巴利文系與宗教系雙學位，一九九四年到菩提伽耶參訪時，看到此地的孩童沒有接受教育，甚至還以乞討為榮，內心不忍，於是創辦了「五戒國小」，以佛教的「五戒」做為校訓。,https://books.masterhsingyun.org/ArticleDetail/artcle17187
rel_bfde68985265,ent_0f66abe67155,水庵師一禪師,BuddhistFigure,person_leads_institution,人物领导机构,ent_8773a3689092,台州慈雲寺,Institution,directed,core_usable,stable_entity_graph,true,1,0,0,0,1,single_article,嗣法之後，師一最初住持於台州慈雲寺，一生共歷經四個州郡、八座寺院的住持；,https://books.masterhsingyun.org/ArticleDetail/artcle11806
rel_72eeca4411a6,ent_17fe60a824bd,普明,Person,person_leads_institution,人物领导机构,ent_4e4f3e3d146b,國清寺,Institution,directed,core_usable,stable_entity_graph,true,1,0,0,0,1,single_article,普明住持國清寺時，參學徒眾激增，國清講堂相形狹隘窄迫，於是普明著手擘劃重建；,https://books.masterhsingyun.org/ArticleDetail/artcle11385
rel_bdd6602b5f67,ent_3d855bf61864,法照,BuddhistFigure,person_performs_practice,人物实践修行,ent_3f29c09ead57,念佛三昧,PracticeActivity,directed,core_usable,stable_entity_graph,true,1,0,0,0,1,single_article,四祖法照大師專修念佛三昧，感得缽中見五台勝境，文殊、普賢二大菩薩讚歎宣說念佛法門，又舒金色臂摩其頂，謂大師以念佛力將證菩提正覺。,https://books.masterhsingyun.org/ArticleDetail/artcle8767
rel_6f305313edd1,ent_3d855bf61864,法照,BuddhistFigure,person_performs_practice,人物实践修行,ent_265cacbcc3b6,般舟三昧,PracticeActivity,directed,core_usable,stable_entity_graph,true,1,0,0,0,1,single_article,四祖法照大師於南嶽般舟念佛道場勤修般舟三昧，禪定中感應彌陀親授五會念佛方法，乃創「五會念佛*14」法門。,https://books.masterhsingyun.org/ArticleDetail/artcle8767
rel_4cf3bfbfae71,ent_3d855bf61864,法照,BuddhistFigure,person_promotes_practice,人物推广实践,ent_f86c607e1bb0,五會念佛,PracticeActivity,directed,core_usable,stable_entity_graph,true,1,0,0,0,1,single_article,法照大師，唐代淨土宗僧，因提倡「五會念佛」，又稱「五會法師」。,https://books.masterhsingyun.org/ArticleDetail/artcle6696
rel_e6eb8978799f,ent_768d139e349a,北港禪淨中心,Institution,institution_hosts_activity,机构举办活动,ent_028281aa5164,弘法活動,PracticeActivity,directed,core_usable,stable_entity_graph,true,2,1,1,1,2,single_article,北港禪淨中心座落於媽祖文化城第九樓，位居北港最繁榮的地區，在依嚴、永航、永毓、永誠、妙禪、妙紀等人領導下，除了道場舉辦各項弘法活動外，也融入當地的信仰文化。,https://books.masterhsingyun.org/ArticleDetail/artcle23791
rel_590abc6771e4,ent_de4ad2386580,孝慈,BuddhistFigure,figure_practices_tradition,人物实践宗派传统,ent_8bebed9208c2,三階佛法,SchoolTradition,directed,core_usable,stable_entity_graph,true,1,0,0,0,1,single_article,其中孝慈自幼即從信行修學三階佛法；,https://books.masterhsingyun.org/ArticleDetail/artcle1995
rel_06d498c72dee,ent_0edcd0239cad,海天佛剎,Institution,institution_located_at_place,机构位于地点,ent_aa07e752d9fa,馬公市區東衛後山,PlaceRealm,directed,core_usable,stable_entity_graph,true,1,0,0,0,1,single_article,我們的寺院位於馬公市區東衛後山，占地廣闊，面臨蔚藍浩瀚的海景，風光秀麗。,https://books.masterhsingyun.org/ArticleDetail/artcle23800
rel_0e7a8567712a,ent_cd50aa497678,龍濟紹修禪師,BuddhistFigure,person_transmits_to_person,人物传法于人物,ent_5a9b30907b4f,羅漢桂琛,BuddhistFigure,directed,core_usable,stable_entity_graph,true,1,0,0,0,1,single_article,江西撫州龍濟山紹修禪師，得法於羅漢桂琛禪師。,https://books.masterhsingyun.org/ArticleDetail/artcle7139
rel_c6dc580036a6,ent_003454d74224,福国寺,Institution,institution_hosts_activity,机构举办活动,ent_d76b44f04dbb,水忏法会,PracticeActivity,directed,core_usable,stable_entity_graph,true,1,0,0,0,1,single_article,福國寺和慧慈寺也為了台南講堂的籌建，聯合租借了台南協進國小的協進館，舉辦一場千人的水懺法會。,https://books.masterhsingyun.org/ArticleDetail/artcle2389
rel_74922f21c804,ent_546008b94146,世界佛教徒友誼會第十六屆大會,PracticeActivity,activity_occurs_at_place,活动发生于地点,ent_74dcaa5d8d83,西半球,PlaceRealm,directed,core_usable,stable_entity_graph,true,1,0,0,0,1,single_article,11月19日：由美國西來寺主辦「世界佛教徒友誼會第十六屆大會」，為國際佛教會議第一次於西半球召開的會議，為海峽兩岸佛教首開交流之創舉。,https://books.masterhsingyun.org/ArticleDetail/artcle24210
rel_055a3ce3e467,ent_7d13026d3545,六祖惠能,BuddhistFigure,person_advocates_doctrine,人物倡导教义,ent_d955e20d95cf,頓悟法門,DoctrineTerm,directed,core_usable,stable_entity_graph,true,1,0,0,0,1,single_article,從此以後，禪宗分為南北兩大系統，所謂「南頓北漸」、「南能北秀」，就是指惠能在嶺南提倡頓悟法門，神秀在北方長安、洛陽一帶主張循序漸修，形成南北兩宗的對峙。,https://books.masterhsingyun.org/ArticleDetail/artcle8388
rel_042afb4dda88,ent_7d13026d3545,六祖惠能,BuddhistFigure,person_teaches_audience,人物教导受众,ent_690cd2d4e407,無盡藏尼,BuddhistFigure,directed,core_usable,stable_entity_graph,true,1,0,0,0,1,single_article,惠能雖不識字，卻能為無盡藏尼解釋經義，因此深受當地村民一致推崇。,https://books.masterhsingyun.org/ArticleDetail/artcle2002
rel_632ccaa4a406,ent_5d580320eaf7,布里斯本佛光分會,Institution,institution_hosts_activity,机构举办活动,ent_06f9eaf5c11f,社會公益活動,PracticeActivity,directed,core_usable,stable_entity_graph,true,1,0,0,0,1,single_article,此外，布里斯本佛光分會在此成立雖僅年餘，卻舉辦了多項社會公益活動，在教化社會方面貢獻很大。,https://books.masterhsingyun.org/ArticleDetail/artcle2294
rel_afcdb5f4c814,ent_bce8864ea7d7,国际佛光会中华总会,Institution,institution_hosts_activity,机构举办活动,ent_01fba74b0f25,净化人心运动,PracticeActivity,directed,core_usable,stable_entity_graph,true,1,0,0,0,1,single_article,中華總會自成立以來，更是舉辦了一系列轟轟烈烈的活動，像「淨化人心運動」在全省蔚為風氣，為建設佛光大學所舉辦的各種籌募活動也引起佛教徒對文教事業的重視，其他如施診捐血、環保掃街、朝山參學、貧苦慰問等，每一項活動都充滿了愛心、熱心，讓受益者倍覺溫馨、感動。,https://books.masterhsingyun.org/ArticleDetail/artcle16739
rel_0aa3ea674fe8,ent_1a133ca03ccc,佛光教團,Institution,institution_propagates_doctrine,机构传播教义,ent_a6b94c65c717,人間佛教,Concept,directed,core_usable,stable_entity_graph,true,2,0,0,0,1,single_article,此理念成為佛光教團推動人間佛教的修行指引。,https://books.masterhsingyun.org/ArticleDetail/artcle24087
rel_321bcb185191,ent_c341be25a7a9,覺先法師,BuddhistFigure,person_leads_institution,人物领导机构,ent_98f4ad5a4f9f,延慶寺,Institution,directed,core_usable,stable_entity_graph,true,1,0,0,0,1,single_article,覺先又受邀住持延慶寺，弘講天台學說；,https://books.masterhsingyun.org/ArticleDetail/artcle11361
rel_dab7cc7b7e17,ent_34f3e5d28b2d,阿彌陀佛,BuddhistFigure,person_associated_with_place,人物关联地点,ent_f8cdc44e895f,極樂世界,PlaceRealm,directed,core_usable,stable_entity_graph,true,2,2,2,2,2,multi_article,阿彌陀佛的極樂世界，位於娑婆世界西方，距離此方約十萬億佛土，教主阿彌陀佛已經成佛十劫，正在彼土說法。⟂S⟂極樂世界因為「無有眾苦，但受諸樂」，故名極樂。⟂S⟂極樂淨土的風光是：黃金鋪地、七寶樓閣、七重欄楯、七重羅網、七重行樹、七寶池、八功德水，四邊階道都是由金、銀、琉璃、玻璃諸寶合成。⟂S⟂日常生活則是思衣得衣，思食得食，來往飛行自在；⟂S⟂居民都是善人相聚，無有男女之分，皆由蓮花化生。⟂S⟂極樂世界是阿彌陀佛在因地修行時所發四十八大願，以無盡悲願功德建設而成。⟂S⟂阿彌陀佛向眾生宣誓，一切有情只要信賴彌陀願力，願生西方，專誠恭謹稱念彌陀聖號而至一心不亂，與彌陀佛力感應，身心得到護念攝受，即可往生極樂世界。⟂S⟂相對於藥師佛之追求現世的安樂，極樂世界則帶給娑婆眾生對未來的生命充滿無限希望。,https://books.masterhsingyun.org/ArticleDetail/artcle9073
rel_88dbe2c4525d,ent_34f3e5d28b2d,阿彌陀佛,BuddhistFigure,person_attains_doctrinal_state,人物证得教义境界,ent_c84e07b0932e,成佛,Concept,directed,core_usable,stable_entity_graph,true,1,1,1,1,1,single_article,阿彌陀佛的極樂世界，位於娑婆世界西方，距離此方約十萬億佛土，教主阿彌陀佛已經成佛十劫，正在彼土說法。⟂S⟂極樂世界因為「無有眾苦，但受諸樂」，故名極樂。⟂S⟂極樂淨土的風光是：黃金鋪地、七寶樓閣、七重欄楯、七重羅網、七重行樹、七寶池、八功德水，四邊階道都是由金、銀、琉璃、玻璃諸寶合成。⟂S⟂日常生活則是思衣得衣，思食得食，來往飛行自在；⟂S⟂居民都是善人相聚，無有男女之分，皆由蓮花化生。⟂S⟂極樂世界是阿彌陀佛在因地修行時所發四十八大願，以無盡悲願功德建設而成。⟂S⟂阿彌陀佛向眾生宣誓，一切有情只要信賴彌陀願力，願生西方，專誠恭謹稱念彌陀聖號而至一心不亂，與彌陀佛力感應，身心得到護念攝受，即可往生極樂世界。⟂S⟂相對於藥師佛之追求現世的安樂，極樂世界則帶給娑婆眾生對未來的生命充滿無限希望。,https://books.masterhsingyun.org/ArticleDetail/artcle9073
rel_8df86ae5406f,ent_34f3e5d28b2d,阿彌陀佛,BuddhistFigure,person_guides_or_saves_group,人物教化或度化群体,ent_aef97ef170d1,眾生,Group,directed,core_usable,stable_entity_graph,true,5,0,0,0,1,single_article,阿彌陀佛度化眾生的慈悲也是綿延不絕，所度的眾生更是無涯無際。,https://books.masterhsingyun.org/ArticleDetail/artcle663
rel_cf8aa87a8945,ent_34f3e5d28b2d,阿彌陀佛,BuddhistFigure,person_guides_or_saves_group,人物教化或度化群体,ent_a37b94bcd5ea,十方眾生,Group,directed,core_usable,stable_entity_graph,true,1,0,0,0,1,single_article,彼處有阿彌陀佛接引十方眾生，生死離苦，並有觀音、勢至輔助，所以，觀音菩薩又稱彌陀倒駕慈航，於人世間救苦救難。,https://books.masterhsingyun.org/ArticleDetail/artcle11167
rel_19594d73a246,ent_34f3e5d28b2d,阿彌陀佛,BuddhistFigure,person_makes_vow,佛教人物发下誓愿,ent_63b8f0ed08d1,誓願,DoctrineTerm,directed,core_usable,stable_entity_graph,true,1,1,1,1,1,single_article,阿彌陀佛曾肯定的發下誓願：不論何人，只要信賴彌陀願力，願生極樂世界，稱念「阿彌陀佛」，不問一日、二日，乃至十念，做到了專誠虔敬，一心不亂，就能為彌陀的佛力所加持，而往生極樂世界。,https://books.masterhsingyun.org/ArticleDetail/artcle663
rel_69fd57e0143f,ent_34f3e5d28b2d,阿彌陀佛,BuddhistFigure,person_performs_practice,人物实践修行,ent_bd68ae54ea00,修行,PracticeActivity,directed,core_usable,stable_entity_graph,true,1,1,1,1,1,single_article,例如：慧可大師不「求」初祖達摩為其安心，如何能深得禪門法髓？⟂S⟂玄奘大師沒有「求」法熱忱，如何能發揚中印文化？⟂S⟂最初師事婆羅門的迦葉尊者不向佛陀「求」道，如何能轉邪歸正？⟂S⟂原本修習小乘的鳩摩羅什不「求」大乘佛法，如何能提升自我？⟂S⟂甚至阿彌陀佛如果「無求」，不經累劫修行，哪裡能成就七寶莊嚴的極樂淨土來接引末法眾生？⟂S⟂二五○○年前，悉達多太子證悟佛道以後，如果「無求」，即刻入滅，後世佛子不就無福得度？⟂S⟂道安大師如果「無求」，畏難苟安，佛教哪裡能在亂世中繼絕存亡？⟂S⟂鑑真大師如果「無求」，遇難則止，日本的佛教也不會有今日的盛況。,https://books.masterhsingyun.org/ArticleDetail/artcle20515
rel_c8abb037a5a0,ent_34f3e5d28b2d,阿彌陀佛,BuddhistFigure,person_performs_practice,人物实践修行,ent_c766879c0c7a,說法,PracticeActivity,directed,core_usable,stable_entity_graph,true,1,1,1,1,1,single_article,阿彌陀佛的極樂世界，位於娑婆世界西方，距離此方約十萬億佛土，教主阿彌陀佛已經成佛十劫，正在彼土說法。⟂S⟂極樂世界因為「無有眾苦，但受諸樂」，故名極樂。⟂S⟂極樂淨土的風光是：黃金鋪地、七寶樓閣、七重欄楯、七重羅網、七重行樹、七寶池、八功德水，四邊階道都是由金、銀、琉璃、玻璃諸寶合成。⟂S⟂日常生活則是思衣得衣，思食得食，來往飛行自在；⟂S⟂居民都是善人相聚，無有男女之分，皆由蓮花化生。⟂S⟂極樂世界是阿彌陀佛在因地修行時所發四十八大願，以無盡悲願功德建設而成。⟂S⟂阿彌陀佛向眾生宣誓，一切有情只要信賴彌陀願力，願生西方，專誠恭謹稱念彌陀聖號而至一心不亂，與彌陀佛力感應，身心得到護念攝受，即可往生極樂世界。⟂S⟂相對於藥師佛之追求現世的安樂，極樂世界則帶給娑婆眾生對未來的生命充滿無限希望。,https://books.masterhsingyun.org/ArticleDetail/artcle9073
rel_9fda9b3a8802,ent_987d4f75b709,慈航法師,BuddhistFigure,person_founds_institution,人物创设机构,ent_68aee3617c5a,中國佛學社,Institution,directed,core_usable,stable_entity_graph,true,1,0,0,0,1,single_article,另在佛教史上，佛陀三十一歲成道、玄奘二十六歲到印度求法、惠能二十六歲悟道、僧肇三十歲著《肇論》、鳩摩羅什十七歲說法、智者大師三十八歲創天台宗、吉藏三十二歲成立三論宗派、慧遠大師二十四歲講經結社念佛、僧祐三十歲成為文史專家、太虛大師三十八歲國際弘法、慈航三十四歲成立中國佛學社，還有梁漱溟、豐子愷、譚嗣同、蘇曼殊、張劍芬、呂碧城、楊秀鶴、孫張清揚等，都是佛教青年的楷模！,https://books.masterhsingyun.org/ArticleDetail/artcle5793
rel_7bfe3e718e92,ent_1ece0eebc4bc,安基開工典禮,PracticeActivity,activity_occurs_at_place,活动发生于地点,ent_32b9ff097781,普門中學新校區,PlaceRealm,directed,core_usable,stable_entity_graph,true,1,0,0,0,1,single_article,普門中學新校區舉行安基開工典禮；,https://books.masterhsingyun.org/ArticleDetail/artcle10759
rel_2ee4ce7a7d75,ent_816644d8d76b,元仁,BuddhistFigure,person_leads_institution,人物领导机构,ent_44f65cd34baf,如來分會,Institution,directed,core_usable,stable_entity_graph,true,1,0,0,0,1,single_article,元仁居士學佛以後，領導如來分會，參與佛法活動，傾誠向道，深具心得，現任佛光總會檀講師，曾獲頒佛光山金像獎。,https://books.masterhsingyun.org/ArticleDetail/artcle21783
rel_35fd2f37816e,ent_5d92d17761d8,僧遠大師,BuddhistFigure,person_leads_institution,人物领导机构,ent_b551bc14fbae,梁州薛寺,Institution,directed,core_usable,stable_entity_graph,true,1,0,0,0,1,single_article,齊朝僧遠大師，住持梁州薛寺。,https://books.masterhsingyun.org/ArticleDetail/artcle14916
rel_4a533be8c5fc,ent_ae2a498d2bfb,佛學講座,PracticeActivity,activity_occurs_at_place,活动发生于地点,ent_a6edbfea0e76,香港,PlaceRealm,directed,core_usable,stable_entity_graph,true,2,2,2,2,2,multi_article,•應「香港青年協會」之邀，假香港油麻地梁顯利社區服務中心舉辦三天佛學講座，分別講說「勝鬘夫人十大受」、「普賢菩薩十大願」、「因果報應十來偈」。,https://books.masterhsingyun.org/ArticleDetail/artcle24294
rel_440c6c2b82dc,ent_ae2a498d2bfb,佛學講座,PracticeActivity,planned_activity_at_place,计划活动发生于地点,ent_a6edbfea0e76,香港,PlaceRealm,directed,core_usable,stable_entity_graph,true,2,0,0,0,1,single_article,風塵僕僕的星雲大師昨抵港，將在香港舉行佛學講座，由於星雲大師是「前新華社香港分社長」許家屯赴美投奔西來寺後首次來港，因之他這次抵港確已轟動新聞界，在今日舉行的記者會中，幾乎都是環繞著許家屯出走的問題。,https://books.masterhsingyun.org/ArticleDetail/artcle17439
rel_268d66b343f7,ent_0c31b0852846,稱念阿彌陀佛,PracticeActivity,practice_aims_at_doctrinal_state,实践趋向教义境界,ent_ac993f0f8df9,一心不亂,Concept,directed,core_usable,stable_entity_graph,true,2,2,2,2,2,multi_article,《阿彌陀經》說，如果有人發願往生，只要一心稱念阿彌陀佛名號，念到一心不亂，臨命終時，必蒙阿彌陀佛及諸聖眾手執蓮台，接引往生，因此淨土信仰自古即深入民間，西方三聖的阿彌陀佛與觀世音菩薩名號也牢牢深植人心，因此有「家家彌陀佛，戶戶觀世音」之說。,https://books.masterhsingyun.org/ArticleDetail/artcle15165
rel_c98d17bb246b,ent_0c31b0852846,稱念阿彌陀佛,PracticeActivity,practice_aims_at_realm,实践趋向宗教境界,ent_86900e4a696c,淨土,DoctrineTerm,directed,core_usable,stable_entity_graph,true,1,0,0,0,1,single_article,因此，阿彌陀佛並不只是老年人求生淨土才要稱念，年輕人也要行解並重。,https://books.masterhsingyun.org/ArticleDetail/artcle16171
rel_a6f6871be848,ent_5d4d55d97c89,廣平,Person,person_founds_institution,人物创设机构,ent_ec0b999b8abe,女子佛學院,Institution,directed,core_usable,stable_entity_graph,true,2,0,0,0,1,single_article,新加坡有創辦女子佛學院的廣平；,https://books.masterhsingyun.org/ArticleDetail/artcle747
rel_9f0f3589e337,ent_7714a12f7d9b,右昌分會,Institution,institution_hosts_activity,机构举办活动,ent_ae2a498d2bfb,佛學講座,PracticeActivity,directed,core_usable,stable_entity_graph,true,1,0,0,0,1,single_article,中華佛光協會在各地相續成立分會後，皆已開始展開活動，如三重板橋分會舉辦禮佛朝山、教師分會舉辦經典研讀班、岡山分會舉辦防身術表演、右昌分會舉辦佛學講座、基隆分會舉行會員聯誼會、中山分會舉辦親子民俗園遊會、新竹分會舉辦親子運動會及兒童夏令營、台塑分會的寺院參訪……好像一下子都把社會帶動起來了，實在是個可喜的現象。,https://books.masterhsingyun.org/ArticleDetail/artcle8298
rel_747af8c16c83,ent_1b85a8db0019,信徒,Group,group_founds_institution,群体创设机构,ent_5ea3155cf1ae,壽山寺,Institution,directed,core_usable,stable_entity_graph,true,1,1,1,1,1,single_article,當時，信徒和我建立一個他們自己要修行的「壽山寺」，在高雄壽山公園內，我也不管他們怎麼想，就商之於他們，讓我先來辦佛教學院吧！,https://books.masterhsingyun.org/ArticleDetail/artcle7429
rel_2ebcd6cdf31a,ent_1b85a8db0019,信徒,Group,group_performs_practice,群体实践修行,ent_05e9c39da8a4,五戒,DoctrineTerm,directed,core_usable,stable_entity_graph,true,1,1,1,1,1,single_article,星雲於一九九八年二月十五日至廿三日於佛陀證道的聖地印度菩提伽耶，傳授國際三壇大戒，共有一百五十位出家戒子參加，同時有一千五百位在家信徒接受三皈五戒。⟂S⟂儀式隆重，戒會殊勝，參與國家多達二十三個，備受全球佛教界矚目，使佛教國際化又向前跨一大步。⟂S⟂此一佛教盛事，最重要的是以傳承大乘佛教的比丘尼戒法為主。⟂S⟂本來，佛陀開創佛教之初，就在印度建立了比丘、比丘尼、沙彌、沙彌尼等四眾的教團，提倡男女平等，佛法因而能傳燈萬方，弘揚億土。⟂S⟂後來分為南傳（印度、斯里蘭卡等國）和北傳（中國、日本等國）。⟂S⟂自十一世紀開始，南傳國家由於時代和社會的變遷，受重男輕女思想的影響，導致比丘尼教團傳承中斷，弘揚佛教的力量就失去了一半。⟂S⟂面對邁向二十一世紀即將來臨的世紀之交，此次「印度菩提伽耶國際三壇大戒」，回復男女二眾教團完整性的傳承，使佛教更趨於健全圓滿，可說是佛教為世界和平所作的貢獻。,https://books.masterhsingyun.org/ArticleDetail/artcle4626
rel_c060b7bb11ad,ent_1b85a8db0019,信徒,Group,group_performs_practice,群体实践修行,ent_bc1cc60195cb,供養,PracticeActivity,directed,core_usable,stable_entity_graph,true,3,3,3,3,3,multi_article,除此之外，辦理佛教學院也有經濟上的困難，因為信徒對建寺院、供養佛像求福德比較熱心，對於培養續佛慧命人才的重要性，仍不很了解。⟂S⟂而對於管理學生方面，也是很不容易的事，所以有人說：「寧帶一團兵，不帶一堂僧。」⟂S⟂更有人說：「如果你想讓某某人增加煩惱，你就勸他創辦佛學院。」⟂S⟂根據將近二十年來，個人創辦佛教學院的經驗，還有遇到比紙上所寫的更為辛酸難過的事，好幾年前，當東方佛教學院聲望逐漸升高時，就曾經有某長老，指示辦事人員說：「想辦法，打倒它（東院）！」⟂S⟂辦事人員反而說：「何必呢？⟂S⟂基督教、天主教辦的學院，我們都不去打倒它，為什麼佛教辦的學院就要打倒它呢？」,https://books.masterhsingyun.org/ArticleDetail/artcle23593
rel_01819ffa499c,ent_1b85a8db0019,信徒,Group,group_performs_practice,群体实践修行,ent_8dacc063faab,共修,PracticeActivity,directed,core_usable,stable_entity_graph,true,1,1,1,1,1,single_article,剛果佛光緣在他的帶領下逐漸發展起來，而佛教的本土化也有顯著成效，來往道場共修的數百位信徒，全都是當地人士。⟂S⟂雖然他們共修時以漢語拼音來誦念經文，共修法會之後，慧然都會為信徒講解佛法。⟂S⟂因此信徒對佛教信仰的虔誠未曾減少。⟂S⟂慧然告訴我，現在他走在黑角街上，常有人主動跟他說「阿彌陀佛」，這樣的轉變，也是他努力的成就，但慧然很謙虛不居功，只說是因為更多人已認識到佛教的美好。,https://books.masterhsingyun.org/ArticleDetail/artcle23637
rel_177c5f93d8eb,ent_1b85a8db0019,信徒,Group,group_performs_practice,群体实践修行,ent_9f4e43b60b58,功德,DoctrineTerm,directed,core_usable,stable_entity_graph,true,1,1,1,1,1,single_article,由於日前「大佛轉身」的靈異在信徒之間流傳，使得這幾天上山的人潮更加熱絡，平均每天有七、八千人在山上用餐，有人打趣說︰大佛把廚房的人給忙壞了﹗其實大佛並不是今年才現身感應，歷年來經常有信徒上山禮佛作功德，他們說︰「是大佛叫我來的﹗」有人覺得很不可思議，我想所謂「三界唯心」，只要心中有佛，自然能與佛菩薩感應道交。,https://books.masterhsingyun.org/ArticleDetail/artcle4345
rel_1bcd5e9906bd,ent_1b85a8db0019,信徒,Group,group_performs_practice,群体实践修行,ent_883dba211288,參禪,DoctrineTerm,directed,core_usable,stable_entity_graph,true,1,1,1,1,1,single_article,有道禪師的禪堂裡，除了出家眾的禪者以外，也接受在家信徒進來參禪。⟂S⟂他希望在家眾裡，也能出幾位像蘇東坡、王陽明這樣的禪者。⟂S⟂其中有一位叫王德勝的在家居士，他道心非常堅固，不僅對參禪打坐相當投入，還放下家事眷屬，在禪堂裡一住就是數年，即使逢年過節也不回家，只是一心參究。,https://books.masterhsingyun.org/ArticleDetail/artcle6637
rel_cada7f9d22d1,ent_1b85a8db0019,信徒,Group,group_performs_practice,群体实践修行,ent_4d8dbf44a614,布施,PracticeActivity,directed,core_usable,stable_entity_graph,true,4,3,3,2,4,multi_article,放燄口結緣也是行佛事，信徒行善布施，閱讀報紙，參與學校的建設，為教育文化發展努力，也都是「行佛」布施，大家都是為了佛法弘揚，因此自然就法喜充滿。,https://books.masterhsingyun.org/ArticleDetail/artcle23610
rel_ab24fbc97605,ent_1b85a8db0019,信徒,Group,group_performs_practice,群体实践修行,ent_ba53e52ece62,法會,PracticeActivity,directed,core_usable,stable_entity_graph,true,2,2,2,2,2,multi_article,也禮請到恆一、盛修、德榮法師等領導內壇佛事，參加法會的護法信徒可說是絡繹不絕。,https://books.masterhsingyun.org/ArticleDetail/artcle10730
rel_7420100b5587,ent_1b85a8db0019,信徒,Group,group_performs_practice,群体实践修行,ent_cac49a61a507,禮拜,PracticeActivity,directed,core_usable,stable_entity_graph,true,2,2,2,2,2,multi_article,叢林裡並不舉辦觀音法會、彌陀法會、藥師法會等，頂多在寺院裡掛牌，上面寫著：欣逢六月十九日觀音菩薩出家紀念日，大眾雲集觀音殿上供，誦什麼經等等，也沒有開放給信徒參加。⟂S⟂不過，各地區的寺廟，則會定期舉行法會讓信徒禮拜，叢林不會跟附近地區的寺廟爭信徒。⟂S⟂當然，逢佛誕節，就會掛牌「浴佛」，讓民眾可以進到寺院裡浴佛；⟂S⟂或者農曆十二月初八，會有臘八粥供眾，免費提供給附近的居民食用。⟂S⟂除了這許多行事外，叢林裡面非常注重人事的學習、修持，長老們都很樂意提拔後進，後進也都很尊敬長老。⟂S⟂在我的記憶裡面，這好像就是叢林裡的平常行事特色。,https://books.masterhsingyun.org/ArticleDetail/artcle9672
rel_d9187f1f64a6,ent_1b85a8db0019,信徒,Group,group_performs_practice,群体实践修行,ent_451aac4b11fb,讚歎,PracticeActivity,directed,core_usable,stable_entity_graph,true,2,2,2,2,2,multi_article,記憶最深刻的是數年前，我將天下文化出版公司給我的版稅捐給花蓮基督教門諾醫院，信徒知道以後，紛紛讚歎，我告訴他們：「你們也可以捐給他啊！」⟂S⟂像羅李阿昭居士依言捐獻之後，看到我要開辦佛光衛視，更加感動，所以掏出不止數倍的錢給我作為電視台的籌備基金，甚至張姚宏影、陳鄭秀子、薛政芳等人，一個個跟進。⟂S⟂所謂「我為人人，人人為我」，世間一切諸法本來平等，不增不減。⟂S⟂「吃虧」，即非吃虧也。,https://books.masterhsingyun.org/ArticleDetail/artcle6618
rel_e7116cbc2381,ent_1b85a8db0019,信徒,Group,group_performs_practice,群体实践修行,ent_6a96000d4114,浴佛法會,PracticeActivity,directed,core_usable,stable_entity_graph,true,1,1,1,1,1,single_article,佛教傳播到中國的二千多年間，雖然歷經多少苦難，但是許多寺院依然孜孜矻矻地舉辦活動，度化眾生，像是每逢無遮大會、浴佛法會、盂蘭盆會時間一到，信徒就會扶老攜幼踴躍參與；⟂S⟂甚至佛陀成道日一到，不只「家家彌陀佛，戶戶觀世音」，更是「家家戶戶臘八粥」，每家每戶都能品嘗到臘八粥。⟂S⟂這些活動的盛況，教人看了怎麼會不心生歡喜呢？,https://books.masterhsingyun.org/ArticleDetail/artcle10808
rel_e0211f7e487f,ent_1b85a8db0019,信徒,Group,group_performs_practice,群体实践修行,ent_878ea185a076,念阿彌陀佛,PracticeActivity,directed,core_usable,stable_entity_graph,true,1,1,1,1,1,single_article,有人問：世間上最可怕的是什麼？⟂S⟂有人說：鬼。⟂S⟂也有人說：人比鬼可怕。⟂S⟂因為鬼可以預防，人卻防不勝防。⟂S⟂鬼在黑暗的地方害人，人有時也在黑暗中算計別人。⟂S⟂不過有的人不怕鬼也不怕人，譬如，太太喊先生「死鬼」，表示鬼也很可愛；⟂S⟂有時媽媽喊小孩「小鬼」，表示不討厭鬼。⟂S⟂這個意思是說，人有時遇到壞人也不知可怕，必須點亮心燈，才能照破黑暗，識破人情的虛假計謀，才能獲得安全。⟂S⟂所以念藥師琉璃光如來，能保護我們平安幸福。⟂S⟂台灣的藥師法會，是三十幾年前我首先提倡的。⟂S⟂因為我看到信徒都念阿彌陀佛，希望到西方極樂世界去，其實念藥師如來到東方也一樣。,https://books.masterhsingyun.org/ArticleDetail/artcle7049
rel_484a6ca030bc,ent_1b85a8db0019,信徒,Group,group_performs_practice,群体实践修行,ent_a0e334f1807a,朝山,PracticeActivity,directed,core_usable,stable_entity_graph,true,2,1,1,1,2,single_article,為了方便北中南不同地區的信徒參加朝山，特別將其分為六個梯次舉行，每次朝山後有佛法開示，主辦單位都監院體恤我的辛苦，並沒有安排我和信徒接心，我只好自己作「不請之友」，自行前往和信徒講話。⟂S⟂因為我雖然從佛光山退位，不作住持，但是對信徒而言，我這個師父是永遠不會退位的。⟂S⟂因此，早上七時半，主持過三壇羅漢期戒會的三壇正授之後，便陸續為朝山信徒開示，連同昨晚第一批回山的信徒，總共作了六場開示。⟂S⟂我很高興在新年的第一天，能與那麼多信徒結緣。,https://books.masterhsingyun.org/ArticleDetail/artcle2758
rel_d06e14cd8bc5,ent_1b85a8db0019,信徒,Group,group_supports_institution,群体支持机构,ent_51d7657ca696,佛光山,Institution,directed,core_usable,stable_entity_graph,true,1,1,1,1,1,single_article,佛光山自一九六七年開山以後，便獲得海內外信徒的大力支持，我雖然未曾出外化緣，但是感謝十方信徒，以及護法龍天的護持，在諸佛菩薩的加被之下，開山四十年的佛光山，也真是做到了「佛光普照三千界，法水長流五大洲」。,https://books.masterhsingyun.org/ArticleDetail/artcle6900
rel_f971a43461ce,ent_1b85a8db0019,信徒,Group,group_supports_institution,群体支持机构,ent_dab6c3d22efa,佛教學院,Institution,directed,core_usable,stable_entity_graph,true,1,1,1,1,1,single_article,佛教學院的創辦，實在很感謝許多發心信徒的支持。⟂S⟂像當時因為學生多，而且經常要辦活動，很需要一部車子，就邀永記張太太（張雲罔雀）等多位信徒，每人出二萬元，只要八個人，十六萬就能買一部車子，以後除了學院使用以外，信徒們也可以用，可是他們卻從來也沒有用過一次，這就是大家護持的熱心。,https://books.masterhsingyun.org/ArticleDetail/artcle11135
rel_b245b63e3852,ent_1b85a8db0019,信徒,Group,group_venerates_person,群体尊崇人物,ent_5978c591cada,星雲大師,Person,directed,core_usable,stable_entity_graph,true,1,1,1,1,1,single_article,然佛光山寺的飛躍成長，在韓國反而仍對該寺有著錯誤的偏見，有些人對星雲大師的思想或修行力不完全了解，只以外在的佛事建築來看，以為他只不過是一介「布教僧」、「行政僧」而已。⟂S⟂當然，如此這樣的分別心及狹見，只不過是因為他們無法了解這位已超越自己、做到無我、擁有大願心的法師。⟂S⟂散布於全球百萬名信徒，將星雲大師當做阿彌陀佛的他身來尊敬，即對大師的行深修行力和願力油然起敬。,https://books.masterhsingyun.org/ArticleDetail/artcle17471
rel_2bf0c0a4d77e,ent_bc829c3b0bf0,蓮根比丘,BuddhistFigure,person_performs_practice,人物实践修行,ent_86900e4a696c,淨土,DoctrineTerm,directed,core_usable,stable_entity_graph,true,1,0,0,0,1,single_article,這首摘自淨土極信錄的偈語是清朝專修淨土的蓮根比丘所說，他勸勉修持淨土念佛法門的人應該如何用功，才能夠福慧具足，上品往生。,https://books.masterhsingyun.org/ArticleDetail/artcle13811
rel_bb09466ba59c,ent_712c67a704ce,太子建設公司,Institution,institution_hosts_activity,机构举办活动,ent_0d720929a4de,淨化人心生活講座,PracticeActivity,directed,core_usable,stable_entity_graph,true,1,0,0,0,1,single_article,台南太子建設公司為慶祝成立二十週年紀念，特在台南市立文化中心演藝廳，舉辦「淨化人心生活講座」。,https://books.masterhsingyun.org/ArticleDetail/artcle2641
rel_5d144a85e2d4,ent_dab6c3d22efa,佛教學院,Institution,institution_trains_group,机构培养人才群体,ent_0b57e814efc0,佛子,Group,directed,core_usable,stable_entity_graph,true,1,1,1,1,1,single_article,學制嚴謹、師資優良的佛教學院固然能為新學佛子提供初步的薰修，面對世事紛擾、變幻莫測的社會，各個寺院更應重視僧伽的永續學習，除了安排各種進修課程之外，還必須經常舉辦各種講習集會，因應時代的需要，提出正確的佛法觀念，給予不斷的教育。,https://books.masterhsingyun.org/ArticleDetail/artcle744
rel_da40ef865364,ent_dab6c3d22efa,佛教學院,Institution,institution_trains_group,机构培养人才群体,ent_1ca5560304d5,青年,Group,directed,core_usable,stable_entity_graph,true,2,2,2,2,2,multi_article,大師開示：「現在佛光山分布在南非、澳洲、印度、馬來西亞、香港、巴西等地的十六所佛教學院，也都在負起接引當地青年學佛的責任，以為未來落實『本土化』儲備人才。,https://books.masterhsingyun.org/ArticleDetail/artcle24201
rel_c1350d9aa4ce,ent_dab6c3d22efa,佛教學院,Institution,institution_trains_group,机构培养人才群体,ent_fe2e6dd8a03a,佛教專業人才,Group,directed,core_usable,stable_entity_graph,true,3,3,3,2,3,multi_article,早在1957年，大師就開始了社會教育的實踐，在經過1963年出訪帶來的啟發下，及隨著自身閱歷的不斷豐富，大師更加覺得佛教需要為國家社會盡一份教育責任。⟂S⟂1965年他聯合信徒陳秀平，邀約南亭法師、悟一法師，在台北中和鄉合辦智光商工職業學校，培養優秀有為的青年；⟂S⟂同期，參考海外佛學院先進的教學體系與管理模式，於高雄壽山寺創設「壽山佛學院」（後遷移到佛光山，更名為佛光山叢林學院），建構一套完整的佛教學院系統培養佛教專業人才，之後，陸續在全世界各國家地區，設有十七所佛教學院，至今已走過六十載歲月，培養畢業生超六千人，為佛教事業的發展持續栽培佛教人才。⟂S⟂,https://books.masterhsingyun.org/ArticleDetail/artcle24231
rel_c1cbd63f5576,ent_a0314821d2c8,國際佛教學術會議第六屆發表大會,PracticeActivity,activity_occurs_at_place,活动发生于地点,ent_4e24e193d70a,大韓民國,PlaceRealm,directed,core_usable,stable_entity_graph,true,1,0,0,0,1,single_article,國際佛教學術會議在金知見博士的辛苦擘劃、極力奔走，以及韓日中三國佛教人士的共同襄助之下，克服種種困難，再度順利地在大韓民國召開第六屆發表大會，個人謹代表中華民國的大眾，向主辦單位的大韓民國傳統佛教研究院、江原大學以及三國所有參加大會的學者們，致最深的敬意與謝忱！,https://books.masterhsingyun.org/ArticleDetail/artcle16389
rel_a88459c814b5,ent_e9af5e3ffab7,菩薩道的實踐,PracticeActivity,practice_has_component,实践包含组成环节,ent_204dc8c4207b,六波羅蜜,DoctrineTerm,directed,core_usable,stable_entity_graph,true,1,1,1,1,1,single_article,菩薩道的實踐，除了四弘誓願、四無量心、四攝法門、六波羅蜜等，還有《金剛經》的「無我相、人相、眾生相、壽者相」的般若觀；⟂S⟂《楞嚴經》的「如一眾生未成佛，終不於此取泥洹」的慈悲觀。⟂S⟂菩薩在日常生活裡，知一切有為法如夢、如幻、如泡、如影，心不著五欲塵垢，安住於正念，以水月為道場而作空華佛事。⟂S⟂所謂：「假使熱鐵輪，於汝頂上旋，終不為此苦，退失菩提心。」⟂S⟂這才是菩薩「自度度人，自覺覺他」的偉大功行。,https://books.masterhsingyun.org/ArticleDetail/artcle3988
rel_2963a4eedc92,ent_e9af5e3ffab7,菩薩道的實踐,PracticeActivity,practice_has_component,实践包含组成环节,ent_952a13f4dc9a,四弘誓願,DoctrineTerm,directed,core_usable,stable_entity_graph,true,1,1,1,1,1,single_article,菩薩道的實踐，除了四弘誓願、四無量心、四攝法門、六波羅蜜等，還有《金剛經》的「無我相、人相、眾生相、壽者相」的般若觀；⟂S⟂《楞嚴經》的「如一眾生未成佛，終不於此取泥洹」的慈悲觀。⟂S⟂菩薩在日常生活裡，知一切有為法如夢、如幻、如泡、如影，心不著五欲塵垢，安住於正念，以水月為道場而作空華佛事。⟂S⟂所謂：「假使熱鐵輪，於汝頂上旋，終不為此苦，退失菩提心。」⟂S⟂這才是菩薩「自度度人，自覺覺他」的偉大功行。,https://books.masterhsingyun.org/ArticleDetail/artcle3988
rel_37a9a74160b5,ent_e9af5e3ffab7,菩薩道的實踐,PracticeActivity,practice_has_component,实践包含组成环节,ent_5b942c31ca5d,四攝法,DoctrineTerm,directed,core_usable,stable_entity_graph,true,1,1,1,1,1,single_article,菩薩道的實踐，除了四弘誓願、四無量心、四攝法門、六波羅蜜等，還有《金剛經》的「無我相、人相、眾生相、壽者相」的般若觀；⟂S⟂《楞嚴經》的「如一眾生未成佛，終不於此取泥洹」的慈悲觀。⟂S⟂菩薩在日常生活裡，知一切有為法如夢、如幻、如泡、如影，心不著五欲塵垢，安住於正念，以水月為道場而作空華佛事。⟂S⟂所謂：「假使熱鐵輪，於汝頂上旋，終不為此苦，退失菩提心。」⟂S⟂這才是菩薩「自度度人，自覺覺他」的偉大功行。,https://books.masterhsingyun.org/ArticleDetail/artcle3988
rel_a49a348b2970,ent_e9af5e3ffab7,菩薩道的實踐,PracticeActivity,practice_has_component,实践包含组成环节,ent_d2c928bc7563,四無量心,DoctrineTerm,directed,core_usable,stable_entity_graph,true,1,1,1,1,1,single_article,菩薩道的實踐，除了四弘誓願、四無量心、四攝法門、六波羅蜜等，還有《金剛經》的「無我相、人相、眾生相、壽者相」的般若觀；⟂S⟂《楞嚴經》的「如一眾生未成佛，終不於此取泥洹」的慈悲觀。⟂S⟂菩薩在日常生活裡，知一切有為法如夢、如幻、如泡、如影，心不著五欲塵垢，安住於正念，以水月為道場而作空華佛事。⟂S⟂所謂：「假使熱鐵輪，於汝頂上旋，終不為此苦，退失菩提心。」⟂S⟂這才是菩薩「自度度人，自覺覺他」的偉大功行。,https://books.masterhsingyun.org/ArticleDetail/artcle3988
rel_1cb65a5ba43d,ent_2891b1c65eba,楊仁山居士,BuddhistFigure,person_founds_institution,人物创设机构,ent_dd108b1d7215,支那內學院,Institution,directed,core_usable,stable_entity_graph,true,1,0,0,0,1,single_article,清末楊仁山居士，創辦金陵刻經處，創辦祇洹精舍，成立支那內學院，是近代佛教復興的啟蒙者。,https://books.masterhsingyun.org/ArticleDetail/artcle14717
rel_386a354965e8,ent_2891b1c65eba,楊仁山居士,BuddhistFigure,person_founds_institution,人物创设机构,ent_0890201a5138,金陵刻經處,Institution,directed,core_usable,stable_entity_graph,true,2,0,0,0,1,single_article,・由楊仁山居士創辦的金陵刻經處，在南京大報恩寺遺址公園內舉行「擴大重建」暨「慶祝一五○週年紀念」活動，大師應邀出席致詞。,https://books.masterhsingyun.org/ArticleDetail/artcle15336
rel_370db53e2f62,ent_cf7ff000f0a2,舊金山電視台,Institution,institution_propagates_doctrine,机构传播教义,ent_e148ca0687f4,佛法,DoctrineTerm,directed,core_usable,stable_entity_graph,true,1,0,0,0,1,single_article,舊金山電視台更是每週按時播放《星雲禪話》、《星雲法語》及粵語電台《佛光之聲》等弘法節目，把佛法傳播到廣大社會大眾的家庭裡。,https://books.masterhsingyun.org/ArticleDetail/artcle23818
rel_0dff66b21ff3,ent_c3f72d97a596,寺院道場,Institution,institution_hosts_activity,机构举办活动,ent_b5079b470fb6,禮拜千佛法會,PracticeActivity,directed,core_usable,stable_entity_graph,true,1,0,0,0,1,single_article,彌勒菩薩聖誕是農曆正月初一，因此各寺院道場皆在此期間舉辦禮拜千佛法會，歡歡喜喜慶祝當來下生彌勒佛的誕辰，我覺得最好的慶祝方式，莫過於發揮彌勒菩薩大肚能容的精神，將歡喜的種子布滿人間。,https://books.masterhsingyun.org/ArticleDetail/artcle7049
rel_5cf376a25422,ent_a101153b794c,祈福法會,PracticeActivity,activity_occurs_at_place,活动发生于地点,ent_a8d96b560dbf,臺北,PlaceRealm,directed,core_usable,stable_entity_graph,true,1,1,1,1,1,single_article,「三好運動」就是好人運動， 是一個淨化社會人心、改善社會風氣的運動。⟂S⟂1998年4月，在台北中正紀念堂廣場舉辦的恭迎佛牙舍利來台祈福法會上，大師念及佛陀雖然已經涅槃二千多年，但是我們應該要效法佛陀的精神，才是恭迎佛牙舍利的真正意義，故而發起「三好運動」，希望社會大眾透過奉行「三好」，消弭人我之間的紛爭與對立，建設和諧安樂的社會。⟂S⟂ 此一提議獲得時任副總統的連戰先生贊同，帶領與會十萬民眾進行「三好運動」宣誓，呼籲大眾以實際行動響應。⟂S⟂2010年，國際佛光會中華總會在總統府前凱達格蘭大道，舉行國定佛誕節慶祝大會，再有總統馬英九先生響應大師的邀請，帶領現場各界代表宣誓，希望「全民行三好，人間更美好」。⟂S⟂,https://books.masterhsingyun.org/ArticleDetail/artcle24268
rel_420d8ab88d6d,ent_a101153b794c,祈福法會,PracticeActivity,practice_honors_entity,实践礼敬或赞叹对象,ent_2690856df9d0,佛牙,RitualObject,directed,core_usable,stable_entity_graph,true,1,1,1,1,1,single_article,「三好運動」就是好人運動， 是一個淨化社會人心、改善社會風氣的運動。⟂S⟂1998年4月，在台北中正紀念堂廣場舉辦的恭迎佛牙舍利來台祈福法會上，大師念及佛陀雖然已經涅槃二千多年，但是我們應該要效法佛陀的精神，才是恭迎佛牙舍利的真正意義，故而發起「三好運動」，希望社會大眾透過奉行「三好」，消弭人我之間的紛爭與對立，建設和諧安樂的社會。⟂S⟂ 此一提議獲得時任副總統的連戰先生贊同，帶領與會十萬民眾進行「三好運動」宣誓，呼籲大眾以實際行動響應。⟂S⟂2010年，國際佛光會中華總會在總統府前凱達格蘭大道，舉行國定佛誕節慶祝大會，再有總統馬英九先生響應大師的邀請，帶領現場各界代表宣誓，希望「全民行三好，人間更美好」。⟂S⟂,https://books.masterhsingyun.org/ArticleDetail/artcle24268
rel_bdf4f2b373d3,ent_c78771d1f59e,台灣大仙寺,Institution,institution_hosts_activity,机构举办活动,ent_aeed90a4c355,傳戒活動,PracticeActivity,directed,core_usable,stable_entity_graph,true,1,0,0,0,1,single_article,1952年冬月，台灣大仙寺舉辦傳戒活動，這次傳戒活動得到中國佛教會的指導，取得很大的成功，大師亦高度評價這次傳戒活動，認為它是「重建台灣佛教第一步」，是「自由中國佛教復興的開始」，可見大師對於佛教戒律之價值的高度認識。,https://books.masterhsingyun.org/ArticleDetail/artcle24701
rel_fe86007a5dc9,ent_2a3f3c2d3fc6,道邃,BuddhistFigure,person_leads_institution,人物领导机构,ent_4e4f3e3d146b,國清寺,Institution,directed,core_usable,stable_entity_graph,true,1,0,0,0,1,single_article,道邃傳承湛然大師的衣缽，住持國清寺，並與行滿共同傳法與日僧最澄（返日之後創立日本天台宗，大本山為延曆寺，後世稱為「天台始覺門」）。,https://books.masterhsingyun.org/ArticleDetail/artcle6786
rel_9f22186af87c,ent_db4f30e8571c,佛光會員,Group,group_advocates_doctrine,群体倡导教义,ent_a6b94c65c717,人間佛教,Concept,directed,core_usable,stable_entity_graph,true,2,0,0,0,1,single_article,十五年來，在佛光會員們共同推動「人間佛教」的努力下，已逐漸實現佛教的生活化、現代化、本土化、國際化。,https://books.masterhsingyun.org/ArticleDetail/artcle3798
rel_ad65138df6fe,ent_9b637a2a3be7,信眾部,Institution,institution_participates_in_activity,机构参与活动,ent_ae2a498d2bfb,佛學講座,PracticeActivity,directed,core_usable,stable_entity_graph,true,1,0,0,0,1,single_article,本山法師除了支援佛事之外，信眾部和慈悲基金會也配合舉辦佛學講座及義診。,https://books.masterhsingyun.org/ArticleDetail/artcle2389
rel_ead3ff718c0d,ent_eb3f21a5dcbb,念佛法門,PracticeActivity,practice_has_component,实践包含组成环节,ent_a61673cc9c6a,實相念佛,PracticeActivity,directed,core_usable,stable_entity_graph,true,1,1,1,1,1,single_article,般若，是即相顯性的甚深義理，不是一般凡夫所能理解的，因此佛陀大慈大悲，宣說《阿彌陀經》，以持念阿彌陀佛聖號求生淨土為主要修行法門，這是善巧中最善巧的法門，方便中最極方便的法門。⟂S⟂所謂三根普被，萬善同歸，是說明此一念佛法門，若以持名念佛，也能消業障，增長福德及信心，若中等根性以觀想念佛或觀像念佛，能依佛像為所緣，一心繫念，達於專注一趣，引生正定，依定觀慧，由此離煩惱繫縛而得解脫。⟂S⟂上等根性若以實相念佛，從緣起畢竟空中，徹見萬化之本性，所謂人身長大，則為非大身，所謂莊嚴佛土者，即非莊嚴，是名莊嚴，所謂三千大千世界，即非世界是名世界。⟂S⟂一切的一切，無非是緣起的假和合，體悟此法性，即所謂見緣起即見佛。⟂S⟂綜合三種念佛，故說淨土法門為三根普被，而在淨土諸經中，以《佛說阿彌陀經》為最簡明、最方便。,https://books.masterhsingyun.org/ArticleDetail/artcle21752
rel_a4c454936869,ent_eb3f21a5dcbb,念佛法門,PracticeActivity,practice_has_component,实践包含组成环节,ent_a7dedf632b8d,觀像念佛,PracticeActivity,directed,core_usable,stable_entity_graph,true,2,1,1,1,2,single_article,般若，是即相顯性的甚深義理，不是一般凡夫所能理解的，因此佛陀大慈大悲，宣說《阿彌陀經》，以持念阿彌陀佛聖號求生淨土為主要修行法門，這是善巧中最善巧的法門，方便中最極方便的法門。⟂S⟂所謂三根普被，萬善同歸，是說明此一念佛法門，若以持名念佛，也能消業障，增長福德及信心，若中等根性以觀想念佛或觀像念佛，能依佛像為所緣，一心繫念，達於專注一趣，引生正定，依定觀慧，由此離煩惱繫縛而得解脫。⟂S⟂上等根性若以實相念佛，從緣起畢竟空中，徹見萬化之本性，所謂人身長大，則為非大身，所謂莊嚴佛土者，即非莊嚴，是名莊嚴，所謂三千大千世界，即非世界是名世界。⟂S⟂一切的一切，無非是緣起的假和合，體悟此法性，即所謂見緣起即見佛。⟂S⟂綜合三種念佛，故說淨土法門為三根普被，而在淨土諸經中，以《佛說阿彌陀經》為最簡明、最方便。,https://books.masterhsingyun.org/ArticleDetail/artcle21752
rel_38af1c29d7a9,ent_eb3f21a5dcbb,念佛法門,PracticeActivity,practice_has_component,实践包含组成环节,ent_b0be37c2e372,觀想念佛,PracticeActivity,directed,core_usable,stable_entity_graph,true,2,1,1,1,2,single_article,般若，是即相顯性的甚深義理，不是一般凡夫所能理解的，因此佛陀大慈大悲，宣說《阿彌陀經》，以持念阿彌陀佛聖號求生淨土為主要修行法門，這是善巧中最善巧的法門，方便中最極方便的法門。⟂S⟂所謂三根普被，萬善同歸，是說明此一念佛法門，若以持名念佛，也能消業障，增長福德及信心，若中等根性以觀想念佛或觀像念佛，能依佛像為所緣，一心繫念，達於專注一趣，引生正定，依定觀慧，由此離煩惱繫縛而得解脫。,https://books.masterhsingyun.org/ArticleDetail/artcle21752
rel_cfadee01b148,ent_eb3f21a5dcbb,念佛法門,PracticeActivity,practice_has_component,实践包含组成环节,ent_297086e6fa83,持名念佛,PracticeActivity,directed,core_usable,stable_entity_graph,true,2,1,1,1,2,single_article,般若，是即相顯性的甚深義理，不是一般凡夫所能理解的，因此佛陀大慈大悲，宣說《阿彌陀經》，以持念阿彌陀佛聖號求生淨土為主要修行法門，這是善巧中最善巧的法門，方便中最極方便的法門。⟂S⟂所謂三根普被，萬善同歸，是說明此一念佛法門，若以持名念佛，也能消業障，增長福德及信心，若中等根性以觀想念佛或觀像念佛，能依佛像為所緣，一心繫念，達於專注一趣，引生正定，依定觀慧，由此離煩惱繫縛而得解脫。,https://books.masterhsingyun.org/ArticleDetail/artcle21752
rel_3aec79ca21e0,ent_e5ca672ab120,大迦葉,BuddhistFigure,person_has_title_or_role,人物具有称号或代表性角色,ent_2fa7092aca9e,頭陀第一,RoleTitle,directed,core_usable,stable_entity_graph,true,1,1,1,1,1,single_article,大迦葉是佛陀十大弟子中的「頭陀第一」，出家之前是一位很傑出的婆羅門，不但聰明博學，而且富甲天下，住在離王舍城不遠的摩訶沙羅陀村。,https://books.masterhsingyun.org/ArticleDetail/artcle4244
rel_f0361afa6db4,ent_e5ca672ab120,大迦葉,BuddhistFigure,person_learns_from_person,人物师从或学习于人物,ent_62cf8ccca072,佛陀,BuddhistFigure,directed,core_usable,stable_entity_graph,true,1,1,1,1,1,single_article,佛陀的首座弟子大迦葉尊者，未出家前是婆羅門出身，智慧超群。⟂S⟂他曾經對佛陀說，他若未跟隨佛陀出家，獨自也能證悟辟支佛果。⟂S⟂宇宙間，只有佛陀才堪為他的師父；⟂S⟂娑婆世界，也唯有他大迦葉才夠資格成為佛陀的弟子。⟂S⟂我沒有大迦葉尊者的智慧，但是這一生中，我做了一件最有智慧的抉擇，那就是我親近了師父，跟隨他出家。⟂S⟂有人讚歎孔夫子說：「天不生仲尼，萬古如長夜。」⟂S⟂對我而言，天若不生師父，愚痴頑強如我，不知道還要在無明的漫長黑夜中顛躓多久？⟂S⟂師父，他是我生命中唯一無二的師父。,https://books.masterhsingyun.org/ArticleDetail/artcle17421
rel_acfccdd801e7,ent_e5ca672ab120,大迦葉,BuddhistFigure,person_member_of_group,人物属于群体,ent_059514d0074d,十大弟子,Group,directed,core_usable,stable_entity_graph,true,3,3,3,2,3,multi_article,迦葉，全名大迦葉、摩訶迦葉，生於王舍城近郊之婆羅門家，為佛陀十大弟子之一，曾受佛陀分予半座。⟂S⟂佛陀入滅後，成為教團之統率者，於王舍城召集第一次經典結集。⟂S⟂靈山會上，佛陀拈花示眾，與會百萬人天都不明所以，唯有迦葉心領神會，破顏微笑。⟂S⟂於是佛陀將正法眼藏傳予大迦葉，這就是流傳兩千五百多年「以心傳心」的禪宗公案。,https://books.masterhsingyun.org/ArticleDetail/artcle11655
rel_947ee2f5e499,ent_e5ca672ab120,大迦葉,BuddhistFigure,person_member_of_group,人物属于群体,ent_580c687b3eed,婆羅門,Group,directed,core_usable,stable_entity_graph,true,2,2,2,2,2,multi_article,大迦葉是佛陀十大弟子中的「頭陀第一」，出家之前是一位很傑出的婆羅門，不但聰明博學，而且富甲天下，住在離王舍城不遠的摩訶沙羅陀村。,https://books.masterhsingyun.org/ArticleDetail/artcle4244
rel_d93d84a73c3c,ent_e5ca672ab120,大迦葉,BuddhistFigure,person_participates_in_activity,人物参与活动,ent_dd79e187a078,靈山會,PracticeActivity,directed,core_usable,stable_entity_graph,true,11,11,11,5,11,multi_article,佛陀說法四十九年，但佛陀說他未曾說一法。⟂S⟂所以佛陀在靈山會上拈花示眾，只有摩訶迦葉破顏微笑，大迦葉尊者打開了笑臉，表示他懂得了佛陀的心意，很多事要等到心境到達了，才能「以心印心」。,https://books.masterhsingyun.org/ArticleDetail/artcle16055
rel_7f819973a58c,ent_e5ca672ab120,大迦葉,BuddhistFigure,person_transmits_to_person,人物传法于人物,ent_f96f2ac5d2ae,阿難,BuddhistFigure,directed,core_usable,stable_entity_graph,true,2,0,0,0,1,single_article,之後大迦葉尊者傳給二祖阿難尊者，陸續相傳，在印度傳承到二十八祖菩提達摩；,https://books.masterhsingyun.org/ArticleDetail/artcle16483
rel_7ccbf12b9cc5,ent_e5ca672ab120,大迦葉,BuddhistFigure,returns_to_origin_or_continues_spirit,回归源头或延续精神,ent_c8db40f7532f,正法,DoctrineTerm,directed,core_usable,stable_entity_graph,true,1,1,1,1,1,single_article,「莫怪靈山留一笑，如來原是賣花人」，當初佛陀在靈山會上，對百萬人天講說佛法時，拈一朵花在手上，示現大眾，弟子大迦葉遙望佛陀手上的花微微一笑，他的心與佛陀相應了，因此佛陀說：「我有正法眼藏，涅槃妙心，實相無相，微妙法門，不立文字，教外別傳，付囑摩訶迦葉。」⟂S⟂大迦葉尊者在靈山會上，透過對佛陀的一笑，繼承了佛陀的正法，佛陀藉花傳道，故幽默一點說：「如來原是賣花人」。,https://books.masterhsingyun.org/ArticleDetail/artcle14003
rel_ef7b8d416c27,ent_73093166f467,阿那律,BuddhistFigure,person_member_of_group,人物属于群体,ent_059514d0074d,十大弟子,Group,directed,core_usable,stable_entity_graph,true,2,2,2,2,2,multi_article,在《譬喻經》卷二裡記載，佛陀十大弟子之一的阿那律尊者，有「天眼第一」的稱譽。,https://books.masterhsingyun.org/ArticleDetail/artcle9488
rel_529d9856d2ae,ent_73093166f467,阿那律,BuddhistFigure,person_performs_practice,人物实践修行,ent_bd68ae54ea00,修行,PracticeActivity,directed,core_usable,stable_entity_graph,true,1,1,1,1,1,single_article,佛陀十大弟子之一的阿那律，雖然眼盲，但他修行精進，心眼漸開，而成為佛弟子中的「天眼第一」。,https://books.masterhsingyun.org/ArticleDetail/artcle7484
rel_86ed31391ca4,ent_73093166f467,阿那律,BuddhistFigure,person_performs_practice,人物实践修行,ent_c4616b7d77b9,金剛照明三昧,DoctrineTerm,directed,core_usable,stable_entity_graph,true,2,0,0,0,1,single_article,「阿那律尊者修學金剛照明三昧，獲證天眼觀見十方。,https://books.masterhsingyun.org/ArticleDetail/artcle24341
rel_70797275d7e2,ent_1ca5560304d5,青年,Group,group_performs_practice,群体实践修行,ent_c9da39b6e30f,出家,PracticeActivity,directed,core_usable,stable_entity_graph,true,1,1,1,1,1,single_article,下午三時，主持佛光協會成立大會暨皈依剃度典禮。⟂S⟂……首先為史瓦濟蘭協會會長林宗明、副會長張明東、祕書長林凱偉授證；⟂S⟂接著為現場的三百多名信徒主持皈依三寶典禮，及為來自剛果的十名青年巴路、達奇、穆安達、陸今古、郭拉、陸湯古、福度、康古、穆易笛、畢干度等人舉行剃度典禮。⟂S⟂這是佛教在非洲的第一次剃度典禮，也是佛教史上第一批非洲人出家。⟂S⟂誠如熱內會長致辭時說，佛教歷經二千多年後傳到非洲，終於露出曙光，佛光的平等普照非洲大地，為非洲眾生帶來光明，為非洲佛教帶來希望，今天非洲第一批青年披剃出家，使得佛教的法脈在非洲有了傳承，也為非洲佛教的本土化寫下里程碑。⟂S⟂（一九九四／十／十五《星雲日記》）,https://books.masterhsingyun.org/ArticleDetail/artcle15313
rel_377bdb688b8f,ent_d149f41c8be5,理事會議,PracticeActivity,activity_occurs_at_place,活动发生于地点,ent_51d7657ca696,佛光山,Institution,directed,core_usable,stable_entity_graph,true,1,0,0,0,1,single_article,一九九七年五月十日，國際佛光會在佛光山召開理事會議，因感於社會上不斷發生重大案件，造成人心不安，因此決議舉辦「慈悲愛心列車」活動。,https://books.masterhsingyun.org/ArticleDetail/artcle15649
rel_2f838bcf38cb,ent_d149f41c8be5,理事會議,PracticeActivity,activity_occurs_at_place,活动发生于地点,ent_2696343ec48b,南非,PlaceRealm,directed,core_usable,stable_entity_graph,true,1,1,1,1,1,single_article,有鑑於此，二○○一年四月十九日在南非約堡杉騰飯店會議中心舉行「國際佛光會第三屆第一次理事會議」時，我曾在會中提出「四化」的主張，即：「佛法人間化」、「生活書香化」、「僧信平等化」、「寺院本土化」。⟂S⟂所謂「寺院本土化」，就是凡佛光山的信徒和佛光會的會員，在世界共創的數百間寺院道場與弘法事業，不為某一人所有，此乃大家的共財；⟂S⟂然而佛光人有一心願，即在二十年、三十年之間，將使世界各地的寺院予以「本土化」。,https://books.masterhsingyun.org/ArticleDetail/artcle24725
rel_a72d652f8992,ent_d149f41c8be5,理事會議,PracticeActivity,activity_occurs_at_place,活动发生于地点,ent_d2643ba556d3,曼谷,PlaceRealm,directed,core_usable,stable_entity_graph,true,2,1,1,1,2,single_article,雖然只是一顆體積微小的佛牙舍利，但是無論是在佛教徒的心目中，或是人類文化史上，都具有無與倫比的偉大價值，稀有珍貴，如果不慎走漏了風聲，相關的國家，如：印度、尼泊爾、泰國、大陸，乃至西藏，都可能出來干預，對於這項前所未曾經歷過的任務，我深覺責任重大。⟂S⟂經過幾次的往返磋商，終於決定在國際佛光會世界總會第二屆第五次理事會議（於一九九八年二月二十七日至二十九日在泰國曼谷召開）期間，發布四月八日將迎請出現於世間的第三顆佛牙舍利回台灣，作為「鎮山護國」之寶這項消息，並討論恭迎佛牙舍利回台的方案。,https://books.masterhsingyun.org/ArticleDetail/artcle7202
rel_7d9cd2ccdc9f,ent_404c258de199,印度青年佛教會,Institution,institution_hosts_activity,机构举办活动,ent_43d4f2a62538,北方邦義診活動,PracticeActivity,directed,core_usable,stable_entity_graph,true,1,0,0,0,1,single_article,二○一四年十一月四～九日佛光山印度德里文教中心協同印度青年佛教會，舉辦北方邦義診活動。,https://books.masterhsingyun.org/ArticleDetail/artcle17814
rel_e4f80f3158a8,ent_8853e8a77645,中國佛教會弘法人員講習會,PracticeActivity,activity_occurs_at_place,活动发生于地点,ent_51d7657ca696,佛光山,Institution,directed,core_usable,stable_entity_graph,true,1,0,0,0,1,single_article,年底，中國佛教會在佛光山舉辦弘法人員講習會，希望造就更多的弘法人才。,https://books.masterhsingyun.org/ArticleDetail/artcle10729
rel_11e21f2808da,ent_1cb145ba9b38,羅絲貝莉女士,Person,person_founds_institution,人物创设机构,ent_f3d0935142ef,法國佛教友誼會,Institution,directed,core_usable,stable_entity_graph,true,1,0,0,0,1,single_article,*14一九二九年在太虛大師促成下，羅絲貝莉女士成立「法國佛教友誼會」，後更名為「巴黎佛教協會」，於一九三九年出版《佛教思想雙月刊》，並定期舉辦佛教活動等。,https://books.masterhsingyun.org/ArticleDetail/artcle8732
rel_d5a3a2521840,ent_52b3b9b67402,罗汉桂琛,BuddhistFigure,person_learns_from_person,人物师从或学习于人物,ent_71c0bb3d6ad5,万岁寺无相大师,BuddhistFigure,directed,core_usable,stable_entity_graph,true,1,0,0,0,1,single_article,羅漢桂琛最初依止萬歲寺無相大師出家受戒，專學戒律，後來遊歷十方，參訪雪峰義存禪師等諸位南宗大德。,https://books.masterhsingyun.org/ArticleDetail/artcle7471
rel_83f6b4a6fdf8,ent_a4fd1a77ad6b,林慈超居士,BuddhistFigure,person_performs_practice,人物实践修行,ent_3d7f4ae2eb08,淨土法門,PracticeActivity,directed,core_usable,stable_entity_graph,true,1,0,0,0,1,single_article,學佛因緣受其同修林慈超居士影響很深，林居士專修淨土法門，吃齋禮佛已長達四十年，每天清晨二、三點就起床念佛，頗有感應，著有《念佛靈感記》、《觀音菩薩靈感記》、《地藏王菩薩靈感記》，也有不少信眾是看了他的著作而入佛門的。,https://books.masterhsingyun.org/ArticleDetail/artcle4350
rel_324479cf6593,ent_9bcd7d533672,悅西,BuddhistFigure,person_performs_practice,人物实践修行,ent_eb3f21a5dcbb,念佛法門,PracticeActivity,directed,core_usable,stable_entity_graph,true,1,0,0,0,1,single_article,後來王居士出家後專修念佛法門，他的法名就叫「悅西」，是「喜歡西方」的意思。,https://books.masterhsingyun.org/ArticleDetail/artcle2442
rel_93e6492dc81f,ent_40f910770765,樂崇輝居士,BuddhistFigure,person_founds_institution,人物创设机构,ent_dd2f2709c013,大乘精舍印經會,Institution,directed,core_usable,stable_entity_graph,true,1,0,0,0,1,single_article,另外，在台北成立大乘精舍印經會的樂崇輝居士，北平人，一九二九年出生。,https://books.masterhsingyun.org/ArticleDetail/artcle7448
rel_d2f6e3ac1167,ent_e9d0963b098e,洪諲禪師,BuddhistFigure,person_leads_institution,人物领导机构,ent_37138bbe163a,神鼎寺,Institution,directed,core_usable,stable_entity_graph,true,1,0,0,0,1,single_article,當時住持神鼎寺的洪諲，以住山三十年的修持，贏得十方敬重，他向來不輕易印可人。,https://books.masterhsingyun.org/ArticleDetail/artcle11628
rel_208770a75cf3,ent_7cc80c054495,知寂法師,BuddhistFigure,person_advocates_doctrine,人物倡导教义,ent_86900e4a696c,淨土,DoctrineTerm,directed,core_usable,stable_entity_graph,true,1,0,0,0,1,single_article,另外，也有自軍中退役出家的知寂法師，在基隆蓮社提倡淨土。,https://books.masterhsingyun.org/ArticleDetail/artcle5644
rel_85877b29064e,ent_9e7028261726,因果觀念,Concept,concept_has_causal_role,概念具有因果角色,ent_8140f68a375b,防非止惡,DoctrineTerm,directed,core_usable,stable_entity_graph,true,1,1,1,1,1,single_article,現在傳播媒體大力倡導科學，卻誤導社會大眾，以為相信因果就是迷信，無形中破壞了因果觀念在大家心理上防非止惡的功能，所以造成社會問題日益嚴重。,https://books.masterhsingyun.org/ArticleDetail/artcle11036
rel_93a95d07445c,ent_9e7028261726,因果觀念,Concept,doctrinal_entails,义理论证推出,ent_8140f68a375b,防非止惡,DoctrineTerm,directed,core_usable,stable_entity_graph,true,1,1,1,1,1,single_article,信仰是發乎自然、出乎本性的精神力。⟂S⟂正確的信仰，可以讓我們獲得無比的利益。⟂S⟂在佛經中列舉諸多的譬喻，例如：信仰如手、信仰如杖、信仰如根、信仰如力、信仰如財。⟂S⟂尤其，佛教和其他宗教不同，佛教並不是一味的叫人信仰，佛教的信仰是要我們建立在理智上、慧解上，甚至可以建立在疑情上，所謂「大疑大悟、小疑小悟、不疑不悟」，佛教的緣起、中道、因果等教義，可以究竟解答人生的迷惑。⟂S⟂所以，過去我曾經說過，一個人可以什麼都不信，但不能不信因果，因為一個人有了因果觀念，才能慎行於始，才能防非止惡，才能眾善奉行，才會有光明的前途。,https://books.masterhsingyun.org/ArticleDetail/artcle1793
rel_d4d698c530a9,ent_45427521224b,法国法华禅寺,Institution,institution_located_at_place,机构位于地点,ent_a70709da66b3,碧西圣乔治市,PlaceRealm,directed,core_usable,stable_entity_graph,true,1,0,0,0,1,single_article,法國法華禪寺座落在大巴黎地區馬恩省77區的碧西聖喬治市（Bussy Saint,https://books.masterhsingyun.org/ArticleDetail/artcle24200
rel_26458d5395a9,ent_fe176660d668,东方佛教学院,Institution,institution_hosts_activity,机构举办活动,ent_01e4d9c26b45,佛学讲座,PracticeActivity,directed,core_usable,stable_entity_graph,true,1,0,0,0,1,single_article,去年，東方佛教學院為有意深入佛學的人，舉辦了兩期的佛學講座，國台語同時開班，讓大家在沒有語言的障礙下，研習佛法。,https://books.masterhsingyun.org/ArticleDetail/artcle10722
rel_7c6f7aa6e70a,ent_04d7fa03864a,八關齋戒修持法會,PracticeActivity,activity_occurs_at_place,活动发生于地点,ent_5ca2f4116c8d,寺院,Institution,directed,core_usable,stable_entity_graph,true,1,1,1,1,1,single_article,在「無」中能體會到無負擔、無人我、無是非。⟂S⟂所以，在家信眾來到寺院參加八關齋戒會期間，首先應放下對家庭的牽掛、人我的是非、世間的富貴，提起佛法，精進辦道，才能感受到「無」的妙趣。,https://books.masterhsingyun.org/ArticleDetail/artcle24260
rel_37dcc50be223,ent_d6530f3d3ab5,台湾省教育厅,Institution,institution_hosts_activity,机构举办活动,ent_05aedab16401,高中校长会议,PracticeActivity,directed,core_usable,stable_entity_graph,true,1,0,0,0,1,single_article,有一天，教育廳舉辦的一個高中校長會議，省教育廳廳長陳倬民也來山，我就跟他說：「可否將來讓佛教辦一所大學，現在天主教、基督教都來辦大學，散居在全世界的華人，他們感到台灣沒有一所佛教的大學，沒有平衡。」,https://books.masterhsingyun.org/ArticleDetail/artcle23599
rel_9ac231575ad7,ent_ef47f7903859,德賢,BuddhistFigure,person_leads_institution,人物领导机构,ent_2bc939f0827b,天竺寺,Institution,directed,core_usable,stable_entity_graph,true,1,0,0,0,1,single_article,淨慧法師退位之後，由德賢傳承繼位住持天竺寺，五年之後，德賢無疾而終。,https://books.masterhsingyun.org/ArticleDetail/artcle11588
rel_9130bc1f1b59,ent_ed5c74c792b0,美楓,Person,person_prays_to_figure,人物祈请佛教人物,ent_1f6a9e7ed2ae,菩薩,BuddhistFigure,directed,core_usable,stable_entity_graph,true,1,0,0,0,1,single_article,美楓喜極而泣，感謝菩薩的庇佑，同時祈求菩薩保佑前面的客貨車平安抵達目的地。,https://books.masterhsingyun.org/ArticleDetail/artcle2064
rel_b7eb4a73a632,ent_eaee0d424e72,如來藏,DoctrineTerm,concept_defined_as,概念定义为,ent_b265c0f135b0,涅槃,DoctrineTerm,directed,core_usable,stable_entity_graph,true,2,0,0,0,1,single_article,《勝鬘經》說，「如來藏」、「自性清淨心」就是涅槃。,https://books.masterhsingyun.org/ArticleDetail/artcle7541
rel_731248c9c7f3,ent_e02c090a4502,太宗,Person,patron_supports_person,人物或机构供养护持人物,ent_824bc2a708f0,玄奘,BuddhistFigure,directed,core_usable,stable_entity_graph,true,2,1,1,1,2,single_article,與鳩摩羅什並列為「中國四大譯師」之一的玄奘，在西行取經回國後，為唐太宗、高宗所欽重，供養於大內，並先後敕住弘福寺、大慈恩寺、玉華宮寺等處，請其譯經，一時之間，也是俊彥翕從。,https://books.masterhsingyun.org/ArticleDetail/artcle744
rel_6d8468c348bf,ent_e02c090a4502,太宗,Person,patron_supports_person,人物或机构供养护持人物,ent_5a2ca100ca60,玄奘大師,Person,directed,core_usable,stable_entity_graph,true,1,1,1,1,1,single_article,當年唐玄奘大師西行求法，本屬違法出關，太宗不但未加追究，反更優禮有加，敕令駐錫西景弘福寺，寺內置譯經院，一切經費均由國家供給，並親賜〈大唐三藏聖教序〉，勒石於碑，不僅成就玄奘大師之譯經事業，並奠定唐宋以降千百年來佛教弘化的基礎。,https://books.masterhsingyun.org/ArticleDetail/artcle3867
rel_e61914da0ac4,ent_e02c090a4502,太宗,Person,person_adheres_to_doctrine_or_tradition,人物信奉教义或宗教传统,ent_b6a37c43e816,菩薩戒,Concept,directed,core_usable,stable_entity_graph,true,1,1,1,1,1,single_article,貞觀十五年（六四一），太宗親臨弘福寺，召見道懿等五位法師，表明追思慕太后之情，在親撰疏文中，自稱是「菩薩戒弟子」。⟂S⟂太宗並說：「尊祖重親，是人生最根本的大事，因此朕優先尊奉老子，只是表示親疏之別，並非不留心佛教。,https://books.masterhsingyun.org/ArticleDetail/artcle8381
rel_3a49615e400a,ent_e02c090a4502,太宗,Person,person_associated_with_place,人物关联地点,ent_2a8faf64d791,弘福寺,Institution,directed,core_usable,stable_entity_graph,true,1,1,1,1,1,single_article,貞觀十五年（六四一），太宗親臨弘福寺，召見道懿等五位法師，表明追思慕太后之情，在親撰疏文中，自稱是「菩薩戒弟子」。⟂S⟂太宗並說：「尊祖重親，是人生最根本的大事，因此朕優先尊奉老子，只是表示親疏之別，並非不留心佛教。,https://books.masterhsingyun.org/ArticleDetail/artcle8381
rel_dedb232c8ded,ent_e02c090a4502,太宗,Person,person_authors_work,人物创作或撰写作品,ent_39b0254dbb3e,大唐三藏聖教序,Work,directed,core_usable,stable_entity_graph,true,2,2,2,2,2,multi_article,太宗晚年對玄奘大師更加信任，每日召請入宮討論佛法，全心全意以大師為精神導師，在他指導之下，太宗潛心研讀《菩薩藏經》，致力菩薩道的實踐。⟂S⟂當玄奘大師翻譯完一百卷的《瑜伽師地論》時，太宗親自為大師作序，並刻在石碑上，這就是至今聞名的〈大唐三藏聖教序〉碑文。,https://books.masterhsingyun.org/ArticleDetail/artcle8381
rel_c97f272f4bae,ent_e02c090a4502,太宗,Person,person_commissions_work,人物委托或命令编撰作品,ent_84d58ad44749,西域記,Classic,directed,core_usable,stable_entity_graph,true,1,1,1,1,1,single_article,三、行腳諸國，拓展佛教：玄奘大師刻苦遊歷西域一百一十八國，應唐太宗要求，將途中見聞由弟子辯機記錄成《大唐西域記》，是佛教史學及古代印度、西域文化交通的重要文獻。⟂S⟂一九六三年，星雲大師以參訪東南亞、印度之行寫成《海天遊踪》一書；⟂S⟂大師透過海外交流考察，醞釀日後佛光山組織的建構與運作模式，成就日後「佛光普照五大洲」的輝煌榮景。,https://books.masterhsingyun.org/ArticleDetail/artcle24046
rel_ecf2ac1760c8,ent_e02c090a4502,太宗,Person,person_founds_institution,人物创设机构,ent_2a8faf64d791,弘福寺,Institution,directed,core_usable,stable_entity_graph,true,1,1,1,1,1,single_article,（2）崇敬三寶，護持文教：唐太宗對高僧大德相當禮敬，曾禮請華嚴祖師杜順和尚入宮，暢談佛法，讚歎和尚：「深得我心。」⟂S⟂因而賜號「帝心」。⟂S⟂玄奘大師西行求法回國後，太宗對他的精神敬佩不已，幾次勸請大師還俗輔政，但都為其婉拒。⟂S⟂後來，太宗為玄奘大師建弘福寺，寺內設置翻經院，一切的經費由國家供給，成就玄奘大師的譯經事業。⟂S⟂玄奘大師白天與太宗論道，晚上譯經，先後譯出經論七十五部一三五五卷，為唐宋以下千百年佛教奠定弘化的基礎。,https://books.masterhsingyun.org/ArticleDetail/artcle8405
rel_763417e97bf3,ent_e02c090a4502,太宗,Person,person_learns_from_person,人物师从或学习于人物,ent_5a2ca100ca60,玄奘大師,Person,directed,core_usable,stable_entity_graph,true,2,1,1,1,2,single_article,太宗晚年對玄奘大師更加信任，每日召請入宮討論佛法，全心全意以大師為精神導師，在他指導之下，太宗潛心研讀《菩薩藏經》，致力菩薩道的實踐。⟂S⟂當玄奘大師翻譯完一百卷的《瑜伽師地論》時，太宗親自為大師作序，並刻在石碑上，這就是至今聞名的〈大唐三藏聖教序〉碑文。,https://books.masterhsingyun.org/ArticleDetail/artcle8381
rel_cb1a38983fdd,ent_e02c090a4502,太宗,Person,person_performs_practice,人物实践修行,ent_bc1cc60195cb,供養,PracticeActivity,directed,core_usable,stable_entity_graph,true,1,1,1,1,1,single_article,影子，乃是物體擋住光線後所投射出來的陰暗形象，自然亦存在有一真實的本體。⟂S⟂「一身三影」指的是一九八七年，大陸考古學家在清理陝西省扶風縣法門寺坍塌的塔基時，發現深藏在地宮中長達千年的四枚佛指舍利。⟂S⟂但是，文獻上明明記載，法門寺僅供奉有一枚佛指舍利，為什麼會一次出現四枚？⟂S⟂難道是佛祖顯靈，舍利再生不成？⟂S⟂在西元前二七二年，佛陀涅槃後兩百多年，古印度孔雀王朝的阿育王為了要弘揚佛法，將八萬四千顆的佛陀舍利分贈世界各地，而中國得到其中的十九顆，當時稱為阿育王寺的法門寺，即擁有釋迦牟尼佛的指舍利而名聞一時。⟂S⟂唐太宗李世民救病供養，武則天時更尊奉為「護國真身舍利」，建寶塔、開地宮、廣度僧尼、御駕侍佛，前後歷經八位皇帝，七次開塔，尊迎舍利入宮供奉。⟂S⟂會昌二年（八四二）武宗下令毀盡全國佛寺，強迫所有僧人還俗。⟂S⟂並指派專人赴法門寺摧毀真身佛指舍利。⟂S⟂在法門寺地宮中所發現的《誌文碑》記載：「洎武皇帝蕩滅真教，坑焚具多，銜天憲者碎殄影骨，上以塞君命，蓋君子從權之道也。⟂S⟂緣謝而隱，感兆斯來。⟂S⟂乃有九隴山禪僧師益貢章聞於先朝，乞結壇於塔下，果獲金骨，潛符聖心，以咸通十二年（八七一）八月十九日得舍利於舊隧道之西北角。」⟂S⟂也就是說受命者只毀碎了仿佛陀真身靈骨所製的附屬品（影骨）來搪塞朝廷，而將真的佛指舍利藏了起來。⟂S⟂至於是誰敢冒此誅殺九族的罪名密藏佛骨，而這些影骨製於何時等種種疑問，至今皆不得而知。,https://books.masterhsingyun.org/ArticleDetail/artcle7214
rel_0202cd4070b5,ent_e02c090a4502,太宗,Person,person_performs_practice,人物实践修行,ent_451aac4b11fb,讚歎,PracticeActivity,directed,core_usable,stable_entity_graph,true,1,1,1,1,1,single_article,（2）崇敬三寶，護持文教：唐太宗對高僧大德相當禮敬，曾禮請華嚴祖師杜順和尚入宮，暢談佛法，讚歎和尚：「深得我心。」,https://books.masterhsingyun.org/ArticleDetail/artcle8405
rel_519187a96821,ent_e02c090a4502,太宗,Person,person_performs_practice,人物实践修行,ent_e9af5e3ffab7,菩薩道的實踐,PracticeActivity,directed,core_usable,stable_entity_graph,true,2,1,1,1,2,single_article,太宗晚年對玄奘大師更加信任，每日召請入宮討論佛法，全心全意以大師為精神導師，在他指導之下，太宗潛心研讀《菩薩藏經》，致力菩薩道的實踐。⟂S⟂當玄奘大師翻譯完一百卷的《瑜伽師地論》時，太宗親自為大師作序，並刻在石碑上，這就是至今聞名的〈大唐三藏聖教序〉碑文。,https://books.masterhsingyun.org/ArticleDetail/artcle8381
rel_a0c742d3eaa3,ent_e02c090a4502,太宗,Person,person_suppresses_doctrine,人物压制教义,ent_b9466da1d262,佛教,DoctrineTerm,directed,core_usable,stable_entity_graph,true,2,1,1,1,2,single_article,道教追尊老子為開祖，老子姓李名耳，與唐代宗室同姓。⟂S⟂當時的道教徒於是附會老子是唐代的祖先。⟂S⟂這種說法愈傳愈盛，影響社會一般人，乃至帝王之家，因此在唐朝歷代中，常有以道教在先，佛教在後的敕令，即使以英明著稱的太宗，也難免例外。⟂S⟂他曾經自稱是老子的後代，而有「先道後佛」、「道士女冠尊於僧尼」等的詔令，引發京城法師忿忿不平，上表勸諫。⟂S⟂當時的智實法師，率先領眾上表陳情，抗議未果，遭到貶黜，發配到邊地。⟂S⟂貞觀十三年（六三九），法琳法師也著論反對太宗，後遭道士檢舉。⟂S⟂法琳法師臨危不懼，直接前往領罪，與太宗一場機智辯答，一句「不念觀音，唯念陛下」，讚揚太宗御德與觀音齊等，感動太宗，終免一死。,https://books.masterhsingyun.org/ArticleDetail/artcle8381
rel_7c3a60b02088,ent_878ea185a076,念阿彌陀佛,PracticeActivity,doctrine_constrained_by,义理受条件或范围限制,ent_ac993f0f8df9,一心不亂,Concept,directed,core_usable,stable_entity_graph,true,2,1,1,1,2,single_article,在佛教裡，鼓勵修行人念佛，對觀音菩薩要「一心稱名」，念阿彌陀佛要「一心不亂」。,https://books.masterhsingyun.org/ArticleDetail/artcle5092
rel_f0f22281eba4,ent_878ea185a076,念阿彌陀佛,PracticeActivity,practice_aims_at_doctrinal_state,实践趋向教义境界,ent_ac993f0f8df9,一心不亂,Concept,directed,core_usable,stable_entity_graph,true,1,1,1,1,1,single_article,第一時，開示行者（包括生亡兩者），極樂世界無有眾苦，道人若要尋歸路，但向塵中了自心。⟂S⟂眾生所以受苦無盡，乃從貪欲而起，而貪欲更從忘卻自性、異念紛馳而來。⟂S⟂欲離苦得樂，往生淨土，須信、願、行三者具足。⟂S⟂故行者宜具深信、發切願，執持阿彌陀佛名號，一心不亂，其人臨命終時，心不顛倒，即得往生阿彌陀佛極樂國土。⟂S⟂第二時，開示行者，心、佛、眾生三無差別，開顯唯心淨土、自性彌陀。⟂S⟂雖法性湛然如是，然無生而生，業果儼然，故眾生循環諸趣，流轉四生，故行者須發露懺悔，洗除業垢，增長善根，捨此報緣，往生淨土。⟂S⟂第三時，開示行者，「南無阿彌陀佛」六字名號之功德。⟂S⟂一句阿彌陀佛名號即能坐斷六根，滅除八萬億劫生死重罪。⟂S⟂猶如清珠投於濁水，濁水不得不清，故行者但須舉起佛號，一降直下，如太阿劍橫按當軒，斬盡無明煩亂，直到一心不亂、能所兩忘為止。⟂S⟂如此三時繫念阿彌陀佛萬德洪名，行願既深，功無虛棄，必能托質蓮胎，永離業海，直證阿鞞跋致（不退），圓滿無上菩提。,https://books.masterhsingyun.org/ArticleDetail/artcle7049
rel_cf9e0cc69ce6,ent_878ea185a076,念阿彌陀佛,PracticeActivity,practice_aims_at_doctrinal_state,实践趋向教义境界,ent_e8785f476bae,往生,Concept,directed,core_usable,stable_entity_graph,true,2,2,2,2,2,multi_article,老和尚開示道：「念阿彌陀佛能消災免難、增福增慧、解除煩惱、了生脫死，能讓人往生西方極樂世界……」,https://books.masterhsingyun.org/ArticleDetail/artcle2398
rel_d0b9a4a767c3,ent_878ea185a076,念阿彌陀佛,PracticeActivity,practice_aims_at_doctrinal_state,实践趋向教义境界,ent_288b54a99ad4,本來面目,Concept,directed,core_usable,stable_entity_graph,true,1,1,1,1,1,single_article,4.是心靈的淨土：青年人平日容易妄念擾亂、心無所住，茫茫人海中不知將心安住何處？⟂S⟂其實，並不是老年人求生淨土才要念阿彌陀佛，年輕人更要行解並重，真心誠意將一句「阿彌陀佛」念好，將心安置在阿彌陀佛的聖號中，少說一句話，多念一聲佛，用佛號來探究本來面目，創造心靈的淨土。⟂S⟂─〈開示〉,https://books.masterhsingyun.org/ArticleDetail/artcle663
rel_07d5364ec9ef,ent_878ea185a076,念阿彌陀佛,PracticeActivity,practice_aims_at_doctrinal_state,实践趋向教义境界,ent_c27cb68e24db,彌陀自性,DoctrineTerm,directed,core_usable,stable_entity_graph,true,2,1,2,1,2,single_article,人人的自性本自清淨，念阿彌陀佛就是要念出自己的彌陀自性，將自己本身的性能以拜佛、念佛來發掘，讓句句佛號將失落的自我找回來。,https://books.masterhsingyun.org/ArticleDetail/artcle8048
rel_217ea3e09c3f,ent_878ea185a076,念阿彌陀佛,PracticeActivity,practice_aims_at_realm,实践趋向宗教境界,ent_86900e4a696c,淨土,DoctrineTerm,directed,core_usable,stable_entity_graph,true,3,1,1,1,3,single_article,般若，是即相顯性的甚深義理，不是一般凡夫所能理解的，因此佛陀大慈大悲，宣說《阿彌陀經》，以持念阿彌陀佛聖號求生淨土為主要修行法門，這是善巧中最善巧的法門，方便中最極方便的法門。⟂S⟂所謂三根普被，萬善同歸，是說明此一念佛法門，若以持名念佛，也能消業障，增長福德及信心，若中等根性以觀想念佛或觀像念佛，能依佛像為所緣，一心繫念，達於專注一趣，引生正定，依定觀慧，由此離煩惱繫縛而得解脫。,https://books.masterhsingyun.org/ArticleDetail/artcle21752
rel_0861eb28d827,ent_878ea185a076,念阿彌陀佛,PracticeActivity,practice_aims_at_realm,实践趋向宗教境界,ent_f8cdc44e895f,極樂世界,PlaceRealm,directed,core_usable,stable_entity_graph,true,4,3,3,2,4,multi_article,答：所謂：「一句南無佛，皆共成佛道。」⟂S⟂稱念阿彌陀佛，必定是很有功用的。⟂S⟂有一個年輕人，聽一位老和尚講說念佛法門。⟂S⟂老和尚開示道：「念阿彌陀佛能消災免難、增福增慧、解除煩惱、了生脫死，能讓人往生西方極樂世界……」,https://books.masterhsingyun.org/ArticleDetail/artcle2398
rel_b56ead431c32,ent_878ea185a076,念阿彌陀佛,PracticeActivity,practice_aims_at_realm,实践趋向宗教境界,ent_0a284a95374c,西方淨土,PlaceRealm,directed,core_usable,stable_entity_graph,true,2,2,2,2,2,multi_article,善導大師並作「勸世偈」，深切悲願勸導世人求生西方淨土：「漸漸雞皮鶴髮，看看行步龍鍾，假饒金玉滿堂，豈免衰殘病苦，任汝千般快樂，無常終是到來，唯有徑路修行，但念阿彌陀佛。」,https://books.masterhsingyun.org/ArticleDetail/artcle11781
rel_e5be43aec5b1,ent_878ea185a076,念阿彌陀佛,PracticeActivity,practice_aims_at_realm,实践趋向宗教境界,ent_2190fa3e8fa0,心靈淨土,PlaceRealm,directed,core_usable,stable_entity_graph,true,1,1,1,1,1,single_article,4.是心靈的淨土：青年人平日容易妄念擾亂、心無所住，茫茫人海中不知將心安住何處？⟂S⟂其實，並不是老年人求生淨土才要念阿彌陀佛，年輕人更要行解並重，真心誠意將一句「阿彌陀佛」念好，將心安置在阿彌陀佛的聖號中，少說一句話，多念一聲佛，用佛號來探究本來面目，創造心靈的淨土。,https://books.masterhsingyun.org/ArticleDetail/artcle663
rel_c195f92c77d1,ent_878ea185a076,念阿彌陀佛,PracticeActivity,practice_cultivates_doctrine,实践培育教义品质,ent_b1e217884f50,智慧,DoctrineTerm,directed,core_usable,stable_entity_graph,true,1,1,1,1,1,single_article,3.念阿彌陀佛能福慧雙修：「無量光」是智慧，「無量壽」是永恆的生命，故念佛不僅是修福德，更是修智慧。,https://books.masterhsingyun.org/ArticleDetail/artcle663
rel_6377788a7029,ent_878ea185a076,念阿彌陀佛,PracticeActivity,practice_cultivates_doctrine,实践培育教义品质,ent_6deef676b2d3,福德,DoctrineTerm,directed,core_usable,stable_entity_graph,true,1,1,1,1,1,single_article,3.念阿彌陀佛能福慧雙修：「無量光」是智慧，「無量壽」是永恆的生命，故念佛不僅是修福德，更是修智慧。,https://books.masterhsingyun.org/ArticleDetail/artcle663
rel_ed65b52e372b,ent_878ea185a076,念阿彌陀佛,PracticeActivity,practice_cultivates_doctrine,实践培育教义品质,ent_11217872aabc,福慧,DoctrineTerm,directed,core_usable,stable_entity_graph,true,1,1,1,1,1,single_article,因此，念阿彌陀佛，就能有光明、智慧，就能有永恆的生命體現。⟂S⟂也就是說，一句「阿彌陀佛」就是修福修慧，福慧共修。,https://books.masterhsingyun.org/ArticleDetail/artcle16212
rel_c814f543537a,ent_878ea185a076,念阿彌陀佛,PracticeActivity,practice_directed_to,实践指向对象,ent_288b54a99ad4,本來面目,Concept,directed,core_usable,stable_entity_graph,true,2,1,1,1,2,single_article,4.是心靈的淨土：青年人平日容易妄念擾亂、心無所住，茫茫人海中不知將心安住何處？⟂S⟂其實，並不是老年人求生淨土才要念阿彌陀佛，年輕人更要行解並重，真心誠意將一句「阿彌陀佛」念好，將心安置在阿彌陀佛的聖號中，少說一句話，多念一聲佛，用佛號來探究本來面目，創造心靈的淨土。,https://books.masterhsingyun.org/ArticleDetail/artcle663
rel_0528d1654d39,ent_878ea185a076,念阿彌陀佛,PracticeActivity,practice_has_benefit,实践产生利益或功德,ent_a1bcfaaccd4b,光明,DoctrineTerm,directed,core_usable,stable_entity_graph,true,2,1,1,1,2,single_article,因此，念阿彌陀佛，就能有光明、智慧，就能有永恆的生命體現。⟂S⟂也就是說，一句「阿彌陀佛」就是修福修慧，福慧共修。,https://books.masterhsingyun.org/ArticleDetail/artcle16212
rel_7dae38e28630,ent_878ea185a076,念阿彌陀佛,PracticeActivity,practice_has_benefit,实践产生利益或功德,ent_b1e217884f50,智慧,DoctrineTerm,directed,core_usable,stable_entity_graph,true,2,1,1,1,2,single_article,因此，念阿彌陀佛，就能有光明、智慧，就能有永恆的生命體現。⟂S⟂也就是說，一句「阿彌陀佛」就是修福修慧，福慧共修。,https://books.masterhsingyun.org/ArticleDetail/artcle16212
rel_112f10268a25,ent_878ea185a076,念阿彌陀佛,PracticeActivity,practice_honors_entity,实践礼敬或赞叹对象,ent_34f3e5d28b2d,阿彌陀佛,BuddhistFigure,directed,core_usable,stable_entity_graph,true,7,7,7,5,7,multi_article,「持名」就是持念阿彌陀佛的名號，每天在一定的時間或者在生活裡，隨時隨地從心裡執持一句「阿彌陀佛」，回因向果，回事向理，回自向他，大家就可以獲得念佛的功德資糧。,https://books.masterhsingyun.org/ArticleDetail/artcle663
rel_08b8ed79028c,ent_878ea185a076,念阿彌陀佛,PracticeActivity,practice_promoted_to_group,實踐向群體推廣,ent_1ca5560304d5,青年,Group,directed,core_usable,stable_entity_graph,true,1,1,1,1,1,single_article,4.是心靈的淨土：青年人平日容易妄念擾亂、心無所住，茫茫人海中不知將心安住何處？⟂S⟂其實，並不是老年人求生淨土才要念阿彌陀佛，年輕人更要行解並重，真心誠意將一句「阿彌陀佛」念好，將心安置在阿彌陀佛的聖號中，少說一句話，多念一聲佛，用佛號來探究本來面目，創造心靈的淨土。⟂S⟂─〈開示〉,https://books.masterhsingyun.org/ArticleDetail/artcle663
rel_64e9cfe24248,ent_878ea185a076,念阿彌陀佛,PracticeActivity,practice_promoted_to_group,實踐向群體推廣,ent_8ee0a44ef063,世人,Group,directed,core_usable,stable_entity_graph,true,2,2,2,2,2,multi_article,善導大師並作「勸世偈」，深切悲願勸導世人求生西方淨土：「漸漸雞皮鶴髮，看看行步龍鍾，假饒金玉滿堂，豈免衰殘病苦，任汝千般快樂，無常終是到來，唯有徑路修行，但念阿彌陀佛。」,https://books.masterhsingyun.org/ArticleDetail/artcle11781
rel_ed36ca883f47,ent_878ea185a076,念阿彌陀佛,PracticeActivity,practice_reduces_affliction,实践对治烦恼,ent_3f2cfc0ad314,煩惱,DoctrineTerm,directed,core_usable,stable_entity_graph,true,2,1,1,1,2,single_article,答：所謂：「一句南無佛，皆共成佛道。」⟂S⟂稱念阿彌陀佛，必定是很有功用的。⟂S⟂有一個年輕人，聽一位老和尚講說念佛法門。⟂S⟂老和尚開示道：「念阿彌陀佛能消災免難、增福增慧、解除煩惱、了生脫死，能讓人往生西方極樂世界……」,https://books.masterhsingyun.org/ArticleDetail/artcle2398
rel_c43040026b68,ent_878ea185a076,念阿彌陀佛,PracticeActivity,recitation_directed_to_figure,称念实践指向佛教人物,ent_34f3e5d28b2d,阿彌陀佛,BuddhistFigure,directed,core_usable,stable_entity_graph,true,1,1,1,1,1,single_article,念佛更方便，可是要念的好也不容易。⟂S⟂一句「阿彌陀佛」是世界上最美妙的語言。⟂S⟂阿彌陀佛是什麼意思？⟂S⟂就是你好、大家好、謝謝、對不起……所以人家送東西來，我說阿彌陀佛；⟂S⟂我送東西給人家，也說阿彌陀佛。⟂S⟂你來了，我說阿彌陀佛；⟂S⟂你走了，也一句阿彌陀佛。⟂S⟂你丟官了、股票失敗了，我同情你，說一句阿彌陀佛；⟂S⟂你升官發財了，為了祝福你，也念一句阿彌陀佛。⟂S⟂「阿彌陀佛」的力量其大無比，因此要常常掛在口邊。⟂S⟂有人說只要臨終的時候，念一句阿彌陀佛，就可以到西方極樂世界，所以最後再念就好。⟂S⟂這記不得啊！⟂S⟂平常就要養成習慣，遇到困難的時候，比如風災、震災來臨，一句「阿彌陀佛」就會立即脫口而出。⟂S⟂甚至不只佛教念阿彌陀佛，基督教、天主教也念，阿彌陀佛就好像是宗教的共主。⟂S⟂有人問世間上有沒有外星人？⟂S⟂阿彌陀佛就是外星人，阿彌陀佛和我們很有緣分。,https://books.masterhsingyun.org/ArticleDetail/artcle16435
rel_7d3c59753c6e,ent_ae575a1f5495,中央總務院,Institution,institution_establishes_subunit_at_place,机构在地点设立分支,ent_519278842826,漢城,PlaceRealm,directed,core_usable,stable_entity_graph,true,1,0,0,0,1,single_article,一九一六年，中央總務院在漢城設立「佛教中央學林」，為培養教界人才的學林，以修身、宗乘、餘乘、宗教學、布教法及哲學、理、數、史、地等一般學科教育青年僧侶。,https://books.masterhsingyun.org/ArticleDetail/artcle8396
rel_8d8427ed4309,ent_689e4e17bd48,智聚法師,BuddhistFigure,person_leads_institution,人物领导机构,ent_4b722295aaf8,虎丘東山寺,Institution,directed,core_usable,stable_entity_graph,true,1,0,0,0,1,single_article,隋朝智聚法師，住持蘇州虎丘東山寺。,https://books.masterhsingyun.org/ArticleDetail/artcle14954
rel_43136b1a45ca,ent_6d5f6c6a3453,倓虛大師,BuddhistFigure,person_founds_institution,人物创设机构,ent_4812050faea9,哈爾濱極樂寺,Institution,directed,core_usable,stable_entity_graph,true,3,0,0,0,1,single_article,【註】哈爾濱極樂寺為倓虛大師創建的天台宗道場；,https://books.masterhsingyun.org/ArticleDetail/artcle15328
rel_ffd63b6346f9,ent_a0526f9d928b,香港張蓮覺女士,Person,person_founds_institution,人物创设机构,ent_002d7f894865,東蓮覺苑,Institution,directed,core_usable,stable_entity_graph,true,1,0,0,0,1,single_article,近代，香港張蓮覺女士恭敬三寶，捨宅為寺，改建為「東蓮覺苑」，創建佛學院，培養佛教人才。,https://books.masterhsingyun.org/ArticleDetail/artcle8754
rel_c9c537508b38,ent_5535b45eb5d4,菩薩,Group,group_guides_or_saves_group,群体教化或度化群体,ent_aef97ef170d1,眾生,Group,directed,core_usable,stable_entity_graph,true,17,0,0,0,1,single_article,以維摩居士來說，他奉持的是出家人出世的清淨戒律，從事的是菩薩度化眾生的工作，也是大小互融之處。,https://books.masterhsingyun.org/ArticleDetail/artcle9802
rel_f6a9708d338c,ent_f26b13f3e5e9,僧團,Institution,institution_propagates_doctrine,机构传播教义,ent_73606555ca8d,利和同均,DoctrineTerm,directed,core_usable,stable_entity_graph,true,1,1,1,1,1,single_article,其實佛教六和敬的僧團，本來就講「利和同均」，你看我佛光山比共產主義更共產、更落實。,https://books.masterhsingyun.org/ArticleDetail/artcle1076
rel_eaf998cd1771,ent_d4067069689f,摩訶止觀,Classic,classic_states_or_mentions_doctrine,经典陈述或提及教义,ent_07cd2c4a9267,圓頓止觀,PracticeActivity,directed,core_usable,stable_entity_graph,true,1,0,0,0,1,single_article,3.圓頓止觀：是《摩訶止觀》所揭示的修持法門，最初以「實相」為止觀的對象，隨著解行用力，而到達始終不二、三諦圓融的境地。,https://books.masterhsingyun.org/ArticleDetail/artcle6790
rel_69940b53440b,ent_f96f2ac5d2ae,阿難,BuddhistFigure,person_member_of_group,人物属于群体,ent_059514d0074d,十大弟子,Group,directed,core_usable,stable_entity_graph,true,1,1,1,1,1,single_article,原來摩登伽女的母親是一個淫靡不堪的女人，而摩登伽女這小姑娘，他並不甘心用自己的青春和肉體，來交換這世界人人所共貪的金錢。⟂S⟂他私下偷偷地愛上了一個人，但愛上的這個人，正是修行出家的釋迦世尊十大弟子中多聞第一的阿難！,https://books.masterhsingyun.org/ArticleDetail/artcle24334
rel_81ef4cf68914,ent_f96f2ac5d2ae,阿難,BuddhistFigure,person_performs_practice,人物实践修行,ent_bd68ae54ea00,修行,PracticeActivity,directed,core_usable,stable_entity_graph,true,1,1,1,1,1,single_article,原來摩登伽女的母親是一個淫靡不堪的女人，而摩登伽女這小姑娘，他並不甘心用自己的青春和肉體，來交換這世界人人所共貪的金錢。⟂S⟂他私下偷偷地愛上了一個人，但愛上的這個人，正是修行出家的釋迦世尊十大弟子中多聞第一的阿難！,https://books.masterhsingyun.org/ArticleDetail/artcle24334
rel_3099e47ad09e,ent_f96f2ac5d2ae,阿難,BuddhistFigure,person_performs_practice,人物实践修行,ent_c9da39b6e30f,出家,PracticeActivity,directed,core_usable,stable_entity_graph,true,1,1,1,1,1,single_article,原來摩登伽女的母親是一個淫靡不堪的女人，而摩登伽女這小姑娘，他並不甘心用自己的青春和肉體，來交換這世界人人所共貪的金錢。⟂S⟂他私下偷偷地愛上了一個人，但愛上的這個人，正是修行出家的釋迦世尊十大弟子中多聞第一的阿難！,https://books.masterhsingyun.org/ArticleDetail/artcle24334
rel_170081d3e425,ent_f96f2ac5d2ae,阿難,BuddhistFigure,person_performs_practice,人物实践修行,ent_093d3d337558,禪定,PracticeActivity,directed,core_usable,stable_entity_graph,true,1,0,0,0,1,single_article,根據《救拔燄口餓鬼陀羅尼經》記載：佛陀在迦毗羅城尼俱律那僧伽藍弘法的時候，有一天夜晚，阿難尊者在林中修習禪定，見到觀音菩薩化現的餓鬼王「燄口」，頭髮散亂，指甲鋒長，面容恐怖，對阿難說：「三天之後，你的壽命將盡，也會下墮到和我一樣的餓鬼道。」,https://books.masterhsingyun.org/ArticleDetail/artcle14712
rel_0b8c8c2077e6,ent_8146aab81452,格里巴沙蘭法師,BuddhistFigure,person_founds_institution,人物创设机构,ent_16ff29c6f14c,佛法精舍,Institution,directed,core_usable,stable_entity_graph,true,1,0,0,0,1,single_article,一九○一年，格里巴沙蘭法師在加爾各答建立第一座現代印度佛寺──佛法精舍，作為該會會所，並成立其他分會。,https://books.masterhsingyun.org/ArticleDetail/artcle8397
rel_af1156d9886b,ent_c9dd8ec0b542,玄深法师,BuddhistFigure,person_founds_institution,人物创设机构,ent_32cddfde3994,女子佛学院,Institution,directed,core_usable,stable_entity_graph,true,1,0,0,0,1,single_article,此外，還有天台權威的法源寺斌宗法師、獅頭山元光寺的會性法師，以及新竹一同寺玄深法師創辦的女子佛學院、印順法師創辦的福嚴佛學院等，可以說早期佛教界有心深研教理的人，都會到新竹這個人文薈萃的地方求學。,https://books.masterhsingyun.org/ArticleDetail/artcle23783
rel_267e0749c2c1,ent_0a03034d3328,俱舍論·業品,Classic,classic_interpreted_as_doctrine,经典被阐释为教义或主张,ent_21e374833d13,業感緣起,DoctrineTerm,directed,core_usable,stable_entity_graph,true,1,0,0,0,1,single_article,又《俱舍‧業品》，說明業感緣起；,https://books.masterhsingyun.org/ArticleDetail/artcle6848
rel_e5572b412675,ent_dd2d6d19df8d,天衣義懷禪師,BuddhistFigure,person_leads_institution,人物领导机构,ent_dd727217cf88,越州天衣寺,Institution,directed,core_usable,stable_entity_graph,true,1,0,0,0,1,single_article,義懷最初住持鐵佛寺，最後住持越州天衣寺，其間遷居了五個地方，所到寺院，均已傾圯荒廢，義懷皆重新擘劃，大肆整修，重振雲門宗風，尤以天衣寺規模最宏偉，因此，世稱他為「天衣義懷」。,https://books.masterhsingyun.org/ArticleDetail/artcle11351
rel_3d6b8196e1de,ent_dd2d6d19df8d,天衣義懷禪師,BuddhistFigure,person_performs_practice,人物实践修行,ent_86900e4a696c,淨土,DoctrineTerm,directed,core_usable,stable_entity_graph,true,1,1,1,1,1,single_article,其實，我認為禪淨在中國的發展，一個在寺院，一個在民間，這很自然、很好，也不必有分歧。⟂S⟂過去的禪者雖然曾有一度排斥念佛，甚至立下規矩：在禪堂裡念一句「阿彌陀佛」，必須漱口三日，但這只是理論上的說法，實際上很多的禪師也同時修習念佛法門。⟂S⟂如宋代的天衣義懷禪師，在雪竇重顯禪師門下開悟以後，依然兼學淨土；⟂S⟂而民間修學淨土念佛的人，對於禪法的深入，也是很用心。,https://books.masterhsingyun.org/ArticleDetail/artcle5724
rel_f3e622577e2e,ent_e07eeb054c66,楊文會,BuddhistFigure,person_associated_with_place,人物关联地点,ent_7b0a632dc379,祇園精舍,Institution,directed,core_usable,stable_entity_graph,true,2,0,0,0,1,single_article,楊仁山成立金陵刻經處，講學於祇園精舍，開中國近代佛學之風；,https://books.masterhsingyun.org/ArticleDetail/artcle23604
rel_36d0b266c695,ent_e07eeb054c66,楊文會,BuddhistFigure,person_associated_with_place,人物关联地点,ent_7b571af7237c,祇洹精舍,Institution,directed,core_usable,stable_entity_graph,true,2,0,0,0,1,single_article,楊仁山成立金陵刻經處，講學於祇洹精舍，開中國近代佛學之風；,https://books.masterhsingyun.org/ArticleDetail/artcle15611
rel_b4bcd0f802c6,ent_e07eeb054c66,楊文會,BuddhistFigure,person_founds_institution,人物创设机构,ent_7b571af7237c,祇洹精舍,Institution,directed,core_usable,stable_entity_graph,true,3,0,0,0,1,single_article,清末民初，是舉國紛亂的時代，楊仁山居士在那時創辦祇洹精舍、成立支那內學院、金陵刻經處，讓佛教的教育、文化得以復興，人才能得到栽培，為延續佛教命脈作出很大的貢獻。,https://books.masterhsingyun.org/ArticleDetail/artcle2496
rel_c8548d9743bf,ent_e07eeb054c66,楊文會,BuddhistFigure,person_founds_institution,人物创设机构,ent_0890201a5138,金陵刻經處,Institution,directed,core_usable,stable_entity_graph,true,2,0,0,0,1,single_article,清末民初時，楊仁山創立金陵刻經處，自日本請回中國散佚經典三百餘卷，加以考證編印出版，其中包含許多唯識論疏，由此再次開啟研究唯識的風氣。,https://books.masterhsingyun.org/ArticleDetail/artcle9855
rel_368438852a53,ent_80cfd4e382f1,北魏孝文帝,Person,person_advocates_doctrine,人物倡导教义,ent_53e344326696,義學,DoctrineTerm,directed,core_usable,stable_entity_graph,true,1,0,0,0,1,single_article,北朝佛教除極力主張漢化的北魏文帝提倡義學外，餘則多半重視實踐修行的禪、淨、律三門。,https://books.masterhsingyun.org/ArticleDetail/artcle8722
rel_e48f3ced7454,ent_0df56c86f4dd,高雄中國鋼鐵股份有限公司人力發展組,Institution,institution_hosts_activity,机构举办活动,ent_38e607844cb4,生命的喜悅講座,PracticeActivity,directed,core_usable,stable_entity_graph,true,1,0,0,0,1,single_article,一九八八年八月十一日下午，高雄中國鋼鐵股份有限公司人力發展組舉辦講座，邀請大師以「生命的喜悅」為題，在中鋼大禮堂為近千名員工講演。,https://books.masterhsingyun.org/ArticleDetail/artcle16925
rel_0814f38af0dd,ent_ea952e5c0745,靈泉寺善智法師,BuddhistFigure,person_founds_institution,人物创设机构,ent_4f52ee8f9176,靈泉寺,Institution,directed,core_usable,stable_entity_graph,true,1,0,0,0,1,single_article,回台後，與善智法師共同創建靈泉寺，任該寺住持，致力於創辦佛教中學林（泰北中學的前身）。,https://books.masterhsingyun.org/ArticleDetail/artcle8727
rel_645b31fdb13e,ent_1907ddef1e8a,王德勝,BuddhistFigure,person_associated_with_place,人物关联地点,ent_27cbc906ccf8,禪堂,PlaceRealm,directed,core_usable,stable_entity_graph,true,2,1,1,1,2,single_article,有道禪師的禪堂裡，除了出家眾的禪者以外，也接受在家信徒進來參禪。⟂S⟂他希望在家眾裡，也能出幾位像蘇東坡、王陽明這樣的禪者。⟂S⟂其中有一位叫王德勝的在家居士，他道心非常堅固，不僅對參禪打坐相當投入，還放下家事眷屬，在禪堂裡一住就是數年，即使逢年過節也不回家，只是一心參究。,https://books.masterhsingyun.org/ArticleDetail/artcle6637
rel_6f9bc490c52d,ent_1907ddef1e8a,王德勝,BuddhistFigure,person_performs_practice,人物实践修行,ent_883dba211288,參禪,DoctrineTerm,directed,core_usable,stable_entity_graph,true,2,1,1,1,2,single_article,他希望在家眾裡，也能出幾位像蘇東坡、王陽明這樣的禪者。⟂S⟂其中有一位叫王德勝的在家居士，他道心非常堅固，不僅對參禪打坐相當投入，還放下家事眷屬，在禪堂裡一住就是數年，即使逢年過節也不回家，只是一心參究。,https://books.masterhsingyun.org/ArticleDetail/artcle6637
rel_9f2881434a83,ent_1907ddef1e8a,王德勝,BuddhistFigure,person_performs_practice,人物实践修行,ent_0b2e6e9daabf,禪,DoctrineTerm,directed,core_usable,stable_entity_graph,true,1,0,0,0,1,single_article,王德勝居士經常到寺院禪堂修禪，有一天，他向人宣稱：我悟道了，不去禪堂打坐了。,https://books.masterhsingyun.org/ArticleDetail/artcle5424
rel_a91b513d7900,ent_6d9299bbf9dc,李焯芬,Person,person_leads_institution,人物领导机构,ent_bb2753519ef9,國際佛光會,Institution,directed,core_usable,stable_entity_graph,true,1,0,0,0,1,single_article,說起香港大學，副校長李焯芬先生曾經擔任國際佛光會的副會長，同時也是我們香港佛學院的院長。,https://books.masterhsingyun.org/ArticleDetail/artcle7456
rel_94357ccd2971,ent_20372c2b414a,國際佛光會巴西協會,Institution,institution_hosts_activity,机构举办活动,ent_dd31feb41f17,南美洲弘法團,PracticeActivity,directed,core_usable,stable_entity_graph,true,1,0,0,0,1,single_article,巴西協會舉辦的南美洲弘法團不但把佛法弘揚到阿根廷、巴拉圭等地，更在各個大學舉辦佛學講座，甚至與天主教聯合舉辦祈福法會，帶動當地人士對佛教嚮往的熱潮；,https://books.masterhsingyun.org/ArticleDetail/artcle16739
rel_809877ef977b,ent_7ec13cccf8b9,佛光山僧眾,Group,group_performs_practice,群体实践修行,ent_554461d3c9bf,勇猛精進,DoctrineTerm,directed,core_usable,stable_entity_graph,true,1,1,1,1,1,single_article,通過大師的「話」，讀者看到佛光山的僧眾們個個都在學佛的路上勇猛精進，他們過著「比共產主義還要共產主義」的清貧生活，卻時時、事事為眾生著想，盡心盡力為社會服務。,https://books.masterhsingyun.org/ArticleDetail/artcle15850
rel_077266e38cdd,ent_ed0f41aa228f,愚谷元智,BuddhistFigure,person_leads_institution,人物领导机构,ent_97ed080001bd,鼓山西禪寺,Institution,directed,core_usable,stable_entity_graph,true,1,0,0,0,1,single_article,餘如南宋愚谷元智禪師，理宗寶祐年間住持鼓山西禪寺，曾開墾海塗田，築成大寧莊和長樂大澤莊。,https://books.masterhsingyun.org/ArticleDetail/artcle5286
rel_9baf88231488,ent_d92bb4554215,懷渭,BuddhistFigure,person_leads_institution,人物领导机构,ent_072717cc3e10,淨慈寺,Institution,directed,core_usable,stable_entity_graph,true,1,0,0,0,1,single_article,懷渭住持淨慈寺時，有位陳姓老婦，夜夢神僧到家中化緣，隔日便見懷渭上門，陳婦即刻伏地禮拜，欲依他薙髮出家。,https://books.masterhsingyun.org/ArticleDetail/artcle11754
rel_aef1fabdd94f,ent_79946b149d8f,藥師如來誓願,DoctrineTerm,concept_has_quality,概念具有属性,ent_03c937f6582b,不可思議,DoctrineTerm,directed,core_usable,stable_entity_graph,true,1,1,1,1,1,single_article,藥師如來誓願不可思議，因其發願「於一切有情，起利益安樂」，願所有聞名受持藥師如來名號的一切有情眾生，眾病悉除，身心安樂，受用無缺，資具豐足，解脫憂苦。⟂S⟂此現世樂的法門，與身心受苦的娑婆眾生特別有緣，因此也受到普遍的信仰。,https://books.masterhsingyun.org/ArticleDetail/artcle7049
rel_51d290b9522c,ent_dd79e187a078,靈山會,PracticeActivity,activity_occurs_at_place,活动发生于地点,ent_55d164264407,靈鷲山,PlaceRealm,directed,core_usable,stable_entity_graph,true,2,1,1,1,2,single_article,說到禪宗，從遠處說，禪是從佛陀在靈山會上拈花微笑，把正法眼藏付囑摩訶迦葉（見《傳燈錄》）。⟂S⟂此事在《大梵天王問佛決疑經》中有詳細的記載：一日，佛陀行化至靈鷲山，時有大梵天王，為令今世、後世眾生獲得利益，以金婆羅華獻佛，捨身為床座，恭請佛陀為眾生說法。,https://books.masterhsingyun.org/ArticleDetail/artcle674
rel_165f9d77de3f,ent_dd79e187a078,靈山會,PracticeActivity,practice_has_component,实践包含组成环节,ent_3f8c72abd679,拈花示眾,PracticeActivity,directed,core_usable,stable_entity_graph,true,3,3,3,3,3,multi_article,因此，靈山會上，佛陀「拈花示眾」，迦葉尊者「破顏微笑」，涅槃妙心，於焉付囑；,https://books.masterhsingyun.org/ArticleDetail/artcle9352
rel_fcccaa3ac50b,ent_9994952d01da,諸佛,Group,group_performs_practice,群体实践修行,ent_451aac4b11fb,讚歎,PracticeActivity,directed,core_usable,stable_entity_graph,true,1,1,1,1,1,single_article,舍衛城須達長者信奉佛教後，即積極建造祇園精舍，供養佛陀，並常將自己所聽聞到的佛法轉述他人，熱心度人學佛。⟂S⟂維摩詰居士雖是一名在家信徒，但是他對佛法的體悟與實踐，充分體現大乘佛教的人間精神。⟂S⟂經典中詳述他的為人：「毗耶離大城中有長者，名維摩詰，已曾供養無量諸佛，深植善本，得無生忍，辯才無礙，遊戲神通，逮諸總持，獲無所畏，降魔勞怨，入深法門，善於智度。」⟂S⟂又說：「欲度人故，以善方便，居毗耶離，資財無量，攝諸貧民；⟂S⟂奉戒清淨，攝諸毀禁；⟂S⟂以忍調行，攝諸恚怒；⟂S⟂以大精進，攝諸懈怠；⟂S⟂一心禪寂，攝諸亂意；⟂S⟂以決定慧，攝諸無智。」⟂S⟂他雖為白衣，奉持沙門清淨戒行；⟂S⟂雖有妻子眷屬，不為欲染；⟂S⟂雖享受物質，心無繫念。⟂S⟂他到處示教利喜，執持正法，攝諸長幼，饒益眾生，救護一切。⟂S⟂如是悲智融通之士，受到諸佛的讚歎，廣為人天所尊敬。,https://books.masterhsingyun.org/ArticleDetail/artcle8754
rel_bec5795fc496,ent_f9c9b48213f7,受持比丘尼戒,PracticeActivity,doctrine_constrained_by,义理受条件或范围限制,ent_1559e2a45626,六法戒,DoctrineTerm,directed,core_usable,stable_entity_graph,true,3,2,2,1,3,multi_article,b.式叉摩那戒是沙彌尼在受比丘尼戒前，必須先修學的六法戒，二年之內戒行清淨，方能受持比丘尼戒，這一段期間稱為「式叉摩那」。,https://books.masterhsingyun.org/ArticleDetail/artcle8836
rel_bcef4d32677b,ent_a0e334f1807a,朝山,PracticeActivity,activity_serves_group,活动或实践服务群体,ent_1b85a8db0019,信徒,Group,directed,core_usable,stable_entity_graph,true,1,1,1,1,1,single_article,為了方便北中南不同地區的信徒參加朝山，特別將其分為六個梯次舉行，每次朝山後有佛法開示，主辦單位都監院體恤我的辛苦，並沒有安排我和信徒接心，我只好自己作「不請之友」，自行前往和信徒講話。⟂S⟂因為我雖然從佛光山退位，不作住持，但是對信徒而言，我這個師父是永遠不會退位的。⟂S⟂因此，早上七時半，主持過三壇羅漢期戒會的三壇正授之後，便陸續為朝山信徒開示，連同昨晚第一批回山的信徒，總共作了六場開示。⟂S⟂我很高興在新年的第一天，能與那麼多信徒結緣。,https://books.masterhsingyun.org/ArticleDetail/artcle2758
rel_adda38791cca,ent_2271d5d66ece,身體,Concept,concept_defined_as,概念定义为,ent_3f3422049233,有為,DoctrineTerm,directed,core_usable,stable_entity_graph,true,1,1,1,1,1,single_article,有時候，我們以為身體是我們的，其實這一個臭皮囊不是我們的，身體是有為法，所謂「一切有為法，如夢幻泡影，如露亦如電，應作如是觀」。⟂S⟂一切有為法都是虛妄的，但是在虛妄的假相身體裡，卻有一個真正無位的真人，那就是我們的法身、我們的真如、我們的本性，就是我們的本來面目。,https://books.masterhsingyun.org/ArticleDetail/artcle151
rel_62019708120e,ent_2271d5d66ece,身體,Concept,concept_has_subconcept,概念包含下位概念,ent_306c7f44fab0,四大,DoctrineTerm,directed,core_usable,stable_entity_graph,true,1,1,1,1,1,single_article,但是，一般人都害怕生病，所謂「英雄只怕病來磨」，佛教講「修行人要帶三分病」，有時身體上有小小的病痛，反而能增長道心，成為學佛的增上緣，重要的是心理要健康。⟂S⟂所以當病苦來時，要能正見身體是四大五蘊和合而有，能夠如《般若心經》所說：「照見五蘊皆空」，自能度一切苦厄，自能不驚不怖，自能遠離顛倒夢想，自能解脫自在。,https://books.masterhsingyun.org/ArticleDetail/artcle14635
rel_b245099bf561,ent_f1b5b99d5f2e,神會,BuddhistFigure,person_hosts_activity,人物主持活动,ent_07f0f2150f5b,無遮大會,PracticeActivity,directed,core_usable,stable_entity_graph,true,2,1,1,1,2,single_article,敦煌本《壇經》中，提到惠能晚年有十大弟子，即：法海、志誠、法達、智常、智通、志徹、志道、法珍、法如以及神會。⟂S⟂這十大弟子主要的貢獻是結集編纂《壇經》，把惠能的事蹟行誼傳揚下來，尤其神會舉辦滑臺無遮大會，建立南宗頓教世系地位。,https://books.masterhsingyun.org/ArticleDetail/artcle43
rel_1c31dbf9814b,ent_f1b5b99d5f2e,神會,BuddhistFigure,person_member_of_group,人物属于群体,ent_059514d0074d,十大弟子,Group,directed,core_usable,stable_entity_graph,true,1,1,1,1,1,single_article,依《壇經》所載，六祖大師得法的弟子，有所謂的十大弟子，他們是：法海、志誠、法達、神會、智常、智通、志徹、志道、法珍、法如。⟂S⟂其中法海為記錄《壇經》者，神會為南宗禪奠定了歷史的地位。,https://books.masterhsingyun.org/ArticleDetail/artcle119
rel_0a28ebf7d81c,ent_f1b5b99d5f2e,神會,BuddhistFigure,person_member_of_group,人物属于群体,ent_3988471b6e7d,惠能十大弟子,Group,directed,core_usable,stable_entity_graph,true,1,1,1,1,1,single_article,敦煌本《壇經》中，提到惠能晚年有十大弟子，即：法海、志誠、法達、智常、智通、志徹、志道、法珍、法如以及神會。⟂S⟂這十大弟子主要的貢獻是結集編纂《壇經》，把惠能的事蹟行誼傳揚下來，尤其神會舉辦滑臺無遮大會，建立南宗頓教世系地位。,https://books.masterhsingyun.org/ArticleDetail/artcle43
rel_2e83d833d963,ent_a165fa7871ab,連戰,Person,person_advocates_doctrine,人物倡导教义,ent_0e392a5a426a,三好,Concept,directed,core_usable,stable_entity_graph,true,1,1,1,1,1,single_article,1998年，星雲大師與時任台灣副領導人的連戰先生，於中正紀念堂「恭迎佛牙舍利顯密護國祈安法會」中，首次倡議「做好事，說好話，存好心」的「三好」運動。,https://books.masterhsingyun.org/ArticleDetail/artcle24674
rel_3072f44abb43,ent_b6f1df047805,梁啟超,Person,person_articulates_concept_or_doctrine,人物阐发概念或教义,ent_e4c3fa5588a1,因果,DoctrineTerm,directed,core_usable,stable_entity_graph,true,1,1,1,1,1,single_article,廬山慧遠大師說：「佛道濟俗，亦為要務。⟂S⟂何則？⟂S⟂百家之鄉，十人持五戒，則十人淳謹；⟂S⟂千室之邑，百人修十善，則百人和睦。⟂S⟂傳此風教，以周寰區，編戶千萬，則仁人百萬。⟂S⟂夫能修一善，則去一惡；⟂S⟂一惡既去，則息一刑；⟂S⟂一刑息於家，則萬刑息於國。⟂S⟂此所謂坐致太平者是也。」⟂S⟂如果社會大眾人人能夠受持佛教的五戒，那麼我們的國家必定是一個淳樸謙讓、重德祥和的淨土。⟂S⟂梁啟超說：「佛教之因果，使上智下愚皆不能不信也。」⟂S⟂人人如果能樹立正確的因果觀念，我們的社會就不再是爾虞我詐、巧取豪奪的社會。⟂S⟂人人如果能懷抱佛教的慈悲精神，這個社會就能減少暴戾殺伐之氣，安和樂利。⟂S⟂如果人人都能有佛教「諸法無我」的體認，這個社會將是個我為人人，人人為我的大同世界。⟂S⟂佛教對國家政治的貢獻是什麼？,https://books.masterhsingyun.org/ArticleDetail/artcle8401
rel_1c300370b3a5,ent_fbe5f610abcf,武則天,Person,person_adheres_to_doctrine_or_tradition,人物信奉教义或宗教传统,ent_b9466da1d262,佛教,DoctrineTerm,directed,core_usable,stable_entity_graph,true,1,1,1,1,1,single_article,武則天和中宗皇帝奉佛虔誠，並且承繼太宗、高宗時的謢佛事業，使得佛教的發展如日中天。⟂S⟂因此，在《壇經》裡也不斷提到當朝的情形。,https://books.masterhsingyun.org/ArticleDetail/artcle162
rel_92a021640fda,ent_fbe5f610abcf,武則天,Person,person_teaches_audience,人物教导受众,ent_8ee0a44ef063,世人,Group,directed,core_usable,stable_entity_graph,true,1,1,1,1,1,single_article,歷史上第一位女皇帝武則天，承繼太宗、高宗時的護佛事業，提升佛教僧尼地位，以五戒教育世人。,https://books.masterhsingyun.org/ArticleDetail/artcle113
rel_58d233ed086c,ent_fbe5f610abcf,武則天,Person,person_teaches_doctrine,人物讲授教义,ent_05e9c39da8a4,五戒,DoctrineTerm,directed,core_usable,stable_entity_graph,true,2,1,1,1,2,single_article,歷史上第一位女皇帝武則天，承繼太宗、高宗時的護佛事業，提升佛教僧尼地位，以五戒教育世人。⟂S⟂他所寫〈開經偈〉「無上甚深微妙法……」傳誦千古，至今為佛教徒誦經前必讀。⟂S⟂他創立第一個官辦的「悲田養病坊」，禮請僧人主持管理；⟂S⟂親施脂粉錢二萬貫，開鑿著名的龍門石窟盧舍那佛。⟂S⟂武則天對佛教的護持，使盛唐八宗大弘天下。,https://books.masterhsingyun.org/ArticleDetail/artcle113
rel_6c35c367cc5e,ent_f41a62c5aebc,曇摩竭多,BuddhistFigure,person_associated_with_place,人物关联地点,ent_426a87fd3f85,泗河,PlaceRealm,directed,core_usable,stable_entity_graph,true,2,1,1,1,2,single_article,晉穆帝升平元年（三五七）二月八日，梵僧曇摩竭多在洛陽設立比丘尼戒壇，但卻遭到釋道場法師的非難，他依據《戒因緣經》的戒律條文，對曇摩竭多提出疑問，認為不符「二部僧授戒」的戒法。⟂S⟂因此曇摩竭多浮舟在泗河成立戒壇，為淨檢等四人傳授具足戒。,https://books.masterhsingyun.org/ArticleDetail/artcle1988
rel_b704e010f1be,ent_f41a62c5aebc,曇摩竭多,BuddhistFigure,person_associated_with_place,人物关联地点,ent_bd47464bca89,洛陽,PlaceRealm,directed,core_usable,stable_entity_graph,true,2,1,1,1,2,single_article,晉穆帝升平元年（三五七）二月八日，梵僧曇摩竭多在洛陽設立比丘尼戒壇，但卻遭到釋道場法師的非難，他依據《戒因緣經》的戒律條文，對曇摩竭多提出疑問，認為不符「二部僧授戒」的戒法。⟂S⟂因此曇摩竭多浮舟在泗河成立戒壇，為淨檢等四人傳授具足戒。,https://books.masterhsingyun.org/ArticleDetail/artcle1988
rel_46220372f073,ent_40d770b0b9f9,佛教徒,Group,group_performs_practice,群体实践修行,ent_bd68ae54ea00,修行,PracticeActivity,directed,core_usable,stable_entity_graph,true,1,1,1,1,1,single_article,一般信仰宗教的人，尤其是佛教徒，無不希望自己的修行，能與佛菩薩「感應道交」，獲得諸佛菩薩的「靈感」護佑。⟂S⟂但是靈感到底有沒有？,https://books.masterhsingyun.org/ArticleDetail/artcle6961
rel_da1ccabf6730,ent_40d770b0b9f9,佛教徒,Group,group_performs_practice,群体实践修行,ent_a1f534091f7d,皈依,PracticeActivity,directed,core_usable,stable_entity_graph,true,1,1,1,1,1,single_article,佛教徒皈依佛法僧三寶：皈依佛，佛如光明，有了光明，就能驅走黑暗，帶來希望；⟂S⟂皈依法，法如淨水，有了淨水，可以滋潤大地，生長萬物；⟂S⟂皈依僧，僧如福田，有了福田，可以給人播種，廣植福德。⟂S⟂三寶的重要，就好比陽光、雨水、大地，缺一不可。⟂S⟂唯有皈敬三寶，才得以長養法身慧命，昇華心靈世界，跨越人生的藩籬。⟂S⟂─《普門學報‧佛教對「修行問題」的看法》,https://books.masterhsingyun.org/ArticleDetail/artcle683
rel_44da75d08cef,ent_da008e17d32d,女眾,Group,group_performs_practice,群体实践修行,ent_d8d9506f4a85,具足戒,DoctrineTerm,directed,core_usable,stable_entity_graph,true,1,1,1,1,1,single_article,2.八宗兼弘的包容：星雲大師六十年前初至宜蘭雷音寺，便開始提倡「人間佛教」，決心破除傳統叢林一宗一派閉關自守的局面，而主張「八宗兼弘」，開創了開闊而宏觀的全球格局。⟂S⟂從一九八六年佛光山舉行的「世界顯密佛學會議」以「融和與發展」為主題，邀請各國學者專家三百餘人參加，並邀請密教法王共同蒞臨，就可以看出大師的心量寬宏。⟂S⟂一九八九年在佛光山舉辦的「國際禪學會議」，由中、美、韓、日、港、義等國五十餘位知名教授參加，也引起了舉世的重視。⟂S⟂一九八二年，與通度寺締結兄弟寺，一九九四年與泰國法身寺締結兄弟寺，一九九八年，佛光山叢林學院與松廣寺傳統講院締結為兄弟院，都說明了星雲大師的開明風範。⟂S⟂在教育方面，大師不僅沒有限制弟子學習的方向，而且還派遣門徒遠赴印度、美國、英國、日本、韓國、西藏、中國大陸等地學習各宗各派的佛法。⟂S⟂餘如一九九三年舉辦第一屆「國際佛教僧伽研習會」、一九九八年舉行第一屆「台灣佛教寺院行政講習會」之後，即經常舉辦類似的會議，不僅敞開胸懷，與各地寺院代表傾心交流，而且派出跟隨他四、五十年的優秀大弟子如慈莊、慈惠、慈容、依空法師等人以扎實的內容授課座談，都可以看出星雲大師之弘揚「人間佛教」，非僅掛在嘴邊表面的裝飾，而是親身力行去實踐。⟂S⟂一九八八年西來寺舉行了一個月的三壇大戒，首先打破佛教千餘年來南北傳的畛域之見，所請的傳戒高僧包括遍布南北傳佛教界大和尚，造成不少小乘佛教徒破天荒第一次到大乘寺院受戒。⟂S⟂一九九八年，在星雲大師的奔走呼籲下，「國際三壇大戒」終於在印度菩提伽耶成辦，二月十五日至二十三日期間，二十三個國家一百餘位來自世界各地的女眾在二十六位大小乘戒師的證盟下如願受持具足戒。⟂S⟂此舉不僅恢復了南傳國家失傳千餘年的比丘尼戒法，而且是有史以來第一次世界佛教團結在佛陀成道處同受大戒，攜手寫下光輝的一頁。,https://books.masterhsingyun.org/ArticleDetail/artcle17810
rel_800af7e67ff7,ent_d50ddecbb1f9,佛弟子,Group,group_performs_practice,群体实践修行,ent_451aac4b11fb,讚歎,PracticeActivity,directed,core_usable,stable_entity_graph,true,4,2,2,2,4,multi_article,許多人吝於布施善言美語，這是因為他心中擁有的美好財富太少了。⟂S⟂讚歎是重要的修行法門，佛弟子面對三寶時，以梵唄唱誦來加以讚歎；⟂S⟂每部經典的後面，也都有弟子聽經聞法後「歡喜讚歎，信受奉行，作禮而去」的描述。⟂S⟂釋迦牟尼佛當初與彌勒菩薩同時修行，只因多修了一項讚歎法門，就比彌勒菩薩早九劫成佛，由此可見，讚歎是多麼地重要！,https://books.masterhsingyun.org/ArticleDetail/artcle2069
rel_6232c15ab06d,ent_d1412ca6811b,佛光山假日修道會,PracticeActivity,activity_serves_group,活动或实践服务群体,ent_1b85a8db0019,信徒,Group,directed,core_usable,stable_entity_graph,true,2,2,2,2,2,multi_article,佛光山於一九九七年五月十六日封山後，由於信徒不斷提出回山修持的請求，因此，經宗務委員會開會決議，於一九九八年三月七日起，每週六、日舉辦「假日修道會」，定時局部開放給信徒來山修持，共有禮懺、禪坐、念佛、朝山、抄經、八關齋戒、佛學講座、頭陀義工、親子營及青少年營等十門課程。,https://books.masterhsingyun.org/ArticleDetail/artcle15317
rel_9ac768b60fe9,ent_ba71901c568d,弘化,PracticeActivity,practice_aims_at_doctrinal_state,实践趋向教义境界,ent_932ce5962a37,示教利喜,Concept,directed,core_usable,stable_entity_graph,true,1,1,1,1,1,single_article,佛陀成道後，足跡遍及五印度，四十九年的弘化，目的就是為了「示教利喜」，解救眾生出離苦難，帶來幸福與安樂。,https://books.masterhsingyun.org/ArticleDetail/artcle24196
rel_bb58d9bc5284,ent_686192f7c709,勝鬘書院,Institution,institution_trains_group,机构培养人才群体,ent_da008e17d32d,女眾,Group,directed,core_usable,stable_entity_graph,true,1,1,1,1,1,single_article,人類文明、經濟等各方面的進步，女性撐起了一片藍天。⟂S⟂為了提升各行各業的優秀女性人才，使其心靈、精神更為開闊，一九九四年九月，佛光山創辦了「勝鬘書院」，取佛教傑出女性勝鬘夫人為楷模，女眾也能展現智慧，不讓鬚眉。⟂S⟂招收社會一般中青年女性，四個月為一期，兩個月在佛光山密集學習佛教教理及佛門行儀，以及抄經、禪坐、作務等行門修持；⟂S⟂兩個月至佛光山世界各分別院，體驗異國文化風俗、歷史背景，既讀萬卷書，更行萬里路，拓展國際視野。⟂S⟂結業後，依個人性向、興趣，可選擇在佛光山各種佛教事業單位實習服務，做萬種事，結萬種緣。,https://books.masterhsingyun.org/ArticleDetail/artcle17976
rel_e846db7892e8,ent_2a8faf64d791,弘福寺,Institution,institution_has_subunit,机构具有分支,ent_378f9946c693,譯經院,Institution,directed,core_usable,stable_entity_graph,true,1,1,1,1,1,single_article,當年唐玄奘大師西行求法，本屬違法出關，太宗不但未加追究，反更優禮有加，敕令駐錫西景弘福寺，寺內置譯經院，一切經費均由國家供給，並親賜〈大唐三藏聖教序〉，勒石於碑，不僅成就玄奘大師之譯經事業，並奠定唐宋以降千百年來佛教弘化的基礎。,https://books.masterhsingyun.org/ArticleDetail/artcle3867
rel_e16dd0e308fe,ent_83ac6e902dcc,覺力法師,Person,person_associated_with_place,人物关联地点,ent_e41bb5eaf95c,鼓山湧泉寺,Institution,directed,core_usable,stable_entity_graph,true,1,1,1,1,1,single_article,此四大派，除法雲寺覺力法師是來自大陸的鼓山湧泉寺，是正統的佛教僧侶外，靈泉寺善慧法師和凌雲寺本圓法師，皆為台灣「齋教」出身，而後成為受戒的正統僧侶。,https://books.masterhsingyun.org/ArticleDetail/artcle8727
rel_861489f801f4,ent_83ac6e902dcc,覺力法師,Person,person_founds_institution,人物创设机构,ent_f3c9895f9033,法雲寺,Institution,directed,core_usable,stable_entity_graph,true,2,2,2,2,2,multi_article,b.法雲寺，位於苗栗縣大湖鄉，民國初年，由覺力、妙果二師開山，以覺力法師為首任住持，先後在該寺舉辦過傳戒、水陸等法會。,https://books.masterhsingyun.org/ArticleDetail/artcle8727
rel_1be54ff5be7a,ent_83ac6e902dcc,覺力法師,Person,person_leads_institution,人物领导机构,ent_f3c9895f9033,法雲寺,Institution,directed,core_usable,stable_entity_graph,true,1,1,1,1,1,single_article,b.法雲寺，位於苗栗縣大湖鄉，民國初年，由覺力、妙果二師開山，以覺力法師為首任住持，先後在該寺舉辦過傳戒、水陸等法會。,https://books.masterhsingyun.org/ArticleDetail/artcle8727
rel_7bcf0b7c4e0a,ent_83ac6e902dcc,覺力法師,Person,person_member_of_group,人物属于群体,ent_c80a0e3385f1,僧侶,Group,directed,core_usable,stable_entity_graph,true,1,1,1,1,1,single_article,此四大派，除法雲寺覺力法師是來自大陸的鼓山湧泉寺，是正統的佛教僧侶外，靈泉寺善慧法師和凌雲寺本圓法師，皆為台灣「齋教」出身，而後成為受戒的正統僧侶。,https://books.masterhsingyun.org/ArticleDetail/artcle8727
rel_fec8d3333298,ent_9529b44c92cd,佛陀紀念館,Institution,institution_enshrines_or_preserves_ritual_object,机构安奉或典藏仪式物,ent_2690856df9d0,佛牙,RitualObject,directed,core_usable,stable_entity_graph,true,3,3,3,3,3,multi_article,一九九八年，由西藏貢噶多傑仁波切，經過十六位法王證明的世界第三顆佛牙舍利贈予佛光山，供奉在佛陀紀念館。⟂S⟂之後佛館連續四年舉辦五次世界宗教聯誼會，因為神道教大多數的信徒，也承認他們的神明都是佛陀的弟子。⟂S⟂我認為，宗教之間可以和而不流，體現佛陀的「慈悲與尊重」。,https://books.masterhsingyun.org/ArticleDetail/artcle23601
rel_19253d5f5c58,ent_b1b82e47b813,梁武帝,Person,person_performs_practice,人物实践修行,ent_c766879c0c7a,說法,PracticeActivity,directed,core_usable,stable_entity_graph,true,1,1,1,1,1,single_article,有不少信徒從年輕時就開始聽經聞法，至今已有四十多年歷史，若以社會學而言，早就具有「博士」資格，可以講經說法了，但他們卻從沒有這個觀念，不認為自己可以講說佛法，仍自稱弟子，不敢稱老師。⟂S⟂但佛法真義不是如此，是主張人人平等、生佛不二的，在家與出家一樣可以當老師。⟂S⟂像維摩詰居士，是多少大菩薩的老師；⟂S⟂勝鬘夫人則常在皇宮為大臣說法；⟂S⟂梁武帝不喜做皇帝，曾三次捨身同泰寺，並不時在宮中說法；⟂S⟂這些範例都是檀講師的先驅。⟂S⟂中國大乘佛教的弘揚是以四大菩薩為主，除地藏菩薩外，其他的觀音菩薩、文殊菩薩、普賢菩薩皆以在家相度眾，若檀講師的制度能樹立，對二十一世紀佛法的弘揚會有很大的助益，只要有人需要聞法，隨時、隨地、隨處皆可以弘揚佛法，真正達到佛光普照三千界，法水長流五大洲的理想。,https://books.masterhsingyun.org/ArticleDetail/artcle5778
rel_00eec96ab96b,ent_b1b82e47b813,梁武帝,Person,person_performs_practice,人物实践修行,ent_bd668b3b64b4,捨身,PracticeActivity,directed,core_usable,stable_entity_graph,true,2,2,2,2,2,multi_article,有不少信徒從年輕時，就開始聽經聞法，至今已有四十多年歷史。⟂S⟂若以社會學歷而言，早就具有「博士」資格，可以講經說法了，但他們從沒有這個觀念，不認為自己可以講說佛法，仍自稱弟子，不敢稱老師。⟂S⟂佛法的真義不是如此，佛教主張人人平等、生佛不二，所以在家與出家一樣都可以當老師。⟂S⟂像維摩詰居士是多少大菩薩的老師，勝鬘夫人常在皇宮為大臣說法，梁武帝曾三次捨身同泰寺，並不時在宮中說法，這些範例不都是檀講師的先驅嗎？⟂S⟂—《星雲日記》,https://books.masterhsingyun.org/ArticleDetail/artcle726
rel_1625c180b99c,ent_8ee2a52cb0ce,田璧雙,BuddhistFigure,person_adheres_to_doctrine_or_tradition,人物信奉教义或宗教传统,ent_b9466da1d262,佛教,DoctrineTerm,directed,core_usable,stable_entity_graph,true,1,1,1,1,1,single_article,田璧雙喇嘛（一九二五～二○○五，安徽郎溪縣人）是一位正直的君子、虔誠的佛教徒，數十年前，他在高雄擔任稅捐處處長時，我就和他有來往。⟂S⟂他接任理事長之後，行事周全，很令人敬重。⟂S⟂一九九八年，佛光山能將西藏貢噶多傑仁波切捐獻的佛牙舍利，從印度經泰國迎請來台，實際上就是他聯絡十多位法王共同簽字完成的。⟂S⟂但是後來卻引發中國佛教協會疑慮，以為是達賴喇嘛贈送，這實在是天大的錯誤了。,https://books.masterhsingyun.org/ArticleDetail/artcle5722
rel_10973421b6ff,ent_c820d6316205,非洲佛學院,Institution,institution_located_at_place,机构位于地点,ent_2696343ec48b,南非,PlaceRealm,directed,core_usable,stable_entity_graph,true,1,1,1,1,1,single_article,我們在南非有黑人來就讀的非洲佛學院，有印度佛學院、香港佛教學院，在澳洲有南天佛學院，在美國就是西來大學了。,https://books.masterhsingyun.org/ArticleDetail/artcle11213
rel_2586c6a222d1,ent_e4d1d8e21090,教育部,Institution,institution_advocates_concept,机构倡导理念,ent_3d3eec716058,本土化,Concept,directed,core_usable,stable_entity_graph,true,1,1,1,1,1,single_article,太陽花學運的學生，成長於陳水扁執政時期，當時教育部修改歷史課綱，偏重去中國化史觀，高度強調本土化，也被一些知識分子批評為「洗腦教育」；⟂S⟂因此，這一代青年學生囿於對世界的了解，有國際觀不足之憾，甚至因為意識型態之堅持，反中、反全球化，有使台灣更民粹、更有走向鎖國之虞。,https://books.masterhsingyun.org/ArticleDetail/artcle9753
rel_e017c6a45dc7,ent_c6c4913ca1ec,人民,Group,group_performs_practice,群体实践修行,ent_cac49a61a507,禮拜,PracticeActivity,directed,core_usable,stable_entity_graph,true,1,1,1,1,1,single_article,第四、以結緣來交友：大慈大悲的觀世音菩薩，三十二應化身，常為眾生作「不請之友」。⟂S⟂所以，人民將最好的廳堂用來供奉觀世音菩薩，稱念觀音菩薩的聖號，禮拜觀音菩薩的聖容，皆因觀世音菩薩廣結善緣。,https://books.masterhsingyun.org/ArticleDetail/artcle6386
rel_a8e3651402a3,ent_649aa135767d,佛寶節,PracticeActivity,practice_has_component,实践包含组成环节,ent_6a96000d4114,浴佛法會,PracticeActivity,directed,core_usable,stable_entity_graph,true,1,1,1,1,1,single_article,四月八日／佛陀聖誕法會（佛寶節：舉辦浴佛法會）,https://books.masterhsingyun.org/ArticleDetail/artcle23490
rel_155406cc24ed,ent_d1551864774f,佛事,PracticeActivity,activity_serves_group,活动或实践服务群体,ent_1b85a8db0019,信徒,Group,directed,core_usable,stable_entity_graph,true,1,1,1,1,1,single_article,他出家以後，逢到我要建佛光山，我就跟心平、心定講：「看來寺院道場功德佛事是免不了，因為信徒要的就是我們替他念經，將來我們的寺院愈來愈大，我們的人都不會放燄口也不行，你們兩個去台北學三個月，學會放燄口再回來，佛光山有這個需要。」,https://books.masterhsingyun.org/ArticleDetail/artcle10886
rel_984fadbb2b5d,ent_029aa79b25b6,忍辱修行,PracticeActivity,practice_aims_at_doctrinal_state,实践趋向教义境界,ent_96ef6af74ecb,不生不滅,DoctrineTerm,directed,core_usable,stable_entity_graph,true,1,1,1,1,1,single_article,經由忍辱的修行，在世間能成就事業，在出世間能夠達到不生不滅的覺悟境界。,https://books.masterhsingyun.org/ArticleDetail/artcle24086
rel_433b5aa2c24d,ent_934b3797935f,許家屯,Person,person_adheres_to_doctrine_or_tradition,人物信奉教义或宗教传统,ent_f25853efdc3e,共產主義,Concept,directed,core_usable,stable_entity_graph,true,1,1,1,1,1,single_article,許家屯當時提出了「四不」，包括：不背叛國家、不背叛共產主義、不和民運人士來往、不見記者等。⟂S⟂星雲覺得這些都很好，他也向許家屯明確表示，並不希望他到台灣去。,https://books.masterhsingyun.org/ArticleDetail/artcle17484
rel_a22e9c04d06d,ent_85faa90c2a60,法寶,DoctrineTerm,concept_in_tension_with,概念之间存在义理张力,ent_b1f8525fc408,世間的財富,Concept,symmetric,core_usable,stable_entity_graph,true,1,1,1,1,1,single_article,因為世間的財富是有價，出世間的法寶是無價的，法寶可以讓人解脫煩惱，獲得心靈的喜悅。,https://books.masterhsingyun.org/ArticleDetail/artcle20069
rel_c2b2d8db8e76,ent_e98998d0cc36,星雲文化教育公益基金會,Institution,institution_hosts_activity,机构举办活动,ent_fa9639785707,星連心．中華文明探索之旅,PracticeActivity,directed,core_usable,stable_entity_graph,true,1,1,1,1,1,single_article,星雲文化教育公益基金會致力於推動兩岸交流，主辦的點亮心燈活動、「星連心．兩岸新媒體研學營」、「星連心．中華文明探索之旅」及白馬雪山科考活動，受到兩岸青年的喜愛。⟂S⟂其中，「星連心．兩岸研學」已成為具有影響力的公益品牌，在增進兩岸人民認同、心靈契合中發揮了紐帶作用。,https://books.masterhsingyun.org/ArticleDetail/artcle24214
rel_ed125f46c168,ent_e98998d0cc36,星雲文化教育公益基金會,Institution,institution_hosts_activity,机构举办活动,ent_485c44a42ea7,星連心．兩岸新媒體研學營,PracticeActivity,directed,core_usable,stable_entity_graph,true,1,1,1,1,1,single_article,星雲文化教育公益基金會致力於推動兩岸交流，主辦的點亮心燈活動、「星連心．兩岸新媒體研學營」、「星連心．中華文明探索之旅」及白馬雪山科考活動，受到兩岸青年的喜愛。⟂S⟂其中，「星連心．兩岸研學」已成為具有影響力的公益品牌，在增進兩岸人民認同、心靈契合中發揮了紐帶作用。,https://books.masterhsingyun.org/ArticleDetail/artcle24214
rel_0ecada7b4aa0,ent_e98998d0cc36,星雲文化教育公益基金會,Institution,institution_hosts_activity,机构举办活动,ent_2909d85668ec,白馬雪山科考活動,PracticeActivity,directed,core_usable,stable_entity_graph,true,1,1,1,1,1,single_article,星雲文化教育公益基金會致力於推動兩岸交流，主辦的點亮心燈活動、「星連心．兩岸新媒體研學營」、「星連心．中華文明探索之旅」及白馬雪山科考活動，受到兩岸青年的喜愛。⟂S⟂其中，「星連心．兩岸研學」已成為具有影響力的公益品牌，在增進兩岸人民認同、心靈契合中發揮了紐帶作用。,https://books.masterhsingyun.org/ArticleDetail/artcle24214
rel_a28b754e557a,ent_e98998d0cc36,星雲文化教育公益基金會,Institution,institution_hosts_activity,机构举办活动,ent_0596c3f04824,點亮心燈活動,PracticeActivity,directed,core_usable,stable_entity_graph,true,1,1,1,1,1,single_article,星雲文化教育公益基金會致力於推動兩岸交流，主辦的點亮心燈活動、「星連心．兩岸新媒體研學營」、「星連心．中華文明探索之旅」及白馬雪山科考活動，受到兩岸青年的喜愛。⟂S⟂其中，「星連心．兩岸研學」已成為具有影響力的公益品牌，在增進兩岸人民認同、心靈契合中發揮了紐帶作用。,https://books.masterhsingyun.org/ArticleDetail/artcle24214
rel_8ded6d17e273,ent_5817b93adabd,哲布尊丹巴胡土克圖,BuddhistFigure,person_member_of_group,人物属于群体,ent_3b2e0260b276,西藏四大活佛,Group,directed,core_usable,stable_entity_graph,true,1,1,1,1,1,single_article,在清朝的歷史中，曾有朝廷敕封西藏四大活佛的記載，即：達賴喇嘛、班禪額爾德尼、哲布尊丹巴胡土克圖及章嘉胡土克圖。,https://books.masterhsingyun.org/ArticleDetail/artcle6772
rel_4e7140718b43,ent_d9bc15d394bf,僧信四眾,Group,group_hosts_activity,群体举办活动,ent_6a96000d4114,浴佛法會,PracticeActivity,directed,core_usable,stable_entity_graph,true,1,1,1,1,1,single_article,過去叢林寺院逢農曆四月八日，僧信四眾就會舉辦浴佛法會，慶祝佛誕節；,https://books.masterhsingyun.org/ArticleDetail/artcle17005
rel_661eae144f12,ent_e825aef662e3,辦活動,PracticeActivity,activity_serves_group,活动或实践服务群体,ent_1b85a8db0019,信徒,Group,directed,core_usable,stable_entity_graph,true,1,1,1,1,1,single_article,九時，八關齋戒戒子捨戒出堂後，特請來參加戒法的張迺彬女士到客堂。⟂S⟂張女士，在台灣發起創設的「張老師專線」不知嘉惠了多少青少年學子，其成就大家有目共睹，我雖久聞大名，卻到今天才有緣認識，尤其張老師辦活動的經驗和敏感性，從他的言談中可見。⟂S⟂活動是導引信徒們與我們共鳴的最好方法，西來寺的徒眾對於辦活動的心、力都已具足，但在經驗上卻非常薄弱，故徵得張老師首肯，將提供這一方面的經驗給西來寺，首受其惠的，是西來寺婦女法座會，西來寺的婦女信眾有福了。,https://books.masterhsingyun.org/ArticleDetail/artcle8042
rel_075edc01ade9,ent_54e8b148f09f,宮本武藏,Person,person_learns_from_person,人物师从或学习于人物,ent_e2e58428ed0b,澤安禪師,BuddhistFigure,directed,core_usable,stable_entity_graph,true,1,1,1,1,1,single_article,一、德行的崛起：中國的唐堯虞舜，在群雄之中崛起，就是由於他們孝順仁慈的德行孚眾望，因此被大家推為共主。⟂S⟂孔孟老莊，與世無爭，以仁愛訓育天下，德行卓絕，因此在賢聖之中崛起。⟂S⟂日本的宮本武藏，原為地方上的惡霸流氓，後來在澤安禪師的教育之下，發揮劍客的德行，終於成為一代劍聖。⟂S⟂佛教裡多少大師，如東晉的慧遠大師，足不出廬山，而能影響當朝的君主；⟂S⟂道安大師在名士習鑿齒之前，賦對「四海習鑿齒，彌天釋道安」，他對德行的自豪，良有以也。,https://books.masterhsingyun.org/ArticleDetail/artcle5147
rel_3fc927d175ed,ent_e0ede76ab86b,外緣,Concept,concept_complementary_with,概念在语境中相互助成,ent_4ea73025112d,內修,Concept,symmetric,core_usable,stable_entity_graph,true,1,1,1,1,1,single_article,第四、有內修，更要有外緣：有的人光是自己修行，平時不肯跟人結緣，如此即使自己修得再好，果真能夠放下萬緣，真能修得與世無爭，甚至無欲無求；,https://books.masterhsingyun.org/ArticleDetail/artcle3087
rel_bcf53c47b8d8,ent_767826d7ab55,張迺彬女士,Person,person_founds_institution,人物创设机构,ent_c2700b47b1f0,張老師專線,Institution,directed,core_usable,stable_entity_graph,true,1,1,1,1,1,single_article,九時，八關齋戒戒子捨戒出堂後，特請來參加戒法的張迺彬女士到客堂。⟂S⟂張女士，在台灣發起創設的「張老師專線」不知嘉惠了多少青少年學子，其成就大家有目共睹，我雖久聞大名，卻到今天才有緣認識，尤其張老師辦活動的經驗和敏感性，從他的言談中可見。⟂S⟂活動是導引信徒們與我們共鳴的最好方法，西來寺的徒眾對於辦活動的心、力都已具足，但在經驗上卻非常薄弱，故徵得張老師首肯，將提供這一方面的經驗給西來寺，首受其惠的，是西來寺婦女法座會，西來寺的婦女信眾有福了。,https://books.masterhsingyun.org/ArticleDetail/artcle8042
rel_e0f8dc9e3f51,ent_767826d7ab55,張迺彬女士,Person,person_performs_practice,人物实践修行,ent_2074071360a1,八關齋戒,PracticeActivity,directed,core_usable,stable_entity_graph,true,1,1,1,1,1,single_article,九時，八關齋戒戒子捨戒出堂後，特請來參加戒法的張迺彬女士到客堂。⟂S⟂張女士，在台灣發起創設的「張老師專線」不知嘉惠了多少青少年學子，其成就大家有目共睹，我雖久聞大名，卻到今天才有緣認識，尤其張老師辦活動的經驗和敏感性，從他的言談中可見。⟂S⟂活動是導引信徒們與我們共鳴的最好方法，西來寺的徒眾對於辦活動的心、力都已具足，但在經驗上卻非常薄弱，故徵得張老師首肯，將提供這一方面的經驗給西來寺，首受其惠的，是西來寺婦女法座會，西來寺的婦女信眾有福了。,https://books.masterhsingyun.org/ArticleDetail/artcle8042
rel_eb010c98b5e9,ent_a49079fbb20f,修持《法華經》的人,Group,group_has_doctrinal_quality,群体具有教义品质,ent_6deef676b2d3,福德,DoctrineTerm,directed,core_usable,stable_entity_graph,true,1,1,1,1,1,single_article,修持《法華經》的人，他的心是質樸正直，有正念，具有福德力。⟂S⟂因此，不會被貪瞋痴三毒惱亂，不會有嫉妒、我慢、邪慢、增上慢之苦惱；,https://books.masterhsingyun.org/ArticleDetail/artcle9905
rel_d29b724af436,ent_e60ad037e8d4,十大戒,DoctrineTerm,concept_equivalent_to,概念等同或同义,ent_c2f8430eb026,十大受,DoctrineTerm,symmetric,core_usable,stable_entity_graph,true,1,1,1,1,1,single_article,佛陀曾在舍衛國祇園精舍宣說《勝鬘師子吼一乘大方便方廣經》，經中記載勝鬘夫人宣誓受持「十大受」，亦即「十大戒」、「十大弘誓」：,https://books.masterhsingyun.org/ArticleDetail/artcle4000
rel_703a7c68df24,ent_078167af06e6,佛法興盛,DoctrineTerm,doctrine_constrained_by,义理受条件或范围限制,ent_22b7ce953a6a,僧讚僧,PracticeActivity,directed,core_usable,stable_entity_graph,true,1,1,1,1,1,single_article,日常生活中亦應如此，尤其是在大團體中，不僅要做到不說是非，不傳是非，不怕是非，不聽是非，還要能夠互相讚歎，互相包容，所謂︰「若要佛法興，除非僧讚僧。」⟂S⟂也就是這個道理。,https://books.masterhsingyun.org/ArticleDetail/artcle2293
rel_96adf0883dcf,ent_a52e20ee21ce,大悲心陀羅尼經,Classic,classic_records_person,经典记载人物,ent_59739e05c9e6,觀世音菩薩,BuddhistFigure,directed,core_usable,stable_entity_graph,true,1,1,1,1,1,single_article,在《大悲心陀羅尼經》中記載：當時觀世音菩薩始住初地，從千光王靜住如來受〈大悲咒〉，一聞此咒，法喜充滿，立超第八地，乃發廣大誓願：「若我當來，堪能利益安樂一切眾生者，令我即時身生出千手千眼具足。」,https://books.masterhsingyun.org/ArticleDetail/artcle2059
rel_abb9869486b1,ent_3d03916cd001,佛陀的行儀度化,PracticeActivity,concept_equivalent_to,概念等同或同义,ent_5082725ac667,人間慧用,DoctrineTerm,symmetric,core_usable,stable_entity_graph,true,1,1,1,1,1,single_article,般若智慧就是我們的「心真如門」，般若不是談玄說妙，要表現在生活行儀上，成為人間慧用，才有意義。⟂S⟂當初佛陀在靈山會上拈花，迦葉破顏微笑，師徒印心，禪於是成為人間的一道光明；⟂S⟂佛陀成道前，放下苦行，接受牧羊女的供養，五比丘相約不理睬佛陀，但是當他們見到成道後的佛陀，被佛陀的威儀攝受，忍不住跪地禮拜，並且再度隨侍佛陀，於是成為佛教「最初的僧寶」。⟂S⟂佛陀的行儀度化，就是人間的慧用。,https://books.masterhsingyun.org/ArticleDetail/artcle430
rel_69aa7281525d,ent_8f9918905421,禪堂儀禮,PracticeActivity,activity_occurs_at_place,活动发生于地点,ent_27cbc906ccf8,禪堂,PlaceRealm,directed,core_usable,stable_entity_graph,true,1,1,1,1,1,single_article,這是警惕維那主持禪堂的儀禮要如法，不可驚動道者平靜的心，所謂「寧動千江水，不動道人心」。⟂S⟂由此可見，佛教尊重大眾，以大眾為中心的思想。,https://books.masterhsingyun.org/ArticleDetail/artcle3707
rel_3b6a5f7c9272,ent_c3981e22d1a3,修禪,PracticeActivity,practice_aims_at_doctrinal_state,实践趋向教义境界,ent_8c2e06b1a094,三無差別,DoctrineTerm,directed,core_usable,stable_entity_graph,true,1,1,1,1,1,single_article,修禪的人如果能夠修到人我一體，修到無你我分別，所謂心、佛、眾生三無差別，到了這個境界，就是真正「禪」的境界了。,https://books.masterhsingyun.org/ArticleDetail/artcle14874
rel_8e9ca993e2d4,ent_2b1cfaf32b38,國家,Institution,patron_supports_person,人物或机构供养护持人物,ent_5a2ca100ca60,玄奘大師,Person,directed,core_usable,stable_entity_graph,true,1,1,1,1,1,single_article,但他並不因此而沒有「名」，相反地，唐太宗每次要視察各地，第一個邀請的就是玄奘大師，他的生活所需都由國家供養，朝中文武大臣誰不恭敬他。,https://books.masterhsingyun.org/ArticleDetail/artcle2874
rel_f9593a8eb47e,ent_0ce1c094d4e1,僧導,BuddhistFigure,person_receives_precept,人物受戒,ent_d8d9506f4a85,具足戒,DoctrineTerm,directed,core_usable,stable_entity_graph,true,1,1,1,1,1,single_article,僧導受過具足戒後，更加博通禪律經論，受到後秦姚興的重視，他禮請僧導參與鳩摩羅什主持的譯經場，著作了《成實義疏》、《三論義疏》及《空有二諦論》。,https://books.masterhsingyun.org/ArticleDetail/artcle11603
rel_7df62a1517fd,ent_5d75579f30b2,心,DoctrineTerm,concept_is_foundation_of,概念构成另一概念或实践的基础,ent_4fb8d09ae94c,諸法,DoctrineTerm,directed,core_usable,stable_entity_graph,true,1,1,1,1,1,single_article,「心為諸法之根本」，佛經有謂「心生則一切法生，心滅則一切法滅」，宇宙世間所有的一切，都是由心而生，從心而有，所以說「三界唯心，萬法唯識」。,https://books.masterhsingyun.org/ArticleDetail/artcle13518
rel_59a00448c851,ent_52ea0936b19e,慧立,Person,person_authors_work,人物创作或撰写作品,ent_8c64fc801efb,大慈恩寺三藏法師傳,Classic,directed,core_usable,stable_entity_graph,true,1,1,1,1,1,single_article,玄奘寫過《大唐西域記》，這是呈給太宗皇帝看的報告，對自己著墨不多，但他在譯經的空檔常與弟子品茗閒談，他的弟子慧立把他的談話寫成《大唐大慈恩寺三藏法師傳》，裡面飽含了孺慕與崇仰，這本風采迷人的傳記，本身就是教育的最佳範本。,https://books.masterhsingyun.org/ArticleDetail/artcle15640
rel_7f9aa928a585,ent_5bbd22fbe7b0,佛陀聖誕法會,PracticeActivity,concept_named_as,概念命名为,ent_649aa135767d,佛寶節,PracticeActivity,directed,core_usable,stable_entity_graph,true,1,1,1,1,1,single_article,四月八日／佛陀聖誕法會（佛寶節：舉辦浴佛法會）,https://books.masterhsingyun.org/ArticleDetail/artcle23490
rel_5f026193492c,ent_e3057fc81d86,安定,Concept,doctrine_constrained_by,义理受条件或范围限制,ent_29f545fdc778,無爭,DoctrineTerm,directed,core_usable,stable_entity_graph,true,1,1,1,1,1,single_article,而且，待人要謙和，唯有飽滿的人才懂得低頭，謙虛是與人和諧相處的祕訣，不但能贏得友誼，更能得到助力。⟂S⟂至於處事的態度，則要講求公平，不要因個人的喜怒愛憎而偏頗，唯有公平才能無爭，無爭才能安定。,https://books.masterhsingyun.org/ArticleDetail/artcle14650
rel_c3fc9aff0e38,ent_f66767b76747,達磨波羅,Person,person_performs_practice,人物实践修行,ent_1c838d636e21,佛教回傳印度,PracticeActivity,directed,core_usable,stable_entity_graph,true,1,1,1,1,1,single_article,因此，達磨波羅所進行的佛教回傳印度的努力，與佛教文化在錫蘭的復興密切相關，而星雲大師人間佛教回傳印度的開始，則與佛教文化在大中華地區的復興密切相關，因而需要在「中印文化交流」的大背景中，進行艱苦的「本土化」努力。,https://books.masterhsingyun.org/ArticleDetail/artcle17814
rel_93dedf26eddb,ent_f1b25afb2dc1,人間法教的教義內容,DoctrineTerm,concept_has_subconcept,概念包含下位概念,ent_931d353cbc62,出世間法,DoctrineTerm,directed,core_usable,stable_entity_graph,true,1,1,1,1,1,single_article,是乃結合了世、出世間法而成人間法教的教義內容。⟂S⟂此即是中華文化的本質為基礎的。,https://books.masterhsingyun.org/ArticleDetail/artcle17815
rel_32f55407d1f6,ent_c2f8430eb026,十大受,DoctrineTerm,concept_equivalent_to,概念等同或同义,ent_be806fc99e1f,十大弘誓,Concept,symmetric,core_usable,stable_entity_graph,true,1,1,1,1,1,single_article,佛陀曾在舍衛國祇園精舍宣說《勝鬘師子吼一乘大方便方廣經》，經中記載勝鬘夫人宣誓受持「十大受」，亦即「十大戒」、「十大弘誓」：,https://books.masterhsingyun.org/ArticleDetail/artcle4000
rel_4645999d4a4f,ent_c2700b47b1f0,張老師專線,Institution,institution_serves_group,机构服务或利益群体,ent_731f93911c50,青少年學子,Group,directed,core_usable,stable_entity_graph,true,1,1,1,1,1,single_article,九時，八關齋戒戒子捨戒出堂後，特請來參加戒法的張迺彬女士到客堂。⟂S⟂張女士，在台灣發起創設的「張老師專線」不知嘉惠了多少青少年學子，其成就大家有目共睹，我雖久聞大名，卻到今天才有緣認識，尤其張老師辦活動的經驗和敏感性，從他的言談中可見。⟂S⟂活動是導引信徒們與我們共鳴的最好方法，西來寺的徒眾對於辦活動的心、力都已具足，但在經驗上卻非常薄弱，故徵得張老師首肯，將提供這一方面的經驗給西來寺，首受其惠的，是西來寺婦女法座會，西來寺的婦女信眾有福了。,https://books.masterhsingyun.org/ArticleDetail/artcle8042
rel_139ef1a000b8,ent_b85a3bc4a6f5,蔡正松,Person,person_member_of_group,人物属于群体,ent_7260146fcdfb,佛光會,Institution,directed,core_usable,stable_entity_graph,true,1,1,1,1,1,single_article,上午，慈惠法師本應杉林國中蔡正松校長之邀，要去為杉林鄉各國中國小校長老師研習營開示。⟂S⟂蔡校長是信徒，也是佛光會的會員，剛好早上我沒有行程，就請慈惠把機會讓給我，自告奮勇的做個不請之友。⟂S⟂九時，在杉林國中圖書館，面對一百二十名的校長和老師們開示「佛法在輔導上的應用」——,https://books.masterhsingyun.org/ArticleDetail/artcle8358
rel_996cc4473ac3,ent_b85a3bc4a6f5,蔡正松,Person,person_member_of_group,人物属于群体,ent_1b85a8db0019,信徒,Group,directed,core_usable,stable_entity_graph,true,1,1,1,1,1,single_article,上午，慈惠法師本應杉林國中蔡正松校長之邀，要去為杉林鄉各國中國小校長老師研習營開示。⟂S⟂蔡校長是信徒，也是佛光會的會員，剛好早上我沒有行程，就請慈惠把機會讓給我，自告奮勇的做個不請之友。⟂S⟂九時，在杉林國中圖書館，面對一百二十名的校長和老師們開示「佛法在輔導上的應用」——,https://books.masterhsingyun.org/ArticleDetail/artcle8358
