source_id,runtime_id
S265_EDGE_001DF607F425C24B1E17,rel_ab91d2c84345
S265_EDGE_00952F1C34A4BC07C92C,rel_50dce18cd019
S265_EDGE_00B93E572AD78208E964,rel_b97dfaa6fb63
S265_EDGE_00D0AEC4CDA9B5E0C7AB,rel_caa23e496429
S265_EDGE_00F31643155EE88D3AE8,rel_7453a6aea1e9
S265_EDGE_00FC2071B7973BDFC14F,rel_ef0a8bf22520
S265_EDGE_00FD27B4435F4F0DB53D,rel_fb26fcf34dfb
S265_EDGE_012A71A911CF5196D2E0,rel_441ced765147
S265_EDGE_01333B9B3F4017A4059B,rel_da6cdc70a99c
S265_EDGE_01536655BAA15AE2E0F0,rel_80aca4b149a8
S265_EDGE_0162ADD0F302AF42B388,rel_bde0df0dc1d6
S265_EDGE_0169D8BE9005F2553AE8,rel_6659bfcebc4c
S265_EDGE_0174C807E4825D422A48,rel_37361a81ef7d
S265_EDGE_0175DA09FA7BB639A2F4,rel_7294c73d1d6a
S265_EDGE_0181F6656435E38C5135,rel_f3e622577e2e
S265_EDGE_01CD146D9F97372C3912,rel_60a44c0b3391
S265_EDGE_01CD792AB2530F6BF338,rel_3d6a7b51b750
S265_EDGE_01DAA4FF7BD2C930383D,rel_01757feba301
S265_EDGE_01EE101B03030C1B30CF,rel_69e15bb85bbe
S265_EDGE_01F4E859C7FB9CBB5040,rel_d9aeea319438
S265_EDGE_01FBAD16D414F2F57F9F,rel_8e77ef581d2f
S265_EDGE_02080B45F7E1580E64BF,rel_1a6d79bf5f52
S265_EDGE_022C1844E2B0BCD107D1,rel_ef7b8d416c27
S265_EDGE_022F1136AEEF42872B02,rel_f1146b7fd4a1
S265_EDGE_024F3235E44FB3042709,rel_c8ae5ac3fe00
S265_EDGE_02A6E258A2AABDE62DB4,rel_201f1efe5a62
S265_EDGE_02AFD6C86D416271DD63,rel_66e1462ec624
S265_EDGE_02B70E5B8E169C42CDAF,rel_9039bde90fd2
S265_EDGE_02BC72B1B6BD7F231772,rel_e6ed6968a2b1
S265_EDGE_03024E61684A34A34868,rel_efa25b652de6
S265_EDGE_03251925B2DD7E37CE59,rel_3f0089d6322e
S265_EDGE_036E21AA4E6AB9C67039,rel_9407b682c9b1
S265_EDGE_038750B616DED91428DE,rel_f6316ab06d05
S265_EDGE_03AF515A2DAA575EF8C3,rel_3abe9f31cb24
S265_EDGE_03B3A423BC2AFA8E3FBA,rel_610789546f38
S265_EDGE_03C8B6F5E793F1825D03,rel_8e0c6795c9f3
S265_EDGE_03E35BFA36B20E09758B,rel_847b3ca10bbc
S265_EDGE_03E3FA55D33C864E2872,rel_a3e3c9abf4a3
S265_EDGE_03E471A1CC19100DDCD0,rel_7ccbf12b9cc5
S265_EDGE_03F59A1317997213E75D,rel_8b74c212a6b6
S265_EDGE_0403F0347D24B2379BFB,rel_ec6031b9b33d
S265_EDGE_041EFA3F2F90386E32E9,rel_0ecc435e5f8f
S265_EDGE_04232AC998B083E63437,rel_9b988bd20adb
S265_EDGE_042EEA74B0507C01FFDE,rel_d8dafb065bed
S265_EDGE_047F3D6570D1778B8516,rel_3765324837ce
S265_EDGE_0484A6CD4D12D434FA6C,rel_dbcdf7dfc70a
S265_EDGE_04972990C9E6C12E8F6F,rel_8b0b36470ef6
S265_EDGE_049E23DFD1F5500D37A3,rel_ce2237f1bf04
S265_EDGE_04A014E0C6FB49959419,rel_a27b9546ec61
S265_EDGE_04C799E4CD8A5C4B4A73,rel_657b50c2867a
S265_EDGE_04D4A8A005124513AAA7,rel_c90b271c72aa
S265_EDGE_04EA160F2BB78F31D42C,rel_35d6a4ee5d6b
S265_EDGE_0509751741587E2E988C,rel_eaded5a739ac
S265_EDGE_0518BF2D91CB7F583484,rel_208f16b7644f
S265_EDGE_0543B0919534388F50B6,rel_f44eba14fd75
S265_EDGE_05BAA1AB402ADC76721C,rel_2f680388c0a6
S265_EDGE_05C7586B5C1DDCD33800,rel_4f0e58275943
S265_EDGE_05E10F3C564D6E4D8DE2,rel_fd82eac44b14
S265_EDGE_05ECE81A0B0DA3C86D8A,rel_e6bc37ba8d9c
S265_EDGE_05F0504D547367E8DF6D,rel_d124262a369a
S265_EDGE_05F9606083DC6C6B0913,rel_d99b2a4b008a
S265_EDGE_05FB7380B8BDE72FB2B8,rel_4e1121d5e093
S265_EDGE_062115A8724598BF06B1,rel_7ed302c264f1
S265_EDGE_062A4080EA0162CE1F7F,rel_609fad134bdd
S265_EDGE_062FF8A2535591759B6D,rel_4b1baac26598
S265_EDGE_06590D7332E26848D6E2,rel_66d1b1df35bf
S265_EDGE_066389CB6D5C21B2EB4B,rel_8e7a28faf19b
S265_EDGE_067DE2C077EEE6416073,rel_3a012bdb9c23
S265_EDGE_068D8E39839979457121,rel_54af0f6b1d73
S265_EDGE_06B0FDA329298A3CE461,rel_4142903b5da4
S265_EDGE_06B8B671985F265868C1,rel_e3bb04c8303f
S265_EDGE_06CEA664A79929A7C8EF,rel_a04e9ea680dd
S265_EDGE_06FE01E235D16887F85A,rel_a7708efd2ccb
S265_EDGE_06FF4AC5075933776FDB,rel_9e57103c85bb
S265_EDGE_07134D8A5444EB53BA66,rel_710cc368f2f6
S265_EDGE_0756417784EB4CA39F1E,rel_5ae1be2e366d
S265_EDGE_078BED53CB03F2612B3B,rel_f8a454d2fdf0
S265_EDGE_078DBAEBB79F69DAE841,rel_cd1a4d221b82
S265_EDGE_07A62DCB377617820014,rel_ed36ca883f47
S265_EDGE_07A75B58CBC513D81F5F,rel_57a5ae2972b2
S265_EDGE_07ADAAC78FCD50453CBD,rel_3f2fd5e06f69
S265_EDGE_07C17C169AAD8F271450,rel_88707ef992da
S265_EDGE_07DF5B6CCB9ADA775493,rel_76ce5d51891d
S265_EDGE_08301DB2533297B99B72,rel_acfccdd801e7
S265_EDGE_08359E5655DB4D736F2E,rel_23d517ee5340
S265_EDGE_0837D8826194E0CEF11A,rel_193f67095b82
S265_EDGE_084CF71B46D7057F8C4D,rel_fcccaa3ac50b
S265_EDGE_08C50127691A35360B3E,rel_b1004539939e
S265_EDGE_08E5326B96502C14A019,rel_804d66d238b5
S265_EDGE_08F76CECC847B1A758AD,rel_8f89510fbf43
S265_EDGE_095CF33641AD1F3D03BD,rel_e393e37c8d78
S265_EDGE_0963CBB7D67F2044B19F,rel_3c62751e22e5
S265_EDGE_096D130A83EE0E4CCB6F,rel_806ba687b3d2
S265_EDGE_09CBA655AE0E8F3039E8,rel_725034bf23ea
S265_EDGE_09FFA7F3878E51B8A0B7,rel_485b0bb7e404
S265_EDGE_0A0A4284D55FF66C06F5,rel_86727d3cca8b
S265_EDGE_0A12028DF10934640365,rel_7a77ebe4f8b7
S265_EDGE_0A22F1340ECCF38C5DA0,rel_e595127ef9fe
S265_EDGE_0A4F94B438B3E9575E06,rel_0e78a6680856
S265_EDGE_0A571DD1CBC9F4B56AD1,rel_52cd8e25e11f
S265_EDGE_0A6827E50465269D085C,rel_344bd62dd08b
S265_EDGE_0A781474054A54F0D49B,rel_b44ce65f3408
S265_EDGE_0A839875BD3D5EAE888C,rel_5c17dedc11c8
S265_EDGE_0A8979CFD23B19116CFD,rel_6c35c367cc5e
S265_EDGE_0A8C730EB38366649817,rel_810dc9e8c129
S265_EDGE_0AA344ABD684A6A230F3,rel_ff8fe79af4fb
S265_EDGE_0AAA96CFEC7226260902,rel_ffdf3be370d9
S265_EDGE_0AADE86E277C2F1827F4,rel_43ec7e45246e
S265_EDGE_0AD0D4863E756089A63C,rel_282fe241ce4f
S265_EDGE_0AE4031D9F049BD364F3,rel_0bfd9fb3889b
S265_EDGE_0AFDA52207CC83D2685C,rel_a26ceced7d06
S265_EDGE_0B0DC918697A6385796D,rel_eb16597051a1
S265_EDGE_0B455250E2BAB31E11C8,rel_43570c6790b5
S265_EDGE_0B4CBF17869B50FBCAD3,rel_6240163efdf5
S265_EDGE_0B61D8D4B9E79C070E8C,rel_6c8a2b54ba4c
S265_EDGE_0B6389B22EEF071728C8,rel_b987e288f552
S265_EDGE_0B7433F808CF5EC11B3A,rel_602dd7918ce3
S265_EDGE_0B78D9DC0AB69BA7E49B,rel_9197ad24b421
S265_EDGE_0BABE98F49DE9D7C8675,rel_2bf0c0a4d77e
S265_EDGE_0BB98C3070B644E2F6A5,rel_945dd6d70733
S265_EDGE_0BCDA298757734B78F71,rel_34350ec1c2a4
S265_EDGE_0BD0BEAA4C33D4AD564F,rel_2d8886e3370b
S265_EDGE_0BED655652260C21C7FB,rel_4f2ad07226f1
S265_EDGE_0BFFB1EF04FA3CBC0856,rel_e3f44a8d3899
S265_EDGE_0C01731F59F07F3848D4,rel_846a0a3e4aa8
S265_EDGE_0C24D34C2EFBB614F51C,rel_bc4a8f280df5
S265_EDGE_0C37B92BDA5D4F7B2209,rel_1796354919eb
S265_EDGE_0C5CEB0242EB8424747B,rel_6e7d8c1449bf
S265_EDGE_0C87470FE51BCA982695,rel_e0a314620917
S265_EDGE_0C89B70824866F1359B6,rel_cb8a40e70337
S265_EDGE_0CBA0F86E86062E8E7CE,rel_80d19935b754
S265_EDGE_0D06EDAECECC2DC0BA5B,rel_2577a830cd4b
S265_EDGE_0D128EF0F46C598BF519,rel_af70a90a02fd
S265_EDGE_0D20B445EDA044756418,rel_27ecab65822d
S265_EDGE_0D30E4D1FA6D76A217DD,rel_d9e197f72cbf
S265_EDGE_0D62A71BA8ED13BE916C,rel_a32666e7ce80
S265_EDGE_0D979EC51FC4A04F29F9,rel_77091283d9f5
S265_EDGE_0D9EE504F3BEFFA5B937,rel_155bd9d2a390
S265_EDGE_0DAA894F89CE79807DBB,rel_1a2a3e9155a6
S265_EDGE_0DBA37A1DFE1845AA840,rel_945318a9fc4b
S265_EDGE_0DD70BED3AEFF63B862F,rel_abccdd0314b9
S265_EDGE_0DD79D3476C9E0D330DC,rel_704d69d70e0c
S265_EDGE_0E016FDE323BF6D03545,rel_4ae528283c20
S265_EDGE_0E201C978C2FA9EA6440,rel_cf9843822f86
S265_EDGE_0E52D0CD95FBA30677C1,rel_32bc98581df6
S265_EDGE_0E5702FA3F1575F07C81,rel_79d4420aa6f0
S265_EDGE_0E5A54F87FCB7603660F,rel_f6ed69f3288d
S265_EDGE_0E70450454C897EB15CE,rel_ee21a54e6a94
S265_EDGE_0E7FDC3068236D27D947,rel_e290b4f4ecf3
S265_EDGE_0E8A5C4701D658DBC275,rel_f20b05103830
S265_EDGE_0E8B385A854C91F9434F,rel_de768b801436
S265_EDGE_0E9AFEB6C9084E36D3C4,rel_32f55407d1f6
S265_EDGE_0EA0078C2C1865B83C92,rel_a84cbdb2560d
S265_EDGE_0EB00516A0C6A087ABC3,rel_6747a8ead9c6
S265_EDGE_0EB01D0CFA8EAEFD563A,rel_71a64d7ed67b
S265_EDGE_0EC3A68D4108EEF3B25D,rel_806ff90a98d7
S265_EDGE_0EE45F2E1F00C45F7C61,rel_f1d6184b6eb8
S265_EDGE_0EF037CC0C711844A7BB,rel_ab24fbc97605
S265_EDGE_0F1AFA7525241138E526,rel_c832fedf4dd3
S265_EDGE_0F4B5752470C73998C1A,rel_26f9714506e6
S265_EDGE_0F517E5B02B517F18A2B,rel_8ab0417335d3
S265_EDGE_0FB9424A6E8E4A968F7B,rel_afa9711e0955
S265_EDGE_0FBEA4A094D738296144,rel_cdf7695e326e
S265_EDGE_0FC67F0677845916D236,rel_4268530d0eb6
S265_EDGE_101F1D40D86BB957F677,rel_376a9d5d5958
S265_EDGE_10257246D91F246D6BFA,rel_7014e09238b8
S265_EDGE_10424B7D8B4896A79E60,rel_328b1b25bd26
S265_EDGE_1068701CEABF8B905090,rel_f70d5902bedf
S265_EDGE_10AFA536367EDB04E95B,rel_771f82a443f7
S265_EDGE_10BFCEAE84A4653A2391,rel_24ba734a5f8f
S265_EDGE_10EEEC78CFE33D2A7F0E,rel_2f36f4a08e3c
S265_EDGE_10EF94AAF636991A2E23,rel_b9db221b776f
S265_EDGE_1107B68892E9CDB76074,rel_6efcddf076f5
S265_EDGE_1118D28CDED1C353D910,rel_f923e79ccd57
S265_EDGE_111FC267B31A110B01D3,rel_c11e9d83e7df
S265_EDGE_112374E636A49604A11C,rel_45a766a9c7b9
S265_EDGE_11381EF1070E925FBEC7,rel_1fbd16dc71d5
S265_EDGE_115939DC81E8A053B282,rel_9dc87972984c
S265_EDGE_1171BE5398256925C1E6,rel_a72d652f8992
S265_EDGE_117E36160E2CC34048ED,rel_773a841d31c7
S265_EDGE_1180738A7F279878639A,rel_146b63e2ab44
S265_EDGE_11B4BFA2C771442872A8,rel_a0a1f0ffb0e2
S265_EDGE_11D65872248CFBBD14FC,rel_29825cc9798d
S265_EDGE_1222754E2DA1EC7ADF69,rel_28c40fb6151e
S265_EDGE_122BA9CC372AF9E54328,rel_84768415eb4d
S265_EDGE_1252F96D36B99EA80CB5,rel_1be54ff5be7a
S265_EDGE_128F222A03313C31F365,rel_0bb6d8297d89
S265_EDGE_1297844019C3D2B8BBE9,rel_b00acdcd70aa
S265_EDGE_1299554BCDE53AEBBE8F,rel_13864772d13d
S265_EDGE_12A91014049D5343F1F0,rel_c43040026b68
S265_EDGE_12B42D0F8C10C34F0DA3,rel_21456338e6cc
S265_EDGE_12D8045C66ECBDD81931,rel_5e24ac700492
S265_EDGE_12D9485B572C1A470BC1,rel_84e80a4399a3
S265_EDGE_12E60C0A659ED4405407,rel_39cd6e40ef39
S265_EDGE_12E83D7D5FFE01FA0016,rel_0dd2b617246d
S265_EDGE_130D12C09E9032ED5241,rel_a8a252cc3e6f
S265_EDGE_131173889E81EB7F95E1,rel_8a5b8fa65d5d
S265_EDGE_1340A8B74800B652C1D1,rel_87d439b1a5cc
S265_EDGE_13443487F72B2C3A7081,rel_db5f04af844a
S265_EDGE_13487CBF40FBE9418D11,rel_5d144a85e2d4
S265_EDGE_134FBE39B0C91ACED46F,rel_e99b0e586e0c
S265_EDGE_1369211BCD222D308920,rel_5ffa376afb7a
S265_EDGE_13B2444D32BAB0C14F1F,rel_8bfe5c0bceae
S265_EDGE_13D3E977D1D71A3A36FB,rel_d3318ab579af
S265_EDGE_13D519976D6AA63890A0,rel_5f1bfe90550e
S265_EDGE_13F01E9F66D5AD18EF93,rel_52ff3a93b501
S265_EDGE_13FC9C212C66B2542550,rel_1611eba28b98
S265_EDGE_1403DFB894C263F894DE,rel_16b3e2081b96
S265_EDGE_141DD8DBA445A52C63EA,rel_532c66168d92
S265_EDGE_142B9EC38D8CE72654E2,rel_17f39022224b
S265_EDGE_144F9D364A042FE472A0,rel_7c5019635e4d
S265_EDGE_1461862B6D30B1F735D2,rel_183d4cde0987
S265_EDGE_146ABEF5E08629A0F79F,rel_a39ec20b0eca
S265_EDGE_14940D9F0777911FEC87,rel_d323327a19cf
S265_EDGE_14BEDC589255E5065619,rel_ff93836c790f
S265_EDGE_14ED1350AFE16E117DBC,rel_ab37d6eb240f
S265_EDGE_14F111C8C4ED5F7948E2,rel_5815b3b58b53
S265_EDGE_1500C7212C41371BBD05,rel_29de216dce90
S265_EDGE_151032E31FFC410A3637,rel_1ad20aa32624
S265_EDGE_15865CCAC6739318E6CB,rel_1c9a47a50de1
S265_EDGE_158A79C8173E00E7A80F,rel_a99f242062fe
S265_EDGE_158B9DB5586BE8ED55B9,rel_648690e061e7
S265_EDGE_159FE7F8B17F052964A2,rel_8d8427ed4309
S265_EDGE_15B5C04598BB5C07666B,rel_d2f6e3ac1167
S265_EDGE_15DA5B47AAE7A77597BB,rel_efbe96b5e2bd
S265_EDGE_16402BFA77555D8EE33F,rel_ebea8db205d6
S265_EDGE_164A339D77E3CA5B85A1,rel_22b564612316
S265_EDGE_164F3F8538D166FC6487,rel_cf8aa87a8945
S265_EDGE_166580132BDD7A6950E9,rel_53506fb0965d
S265_EDGE_166B6E2B0DDC13FDC10C,rel_d942a676f436
S265_EDGE_16B949054213904B4DF9,rel_6a806043a740
S265_EDGE_16CC9CD4A52BC00157DF,rel_82d86dd67c97
S265_EDGE_16DF0F986C869057726B,rel_ebdded1cb090
S265_EDGE_1708F8CAFB12803400B7,rel_01fc1966e141
S265_EDGE_172A2C799E6484B31F0E,rel_1de37264b69a
S265_EDGE_172EFEF91257C8705E42,rel_ac3dfbf49c37
S265_EDGE_173313716C1D5645C721,rel_20fbedea9333
S265_EDGE_1790019F7E93E9D4A6B6,rel_3ba97e5d2884
S265_EDGE_17C70D60BC022E4A5AE3,rel_b8ab9185509a
S265_EDGE_17CF2F65CBC5037A2304,rel_542ad1754008
S265_EDGE_17D9E4E764214BE8DFC4,rel_b53adfa5b1aa
S265_EDGE_17FCCEA54B4A7FD3EF93,rel_363424e69284
S265_EDGE_18115C86B924B5A9EA22,rel_83f9645f99dd
S265_EDGE_182044887573B868351B,rel_8df86ae5406f
S265_EDGE_18337EC60F84DF45CACE,rel_ab9751c47095
S265_EDGE_183BEEDE9CB0FEC1A802,rel_a50037e22466
S265_EDGE_184BB4ECC39354E33052,rel_f52ca572ec70
S265_EDGE_184ECB5BECB290D85773,rel_1972d2a158f0
S265_EDGE_187FE143FB10B082B7F9,rel_c1cbd63f5576
S265_EDGE_18BC92D8D695E5D6FAEE,rel_464184e033f5
S265_EDGE_18C9C3B7776D1174CFCB,rel_a61a19cd11fe
S265_EDGE_18D0BEA462BF21F55910,rel_f979b21b074d
S265_EDGE_18E89430E38423CE2380,rel_23482efde26c
S265_EDGE_18EAC2CC6DDB439F259F,rel_b0c073273620
S265_EDGE_192E6667E23392301292,rel_38a27e1eb698
S265_EDGE_19407D141FE6BB5B8582,rel_2125632f0631
S265_EDGE_195FA5775B9DBE8D5B3D,rel_3f9e6dfc7761
S265_EDGE_197A15FCC108FF6D1DF7,rel_4e7140718b43
S265_EDGE_199AAC63AA9BA0141907,rel_ce7c59d934e3
S265_EDGE_199BFE0EEDA8FCCBA41B,rel_135fd9ae0c2c
S265_EDGE_19AD08C35D117085BF22,rel_64d7fe5c8183
S265_EDGE_19C2AC4EA973B7ED92BE,rel_517601e2464e
S265_EDGE_19DC8BEAA7E08667E7CB,rel_a41ef085cd24
S265_EDGE_19E75BD5E26EC9E33AD2,rel_ece89d422a95
S265_EDGE_19FCC6A51A7CC1792CBA,rel_c6dc580036a6
S265_EDGE_1A0F518C80AC6974B2CD,rel_1a93e39b1393
S265_EDGE_1A360D295EBE8C51C0AD,rel_e786d8c39ad5
S265_EDGE_1A693D487EFB961431D1,rel_913c77a2a1a1
S265_EDGE_1A6B4A2EA292F440CDCD,rel_50b0aa25e494
S265_EDGE_1A6F5656917485FE9E84,rel_419be24e4f10
S265_EDGE_1A7F5A65A02A4075B8E8,rel_71e686266314
S265_EDGE_1A81365FE2CAC9BA4AD1,rel_1cf1c2aa5677
S265_EDGE_1AB244D30F952FEA1FCB,rel_b2a306d9b84e
S265_EDGE_1AC0BAC2C379CCEF3B79,rel_96bf4918ae5d
S265_EDGE_1AD7906A23958D1CCA0D,rel_d0b9a4a767c3
S265_EDGE_1AF4AFB2D01142C286F1,rel_538f7fb0c1f5
S265_EDGE_1B3F88E3308705B10CE3,rel_2ee4ce7a7d75
S265_EDGE_1B6A9E4092D9EDF17B73,rel_64f2306df8c9
S265_EDGE_1BB388D16193D004BE25,rel_80f26b90ef26
S265_EDGE_1BF593C8348AF8C2D4AA,rel_79fef805c218
S265_EDGE_1C0EBEC2770BAE421175,rel_96adf0883dcf
S265_EDGE_1C4339AC3A14E33DF384,rel_0c814b1b017d
S265_EDGE_1C6A28C5CB528CED6C74,rel_d6b64d7b6e03
S265_EDGE_1C7A362AEDBFB9CA22F3,rel_55c6793e4b0c
S265_EDGE_1C81B96E5E7B20F29F89,rel_a6f5553facbb
S265_EDGE_1C8D467EC87371D766A5,rel_3a996e742613
S265_EDGE_1C90FF602E871B46C022,rel_bdf4f2b373d3
S265_EDGE_1CD5221A14426934498E,rel_5028c8a0d339
S265_EDGE_1CF4924F0939427C0F76,rel_fd9d29b6d6d0
S265_EDGE_1D19E82ED9A3410E0819,rel_a88631f88a80
S265_EDGE_1DE88CB22EEAB7CB1D8C,rel_a38c9ae2bdee
S265_EDGE_1DEC27716CD83A2E4507,rel_92bb56eda861
S265_EDGE_1DFAA42C523C8B19F642,rel_344e33b74feb
S265_EDGE_1E859DA22110240F343F,rel_14d27677d4a1
S265_EDGE_1E8B755C3E456132A816,rel_70932ab2cd2d
S265_EDGE_1EAEA60061616C40D8E9,rel_69e2d70ae21a
S265_EDGE_1EB5CB691B535FA9C306,rel_9a4b70d8827b
S265_EDGE_1ECDFE8F6D44773E07B0,rel_170081d3e425
S265_EDGE_1EFEE325C6FE082DA385,rel_8fefe58b0751
S265_EDGE_1F0190D8F17B1C01CB60,rel_f6ae10ce1620
S265_EDGE_1F05DCABB3232D0AD197,rel_9d8ea59abd4b
S265_EDGE_1F1CDD19D9AF1309CD8D,rel_1d55db02216b
S265_EDGE_1F302D00A293493A8884,rel_b568bbb56f95
S265_EDGE_1F350272B2DF82BF8BF0,rel_9fda9b3a8802
S265_EDGE_1F4B2751E367D41990F0,rel_9fd5c3f5b273
S265_EDGE_1F52917B5354B8763BF2,rel_d46256949a74
S265_EDGE_1F53A97868490F197751,rel_c8548d9743bf
S265_EDGE_1F57356EFEE73AA48109,rel_c9c537508b38
S265_EDGE_1F7FFC8CC9EFDADE77C0,rel_47bef159138d
S265_EDGE_1F9F7059C8F62A544C9E,rel_a44ee9a9d17c
S265_EDGE_1FB188E9BC7A1FC2F296,rel_94d9b9d9e5bc
S265_EDGE_1FBA76EFD6543DFF65CE,rel_94d5fbfd411e
S265_EDGE_1FDDB3B10ACFB570B67A,rel_a3fa9ab85768
S265_EDGE_2002F4897526D986AE2E,rel_bdca5f037e1a
S265_EDGE_2014E25E678209D28F13,rel_0061e492894c
S265_EDGE_2029F3438348574D3D2F,rel_2ba0e75629fd
S265_EDGE_2043B2928D3A1FB0521D,rel_be1ab6c288eb
S265_EDGE_2076B35E47E78FEB4CF9,rel_28aaef244425
S265_EDGE_20976338CC6081D0F46D,rel_d1b574e3cf0e
S265_EDGE_209BCA1D14C2A6D1A42C,rel_d2c1d56ad616
S265_EDGE_20D3818A5C7D6E742DD0,rel_589f211c65cc
S265_EDGE_20E419742D1FBC8A26BB,rel_851f7dad3ecd
S265_EDGE_20E96A8079013F17487E,rel_484a6ca030bc
S265_EDGE_210972ACC015E06B3B91,rel_c048afada189
S265_EDGE_2143E2B104DBF89A6CBB,rel_da58639173bc
S265_EDGE_214AC43A23E7215F74B1,rel_331cb1edeff3
S265_EDGE_214CB0DC6D6987132406,rel_7f94b4396f44
S265_EDGE_215F2B13EC018AF9DD7E,rel_52b7eca4177e
S265_EDGE_2189BEA79BB540D95392,rel_a7495c887231
S265_EDGE_218BD303C478F4562CBB,rel_338b3d71b807
S265_EDGE_21BF2D0C83B0D40C1D5F,rel_672ba3b62183
S265_EDGE_21F52D5E1FD4C3F8AA9C,rel_5b7939e99886
S265_EDGE_21F5459CEF7119C0C1D5,rel_ed125f46c168
S265_EDGE_22058F5DC1CBB6677FC7,rel_71abfd6056a2
S265_EDGE_2231558BFF33C17882B4,rel_e61914da0ac4
S265_EDGE_224292BC3ED3127B58F6,rel_a4d1c85d865f
S265_EDGE_2247C1A3712E13965597,rel_12e5f9376613
S265_EDGE_225B3ABAFB14EBCB6EBB,rel_71e95b83b0ec
S265_EDGE_226D0E4321BA272AB701,rel_3d9ac9c75808
S265_EDGE_227591C20EFD7A8073A2,rel_b81a2309542a
S265_EDGE_2283A02A6A426A0C009C,rel_a78c42457e3d
S265_EDGE_229919DF8F1676FD3CD5,rel_9f2881434a83
S265_EDGE_22ABBC4EF8509307C87B,rel_bfb56ab89440
S265_EDGE_22F7A1385A993634B43C,rel_df15ed38bfcf
S265_EDGE_235120987CE002326437,rel_c6f6b677b0b5
S265_EDGE_2351CEAC87CA8611C756,rel_a3f009f16694
S265_EDGE_235467047BC3E68957C4,rel_6ce418f251da
S265_EDGE_236B5A80ED5BB528172A,rel_e94691446db6
S265_EDGE_2378008F21F18EC8BB22,rel_23fb9a905f65
S265_EDGE_2378C5A3568D7F179562,rel_5310e5275179
S265_EDGE_239A34B5DEA5E3D2879D,rel_d70a0476d077
S265_EDGE_23A7C5EABBAF3430E27B,rel_680478454c65
S265_EDGE_23B2422F984FB44F7E32,rel_3f1f796f0ce4
S265_EDGE_23D64C4CFAEB4351AC36,rel_861489f801f4
S265_EDGE_23E5F6EC9DE73A77994A,rel_560ef3e9ec65
S265_EDGE_23E8F574C4B80DBBB9FC,rel_fa6688c6c2f7
S265_EDGE_23E9DB85CB398378BB33,rel_b86c43a03f97
S265_EDGE_24341D21D80B3D38487D,rel_586bd70891db
S265_EDGE_24371509BB4DF9D2D192,rel_3a674db673d3
S265_EDGE_243BE28A4BA93D132FDD,rel_71e407e3558f
S265_EDGE_243EACA04905055DA7D0,rel_95368e6f34c6
S265_EDGE_245BF1B653BD3623A223,rel_458697460ecc
S265_EDGE_245E01C2DA16D6643566,rel_4ed5731649ec
S265_EDGE_24600578D86AB5AA8A19,rel_59d0d99d5197
S265_EDGE_246547165E1A604A261E,rel_e60af14b3969
S265_EDGE_246AEA3B0D1F7FEE3FF3,rel_a28b754e557a
S265_EDGE_248E0FB328FA535B975B,rel_3c5c397e0279
S265_EDGE_2492BB933A10A51A235A,rel_6246b4988cad
S265_EDGE_24C085DB9B1A0E706B4B,rel_18a867e1d20c
S265_EDGE_24F7A17406E3FCE1327C,rel_23e992224995
S265_EDGE_24FD7057FDA663459A0F,rel_e142991c7a80
S265_EDGE_2506C04AC4DDFE3C04B1,rel_b331cf41bd55
S265_EDGE_251ADC1CEC52C9D87913,rel_59f2c37a4001
S265_EDGE_25224384689B531098DD,rel_d9e5ea74a7ad
S265_EDGE_2577DAE409EA1B65BCEB,rel_01819ffa499c
S265_EDGE_25C0FE92143BF8DB4AD5,rel_30d3e16221aa
S265_EDGE_2633AFE8A776A16271F8,rel_aa875d0c8520
S265_EDGE_2668057328C1F1120906,rel_88701538a1c6
S265_EDGE_267EFC4421918E7FC9ED,rel_84ef40a227f5
S265_EDGE_2685EE6FFD6980241FFF,rel_5b64959e7b6b
S265_EDGE_2698D9AC516543ED765C,rel_cada7f9d22d1
S265_EDGE_26C03F4DF8E1A9A0DFD4,rel_0a91112f981a
S265_EDGE_26D7C73AD91D364AD2B3,rel_cd5478120a6e
S265_EDGE_26E22989DC048DC044B3,rel_febb017098b4
S265_EDGE_26FC03EC9A9F568AF76D,rel_3120192f1201
S265_EDGE_276FA73CAF392361E6B8,rel_fa122e3d8905
S265_EDGE_278ADA889057A25DEDDE,rel_335487a1a8db
S265_EDGE_27BD0AA0E5DD30694EC5,rel_155b732278ab
S265_EDGE_27C237F9E5822ACE420B,rel_1fd8639faea7
S265_EDGE_27CA57DCB2AC12D0C247,rel_55d8ae9576d8
S265_EDGE_27E0A52B8DCABF645372,rel_563d6a1a36c5
S265_EDGE_27ED24F6641FCC01229D,rel_b41ff364c31e
S265_EDGE_283BE96D9577FADCFA53,rel_35a0188ef855
S265_EDGE_283E0195C035E85C77D3,rel_eb42fc63e75e
S265_EDGE_2845995E82E3654826F0,rel_c195f92c77d1
S265_EDGE_286BC850FF5442FC27F3,rel_b1358d1d3468
S265_EDGE_289117C8F5D650D86B7F,rel_6844701fd448
S265_EDGE_2893FD6A440686C56927,rel_637a412d94dc
S265_EDGE_289A04FB6F4B6A8E7EA7,rel_dd0e08c55274
S265_EDGE_28C0F866ABA1B5788678,rel_03be76eff497
S265_EDGE_28C351BFBACB1E801506,rel_c5e202c358f5
S265_EDGE_28D6E3A21FB185F03F62,rel_0c6537152444
S265_EDGE_28D85805550A6A819471,rel_d991dccb9f8d
S265_EDGE_28E346E720FFFDD359AE,rel_7901ea8900ab
S265_EDGE_28EE990B06D7A089D6F7,rel_1a910c16e319
S265_EDGE_291F2451BFB894336FF3,rel_6154dbbe5420
S265_EDGE_29292F18D061A7A46FAE,rel_7e71b22c4d07
S265_EDGE_29369B9B669DE37FFFA2,rel_931f42226730
S265_EDGE_297269291C02645F4B28,rel_0b30d3c29968
S265_EDGE_29809C8B7FA3AE5B546A,rel_d37e06e6ae97
S265_EDGE_2987C0CB989212440E88,rel_e7309f55d637
S265_EDGE_2996977DDA15F223415A,rel_c0c48e6da27c
S265_EDGE_299CF9316AF9BD49C946,rel_89dc67ae2624
S265_EDGE_29A866910602FD1C851F,rel_191083329863
S265_EDGE_29A8CB11B3678369E343,rel_b6f01a2ab3e3
S265_EDGE_29D6A74C5D7CE3B16AA0,rel_ee31a5e03a14
S265_EDGE_29EE2E0DE48F0C33F3EB,rel_31a00cac2943
S265_EDGE_29FB7894EC80B6B9BD7A,rel_d93d84a73c3c
S265_EDGE_2A37DA842CFDCCE62E1C,rel_282334cef546
S265_EDGE_2A4802F4DEFD6D306FF6,rel_909e399c2703
S265_EDGE_2A8CD648F787EA0C9CDD,rel_6aca32c45adb
S265_EDGE_2A9F8E683D62F9F1BCBA,rel_046001fa831f
S265_EDGE_2AA9D221969B95CA1247,rel_57965b06f762
S265_EDGE_2AAA509C412A5B10B55B,rel_f60a1695d2bb
S265_EDGE_2AB4030DD4E61D359DF5,rel_2586c6a222d1
S265_EDGE_2AD2D3EE25318B3E4E1B,rel_28009c66f1b4
S265_EDGE_2AD74E4D0357D9CBAA07,rel_cfd9e6c52c5c
S265_EDGE_2AE223810E78A4C6EB40,rel_a6b69b408656
S265_EDGE_2B1A92C9AC6708C2FC1F,rel_1a89763644ab
S265_EDGE_2B6CA9B4BEFBCBB9021C,rel_1ee1c3b5aa12
S265_EDGE_2B74EC589781ADDEC469,rel_81ef4cf68914
S265_EDGE_2B8F8C7D9AF606449B02,rel_834bc4412ff8
S265_EDGE_2B97D2C60BF422E4431A,rel_b5db990e342f
S265_EDGE_2BD33F1B00F597CEF2D8,rel_c0d34316981b
S265_EDGE_2BFFD54FEC17DB9428EC,rel_afb8f93f3a2a
S265_EDGE_2C326B4367DE064F3225,rel_775e5294087c
S265_EDGE_2C386BD1F6EE2C1E97E8,rel_075edc01ade9
S265_EDGE_2C60E0C51C75E36B3B6A,rel_b4d92e318c53
S265_EDGE_2C67BE78CDCA2D1ADB22,rel_4391150971ed
S265_EDGE_2C75E0302766F940378A,rel_2a8ebf7571c9
S265_EDGE_2C820E3FD842E8ABAE61,rel_7c3a60b02088
S265_EDGE_2CB7D2D08E447223CF75,rel_42bd0132e5b2
S265_EDGE_2CBCA318ADB90036F5CC,rel_d2cd63482f50
S265_EDGE_2CE6068DD4AD69722C7A,rel_242e29d541ee
S265_EDGE_2D174A48079358BBAAA4,rel_9a8657651fa2
S265_EDGE_2D177035EC4EA25A5E00,rel_53fbb6ce04ee
S265_EDGE_2D32A1416CFAD98BE043,rel_201519ff7492
S265_EDGE_2D3B21D7DDD0B87E528D,rel_dae60c41d455
S265_EDGE_2D4709949E63AA1C932C,rel_bccfa98e4ce2
S265_EDGE_2D47A64C2C2E2617513F,rel_7d51acccb69f
S265_EDGE_2D4912162CC785AFBD8C,rel_22425a4a4b78
S265_EDGE_2D4A0FC85DD55014FA30,rel_3ba7922b2b8e
S265_EDGE_2D695E6325A62072875D,rel_aaa2fe054dfc
S265_EDGE_2D6E1B8096AF8A55AA92,rel_576020e1d918
S265_EDGE_2D770D2B6E40082547D6,rel_e99239fec5d7
S265_EDGE_2D85AD44F4F85FD8C8E0,rel_c9620ff348a2
S265_EDGE_2D94F284F307DAA724AC,rel_229557dcce9a
S265_EDGE_2DB288DF3FE57503AAEE,rel_fbf53eeed309
S265_EDGE_2DE6BFF38ACC708DC779,rel_b854434ba92d
S265_EDGE_2DFCC7A8514D5DF53724,rel_76afe70ac29b
S265_EDGE_2DFD47C830B32443FA5E,rel_d9244ea02deb
S265_EDGE_2E0F60DC001B6E66C786,rel_3d6b8196e1de
S265_EDGE_2E1308C63E648F404CF7,rel_229961e907b4
S265_EDGE_2E7D58B7A6D4B4D05D31,rel_a4a77fdb1145
S265_EDGE_2E83952BC2383E9FEFCD,rel_7a18185ce5e4
S265_EDGE_2E8B12E5872BBD677EC3,rel_386a354965e8
S265_EDGE_2E95D1E56DA36264B2C6,rel_f58f3235a732
S265_EDGE_2EA4D84D94CAFA08E7EF,rel_59661aae980f
S265_EDGE_2EAC324B88321F76C343,rel_9e14b9db47c2
S265_EDGE_2EAE07FF33B12826394A,rel_34b0d9ad4548
S265_EDGE_2EC6C66877F33AB20429,rel_1e523ce55372
S265_EDGE_2ED24F3DA005FFE7E090,rel_196d652037b9
S265_EDGE_2ED58E69DBACBBED6DC2,rel_6f1ed06d339a
S265_EDGE_2EEA36C55D8213D72511,rel_2fc375d73498
S265_EDGE_2EF435CE082280784B81,rel_affa1ecab645
S265_EDGE_2F147B2B88F4E9E326DA,rel_634682728ae0
S265_EDGE_2F1B863248DEFCB0B401,rel_c61bce9c93c9
S265_EDGE_2F3185A0A3FF04625B81,rel_8ec79be32c91
S265_EDGE_2F50F9059D07D72A5886,rel_18f3509f9bb0
S265_EDGE_2F526D4390D80D935715,rel_088108807866
S265_EDGE_2F585969DB94BEF8DCF2,rel_fec8d3333298
S265_EDGE_2F7B2ED13EEC99249767,rel_14d5f63f5e3c
S265_EDGE_2FD1C5995B77004DB6FB,rel_7d3c59753c6e
S265_EDGE_2FD7B7A0498E6DDF8DE1,rel_295c2cdd06f8
S265_EDGE_2FF50D58EACED3A06C6D,rel_32f7415ef114
S265_EDGE_2FFBC1120244ED7D1107,rel_cc9251515d06
S265_EDGE_3018265369C2646FCF1C,rel_6ac67472ddc3
S265_EDGE_3023171D1D2DD73BB678,rel_2ea1a23e20fe
S265_EDGE_303045075807394187B1,rel_a6f6871be848
S265_EDGE_30462A05A3D96DFEFCAA,rel_b5e9dfe42242
S265_EDGE_305093731D44F7772DD2,rel_afcd3fb1a7d3
S265_EDGE_3077115FD20DF983FEAA,rel_9333f0721a9f
S265_EDGE_3081428B29D8CAF3D39A,rel_034e517731d6
S265_EDGE_308F017A67E8C8AC0512,rel_d8b3cc80e077
S265_EDGE_30A6F7EF5760B54FE2A8,rel_e99f627a1a8a
S265_EDGE_30B509DD6B64B13B72B7,rel_a7d6abc30bfa
S265_EDGE_30C8B0F5DB1794F663C0,rel_81889873d2a0
S265_EDGE_30E5713719AA98F7FA1D,rel_62da809c1dce
S265_EDGE_30FA31D8C56AD3E4F361,rel_e4aa3dfe8045
S265_EDGE_3107DA7FCC44E8AEB3F5,rel_25718467d03e
S265_EDGE_3110E5E061EEB3F4C4F9,rel_ca7476e96971
S265_EDGE_3115E31660049E79AA5B,rel_ec1ed49da0f7
S265_EDGE_311D06B602B94CE0CB93,rel_cd91ffec3341
S265_EDGE_311D8C777A709A52ECE8,rel_8c4eb74ff040
S265_EDGE_3126DFA78733AF0189A2,rel_ecef912b93c8
S265_EDGE_317EC412E529166A7BA5,rel_1084e0e074b2
S265_EDGE_319DEA5049F07265B098,rel_a561720fd203
S265_EDGE_31B31A8889FFF451A85E,rel_e7f9ec8c4f89
S265_EDGE_31BB2522AAC321062367,rel_208770a75cf3
S265_EDGE_31C6A01F299A36B49330,rel_b35a87aca396
S265_EDGE_31C70FA58041DFE8B5E0,rel_b15b5f462c60
S265_EDGE_31CC827992231275E24C,rel_f2b93f609df0
S265_EDGE_31D4D49A1EF9CDEEA484,rel_f171cc2ae3d2
S265_EDGE_31FEC34E83AA80CCBCB3,rel_8846f0a3cd62
S265_EDGE_32072A7E252C0A09F475,rel_bd345b1398f2
S265_EDGE_321F950496D242272500,rel_3baee9f8c6c1
S265_EDGE_32201CA061A7378FFF50,rel_f680c95ac6bc
S265_EDGE_32249648131723F2865D,rel_dc07103f7291
S265_EDGE_323BD0E30F35216DD13C,rel_678521540fa8
S265_EDGE_3260FE1B41195683BE10,rel_184a8541578d
S265_EDGE_326179E973F1C38F7088,rel_5024a80619d2
S265_EDGE_32DC7BE1A0F674E56276,rel_89a8642e8c9a
S265_EDGE_32F29A88841FF76A4ABA,rel_ee49fa1a98a4
S265_EDGE_32FAE1B6E079B2A9B074,rel_064e99251057
S265_EDGE_32FC386EB7EEC4572F61,rel_43136b1a45ca
S265_EDGE_332FF04DF2098FBC3C06,rel_8a0933eebd56
S265_EDGE_334626EF0350617FEA40,rel_2723bcbbfca6
S265_EDGE_336453A814EC72232D83,rel_3b937787a47c
S265_EDGE_33954668290428C66A0D,rel_03a2ff5968f6
S265_EDGE_339AD52FE691DB4874A3,rel_69aa7281525d
S265_EDGE_33ECFF57042DEA71D0EC,rel_74873d892533
S265_EDGE_34096BDBCF3ABBFC9EC9,rel_a3b2b2abf268
S265_EDGE_342058A1B7EECA68F8FB,rel_fb76bb6cf73e
S265_EDGE_3428A714D8063A10DBA1,rel_e322b0b61188
S265_EDGE_342A8766316522D11606,rel_5efd6d2fab51
S265_EDGE_3430A96D7AA3958AB672,rel_e26455eade7f
S265_EDGE_348A74B232B17ABBDD4D,rel_bd1734d05811
S265_EDGE_3499CB3BB60FC8106FB9,rel_dae0d12b2d50
S265_EDGE_34A4E953401A4476BB89,rel_0bcb1b5a3737
S265_EDGE_34AFF3244B40EA73E21D,rel_c2b2d8db8e76
S265_EDGE_34C691B102D2D279AB7B,rel_73124c04bb21
S265_EDGE_34D600AFEDCDD914D997,rel_c90cbb7ecf41
S265_EDGE_34F786318541FD9F2D3D,rel_930cdd17e8fb
S265_EDGE_3511DB51A32DAA9FB92F,rel_66cdaa8a3b4a
S265_EDGE_3544D0BFB17A1761286D,rel_dc6750da581a
S265_EDGE_354C0D07B30F28662FD0,rel_c6043dae92b9
S265_EDGE_356D2464DD6BC0C481BD,rel_c43c7b2c11f4
S265_EDGE_357687B460DE7064B238,rel_e589db9114e4
S265_EDGE_3595EBD8E8D8C47F2E66,rel_39294c328a31
S265_EDGE_35AA7474EF38445BA08C,rel_cab73c3c0e83
S265_EDGE_35B43F7372C676C9A5B9,rel_8c5093c17f15
S265_EDGE_35C6957488C03D1CA1A2,rel_aef1fabdd94f
S265_EDGE_35FFDBBB3789BAA73EF7,rel_d75896095b33
S265_EDGE_3617F94907B185E5AE3B,rel_d05c9202b072
S265_EDGE_364375702F38520DDBE2,rel_9acfc309f668
S265_EDGE_3645D72AFABAA4E7CE52,rel_f5ab6ca292fc
S265_EDGE_366BDA1D691D43F2121F,rel_aad678769a02
S265_EDGE_367BCD580822B1F2C80A,rel_aa40bc02abad
S265_EDGE_36D793F2DDABE87EB113,rel_ef1357d1744b
S265_EDGE_36E5A9364666FD4D6CAF,rel_432bdab56e9c
S265_EDGE_36E9FD2A25FCD53F50F3,rel_8b39e5772810
S265_EDGE_36F497CA4A5953319BD9,rel_8385564f3a78
S265_EDGE_36F85679389F821B1451,rel_7c59a5ddf9e4
S265_EDGE_3704E91ADE80EEB6A7A4,rel_59624d0f9526
S265_EDGE_3707C053D6B35FC1BB5E,rel_b4f8c4d22fb7
S265_EDGE_373469C65CE8E11B853D,rel_5d5f5f5b4926
S265_EDGE_373D83B8F0589C171099,rel_04801292002e
S265_EDGE_37417AFCB29291914C8C,rel_31cbfaadb4c4
S265_EDGE_376F3F143F149BD9F119,rel_4e60d06f6789
S265_EDGE_37AE8C8FEEBBD82DC9EB,rel_678e2fedc17c
S265_EDGE_37C7DA52EF7BFC4E8D79,rel_519187a96821
S265_EDGE_37C99A5D487E42491ADB,rel_496479307644
S265_EDGE_37D4C7BD7C93BC10F237,rel_27ddc7a463a1
S265_EDGE_37D533136FB26EF1119E,rel_62ed77cd904e
S265_EDGE_3800CC45B5B6F9597F85,rel_155406cc24ed
S265_EDGE_380858826CFE42DF131D,rel_659164947a61
S265_EDGE_381935E620C12F22FE0A,rel_98c789abea60
S265_EDGE_3870CBA239AA48B20DA7,rel_a42a2a7a1309
S265_EDGE_38B135E9EDA6FDA68BE1,rel_be2fdd10e272
S265_EDGE_38BA2ACB3A5CA4CE04A1,rel_ae58220ed09b
S265_EDGE_38EEC17C854A96C32588,rel_75dc980402d5
S265_EDGE_38F847482BFC5EC33971,rel_03b68d943a8c
S265_EDGE_390FE81B0F9643ED4C1B,rel_6c78a2a8f6a4
S265_EDGE_39517992D21F845EE7F5,rel_66faed52077c
S265_EDGE_396B85C26B64EEC94063,rel_69fd57e0143f
S265_EDGE_396D07C9081166884047,rel_ef7fcd83d2f8
S265_EDGE_396D9B47EA55B32728B4,rel_7cc7951831ea
S265_EDGE_399F409F7C180FCD0DA3,rel_441654828198
S265_EDGE_39A05B0D2B7E55E172D1,rel_ed82778108fc
S265_EDGE_39CB3CAF947690A38DDF,rel_6cfd7d62a649
S265_EDGE_39DDEA52377F032B6FEB,rel_45ef718badbb
S265_EDGE_39EBC310849CFF82ECAB,rel_32077eed65a3
S265_EDGE_3A576EF552039D8122AA,rel_e84930bea35d
S265_EDGE_3A766FF17EC9C9DA4236,rel_c646c755d851
S265_EDGE_3A7A209EBE26A0938354,rel_efabab5c1f96
S265_EDGE_3A82EC292B375A90C0DF,rel_8b45101d4c2f
S265_EDGE_3A9E1E00530798581593,rel_57a1336c3c90
S265_EDGE_3AA85D0A413B295EF3E6,rel_1c9fa71a162a
S265_EDGE_3AAEBC352E6E6470046D,rel_08cb99172f96
S265_EDGE_3AB500FBD41207929065,rel_7bd0d06ee848
S265_EDGE_3AB701BA64221548ECCE,rel_139ef1a000b8
S265_EDGE_3AB96693ABAB4364E3E1,rel_576ad629f125
S265_EDGE_3AC14403EAFAAE35A76A,rel_f06ae6d3cc18
S265_EDGE_3AE3F1054E111A0A8A44,rel_6f3d3f020548
S265_EDGE_3AE73868009427336937,rel_cecea864f852
S265_EDGE_3AECAEE69C67FF57CAD2,rel_00eec96ab96b
S265_EDGE_3AEDC937A2FE70DA41B7,rel_f7b87f92d076
S265_EDGE_3AF8095ADDD73B56B3DB,rel_ee34a8f15f1a
S265_EDGE_3B21FC5A7C4C002687F2,rel_039366b1c02e
S265_EDGE_3B2201E3FBD4D604B73D,rel_e7002c91681f
S265_EDGE_3B256AD1411BBC7044BF,rel_73324c5add4e
S265_EDGE_3B6877068D0214FC9A74,rel_fa2790d26b37
S265_EDGE_3B7BC8B76834F57C43FE,rel_073ab3eb15fd
S265_EDGE_3B9825CE942AEE621DB5,rel_36c90ba57dd3
S265_EDGE_3BE966F68C4BB0BB1BC4,rel_00fac295f16c
S265_EDGE_3BF6E1400AC3D3766ED5,rel_47172fd12ef2
S265_EDGE_3BF8DE1A92B5E11D13C0,rel_3d33e740665a
S265_EDGE_3BFD9019E60CD15D6251,rel_612fcdecf542
S265_EDGE_3C1D0DD95F8B1052761D,rel_e48f3ced7454
S265_EDGE_3C2A0B51459FA40728BE,rel_8e3735311353
S265_EDGE_3C3484952A8447C6E5E8,rel_a2ec1f4f808f
S265_EDGE_3C34C745125299DFD558,rel_3848b7726199
S265_EDGE_3C357BB50EAEBFD0C485,rel_173318707741
S265_EDGE_3C470804C430738E72BB,rel_1dd285f06481
S265_EDGE_3C521AAC9371E1F04527,rel_c6fcab8b0af5
S265_EDGE_3C6F9CDEC4D6A672433A,rel_a891b1d592b3
S265_EDGE_3C719B9E8D5112CBDA4A,rel_c845d756a79b
S265_EDGE_3C85F6A901A5C472F885,rel_987888649a11
S265_EDGE_3CA21C3311079B56BE41,rel_9ec1c58aabd5
S265_EDGE_3CC22A6661C150D17897,rel_765da6f90077
S265_EDGE_3CC7A39C982567134D3D,rel_6eb5ec175da5
S265_EDGE_3CD5149EC5F745BBCF08,rel_694352298645
S265_EDGE_3CD8BF86C0B2DBC4C29C,rel_42119ceacfc4
S265_EDGE_3CE291055BD04ED43348,rel_963451619d26
S265_EDGE_3CF507997D7BFDAEC08D,rel_a5b24aee562a
S265_EDGE_3D2BE46FFFF4D80C6745,rel_91a2cfc1d1c2
S265_EDGE_3D2EB26FADBB3E50D37E,rel_cef5d8bc35e0
S265_EDGE_3D4AC111925210D89701,rel_368438852a53
S265_EDGE_3D51BDF634ECF73A6242,rel_39510d91e29a
S265_EDGE_3D5F6363CBD0CFA436EF,rel_202064bd8394
S265_EDGE_3D6FB6EE83875768D682,rel_0a60435758d2
S265_EDGE_3D859762D405C02513AA,rel_0bbcb0d2550a
S265_EDGE_3D8A6C51DC8985AFFBAC,rel_d839b27c8d17
S265_EDGE_3D8C9172358CBD42DA3D,rel_714fcc33b707
S265_EDGE_3DAB3E6E79F49FABE51C,rel_635579f5544e
S265_EDGE_3DAF7B7F97D53331EF1F,rel_5ccb73937ab7
S265_EDGE_3DC62EE3FEA8B7D0772B,rel_784ef68a0e7f
S265_EDGE_3DF041C6990E07141005,rel_9727b3a0084f
S265_EDGE_3E059500463401067C61,rel_564d1b920f70
S265_EDGE_3E1601F2C9AFFA6CCA49,rel_34e292facf23
S265_EDGE_3E23E394D10F06AE9811,rel_ee8f69cf36ed
S265_EDGE_3E2ABD7F43BA781A0497,rel_ce01d3a4a30b
S265_EDGE_3E317AFCBD03E8B6F802,rel_2a96db857b93
S265_EDGE_3E4C90556DA8D4A3F446,rel_b06d65d88716
S265_EDGE_3EB3DAD34D984E90EB85,rel_4280440583cc
S265_EDGE_3EC5CB36A9E0B3458A7A,rel_8a2642203b29
S265_EDGE_3EE39CE157453BC2B344,rel_9ad4edc5f318
S265_EDGE_3EE4CB93E01D2FCEB258,rel_58d362321eb9
S265_EDGE_3EE8C64DF04B7C5058EA,rel_766349355481
S265_EDGE_3EF8FB4C6366CB62A4CC,rel_d1ba475d3606
S265_EDGE_3F083AB04F1DD8F14C4C,rel_4de8be6cf055
S265_EDGE_3F501AD5885716DC9C3B,rel_b2d0e5470d64
S265_EDGE_3F508F191BE965C54EA0,rel_c3d50d049208
S265_EDGE_3F5DF2E45614BD911F07,rel_affccfbcb76f
S265_EDGE_3F740E4DB90C69BC2C5C,rel_f1c77bee9c09
S265_EDGE_3F9B22C6131872E5515F,rel_f43584962e61
S265_EDGE_3FC96FB6DA335D058870,rel_ff2a73b955d1
S265_EDGE_3FFDBF43341BAA7A8379,rel_276f3f8cbd51
S265_EDGE_4012E5004F8335998600,rel_efb8da7b9a22
S265_EDGE_4015EFB5C83D93CE9EE4,rel_63047bfc03f1
S265_EDGE_4024632A697CE9BCA4D8,rel_e1b0c5cc6849
S265_EDGE_402ACD8D0A41D6BE1C58,rel_ffe1a0685597
S265_EDGE_404077D990247806A4A3,rel_2b5bc182c2e6
S265_EDGE_405A4073E5807290B239,rel_5551e110fdf8
S265_EDGE_405CD051B6406B2F4144,rel_c5f04d560624
S265_EDGE_406C9EF8924C5E29818F,rel_b3e9d4984025
S265_EDGE_4077B7629DEBCAFA0E33,rel_a0fcb930b83c
S265_EDGE_4082D977BBAC6D76EB68,rel_65f0d9a7dd61
S265_EDGE_408C0CD73FC56ABBD9B7,rel_4d6c54df9ec4
S265_EDGE_40BA5474749C7553B6FA,rel_4d7578acde48
S265_EDGE_40C60C23E433B510D159,rel_7dae38e28630
S265_EDGE_40CD9A185A5E7E2EE430,rel_fd3663c1bbbc
S265_EDGE_40E6286AF7AE0DADC177,rel_e86e96488e2a
S265_EDGE_40E9464F5CF82B9CF329,rel_d9aa7dc59616
S265_EDGE_4103CABFEB4A8EBE3309,rel_546b2a03b116
S265_EDGE_41141E9C7C37E82BAEAB,rel_be09ae85b42c
S265_EDGE_411E966964011D412027,rel_dd6e7e1f0dd5
S265_EDGE_41379C2C2AAA9D32559E,rel_cd1d4185be6c
S265_EDGE_413AFFBFD64B7571825D,rel_7c89449e40b7
S265_EDGE_4173DBE3D07C6BA91BB9,rel_ac0f1b760e40
S265_EDGE_41C5F0CEB5CD83457DA8,rel_2a67d9062250
S265_EDGE_41DFC2C4482BFE76C66E,rel_caa0b56ee1a8
S265_EDGE_4206EDAE4E3B0D3C2BC9,rel_88a2b9ff63f5
S265_EDGE_420DF59AD7365A0FB0A0,rel_0a5834c9ae68
S265_EDGE_425DBCE75B032C062BC2,rel_9e989662cf48
S265_EDGE_4281A0948A6101FDF339,rel_fcd1d3f42262
S265_EDGE_4282141FAD920A6CF421,rel_23d162746bb0
S265_EDGE_4291460D83A4B7D01D3C,rel_10107c88542d
S265_EDGE_42944782BFBB36E3315A,rel_a92bd577cf2f
S265_EDGE_429DDEE7DEEE5547DF83,rel_70c59eaa0e01
S265_EDGE_42B8AD9B094E2B2ECBEF,rel_457ea377e884
S265_EDGE_42E3920C60012EBBD496,rel_1e6aba455d9a
S265_EDGE_42E9B36A604FAE77B74C,rel_d35477215684
S265_EDGE_42EE12E127FA9F3F5E81,rel_e33658598154
S265_EDGE_43044DF457C28EAE85B5,rel_d774e8912b45
S265_EDGE_4304E7DFDC9736C31A80,rel_1a4d966d6f0a
S265_EDGE_431BF9A64C61EDC2D455,rel_62608cc0cdc5
S265_EDGE_431CC0C8C62ECD8117FD,rel_db74d9202fb0
S265_EDGE_4331489EE9BD0D57BA7E,rel_2cbe258bb4bc
S265_EDGE_435547044C4B8CBA111A,rel_c3fc9aff0e38
S265_EDGE_436B9AFB9CB94BE7C0CE,rel_e06e283297ed
S265_EDGE_4375B72B43E0AEA01FCB,rel_c291e8ccb7d5
S265_EDGE_43760BF556B057401062,rel_d2e17bb2c7a3
S265_EDGE_438220982F95F1B6DCB1,rel_10ddb1f82749
S265_EDGE_43AE9ACF8F8BB729E714,rel_0a12b7b2f9c7
S265_EDGE_43C32D037353A16FE724,rel_8bfdb657c05f
S265_EDGE_43C36378E3F3B90F6AE3,rel_2b6f478566e4
S265_EDGE_43D6CBBCB79660D4865D,rel_055a3ce3e467
S265_EDGE_43DFF3985F27FDCCE82C,rel_728c4203c646
S265_EDGE_44136CC5C0D4AF557B51,rel_f26ec52750ab
S265_EDGE_44507EE0ED94D158B871,rel_db9461a9407c
S265_EDGE_446378BED270D6453069,rel_194eef5ca1ed
S265_EDGE_447816AC8F675DAC3506,rel_d1340734291a
S265_EDGE_4497336B445BA7516C37,rel_cb994a58158b
S265_EDGE_44BBD4A201BAB450A510,rel_c161f4ac2538
S265_EDGE_44BE0222AF42F911A844,rel_03555d8e3cb5
S265_EDGE_44C9DA36D35DDFAC8916,rel_4871f6e8d8c5
S265_EDGE_4500A3A56A679A804672,rel_c814f543537a
S265_EDGE_45036AD5E0680E03420B,rel_f70dc303e0fb
S265_EDGE_450747396B435E4AB06D,rel_196fecf3d785
S265_EDGE_454E1FA460ED09EAB023,rel_d78421c5271b
S265_EDGE_45758DDBE5866397C480,rel_84b6f46f3264
S265_EDGE_459B872415DFC98418FB,rel_8d9584c1c086
S265_EDGE_459D1249A769BFC580CC,rel_c08586d92150
S265_EDGE_45A449BECF2CDD3589BB,rel_16408d97a1ae
S265_EDGE_45B0861A82DBBB910A1E,rel_1eff5ebccb98
S265_EDGE_460F855EE63C6A1AEB3B,rel_a97d840e5395
S265_EDGE_462170D8BA38A47156BE,rel_fea5606bbd3c
S265_EDGE_46495C5E57BA5F0C2C13,rel_e45ba765b759
S265_EDGE_465C9A5F62372461BBB8,rel_389d4515c4c4
S265_EDGE_466D65AFDF2CC188D4E8,rel_dab7cc7b7e17
S265_EDGE_46803F924758BD8133F9,rel_3e6073e0e012
S265_EDGE_4693912E21AB40537AD1,rel_04e9cbe635e6
S265_EDGE_46A032D46FA9DC678701,rel_a12b0c0f86e7
S265_EDGE_46AE11AA667A959780A4,rel_a411a061f873
S265_EDGE_46AF6B9ED38C801DDDA5,rel_0fe0771f0d2e
S265_EDGE_46B216DBBE1F30166CCF,rel_bfde68985265
S265_EDGE_46B5679F898FA0D273A6,rel_7efbd9da7d7f
S265_EDGE_46C06E10F8068AD18EB0,rel_324479cf6593
S265_EDGE_46C659FA0250C7CF9C89,rel_321641267e6f
S265_EDGE_46EB7BCD6630EED41187,rel_ef156b872d88
S265_EDGE_470184194F2A8C4F094E,rel_0be43e840d3f
S265_EDGE_4723634BCCC06402D141,rel_d7ac23bd1e13
S265_EDGE_473399B1F353F25DD58C,rel_8850dbadc2a7
S265_EDGE_4749F071DCFAB31259BD,rel_57cd4c511835
S265_EDGE_478708F549BA4EE7472D,rel_77eb4ff8362a
S265_EDGE_479C2ADE08D9043FB5B6,rel_0fe151edfc23
S265_EDGE_47C0CEBCEE704CBAFB1B,rel_c1be29427042
S265_EDGE_47C5A2259C7A02CB0A31,rel_d40767889f52
S265_EDGE_47DA6BA0CA7C480CF16C,rel_ef92126b2f24
S265_EDGE_480092FF5800B5C01027,rel_54e884bf5699
S265_EDGE_4808FA3A3E7C03221DC9,rel_af68c3d18192
S265_EDGE_4813931C98999719A289,rel_c781ab743182
S265_EDGE_485E8C3A8ECC98B1AA37,rel_12f71fe9fe3a
S265_EDGE_486B671A4DC823EAA0A5,rel_2bc2872c4234
S265_EDGE_48C6FAADC57AB8ACAF7F,rel_f0bd97efc297
S265_EDGE_48E3EBBF85703F2765BB,rel_c2af415df3ce
S265_EDGE_48EE7F16D09DD779E14A,rel_2621ed249338
S265_EDGE_49028FB72B715C84DD0F,rel_12831ce60edb
S265_EDGE_4943E87AFF088164E32D,rel_17c282cd0eca
S265_EDGE_495237D67B9BDF397408,rel_1085dd4ced2a
S265_EDGE_498EF36D56912FD96960,rel_4383aab4f871
S265_EDGE_49AEECC254B8400F2E8D,rel_a81769f9a8e3
S265_EDGE_49B9AF2FBDCF5B92EB5E,rel_90eb6db22306
S265_EDGE_49BC22A06DDDD332FFA6,rel_a62ac7d2efb2
S265_EDGE_49D561458B5290BE9A8F,rel_26458d5395a9
S265_EDGE_49ECB5E15BF3B3842941,rel_ed21042e717f
S265_EDGE_49F3F726D356BA13B9D5,rel_69edb85dc796
S265_EDGE_4A04C0A01C847C02C25F,rel_9f12640c8256
S265_EDGE_4A2AF9EEBD9F68ED4321,rel_9a7b1d025334
S265_EDGE_4AB1E2AE5E0E92EF3810,rel_fa7b5c72da56
S265_EDGE_4B0F32E3ACC23C15E999,rel_ccf5edeb1a4a
S265_EDGE_4B1AC08E27C1AEC28792,rel_e2ad8c1b8864
S265_EDGE_4B274C5C4559ADFB9B5B,rel_1d4b9aa1aaa6
S265_EDGE_4B40C5A9E6DF92B93929,rel_3087bf10bb23
S265_EDGE_4B522BD41AE4D2B4538E,rel_a32f8dac7bd5
S265_EDGE_4B6D3E004412A3C8142B,rel_6b2ef93c361c
S265_EDGE_4B813A121AB329B257B2,rel_e4bfeb06ca39
S265_EDGE_4B9BEE82EE29451B94B7,rel_93ba2f81ff91
S265_EDGE_4BB632E42763529BB419,rel_ecf2ac1760c8
S265_EDGE_4BC6C43B32E66B707963,rel_02bbb9d0480c
S265_EDGE_4BE0BD397E80301C1C24,rel_99dc235c6de8
S265_EDGE_4BE5D9B8CA1306B68D1B,rel_42ca0f498644
S265_EDGE_4C3780AE8312A171E24C,rel_3b51a8c8b290
S265_EDGE_4C7CFC8D3EA7D938A2E5,rel_e703770c7577
S265_EDGE_4C7E6E127BE89AE8FC58,rel_20dd3be23aad
S265_EDGE_4C864ECC0DAFD5750D3C,rel_5948259558e4
S265_EDGE_4CAFF1DBD7BA60A8BA6B,rel_f8c04c723e7e
S265_EDGE_4CD9DA89FF069E8D5A53,rel_10f51f886244
S265_EDGE_4D22E2EF2A8597B08A97,rel_71348cfbf376
S265_EDGE_4D3A7060D4D3A69D1693,rel_3aa923c4cad7
S265_EDGE_4D47F03636AD459144BF,rel_3df3093a6066
S265_EDGE_4D635645479B1DE28C1A,rel_6d798f102d73
S265_EDGE_4DA42EA19F5931E3F97F,rel_06b12021e9d2
S265_EDGE_4DCE63A6FF3697DC421D,rel_1b4d592c9c58
S265_EDGE_4DE1B25D4772440E82AC,rel_130f2321368c
S265_EDGE_4DE3F7B8957E0002A547,rel_50c543c8e5fc
S265_EDGE_4E0822052CE84B8A72B3,rel_1e8193fa8aa3
S265_EDGE_4E1257D8AAEED2312BC6,rel_77095657a720
S265_EDGE_4E2A15A86FE7710B3574,rel_8d8c0e994b7d
S265_EDGE_4E49D2249DF77747E464,rel_36d0b266c695
S265_EDGE_4E4CB5D79109E50FDD06,rel_f55b8da27040
S265_EDGE_4E500AA0D32755BB1242,rel_5d541b2b20bd
S265_EDGE_4E5CF26A3C550459C9BC,rel_994b0b3ce36d
S265_EDGE_4E7BB227AC5F1D9C91BD,rel_d551b95feb9d
S265_EDGE_4E875A5B97B3AE743506,rel_994f9b4cafbb
S265_EDGE_4E8800814212F82AB0BE,rel_4e1f4ec7f74b
S265_EDGE_4E8D6402FB5FE23F6139,rel_c5809f494bf7
S265_EDGE_4EAD9C333B7546710A3B,rel_76887fe11334
S265_EDGE_4EBBF19B14540CDFD399,rel_57558c16954c
S265_EDGE_4EC5EF85E97D0353F703,rel_d6ed33601902
S265_EDGE_4ED4A71663EE0D1DA634,rel_d42ded83e5ad
S265_EDGE_4EDA967D85C46A9F6F96,rel_f76e83c184fa
S265_EDGE_4EF4DFD68DF6EC7C8B5A,rel_7f14dc076796
S265_EDGE_4F0CD18EA9AF6296928A,rel_cff56bda7b8f
S265_EDGE_4F31A526FEA47B35648F,rel_6377788a7029
S265_EDGE_4F347560D725C79C6A42,rel_d66733a83e41
S265_EDGE_4F395ECFB16A378B515D,rel_eb010c98b5e9
S265_EDGE_4F48E908F4243F388B96,rel_814815be2dbd
S265_EDGE_4F5BD3E08CF83BC12A13,rel_aaa4874db75a
S265_EDGE_4F7E2B57157B796798FD,rel_9b22f838b8de
S265_EDGE_4F7F753CABFF7E06983A,rel_173708381f92
S265_EDGE_4FA9FB2DD9BD70C0213F,rel_6ea66ab06538
S265_EDGE_4FC13242D57CE131F90D,rel_d2bbb869e5b5
S265_EDGE_4FE376A199966DEDD228,rel_4a4586a82976
S265_EDGE_4FF94C6BFA43C839A5D5,rel_19c36955f8a1
S265_EDGE_5012A5B488D9107D4C9C,rel_926724e15d43
S265_EDGE_502AFBE231D561C55E0E,rel_2ca4d6b778d4
S265_EDGE_5030A12A6C72408BCFA8,rel_8f6956b243e5
S265_EDGE_503A8B962F3FA9B8695A,rel_fdc11c6c761a
S265_EDGE_50586A4E620B8AC92109,rel_58b9e40de5a3
S265_EDGE_50755BAC87C5F95DADB0,rel_5808e8d69225
S265_EDGE_50BF9A4B27FAE86E4914,rel_5ed9ef2e89e9
S265_EDGE_50D633C6ACBBB3698668,rel_33ce276fa313
S265_EDGE_50D706E08CA8A7060E50,rel_5aa48e1c44cf
S265_EDGE_510B1E39FD9E6B76D862,rel_ba082c6f11c8
S265_EDGE_5133962DEF1AFC6F5AA0,rel_007b4054c233
S265_EDGE_5159B496C42411A495FF,rel_8a4fd2fed861
S265_EDGE_51AC29105EB1D8A30B46,rel_68fd3ed1f34d
S265_EDGE_51ACCA70AE037FE87F43,rel_3e8ec939abe7
S265_EDGE_51BB54BA5C621FDB85AC,rel_8d5a09f78eeb
S265_EDGE_51C07A276DBF656F475E,rel_85f814d0108a
S265_EDGE_51E8260BE924EC466C6B,rel_0814f38af0dd
S265_EDGE_52063A7E6818BD3AA53D,rel_4deb206b2bcc
S265_EDGE_520EDF87B3BF9C795EE6,rel_fe357c41f0a5
S265_EDGE_52134A9FDC2702EADE2A,rel_de6b681b138c
S265_EDGE_523B5D8A4F034B9C4ECC,rel_264e897cf7fc
S265_EDGE_523D8257E783B05A3C3F,rel_6635af590221
S265_EDGE_524C28E6F4FEB917E7A4,rel_7b11807f9b08
S265_EDGE_5268176EA1E19FB7BCAC,rel_570058de1f70
S265_EDGE_52701620A416C4CD4FB8,rel_e45af4fc6c97
S265_EDGE_52894C8C7FED65824A42,rel_feca344c2463
S265_EDGE_5290583CA6C1ED1409EF,rel_03d047512e22
S265_EDGE_52D5D41BF0116630980C,rel_e57816e4a2b0
S265_EDGE_53006C26175EC026DDD8,rel_f7215a5aa657
S265_EDGE_5301958814EF1941E7F9,rel_4dced513fe19
S265_EDGE_53102350E16145367E7D,rel_14dfccb6af10
S265_EDGE_5330CDAAEF678BDF7CEE,rel_81d7523ad1bb
S265_EDGE_534778884E43F065CC91,rel_386511c13dbc
S265_EDGE_53544B8936CE723999D0,rel_4c2a689af625
S265_EDGE_5364608434F1D6716138,rel_b0d0a5878836
S265_EDGE_5390C2ABAD950FBBB954,rel_8f4f3a7e6f17
S265_EDGE_53D837065071C0C1EB00,rel_872218d5beb2
S265_EDGE_53DD3983232F51A9C957,rel_6a6a9bc45405
S265_EDGE_53F196245179C47A9A15,rel_a81241208e85
S265_EDGE_53F2473D520571839ADB,rel_8518bf038d70
S265_EDGE_5401B715C34716CC5187,rel_a01e02be94f7
S265_EDGE_5411B0AEE3D1D6951E37,rel_e5be43aec5b1
S265_EDGE_541838304B7FB1C9CF38,rel_fe95be94b39a
S265_EDGE_542F782CF00C5097AF7D,rel_b421bb42ae7b
S265_EDGE_5434B8E85FBD6B4D862B,rel_8fe03976e788
S265_EDGE_54360E8DC3504B4C6D85,rel_5c252f66df4f
S265_EDGE_543B1EF54912889B6C88,rel_000537a6e642
S265_EDGE_544A58E0CAAA398CD437,rel_bf581dc66ee0
S265_EDGE_5494C742DAC8762553BD,rel_b3cb566cf1fa
S265_EDGE_54BD9B45642CAE8A5D23,rel_1901dca2aef6
S265_EDGE_54DC7CA14BB70941821E,rel_7bcf0b7c4e0a
S265_EDGE_5542305BF686952F837B,rel_f8d9d48e1d43
S265_EDGE_555DE6AAE2B7B3E2973C,rel_e1aa042f5685
S265_EDGE_55778208B8D9E7A37C61,rel_bcef4d32677b
S265_EDGE_557D707AE74E3D86C14C,rel_5beacd341a89
S265_EDGE_557F54C0121FDCDADDAF,rel_620078cb0d3c
S265_EDGE_5589D9C61FCBB94A8338,rel_1aa82e8d36b9
S265_EDGE_55A85E539DF2670C0886,rel_bd885a9981d3
S265_EDGE_55A93867A6C17C2D6346,rel_1f513c4bdb63
S265_EDGE_55B99EA3167FD693A720,rel_9ec54dc40630
S265_EDGE_55C7963E311A2093B5CB,rel_1be8ca2f24d9
S265_EDGE_55EDD268C59419C995E3,rel_2e326b6d30fc
S265_EDGE_5610F934FC9E0CCEC0ED,rel_e6565f908c3c
S265_EDGE_563A75EAA06A6D7E49A8,rel_a234282c64f5
S265_EDGE_565F5CFBC6D6F9EF24CA,rel_dc8a6534b33a
S265_EDGE_5678076DC35F06CCEE1C,rel_984005a838a9
S265_EDGE_569D918CED5AF52860AB,rel_9263b4aa53af
S265_EDGE_56DB72B571818A45336D,rel_cb13fe6b9641
S265_EDGE_56DD92F79183E273410F,rel_52a146312b2b
S265_EDGE_56FDCD8AD10FB9DE61D4,rel_bc9e50d51d5c
S265_EDGE_572EBD82081331EC4BE4,rel_d406046caa80
S265_EDGE_574988ED71788893B6BE,rel_615e696962d1
S265_EDGE_574E1A6CDE937E80AEE0,rel_d4227a54c947
S265_EDGE_57905F43EE1CBC4FC52D,rel_e00f369e4c51
S265_EDGE_5790BFE6A7DB0407957A,rel_06d498c72dee
S265_EDGE_579AC803C76E6030E69F,rel_223c73e2a13d
S265_EDGE_579D48BD530E767B30F6,rel_a8e3651402a3
S265_EDGE_579F0B32617D39A46D5B,rel_3099e47ad09e
S265_EDGE_57C9B5137DEA4CD30482,rel_11a4956506a0
S265_EDGE_57FE0C72F1CB3717DA56,rel_cd2bfb516690
S265_EDGE_58018F9337F1B66EF381,rel_874bf6effbd0
S265_EDGE_58638826556474AEB64B,rel_7f9aa928a585
S265_EDGE_5866D5AD996629672083,rel_21775fc8f8c6
S265_EDGE_586D5A9940F41367681E,rel_f02f8e45d5f6
S265_EDGE_587971D27D587CCBBC98,rel_9e79f51ea3ff
S265_EDGE_587EDD97B0F8FAFC8AAA,rel_e95890904081
S265_EDGE_58918070CDDA90066FAB,rel_52cc1655ab9a
S265_EDGE_5895EF9A5B0F7E597B37,rel_564d22c4959c
S265_EDGE_5896C3BE9819AE04BE1F,rel_2ebcd6cdf31a
S265_EDGE_589EB8FA297AF93EAC15,rel_ac8f4da6e51b
S265_EDGE_58BF22D3932BFEEF25ED,rel_ac1da4f4d4dd
S265_EDGE_58CE4CF6E386E6A4F17B,rel_051dff9801a9
S265_EDGE_58DFE5C117D1F9530790,rel_1dbf18422b38
S265_EDGE_58F6E86B0FC5F2AFF645,rel_d29b724af436
S265_EDGE_59111A803C88BF69A565,rel_6f72a9000772
S265_EDGE_5918652C659958C5552D,rel_37c82b259975
S265_EDGE_591D3594573563FC817D,rel_563a200bb498
S265_EDGE_591F2A9F25D24CFE0449,rel_bdd6602b5f67
S265_EDGE_597F9C78684737A1374C,rel_887eb604a66e
S265_EDGE_5983CC97C0C237D0B1E4,rel_f34fceafc4ad
S265_EDGE_598F032C222DF0752170,rel_acd141e85eb1
S265_EDGE_59A2F51C7DADF562D2FE,rel_2af6e846b68a
S265_EDGE_59C72392BE5C67125896,rel_661eae144f12
S265_EDGE_59E71A5C18A9D280F966,rel_9be8119d58cc
S265_EDGE_59FD7D7B3D58845B3FA6,rel_bf5e6d68907e
S265_EDGE_5A0556D66899EC35F0C1,rel_f817b8716f7b
S265_EDGE_5A2EB7D957909823DE20,rel_459aad195b47
S265_EDGE_5AA0CEC9E70F4B89B186,rel_a015911705a5
S265_EDGE_5ABCDD08BD3A4B316942,rel_a9941d478634
S265_EDGE_5ADD299607D9B2776678,rel_f6167a61aed3
S265_EDGE_5AF7C17CAC6E00B85F4D,rel_c5f254ae0acd
S265_EDGE_5AFE69F7F0A02FBB25CB,rel_6610c2f033a5
S265_EDGE_5B5811783837D8F63970,rel_93a95d07445c
S265_EDGE_5B6266BDB279F781DF03,rel_837580056fd3
S265_EDGE_5B62A05BE8DEEB6DB067,rel_a41a94db4c02
S265_EDGE_5B6E29FE93AE86A1E90F,rel_d6b9387bc2db
S265_EDGE_5B7C972A3D0EBCB8948F,rel_c2b82ab70635
S265_EDGE_5BA9C71EDA8819890E7B,rel_f209f04f3a5e
S265_EDGE_5BD9948613B434F62BB7,rel_70907916e074
S265_EDGE_5BDD117CC216DB9C3564,rel_9de7882b79f4
S265_EDGE_5BF3B34F685E8ABAACC0,rel_22c57037cebd
S265_EDGE_5C09F95B319B67B3133E,rel_bba09e101b1a
S265_EDGE_5C1D4E71D15893D567E5,rel_674fe99cb20e
S265_EDGE_5C1E0A0A1D0C4710134C,rel_12a5a4477b91
S265_EDGE_5C415FEC59968CAD2B82,rel_ef89b5d5441d
S265_EDGE_5C6F55B2AAD13774FFEF,rel_6d8468c348bf
S265_EDGE_5C883CFD68AA4011DD3C,rel_ddd0c646793e
S265_EDGE_5CC7388A5E7CD2A6314C,rel_077266e38cdd
S265_EDGE_5CEE704A6D64A7494041,rel_63afd9b8e48c
S265_EDGE_5D15C2FB61DD06EA7A06,rel_e42c25d8be05
S265_EDGE_5D5892B3C2375E56F968,rel_7770934bceaa
S265_EDGE_5D597E0971347F3D698F,rel_706547d00185
S265_EDGE_5D76335F9869B615A51B,rel_bcafa326cc9e
S265_EDGE_5D86F7E4B88DD8422E0A,rel_6f3347ff7886
S265_EDGE_5D922AAA50ED3226CF1C,rel_58736fbd8ace
S265_EDGE_5D94E2F882CFC52A436C,rel_688d5c2bcc79
S265_EDGE_5D99CFB2373A6F29CA4C,rel_b5b23046a1ec
S265_EDGE_5D9C05B6085A9BE8CACC,rel_bfcf85c2552d
S265_EDGE_5DC12D1ED5E198EF2FFC,rel_8eb98f1a0a44
S265_EDGE_5DE1C01744A37E4F186E,rel_9f22186af87c
S265_EDGE_5DF1BDB10E9E1B539269,rel_b4b7c1443822
S265_EDGE_5E1866D31469A789AAAB,rel_6ee4b7c32296
S265_EDGE_5E23BFA24D1CD153791F,rel_c6203469bfc8
S265_EDGE_5E3A60380304E251BF6B,rel_545ba25c2e64
S265_EDGE_5E3F21A49263311EA19E,rel_2557ed1dcfcf
S265_EDGE_5E6D3CA440BB10BBEC20,rel_8a0df83c1de4
S265_EDGE_5E840F473372E11D5022,rel_890485491de8
S265_EDGE_5E8575D673CB334D0CDA,rel_5f829061302f
S265_EDGE_5E8F74EAB429E73C5CDB,rel_75fb03d94a46
S265_EDGE_5EC274CD45210F84AAF6,rel_7bfe3e718e92
S265_EDGE_5ED31DF603C7923B197B,rel_83193844d1c9
S265_EDGE_5ED7E1F2ACBA9345D3F2,rel_9bf8313f8a80
S265_EDGE_5ED820FFA843F80A4F95,rel_18f3f23cbf71
S265_EDGE_5F364FAB2A4E2AEE3E85,rel_a49a348b2970
S265_EDGE_5F57887A3EF41C9097BD,rel_ca2c5ee5228e
S265_EDGE_5F7B90EAF2E25F9A0443,rel_acd647e6c6e6
S265_EDGE_6000075C2CDD26E50324,rel_e731cf2f94ec
S265_EDGE_6047339DE13C70EC59D8,rel_802da2d3737c
S265_EDGE_605337A2D0C1A67779DE,rel_59eab35397d1
S265_EDGE_60740281A232303FFD20,rel_cfc9dff7061b
S265_EDGE_608408EFAE7D61A8CD34,rel_cbc5c9a2f4f2
S265_EDGE_608F63B3CB388ED7E47A,rel_018a4fbd610a
S265_EDGE_60947B6A768D969F41A2,rel_ab193aa17a93
S265_EDGE_60AA9C6834633980A06B,rel_87580a1f1add
S265_EDGE_60CA7D8E35E6DEFF1C19,rel_00601cf4a7dc
S265_EDGE_60CC5E125282E27CC05F,rel_289a7c35a8e0
S265_EDGE_60E3A05C2CFE3B569394,rel_98dc13dd3527
S265_EDGE_60ED1C7ADCE12E9E779E,rel_d31bc2620ed9
S265_EDGE_60FC8DD2E288A370715B,rel_8bd1fda8e548
S265_EDGE_611F893B7AA4E022E30A,rel_1efe8f347489
S265_EDGE_616592E923F8242369AC,rel_a5c31d62cd0f
S265_EDGE_61A8A716424DC83D49BF,rel_ba54ad13f7b8
S265_EDGE_61BA8E7883F22B2DC585,rel_b26a17f8a38f
S265_EDGE_61C0F38F841F21C08DBF,rel_59aaa1f5e380
S265_EDGE_6207E33484E893BEE61E,rel_c749e652a030
S265_EDGE_62130025CFF7A6CCA21D,rel_9a7e1d006694
S265_EDGE_6213672A92B624ABF692,rel_df890ac549b3
S265_EDGE_62262957C03D06FA00E2,rel_dd4f1a732b58
S265_EDGE_6229D6E18C9C55E7D0D5,rel_deca8b44b226
S265_EDGE_623E71CA81EEB9B8BBD4,rel_68457fa16dc6
S265_EDGE_6250D3260D4A3937756D,rel_db4e994a6a41
S265_EDGE_625316145D769CB614BD,rel_3ad4adb1ccf5
S265_EDGE_6264F088DF4EB5249774,rel_0828280c5922
S265_EDGE_6271570DF4F8ED9A38D7,rel_07ccc6b3a9bc
S265_EDGE_627F312A84E2E82793C3,rel_5a6abbb7e876
S265_EDGE_628BD22C29A85E832803,rel_62ea892823af
S265_EDGE_62BFEF632A6CC45C3F5D,rel_708b11701627
S265_EDGE_62F0EE7768ABFB825F2A,rel_3c4efd639b56
S265_EDGE_63441B523B0C41AECBF7,rel_1d0fcd6b61e4
S265_EDGE_634C2521D90098321BE0,rel_f810118ccb85
S265_EDGE_635C4DEA6E16CEAC7587,rel_0dff66b21ff3
S265_EDGE_6364B2462CC92ABBEFBD,rel_2e3c74891e92
S265_EDGE_63660684BCA2A4DCCCDC,rel_b7231ac1220a
S265_EDGE_6366F0ADF0D1DD8ED64D,rel_0faacc0b6f2b
S265_EDGE_63795382C01D5BC3DE7B,rel_30638e59ba94
S265_EDGE_63820BD80B0BC33BD98C,rel_b6adf88bac21
S265_EDGE_63AE803F74C5ECE98B43,rel_f97cd5af2fdc
S265_EDGE_63AF95515FF24ECAAB51,rel_088135cc49df
S265_EDGE_63E177A51EF461B4693D,rel_e4f0b089fc46
S265_EDGE_63ED6D5928C6718EB5D6,rel_1ee71757ac45
S265_EDGE_63F6A4ACCB2B0B6D92AA,rel_8c95200d3044
S265_EDGE_6407DCD7FEBB2F5472CD,rel_bec018bdfe68
S265_EDGE_646B23B76E2D6786D997,rel_baeffc6c3a18
S265_EDGE_64706B9A0F2197F1D3DA,rel_4a5eb3ebda0e
S265_EDGE_6487BA7E62800621EDAB,rel_8ed830f0dd4e
S265_EDGE_64E1DAFC794763B5D6EC,rel_d8a4c1e94f70
S265_EDGE_64E3D4D47210CBBC4F32,rel_590abc6771e4
S265_EDGE_6521510851384A69DD81,rel_9d62d5674dff
S265_EDGE_6536AA5EB65847CC79D3,rel_43f8c0d74792
S265_EDGE_65651C6EC1895072F1B1,rel_91b314476d12
S265_EDGE_65665E1E3971BACDD389,rel_9b63623acd89
S265_EDGE_656D047A3C3BB79E7FE7,rel_54b7619a882a
S265_EDGE_659598D5EA1A36BAC826,rel_56b6f741ec0a
S265_EDGE_65A19D89AF55498B02B7,rel_5522b4cea221
S265_EDGE_65FC54605419F72594D5,rel_0452cac313ed
S265_EDGE_666134A74A23788D3287,rel_c8350757f8a3
S265_EDGE_667AE3FC52A544997D1D,rel_15f8fdeec087
S265_EDGE_6681F4647452B3B336F2,rel_e550935c55cb
S265_EDGE_66DB5BD90FEADD4DF56E,rel_127173a8637e
S265_EDGE_67006867D8330E903352,rel_a586e2124933
S265_EDGE_670F1CC42EAA561BA0F3,rel_805da074a308
S265_EDGE_673831F038B900366F1D,rel_a4c454936869
S265_EDGE_673CDD1D553405283157,rel_83f6b4a6fdf8
S265_EDGE_674FF3548D64788290C4,rel_5938bdd0af4c
S265_EDGE_6763B9D9918E74D0A07A,rel_5e725230d5c0
S265_EDGE_6777C19C2FE97AE5605A,rel_17c7e60b156f
S265_EDGE_6793DC5E0A768A3BC848,rel_9c1c0be29c8a
S265_EDGE_67A20642E1B26C6BE694,rel_b6c144d39f4a
S265_EDGE_67A7BF91301EFF76CF7A,rel_efd1e39a8782
S265_EDGE_67E272617515ECAF6C8F,rel_b7b45613962a
S265_EDGE_67E4E320BE6BBDF391EF,rel_3953273c355f
S265_EDGE_67EF6BBFE2B69E33FC6F,rel_8a95287ca96a
S265_EDGE_67F7B59A5585A63D4EE1,rel_a5729ce1f19c
S265_EDGE_681487F7FC74CE2CF458,rel_c6d520c7ec89
S265_EDGE_6829E741EC0E888C4951,rel_ae0ceb43855b
S265_EDGE_68578C31E6BC7DEF759A,rel_003d87eae38c
S265_EDGE_68639EE511E6873806A2,rel_fe86007a5dc9
S265_EDGE_68940FB1D49E835A7C55,rel_a06109172f7f
S265_EDGE_68A0AAA226DF47BA7F60,rel_f8f482547ccc
S265_EDGE_68C05BD4C642581223B0,rel_edc5b20062b8
S265_EDGE_68FC8D50B5AD60E029CB,rel_3e9de08c6b2c
S265_EDGE_6927BA3CDBBF884231ED,rel_e115df566c5a
S265_EDGE_692A2E0A53649A672C1C,rel_e0510c9c54ca
S265_EDGE_6936E5EC6BCA74AA3171,rel_4b7f76ecd480
S265_EDGE_6953782C8A20802E6F0C,rel_b17daad86d54
S265_EDGE_6953F84188834CB776CB,rel_9db234e041d5
S265_EDGE_696AEE49B9DD09DDDFAA,rel_18b05f4a5853
S265_EDGE_696E42C2B16D94D31537,rel_bdf42b7b51e8
S265_EDGE_6975C86B33F4F67C95CA,rel_3d4b2bebf83c
S265_EDGE_697F0A3858AE98A0EB1E,rel_f27a98fa3c0d
S265_EDGE_69CDCA79634001066ED2,rel_32867f7e6d1c
S265_EDGE_69EF8A1C63487C90B67B,rel_a28d0a100e47
S265_EDGE_6A1DBF3744A5DFDBD061,rel_8101090a34fd
S265_EDGE_6A23DBBB3671112CC157,rel_7ae5b0a491dd
S265_EDGE_6A4115C3C4ADC935A4EF,rel_1682256f0556
S265_EDGE_6A5C5B9BEA54ED4C2C4C,rel_a9cb3bd85b9f
S265_EDGE_6AB4A9455984373A862B,rel_cb1a38983fdd
S265_EDGE_6AEAFC1FA677176ABFAF,rel_8b03d9916213
S265_EDGE_6AEC053B41CDE7D7F218,rel_6a8cebb6b52f
S265_EDGE_6B16E775051ED9C8C607,rel_a8afc5f3d346
S265_EDGE_6B220EDC6AFD44F2CEB6,rel_93096e32912d
S265_EDGE_6B67B2C6C7D66CA32F96,rel_bb37a65e670d
S265_EDGE_6BB27F1732E61B88C059,rel_af9649485efb
S265_EDGE_6BC2EEB6248D7532CB42,rel_c8cc23322252
S265_EDGE_6BCC66FF47B8E5989231,rel_99093555b36f
S265_EDGE_6BE6F381E1311F9D48FF,rel_9ae5de299c98
S265_EDGE_6BF7D2EFF6A5AC429E9E,rel_89e3659377b7
S265_EDGE_6C136DEFD5EF40A64B54,rel_ffd63b6346f9
S265_EDGE_6C1C307DA44A5F1D4870,rel_0c35f7576b05
S265_EDGE_6C6BE8D26E481A50F730,rel_0efcc92dcbe5
S265_EDGE_6C97F0C83C6A106F1308,rel_c3d1b254ae09
S265_EDGE_6C9B1241BD03212664D7,rel_f1fdacc9b5b5
S265_EDGE_6CB41C31672264A9596C,rel_2fe9539a865e
S265_EDGE_6CCE5E5286F29A29CFF4,rel_0e7a8567712a
S265_EDGE_6CDD7B22CA8FE74BB1A1,rel_0a425d7f06bb
S265_EDGE_6CE2D8AFCB63CA08E8F1,rel_c1f619271f0a
S265_EDGE_6CE30B1916BE133FA303,rel_f0d2ad939f3c
S265_EDGE_6D01D4CF303F6952C4AD,rel_8329bd21c419
S265_EDGE_6D1CDBFB96291B2C4A76,rel_64d5b5265c92
S265_EDGE_6D200C1CC1D713526023,rel_7c38103dbf6a
S265_EDGE_6D20485D5B711229C3C9,rel_190cf8e1ae06
S265_EDGE_6D506F0D92EDDAB8D75D,rel_7558f68f608a
S265_EDGE_6D8388B1F03B985D31BC,rel_a9c2b8b9444a
S265_EDGE_6D8D521A9EF230C29D90,rel_8428b0e8a236
S265_EDGE_6DB0C59D1847C6D5F453,rel_1630f5cfa0be
S265_EDGE_6DBA8E18BF1372989507,rel_4f681cdb6145
S265_EDGE_6DC9AA0C059146F54C69,rel_808bec9a45a3
S265_EDGE_6DCF1E7EC3D0E202911B,rel_79bd397025af
S265_EDGE_6DD6C54E70060C4DB0C1,rel_f143bff50bad
S265_EDGE_6DF61D8905756AB1F9C1,rel_765b49ca2867
S265_EDGE_6E308425A496439DE652,rel_b00b1bd8d8b8
S265_EDGE_6E4E3780460C39B7007D,rel_a43b28ef91ce
S265_EDGE_6E527005C3312FF5C762,rel_9657a0aac637
S265_EDGE_6E6D8453382AE4916815,rel_44fd985bf58e
S265_EDGE_6E8B9C9088F84B3307BC,rel_4a533be8c5fc
S265_EDGE_6E935E6C0F199C6ED089,rel_1b81418fdd66
S265_EDGE_6ED40C970980E8E2FC59,rel_78dfcda611a6
S265_EDGE_6EE19A5586C045A888F1,rel_268d66b343f7
S265_EDGE_6EF3D42D8B9F012B85D8,rel_ef82a7468cca
S265_EDGE_6F11DA98EA91C2925B49,rel_9ac231575ad7
S265_EDGE_6F13E7BDE373F5815C02,rel_ac96b36df8c6
S265_EDGE_6F1BB2930F5F9E1CB9B2,rel_2ca28eb27e6b
S265_EDGE_6F1C9FA0EFEB03D6F378,rel_f7dcf21600f7
S265_EDGE_6F670D8739D6337F1231,rel_21581723f5d3
S265_EDGE_6F7AA7C6B571C3A2D801,rel_d3c510f8b29b
S265_EDGE_6F7BBF7436FB45AB38CD,rel_c77694fbb2da
S265_EDGE_6F904E43B4915B131735,rel_6c99e5c994f2
S265_EDGE_6F9D0E23A56FE0EF6801,rel_995642db337e
S265_EDGE_6FD6B4C0FDD52C2AEFAB,rel_ddfeab0ec6a8
S265_EDGE_6FF4F4DB42E0290859C2,rel_ef81024f4d9b
S265_EDGE_6FFC66A707B87EC62A4B,rel_82ee05a61f27
S265_EDGE_7018C92F615F2CE78D69,rel_dca8b8127b5c
S265_EDGE_701C38A17419733DBAFE,rel_9259a413858d
S265_EDGE_70383F544DE7DA5B5411,rel_ceeeac51c6da
S265_EDGE_7042AC54801A7FC0A2F2,rel_ad65138df6fe
S265_EDGE_70829AB5BA2C80757B9D,rel_499ea80fa6ad
S265_EDGE_709DF2397E09ED22F7B5,rel_574a1187163c
S265_EDGE_70BC3219D24A8968FC55,rel_d1e06c723935
S265_EDGE_711D2AA94D2185D91C02,rel_1a9f4f680bd9
S265_EDGE_71241ECDAB805A127F16,rel_5e0d42dc66cd
S265_EDGE_7169CB9B300A23057328,rel_83146c6af0aa
S265_EDGE_71808067AD1BE6904F17,rel_a65d6efecb07
S265_EDGE_718AAA79EE75C1DAD001,rel_ead48418693b
S265_EDGE_7197788BC73DA869FBE1,rel_66438f8a3a01
S265_EDGE_71BCC411E8AB365C4F83,rel_c7c9b7cc5404
S265_EDGE_71CCE5DAD1D1E38631FD,rel_344e4e201f48
S265_EDGE_71CDAAEF99922951EA89,rel_cabd4dffd84c
S265_EDGE_71E13FAEDF56075F65B8,rel_165f9d77de3f
S265_EDGE_71EDB20A721C007C5A81,rel_2dc2c85d19ea
S265_EDGE_720695E0A80BE746FC70,rel_3bb55f3eacb7
S265_EDGE_72194B30CCCF6907D301,rel_5244256a058b
S265_EDGE_7271A6C4A4CDA6D14637,rel_f5f7647622a8
S265_EDGE_728C4E128CA475F2F197,rel_b245b63e3852
S265_EDGE_72A95D2EE2E53D194439,rel_1a4da96e03f5
S265_EDGE_72BB3B1C677D343B5126,rel_448b0ebd49b0
S265_EDGE_72F81FE323C59EB9425C,rel_869863b1c936
S265_EDGE_7306D11B60D242761837,rel_510da49ba919
S265_EDGE_735A59ACAE77620CC4EB,rel_008b9263c11a
S265_EDGE_736FDBD5E09345B13A99,rel_4283c5181e2c
S265_EDGE_737169F79388DF1FD1BF,rel_301583fb2c0b
S265_EDGE_737927405E3C28C4348A,rel_bbff3d8fe611
S265_EDGE_73900B15FA990BDF53C9,rel_e5a7899aa2e6
S265_EDGE_739492C8E62494687F6E,rel_001b69a67ff1
S265_EDGE_739A39D8C4AE0017C466,rel_f2cd2195d2ea
S265_EDGE_73B44036A3B8CA29D759,rel_33841a936c21
S265_EDGE_73B56C7C82CBD4F7068D,rel_7ad49f8604f7
S265_EDGE_73B6C13D3788012564E2,rel_42e818816140
S265_EDGE_73C48C5A3145FE81B796,rel_424f25e71e2d
S265_EDGE_742874DF3A84ADFB04C3,rel_c138121bbf66
S265_EDGE_742CF14E5B9D4250DC8A,rel_50965f7e4703
S265_EDGE_74333B606ECD182FF94E,rel_d167f36d31e0
S265_EDGE_74414E78FE57EAAD4165,rel_8557ca380d9e
S265_EDGE_7455573C9B133A9B9401,rel_21c059145313
S265_EDGE_747A27C2D3DE7833EA7F,rel_8656807f4580
S265_EDGE_747D447A467860DE77ED,rel_23686b148acc
S265_EDGE_747F78727BAD8F5D8DE7,rel_fa3c4f806712
S265_EDGE_747FC0E498388D98DB2C,rel_cce2159e7412
S265_EDGE_74AC0F6E34F7F45E90B0,rel_0a28ebf7d81c
S265_EDGE_74BC4067D399C7AE672C,rel_0b8c8c2077e6
S265_EDGE_74E757BEE2909FC22034,rel_6d95f031f120
S265_EDGE_75045A278957067957D6,rel_fb06e5b5792b
S265_EDGE_7508947FC3430CD91C19,rel_7d9cd2ccdc9f
S265_EDGE_754915C3873ABD625A39,rel_288503b92031
S265_EDGE_755E60AA4AFB98987998,rel_97f58661b9d0
S265_EDGE_7562B1BC2530E3B65F1D,rel_cd85521275b3
S265_EDGE_756C9630C384CAA48546,rel_f9a12d02c429
S265_EDGE_75728614BFA897356249,rel_0481d484fc8f
S265_EDGE_7572E89E8459EB504F73,rel_67ab0b950bdb
S265_EDGE_758092CD11BF87E83885,rel_a5ffa34ffede
S265_EDGE_75AFBF85A4FF345A7926,rel_33a1d3d301f4
S265_EDGE_75C6594C6A2C6520764E,rel_8e9ca993e2d4
S265_EDGE_760486FA8B15CA6431F1,rel_a8866a894d3e
S265_EDGE_7630DEEE58E181051282,rel_013caf719749
S265_EDGE_763714EFEC3A61B2D56D,rel_1ae65db7de7e
S265_EDGE_76606DF4337228CACE66,rel_ed4431188537
S265_EDGE_7668FBCC6FDE7A60C2E5,rel_6d84151ef9e2
S265_EDGE_766EE34BA6F08302ACEE,rel_ead6d21e157e
S265_EDGE_769B1D3D800148D82CB3,rel_cf9e0cc69ce6
S265_EDGE_76B047B97E2687A67BA9,rel_bde51374f7af
S265_EDGE_76BA319B8A0382635383,rel_a9be96ca0b7f
S265_EDGE_76CDDFCB3082AEB525B5,rel_93a53e1194ec
S265_EDGE_76CF507D475ABE263581,rel_248a0c7edb8a
S265_EDGE_76D1FF15E6A06BB6C7A7,rel_751fafbd2010
S265_EDGE_76DE3EF20746136DE410,rel_7138493ee2a0
S265_EDGE_76E299C78F7C534C7F95,rel_7dfbd53d2948
S265_EDGE_76E89EB9387CCDCBF512,rel_26b4840e16a9
S265_EDGE_76E9D68B63A19F740713,rel_46d0c38d25b8
S265_EDGE_76F8DB8791CDDC14DE28,rel_f1a1bfc25c41
S265_EDGE_770466F1BC8C2E834E6A,rel_dc44898e282e
S265_EDGE_770C95E9279502E85797,rel_4656eb7b154f
S265_EDGE_77684976FBC77DB72189,rel_c820236ccba4
S265_EDGE_776F3C97524962D7F22E,rel_b94b4688c257
S265_EDGE_77865A3FF4E9DAE0F73E,rel_b7da606a8a81
S265_EDGE_77A3B91D690D19BDAFE5,rel_358915119cb5
S265_EDGE_77A732D76C6327715259,rel_5ffa6c1c678b
S265_EDGE_77A9D49631904841C88E,rel_6714857bc7db
S265_EDGE_77CAE8E3DE99725F0DCB,rel_97412f061a1c
S265_EDGE_77CFF3923142424905CE,rel_fdc9a19454fa
S265_EDGE_77E30FB0AB5CF079C800,rel_62e8c6ecf2f2
S265_EDGE_77E660DF0B145483FDE1,rel_b474b15a5708
S265_EDGE_77E8219914186AC80761,rel_2c8699be63a5
S265_EDGE_77EBE67CA4223C936FB9,rel_25f8aeaff2b2
S265_EDGE_77ECE8A36757831533E1,rel_66531cbbd8fb
S265_EDGE_77F2B38ED7DF1A97ECFD,rel_168760240276
S265_EDGE_78029E9F481A75FE58FA,rel_e3d5b873f43c
S265_EDGE_78155F89F5C54F93E961,rel_7318e67b4599
S265_EDGE_7831B0254262E75C1ACC,rel_9aae6114733c
S265_EDGE_7833A60DCB93824368ED,rel_169f2241cf68
S265_EDGE_7841093EA89842E7B87A,rel_b34b720b20f4
S265_EDGE_78632462C6FD735000D9,rel_b1580f34b981
S265_EDGE_786F1BEF0A6D2A50F614,rel_03c9e7efcf65
S265_EDGE_78709CC5AFC5347E94B1,rel_b7da4d71ae98
S265_EDGE_7883C9A279A9918DA42B,rel_d1ece147f415
S265_EDGE_7890B6C546A781290594,rel_482a17245c7a
S265_EDGE_78965CCE7A8E532AF706,rel_44f468a9d814
S265_EDGE_78B08B8F0104DADCDDE7,rel_cbac137f42d0
S265_EDGE_78C5839E44C0E659402F,rel_deaf38178273
S265_EDGE_78C8222EBA090008BB41,rel_53ff3f986b7b
S265_EDGE_78D0502890A83EA66087,rel_497dae69571b
S265_EDGE_78D0C7F34E62F81B3529,rel_bd48870da96e
S265_EDGE_78EED9F2D64C29BD268D,rel_4639e8a493b0
S265_EDGE_78F376F34FE2E5EA8CB3,rel_cf5c6f43e048
S265_EDGE_7907310D9E9ED973642D,rel_7df62a1517fd
S265_EDGE_7911E079D12E74EDB9C8,rel_84dc26571b95
S265_EDGE_7930A4CAF231DC87B644,rel_a2ebcf9ef2c1
S265_EDGE_794C7EB482B8C6ADFF30,rel_41a006b84561
S265_EDGE_794F5C7D954AB40B0FF6,rel_5ec65cf2d892
S265_EDGE_7950043BA8E2C0FCCAD1,rel_51cb9dc1aaab
S265_EDGE_79687900A4D87A25CC30,rel_31391a22111d
S265_EDGE_79798B4B6E326E795672,rel_e846db7892e8
S265_EDGE_79824DF46D042F160513,rel_8a6f35dd9274
S265_EDGE_799E396B65240F35A0FD,rel_5fa9bd394d91
S265_EDGE_79B95597FE30185AE76C,rel_814f65a48072
S265_EDGE_7A3EB6746D0523EEBEF6,rel_3ea668ebcfd5
S265_EDGE_7A526A640734B54894F6,rel_fe2ecdb8cc66
S265_EDGE_7A824B642BC791AE776F,rel_b245099bf561
S265_EDGE_7A8427F885D838C61DAC,rel_c0754daaa920
S265_EDGE_7A8FFF36EC999E9B5F0D,rel_eaf998cd1771
S265_EDGE_7A98687175E649200242,rel_0581c9237056
S265_EDGE_7A9F523C64766922F6AE,rel_3229fed0b90f
S265_EDGE_7ABE0CC72E8CCEEE82BB,rel_c9b0763e9f4a
S265_EDGE_7B08626156A05434640D,rel_9d638f59dea4
S265_EDGE_7B0B978B7B12415E0D32,rel_e6cbca336f56
S265_EDGE_7B28DEEBDEF7344F3434,rel_66516559e6a3
S265_EDGE_7B330ABAA0446D0FA9D6,rel_220e5fe21dc1
S265_EDGE_7B4792B65F063DE0B887,rel_23b282f06c2f
S265_EDGE_7B489DF40D917827D261,rel_ca5838b15b4b
S265_EDGE_7B54F7D90AB5A3E2333D,rel_70c73de55679
S265_EDGE_7B84858A68AFBBE46E0A,rel_4cf169464950
S265_EDGE_7B8DF57F4DAAD40D3AEE,rel_2bb97d89c14b
S265_EDGE_7BA244227B776757FB91,rel_273039934cc5
S265_EDGE_7BD176860F7E99C478F2,rel_a77cd81487e1
S265_EDGE_7BF54785FA7A886D8655,rel_c18d78df1b48
S265_EDGE_7C0F58259929D9ADBF2F,rel_6af699b257ac
S265_EDGE_7C12BF645D767E65991C,rel_9df24eb87e11
S265_EDGE_7C5752CC1D123536F002,rel_803a5020a8fa
S265_EDGE_7C7FD8B46802D65356C7,rel_df71c7eb2984
S265_EDGE_7C82E15F7995682A0168,rel_59c44662a2e2
S265_EDGE_7C90E3D2C48D312FAA6B,rel_cabb1d9b63c8
S265_EDGE_7C96E97A8A22A1A134AA,rel_b704e010f1be
S265_EDGE_7CD3FB4494C2C0723F94,rel_40da21879f18
S265_EDGE_7D5BD3BB3A86B45619B1,rel_02e0eef6affb
S265_EDGE_7D5C5B88DD70BA5A04E4,rel_0861eb28d827
S265_EDGE_7D6606701A7A97FA00FA,rel_a691610a7d91
S265_EDGE_7D81D0B7D53C3A85B67A,rel_3848d13a5525
S265_EDGE_7DB04419F88D0F173382,rel_ba89971746b9
S265_EDGE_7DD4142C52163FA3ADEE,rel_b64166738f95
S265_EDGE_7E1F9382E6DAC70B0FEE,rel_e26c6389fb8b
S265_EDGE_7E28599C05A9FC081935,rel_ca3422b3af13
S265_EDGE_7E2A1F37FD4C189727D4,rel_f098fc3a1e62
S265_EDGE_7E5A47EA0D9846C70500,rel_235100e4ea8a
S265_EDGE_7E5DFF0C66543D10C57D,rel_a901bbef6590
S265_EDGE_7E5FBEA084FF267086FF,rel_637981750778
S265_EDGE_7E693D57F556741FF854,rel_c83baa380fe5
S265_EDGE_7E69DFEE76AB231AFE79,rel_34c807a09b4f
S265_EDGE_7E71037C044950626D67,rel_5b7a04c488ad
S265_EDGE_7E8C7F9979672F587E40,rel_75eac2aeae41
S265_EDGE_7EB5599749BB89C7FC80,rel_1cd1edb00232
S265_EDGE_7EB8E839C0ABC8021197,rel_abf85052ecf0
S265_EDGE_7ECAE7D3755199B54960,rel_6e5825f50a08
S265_EDGE_7ECF3202826232C22D0F,rel_d5a3a2521840
S265_EDGE_7F1107473A61148263F9,rel_6cb13a0c79f0
S265_EDGE_7F368CF63E2BBB723477,rel_a53b9d002d91
S265_EDGE_7F606F808590A005A645,rel_2f7c54caa010
S265_EDGE_7F75636DAF04D14148C4,rel_61e6534afa25
S265_EDGE_7F8D4058AC35CD2E2F64,rel_ada12ddcc39b
S265_EDGE_7F95862361802BE8B021,rel_fd74dd12b7e5
S265_EDGE_7FA1A9240009554D1B7E,rel_b43123e76a7d
S265_EDGE_7FAC664F7CB80B6DC657,rel_da6610180af5
S265_EDGE_7FFBB4AB682A7A2252A8,rel_73003f761a0d
S265_EDGE_7FFD58D8F6CB345FBD02,rel_302d82e78e74
S265_EDGE_8004A5698F4D16391157,rel_71f6110d7963
S265_EDGE_8020195B0EAC2E60724B,rel_768300cd51fd
S265_EDGE_8026D273EF86A2A3C5C0,rel_ca4a4309fb49
S265_EDGE_8032AEF0006E75710F6E,rel_16e07e4b5710
S265_EDGE_8058794B2AE172D3702E,rel_30acbc953c30
S265_EDGE_805D12CCBD562E8AC502,rel_1f875bb8dce6
S265_EDGE_80724928F5F81D032985,rel_c5cb16e19b58
S265_EDGE_808B87A8FAC071E92BD0,rel_c3bc0c925ae2
S265_EDGE_80C544A57D8296AA46EF,rel_970d51536ead
S265_EDGE_80D45E5DB3CF9066AB2F,rel_7e949823cd23
S265_EDGE_80D46BE8905BD9A92B2E,rel_f4cbfb5f8113
S265_EDGE_811D18D5FAFB6B9868AD,rel_1df551962943
S265_EDGE_817FF0B672F863FB7176,rel_a0c742d3eaa3
S265_EDGE_8184E0651391886773F6,rel_afcdb5f4c814
S265_EDGE_8187B810A94055053B08,rel_8c94027165c2
S265_EDGE_81C1E151566922CD753C,rel_b51be0cb8028
S265_EDGE_81CDA5331704F9BBFE7E,rel_6ad5ffc6a572
S265_EDGE_81D6D4F082B973B7E44D,rel_751d330e55e0
S265_EDGE_81DD9CE7EA4CCEBFF00F,rel_178b873ab6ce
S265_EDGE_8201314158114C1FADBA,rel_a31a2e735fe2
S265_EDGE_8202C1811393205C24F6,rel_aa67636588a3
S265_EDGE_820950708E90283F397C,rel_8481bb7b85cf
S265_EDGE_820B6D1771D0B61F8F5C,rel_005fe4ae8158
S265_EDGE_8213ACA68914678E05D1,rel_17a3a963994d
S265_EDGE_821AE6F434A624228E70,rel_d577732a05da
S265_EDGE_82238FD4F560CEE07E51,rel_f79cc0ea3f6f
S265_EDGE_8236D3BEFD5383A95473,rel_9bd5945cd993
S265_EDGE_82453120FCBC51030BCF,rel_60068497828d
S265_EDGE_826F04319C1FD6199B9D,rel_2a49ce780acb
S265_EDGE_8270727EC115ECDEECDD,rel_5277e2d9e7c2
S265_EDGE_82DDABA68452BE70BBEC,rel_a2c07987c155
S265_EDGE_82E9E5DF823DFA1CD8C4,rel_cfeb3e461fa6
S265_EDGE_82EBF64A817E16ECC284,rel_2c9106e46d79
S265_EDGE_82F8BC89D17430B71647,rel_78ab50ed1a21
S265_EDGE_83058BA164DF101023CF,rel_58989e133739
S265_EDGE_830883AA73F764108686,rel_9f35ff3560e0
S265_EDGE_831F94EF419E1AB01FCC,rel_a65d949d7a46
S265_EDGE_83314F8A9247D3CB6A60,rel_7a1e4de51b2e
S265_EDGE_8382AFAE86DDAFFF1E79,rel_8b4035d8855b
S265_EDGE_8397B472B7209D89EB4F,rel_b6387bc94111
S265_EDGE_839E585D2FE45AAE5940,rel_26ae7f8370e0
S265_EDGE_83AC6B4C809F001172DA,rel_23b1b9907af2
S265_EDGE_83B20FA4F0FB9AD01F28,rel_9213e80c5428
S265_EDGE_83D8B6158FFDCDF5B60A,rel_bedac0fd4d20
S265_EDGE_83ECABB6E9E6DD926055,rel_54c1b661198e
S265_EDGE_8404042A2DB54ECA8EB9,rel_ca54c1064b4b
S265_EDGE_84278FF2A1910AF84BA3,rel_c1ae2a7220c3
S265_EDGE_842988A3AAE9762601B4,rel_041101e038e0
S265_EDGE_842E395BBA095F795784,rel_a9587e1f051e
S265_EDGE_8448F3DE72739B5CB0D4,rel_5865b56e9ade
S265_EDGE_84F2A6E4C82ACF36E9C4,rel_809877ef977b
S265_EDGE_852A3BC7241430EAE5D1,rel_5bffe369446d
S265_EDGE_855E0AF12D586C936F1B,rel_8ed80e3ff42e
S265_EDGE_858E4E573A0DBBC9F81E,rel_7d3e9cbad847
S265_EDGE_859BC2CD2405D29940BE,rel_e16dd0e308fe
S265_EDGE_85B544E42417221B457B,rel_cd22d69244b5
S265_EDGE_863589EFC133107B9A01,rel_27570dcbc0da
S265_EDGE_8642703E6049AE53C97F,rel_779a3b96c2df
S265_EDGE_864B3FC76283C88AC15F,rel_f356024465d7
S265_EDGE_864F20A9F68AB8208E8F,rel_264172952981
S265_EDGE_865941640E5AEF622781,rel_753b843f0ecc
S265_EDGE_866D33E7C0E80A48C99D,rel_b7b7241494b7
S265_EDGE_8687EA14268C1E388A56,rel_08b8ed79028c
S265_EDGE_869A8392FA2CE3353389,rel_4f269aabcfa9
S265_EDGE_86C719A1D28B46DDEC55,rel_37dcc50be223
S265_EDGE_86F75DEF57F68D891A21,rel_faa4011dc4c1
S265_EDGE_870F73055417E77ED6ED,rel_99724e07d195
S265_EDGE_872ADDB3195CD52ED162,rel_5ee85bb77f10
S265_EDGE_873A2918F355A5024DC4,rel_0b30f547f471
S265_EDGE_8744C83E31FC3A1F7392,rel_1f0f28dbf841
S265_EDGE_8749D92682037628CB4D,rel_0aa3ea674fe8
S265_EDGE_8756525F8C76922E6E77,rel_64fa74eff224
S265_EDGE_8783C9F7D0D059CAF8B2,rel_2023dc6ba8f5
S265_EDGE_8785021554F012642D3B,rel_3304a5e9ba44
S265_EDGE_878F8888517BB1424623,rel_c6c5f45b4d20
S265_EDGE_87922B3EF578BB58FF6A,rel_eb6a3aae44bd
S265_EDGE_8798B906C1D46411B1C7,rel_1991e0408fc9
S265_EDGE_87A467B965E55946BE8E,rel_fcd097cc9785
S265_EDGE_87D667E406BFA6327346,rel_1bed04266485
S265_EDGE_87FA36C0276242A439EC,rel_928b9adf7ba1
S265_EDGE_87FCDE163FCE18A4A363,rel_8bc04fa73553
S265_EDGE_882A58A611D588712031,rel_d4b536a72c4d
S265_EDGE_883EC488882DB114F6A1,rel_0f5e88cfe388
S265_EDGE_889B640412ED2A10321A,rel_0a1624925404
S265_EDGE_88E48082AD02ABD4146D,rel_ce5fde0a4d82
S265_EDGE_88E595F7C664C71762A8,rel_29f0605a5204
S265_EDGE_88F22295681A0AD32358,rel_0a0781ee963f
S265_EDGE_89087C8309F601F52D03,rel_9d9c000e7d14
S265_EDGE_891561D9B70CD1F05C9E,rel_8b673aef8f2c
S265_EDGE_89186BD34294D8726FBD,rel_177d6813e514
S265_EDGE_893FFE1A64ACEC988F44,rel_15ad7dbf6cd4
S265_EDGE_89447E490FD2905772C1,rel_e4f11591780d
S265_EDGE_894859CF5CBC0CB46723,rel_f26f0b766bbc
S265_EDGE_896717DD4D34ED35F5E3,rel_bcdb6bff50c3
S265_EDGE_896C1D159076CA605818,rel_bb58d9bc5284
S265_EDGE_8970CB4E3832071DC627,rel_5d7c2f0b10fc
S265_EDGE_89731FAD4544D2F5E51A,rel_8cac17642fc8
S265_EDGE_8973521E0610CEE2AB4E,rel_aab73e83bee7
S265_EDGE_8979C73523F97D8C145C,rel_59c1d285715c
S265_EDGE_89D4946957BD39AA00B1,rel_d18d497239f4
S265_EDGE_89D7A1F93640A603A125,rel_f8cb4c54e547
S265_EDGE_89F33CD05BD8523CF6A3,rel_2f65779b53c3
S265_EDGE_89FC7A9F201FE412A204,rel_878faa63df9b
S265_EDGE_8A2E74F741945251238D,rel_f99a509b73bc
S265_EDGE_8A3AEAA3D16D2E0C2F4D,rel_bb31beced152
S265_EDGE_8A4AC023AD2A0BA79FAB,rel_0ce35bdc9306
S265_EDGE_8A538BC4AD43AB2EFBE0,rel_a354b93c5eeb
S265_EDGE_8A8114F57E694FBC8000,rel_a3e6e7dfdb85
S265_EDGE_8AAA51FB038FC7748E55,rel_411622b819e1
S265_EDGE_8AC20EE86D6219A1AF8B,rel_869d1a8d0d42
S265_EDGE_8ADB8F1D7D39F90FDFE3,rel_6e2f2f571f99
S265_EDGE_8AF542F8707CFA88423A,rel_22b9cce3e9c8
S265_EDGE_8AF9381E04DEC432770B,rel_8a160a8925ba
S265_EDGE_8AFB55F8219FFF8CE784,rel_e93b357ba229
S265_EDGE_8AFFBAB8A93C16343BD5,rel_8524e5e743bb
S265_EDGE_8B474EB76BA5C843326E,rel_7f34b8995c2a
S265_EDGE_8B782E0682C192E7BD88,rel_dd360a8f3843
S265_EDGE_8B84F9BF5191DE750A59,rel_60e204abfc2d
S265_EDGE_8B875BD44DD699E96FAC,rel_b4bcd0f802c6
S265_EDGE_8B8E2B0ABCB2426EF908,rel_2fe713e4c959
S265_EDGE_8B9297CD40B30F6C1347,rel_2d2fd176d9c8
S265_EDGE_8BA18861218DB95EB029,rel_46220372f073
S265_EDGE_8BA19C763D1C9968B3DB,rel_ec98e85faf21
S265_EDGE_8BA2EC03CB827B538B6B,rel_6e31992fab30
S265_EDGE_8BC63EB75EAECED5EDAD,rel_030711b8f9de
S265_EDGE_8BC8856CFB9BE859F533,rel_dd7bf5c32b2d
S265_EDGE_8BCEAC138F611336AEFA,rel_4659c0287e19
S265_EDGE_8BE3778CEC34943BC47E,rel_bc67e1ee3b23
S265_EDGE_8C06152BBFBA6FBD7819,rel_1cd0d31c6f1d
S265_EDGE_8C368AAD7317C7F9FCC2,rel_368535299047
S265_EDGE_8C5A2C9235F3335E6F69,rel_da78df40243e
S265_EDGE_8C6A2F34AD366A7BD744,rel_0440b8535cbf
S265_EDGE_8C822A6B013413D35664,rel_1e1472b1c5d0
S265_EDGE_8CAF42033C1805B56EE6,rel_703a7c68df24
S265_EDGE_8CBD6BFDDF0DE5461BB3,rel_2c905e4d3bb2
S265_EDGE_8CD5F21FDAE43E918D16,rel_1ef82499dbe6
S265_EDGE_8CD6F012B5920539D022,rel_988e7da57007
S265_EDGE_8CE27A0262017FD80AD9,rel_1e29da12da84
S265_EDGE_8CF3EC5D9EE7715A4F5E,rel_2ee7164983ae
S265_EDGE_8D022D0328B6CFE70A5F,rel_606e17d72491
S265_EDGE_8D374A666808AB631290,rel_74afb07fa52a
S265_EDGE_8D3C2D37ED4F802A6EA9,rel_216cdbf2544b
S265_EDGE_8D46D454E2DF33EA95F2,rel_50032b2e3c68
S265_EDGE_8D50E45F987E9B2061B3,rel_1a922eb640c6
S265_EDGE_8D7EEA51584C3430EB7E,rel_922513e52245
S265_EDGE_8D84B6FF312F0A21DA9A,rel_e4095908c7a8
S265_EDGE_8D8E06F44D254EC95A87,rel_db52e2d6dc62
S265_EDGE_8DA836ACDDFA8CE027D3,rel_51f7d0a4bad0
S265_EDGE_8DB72F26EE551DD88C7E,rel_947ee2f5e499
S265_EDGE_8DE8F42D5DCBC6452851,rel_ae12c06e4115
S265_EDGE_8DE9EFDBB5A12AB80CAF,rel_be9b50f88cc8
S265_EDGE_8DFABD9160D53782ACBF,rel_69334a725c13
S265_EDGE_8E18A5E9B95B7F458CC5,rel_31e86bf781f4
S265_EDGE_8E3E298E65F8CCC91334,rel_14b3d49a2ddb
S265_EDGE_8E919099E23B50821380,rel_2cd8636165ef
S265_EDGE_8F2B62CA672F78A0F9A7,rel_021a61a7817a
S265_EDGE_8F4391BA1A887D28CA9B,rel_25c49a7e833d
S265_EDGE_8F5FCE6A7E2633AD3899,rel_fe1b303163a2
S265_EDGE_8F61382ECAEE0C7E2113,rel_cc831717b9f7
S265_EDGE_8F685425BB3E2A4EE23B,rel_406a5e34df6a
S265_EDGE_8F7262496441C9C0B4F9,rel_99b1e7299a2a
S265_EDGE_8F7E07555C46D566D1AE,rel_7840f7a65ada
S265_EDGE_8FA4FA313B272E35B5AF,rel_6bd6d681cdc1
S265_EDGE_8FA5E5E19B6AD92ADF92,rel_8873c2cff79f
S265_EDGE_8FA82BAA780AEA44564F,rel_c676e1639801
S265_EDGE_9036930AB9A67D84ABCF,rel_b40e5b1e6900
S265_EDGE_9043C251F7E0861334CD,rel_97df73ffc455
S265_EDGE_904EC571D8972A2D0634,rel_e07cf55c5f2d
S265_EDGE_9096912930BDA7DC5E2A,rel_1775fcba044c
S265_EDGE_90AAC574509A65D96963,rel_50dcbd498c2a
S265_EDGE_90AB4103A4C42EBAE736,rel_d95fbe1f50c0
S265_EDGE_90ADB3F3FD004DADDDDD,rel_eabe63a61439
S265_EDGE_910242C1B686A1CBE9C9,rel_d00d354ab1f8
S265_EDGE_9139CCDED84955D76DF7,rel_eec18b2c0e96
S265_EDGE_916C01B2BCBA761D5263,rel_bdec5f6d8294
S265_EDGE_91A91642276E6BDA83FD,rel_b46df0b58949
S265_EDGE_91AEF8F55573F3D053AF,rel_c6e81e3fecb5
S265_EDGE_91BE80313C442C120D6F,rel_f8d79c9144b9
S265_EDGE_91C8EE1CB6DB3781B6EB,rel_1896bd6d3055
S265_EDGE_91CCC2A14B059FF8A08E,rel_217ea3e09c3f
S265_EDGE_91E6892956D853B0DF68,rel_8f91955c1d70
S265_EDGE_91F5873C6249A0841C52,rel_439250abd50f
S265_EDGE_91FBF3617E62FD3031E9,rel_92a021640fda
S265_EDGE_91FF8DC7D38FA75410DC,rel_fefd8e575df3
S265_EDGE_925622E85F7EC7BB8975,rel_c610078dbcb6
S265_EDGE_9258E646C9BA293ACBCE,rel_aa9075bb7d6a
S265_EDGE_9261406E3A3AC3E44784,rel_8c68ec395c87
S265_EDGE_926F336DA40873FC4B07,rel_b288637655a4
S265_EDGE_927C4F8E7BDA4CCE2BB3,rel_eb4d91c8a215
S265_EDGE_927DF35780227900BE37,rel_b91d2ab33e25
S265_EDGE_92A7BAF810E340A20B05,rel_0738c1fcd546
S265_EDGE_92AF4529BD3E6BEB30ED,rel_1b71372cd1c7
S265_EDGE_92B60B253D33DAB19D70,rel_679183e96e4c
S265_EDGE_92BE47CBA7571188DD6B,rel_c3d540266812
S265_EDGE_92D07C6FC68D280629CB,rel_9288fa7b389b
S265_EDGE_92DF299E849A95C0F92D,rel_e6811501d95f
S265_EDGE_92E53F5C4DA8D2C80C90,rel_e92548a0bce3
S265_EDGE_92F14433DA3D379D2806,rel_856591ff5668
S265_EDGE_932670B712D2EC2E43F3,rel_dcbb28d9675a
S265_EDGE_934490E4C870F4CEF93E,rel_a141f3662c7e
S265_EDGE_935188C1866B5AA286A2,rel_ec3b2b022e42
S265_EDGE_935E29F1BA1FEF227EAA,rel_ea337e7702c1
S265_EDGE_9360EF7A6AEE3DCD0F64,rel_1f7f012dc535
S265_EDGE_93616E38E724A612CA9E,rel_23314c43433d
S265_EDGE_936518F1330F16AE5D11,rel_7562b0e0fa8f
S265_EDGE_938F36AD9E2BD3CDBF12,rel_5255181e246b
S265_EDGE_939F16C13AE0F339AA85,rel_39fc95c9fea9
S265_EDGE_93AAAD4F84177D827258,rel_8e8c9957989d
S265_EDGE_93E1EE96C7D4D785E130,rel_de3db200bc3b
S265_EDGE_93F4F90458187F7AF4AA,rel_ad8b157079d2
S265_EDGE_94110C50A5F418141E94,rel_4c27ca0e41f5
S265_EDGE_9434BCB641B8992BA7B8,rel_a02e55358c56
S265_EDGE_944453F8872AB05D0C4D,rel_941a9e85630a
S265_EDGE_9446AB6868548359C772,rel_ca275151b0bb
S265_EDGE_946E2D289F091D02C6D9,rel_c86d3155b472
S265_EDGE_94709B9D7B620D54A593,rel_b3c0a9771cef
S265_EDGE_94833B140257B7B5CD11,rel_cc7a11826ffe
S265_EDGE_9495B449409F8897FE24,rel_69940b53440b
S265_EDGE_94B47E80562D96DA432A,rel_b161826aa150
S265_EDGE_94B71D81DFACEF33EC6A,rel_b1a5c1323cbf
S265_EDGE_94BB3250253DF4E92592,rel_dabd6b55d82f
S265_EDGE_94CC13CE7DD3E9D717D4,rel_c94dedf81708
S265_EDGE_94D39376058ACCD0F329,rel_72eeca4411a6
S265_EDGE_94D79DBA4DFF4C0DA7F4,rel_270e73e2e017
S265_EDGE_94E1321092F7A016CD3A,rel_dc2c601893d8
S265_EDGE_95154EE46D6D764BDA35,rel_4a13cbbf1c47
S265_EDGE_9519DD53077DA6F948A4,rel_042afb4dda88
S265_EDGE_955AE21C1837E69FF62D,rel_e125145ea950
S265_EDGE_95665B0ACEE3B4EAABE1,rel_0202cd4070b5
S265_EDGE_9567057A890C5B1FF3B9,rel_c8c9e48ea12a
S265_EDGE_9569F7FBA6FD4E1926B0,rel_06a4bf053dcc
S265_EDGE_9587CB214DCD10AD643C,rel_7b2f87effcab
S265_EDGE_958A5EF2ECF1D7CD922B,rel_6d302f93197e
S265_EDGE_958FA9A43DB1ED996EFF,rel_aa73c7ccfcbd
S265_EDGE_95942E855C7CB9C6BBE5,rel_b1ea105738c8
S265_EDGE_95CF7F4A80679F3ED6D9,rel_849a89c859d6
S265_EDGE_95D78DD6671B576F1AC3,rel_8b65b1a85790
S265_EDGE_95ED9E73221E82EC1651,rel_8fa756035aa6
S265_EDGE_95F926B48218C6FD56BF,rel_5b783ea2efaf
S265_EDGE_961BCD40C0169F221553,rel_07897cd8439f
S265_EDGE_9629A31206FBA44BAE1D,rel_d025b6bcb39d
S265_EDGE_96343E96AA2D7D3AA682,rel_ed5f17f57683
S265_EDGE_9660B7FC39AD6BB91A6C,rel_4abfaac85953
S265_EDGE_967855AFA085A500332E,rel_2b57758b12bc
S265_EDGE_968E5B6DC8E32E05303B,rel_8e30cd1233de
S265_EDGE_969162A97622858FF006,rel_58d233ed086c
S265_EDGE_96B4DDE2D9495A608AD9,rel_b3c464ecf4a8
S265_EDGE_96BA273124996FD378C2,rel_9dcd9732ed47
S265_EDGE_96CDF8BD49B4F0D65BE1,rel_f75f5a3ca1ed
S265_EDGE_96E13C627BE337D47EB3,rel_faa8ddc0fea4
S265_EDGE_971FC55A240E37B46D39,rel_112f10268a25
S265_EDGE_9753C40ACD35C9589138,rel_2c318a351d15
S265_EDGE_975E34D0CC1153B89587,rel_e3f83d7d535c
S265_EDGE_97841AEC361D21EB329F,rel_098c05f9ddde
S265_EDGE_97C3CABB8CA65C1FA175,rel_4f82c35c82c2
S265_EDGE_97C58533A8BFBC9B4DE7,rel_894cf27315ad
S265_EDGE_97C81FDF8B5EAAA3C881,rel_3152f8438947
S265_EDGE_97F646E0B4B8B6003F6A,rel_b4f60af3ccc2
S265_EDGE_98058CD74BA37740DC4E,rel_a417125fcb73
S265_EDGE_98171440C280CF183450,rel_1a2aba4a7f8d
S265_EDGE_982F1483CE099FD1A90A,rel_a2b07d6df1ed
S265_EDGE_984A292C7A2B92FBEEE1,rel_a4150fd6b208
S265_EDGE_98639563CE1372E260F8,rel_e867f5a66690
S265_EDGE_98655404973AFF4F12D3,rel_1aee536f828c
S265_EDGE_98A8FB0CCF4A2EF45EE2,rel_cadfaa2ee15f
S265_EDGE_98B60749CEB72953F6A4,rel_88dbe2c4525d
S265_EDGE_98DB707E26195F94F19E,rel_962023b37b12
S265_EDGE_98EB630B65A981C52D11,rel_f1d23c1a6c69
S265_EDGE_98ED81DC986C42CF3FE0,rel_2abb80da6131
S265_EDGE_98F9EFFCB94A0C137DE5,rel_abb9869486b1
S265_EDGE_992A06FFBFED373206E0,rel_e2d8bdaa7094
S265_EDGE_9937CC68667E1EF931C1,rel_85861eacde1e
S265_EDGE_9940E046B2066CDE8295,rel_06988e439d86
S265_EDGE_994C3BEF31EA5B82AADB,rel_764607a957da
S265_EDGE_996DC878225C2BACE26B,rel_c540eb3e4cfc
S265_EDGE_99734B7C274E870D4199,rel_27753f18c2f6
S265_EDGE_997E0A0E5D95C51B4FEA,rel_b6645e9ec12d
S265_EDGE_998A8B73E7E701B01E35,rel_5b48703209c0
S265_EDGE_99A92C11DBAC3DE455BC,rel_8a3ef587c3e6
S265_EDGE_99ADC8C963FFD6F797E9,rel_8ea32ff7e6cf
S265_EDGE_99E5F983DC516DDE7446,rel_45753fde5718
S265_EDGE_99EC3ADB9E8F694EBACB,rel_b3864f7205e2
S265_EDGE_99ECEB979DDFAA471AA1,rel_9a27820b3e64
S265_EDGE_99FF3EF6FE886BCF7D88,rel_f61d9c944689
S265_EDGE_9A04DD6D92D1B7E30F67,rel_b5e8ff595dcd
S265_EDGE_9A1B8659C1958469013D,rel_8b4939103c0a
S265_EDGE_9A33EE407328631E3BCA,rel_b9468c8673e5
S265_EDGE_9A3AB9C2346429CCDD1E,rel_2c0f4333cf45
S265_EDGE_9A49176799722E44CAD1,rel_f16e02bf069e
S265_EDGE_9A4E4FB339BA6435FB8F,rel_e97e6ff6f211
S265_EDGE_9A6D0F797D093EDF011E,rel_9d774cbd064e
S265_EDGE_9A70FD7C0A85751476AD,rel_cf35f26fd59e
S265_EDGE_9A8AB0B2EE52DFCC1C27,rel_d5d15681fd51
S265_EDGE_9A9F9C332763E1B9B692,rel_f644afc0940d
S265_EDGE_9ACC8BD804033A7F8A18,rel_3af252ca6ec2
S265_EDGE_9ADCCA1D3DDC09F7E193,rel_13c7d4b63440
S265_EDGE_9AFF7B54635548F95AF6,rel_afc18c8b6524
S265_EDGE_9B039ED2218F4F0FEE26,rel_9ef52144fcf2
S265_EDGE_9B06F4B89E13BF81D0CD,rel_ecd663077867
S265_EDGE_9B07BF403FC459719896,rel_9e2c1f058c84
S265_EDGE_9B15F54F9BADB13EDF81,rel_b17723d8c801
S265_EDGE_9B1694A43294A171CA51,rel_e649a626a5cb
S265_EDGE_9B253002885DE85F4693,rel_6c5c7cd21dda
S265_EDGE_9B3793FC84389A4CF7B3,rel_afcaf31c1e01
S265_EDGE_9B613F97FF5A6C6BD51F,rel_63d1297e0b12
S265_EDGE_9B804128F5F5F3773279,rel_97aa7ff5b324
S265_EDGE_9BB1F91C1FB7B08FB463,rel_1c3d54de2c47
S265_EDGE_9BBB0C909AA47D38C287,rel_f0f22281eba4
S265_EDGE_9C0DB4A4A54A54843CE1,rel_40af2a190a00
S265_EDGE_9C3CAC148310C2F6AF3C,rel_5e569b516482
S265_EDGE_9C3F72B09094D8364F5F,rel_972e7cb51a47
S265_EDGE_9C49092E1DFC2D010792,rel_4ed40ba5b444
S265_EDGE_9C7B0366B30151E95D5B,rel_f9593a8eb47e
S265_EDGE_9C81D798935E22B34FB5,rel_b98c9f3a6f3f
S265_EDGE_9C872B408F894CAC02B5,rel_318072f74eeb
S265_EDGE_9CB7D03D2D1860DCA07A,rel_4a814738a777
S265_EDGE_9CBC3C20790E8D214231,rel_2e34f497e64b
S265_EDGE_9CC0BE270FB6EB4F2322,rel_f1169de38664
S265_EDGE_9CE37FE42CBC89EC5F40,rel_7420100b5587
S265_EDGE_9CE3CAD25AA98550689A,rel_3bea943a5b23
S265_EDGE_9D0BC17C41776DAB27E6,rel_64596f010436
S265_EDGE_9D1D1C4858A76F624CBE,rel_bf5a2669b9b3
S265_EDGE_9D3A78650A3424311345,rel_5f026193492c
S265_EDGE_9D515BB69E023E1EE999,rel_185c0d38000a
S265_EDGE_9D518A8AAAAC54AB538A,rel_ffb22d32bcf3
S265_EDGE_9D5D85FA59C1049FF471,rel_5556dbd4f5ae
S265_EDGE_9D6034B3C463D972C1C4,rel_6884d99177d8
S265_EDGE_9D79BD01355FDD1A7321,rel_c060b7bb11ad
S265_EDGE_9DD7D3F664A9B8F37BE5,rel_c0f4a58c4ded
S265_EDGE_9DD8D73A19F996A29779,rel_dd7ca6e478f6
S265_EDGE_9DE79C96CC34B987E683,rel_9929bc0eeb29
S265_EDGE_9DFE825542572B4A06D9,rel_80230d20c002
S265_EDGE_9E0DF009AB7D53AE586F,rel_fadb2bfe5430
S265_EDGE_9E16F9EC7CD09A5672D9,rel_4843b0402d73
S265_EDGE_9E1976B90F1B83364463,rel_fb57c542eb64
S265_EDGE_9E1C8D935A7D69EFAE39,rel_2b49cd7cc007
S265_EDGE_9E65A4BEDAAE696E99FB,rel_1ba365aedd98
S265_EDGE_9E6782A7E4963C83D686,rel_f0aecb87f529
S265_EDGE_9E89BBA93FF023EDD099,rel_9398af44ebfe
S265_EDGE_9ECEAD0F5B7A42397839,rel_d0c8d7fc28c9
S265_EDGE_9EE8799B7BD75EA4487B,rel_da99de294b2f
S265_EDGE_9EEF1C22927229F4DA67,rel_509e2d5e1860
S265_EDGE_9F04FBAEC56D73D73268,rel_953655babfa6
S265_EDGE_9F0AD3904471F7241275,rel_6990419e07bd
S265_EDGE_9F3E8C1D0CE8427D705C,rel_d9e757fd2f10
S265_EDGE_9F46B20790E2EC4E7EA5,rel_eeba2220a792
S265_EDGE_9F59CE68BA466C73996A,rel_f7e5ce608b7b
S265_EDGE_9F5FC2E0B6A0E080C15C,rel_7d18429ab956
S265_EDGE_9F6935388DE18F909B11,rel_1c0106b3d400
S265_EDGE_9F7CF5994370A766CFDA,rel_d67704c7d224
S265_EDGE_9F9F0EDC5FC0976D418C,rel_cacfbc06996a
S265_EDGE_9FAFE440B68DB3CD9544,rel_d9ee342fa367
S265_EDGE_9FB9644F7F93B3497060,rel_440c6c2b82dc
S265_EDGE_A01F518138891BAC3A4B,rel_341d460f8b8c
S265_EDGE_A0263402ED6FACD5CA6F,rel_2dcdf8c8340a
S265_EDGE_A06B918BFBFAFBF56C23,rel_190eb20dc19d
S265_EDGE_A06D6FABEA100B613C3B,rel_d000ce0c5eea
S265_EDGE_A07400EE9A0D70ED53B9,rel_c5c29c0b95f0
S265_EDGE_A093D34A5F06FC648112,rel_13f29fc61ba1
S265_EDGE_A0BA7A81FDA135E69909,rel_697eff352925
S265_EDGE_A0DCDB0DFFFCC6B44D3B,rel_29e0d4d25429
S265_EDGE_A0DE457CD63EF6C02DFB,rel_a6f309a53eae
S265_EDGE_A0EBA8FE8CD06A025C09,rel_e017c6a45dc7
S265_EDGE_A102F012914CE138148D,rel_d13892a20f50
S265_EDGE_A10A5EC83CEC69BEAEDF,rel_5ec62e572d55
S265_EDGE_A10AC465783F7CE95446,rel_c3c7b9863a7e
S265_EDGE_A111E61C09E17C1E73FE,rel_e73c17f1aeff
S265_EDGE_A140F07E285BCB7FA19B,rel_5f6337b0085e
S265_EDGE_A143443310AC20E05E6A,rel_ae5cc7265c35
S265_EDGE_A15B46C44258A56F9CBA,rel_a1b4fb77cee8
S265_EDGE_A15C8553C4861DEBFFC2,rel_252943b89b17
S265_EDGE_A1AB7072F889AAA9C09C,rel_693781aa0da3
S265_EDGE_A1BF2C6BFBF1AD92402F,rel_eb355f0b1af6
S265_EDGE_A1C39D59F0A75285A8D9,rel_dc6136258375
S265_EDGE_A1C69EA1FB483BCEED1B,rel_93acaa9a94e8
S265_EDGE_A1CA47F3B44DFE9AC8EF,rel_fc82e22d4a55
S265_EDGE_A1D4BEDD596A04F94CD6,rel_a63b09f394d0
S265_EDGE_A1FDAD24DB7A69BBE88F,rel_5ddfc17bf766
S265_EDGE_A2009FAD9716C1FC3E4C,rel_2df34b3cdcb3
S265_EDGE_A20E595F7D6C6D71B255,rel_5eb2c518de3d
S265_EDGE_A21A49591CA6705B0D26,rel_4b50008ad69b
S265_EDGE_A23A080DB8805C0202C7,rel_5e3e1c0d08be
S265_EDGE_A2566B2A1360865CBA7C,rel_d86340b54283
S265_EDGE_A2743BF772AEDCED89B4,rel_eba96b8ae39d
S265_EDGE_A27DDD1C5403705186AA,rel_5cf376a25422
S265_EDGE_A291973F43D189161813,rel_94357ccd2971
S265_EDGE_A2B489DC3116144831C2,rel_72a221b9f328
S265_EDGE_A2C2DB3D8DAE2606F152,rel_2e83d833d963
S265_EDGE_A2C81566AFF5C2C08CA2,rel_a60e4129a45c
S265_EDGE_A2C937CE600AAEDC3B2A,rel_d71179af748d
S265_EDGE_A2CFDF1F50AEC155A81A,rel_9412bd1d6843
S265_EDGE_A2EC47FD49EB1025BE52,rel_9e527624b9c5
S265_EDGE_A32231C7CC8DB7C7BA54,rel_f7071a587d9d
S265_EDGE_A331ABC2D6B27AE1403C,rel_7e690446cdee
S265_EDGE_A3880A6674A3F071170F,rel_974ebc7f3d49
S265_EDGE_A39A3ACD26407614C2BE,rel_c931d06b67a4
S265_EDGE_A39B712E7404F44E8908,rel_f75c33895761
S265_EDGE_A3B90E40D45429F7ED70,rel_dc711756cfe5
S265_EDGE_A3C09EFB7AA6AA6E1CB2,rel_be88b6227308
S265_EDGE_A3DA7E12EF98B0DD6FB4,rel_62a415187b3c
S265_EDGE_A3DD8E8822A38FFBC980,rel_118e9014c5bf
S265_EDGE_A3EEC9420A6836606BE1,rel_e69c12e4c6b8
S265_EDGE_A42F888D039A2F012364,rel_12a39443fc01
S265_EDGE_A43656B06E9EB3EE06F4,rel_c098e5e1c485
S265_EDGE_A4401DAB2B52CA380ABA,rel_bd7d086432a6
S265_EDGE_A449F4BFCBB91F3EAD6E,rel_f3cffb644ed7
S265_EDGE_A469B8FE53E87715612F,rel_bcd6734f6389
S265_EDGE_A499D6FFBF177A766FA4,rel_0152e4a96f0b
S265_EDGE_A49C9D66509791EAD31B,rel_eb5143570f3f
S265_EDGE_A49DB03AE192536682F4,rel_9197bed1f4c8
S265_EDGE_A4AA83698EE190D9B244,rel_55b18d4b8f8e
S265_EDGE_A4B9CAE6C531BE7093F7,rel_c44ec624c3ff
S265_EDGE_A4C0968A045E2F74A0F0,rel_c97f90aca14a
S265_EDGE_A4D77F906C7C25E5A5B2,rel_180c1125ecc7
S265_EDGE_A4D88E2936C5884AE14A,rel_217159c20fbf
S265_EDGE_A4F4738B60E9E9E93713,rel_4012a9acb2f0
S265_EDGE_A50C4CCE2F7DA0F4B57A,rel_9f32f33b31e6
S265_EDGE_A5104123F39A6C3258D5,rel_005172a1fcf2
S265_EDGE_A5239C50720F8E6733CA,rel_0921d3c7e29a
S265_EDGE_A546D46211EA633B1C78,rel_f971a43461ce
S265_EDGE_A57546D577B89FAE930C,rel_11affcb1acb2
S265_EDGE_A578CF12EBF625ABB96F,rel_6650366d40d6
S265_EDGE_A5889B70ECA386D6A165,rel_c5df7c269277
S265_EDGE_A59AE60C2A2928072DD7,rel_fe1cff509cbe
S265_EDGE_A5A630B0BFB995695978,rel_14e28220c51d
S265_EDGE_A5AF6FC734109E4296D5,rel_37bc5b627b8f
S265_EDGE_A5B5ECE438F0B0852EE4,rel_165be2439de2
S265_EDGE_A5C184E0B5A29F5F7D71,rel_2f1847f8ce68
S265_EDGE_A5C9A4C8679D0841DE7C,rel_2bd0677e60a8
S265_EDGE_A5E5AB63D0B64DF6E785,rel_0c83ed152367
S265_EDGE_A60527DC46A448489660,rel_651dcd340b88
S265_EDGE_A60F25F81705C647B97A,rel_bfe9b9836a0a
S265_EDGE_A63EC6293B03F7A85EC4,rel_562315ba57a5
S265_EDGE_A65229FF10C7FBEAEEB1,rel_1753a3dad2e3
S265_EDGE_A678C5F261334EF474D2,rel_053c0363bb14
S265_EDGE_A689510365542F8D5E57,rel_bdbc0813f6cc
S265_EDGE_A693A90E9DCF37AEB268,rel_a7135f1a33f7
S265_EDGE_A696C0267995C26D7677,rel_fab3505362ea
S265_EDGE_A6BFD080374F1DA336D5,rel_cdf8faf3d07b
S265_EDGE_A6DF05CFE58A34A4462A,rel_d42995d925b8
S265_EDGE_A6FA471989EFBF530644,rel_ef5863c101b9
S265_EDGE_A6FC7648C25EEA40DAA4,rel_32df2c4d664b
S265_EDGE_A72603970E7501B0FDEB,rel_aab4d8c5413f
S265_EDGE_A736A464CD5BB9998094,rel_f5ffb4fb54c7
S265_EDGE_A737A2B982AB9716CF81,rel_e70e701676f8
S265_EDGE_A73C06552A6BFF4285E1,rel_1903c7fc319f
S265_EDGE_A74298C7E74524815CFB,rel_9f7ddfe6ca72
S265_EDGE_A746F35963B91BF596A9,rel_09108f224c65
S265_EDGE_A7792D8CA538E9A28C90,rel_0419e496c86f
S265_EDGE_A78E051BE97E7117E064,rel_3d63ad4e4e98
S265_EDGE_A7960ECA8EF5B4516D96,rel_a88459c814b5
S265_EDGE_A79D96175E3B370D73A8,rel_ea4e151354c2
S265_EDGE_A7B3FCB459A78DFED924,rel_72f0e1090a8b
S265_EDGE_A7D34B5EC531D9BF93CD,rel_ca64099bc44d
S265_EDGE_A7DD1310C69D14658B92,rel_c39091bcdae0
S265_EDGE_A7F3518E1EE42C8FB6B5,rel_fc18ef496178
S265_EDGE_A7FB86B7D21E367E64E4,rel_227de155f2fa
S265_EDGE_A802CED57CAFAB828EB2,rel_1f71403f532d
S265_EDGE_A8098C8A264115E77B73,rel_468db6e97983
S265_EDGE_A82777EC4D41B921DC43,rel_3849783e3938
S265_EDGE_A8768B8D513B4B04907C,rel_25ef4704924c
S265_EDGE_A88B302A57B19C074BB8,rel_2245d64bc128
S265_EDGE_A89FBA71209774645C91,rel_931329902e93
S265_EDGE_A8AF013865151223E64E,rel_d422e1931210
S265_EDGE_A9043CEAFF024205671F,rel_a3f3b2d8c086
S265_EDGE_A90ECF92F38360FA69D3,rel_25677c1c5d52
S265_EDGE_A914E6D961F55086EC13,rel_e0211f7e487f
S265_EDGE_A9379687E030A1D7F442,rel_4022a0946649
S265_EDGE_A9411261873C543EA807,rel_cc3649b1c627
S265_EDGE_A94BF36B95D4D28485D4,rel_56f834632cd8
S265_EDGE_A94F4D942BAC889F63C0,rel_bfa1a2e1d21e
S265_EDGE_A966E8C6696AD2BD7471,rel_382b40847d5b
S265_EDGE_A97CC18AA11DF0588F15,rel_4cf3bfbfae71
S265_EDGE_A9817154A37678D3FA8B,rel_48dac59a51bb
S265_EDGE_A983986F0B206025F8A2,rel_b7725326da9b
S265_EDGE_A984DD78044D3A594A31,rel_ed811709d6cb
S265_EDGE_A987A56BA6763968BA45,rel_3f1979151975
S265_EDGE_A9A0E6EA237F1F11C625,rel_f87251672a3e
S265_EDGE_A9AAB2A322D05BC9203D,rel_cc2ed951539a
S265_EDGE_A9B210F6FA1581F82107,rel_5ec2d2cfd9b2
S265_EDGE_A9E71964A9B209DC51CF,rel_7e657612ae39
S265_EDGE_AA42EB2364CA836554CA,rel_dcb8bf35853c
S265_EDGE_AAB95EE241272880B099,rel_024fbe8a4f49
S265_EDGE_AACB835AFD92252FF73B,rel_e140396e6ebc
S265_EDGE_AB313187BD9B2411BCE3,rel_4373f02e6a3b
S265_EDGE_AB378EB99E89DA873744,rel_46864ad86b8d
S265_EDGE_AB4699EE6994CB0F1D4D,rel_449650d18921
S265_EDGE_AB4FF2F13A9C75676A65,rel_5fe345ac0167
S265_EDGE_AB80CDE74C373CCCA174,rel_92498d917e12
S265_EDGE_AB958E6E76328623B3B2,rel_731248c9c7f3
S265_EDGE_ABA973A4518C93090F06,rel_4acc78ce2e32
S265_EDGE_ABC02DAB22BF8BE758D7,rel_a20aeb632d17
S265_EDGE_ABC1347DB430E98677BE,rel_f6a9708d338c
S265_EDGE_ABCF8C46686D89F54B9A,rel_6c460f923ab0
S265_EDGE_ABD0C6B4D928CB5B4F45,rel_6257183454ec
S265_EDGE_ABD5BAA0FF8D09CFBF46,rel_c332f4c51a03
S265_EDGE_ABF1DECBCCCC7CC80CED,rel_1cb3981207ff
S265_EDGE_AC21F811F81E78BD8268,rel_b1a52de7a051
S265_EDGE_AC35D68FD33E0E5C62BA,rel_8adb6048c84a
S265_EDGE_AC4C1FF03D0F16BE6F49,rel_4b276f202b59
S265_EDGE_AC88BFCD85366D7091DC,rel_546dc9421e61
S265_EDGE_AC92E5F4D0001D15BB34,rel_52fd21d39220
S265_EDGE_AC9725F1A0C46AE60DFA,rel_9e0520f8e818
S265_EDGE_ACA2B07BD9C29947A6DD,rel_cd937c86562e
S265_EDGE_ACABDB28A7F58B8A8DD7,rel_0528d1654d39
S265_EDGE_ACBBEEACEB6AA8D06CA0,rel_c5e2f9d099e4
S265_EDGE_ACD2C4222AFFCA20CCD8,rel_9da0e455cfe6
S265_EDGE_ACD728BE078A16B806C2,rel_11cebfe14fd5
S265_EDGE_ACD9AD7C25A71839F737,rel_afdc79e03dbb
S265_EDGE_ACE4495F718C79FC5754,rel_e26688ccf99a
S265_EDGE_ACEE8967C1ECF10E5609,rel_8ad4d5f9a5e7
S265_EDGE_AD387E9715F33AF49617,rel_37ace87a48e1
S265_EDGE_AD4FD211BCBCB8945AE7,rel_2df0aa3df90b
S265_EDGE_AD82DCE569E01F39DFF7,rel_ac832e3caafd
S265_EDGE_AD84D3E1F22C684654D6,rel_72f93fba879b
S265_EDGE_AD8AF62CB35BF01BD2CA,rel_852bdbc956a7
S265_EDGE_AD9EA0790FFB576975A8,rel_38570b8e500e
S265_EDGE_ADEA6C8BBBE56001EB9A,rel_876715252cd6
S265_EDGE_ADEB34B61D43D73A7155,rel_d06e14cd8bc5
S265_EDGE_ADFAFE97F06E4B3B9025,rel_d4d783382650
S265_EDGE_AE3A516CCE62602EBC8A,rel_be12dfb00e4d
S265_EDGE_AE3BDFB1CA25E51F3E83,rel_43ff3a4cf32b
S265_EDGE_AE5038A82284B37DE4DC,rel_219641123506
S265_EDGE_AE680EB9A8837EE2F3CC,rel_bb4e4c13ca72
S265_EDGE_AE73626D98A86779D79B,rel_086cf0c96163
S265_EDGE_AE781367DC0CFB772780,rel_f38b9a36a37f
S265_EDGE_AE8FE8C3AD9B24947CB0,rel_bdd3e3259813
S265_EDGE_AE97C0492DC375D58C47,rel_6efb40918c2f
S265_EDGE_AEEDF9E657A0467E861F,rel_17e988601e71
S265_EDGE_AF1E39DD42BD91C2CC81,rel_9ac768b60fe9
S265_EDGE_AF58831AA7E7AC01707B,rel_184c39a3515d
S265_EDGE_AF59772C4F0F997C27C1,rel_35fc7ed912d3
S265_EDGE_AF683E89BC5FA2F13CFA,rel_fead4c7de8eb
S265_EDGE_AF6D0F7BFD70BCCC44E9,rel_da3806f7dde4
S265_EDGE_AF86B1F241E332206BF9,rel_06d19edec95b
S265_EDGE_AF8AC7177F2743418267,rel_1cfb8729dc7b
S265_EDGE_AF91354A988E1EFA6C9F,rel_6232c15ab06d
S265_EDGE_AFA3F89CE6D5621745C6,rel_321bcb185191
S265_EDGE_AFDA691F11A455F0BA2F,rel_377bdb688b8f
S265_EDGE_AFDEDF5E230DE5DDEEA8,rel_158e4fd0ea90
S265_EDGE_B016211A935D4DEE4BA0,rel_bd8d4368a98d
S265_EDGE_B01924AAB4991CFC9901,rel_d063b57cb8e7
S265_EDGE_B0295983CB20D5A83503,rel_76a19981d674
S265_EDGE_B02BB6790E8D7E558315,rel_1fad4dd64c40
S265_EDGE_B039A8D7DAD23B1282D3,rel_df564a7acda8
S265_EDGE_B0426EC8D972E2F8D237,rel_c920f15143a9
S265_EDGE_B04A4197415E4E048963,rel_c08a218aa001
S265_EDGE_B04BC867C526F7623946,rel_6c60c982f9fa
S265_EDGE_B04C90C7660E5635F083,rel_fbf1fef8a45e
S265_EDGE_B0597BB4B4C1E0D6B114,rel_a0e4202b39a0
S265_EDGE_B05DDE622CF21DA39C3C,rel_267e0749c2c1
S265_EDGE_B07E2CAF5330C9065327,rel_5b692817df38
S265_EDGE_B0827712A7BED1AF82FA,rel_881fec8b18b9
S265_EDGE_B09E31E23E6CB46799CE,rel_19881c79e265
S265_EDGE_B0A6F569909CBAE57788,rel_93dedf26eddb
S265_EDGE_B0D628D87608672C1675,rel_fe0ee6f5e52a
S265_EDGE_B0E85CAE8980C7BE4B9F,rel_89ce939937ee
S265_EDGE_B10083F2420979BEB91E,rel_0c544170b64d
S265_EDGE_B109F54ECC9843EA1177,rel_420d8ab88d6d
S265_EDGE_B111D0778F44A51E9F49,rel_8ad09b71526d
S265_EDGE_B116C7D9152E5C7E2CCD,rel_7f69c0112ff4
S265_EDGE_B1184D9780C4B3F2F949,rel_645b31fdb13e
S265_EDGE_B11EF350BF4FC24A8C82,rel_2319e4c94343
S265_EDGE_B13ED23450DF5785635D,rel_2ca9573277be
S265_EDGE_B147FC1627E0655FF366,rel_888115d51d51
S265_EDGE_B1673764DD6E1605D78B,rel_5a5316631efe
S265_EDGE_B1730B33026D8FE08E8D,rel_455c5612a8cd
S265_EDGE_B197A26264BB4BE02311,rel_94efdf9422f9
S265_EDGE_B19D124C535ABA0AB8DB,rel_fd9a648df9be
S265_EDGE_B1A2E6450BA81D41FC2E,rel_626633e28460
S265_EDGE_B1A3E72A38E763F73F3B,rel_bd2f5031bab3
S265_EDGE_B1C22985FA9CA2056F49,rel_2e8167ace23d
S265_EDGE_B20FB25F41F12CBFA022,rel_1509d3b8864d
S265_EDGE_B21551A8CE75A56ED165,rel_67f0ec7590fc
S265_EDGE_B21847FFA64D76C4C9A2,rel_617a2417308f
S265_EDGE_B2318DCE0F05A2928E2D,rel_c97f272f4bae
S265_EDGE_B23F3CC33E46688BBE99,rel_3c3871c92da7
S265_EDGE_B24019A2F0553F88D3D3,rel_bfdae9bf594a
S265_EDGE_B24539FFE68CB1D67053,rel_f3d31b32c86b
S265_EDGE_B24DB0644A2CACA21DB5,rel_58e3f43dfd93
S265_EDGE_B24F53B50C0B1A4E26B8,rel_d27c16d2cf7b
S265_EDGE_B2693C7D7A2104383E77,rel_984fadbb2b5d
S265_EDGE_B26E62EDBAD3271B5F4C,rel_58abf8fcbae4
S265_EDGE_B2B96D5A577A7723EF8D,rel_918d81b85382
S265_EDGE_B2C7FB4D3D6612C5096B,rel_76ce8e8734cf
S265_EDGE_B2F1E70047DA0EE90F3B,rel_06d6e09a4efa
S265_EDGE_B30698FDF2011C65447F,rel_adda38791cca
S265_EDGE_B30E5F34B67B6097EE91,rel_621d57d997c5
S265_EDGE_B3227288AE8A1FCA8195,rel_f50fde0547df
S265_EDGE_B328AA0D8907E690A5CF,rel_a3d99d147002
S265_EDGE_B32B27142390EE90E936,rel_eb03d471aee4
S265_EDGE_B3305E27DC3B08C2C1CE,rel_d411f03db3e6
S265_EDGE_B35DC607D2F8C660CD31,rel_96b9147e44db
S265_EDGE_B36BC7D9B51C8C25D81B,rel_bb2ff037e604
S265_EDGE_B36EB1551666391679C1,rel_cc069ffa3d69
S265_EDGE_B37B0087E9811BA68F82,rel_d60cf2de329a
S265_EDGE_B3926F83FB1FF11966FA,rel_c0a97efe4eb2
S265_EDGE_B395E9F011869642F0F9,rel_d984e20b067d
S265_EDGE_B3BA46926D4E3485B96A,rel_fecdb6ba19f4
S265_EDGE_B3DD702B5E3AEF9D98B0,rel_4c9265998814
S265_EDGE_B3EDEA78107968482543,rel_6e315a287618
S265_EDGE_B3F5814692DB44EC8037,rel_8c57e50a2adc
S265_EDGE_B41E6EAC09AB853319AE,rel_d39889e376f7
S265_EDGE_B426D3F0E159EE3BCF2F,rel_bc9bbeb17b22
S265_EDGE_B4379C1FC3D2EA0AE3D6,rel_ea18f1b846d4
S265_EDGE_B46C5B4DD6CD362BD903,rel_2f39962f5f46
S265_EDGE_B48F78CF6925741380C8,rel_df3f146434d8
S265_EDGE_B4BE5F52F72D36A9AEA3,rel_b8ba105a9c9b
S265_EDGE_B4D3D77FCA5CA70B6003,rel_703612ef3403
S265_EDGE_B4D6E9A9A792B2E53375,rel_7098e66dda02
S265_EDGE_B4D76BD8084A93833434,rel_8ae5b48992b2
S265_EDGE_B4D7967B0ABE5858993A,rel_fc677d24b758
S265_EDGE_B4E427F7EED41EE45F78,rel_84fa8063d7c7
S265_EDGE_B4E49DE767903158DF05,rel_c6c7b53dea41
S265_EDGE_B4ECE27D633722EE59CA,rel_610a7cfa7d3b
S265_EDGE_B50ACB393166F92F6CC4,rel_aefe3bb9433a
S265_EDGE_B5349E436D9109516E55,rel_9981ac179ed9
S265_EDGE_B54B44F4943E66B308D7,rel_b8f4f807cecf
S265_EDGE_B551A9F41268DCCAD698,rel_cf22497bc438
S265_EDGE_B5599B4E5C79A6FE11F8,rel_664cd2d5f570
S265_EDGE_B569B26CAF1856E376CA,rel_2f1c05b1956a
S265_EDGE_B577CA13C06DCEAA5886,rel_e36f5dcf368a
S265_EDGE_B5920E99FB0F998908D4,rel_6c434d7f3766
S265_EDGE_B5AA85DA3D7CB6A82121,rel_73904f99e202
S265_EDGE_B5DFE1834E8A96D47562,rel_7da85b8e8a4d
S265_EDGE_B5E048EDF69391AD7C1A,rel_5b4f89dc18c0
S265_EDGE_B5F88692A8B494D4598A,rel_8665366ae53d
S265_EDGE_B5FFAB2ABA77CA976060,rel_f5007e2c3c7e
S265_EDGE_B601B706838C796CA929,rel_a08cedef3470
S265_EDGE_B61189502E080B7AB2DB,rel_3b9223935c70
S265_EDGE_B631B1C70A5D7655D9F6,rel_ef1db4e5ec75
S265_EDGE_B6375FB6EC927293C866,rel_8442bc02d311
S265_EDGE_B6553DB1B85480BAE43B,rel_5d4e2e0780ae
S265_EDGE_B6BD5BE7FE0E833374BC,rel_3aec79ca21e0
S265_EDGE_B6E2FBA264582601F434,rel_c1730860416a
S265_EDGE_B6EBB2F1B1DA8EE81395,rel_9ed8732d5b7a
S265_EDGE_B71C0F0B1633B507F22E,rel_dbbd50d1beaf
S265_EDGE_B72CDD91DC56CEA1812D,rel_41f42fedb8a5
S265_EDGE_B73E9054387871080688,rel_66b137a25116
S265_EDGE_B74CFB8A895D17E99CAC,rel_6ef6fdded189
S265_EDGE_B75AEDF8B54E40CBFF61,rel_1848474dafd3
S265_EDGE_B77CB9345BF3BCCB12CD,rel_2d9dc2e2ebd3
S265_EDGE_B7831623E8D2DCA1CE6D,rel_6d4ad75ed8a9
S265_EDGE_B78E60655560B4D3C843,rel_72d3095af19e
S265_EDGE_B79EB2E7583F6C8186FC,rel_1e5c7d21c2fe
S265_EDGE_B7B446046B3689248E8A,rel_3db838ef103b
S265_EDGE_B7BEF99954BCEB7B6665,rel_66f6e863d2d5
S265_EDGE_B7DB42EE6ABE1851557F,rel_8ab77b255556
S265_EDGE_B7DBC0DC2A4902E5ED35,rel_3ac7cb74e790
S265_EDGE_B7EB011DD5DA72E0033E,rel_0754886729a0
S265_EDGE_B817F9D8FF214089CA76,rel_13aed6defbcf
S265_EDGE_B82E61E37E80C019AEAE,rel_5dac4781581f
S265_EDGE_B844EC5733F6475D23FB,rel_cde444fbe4b4
S265_EDGE_B857FF894C34136C33F6,rel_dacbb73ecbc7
S265_EDGE_B85B6F86760CE464A57A,rel_9f0f3589e337
S265_EDGE_B86A8C77FFC0E93289BD,rel_fe6ad1682cc5
S265_EDGE_B86DEE27DB3496196FF6,rel_9baf88231488
S265_EDGE_B891FBBF75900AF7F49F,rel_49ec6adf905d
S265_EDGE_B89CB2EE5D8CF0589789,rel_90edfa57d44d
S265_EDGE_B8AFFEBEE90A1A43DA78,rel_eb079caf8713
S265_EDGE_B8D340AF966C2CA8B748,rel_7272668fce3d
S265_EDGE_B8E10873074BECEF2359,rel_0d6eaf261146
S265_EDGE_B9339338479D2DE31A50,rel_f02509e79ffb
S265_EDGE_B93F438FD4465FE6AF58,rel_94b0918d8801
S265_EDGE_B95AEC6B1ED8B1A9D4D0,rel_f2ec075fc525
S265_EDGE_B9896FFDAE783B6769AB,rel_15bb165f2e28
S265_EDGE_B9973B844CB2CC7C1AE3,rel_98448a7def91
S265_EDGE_B9B45A9FBDC720C79379,rel_bcf53c47b8d8
S265_EDGE_B9BC8425E9E2975A7DA3,rel_63fc34aca711
S265_EDGE_B9C5253748ACE70DDC04,rel_e6eb8978799f
S265_EDGE_B9EB62EC04A09CE1ED45,rel_b6e37e97bd82
S265_EDGE_B9F0466CCC53E41C030A,rel_f46e9e4e8c69
S265_EDGE_BA090F17393586C8E606,rel_215080ff7269
S265_EDGE_BA1A9922E9B073FCCE13,rel_155baa7fa6b6
S265_EDGE_BA28A4689F97D8D4B887,rel_52c7459d7234
S265_EDGE_BA5F5D46A65A2926CF13,rel_24c04cdccdbd
S265_EDGE_BA7B11D86C84EF6B107B,rel_9f79b855d125
S265_EDGE_BA7B3399993CBCF0F490,rel_44da75d08cef
S265_EDGE_BA8115E6B10B0A54DB36,rel_21ee9180515a
S265_EDGE_BADB4D894C8DA5B2E5C2,rel_2d582eefaa36
S265_EDGE_BAF881108A56E343A40B,rel_f6c5022833a5
S265_EDGE_BB0FEBA076C167543EB9,rel_25f62302af8f
S265_EDGE_BB39EBAC8B3F47407532,rel_3ae1620940d3
S265_EDGE_BB3BE54A4AC8ADFCC35B,rel_e945d4486f0a
S265_EDGE_BB46ADA2FD6E5BACD380,rel_c75e2a49417e
S265_EDGE_BB91C11F07FB5C5F1A45,rel_26c088f32201
S265_EDGE_BB93FBD0BFDE6A263674,rel_821bcca72981
S265_EDGE_BBCE86AB410A5EF4CE30,rel_e9239e46b366
S265_EDGE_BBD578A8C4EFD7D98375,rel_51935dc2c0ae
S265_EDGE_BBE1D748936AF6E617E1,rel_6dffee99e02a
S265_EDGE_BBE7B85CBEE2AEC13B53,rel_7e93ec8241a2
S265_EDGE_BBEAA4B783D6D525DAC1,rel_1c31dbf9814b
S265_EDGE_BC2D339DC81B12B61ED2,rel_5f30a96d4df7
S265_EDGE_BC3FABAA9302838CB405,rel_b0eb2c917f52
S265_EDGE_BC4AB5027061AF3D55B7,rel_08bdf3077ddb
S265_EDGE_BC56DC33B8D40688B324,rel_a9a5c73cef78
S265_EDGE_BC5991F347ADD926FF56,rel_177c5f93d8eb
S265_EDGE_BC650BA8DA5CAF7CEAEC,rel_bb3d569ded8f
S265_EDGE_BC6C17E26D8FF8362B76,rel_322ee5ab42b3
S265_EDGE_BC8E9BE90ED5C40755F4,rel_0b3a2627a74e
S265_EDGE_BC9881D2ADE59CCAE470,rel_7dfee9b56bb6
S265_EDGE_BC990ECC17D327487867,rel_b82761d4aea8
S265_EDGE_BCC000C34B1710DF27CC,rel_9411ca997168
S265_EDGE_BCD674AFD0811807EBA6,rel_b7c63d53c9b8
S265_EDGE_BCED4B91A54EF83CB8D5,rel_f8842cb61f4b
S265_EDGE_BCF3EB82C487E7CE476D,rel_b690a9d0c486
S265_EDGE_BD2F3964F89B47474AA5,rel_370db53e2f62
S265_EDGE_BD496F7EDE46170DAF58,rel_19594d73a246
S265_EDGE_BD60C380D48E7CA5987B,rel_5edc4ef04502
S265_EDGE_BD6B36BFD75CA1BA31CB,rel_aff88b7fba07
S265_EDGE_BD7D444FA5BD114CCA17,rel_f5f94f210828
S265_EDGE_BD9D35FC55B7BA99EB8C,rel_b3d9f4981b7a
S265_EDGE_BDA5E3407FC8C6329E0D,rel_d6681891ab3a
S265_EDGE_BDCFD4F05896072A93F7,rel_37b491634844
S265_EDGE_BDD1FAC6C21929964108,rel_77460eedbf1e
S265_EDGE_BDF4E87D4161524DF465,rel_37a9a74160b5
S265_EDGE_BDFD8DD2C740D117F184,rel_2457cb15b451
S265_EDGE_BE0C92AF2C1828B2ADF1,rel_cab48d103827
S265_EDGE_BE1AC1E679989DB79A46,rel_367b76c58036
S265_EDGE_BE20B6E646B3EB809373,rel_158da28e2015
S265_EDGE_BE509B8BE49DADAC70CD,rel_e082acdfe5dd
S265_EDGE_BE57EDC67D358BEDBC4A,rel_ac1a6762c4dd
S265_EDGE_BE59FDA02B3301F323B3,rel_201f8937d794
S265_EDGE_BE5B52D220F03B56E03D,rel_185bb2e7791d
S265_EDGE_BE6C45173B843E013DDB,rel_8084cde2bd50
S265_EDGE_BE785693F4E1689108F6,rel_c962c95cf050
S265_EDGE_BEA42C756CCE24A4551E,rel_616ac0dc40c1
S265_EDGE_BEBFECF26ABDB743F554,rel_d3a920ba7d26
S265_EDGE_BED3C9A3E10B96D69989,rel_663ac0183a25
S265_EDGE_BF0A79A6BFA94A6A84A2,rel_433b5aa2c24d
S265_EDGE_BF2EC3ECD427D3F5E4AA,rel_21720f9c45ec
S265_EDGE_BF39620E13499D8F23E5,rel_2e029bdba9b4
S265_EDGE_BF41731DF12567A2ABAD,rel_8b9770564871
S265_EDGE_BF41ABD3853183002F60,rel_d41098b6fce7
S265_EDGE_BF8036D7A4BDBF32ABDF,rel_7bec1585c03d
S265_EDGE_BF83247C8736CA75BE73,rel_90d013143c4a
S265_EDGE_BF8D153D80AEDB5686A0,rel_907febdae3ea
S265_EDGE_BF923A33A03D2CD75069,rel_5b9e216f98d2
S265_EDGE_BFB760B076F543AE00B2,rel_86ed31391ca4
S265_EDGE_BFDFFD34E4D8178225B8,rel_2963a4eedc92
S265_EDGE_BFEAAA7E0B9E689D96BC,rel_f5cf45cba44e
S265_EDGE_BFF8D319243E5CDC425C,rel_4eb52599aee8
S265_EDGE_BFF8EE42113464FC2FF8,rel_331fc6601127
S265_EDGE_C000E67482AE6D00D268,rel_f1c8475c9883
S265_EDGE_C02FB012345D217936A2,rel_254cee2140d0
S265_EDGE_C062E4A2723B4068517F,rel_3a49615e400a
S265_EDGE_C0716BA278B9481B2E61,rel_f82f9b53260d
S265_EDGE_C07BD7327DE5A1365815,rel_d9152319c842
S265_EDGE_C08F13E8305AAC147198,rel_2ea053438ddf
S265_EDGE_C0B0003A3DC3B03FA454,rel_602f5b9f0691
S265_EDGE_C0B788FD00ED8D15C598,rel_82bd50be44ff
S265_EDGE_C0E33624C3DD65C6CD4A,rel_6bfa78e831ff
S265_EDGE_C12872CC73403BCD84F2,rel_02c29f3be0d6
S265_EDGE_C13C63F6A28EA4999688,rel_879749792b03
S265_EDGE_C160BAF54BE25448BC4D,rel_10df89af770b
S265_EDGE_C17395F9C5A5D514E26E,rel_26e6276c3168
S265_EDGE_C18E59FB239C5E9FD729,rel_e0ff67f2dec4
S265_EDGE_C1A89650FC5BA22B5E29,rel_80c47863f07e
S265_EDGE_C1C566CCAA9C3527F6A4,rel_94a197959c8d
S265_EDGE_C1F46ACB55CDD0966239,rel_a001f0cb8905
S265_EDGE_C202F96CA361782DA07C,rel_d0ef27e9495c
S265_EDGE_C20E69C2DD99E1E6E314,rel_f5f9756330a9
S265_EDGE_C213B7A7B12A4E49A065,rel_8820639ea983
S265_EDGE_C21E92818811D0B4967B,rel_7aaf5d600449
S265_EDGE_C2B5D17ED6127BAF36BD,rel_c32b54501f3f
S265_EDGE_C2BDE1D35E8BC27978A8,rel_c047dd1bf398
S265_EDGE_C2F605A99787DEF5ADF8,rel_935245a4ffc2
S265_EDGE_C334CFBDB009AB9924DA,rel_befa09d059da
S265_EDGE_C34AF262F43D1078451B,rel_10a68e22f4a4
S265_EDGE_C370E0E51CCF209458A6,rel_107395639881
S265_EDGE_C3C2DBD5AFDF919C2CA4,rel_73f37e89137c
S265_EDGE_C3EEC391F30A0EF84451,rel_e07429fe6691
S265_EDGE_C4061DFE10BCA8E7EA8F,rel_9ae303c46474
S265_EDGE_C4116F81053A71A75BAE,rel_d3b3a4f10fe0
S265_EDGE_C44038ACD928EC72C5F2,rel_41dc761c8145
S265_EDGE_C448AFCBABC6BF306DFC,rel_6995e1c17e46
S265_EDGE_C44EA4182B92C6FD196C,rel_7c6f7aa6e70a
S265_EDGE_C454FA394D0DD73ACCB4,rel_c49efda6a4e9
S265_EDGE_C46B4BAB9AD95EE95472,rel_3b6a6fdb9811
S265_EDGE_C4935609D7492473581A,rel_4392e1cad5d6
S265_EDGE_C4B72A1CC3F5E582814C,rel_6953568a2e4e
S265_EDGE_C4EE08384E46B749AABA,rel_1b689a147e21
S265_EDGE_C4F176157A3F4709D2CA,rel_793d30260b6e
S265_EDGE_C4F56B080FBC45A47D09,rel_dc512a33b3bd
S265_EDGE_C53C835C6D04EB4A74D2,rel_f2a96cde839b
S265_EDGE_C5704B7EA2E9BADB48EE,rel_450a36380060
S265_EDGE_C5893126B288D2F1133D,rel_51241b9fbdd7
S265_EDGE_C5BDB838C5BFA5448A45,rel_ee77d6ce98df
S265_EDGE_C5C5F90E7F77300F1FAD,rel_3a2b68d1f639
S265_EDGE_C601468C11CB97C77BAE,rel_705a9b294a7b
S265_EDGE_C632C13E456CDBD1605F,rel_c3415915017d
S265_EDGE_C651744C1E714D42946D,rel_d280afe1f8d2
S265_EDGE_C6626715109F654D8F15,rel_7f7d75b8860d
S265_EDGE_C674842A75948FB3E54A,rel_6fdd6e6262ed
S265_EDGE_C6841E831611A91B46AD,rel_53358eac79e0
S265_EDGE_C6E0FA1264A94FD50DE9,rel_1f85d942cb01
S265_EDGE_C6F7ED11536F988ECC9B,rel_a9e24e48871e
S265_EDGE_C74F74ADF21B4B69F202,rel_d19794388f04
S265_EDGE_C78425A33F9E64CACC99,rel_0b317d2203ef
S265_EDGE_C786195F99B88D4003CE,rel_61156c725808
S265_EDGE_C79BC80B8283F68E3759,rel_af1156d9886b
S265_EDGE_C79CD94BDA73BCB7B798,rel_b9a21f467b69
S265_EDGE_C7E3D92585CD51D8185A,rel_bf50208b32dd
S265_EDGE_C7EA06E87E114D4B8018,rel_ca141627e0c1
S265_EDGE_C7EB8A5D26BBAE58BE11,rel_9974ee220090
S265_EDGE_C80CDE031D5D722F3EBE,rel_1eb3c202072f
S265_EDGE_C85C051114C0BFBEB329,rel_ea242a1e578c
S265_EDGE_C8708D3BF82E0C695686,rel_bff3b934d014
S265_EDGE_C879AFCD4E614BF1FECD,rel_fed383143a0a
S265_EDGE_C89956DC19F5D1EAD528,rel_baf7cd3ff2a4
S265_EDGE_C89F9A3DBE45D367E913,rel_6486acc1a5bd
S265_EDGE_C8A831171D034D64B30A,rel_00258dc1e696
S265_EDGE_C8CDA546F3ED93158BDC,rel_57ac6e0c6a6a
S265_EDGE_C8D7BF2C087D40B7E1E0,rel_823b20c02932
S265_EDGE_C8DBB825116D8DBA6800,rel_9a43ae1e3e7a
S265_EDGE_C8EC7AB1812D2037FE5C,rel_1cb65a5ba43d
S265_EDGE_C8EEAC60A9716CC9FC9B,rel_da1ccabf6730
S265_EDGE_C9177197819523448C3F,rel_1061e0fc89a6
S265_EDGE_C94E2ECE4E5FD3D38432,rel_189f5e0ab415
S265_EDGE_C9599751A351D3DE58ED,rel_64f5c3ec7ccf
S265_EDGE_C969A4D29A1A70A35657,rel_daa2d5522201
S265_EDGE_C9A8BFF14E650241F4AC,rel_d4a791df8b41
S265_EDGE_C9B1F7A691ACA096EF51,rel_15dbf1c6592c
S265_EDGE_C9D3D0BEF2D7A42AC7B5,rel_5f4889a13b64
S265_EDGE_C9F657E9257BD0911CC0,rel_e274529ecc06
S265_EDGE_C9FD36CF9E6AA6DDB509,rel_eadeeebde25c
S265_EDGE_CA47C3F19A4C0AA99473,rel_ea25098ee47c
S265_EDGE_CA57E56B085478933EEF,rel_dedb232c8ded
S265_EDGE_CA5EE1120A01FF3C1F51,rel_b74755e6b353
S265_EDGE_CA676B75384E3E7E1B40,rel_9d79821b7cfa
S265_EDGE_CA7F99F7D22796E166D6,rel_b279f550d1be
S265_EDGE_CA8B1A2A79AF041C0B2F,rel_f3cea3768457
S265_EDGE_CA95A04FD730AEAB302A,rel_f2493430e2a9
S265_EDGE_CA9F4C88FCC3E58B7F64,rel_a969403e85b2
S265_EDGE_CAA4B073776E28D8C4F0,rel_3ec195ce48fc
S265_EDGE_CABB4206D4C0CF860DF5,rel_e4f80f3158a8
S265_EDGE_CAC628852D8493C0CCC9,rel_755acb2fd97e
S265_EDGE_CACC162B0BD40E416CF8,rel_a22e9c04d06d
S265_EDGE_CACD9061BC1CF7A92ADD,rel_c2bf3c5ea7d4
S265_EDGE_CAE4735E375CB969416F,rel_86a933968ec4
S265_EDGE_CAFD4E92F98B60B1F224,rel_2faae4488d38
S265_EDGE_CAFD578D8872EBC6493B,rel_da40ef865364
S265_EDGE_CB1053559C439433EFB6,rel_c50da7bc0331
S265_EDGE_CB18B9DE5FED92E1794F,rel_e44f287dc3a5
S265_EDGE_CB40B93AD59289942172,rel_d604e95dbfaf
S265_EDGE_CB8DF0D790A031F2A039,rel_c4154ba5963e
S265_EDGE_CB99D59704DD9F82DA0E,rel_55c7329852ba
S265_EDGE_CBAF14BC2373757B950F,rel_cfadee01b148
S265_EDGE_CBC8EE29367B6B2F58F0,rel_75ab293f7659
S265_EDGE_CBD1341EA78ACFDC59A8,rel_c95605ff73c7
S265_EDGE_CBF1FDC0F5C8E41ED9FF,rel_672b6957acb5
S265_EDGE_CBF427632BBD814F7B2B,rel_5bb30f3827d9
S265_EDGE_CBF877DC961F0556A2F9,rel_d8b576bf22dc
S265_EDGE_CC1D7FBA624310B9D0E5,rel_19253d5f5c58
S265_EDGE_CC2DC52697E3478614BE,rel_3d1c339ced00
S265_EDGE_CC44BBDB6E096C553A2A,rel_763417e97bf3
S265_EDGE_CC54EB04840C6D6185B5,rel_94a20cd1d487
S265_EDGE_CC66451563DD864A2445,rel_96585a090500
S265_EDGE_CC6BCDC7A3D6904CBED7,rel_7f8c200357d7
S265_EDGE_CC898EF0CBC7A4DAD351,rel_7caa6a0ab275
S265_EDGE_CC8D95A840591164CCDC,rel_9163b5cba99e
S265_EDGE_CCA69DC66FC322B6F346,rel_098ad79bbe44
S265_EDGE_CCC2917807833F7E06AC,rel_fcecac5a8feb
S265_EDGE_CCD063B3E075DE6070F4,rel_603f8bc75eca
S265_EDGE_CCD412716FFFFE19EDB5,rel_eb6f50252cca
S265_EDGE_CD2CFFA31C2CC5813BB2,rel_bae6e647acf6
S265_EDGE_CD4FC5C88B984048C9B5,rel_1f13c0e79757
S265_EDGE_CD67508A98165B78ACC7,rel_6fbf55d60ddd
S265_EDGE_CD69FED5F62142829688,rel_ef724474dc1f
S265_EDGE_CD8DBEE3743D835D9AB6,rel_ce3657921b61
S265_EDGE_CD97675CC7BDA096E1C2,rel_3e3f9594d456
S265_EDGE_CDA1AF073B5324CB4B55,rel_6c13fd949e4a
S265_EDGE_CDB223085258BDE8234B,rel_a93c3463802b
S265_EDGE_CDCA6CBCFD0AD5B3B554,rel_1946dcfea08d
S265_EDGE_CDD8698CB1DFD20E6A24,rel_6dbcc941c0a5
S265_EDGE_CDF1CB1A62208EDDA60E,rel_87f9af07f103
S265_EDGE_CE00A07D447A50CA3CBA,rel_5b0141e8ed99
S265_EDGE_CE186BEC2F77021F197B,rel_0ccd8874f0ff
S265_EDGE_CE1A01F084E46C283233,rel_308495171784
S265_EDGE_CE2073FA6D5CEA284F21,rel_3447731d3f03
S265_EDGE_CE286A8032B18C88529D,rel_096d6c82c0f1
S265_EDGE_CE4B1C91E7E6E734704B,rel_e6cc7aa84886
S265_EDGE_CE55BD4F6DBE3E4C868E,rel_ff38f7f0d9b6
S265_EDGE_CE6708F416DE30E51707,rel_f0361afa6db4
S265_EDGE_CE7B60034AC3AF4113B7,rel_481a8c8080e9
S265_EDGE_CE851D23FD446C66F100,rel_9ae28dc78bd6
S265_EDGE_CE888145947BC0676C09,rel_0e7ea65be603
S265_EDGE_CE89223F8298399A807D,rel_0129430e2d03
S265_EDGE_CEA8371CA724846A188A,rel_ab5e64de24a3
S265_EDGE_CEAD33F1F2F24350816D,rel_2c43a681d447
S265_EDGE_CEE85CF73BC963B92D3A,rel_4bdc5b73510c
S265_EDGE_CEF8B660DEC18256F01F,rel_b56ead431c32
S265_EDGE_CF19F4BF1D1E425EFCD4,rel_ecb8d539d868
S265_EDGE_CF26E248BEFE3E911652,rel_96ba975060f8
S265_EDGE_CF50C0B1DA5CB5A534D8,rel_1f48eb234b23
S265_EDGE_CF5151837030313A9563,rel_e9162481cae9
S265_EDGE_CF660DF068C4A6EADD8C,rel_b3f3480bbaa9
S265_EDGE_CF7690760F654A6248DF,rel_524f345e5770
S265_EDGE_CFF33D878F7F8D02CA11,rel_01c51fa3cf81
S265_EDGE_D02E6779C20E3597BADE,rel_da189c1ea382
S265_EDGE_D02EE12869C374DFE267,rel_0b024de30630
S265_EDGE_D04FA7D3CF31E8C48AA5,rel_1b4a73cf7ecf
S265_EDGE_D057AC65F639846D996C,rel_c86892c3334b
S265_EDGE_D067F5FA9F4BBEF8DF0E,rel_5b38bd3dbef8
S265_EDGE_D080CA1BD4FD146D4D1E,rel_fba8d12ab893
S265_EDGE_D0C95FD02DA15A592CA1,rel_071f620a1c30
S265_EDGE_D0C9729098A8FDF53FB1,rel_13bb17911ab9
S265_EDGE_D0D6D4A2BA032C6EEAF9,rel_4601fb8b196b
S265_EDGE_D10CB9AF0B40E1390FEC,rel_2377a5f4e218
S265_EDGE_D1229EA6E529A799135E,rel_1158c64fe44f
S265_EDGE_D1230E42F438C6CA540A,rel_ef9cb2b6ecc9
S265_EDGE_D14D3A1A47A8E788F7AB,rel_b945591ec307
S265_EDGE_D178484C82775BB4F466,rel_01dc1f72b25c
S265_EDGE_D1927053B127B7686C62,rel_076aa9f22b30
S265_EDGE_D1DBCB566E6626A7D71F,rel_fad696e55725
S265_EDGE_D1DFCD03CD257A184D16,rel_f0591097f04f
S265_EDGE_D1F7BE41A226A6C5E6C2,rel_99238e2b3eb1
S265_EDGE_D2186289ED30BAB582BA,rel_d0d490dccfe8
S265_EDGE_D2246665D8A443AB6C72,rel_217c28c4b66b
S265_EDGE_D22C13509E3F57BB8D6F,rel_932f6c8ba94d
S265_EDGE_D24EAC60893156A899A6,rel_aeb5607a90f4
S265_EDGE_D28E046B8E0E8A7016F2,rel_d82fc9df7a27
S265_EDGE_D29C4902BDAD72FE4CC2,rel_23ba7f8f4b69
S265_EDGE_D2C39433204400CD3115,rel_63f6f202cd0e
S265_EDGE_D2E4449D077C596249D0,rel_4d9153f84781
S265_EDGE_D3135DA0BBB457CBFD23,rel_f21a8a816833
S265_EDGE_D32D0685663819A64DAA,rel_73f480e32056
S265_EDGE_D32E9749F2BC53054D9C,rel_cf07761f275d
S265_EDGE_D3446C8B0B18622C0518,rel_6eea5934d118
S265_EDGE_D36AD7DD4EB756B8E3EA,rel_3fc927d175ed
S265_EDGE_D37D7D2EED8EA4FFF5F8,rel_ebfc403a6ea5
S265_EDGE_D388DBA3A6CD50EE39C9,rel_2da23e754b3c
S265_EDGE_D3A5143BF446B9BAA683,rel_a096ead204c6
S265_EDGE_D3ABF2D24F32356B07B8,rel_de224bf8daf8
S265_EDGE_D3BFCF8F123DE63E2E15,rel_95201400820d
S265_EDGE_D3C32C4682476C987A0F,rel_f24e7abc1005
S265_EDGE_D3C86CA7B5744E641539,rel_db7eff61b2ff
S265_EDGE_D3DF35507D88B9234892,rel_336857b60b57
S265_EDGE_D4156E15D18030A501B3,rel_9fdea643ff13
S265_EDGE_D430C68D1D0324C45C2C,rel_1e8442c6de24
S265_EDGE_D43F9787C6BEDC61E9B7,rel_ebe835e0d00d
S265_EDGE_D462837F03A69454D58F,rel_54d7c9cf834b
S265_EDGE_D48009CA54A1FE825590,rel_172958022951
S265_EDGE_D48C944511BADD0DC3EB,rel_960d3adff395
S265_EDGE_D4BA66F0124DFAB9B75C,rel_d29b6fe6af54
S265_EDGE_D4D33DFD3A4995BEDB44,rel_172832f3074f
S265_EDGE_D4F4FA091CF3FD5717C7,rel_8e40fca88928
S265_EDGE_D5002B790FAD960018E0,rel_074f041c107f
S265_EDGE_D51551A65DB4F05C7E3D,rel_4a9910da0488
S265_EDGE_D531B207FC6C69C43400,rel_f62f7f8a928c
S265_EDGE_D55108A8185691167735,rel_ef0d79e231c1
S265_EDGE_D5637560A7FF4A8D0E6F,rel_bb2abf3d210a
S265_EDGE_D5B14867453AF598A3B4,rel_a3a301b741be
S265_EDGE_D5D66C87741187813A4F,rel_40e8c9a1675c
S265_EDGE_D5DB4391CA1641F5ECB2,rel_6041b036415d
S265_EDGE_D60DE4F52D19A67E8785,rel_de66644fa41c
S265_EDGE_D629555DB2083284C55F,rel_bb09466ba59c
S265_EDGE_D63038930EBB51390A0F,rel_74922f21c804
S265_EDGE_D63E41CB88482DD66FBF,rel_5c46856eca62
S265_EDGE_D659B5641EFB0A0A097D,rel_d7e0fda810ce
S265_EDGE_D67DE7F4F7CFA6F47FD0,rel_fb24463dba4f
S265_EDGE_D682613BB65D3F878ADD,rel_d8b89d86b65b
S265_EDGE_D6A922D2215E4E356094,rel_16640b7a8a74
S265_EDGE_D6C3F26F1049B2517D11,rel_e5893c5a45e4
S265_EDGE_D6CAA81F730BE9609AF7,rel_3f09340b7c5d
S265_EDGE_D6D557D23BE6ECE24A5D,rel_491247611640
S265_EDGE_D6E8EE006B1E18713572,rel_8cdeac6273f0
S265_EDGE_D6ED05CE2F83F37D25D9,rel_6ffbecb4ce35
S265_EDGE_D7132089442AA401CDB7,rel_80e0d586f6d0
S265_EDGE_D71603DB2445B29AB8D4,rel_cdc10101c4ce
S265_EDGE_D7190A6E78FE80AA4D19,rel_bc952a687446
S265_EDGE_D7346D92885E193F0304,rel_87c37cf0c2f1
S265_EDGE_D746A86C0FA0265526A4,rel_ef55ae0c7cc1
S265_EDGE_D74A52512315863640BD,rel_641965655684
S265_EDGE_D75DF5D8D62F082F3F95,rel_eaa851edfaed
S265_EDGE_D7611A798BBEFE284FAD,rel_cccff335aa47
S265_EDGE_D77E2995C0CA080F2DA4,rel_d13381429685
S265_EDGE_D7891531A93E94662348,rel_60e9a9d897f7
S265_EDGE_D7A253834C3A56784E63,rel_580730d6af94
S265_EDGE_D7AED92B7692B5CBEA66,rel_44dfecd67f0c
S265_EDGE_D7C575A4AE476464AF57,rel_aac093468a67
S265_EDGE_D80254616300404969E1,rel_51d290b9522c
S265_EDGE_D8518BE545563CFF6576,rel_bbfcb6c3f4fa
S265_EDGE_D8581B46BA7634AE7AE9,rel_8bd8e624305c
S265_EDGE_D88AA7DB9E4A80F193FB,rel_51c4362a0916
S265_EDGE_D89162297C6A0E104016,rel_36025ad0715c
S265_EDGE_D891FC99C1DBF9905253,rel_fc191ef95f29
S265_EDGE_D89E9398BB59399B0105,rel_78d2db601749
S265_EDGE_D8BA2ABD2A8020D30B0F,rel_6b2da97bbe8f
S265_EDGE_D8BB611900D5FDF1231E,rel_529d9856d2ae
S265_EDGE_D8BC6EC66778219A999B,rel_a514c87ce397
S265_EDGE_D8C1600BCEE953EE6223,rel_ceef02c00e81
S265_EDGE_D8F876DCFACE98865E01,rel_a77b40594483
S265_EDGE_D904B46044731C61D1B2,rel_62d3f7351edd
S265_EDGE_D921474C7340DB280EC7,rel_2c7346c3d496
S265_EDGE_D960EE93D3A0AE809D91,rel_6c9862cb42a5
S265_EDGE_D965E1103981F88D6CCD,rel_590f2dfc6eaa
S265_EDGE_D98A8B48E6543B25DE11,rel_9d543624f697
S265_EDGE_D9974CF01C756F9DC94E,rel_b7c31a24412a
S265_EDGE_D9B6366029ED7FAD673F,rel_abd6f428ae6c
S265_EDGE_D9F461148879C9CA51E7,rel_2542af133393
S265_EDGE_D9F611176FADDD67AA1F,rel_8ce55f65024d
S265_EDGE_D9FEE95239EF8DAAB5A7,rel_c59d45285926
S265_EDGE_DA0FDEAC8ED0F3CB5A56,rel_989f2914933f
S265_EDGE_DA25C13E8A38ECD05615,rel_80ab86b01082
S265_EDGE_DA3A86DA2B59765C998E,rel_4bff5e53e75d
S265_EDGE_DA3B103CEB331E4940BF,rel_0d47ef0a023b
S265_EDGE_DA5AC5437C241B03CDC9,rel_e1f78163c157
S265_EDGE_DA67D4389F03B4F56B16,rel_011fb9164dbf
S265_EDGE_DA97C07840799D2689A6,rel_7e9c3e57249c
S265_EDGE_DAC585A02512ED95C83D,rel_9d17f1d2d272
S265_EDGE_DAD33CE523163DDD13C6,rel_1f6e241b566f
S265_EDGE_DADBB2C646CDAE594A8A,rel_6a2f66b2ad32
S265_EDGE_DAE74D901AAC86D1172E,rel_92b515cf429c
S265_EDGE_DAEE69133246B3E449D0,rel_cb87b60099da
S265_EDGE_DAF56E42672F0F7A8987,rel_b80f94894351
S265_EDGE_DAFF1DEAD35757C19DBE,rel_678e19521c34
S265_EDGE_DB02E30564B2F5D08719,rel_68f9fdbb8975
S265_EDGE_DB3198347F351B36F909,rel_95ee25d742d0
S265_EDGE_DB3CCA2BE06BBCB44B99,rel_99798d2aaa80
S265_EDGE_DB441272A3E95C0DA54D,rel_95c91c322ea6
S265_EDGE_DB55D32D5931C45FD6EA,rel_abab2da189bd
S265_EDGE_DB627E34E4AA16AD68F3,rel_f1363b7698ba
S265_EDGE_DB6FF1B0E429E772A266,rel_2c8195d5cb9a
S265_EDGE_DB84518A964B73B1BDFD,rel_9b46536bac00
S265_EDGE_DB861B34E2DE60A6D88C,rel_fc2f2f55412f
S265_EDGE_DBCF0670B9DADDA25A4E,rel_ed65b52e372b
S265_EDGE_DBE067BF9442A7BBD39F,rel_40499f3a40bd
S265_EDGE_DBF4CBD732C743AED14D,rel_2545d8e43be6
S265_EDGE_DBF6993F6C799BD08FCF,rel_c63fbab9992e
S265_EDGE_DC1341F187228CF66057,rel_23ded6d36b3e
S265_EDGE_DC2DD26CE5C314B23D54,rel_73d4e7692c64
S265_EDGE_DC4ABA1ADEB7D7CFC17E,rel_06bfe8ed19f6
S265_EDGE_DC7BD78655F3CF34D1FE,rel_565e02a6abb0
S265_EDGE_DC86493A8D580CA8B7E8,rel_8f069347c3ed
S265_EDGE_DC8CFFC7704EFDABD71B,rel_9130bc1f1b59
S265_EDGE_DCFF81781CFE9CD65D8F,rel_8b29c4efda90
S265_EDGE_DCFFA31CF4D4C0277292,rel_e04375eb515e
S265_EDGE_DD01E6036800D58230F2,rel_1a34c915985b
S265_EDGE_DD0450D22C20E1FFAA3A,rel_64e9cfe24248
S265_EDGE_DD11D8A4D5104D10CC3D,rel_45300d91da44
S265_EDGE_DD4F304226207F43ECDC,rel_50b2f76c9d99
S265_EDGE_DD54FEE49B923144B9F9,rel_26420edc5694
S265_EDGE_DD86B4BDAEEA76F7F944,rel_021a43a3c9ae
S265_EDGE_DD8733C5A7431D9D4D06,rel_1c016638ad01
S265_EDGE_DD8D8BB2C96C0D5839DA,rel_632fd03a99bb
S265_EDGE_DDDE89658C0847321AD7,rel_07d5364ec9ef
S265_EDGE_DDE24B5D2F7D783D6471,rel_51188cbc0466
S265_EDGE_DDE6EEE8CDF32CC770EE,rel_979712103ec7
S265_EDGE_DDEC1717A63A93EBB25F,rel_082c55e72c9f
S265_EDGE_DE0CB3DA6A543C030D99,rel_fb8b43ca7375
S265_EDGE_DE488EE72E2E42B309F5,rel_55c9df3515fe
S265_EDGE_DE496B371F566085A705,rel_4d395eed4d4d
S265_EDGE_DE89DD1F528A16140620,rel_69e6968ae0dd
S265_EDGE_DED63C8E5C7E1840218B,rel_9186eed30667
S265_EDGE_DED86EAE18D2E5D225E9,rel_ed3ea79fd104
S265_EDGE_DEDF2402641A1FB9BEA8,rel_4874c8db4477
S265_EDGE_DF09FA818D700C3EA63B,rel_94ce89d00f2c
S265_EDGE_DF2CFE0DF83A6D1FFEB7,rel_b7ed6a9ffbef
S265_EDGE_DF7C75F1674A5275B2B0,rel_faae6427dc8f
S265_EDGE_DF93CE35763EC175601C,rel_caa140b23150
S265_EDGE_DFB3B91D686285D73DB2,rel_38af1c29d7a9
S265_EDGE_DFC8801BE85B2C878C4A,rel_89a9fc1696f2
S265_EDGE_DFEB05A55D18DE44BA96,rel_c17591d147d9
S265_EDGE_DFEDF10C7476012CAD68,rel_45107bde69d2
S265_EDGE_E00A8B18A5B0D75004AA,rel_652eca1dcffb
S265_EDGE_E00AE6C4E0C7EC0D5CBB,rel_b047a56f81af
S265_EDGE_E03C55F2C960209D50D5,rel_29393ef7798d
S265_EDGE_E0474282A2952303BFF5,rel_ad8a12ee2473
S265_EDGE_E04AB10D35640159AF42,rel_564b5863cbdd
S265_EDGE_E081B1E801E3A6B342F4,rel_3dcac5f87a13
S265_EDGE_E0A25FCA16E2523031C1,rel_800af7e67ff7
S265_EDGE_E0AF1BD75052B681BC22,rel_459becbfada3
S265_EDGE_E0F6C50AC60FE16E1A42,rel_e86398659c09
S265_EDGE_E111B76043F835DF9668,rel_d42f7a31efae
S265_EDGE_E154AF8E23F341B47250,rel_494f796a75c9
S265_EDGE_E189E6DB9E35993CA833,rel_0ecada7b4aa0
S265_EDGE_E190DC2E5ABFA12B1A0A,rel_43acebe93866
S265_EDGE_E1C2E240B5A1DCAFC5B4,rel_ef97fffbe095
S265_EDGE_E1C395B56D2309250680,rel_abd74f7f0ff1
S265_EDGE_E216FB3858F3857AB74D,rel_da18aaf49104
S265_EDGE_E22A47ECE1CB27C54F67,rel_4cb4c792a0c3
S265_EDGE_E250FF70E92A41D0D517,rel_93673e2ec853
S265_EDGE_E258C1C1103571A13C87,rel_7090d2347380
S265_EDGE_E2594E682A2B75D275BD,rel_f4ecbe9b9c99
S265_EDGE_E25D0BBD6A1ABA45DCB6,rel_1efd4b329f5d
S265_EDGE_E2625003A27AD5184ED7,rel_a91b513d7900
S265_EDGE_E26F734DA1153769C2A9,rel_cf08066f8ed1
S265_EDGE_E27FA3116CEDE8637A34,rel_9aa0a2c5e917
S265_EDGE_E29AEE14AA6371E31C2D,rel_5136e6cdd005
S265_EDGE_E2AEC102E9E5605C7E0D,rel_402653b8233d
S265_EDGE_E2B2A548449C531E8F35,rel_d9187f1f64a6
S265_EDGE_E2C4F0C4357279AA71DC,rel_b74332cc74fe
S265_EDGE_E2CA1142060ACD858911,rel_9565301aceb6
S265_EDGE_E2D7210A3647E005AB10,rel_b7eb4a73a632
S265_EDGE_E2D9933ACD8C3E657B31,rel_628165b3a8ce
S265_EDGE_E2E2C7D0C8C0DDA9C3DF,rel_f20e22df62ca
S265_EDGE_E2F62BD811B1EE334BFC,rel_b070d14a3600
S265_EDGE_E3029FA14D0F2335EDF6,rel_c98d17bb246b
S265_EDGE_E30566A50CDC51BC77F2,rel_d4d698c530a9
S265_EDGE_E31A8ED5BBFEE1B05FB6,rel_6f9bc490c52d
S265_EDGE_E31CACDDDA2C3C2C6FF9,rel_bbd67edce068
S265_EDGE_E337D472BD8456114AAF,rel_e49512129674
S265_EDGE_E33A44CFF4843157693C,rel_b9522863d722
S265_EDGE_E3645139071BFB8D5DFC,rel_479e182a473b
S265_EDGE_E36532F9F787CE0EDB4C,rel_8a70c5b10330
S265_EDGE_E36EED423C71188353B0,rel_d8b14b0ecc99
S265_EDGE_E37C9D7AE6D8F18E1815,rel_2c2381987b8d
S265_EDGE_E39032F2EB30416A8EAA,rel_c48c5f2c0826
S265_EDGE_E3A0932FD8A2E9AE8FD0,rel_9566608e0f09
S265_EDGE_E3B230D0B0154470B9F9,rel_e450f6d29d14
S265_EDGE_E3BA1DA28C8250C8C333,rel_64c35647e34c
S265_EDGE_E3FEB303DF39DFEAD384,rel_ebc7a73e3975
S265_EDGE_E41C4D0E7888E375E79F,rel_23cb35303183
S265_EDGE_E4259F98E3A3DCB6E7DF,rel_c886294882b5
S265_EDGE_E4299B809233DEC4E6C2,rel_de53dd44679f
S265_EDGE_E477618421BAD98FF453,rel_9c5bcbd15ebd
S265_EDGE_E47775D9026CBF3F911A,rel_f2b51092d99f
S265_EDGE_E49A6F4C05D06C4223BE,rel_c51b4bbabb0a
S265_EDGE_E4A25F3759108A09A892,rel_00cd727a8140
S265_EDGE_E4A539CD88D4AF393102,rel_a57eec1f74ac
S265_EDGE_E4E843AFDC235FE8D0FD,rel_fc9984a057fd
S265_EDGE_E4EB11C22BA4817099EA,rel_34e227777e18
S265_EDGE_E5001DF4201F2AF23EF8,rel_b9d2a8559268
S265_EDGE_E523D96CF912A9F4D014,rel_68206493a9f7
S265_EDGE_E52FB63B20763FD825CD,rel_d7ba771a2126
S265_EDGE_E539A1C45A0C1AAB012A,rel_9abd95deff08
S265_EDGE_E53C9181022AAE8A9F5B,rel_ee5b09457856
S265_EDGE_E53E0395119494D95CAA,rel_ee7bfc7302fd
S265_EDGE_E54E2ACE07890F2192D1,rel_10973421b6ff
S265_EDGE_E5570670BBA34DC7476D,rel_341d9f52b248
S265_EDGE_E57F87CCBABA5108D640,rel_5d16bc187001
S265_EDGE_E583B1B2EA38402D7169,rel_18f2ff04f89f
S265_EDGE_E5B0C53E0D47A055E9E1,rel_445b1c92b094
S265_EDGE_E5B4C9EE11598597DFA9,rel_480238b332ff
S265_EDGE_E5B55D16FE2FF7A1E4BE,rel_fb0446f6c96c
S265_EDGE_E5C380EEEBA4E978155C,rel_0e3af54fe341
S265_EDGE_E5E5C223CE08AFF1FF74,rel_cf43cb72d135
S265_EDGE_E5E995C68F4F6B641225,rel_d4362e0dd810
S265_EDGE_E60BE99F0DC7FB740002,rel_2807f7b7d915
S265_EDGE_E61AC65678CA91107688,rel_93dd5699f2e0
S265_EDGE_E631C0233710F59AC76A,rel_a4e4085b7566
S265_EDGE_E633BF88FA887D22E2E6,rel_ae5fc861fc4f
S265_EDGE_E64CC4F213FDDBD253D2,rel_e83c043b983e
S265_EDGE_E68EE802DC6EC4EF36FF,rel_733c3657b110
S265_EDGE_E6A338669164DC36E68B,rel_57b473f0a08c
S265_EDGE_E6A52808A0FE5FDB9108,rel_688a35628f56
S265_EDGE_E6AE09C994A176D2DF3F,rel_27b63029e1aa
S265_EDGE_E6D3463480F2EBA7C514,rel_45599294cbdb
S265_EDGE_E6D55CED9C4D85EF1F9B,rel_eca6d4629711
S265_EDGE_E6E405A1843B92265A27,rel_3e1834ff21c5
S265_EDGE_E6F0771AD3FDE4691D33,rel_632ccaa4a406
S265_EDGE_E700FE38086E21737AF6,rel_182472f16a90
S265_EDGE_E7202A30E6D2A62857F1,rel_1fed8279700b
S265_EDGE_E73C5CDF8B2871B28F59,rel_62019708120e
S265_EDGE_E75678FAEBFE72AAF18B,rel_f42121ff8601
S265_EDGE_E7972F1CAC7E32F91FC2,rel_975d97f56ec0
S265_EDGE_E797D8F7D25D7B95316C,rel_7f819973a58c
S265_EDGE_E7D39D294B9B74359934,rel_a38ee89ee4a3
S265_EDGE_E7E987221F9FEC66FCF3,rel_44841f3a55eb
S265_EDGE_E7FCCA07FF5E8A5ACF67,rel_901b275d6221
S265_EDGE_E80A8BC5161B6679C1B7,rel_1625c180b99c
S265_EDGE_E811A835A68069ED3EA1,rel_613784f8928c
S265_EDGE_E8198CF010992F83459D,rel_887963f83e22
S265_EDGE_E843ECD37E1965F0D278,rel_02c92d832e6b
S265_EDGE_E85FD5F32A6CBFF8B9FD,rel_e49df6845d79
S265_EDGE_E86DDA5DA2336D068343,rel_3438a5104398
S265_EDGE_E886131A282C86CF7B38,rel_796f02998a0b
S265_EDGE_E8EA79D14678645F8CAD,rel_20688e16b221
S265_EDGE_E8EFE8133524E3F1D1AB,rel_c1350d9aa4ce
S265_EDGE_E92139A6C42680003D7D,rel_e9442ff1245d
S265_EDGE_E92A27FB14796B3F91AA,rel_f872f6128899
S265_EDGE_E956C7BA038D1172B6CB,rel_e5572b412675
S265_EDGE_E95703E0F755A750677C,rel_188e7bacb846
S265_EDGE_E96595D3C703A113BAF4,rel_192487369011
S265_EDGE_E9B48D56EFB63A69B86A,rel_972e41ca6c89
S265_EDGE_EA200E5F7D30AFBF8835,rel_4fa40e7a83ff
S265_EDGE_EA213DC28956AC4C5C60,rel_911c2cc27b19
S265_EDGE_EA5DA03F635E71966C87,rel_bea41474a7ec
S265_EDGE_EA66D74717FB9585E5B1,rel_087fe46f032e
S265_EDGE_EA68B73AF3D7E0CB8176,rel_22fbcb251cba
S265_EDGE_EA6CE1A49501CEC5B435,rel_d1128debd126
S265_EDGE_EA768A0B428B5113A790,rel_e0f8dc9e3f51
S265_EDGE_EA97DE2DA5B76C04C526,rel_f3b3d6d91397
S265_EDGE_EAC6B192582D6C9D05D3,rel_85877b29064e
S265_EDGE_EAC754C27ED847D119A1,rel_1c645ce4964a
S265_EDGE_EAE26CA1124D8F37FBCF,rel_3936f7cb0690
S265_EDGE_EB3361FE97B03D07D5AB,rel_52a9e2ed7b8c
S265_EDGE_EB4EDBF8B017B4E9FF9E,rel_d148da4a634d
S265_EDGE_EB66D1717C9090268481,rel_996cc4473ac3
S265_EDGE_EB737424BA058AB57563,rel_4ac062d34f1b
S265_EDGE_EB96D1F6988948586609,rel_59410d7432c6
S265_EDGE_EBAE91827DE10FA61F25,rel_3d4cf325d975
S265_EDGE_EBCB9DC08E99E4EC1AAD,rel_5fc4c7aa571e
S265_EDGE_EBD9157D27828E3968B1,rel_e2ac551c23ae
S265_EDGE_EBF481383F377F3DFA7E,rel_92a3e30926ad
S265_EDGE_EBFAA95A69BC61ED18DD,rel_52a5d970c757
S265_EDGE_EC00E1EA38CE85ED0D3C,rel_21292d29165e
S265_EDGE_EC015E5D19355A7D9CC7,rel_2787fde93fd4
S265_EDGE_EC1D53550B90E0975D1E,rel_857d335363bb
S265_EDGE_EC20B73AB74BB1BCFDF0,rel_36839025ad03
S265_EDGE_EC2FAF091ACDFC725506,rel_6348a6d468d2
S265_EDGE_EC6BFB44982D2D34595A,rel_a9eb0d3e45e6
S265_EDGE_EC73E279E41418DF80EB,rel_3ac618963c6e
S265_EDGE_ECA295E04580FAF214BC,rel_cba9caba4f76
S265_EDGE_ECB646CF4F9A7854E08C,rel_654689369ec4
S265_EDGE_ECC542EC74095CA74D26,rel_cda6befa7fb2
S265_EDGE_ECF37F680D655DC8A7F9,rel_d66d7d7d3c23
S265_EDGE_ECF49C3EBE1FB816C683,rel_d5fc04c9200d
S265_EDGE_ED02701F601106323EA3,rel_ddbce11f6d6f
S265_EDGE_ED13AD6E9AC96780FB09,rel_f43e6c3d055d
S265_EDGE_ED1880726F04C3213F87,rel_5c595ab87636
S265_EDGE_ED2BA65B797887A5B42E,rel_660366bb4a36
S265_EDGE_ED4454B4C45602012AD5,rel_b68636786488
S265_EDGE_ED5A750342D89BA548B3,rel_d6317654618d
S265_EDGE_ED68E89E725E6A539CDD,rel_1fa2048b355f
S265_EDGE_EDED84C751A40F960771,rel_0e3a32b69c7e
S265_EDGE_EE1A22A24602E47FC935,rel_35fd2f37816e
S265_EDGE_EE1C87C24325FFB80607,rel_e8a5934bc9f3
S265_EDGE_EE1FDB8FF1779161A7D5,rel_545a1fa7b9ac
S265_EDGE_EE275E58C69B68F00652,rel_044ad087151c
S265_EDGE_EE4E33624A1CC6B518FC,rel_0f8ed3c46ab0
S265_EDGE_EE6D0C4E94CAC06D4F3B,rel_3d889c687f31
S265_EDGE_EE7FBEA27EC9A4639B3C,rel_2e2e3a574e4e
S265_EDGE_EE7FD9049BA534CC0282,rel_6a1f887126b2
S265_EDGE_EEEDE3B22C64AC548E14,rel_eafd080d061c
S265_EDGE_EF1B00DEAAA404E479A9,rel_8e68534f479d
S265_EDGE_EF2A4290A426E9CBA89D,rel_37800406676c
S265_EDGE_EF2F959977D12BD25F4C,rel_ea558eff7513
S265_EDGE_EF5258365F032ACE10EC,rel_358d6d5c6edb
S265_EDGE_EF641F4BE1CEC8E29874,rel_64fe04e3f09b
S265_EDGE_EF716A7E14DF23CA39DE,rel_a42da1c0c486
S265_EDGE_EF894439059D9640EB0A,rel_604dc274dc79
S265_EDGE_EF8CC5D5E194E543535F,rel_1155f1038742
S265_EDGE_EFA6429A2EFB7FCBF28F,rel_8f90e83ed13c
S265_EDGE_EFA83D4A98118124AD8E,rel_5421e05db1d1
S265_EDGE_EFABEA85D97D40B880E9,rel_ef76e8b32f1d
S265_EDGE_EFAC7B0BF0748C6D16FC,rel_da3bdee35dc7
S265_EDGE_EFAFC12D320E909BCB45,rel_8e9638c94c1f
S265_EDGE_EFB5B94D7B08FA4BA6DA,rel_910a99dcc28e
S265_EDGE_EFB974D8C5E2230D0DCA,rel_e7116cbc2381
S265_EDGE_EFCD2BA1FE10206FEC15,rel_120f8c08119d
S265_EDGE_EFE00A0E1F4499B18BFB,rel_2da5356a3418
S265_EDGE_EFF0C266B92A0269922A,rel_5df6a8a7f593
S265_EDGE_F0198039C416C379DD0B,rel_0da1297bf6c3
S265_EDGE_F042D6E26FFA8EEF27C9,rel_11e21f2808da
S265_EDGE_F0464418F8B2B3184EC5,rel_2747bef55fe9
S265_EDGE_F05417C8A1EDD420D571,rel_6ba8b6cae293
S265_EDGE_F0787F409EEFDA301F0A,rel_1aea22203f20
S265_EDGE_F08AC66A76B40A16F98A,rel_c8cf7c42430e
S265_EDGE_F08BEDAD2104658230F3,rel_113033a4d763
S265_EDGE_F0A939F7CA093956B7F3,rel_a814d9b2db6b
S265_EDGE_F0D484F612FBC650AE93,rel_f3097f3c0ce8
S265_EDGE_F0E7ABF5BB3A1DE3B36F,rel_2d521b9f29df
S265_EDGE_F114FE2D33FEC74599FE,rel_697a0e43c390
S265_EDGE_F14DD8829DD2E664927D,rel_fd7866b42b94
S265_EDGE_F153DE81446A19A8FBA7,rel_a58db6a8a494
S265_EDGE_F174F970AE363808E3A6,rel_93e6492dc81f
S265_EDGE_F196ED5828151094A372,rel_1367c939dfdc
S265_EDGE_F1AFBD4E16C1ECD2B33E,rel_34e52c88e766
S265_EDGE_F1CA5E102F19BA27AF4A,rel_f602044ed58a
S265_EDGE_F1E494756703CF8A9F7A,rel_8ded6d17e273
S265_EDGE_F1ED8DA78AC253556CE6,rel_31318179ac69
S265_EDGE_F1FFEFC83D33107D4880,rel_602402c26224
S265_EDGE_F225915656196BC50900,rel_eaed96c11f61
S265_EDGE_F228D8148406400C1C91,rel_518166ecb5a7
S265_EDGE_F23A145A677039B972C4,rel_4d1322bc7978
S265_EDGE_F27A9F079C9BFF85B1C7,rel_25bb37616cd0
S265_EDGE_F27ACE4FE20910060E6E,rel_3778be0ca01d
S265_EDGE_F301DA7140029A10C7C6,rel_401da498fbdf
S265_EDGE_F321F20374EA5AE32221,rel_f1388c12b4b4
S265_EDGE_F322A4D5F2D3AA8CA3CF,rel_bebd0fedf113
S265_EDGE_F32E522E13128347564C,rel_74611d9384f2
S265_EDGE_F343207B4B7AB0B4614B,rel_58bac21216f3
S265_EDGE_F3543916D63B5443834A,rel_c1d70bace265
S265_EDGE_F354C39C9E5EF60DDA71,rel_e25ee5004731
S265_EDGE_F357E278C8F4131D21A2,rel_ec912bd9ca26
S265_EDGE_F35F185282D75D030E9D,rel_1d0eb758f20c
S265_EDGE_F39EB67EC102E191964C,rel_5c22c8cb13cc
S265_EDGE_F3E658CF11810A11BBF4,rel_4645999d4a4f
S265_EDGE_F3F14A8CB0A3B63C7B7B,rel_b26aad3b6f2a
S265_EDGE_F3F23DFEE3FF01BC89A3,rel_00972cb8d3a2
S265_EDGE_F41457A3547F27E6302D,rel_af710333ff26
S265_EDGE_F41D17AC5676AE1EE0CF,rel_a3f499ed89d1
S265_EDGE_F41E78DF0EF1F3B26549,rel_3072f44abb43
S265_EDGE_F42A0200CDB1FA45BAA3,rel_33156098a039
S265_EDGE_F444217001FCE22C76C3,rel_81c52e2486aa
S265_EDGE_F44EE757CA19BE0A2BC6,rel_f5eb4e44712a
S265_EDGE_F454F79956F3394C9629,rel_77bfcdc9a378
S265_EDGE_F45A6DBA754706A0B489,rel_5aa0750a8f90
S265_EDGE_F47C14EAE0439C8B2528,rel_a37f1213313f
S265_EDGE_F4969DA4B8DA9AA48FB5,rel_55322b21ec3b
S265_EDGE_F49B753B579373E68D3A,rel_9f0536820608
S265_EDGE_F4A595594F7EBAB45A03,rel_aff4dfc272bd
S265_EDGE_F4A95B712A8F886A34BC,rel_9b561a7783a3
S265_EDGE_F4B25E29FC1C3C4E8731,rel_ee76510551d0
S265_EDGE_F4D19B10FF86FDD1898B,rel_622400ec656e
S265_EDGE_F4DB51233B69443C961E,rel_5dbed0d1eb0d
S265_EDGE_F4E0142147073B1E071B,rel_f5b0e269ec4b
S265_EDGE_F4E953B39E970DBBE8A8,rel_34d2d404d85e
S265_EDGE_F4F1C79647953D9FC837,rel_7922000e34fb
S265_EDGE_F50EDDCCFD8C00710331,rel_7c3820935546
S265_EDGE_F523259108AB9805F315,rel_5cdeb55378dc
S265_EDGE_F524520BC4D9A75BD117,rel_bec5795fc496
S265_EDGE_F53015D2893B09F558E3,rel_543a34895021
S265_EDGE_F53474F8D3EC7EDBB4C4,rel_80e560146f5b
S265_EDGE_F564DF31737BD26D0D19,rel_fd99e8cc3873
S265_EDGE_F57216BA5F90B5901984,rel_1fb12c9626bb
S265_EDGE_F5A25114F587F4275D02,rel_75142ae2ba47
S265_EDGE_F5C90B9CB74E795C7CA8,rel_43df253e0fb0
S265_EDGE_F5CE9366468CB3FE4D42,rel_440309abc6f4
S265_EDGE_F5D77AB559CD91FE5DF3,rel_dc2a6ac52f92
S265_EDGE_F5E032B0E6DC0A01AA1C,rel_73d05885e268
S265_EDGE_F5FCDAE839C0D052BB89,rel_c8abb037a5a0
S265_EDGE_F6206DAF7615FC9ACF52,rel_81438b8809d8
S265_EDGE_F6419380A40FF4F98576,rel_8553fa3700ea
S265_EDGE_F641F7118D264732048E,rel_28fa33077f26
S265_EDGE_F644AF625DAD1325170B,rel_8054262f0fce
S265_EDGE_F671A1A2394A89C08F10,rel_ad064600651e
S265_EDGE_F67FD2E2F0353C00E55D,rel_b88a21bcbe36
S265_EDGE_F68F5BEDBE90E4FB869F,rel_793b9491ded6
S265_EDGE_F69649016FA782A5C692,rel_e2239c46018b
S265_EDGE_F69A6133F9D99E656BE1,rel_6d96aa5827d9
S265_EDGE_F6A21F4E6A9988FC071D,rel_632400ddc6f4
S265_EDGE_F6A4731781EDC935568C,rel_a1eed279618f
S265_EDGE_F6D148FD2834015A466F,rel_8c5f8e317f19
S265_EDGE_F6D4D317B01DC43AFAD7,rel_fd09b51d3c7b
S265_EDGE_F6E1CF9A981C250CF260,rel_747af8c16c83
S265_EDGE_F6F488951EA7735335FE,rel_d8d0ed1962ce
S265_EDGE_F6FEFD4B59E4B4CF456C,rel_f537cdbbcee6
S265_EDGE_F70357F7C73D0D6EC323,rel_5f3aa0b675ed
S265_EDGE_F7126D4E8F38A0DAC6A2,rel_2f82f4693e23
S265_EDGE_F71630014C397E0413BB,rel_e8b9cc2616a1
S265_EDGE_F73B7D345FB3ACF774A8,rel_7ed4ccf3f9ed
S265_EDGE_F7529F12470764E85990,rel_59a00448c851
S265_EDGE_F7A581023DF9FD414A27,rel_b11d5a90b34a
S265_EDGE_F7C18291F4E07AADB30B,rel_12e16d3ede40
S265_EDGE_F7D6BFF5F44A7A36E6A2,rel_d64f3ec6ed81
S265_EDGE_F7FD8A6CF1A94DB6AA74,rel_7f35e39d5802
S265_EDGE_F803946253B113DD1887,rel_f5ebd7f57729
S265_EDGE_F8161C43C147458E28CA,rel_e51e295521c4
S265_EDGE_F8835641DEB5CAEBB570,rel_3db55355531d
S265_EDGE_F8AE63F20BEF6560AFE8,rel_e2cb48cd6ba7
S265_EDGE_F8BC44FD27E94367D552,rel_4fa94e8e7e64
S265_EDGE_F8D33E3690A17FBED35E,rel_20e1c52258df
S265_EDGE_F92869488FA0B4108222,rel_8f94dec2ebf2
S265_EDGE_F92B6D672E2B1FB0C294,rel_0a0e8ce3c87b
S265_EDGE_F9330F5EE160C092AEAA,rel_eaa5b049f73e
S265_EDGE_F947F4AE3996F732615A,rel_1c300370b3a5
S265_EDGE_F963A43BAA47D6D1ACC2,rel_65471af2a097
S265_EDGE_F96B94A5D7CBCAAEEE64,rel_f10c1f3e9ec4
S265_EDGE_F976D6AF6955A4D8AAF2,rel_9b2002722f58
S265_EDGE_F99F6F6E5B9FAF64B304,rel_fad3dcf91061
S265_EDGE_F9A9E0D5477582F75EFF,rel_3b6a5f7c9272
S265_EDGE_F9BD61D4864FE44E0DDF,rel_508d4a683419
S265_EDGE_F9BF823A351930F7F831,rel_fd0eacf455af
S265_EDGE_F9CEBCC0AC951CCC7034,rel_a4e23b575c8d
S265_EDGE_F9E00C69F9FA03F17121,rel_70797275d7e2
S265_EDGE_FA06C282D020D22E6467,rel_c7089e8a1759
S265_EDGE_FA0CD0ED8B7655EEA419,rel_aadb81a6d89b
S265_EDGE_FA5E43E627460692263D,rel_41b7be70c84f
S265_EDGE_FA63605E705F0DDE67A4,rel_141d2c0834bb
S265_EDGE_FA667B2C7FA0E93760AC,rel_a7f50cd528e2
S265_EDGE_FA6FD91BD9369F1D77A4,rel_892463ab1ce2
S265_EDGE_FA74A130E08CD6D7DB9D,rel_9ebe799b727f
S265_EDGE_FAA87A821A97C27366B6,rel_94e9cbcad822
S265_EDGE_FADFBE060F9AFDB63CEA,rel_11dbe8f8c07c
S265_EDGE_FAEA1096993FAAC657C9,rel_ca6f7e1b5aba
S265_EDGE_FAF4B4563723B3B20BCC,rel_e853452d316e
S265_EDGE_FB2813C1EB00DAF35ADD,rel_41e0ab52d3a9
S265_EDGE_FB3F8B414E25DA3921DE,rel_aac2600ded8f
S265_EDGE_FB5E59227E92D714D1A4,rel_e85d2d27d721
S265_EDGE_FB6461B860B1AD66EF31,rel_e681510c011d
S265_EDGE_FB827BBB5E2DE8A33236,rel_021ea77823f9
S265_EDGE_FBB5B345A5A6A6BC6698,rel_4c0448e30a5d
S265_EDGE_FBB5D4C0C2D33444A172,rel_82f74bd84b05
S265_EDGE_FBB731950018F1A9D03A,rel_86db785e1c9c
S265_EDGE_FBD8CF45DF482A290F59,rel_b4d8d9354491
S265_EDGE_FBFA7C801E725451699B,rel_a9452a7756e0
S265_EDGE_FC20848EE1D8FC9D8330,rel_042979df99b5
S265_EDGE_FC2C9B18426D2CDD0E88,rel_71ca28aa2f75
S265_EDGE_FC33642768AE20FFE741,rel_316e4d8a745a
S265_EDGE_FC4446D37C7D88EFDC9E,rel_2f838bcf38cb
S265_EDGE_FC59BBDF7405DA0FEA16,rel_1db519311a36
S265_EDGE_FC86EB97B238BA6071CC,rel_15a1544ae8fc
S265_EDGE_FCAA8A8C298525BFEDCE,rel_13e920bff6f4
S265_EDGE_FCB41A50B6C4AA3A2E38,rel_72cded074eeb
S265_EDGE_FCBAA536D0AD15532076,rel_7e61ba7f9591
S265_EDGE_FCC116CB6C420D9C52E9,rel_f9af849afcd1
S265_EDGE_FCD4D23A055E8642AC76,rel_eb780564262c
S265_EDGE_FCE81A981D172B803A2B,rel_4330196db846
S265_EDGE_FCEBED10C398C49A554C,rel_fa4669e2d991
S265_EDGE_FCEED5CF907B2B7C316B,rel_8cc572dfeeed
S265_EDGE_FD1DAF981B327C51899D,rel_ead3ff718c0d
S265_EDGE_FD336CD79F70C28A2F0C,rel_96373d591581
S265_EDGE_FD8FA1A91E1DB4BB7BE0,rel_5d771cce1156
S265_EDGE_FD94FDDEF3889A3D4CC8,rel_02676478b107
S265_EDGE_FD95368EC0FD37A15B4B,rel_89060a1cda3c
S265_EDGE_FDA42F84A2F3A2002D36,rel_1bcd5e9906bd
S265_EDGE_FDBFA2927E7D59E1B9B3,rel_37d2acad89e4
S265_EDGE_FDD163562E2F7ECA1C98,rel_fce6e236ba37
S265_EDGE_FDECF96B90A556187651,rel_188af86d1056
S265_EDGE_FE143F5FDC9F60ED3C33,rel_126ba6785b3d
S265_EDGE_FE1F003EBB3CEEA8F584,rel_6d9c3b7c15e7
S265_EDGE_FE3E5FF85CB2CF3BB659,rel_5abab637b590
S265_EDGE_FE4F1E0288699B1DA5EA,rel_c6a68810515e
S265_EDGE_FE71EED008A3288FFDD8,rel_bcfb7ba80e87
S265_EDGE_FEC0D16B01DBDFCBC615,rel_4a9e025da72f
S265_EDGE_FEDA565D25CFDF430DF3,rel_7dbf145b5bb6
S265_EDGE_FEDCEB3D55F6F3C2E336,rel_a33ab5f801db
S265_EDGE_FEF4AB7B4D2FFA115E4E,rel_6f305313edd1
S265_EDGE_FF1A006892943FC1FAF1,rel_b803f6d2b824
S265_EDGE_FF1BE878BE5F587974BE,rel_7d6965307193
S265_EDGE_FF394D17AD52E33CDD63,rel_26449e5c894c
S265_EDGE_FF3CD0908879F1C485AE,rel_f1be699ad046
S265_EDGE_FF4CF2F49D9EE626BBD2,rel_8e07da59d8f7
S265_EDGE_FF70CF5E4EE5C19F4288,rel_93f8c491b0b9
S265_EDGE_FF7D24B6300145B46C4E,rel_3369636882d9
S265_EDGE_FFA2B32C84804DA0ED75,rel_fc546c548962
S265_EDGE_FFD904FDE21FC24C42F8,rel_971c8b6c46d1
S265_EDGE_FFE3BF32194918788FD1,rel_5af9974742f3
