source_id,runtime_id
ENT_000001,ent_a18002885379
ENT_000002,ent_53c88ad0e0a1
ENT_000003,ent_40ab7151f3bb
ENT_000005,ent_17fe3d3a4a42
ENT_000006,ent_cd3dad309869
ENT_000007,ent_60ddafcaecef
ENT_000009,ent_82ceab3af7d9
ENT_000011,ent_ffb78f4e3f36
ENT_000012,ent_ce7a2300e5f1
ENT_000013,ent_944acd6c3ac8
ENT_000014,ent_b2aaaaf19c61
ENT_000015,ent_ce6f293f77fd
ENT_000017,ent_3505b40af531
ENT_000019,ent_4ce32176561c
ENT_000021,ent_d9d99c7fb6a2
ENT_000022,ent_80273a7f5633
ENT_000023,ent_545fdf36465f
ENT_000024,ent_55964b353ff5
ENT_000025,ent_301e5db677c2
ENT_000026,ent_89ff4b0d6ebc
ENT_000027,ent_48a5d7aabcef
ENT_000028,ent_1c67dbee574e
ENT_000029,ent_3e2341d3caea
ENT_000030,ent_201c291ba184
ENT_000031,ent_807fa0829c62
ENT_000032,ent_9001176d93cb
ENT_000033,ent_c18cc78990a0
ENT_000035,ent_3ee7043ee17c
ENT_000036,ent_f060a21ffcef
ENT_000037,ent_e6a45f903518
ENT_000038,ent_ccdaafe0d01f
ENT_000040,ent_e49bf2235e96
ENT_000041,ent_cbd53b9e0aec
ENT_000042,ent_f7da31834d56
ENT_000045,ent_bbe4488751a7
ENT_000047,ent_0951cb7dad4c
ENT_000048,ent_1103cbb6c558
ENT_000049,ent_74da4fefb92d
ENT_000050,ent_e0b0b0a6bdcb
ENT_000051,ent_e62cfd4b5f53
ENT_000052,ent_b13477a9bea1
ENT_000053,ent_440b6f65585a
ENT_000054,ent_8c482803432b
ENT_000055,ent_cf6bf7b8a178
ENT_000056,ent_ecbc119d5720
ENT_000057,ent_1831f0c2517c
ENT_000058,ent_a0a56c4bec76
ENT_000059,ent_79ed045fbf58
ENT_000060,ent_e091757e8bc2
ENT_000061,ent_dd27423d256e
ENT_000062,ent_7fde30f34f7c
ENT_000063,ent_73857a0f66d2
ENT_000064,ent_1e49eb2005b5
ENT_000066,ent_e117205d00a1
ENT_000067,ent_55074d5fb162
ENT_000068,ent_91aca959a29c
ENT_000069,ent_37557ad90e48
ENT_000070,ent_df355fe806bd
ENT_000071,ent_34cb6facdc2b
ENT_000072,ent_58361edcf566
ENT_000073,ent_2909af5eaa6b
ENT_000074,ent_9d6e3e6aaae4
ENT_000075,ent_fcb18082e01a
ENT_000076,ent_da22098e812d
ENT_000077,ent_0d7a951ccfcc
ENT_000078,ent_9b9f8253e967
ENT_000079,ent_5ef61ada2530
ENT_000080,ent_54d7b597fe4c
ENT_000081,ent_edbf9a0b1542
ENT_000082,ent_1017cbbad1b3
ENT_000083,ent_d37e4ecfea75
ENT_000084,ent_86a96f3fef78
ENT_000085,ent_9a68f691ef2e
ENT_000086,ent_57836fa33565
ENT_000087,ent_eedeefa231af
ENT_000088,ent_21581d2816e4
ENT_000089,ent_75e3ed4e3ecd
ENT_000090,ent_caf97aa8ea4d
ENT_000091,ent_e8b7fc90493f
ENT_000092,ent_45907706a3e8
ENT_000093,ent_2662f2caad01
ENT_000094,ent_4e69c70103a5
ENT_000095,ent_34d57f4d5f6e
ENT_000096,ent_79bc5634e03a
ENT_000097,ent_cd997ab49b78
ENT_000098,ent_d6b738bb7bcb
ENT_000099,ent_60a2cfd276fb
ENT_000100,ent_9c79cb2ab069
ENT_000101,ent_4469a5304993
ENT_000102,ent_13ebc987b203
ENT_000103,ent_e62f353e7896
ENT_000104,ent_8b0458db46e8
ENT_000105,ent_a2a50e0b4696
ENT_000106,ent_a157179d8606
ENT_000107,ent_77f411f67fe1
ENT_000108,ent_c8f9e2e20258
ENT_000109,ent_5f2449fb1ab8
ENT_000110,ent_b89a71f98f1a
ENT_000111,ent_ac96da3e10d1
ENT_000112,ent_514a4b94bcc0
ENT_000113,ent_56db144ad988
ENT_000114,ent_d98238f10abc
ENT_000115,ent_81c99c1061b0
ENT_000117,ent_524bf6d8755c
ENT_000118,ent_806f6889a635
ENT_000119,ent_e4bded539ac2
ENT_000120,ent_23e432462a2f
ENT_000121,ent_0766391e6c11
ENT_000122,ent_2ca9ec23d031
ENT_000123,ent_841e92046f7c
ENT_000124,ent_e86ebfc61454
ENT_000125,ent_df1f1a90ad04
ENT_000126,ent_876b6753924e
ENT_000127,ent_0616887f584e
ENT_000128,ent_5702bccc2dee
ENT_000129,ent_819131ca7682
ENT_000130,ent_3be18ff21049
ENT_000131,ent_b66dc16ebfc7
ENT_000132,ent_6c2701beee1b
ENT_000133,ent_b8ec4f90d301
ENT_000134,ent_d82fd4a7279d
ENT_000135,ent_d8514a688029
ENT_000136,ent_16348616faf1
ENT_000137,ent_881d05988a1b
ENT_000138,ent_bfa3ecd86a84
ENT_000139,ent_09747d9ee2f9
ENT_000140,ent_f5ec0a1b5290
ENT_000141,ent_bb50eae7e01a
ENT_000142,ent_fd0814ec0e36
ENT_000145,ent_be69bb75de58
ENT_000146,ent_974e4b8ebd05
ENT_000147,ent_bed91d41d4db
ENT_000148,ent_25e46c3126af
ENT_000150,ent_f19f73ef9885
ENT_000151,ent_f5580406b6dc
ENT_000152,ent_b218be32c501
ENT_000153,ent_fe65e571893e
ENT_000154,ent_1ea15a08a686
ENT_000155,ent_46690b73c716
ENT_000156,ent_8c9a78785a2f
ENT_000157,ent_66d59160e33d
ENT_000158,ent_6b0d009909be
ENT_000160,ent_424cc7298eb9
ENT_000161,ent_f60e1359dce5
ENT_000162,ent_bedd97708864
ENT_000163,ent_29c1bdd54e99
ENT_000164,ent_4346412dea13
ENT_000165,ent_befdba1d1cf6
ENT_000167,ent_a56d5a48fc43
ENT_000168,ent_65e788c1aac8
ENT_000169,ent_af8f9bfb4886
ENT_000170,ent_097654fde1e6
ENT_000171,ent_8d98e2f4c3bf
ENT_000173,ent_b839370ec089
ENT_000174,ent_5df8c29e3f17
ENT_000176,ent_4d1b698590e9
ENT_000177,ent_df86b427154d
ENT_000180,ent_8fb23fdbc155
ENT_000181,ent_e18be7ddf5ab
ENT_000182,ent_9d43f023e863
ENT_000184,ent_4b4b60bd5864
ENT_000185,ent_bd47a38ef2f8
ENT_000186,ent_a849b0ebbf65
ENT_000187,ent_9d6593200caa
ENT_000189,ent_2f5648b64bc5
ENT_000190,ent_536daab2bfd7
ENT_000192,ent_d760c34d7b57
ENT_000193,ent_2cdef34c7392
ENT_000194,ent_44b4684b4ade
ENT_000196,ent_7625ea7020d4
ENT_000197,ent_c2629f193f16
ENT_000199,ent_caf6d2334b4c
ENT_000201,ent_a222568cac7c
ENT_000202,ent_b5e6c656575d
ENT_000203,ent_eafc9c59f80f
ENT_000204,ent_1294d9bf8ff7
ENT_000205,ent_3dcc3dbbf7a7
ENT_000207,ent_539262287f02
ENT_000208,ent_3f80381ddb98
ENT_000210,ent_149698801125
ENT_000211,ent_6cac459e529f
ENT_000212,ent_e58546b288cf
ENT_000213,ent_a408ce266526
ENT_000215,ent_831715e1684d
ENT_000216,ent_d7e73713b4c2
ENT_000217,ent_95448c08ab90
ENT_000218,ent_08a7d8cc5f0a
ENT_000219,ent_e244b1130dba
ENT_000220,ent_c6f2b516b7e3
ENT_000221,ent_a06a62d8ee77
ENT_000222,ent_8da5b329e888
ENT_000223,ent_1f7aacf5b3bd
ENT_000224,ent_c4d8694eb71b
ENT_000225,ent_f31990a5df81
ENT_000226,ent_cd777f8eefe2
ENT_000227,ent_e80d66da34d9
ENT_000228,ent_a18f502b6e31
ENT_000229,ent_835ca25b4032
ENT_000233,ent_84763ffab42e
ENT_000234,ent_9230d50bac51
ENT_000235,ent_73898c75e139
ENT_000236,ent_634ffdc549cd
ENT_000237,ent_ee55e5aac478
ENT_000238,ent_3c381774e479
ENT_000239,ent_16c3429ec6e6
ENT_000240,ent_db68946f7f84
ENT_000241,ent_be62ea3b46cc
ENT_000242,ent_1047000d780a
ENT_000244,ent_9cb20204ad54
ENT_000246,ent_6afb0e0da1ea
ENT_000250,ent_ee8c43a84f0d
ENT_000252,ent_d16b06bfc04f
ENT_000257,ent_26f570f2a810
ENT_000258,ent_29c863dd97d1
ENT_000259,ent_6237b3bdcffa
ENT_000260,ent_7c024cfd3dac
ENT_000261,ent_5d82de15d55d
ENT_000262,ent_ac993f0f8df9
ENT_000263,ent_7458a3737f75
ENT_000264,ent_e75c9cb7c363
ENT_000265,ent_4eeededc846a
ENT_000266,ent_988c05138f65
ENT_000267,ent_e9f717461a2f
ENT_000268,ent_f6141e06e2ab
ENT_000269,ent_590a2356f702
ENT_000270,ent_9b668ed79f6f
ENT_000271,ent_f6862d77e91e
ENT_000272,ent_22986879292c
ENT_000273,ent_6711ca03b548
ENT_000274,ent_4f14e5c23f8e
ENT_000275,ent_8e5bc1f388e3
ENT_000276,ent_ee87cee83c50
ENT_000277,ent_b652c4212e8b
ENT_000278,ent_d76805759d3d
ENT_000279,ent_76081bac2720
ENT_000280,ent_f5720a80ed14
ENT_000281,ent_f82fb752f90b
ENT_000282,ent_cafb7e456974
ENT_000283,ent_c2cc00f3e6b2
ENT_000284,ent_1e3047fb6559
ENT_000286,ent_959a28bc9c35
ENT_000288,ent_a3059517115c
ENT_000290,ent_99d895d29e6d
ENT_000292,ent_15119929af79
ENT_000294,ent_51f1cabb1905
ENT_000295,ent_2efd3f4ea291
ENT_000296,ent_3c1f5938331c
ENT_000297,ent_f5bde86abdd5
ENT_000298,ent_387a9e3be743
ENT_000299,ent_923d754b5b83
ENT_000300,ent_bc97caae4699
ENT_000302,ent_f582f0e0c923
ENT_000303,ent_194fde3acb00
ENT_000304,ent_48596aa981f1
ENT_000306,ent_b1fdd48c4f72
ENT_000307,ent_03e1b78e78a0
ENT_000308,ent_69914e7d87cb
ENT_000309,ent_e20bc18dd059
ENT_000314,ent_8681b20b1e27
ENT_000315,ent_8072aecddbcd
ENT_000318,ent_0396dba7d7f6
ENT_000319,ent_5a9dc51d0ff7
ENT_000320,ent_ddd8c6dd2bf3
ENT_000321,ent_b64343e36e07
ENT_000323,ent_946c8263dd81
ENT_000326,ent_3ca570fec09d
ENT_000327,ent_97794d44e9b0
ENT_000328,ent_0f61ed7aa5c1
ENT_000329,ent_5b07ea78b01a
ENT_000332,ent_13585ac9a151
ENT_000333,ent_5d19b0b834cf
ENT_000334,ent_3a2416bad45f
ENT_000335,ent_d40356d40245
ENT_000336,ent_55a95355c860
ENT_000337,ent_f31bbe84dd68
ENT_000338,ent_8e9b12ca3b87
ENT_000340,ent_a324dd1890cd
ENT_000345,ent_dcfd8758010c
ENT_000347,ent_f751f41107e3
ENT_000348,ent_a9dd2c958fe4
ENT_000349,ent_5e0ad6464d4c
ENT_000350,ent_fa4f98df3484
ENT_000351,ent_65331cc018da
ENT_000352,ent_5de62122fb00
ENT_000353,ent_b25aa1f1cfe1
ENT_000354,ent_2ea5f7ba3eb5
ENT_000355,ent_6a4d64bd4549
ENT_000356,ent_1f37e79f5cdc
ENT_000357,ent_af524dee32f1
ENT_000358,ent_06c16ab3a192
ENT_000359,ent_a1a1fa337d84
ENT_000360,ent_2b1f5969c622
ENT_000361,ent_5507dd176f58
ENT_000363,ent_8c4e06072684
ENT_000364,ent_b9b304a288c2
ENT_000365,ent_e8be15475732
ENT_000366,ent_701f7204b454
ENT_000367,ent_2e0ef42dfe8a
ENT_000368,ent_253f50b60d99
ENT_000369,ent_1b64bc55a045
ENT_000370,ent_31fa5d1869d5
ENT_000371,ent_cc4bff58f4a8
ENT_000373,ent_875abd010075
ENT_000374,ent_42fd8c1ef71a
ENT_000375,ent_1c9fa6d04154
ENT_000376,ent_ccdb3ff5fe33
ENT_000377,ent_4cf3cc21f6a7
ENT_000378,ent_6b332f2cb32a
ENT_000379,ent_4ae97cd2c73b
ENT_000381,ent_1740f13951d0
ENT_000382,ent_351df85f332d
ENT_000383,ent_d7ab30f262f2
ENT_000384,ent_297708e1a3e4
ENT_000385,ent_f3e7698f6a2e
ENT_000386,ent_d1f20f243977
ENT_000388,ent_d557ce9d1623
ENT_000389,ent_63f2bfb1b751
ENT_000390,ent_dbc2884c88fd
ENT_000392,ent_5f306065e6bf
ENT_000393,ent_bd4fc1449938
ENT_000395,ent_8582711b1bf9
ENT_000400,ent_055caedbda99
ENT_000401,ent_9ebbf49d1ce1
ENT_000403,ent_adcf5b27a00f
ENT_000404,ent_1b371242158e
ENT_000405,ent_617f1d3044e0
ENT_000406,ent_97a3d7152089
ENT_000407,ent_580e878f16fb
ENT_000409,ent_8600ce35164f
ENT_000410,ent_552a5160d4d9
ENT_000411,ent_88fafaa85116
ENT_000413,ent_75225b3ba456
ENT_000414,ent_7d20227a96ca
ENT_000416,ent_ec195112bf3b
ENT_000417,ent_258adcbc106f
ENT_000418,ent_e02c7a6dcc47
ENT_000419,ent_4f411111de42
ENT_000421,ent_609ab1c11cce
ENT_000422,ent_6b16d5eb2568
ENT_000424,ent_839c12be1e08
ENT_000426,ent_92186bfb0191
ENT_000427,ent_a0a368983873
ENT_000429,ent_8f48c9a3f8bc
ENT_000432,ent_9424ec8df21b
ENT_000438,ent_2cb9ee377ec4
ENT_000439,ent_0ae0768e9eb3
ENT_000440,ent_352571084bec
ENT_000441,ent_364378882a60
ENT_000442,ent_7a55417922b7
ENT_000445,ent_26907825555a
ENT_000447,ent_9072e3d553eb
ENT_000449,ent_70bd1f484c75
ENT_000450,ent_52a0cbf97036
ENT_000451,ent_049f9230e314
ENT_000452,ent_62b8544b36cd
ENT_000453,ent_ea85a2640ea9
ENT_000455,ent_1f955727ae20
ENT_000458,ent_2cf79a17b268
ENT_000460,ent_f63635a5d67a
ENT_000461,ent_3ea05c511d41
ENT_000463,ent_44f9c81c8f33
ENT_000464,ent_ee8eac38146c
ENT_000465,ent_75e6ed536449
ENT_000466,ent_87a7e4eae272
ENT_000467,ent_c05440edfdaa
ENT_000468,ent_e40c1dd29442
ENT_000469,ent_56731103aaee
ENT_000473,ent_4b0293ba3f68
ENT_000474,ent_f3c2695b7af1
ENT_000475,ent_629085ffe4c6
ENT_000476,ent_f87e2e61dfe7
ENT_000477,ent_d4ae7033f3f6
ENT_000480,ent_fdc4b55fa14e
ENT_000481,ent_107cd2ab2ceb
ENT_000482,ent_68e0baa26a74
ENT_000483,ent_76ec6da286c7
ENT_000484,ent_c812a318d484
ENT_000485,ent_82d6ef3dffc1
ENT_000486,ent_fd480b8e9d9e
ENT_000487,ent_9ea642d9b6c8
ENT_000488,ent_54beb8d1cec0
ENT_000489,ent_4f3d93269415
ENT_000490,ent_2efaed22919c
ENT_000491,ent_46c194df5e4f
ENT_000492,ent_b01a798b043d
ENT_000493,ent_9c1ee364f9f4
ENT_000494,ent_b5c46db55f05
ENT_000495,ent_d1d132c1c8c0
ENT_000497,ent_75846aa9c11a
ENT_000498,ent_ff94ae4cd6a0
ENT_000499,ent_84223d30ea29
ENT_000500,ent_58ba72067300
ENT_000501,ent_0d784ca1ddee
ENT_000502,ent_3821435c327a
ENT_000503,ent_65dbb47d0b3b
ENT_000504,ent_4c78fe1d5a1c
ENT_000505,ent_7317e267e08a
ENT_000506,ent_ec71496a78ce
ENT_000507,ent_b9578b043554
ENT_000508,ent_7c94c32405e2
ENT_000509,ent_84f9f24c0262
ENT_000510,ent_d4c3f9b8194a
ENT_000512,ent_753cddf6a40b
ENT_000513,ent_c9b998c65c31
ENT_000514,ent_4d5fe4f546a7
ENT_000515,ent_07fac58bb232
ENT_000516,ent_9f014f996159
ENT_000517,ent_4e69cceb05db
ENT_000518,ent_5844e6a8f7a2
ENT_000519,ent_2ffac8132ea1
ENT_000520,ent_cc338b13bc8d
ENT_000521,ent_ef4b1c82b95d
ENT_000522,ent_cb5cd5e357f1
ENT_000523,ent_632d8278968d
ENT_000524,ent_0351905354d3
ENT_000526,ent_b7df1a9cc7ce
ENT_000527,ent_2db8b7998b4f
ENT_000528,ent_a014a40cc669
ENT_000529,ent_e38f50d4a68f
ENT_000531,ent_6124ca883ee0
ENT_000532,ent_610f812f1020
ENT_000533,ent_50beff45ff45
ENT_000534,ent_03638915e005
ENT_000535,ent_0c00029ba628
ENT_000536,ent_78aec05a1d5e
ENT_000537,ent_ede5a6a0b211
ENT_000538,ent_7794702df0e5
ENT_000539,ent_f2887f0d018e
ENT_000541,ent_6728b8d771f7
ENT_000542,ent_e14fb950d6b8
ENT_000543,ent_a473b8095e6b
ENT_000544,ent_e3d53e738b41
ENT_000545,ent_baa6a8d6fd1f
ENT_000547,ent_89a50d382555
ENT_000548,ent_104cc012dca5
ENT_000549,ent_cc997fcd4c92
ENT_000550,ent_04d5ccfd165f
ENT_000551,ent_55e8b8df21a1
ENT_000552,ent_053801518db0
ENT_000553,ent_92b8245516a5
ENT_000554,ent_dd149ff3f6d2
ENT_000555,ent_cb8ff9f5a683
ENT_000558,ent_6d450e19c70e
ENT_000559,ent_c01b045e0f0d
ENT_000561,ent_45257a929b0b
ENT_000562,ent_f95358ca03b2
ENT_000563,ent_792c38d57a9c
ENT_000564,ent_2feac33027f9
ENT_000565,ent_e9cc762204c6
ENT_000566,ent_21cf7fef360b
ENT_000567,ent_51a1930ecdd8
ENT_000568,ent_9bd5187718b7
ENT_000569,ent_ac1558d25c5a
ENT_000571,ent_cd2c34f8d08e
ENT_000572,ent_a9d80a800640
ENT_000574,ent_dbd91c4ac3f2
ENT_000575,ent_df76da4d8849
ENT_000577,ent_172e04138cad
ENT_000579,ent_308f569bd8b9
ENT_000580,ent_6f70043df5e9
ENT_000582,ent_f74b39c76e8e
ENT_000583,ent_9bcf6a5b2931
ENT_000584,ent_37b55930058d
ENT_000585,ent_9aca71a6e03f
ENT_000586,ent_ccd70abc20e7
ENT_000587,ent_4b333d757881
ENT_000588,ent_c2bba9889dab
ENT_000590,ent_0ba3cea4d5e1
ENT_000591,ent_8aefb5d4ea8d
ENT_000592,ent_3018ab2e0ef8
ENT_000593,ent_6f6de49eec3c
ENT_000594,ent_130c847aec46
ENT_000596,ent_bf52784d3c2e
ENT_000597,ent_a9764c9b5635
ENT_000598,ent_0b7991573092
ENT_000599,ent_7c0a8569a257
ENT_000600,ent_3f2e91ad80ec
ENT_000601,ent_6748a9a141c8
ENT_000603,ent_d8f3f135983b
ENT_000604,ent_da7d3d0964fe
ENT_000605,ent_4d5451a87c17
ENT_000606,ent_e33d2ee5cfce
ENT_000607,ent_995576367757
ENT_000608,ent_115c3e67ac6d
ENT_000609,ent_2e629e6ba684
ENT_000610,ent_bc23b5495e33
ENT_000611,ent_9f24142be3db
ENT_000612,ent_d69d878b9f88
ENT_000613,ent_cc6a5e04a652
ENT_000614,ent_497aa4b9ee19
ENT_000615,ent_4fc962903223
ENT_000616,ent_871961530b76
ENT_000617,ent_00e73651777a
ENT_000618,ent_0f15a52e0da0
ENT_000619,ent_260a04c6bf14
ENT_000620,ent_9f76615847ff
ENT_000621,ent_e7eb92f0797e
ENT_000622,ent_fbba96517571
ENT_000623,ent_6bbb8d76ec33
ENT_000624,ent_72079544f71c
ENT_000625,ent_721d6b3f6f88
ENT_000626,ent_70534c20d993
ENT_000627,ent_b998648b79b1
ENT_000628,ent_16e3939af0e7
ENT_000629,ent_f0e73e2d6386
ENT_000630,ent_483949cc23bc
ENT_000631,ent_d6c28db92240
ENT_000632,ent_793d9577d97d
ENT_000634,ent_9aa2f7b88b66
ENT_000635,ent_233ec83debb3
ENT_000637,ent_7f433c64bc8a
ENT_000638,ent_4c92e4a605ab
ENT_000639,ent_cf599bcadaf8
ENT_000640,ent_1f300777a849
ENT_000641,ent_5eb40abab0fc
ENT_000642,ent_721503fa7393
ENT_000643,ent_167117d287a9
ENT_000644,ent_39a598a163f7
ENT_000645,ent_4e9e1dc937dc
ENT_000647,ent_dd075dce9262
ENT_000648,ent_7718db6e5dc8
ENT_000650,ent_faa6bf9294fa
ENT_000652,ent_1407cf8cbbd4
ENT_000653,ent_15cb9081dd51
ENT_000656,ent_50f8ba06e830
ENT_000657,ent_23216bc2355a
ENT_000658,ent_f2c90bb88bf5
ENT_000659,ent_b4144404b14a
ENT_000660,ent_bc27b808ed87
ENT_000661,ent_6371407e7c80
ENT_000662,ent_030f860b232d
ENT_000663,ent_8fd596696a40
ENT_000665,ent_6f8c9a628636
ENT_000666,ent_c6e5bfb6988e
ENT_000667,ent_b1aa42ed4f10
ENT_000668,ent_b7ede44a3fc9
ENT_000669,ent_e644470705af
ENT_000670,ent_7f8521af55e3
ENT_000672,ent_84cd214d6105
ENT_000673,ent_6cbb8b462895
ENT_000674,ent_a328b1b58842
ENT_000676,ent_c0afe4140f18
ENT_000677,ent_da432ef57485
ENT_000678,ent_831f7ffef77a
ENT_000679,ent_eab2a1d149ce
ENT_000681,ent_1cb2a9d0abce
ENT_000682,ent_57850f33f5ab
ENT_000683,ent_69a079695a60
ENT_000684,ent_629df0aedc56
ENT_000685,ent_7e11b1f22004
ENT_000686,ent_7914b144fd7f
ENT_000688,ent_1d402a037d0a
ENT_000691,ent_511f58ed83bb
ENT_000692,ent_2799c72f2cb3
ENT_000693,ent_303ac3506db1
ENT_000694,ent_1a210f2349af
ENT_000695,ent_f9e930f66a81
ENT_000696,ent_9ad123e7d362
ENT_000697,ent_947fac9e2abf
ENT_000699,ent_e733dea73230
ENT_000701,ent_17c0fb123fac
ENT_000703,ent_95b03b36738a
ENT_000704,ent_f74c87c0cab9
ENT_000705,ent_86604395aac9
ENT_000706,ent_71d63259ef56
ENT_000707,ent_d6bdf8dfb208
ENT_000708,ent_c5432de933bd
ENT_000709,ent_9f9ebf173a58
ENT_000710,ent_91f9a0883bbd
ENT_000711,ent_cc175f043605
ENT_000712,ent_0153ce29f441
ENT_000713,ent_18ce6b6e79cc
ENT_000714,ent_861cdbb73a82
ENT_000716,ent_7726efda5f9f
ENT_000717,ent_8479930a32f1
ENT_000718,ent_a279fafabed8
ENT_000719,ent_2d1afab8a5d0
ENT_000720,ent_0e12ced868a8
ENT_000721,ent_d04f5e68c12f
ENT_000722,ent_c4c5e66b3e40
ENT_000723,ent_614de9f7142c
ENT_000724,ent_e0b9b22266aa
ENT_000725,ent_fe95ed7f0ae2
ENT_000726,ent_fb996279bb3e
ENT_000727,ent_b71a9be1643a
ENT_000728,ent_2529fb028abd
ENT_000729,ent_742733dafb75
ENT_000730,ent_bf1191efa805
ENT_000731,ent_9ec375a01444
ENT_000732,ent_5fc7553fbb46
ENT_000733,ent_0d23bad33805
ENT_000734,ent_126d3598d38d
ENT_000735,ent_84bbc11fd8e1
ENT_000736,ent_c936ed014d40
ENT_000737,ent_6580bf44552b
ENT_000738,ent_840c589ae67c
ENT_000739,ent_a7a68c4b967b
ENT_000740,ent_c495c558929a
ENT_000741,ent_ecc71f2ce47d
ENT_000743,ent_038d5a4d7f2c
ENT_000744,ent_c879b974c6a1
ENT_000745,ent_b6d96a0b98e1
ENT_000746,ent_13eac514e29f
ENT_000749,ent_b40c02de7e0c
ENT_000752,ent_9cd5ef7cdc19
ENT_000753,ent_0702a1773d49
ENT_000754,ent_566e684f7b68
ENT_000755,ent_693b636b8a85
ENT_000756,ent_4917cd070d69
ENT_000757,ent_fd74bad7f138
ENT_000758,ent_1190f170e102
ENT_000759,ent_6c703d8b9e44
ENT_000760,ent_b92d73d2f0ff
ENT_000761,ent_3e14485e913e
ENT_000762,ent_587cc8b2c1b2
ENT_000763,ent_1c592151553e
ENT_000766,ent_3ac775d73631
ENT_000767,ent_01318fa575d6
ENT_000769,ent_43a6fa8edb95
ENT_000770,ent_66899ca5a53f
ENT_000771,ent_c22420aa8b82
ENT_000773,ent_6d4d5b092d52
ENT_000774,ent_3af60ba37e14
ENT_000775,ent_a601e03f56f0
ENT_000776,ent_34213d529be0
ENT_000777,ent_a550a6b00a25
ENT_000778,ent_6bdbb5c63d52
ENT_000779,ent_5237a1139dd2
ENT_000780,ent_1ec56eacb86b
ENT_000781,ent_2d6bd8304107
ENT_000782,ent_0089fd2d2ab6
ENT_000783,ent_e09347d6da35
ENT_000784,ent_645b651b39e0
ENT_000789,ent_c2b23736dcfc
ENT_000790,ent_dd450fbf67da
ENT_000791,ent_0c0433278003
ENT_000792,ent_4d09dd166045
ENT_000793,ent_f8ca46f3488e
ENT_000794,ent_394488e54345
ENT_000796,ent_1515bd2960e6
ENT_000797,ent_d6aa1ef57bc1
ENT_000799,ent_08426f96d916
ENT_000801,ent_4f2228845db8
ENT_000802,ent_48d9ca961d70
ENT_000804,ent_6a6b973f8ca4
ENT_000805,ent_7cd750b656ed
ENT_000807,ent_f43bfb87262c
ENT_000809,ent_bb392dd301a5
ENT_000810,ent_27e54737f105
ENT_000811,ent_5efdde7b7dec
ENT_000812,ent_c04966928bb1
ENT_000813,ent_43ac73eae702
ENT_000815,ent_ec7d55610067
ENT_000817,ent_f016d9957750
ENT_000818,ent_77c5e37e1187
ENT_000821,ent_be14cc6f19f2
ENT_000822,ent_0c83ad6069a6
ENT_000823,ent_68722bc37d93
ENT_000824,ent_e37b1616d212
ENT_000825,ent_c8e7621ccbc1
ENT_000826,ent_fb3c7e8e6e33
ENT_000827,ent_fefa84319778
ENT_000828,ent_40a012ca2907
ENT_000829,ent_0a3fb5adeef0
ENT_000830,ent_4a059c100d84
ENT_000831,ent_ff0ba6b9e92c
ENT_000832,ent_3e144b98d16c
ENT_000833,ent_28066757ba2d
ENT_000834,ent_bd8cc6f4c62b
ENT_000835,ent_288c6e870baa
ENT_000836,ent_9818df64e5ad
ENT_000837,ent_2ace9524740d
ENT_000838,ent_c3569625ae14
ENT_000839,ent_760c9bcf7a19
ENT_000840,ent_d63000026ad2
ENT_000841,ent_69507a0bd480
ENT_000842,ent_67006cc2875f
ENT_000843,ent_a05b07484a8f
ENT_000844,ent_145d1ec87a7e
ENT_000845,ent_595970be7f28
ENT_000846,ent_bb48ad073f59
ENT_000847,ent_d6b35c5ed28f
ENT_000848,ent_2485a2d5c06e
ENT_000849,ent_9fee887bb7d7
ENT_000850,ent_7fedb3eba57b
ENT_000851,ent_406a827d2167
ENT_000852,ent_f3557c8ff5cf
ENT_000853,ent_15121eff5f21
ENT_000854,ent_530d32c9a284
ENT_000855,ent_ce4f3a34a70d
ENT_000856,ent_1c7007b384e2
ENT_000857,ent_1af0eab2dfce
ENT_000858,ent_7ba277bdcf0a
ENT_000859,ent_118c3af4bd56
ENT_000860,ent_98280da5b482
ENT_000862,ent_ee2fbca86cd8
ENT_000863,ent_f67aa6e9d9b0
ENT_000864,ent_38faec19357d
ENT_000865,ent_d2c06de28370
ENT_000866,ent_046b68cc9d8c
ENT_000867,ent_3aa619e1bb29
ENT_000868,ent_e33e02827b87
ENT_000869,ent_6b5a0fecde34
ENT_000870,ent_2373c48c3ef3
ENT_000871,ent_0c2c024a7c71
ENT_000872,ent_f1ff4b20da9b
ENT_000873,ent_8476092dd1d7
ENT_000874,ent_54200e0e537f
ENT_000875,ent_1de5316b3b56
ENT_000877,ent_a885f712f808
ENT_000878,ent_a5ceff8e0ec4
ENT_000879,ent_8e4247b85a0c
ENT_000881,ent_ebeca50df053
ENT_000882,ent_7f3f855b77de
ENT_000884,ent_cf9a4b00b260
ENT_000886,ent_7411f63e62e2
ENT_000887,ent_b3bcd9132b53
ENT_000888,ent_d556cbc5430f
ENT_000890,ent_da371c1b025e
ENT_000893,ent_fc8d7a67fa69
ENT_000894,ent_6e2223896c97
ENT_000895,ent_993758d74fbe
ENT_000896,ent_e03e8e1e3c6b
ENT_000897,ent_68e1d3498659
ENT_000898,ent_71ef6a0ae061
ENT_000899,ent_a2f15c9d6a59
ENT_000900,ent_dd67e23caf32
ENT_000901,ent_3d88295a32c7
ENT_000902,ent_a12930f1852f
ENT_000903,ent_f266efb317fe
ENT_000906,ent_d31a4f89d8af
ENT_000907,ent_08249aa9eece
ENT_000910,ent_7c09d745d7f6
ENT_000911,ent_65ba0b0eaed4
ENT_000912,ent_973607ac8bdd
ENT_000913,ent_62a5a16b3eae
ENT_000914,ent_fbfe8b6873b7
ENT_000915,ent_d40aa32d333b
ENT_000916,ent_08d44c28a404
ENT_000917,ent_4cccd2569b97
ENT_000919,ent_834df7455b7c
ENT_000920,ent_ed4723f01bcb
ENT_000921,ent_ad4e5a90145d
ENT_000922,ent_761e8c9abf35
ENT_000923,ent_45d6fbc9d238
ENT_000924,ent_642d058d95fe
ENT_000925,ent_4abcd601e79d
ENT_000927,ent_962e40272c92
ENT_000928,ent_b913c849d6ca
ENT_000929,ent_841c7a88ae76
ENT_000930,ent_457d79c31dca
ENT_000931,ent_62de189e4c63
ENT_000932,ent_da5fe9291feb
ENT_000933,ent_6d0cf7733c63
ENT_000934,ent_d9597171c0fd
ENT_000935,ent_ca1ef78ff47e
ENT_000936,ent_33bc8ff3117d
ENT_000937,ent_efce4767d7ff
ENT_000939,ent_b75ae14d590f
ENT_000940,ent_0e392a5a426a
ENT_000941,ent_9e2640e3e08f
ENT_000942,ent_a0ca88c09e4c
ENT_000943,ent_41a7668d73ca
ENT_000944,ent_5facd0c5c58e
ENT_000945,ent_1296671d4de1
ENT_000946,ent_f46e74af0102
ENT_000948,ent_7a08076a0e76
ENT_000949,ent_d8b385b0f268
ENT_000952,ent_d98c04737732
ENT_000953,ent_d99df4b1b3c0
ENT_000954,ent_7afd9a944406
ENT_000955,ent_0ebc47edc5c5
ENT_000956,ent_e415bc3bef13
ENT_000957,ent_68670ed474e7
ENT_000958,ent_dea447718221
ENT_000959,ent_4dfc7c8ad259
ENT_000960,ent_b190c8e49c71
ENT_000961,ent_5a7221d8aab7
ENT_000962,ent_d5afc387bfd1
ENT_000963,ent_5cc30f245731
ENT_000965,ent_92e32f313ab9
ENT_000966,ent_2767274a0498
ENT_000967,ent_fe42a513485c
ENT_000968,ent_f2bd6d900c4b
ENT_000969,ent_dd4f57a2e1be
ENT_000970,ent_7da3db292b7a
ENT_000971,ent_12238119b1bf
ENT_000972,ent_92c05d6cb194
ENT_000973,ent_f3f814139fd0
ENT_000974,ent_0b9dd5185a28
ENT_000975,ent_71b9e2677946
ENT_000976,ent_0e26a61823e5
ENT_000977,ent_0653a436114e
ENT_000978,ent_6d30ec526719
ENT_000979,ent_042c3654c6f7
ENT_000980,ent_6e5c30adfd17
ENT_000981,ent_9b18438a6852
ENT_000982,ent_c8c5a812c3c2
ENT_000983,ent_1131ca574ced
ENT_000984,ent_11d37aa627c5
ENT_000985,ent_7b31b97272a6
ENT_000986,ent_631ee7726b19
ENT_000987,ent_a00178b25245
ENT_000988,ent_42b1d65c409c
ENT_000989,ent_d12d5ec9ba45
ENT_000990,ent_455dc06e5de1
ENT_000991,ent_f56824a7f98c
ENT_000993,ent_cd18e3dbf0fa
ENT_000994,ent_3134e66c43b7
ENT_000995,ent_d03337983d1c
ENT_000996,ent_665c5b216b2e
ENT_000997,ent_377269f2bb9c
ENT_000998,ent_caa87f970df0
ENT_000999,ent_39e092edd7ed
ENT_001001,ent_f828314f4e94
ENT_001003,ent_37487e4d7a47
ENT_001005,ent_f731b08cb3dc
ENT_001006,ent_8ed498aefc0a
ENT_001007,ent_a93798d1fb4e
ENT_001008,ent_3ba6a982cc97
ENT_001011,ent_99d55e3a83e2
ENT_001012,ent_4babddfebe61
ENT_001013,ent_2d65f9ac7b9a
ENT_001015,ent_51462b17282e
ENT_001018,ent_f0b768d16d11
ENT_001020,ent_2a4c9034f007
ENT_001023,ent_8317c99e7582
ENT_001025,ent_18ab11736d90
ENT_001028,ent_9b3e92427253
ENT_001029,ent_265a4f2a9942
ENT_001030,ent_0935f7370283
ENT_001031,ent_ae403147e068
ENT_001033,ent_e211fbceca89
ENT_001035,ent_e6077bd77a78
ENT_001036,ent_72961050b204
ENT_001037,ent_478a5cb59018
ENT_001038,ent_819590cd46b8
ENT_001039,ent_fca40d776f3e
ENT_001040,ent_89910fa9e575
ENT_001041,ent_8b390508c660
ENT_001042,ent_f05f3cee5692
ENT_001043,ent_7fc3ff23b800
ENT_001044,ent_d49b91fe82f2
ENT_001045,ent_5e5a17936679
ENT_001046,ent_40b9a6b5793f
ENT_001047,ent_21db5d0271cf
ENT_001048,ent_d3e57fbb3dd1
ENT_001049,ent_202cc5e2aa39
ENT_001050,ent_efd7d287ca57
ENT_001051,ent_f1e162ab0141
ENT_001052,ent_81392b7af9aa
ENT_001053,ent_3e0ce7e62b21
ENT_001054,ent_296dc7dca536
ENT_001055,ent_252145e2bac1
ENT_001056,ent_f4c58d42b55f
ENT_001057,ent_76bafd8ff373
ENT_001058,ent_280296b73f55
ENT_001059,ent_fd7fecd9abd7
ENT_001060,ent_db46be1e1443
ENT_001062,ent_da99ca58a7eb
ENT_001065,ent_8da628c7dc69
ENT_001066,ent_1a81fbff1bb7
ENT_001067,ent_1ea7ef296c7f
ENT_001068,ent_5e84cee064bc
ENT_001069,ent_d9cc5b6db434
ENT_001070,ent_ad4fdfc2879e
ENT_001071,ent_592967976104
ENT_001072,ent_70cf211e7f47
ENT_001073,ent_8c2e06b1a094
ENT_001074,ent_8a13111faa0b
ENT_001075,ent_c2f7a0370603
ENT_001076,ent_d8303b61e880
ENT_001077,ent_e273e3e585b0
ENT_001078,ent_5b26dcfad459
ENT_001079,ent_6fea2fa2a99b
ENT_001080,ent_9bbd08a502eb
ENT_001081,ent_8a5a45ec9fab
ENT_001083,ent_c9b0988dab48
ENT_001084,ent_9b638fd72541
ENT_001085,ent_8b37b888ed42
ENT_001086,ent_4bd4271af921
ENT_001087,ent_7c8d81017e75
ENT_001088,ent_150383863209
ENT_001090,ent_14122ce577a2
ENT_001091,ent_cab55cd5d503
ENT_001092,ent_20798fe66615
ENT_001093,ent_4823fad7690c
ENT_001094,ent_f3be2f9dfa00
ENT_001095,ent_51e1a41e0cd3
ENT_001096,ent_67a7e11d6770
ENT_001097,ent_d321a65eebf7
ENT_001098,ent_0c95f4f188c8
ENT_001099,ent_6aa7838e51d9
ENT_001100,ent_c85b996d9ec0
ENT_001101,ent_d20bdb2889fb
ENT_001102,ent_0aeab440db88
ENT_001103,ent_d7bc89f279ef
ENT_001104,ent_a243646f3b94
ENT_001105,ent_afc51b09d777
ENT_001106,ent_3013e197852b
ENT_001107,ent_4537ffc5ddf1
ENT_001108,ent_eb10ad0a4eb5
ENT_001109,ent_e90218415200
ENT_001110,ent_6a8f1d528c59
ENT_001111,ent_e7608c5ab396
ENT_001112,ent_868a987423ed
ENT_001113,ent_21409e2c1949
ENT_001115,ent_e4568be4e55e
ENT_001116,ent_728b4becd126
ENT_001117,ent_4964adef6a55
ENT_001118,ent_422ff5cee218
ENT_001119,ent_63b81bf7dab1
ENT_001120,ent_cf5cc0ec064e
ENT_001122,ent_94fd273597ae
ENT_001123,ent_c7fb4148ddea
ENT_001124,ent_bb7763355aa8
ENT_001125,ent_e37c3bad97c8
ENT_001126,ent_f4a1f19f8722
ENT_001127,ent_ad5fb2754051
ENT_001129,ent_0d560158ed6c
ENT_001130,ent_20fb60072f34
ENT_001131,ent_18936465e8e8
ENT_001132,ent_3037ef6fd5e5
ENT_001133,ent_a88c69a30ded
ENT_001135,ent_6470aa6f5df5
ENT_001137,ent_29a50c259c4a
ENT_001138,ent_1f9895ae0eb3
ENT_001142,ent_1669431afc50
ENT_001145,ent_37fb22f6901e
ENT_001147,ent_4871ddde8184
ENT_001148,ent_3fda8ab40248
ENT_001150,ent_a9c3d4e6d173
ENT_001151,ent_adab294495e1
ENT_001152,ent_c8e024df18c4
ENT_001154,ent_4287ba1d5558
ENT_001155,ent_7ffb6843eb07
ENT_001156,ent_6d72d0461e83
ENT_001157,ent_635c4fc10bd9
ENT_001158,ent_6bb87edc175f
ENT_001159,ent_8b5ce1c2b30a
ENT_001160,ent_0d7c236cedf2
ENT_001161,ent_9b8325fd1331
ENT_001163,ent_0af83112f61f
ENT_001164,ent_bad55455f574
ENT_001165,ent_82139e096e4d
ENT_001166,ent_365e0e1e6724
ENT_001167,ent_2983b080e5fc
ENT_001172,ent_ab72f60b16fc
ENT_001173,ent_50dbc84577ab
ENT_001176,ent_438dd146ab78
ENT_001177,ent_d64ab3f92584
ENT_001178,ent_f7cccf612e35
ENT_001179,ent_5550d14894d1
ENT_001180,ent_877ff279231d
ENT_001182,ent_e4fa1268426a
ENT_001183,ent_7f0101177b4e
ENT_001184,ent_8d6c6dc47a6a
ENT_001186,ent_2871cc8ab222
ENT_001187,ent_9443c751813e
ENT_001188,ent_43a576423693
ENT_001189,ent_239a7d6f5348
ENT_001190,ent_3a4c88266bc5
ENT_001191,ent_3269c07bd88c
ENT_001192,ent_d9d27e1ed1fe
ENT_001193,ent_a44df8dade55
ENT_001194,ent_edae01b97f77
ENT_001195,ent_edcd5a0ae113
ENT_001196,ent_03090c368a04
ENT_001197,ent_f3993507a8a8
ENT_001198,ent_af28c8e8f153
ENT_001199,ent_f7408cbf1b32
ENT_001200,ent_453152ed0870
ENT_001201,ent_03847a290b39
ENT_001202,ent_89a5ff95e24b
ENT_001203,ent_32d0c5d5e4c2
ENT_001204,ent_c46565c55bc1
ENT_001206,ent_7b9238a33591
ENT_001207,ent_563f21dd1936
ENT_001208,ent_1b371fb754a6
ENT_001209,ent_911c7fa7a1e9
ENT_001210,ent_ed568b9deb67
ENT_001211,ent_24eb87fb4ac9
ENT_001212,ent_20cb81593610
ENT_001213,ent_519ed25c85bd
ENT_001214,ent_fb56c8f822c5
ENT_001215,ent_2e71c47eae5f
ENT_001220,ent_c43a2640d4f1
ENT_001221,ent_7d6e7a790a61
ENT_001222,ent_a1592d052383
ENT_001223,ent_dc566572d55f
ENT_001224,ent_b42d1581ac58
ENT_001226,ent_379be1eb5552
ENT_001227,ent_452f3ab9e6f0
ENT_001228,ent_a63cb46e4777
ENT_001229,ent_d4210e2f4b22
ENT_001231,ent_b27280e3ed26
ENT_001232,ent_4bdad3767dfd
ENT_001233,ent_21b39e887fdf
ENT_001234,ent_cdc6663196e1
ENT_001235,ent_4849174a2cd0
ENT_001236,ent_e57120c808fa
ENT_001237,ent_f255ef4df57b
ENT_001238,ent_d688fd6d642a
ENT_001239,ent_26c4a095b9b6
ENT_001240,ent_29dfa36ea497
ENT_001241,ent_4fa91d749a6f
ENT_001242,ent_530fb61973f7
ENT_001243,ent_116c826a6062
ENT_001244,ent_b3c9cac8178b
ENT_001245,ent_99820577098a
ENT_001246,ent_76a3664ccdc3
ENT_001247,ent_8e21e8caee3d
ENT_001248,ent_b3b9e5cb73ac
ENT_001249,ent_3ccecec0eace
ENT_001250,ent_4be95c72992b
ENT_001251,ent_6a35ac8d6205
ENT_001252,ent_57011b15f26d
ENT_001253,ent_d771a6d40f06
ENT_001254,ent_8a7f6594e01f
ENT_001255,ent_8dc18a115e44
ENT_001256,ent_cea8825b6b0e
ENT_001257,ent_1ec46d47009a
ENT_001258,ent_f6390ee92041
ENT_001259,ent_54a8aaea0407
ENT_001260,ent_e442bb5bb620
ENT_001261,ent_0e8aff523465
ENT_001262,ent_0cd9febac8d6
ENT_001263,ent_6d7a3b2be54d
ENT_001264,ent_4568dd2058f9
ENT_001265,ent_030c85a4b24d
ENT_001266,ent_205c885cd565
ENT_001267,ent_149debdffccf
ENT_001268,ent_eace8c454ed0
ENT_001269,ent_13510802d5b0
ENT_001270,ent_197000e30d23
ENT_001271,ent_9cde92b76267
ENT_001272,ent_aa36eb2b8e93
ENT_001273,ent_bd71a62ff288
ENT_001274,ent_13b00d63bbfb
ENT_001275,ent_8504bddae0c2
ENT_001276,ent_8d322e241615
ENT_001277,ent_71b94a4b3ee2
ENT_001278,ent_972e2c70519e
ENT_001279,ent_67f5c0eb3709
ENT_001280,ent_3dbf12a8d6db
ENT_001281,ent_27f95c32acdd
ENT_001282,ent_80a65a4bb16c
ENT_001283,ent_c5b5278db6b5
ENT_001284,ent_6c0eefbae767
ENT_001285,ent_6eeb9ecb9a60
ENT_001286,ent_b89d526f92b7
ENT_001287,ent_c041855e7345
ENT_001288,ent_f6f1479169b2
ENT_001289,ent_3d2d17bc0b57
ENT_001291,ent_c9fa0f51d3bc
ENT_001292,ent_9f63286316b4
ENT_001293,ent_3d7e8d542230
ENT_001294,ent_f06963b066c4
ENT_001295,ent_08333368daf2
ENT_001296,ent_0f1f3f9a8712
ENT_001297,ent_97745782cadf
ENT_001298,ent_e58e4f29e114
ENT_001299,ent_6d42501ffb2a
ENT_001301,ent_b2d9f11154eb
ENT_001302,ent_947e42136d4f
ENT_001303,ent_1e9e78500208
ENT_001304,ent_09cc8aedd85e
ENT_001305,ent_8695046e7517
ENT_001306,ent_1a16ed1fbb97
ENT_001307,ent_af6cc3106b64
ENT_001308,ent_d988c0d4b53e
ENT_001309,ent_cdc8e9949731
ENT_001310,ent_e55eadb77fd0
ENT_001311,ent_64807944daac
ENT_001312,ent_f873399826ef
ENT_001313,ent_349bfc589450
ENT_001314,ent_23edc059c33c
ENT_001315,ent_5f3437ef7a62
ENT_001316,ent_3a08e8c034c2
ENT_001318,ent_77a96df59eba
ENT_001319,ent_98fcd0126839
ENT_001320,ent_89d5d8817e4b
ENT_001321,ent_b077dbbe873a
ENT_001322,ent_70466201a1c1
ENT_001323,ent_d41326b6264a
ENT_001324,ent_b34f5aa17c7c
ENT_001325,ent_c23f88aa03ae
ENT_001326,ent_2c477c35f534
ENT_001327,ent_0ea1681d6010
ENT_001328,ent_2fd14714fa1b
ENT_001329,ent_c12dbb4681be
ENT_001330,ent_248adaa935e5
ENT_001331,ent_51f7119796d0
ENT_001332,ent_0267f66d340e
ENT_001334,ent_9c5c3d5b3bd4
ENT_001335,ent_afea6b159f34
ENT_001336,ent_124f08cde26b
ENT_001337,ent_016770a7e14d
ENT_001338,ent_ccae9a0d8e80
ENT_001339,ent_132a26d60fc4
ENT_001340,ent_47153540f36f
ENT_001341,ent_6a8b12dc9115
ENT_001343,ent_b07111e062de
ENT_001344,ent_b9208df10925
ENT_001346,ent_46281923a8f3
ENT_001347,ent_0a3b939fd0ad
ENT_001350,ent_8169d8af0543
ENT_001352,ent_1afeefb5d933
ENT_001353,ent_dd7d9aed666f
ENT_001354,ent_2a919508c0c7
ENT_001355,ent_2cb5a4b4563d
ENT_001356,ent_c3e0a6b13da2
ENT_001359,ent_f8136ac02cfa
ENT_001360,ent_ceb37022aa70
ENT_001362,ent_0539b90ceeab
ENT_001363,ent_57b5ff6bed2c
ENT_001364,ent_91ebfdf677d9
ENT_001365,ent_dce7163ba0c3
ENT_001367,ent_7fc265430a46
ENT_001368,ent_04739b11ebb8
ENT_001369,ent_d87c2d02b8be
ENT_001370,ent_9c01e0f23a01
ENT_001371,ent_044ac79a727f
ENT_001372,ent_7f32a122743c
ENT_001374,ent_ae045472e58f
ENT_001375,ent_785b5ff78589
ENT_001377,ent_f7c45d46de21
ENT_001378,ent_9b0017951089
ENT_001379,ent_55b316a8ace1
ENT_001380,ent_8d065116e376
ENT_001383,ent_9182f52bb8f6
ENT_001386,ent_93216a2e5e8e
ENT_001387,ent_dd7c913f6a6f
ENT_001388,ent_ea92de948636
ENT_001389,ent_cd74bbaf6c9d
ENT_001392,ent_62472e50b929
ENT_001393,ent_66a572d5e062
ENT_001394,ent_2a3f54d5e340
ENT_001395,ent_8ee938695550
ENT_001396,ent_638966b7f3cc
ENT_001397,ent_7f58636fa4d0
ENT_001398,ent_99f9db34d01f
ENT_001399,ent_0f6e68fa6522
ENT_001401,ent_ae73b0b2aa2a
ENT_001402,ent_3bc2e0836e5c
ENT_001403,ent_56866eede23f
ENT_001405,ent_63fd57ddf089
ENT_001406,ent_c9a7938551cd
ENT_001408,ent_6e140e3da943
ENT_001409,ent_ff0183274247
ENT_001410,ent_5d25d1689500
ENT_001411,ent_7784c6585ca5
ENT_001413,ent_31d03f43cee6
ENT_001414,ent_048bb691ceed
ENT_001415,ent_0eda04a7561d
ENT_001416,ent_63fe28e7546c
ENT_001421,ent_9b25978a3ce9
ENT_001422,ent_a9faf1696116
ENT_001423,ent_be0b5fead37f
ENT_001426,ent_12a3299658db
ENT_001427,ent_c2efca30c091
ENT_001428,ent_bded22e3bf86
ENT_001429,ent_dc0a9853017a
ENT_001430,ent_5e8be0fc9ace
ENT_001431,ent_e4bd7e1cf8aa
ENT_001432,ent_33ecc48e12e9
ENT_001433,ent_40ecc460bdf1
ENT_001434,ent_cca2284c2786
ENT_001435,ent_01c060032982
ENT_001436,ent_7e27ef3297d5
ENT_001437,ent_773acd808124
ENT_001439,ent_cd9f7b92aeea
ENT_001441,ent_d4c9b7ed9499
ENT_001443,ent_ce9834fcadf8
ENT_001444,ent_bb174eb73275
ENT_001445,ent_ffdb165954a5
ENT_001446,ent_cf982764b231
ENT_001447,ent_6c22db7ac30b
ENT_001448,ent_68010208e982
ENT_001449,ent_3cfc693a19dd
ENT_001450,ent_3b50d5a66ce8
ENT_001451,ent_68fb6c69ce75
ENT_001452,ent_f29286cc4fe0
ENT_001453,ent_0c68011ba4f4
ENT_001454,ent_feae9366acea
ENT_001455,ent_001c7a2bf1f0
ENT_001456,ent_57bc54ab16dd
ENT_001460,ent_73b11bf2b9e5
ENT_001462,ent_7b63bf6b3db4
ENT_001464,ent_365c4ea8f5c1
ENT_001466,ent_b827f114855a
ENT_001468,ent_68fb51dfda5c
ENT_001469,ent_153177c42709
ENT_001471,ent_22b9becb8b1a
ENT_001472,ent_a65014e1c166
ENT_001473,ent_4edb49849e82
ENT_001474,ent_7a1999f3147d
ENT_001475,ent_0461ff3b94c2
ENT_001476,ent_45efd2bfbda0
ENT_001477,ent_d912116749cb
ENT_001478,ent_ca5c96a61d36
ENT_001479,ent_94ef4d6cbff2
ENT_001480,ent_bc12429ff5b0
ENT_001481,ent_21fd2ace0346
ENT_001482,ent_39134d4b2840
ENT_001483,ent_1df329e142cf
ENT_001484,ent_15db4b5c87aa
ENT_001485,ent_2acffa8d174e
ENT_001486,ent_044b4294a8d4
ENT_001487,ent_5a8656fdf362
ENT_001488,ent_6bd150dd7ab3
ENT_001489,ent_028625df4e57
ENT_001490,ent_ced2c595eb73
ENT_001491,ent_c7bcd080f585
ENT_001492,ent_620da69b660f
ENT_001493,ent_e58d44d5f6fa
ENT_001494,ent_c5515e2e6396
ENT_001495,ent_dfb5b3dcf491
ENT_001496,ent_396bd328bf94
ENT_001499,ent_5b7b3b498847
ENT_001501,ent_ea5c391d1729
ENT_001502,ent_762082f1f418
ENT_001503,ent_0ad31d583510
ENT_001505,ent_056deb4c4ab2
ENT_001506,ent_36bbf669a65c
ENT_001508,ent_8a39357b0fba
ENT_001510,ent_c1a45ce69d4e
ENT_001511,ent_cda79d64f0b3
ENT_001512,ent_c1338f6309df
ENT_001513,ent_f9727e862a9e
ENT_001514,ent_ac2b2256067f
ENT_001515,ent_658625f33487
ENT_001516,ent_ede59e67f4e4
ENT_001518,ent_b0e399ec66b8
ENT_001521,ent_350cd96d1c6c
ENT_001522,ent_c4f711ee1d7c
ENT_001523,ent_286ea7751f77
ENT_001525,ent_4f7877bb7233
ENT_001526,ent_a28deafd6677
ENT_001527,ent_18bd2e0a81eb
ENT_001528,ent_aa691363ee20
ENT_001529,ent_f85432d5f89d
ENT_001530,ent_ee086a924191
ENT_001531,ent_583428d4ab40
ENT_001532,ent_029cf0877fab
ENT_001534,ent_d83855b55341
ENT_001535,ent_a3d38e342b97
ENT_001536,ent_a3c52154c60b
ENT_001539,ent_c2dd87053f5a
ENT_001541,ent_39045261167c
ENT_001542,ent_a6ff95ccf31f
ENT_001543,ent_6da20a427708
ENT_001544,ent_bcc2db9c6fd6
ENT_001546,ent_80fb3c1d197e
ENT_001547,ent_172f1e0d7c88
ENT_001549,ent_7806d51a5738
ENT_001550,ent_6f45ed259afe
ENT_001552,ent_29e1fc4a745d
ENT_001556,ent_7b8973049078
ENT_001557,ent_f85050e2baaf
ENT_001559,ent_43b89b0aa684
ENT_001560,ent_0be927062917
ENT_001561,ent_f6bac39f7410
ENT_001562,ent_17de249d3b2d
ENT_001563,ent_7d23179ef0f6
ENT_001564,ent_1b795bcd7302
ENT_001568,ent_efdfa14c0796
ENT_001569,ent_4363370862dc
ENT_001570,ent_41bffc061ec9
ENT_001572,ent_fa1a5e63ad90
ENT_001573,ent_369c95a9b6e3
ENT_001574,ent_4f9eba667395
ENT_001576,ent_109ffde927e6
ENT_001577,ent_11a34c95ed7d
ENT_001581,ent_e29972190d88
ENT_001584,ent_72d8589ee59d
ENT_001585,ent_05f9175cd8dd
ENT_001586,ent_645651d05abe
ENT_001587,ent_a24dd3444b5a
ENT_001588,ent_89714314199a
ENT_001589,ent_d138a9279876
ENT_001590,ent_ea32ae728d22
ENT_001591,ent_055ffb0804cb
ENT_001592,ent_8eab023f1671
ENT_001593,ent_b2a2e6ec3395
ENT_001594,ent_6bee3d094def
ENT_001595,ent_b81c8456e5c5
ENT_001597,ent_0888c13fc5a3
ENT_001598,ent_67f7bcf3e639
ENT_001599,ent_e380b6d01dc7
ENT_001603,ent_09f094d22753
ENT_001604,ent_eaae8aad6ce0
ENT_001605,ent_8d0c95e0a333
ENT_001608,ent_862229025be8
ENT_001611,ent_dc209952f0c7
ENT_001612,ent_5afcd132eb18
ENT_001614,ent_f99f14380c5d
ENT_001615,ent_e790881209c2
ENT_001616,ent_153b36c7db02
ENT_001617,ent_40a303615b20
ENT_001618,ent_22f1c6490dfb
ENT_001619,ent_8416aa5f2800
ENT_001620,ent_e02ca27329b6
ENT_001621,ent_7689c36c773c
ENT_001622,ent_8b4f37daf279
ENT_001623,ent_032325a8eb5e
ENT_001624,ent_a4e4a71e5ad6
ENT_001625,ent_c46b70c61a5f
ENT_001626,ent_4f575a516fbe
ENT_001628,ent_cf3cbbcddad0
ENT_001629,ent_ff4bd42498a1
ENT_001630,ent_8e96618a799b
ENT_001631,ent_0593712e6c47
ENT_001632,ent_3732eea7a1ab
ENT_001633,ent_1e9621754c57
ENT_001634,ent_4ec61cc340ac
ENT_001635,ent_d1357b687ce7
ENT_001636,ent_dab7e04ec7c7
ENT_001637,ent_29dd357e2b7c
ENT_001639,ent_b9602367d520
ENT_001640,ent_eb1eeefb5ad0
ENT_001641,ent_575d063cee2a
ENT_001642,ent_c05fb7b7d564
ENT_001643,ent_0ac2b27ff137
ENT_001644,ent_3739745c9180
ENT_001645,ent_36830e0451e8
ENT_001646,ent_d4522e3b9d0e
ENT_001647,ent_764f05ab0e58
ENT_001648,ent_0936832770e6
ENT_001649,ent_001030b57dc0
ENT_001651,ent_675fddf69f63
ENT_001652,ent_53be2f8291e2
ENT_001653,ent_d87dbb8d598e
ENT_001654,ent_442c1ae73105
ENT_001655,ent_a5a45807852b
ENT_001656,ent_659c328acdf0
ENT_001657,ent_6f7804153062
ENT_001658,ent_fdadf870fb5e
ENT_001659,ent_6b54e85e7b39
ENT_001660,ent_791386cf3e8e
ENT_001661,ent_5c3334817fc7
ENT_001662,ent_8a7266bddf83
ENT_001663,ent_13b92c735cb5
ENT_001664,ent_0410d8f44b62
ENT_001665,ent_766cd30eb0c0
ENT_001666,ent_6be75660adb6
ENT_001667,ent_0662d3e45b4c
ENT_001668,ent_db810b4affd6
ENT_001669,ent_47675e631bcd
ENT_001670,ent_af78b1996cd5
ENT_001671,ent_43d433e6c8ef
ENT_001672,ent_3f9bb8be59ff
ENT_001673,ent_bd54b6cb80a3
ENT_001674,ent_a8e0bfac7e6f
ENT_001675,ent_5009cd628b09
ENT_001676,ent_fabb37178ac9
ENT_001677,ent_c03136beab30
ENT_001678,ent_43bfea67def3
ENT_001679,ent_9860c488786f
ENT_001680,ent_f471ef79b245
ENT_001681,ent_25d8b01f5002
ENT_001682,ent_8e657281f38a
ENT_001683,ent_fdb1b2194974
ENT_001684,ent_f92b500c87c4
ENT_001685,ent_32ca5984a7ce
ENT_001686,ent_741374c427eb
ENT_001687,ent_a24f729ae6fd
ENT_001688,ent_25100c226e45
ENT_001689,ent_0561a5bfd292
ENT_001690,ent_fb908a679516
ENT_001691,ent_03c937f6582b
ENT_001692,ent_8e911192804f
ENT_001693,ent_5b5b3687c1e3
ENT_001694,ent_de3857b62cce
ENT_001695,ent_6f2a8237da71
ENT_001696,ent_18b89b1be56e
ENT_001698,ent_e76a6ed9fb35
ENT_001699,ent_da063361874b
ENT_001700,ent_f2e8abe47dbf
ENT_001701,ent_b0cb6c5ceaab
ENT_001702,ent_8cb13710a8bd
ENT_001703,ent_7db1275368f5
ENT_001704,ent_5da98b212166
ENT_001706,ent_d53a47603d74
ENT_001707,ent_745120580cd2
ENT_001708,ent_4604cf6d5573
ENT_001709,ent_f644d3ed0663
ENT_001710,ent_e3b7159890e3
ENT_001711,ent_20d15ea63e4f
ENT_001712,ent_6828d3a7fc26
ENT_001713,ent_ad979620bf9f
ENT_001714,ent_d23566f4c26c
ENT_001715,ent_5e93785c51ab
ENT_001716,ent_3cbf4d93c62e
ENT_001717,ent_bb5b377e6e1e
ENT_001718,ent_4953b75aea9e
ENT_001719,ent_09c4e41337e9
ENT_001720,ent_1cc4376949dc
ENT_001721,ent_bdb86437cd85
ENT_001722,ent_758143087e57
ENT_001723,ent_22c1222e5ca0
ENT_001724,ent_a999a8fad0a3
ENT_001725,ent_ea439e8b456e
ENT_001726,ent_ef3237c94941
ENT_001727,ent_2cc082e53765
ENT_001728,ent_f1cd1e3aa405
ENT_001729,ent_81eeddbf6e24
ENT_001730,ent_64c3e2e5a012
ENT_001731,ent_47c1f7f59b7a
ENT_001732,ent_376b1926b13d
ENT_001735,ent_0aa6c2751549
ENT_001736,ent_6a3e425badfb
ENT_001737,ent_a93a65fedd60
ENT_001738,ent_3baf88442986
ENT_001739,ent_c2f1ee0c1b4b
ENT_001740,ent_1c1ca5c98d6b
ENT_001741,ent_4bc7ff65eec3
ENT_001742,ent_76046c2db683
ENT_001743,ent_0632dcb986ef
ENT_001744,ent_af2c2ee82ac9
ENT_001745,ent_dc2dd8fce120
ENT_001746,ent_4bceebd71c99
ENT_001747,ent_d8d70951d90e
ENT_001748,ent_344785781dc0
ENT_001749,ent_4687aa75316b
ENT_001750,ent_9d3f9e1c4315
ENT_001751,ent_7182ae0fcc79
ENT_001752,ent_32f606355b9a
ENT_001753,ent_274c379b46ef
ENT_001754,ent_7bb1ab0652b6
ENT_001755,ent_efb68dec9ea7
ENT_001756,ent_639065d01bb4
ENT_001757,ent_d9a95c870d30
ENT_001758,ent_f1212d381637
ENT_001759,ent_c0a9e140b555
ENT_001760,ent_2e2041c5e41a
ENT_001761,ent_41536fa2b41c
ENT_001762,ent_7f573ce64806
ENT_001763,ent_e195c7e5b925
ENT_001764,ent_275feedc0417
ENT_001765,ent_ea06eb3f32b8
ENT_001766,ent_d05a27f18f1e
ENT_001767,ent_65e818ea154d
ENT_001769,ent_3b9cdaaf11db
ENT_001770,ent_046ffb216763
ENT_001771,ent_bddd3a73ac18
ENT_001772,ent_44776639192c
ENT_001774,ent_5f6315b0d460
ENT_001776,ent_bdb2fed397ff
ENT_001777,ent_de580377b2e6
ENT_001778,ent_63e2647ade80
ENT_001779,ent_b068406cd413
ENT_001780,ent_cc71864859bc
ENT_001781,ent_d97a2d6e6f9a
ENT_001782,ent_60430d4c4bae
ENT_001783,ent_921a25d62dc2
ENT_001784,ent_8b1be7be15bb
ENT_001785,ent_61bc9873963d
ENT_001786,ent_8bb3d9c35c24
ENT_001787,ent_258c34d2a715
ENT_001788,ent_60e3d0f9eb9f
ENT_001789,ent_4e260aec0848
ENT_001790,ent_64fe89a46ea3
ENT_001791,ent_9154dd5447ec
ENT_001792,ent_56e286a39265
ENT_001794,ent_210f2d0aba5f
ENT_001795,ent_b61f6e6f14bc
ENT_001796,ent_8e30ff376abc
ENT_001797,ent_7c39bdd84596
ENT_001798,ent_6d52bdaeb51a
ENT_001800,ent_f7e59de493cd
ENT_001801,ent_14c6ea249ddb
ENT_001802,ent_96ef6af74ecb
ENT_001803,ent_e8d31ee7f8ec
ENT_001804,ent_c616994330e0
ENT_001806,ent_a0dddba29bc4
ENT_001807,ent_be5aef50c42b
ENT_001808,ent_8eab439076a5
ENT_001809,ent_0c719ff3254d
ENT_001810,ent_861e13009e24
ENT_001811,ent_331c62dd2745
ENT_001812,ent_bc0692b99d61
ENT_001814,ent_397340eb60e8
ENT_001815,ent_b14438229d4c
ENT_001816,ent_6e775f0c87b9
ENT_001817,ent_286f1ef6b33b
ENT_001818,ent_0e6eaff04a68
ENT_001819,ent_0e83a3164806
ENT_001820,ent_60f54206118b
ENT_001821,ent_930f9b990bd8
ENT_001822,ent_39477c3bdf1b
ENT_001823,ent_4e37e1f50d0f
ENT_001824,ent_4f492d806cca
ENT_001825,ent_017ab6878bfa
ENT_001826,ent_44bb8f61620d
ENT_001827,ent_a895de7bde4a
ENT_001828,ent_683213109f4b
ENT_001829,ent_7ade862ec2fb
ENT_001830,ent_547aed591a0e
ENT_001831,ent_860bf9704fd4
ENT_001832,ent_311a486d27f5
ENT_001833,ent_d5b2c0a979af
ENT_001834,ent_fa3aaa6c646a
ENT_001835,ent_b8284ae8c4b9
ENT_001836,ent_44d556c91486
ENT_001837,ent_e2e4d2f9c3d3
ENT_001838,ent_2fd3a9ad2061
ENT_001839,ent_3076fae25024
ENT_001840,ent_54cd4daceabf
ENT_001841,ent_38f2ee9c7111
ENT_001842,ent_5697979493fe
ENT_001843,ent_e73789d1b5b9
ENT_001845,ent_b8ca222561da
ENT_001847,ent_592c466ccb4e
ENT_001848,ent_f30634afcd59
ENT_001849,ent_f7db23128881
ENT_001850,ent_9412c951b642
ENT_001851,ent_53b12987dab9
ENT_001852,ent_2c2acfe96399
ENT_001853,ent_a903297c1fab
ENT_001854,ent_0e9041e0a74c
ENT_001855,ent_9728a7723a60
ENT_001856,ent_ce2160d29ca2
ENT_001857,ent_d5476f83c334
ENT_001858,ent_53cc7e902551
ENT_001859,ent_621d048a547a
ENT_001861,ent_cb0841c7b2df
ENT_001862,ent_8c4e89678e12
ENT_001864,ent_14aa1186e6b9
ENT_001865,ent_c9523342c388
ENT_001866,ent_7f6a7794d5f1
ENT_001867,ent_0a17e6ed6375
ENT_001868,ent_f02540f576f5
ENT_001869,ent_c32cdc25f201
ENT_001870,ent_035a45705ac0
ENT_001871,ent_4f2a92d0d47c
ENT_001872,ent_8e54614e275c
ENT_001873,ent_e0ffa1ebea1c
ENT_001874,ent_85290deeee7a
ENT_001875,ent_b094653f7d79
ENT_001876,ent_7c09546eec73
ENT_001877,ent_e6ac684a86c7
ENT_001878,ent_770a201f5dc1
ENT_001880,ent_9cc3a458cf7d
ENT_001882,ent_0ce0c24ca7d7
ENT_001883,ent_20d2e5a975d7
ENT_001884,ent_f204edd9acf4
ENT_001885,ent_37614357a952
ENT_001888,ent_62c6c8a55327
ENT_001889,ent_29feabb72797
ENT_001894,ent_a4613bf5a215
ENT_001896,ent_68007f5d2a4a
ENT_001899,ent_502ecf291c4a
ENT_001900,ent_6ab6fc5d4375
ENT_001901,ent_2f191acadd08
ENT_001902,ent_e1c64dd1765e
ENT_001903,ent_97e0962d94d7
ENT_001904,ent_cc84c1a1a8e0
ENT_001906,ent_7c3594346a38
ENT_001907,ent_12f847ee1a65
ENT_001909,ent_468d8e95bbfb
ENT_001910,ent_1a374ccbe1b9
ENT_001911,ent_d03d66b28754
ENT_001915,ent_8d5076bbb039
ENT_001916,ent_69537d6b27c9
ENT_001917,ent_c0cd1f88d537
ENT_001918,ent_c4fb3f661cc2
ENT_001919,ent_592a97865377
ENT_001920,ent_81737a4405e9
ENT_001921,ent_8126d29f72c8
ENT_001923,ent_9a85ba5a0553
ENT_001926,ent_1c359bb2e074
ENT_001927,ent_17bb0ace5b00
ENT_001931,ent_cad5f1e29b53
ENT_001933,ent_50ba62c6d28a
ENT_001934,ent_030423538c72
ENT_001936,ent_94e4a1dfb7b0
ENT_001939,ent_102b58dcab71
ENT_001941,ent_0200e9f80c43
ENT_001942,ent_9ce12161b484
ENT_001943,ent_644caba6cf66
ENT_001944,ent_924935f8e2a7
ENT_001945,ent_5f7e6fb9ceb8
ENT_001946,ent_d77081471f86
ENT_001947,ent_c5af6ce4a9f5
ENT_001948,ent_8f879f5bef5e
ENT_001949,ent_7f57488a500d
ENT_001950,ent_1244a0f49239
ENT_001951,ent_06cb0da5cda1
ENT_001952,ent_ffafbcc3f7a2
ENT_001953,ent_61b4ba772e6d
ENT_001954,ent_47a54e436702
ENT_001955,ent_e1476450c33a
ENT_001957,ent_13c03072b509
ENT_001959,ent_8ffb7a528bcc
ENT_001960,ent_3c51577cb360
ENT_001962,ent_3443ac12cd62
ENT_001963,ent_3a5adcd6283f
ENT_001965,ent_44dbe9e29813
ENT_001966,ent_e3579824f7d1
ENT_001967,ent_9a0c846d3633
ENT_001968,ent_f298682d0128
ENT_001970,ent_421ab0f7cb1f
ENT_001971,ent_d8ecfb52f5a0
ENT_001973,ent_65c74587d18a
ENT_001974,ent_02e3c3fe70de
ENT_001975,ent_5b8edcd8b49b
ENT_001976,ent_d64e2b153fd1
ENT_001977,ent_fb35ca604ab6
ENT_001978,ent_6faaf1888964
ENT_001979,ent_46b0b2f2b34c
ENT_001980,ent_d5f0c1d9dc2f
ENT_001981,ent_8505ed574bbe
ENT_001982,ent_21e374833d13
ENT_001984,ent_1b480a01fef9
ENT_001986,ent_1d4e744ea5ce
ENT_001987,ent_a8dad6988fbd
ENT_001988,ent_0b03a19e2d9e
ENT_001990,ent_8fb525a9eb97
ENT_001991,ent_24b23fe3b93f
ENT_001992,ent_186e239c3f32
ENT_001993,ent_516f628a45ea
ENT_001994,ent_cb697574a8d0
ENT_001995,ent_ca00bc0e61da
ENT_001996,ent_ec46202eecd4
ENT_001997,ent_1fabdf7a8d70
ENT_001998,ent_0d57c08a9b98
ENT_001999,ent_1a51b542c6b8
ENT_002000,ent_6be7dd0d6a91
ENT_002001,ent_32382f148467
ENT_002002,ent_43239a1934b8
ENT_002003,ent_10b8a222647c
ENT_002004,ent_82fd05b58cab
ENT_002005,ent_a934b1ffe383
ENT_002006,ent_a50a613988e8
ENT_002008,ent_54fb065e2033
ENT_002009,ent_2fc53c9b8995
ENT_002010,ent_1fcadcfff81b
ENT_002011,ent_40cf4e1940ee
ENT_002014,ent_5da830d2948a
ENT_002015,ent_b4a82c798a1a
ENT_002016,ent_527eaf140138
ENT_002017,ent_8193731f0af0
ENT_002018,ent_4d3f1cf66384
ENT_002019,ent_1c02fe500fc4
ENT_002021,ent_34c23f539f4c
ENT_002022,ent_77fa7f49d30d
ENT_002023,ent_3e489d965f5d
ENT_002024,ent_d17e5d5aa0c8
ENT_002025,ent_df5f0e541e60
ENT_002026,ent_30f2517b7967
ENT_002028,ent_df2891bba38a
ENT_002030,ent_a157a444c949
ENT_002033,ent_cb67679544bd
ENT_002036,ent_5d4ccd52551f
ENT_002037,ent_b33394c3f8dd
ENT_002038,ent_19dd83e901b5
ENT_002039,ent_3e103892dcbd
ENT_002040,ent_222ab1b6d9c4
ENT_002041,ent_9c797bf4086f
ENT_002042,ent_498ded6deef4
ENT_002043,ent_f3e8e08a169f
ENT_002047,ent_f1f854827d1b
ENT_002048,ent_5064cf0556e7
ENT_002049,ent_412d0cd7d858
ENT_002050,ent_fcb5937d9e17
ENT_002053,ent_2476a7367981
ENT_002054,ent_6e557a563a09
ENT_002055,ent_0730efc7867b
ENT_002056,ent_3bd819a68d55
ENT_002057,ent_d8148621ef3f
ENT_002058,ent_15112e9a5c1d
ENT_002059,ent_df7bd33aeba3
ENT_002060,ent_aa716b5facc8
ENT_002064,ent_ec864655f1ae
ENT_002066,ent_b4edd8bce117
ENT_002067,ent_b6d768182162
ENT_002068,ent_875371d14bbe
ENT_002069,ent_a53a267a036d
ENT_002070,ent_cb3e580fd5bd
ENT_002071,ent_58d99cb48304
ENT_002073,ent_b8ae8d54143a
ENT_002074,ent_ba25a1e4a4d2
ENT_002075,ent_82d00745e26d
ENT_002077,ent_05f6b20540e2
ENT_002078,ent_35ce59bb39bf
ENT_002079,ent_cd3c3ea5f3fc
ENT_002080,ent_699fd3bea22b
ENT_002081,ent_6606cf48d74d
ENT_002082,ent_789dfec313f9
ENT_002083,ent_fc7dbae7c0f7
ENT_002084,ent_a3a9eca20b1c
ENT_002085,ent_acd6e8016e8c
ENT_002086,ent_d5aad1049fce
ENT_002088,ent_6f4c9e9d6197
ENT_002090,ent_49dcd6153e15
ENT_002092,ent_5721f3e574e1
ENT_002093,ent_fb1eaa4d7fb8
ENT_002094,ent_ccc155cce789
ENT_002095,ent_7e26f1558913
ENT_002097,ent_e4ec178beff0
ENT_002098,ent_1489c4af8144
ENT_002099,ent_607e22c1113e
ENT_002100,ent_6c3cec982f89
ENT_002104,ent_d24ab2c04338
ENT_002105,ent_468ed6f337e7
ENT_002107,ent_8ebfebf77fff
ENT_002109,ent_89ed826cde66
ENT_002110,ent_bebca668a5c4
ENT_002111,ent_73e0230b860a
ENT_002112,ent_9b487726911e
ENT_002115,ent_a3f10ae56196
ENT_002116,ent_f11fbb3b71d2
ENT_002117,ent_b00ce8c94265
ENT_002118,ent_1436147dc042
ENT_002120,ent_00de3e172249
ENT_002121,ent_09d685538534
ENT_002122,ent_6598d943ac09
ENT_002123,ent_6b8b0e112fb5
ENT_002125,ent_4bd73b836a83
ENT_002126,ent_84bab6c1d088
ENT_002127,ent_057bafaf02eb
ENT_002128,ent_ae3f45f924f0
ENT_002131,ent_6f3c82c07a96
ENT_002132,ent_ae620ef1fbef
ENT_002134,ent_6a4d004bf11a
ENT_002136,ent_4eee776ce0b0
ENT_002137,ent_589f60fab484
ENT_002138,ent_4d3982b4dcda
ENT_002139,ent_abf73e6d055b
ENT_002140,ent_933ee4608f9e
ENT_002143,ent_88965e3095cd
ENT_002145,ent_42eec08d7e8c
ENT_002147,ent_32d87a713e22
ENT_002150,ent_33dcd427c11d
ENT_002152,ent_2ec1b180967e
ENT_002153,ent_eb52eb17d411
ENT_002154,ent_41d4a8897b66
ENT_002155,ent_cb1b5576c6d1
ENT_002159,ent_d9ef097db308
ENT_002160,ent_88fac57e552d
ENT_002162,ent_3371f8ab09e3
ENT_002163,ent_55195e004ad4
ENT_002164,ent_1a3031664e31
ENT_002165,ent_33d39f9d99a7
ENT_002166,ent_5f6a39cd3252
ENT_002167,ent_06c5f2a93872
ENT_002168,ent_9447f48addaa
ENT_002169,ent_6bcd0a052c34
ENT_002170,ent_03f94bb3374b
ENT_002171,ent_f247516d591e
ENT_002172,ent_f1c0bef33fa0
ENT_002173,ent_a24e1f2eb5f2
ENT_002174,ent_5e37014722c3
ENT_002175,ent_89d12ff378c6
ENT_002176,ent_c854e3794ab4
ENT_002178,ent_caffe050a79b
ENT_002179,ent_926a4ab00aa2
ENT_002180,ent_c891e9a4c73a
ENT_002183,ent_ebc59b433d5e
ENT_002184,ent_2d3a0ff1abea
ENT_002185,ent_f40a0aa2a859
ENT_002186,ent_589c4bfdfa7c
ENT_002188,ent_e6c9dd372c9e
ENT_002189,ent_679a84afb626
ENT_002190,ent_9376ef468dea
ENT_002191,ent_a0352775aa30
ENT_002192,ent_ca1836aad976
ENT_002193,ent_60b563ecf336
ENT_002195,ent_5e9b7f8a6ef7
ENT_002196,ent_ffdf426c7c80
ENT_002197,ent_6d097877d204
ENT_002198,ent_18c4af7a0542
ENT_002199,ent_0c30c3651141
ENT_002200,ent_6cf871612ec0
ENT_002203,ent_69f1f5168c05
ENT_002204,ent_5a2049ef9886
ENT_002205,ent_ee2f63a9697f
ENT_002206,ent_7777f31ae401
ENT_002207,ent_4b49dd905aa2
ENT_002208,ent_5829a320f73a
ENT_002209,ent_29edd95a3da4
ENT_002210,ent_dbdcc8eb6f5f
ENT_002211,ent_3c15dc29c60b
ENT_002212,ent_840a5d438dd7
ENT_002213,ent_e4a544bcb0fc
ENT_002215,ent_f05d4e5e1c26
ENT_002216,ent_bff1150b019a
ENT_002217,ent_11a1cb78c7c6
ENT_002218,ent_bf6f26f25684
ENT_002220,ent_43c2004e9718
ENT_002221,ent_c0fca6487b90
ENT_002222,ent_145956a3b8ae
ENT_002223,ent_0ef3ade64e54
ENT_002224,ent_2a2254694f50
ENT_002225,ent_3664f8b3985d
ENT_002226,ent_ccdcbbb1606b
ENT_002228,ent_cc8d2c7cfcd5
ENT_002229,ent_b8d6e7666cb0
ENT_002230,ent_a680d448507e
ENT_002232,ent_5b084e3afde3
ENT_002233,ent_10b607c5be56
ENT_002234,ent_12d2a6b8d528
ENT_002237,ent_d5b203988ad7
ENT_002238,ent_895408e3b468
ENT_002239,ent_2e34f36c6671
ENT_002240,ent_a1a1b715595a
ENT_002242,ent_09e627b6679d
ENT_002245,ent_f190b2523872
ENT_002247,ent_f07730e15a54
ENT_002248,ent_502006fe8773
ENT_002249,ent_38faeb3a5695
ENT_002250,ent_14d5cfc3618e
ENT_002252,ent_f4065ec729da
ENT_002253,ent_0c6509c8993e
ENT_002256,ent_5c848141a2ae
ENT_002257,ent_402760819c90
ENT_002259,ent_23a17672ed10
ENT_002265,ent_d67efb3ca7e0
ENT_002270,ent_f3c40c944707
ENT_002273,ent_375bc69555f0
ENT_002274,ent_9a882700dab9
ENT_002275,ent_9a13bc1912dc
ENT_002277,ent_4911ed66990b
ENT_002278,ent_999b9c1c1239
ENT_002279,ent_f170f5d5f797
ENT_002280,ent_aad137b21461
ENT_002281,ent_458f8e34d1d7
ENT_002282,ent_88a74b20ed2d
ENT_002283,ent_729b9fe7b410
ENT_002285,ent_12b3e684c70c
ENT_002288,ent_b27c4911fa4a
ENT_002291,ent_731929a44c24
ENT_002293,ent_ed3a997ddc7a
ENT_002297,ent_d066ffdcac18
ENT_002298,ent_8d049cf36b91
ENT_002301,ent_fc2bb0a60241
ENT_002305,ent_f9f2dcc2bc19
ENT_002306,ent_defed6d9de84
ENT_002307,ent_61d8492588cd
ENT_002308,ent_5d55d2d8cd90
ENT_002309,ent_13223356cdca
ENT_002310,ent_9458fd0c9eab
ENT_002311,ent_abdad438e3e3
ENT_002312,ent_fc7ee14806d7
ENT_002313,ent_b78be33c2059
ENT_002314,ent_54a3d81acbfc
ENT_002315,ent_e4f56776cd28
ENT_002316,ent_abddd0688e7e
ENT_002317,ent_03dbeb0d4645
ENT_002318,ent_503b5d727531
ENT_002319,ent_1ccac443f69c
ENT_002320,ent_20c2eac7644d
ENT_002321,ent_e7825db31106
ENT_002322,ent_691ec3c4aa8d
ENT_002323,ent_987df67d0670
ENT_002325,ent_e3f0c722b8cb
ENT_002326,ent_0c5930dea42e
ENT_002327,ent_d85a2b4da172
ENT_002328,ent_0035f9836240
ENT_002329,ent_eefe245d07cd
ENT_002330,ent_a30ee7832165
ENT_002331,ent_de51c60c4e4c
ENT_002332,ent_c655041e00b8
ENT_002333,ent_d8c27d8de727
ENT_002334,ent_436b407dd60e
ENT_002335,ent_b2cfde722d05
ENT_002336,ent_c3ab5a92079d
ENT_002337,ent_8000a2be3377
ENT_002338,ent_44ccc527d6a1
ENT_002339,ent_7fc4ff91f6ae
ENT_002340,ent_1c58e166b62f
ENT_002341,ent_56a10feeb9fb
ENT_002342,ent_0304a4d952a3
ENT_002343,ent_d65bdc63d66b
ENT_002344,ent_8e777b3ef68c
ENT_002345,ent_114515ad7c5c
ENT_002346,ent_cb97893b888b
ENT_002347,ent_b63bc62dbf5f
ENT_002348,ent_49a571a2a5a2
ENT_002349,ent_cca4884aff42
ENT_002351,ent_05d705a792ba
ENT_002353,ent_f3a485d6e904
ENT_002355,ent_f2a005db173f
ENT_002356,ent_5f0e792ba847
ENT_002357,ent_fa634ff55c6b
ENT_002358,ent_e4eb58467a66
ENT_002360,ent_1d0f21fe98a4
ENT_002361,ent_576481cc9b21
ENT_002362,ent_ab2101811402
ENT_002363,ent_6d336875fc8c
ENT_002367,ent_db927400d5da
ENT_002368,ent_fa780d36fa21
ENT_002369,ent_34ca03240dc8
ENT_002370,ent_5263fa42e5a6
ENT_002372,ent_cebbed0c154f
ENT_002373,ent_97795123a4d3
ENT_002375,ent_68917d7c97b9
ENT_002380,ent_a2a9547ff153
ENT_002381,ent_e7cd31a8c20b
ENT_002383,ent_f31cdb9337a9
ENT_002384,ent_afd7342b216f
ENT_002385,ent_ca0f51e67d6e
ENT_002386,ent_3c0938c9300a
ENT_002387,ent_c34283cc7470
ENT_002388,ent_0e38ab3c2894
ENT_002389,ent_3d4cfb71a6f5
ENT_002390,ent_f827dc3e3f0c
ENT_002392,ent_2b197ccee2cf
ENT_002394,ent_291ffe1b1fdc
ENT_002395,ent_d52ef4558051
ENT_002396,ent_2ac9e925acec
ENT_002397,ent_52442e30d5cb
ENT_002398,ent_6566afeb37c7
ENT_002399,ent_407aac9d8361
ENT_002400,ent_be75fd7a1da6
ENT_002402,ent_c0ab078d52fa
ENT_002403,ent_8ded44ce4a55
ENT_002404,ent_5a04182676da
ENT_002405,ent_e7e3bd916a5b
ENT_002406,ent_14785b32e957
ENT_002407,ent_e7ce15fe06e8
ENT_002408,ent_072e85e5c009
ENT_002409,ent_ac90ae4dfa7c
ENT_002410,ent_71697b170643
ENT_002411,ent_ee2a5b74fc75
ENT_002413,ent_5146dee4dbf1
ENT_002414,ent_4f6bd759696d
ENT_002415,ent_23762ccd3e83
ENT_002417,ent_b2443d183c5e
ENT_002418,ent_8001e3a53d24
ENT_002419,ent_6a9709f98037
ENT_002420,ent_213a60e64e68
ENT_002421,ent_09a2bdc04e94
ENT_002422,ent_bd3ff1e5d8f4
ENT_002423,ent_8d789fcbf943
ENT_002424,ent_bcf9a74f1efe
ENT_002425,ent_a212cfa92e98
ENT_002426,ent_03e1fcb30a76
ENT_002427,ent_cfcc03e29861
ENT_002428,ent_5877465bc6bb
ENT_002429,ent_dc778451eab7
ENT_002430,ent_6b72c5173fa1
ENT_002432,ent_3278c684ad2c
ENT_002433,ent_6b9db9c90fce
ENT_002434,ent_0152e2039f95
ENT_002435,ent_993785b62030
ENT_002436,ent_e15900e8da4d
ENT_002437,ent_04536f31dbd3
ENT_002438,ent_20d2d3f24487
ENT_002439,ent_8901d621c1d9
ENT_002440,ent_253876ecd188
ENT_002441,ent_01511b260756
ENT_002442,ent_27e07009313c
ENT_002443,ent_4a3e8de88ae9
ENT_002444,ent_1f7e006cdae9
ENT_002445,ent_8282b5f0e4ae
ENT_002446,ent_67763e949922
ENT_002447,ent_b93876fe1189
ENT_002448,ent_7f45af9a479c
ENT_002449,ent_ff38054c7d7f
ENT_002450,ent_5f7659b7e701
ENT_002451,ent_da1398b51517
ENT_002452,ent_0499e8be070f
ENT_002453,ent_f236d4cc3776
ENT_002454,ent_28d8ce9fc08c
ENT_002455,ent_e980b8ff39f9
ENT_002456,ent_7559302536df
ENT_002457,ent_b4023161c339
ENT_002458,ent_faa8dac45360
ENT_002459,ent_e0f0965c1499
ENT_002460,ent_44c10617d9d2
ENT_002461,ent_2949089a8e0b
ENT_002462,ent_b118afa1f50d
ENT_002463,ent_2cdaf49cdb58
ENT_002464,ent_f90390536375
ENT_002467,ent_6ef027bcbd88
ENT_002468,ent_d10a9de5c9b2
ENT_002469,ent_7955ee540e02
ENT_002470,ent_0e95b3299845
ENT_002471,ent_8aba244fc0c2
ENT_002472,ent_a3009d2d73ea
ENT_002473,ent_33d383eb0dea
ENT_002474,ent_8c972b78293a
ENT_002475,ent_ef3ae6dab0d5
ENT_002476,ent_ad2a88c906b1
ENT_002477,ent_11796eb73ddb
ENT_002480,ent_1c84e293b3ca
ENT_002481,ent_b84e479da52e
ENT_002484,ent_f538d828f121
ENT_002485,ent_9ddcd286ba73
ENT_002486,ent_0c1acdc4ab97
ENT_002487,ent_2c6977f70de8
ENT_002488,ent_8d492302f033
ENT_002489,ent_d06e27e9bf85
ENT_002490,ent_988111da1c8e
ENT_002491,ent_bcc3accbe05a
ENT_002492,ent_1656c075abcb
ENT_002493,ent_21b70ab35732
ENT_002494,ent_d1b97ff7347b
ENT_002496,ent_04098fa2d3c5
ENT_002497,ent_8ba65a546d53
ENT_002498,ent_777074046c30
ENT_002499,ent_307d60d0de93
ENT_002501,ent_43035671e5c8
ENT_002502,ent_2e431a61b1fd
ENT_002503,ent_8df9ffb750dd
ENT_002504,ent_8a691175659d
ENT_002505,ent_69583e11e1ea
ENT_002508,ent_9f059b72f1d7
ENT_002509,ent_4a7a1d83272a
ENT_002511,ent_e26884f0be5c
ENT_002513,ent_f45359736a7b
ENT_002514,ent_95ef375b4868
ENT_002515,ent_0deb2f6cc9ef
ENT_002516,ent_8d9ac10f1326
ENT_002517,ent_81c2a390e5fb
ENT_002518,ent_634dc47290f1
ENT_002519,ent_0a0e109018fb
ENT_002520,ent_7e596102a42c
ENT_002521,ent_e6c9d447e640
ENT_002522,ent_ac345f10293a
ENT_002524,ent_d9af76cc38bf
ENT_002525,ent_38ab8adf5eb9
ENT_002526,ent_52784399e5cd
ENT_002527,ent_95b2484dc2d1
ENT_002528,ent_dff8f1bc8b25
ENT_002529,ent_f842490b688a
ENT_002530,ent_aaf639611d7a
ENT_002531,ent_3274b532b45c
ENT_002533,ent_8062a630ed71
ENT_002534,ent_e92187651492
ENT_002535,ent_6885aead6ba8
ENT_002536,ent_a88867c9bc10
ENT_002537,ent_d40d548a74a6
ENT_002538,ent_11fb8820227b
ENT_002541,ent_be799f811a6c
ENT_002542,ent_c07332507269
ENT_002544,ent_a0137757600e
ENT_002545,ent_1ba52618bba8
ENT_002546,ent_0162f5b2afa3
ENT_002547,ent_a71e0b76967e
ENT_002549,ent_6623447940cf
ENT_002550,ent_4edf04a72c48
ENT_002551,ent_bef349e2feeb
ENT_002552,ent_d4ef7ba231fa
ENT_002554,ent_b77c22238ae8
ENT_002555,ent_2e48272f581a
ENT_002556,ent_fcac58b0b5b7
ENT_002558,ent_550697050365
ENT_002559,ent_ebe6f18495d2
ENT_002562,ent_04d21985f178
ENT_002564,ent_679f32eb0674
ENT_002569,ent_d29804e29a5c
ENT_002570,ent_948153ce618b
ENT_002573,ent_6e9a1fb098a0
ENT_002574,ent_6263bcbb97ca
ENT_002575,ent_8ba352fbf27f
ENT_002576,ent_0462b1a06a18
ENT_002577,ent_44411bdef13d
ENT_002580,ent_08092b0d8df3
ENT_002581,ent_7ac4ea832846
ENT_002582,ent_c1ba0bd8f123
ENT_002584,ent_de1eff5377bc
ENT_002585,ent_15e436d2ad92
ENT_002586,ent_ee2724a16527
ENT_002587,ent_46f0aa8f6352
ENT_002589,ent_2f34c5482c8b
ENT_002590,ent_c5f6b8850d50
ENT_002591,ent_b9cda30eab9c
ENT_002593,ent_c38e53d4b9b2
ENT_002595,ent_3b8cd5075b42
ENT_002598,ent_b17abca79892
ENT_002599,ent_e7b373d113db
ENT_002600,ent_686c36ffefa1
ENT_002603,ent_59d463988943
ENT_002604,ent_7be5362aae49
ENT_002605,ent_759366e707d7
ENT_002607,ent_0eefd82cb565
ENT_002609,ent_7507c476c9ca
ENT_002611,ent_7bdfecd33ffe
ENT_002613,ent_9c26727c23b2
ENT_002615,ent_1dc9d50f3612
ENT_002617,ent_96f3e5be4e42
ENT_002618,ent_7db2ebe28449
ENT_002619,ent_46d9fb027593
ENT_002620,ent_ab898f585204
ENT_002621,ent_6ca031ba8fdf
ENT_002622,ent_a584396ab15f
ENT_002623,ent_4fd0e95ad43d
ENT_002624,ent_6d471c1d6f0c
ENT_002625,ent_3ecec6bcce7e
ENT_002627,ent_7cb3a6cea2f1
ENT_002628,ent_b44c9aa330bb
ENT_002629,ent_90c21bc7b999
ENT_002630,ent_2ea42bcda49b
ENT_002631,ent_2698db40310e
ENT_002632,ent_910f942523c4
ENT_002634,ent_a8ef03cc0d7c
ENT_002637,ent_ebe32595e047
ENT_002639,ent_946c63a99d8a
ENT_002640,ent_9034fa0e74b4
ENT_002641,ent_c125b9d1e536
ENT_002644,ent_16a4215697e1
ENT_002645,ent_e71b31293aac
ENT_002646,ent_65008ec83aa1
ENT_002650,ent_3f9b6a738539
ENT_002651,ent_064de922aa9a
ENT_002652,ent_8cf33925bee3
ENT_002654,ent_c163624309bf
ENT_002655,ent_0cd6a379650a
ENT_002656,ent_930593ae9e13
ENT_002657,ent_8bb54f3b39ed
ENT_002658,ent_642e048a61e4
ENT_002659,ent_7c342188d10b
ENT_002661,ent_5b889dafb4d2
ENT_002662,ent_17ba02370fbf
ENT_002663,ent_47a70e60a637
ENT_002664,ent_77b5cfed5378
ENT_002665,ent_c32f4ee732ec
ENT_002666,ent_29652b580e67
ENT_002667,ent_469ebbfcfec2
ENT_002668,ent_a5e1a8ed8752
ENT_002673,ent_26569355aaee
ENT_002674,ent_02f9ff3af497
ENT_002675,ent_08d1ebd48c72
ENT_002676,ent_51653339d593
ENT_002677,ent_9562d7c1b326
ENT_002679,ent_10da93edbcb5
ENT_002683,ent_6a727de5da0c
ENT_002684,ent_68af3ba77e27
ENT_002685,ent_a905ecf26c69
ENT_002686,ent_90b1aa84529c
ENT_002687,ent_894544029e7b
ENT_002688,ent_b64279f11d49
ENT_002689,ent_abd98a9dea16
ENT_002690,ent_fadd96ebb5f6
ENT_002691,ent_444a783d407a
ENT_002692,ent_6a3461f57183
ENT_002693,ent_c161bf1031bf
ENT_002694,ent_9c922f18aed2
ENT_002695,ent_8f37352d52e8
ENT_002696,ent_3367041af81b
ENT_002697,ent_61123bd02806
ENT_002698,ent_c3807fa0f274
ENT_002699,ent_f0170249b770
ENT_002700,ent_f5e82b0d840b
ENT_002701,ent_bf1329a7c15d
ENT_002703,ent_92bf492d45c8
ENT_002704,ent_216bd11ca69f
ENT_002705,ent_f3d51c80e986
ENT_002706,ent_b7b96904df03
ENT_002707,ent_68938ac9a4a4
ENT_002708,ent_64d472c0bf79
ENT_002709,ent_9667b1f4ad25
ENT_002710,ent_b92aa93c7a4f
ENT_002711,ent_4139557fa7de
ENT_002712,ent_569de42c0a1c
ENT_002713,ent_fc609302c29d
ENT_002714,ent_9ca7931b17df
ENT_002715,ent_608fcee09b54
ENT_002716,ent_9fe90c700275
ENT_002717,ent_fa1b2cd89210
ENT_002718,ent_50a1ac63d676
ENT_002719,ent_a2d57caf0b15
ENT_002720,ent_ed846461e13f
ENT_002721,ent_e04c4320fe2a
ENT_002722,ent_1e8f77e97def
ENT_002723,ent_a33e7620e6fa
ENT_002724,ent_7f5c7df30ec2
ENT_002725,ent_f80dcf99de3d
ENT_002726,ent_62ced1efa964
ENT_002727,ent_4007bc37db77
ENT_002728,ent_964c22abefdd
ENT_002730,ent_a9f4021c85ba
ENT_002731,ent_b1b8781fb7c4
ENT_002733,ent_502764f03603
ENT_002735,ent_4e73a769ce1f
ENT_002738,ent_974fb96a2030
ENT_002739,ent_3d23a7219043
ENT_002741,ent_11633a4a612d
ENT_002742,ent_39bae58a9866
ENT_002743,ent_0492e65b44e4
ENT_002744,ent_5602f329aa5d
ENT_002745,ent_1ba9a7e836b2
ENT_002747,ent_af4c1ebd8ec0
ENT_002750,ent_96a2e2180d1a
ENT_002751,ent_af80fa581a32
ENT_002752,ent_125ca0856aaf
ENT_002753,ent_293f85f7c445
ENT_002755,ent_861117736ece
ENT_002758,ent_5d47262cf578
ENT_002759,ent_b60e8e4a068e
ENT_002760,ent_0cb7482e4222
ENT_002761,ent_9fbffe66d0b0
ENT_002762,ent_5aae66faf78c
ENT_002763,ent_e1280cf221b6
ENT_002764,ent_648fc9acac29
ENT_002765,ent_1af717197249
ENT_002766,ent_22399fe8d005
ENT_002768,ent_53aaea078c31
ENT_002769,ent_2dba3eeb5fce
ENT_002770,ent_4c63b068de9d
ENT_002771,ent_89e2ae1f0776
ENT_002774,ent_4f0cf9a4b1cf
ENT_002778,ent_19a878d11f09
ENT_002780,ent_71d002d14e14
ENT_002781,ent_68d12c861f7b
ENT_002785,ent_d0e29ce9c11a
ENT_002786,ent_feffcc63f18d
ENT_002789,ent_c79ea4bd6987
ENT_002791,ent_67ec0c6fede8
ENT_002793,ent_73befdf418fc
ENT_002794,ent_711d2482b06b
ENT_002795,ent_8ef56f7e6d7e
ENT_002799,ent_6477da67c719
ENT_002802,ent_fc92a97e045d
ENT_002804,ent_bdb7c70a6800
ENT_002807,ent_d46509334212
ENT_002808,ent_a202e4486aa7
ENT_002809,ent_6453fe497719
ENT_002810,ent_d0d23a39507a
ENT_002811,ent_4c2e2267407c
ENT_002813,ent_541d0056f129
ENT_002816,ent_8f401175291c
ENT_002817,ent_ca2cb6e37a42
ENT_002818,ent_945fe69ed339
ENT_002819,ent_b0662d064014
ENT_002821,ent_9b3a8f78f65e
ENT_002822,ent_9574cb1ef005
ENT_002823,ent_ad5641f118f5
ENT_002825,ent_0d016be349a7
ENT_002826,ent_7611e34b63a4
ENT_002828,ent_48b8d7375efc
ENT_002829,ent_b47e642caeb1
ENT_002830,ent_5305e25365f9
ENT_002831,ent_5b0238149f46
ENT_002832,ent_465e673db851
ENT_002833,ent_5c4cd8f00030
ENT_002834,ent_a803bcf917a8
ENT_002835,ent_5f3fa5f85d68
ENT_002836,ent_1e3d3a8709db
ENT_002837,ent_3910f4f051be
ENT_002838,ent_e62557717de4
ENT_002839,ent_bea678691c6f
ENT_002840,ent_066553abb7eb
ENT_002841,ent_5deeb3460b08
ENT_002842,ent_c84538672b5c
ENT_002843,ent_d7df59c86782
ENT_002844,ent_03b0284b769b
ENT_002845,ent_45397cedef53
ENT_002846,ent_49a4bc58ae57
ENT_002847,ent_e3ad328ff1db
ENT_002848,ent_8b771d0635d9
ENT_002849,ent_bac603fe6115
ENT_002850,ent_83e5d4333b8b
ENT_002851,ent_9b48530188e7
ENT_002852,ent_d3cb415608d1
ENT_002853,ent_667ae12382c6
ENT_002854,ent_e530fd978130
ENT_002855,ent_d8a651b117ec
ENT_002856,ent_eb4f9111da68
ENT_002857,ent_b8ab91508e95
ENT_002858,ent_3e0f4ad0e7bc
ENT_002859,ent_b96cd9129ed5
ENT_002860,ent_fa53491a117c
ENT_002861,ent_9fdb6c5991b3
ENT_002862,ent_5ce5680f8936
ENT_002863,ent_93818a1b2983
ENT_002864,ent_d21ef208cbd9
ENT_002865,ent_b224fad207e0
ENT_002866,ent_2cb921c9d686
ENT_002867,ent_545e87e4ec1e
ENT_002868,ent_3796a3eacad2
ENT_002869,ent_39c34ae12aaf
ENT_002870,ent_7eb7c9a47b66
ENT_002871,ent_d1a8f6a0fcdd
ENT_002872,ent_b3c77aba0cd9
ENT_002873,ent_9eb584546e51
ENT_002874,ent_45140b48c40c
ENT_002875,ent_e7cbc01a3f0f
ENT_002876,ent_a1112e67d568
ENT_002877,ent_dcfc58076cf0
ENT_002878,ent_59887c98de06
ENT_002879,ent_bf599f17c524
ENT_002880,ent_db2d262c1576
ENT_002881,ent_b1fdd5137652
ENT_002882,ent_ef391f3668ac
ENT_002883,ent_f9e87a7b4f68
ENT_002884,ent_53dc28e872c8
ENT_002885,ent_78cff89fdb02
ENT_002886,ent_ffca64eabc5f
ENT_002887,ent_660a05e56cf8
ENT_002888,ent_02f93406ddd6
ENT_002889,ent_38b1aaedc26a
ENT_002890,ent_44f3425b41af
ENT_002891,ent_c40a70f1c5ab
ENT_002892,ent_2e1516d124e7
ENT_002893,ent_bfe25fcfda1e
ENT_002894,ent_6ef5d2abc820
ENT_002895,ent_afe8638742c6
ENT_002896,ent_a7431c1c1972
ENT_002897,ent_ae833896f0ab
ENT_002898,ent_aadf25a77a0c
ENT_002899,ent_38e58b2c5298
ENT_002900,ent_65b38032eb7c
ENT_002901,ent_7a11f04bfb6b
ENT_002902,ent_e6c17268dd50
ENT_002903,ent_bb8080792edf
ENT_002904,ent_ed2cf205b122
ENT_002905,ent_168beda1b069
ENT_002906,ent_4d1ac32e32f3
ENT_002907,ent_e4a19e660f97
ENT_002908,ent_9b3f320c78ac
ENT_002909,ent_a86b6ac30732
ENT_002910,ent_813dbcd5d6cd
ENT_002911,ent_f8ff0f80e24a
ENT_002912,ent_a6757eb01371
ENT_002913,ent_f4f74527f6c3
ENT_002914,ent_f4a1f2916da1
ENT_002915,ent_a7ff697e10e2
ENT_002916,ent_1960ac5ce649
ENT_002917,ent_4d47bfa07f8b
ENT_002918,ent_d3167e224dae
ENT_002919,ent_d50acdee0897
ENT_002920,ent_8805abbbbd2b
ENT_002921,ent_1514590efaeb
ENT_002924,ent_89cccf284da1
ENT_002926,ent_1fcbe0a2c1c2
ENT_002928,ent_df9e5b94b9ec
ENT_002929,ent_9981d9b869aa
ENT_002930,ent_44af5346ec4d
ENT_002931,ent_186229b10762
ENT_002932,ent_971b8e897c68
ENT_002934,ent_dbd9a532570f
ENT_002935,ent_b49e9e98029e
ENT_002936,ent_f4bf2311678d
ENT_002937,ent_c657313c5347
ENT_002939,ent_73cc1b9fe18a
ENT_002941,ent_ade18ed25d8e
ENT_002942,ent_d204bfa9afc9
ENT_002944,ent_dc271784e424
ENT_002947,ent_2f730eb25d9d
ENT_002949,ent_e090cd422d9b
ENT_002951,ent_f2c76c73e882
ENT_002954,ent_994edbdea560
ENT_002956,ent_7bcc6f9201f1
ENT_002959,ent_c4b0736dcd79
ENT_002960,ent_b1d8b84d6c2a
ENT_002961,ent_b617d6649c17
ENT_002963,ent_2c7b3c954dca
ENT_002966,ent_762b13c19052
ENT_002968,ent_9ab2371ef074
ENT_002969,ent_439179021e40
ENT_002970,ent_c5d5d0f949dc
ENT_002975,ent_bd8732ef5659
ENT_002976,ent_fcc91de41e3e
ENT_002979,ent_a94ef953fbbe
ENT_002980,ent_83999f8a658a
ENT_002981,ent_ec5cf78b6456
ENT_002982,ent_9473d7c7d404
ENT_002983,ent_97115ff151e9
ENT_002984,ent_9fa1a0600e15
ENT_002986,ent_46ff8962e2a9
ENT_002987,ent_786ade491ea2
ENT_002989,ent_32a20887aa36
ENT_002990,ent_5a53c120f1ca
ENT_002991,ent_e1dd5f5fd370
ENT_002994,ent_c86b483ff743
ENT_002996,ent_0458a0487929
ENT_002998,ent_3d986df2025a
ENT_002999,ent_5c5d4631a1e8
ENT_003001,ent_7921ba042d70
ENT_003002,ent_8a4da2209f1a
ENT_003003,ent_f5776ba24381
ENT_003004,ent_27514d1ea90f
ENT_003005,ent_f82917d8fb1c
ENT_003006,ent_e0b9c9aa129f
ENT_003007,ent_5ca489f44576
ENT_003008,ent_0a62ccb0ea07
ENT_003009,ent_7a57b34af61b
ENT_003010,ent_ee4301e40b65
ENT_003011,ent_fc329fd82cb3
ENT_003012,ent_48951d103e31
ENT_003013,ent_f781e85401cd
ENT_003014,ent_0620b15cf6be
ENT_003015,ent_ab87561f0b5f
ENT_003016,ent_2210a88ed702
ENT_003017,ent_bd6091eb0b84
ENT_003018,ent_5b2294436f88
ENT_003019,ent_aa0d356b83b1
ENT_003020,ent_c175319fa862
ENT_003021,ent_a6bac13fa0e0
ENT_003022,ent_2a82b9ff3ebb
ENT_003023,ent_829495f611dd
ENT_003024,ent_283e40e1794d
ENT_003025,ent_18248c71d684
ENT_003026,ent_80bbc9955b96
ENT_003027,ent_2abd416a0fdc
ENT_003028,ent_9af8d28bd4b5
ENT_003030,ent_bc9bf17a5ca7
ENT_003031,ent_e0074ed62848
ENT_003032,ent_b157999c74e5
ENT_003033,ent_cd6b7e52407d
ENT_003034,ent_517bbd2bbff3
ENT_003037,ent_14601b10e4cd
ENT_003038,ent_8df6c1a5b138
ENT_003039,ent_6c354047abfe
ENT_003040,ent_de0a11828f99
ENT_003041,ent_4f778d0f6fdf
ENT_003042,ent_20c410ae16a7
ENT_003043,ent_9ba32728581a
ENT_003044,ent_7cfab1839c71
ENT_003045,ent_f92cb56a2bbd
ENT_003047,ent_b930a9166e36
ENT_003048,ent_757697111c9f
ENT_003049,ent_aead350d7f47
ENT_003050,ent_3e950bcce05f
ENT_003052,ent_0206a6e7183a
ENT_003053,ent_eccb3f49287b
ENT_003054,ent_1e17ac74ae41
ENT_003057,ent_91b291554d04
ENT_003058,ent_a06ec7a36a0d
ENT_003059,ent_5d7918bffb91
ENT_003060,ent_f86c607e1bb0
ENT_003061,ent_164035bf9ecd
ENT_003062,ent_dd998f331de5
ENT_003064,ent_7d057027f6c1
ENT_003065,ent_15c2dda9b183
ENT_003066,ent_441103df6193
ENT_003067,ent_b57fef80a2b5
ENT_003069,ent_b07ae213c80e
ENT_003070,ent_3a209ef2e4eb
ENT_003072,ent_ec805d72fe18
ENT_003073,ent_8e5fa9ad8cc1
ENT_003074,ent_6290ca56b1d0
ENT_003075,ent_b79222f58897
ENT_003076,ent_d307d25316f6
ENT_003077,ent_08394663f8ba
ENT_003078,ent_781b9978fcbd
ENT_003079,ent_39ae00f84e98
ENT_003080,ent_0dc945e865b4
ENT_003081,ent_4f38d4aa1306
ENT_003082,ent_2548fb41060a
ENT_003083,ent_40499ade7928
ENT_003084,ent_85934a6cafab
ENT_003085,ent_beb23a4867d8
ENT_003086,ent_d2cf29afc7bd
ENT_003087,ent_b3b21e5e0289
ENT_003088,ent_ebec01179d2e
ENT_003089,ent_fc432fc05a02
ENT_003090,ent_467f6db24e20
ENT_003091,ent_bffee3a0ac47
ENT_003092,ent_409d67f48533
ENT_003093,ent_57d71d943222
ENT_003094,ent_4a9378369921
ENT_003095,ent_23054acdd89f
ENT_003096,ent_e0d43ea289ef
ENT_003097,ent_f53b2c3c3d1e
ENT_003098,ent_6d7bcd9eb225
ENT_003099,ent_53ef60cbafa9
ENT_003100,ent_b1f93d783581
ENT_003101,ent_012e398b6fb3
ENT_003102,ent_4a5152b89863
ENT_003104,ent_7af2c93da022
ENT_003105,ent_79f43e19e3c5
ENT_003106,ent_3dc7c9d0bf3a
ENT_003108,ent_0ece5d9b222c
ENT_003109,ent_2fb407d0f926
ENT_003110,ent_195a82010343
ENT_003111,ent_a1046a2955bb
ENT_003112,ent_395b17d3c3d4
ENT_003113,ent_2723ea43e680
ENT_003114,ent_b24eb52b9d8f
ENT_003115,ent_9525421f1022
ENT_003116,ent_2a2ed71f76f2
ENT_003118,ent_736848dd320b
ENT_003119,ent_35366c7a7f7f
ENT_003120,ent_15da2b0da860
ENT_003122,ent_4bac0bafc851
ENT_003123,ent_fc5c60bf54f3
ENT_003124,ent_e4af26535b2a
ENT_003125,ent_047f7f45aa59
ENT_003126,ent_78df9961f8eb
ENT_003127,ent_e46547e7b661
ENT_003129,ent_7e36eb7d99f3
ENT_003130,ent_5a98828aed16
ENT_003131,ent_fe3f7c6868be
ENT_003132,ent_d75c97be0d96
ENT_003133,ent_494a9d83acfe
ENT_003136,ent_5e8a93956688
ENT_003138,ent_b74d57c43bab
ENT_003139,ent_6dfb5253ba3b
ENT_003140,ent_281e574ab9f8
ENT_003141,ent_91667a568ba4
ENT_003142,ent_4c90933707ce
ENT_003143,ent_da50c19a3467
ENT_003144,ent_b8e1a47c900d
ENT_003145,ent_733d7187846a
ENT_003146,ent_9df991ccbbe7
ENT_003147,ent_8cb0d67a7249
ENT_003148,ent_5f329c2c8cf0
ENT_003149,ent_dcccbc8b83d0
ENT_003150,ent_8d26e84f43e3
ENT_003151,ent_2ade4b1c1fc2
ENT_003152,ent_5d3e07968ad5
ENT_003153,ent_ebe110a3bf3a
ENT_003154,ent_9a9062f31af1
ENT_003156,ent_390d5291a4f2
ENT_003157,ent_2e004e98e76f
ENT_003158,ent_ca0766933b67
ENT_003159,ent_5e8da968b3d6
ENT_003162,ent_085ecbf259b5
ENT_003164,ent_28b714c97c74
ENT_003165,ent_b82f2fed2879
ENT_003166,ent_919b24964d36
ENT_003167,ent_e3c4d5913a56
ENT_003168,ent_944a214c653e
ENT_003170,ent_0923dadcf3fb
ENT_003171,ent_a316ee2157b7
ENT_003173,ent_8992f6d5b112
ENT_003174,ent_2d298dcfd0d7
ENT_003176,ent_440296070c6c
ENT_003178,ent_831ee5779a12
ENT_003179,ent_4deed80a717d
ENT_003180,ent_738ab31d07f9
ENT_003182,ent_8b7442a954f7
ENT_003183,ent_561033659e0d
ENT_003184,ent_c2b7538d8de0
ENT_003186,ent_1315daed68e2
ENT_003187,ent_5413ff494b1c
ENT_003188,ent_f163d48b9c89
ENT_003189,ent_d3e4fcbff186
ENT_003190,ent_5d77d77de3eb
ENT_003191,ent_83b5e1d1fa3a
ENT_003192,ent_8c99ca7697f0
ENT_003193,ent_81c2f52506b7
ENT_003194,ent_d3a69994d4e7
ENT_003195,ent_48738de680c6
ENT_003196,ent_8c5f9648f7da
ENT_003197,ent_569e2b39b4fa
ENT_003198,ent_d2d2f539148b
ENT_003199,ent_a8c9c9442e34
ENT_003200,ent_98ef96ac38b6
ENT_003201,ent_de8c15c1b006
ENT_003202,ent_231e161d1977
ENT_003203,ent_e81d5a4ff531
ENT_003204,ent_7480a8361f60
ENT_003205,ent_ab20ef0c2f99
ENT_003206,ent_5c44110a893d
ENT_003207,ent_5b6418ada03a
ENT_003208,ent_b8aeb8e937c5
ENT_003209,ent_c65575e4429f
ENT_003210,ent_95ee8d4f5182
ENT_003212,ent_0b5c5fa99b90
ENT_003213,ent_f1f117fbe2c0
ENT_003214,ent_c68e57ebca47
ENT_003215,ent_dbc929644559
ENT_003216,ent_b12f1f51189b
ENT_003217,ent_283fb139d313
ENT_003218,ent_a17915a42fd8
ENT_003219,ent_82333ac3bc6a
ENT_003220,ent_3958b9ab3991
ENT_003221,ent_ad31bf1f5d28
ENT_003223,ent_7cd2d3c15d74
ENT_003225,ent_333be8554e5f
ENT_003227,ent_399f72422c4f
ENT_003228,ent_cf54fa56b7c8
ENT_003229,ent_232bd3deb493
ENT_003230,ent_67856675e021
ENT_003231,ent_059af4305ed7
ENT_003232,ent_5c5f73f6707e
ENT_003233,ent_3bc87c6ff244
ENT_003234,ent_df234d807d2c
ENT_003235,ent_fea298f8f6d1
ENT_003236,ent_b95f4535d9da
ENT_003237,ent_74e0c0156adf
ENT_003238,ent_0cac548d9bd2
ENT_003239,ent_0e4379a5ee7d
ENT_003240,ent_36098f914f79
ENT_003241,ent_f832bbdd242f
ENT_003242,ent_bc7c9844e955
ENT_003244,ent_01fe5a4855f3
ENT_003246,ent_fad5e5d21c2f
ENT_003247,ent_8fe2d2e07895
ENT_003248,ent_20df606d8be2
ENT_003249,ent_e51607379c86
ENT_003250,ent_259556055fdf
ENT_003253,ent_94df463603e7
ENT_003254,ent_cfdf1b2aede6
ENT_003255,ent_456a99ca8a1a
ENT_003256,ent_19a9514589f8
ENT_003257,ent_396788dc08d7
ENT_003258,ent_c9b402ae540e
ENT_003260,ent_e65a7669a7e3
ENT_003261,ent_cc15c4a74c91
ENT_003265,ent_18d529bad30d
ENT_003266,ent_fcf9c06cc0a3
ENT_003267,ent_955d426c4d99
ENT_003268,ent_5d1e211cf6ff
ENT_003270,ent_551b072954a1
ENT_003271,ent_7ee68b1623d3
ENT_003272,ent_91b1301dd8b7
ENT_003273,ent_2a8b9df8c9a5
ENT_003275,ent_c3ebdaa4307d
ENT_003276,ent_5a18f5787f86
ENT_003279,ent_daf172392c35
ENT_003281,ent_da07dc5940fc
ENT_003283,ent_05e9c39da8a4
ENT_003284,ent_d0dba58559b7
ENT_003285,ent_416dc59850ad
ENT_003286,ent_9c38b9d22279
ENT_003287,ent_b0f712edb8c5
ENT_003288,ent_21e9c9c05f83
ENT_003289,ent_a4d4726de19b
ENT_003290,ent_6a3152e981f6
ENT_003291,ent_13d09e728b6e
ENT_003292,ent_ef07ae0cae94
ENT_003293,ent_0a6762d494c6
ENT_003294,ent_9d71fac3a0b5
ENT_003295,ent_0f718cb005aa
ENT_003297,ent_aef2d9204be8
ENT_003298,ent_f913f95e86f7
ENT_003299,ent_d118d6454a48
ENT_003300,ent_95083d229a64
ENT_003301,ent_a109d651b6fb
ENT_003302,ent_2a25bd0d760c
ENT_003303,ent_b33693b87b37
ENT_003304,ent_ed6aa7978e0b
ENT_003305,ent_9eb9b223b8a1
ENT_003306,ent_9e247ac123e0
ENT_003307,ent_e94e4254bed5
ENT_003308,ent_03dc631837db
ENT_003309,ent_19086d890b00
ENT_003310,ent_851f56a96571
ENT_003311,ent_c116cfcbb005
ENT_003312,ent_b716dc1ceda8
ENT_003313,ent_f02a8793d742
ENT_003314,ent_6f3993a57f2a
ENT_003315,ent_3c5e25c8e75d
ENT_003316,ent_4ca3f430cd38
ENT_003317,ent_02ce7ad1471c
ENT_003318,ent_2d2125c667a4
ENT_003319,ent_6c68e5b5e6d7
ENT_003320,ent_d7108d7f42f2
ENT_003323,ent_550565e49e3c
ENT_003324,ent_ae8b719236a0
ENT_003326,ent_dd844722b765
ENT_003329,ent_9f7c67fcba35
ENT_003330,ent_21dd5d3489e5
ENT_003331,ent_c16741fc5ee0
ENT_003332,ent_e966aa070743
ENT_003333,ent_b0f3e42276a4
ENT_003334,ent_89b0493ccc67
ENT_003337,ent_7a554cd3c9c4
ENT_003339,ent_949cdb5369c6
ENT_003341,ent_fa4d658bf1b6
ENT_003342,ent_84721618a4fa
ENT_003343,ent_a48893e2ab7f
ENT_003344,ent_8e841f930871
ENT_003346,ent_c1f1e1ea869a
ENT_003347,ent_a8387fde158f
ENT_003348,ent_745fe828af1d
ENT_003349,ent_b9b5d7f4e3e3
ENT_003350,ent_296d8a52ec8c
ENT_003351,ent_11d36bcb2a95
ENT_003352,ent_17f09f2195c1
ENT_003353,ent_58923b0ea240
ENT_003354,ent_aa9c741f410a
ENT_003355,ent_93e1523931e9
ENT_003356,ent_7c2b48beb1bd
ENT_003357,ent_7118a52ae630
ENT_003358,ent_0e4728738e93
ENT_003359,ent_d0fefb6116f1
ENT_003361,ent_473f770b88e3
ENT_003362,ent_0be2dd2bf66e
ENT_003363,ent_1d9279b64eb6
ENT_003364,ent_1117b425ec60
ENT_003365,ent_64e464276a04
ENT_003366,ent_5bd789376f88
ENT_003367,ent_b1a59001dcec
ENT_003368,ent_846f571d5601
ENT_003371,ent_048e753544ec
ENT_003372,ent_e0a017322577
ENT_003373,ent_232db36d6906
ENT_003374,ent_a3c22696cc3d
ENT_003375,ent_7411f6727013
ENT_003376,ent_42d23eaea60b
ENT_003377,ent_187cfc4b1244
ENT_003378,ent_7694d9bba6d0
ENT_003380,ent_4f20940f12bc
ENT_003381,ent_377b6345ba59
ENT_003382,ent_b09307e26038
ENT_003383,ent_0015e2b4b0f1
ENT_003384,ent_5065b544a1b5
ENT_003385,ent_01ebe34c51a1
ENT_003386,ent_f305a618ee32
ENT_003387,ent_10cb7c45574a
ENT_003388,ent_741c0dba35b0
ENT_003389,ent_1f1e5656f28d
ENT_003391,ent_4994095f1395
ENT_003392,ent_5a6a90c8ab43
ENT_003393,ent_af3c98c926c7
ENT_003394,ent_2d810356bddb
ENT_003395,ent_ae91e95d7455
ENT_003396,ent_678ee0e8b552
ENT_003397,ent_7e95614a2b26
ENT_003398,ent_e9c5103afa18
ENT_003400,ent_51f391901d64
ENT_003401,ent_f479f5f9bb98
ENT_003402,ent_a40efb5af636
ENT_003403,ent_331aff3d2cdc
ENT_003404,ent_4c6e08e3dc93
ENT_003405,ent_fc4e115174f5
ENT_003406,ent_6ad1182b331d
ENT_003408,ent_1337fabe98f7
ENT_003409,ent_7ab6ad75c9b3
ENT_003410,ent_d31f555948ef
ENT_003411,ent_33ef2d03a974
ENT_003412,ent_f06f9cd6cd67
ENT_003413,ent_0cbbf5e04339
ENT_003414,ent_98e03194178f
ENT_003416,ent_6dd96a967bf1
ENT_003417,ent_162a57f93faa
ENT_003419,ent_f6d9480b873b
ENT_003422,ent_87746d0e1026
ENT_003423,ent_8a01804adb1d
ENT_003426,ent_22ccb2ae7e09
ENT_003427,ent_d8802cfeea2e
ENT_003428,ent_3832a9a67f08
ENT_003429,ent_51a34e133038
ENT_003430,ent_87fccb7e7922
ENT_003431,ent_6fdc2c1db2ff
ENT_003432,ent_97e32fd4b2d3
ENT_003433,ent_e7e86f930f14
ENT_003434,ent_5e4a436443ff
ENT_003435,ent_bb730a8b4c62
ENT_003436,ent_52df53259964
ENT_003437,ent_6b438af81101
ENT_003438,ent_0cf57ec5b04e
ENT_003439,ent_026bd5a010e0
ENT_003440,ent_a7c33ccb41d4
ENT_003441,ent_1839078fd1ea
ENT_003442,ent_030ef15d3322
ENT_003443,ent_117daeb22cd3
ENT_003444,ent_38a5dcee0859
ENT_003445,ent_f9b8d733410a
ENT_003446,ent_50d7f6e2ae95
ENT_003447,ent_54be4ec78def
ENT_003448,ent_5b3f9055a971
ENT_003449,ent_804f87f3d2eb
ENT_003450,ent_a462df324c81
ENT_003451,ent_122794178232
ENT_003452,ent_6d5e7db6487d
ENT_003453,ent_bb8adfa80c6f
ENT_003454,ent_58c3197a537a
ENT_003455,ent_84f1e40f07f4
ENT_003456,ent_e6c9db0a149a
ENT_003457,ent_928e01ea3e6d
ENT_003458,ent_2b57deda4e09
ENT_003459,ent_2ae3f264944e
ENT_003460,ent_aea98dc06984
ENT_003461,ent_152868058631
ENT_003462,ent_5495472183a7
ENT_003463,ent_5ad40beaf3b7
ENT_003464,ent_ef5ae4c04bd1
ENT_003465,ent_9ed870d52735
ENT_003466,ent_6ea873e194a2
ENT_003467,ent_58095fa41a75
ENT_003468,ent_6c8fea5580a2
ENT_003469,ent_5a0b93615ac0
ENT_003470,ent_9314d838e75f
ENT_003471,ent_9e2c50e4b98c
ENT_003472,ent_c20b1818aeb9
ENT_003473,ent_245b3304f500
ENT_003474,ent_631a072eccc7
ENT_003475,ent_261f4a873c61
ENT_003476,ent_6cd80a901c96
ENT_003477,ent_7e7c216e8f58
ENT_003478,ent_6e7f8b738295
ENT_003479,ent_81f3097ef204
ENT_003480,ent_e93c815c880b
ENT_003481,ent_cb2d42015200
ENT_003482,ent_1d5609ab86c2
ENT_003483,ent_bb7c9609ed63
ENT_003484,ent_eba55260db55
ENT_003485,ent_d3ee5b05638e
ENT_003486,ent_6208f22e86b2
ENT_003487,ent_9342d0d0f060
ENT_003488,ent_006a843a087c
ENT_003489,ent_7f0c3e2ffa18
ENT_003490,ent_fecadc83b57f
ENT_003491,ent_f6cee98abe78
ENT_003492,ent_78caddd51143
ENT_003493,ent_ea613d76b6c6
ENT_003494,ent_3d8e2819d2ad
ENT_003495,ent_91aa22169f3b
ENT_003496,ent_39a9e9191866
ENT_003497,ent_273b4d678742
ENT_003498,ent_449d1dc06fdb
ENT_003500,ent_9c58f93ccaf7
ENT_003501,ent_7c51b17a1dc2
ENT_003502,ent_e66f3efbb16a
ENT_003503,ent_1e4dca1a4d16
ENT_003504,ent_a4c6f4f615fb
ENT_003505,ent_9357cbefb2ed
ENT_003506,ent_63e186d8f27c
ENT_003507,ent_46fe48b84d4a
ENT_003508,ent_f5fa9cc0886b
ENT_003509,ent_fa4fc4c510fe
ENT_003510,ent_fedaa6c74025
ENT_003511,ent_70886f03a34c
ENT_003512,ent_dac5b69190d1
ENT_003513,ent_078cf16d93ce
ENT_003515,ent_ee1a812aa83f
ENT_003516,ent_cfd008618820
ENT_003517,ent_3c706f7aec98
ENT_003518,ent_4b5f1b413808
ENT_003519,ent_2acf97901378
ENT_003521,ent_19fe275f5748
ENT_003523,ent_cec1fd25eab5
ENT_003524,ent_e92f081da834
ENT_003527,ent_3e61ab5adb9c
ENT_003529,ent_840c0a2027c4
ENT_003530,ent_ac4805ac80f3
ENT_003531,ent_4d25101a624f
ENT_003532,ent_3c270fb306ef
ENT_003533,ent_ff3c3961431b
ENT_003535,ent_d86d8e721664
ENT_003536,ent_0f847fc4d0ad
ENT_003537,ent_a1f14ee1e577
ENT_003538,ent_45bad809d904
ENT_003540,ent_36763bd41db5
ENT_003541,ent_a2cd99c82f6e
ENT_003542,ent_0dac5501088f
ENT_003543,ent_ca97a699abef
ENT_003544,ent_7f1774995512
ENT_003545,ent_f3f5cbb30051
ENT_003547,ent_694da1d1ee9e
ENT_003548,ent_653db7c8f479
ENT_003551,ent_4c0fb6bfb0a1
ENT_003552,ent_54d22fa51097
ENT_003553,ent_690b8c155da4
ENT_003554,ent_ebf764cc6836
ENT_003555,ent_d2572ea2a518
ENT_003556,ent_11009dc6f5d0
ENT_003557,ent_e2664dee052b
ENT_003558,ent_b17a6f0b7fbc
ENT_003559,ent_43680bb57908
ENT_003560,ent_8bf3772137b9
ENT_003561,ent_fc197d836f3f
ENT_003563,ent_e3a6fa49effb
ENT_003564,ent_55d50635f2e5
ENT_003569,ent_ee4ce9e175c7
ENT_003571,ent_b31b920cc3aa
ENT_003572,ent_2f10dae5a157
ENT_003574,ent_9902f401a184
ENT_003575,ent_b5176a9265ec
ENT_003576,ent_be6832e2df55
ENT_003579,ent_1d438a7bb6bb
ENT_003580,ent_ba9355e3a15a
ENT_003581,ent_f4533ce46034
ENT_003583,ent_e81ff8babc79
ENT_003584,ent_66fc22456264
ENT_003585,ent_bcc5b5bfadef
ENT_003587,ent_79323f8ab7f8
ENT_003588,ent_a36a7333eca5
ENT_003589,ent_950c6d78ec9a
ENT_003590,ent_150cc8c3a7e3
ENT_003591,ent_a51fd16230a4
ENT_003592,ent_e7a9e184405e
ENT_003593,ent_56c7cb207b42
ENT_003594,ent_bc1832b077d0
ENT_003595,ent_7015a94ef5b6
ENT_003597,ent_744dc8ec6da0
ENT_003600,ent_b162a3ccee56
ENT_003601,ent_1a8c034260be
ENT_003602,ent_b6c3780a60eb
ENT_003604,ent_4089b9c8d1c8
ENT_003605,ent_3595181d037c
ENT_003606,ent_319242f630b4
ENT_003607,ent_4f1f1a83c8c1
ENT_003609,ent_7d00329f1bbe
ENT_003610,ent_bb5c04218d98
ENT_003611,ent_9db9f5f233f8
ENT_003612,ent_d0fbf5d9bb9b
ENT_003613,ent_5f4aeb89c2d4
ENT_003614,ent_b3d1897f1874
ENT_003615,ent_cdf6fa10dbe8
ENT_003617,ent_8a17a3e7a85c
ENT_003619,ent_2b062729511f
ENT_003620,ent_d6d07330ae93
ENT_003621,ent_7a32db893793
ENT_003622,ent_4e7e7e3907d6
ENT_003623,ent_51cb2e7babee
ENT_003624,ent_4172510f6d94
ENT_003625,ent_6f987dadf48c
ENT_003626,ent_b2eac61aaf36
ENT_003627,ent_3a629d1ad734
ENT_003628,ent_bd39b8bbb6aa
ENT_003629,ent_7293edecd7cf
ENT_003630,ent_3a5297a01256
ENT_003631,ent_6e22b92cae92
ENT_003632,ent_8670a48f1aac
ENT_003633,ent_2e0eeba7803f
ENT_003634,ent_003c3df7adab
ENT_003635,ent_100a2b9a5ca4
ENT_003636,ent_708a259dd99b
ENT_003637,ent_d1e484035776
ENT_003638,ent_98829d69b639
ENT_003639,ent_3eeb8abf7d29
ENT_003640,ent_9a36fce25c09
ENT_003641,ent_395ebf1e7d1f
ENT_003642,ent_3c83dfb741a7
ENT_003643,ent_dc2c8eb95ff2
ENT_003644,ent_8750f744dc0b
ENT_003645,ent_b063e0fc6610
ENT_003646,ent_124d24333910
ENT_003647,ent_f06bbf4e7953
ENT_003648,ent_e0fbb4dda0cd
ENT_003649,ent_f29913f5b399
ENT_003650,ent_64b8a812c0e5
ENT_003651,ent_a4c40ff6b62a
ENT_003652,ent_a83663dede9f
ENT_003653,ent_4665e612b462
ENT_003654,ent_4bea281775bd
ENT_003656,ent_230874778de9
ENT_003657,ent_50c4b37be2ef
ENT_003658,ent_7e2cddd891bd
ENT_003659,ent_4a5c32f89d49
ENT_003660,ent_771c545d606a
ENT_003661,ent_52eea097ad84
ENT_003662,ent_321cac16e0e9
ENT_003663,ent_395a5ad3b9f5
ENT_003665,ent_323fd29229ad
ENT_003666,ent_389c865efa96
ENT_003667,ent_3725a0fc235c
ENT_003668,ent_3e2f772915a4
ENT_003669,ent_afbf9f0b18bd
ENT_003670,ent_c4dcd2aeb3da
ENT_003672,ent_e409c256a085
ENT_003675,ent_dd195a5dd20a
ENT_003676,ent_a72ca5cb2c11
ENT_003677,ent_4041651e082d
ENT_003678,ent_6202bf015e03
ENT_003680,ent_6465bab6a24f
ENT_003681,ent_465634a80f1f
ENT_003682,ent_55211e6a1985
ENT_003683,ent_5c2735dd5fcf
ENT_003684,ent_93be649a06b4
ENT_003685,ent_0afd186f67d2
ENT_003686,ent_8221f7cf6f07
ENT_003687,ent_e92af62dc3f5
ENT_003688,ent_73ffb98dff9e
ENT_003689,ent_655e42be9596
ENT_003690,ent_d50a2b81db1e
ENT_003694,ent_88a4388082e6
ENT_003699,ent_7a40aec3c5c3
ENT_003700,ent_6d132612e986
ENT_003701,ent_e50a4307d1f8
ENT_003703,ent_54abbade64fb
ENT_003704,ent_0e5c09e3c80c
ENT_003705,ent_dc76350c4f5c
ENT_003708,ent_fc9ab99d2207
ENT_003712,ent_29cad8795897
ENT_003713,ent_3d9da43d50f3
ENT_003714,ent_c5e494231c37
ENT_003715,ent_563e2405108a
ENT_003716,ent_282ecb0ad647
ENT_003717,ent_513ffaa5647c
ENT_003719,ent_6b55940846bc
ENT_003721,ent_1e3f117d8659
ENT_003722,ent_18aea3533742
ENT_003723,ent_4acb7e244c39
ENT_003724,ent_56bbadef183e
ENT_003725,ent_2e1025420721
ENT_003726,ent_03ce2d11b164
ENT_003729,ent_345a3968cb04
ENT_003730,ent_c8e4b0beddfd
ENT_003731,ent_f2b5d31c39aa
ENT_003732,ent_967e2a21aad4
ENT_003733,ent_469072fc4911
ENT_003734,ent_fbade4740124
ENT_003739,ent_5f99f750264d
ENT_003740,ent_e0b734c12d0d
ENT_003744,ent_bf071e39fe19
ENT_003749,ent_d87a218aa210
ENT_003751,ent_2b47326e9596
ENT_003754,ent_5d206ff7771e
ENT_003755,ent_b75bf94afbcb
ENT_003756,ent_f9f678142aa3
ENT_003758,ent_7a4c447e903d
ENT_003761,ent_b8c2e2582c26
ENT_003763,ent_20b55f8f96b8
ENT_003764,ent_a6b94c65c717
ENT_003765,ent_538e7209a92f
ENT_003766,ent_f928e10be115
ENT_003767,ent_c038aacf47b0
ENT_003768,ent_89bd34e537a4
ENT_003769,ent_825dd8da7fec
ENT_003774,ent_c848a135ad89
ENT_003777,ent_04c0882822d5
ENT_003779,ent_cdbffd113caf
ENT_003780,ent_31bdcbfea247
ENT_003781,ent_491e3f2b90ea
ENT_003783,ent_b07ee43aae45
ENT_003784,ent_5dfc0d984922
ENT_003785,ent_a77e22ab41d3
ENT_003786,ent_adafc7090c82
ENT_003787,ent_2743d57a8a3a
ENT_003788,ent_a52144fd0b06
ENT_003789,ent_7fdf8eb07eaa
ENT_003790,ent_a9075491307a
ENT_003791,ent_34c56f511d59
ENT_003792,ent_9eb45bf1c8b5
ENT_003793,ent_09ba0911dcf7
ENT_003794,ent_722ad5516739
ENT_003795,ent_b14ad081e4f8
ENT_003796,ent_5ae045427638
ENT_003797,ent_d8ad4a14f978
ENT_003798,ent_77fef7fd0762
ENT_003799,ent_a960a170b706
ENT_003800,ent_554e359eff70
ENT_003801,ent_959da2f286c0
ENT_003802,ent_f06cf9ab25a0
ENT_003803,ent_441086a230c6
ENT_003806,ent_6f3812911515
ENT_003807,ent_9f880f4efc73
ENT_003808,ent_98f23957a35a
ENT_003809,ent_4367c0b506fb
ENT_003811,ent_e57ce090f09d
ENT_003812,ent_8f55f6131eaf
ENT_003813,ent_1a5c1043ffe3
ENT_003815,ent_740ef81f18f3
ENT_003817,ent_a6a482752be1
ENT_003818,ent_ae2d5038450e
ENT_003819,ent_dc9c5892c673
ENT_003820,ent_a16f4a061b8c
ENT_003821,ent_54bc2fb6f277
ENT_003822,ent_1fef52566b04
ENT_003825,ent_3e1a5c2f0f15
ENT_003827,ent_b302c3429948
ENT_003828,ent_fba0a8e3fed6
ENT_003829,ent_1a0a391330ca
ENT_003830,ent_ef48096eaec2
ENT_003831,ent_575fde6cf177
ENT_003832,ent_4b36f4b8374f
ENT_003836,ent_d4a65d982b32
ENT_003837,ent_2d9c08441e33
ENT_003838,ent_034f7ac73195
ENT_003840,ent_80d2ebd0ac4b
ENT_003841,ent_24c39e797c04
ENT_003843,ent_02ba15fe9f34
ENT_003845,ent_b07597821f08
ENT_003846,ent_3816c7f5dfb5
ENT_003847,ent_76a0e06f73f2
ENT_003849,ent_1dc473bd21c1
ENT_003850,ent_1c8906537537
ENT_003851,ent_6ab978852fd4
ENT_003853,ent_569900b0860f
ENT_003854,ent_3ec29002676c
ENT_003855,ent_f79128f47269
ENT_003856,ent_f70c13502ca0
ENT_003857,ent_519202bc5f05
ENT_003858,ent_882433e72feb
ENT_003859,ent_d4668f5057df
ENT_003863,ent_5ebdc0f4bd14
ENT_003864,ent_4e49d16f5982
ENT_003865,ent_f7b5b8ca6638
ENT_003866,ent_c0a969197104
ENT_003867,ent_bb963182911f
ENT_003869,ent_80e1aac34914
ENT_003871,ent_7a92c431f8cc
ENT_003872,ent_c6e676bc6ef3
ENT_003873,ent_9c28b0ed1610
ENT_003874,ent_dccf34173e72
ENT_003875,ent_66eacaf2d6ca
ENT_003877,ent_11811ca3558c
ENT_003878,ent_7a53de59af62
ENT_003879,ent_ac704a461047
ENT_003881,ent_263bc662fdcd
ENT_003882,ent_32ac5ba6d2ea
ENT_003883,ent_c737a0e3d7ce
ENT_003884,ent_f38757de36a8
ENT_003885,ent_30b96f27f3f2
ENT_003886,ent_8f57a0b16547
ENT_003888,ent_5368843ade7d
ENT_003891,ent_683f7c631123
ENT_003893,ent_bf472e74dedb
ENT_003894,ent_be10e7f7d6be
ENT_003895,ent_c6d640308fb1
ENT_003896,ent_907b8c147ee2
ENT_003897,ent_8227745915a1
ENT_003898,ent_275122c5c593
ENT_003899,ent_f4c6e12f41d4
ENT_003900,ent_3d040f1e4af4
ENT_003903,ent_e5f57bef60e3
ENT_003904,ent_601abbb9e231
ENT_003907,ent_565790fd299b
ENT_003908,ent_8cecc5e4c028
ENT_003909,ent_c5dbc9ca7a93
ENT_003910,ent_383aec2b091b
ENT_003912,ent_2b73cfa85307
ENT_003913,ent_9f775e355900
ENT_003914,ent_3d637613d6a2
ENT_003915,ent_a2c10653342e
ENT_003916,ent_6a534b9597ec
ENT_003917,ent_483e30432442
ENT_003918,ent_0026b8dbccd9
ENT_003919,ent_05105e638dd1
ENT_003920,ent_67beb13a6eaf
ENT_003922,ent_f6f6f600ad04
ENT_003923,ent_15b6547d6415
ENT_003924,ent_350034d4f380
ENT_003925,ent_f53ea7790aa1
ENT_003926,ent_47eb91c4912a
ENT_003927,ent_bc831091604d
ENT_003928,ent_5f48ee360ef4
ENT_003929,ent_e28d280fcd93
ENT_003930,ent_913dbf2afc87
ENT_003931,ent_81101ccbb0cd
ENT_003932,ent_f3b59f4d816e
ENT_003933,ent_f2e35bd25a81
ENT_003934,ent_f3b979f92d91
ENT_003935,ent_963681a03058
ENT_003936,ent_8bbaaa9a122d
ENT_003937,ent_df0dd5418a41
ENT_003938,ent_8bf5a674a4a1
ENT_003939,ent_4223a5c2a504
ENT_003940,ent_89fb2e8aa744
ENT_003941,ent_5ddbbc7c0add
ENT_003942,ent_a83360a41872
ENT_003943,ent_7cabbcb697ce
ENT_003944,ent_3456971d68da
ENT_003945,ent_546585ec1d55
ENT_003946,ent_50385f8fecb6
ENT_003948,ent_0bc466c8d81f
ENT_003950,ent_6547d615a84f
ENT_003952,ent_f95b4daf7c75
ENT_003953,ent_40935a4c24cb
ENT_003954,ent_5c976e551607
ENT_003955,ent_e2fabb70939d
ENT_003956,ent_d352b4e52559
ENT_003957,ent_f6e130a34640
ENT_003958,ent_67757527526c
ENT_003959,ent_517c78bd70d3
ENT_003960,ent_7c1afc856f33
ENT_003961,ent_01e36728c048
ENT_003962,ent_9af656803a8c
ENT_003963,ent_34729749e118
ENT_003964,ent_569427b199b1
ENT_003966,ent_2628a8322365
ENT_003968,ent_7017444104ae
ENT_003972,ent_3756a4197b8a
ENT_003973,ent_e324e566c7b9
ENT_003974,ent_f59ec5237223
ENT_003976,ent_63295b6d71f0
ENT_003977,ent_c202f9b9b5a6
ENT_003978,ent_75baf061b952
ENT_003982,ent_b35b69fd5ff9
ENT_003983,ent_4b9ff3066e5a
ENT_003984,ent_01ab45cbcbf2
ENT_003985,ent_062aa7d53775
ENT_003986,ent_6982090f93ff
ENT_003987,ent_b8906485472a
ENT_003988,ent_28b69a89f273
ENT_003989,ent_6b5d42cf768d
ENT_003990,ent_337a589861cf
ENT_003991,ent_bf007c44c056
ENT_003992,ent_b481768f5e17
ENT_003993,ent_7e2bb5e81c45
ENT_003994,ent_70886b91c9bc
ENT_003995,ent_75291e304317
ENT_003996,ent_38a45bef4ab6
ENT_003997,ent_65cd7accb0a7
ENT_003998,ent_62b5a1add42d
ENT_003999,ent_d963d650802b
ENT_004000,ent_08e862762cc2
ENT_004001,ent_3e76d168a8b2
ENT_004002,ent_e5a049417c31
ENT_004003,ent_e787bbf755b3
ENT_004004,ent_3cee893195e6
ENT_004005,ent_ab82efac48a0
ENT_004006,ent_c3284d0535de
ENT_004007,ent_10fed3e992f8
ENT_004008,ent_2bf03296437c
ENT_004010,ent_e85b02288595
ENT_004011,ent_93e3e369f4c9
ENT_004012,ent_acf700e999e8
ENT_004013,ent_9a398c6ffd04
ENT_004015,ent_c29c7e5cd248
ENT_004017,ent_43822ece32ba
ENT_004019,ent_185d8e06a5e3
ENT_004020,ent_196de3ccaace
ENT_004021,ent_751d0d05742a
ENT_004023,ent_13757a27e8b7
ENT_004024,ent_383e228cbce0
ENT_004025,ent_6cd0789c5a41
ENT_004026,ent_d27e43f5eb3a
ENT_004027,ent_fe2d8bd4af41
ENT_004028,ent_1eef1a0029a0
ENT_004030,ent_15e76b17a473
ENT_004031,ent_1af89171df53
ENT_004032,ent_98ca00f2ca20
ENT_004033,ent_f20b0b672304
ENT_004034,ent_5fd0a4f22627
ENT_004035,ent_9ad885e88aec
ENT_004036,ent_32c79eeac440
ENT_004037,ent_3cb51e4a66bf
ENT_004038,ent_50e37a24ea7e
ENT_004039,ent_57e832d8e547
ENT_004040,ent_08e104b31a59
ENT_004041,ent_b7ba0edb7ad4
ENT_004042,ent_661064a3e25d
ENT_004043,ent_8fc67837337c
ENT_004044,ent_82ad574ae265
ENT_004045,ent_c03a530c5ee5
ENT_004046,ent_83c8de2e1a87
ENT_004047,ent_74744f9082be
ENT_004048,ent_6ae48e57df47
ENT_004049,ent_53eed5529664
ENT_004050,ent_721ec1cd804c
ENT_004051,ent_a7b0bce32249
ENT_004052,ent_faac7d53f229
ENT_004053,ent_45f80d49c317
ENT_004054,ent_e33308f7e80a
ENT_004055,ent_f7d78fe1c184
ENT_004056,ent_128ee8b2b49e
ENT_004057,ent_2aac2afd8988
ENT_004058,ent_90da11292bbb
ENT_004059,ent_91c21ec02e76
ENT_004060,ent_ce6c6880c4cc
ENT_004061,ent_e44b63d9bf96
ENT_004062,ent_65e627e4e165
ENT_004063,ent_bbcfc1ae8840
ENT_004064,ent_0a12479fbe44
ENT_004065,ent_2847b23f52ef
ENT_004066,ent_28c14e067386
ENT_004067,ent_0401f360bd1b
ENT_004068,ent_d2815ad4353a
ENT_004069,ent_33fa3f4aa93a
ENT_004070,ent_2d3381f625f7
ENT_004072,ent_4fbf9fae0766
ENT_004073,ent_5f22a276fae4
ENT_004074,ent_4637cd110534
ENT_004075,ent_c690e304c2ef
ENT_004076,ent_ad38ca19d6b7
ENT_004077,ent_25bc1c7a6f1e
ENT_004078,ent_e05cafaa6d8a
ENT_004079,ent_c503332d3d55
ENT_004080,ent_f4d783258d8e
ENT_004081,ent_bda1718a1c2d
ENT_004082,ent_82b798279845
ENT_004083,ent_ae62dce9c749
ENT_004084,ent_a3754f2087a2
ENT_004085,ent_2938186079b1
ENT_004086,ent_06b9761e379f
ENT_004087,ent_d7905ee3e7f5
ENT_004088,ent_a5ad584376de
ENT_004089,ent_2f81938d4a15
ENT_004090,ent_cb9076e14f86
ENT_004091,ent_26111736bbde
ENT_004092,ent_e346e6658d03
ENT_004093,ent_86c9f2fb7141
ENT_004094,ent_03a8fe9f747c
ENT_004095,ent_1477e880a34b
ENT_004096,ent_37dc0d8154b4
ENT_004097,ent_d8a7b828514b
ENT_004098,ent_525a184f3bb4
ENT_004099,ent_b050b8f9fed8
ENT_004100,ent_918ec50b7eee
ENT_004101,ent_b2c120fe7218
ENT_004102,ent_efc1e98c794e
ENT_004103,ent_fc02162c73b1
ENT_004104,ent_7c12178ff46c
ENT_004105,ent_8f2a0d091a8a
ENT_004106,ent_31a66fcfb540
ENT_004107,ent_243931fc4751
ENT_004108,ent_6226a778172e
ENT_004109,ent_24926d908629
ENT_004110,ent_1be3cf23f8b3
ENT_004111,ent_0a1f9ea35735
ENT_004112,ent_9b8c4b8f62eb
ENT_004113,ent_b5399a6d2c0d
ENT_004114,ent_72b580d1d0d3
ENT_004115,ent_18e3ded7a314
ENT_004116,ent_0fd055fbb6ea
ENT_004117,ent_b9bf963d8086
ENT_004118,ent_87b544f99012
ENT_004119,ent_55be9da5d625
ENT_004120,ent_2697a1ea7e43
ENT_004122,ent_799e36cac74b
ENT_004124,ent_92cfadef81a3
ENT_004130,ent_bae53b2458dd
ENT_004131,ent_1d7fd1a5ff87
ENT_004132,ent_178f3ae1a0b6
ENT_004133,ent_c46b5995f79d
ENT_004136,ent_c5726d0f415f
ENT_004137,ent_0ecb7b1b38b2
ENT_004138,ent_c3abe6e4793d
ENT_004141,ent_b68a4acfd8ef
ENT_004142,ent_980f4650f028
ENT_004144,ent_9018c70041fd
ENT_004145,ent_e0f7a36a3cae
ENT_004146,ent_dd9feb1f8f9f
ENT_004147,ent_e603db8eaaaf
ENT_004148,ent_ca38c4dfa64e
ENT_004149,ent_ac593a371628
ENT_004150,ent_ee3af5cb6b01
ENT_004151,ent_e054c8ab481e
ENT_004153,ent_6ec1f3467020
ENT_004154,ent_bdb2c053748b
ENT_004155,ent_a246a58740c6
ENT_004156,ent_30420d9185ee
ENT_004158,ent_3ec7d2552936
ENT_004159,ent_78d0454ae5df
ENT_004161,ent_2a74c8935a1e
ENT_004162,ent_e0d61a159742
ENT_004164,ent_ca6721999a11
ENT_004165,ent_821304bec8e7
ENT_004166,ent_c5eb032c8493
ENT_004170,ent_a131f8ca868d
ENT_004171,ent_2b1b77bbf24c
ENT_004172,ent_fba45694d5dc
ENT_004175,ent_43986e59db1a
ENT_004176,ent_02198d8bdc85
ENT_004177,ent_4d1df7261b56
ENT_004178,ent_018047b6ae52
ENT_004179,ent_99c7e7bd74a0
ENT_004180,ent_90f6aef9a12d
ENT_004181,ent_3c8cfeb649cd
ENT_004182,ent_2409262fd728
ENT_004183,ent_5cf30a7d3206
ENT_004186,ent_c2524f8ba9fb
ENT_004187,ent_2159f3d73177
ENT_004188,ent_b8f998fc7ff8
ENT_004189,ent_0ef836c8d318
ENT_004190,ent_cb0d7dc7310d
ENT_004192,ent_af7adffb7329
ENT_004193,ent_cb200b3e7af1
ENT_004194,ent_b715e22f402b
ENT_004196,ent_0df8e5db1085
ENT_004197,ent_1244ca12caca
ENT_004198,ent_7d6baa12e172
ENT_004199,ent_453b19dd5740
ENT_004200,ent_da549ecdce3b
ENT_004201,ent_5d0ad58da3b1
ENT_004202,ent_f83db2943495
ENT_004204,ent_20259d5f72f2
ENT_004205,ent_d0b99243d431
ENT_004206,ent_ba4983690092
ENT_004207,ent_443ea4ea36ea
ENT_004208,ent_fd587e2ea6ac
ENT_004209,ent_1f753ed84617
ENT_004210,ent_eb17c26d41e4
ENT_004211,ent_c3dd72bbf3fa
ENT_004212,ent_f1ae239a55b1
ENT_004213,ent_683a30e051f0
ENT_004214,ent_dda44e3ae992
ENT_004215,ent_bd105a28094a
ENT_004217,ent_f1ed6e9a25ba
ENT_004219,ent_cf2d9269ff51
ENT_004220,ent_6532ea987dd8
ENT_004221,ent_a70f7e00b5e8
ENT_004222,ent_04bd2625e5c5
ENT_004223,ent_be583fd956e5
ENT_004225,ent_a7d5d0b5cce7
ENT_004226,ent_78f15d55083f
ENT_004227,ent_ab9e2135f09a
ENT_004228,ent_ae86cf79cf6e
ENT_004229,ent_e30aae186d3d
ENT_004230,ent_627fa541fc27
ENT_004231,ent_ad4bce4a79ac
ENT_004232,ent_7aeaa8e5e748
ENT_004234,ent_0992ec159a93
ENT_004235,ent_186e45ec9756
ENT_004236,ent_1321bd914cea
ENT_004237,ent_49ee4dea3943
ENT_004238,ent_b9200c3e1c3e
ENT_004239,ent_6f33fccafe6e
ENT_004240,ent_12873ac8ab05
ENT_004241,ent_50ca1696260e
ENT_004242,ent_3f3c90335a38
ENT_004243,ent_f53f4665985f
ENT_004248,ent_2d7e39c0f739
ENT_004249,ent_16f076f074ef
ENT_004252,ent_5368df0152fa
ENT_004253,ent_dd5336952bcd
ENT_004254,ent_9cb9a9010f8f
ENT_004256,ent_86788731ecb8
ENT_004257,ent_29c2f12d49cc
ENT_004258,ent_05278d136807
ENT_004259,ent_fc1ef7be558f
ENT_004260,ent_16f541941cc4
ENT_004261,ent_306fc3e55772
ENT_004262,ent_ddac4a030fed
ENT_004263,ent_133aad169589
ENT_004265,ent_a10f763858a0
ENT_004266,ent_801709fc5c5a
ENT_004267,ent_165885fd1800
ENT_004268,ent_6f4a627b0c3f
ENT_004273,ent_bad18f7b95a4
ENT_004274,ent_9c404276e658
ENT_004276,ent_33dbb7d42eaa
ENT_004277,ent_dad0431b5f0a
ENT_004278,ent_7d0c3800503c
ENT_004280,ent_8a7449944166
ENT_004282,ent_81bcd3c33553
ENT_004284,ent_3832a9681e31
ENT_004285,ent_fb58d9efeec3
ENT_004287,ent_0579f91cc60b
ENT_004289,ent_75aee63cf49c
ENT_004290,ent_c3961fe6b202
ENT_004291,ent_38497475ba9e
ENT_004292,ent_ec34bbc39f93
ENT_004293,ent_a1b32b689e9f
ENT_004294,ent_6f066402e395
ENT_004298,ent_77047eb1a942
ENT_004299,ent_32a6fd12ebd5
ENT_004300,ent_b7df9c0137bd
ENT_004301,ent_d689cdbccea7
ENT_004302,ent_4c3ba3036c4e
ENT_004303,ent_e0ef0abd08f0
ENT_004305,ent_3269a8c13f47
ENT_004306,ent_ac73753ed377
ENT_004307,ent_ac10d667e461
ENT_004308,ent_fb4f335b6055
ENT_004310,ent_e3564fa62722
ENT_004312,ent_12bcfec54881
ENT_004316,ent_9813ff98983e
ENT_004317,ent_6a7cc9d7ecaf
ENT_004318,ent_e1b7076f3395
ENT_004320,ent_2ecd6044efad
ENT_004321,ent_74e5d843c429
ENT_004322,ent_c226875d21a1
ENT_004323,ent_39d4201416a1
ENT_004324,ent_7c4f91dac3f1
ENT_004325,ent_1e640767ab7b
ENT_004326,ent_3910093d15ae
ENT_004327,ent_0064bd5830eb
ENT_004328,ent_c7f542cc9091
ENT_004329,ent_52d13e062a98
ENT_004330,ent_a6ff342f3592
ENT_004331,ent_040165c8410f
ENT_004332,ent_49a83d234d48
ENT_004333,ent_fa55dabcedf5
ENT_004334,ent_cdad512fc9b2
ENT_004335,ent_ad7fd32a548c
ENT_004336,ent_636b6d4a81d8
ENT_004337,ent_a73ccec9cd73
ENT_004338,ent_0dd4b0d16033
ENT_004339,ent_bb5c08557287
ENT_004340,ent_c6000f225fc3
ENT_004341,ent_960155fb7c29
ENT_004342,ent_85884e6216c5
ENT_004343,ent_562dff554022
ENT_004344,ent_fcb0918db350
ENT_004345,ent_54ddb2d055ee
ENT_004346,ent_e04e1868fcfe
ENT_004347,ent_ae654682e538
ENT_004348,ent_edc86d9e90eb
ENT_004349,ent_80f399c7cd7a
ENT_004350,ent_c7f01fb72cbb
ENT_004351,ent_7eaacc3af8fc
ENT_004352,ent_08a06676073a
ENT_004353,ent_55f3a6186c44
ENT_004354,ent_da4f88390f17
ENT_004355,ent_3498620e5314
ENT_004356,ent_ca62ae58e6c7
ENT_004357,ent_b00412bac41f
ENT_004358,ent_505deaacc1d2
ENT_004359,ent_51d7657ca696
ENT_004360,ent_ba54698fad36
ENT_004361,ent_1c7ac59dabc7
ENT_004362,ent_f1c5e09aa8db
ENT_004363,ent_23e0e09f3849
ENT_004364,ent_69643ca6b6ec
ENT_004365,ent_f968bf0f0879
ENT_004366,ent_d06a5fe04b75
ENT_004367,ent_85a3be2acf57
ENT_004368,ent_2acb376d54fd
ENT_004369,ent_9cfd3c00cfee
ENT_004370,ent_8af4a6a95a97
ENT_004371,ent_abfb83df3385
ENT_004372,ent_76f136f01148
ENT_004373,ent_6705ff95d4f2
ENT_004374,ent_7cb900bbba74
ENT_004375,ent_ab8e1e3ea505
ENT_004376,ent_9c835007825a
ENT_004377,ent_7d13389db2f3
ENT_004378,ent_c89f4a05f7a9
ENT_004379,ent_d1ae3f750252
ENT_004380,ent_6535d5bda961
ENT_004381,ent_0f65fae95011
ENT_004382,ent_9a2ec65a55cb
ENT_004383,ent_d3f04f790cad
ENT_004384,ent_7b3e58b257e0
ENT_004385,ent_8b361ef024f6
ENT_004386,ent_d2d43c631b22
ENT_004387,ent_5a52a228685c
ENT_004388,ent_f4bf5de2ec29
ENT_004389,ent_53f9a597ecee
ENT_004390,ent_6614159083f9
ENT_004391,ent_86b16fbc6a27
ENT_004392,ent_a0831cab89e3
ENT_004393,ent_39c1cac68b2a
ENT_004394,ent_2522ab6e90fc
ENT_004395,ent_e8cee6e6b600
ENT_004396,ent_02c52a731f03
ENT_004397,ent_e50d46836a9e
ENT_004398,ent_1e5baed1e521
ENT_004399,ent_b2d9eab2dd97
ENT_004400,ent_9b4ddb5479ab
ENT_004401,ent_fd1c48c50da8
ENT_004402,ent_619c9581000c
ENT_004403,ent_116d58194ba9
ENT_004404,ent_0271c23420f6
ENT_004405,ent_0b57e814efc0
ENT_004406,ent_15e8ae88058c
ENT_004407,ent_3a8696f8c749
ENT_004408,ent_87c27d91a25f
ENT_004409,ent_1a8679f8d5d4
ENT_004410,ent_0d89fa874497
ENT_004411,ent_9b066e5e5823
ENT_004412,ent_90fd13068877
ENT_004413,ent_d226ef15b80a
ENT_004414,ent_f13b23ca4af4
ENT_004415,ent_91a104c9078e
ENT_004416,ent_8dc4b93cc4d9
ENT_004417,ent_b64a6f0faf02
ENT_004418,ent_b4d10439f17e
ENT_004419,ent_974b96b58878
ENT_004420,ent_009c022e0364
ENT_004421,ent_14ca2c48ce35
ENT_004422,ent_1729d04bc7f8
ENT_004423,ent_44b2cfbd531f
ENT_004424,ent_71249f9ad119
ENT_004425,ent_0633f6c93c18
ENT_004426,ent_ff979c249d9f
ENT_004427,ent_362a9fcea933
ENT_004428,ent_7ff5a28bbf41
ENT_004429,ent_07d33043ebb7
ENT_004430,ent_fed693c13929
ENT_004431,ent_2173bb17c9bd
ENT_004432,ent_070c4f7da893
ENT_004433,ent_c8b408b6e76e
ENT_004434,ent_aa75d2423405
ENT_004435,ent_b9466da1d262
ENT_004436,ent_c9256e93b728
ENT_004437,ent_2a76446e62f2
ENT_004438,ent_e33e3cc40d5a
ENT_004439,ent_59e053561f95
ENT_004440,ent_d4878462cf23
ENT_004441,ent_c08bc5712696
ENT_004442,ent_870efad39199
ENT_004444,ent_33cefdcd17a7
ENT_004445,ent_2c6d751cea2a
ENT_004446,ent_72572651290c
ENT_004447,ent_df2d2d44dda0
ENT_004448,ent_8f6e5a785bbb
ENT_004449,ent_38024b8c91da
ENT_004450,ent_af9f19183d40
ENT_004451,ent_8659746e32f8
ENT_004452,ent_0556bd055da7
ENT_004453,ent_5450fce41eac
ENT_004454,ent_0ea23f194b08
ENT_004455,ent_304340ae4129
ENT_004456,ent_b82d7322ecfd
ENT_004457,ent_91de377566b5
ENT_004458,ent_997572dce9bf
ENT_004459,ent_cf6d9e084536
ENT_004460,ent_37ff900e34c4
ENT_004461,ent_fb078bb27165
ENT_004462,ent_860203a76ae4
ENT_004463,ent_fda6d51aca3f
ENT_004464,ent_fd337d0d5828
ENT_004465,ent_6d1284ad77d7
ENT_004466,ent_182a89da0142
ENT_004467,ent_e148ca0687f4
ENT_004468,ent_a1ea7f9f5602
ENT_004469,ent_84cbe5bb0062
ENT_004470,ent_0e50e6b2752c
ENT_004471,ent_4f67f37eea8d
ENT_004472,ent_0f4370a3dbe7
ENT_004473,ent_1b3d4e76e168
ENT_004474,ent_cf8f9bd719ae
ENT_004475,ent_953f7fe77ce7
ENT_004476,ent_b0e4ebb26ea7
ENT_004477,ent_113c98e4b4de
ENT_004478,ent_3bf5fa58433e
ENT_004479,ent_78f6524030b0
ENT_004480,ent_62dae0026cd2
ENT_004481,ent_2690856df9d0
ENT_004482,ent_18ff37de4d2d
ENT_004483,ent_12d36125c9ff
ENT_004484,ent_41d736616ee0
ENT_004485,ent_7065503e74e8
ENT_004486,ent_86929bd06214
ENT_004487,ent_0a2d59a86824
ENT_004488,ent_0ad4017ca7ff
ENT_004489,ent_f0abcfebe682
ENT_004490,ent_6b0159db568b
ENT_004491,ent_90cb0b0450c1
ENT_004492,ent_adc08d55737b
ENT_004493,ent_18d185a9e6c1
ENT_004494,ent_56eb81dcf997
ENT_004495,ent_e10a67d8948d
ENT_004496,ent_3a87fabb688d
ENT_004497,ent_a958a9967ebd
ENT_004498,ent_48f249aa6f89
ENT_004499,ent_3ea10ff9afb4
ENT_004500,ent_03b54ea077e5
ENT_004501,ent_d816d44f1ea8
ENT_004502,ent_e47803ce7217
ENT_004503,ent_c094b037b1e1
ENT_004504,ent_a97f4b2cfb73
ENT_004505,ent_8099b087b376
ENT_004506,ent_f0480bbb3752
ENT_004507,ent_8f73a9d36d56
ENT_004508,ent_f0e76d86a8f2
ENT_004509,ent_f26159b020ce
ENT_004510,ent_6933ed7976d5
ENT_004512,ent_28f5c90585a8
ENT_004513,ent_416d9fed9b53
ENT_004514,ent_8a797fc2a1a2
ENT_004515,ent_91b22adb21fd
ENT_004516,ent_671d450580e4
ENT_004517,ent_c0efddc7d393
ENT_004518,ent_f3fa49c99370
ENT_004519,ent_ea9a26e4552b
ENT_004520,ent_b09bdfe0e6e4
ENT_004521,ent_444022baf864
ENT_004522,ent_5f2b62f9fc9b
ENT_004523,ent_9eea6a5c7998
ENT_004524,ent_eced08960b3b
ENT_004525,ent_b5127e445568
ENT_004526,ent_99dc4ab26e22
ENT_004527,ent_325c93238c3f
ENT_004528,ent_c8c9299b5e43
ENT_004529,ent_f5e06345e494
ENT_004530,ent_8934cf4d7485
ENT_004531,ent_1d9c29ead7df
ENT_004532,ent_227f59fc1334
ENT_004533,ent_2e0419a12ee2
ENT_004534,ent_553c57120527
ENT_004535,ent_1101b6181451
ENT_004536,ent_8d6dc37140e9
ENT_004537,ent_640a02e96874
ENT_004538,ent_ca1175c6b585
ENT_004539,ent_464d3a7378fe
ENT_004540,ent_6475d71f00be
ENT_004541,ent_4f84de5d4922
ENT_004542,ent_a7550e7149c5
ENT_004543,ent_88d7722cdd9f
ENT_004544,ent_55e4f82bdc44
ENT_004545,ent_32e94b668b91
ENT_004546,ent_c5933927eee0
ENT_004547,ent_63c30307de60
ENT_004548,ent_63e298d2dc09
ENT_004549,ent_98526b272a84
ENT_004550,ent_9ffa0232f631
ENT_004551,ent_df1960259e1c
ENT_004552,ent_62cf8ccca072
ENT_004553,ent_78a8e32e2b48
ENT_004554,ent_49c9543a81eb
ENT_004555,ent_e9c347e40028
ENT_004556,ent_498325e4f13a
ENT_004557,ent_486260504cf7
ENT_004558,ent_6a274b8f68ff
ENT_004559,ent_3d760ca3cddb
ENT_004560,ent_8e2765068ba3
ENT_004561,ent_af495cbe4831
ENT_004562,ent_d342350d70af
ENT_004563,ent_581072bb8d2d
ENT_004564,ent_f06479b11d63
ENT_004565,ent_9b46b8d9e372
ENT_004566,ent_d6d9bcbaff4c
ENT_004567,ent_ea4338a26c9c
ENT_004568,ent_d09a4656eefe
ENT_004569,ent_a347bf787b25
ENT_004570,ent_dd2d3e6d7e74
ENT_004571,ent_71c0b16ed138
ENT_004572,ent_85c7b5905680
ENT_004573,ent_ea6e471327cf
ENT_004574,ent_59f93352251c
ENT_004575,ent_97d15bf319e8
ENT_004576,ent_6e66786537ed
ENT_004577,ent_c5d5fa1b983d
ENT_004578,ent_7f6edf68007e
ENT_004579,ent_f450560eba70
ENT_004580,ent_cfa9d9edf4f4
ENT_004581,ent_0605a5e74d71
ENT_004582,ent_48bea3ba7c68
ENT_004583,ent_609de7446d74
ENT_004584,ent_bc4c77dd2154
ENT_004585,ent_b78790693442
ENT_004586,ent_80866bd078f7
ENT_004587,ent_098d0e90b60a
ENT_004588,ent_813aa4ab25b9
ENT_004589,ent_f1c746046e09
ENT_004590,ent_2569eb99a8a2
ENT_004595,ent_cf46c361934d
ENT_004596,ent_a8d5ca040aeb
ENT_004597,ent_9b8c592f1adb
ENT_004598,ent_a34d506e5f20
ENT_004602,ent_4dfbbb82ac1b
ENT_004604,ent_b288ab629b0b
ENT_004605,ent_695273fc0488
ENT_004606,ent_d7e6171f3fe1
ENT_004608,ent_a7473a51c010
ENT_004610,ent_38f4c0739d8c
ENT_004611,ent_0c6cbb7c3e8f
ENT_004612,ent_bf23725bf214
ENT_004613,ent_aedb27bd8c71
ENT_004615,ent_a4c649e05300
ENT_004620,ent_61531828d78c
ENT_004622,ent_f1623a72d48b
ENT_004624,ent_15efeb2f9c26
ENT_004626,ent_48ccb903e453
ENT_004627,ent_b8960c26336b
ENT_004628,ent_2d036e6a1440
ENT_004630,ent_ca99cc11b6cd
ENT_004631,ent_bc1cc60195cb
ENT_004632,ent_147dd1fd00b7
ENT_004633,ent_f7bcaca1c921
ENT_004634,ent_f19ea609818f
ENT_004635,ent_0575fb0e9fd0
ENT_004636,ent_e00104c500ac
ENT_004637,ent_8aa435803218
ENT_004638,ent_dce4b1cf0676
ENT_004639,ent_3b09268fed49
ENT_004640,ent_bdd9f1f7b9c1
ENT_004641,ent_4825ae9e58e7
ENT_004643,ent_ae4fe9f76a3a
ENT_004644,ent_da4a4125e191
ENT_004646,ent_964e7930687a
ENT_004648,ent_73eb85b5415e
ENT_004649,ent_0f4b7e71e78f
ENT_004651,ent_528621656e8b
ENT_004652,ent_6986bae37075
ENT_004653,ent_08a143e465ff
ENT_004654,ent_eed66ac4f3dd
ENT_004655,ent_1a75d1b7272e
ENT_004656,ent_04b077a8a6c7
ENT_004657,ent_71979f85968b
ENT_004659,ent_e875ed4c8a54
ENT_004660,ent_3a8bbdade131
ENT_004661,ent_d151967ee50f
ENT_004662,ent_a05579a29afc
ENT_004663,ent_94b76ea43b3d
ENT_004664,ent_90b6ebc9d9ad
ENT_004665,ent_fd7e2d25315a
ENT_004666,ent_0a50c9fdf82c
ENT_004667,ent_061502b0020f
ENT_004669,ent_b8d5a446cb63
ENT_004671,ent_249bda245e30
ENT_004672,ent_d77c80903059
ENT_004673,ent_0524e07870e7
ENT_004674,ent_b486fb50ea83
ENT_004676,ent_c486b1dcf7c3
ENT_004677,ent_27b22b378cff
ENT_004680,ent_027d0e100e0a
ENT_004681,ent_27e43189d498
ENT_004682,ent_8b3d36490fce
ENT_004684,ent_e8e2800ccc42
ENT_004685,ent_3f6ed67c7296
ENT_004686,ent_635f7c0727a5
ENT_004687,ent_8b9ba1231a05
ENT_004689,ent_90610e395081
ENT_004690,ent_6f45631009c7
ENT_004691,ent_0cf7cab22bed
ENT_004695,ent_73b35cfd631a
ENT_004696,ent_0520388f2d6b
ENT_004697,ent_692550f4be4f
ENT_004698,ent_00d2986ad35e
ENT_004699,ent_3069e44d895b
ENT_004701,ent_b63133b45255
ENT_004703,ent_7f2173b6eb7d
ENT_004704,ent_523316750fd4
ENT_004705,ent_c76109a015d5
ENT_004706,ent_01dccde0eb64
ENT_004709,ent_5dad52374978
ENT_004711,ent_d5b93d930b3b
ENT_004712,ent_a42e5e012fa4
ENT_004714,ent_fbae646972f2
ENT_004716,ent_0ca319b5c3fa
ENT_004718,ent_4a43f349f3de
ENT_004719,ent_4a2ef8a8e8c5
ENT_004720,ent_9b04afcafb4e
ENT_004722,ent_612ef5a229fd
ENT_004723,ent_41dbc697a6f7
ENT_004725,ent_ad7d5140d308
ENT_004726,ent_2561dd9d46a3
ENT_004728,ent_202a9064f207
ENT_004730,ent_a767746029c2
ENT_004731,ent_5cd4b60b948f
ENT_004733,ent_37673e1464e9
ENT_004734,ent_94825d12023d
ENT_004735,ent_7ee967d36f7d
ENT_004736,ent_42fdc2489154
ENT_004737,ent_0c38ccd49053
ENT_004740,ent_d82cb96c0c73
ENT_004741,ent_14b2b7df2ac7
ENT_004744,ent_f9d14ddfeb8e
ENT_004746,ent_d1986cc739f4
ENT_004750,ent_79401385325a
ENT_004751,ent_f37fb0f0f006
ENT_004752,ent_4514a44108d4
ENT_004753,ent_c9f4fc35e346
ENT_004754,ent_c85486c7a17a
ENT_004756,ent_c06d7748a24a
ENT_004758,ent_f1215d6caa58
ENT_004759,ent_bb76d15bf93d
ENT_004760,ent_8e392351ca49
ENT_004761,ent_c8c858fe1d49
ENT_004762,ent_33cacdac9ed2
ENT_004765,ent_5bb080e5af1b
ENT_004766,ent_95ed83b11fcc
ENT_004769,ent_72453d728871
ENT_004770,ent_4b1bac8461fb
ENT_004771,ent_6b403af1dd46
ENT_004772,ent_963809b40c80
ENT_004773,ent_374ef2befe96
ENT_004775,ent_372e19fe1102
ENT_004776,ent_ef717ebbead6
ENT_004777,ent_aba0a4590061
ENT_004778,ent_d2b5970fcae6
ENT_004779,ent_b5a9fca4b82a
ENT_004780,ent_c55299941c58
ENT_004781,ent_166685f375a4
ENT_004784,ent_8d87b40741ea
ENT_004785,ent_3ba1196da16e
ENT_004786,ent_1cc81c0219b4
ENT_004788,ent_ce78dd0050af
ENT_004789,ent_cb349cd60ddf
ENT_004791,ent_6deb63787f22
ENT_004793,ent_58b7cc0981b6
ENT_004794,ent_72e1d8f4c777
ENT_004795,ent_d145878642da
ENT_004796,ent_be9688e56132
ENT_004797,ent_5eb692cda78d
ENT_004799,ent_82c649981f2a
ENT_004800,ent_783921f3fb9f
ENT_004801,ent_9808987d98e2
ENT_004803,ent_fa117df6e367
ENT_004804,ent_44c4b3de5f85
ENT_004805,ent_beb39dc67290
ENT_004807,ent_491e0e427e4a
ENT_004808,ent_1583864dc8bb
ENT_004809,ent_ccfb10cbe2ba
ENT_004810,ent_1bdeb4ca9333
ENT_004811,ent_b83c5c027e68
ENT_004812,ent_7e7133a2037e
ENT_004813,ent_d6018edae2e9
ENT_004814,ent_51e380cab831
ENT_004815,ent_9060e9e6b8e8
ENT_004816,ent_6a832aa050ab
ENT_004817,ent_02bd4fd1d0a2
ENT_004819,ent_0164cf4da619
ENT_004820,ent_af86ead3af0a
ENT_004821,ent_bd68ae54ea00
ENT_004822,ent_b07938994dba
ENT_004823,ent_66e20b67d2da
ENT_004824,ent_a421e1ccb950
ENT_004825,ent_d3c6f3dbd671
ENT_004826,ent_8e7c61b5e586
ENT_004827,ent_7098cce9bfa9
ENT_004828,ent_c939a3b8ad09
ENT_004829,ent_e203367f98d4
ENT_004831,ent_5ecca32dc4d7
ENT_004832,ent_c72bd6a0957f
ENT_004833,ent_922fc53d14f4
ENT_004834,ent_7b1b5322f386
ENT_004835,ent_03c4ef47d9df
ENT_004836,ent_196bdbd988af
ENT_004837,ent_34ff88c5f52c
ENT_004838,ent_a0277c16bbd2
ENT_004839,ent_9aeac300da88
ENT_004840,ent_bf434fbc9850
ENT_004841,ent_6ef4d69511cd
ENT_004842,ent_e561ed840954
ENT_004843,ent_5168390480d8
ENT_004844,ent_1f317e6dfe4f
ENT_004845,ent_ce575c72ea7a
ENT_004846,ent_b25bc1600cb3
ENT_004847,ent_5373815c5109
ENT_004848,ent_45c396219ae9
ENT_004849,ent_ae77b1ed194b
ENT_004850,ent_5945a63e15b0
ENT_004851,ent_81aa8eb05134
ENT_004852,ent_cc276c217d87
ENT_004853,ent_a3dcee827962
ENT_004854,ent_d581799059ad
ENT_004855,ent_848e5b309fa7
ENT_004856,ent_c43456945ed6
ENT_004857,ent_d0690008c5d2
ENT_004858,ent_2c0ba5c2bd60
ENT_004859,ent_8c837a415ee7
ENT_004860,ent_9a0407d353f4
ENT_004862,ent_1a7a50cae710
ENT_004863,ent_b3816506f54a
ENT_004864,ent_e7d6d7bea40c
ENT_004865,ent_43988cd202d4
ENT_004866,ent_6040a4669200
ENT_004867,ent_58060e07d92e
ENT_004868,ent_ccefa7e18587
ENT_004869,ent_4f62bfe00b84
ENT_004870,ent_81a8aacb913d
ENT_004871,ent_68ddbe4959f0
ENT_004872,ent_c2257ae26ecc
ENT_004873,ent_baeb4ad0680d
ENT_004874,ent_624384e7323e
ENT_004875,ent_4d40b3d8adf5
ENT_004876,ent_fea4c69b3234
ENT_004877,ent_c84938e4a5e5
ENT_004878,ent_1b5118e1f269
ENT_004881,ent_e372353855ee
ENT_004882,ent_1ffee3b416fc
ENT_004883,ent_300dd2515d06
ENT_004884,ent_152aeb987b76
ENT_004885,ent_683782ef77b5
ENT_004886,ent_18bf47b73c2c
ENT_004887,ent_c8330e659508
ENT_004888,ent_0f01b891dafd
ENT_004889,ent_f22c35f1826d
ENT_004891,ent_cde7f12262f2
ENT_004892,ent_586158d51511
ENT_004894,ent_9bd21cbcf707
ENT_004895,ent_6fb9c7a8d594
ENT_004896,ent_d320ec915e2a
ENT_004897,ent_c0d3e1573726
ENT_004898,ent_da74e6faf91e
ENT_004899,ent_622222317af8
ENT_004900,ent_0583f00def58
ENT_004901,ent_6b562e523288
ENT_004902,ent_f3eeef08d0b3
ENT_004903,ent_0e0d49606854
ENT_004904,ent_2fe2b79a24f0
ENT_004905,ent_b04f9e2c7b79
ENT_004906,ent_b928f863244b
ENT_004907,ent_cb34b01eb1d5
ENT_004909,ent_ff7914974780
ENT_004910,ent_e47cf4661c49
ENT_004911,ent_55df1c590517
ENT_004912,ent_87e8c828c64d
ENT_004913,ent_e10c45bff342
ENT_004914,ent_ef33979e8c9a
ENT_004915,ent_41bd8e9998af
ENT_004916,ent_6da6cea34392
ENT_004917,ent_8959f361d315
ENT_004918,ent_d39adb798a08
ENT_004919,ent_00af11948276
ENT_004922,ent_292eeabed09b
ENT_004924,ent_9148617e433e
ENT_004925,ent_877a7b7e7aaf
ENT_004926,ent_6412a2b1094b
ENT_004927,ent_8f33712b1403
ENT_004928,ent_0eab7613b0ff
ENT_004929,ent_e1e67a531d11
ENT_004933,ent_e9e7fd88245d
ENT_004935,ent_92d2b1e3010c
ENT_004936,ent_4e6fcde63ca0
ENT_004938,ent_ed9f8f8c844c
ENT_004939,ent_5f9c69636bd8
ENT_004945,ent_220cfe9ec48b
ENT_004947,ent_9f960932b8c6
ENT_004949,ent_26213bc9ec03
ENT_004951,ent_a1ec4489ba11
ENT_004953,ent_a0b9bcd8ec54
ENT_004959,ent_1a72fe939177
ENT_004961,ent_a97375bc9c72
ENT_004962,ent_c3f356c4204a
ENT_004964,ent_5207f85afc64
ENT_004965,ent_78c4e82462e3
ENT_004968,ent_536f6ac88fa8
ENT_004971,ent_cbf29bf1e85d
ENT_004973,ent_5b8c6fc5816f
ENT_004974,ent_3eb7c8c5c8b4
ENT_004975,ent_a984fe9ec0b9
ENT_004976,ent_30a552c9de0a
ENT_004977,ent_e28b3fc3e428
ENT_004978,ent_9151d0de46e8
ENT_004979,ent_009c11827038
ENT_004980,ent_3b7b582c05a7
ENT_004981,ent_00775c2a41d5
ENT_004982,ent_c483ff7069ba
ENT_004984,ent_b0ce198877de
ENT_004986,ent_d9cbd499c8f4
ENT_004989,ent_b1c2625eedf8
ENT_004990,ent_fa6afcc2f73a
ENT_004991,ent_c8ada642b652
ENT_004994,ent_e39b070f6122
ENT_004995,ent_da5fc16068bd
ENT_004996,ent_da1fb534dd50
ENT_004997,ent_81ea73ddbe3a
ENT_004998,ent_50c27696d4a6
ENT_004999,ent_c778fb0c8103
ENT_005000,ent_2a1807d1e43f
ENT_005002,ent_587c160e083a
ENT_005003,ent_a1eeed6a11e0
ENT_005004,ent_be57d7383817
ENT_005005,ent_cc9b989e9d6b
ENT_005006,ent_ae5e868da6ee
ENT_005009,ent_e9a62257e897
ENT_005012,ent_bb8b868c240a
ENT_005013,ent_ce849979fc43
ENT_005014,ent_093c43e9d9c6
ENT_005015,ent_5d551bdda506
ENT_005016,ent_5e903c8a7284
ENT_005017,ent_c97b06adfeeb
ENT_005018,ent_f8a22a7a83f3
ENT_005019,ent_5e96c25391a8
ENT_005020,ent_783b8762d487
ENT_005021,ent_f9db74b95124
ENT_005022,ent_1cf480cc93c7
ENT_005023,ent_c96dbe305e63
ENT_005024,ent_355f2c1cd731
ENT_005025,ent_d0a02d7e96f8
ENT_005026,ent_ac7a6f750eb6
ENT_005027,ent_9fc125014f2b
ENT_005028,ent_fc4990b718dc
ENT_005029,ent_e969935b61e8
ENT_005030,ent_69ee3a1cd80e
ENT_005031,ent_209f060c2d55
ENT_005032,ent_124b84fc62e7
ENT_005033,ent_9ad24c9bb865
ENT_005034,ent_20b130bc37b7
ENT_005035,ent_edfabfddc2fc
ENT_005036,ent_615e356a8ef5
ENT_005037,ent_0d39c4cd3837
ENT_005038,ent_023623b8008b
ENT_005039,ent_9a7f4c69a2c6
ENT_005040,ent_a8e33b53fbfb
ENT_005041,ent_211f36dd8ef1
ENT_005043,ent_f9f997808bcf
ENT_005044,ent_9592cb3dfe83
ENT_005048,ent_cb5cdbb33160
ENT_005051,ent_f72c1e941e53
ENT_005052,ent_64802e19978d
ENT_005053,ent_56347969b2c6
ENT_005054,ent_167f7626ce05
ENT_005057,ent_c7b8d471e1f5
ENT_005060,ent_6e2749be9dde
ENT_005061,ent_785828005f7b
ENT_005064,ent_c2023606eeec
ENT_005065,ent_de567360f4aa
ENT_005066,ent_d8fa38436a4f
ENT_005067,ent_d66d26c6e579
ENT_005068,ent_ba455c9ec3fb
ENT_005070,ent_b1d74c0f9a0d
ENT_005072,ent_a1c42ff69971
ENT_005075,ent_f41f6c657e37
ENT_005076,ent_6258b4ee4c7d
ENT_005077,ent_1a51961a55b1
ENT_005078,ent_a60c1b11cd35
ENT_005079,ent_62fa27d932f4
ENT_005080,ent_e329e6b1b944
ENT_005083,ent_f6e4051f7069
ENT_005085,ent_9b2cef351a4a
ENT_005086,ent_608adea9abfc
ENT_005087,ent_37f50a080708
ENT_005090,ent_3b2644a74b52
ENT_005092,ent_dc5b317b9925
ENT_005094,ent_e7e3fcccc0a4
ENT_005095,ent_b3f7171448c1
ENT_005096,ent_774d6817933a
ENT_005097,ent_8ba4c5d7ed2b
ENT_005099,ent_0244056506f9
ENT_005101,ent_f15c4b738ed0
ENT_005102,ent_a1294340ae4f
ENT_005104,ent_125d173114e8
ENT_005107,ent_76cf57e8bfbe
ENT_005108,ent_d88e571c3b1b
ENT_005111,ent_19c3a6c20761
ENT_005112,ent_a599bc759dee
ENT_005114,ent_63a78eed1c7d
ENT_005116,ent_287ffdc6802e
ENT_005118,ent_3ba7fcbae8e8
ENT_005119,ent_60203ea6dd74
ENT_005120,ent_5fcf2f2caca0
ENT_005123,ent_84eab4c5bca4
ENT_005124,ent_5f854358ed42
ENT_005125,ent_5d1d21f586c1
ENT_005128,ent_1aba8641b0fe
ENT_005129,ent_a6c2280c89c5
ENT_005130,ent_6067a1a4354f
ENT_005133,ent_e5212bfb468c
ENT_005137,ent_bfe10e4d6ddb
ENT_005138,ent_b31c47f0d5ce
ENT_005139,ent_c4bf4c52ad7f
ENT_005141,ent_38913145f730
ENT_005143,ent_db619de51e5a
ENT_005145,ent_6ccea27fe259
ENT_005146,ent_36d8eae407db
ENT_005150,ent_a4f84f96a71e
ENT_005154,ent_300e36908780
ENT_005156,ent_ccb7d255acfe
ENT_005157,ent_39e375be5c45
ENT_005159,ent_31023c1ffcde
ENT_005160,ent_a6927dff82fc
ENT_005163,ent_91cede171797
ENT_005165,ent_6e0c3fb56af3
ENT_005167,ent_1dcc96fcace6
ENT_005168,ent_07695405f9df
ENT_005169,ent_8a4b558928fa
ENT_005171,ent_74a6a7b4a4b6
ENT_005172,ent_21e1853f9714
ENT_005173,ent_dbdef401b37d
ENT_005175,ent_a1bcfaaccd4b
ENT_005176,ent_36c5d9eb5062
ENT_005177,ent_f82845e6aa84
ENT_005178,ent_cab73aceaaef
ENT_005179,ent_f69eb8c2b449
ENT_005180,ent_b6bb0f1dd0f6
ENT_005181,ent_6856f20db04c
ENT_005182,ent_c8c52bb8558f
ENT_005183,ent_4981dbcfee6c
ENT_005184,ent_866c2d24c41a
ENT_005185,ent_2ebd26d25e25
ENT_005186,ent_d4f0b30e695b
ENT_005187,ent_ab56171d7024
ENT_005188,ent_289d2134dd70
ENT_005189,ent_c20ff2e268fb
ENT_005190,ent_1800844e9dd2
ENT_005191,ent_bab538c19baa
ENT_005192,ent_72a0e4af7638
ENT_005193,ent_b241c1c31ab5
ENT_005194,ent_a0716ad197f6
ENT_005195,ent_77572c397020
ENT_005196,ent_04e084005b05
ENT_005197,ent_974bf151d7d6
ENT_005198,ent_4bde1172222d
ENT_005199,ent_14aafd237e9f
ENT_005200,ent_4369bc9f692b
ENT_005201,ent_4385d0cfa6f5
ENT_005202,ent_be80af4dc952
ENT_005203,ent_9fb3ad9faa8a
ENT_005204,ent_310535acc41d
ENT_005206,ent_3efb1fc154e4
ENT_005207,ent_29033c9c697e
ENT_005209,ent_bd6658f344ef
ENT_005211,ent_8c39497f977b
ENT_005213,ent_2f4e35384ee6
ENT_005214,ent_75b547d448aa
ENT_005215,ent_99348171e16e
ENT_005216,ent_7feb7785b96f
ENT_005218,ent_5cc08a0e317b
ENT_005219,ent_850e93ebbc2c
ENT_005220,ent_b8114af347e1
ENT_005222,ent_ae3e22c32910
ENT_005223,ent_a83791c59fc8
ENT_005224,ent_8bdb91319a04
ENT_005225,ent_09c7e2b76dd6
ENT_005226,ent_da99561eb8d1
ENT_005228,ent_cda29e375763
ENT_005229,ent_9fc7e7dcfd23
ENT_005230,ent_bc39426df268
ENT_005231,ent_d2ceb45ad44e
ENT_005232,ent_47070704faa9
ENT_005235,ent_0ecde38d74bd
ENT_005236,ent_48fca0374976
ENT_005238,ent_d473dbf642ce
ENT_005239,ent_b41eee19680b
ENT_005240,ent_a1b922c58dea
ENT_005241,ent_3ca3aa27a32c
ENT_005243,ent_4cabfc427f71
ENT_005247,ent_c8638014164f
ENT_005248,ent_967d0144c6bc
ENT_005249,ent_1ecd4de5e7a0
ENT_005250,ent_086a16912bb8
ENT_005251,ent_c547d5674be9
ENT_005252,ent_fefb82f4ca0d
ENT_005253,ent_ff5096990b0f
ENT_005254,ent_54fefc468514
ENT_005255,ent_d0ad56cbf7a7
ENT_005256,ent_6177a465287a
ENT_005257,ent_f74615038936
ENT_005258,ent_5d71f45903fa
ENT_005259,ent_6b00a2055155
ENT_005261,ent_db3735802a6b
ENT_005263,ent_0375a6822d0f
ENT_005264,ent_5d67f0598c35
ENT_005265,ent_2ef639f3c2df
ENT_005267,ent_b0d475303cd5
ENT_005268,ent_3b8e8b8a3f95
ENT_005269,ent_89051c852332
ENT_005270,ent_391794fb3ea4
ENT_005271,ent_1cd427656c47
ENT_005272,ent_0d086564f487
ENT_005273,ent_1a0d31cfe390
ENT_005275,ent_3da6aac13b75
ENT_005276,ent_3e11e36f1eda
ENT_005277,ent_c21cd24483ad
ENT_005279,ent_2f328a710efc
ENT_005280,ent_22a21aa4550b
ENT_005281,ent_0367c3e9d582
ENT_005282,ent_bd8141c1d2e8
ENT_005284,ent_5325b9a6c4c1
ENT_005285,ent_b51c68bee3d6
ENT_005286,ent_d4f2e828b059
ENT_005287,ent_4e293572ba83
ENT_005291,ent_9c1940edc4d3
ENT_005293,ent_ffabaa12f5d8
ENT_005295,ent_844d2584b54d
ENT_005296,ent_711f2aeb5907
ENT_005297,ent_cc073b45fde7
ENT_005299,ent_ca7e908747f8
ENT_005300,ent_103723200be7
ENT_005301,ent_c8313760523c
ENT_005302,ent_18fd1c0727d2
ENT_005303,ent_e51204c3a553
ENT_005304,ent_afa7e8e07e7f
ENT_005305,ent_22f435a84ff4
ENT_005306,ent_c5b010041fea
ENT_005307,ent_a4845796d177
ENT_005308,ent_f20b3f1de777
ENT_005310,ent_5434843693f7
ENT_005312,ent_725979726f84
ENT_005313,ent_dbadb80641ee
ENT_005314,ent_fff8bcc28647
ENT_005316,ent_d52c7973c3fd
ENT_005317,ent_09a7854d3210
ENT_005319,ent_0c97ab6b9d6c
ENT_005320,ent_d9e3abba22fc
ENT_005321,ent_0e139440060d
ENT_005322,ent_27b546e23441
ENT_005323,ent_c2687604d8b7
ENT_005326,ent_dfabd3dce565
ENT_005327,ent_72375416943b
ENT_005329,ent_cac0227ee116
ENT_005331,ent_b1f47e10f5e3
ENT_005332,ent_7a17f0e2c954
ENT_005333,ent_8a16671fc7ac
ENT_005334,ent_cef5c899f7d8
ENT_005335,ent_6a8cff464b2b
ENT_005336,ent_717bf6f87466
ENT_005340,ent_980878155421
ENT_005341,ent_93de26c91877
ENT_005342,ent_041a756c5c9c
ENT_005343,ent_ce0cfc1e1d6a
ENT_005344,ent_dfeef66d08d6
ENT_005345,ent_4537e27a25f1
ENT_005346,ent_b3c7b2b43bed
ENT_005347,ent_aee24efc32c9
ENT_005348,ent_911796337312
ENT_005349,ent_cb70f0d4b738
ENT_005351,ent_e4b0b7d75811
ENT_005352,ent_ab4d5bd5b171
ENT_005353,ent_f6c2d9a3cada
ENT_005354,ent_20a730996f08
ENT_005355,ent_63113d4a501f
ENT_005357,ent_7aa52015ca02
ENT_005358,ent_d602793ea493
ENT_005359,ent_b15387fa1fe4
ENT_005360,ent_557f2bacdce3
ENT_005361,ent_05dc09233a83
ENT_005362,ent_6be5b003a63a
ENT_005363,ent_3cb927fdef37
ENT_005364,ent_25401bbd0522
ENT_005365,ent_ad7bbd333104
ENT_005366,ent_c16d927e9410
ENT_005367,ent_ca3736b7ca7e
ENT_005368,ent_16d5b9c414fb
ENT_005369,ent_569306dd2f96
ENT_005371,ent_429f1e8f6158
ENT_005372,ent_dfc90899ff52
ENT_005373,ent_4562dbdcaac8
ENT_005374,ent_2180dfd4abcb
ENT_005376,ent_8c8c584028af
ENT_005377,ent_f1cad979a5ce
ENT_005378,ent_79116f6425f3
ENT_005379,ent_d05a40cb0e1d
ENT_005380,ent_d9662a12a9cb
ENT_005381,ent_6933bdbec10e
ENT_005383,ent_be96e8d2d497
ENT_005384,ent_7ed4d9f5953c
ENT_005385,ent_8a0c36ab5062
ENT_005386,ent_0b7e3be47b7e
ENT_005387,ent_f0924af73e04
ENT_005388,ent_81bf3ddd48c8
ENT_005389,ent_b35673652320
ENT_005390,ent_7ccc80c42d5f
ENT_005391,ent_be9014d4c580
ENT_005392,ent_279083e97f9b
ENT_005393,ent_f1c8829973bc
ENT_005394,ent_298576a237b4
ENT_005395,ent_8f6b8ffeee54
ENT_005396,ent_56e9c6ac49ea
ENT_005397,ent_e571c9a7c76a
ENT_005398,ent_5e62513987dc
ENT_005399,ent_ef60532d3286
ENT_005400,ent_b0f13516bc95
ENT_005401,ent_a277910bfd3e
ENT_005402,ent_6b0c01712d60
ENT_005403,ent_37ce44ae6fc1
ENT_005404,ent_a66d946aefb2
ENT_005405,ent_2af92a437507
ENT_005406,ent_852d61b4d742
ENT_005407,ent_46eb1bdffa76
ENT_005408,ent_f69deeb9736a
ENT_005409,ent_f6253f71c19b
ENT_005410,ent_04bb4d14d424
ENT_005411,ent_0a3b55adec72
ENT_005412,ent_22c7f2663b1d
ENT_005413,ent_e0cc345c9a0c
ENT_005414,ent_8e6c98f4e0f6
ENT_005415,ent_2aaeadfd0c2e
ENT_005416,ent_b93be6f7ecdc
ENT_005417,ent_4003189895a2
ENT_005418,ent_1f91e1f17fb5
ENT_005419,ent_c37514042958
ENT_005420,ent_6ad9bb132460
ENT_005421,ent_acfd1e1a68f5
ENT_005422,ent_300072876431
ENT_005423,ent_d0dd73221a63
ENT_005425,ent_06699f04bcb7
ENT_005426,ent_991cc789e966
ENT_005428,ent_df2214229906
ENT_005429,ent_dbb3ff985c67
ENT_005430,ent_591426947349
ENT_005431,ent_1660310769d0
ENT_005433,ent_7ed43a3c34aa
ENT_005434,ent_1f8813e1059d
ENT_005435,ent_076b6dc6d69b
ENT_005436,ent_53f02d21c836
ENT_005437,ent_8836a29b2617
ENT_005438,ent_f1d019ccaa82
ENT_005439,ent_9c3b043407de
ENT_005440,ent_6013c2b21eb8
ENT_005441,ent_c0eaeb0cfce9
ENT_005442,ent_a00cee58a648
ENT_005443,ent_cf743de38fa2
ENT_005444,ent_c188a34e1ca3
ENT_005445,ent_9324d765b0fc
ENT_005446,ent_fee94c34e7fd
ENT_005447,ent_b8887af74d27
ENT_005448,ent_0e999a53230e
ENT_005449,ent_abece91d7aea
ENT_005450,ent_4d4d88a8747d
ENT_005451,ent_f058d9ecc11c
ENT_005452,ent_d4b482eeb60e
ENT_005453,ent_19c5903285b1
ENT_005454,ent_f468d80f0400
ENT_005455,ent_c7c7324c85ce
ENT_005456,ent_c088e01f5a8f
ENT_005457,ent_e37b57fdbc8f
ENT_005458,ent_37a10ba89123
ENT_005459,ent_fb47f6e2030a
ENT_005460,ent_ce788a8a3a8d
ENT_005461,ent_c5c21003eae0
ENT_005462,ent_77334342f794
ENT_005463,ent_8b14171c707c
ENT_005464,ent_a33239f1bf4f
ENT_005465,ent_8028bb685fdb
ENT_005466,ent_86fba391a3e3
ENT_005467,ent_9a25bc5bfd7a
ENT_005468,ent_976901643e82
ENT_005469,ent_9c624d2c7a8a
ENT_005470,ent_6836e563e916
ENT_005472,ent_6ffe53ea6ec8
ENT_005473,ent_86f687fe7ca3
ENT_005474,ent_83ec3c5669ae
ENT_005476,ent_361181341f21
ENT_005478,ent_ef9a1b1a1a3b
ENT_005479,ent_f994c8feb5a2
ENT_005481,ent_75988ff6b781
ENT_005482,ent_db3ee057263e
ENT_005483,ent_0f0e5a6448ef
ENT_005484,ent_0885adf78083
ENT_005485,ent_2c6808590eaf
ENT_005486,ent_4a29e01abf2f
ENT_005487,ent_cd55d948f6f7
ENT_005488,ent_f5e7c0ce1d1d
ENT_005489,ent_f3fab9bcf787
ENT_005492,ent_ed525edfe1e0
ENT_005493,ent_ec1f03b9e3d7
ENT_005495,ent_31b76d004583
ENT_005496,ent_f5eb0d66bcd7
ENT_005497,ent_2cfadcb3afb6
ENT_005498,ent_e7e61457d2c8
ENT_005499,ent_ab9cb6c20094
ENT_005500,ent_a8d87b9d9789
ENT_005501,ent_2877eb8df190
ENT_005503,ent_d8092f16dfbb
ENT_005506,ent_4c8e714fd0e6
ENT_005508,ent_55e1a95af03d
ENT_005509,ent_5bda6f045720
ENT_005510,ent_46b463113aa1
ENT_005511,ent_50cc9695c75a
ENT_005512,ent_7c25e083478b
ENT_005513,ent_d03e82728df3
ENT_005514,ent_bef8c9aaf541
ENT_005515,ent_c725d70319d9
ENT_005516,ent_2c09552df4cf
ENT_005517,ent_845d363c306d
ENT_005518,ent_0cab477eb5bd
ENT_005519,ent_dcaa1c0a0a45
ENT_005520,ent_50e32c5af19c
ENT_005521,ent_f3dd08af0b2a
ENT_005522,ent_027bc6de7ea0
ENT_005523,ent_f23c8b680080
ENT_005524,ent_1b5de8c2e27e
ENT_005525,ent_7b8f18b203ab
ENT_005528,ent_ce2ef1642d23
ENT_005529,ent_4cfe64d5406e
ENT_005532,ent_06f6af3b8ec0
ENT_005533,ent_d1dfb990642a
ENT_005537,ent_e1bc0f8d6a4b
ENT_005538,ent_39fddac9081e
ENT_005539,ent_9607c21ab720
ENT_005540,ent_4a53a28270d0
ENT_005541,ent_34a1b2e5a456
ENT_005542,ent_21bc5842a3ff
ENT_005543,ent_befdb932fdc1
ENT_005544,ent_932746d009f5
ENT_005545,ent_b7fa9a7838ef
ENT_005546,ent_47655f230974
ENT_005547,ent_7c6ae1e67123
ENT_005548,ent_8db74899c2d0
ENT_005549,ent_4aa9baa0e1ea
ENT_005550,ent_132578b19c32
ENT_005551,ent_2728fdb6bcff
ENT_005552,ent_949366831245
ENT_005554,ent_52af9378a61f
ENT_005555,ent_33eb3dcdd736
ENT_005556,ent_808380356f52
ENT_005557,ent_38fa591e5c89
ENT_005558,ent_842f81269077
ENT_005559,ent_d0ed04e835c7
ENT_005560,ent_4a0910bbc37c
ENT_005561,ent_60d0d954d45f
ENT_005562,ent_9212182964b3
ENT_005563,ent_b6ee30a7e797
ENT_005564,ent_fbafdea33ae3
ENT_005565,ent_7dc4aad6328b
ENT_005566,ent_76ef5ccce15b
ENT_005567,ent_0701e2ea1086
ENT_005568,ent_b93327be732c
ENT_005569,ent_4c45050c2d79
ENT_005570,ent_2aeb233839c5
ENT_005571,ent_7f93eeb38496
ENT_005572,ent_46b224db1cd0
ENT_005573,ent_faee81c38d0a
ENT_005574,ent_8addb4ea2793
ENT_005575,ent_2232ce46cdfc
ENT_005576,ent_bae5755db69c
ENT_005577,ent_08fa25d908bc
ENT_005578,ent_ea8d8b276062
ENT_005579,ent_b5f2e5cc64ea
ENT_005580,ent_6fb9051d21ac
ENT_005581,ent_d2718b1b3db8
ENT_005582,ent_422aba99a6f8
ENT_005586,ent_fa0be0486f3e
ENT_005587,ent_c7c00856aa76
ENT_005588,ent_9e7769846e59
ENT_005589,ent_2eb837da65de
ENT_005590,ent_e6805d8d7f93
ENT_005591,ent_7a6f6c41ec4c
ENT_005593,ent_ce3aeb61ada6
ENT_005595,ent_ec46e506ce4a
ENT_005596,ent_afc9d8a29953
ENT_005599,ent_6bc38870df1b
ENT_005601,ent_4c6e2ef5b409
ENT_005602,ent_a5b1e44de899
ENT_005603,ent_23cc1557ed5d
ENT_005604,ent_6b2a9c45cde5
ENT_005605,ent_a11f37d88233
ENT_005606,ent_592da70034cc
ENT_005607,ent_f80163d43924
ENT_005608,ent_f3b40a940057
ENT_005609,ent_4ec606cc5c48
ENT_005610,ent_d16e0078f0ed
ENT_005611,ent_d8762ce13762
ENT_005612,ent_369d6198b523
ENT_005614,ent_3e01ffd191f8
ENT_005617,ent_c4b5bd49494e
ENT_005618,ent_5a63dfa72f36
ENT_005620,ent_3ec269228e26
ENT_005621,ent_c28c80ae0b5d
ENT_005622,ent_3fbf20715bb0
ENT_005626,ent_cef812c70752
ENT_005627,ent_2f9b7d5d6f19
ENT_005628,ent_7fa86a25d880
ENT_005629,ent_7f85d5a136ee
ENT_005631,ent_d8b9a03c0004
ENT_005632,ent_4bee67f83d32
ENT_005634,ent_e884431b62bc
ENT_005635,ent_a6174024ea10
ENT_005636,ent_fb68273d3d20
ENT_005637,ent_cd1327187c34
ENT_005640,ent_61b8bd8578d1
ENT_005642,ent_4c66bf06514a
ENT_005643,ent_45165e3ec72c
ENT_005645,ent_5a00abfc26df
ENT_005648,ent_589dfbb524da
ENT_005649,ent_4b453f7827e3
ENT_005650,ent_f37618d9e899
ENT_005651,ent_d1f5e5686da9
ENT_005652,ent_53fce2c9f3d7
ENT_005653,ent_98850ce6ffc9
ENT_005655,ent_6d523e9a9e5b
ENT_005656,ent_8e66b42f2a15
ENT_005659,ent_68af9dd1bd7d
ENT_005661,ent_d601bcc5cf55
ENT_005662,ent_a20185cd90fd
ENT_005664,ent_1809d7d9d3d8
ENT_005665,ent_93a43b4d93eb
ENT_005666,ent_fc99d08849f8
ENT_005668,ent_b7c772764bfa
ENT_005669,ent_cf8a056a0ce3
ENT_005670,ent_01196149597d
ENT_005672,ent_6042399e425c
ENT_005673,ent_3d33b6e65eef
ENT_005674,ent_56c291e19680
ENT_005676,ent_881c24041aac
ENT_005677,ent_6a86e30e5847
ENT_005678,ent_2df9c7626c31
ENT_005679,ent_0ff17e0b32bd
ENT_005681,ent_33468c4c63da
ENT_005682,ent_1e3bc513e07f
ENT_005683,ent_beb2289cf363
ENT_005685,ent_15a721362990
ENT_005686,ent_acb3e842721f
ENT_005687,ent_44179e9bc933
ENT_005688,ent_86ce8ad1bf60
ENT_005691,ent_77dc2472c95f
ENT_005692,ent_74e3c811e361
ENT_005693,ent_e41c29e37c24
ENT_005695,ent_448068104777
ENT_005697,ent_8e3e8c2265ea
ENT_005698,ent_6d2a26f9ffed
ENT_005700,ent_1806fa133eba
ENT_005701,ent_2e63c9eb4c66
ENT_005702,ent_8d22513838d5
ENT_005703,ent_764368160318
ENT_005705,ent_a850a71a6c72
ENT_005706,ent_c2d2ac039ab7
ENT_005707,ent_7f1ca3c24cf6
ENT_005708,ent_ea8c2607d363
ENT_005709,ent_3015f19e6225
ENT_005710,ent_ca08e56e24a9
ENT_005711,ent_61780f272776
ENT_005712,ent_5bc1b9e3805b
ENT_005713,ent_6644109ed12c
ENT_005715,ent_fc9cc5d0ba73
ENT_005716,ent_2e9294b2e076
ENT_005717,ent_76f50cb3883e
ENT_005720,ent_0054117107c0
ENT_005721,ent_bc8f18be1e21
ENT_005722,ent_a2b093781fef
ENT_005724,ent_916c0863b39d
ENT_005725,ent_8cb2f74523d7
ENT_005726,ent_d2bc8538a678
ENT_005727,ent_595273ab5f0a
ENT_005728,ent_319bc56a3fb4
ENT_005729,ent_99fd4604e6b5
ENT_005730,ent_91d1da299bc5
ENT_005731,ent_35c7b58fb206
ENT_005732,ent_4d8c24024218
ENT_005733,ent_7ca215e6ac64
ENT_005734,ent_80fb78763da6
ENT_005735,ent_4e361bd3f4f1
ENT_005736,ent_8e43a8e1d0a4
ENT_005737,ent_84646b196be1
ENT_005738,ent_810d840de551
ENT_005739,ent_9e3834d7e3e0
ENT_005740,ent_72672715f6fc
ENT_005742,ent_773f1af00b5b
ENT_005743,ent_9e4d32ad9e7f
ENT_005744,ent_a13e68fee2c7
ENT_005745,ent_a90b393da4e5
ENT_005746,ent_69277f40cb1e
ENT_005747,ent_b88020306681
ENT_005748,ent_589bf7322a6f
ENT_005749,ent_6dd4a3a7ac8f
ENT_005750,ent_b22cd307b2c6
ENT_005751,ent_909baa6e417f
ENT_005752,ent_2516b719508f
ENT_005753,ent_21b1e47b9a1b
ENT_005754,ent_c65a6e1ef15d
ENT_005755,ent_ef643b5e59de
ENT_005759,ent_062c2d23c4f3
ENT_005760,ent_6cd46cbab5df
ENT_005761,ent_51f640f307c7
ENT_005763,ent_59561f96ae6d
ENT_005764,ent_3b0c323071c0
ENT_005765,ent_d5486cc89c74
ENT_005766,ent_3b1025a36289
ENT_005767,ent_07a4735ee64c
ENT_005768,ent_02c6d3151af2
ENT_005769,ent_79c9b46dfe16
ENT_005770,ent_2c31f3200624
ENT_005771,ent_6df4b85af878
ENT_005772,ent_34e072a7d48e
ENT_005773,ent_14500699ba2b
ENT_005775,ent_045bc6ffeaa3
ENT_005776,ent_6909ba436d5e
ENT_005777,ent_cb80fc0a270b
ENT_005778,ent_946fc33c5c27
ENT_005779,ent_a50f206b6317
ENT_005780,ent_61095b07a17c
ENT_005781,ent_b13c43d2aa8a
ENT_005783,ent_e3cb1e8cfa51
ENT_005784,ent_ca4460041785
ENT_005785,ent_2f1cec87cf2e
ENT_005786,ent_d81ba75f1cc9
ENT_005787,ent_0b25f98037ac
ENT_005788,ent_24d146e661ba
ENT_005789,ent_44ebdf4db3a1
ENT_005790,ent_83978a9e3444
ENT_005792,ent_58bec79fe8f9
ENT_005793,ent_879cb076bcc2
ENT_005794,ent_d2d20cbc9c82
ENT_005796,ent_1e99344bda1d
ENT_005798,ent_997ef6441202
ENT_005799,ent_3dee4fa2c6b8
ENT_005800,ent_1559e2a45626
ENT_005802,ent_204dc8c4207b
ENT_005803,ent_0c62c1eb4d67
ENT_005804,ent_77e2341c74cd
ENT_005805,ent_12f5bfae4c8c
ENT_005807,ent_a4540629cb86
ENT_005808,ent_2a574c81304f
ENT_005809,ent_7c7ac067d3bb
ENT_005810,ent_55217d4d4dcf
ENT_005811,ent_efc91b591e69
ENT_005812,ent_5a0daea418b2
ENT_005814,ent_93ca0e943bdc
ENT_005815,ent_14259c45e831
ENT_005817,ent_993af24d233b
ENT_005818,ent_707db4c35399
ENT_005819,ent_f9ee2a341883
ENT_005820,ent_3b9fe6cf6989
ENT_005821,ent_c4272e44ebad
ENT_005822,ent_d9242069b878
ENT_005823,ent_68b9b330e520
ENT_005825,ent_db25233fb5fb
ENT_005826,ent_9ad56206c653
ENT_005827,ent_d9da4592bec7
ENT_005828,ent_211bbf6b3282
ENT_005829,ent_d7e0fffb5735
ENT_005830,ent_96218eefc6cd
ENT_005831,ent_f56d0300fa39
ENT_005832,ent_fcf16c2195c6
ENT_005834,ent_ed0a0d27300c
ENT_005835,ent_ffbcf6a5780f
ENT_005836,ent_51db8ddbd726
ENT_005837,ent_ff7e9dc7c83a
ENT_005838,ent_27aeac2ad300
ENT_005839,ent_6f7e4e632ffa
ENT_005840,ent_4634c3f5e1fc
ENT_005841,ent_409d45ed1af1
ENT_005842,ent_558a8b2e60f8
ENT_005843,ent_e229afd1544f
ENT_005844,ent_c59b0f83fb67
ENT_005845,ent_5f89eb8015a7
ENT_005846,ent_fc0ea3ef94cd
ENT_005847,ent_d2178e3b8c22
ENT_005848,ent_61ca598f12fb
ENT_005849,ent_a0d4f10de87a
ENT_005850,ent_a03e76f4c458
ENT_005851,ent_0dc71f3b2a30
ENT_005852,ent_b3e4b4abe120
ENT_005853,ent_c7c747480d6f
ENT_005854,ent_2525f714578d
ENT_005855,ent_76c74f43380c
ENT_005856,ent_bafb93c3dd0d
ENT_005858,ent_f4439efdf099
ENT_005859,ent_885c4e4a8afa
ENT_005860,ent_dc62dbc9b6e7
ENT_005862,ent_cb3c3c7fec2c
ENT_005863,ent_8cee66b3d841
ENT_005864,ent_f54714f7c8bd
ENT_005865,ent_1d01fc6b3d20
ENT_005866,ent_40a26d01b07d
ENT_005867,ent_f97ec8a2bd1e
ENT_005868,ent_3d97b0fbbc99
ENT_005869,ent_14041c5aec43
ENT_005870,ent_414753453c47
ENT_005872,ent_1e5cd765cbbe
ENT_005874,ent_579bf01e3955
ENT_005875,ent_8db21a0798db
ENT_005876,ent_3f4d43e8b878
ENT_005878,ent_81a58190427c
ENT_005879,ent_ef9d0299b319
ENT_005880,ent_d7c1c3b1cac6
ENT_005881,ent_67afbeb67737
ENT_005882,ent_8556f19299e3
ENT_005883,ent_4aebbfb8e06e
ENT_005884,ent_468f2e365263
ENT_005886,ent_07b1a831bf59
ENT_005887,ent_12f79138abf3
ENT_005890,ent_b4c70303dd2e
ENT_005891,ent_edd092424002
ENT_005892,ent_ca099750095b
ENT_005894,ent_6204c94dc111
ENT_005898,ent_63007644a5e1
ENT_005899,ent_620d0657f2db
ENT_005900,ent_a0488a42bee6
ENT_005901,ent_abb68132471a
ENT_005902,ent_0648941258a0
ENT_005903,ent_ddc0ae6466df
ENT_005904,ent_d797eae7dcb2
ENT_005905,ent_adc53c470800
ENT_005906,ent_c3380ee3aa37
ENT_005907,ent_e1c58a3973d0
ENT_005908,ent_5b81277cd2ae
ENT_005909,ent_72a69a1fa1ad
ENT_005910,ent_37fb037511b8
ENT_005911,ent_04ceb0986932
ENT_005913,ent_e6205aa99633
ENT_005914,ent_ddf20b2130a0
ENT_005915,ent_d3886852940b
ENT_005918,ent_c5d2cc5d1507
ENT_005919,ent_69ae7179fe3e
ENT_005921,ent_3a8503dc526a
ENT_005925,ent_b8013bbf2996
ENT_005926,ent_54fa28e335e9
ENT_005927,ent_8f75a9fb48c2
ENT_005929,ent_3c353b76b4f5
ENT_005930,ent_01f5bcb660c4
ENT_005932,ent_8dacc063faab
ENT_005933,ent_6d565d2bea46
ENT_005934,ent_174a7d9af5ea
ENT_005935,ent_b0621f12bba8
ENT_005936,ent_4291a9d1d98b
ENT_005937,ent_1029f92d7404
ENT_005938,ent_e468868f01b5
ENT_005939,ent_62058cad8c56
ENT_005940,ent_0c2409883a38
ENT_005941,ent_dba837a7bf5d
ENT_005942,ent_cc05fd4b6ce6
ENT_005944,ent_3ceed9a96f1e
ENT_005945,ent_d14bdb0ca9b8
ENT_005946,ent_45085325f4ad
ENT_005949,ent_8edc38a1aa36
ENT_005951,ent_c48f88946901
ENT_005953,ent_e04df7e20dd1
ENT_005955,ent_eb97a4564413
ENT_005956,ent_ecab6dd9f071
ENT_005957,ent_842aeab0b6da
ENT_005960,ent_60d3ffeec253
ENT_005961,ent_a3635d1e2bf6
ENT_005962,ent_2d819cd113e4
ENT_005963,ent_b99dc2f4cdb5
ENT_005964,ent_fd875499da33
ENT_005965,ent_1a5e0fbbe160
ENT_005966,ent_e0663ef96b74
ENT_005969,ent_1f14290d472d
ENT_005970,ent_0fdcdaef4eb2
ENT_005971,ent_c8c625826752
ENT_005972,ent_e804e692800b
ENT_005973,ent_e719e104db63
ENT_005974,ent_5d9e85e0a230
ENT_005976,ent_3fc8059ade72
ENT_005978,ent_a6d76af8d8de
ENT_005979,ent_d8d9506f4a85
ENT_005980,ent_b1e91efa2006
ENT_005981,ent_5fbebf95b534
ENT_005984,ent_0e67603d82d6
ENT_005985,ent_bfe62a72cd58
ENT_005987,ent_d91b9943f6ad
ENT_005988,ent_3dacc1165a91
ENT_005989,ent_aae5413fd20d
ENT_005990,ent_807585ececb8
ENT_005991,ent_7c5fe539c974
ENT_005992,ent_11990e886736
ENT_005993,ent_4439749f2cce
ENT_005994,ent_27cf499419dd
ENT_005995,ent_4e8d254e4a7f
ENT_005996,ent_c7d1ffaa076e
ENT_005997,ent_1c8105e3a1ae
ENT_005998,ent_40f0a917317c
ENT_006002,ent_5f3060bc350c
ENT_006003,ent_c9933cb1e7ff
ENT_006004,ent_4573a6764ba7
ENT_006005,ent_812834145e47
ENT_006006,ent_42349c28592d
ENT_006007,ent_a9289caf2d68
ENT_006008,ent_f150507842f9
ENT_006009,ent_704c1ccb0048
ENT_006010,ent_92c41f4e7c1b
ENT_006012,ent_09c54a7f5462
ENT_006013,ent_389901254364
ENT_006014,ent_ec2a8932ddba
ENT_006015,ent_d2e6536924e3
ENT_006016,ent_d7df6deaabbe
ENT_006017,ent_1d2e2c1abe9f
ENT_006018,ent_e8a24d0bca2a
ENT_006019,ent_f11947e0acce
ENT_006021,ent_102d91321643
ENT_006022,ent_f6b3e9a64a5b
ENT_006023,ent_4e1229a44ab9
ENT_006024,ent_50c39121e3ef
ENT_006026,ent_a786b5e02da3
ENT_006030,ent_fdb30cbbcc49
ENT_006032,ent_ad55a96835d4
ENT_006033,ent_98933034f404
ENT_006036,ent_0eeb1328c45d
ENT_006038,ent_ebd1d83fd34f
ENT_006039,ent_7d453d1fd186
ENT_006040,ent_3f8b4b34b62e
ENT_006042,ent_67bf940ea76d
ENT_006044,ent_e9edcb3c36ea
ENT_006045,ent_5dfaa5bde15f
ENT_006046,ent_d9b24a4d3a40
ENT_006047,ent_3fefd634b4b3
ENT_006048,ent_79665c951c03
ENT_006049,ent_ffb91b912065
ENT_006053,ent_446f088a4579
ENT_006054,ent_00dbff691c1a
ENT_006055,ent_76b0b4b8a18c
ENT_006056,ent_bb9f53809222
ENT_006057,ent_2a8408599df3
ENT_006059,ent_db1ff03ca235
ENT_006061,ent_bb458ab5bdc2
ENT_006062,ent_c1ca577f13c1
ENT_006063,ent_a3d3e1262111
ENT_006064,ent_6328206f3b47
ENT_006065,ent_5d6097e20533
ENT_006066,ent_8bcf68a686ea
ENT_006067,ent_8cde066cf810
ENT_006068,ent_105f174681d2
ENT_006069,ent_57d5a835226f
ENT_006070,ent_e0ba00a9ac58
ENT_006073,ent_a373f3989f30
ENT_006074,ent_57f292e55cc6
ENT_006075,ent_f4c7f72e43d3
ENT_006077,ent_8caf4d047b7c
ENT_006080,ent_3bcdb816f326
ENT_006081,ent_9f1c61afbe3a
ENT_006082,ent_833f4ac6cc0a
ENT_006083,ent_4b51115df8eb
ENT_006084,ent_eba878a4fbad
ENT_006088,ent_d0e7675cee00
ENT_006090,ent_15f79134f26e
ENT_006097,ent_918335a6cc0d
ENT_006100,ent_58c0fb5e6e42
ENT_006101,ent_852ea39dd015
ENT_006105,ent_f47c61d2d56c
ENT_006107,ent_ee4034b4cf24
ENT_006109,ent_9a985ab0ac1a
ENT_006110,ent_d4ebc2098b2e
ENT_006111,ent_0cd0a4031d22
ENT_006113,ent_21896cb0aac7
ENT_006114,ent_478fa2db1879
ENT_006115,ent_1aecefcfa3dd
ENT_006116,ent_fba55e92b61f
ENT_006117,ent_c7e85266b92f
ENT_006118,ent_45c90e866c39
ENT_006119,ent_2f6c4da646c7
ENT_006120,ent_5c2ba86b9e4c
ENT_006122,ent_32e4de90a7a8
ENT_006123,ent_89d50b3a2efd
ENT_006124,ent_970f3d4f40c5
ENT_006125,ent_787d6d393571
ENT_006127,ent_b717f17b11d2
ENT_006128,ent_21f37db9b6fd
ENT_006130,ent_302e1c3ef9ad
ENT_006132,ent_231d81f7ab12
ENT_006133,ent_e72e661f390e
ENT_006136,ent_9cd93c8d321a
ENT_006137,ent_6dc510cd91af
ENT_006139,ent_ed8a67a56fb3
ENT_006140,ent_777823f01bee
ENT_006141,ent_96978fd3a6a8
ENT_006143,ent_ee3a02250128
ENT_006144,ent_ca1435684653
ENT_006145,ent_7709e4d59eb4
ENT_006146,ent_35ceb8e8f094
ENT_006147,ent_0f93e8a8a40c
ENT_006148,ent_b1b4687aa6e4
ENT_006149,ent_0db6d17e51d0
ENT_006150,ent_911e4ee51327
ENT_006152,ent_e9416eda5233
ENT_006153,ent_903ed24d6b41
ENT_006154,ent_cfb6c184da6f
ENT_006156,ent_0898b2851502
ENT_006158,ent_032ea338b4d5
ENT_006159,ent_d8297a488f6a
ENT_006160,ent_d0e42039c252
ENT_006161,ent_3f06b5cc85a6
ENT_006162,ent_8bc933a69e29
ENT_006165,ent_d8cf508f3d1f
ENT_006166,ent_9bcced60a99b
ENT_006167,ent_8582ef19a7fc
ENT_006168,ent_eb8f977eb220
ENT_006170,ent_3bdf4f51d8c3
ENT_006172,ent_a26695bb4725
ENT_006173,ent_cafd389f80b1
ENT_006174,ent_f6b9c451de9a
ENT_006175,ent_e4877de220a3
ENT_006176,ent_8c94be6a8e6c
ENT_006177,ent_4043b491f292
ENT_006180,ent_66520679e509
ENT_006181,ent_52cdaaabbd58
ENT_006182,ent_86900e4a696c
ENT_006183,ent_8d8cc109aefb
ENT_006184,ent_efa3b4a1df3f
ENT_006185,ent_7ce5cf961eda
ENT_006186,ent_c8b91a94b01c
ENT_006187,ent_4ac3e4b462bd
ENT_006188,ent_17ad925f6258
ENT_006189,ent_64efb0819881
ENT_006190,ent_74ac2a1f2bc1
ENT_006191,ent_2149ab9c8707
ENT_006192,ent_b828ffe54c18
ENT_006193,ent_ba8c78bdc12a
ENT_006194,ent_5d4594c50594
ENT_006195,ent_6fc94c9fd062
ENT_006196,ent_a23767ace466
ENT_006197,ent_eae0fbf33f1f
ENT_006198,ent_45fb553e402f
ENT_006199,ent_bc4548617004
ENT_006200,ent_2d689426dffa
ENT_006201,ent_a4328670d852
ENT_006202,ent_12c42249cd85
ENT_006204,ent_37a5a91f4594
ENT_006205,ent_3c0f96d6ca77
ENT_006206,ent_8e7c7be95d58
ENT_006208,ent_363df8e22455
ENT_006210,ent_1150eb25cc74
ENT_006211,ent_92a7cb93cfcb
ENT_006213,ent_8a8607e62726
ENT_006215,ent_eee5634b484b
ENT_006216,ent_7045517a57f3
ENT_006217,ent_e6c5aad5aa45
ENT_006221,ent_5d7a51c90894
ENT_006223,ent_44aa4fa0ce06
ENT_006224,ent_2c5e9dc4bee3
ENT_006225,ent_c0cfc67e9f9b
ENT_006226,ent_c143494b31aa
ENT_006227,ent_3e4f4bc36a11
ENT_006228,ent_c700538cb07a
ENT_006230,ent_5ffd24dd8362
ENT_006231,ent_c37f805541ed
ENT_006233,ent_0d9091850a40
ENT_006234,ent_800a4774f943
ENT_006235,ent_1fe22c300759
ENT_006236,ent_69e572452093
ENT_006237,ent_49ff8eda9ce6
ENT_006238,ent_52c18562c6a6
ENT_006239,ent_c13e34049354
ENT_006240,ent_5796155ef5a1
ENT_006243,ent_36171138bcee
ENT_006244,ent_2803b099c8c6
ENT_006245,ent_edb54406a9ce
ENT_006248,ent_0ff3a7b8fe93
ENT_006249,ent_c6c85467d018
ENT_006250,ent_617697051ef8
ENT_006252,ent_a8ec10be69c0
ENT_006254,ent_954fc6b0d50f
ENT_006255,ent_ae0e70a5760f
ENT_006256,ent_bc95f44c5b1f
ENT_006257,ent_1cbc04d98ee7
ENT_006258,ent_511ae9620be0
ENT_006259,ent_53d0a0df43eb
ENT_006260,ent_d4358ac158f9
ENT_006261,ent_311ba0f0a067
ENT_006262,ent_4d71dd9d2548
ENT_006263,ent_70181aa71339
ENT_006264,ent_192d7b34844c
ENT_006265,ent_472456118f1d
ENT_006266,ent_5dc95c8296ea
ENT_006267,ent_fdbd686e0a80
ENT_006268,ent_4c71aec7a1f8
ENT_006270,ent_0a48d41787b1
ENT_006274,ent_89687c526c8a
ENT_006275,ent_38c1e3d0ed2d
ENT_006276,ent_2f930e692582
ENT_006277,ent_b74f9861ffa7
ENT_006278,ent_ac1d8a687b92
ENT_006279,ent_f5e7a6186d20
ENT_006281,ent_874f7c2236a9
ENT_006282,ent_3f5fa641838c
ENT_006283,ent_e8a2659fca60
ENT_006284,ent_f1ff5799bd61
ENT_006285,ent_d6dac2832949
ENT_006286,ent_41ab8dd33620
ENT_006287,ent_905e64637ca3
ENT_006288,ent_9d8964b5fde0
ENT_006289,ent_10b516499d8a
ENT_006290,ent_dc160ecd4bad
ENT_006291,ent_02c14a535a7d
ENT_006293,ent_e71bfeb05696
ENT_006294,ent_00d46a5288f1
ENT_006296,ent_4ecaed8c81f3
ENT_006298,ent_1096f40b925e
ENT_006299,ent_3687177cf8d4
ENT_006300,ent_a8805a396432
ENT_006302,ent_c4d5a6a5b707
ENT_006303,ent_4876e1159803
ENT_006305,ent_d8f62b33adc5
ENT_006306,ent_8130347627a4
ENT_006307,ent_05646884b7ee
ENT_006315,ent_b22f3ec3a5b3
ENT_006316,ent_265e14e01abd
ENT_006317,ent_41a3f4c0eeb5
ENT_006318,ent_1f36aeb74c08
ENT_006319,ent_d4e9589daf52
ENT_006320,ent_b2a07bd7f0e7
ENT_006321,ent_3fa500161620
ENT_006322,ent_0bb56d09583b
ENT_006323,ent_5a3084ca3307
ENT_006324,ent_f9419dd7bd03
ENT_006325,ent_daeb39ccee53
ENT_006326,ent_0b2866360185
ENT_006327,ent_38aebc55005a
ENT_006328,ent_f12552e26703
ENT_006329,ent_3e1c4e0e7bcb
ENT_006330,ent_2718d9a25d50
ENT_006331,ent_0167c19754ff
ENT_006332,ent_9b939a00b1f2
ENT_006333,ent_dce462bdeefb
ENT_006334,ent_2013e195c98c
ENT_006335,ent_947e983c98fe
ENT_006336,ent_931d353cbc62
ENT_006337,ent_c6cf0a19b620
ENT_006338,ent_72fcd47c507f
ENT_006339,ent_d824df3cb695
ENT_006340,ent_c586bdb74a19
ENT_006342,ent_f8dc25870a47
ENT_006343,ent_34b768fb8208
ENT_006344,ent_51c6988ddcdc
ENT_006345,ent_17769c9cbcbe
ENT_006346,ent_efb2608591f2
ENT_006347,ent_5300d9e38aee
ENT_006348,ent_7b524a233eaa
ENT_006349,ent_66b53253c032
ENT_006351,ent_c9da39b6e30f
ENT_006352,ent_fa16f1ee89c1
ENT_006353,ent_e8ac7e7de4e7
ENT_006354,ent_d1d5e84b74a8
ENT_006355,ent_a460b8611701
ENT_006356,ent_81584f987997
ENT_006357,ent_ce53cbe7a766
ENT_006358,ent_335bb67b71f0
ENT_006359,ent_2e5f3bb5af39
ENT_006360,ent_bb5bc6ea2ca8
ENT_006361,ent_5660ecf87582
ENT_006364,ent_a7e4d81b4ac9
ENT_006366,ent_56cce3aeb0b6
ENT_006367,ent_f72a7bf96d9e
ENT_006368,ent_52b998f5dba7
ENT_006370,ent_120a4c7c22f0
ENT_006371,ent_ef2e6884d652
ENT_006374,ent_2e1c6fb6493d
ENT_006375,ent_55fc9af06c31
ENT_006376,ent_635e74c68cd5
ENT_006377,ent_5f5aafb11e76
ENT_006378,ent_270240468891
ENT_006379,ent_72439243bcc1
ENT_006381,ent_da5327c9587a
ENT_006387,ent_e942fe7bfd5e
ENT_006388,ent_e449cb2644cc
ENT_006390,ent_df3d59bbca92
ENT_006392,ent_85a94dfe387a
ENT_006394,ent_62f3f542e217
ENT_006395,ent_f5ec030540a4
ENT_006396,ent_294a01670f1e
ENT_006398,ent_10555e1bcfdd
ENT_006399,ent_2c806eb2d81c
ENT_006400,ent_7013cd0a30cb
ENT_006401,ent_1237f077ba0f
ENT_006402,ent_64467fc0a7b0
ENT_006403,ent_8235d5cdf90b
ENT_006404,ent_fc770761cb42
ENT_006405,ent_105ba415b89e
ENT_006406,ent_ebfc700275db
ENT_006407,ent_dcf8b6007f9d
ENT_006408,ent_5a122f848048
ENT_006409,ent_6df8d24506c6
ENT_006410,ent_d82bec0f4195
ENT_006411,ent_4507227026c2
ENT_006412,ent_99ee794f2510
ENT_006413,ent_7674bee6a9b7
ENT_006414,ent_6bdf00bbb6b5
ENT_006415,ent_942d4a2b777c
ENT_006416,ent_6f18e059c538
ENT_006417,ent_8a1c994d7a3e
ENT_006418,ent_4d0b6ee3019d
ENT_006419,ent_a8a0104a7f1c
ENT_006420,ent_ab620aeed5f9
ENT_006421,ent_90bbc8342a26
ENT_006422,ent_5be03f0accde
ENT_006424,ent_9146a08c2d4a
ENT_006425,ent_e6d8efd597c4
ENT_006429,ent_ac48c6a223ef
ENT_006430,ent_edec645c21e2
ENT_006431,ent_f8f9860d44a9
ENT_006432,ent_6e0f04a31584
ENT_006433,ent_2950c1244d15
ENT_006434,ent_2389736fdb79
ENT_006435,ent_11c70c1f5aae
ENT_006436,ent_9d60bca59f28
ENT_006437,ent_b82476af2467
ENT_006438,ent_9eaf237ff000
ENT_006439,ent_877d210164b3
ENT_006441,ent_0f97a38da84c
ENT_006442,ent_3bcd89825529
ENT_006444,ent_be8a68b8284d
ENT_006445,ent_061814b54dcd
ENT_006446,ent_55483f3e6629
ENT_006447,ent_3efe76502fcb
ENT_006448,ent_c2b1d2b4314a
ENT_006449,ent_407efd09e667
ENT_006450,ent_3ac902ca4072
ENT_006451,ent_d9bba9c5a67d
ENT_006452,ent_ad0f62d0b7a6
ENT_006453,ent_bde26f3ee3f0
ENT_006454,ent_cfb6c6a74ab4
ENT_006455,ent_423d92dddb37
ENT_006457,ent_e15666edab95
ENT_006459,ent_e86181be3c0d
ENT_006460,ent_e13faa8ae914
ENT_006461,ent_5ba229a5ceea
ENT_006462,ent_7e15914d649d
ENT_006463,ent_cc674e9d850a
ENT_006464,ent_cae7f0f7564a
ENT_006467,ent_56ad4832842e
ENT_006468,ent_1d89e7d14f91
ENT_006469,ent_29bca21290cd
ENT_006471,ent_360f6a288310
ENT_006472,ent_631e106cb6ac
ENT_006475,ent_f950b4b510aa
ENT_006476,ent_81e0aaeab26f
ENT_006477,ent_cfe0ec885079
ENT_006478,ent_bbcab09e7d69
ENT_006480,ent_1ae426358aca
ENT_006481,ent_2aca5ce0e9bc
ENT_006482,ent_15b7300d705f
ENT_006483,ent_d94ec2c05a02
ENT_006484,ent_4f641a98f01c
ENT_006485,ent_8990d3f0db56
ENT_006486,ent_18dbf09bb283
ENT_006487,ent_fc95ce0dda93
ENT_006488,ent_04ccf65bbf3f
ENT_006489,ent_28c8d14f13f6
ENT_006490,ent_01669f3a1068
ENT_006491,ent_bd2e9ab54327
ENT_006492,ent_b4cb914766bc
ENT_006493,ent_7a51ca734483
ENT_006494,ent_0a2577ee8bdc
ENT_006498,ent_f1cc398c3d0c
ENT_006499,ent_a7f08720abc1
ENT_006501,ent_b6e2108f0d49
ENT_006502,ent_5bd68247de64
ENT_006503,ent_2b85772a5762
ENT_006504,ent_fd4ce31d6eb7
ENT_006507,ent_c5f5a2f56b91
ENT_006515,ent_ce49d5de021f
ENT_006516,ent_d65e571ee6e7
ENT_006517,ent_8049c330a66f
ENT_006518,ent_2a728c361186
ENT_006519,ent_707451a59e3e
ENT_006520,ent_9dc6ded3b83b
ENT_006521,ent_36e32ea7afd9
ENT_006523,ent_8e67667e4d01
ENT_006525,ent_384ce830c65b
ENT_006527,ent_f0b96530aa5a
ENT_006528,ent_b455fdf1b2ac
ENT_006529,ent_79afa2dc4662
ENT_006530,ent_888e722ef456
ENT_006531,ent_0c2345fdb4ec
ENT_006532,ent_401a520cd62f
ENT_006534,ent_1f128cf77312
ENT_006535,ent_050b1384f6f8
ENT_006537,ent_f7b885d41580
ENT_006538,ent_8ea80e427bfa
ENT_006539,ent_09db6b1361b9
ENT_006540,ent_ae809f41bf8a
ENT_006541,ent_6a928badc4f0
ENT_006542,ent_e150bd0fb18d
ENT_006543,ent_a9ae6fbdad1c
ENT_006545,ent_7458dbb014cc
ENT_006546,ent_a36ccff91854
ENT_006547,ent_465f2ca5772e
ENT_006548,ent_fda3ecf36a54
ENT_006550,ent_9b2dc5e3840a
ENT_006551,ent_5152aacb8f6d
ENT_006552,ent_dc2bb7d5a2e0
ENT_006553,ent_f70c19245870
ENT_006554,ent_577eb31e9ef1
ENT_006555,ent_f8f2bd501b59
ENT_006556,ent_857ba7a8c62a
ENT_006559,ent_1ff65e6cb401
ENT_006560,ent_c35ffb22754e
ENT_006561,ent_e703684a3f78
ENT_006564,ent_36180179c657
ENT_006565,ent_f69649526ac2
ENT_006567,ent_5aa9afc79193
ENT_006569,ent_9702d2086be3
ENT_006570,ent_76407d5e2889
ENT_006572,ent_110d04634981
ENT_006573,ent_a27c740fd57b
ENT_006574,ent_381c91f631d7
ENT_006576,ent_f169feda2b02
ENT_006577,ent_da726ad35768
ENT_006578,ent_54dec0c3ef63
ENT_006582,ent_0a2576599fbf
ENT_006583,ent_6d72a6d26df1
ENT_006584,ent_7ced3bca2cf8
ENT_006586,ent_b65e518938d1
ENT_006589,ent_e9784b559afd
ENT_006591,ent_c13ab0a15053
ENT_006593,ent_80ffd89ba158
ENT_006594,ent_45bfcfbab9ed
ENT_006595,ent_0447a31ca784
ENT_006596,ent_2cff3e57c537
ENT_006597,ent_f747b1c179b2
ENT_006601,ent_1a7a343d3dc6
ENT_006602,ent_0f1a93c39a6b
ENT_006604,ent_d12bafb182fc
ENT_006605,ent_09e69da0e5b6
ENT_006606,ent_c887f6f6e191
ENT_006607,ent_19caf828099e
ENT_006609,ent_1d085b01a644
ENT_006610,ent_dcd4a5a3f0bb
ENT_006611,ent_be39f78174fd
ENT_006612,ent_76c74b44b613
ENT_006613,ent_b7aec27adc15
ENT_006614,ent_05d4b2014ee4
ENT_006615,ent_cb5899eca034
ENT_006616,ent_c287f6c3d05b
ENT_006617,ent_5f04b6df9d57
ENT_006618,ent_f8f435bd5f6c
ENT_006619,ent_021e03074167
ENT_006623,ent_2d0e7035bc69
ENT_006627,ent_ea7638ea5913
ENT_006628,ent_0bc5c5aa7f45
ENT_006629,ent_77fcb4900f48
ENT_006630,ent_ecf39fd3ed4f
ENT_006631,ent_96f8c94d53b6
ENT_006632,ent_1f7e4b06f96f
ENT_006633,ent_48b92b2207bf
ENT_006634,ent_fc69a8e896de
ENT_006635,ent_b3287e62aefb
ENT_006637,ent_405bb8ac99b7
ENT_006638,ent_9c5ecefb7e4b
ENT_006640,ent_299a968ff83e
ENT_006641,ent_907793c0dbf3
ENT_006642,ent_a58d2e7d0a23
ENT_006644,ent_c7764964d745
ENT_006645,ent_03cda05efb0d
ENT_006646,ent_6c6ea64af7af
ENT_006647,ent_5358bb999932
ENT_006648,ent_d67b8327a547
ENT_006649,ent_13d8f636e49f
ENT_006650,ent_e6474797f93f
ENT_006651,ent_1ac4184d4d6b
ENT_006652,ent_88d06c94dd41
ENT_006653,ent_3dead0eb8b41
ENT_006656,ent_004834c42cb6
ENT_006658,ent_09d8b5706e5f
ENT_006660,ent_90af8a85f8b2
ENT_006661,ent_f9c793ab2242
ENT_006662,ent_fe6182d852fa
ENT_006663,ent_0a7b48ab977e
ENT_006664,ent_c762d12cc6ce
ENT_006665,ent_5a0d63d84988
ENT_006668,ent_1dfa2b4f1480
ENT_006670,ent_4a5ac5c33a11
ENT_006673,ent_88a05bbda931
ENT_006675,ent_790ca41b1f6f
ENT_006676,ent_d316db48c16c
ENT_006679,ent_52023fe4d031
ENT_006680,ent_9f4e43b60b58
ENT_006681,ent_4eaf41d98fed
ENT_006682,ent_92c3ecd7f655
ENT_006683,ent_c23b94119454
ENT_006684,ent_d47c94aa6ea2
ENT_006685,ent_f9ac7394c7a4
ENT_006686,ent_7d76718915a6
ENT_006687,ent_7455e16a73d0
ENT_006688,ent_0e77b88cc81f
ENT_006689,ent_2a54c9dcedaa
ENT_006690,ent_2eaf253bcb11
ENT_006691,ent_f7132703e11c
ENT_006692,ent_8096e320984f
ENT_006693,ent_04067f0a4d3f
ENT_006694,ent_69b35d84e786
ENT_006695,ent_531c3c540cb0
ENT_006696,ent_714565395a20
ENT_006697,ent_cb6553ffa21f
ENT_006698,ent_a7af0845f4b1
ENT_006700,ent_9dac301ddfb9
ENT_006701,ent_602bc067c307
ENT_006702,ent_33573734b7c6
ENT_006703,ent_c170a8a5fd77
ENT_006705,ent_534e9dcd7ac9
ENT_006706,ent_6a39d4140243
ENT_006707,ent_aff8f85881f9
ENT_006710,ent_cf8ea03f1b23
ENT_006711,ent_db2759af0171
ENT_006712,ent_8b31fd545c66
ENT_006713,ent_72528f7e6970
ENT_006714,ent_111bca567acc
ENT_006715,ent_7ab228553924
ENT_006716,ent_f51af17a6b9d
ENT_006717,ent_7c32c70c873b
ENT_006718,ent_26cd5609dd9f
ENT_006719,ent_2c8f86a2094d
ENT_006721,ent_338b44f7bbaa
ENT_006722,ent_9098dee28446
ENT_006725,ent_64627a80ad29
ENT_006726,ent_1027c48e0b8d
ENT_006727,ent_cd299cef701e
ENT_006728,ent_754acc567c1a
ENT_006729,ent_7f1179eb3891
ENT_006730,ent_1c0c9a644a42
ENT_006732,ent_235569bfcd30
ENT_006733,ent_3e5caf13aaf9
ENT_006736,ent_025e979b9346
ENT_006737,ent_ae1a17f22a68
ENT_006738,ent_823c4c25cfca
ENT_006740,ent_81c1199a1641
ENT_006741,ent_6b384c64d8b9
ENT_006742,ent_0a0f5b1ee88a
ENT_006745,ent_0113e6665164
ENT_006746,ent_1aaa5244e994
ENT_006747,ent_eb97c5c41cb5
ENT_006748,ent_210880ebc85f
ENT_006749,ent_19c9dc360159
ENT_006751,ent_758acef82229
ENT_006752,ent_b242d3f4755d
ENT_006753,ent_c08d85933be0
ENT_006754,ent_3c01e2f20ba2
ENT_006755,ent_daba6caeeefa
ENT_006756,ent_154c144308ce
ENT_006758,ent_d9e065b63bd1
ENT_006759,ent_864ae5737505
ENT_006760,ent_3fe9da20f740
ENT_006761,ent_8e4a09d0d80d
ENT_006762,ent_e6c84b9adca3
ENT_006763,ent_d7b035991512
ENT_006764,ent_b447149b54fb
ENT_006765,ent_3a6794b02aef
ENT_006766,ent_aff09fd83292
ENT_006767,ent_499b73256ab6
ENT_006768,ent_0a70d2a29725
ENT_006769,ent_f37882b0fd77
ENT_006770,ent_1074c7cb1b0d
ENT_006771,ent_abb83ebc6bc9
ENT_006772,ent_dd54cd669de3
ENT_006774,ent_b8281c229f9a
ENT_006775,ent_89c2794d083c
ENT_006776,ent_fcea370fdd35
ENT_006777,ent_5a98d9543097
ENT_006778,ent_dfb7fd05d46f
ENT_006779,ent_c6cac1cd8286
ENT_006780,ent_c4a485dd1eaf
ENT_006782,ent_8195c350ebf4
ENT_006787,ent_fe4825f8311f
ENT_006791,ent_9d39140ca62d
ENT_006792,ent_27544ff75b2a
ENT_006793,ent_5085dceb6209
ENT_006795,ent_74fc1761ee94
ENT_006799,ent_75566b9589a9
ENT_006800,ent_b2c159a00172
ENT_006803,ent_2628206e9c80
ENT_006804,ent_1cf219f6a733
ENT_006806,ent_7ccf70b82190
ENT_006807,ent_222aa368f4a8
ENT_006809,ent_4106e7f41228
ENT_006810,ent_554461d3c9bf
ENT_006812,ent_35ee23c41229
ENT_006813,ent_93b19338b54d
ENT_006814,ent_1eefd920055e
ENT_006815,ent_c072e7cf615e
ENT_006816,ent_bf1e3ba06362
ENT_006817,ent_4702c1123f1b
ENT_006818,ent_563baae8cd35
ENT_006822,ent_3b7744aa4a6d
ENT_006824,ent_2cc6aca49a8a
ENT_006827,ent_aae69ff51c3c
ENT_006828,ent_4040454d5ddb
ENT_006831,ent_bdfd36af99b1
ENT_006833,ent_648622c45176
ENT_006835,ent_46238eabb51a
ENT_006836,ent_dfe68fb3e44f
ENT_006838,ent_823c3743384c
ENT_006839,ent_37358ea46614
ENT_006840,ent_b31b9829daee
ENT_006841,ent_b654d8769d0b
ENT_006842,ent_499197cd6056
ENT_006844,ent_29f2503cbbb7
ENT_006846,ent_a454d446c08f
ENT_006847,ent_66636bfa09b6
ENT_006848,ent_c7dacdd266ff
ENT_006850,ent_7e8d9b6b176c
ENT_006851,ent_caed315e0eaf
ENT_006853,ent_3f400080ca5a
ENT_006854,ent_9a74460a8655
ENT_006856,ent_08fa6cb662f3
ENT_006857,ent_0ab99255bef7
ENT_006858,ent_122ee6260a4e
ENT_006859,ent_470face9d31b
ENT_006860,ent_79852567d2c9
ENT_006861,ent_3070ea8306fc
ENT_006862,ent_6b269c211e59
ENT_006864,ent_890aa1d4ce07
ENT_006868,ent_d3da673e3429
ENT_006870,ent_1be7f91b4242
ENT_006872,ent_5f82a37491c8
ENT_006874,ent_c88424b046b3
ENT_006875,ent_7a6223ae2f61
ENT_006876,ent_b2cf0d2be06a
ENT_006880,ent_40781db256ce
ENT_006882,ent_23eeb3b80f4c
ENT_006886,ent_22abe04fd8ec
ENT_006887,ent_1ad8d00b6413
ENT_006888,ent_d8b4cb3559bd
ENT_006889,ent_c0e0f40e820f
ENT_006890,ent_a8fd9b311e82
ENT_006893,ent_6760ba730ce4
ENT_006898,ent_84b9440e63c7
ENT_006899,ent_631c976f1969
ENT_006902,ent_6e8ab6b1c0cf
ENT_006904,ent_40f41fc2aaa2
ENT_006906,ent_5996cdf4de05
ENT_006907,ent_505e8dcd65b7
ENT_006908,ent_abd0ebb601de
ENT_006909,ent_dd4a7dc7ebdf
ENT_006910,ent_f77bed04c80c
ENT_006911,ent_768bf6bd14a7
ENT_006912,ent_9baeb7b4e60c
ENT_006913,ent_78af387bc83d
ENT_006914,ent_44fbb759962e
ENT_006915,ent_02ed5b2948c4
ENT_006916,ent_4df80cfb709a
ENT_006917,ent_43d9d9c769f0
ENT_006918,ent_50fdb8d1eca2
ENT_006919,ent_c4768f6f9655
ENT_006920,ent_a1044a4f606f
ENT_006921,ent_fe906038c622
ENT_006922,ent_35166bb30f1f
ENT_006923,ent_b168d96a09ed
ENT_006924,ent_2823cae3c701
ENT_006925,ent_d23519f5822e
ENT_006926,ent_1e02dde53109
ENT_006928,ent_34737a01cd3a
ENT_006929,ent_6df3e36b507a
ENT_006930,ent_2862cd251376
ENT_006931,ent_cade12d81371
ENT_006932,ent_e443082a6e7b
ENT_006933,ent_6879955f9ec4
ENT_006936,ent_bf95d6e6d76e
ENT_006937,ent_d5662f36af52
ENT_006938,ent_6620be16e575
ENT_006939,ent_867b962b8047
ENT_006940,ent_9f427fc1d215
ENT_006942,ent_8b871756c30d
ENT_006943,ent_795bec95ad1b
ENT_006944,ent_3e4eac16160b
ENT_006945,ent_dcfc33c986de
ENT_006946,ent_ced0f2951aea
ENT_006947,ent_f0bcb564322c
ENT_006948,ent_ef678b9eec73
ENT_006949,ent_2e6fb067913a
ENT_006950,ent_57958336b23a
ENT_006951,ent_3ddebffd1c40
ENT_006952,ent_22111040d152
ENT_006954,ent_f8a4f7356cd1
ENT_006955,ent_2c53598b4cc1
ENT_006956,ent_9087b3a2e5a7
ENT_006957,ent_d22993387ea0
ENT_006958,ent_f92e453ec73c
ENT_006959,ent_a4beb0a51eab
ENT_006960,ent_4b903cbb113b
ENT_006961,ent_b8ce85734f06
ENT_006962,ent_ccc791cf09ff
ENT_006963,ent_1390deba617e
ENT_006964,ent_2459fabcf2f3
ENT_006965,ent_1a304b618d6a
ENT_006966,ent_11826ee5e24f
ENT_006967,ent_9271b02adfef
ENT_006968,ent_1e628c347d98
ENT_006969,ent_54c97fdaa13e
ENT_006970,ent_397e178a13d8
ENT_006971,ent_28d0d2c1a152
ENT_006972,ent_eb59c543679b
ENT_006973,ent_e19647cab12d
ENT_006974,ent_dccf3880f09e
ENT_006975,ent_e8b146441203
ENT_006976,ent_a9a5aa138952
ENT_006977,ent_165cbda2fc8e
ENT_006978,ent_0bfd55715e8f
ENT_006979,ent_36cc0b99c81d
ENT_006980,ent_9fe3da68946d
ENT_006981,ent_59c425040a2d
ENT_006982,ent_4c7723a615cc
ENT_006983,ent_1f636b182faf
ENT_006984,ent_1e5d83d6e765
ENT_006985,ent_70e930b4d571
ENT_006986,ent_d83a002d2d82
ENT_006987,ent_6893c523eef3
ENT_006988,ent_c33ce47db9c6
ENT_006989,ent_43a455d7879f
ENT_006990,ent_29ab37a617f7
ENT_006991,ent_0977a301881d
ENT_006992,ent_2200b4536aae
ENT_006993,ent_7eee45a56643
ENT_006994,ent_e6f08dca6b6b
ENT_006995,ent_eb10ba052eb4
ENT_006996,ent_f0d2300c72c9
ENT_006997,ent_9414088c0aa1
ENT_006998,ent_6b3e03f22420
ENT_006999,ent_34df2eaa5abb
ENT_007000,ent_c91ac7bcd228
ENT_007002,ent_da9365f9f557
ENT_007003,ent_cd4808c3cd9a
ENT_007004,ent_7cdfee55fee7
ENT_007005,ent_147179dbe505
ENT_007006,ent_e9a09a5ceb92
ENT_007007,ent_ee1d9a3cc6f9
ENT_007009,ent_5557aed617f0
ENT_007010,ent_24ad04f11684
ENT_007011,ent_1b3d4f606638
ENT_007012,ent_0c500b63bad2
ENT_007013,ent_70ef7e081f98
ENT_007014,ent_d0c29536ab5c
ENT_007015,ent_cf2a8b9e6d0d
ENT_007016,ent_e4087c592447
ENT_007017,ent_8207c97afc12
ENT_007018,ent_1de7210fa958
ENT_007019,ent_39ecf5702a8b
ENT_007020,ent_32de1b1f149c
ENT_007021,ent_99a37462d0b8
ENT_007022,ent_02a2a78c710f
ENT_007023,ent_bb6c8913b4c1
ENT_007024,ent_c1236aab23d2
ENT_007025,ent_5ebe5da71d7f
ENT_007026,ent_250c960af1a1
ENT_007027,ent_0284c63650a0
ENT_007028,ent_1aaf381aaf55
ENT_007029,ent_67e64babb902
ENT_007030,ent_38faec6aeb31
ENT_007031,ent_7b258041bc24
ENT_007032,ent_32683c92a0e7
ENT_007033,ent_3e9c7f55eca0
ENT_007034,ent_cc335d69ec55
ENT_007035,ent_2907420f5859
ENT_007036,ent_baad7e20220a
ENT_007037,ent_09a9e301b987
ENT_007038,ent_1faded787c80
ENT_007039,ent_ab7ad70cb487
ENT_007040,ent_9b06d4f7f762
ENT_007041,ent_71dfc7b60a85
ENT_007042,ent_10191ff25fb0
ENT_007043,ent_12fb7d583c6d
ENT_007044,ent_9d45d7d0baa9
ENT_007045,ent_2f4969980057
ENT_007046,ent_43d600b539d6
ENT_007047,ent_08f1927d7b38
ENT_007048,ent_e105fdfa425c
ENT_007049,ent_21d6053e7a74
ENT_007050,ent_d551c39cf874
ENT_007051,ent_9bb1afa041e7
ENT_007052,ent_fbc9d64e22ae
ENT_007053,ent_07538f93da40
ENT_007054,ent_a8f3a11607aa
ENT_007055,ent_65416ac1e46c
ENT_007056,ent_76f356d2d5f3
ENT_007057,ent_cace9ff67991
ENT_007058,ent_f15e0f808401
ENT_007059,ent_7c6bdbd5467f
ENT_007060,ent_026067745ee8
ENT_007061,ent_438dc0b5cccc
ENT_007062,ent_026497e0b75b
ENT_007063,ent_d193cd66b69b
ENT_007064,ent_40aaa65f73d2
ENT_007065,ent_5dedead76c69
ENT_007066,ent_3940b2978be2
ENT_007067,ent_f57c35a5ed2b
ENT_007068,ent_950df977681f
ENT_007069,ent_318feaff9437
ENT_007070,ent_fe5864b5af61
ENT_007071,ent_25b03d10a79a
ENT_007072,ent_3f76d3470803
ENT_007073,ent_ce6991f5b4e4
ENT_007074,ent_0dadff345ffa
ENT_007075,ent_705e72ff5748
ENT_007076,ent_19e81a3404b4
ENT_007077,ent_da8f368affee
ENT_007078,ent_0c8ef09d9e5e
ENT_007079,ent_c137412de2af
ENT_007080,ent_9b10ee9cbd98
ENT_007081,ent_d56b9b6a44ec
ENT_007082,ent_927c0545e0fe
ENT_007083,ent_a31a022b2311
ENT_007084,ent_6c453e4f65d1
ENT_007085,ent_02630a392752
ENT_007086,ent_f46eac8da64a
ENT_007087,ent_e0aa4c6bb286
ENT_007088,ent_9331931f58a9
ENT_007089,ent_442cde909d56
ENT_007090,ent_db9c936e0f98
ENT_007091,ent_b06f69ee0a13
ENT_007092,ent_38e0d3347d8f
ENT_007093,ent_b6dc0ddf5649
ENT_007094,ent_1f20b6be1647
ENT_007095,ent_217745a4d8dc
ENT_007096,ent_14158bd65e13
ENT_007097,ent_2973aef3fa10
ENT_007098,ent_a743b680ec38
ENT_007099,ent_5c31da039027
ENT_007100,ent_8db64fafcc00
ENT_007101,ent_338914b6ed94
ENT_007102,ent_0af9a3772eaf
ENT_007103,ent_445c446f2181
ENT_007104,ent_326912029a47
ENT_007105,ent_881fd034ebef
ENT_007106,ent_d185f29d59ea
ENT_007107,ent_f805e4e81c13
ENT_007108,ent_3de02fe6980b
ENT_007109,ent_959648d9ca2f
ENT_007110,ent_c1477e527159
ENT_007111,ent_c5660c6ca4fa
ENT_007112,ent_343846766604
ENT_007113,ent_f4d212e5a000
ENT_007115,ent_8530ae49929b
ENT_007116,ent_462e477edb11
ENT_007117,ent_830386fa6d10
ENT_007118,ent_dba5c6c9eccd
ENT_007119,ent_459b8cf59209
ENT_007120,ent_28fcb3610fcf
ENT_007121,ent_979925b6b430
ENT_007122,ent_565d9a0d8303
ENT_007123,ent_0bf1f55f3ac7
ENT_007124,ent_16b2784093a1
ENT_007125,ent_1d3e547e38b1
ENT_007126,ent_d4a846db47da
ENT_007127,ent_c20d40a70567
ENT_007128,ent_07c41a86f3d1
ENT_007129,ent_6b88d0f9d90d
ENT_007132,ent_9c19326b4ba0
ENT_007133,ent_5a5296eccb88
ENT_007134,ent_000f8f3fa817
ENT_007135,ent_3b10744c9751
ENT_007136,ent_d6bde95a882a
ENT_007137,ent_d1168066d61b
ENT_007138,ent_6ce9178fe115
ENT_007139,ent_ef6806b5b69c
ENT_007140,ent_b955c53ae720
ENT_007141,ent_08e29ee7b328
ENT_007142,ent_701638fdd2a7
ENT_007143,ent_4f5759ba1187
ENT_007144,ent_0780b51822e8
ENT_007145,ent_787f2d7346e2
ENT_007146,ent_3ad76b5e48f9
ENT_007147,ent_a83cb4bb2277
ENT_007148,ent_f9dbab1f39b4
ENT_007149,ent_b53c3d590dcc
ENT_007150,ent_b194952952b3
ENT_007151,ent_dbd1d2d0073b
ENT_007153,ent_7144903cf60b
ENT_007154,ent_cde84edf452d
ENT_007155,ent_a1d30cd2730d
ENT_007156,ent_bb660fdd6b98
ENT_007157,ent_e63b111d93ca
ENT_007158,ent_4aa9dc10af59
ENT_007159,ent_1875e00959f7
ENT_007160,ent_84c247aac024
ENT_007161,ent_a90b58fc7268
ENT_007162,ent_627fb5b307ec
ENT_007163,ent_9f3bebca68e1
ENT_007164,ent_4ffa8537d388
ENT_007165,ent_a15421e57408
ENT_007166,ent_e770e16e68c6
ENT_007167,ent_496041c1ed3d
ENT_007168,ent_f9291c6c3b3e
ENT_007169,ent_f4ef98989ae9
ENT_007170,ent_4ed1a82528d6
ENT_007171,ent_b094cc11be76
ENT_007172,ent_8d178189847d
ENT_007173,ent_25cf60b32151
ENT_007175,ent_ecf99a0e49a8
ENT_007177,ent_1cba7ac3ae2e
ENT_007178,ent_9284f993f378
ENT_007179,ent_309c25c877eb
ENT_007180,ent_cbae57ea1767
ENT_007182,ent_740b6f5ee810
ENT_007183,ent_247c494df170
ENT_007184,ent_41a193c49cad
ENT_007185,ent_a110a6932a2e
ENT_007186,ent_4ae003549ee8
ENT_007187,ent_1e15ae9316e7
ENT_007188,ent_cf78c7bbb5ed
ENT_007189,ent_1fb5c7985a52
ENT_007190,ent_9e65a2113900
ENT_007191,ent_b7de44e2a13b
ENT_007192,ent_8984a1c9bd16
ENT_007193,ent_1649ac1e3536
ENT_007194,ent_fabcc3dcc9e2
ENT_007195,ent_43cb12d04274
ENT_007196,ent_c50ebfd757f3
ENT_007197,ent_e10c10529c0c
ENT_007198,ent_7aa911284d07
ENT_007199,ent_b626b02a1f84
ENT_007200,ent_9d721d61cc10
ENT_007201,ent_f1740657733b
ENT_007202,ent_f96ab7e58d80
ENT_007203,ent_84302184cbc2
ENT_007204,ent_3d842d3269dd
ENT_007205,ent_8ab0bf6e4047
ENT_007206,ent_588fcf80b4c5
ENT_007207,ent_7d9bf6c996ee
ENT_007208,ent_e698fae4f495
ENT_007209,ent_e97a42800c0a
ENT_007210,ent_e3da57c4c16d
ENT_007211,ent_d6a724f65fe4
ENT_007212,ent_3a5ac8e8751b
ENT_007213,ent_c2c0e36cfc0d
ENT_007214,ent_0452e0d1b4de
ENT_007215,ent_bd1edc8e675f
ENT_007216,ent_a6473ecf24b6
ENT_007217,ent_87d96822ee78
ENT_007218,ent_bc3f2d8c5121
ENT_007219,ent_b10f22612bb2
ENT_007220,ent_296c371421f2
ENT_007221,ent_7750d4e65dc6
ENT_007222,ent_9ef758ee2d12
ENT_007223,ent_8f835354eb28
ENT_007224,ent_8b23c3881ee2
ENT_007225,ent_a4c5777e8279
ENT_007226,ent_c377c9df58cc
ENT_007227,ent_69148af2c602
ENT_007228,ent_e40897d56cc2
ENT_007229,ent_c4cd905d4d50
ENT_007230,ent_c10f53e9b36f
ENT_007231,ent_ef7069631769
ENT_007234,ent_ea4a966b4352
ENT_007236,ent_63b5de2c209c
ENT_007237,ent_c7fc838d68ae
ENT_007238,ent_3e4dcc733d44
ENT_007239,ent_c460bbd4f2dc
ENT_007240,ent_187a327b07dd
ENT_007241,ent_cbbd360dd4e8
ENT_007242,ent_aa6c02dd46b4
ENT_007243,ent_dea711fea7c0
ENT_007245,ent_33af6912ad6c
ENT_007246,ent_479a81ab872b
ENT_007247,ent_0701ad4a5072
ENT_007248,ent_00169d284dfc
ENT_007249,ent_cebedfa3e253
ENT_007251,ent_16cd3da41b53
ENT_007252,ent_46508b02aa2b
ENT_007253,ent_e75924deebb3
ENT_007254,ent_f5667259c44b
ENT_007256,ent_f66196275c06
ENT_007257,ent_aa6b5acd3277
ENT_007261,ent_a3551a464ae9
ENT_007262,ent_843dd4a7a1d0
ENT_007263,ent_56368a64bc78
ENT_007264,ent_9d65dd8a32ba
ENT_007265,ent_9263d6804f33
ENT_007266,ent_8a89d05af62b
ENT_007267,ent_bae6eb2ea28c
ENT_007268,ent_a5166e40b6a7
ENT_007269,ent_b1436863ade8
ENT_007270,ent_3f9c1707ee89
ENT_007271,ent_515856a1dab0
ENT_007272,ent_a7db74794a80
ENT_007275,ent_9bc7715515b2
ENT_007276,ent_6443f9cf00d1
ENT_007277,ent_82a4f2fa732a
ENT_007279,ent_6fa51a45fea0
ENT_007282,ent_1ed61d837558
ENT_007283,ent_386726f01193
ENT_007284,ent_f0d16465315f
ENT_007285,ent_d79d3116aaff
ENT_007286,ent_b1652331a9ba
ENT_007287,ent_ef2583f36156
ENT_007288,ent_08f4d746e203
ENT_007290,ent_19ae43183698
ENT_007291,ent_9c8b2d66bce7
ENT_007292,ent_082579b2e8d0
ENT_007293,ent_b68e24528565
ENT_007294,ent_836faeff7463
ENT_007295,ent_4cf29725e476
ENT_007296,ent_727270a59028
ENT_007297,ent_64daeebc8b9f
ENT_007298,ent_2251c0a3dd55
ENT_007299,ent_07d8a452ba60
ENT_007300,ent_3bc7a73f1170
ENT_007301,ent_ca51140ce43f
ENT_007302,ent_0251ae16b3ee
ENT_007303,ent_b4c741698f46
ENT_007304,ent_d3ea69f32ed6
ENT_007305,ent_bc5069b7e77f
ENT_007306,ent_cfca812dc839
ENT_007308,ent_743a7a689cdc
ENT_007309,ent_059514d0074d
ENT_007310,ent_951fd4bc8ba2
ENT_007311,ent_e4ecd0f54684
ENT_007312,ent_c42791483ea5
ENT_007313,ent_8a16f01c8a2a
ENT_007314,ent_99e883b52d46
ENT_007315,ent_d51981401f8d
ENT_007317,ent_8c50edb3b63c
ENT_007318,ent_f6e6073bcd93
ENT_007319,ent_b85547905d8d
ENT_007320,ent_4b3b1919f0b1
ENT_007322,ent_11e6d2102ae9
ENT_007323,ent_c658182dad1e
ENT_007324,ent_7f20a17d6d2b
ENT_007325,ent_ee3fc89a5008
ENT_007326,ent_1695353b0c0b
ENT_007331,ent_a22617238f8c
ENT_007332,ent_e0f98ef20d9b
ENT_007333,ent_f68159882f5b
ENT_007334,ent_51414c369a68
ENT_007335,ent_5fcb5d3b40b5
ENT_007337,ent_75fa5c9df77c
ENT_007338,ent_ef9a9ac91e64
ENT_007342,ent_426277860abe
ENT_007344,ent_8314e4e4acbd
ENT_007345,ent_d58c6b3b3dad
ENT_007346,ent_aaf5f8d77a69
ENT_007347,ent_cb6f0f661ac5
ENT_007348,ent_d49a646c0173
ENT_007349,ent_64439802c87f
ENT_007352,ent_e132dcea1867
ENT_007353,ent_4b931cd36470
ENT_007354,ent_cba69ff81fe5
ENT_007355,ent_799452be2b27
ENT_007356,ent_2d880a9a66c5
ENT_007357,ent_3332fe9d89d2
ENT_007359,ent_d1322ed60274
ENT_007362,ent_5eed5a25752d
ENT_007363,ent_b00279ffafd1
ENT_007364,ent_3fcf59ba8a92
ENT_007365,ent_c817ffa8debc
ENT_007366,ent_8f3638c76601
ENT_007367,ent_de3cc9de97b5
ENT_007369,ent_9cb8ba075d85
ENT_007370,ent_ff5212f21cad
ENT_007371,ent_91c0b997e1ca
ENT_007372,ent_ef5c21d811c3
ENT_007373,ent_d39bf80a25af
ENT_007374,ent_aaf1f56aafb4
ENT_007375,ent_bd7d17b5ecb6
ENT_007376,ent_53e7490c211f
ENT_007377,ent_ea692990ae67
ENT_007378,ent_125f75c6ba8f
ENT_007379,ent_de50118e2d04
ENT_007380,ent_e564e431d3da
ENT_007381,ent_d95fbe430335
ENT_007382,ent_798a8c5be6d8
ENT_007383,ent_1b18270cbcd1
ENT_007384,ent_0961482dcb1f
ENT_007385,ent_1bbd5d8e6398
ENT_007386,ent_0e1743406d8a
ENT_007387,ent_2df329b4c8a4
ENT_007388,ent_0900f7448391
ENT_007389,ent_02ea0ca337d8
ENT_007390,ent_4773af778671
ENT_007391,ent_4a43ea405bb8
ENT_007392,ent_ac60c772f7e0
ENT_007393,ent_277ae882e5f3
ENT_007394,ent_c48998565b23
ENT_007395,ent_7f8bc4ea1c7f
ENT_007396,ent_0028aec8927b
ENT_007398,ent_800331d79ab9
ENT_007399,ent_eabb9f4d2a46
ENT_007401,ent_864805f9f304
ENT_007402,ent_d1e779c74c7b
ENT_007403,ent_bd2f70145b44
ENT_007404,ent_c3b5536cd563
ENT_007405,ent_eaaa18c17a07
ENT_007406,ent_11beebb0dffd
ENT_007408,ent_13531ef4534b
ENT_007409,ent_ef04744dcfa5
ENT_007410,ent_b6faf0c17b35
ENT_007411,ent_962b05fe4948
ENT_007412,ent_ba7b1a0a0ea8
ENT_007413,ent_4b4d6a854a2a
ENT_007414,ent_ec42286e90ec
ENT_007415,ent_b70302a6f1c2
ENT_007416,ent_f09dc10000b2
ENT_007417,ent_9f36e44aa61b
ENT_007418,ent_cc1c80f7c05e
ENT_007420,ent_2574767dd31f
ENT_007421,ent_b5ea7fdae380
ENT_007422,ent_ad4bac472853
ENT_007423,ent_9f0ae9ad1ced
ENT_007424,ent_2a16ca11eaee
ENT_007425,ent_dfcc415ce1f3
ENT_007426,ent_4818cbe3895b
ENT_007427,ent_8faa6ebf9724
ENT_007428,ent_5188741235a7
ENT_007429,ent_d4ec8e86ed99
ENT_007432,ent_abbfd51e706c
ENT_007433,ent_5960f8cfa1de
ENT_007434,ent_807389f2959e
ENT_007435,ent_5010e7af74b8
ENT_007436,ent_a9c1a68f17f9
ENT_007437,ent_ba8e18a16de5
ENT_007438,ent_f2358fb04ad3
ENT_007439,ent_dff66e49478d
ENT_007440,ent_a55daea7f831
ENT_007441,ent_ac8eb7a1c5bf
ENT_007442,ent_54a59ec76465
ENT_007443,ent_1df12c4b34f2
ENT_007445,ent_0a21b20979de
ENT_007446,ent_32250c40c10b
ENT_007447,ent_e4d18d9ecfd3
ENT_007448,ent_efef2b812e9d
ENT_007449,ent_323a79d60a67
ENT_007450,ent_28a471348133
ENT_007451,ent_19c99ad79e4b
ENT_007452,ent_17f2bcfccfcb
ENT_007453,ent_600e3dc4ec1e
ENT_007454,ent_a6bb0108db72
ENT_007455,ent_428f74b60fc9
ENT_007456,ent_ca21de56af13
ENT_007457,ent_00af56793c8a
ENT_007458,ent_bd1647b9023a
ENT_007459,ent_e1230bd3ba3b
ENT_007460,ent_a9c5c316fb2f
ENT_007461,ent_48eadf18a398
ENT_007462,ent_8b465e999f2e
ENT_007463,ent_1878061a6d63
ENT_007464,ent_16fda8c2b08c
ENT_007466,ent_bd4e6669448e
ENT_007467,ent_2376e2d89d98
ENT_007468,ent_986144e4b5dc
ENT_007469,ent_0a3259d4858c
ENT_007470,ent_e3cb84184fc3
ENT_007471,ent_d51dd861408a
ENT_007472,ent_6a28d15e1da1
ENT_007473,ent_08832f969c1f
ENT_007474,ent_7227e24abb93
ENT_007475,ent_4d4506ae89f9
ENT_007476,ent_7d0b47e569b3
ENT_007477,ent_c3fd8a54fe04
ENT_007478,ent_4983e7456e4a
ENT_007479,ent_1f8c1b7357d7
ENT_007480,ent_ff132da974dc
ENT_007481,ent_fdb2af085025
ENT_007482,ent_e0fcbd3096e0
ENT_007483,ent_79bdab414b69
ENT_007484,ent_eb5875326c46
ENT_007485,ent_97b614801ade
ENT_007486,ent_612c4ace03da
ENT_007488,ent_34ccad07a966
ENT_007489,ent_a4e042030ad5
ENT_007491,ent_b0b5cf663018
ENT_007492,ent_9c488e82babe
ENT_007494,ent_81da3102c78c
ENT_007495,ent_c98b6fdc352e
ENT_007496,ent_7755502bfff1
ENT_007497,ent_108d5b46f26d
ENT_007499,ent_fdecfbb2e231
ENT_007500,ent_d59dade3c682
ENT_007501,ent_bd367847390c
ENT_007502,ent_01702e14c6ab
ENT_007503,ent_7313a17dec31
ENT_007504,ent_723e6781016e
ENT_007505,ent_a31a672a0355
ENT_007507,ent_da3bef6442c9
ENT_007508,ent_ae26810e7d86
ENT_007509,ent_7276b7554ab9
ENT_007510,ent_6cc0c9d1bb93
ENT_007511,ent_2974921aa1bf
ENT_007513,ent_4a183c0a9d0e
ENT_007514,ent_c835ac784c49
ENT_007515,ent_cfaab7e02fd6
ENT_007516,ent_d2ad05191fdf
ENT_007517,ent_1cd41d9f194b
ENT_007518,ent_fdd378bd3adb
ENT_007519,ent_7488a8f20a67
ENT_007520,ent_5bb3eae975ad
ENT_007521,ent_607bc7e4eba9
ENT_007522,ent_fb558cd00d2a
ENT_007523,ent_16755905e521
ENT_007524,ent_407a3f6c4b6a
ENT_007526,ent_8dab5caa0fb7
ENT_007527,ent_f3c669f89ebd
ENT_007528,ent_29aeb7b56d8d
ENT_007530,ent_5fd865a24e17
ENT_007532,ent_3a5ea47d73d9
ENT_007534,ent_278f091099fd
ENT_007535,ent_6d55abafcfe6
ENT_007536,ent_6def14afe5b5
ENT_007537,ent_d66bcb1862ef
ENT_007538,ent_c7a168790b22
ENT_007539,ent_0779b04dcc1f
ENT_007540,ent_38047ab44822
ENT_007541,ent_e24204af4dd7
ENT_007542,ent_d8d1d0a5a3c8
ENT_007544,ent_6b70d4896ab3
ENT_007546,ent_ec7136354397
ENT_007547,ent_c5125111c615
ENT_007548,ent_fe5f9271588d
ENT_007549,ent_b84570ce0107
ENT_007550,ent_1f5cf8581377
ENT_007551,ent_1bc9d31c2137
ENT_007552,ent_53fd79e4a9e8
ENT_007553,ent_ff1c35979bab
ENT_007555,ent_9d8be63f2db8
ENT_007556,ent_eb203e882d83
ENT_007557,ent_3994982719c2
ENT_007558,ent_c039c45eb707
ENT_007559,ent_092061df084e
ENT_007560,ent_bdae6b4bf129
ENT_007561,ent_c1f1dbecc723
ENT_007562,ent_5fa7f233ab53
ENT_007563,ent_ecb8e6ee1f61
ENT_007565,ent_baf2249fbd47
ENT_007566,ent_8ee8c92ffd55
ENT_007568,ent_9295f37c2299
ENT_007569,ent_aab5c4db94c9
ENT_007571,ent_3a24506de09b
ENT_007572,ent_281336544b13
ENT_007573,ent_c61d0adbfaec
ENT_007574,ent_6cc20f4d38ff
ENT_007575,ent_05c443b8450d
ENT_007576,ent_ede33360e20c
ENT_007577,ent_f0f21d60c781
ENT_007578,ent_f7e17562f4d8
ENT_007579,ent_08eac0aa9ad2
ENT_007580,ent_61103e69aa0e
ENT_007581,ent_bb9bc23eb46c
ENT_007582,ent_b43cdd5521eb
ENT_007583,ent_580eb253eefd
ENT_007584,ent_9c94d438167a
ENT_007586,ent_29c4c69d372f
ENT_007587,ent_8dec7ef47193
ENT_007588,ent_c8f348c7b28b
ENT_007589,ent_b6458498d700
ENT_007590,ent_8c3266730a92
ENT_007591,ent_8fbac480d531
ENT_007592,ent_a755f2c5d9b7
ENT_007593,ent_56ff2b67470f
ENT_007594,ent_dc94f1fd55fa
ENT_007595,ent_c7f4874bb414
ENT_007597,ent_1ca36e458efc
ENT_007598,ent_da6f5eca234b
ENT_007599,ent_1ebdb778aaca
ENT_007600,ent_affebfdb097e
ENT_007602,ent_21a8b1d99935
ENT_007603,ent_47d082b8e10f
ENT_007604,ent_baee137a9759
ENT_007605,ent_7a0860cf2121
ENT_007607,ent_bcf7cb2ebe38
ENT_007609,ent_42e06c486ce4
ENT_007610,ent_784b464aa52c
ENT_007611,ent_b326d04fa3c9
ENT_007612,ent_d7071b5d7f01
ENT_007613,ent_47958b6e5a35
ENT_007614,ent_1f810711473f
ENT_007616,ent_4f83dc021ae3
ENT_007617,ent_66327a66e297
ENT_007618,ent_1d9e0b3115e7
ENT_007619,ent_0cd9f4188ba0
ENT_007620,ent_fa07f2dd2002
ENT_007621,ent_c20fe16f5008
ENT_007622,ent_f287dd91cdc9
ENT_007623,ent_fabe029a32ba
ENT_007624,ent_a1a608dc646c
ENT_007626,ent_880ec89b949a
ENT_007627,ent_0f1f203c34c0
ENT_007628,ent_91be7b739046
ENT_007629,ent_3fcbaf6576ed
ENT_007630,ent_7ef04aa9c7c3
ENT_007632,ent_a443326920ef
ENT_007633,ent_cbf84aedd22a
ENT_007636,ent_f67ef8d5ec88
ENT_007637,ent_b35ea1e8f275
ENT_007638,ent_ec730e5c9596
ENT_007639,ent_74ef7dcb5cc1
ENT_007640,ent_0eae139a5cb6
ENT_007641,ent_e2a830762b4e
ENT_007642,ent_48b8cd12560e
ENT_007643,ent_16b9087d0868
ENT_007644,ent_af5bdc50bbbc
ENT_007645,ent_22e53083c0fb
ENT_007646,ent_aa4b529aff61
ENT_007647,ent_02dfa6bd77a5
ENT_007648,ent_c9c8fe86b5ee
ENT_007649,ent_bdf8d8402b11
ENT_007650,ent_c70da59049f4
ENT_007651,ent_642fdccb48d9
ENT_007652,ent_765fe5c1eb56
ENT_007653,ent_d725ae46dad3
ENT_007654,ent_12fb9d69be12
ENT_007655,ent_4288f3de7bd0
ENT_007656,ent_782362c80150
ENT_007657,ent_0d11f3673140
ENT_007658,ent_1edcb5c7694b
ENT_007659,ent_ca436787c281
ENT_007660,ent_7772af9a773b
ENT_007661,ent_29579418eb9a
ENT_007662,ent_4fc8ed490eed
ENT_007663,ent_9e9869f6ee85
ENT_007664,ent_6811d9be92a8
ENT_007665,ent_9deb5408ea3c
ENT_007666,ent_2e7aabd73b77
ENT_007667,ent_9ee63e936ef1
ENT_007668,ent_5b5fd188eadd
ENT_007669,ent_28d1ecd846c8
ENT_007670,ent_d21de42baead
ENT_007671,ent_295099b9aa51
ENT_007672,ent_5951ff7636c1
ENT_007673,ent_442837c079ff
ENT_007674,ent_579a9c5d47e9
ENT_007675,ent_6b3ad45ee630
ENT_007676,ent_756862481cc6
ENT_007677,ent_42805996b022
ENT_007678,ent_e6e901652152
ENT_007679,ent_2a60357ed42b
ENT_007680,ent_c359eee500f3
ENT_007681,ent_b0d0814c3706
ENT_007682,ent_d977acc320fb
ENT_007683,ent_cea5bbe091d4
ENT_007684,ent_0ab2722550aa
ENT_007685,ent_a337f78c24c5
ENT_007686,ent_2d664081dfcc
ENT_007687,ent_ccaaf6321bc7
ENT_007688,ent_2b17aba54f1b
ENT_007689,ent_6b5a55eb0aea
ENT_007690,ent_f23891575be3
ENT_007691,ent_22a58b8306ab
ENT_007692,ent_80608995f048
ENT_007693,ent_c07e5335470a
ENT_007694,ent_6efdc8ba9814
ENT_007695,ent_6063ebc17f5b
ENT_007696,ent_0851ba8256d3
ENT_007697,ent_90d0b757bffd
ENT_007698,ent_64e213bf2bdd
ENT_007699,ent_f9d76dd3885c
ENT_007700,ent_b0aa3ef581fb
ENT_007701,ent_c68663e520a0
ENT_007702,ent_817288d88026
ENT_007703,ent_25637ee6a4c1
ENT_007704,ent_7aa972868a8c
ENT_007705,ent_c05618987b09
ENT_007706,ent_d064983c7581
ENT_007707,ent_5f4d05a3bbbc
ENT_007708,ent_2eac15c56e5c
ENT_007709,ent_98d9a898e4ba
ENT_007710,ent_3701b781f1f7
ENT_007711,ent_7f9e5b6e214a
ENT_007713,ent_faf3f1da2933
ENT_007714,ent_e0a1d36f88a4
ENT_007715,ent_1efca2e9f20a
ENT_007716,ent_43b027c6485c
ENT_007717,ent_872a23363809
ENT_007718,ent_b1d60a91bacf
ENT_007719,ent_1be2fdc136d5
ENT_007720,ent_bd2c45a04bc4
ENT_007721,ent_afd7980dbb4b
ENT_007722,ent_4f29a44fce81
ENT_007723,ent_c945a177b30b
ENT_007724,ent_bf848e105cab
ENT_007725,ent_010f7b0c41ba
ENT_007726,ent_4ada248c2a72
ENT_007727,ent_91433cb1e010
ENT_007728,ent_04d0f411dd6f
ENT_007729,ent_6edf3f5cdd40
ENT_007730,ent_0218215f372a
ENT_007731,ent_f4d48aa13aee
ENT_007732,ent_413850b9c5b7
ENT_007733,ent_6c3fbfc36878
ENT_007734,ent_2150aa21f884
ENT_007735,ent_720e925e8f12
ENT_007736,ent_ced1492d8a8d
ENT_007737,ent_c0fa6ede343b
ENT_007738,ent_15bce9a0eb23
ENT_007739,ent_a3619f2b9366
ENT_007740,ent_c178fb58e193
ENT_007741,ent_5dc7d1bf247a
ENT_007742,ent_b0bc6cfd7c2e
ENT_007743,ent_fb3ace251ec2
ENT_007744,ent_8cca5ab9ed43
ENT_007745,ent_44f2f1454382
ENT_007746,ent_cc7c811261c8
ENT_007747,ent_79544a383cbb
ENT_007748,ent_bb037d7154ee
ENT_007749,ent_9aeedc0b2b34
ENT_007750,ent_fb824669feed
ENT_007751,ent_e8ae3afecf48
ENT_007752,ent_de2950f92188
ENT_007753,ent_bd846c05ad2c
ENT_007754,ent_92814cdb8c50
ENT_007755,ent_3ec3c3155e8f
ENT_007757,ent_e39908a94649
ENT_007758,ent_e3f945fb0350
ENT_007761,ent_60041e618740
ENT_007762,ent_35927558bb05
ENT_007766,ent_529e8f97eabd
ENT_007770,ent_e4c01ac25d93
ENT_007771,ent_114f96584bd6
ENT_007772,ent_0559c262b4da
ENT_007775,ent_0faf06ff21b2
ENT_007776,ent_ba6c9a4d6c37
ENT_007777,ent_314bb0fd8efd
ENT_007778,ent_4fd2d3a32b6c
ENT_007780,ent_631626b812ff
ENT_007781,ent_7f715f8d32c2
ENT_007784,ent_bc46cc3e1753
ENT_007785,ent_f5f1b861ff8c
ENT_007786,ent_f45b801543ed
ENT_007787,ent_d966268b0d27
ENT_007788,ent_54c45aed7316
ENT_007790,ent_f188e12f4adf
ENT_007791,ent_d153c533aa66
ENT_007792,ent_4bae3774a30c
ENT_007793,ent_04360481fb92
ENT_007794,ent_10477f03e45b
ENT_007795,ent_124fa5f0ee39
ENT_007796,ent_06c58aa723d5
ENT_007797,ent_162294bb57cf
ENT_007798,ent_3201a6b2a8a4
ENT_007799,ent_c3e266bb7d64
ENT_007800,ent_1fd67bc6214a
ENT_007801,ent_e35f70be5b4e
ENT_007802,ent_27366d01ff90
ENT_007803,ent_40775ef71db2
ENT_007805,ent_9cef9bb45605
ENT_007806,ent_c411973ce91c
ENT_007807,ent_ab816d93f509
ENT_007808,ent_3b0620880938
ENT_007809,ent_c619c82ebd48
ENT_007810,ent_0e6fd1d3473b
ENT_007811,ent_c703a6dfce8d
ENT_007812,ent_60a0c64a0cad
ENT_007813,ent_aeac7fce0514
ENT_007814,ent_0c81f39f57ad
ENT_007815,ent_8c829448e33d
ENT_007816,ent_3298038602dc
ENT_007818,ent_1f719beb04a5
ENT_007819,ent_dd2e7ffd4604
ENT_007821,ent_fad8ed859d12
ENT_007822,ent_3cb490bb3174
ENT_007823,ent_52a519d0e2e9
ENT_007824,ent_0e3079cfaf18
ENT_007826,ent_e1346dddac42
ENT_007827,ent_1de69c9c818d
ENT_007828,ent_8ae51d527400
ENT_007829,ent_88c4bb9eab81
ENT_007830,ent_44aebceed75e
ENT_007832,ent_7009c99ff093
ENT_007833,ent_b99e5b98b112
ENT_007834,ent_75d49e891e53
ENT_007835,ent_3f81bb2913ef
ENT_007836,ent_7b0a8e61dace
ENT_007837,ent_b4a9f689a01f
ENT_007839,ent_290df7af95b7
ENT_007840,ent_db55c6a5c515
ENT_007841,ent_4219b3e30313
ENT_007842,ent_6a20050b6a78
ENT_007843,ent_8d0e1829d6a8
ENT_007844,ent_a77a37617a71
ENT_007848,ent_825ec8c8e67d
ENT_007850,ent_e116dda22a97
ENT_007851,ent_35bba033cf91
ENT_007854,ent_c0d951316879
ENT_007856,ent_311e8009653a
ENT_007857,ent_6a0609dd47fe
ENT_007858,ent_d5c8e5b60add
ENT_007859,ent_49c9b74179ce
ENT_007860,ent_632078c1c281
ENT_007862,ent_0d95e6cedae4
ENT_007864,ent_f5223b7b6224
ENT_007865,ent_8e8128c383c1
ENT_007866,ent_25d6fa71860b
ENT_007867,ent_0a56d315665a
ENT_007868,ent_4622d7734b7f
ENT_007869,ent_3e183bcdad07
ENT_007870,ent_9f65fbf98cda
ENT_007871,ent_de9cdd8597c3
ENT_007874,ent_4fb5df9ddf42
ENT_007875,ent_1078f0e78144
ENT_007876,ent_bf9d5fb0bf47
ENT_007878,ent_cf008f97fd8d
ENT_007879,ent_81348effb5a0
ENT_007882,ent_5590877e63de
ENT_007884,ent_7c3a06ab030f
ENT_007885,ent_a5b6e31ff0ee
ENT_007886,ent_5e7e6f316098
ENT_007887,ent_ab735cd03284
ENT_007888,ent_8e6c114a2421
ENT_007889,ent_9fdc88036f48
ENT_007890,ent_a3b897dc0dd7
ENT_007891,ent_aed6736768a7
ENT_007893,ent_73275c233023
ENT_007894,ent_6d7cb4b77c4f
ENT_007896,ent_05e030694b0e
ENT_007897,ent_3ac22c0265d7
ENT_007899,ent_37690a784d27
ENT_007900,ent_8af59121b3f6
ENT_007902,ent_299a7e0d74b8
ENT_007904,ent_8122e364c83e
ENT_007905,ent_93daa03495ed
ENT_007906,ent_571176b9c114
ENT_007910,ent_fb4e104c1235
ENT_007912,ent_7885c2cc98ba
ENT_007913,ent_4d25f80d9ea1
ENT_007916,ent_15ce4d9cbd93
ENT_007917,ent_9dc3a2be388d
ENT_007918,ent_bde2297fb13d
ENT_007919,ent_d726e7d4648f
ENT_007921,ent_aa7f7c8c0d32
ENT_007922,ent_2513a4b662b1
ENT_007925,ent_8c37c55aa972
ENT_007927,ent_6fe1a1ea207d
ENT_007928,ent_35fe2d579a9b
ENT_007929,ent_5ba1a9a1b896
ENT_007930,ent_aabf7f7382c4
ENT_007931,ent_0accd9c7b107
ENT_007932,ent_6d2d7c66aa20
ENT_007934,ent_8e574f3f78a6
ENT_007935,ent_7b1d18a6f063
ENT_007937,ent_57ad6488f258
ENT_007938,ent_bad958ac51ca
ENT_007939,ent_3eeb0032e6be
ENT_007940,ent_75402d571f38
ENT_007941,ent_a1178e9738c1
ENT_007943,ent_78375c063cb9
ENT_007944,ent_e0bdd015941f
ENT_007946,ent_56d320740b83
ENT_007948,ent_1fa16989f583
ENT_007949,ent_669d28187dae
ENT_007951,ent_875fec474949
ENT_007952,ent_11fd0d827a66
ENT_007954,ent_883dba211288
ENT_007957,ent_0c4c17ba672f
ENT_007959,ent_0ee521b5ec5b
ENT_007961,ent_ff9ae3e263d0
ENT_007962,ent_a025c05da66c
ENT_007963,ent_b428b629fb6d
ENT_007965,ent_3723753b7600
ENT_007968,ent_ff55f8b87795
ENT_007970,ent_e8401f7bf1e6
ENT_007972,ent_617cf633e610
ENT_007973,ent_61c4c0255956
ENT_007974,ent_5f76e3886d1c
ENT_007975,ent_9a6ce0d0e78c
ENT_007977,ent_678a346db519
ENT_007978,ent_b204c5f3c41c
ENT_007979,ent_ebce93939395
ENT_007980,ent_57d1dc02984c
ENT_007981,ent_601d6f7b303b
ENT_007983,ent_aa4892474437
ENT_007984,ent_fba1fa4d21b9
ENT_007985,ent_c38ab5f113b8
ENT_007986,ent_a846755dd5ae
ENT_007988,ent_6252f39caa13
ENT_007989,ent_5d63f03a2536
ENT_007990,ent_7d3d28f2b6be
ENT_007991,ent_f4459568107a
ENT_007993,ent_d81e1b51adb7
ENT_007994,ent_f486d2c3e30e
ENT_007995,ent_3159972332f0
ENT_007996,ent_f5ebfee51b93
ENT_007997,ent_791e97d24a20
ENT_007999,ent_28e4b73364ed
ENT_008000,ent_b78a2afdb935
ENT_008001,ent_62775655d4ba
ENT_008002,ent_6a412d0f24a3
ENT_008003,ent_26196fc19c15
ENT_008005,ent_98ddcc5b0209
ENT_008006,ent_196bec24579d
ENT_008007,ent_f85f188a0b2c
ENT_008008,ent_70b81da71d9c
ENT_008009,ent_24bb986bec80
ENT_008010,ent_c89aeb4f1a65
ENT_008011,ent_63a6b27a74d7
ENT_008013,ent_455cf9faccb9
ENT_008014,ent_fdfba57238e2
ENT_008015,ent_0ff1e85b7b5d
ENT_008016,ent_8faae84a2f93
ENT_008017,ent_330dd4ffaf5f
ENT_008018,ent_b01a1ad520d4
ENT_008020,ent_8e270697e679
ENT_008021,ent_72e52bd63ce4
ENT_008022,ent_3d24479a2bd1
ENT_008027,ent_953c94086240
ENT_008030,ent_3b23d0f11af6
ENT_008032,ent_e789e36db1cd
ENT_008037,ent_885b7c667b35
ENT_008038,ent_d91e5627c0e5
ENT_008039,ent_d0de7c26e3b0
ENT_008040,ent_5f835ebd4320
ENT_008041,ent_26ff0557a8a5
ENT_008042,ent_5e9318631620
ENT_008043,ent_9023f8a9ddc3
ENT_008047,ent_37afff1b61c4
ENT_008049,ent_6daa00cd656d
ENT_008051,ent_9d12cc7b9499
ENT_008053,ent_53cc7cc34b77
ENT_008055,ent_d4fe6eabb15e
ENT_008056,ent_4dee516da3ce
ENT_008057,ent_e0962fcb20f5
ENT_008058,ent_77f04a946490
ENT_008059,ent_7140e6ac6b93
ENT_008060,ent_e280bf75286a
ENT_008061,ent_4221eff723f3
ENT_008063,ent_6a0e71856e7d
ENT_008064,ent_be6b87c0714b
ENT_008065,ent_dcf5e0ba9d77
ENT_008066,ent_6c704d39fab1
ENT_008067,ent_3150eb6e0754
ENT_008068,ent_1d14c6febcb1
ENT_008069,ent_cec9bbbd7bdd
ENT_008071,ent_a2ac9a67f175
ENT_008074,ent_1581380134c3
ENT_008075,ent_bd57f618748a
ENT_008076,ent_4f63adb30595
ENT_008078,ent_099e828d877b
ENT_008079,ent_bf1e46dca251
ENT_008080,ent_cc5683bb5a61
ENT_008081,ent_78e2af476cec
ENT_008082,ent_e87d16247e8f
ENT_008083,ent_3afa65d6c4dc
ENT_008084,ent_a5d837da7e39
ENT_008085,ent_809ad2c03d26
ENT_008088,ent_081c9a86a3f2
ENT_008089,ent_c741ac1eb660
ENT_008090,ent_263e4d614aac
ENT_008091,ent_0304e2dc0828
ENT_008093,ent_c18821d15114
ENT_008095,ent_bb644770945b
ENT_008096,ent_c817e45d7f2d
ENT_008097,ent_4a778465d818
ENT_008100,ent_75d43397aa95
ENT_008101,ent_79be471f2b02
ENT_008102,ent_9ffd9fc49587
ENT_008103,ent_afe489f4e0ca
ENT_008104,ent_a2609eaaa0fc
ENT_008105,ent_fbd6002abbb8
ENT_008107,ent_58d6dd65833a
ENT_008108,ent_3d10fa33b2c3
ENT_008110,ent_e62750c845eb
ENT_008111,ent_19907c7efa2f
ENT_008112,ent_e0bcad65c909
ENT_008113,ent_b6cb3274ff83
ENT_008114,ent_58d51f295ca3
ENT_008115,ent_5827edc08d1c
ENT_008117,ent_65e3841b0c9c
ENT_008118,ent_162178aff351
ENT_008121,ent_291f33b71eb6
ENT_008122,ent_85a548e9a214
ENT_008123,ent_6bfca94c8bf3
ENT_008124,ent_9f50821d1183
ENT_008125,ent_dbd7ae932be7
ENT_008128,ent_f93669b9cf6f
ENT_008129,ent_6d3cbefbe6d1
ENT_008132,ent_8f01d4742ba0
ENT_008133,ent_84b1c581912f
ENT_008135,ent_902f58234673
ENT_008137,ent_a21d6efc3dbe
ENT_008138,ent_7ebf5b66e1ef
ENT_008139,ent_d9f78dafba5d
ENT_008140,ent_52964a4c099a
ENT_008142,ent_78978a67eed6
ENT_008143,ent_448326e98037
ENT_008145,ent_69df6670b715
ENT_008146,ent_2577a11e5846
ENT_008152,ent_9f28034490c2
ENT_008153,ent_51e5f4803cb0
ENT_008154,ent_265b91b41a7c
ENT_008155,ent_68b8a1f4aff7
ENT_008156,ent_93af466a81a9
ENT_008158,ent_ca6623546515
ENT_008159,ent_3c54a5b9679f
ENT_008160,ent_534759d15149
ENT_008162,ent_38487df8f46f
ENT_008163,ent_d8cee07417a9
ENT_008165,ent_d96b7fea5c5e
ENT_008166,ent_98f223044323
ENT_008167,ent_5a0e32704c0e
ENT_008169,ent_1782cdc170f9
ENT_008170,ent_3fad1bd4c81a
ENT_008171,ent_d0d9e3c32b40
ENT_008172,ent_9070d25468a0
ENT_008174,ent_021fcac63d76
ENT_008175,ent_7b93fb64ce91
ENT_008176,ent_64f88e3a2c44
ENT_008180,ent_d3d5649c736e
ENT_008183,ent_e5e130dcf509
ENT_008189,ent_cd2a9798ea2c
ENT_008190,ent_9a866ae1443e
ENT_008191,ent_3beb41d482a0
ENT_008192,ent_a90bfb537b03
ENT_008193,ent_b6e0391b3d3a
ENT_008194,ent_905620ff23a1
ENT_008195,ent_9b6dc07a6c35
ENT_008197,ent_41034a8907ab
ENT_008198,ent_4e8d51285277
ENT_008199,ent_eab17e1c8c76
ENT_008200,ent_01e1f022d858
ENT_008201,ent_701aebbd97fa
ENT_008202,ent_716a980301cf
ENT_008203,ent_75ee6f065a83
ENT_008205,ent_a1a81f71376d
ENT_008206,ent_1354c04be4aa
ENT_008208,ent_41c79e588e23
ENT_008210,ent_742a3b770732
ENT_008211,ent_a8873d9d69ad
ENT_008213,ent_0f2c09d8f0ad
ENT_008215,ent_434db130e1ce
ENT_008216,ent_ae65d97db077
ENT_008217,ent_e92b8298c2fc
ENT_008220,ent_08fa5af742d3
ENT_008222,ent_326acece050c
ENT_008223,ent_1e3c71dc17f9
ENT_008224,ent_139fae56e2b7
ENT_008225,ent_6589328cbfae
ENT_008227,ent_24cd60e74494
ENT_008229,ent_50775dd6a180
ENT_008230,ent_6f3769787527
ENT_008231,ent_7d268842ed21
ENT_008232,ent_9ed7be0c337e
ENT_008233,ent_16f5aa3deac0
ENT_008234,ent_a535ab06bc62
ENT_008235,ent_b5309a813078
ENT_008236,ent_48a495d4ef18
ENT_008237,ent_e0798e94cbd6
ENT_008238,ent_b9c23ac1a401
ENT_008239,ent_b3a3a2145c1d
ENT_008240,ent_623b7606e151
ENT_008241,ent_2dbb703ccaf5
ENT_008242,ent_67652175bc7f
ENT_008243,ent_6627f9fdd8e1
ENT_008244,ent_c350128b727d
ENT_008245,ent_d50ac9c4d2a7
ENT_008246,ent_60bc3af63b4c
ENT_008247,ent_dd16575afcc5
ENT_008248,ent_5f7fc7257f59
ENT_008249,ent_b74f10fb9249
ENT_008250,ent_312c08119820
ENT_008251,ent_a934c86a9f00
ENT_008252,ent_1997a86bef14
ENT_008253,ent_85ffc65dde68
ENT_008254,ent_eede0f062334
ENT_008257,ent_102a823fc967
ENT_008258,ent_a1b13bc670e3
ENT_008259,ent_bc8d798d810a
ENT_008260,ent_3b525200d7d1
ENT_008261,ent_900f635b7550
ENT_008262,ent_014afffd9a19
ENT_008263,ent_21203e6ee130
ENT_008264,ent_085c31f749f3
ENT_008265,ent_2cbc1b1e2903
ENT_008267,ent_1ddb361e2f59
ENT_008268,ent_23570fd401d3
ENT_008269,ent_583c05edea4d
ENT_008271,ent_5b166150f11e
ENT_008272,ent_754ea36a5a69
ENT_008274,ent_d59c203cfb98
ENT_008275,ent_2728d701e098
ENT_008276,ent_1b6224319668
ENT_008277,ent_b11e8979518c
ENT_008280,ent_497cec243e32
ENT_008281,ent_a409e466efee
ENT_008282,ent_796667b04c43
ENT_008283,ent_1e3b3e1603f8
ENT_008284,ent_781c5e463daa
ENT_008285,ent_fd3bb72ab77b
ENT_008286,ent_2e2182233712
ENT_008287,ent_548026f22aeb
ENT_008288,ent_d33daa39342f
ENT_008290,ent_9998852a6da8
ENT_008291,ent_d1a6f655e534
ENT_008292,ent_07fe04646683
ENT_008294,ent_e8024358e6a6
ENT_008295,ent_e31fd15e5638
ENT_008296,ent_d297c53084c2
ENT_008297,ent_6e616e59b0e5
ENT_008299,ent_c6dde4aded62
ENT_008302,ent_dafc3445ad2c
ENT_008303,ent_bba16869629e
ENT_008307,ent_fcd0f0ee8d16
ENT_008310,ent_051f9fe521a2
ENT_008312,ent_79325ca7254b
ENT_008314,ent_8daa90b03098
ENT_008317,ent_5c6fd33ea18d
ENT_008318,ent_cf79e771d8c3
ENT_008319,ent_e2e81fd221c9
ENT_008320,ent_723bdd7f2b10
ENT_008321,ent_bb2edd4d47a6
ENT_008322,ent_757b5b2c6c30
ENT_008324,ent_b42aea0bb4ce
ENT_008325,ent_69d3201e0906
ENT_008326,ent_11a1caba5348
ENT_008330,ent_ae7d5d4c703d
ENT_008333,ent_bc90e78586bb
ENT_008335,ent_43a04e8977ac
ENT_008337,ent_e7fb9e17d631
ENT_008339,ent_70b22f17e7e4
ENT_008341,ent_fbc2a1c07ede
ENT_008344,ent_21cb30f8997f
ENT_008345,ent_ee5f897bb622
ENT_008347,ent_c698f04d490c
ENT_008349,ent_2b5c75f4d188
ENT_008350,ent_9652da31b821
ENT_008351,ent_35f70ca13216
ENT_008353,ent_79228bbd8ef0
ENT_008354,ent_751056c68091
ENT_008355,ent_51d4f2cd4198
ENT_008356,ent_899b427e40d2
ENT_008358,ent_cd2ee933a2b8
ENT_008359,ent_4a2973fe1243
ENT_008360,ent_09f10e08eeac
ENT_008362,ent_6eb6b1b3a788
ENT_008363,ent_6ecfe409e980
ENT_008365,ent_dfdfc8bf0e33
ENT_008366,ent_739e7f494f90
ENT_008367,ent_e0aad2479b8d
ENT_008369,ent_1fc86fc103e7
ENT_008372,ent_7331d81cd9e6
ENT_008375,ent_12ef6fe7d65c
ENT_008378,ent_6b67dcf9cec4
ENT_008380,ent_e590c79d9d67
ENT_008381,ent_cd4d15b8b498
ENT_008382,ent_f6024a8aabf4
ENT_008383,ent_20e807e5ab17
ENT_008385,ent_822c3708d6b2
ENT_008387,ent_96b40b6ede4b
ENT_008388,ent_dc50856cd9d6
ENT_008389,ent_cab2c8d99661
ENT_008390,ent_398677f2b51e
ENT_008392,ent_13b3bc551b8d
ENT_008393,ent_bbbde7743211
ENT_008394,ent_6915c2200d98
ENT_008395,ent_75abce339087
ENT_008396,ent_c2a6905a5464
ENT_008397,ent_ee00910d08c0
ENT_008398,ent_3db529fc1cd4
ENT_008399,ent_9aadbc7cdf9a
ENT_008400,ent_8ea7969f4202
ENT_008401,ent_8f7767b5df75
ENT_008402,ent_737b23d285cb
ENT_008404,ent_6fb92f87ac97
ENT_008405,ent_5d9cc273bb5a
ENT_008407,ent_e4f50ff7143a
ENT_008408,ent_f6d940abe161
ENT_008409,ent_a5f84c1cbc3b
ENT_008410,ent_3cd1350e78dd
ENT_008411,ent_a7d8b898c5ae
ENT_008419,ent_1da1cb7826ea
ENT_008420,ent_ce3515730ab5
ENT_008423,ent_75ddc4f576bd
ENT_008424,ent_033fd32a9943
ENT_008425,ent_46b31dfd449c
ENT_008428,ent_035cfda43657
ENT_008431,ent_a3734dd66648
ENT_008432,ent_6a585318fcce
ENT_008433,ent_54f7d8a9fff1
ENT_008436,ent_22a13c8665b2
ENT_008437,ent_13542d419984
ENT_008438,ent_30ab3297d4b4
ENT_008441,ent_03b5a660a8ed
ENT_008442,ent_63a870b4c4ce
ENT_008443,ent_052344aba268
ENT_008444,ent_f5162da6a9bb
ENT_008445,ent_3dde76c70679
ENT_008446,ent_d0515ac81156
ENT_008448,ent_81bc872b61f3
ENT_008450,ent_e7f3ca3a39db
ENT_008451,ent_e36ff6fef96d
ENT_008452,ent_ecb0a160a772
ENT_008453,ent_2e540999d4e9
ENT_008455,ent_5b6ff1c49a02
ENT_008456,ent_04b181e4649d
ENT_008457,ent_320370f3c902
ENT_008458,ent_4865e022162f
ENT_008459,ent_bb0c57afd78f
ENT_008460,ent_96e7b8dd157e
ENT_008461,ent_385ef1c321b2
ENT_008462,ent_77f81eaa636a
ENT_008464,ent_54681d7acf62
ENT_008470,ent_c632982d6390
ENT_008471,ent_e3dd6acb9097
ENT_008472,ent_62f00d0f8f10
ENT_008473,ent_904a5cfb2e4f
ENT_008474,ent_ba0b64d82f5c
ENT_008475,ent_d4e7248caf0b
ENT_008476,ent_b6d110cfbdae
ENT_008477,ent_ed7a3c5de22c
ENT_008478,ent_0a91d20cc1b9
ENT_008479,ent_184145440d28
ENT_008480,ent_d1e912ed0333
ENT_008482,ent_8806f5481a1f
ENT_008483,ent_9dfbe009adc2
ENT_008484,ent_84946667d9af
ENT_008485,ent_7e8bb853d7d5
ENT_008486,ent_88a8930d3bcc
ENT_008489,ent_bb5fb33097da
ENT_008490,ent_501a49b8ff46
ENT_008493,ent_03675b867c80
ENT_008496,ent_2dc4044fe676
ENT_008497,ent_ceb9f54ca19c
ENT_008500,ent_b3106a41d38d
ENT_008501,ent_34edb33b0b0e
ENT_008502,ent_32bf6aef565c
ENT_008504,ent_bc68c2dd1dda
ENT_008505,ent_35ce90c6a45b
ENT_008506,ent_274b4ea6fa3c
ENT_008507,ent_77ec141a3b95
ENT_008508,ent_ed69a16be7a5
ENT_008510,ent_9b16e564884c
ENT_008511,ent_b4f49d3b5ac5
ENT_008513,ent_3e3aa0bac4e0
ENT_008514,ent_9f2bacea5c1b
ENT_008516,ent_193b9707c599
ENT_008517,ent_9be34f524877
ENT_008518,ent_a7c7dfdb6f22
ENT_008519,ent_4a0dc581b1f5
ENT_008520,ent_a3040974c515
ENT_008521,ent_e8e558e59f34
ENT_008522,ent_49a375d404bd
ENT_008525,ent_0fe2c1cd52ff
ENT_008526,ent_a94e75ae3f31
ENT_008527,ent_44cd6e799e18
ENT_008529,ent_669fcf1766ff
ENT_008531,ent_940a28dbf0fe
ENT_008532,ent_ff69f0ac3951
ENT_008533,ent_be50e6fd90cc
ENT_008535,ent_1c758bbac667
ENT_008537,ent_e1dc93f41e17
ENT_008538,ent_9ff08b0a4a42
ENT_008539,ent_a639180fc59b
ENT_008540,ent_4fef9d1d569d
ENT_008541,ent_0ce494298de9
ENT_008542,ent_0a28a0162d93
ENT_008543,ent_81136db77774
ENT_008544,ent_83c63f7d9935
ENT_008545,ent_24be56123dd8
ENT_008546,ent_2a58ad4903bd
ENT_008547,ent_bce66bd0c518
ENT_008548,ent_1c0f8ad9b45f
ENT_008550,ent_5715073d06ef
ENT_008551,ent_5784afe88da5
ENT_008552,ent_0ef0876bf776
ENT_008553,ent_7b512bcaa68b
ENT_008554,ent_0fe43206a775
ENT_008555,ent_0d2682f2b71e
ENT_008556,ent_a0f72e3fd96e
ENT_008557,ent_ced52c7278ad
ENT_008558,ent_8105485382ff
ENT_008559,ent_9979800e5812
ENT_008560,ent_f80cf1d65d74
ENT_008561,ent_269216da7d9c
ENT_008564,ent_0a1160574173
ENT_008565,ent_960a9305ac12
ENT_008566,ent_c269f47dbd3c
ENT_008569,ent_e143834c842a
ENT_008576,ent_c1414b205922
ENT_008579,ent_b64ace4a3143
ENT_008580,ent_ef0d95e2686d
ENT_008582,ent_8b13c5ff3ebb
ENT_008583,ent_2faf1f7e29fb
ENT_008584,ent_72460f49fa65
ENT_008586,ent_c167bffd2d4e
ENT_008587,ent_b771f98f602b
ENT_008588,ent_2314d0c3eb18
ENT_008589,ent_087b9f151aa5
ENT_008590,ent_b06bf821bf98
ENT_008591,ent_a397056e3374
ENT_008596,ent_888cf7cbecbd
ENT_008597,ent_ff14b3a3693a
ENT_008598,ent_9d76d66a4eef
ENT_008599,ent_5d1a0f1295ac
ENT_008600,ent_3a73262ad1dd
ENT_008601,ent_b12f8611c498
ENT_008602,ent_9ff01496e1e1
ENT_008603,ent_59d94f012c48
ENT_008605,ent_993662f3ca0a
ENT_008606,ent_d3f056613b45
ENT_008607,ent_fc88723fe63e
ENT_008608,ent_77a80d2bf555
ENT_008609,ent_cdc34962f473
ENT_008610,ent_207881b0371e
ENT_008611,ent_1696484d4628
ENT_008612,ent_05d78c7d4c75
ENT_008613,ent_3db099373f00
ENT_008614,ent_58308fb8ee24
ENT_008615,ent_0a2f441352ab
ENT_008616,ent_af9cafa6e10a
ENT_008617,ent_b6d46ac08658
ENT_008618,ent_845bc2bf1043
ENT_008619,ent_25e1dc1e9cfa
ENT_008620,ent_58e886187f27
ENT_008621,ent_a37237e5a6ef
ENT_008622,ent_36eaf958f1b3
ENT_008623,ent_0aebdfe38380
ENT_008624,ent_932e9b3b2ac2
ENT_008625,ent_9b9f88305db7
ENT_008626,ent_35bf2b3307d3
ENT_008627,ent_9b1f54563255
ENT_008628,ent_3bc91898ce2b
ENT_008629,ent_7a2bb598305a
ENT_008630,ent_bc7df7799cca
ENT_008631,ent_1e8d9c3f794b
ENT_008632,ent_e54c77799ac2
ENT_008633,ent_8a8d47362430
ENT_008634,ent_ce99d5d3435b
ENT_008635,ent_32bcf05705da
ENT_008636,ent_df28a1812748
ENT_008637,ent_382f26c7c9e1
ENT_008638,ent_f24919fb8d41
ENT_008639,ent_9d9172745e7c
ENT_008641,ent_5e4b5a60ee6c
ENT_008643,ent_a7679ff90d2f
ENT_008644,ent_9a2d49816c66
ENT_008645,ent_70791d49a754
ENT_008646,ent_f250cf1328a7
ENT_008649,ent_e7eeb4eaa9d5
ENT_008650,ent_768b6840d197
ENT_008651,ent_e89b950dbff7
ENT_008652,ent_78b6597e8444
ENT_008653,ent_877cfcd32be7
ENT_008654,ent_56249d62b618
ENT_008655,ent_36778c49234a
ENT_008656,ent_7ac935d785bb
ENT_008657,ent_df69e3ac0bec
ENT_008658,ent_9ee2895f2a95
ENT_008659,ent_ad00629928fd
ENT_008660,ent_22f7851ed3cc
ENT_008661,ent_c2e5e099b5ac
ENT_008662,ent_de7e74c0ac82
ENT_008663,ent_8a4d2936dec8
ENT_008664,ent_a4a17c1a2c49
ENT_008665,ent_8ebb184ce5b5
ENT_008666,ent_4c2f6a610fc2
ENT_008668,ent_f754b548d623
ENT_008671,ent_64ab921d9fc6
ENT_008673,ent_571908176be3
ENT_008674,ent_1e73fe69b80c
ENT_008675,ent_3110bdadca0b
ENT_008676,ent_73a58cae7874
ENT_008677,ent_d87faa07510b
ENT_008678,ent_a6776e2c8076
ENT_008679,ent_c9d8f330e17a
ENT_008680,ent_d4330d22ea9e
ENT_008681,ent_bcfbf482c76c
ENT_008682,ent_f5990207a968
ENT_008683,ent_48fb5d1cb891
ENT_008684,ent_053ea1951240
ENT_008685,ent_4c377fb456ec
ENT_008686,ent_4f580878d379
ENT_008687,ent_9ad2deda697e
ENT_008688,ent_076802714be7
ENT_008690,ent_f1121da76563
ENT_008692,ent_dce7ed9e285e
ENT_008694,ent_916f7fa33066
ENT_008695,ent_4c9ef4022b83
ENT_008696,ent_7ce7ffb3b1c8
ENT_008698,ent_597253b3d29c
ENT_008699,ent_92d6eb547eb0
ENT_008700,ent_9b56a940f766
ENT_008701,ent_6a08bde8cd3c
ENT_008707,ent_b4abca8d2fc8
ENT_008708,ent_5ee69425a251
ENT_008711,ent_2c6a93e6f0a2
ENT_008713,ent_adf8f1cb40a8
ENT_008714,ent_da3a1324514d
ENT_008715,ent_1ce273710f4b
ENT_008717,ent_a8fbf4db8004
ENT_008718,ent_5dacdd087244
ENT_008721,ent_e4b4750e73d1
ENT_008722,ent_0bba83432739
ENT_008723,ent_15bf97ba3062
ENT_008725,ent_b25965c5a50f
ENT_008727,ent_f737f03ab946
ENT_008729,ent_885be09f0182
ENT_008730,ent_3cc64441cba7
ENT_008731,ent_e57173258568
ENT_008732,ent_229c82c85be8
ENT_008733,ent_848225582c3f
ENT_008735,ent_4694b6469a76
ENT_008736,ent_a16f674da362
ENT_008737,ent_d24130d8467a
ENT_008738,ent_3c6a934bd286
ENT_008739,ent_4163a2e63354
ENT_008740,ent_d9a7d24642f5
ENT_008741,ent_c9b36da00bdd
ENT_008742,ent_c4adfc1ae1e5
ENT_008743,ent_7bced0d7e963
ENT_008744,ent_e817fead638b
ENT_008745,ent_3bcf586c13c4
ENT_008751,ent_28af056d4a48
ENT_008752,ent_d423ad04c980
ENT_008753,ent_bae116a5097f
ENT_008756,ent_2ded02bb6de7
ENT_008757,ent_fe9db5214bce
ENT_008759,ent_34decd376aa4
ENT_008760,ent_1a1dbfa27b5c
ENT_008762,ent_6f253eea6087
ENT_008763,ent_6b2e5a54d6cb
ENT_008764,ent_15da27509f26
ENT_008765,ent_bd1837e28b02
ENT_008766,ent_c7eeabbd3b9b
ENT_008767,ent_145bb0443468
ENT_008768,ent_93e229fae0e2
ENT_008769,ent_642667b1c3ee
ENT_008770,ent_54eb5fff0d44
ENT_008772,ent_9a2922c37764
ENT_008773,ent_90edf8bdb75f
ENT_008774,ent_e0af3149b6ec
ENT_008775,ent_0039c8661a80
ENT_008777,ent_8fab6be8d907
ENT_008778,ent_c87fda9f9fb1
ENT_008779,ent_7d0146082069
ENT_008780,ent_e7a289e5320e
ENT_008781,ent_5a3542c5defe
ENT_008782,ent_bbd740fad6c8
ENT_008783,ent_e007d3a9a88a
ENT_008784,ent_fadb0b5b3311
ENT_008785,ent_1414b47d67b5
ENT_008786,ent_96d463ff6eaa
ENT_008787,ent_51541ac904f1
ENT_008788,ent_0026c3fe2195
ENT_008789,ent_287145f4c27f
ENT_008790,ent_26a5d9f1b1f7
ENT_008791,ent_a7babedd5e5e
ENT_008792,ent_084a4718d25d
ENT_008793,ent_8f22bf31627e
ENT_008794,ent_3b365e7117a2
ENT_008796,ent_c7d49db3a399
ENT_008799,ent_6451f54be5bf
ENT_008800,ent_c06734e0b54b
ENT_008801,ent_815cc86a7237
ENT_008802,ent_83050ef4afb6
ENT_008803,ent_d204a4e6d1c1
ENT_008804,ent_f32778275820
ENT_008805,ent_22f3131afa01
ENT_008808,ent_f16fb9247cf0
ENT_008810,ent_af637454b30c
ENT_008811,ent_5343c3545658
ENT_008812,ent_9f623b7c8457
ENT_008814,ent_ff2c454cf99c
ENT_008816,ent_cfbc8ec79ada
ENT_008817,ent_9be5ab7cfb51
ENT_008818,ent_3832472f509a
ENT_008819,ent_8dd958ce66cc
ENT_008821,ent_cb9dc89c759a
ENT_008824,ent_69ed9c9bdeda
ENT_008825,ent_f3b9639a21b0
ENT_008829,ent_062fa479d726
ENT_008830,ent_29080e293c5e
ENT_008832,ent_6526eaaa72ad
ENT_008833,ent_3a90bd79c851
ENT_008834,ent_b8a392b6633a
ENT_008835,ent_69daaab90cd8
ENT_008836,ent_6eaccbc37013
ENT_008837,ent_f3e44195ddb9
ENT_008838,ent_e2672e473f8f
ENT_008839,ent_7011034ab01a
ENT_008840,ent_f6c932727e1f
ENT_008841,ent_020f8ae22c54
ENT_008842,ent_e67c6620c607
ENT_008843,ent_a25ee17e0a57
ENT_008844,ent_941e0c382ef4
ENT_008845,ent_6de8a2adefcd
ENT_008846,ent_7973f5327d8f
ENT_008847,ent_dd366f061eb3
ENT_008848,ent_b38433203e68
ENT_008849,ent_0e81f3ea58ca
ENT_008850,ent_338ecc4ba839
ENT_008851,ent_e7c2b58b8b3f
ENT_008853,ent_fae05795d09f
ENT_008854,ent_9057e6315486
ENT_008855,ent_0000b058bda3
ENT_008856,ent_94916892dc43
ENT_008857,ent_68349a02d8d2
ENT_008858,ent_2d3552b64abf
ENT_008861,ent_9f1ff007fe22
ENT_008862,ent_dc5aac129321
ENT_008864,ent_6507bee90c69
ENT_008865,ent_2c1a896d3f54
ENT_008866,ent_04b855a93291
ENT_008867,ent_a14c664cfcf4
ENT_008868,ent_dfab777a2698
ENT_008870,ent_9be952108086
ENT_008871,ent_7d87a0c45602
ENT_008872,ent_8d8ecc91b710
ENT_008873,ent_e81c8b433159
ENT_008874,ent_dc692342ec41
ENT_008875,ent_0b3b92204d60
ENT_008876,ent_e50a9d0cfae4
ENT_008877,ent_ac04a70911e6
ENT_008879,ent_52c7fd42b23b
ENT_008882,ent_0cac9a6a34a3
ENT_008883,ent_920858aa41bd
ENT_008884,ent_a90507db5c91
ENT_008885,ent_8cf59669b997
ENT_008886,ent_ab3a12c308a0
ENT_008887,ent_10a3dcf3c82b
ENT_008888,ent_3235c7273d40
ENT_008889,ent_b80de9f93fdd
ENT_008890,ent_1e3c12169436
ENT_008891,ent_f2f35daf22fe
ENT_008892,ent_ea6b612a9ccb
ENT_008893,ent_f87b8786486f
ENT_008894,ent_e94f7f0e2c7e
ENT_008898,ent_91ee61d04072
ENT_008900,ent_3d8d8a6a818b
ENT_008903,ent_7eaf713e6331
ENT_008904,ent_7a07cd5f77a1
ENT_008905,ent_2766bfd876fb
ENT_008906,ent_14cc79270f11
ENT_008907,ent_95c4c9bd2254
ENT_008908,ent_6f01b90bfdf8
ENT_008909,ent_ba76da5e7e02
ENT_008910,ent_95417358cc81
ENT_008911,ent_30dab44ef2de
ENT_008912,ent_b00b4d0013ec
ENT_008913,ent_a4c4cf5c9fd5
ENT_008914,ent_ff7053a997b2
ENT_008915,ent_1939431a6813
ENT_008916,ent_148a0ef277e7
ENT_008918,ent_d51c9605b500
ENT_008919,ent_4cca6c7ab814
ENT_008920,ent_e340377f959f
ENT_008921,ent_473ee2fb4bb9
ENT_008922,ent_06e58beac161
ENT_008923,ent_ba799b6cbbb2
ENT_008924,ent_ba409af4698f
ENT_008925,ent_5bf67bb889bb
ENT_008926,ent_1277e85dcdd1
ENT_008927,ent_6cc5b8dee160
ENT_008929,ent_4991807f01a7
ENT_008930,ent_7ef50d8a15c1
ENT_008931,ent_1fc3ba853e36
ENT_008932,ent_3110d9716abb
ENT_008933,ent_504118b2b1a9
ENT_008934,ent_fd2ffe7dd79a
ENT_008935,ent_3e6e44444afd
ENT_008936,ent_0bddde342b59
ENT_008937,ent_877999e7f542
ENT_008938,ent_ec7ce069b156
ENT_008941,ent_bdf83d299234
ENT_008943,ent_4b4426b615c9
ENT_008944,ent_76bf985e1b34
ENT_008945,ent_a7e9a41b2f4a
ENT_008946,ent_4d601697771f
ENT_008947,ent_7e04d5c0f243
ENT_008948,ent_daed99dc8381
ENT_008950,ent_a98d3685351c
ENT_008952,ent_eefa0fa976fa
ENT_008953,ent_90262ad15109
ENT_008954,ent_377cca56af1d
ENT_008956,ent_c20365619f46
ENT_008957,ent_13712eef9a8b
ENT_008959,ent_b147463924f2
ENT_008960,ent_f97b2520b7e1
ENT_008961,ent_6a54326bc837
ENT_008962,ent_7650515ccdce
ENT_008963,ent_96f1750d5a0d
ENT_008964,ent_0954548c11dc
ENT_008965,ent_c40de387423b
ENT_008966,ent_22452b5e49b2
ENT_008967,ent_36492caffbbf
ENT_008968,ent_1da8610275e0
ENT_008969,ent_2f4e04f54199
ENT_008970,ent_f62c0b57c869
ENT_008972,ent_ce971e1d1472
ENT_008974,ent_0a4d772359f6
ENT_008976,ent_aca5ce8bcac1
ENT_008977,ent_9087ab4a6b0b
ENT_008979,ent_745f116f2b9c
ENT_008980,ent_dae9b4216c33
ENT_008981,ent_c2f8da61bc94
ENT_008983,ent_25e24d9bacfb
ENT_008984,ent_8e513e4d98a0
ENT_008985,ent_9e3c535b98b8
ENT_008986,ent_32f399435d0c
ENT_008987,ent_129531a255e5
ENT_008988,ent_79f05ba60f70
ENT_008990,ent_c23ce28b9884
ENT_008991,ent_c9e05e1715b4
ENT_008992,ent_6390b5e967c5
ENT_008993,ent_41f0caf6d2c4
ENT_008995,ent_152a5c3b06be
ENT_008996,ent_48fb2865fbce
ENT_008997,ent_473eb776da56
ENT_008998,ent_f2d7fb97461f
ENT_008999,ent_b5369cc5be96
ENT_009000,ent_fbac2b52bae8
ENT_009001,ent_de2eca2068fb
ENT_009003,ent_0af5fdcad30d
ENT_009004,ent_5ed4889019ba
ENT_009005,ent_934181d2f737
ENT_009007,ent_101ca9c2b2aa
ENT_009009,ent_feb6562b9c59
ENT_009010,ent_050538866641
ENT_009011,ent_d610a8d3a1c3
ENT_009012,ent_f571c10af15f
ENT_009014,ent_9a58fa3dac46
ENT_009015,ent_f1e745246f80
ENT_009017,ent_ae9a853dddb0
ENT_009018,ent_e3e19ac2cab1
ENT_009019,ent_e43c471f168c
ENT_009021,ent_7b1e083de780
ENT_009022,ent_f850251df2b8
ENT_009023,ent_96d56e60e790
ENT_009024,ent_6b5c9a12691f
ENT_009025,ent_0cf46294797b
ENT_009026,ent_0bc7fd390626
ENT_009027,ent_72e5178004cb
ENT_009028,ent_9578ca68d443
ENT_009029,ent_d56eb338c0fb
ENT_009030,ent_3fa1722f51bb
ENT_009031,ent_b01a1576d333
ENT_009032,ent_fd6475c699b2
ENT_009033,ent_bc44c227271a
ENT_009034,ent_1e7416377e81
ENT_009035,ent_4690ecd82290
ENT_009036,ent_6e46ad19ea13
ENT_009037,ent_5eea79e2807a
ENT_009038,ent_bfb8f57fb6e4
ENT_009039,ent_306c7f44fab0
ENT_009040,ent_f1806cf33148
ENT_009041,ent_085920837240
ENT_009042,ent_312ce8d9d438
ENT_009043,ent_2c8bb5d5353c
ENT_009044,ent_c61069608f59
ENT_009045,ent_7f55d6921209
ENT_009046,ent_8ec89fd185a4
ENT_009047,ent_597f1b0ed2e4
ENT_009048,ent_1892eab94025
ENT_009049,ent_88213a4a029b
ENT_009050,ent_8ccae8a0a101
ENT_009051,ent_6c85ec78e359
ENT_009052,ent_2a062cb8d984
ENT_009053,ent_5fcfc2111f6d
ENT_009054,ent_ba0d804634cf
ENT_009055,ent_e50600ded80f
ENT_009056,ent_6645237552e8
ENT_009057,ent_79577e376a72
ENT_009058,ent_866a3ebb71e9
ENT_009059,ent_e56f6249c0eb
ENT_009060,ent_2f222d970063
ENT_009061,ent_633d874152a5
ENT_009062,ent_7da16abc3bd0
ENT_009063,ent_5e68df149c03
ENT_009064,ent_673a3af478a2
ENT_009065,ent_8dd983b981ee
ENT_009066,ent_089eb0d6971e
ENT_009067,ent_b2d1c2d2bbf0
ENT_009068,ent_ea4f50a141fc
ENT_009069,ent_05b6489557b4
ENT_009070,ent_c9d793d48253
ENT_009071,ent_a28a2279c72c
ENT_009072,ent_d18e18663a65
ENT_009073,ent_7fcd77919227
ENT_009074,ent_b3894b94ed1a
ENT_009075,ent_adc859f5bc29
ENT_009077,ent_1026dfebf707
ENT_009078,ent_0b787222dc3b
ENT_009079,ent_79c1faf6cd2d
ENT_009080,ent_9fe3034f447c
ENT_009081,ent_d40578e8f2aa
ENT_009082,ent_438b1cde9c96
ENT_009083,ent_c653ba085d1d
ENT_009084,ent_d922961fa4fd
ENT_009086,ent_213d9a32fc3b
ENT_009087,ent_a8028669145d
ENT_009088,ent_423df497bbcc
ENT_009090,ent_6579047df7f3
ENT_009091,ent_2dc43bac16d8
ENT_009093,ent_4a33e0e7bb2a
ENT_009094,ent_402abd5447fa
ENT_009095,ent_c41705007368
ENT_009096,ent_15d1276cbbb4
ENT_009097,ent_19314f6919f9
ENT_009098,ent_068d0ef9b5ad
ENT_009099,ent_e399840839f3
ENT_009102,ent_a92d4757f3c6
ENT_009103,ent_952a13f4dc9a
ENT_009104,ent_243cc92c0a95
ENT_009105,ent_cdac045b7451
ENT_009106,ent_86824213a06f
ENT_009107,ent_451827e7e09d
ENT_009109,ent_a8c18fd9d326
ENT_009110,ent_d3f193cca2e5
ENT_009111,ent_09e7ea8ec3c5
ENT_009113,ent_eda3037c48c1
ENT_009115,ent_30c59b330173
ENT_009116,ent_0fade1317c2c
ENT_009117,ent_cc54f86a8434
ENT_009118,ent_ef4aee757336
ENT_009119,ent_2fa4458a8cbb
ENT_009120,ent_ac0b26a4c5b2
ENT_009122,ent_e74ba27ad2fc
ENT_009125,ent_642dab8ca492
ENT_009128,ent_bd1b96efbc7f
ENT_009129,ent_59ceddb2eafa
ENT_009132,ent_7c96959482dd
ENT_009134,ent_53c7c5d8fb75
ENT_009135,ent_0aeabd328535
ENT_009136,ent_04e81f00d381
ENT_009139,ent_1759a06b2e72
ENT_009140,ent_2429d686b4e8
ENT_009142,ent_81195e817a7b
ENT_009143,ent_b59abab51b95
ENT_009145,ent_83297eb65e0a
ENT_009146,ent_41fd54b12148
ENT_009147,ent_5b942c31ca5d
ENT_009148,ent_d44425887ee8
ENT_009149,ent_92c81d9add5e
ENT_009150,ent_70e69d2a1c09
ENT_009151,ent_02f21590d315
ENT_009152,ent_0d54f7e01f6f
ENT_009153,ent_01b5a2020295
ENT_009154,ent_1c1e9c8e13f5
ENT_009155,ent_b66af8ba0b5f
ENT_009156,ent_5210a11612e9
ENT_009157,ent_96dbf2420233
ENT_009158,ent_f0520806de9d
ENT_009159,ent_9d0ac310348e
ENT_009160,ent_550f492faea7
ENT_009161,ent_a02c0356a7ff
ENT_009162,ent_04eb3649959c
ENT_009164,ent_81ae8a7a36b0
ENT_009165,ent_44a611d63afc
ENT_009166,ent_7b96ff6ac2f6
ENT_009167,ent_2a2bb2428771
ENT_009168,ent_72adf4a5d81a
ENT_009169,ent_7618757d98fc
ENT_009170,ent_22185e638d4d
ENT_009171,ent_c2c22fbb15c5
ENT_009172,ent_e9769419bf91
ENT_009173,ent_f1a89e574a68
ENT_009174,ent_f46990eebd7b
ENT_009175,ent_cc1acded7747
ENT_009176,ent_7db1119cece7
ENT_009177,ent_c5cb64af0db7
ENT_009179,ent_9345a18a6545
ENT_009180,ent_d880e9e66d5d
ENT_009181,ent_d2c928bc7563
ENT_009183,ent_c1895cafbcff
ENT_009184,ent_1f3d762a764b
ENT_009185,ent_8888facb0e8b
ENT_009186,ent_6d92a694ae83
ENT_009187,ent_43f009adf2b0
ENT_009188,ent_870aa7f560cc
ENT_009189,ent_e004f21b15ca
ENT_009191,ent_e298427e6a1e
ENT_009192,ent_f574b233bcdb
ENT_009193,ent_16d9d9ea7837
ENT_009194,ent_b668cbdd7c86
ENT_009196,ent_42ad4fd2db1d
ENT_009197,ent_46b378749c4b
ENT_009199,ent_91dcf9e4b4dd
ENT_009200,ent_a4a1d1278d91
ENT_009202,ent_488237cf5ef6
ENT_009203,ent_9f962d995344
ENT_009204,ent_a976bbb13bc2
ENT_009205,ent_66bf0729ee83
ENT_009206,ent_42bf2be942fe
ENT_009207,ent_f9d8cfc79840
ENT_009209,ent_b28aeaa23ebf
ENT_009210,ent_146a9c9d4b67
ENT_009211,ent_2d2e90ab8247
ENT_009212,ent_dc01840f2a96
ENT_009213,ent_71f35ad15d3b
ENT_009214,ent_7ffb0e6e17c1
ENT_009215,ent_35005212a9fd
ENT_009216,ent_a1b85e4fe17e
ENT_009217,ent_48d48c2e4f4d
ENT_009218,ent_aeaf31c42e4b
ENT_009219,ent_d8d6bd7b0caf
ENT_009220,ent_b88bf05ea80a
ENT_009221,ent_ed2bf7323b70
ENT_009222,ent_0f66175c5f13
ENT_009224,ent_c63d6e511dff
ENT_009225,ent_be865b65de64
ENT_009226,ent_d93de7906cbf
ENT_009227,ent_a7c368418134
ENT_009228,ent_ed22db04cbb7
ENT_009229,ent_d641c12d9045
ENT_009230,ent_c27646b56963
ENT_009231,ent_11673dc5b687
ENT_009232,ent_845834291f50
ENT_009233,ent_bc85141a2c62
ENT_009234,ent_ca9efb093d79
ENT_009235,ent_df09e6afb965
ENT_009236,ent_b86ec539a1ef
ENT_009237,ent_995638c52830
ENT_009238,ent_6670f9561f68
ENT_009239,ent_3851dfc10f93
ENT_009240,ent_b53e959c29be
ENT_009241,ent_256b90625426
ENT_009243,ent_8cbb3b4c898d
ENT_009244,ent_fa1e7dbabb66
ENT_009245,ent_84fee6436355
ENT_009246,ent_9248a0415b25
ENT_009247,ent_188c7359d966
ENT_009248,ent_1a44f31b451d
ENT_009251,ent_c33e5ec71160
ENT_009252,ent_632bf7ba2616
ENT_009254,ent_4b7188221762
ENT_009255,ent_0a3b7ef089b0
ENT_009256,ent_e61b63c9556e
ENT_009257,ent_05a6c6a2f684
ENT_009258,ent_a5b6f08e53a8
ENT_009259,ent_414d8895d1c2
ENT_009260,ent_e7ec4f14fa26
ENT_009261,ent_f2a5854f7536
ENT_009262,ent_cb4219c8a34d
ENT_009263,ent_a3e062f3b5f8
ENT_009265,ent_ff4e1bc0c09b
ENT_009266,ent_aca3c8191cbd
ENT_009267,ent_456908238830
ENT_009268,ent_743c03ba134a
ENT_009269,ent_6078a7e1616e
ENT_009271,ent_4c4e67ca692f
ENT_009272,ent_f74bc4785cc4
ENT_009274,ent_5677e50bd295
ENT_009276,ent_86fbe9636f99
ENT_009279,ent_baec22c7542f
ENT_009280,ent_e9138ced65e8
ENT_009281,ent_5d7b49633c5f
ENT_009282,ent_2442960b1fed
ENT_009283,ent_62d943a04783
ENT_009284,ent_824741ad7257
ENT_009285,ent_3d481a8b1b0b
ENT_009286,ent_06ccfdc49d14
ENT_009287,ent_a9ccfc6dc420
ENT_009288,ent_f963bad12084
ENT_009289,ent_ebb80816c558
ENT_009290,ent_4b60dfe4ce8c
ENT_009291,ent_e17a0f028155
ENT_009292,ent_85b6b8bbd335
ENT_009293,ent_d389c9c624b0
ENT_009294,ent_40ee812897cb
ENT_009295,ent_482a8820c4d6
ENT_009296,ent_bd9a8208f02c
ENT_009297,ent_d3088916db78
ENT_009298,ent_645666b64673
ENT_009299,ent_b5874fb65751
ENT_009300,ent_23b17d10e22a
ENT_009301,ent_25f6ff86fa1f
ENT_009302,ent_24d20d9dd93b
ENT_009303,ent_ca4c4596cea9
ENT_009304,ent_1771975427d6
ENT_009305,ent_27cba4974909
ENT_009306,ent_9b1252d61ff4
ENT_009307,ent_0809affd713a
ENT_009308,ent_f13cf53e70e2
ENT_009309,ent_b3157502230b
ENT_009310,ent_3383fb9443fe
ENT_009311,ent_ccc1bde8ce35
ENT_009312,ent_484c2755e0aa
ENT_009313,ent_0a4b32519d1e
ENT_009315,ent_216d07000fbe
ENT_009316,ent_f1625c533cad
ENT_009317,ent_58a8df3c4da6
ENT_009318,ent_9439561fa865
ENT_009319,ent_3fda5eb2f849
ENT_009320,ent_2a615848eca7
ENT_009321,ent_c98865059fc1
ENT_009322,ent_5f70901d2361
ENT_009323,ent_c9872296750c
ENT_009324,ent_237c4bf466af
ENT_009325,ent_31e24715c2a8
ENT_009326,ent_c42f61c55981
ENT_009327,ent_9523f7cbc123
ENT_009328,ent_3c538fbc4ab2
ENT_009329,ent_14854e3f66e0
ENT_009330,ent_628bde44a875
ENT_009331,ent_392e9791ff1d
ENT_009332,ent_0280a9d246d8
ENT_009333,ent_b80510dfa905
ENT_009334,ent_74b24224632f
ENT_009335,ent_5be0aec33559
ENT_009336,ent_8eba3290b447
ENT_009337,ent_6b13d2909e5f
ENT_009338,ent_6a8c48219e86
ENT_009339,ent_bf077dd23376
ENT_009340,ent_2796f9ccb838
ENT_009341,ent_9cae529e0c8f
ENT_009342,ent_11aaec3e150e
ENT_009343,ent_5ded8e1f7aa2
ENT_009344,ent_d189fbb3b203
ENT_009345,ent_d4573e50c345
ENT_009346,ent_cf2410ab91df
ENT_009347,ent_501e6d23fb2b
ENT_009348,ent_9ae7614cc164
ENT_009349,ent_b07e1a840690
ENT_009350,ent_b65435ebc848
ENT_009351,ent_03390204054e
ENT_009352,ent_0ea65760617c
ENT_009353,ent_0f40789280e0
ENT_009354,ent_21bf52fc5603
ENT_009355,ent_0c0ff9fd60fc
ENT_009356,ent_b3e5dd8639cf
ENT_009357,ent_82ffbe550711
ENT_009358,ent_a21ec567f1be
ENT_009359,ent_af972a7d7942
ENT_009360,ent_0df479e459f2
ENT_009361,ent_11bb5f424892
ENT_009362,ent_64ea1af79364
ENT_009363,ent_03c03188ac3b
ENT_009364,ent_ed9f200ee636
ENT_009365,ent_120bfb85bd43
ENT_009366,ent_09c32cd39d29
ENT_009367,ent_ed3bca97d080
ENT_009368,ent_9d492ce5a493
ENT_009369,ent_886736cef42c
ENT_009370,ent_a3ba8869c1ee
ENT_009371,ent_39c253c291f2
ENT_009372,ent_363437a40fb8
ENT_009373,ent_89aad9fce5bd
ENT_009374,ent_c229273a499a
ENT_009375,ent_d00e9474244e
ENT_009376,ent_f6570c7202ff
ENT_009377,ent_4c1c11a80da9
ENT_009378,ent_a466d1c9dbb6
ENT_009379,ent_7ed2012d6630
ENT_009380,ent_94b799f5500e
ENT_009381,ent_2ecc4f6335be
ENT_009382,ent_588e86912403
ENT_009383,ent_d29ffcbbff16
ENT_009384,ent_a240ae8313f3
ENT_009385,ent_2adc5c5aef6f
ENT_009386,ent_fb66c05f5966
ENT_009387,ent_07ab0c41922c
ENT_009388,ent_04b705f60442
ENT_009389,ent_b8e3388740bc
ENT_009390,ent_872cca02e31a
ENT_009391,ent_aff7f464a411
ENT_009392,ent_39da50a58442
ENT_009393,ent_e41bd3ff5351
ENT_009394,ent_fecb3683e396
ENT_009395,ent_c994e06ee6aa
ENT_009396,ent_6bf6e28accba
ENT_009397,ent_dbe1fe3e31e4
ENT_009398,ent_bdf3a4febe53
ENT_009399,ent_68a6cfdbc92c
ENT_009400,ent_8721ff2e9e0f
ENT_009401,ent_e7987a11d759
ENT_009403,ent_c5424f619ca4
ENT_009405,ent_ceccf4270785
ENT_009408,ent_d2c4fb01cd58
ENT_009411,ent_2eefa5ba5159
ENT_009413,ent_080a6b1d3f80
ENT_009414,ent_d90525793417
ENT_009415,ent_9f20d69abc3e
ENT_009416,ent_852eaa66ad4b
ENT_009417,ent_970265cff9c2
ENT_009418,ent_6246066a1bd8
ENT_009420,ent_ee1e3b0cd72a
ENT_009423,ent_107672e15774
ENT_009424,ent_2e76e773718b
ENT_009425,ent_2a296ba1b581
ENT_009426,ent_9b0dc8dec5a9
ENT_009427,ent_4fa047acce1a
ENT_009428,ent_6f2cef666709
ENT_009430,ent_257709ea39a3
ENT_009431,ent_5f1053a46890
ENT_009432,ent_0227e721ee00
ENT_009434,ent_0fcdf85b2c60
ENT_009437,ent_2116c01dd049
ENT_009438,ent_6fe1ccb45d40
ENT_009439,ent_ce7de97b54d3
ENT_009440,ent_522c52a7b381
ENT_009441,ent_8e842c6e8b49
ENT_009442,ent_e00441660b35
ENT_009443,ent_39fe68e45b12
ENT_009444,ent_cbe214a82817
ENT_009446,ent_a38e7f221aec
ENT_009447,ent_7147b2bb1b24
ENT_009448,ent_f2a0f21aa267
ENT_009449,ent_e0789db59bb0
ENT_009453,ent_2a34ddfd8ca5
ENT_009457,ent_cf1d04af6bf2
ENT_009458,ent_15fb8f2562eb
ENT_009460,ent_ea070a5b2d0e
ENT_009462,ent_589f7589376c
ENT_009464,ent_6b22b7baaeed
ENT_009465,ent_2e0eb9079ca3
ENT_009467,ent_0a16122bb2b5
ENT_009468,ent_ee8620d77644
ENT_009469,ent_a984b0c7361e
ENT_009470,ent_e332d196f082
ENT_009471,ent_12389a3e5503
ENT_009472,ent_b69ecca6ee0f
ENT_009473,ent_20e1fb61a65e
ENT_009474,ent_50b0284face6
ENT_009476,ent_88cd7122fc08
ENT_009477,ent_2137a184183a
ENT_009478,ent_c9edd0876dbe
ENT_009479,ent_6447ed50dc6f
ENT_009480,ent_8fff394dba32
ENT_009481,ent_193e3db3fce0
ENT_009482,ent_83c6c891a11f
ENT_009483,ent_2b6412a5fe99
ENT_009484,ent_ab8c73673bec
ENT_009485,ent_5a0df70c5301
ENT_009486,ent_283f80c5a170
ENT_009487,ent_d14debef3cd2
ENT_009488,ent_30413af6aead
ENT_009489,ent_d04051ec72dd
ENT_009490,ent_23f6bfc6f4c9
ENT_009491,ent_c899bdc4ee80
ENT_009493,ent_3d913763ee4a
ENT_009495,ent_9aef1d1d0e26
ENT_009496,ent_2b2d6ff8b857
ENT_009497,ent_fc8aea53aa33
ENT_009498,ent_663a346ee86a
ENT_009499,ent_e01ac4d74104
ENT_009500,ent_d831b016ecc9
ENT_009501,ent_9db7bbf1954a
ENT_009502,ent_574a929085ad
ENT_009503,ent_8b3c0f0a82d9
ENT_009504,ent_dc9fc9cd9616
ENT_009506,ent_c370b7825a0a
ENT_009508,ent_2ea09fdef504
ENT_009509,ent_fbbfd0807086
ENT_009510,ent_3ed4a033ad19
ENT_009511,ent_ff325f110924
ENT_009512,ent_e56ab4d8ced6
ENT_009513,ent_6763f9363b82
ENT_009514,ent_6effcae293eb
ENT_009515,ent_79a1e21bb61f
ENT_009517,ent_263cbb68ce49
ENT_009521,ent_4b1b1557e531
ENT_009523,ent_0c08d8e5ed39
ENT_009524,ent_9b84859a30ce
ENT_009525,ent_50bdb8161c39
ENT_009526,ent_b344f28c0fc2
ENT_009527,ent_6ddbcbf2bc67
ENT_009528,ent_831c6af114ea
ENT_009529,ent_e2b8ca336c30
ENT_009531,ent_060fce385c39
ENT_009532,ent_b98c0bc6ce04
ENT_009533,ent_fe259b85df1f
ENT_009534,ent_1348dcdbdc8b
ENT_009535,ent_812704356712
ENT_009536,ent_706986e5e206
ENT_009537,ent_74abdf5499ff
ENT_009538,ent_70c176a23ead
ENT_009539,ent_d3c63c850ed5
ENT_009540,ent_530b3ffebb0e
ENT_009544,ent_7d5279b7665a
ENT_009545,ent_95a574705a6a
ENT_009546,ent_59c9800dc303
ENT_009547,ent_799d463a4e4c
ENT_009551,ent_0de71169a0d8
ENT_009552,ent_3f9773596a8e
ENT_009553,ent_d938edf556d4
ENT_009555,ent_358648e4d3d5
ENT_009557,ent_22539b49581c
ENT_009559,ent_a6e6745d4785
ENT_009560,ent_cb0436668a25
ENT_009563,ent_b9d7969273c8
ENT_009565,ent_9edaf6791a96
ENT_009566,ent_b7cece224b92
ENT_009567,ent_9c8ce909c93c
ENT_009568,ent_4eb61918041e
ENT_009569,ent_5c4343dde6d7
ENT_009570,ent_b31f2bbf305e
ENT_009571,ent_3ce0d30b728e
ENT_009572,ent_92002fc90824
ENT_009574,ent_966bcd15a259
ENT_009575,ent_bf6e3f4cc56c
ENT_009577,ent_a48b1a8fc5da
ENT_009578,ent_3bfe1d0b4056
ENT_009579,ent_ae9e4a9122ae
ENT_009580,ent_85e104f4007c
ENT_009581,ent_db237d4f304d
ENT_009582,ent_4d39951c4e1d
ENT_009583,ent_e4c3fa5588a1
ENT_009584,ent_7cc04825522f
ENT_009585,ent_9987df8f5224
ENT_009586,ent_c63dc05decbb
ENT_009587,ent_fb70d43838d0
ENT_009588,ent_a0558511c263
ENT_009589,ent_e91cb1fb4600
ENT_009591,ent_845c5ec395dc
ENT_009593,ent_994646b342e1
ENT_009594,ent_61654ef63947
ENT_009595,ent_2a5505d63e0e
ENT_009596,ent_e389039211af
ENT_009597,ent_b06de2275ae9
ENT_009598,ent_296ac8d7c144
ENT_009599,ent_fbb2453e8c30
ENT_009600,ent_d0ec69107d04
ENT_009601,ent_46cf5fe0aeeb
ENT_009602,ent_e87a2825bc22
ENT_009603,ent_f66eb65f203e
ENT_009604,ent_f737a6f141de
ENT_009605,ent_c3d632391f6d
ENT_009606,ent_77c08498ee45
ENT_009607,ent_5e4b3564e217
ENT_009608,ent_22b7f721fd86
ENT_009609,ent_48ee7e28e4e9
ENT_009610,ent_ef0fe6068510
ENT_009611,ent_85bf09c3690c
ENT_009612,ent_92510c98ab3d
ENT_009613,ent_c275ee9176e5
ENT_009614,ent_4c6ab9f9b076
ENT_009615,ent_6a8419f7654a
ENT_009616,ent_e795438d01b0
ENT_009618,ent_9057d98548bf
ENT_009619,ent_98000fabaf3c
ENT_009620,ent_dcc7db5b80c4
ENT_009621,ent_f526032e3570
ENT_009622,ent_d8e73cf0d6c5
ENT_009623,ent_9efc166619e5
ENT_009624,ent_372c3f302860
ENT_009625,ent_03332aa4ace4
ENT_009626,ent_d19687539bcd
ENT_009627,ent_dacf1c312710
ENT_009628,ent_4b05c6f5c098
ENT_009629,ent_6ca3f492b986
ENT_009630,ent_6ca087ed0d1a
ENT_009631,ent_7e365e084a65
ENT_009632,ent_af8cb9d3cca5
ENT_009634,ent_ce9531b55c56
ENT_009636,ent_78277360d1ea
ENT_009637,ent_adb6a1624a53
ENT_009640,ent_3a9fcc9bef0c
ENT_009642,ent_8f46189404bc
ENT_009643,ent_a5ddbd064d36
ENT_009644,ent_e4162cb16d68
ENT_009645,ent_dbe3214de0b6
ENT_009646,ent_0518743b831b
ENT_009648,ent_106b66836e2d
ENT_009649,ent_2442d6976d00
ENT_009650,ent_1c7d0f66634c
ENT_009652,ent_f1062805953e
ENT_009653,ent_4e4f3e3d146b
ENT_009654,ent_b090dfeda85f
ENT_009656,ent_75445ae0258c
ENT_009657,ent_5dcb37d15540
ENT_009658,ent_d9e8c8cc3fe1
ENT_009659,ent_bb2753519ef9
ENT_009660,ent_21b47165cc77
ENT_009661,ent_99163f06d1fc
ENT_009662,ent_b2654d15fe85
ENT_009666,ent_146a804f36dc
ENT_009667,ent_e28ca89c5713
ENT_009669,ent_b3dfb5b482f0
ENT_009670,ent_5feec6aea4bc
ENT_009672,ent_5d63ac949b92
ENT_009674,ent_65b9353c053e
ENT_009676,ent_5a4d5d1fbdcd
ENT_009677,ent_900021295291
ENT_009678,ent_72de64d669a1
ENT_009679,ent_a42c0ca86568
ENT_009681,ent_cb882a3ed307
ENT_009683,ent_8c41788f2764
ENT_009686,ent_0f6035f74560
ENT_009687,ent_1126bbdea009
ENT_009690,ent_894f0229bf88
ENT_009691,ent_8342c92bfbea
ENT_009692,ent_400f2a311dec
ENT_009693,ent_c35eb1271fbf
ENT_009695,ent_50569028b569
ENT_009697,ent_3e9223bdb133
ENT_009698,ent_34517a89cd75
ENT_009699,ent_96d306582ee8
ENT_009701,ent_8a3870e6cddb
ENT_009704,ent_d370519005f8
ENT_009708,ent_55e850bd11f9
ENT_009709,ent_a7cfd930b34d
ENT_009710,ent_05acd77b4fc7
ENT_009713,ent_20957c6f5cd3
ENT_009714,ent_5bb179c828c4
ENT_009716,ent_3db1bcd8b6e2
ENT_009718,ent_b1fe20ee425d
ENT_009719,ent_618e9b17024d
ENT_009720,ent_1e51fcba5b4d
ENT_009721,ent_d65c9535ed7e
ENT_009722,ent_4391c61814ef
ENT_009723,ent_4aaff67f7f40
ENT_009724,ent_bb0d75cf7334
ENT_009725,ent_ade1ffa9d52b
ENT_009726,ent_c35cf38954e6
ENT_009727,ent_c181e08b5caa
ENT_009728,ent_dfa7f71e442e
ENT_009729,ent_79ca84ad66de
ENT_009731,ent_4bc1f6661763
ENT_009734,ent_fb6c8deb6b27
ENT_009735,ent_9067c5d738ba
ENT_009736,ent_4fa0b75c1a7d
ENT_009737,ent_024b4525ab7f
ENT_009738,ent_44b258cad9b8
ENT_009739,ent_4cd5cb04966a
ENT_009740,ent_19d6e7837f84
ENT_009743,ent_7771a6b5a678
ENT_009744,ent_d2c2f415104a
ENT_009745,ent_619dc23f5d9c
ENT_009746,ent_4c2dd1e8c021
ENT_009747,ent_cbe6786bcd36
ENT_009748,ent_9185d573b4a1
ENT_009749,ent_9d068d3ae001
ENT_009750,ent_686142beeefb
ENT_009751,ent_2c807233b259
ENT_009752,ent_d6933034b544
ENT_009754,ent_c465f9f67ec8
ENT_009755,ent_8f4edc4203f2
ENT_009756,ent_b6cb225b0a49
ENT_009757,ent_717e946c5bd7
ENT_009758,ent_71565768faa5
ENT_009759,ent_b1ef0ad3a342
ENT_009760,ent_3ba33b2cb88d
ENT_009762,ent_91bbced6c594
ENT_009763,ent_2eacd739dd96
ENT_009765,ent_7c15eca0d54c
ENT_009766,ent_33be65f9de7b
ENT_009770,ent_ae7adf96338b
ENT_009771,ent_5fe5ad170375
ENT_009772,ent_2d441b33ffc9
ENT_009773,ent_ef937e270cb8
ENT_009774,ent_404264a95254
ENT_009776,ent_ebee7a6b6a6f
ENT_009777,ent_e38d5c73cc72
ENT_009778,ent_466bbb6644c8
ENT_009779,ent_b0df74878c49
ENT_009780,ent_04e6632e49e1
ENT_009781,ent_400141635e20
ENT_009782,ent_5cf5293e4bf1
ENT_009783,ent_d4082c5894d7
ENT_009784,ent_cc6e1066ff1e
ENT_009785,ent_a84dd2ba5d8f
ENT_009786,ent_309e4e32d1df
ENT_009788,ent_13608142cc06
ENT_009789,ent_23a1fbdb799c
ENT_009792,ent_c6d635fb0b2d
ENT_009793,ent_a1eeda4460a0
ENT_009794,ent_22bb2cb02d46
ENT_009795,ent_1a34f89d058a
ENT_009796,ent_16938dfba9c2
ENT_009797,ent_ee19567a090c
ENT_009798,ent_23650964fd65
ENT_009799,ent_eda50d6be464
ENT_009800,ent_b938ab71e9b0
ENT_009801,ent_666fc044ffd1
ENT_009802,ent_6f854689cd9d
ENT_009803,ent_0878f7b8b535
ENT_009804,ent_3c7946875c98
ENT_009805,ent_d09111c7bcd3
ENT_009806,ent_03cdbd7c2824
ENT_009807,ent_55c2213da1f8
ENT_009808,ent_9c51e9c5069b
ENT_009809,ent_953e59c8954d
ENT_009810,ent_55b829bf438f
ENT_009811,ent_d961afb4227b
ENT_009815,ent_8d1f18254b46
ENT_009816,ent_0ea1fa7bd595
ENT_009817,ent_01a17fc710dd
ENT_009819,ent_39b0254dbb3e
ENT_009820,ent_4499ec3d88fa
ENT_009822,ent_c27be82352e7
ENT_009823,ent_641b06c665c1
ENT_009824,ent_4425e3fe760a
ENT_009825,ent_8aa3ebcb4eb0
ENT_009826,ent_20e547a39f90
ENT_009827,ent_cb16520ca8a9
ENT_009828,ent_aa1ffe947549
ENT_009831,ent_906907814f77
ENT_009832,ent_96e5dc41e00f
ENT_009833,ent_404cf6ada192
ENT_009834,ent_cd8d44e4197c
ENT_009836,ent_192c22f1cd08
ENT_009837,ent_090090df5d58
ENT_009839,ent_3d451eb62041
ENT_009844,ent_8ca69bcd362f
ENT_009845,ent_c5657a150bbc
ENT_009847,ent_9288b38e18bd
ENT_009850,ent_5aa36d5edee8
ENT_009851,ent_56da16908fc7
ENT_009852,ent_702742d0629d
ENT_009853,ent_10c13d4882e7
ENT_009854,ent_28e8e6408c70
ENT_009855,ent_68c6481341ab
ENT_009856,ent_b08d5bdcbe42
ENT_009857,ent_28a63693e178
ENT_009858,ent_3aed929f3f78
ENT_009859,ent_2a79a70c086c
ENT_009860,ent_001f750e2b8d
ENT_009863,ent_434a32c4dc29
ENT_009864,ent_0c4a3a9570ae
ENT_009866,ent_2dbb6e4061dc
ENT_009867,ent_526cc6b53e7d
ENT_009869,ent_c4e0b7754b6e
ENT_009870,ent_6a4c317bd10d
ENT_009871,ent_1d8bc6c6cf4d
ENT_009872,ent_5e0ec69cf3bc
ENT_009875,ent_c83c2213a69c
ENT_009876,ent_c1901fb73311
ENT_009877,ent_3b6e595b6bf0
ENT_009878,ent_8e02d2716874
ENT_009879,ent_8c1f4aaa95ff
ENT_009880,ent_1e0a5ef5a910
ENT_009881,ent_7e37d305d208
ENT_009882,ent_6a63a369233c
ENT_009883,ent_d079b83357cb
ENT_009884,ent_ff7c6613ff00
ENT_009887,ent_fe4e6fca03e0
ENT_009890,ent_8383d5bb0c4c
ENT_009895,ent_2e7e35c71a76
ENT_009898,ent_73b86effbde2
ENT_009900,ent_7f3ad9f7dcd4
ENT_009901,ent_6b68b2f3c0d4
ENT_009902,ent_a619b48c83c9
ENT_009903,ent_928b86785750
ENT_009904,ent_f3ca20ca6785
ENT_009905,ent_b767cc40ccce
ENT_009908,ent_7b706ad0e229
ENT_009909,ent_ded18f4f5929
ENT_009910,ent_47697ae508ba
ENT_009911,ent_14146ceb9213
ENT_009912,ent_b30728bb70f0
ENT_009913,ent_f4a09264a9ab
ENT_009916,ent_1b90713db0f3
ENT_009917,ent_f4d741922baa
ENT_009918,ent_a73e78ed5697
ENT_009919,ent_54ffcedf38e4
ENT_009920,ent_800905e0074a
ENT_009921,ent_74d49aa03899
ENT_009922,ent_7eebe3e0348f
ENT_009923,ent_870b048801e8
ENT_009924,ent_7d52f5270328
ENT_009925,ent_bcbb963743ca
ENT_009926,ent_04bca17c0ba7
ENT_009927,ent_c040ee0f0d72
ENT_009928,ent_c9424e43c3b5
ENT_009929,ent_0c365be134ab
ENT_009930,ent_c257ae9f36ec
ENT_009931,ent_47750a781583
ENT_009932,ent_ec43b9e1a8ef
ENT_009933,ent_303609261d07
ENT_009934,ent_119bee6a93c5
ENT_009935,ent_5480ff13415b
ENT_009936,ent_58d7bfe15ed9
ENT_009937,ent_19293d1272bb
ENT_009938,ent_2f560ccc4620
ENT_009939,ent_4c80ec083624
ENT_009940,ent_d47a6ae1e468
ENT_009941,ent_e947c286b53a
ENT_009942,ent_b3ae74d8f628
ENT_009943,ent_71c8c121852e
ENT_009944,ent_440647437688
ENT_009945,ent_04f7743e3d9e
ENT_009946,ent_61e80b0a81bc
ENT_009947,ent_e9c8fc035941
ENT_009948,ent_678acdb0466c
ENT_009951,ent_64e993231181
ENT_009952,ent_5ad0136cd7c3
ENT_009953,ent_0892566e81e7
ENT_009954,ent_4f0372c0a25c
ENT_009955,ent_d59f31a53cac
ENT_009956,ent_e53373669236
ENT_009957,ent_681e54475592
ENT_009958,ent_14271c67861e
ENT_009959,ent_62cc24caff2e
ENT_009960,ent_35d770a1e914
ENT_009961,ent_4c204353cb72
ENT_009962,ent_4e7d50c1a361
ENT_009963,ent_0390886b5072
ENT_009964,ent_f152e5d190b7
ENT_009965,ent_d71768d992d5
ENT_009966,ent_e79b9f768f16
ENT_009967,ent_e01d86b74424
ENT_009968,ent_b9330e501c50
ENT_009969,ent_1c352f99d7ac
ENT_009970,ent_304f50480c23
ENT_009971,ent_d9e09b34bc48
ENT_009973,ent_d1c92b889efd
ENT_009974,ent_fdbea14a66e9
ENT_009976,ent_dbbc18427804
ENT_009977,ent_e752f5716877
ENT_009980,ent_c7d9378d960a
ENT_009981,ent_2778f08d17a4
ENT_009984,ent_9ad8c9ddac63
ENT_009986,ent_25195170b943
ENT_009988,ent_3f296deaa1e5
ENT_009989,ent_fbfadd806fff
ENT_009990,ent_fc8dbcf6f3b1
ENT_009991,ent_8ed10d17b13a
ENT_009993,ent_7e1b3cacbed0
ENT_009995,ent_b22466f9fe27
ENT_009996,ent_947fbcaa85eb
ENT_009998,ent_faaab9d4a609
ENT_010000,ent_5e47d146d0df
ENT_010001,ent_539e6cbf4fba
ENT_010002,ent_3e2b2b993934
ENT_010003,ent_5f250a8c3c60
ENT_010004,ent_2770437b914b
ENT_010005,ent_e49737e4a7a1
ENT_010006,ent_9c55f6d01dfd
ENT_010007,ent_74e454930411
ENT_010008,ent_7497e80b60a4
ENT_010009,ent_f47ce06745fd
ENT_010010,ent_0bf9d25595c4
ENT_010011,ent_1b5cde17336b
ENT_010012,ent_d860a20f3052
ENT_010013,ent_94fbfebdb492
ENT_010014,ent_9565b8689b65
ENT_010016,ent_d6a359038764
ENT_010017,ent_ff5a42fb37da
ENT_010018,ent_6935cd2b154b
ENT_010019,ent_979839a474ce
ENT_010020,ent_c15c073f805d
ENT_010021,ent_811f425d6dd6
ENT_010022,ent_4f0543e33bf9
ENT_010023,ent_a3ce8b18d7b6
ENT_010024,ent_0660c0188adf
ENT_010025,ent_973c4be19d22
ENT_010026,ent_2f65398f1640
ENT_010027,ent_ca80e954c68b
ENT_010028,ent_517fbf8b3c4c
ENT_010029,ent_c528670cce8b
ENT_010030,ent_a1775ca158ca
ENT_010032,ent_606bb52eac78
ENT_010034,ent_8635ec0bcefd
ENT_010038,ent_b52f52c3f7dd
ENT_010039,ent_4a736c7ec374
ENT_010040,ent_5d8f7c835d7a
ENT_010041,ent_e06d3034e76b
ENT_010042,ent_d17098741ae8
ENT_010043,ent_42e4b4599c8e
ENT_010047,ent_ef05122f1057
ENT_010049,ent_7f0a4242f82c
ENT_010050,ent_1de9be94e65e
ENT_010052,ent_1256471e3322
ENT_010053,ent_bd7867b7b4b2
ENT_010055,ent_c4af1c895c8e
ENT_010058,ent_e35f01ec5079
ENT_010062,ent_133cddd73ce3
ENT_010063,ent_dbe23689d8c9
ENT_010064,ent_29cc6df0d863
ENT_010065,ent_618d853bab18
ENT_010066,ent_ee651dd51ff9
ENT_010068,ent_474692dac812
ENT_010069,ent_69fefa4a3c85
ENT_010074,ent_ca26efb4b0c1
ENT_010077,ent_bb4d5c822e26
ENT_010078,ent_ca89e40644d5
ENT_010079,ent_a2f4dfb4b777
ENT_010081,ent_a6ba12934a95
ENT_010082,ent_b6d7e271ce80
ENT_010083,ent_12c26f4f723d
ENT_010085,ent_262baae9d2ba
ENT_010086,ent_8bccc4ae3153
ENT_010087,ent_06e211df6e1f
ENT_010089,ent_c4f61db83ad2
ENT_010090,ent_3749067c2f16
ENT_010091,ent_588c80514993
ENT_010093,ent_9c8d174a6d08
ENT_010094,ent_ea435c8de797
ENT_010097,ent_f6d2f20e8995
ENT_010098,ent_5ee5d012f82f
ENT_010099,ent_43bbfed9be16
ENT_010100,ent_102bc5cd9f20
ENT_010101,ent_607f4dafacb3
ENT_010102,ent_3f36fccfaa1c
ENT_010103,ent_3c63995c2113
ENT_010105,ent_b9fabc0da901
ENT_010106,ent_b60dc5603de8
ENT_010107,ent_92c6d3fdbccd
ENT_010108,ent_45d4bfd3bfad
ENT_010109,ent_bb327611f8d4
ENT_010110,ent_aab526d4f56b
ENT_010112,ent_e6080623b578
ENT_010113,ent_e021c0d6b91f
ENT_010115,ent_38502fc62fc9
ENT_010116,ent_e8f164e4d66a
ENT_010117,ent_d5f85767f69d
ENT_010118,ent_c1f71c347eb9
ENT_010119,ent_f42ed4cde397
ENT_010120,ent_2e68269d7185
ENT_010121,ent_859b1896d3d4
ENT_010122,ent_57477c01ec16
ENT_010123,ent_a3cc3e5f1968
ENT_010125,ent_7b6b30866e87
ENT_010126,ent_5c8030e5f758
ENT_010127,ent_5bf2bb261856
ENT_010128,ent_7f79a1d0bd60
ENT_010129,ent_d435b45cef7f
ENT_010130,ent_60689a078086
ENT_010131,ent_4f5075e52698
ENT_010132,ent_5c3bd54330ba
ENT_010133,ent_6fd2fd497ebe
ENT_010134,ent_0bcebc003048
ENT_010136,ent_7ab64059bbb8
ENT_010138,ent_fea0c83f7d6f
ENT_010139,ent_a425a0ed45d1
ENT_010141,ent_9fa37587bc63
ENT_010142,ent_0cdc2d21c736
ENT_010143,ent_ec48268487ca
ENT_010145,ent_b367c5a41de6
ENT_010146,ent_63a70349b92b
ENT_010147,ent_4a7c9de2dcfa
ENT_010148,ent_06c239150241
ENT_010150,ent_443da78b6207
ENT_010151,ent_4830c233c1c6
ENT_010152,ent_13a923932a83
ENT_010153,ent_49f8e76d6069
ENT_010154,ent_990cabd720ac
ENT_010155,ent_6508c1faaba2
ENT_010156,ent_01de2ac25eec
ENT_010157,ent_dd38d7264264
ENT_010158,ent_adaad6a44ee6
ENT_010159,ent_e472a69f9872
ENT_010161,ent_ffd10944b6f9
ENT_010162,ent_1c1b11f9e221
ENT_010163,ent_0c90f0ea1df4
ENT_010165,ent_9965f54eff49
ENT_010166,ent_c7774ea4a1d8
ENT_010167,ent_00ae7d1fc707
ENT_010169,ent_c69e12dcc3f5
ENT_010170,ent_c6b5199c7c11
ENT_010171,ent_dd03a807bd07
ENT_010173,ent_59e6b1b9f585
ENT_010174,ent_8f14c712ba3b
ENT_010175,ent_fef4ba2376a0
ENT_010176,ent_319ab18e4ea6
ENT_010178,ent_0460e2f2c2ea
ENT_010179,ent_2b3969f38024
ENT_010180,ent_75d15427c705
ENT_010181,ent_4282d563fd06
ENT_010182,ent_1c2b4fbd22d3
ENT_010183,ent_c54dea8613df
ENT_010184,ent_d41a29afd7b4
ENT_010185,ent_596fbd5f81f3
ENT_010188,ent_67066280a714
ENT_010189,ent_995aa502a2d0
ENT_010190,ent_c7d4a248d005
ENT_010191,ent_6a5877f32890
ENT_010192,ent_e918b89fa8cb
ENT_010193,ent_0ed501fa4886
ENT_010194,ent_7eb6e3d09af9
ENT_010195,ent_8d7437d76fbe
ENT_010196,ent_8a723028ca8d
ENT_010197,ent_8fdf0efce4a4
ENT_010198,ent_3fdf2b4e24ba
ENT_010199,ent_7c882a5faf13
ENT_010200,ent_268dde8ba280
ENT_010201,ent_dda43bb927b1
ENT_010202,ent_092920b6bd56
ENT_010203,ent_45e8949522a2
ENT_010204,ent_61e6278a31f1
ENT_010205,ent_d8554e0e0f69
ENT_010206,ent_290aa9cc6d75
ENT_010208,ent_e917d4b09017
ENT_010210,ent_3ee5fe067b16
ENT_010211,ent_ec3c7c027b95
ENT_010212,ent_3df79bbef1da
ENT_010213,ent_ff02ffab2e9e
ENT_010214,ent_9f16a827b1e5
ENT_010218,ent_611a65116e1f
ENT_010220,ent_ae752f871ea7
ENT_010221,ent_aaa4ec99d267
ENT_010223,ent_d29468635815
ENT_010224,ent_071f73acdffd
ENT_010225,ent_7ac73c667bc6
ENT_010227,ent_0247c28906c3
ENT_010228,ent_0f32fa7181d4
ENT_010230,ent_034c0d969fd5
ENT_010231,ent_78f37c9afb64
ENT_010232,ent_100538de65ea
ENT_010233,ent_3f0f2d34b854
ENT_010234,ent_6448b9a425ca
ENT_010236,ent_7b21414ca70c
ENT_010237,ent_931f5ad2792f
ENT_010238,ent_72a5ad866208
ENT_010244,ent_61b6070537cf
ENT_010245,ent_71a34ba3ca9d
ENT_010247,ent_ec12e7be4453
ENT_010249,ent_f9110d341998
ENT_010252,ent_14c4a9648121
ENT_010253,ent_54e0043b4734
ENT_010255,ent_77ddefcf564e
ENT_010256,ent_ac9618c18c3d
ENT_010257,ent_cea6fa1688fc
ENT_010259,ent_ffd19cf613dd
ENT_010260,ent_e37c0df6ab28
ENT_010261,ent_2c898e0dd6f6
ENT_010262,ent_95789f7546d6
ENT_010263,ent_a81fa3af8b32
ENT_010264,ent_3ad5165fa69d
ENT_010265,ent_dd4e8cb3452e
ENT_010266,ent_b2aeb3251e29
ENT_010267,ent_95ee9663a90d
ENT_010268,ent_b626517eb7ef
ENT_010269,ent_de8e1d4f4c0b
ENT_010270,ent_73cbd4f95864
ENT_010271,ent_94343a8a251f
ENT_010272,ent_069682d56e4b
ENT_010273,ent_f2b3b5962b94
ENT_010274,ent_bbbf107423cc
ENT_010276,ent_f58d272e58f3
ENT_010277,ent_550c2e43ef38
ENT_010280,ent_3ddf54c7a802
ENT_010282,ent_8ba54e27fe11
ENT_010283,ent_0776b3844117
ENT_010286,ent_a33a243d89cd
ENT_010287,ent_15304a151ca6
ENT_010288,ent_39cbf25de18a
ENT_010289,ent_9b78a4fb3036
ENT_010290,ent_c620a914fa75
ENT_010291,ent_ec7ad3499061
ENT_010292,ent_ba46b002dfa8
ENT_010293,ent_e4163b1f8db2
ENT_010294,ent_c7c54e2a7a55
ENT_010297,ent_df6e240fe792
ENT_010300,ent_9850bbd7c37d
ENT_010301,ent_df2af1555689
ENT_010302,ent_4a1f4f91f7a3
ENT_010303,ent_dd046b7e1179
ENT_010304,ent_fe959de24a5f
ENT_010305,ent_2592a9959a40
ENT_010306,ent_34e9622383c0
ENT_010307,ent_0b77fddbb50c
ENT_010308,ent_0be4a30996e5
ENT_010309,ent_fe3ede882378
ENT_010310,ent_17f08038c918
ENT_010311,ent_24edad77a891
ENT_010315,ent_6476d1133533
ENT_010316,ent_985cb167d401
ENT_010317,ent_4620447dfe81
ENT_010318,ent_04bdb4bc44bf
ENT_010319,ent_a5b8bb7f8530
ENT_010320,ent_95705a366ef5
ENT_010321,ent_39a48d8ba8ff
ENT_010322,ent_02546853acb1
ENT_010323,ent_418628b75f55
ENT_010324,ent_6e3fee32fecd
ENT_010325,ent_50ac4f4dbe16
ENT_010326,ent_f422a211ab19
ENT_010327,ent_1015fe5dacdc
ENT_010328,ent_5fa6dde5dfce
ENT_010330,ent_e0a269307571
ENT_010332,ent_9af06ecc66f8
ENT_010333,ent_3d74064b7b56
ENT_010334,ent_f80eab369529
ENT_010336,ent_cf9c8255a2d2
ENT_010337,ent_5bb5661a3f10
ENT_010338,ent_12a03e768a58
ENT_010339,ent_0f933c5a11a5
ENT_010341,ent_beb933bf18d0
ENT_010342,ent_e5e0a8f677b6
ENT_010344,ent_ad2328629382
ENT_010345,ent_90c64f1a08ba
ENT_010346,ent_13495f15cfc0
ENT_010347,ent_af586f42aef4
ENT_010348,ent_e4123fd9d7e9
ENT_010349,ent_752df4d9b27c
ENT_010350,ent_502d843877ca
ENT_010351,ent_cd2924973afe
ENT_010352,ent_358ee3a1d8d9
ENT_010353,ent_70dd7db3405b
ENT_010354,ent_63e4908f893b
ENT_010355,ent_c5f9848584a2
ENT_010356,ent_9dcdc7b79ee2
ENT_010357,ent_48043bc327a6
ENT_010358,ent_f3bdb6dd9935
ENT_010359,ent_f6b3caa333cb
ENT_010360,ent_f7eb09ddb307
ENT_010361,ent_5185d3428d4f
ENT_010362,ent_bb759f919e28
ENT_010363,ent_7079949fccf0
ENT_010364,ent_d3f3b457c4d9
ENT_010365,ent_e6238fedfea5
ENT_010366,ent_f62087ee213f
ENT_010367,ent_b48da303be64
ENT_010368,ent_1ef94c42a182
ENT_010369,ent_045cc47563ce
ENT_010370,ent_d1ba8503df32
ENT_010371,ent_d7dd8d8e2a13
ENT_010372,ent_bc67d29c4f58
ENT_010373,ent_9938ef02a950
ENT_010374,ent_81237d7cffb2
ENT_010375,ent_71b7a3a7952e
ENT_010376,ent_4bfdcf32f3a2
ENT_010377,ent_f76087add0dc
ENT_010378,ent_2ee46c235dd0
ENT_010379,ent_635e1a9c1809
ENT_010380,ent_93edfa6cf790
ENT_010381,ent_c3f606e896a0
ENT_010382,ent_46706c212179
ENT_010383,ent_462768a9d13b
ENT_010384,ent_90a1d4c3567f
ENT_010385,ent_9a7ce6ce1fb0
ENT_010386,ent_89d3b322f77e
ENT_010387,ent_1554415751f0
ENT_010388,ent_adc3170c79bc
ENT_010389,ent_56c535a53278
ENT_010390,ent_35416b2aa38f
ENT_010391,ent_447a7637e250
ENT_010392,ent_a4e124778483
ENT_010393,ent_db8f30ba27bf
ENT_010394,ent_ac05fb5af949
ENT_010395,ent_2bddc2506b0d
ENT_010396,ent_635b1c8a29bf
ENT_010397,ent_040b9a283ac4
ENT_010398,ent_9ad75bc993a0
ENT_010399,ent_c5fc396e7bb6
ENT_010400,ent_719d3ea810c6
ENT_010401,ent_9b706a514ee1
ENT_010402,ent_5ff8e6f4d705
ENT_010403,ent_39f180040c26
ENT_010405,ent_dc92d14109b2
ENT_010406,ent_39d71dba15a9
ENT_010407,ent_8f33889517ec
ENT_010408,ent_4e113c81434e
ENT_010409,ent_691244677d2d
ENT_010410,ent_3e10c7ca8d8f
ENT_010411,ent_3d04402d1b1b
ENT_010412,ent_15403476ee77
ENT_010414,ent_87c3d18c225d
ENT_010415,ent_5441ea4e1b66
ENT_010416,ent_d3e26d33b46f
ENT_010417,ent_93dede9d7998
ENT_010418,ent_4ed2e6710f9f
ENT_010419,ent_e3df628761aa
ENT_010420,ent_843dca8423b9
ENT_010421,ent_c1e379fcf23b
ENT_010423,ent_e4daa507b715
ENT_010424,ent_808981723a42
ENT_010425,ent_f4b5245dbe34
ENT_010426,ent_378e0a3c2fc4
ENT_010427,ent_a114adf9949d
ENT_010428,ent_2e6f4084485c
ENT_010429,ent_4f6a509c683c
ENT_010430,ent_6674ad81adaf
ENT_010431,ent_9d222ae41f73
ENT_010432,ent_579d00378688
ENT_010433,ent_a3b566c0ff61
ENT_010434,ent_690b5a8d1235
ENT_010435,ent_e30762037ab8
ENT_010436,ent_4dacefabf365
ENT_010438,ent_80fb8aeae7a4
ENT_010439,ent_52746f4a731b
ENT_010440,ent_6a3abc79eacf
ENT_010441,ent_08d6c5d0905e
ENT_010442,ent_95a1a8dc881c
ENT_010443,ent_f2e95303df82
ENT_010444,ent_e56aa1902076
ENT_010445,ent_111439d9388e
ENT_010446,ent_63c60c994ab7
ENT_010447,ent_71469a2bff36
ENT_010448,ent_18eacd13bd47
ENT_010449,ent_19a3bdc6e9f5
ENT_010450,ent_9f78f0e6b00f
ENT_010451,ent_295f5ce470d2
ENT_010452,ent_6f6fe3e01b7a
ENT_010453,ent_c8753f83d71b
ENT_010454,ent_9e382e495478
ENT_010455,ent_6679ee32c1a8
ENT_010456,ent_38e359be0d13
ENT_010457,ent_0d4c3e0d878c
ENT_010459,ent_6a1b6e91caf9
ENT_010460,ent_91a1eab72fa8
ENT_010461,ent_8a3fe1479180
ENT_010463,ent_eb1599fc1ec3
ENT_010464,ent_570438ab53eb
ENT_010465,ent_0e58806e2814
ENT_010466,ent_2b9de6e43935
ENT_010467,ent_1cf829f4911d
ENT_010469,ent_dd29e85c0b9e
ENT_010470,ent_b92fbf8b8368
ENT_010471,ent_6a1f97454912
ENT_010472,ent_b98aef5dda62
ENT_010473,ent_1ac0f3440d3b
ENT_010474,ent_e02289508c08
ENT_010475,ent_29348974b785
ENT_010476,ent_1e7b2bd64137
ENT_010478,ent_95e964f88895
ENT_010479,ent_a47fbeb167fb
ENT_010480,ent_84c47c415d8d
ENT_010481,ent_ff67c77ce9f8
ENT_010482,ent_66cd1bca0b99
ENT_010483,ent_e38b8f180f7e
ENT_010484,ent_b8e9d4490415
ENT_010485,ent_3c419bd1ddab
ENT_010486,ent_2109685dbc0d
ENT_010487,ent_e283ba216b5d
ENT_010488,ent_9fadcfcbe56b
ENT_010489,ent_f16669b86209
ENT_010491,ent_d76ce2b3ded2
ENT_010492,ent_210b40507b1a
ENT_010493,ent_7c0713d4980e
ENT_010494,ent_65b88872ed3a
ENT_010496,ent_cb4a6b28410f
ENT_010497,ent_e60b8f7bb836
ENT_010498,ent_ca7bc89c77b0
ENT_010499,ent_e6cabd82f5e7
ENT_010500,ent_61ab5e4c9dda
ENT_010501,ent_04e14d8c6c49
ENT_010502,ent_502cdff17cee
ENT_010503,ent_32f181c73a4f
ENT_010504,ent_0116e8fabc1b
ENT_010505,ent_9d93c313a313
ENT_010506,ent_ce187955b4ea
ENT_010507,ent_a60e4e563419
ENT_010508,ent_cc1dce0133a6
ENT_010510,ent_a3a56f33606e
ENT_010511,ent_d3a522913e84
ENT_010513,ent_df694c2dae64
ENT_010514,ent_9f7f84003850
ENT_010515,ent_9cc0b54fac92
ENT_010516,ent_beecfc14bd35
ENT_010517,ent_1896959a4651
ENT_010518,ent_4874788198e1
ENT_010519,ent_d4b072d4a427
ENT_010520,ent_204db57cdf41
ENT_010521,ent_6e966f8be503
ENT_010522,ent_86d3e290cceb
ENT_010523,ent_ddab4da392dc
ENT_010524,ent_3eca338b8096
ENT_010525,ent_f02df3ee0a24
ENT_010526,ent_4aeb7c935674
ENT_010528,ent_e632033a71b3
ENT_010529,ent_dd00d5932dc4
ENT_010530,ent_ace113667daf
ENT_010531,ent_b61f8fc38e8b
ENT_010532,ent_793794bc069a
ENT_010533,ent_3cedde295755
ENT_010534,ent_fac06e11f13c
ENT_010536,ent_845f031bb8e4
ENT_010538,ent_5382f9f5217a
ENT_010539,ent_e73d8d6524b4
ENT_010540,ent_11f25731dc09
ENT_010541,ent_ac51cf6af2bb
ENT_010543,ent_a64ce6f791ad
ENT_010545,ent_759f3b6777c6
ENT_010546,ent_6262a45654a1
ENT_010547,ent_a4f9788a42e8
ENT_010548,ent_74069de07f51
ENT_010549,ent_e9627f13a918
ENT_010550,ent_f432141ecf18
ENT_010551,ent_31e006b82fb3
ENT_010552,ent_3cdf269e75a2
ENT_010553,ent_a2001fff71e1
ENT_010554,ent_bf69d0d4c46f
ENT_010555,ent_4cba0e95dfb1
ENT_010556,ent_a03906e8fbc5
ENT_010557,ent_46946532e733
ENT_010558,ent_79d3975426fa
ENT_010559,ent_7a84149e2d12
ENT_010560,ent_9e7932e8b2cc
ENT_010561,ent_d3f0649349eb
ENT_010562,ent_0ce474cefbe3
ENT_010563,ent_be4be32603d0
ENT_010564,ent_7a4886c27966
ENT_010565,ent_656102354c9c
ENT_010566,ent_115441e59b56
ENT_010567,ent_768d10de2926
ENT_010568,ent_d19d153db47f
ENT_010570,ent_e7663527e885
ENT_010571,ent_d062a901a406
ENT_010572,ent_a4aa2917b2ef
ENT_010573,ent_4fbd6624a11f
ENT_010574,ent_d67634aa9405
ENT_010575,ent_52945a37792c
ENT_010576,ent_dd3fcc12b7a4
ENT_010577,ent_4bbdf00f1bc2
ENT_010578,ent_279a449c37e3
ENT_010579,ent_27ec897fd990
ENT_010580,ent_69e33023f06e
ENT_010581,ent_3b05668ce9cc
ENT_010582,ent_0f76489506c7
ENT_010583,ent_3ef1e6988d06
ENT_010584,ent_4b445011c56e
ENT_010586,ent_8b7c4e860e65
ENT_010587,ent_0f005887a0ab
ENT_010588,ent_96cd83a0b9b0
ENT_010590,ent_cf8761496e5c
ENT_010591,ent_484738f3ef70
ENT_010592,ent_d4ab9238d64b
ENT_010593,ent_1b994a873d9e
ENT_010595,ent_333554e7cb75
ENT_010596,ent_dcf47d33fd62
ENT_010597,ent_74862daa7118
ENT_010598,ent_13993a1b6f41
ENT_010599,ent_13bf15a6f4ed
ENT_010600,ent_17834c4eb13c
ENT_010601,ent_2aad5f4c6e38
ENT_010602,ent_ecc23e753f24
ENT_010603,ent_3f1bb8122a4d
ENT_010604,ent_b4da8ab913fc
ENT_010605,ent_97d2ff05fab3
ENT_010606,ent_1bc9ba7820c7
ENT_010607,ent_4ff10a7d47cd
ENT_010608,ent_f976eadd36d9
ENT_010609,ent_eeaac3de694d
ENT_010610,ent_e396123aced7
ENT_010611,ent_5d2536d2462c
ENT_010613,ent_2e1fad422d80
ENT_010614,ent_697e7a888831
ENT_010615,ent_ac53fd909808
ENT_010617,ent_d11052d4a285
ENT_010618,ent_0cfa3eb55d46
ENT_010619,ent_254b4afe21c7
ENT_010620,ent_845f17011422
ENT_010621,ent_c6caf4f75069
ENT_010623,ent_b3101b06e936
ENT_010624,ent_d8b9e7d9776e
ENT_010625,ent_7cbebf3387b5
ENT_010626,ent_c46fe157f39a
ENT_010627,ent_e2d90c40483b
ENT_010628,ent_3f518e806834
ENT_010629,ent_b5003e7c8d31
ENT_010630,ent_088207d0adcc
ENT_010631,ent_018048ca623a
ENT_010632,ent_f20a4d34cb06
ENT_010633,ent_e754b3928fb8
ENT_010634,ent_e11b0e12a81c
ENT_010635,ent_82ffa2b76170
ENT_010636,ent_bc58a3e35556
ENT_010637,ent_4d00cb46c943
ENT_010638,ent_97147cbbe903
ENT_010639,ent_1670efb143b1
ENT_010640,ent_fae43ac562e0
ENT_010641,ent_49a8254432bd
ENT_010642,ent_7fa848a829eb
ENT_010643,ent_082fab3b12cd
ENT_010644,ent_71893904a4b9
ENT_010645,ent_67db200ef0e0
ENT_010646,ent_27a32ec75190
ENT_010647,ent_60ca0bca99f1
ENT_010648,ent_0c663d293323
ENT_010649,ent_16aae911661b
ENT_010650,ent_8eec643d4e61
ENT_010651,ent_f11e89e60c3a
ENT_010652,ent_61e78d50c273
ENT_010654,ent_fdf03c1d52f4
ENT_010656,ent_e5e2f674a600
ENT_010657,ent_656661f6e1f1
ENT_010658,ent_417cbc6d05fd
ENT_010659,ent_cf41fccfa27d
ENT_010660,ent_0645fc5ff7d4
ENT_010661,ent_d40d86263188
ENT_010662,ent_fc4456801c63
ENT_010663,ent_3df0e9095d94
ENT_010664,ent_f430a0be8d26
ENT_010665,ent_1274288c68e7
ENT_010666,ent_8c64fc801efb
ENT_010667,ent_09d9a2e287ef
ENT_010668,ent_7c6ab2bc98fa
ENT_010669,ent_84b8e02ed2f5
ENT_010672,ent_127d3c935ce9
ENT_010673,ent_d0b09a5a1e75
ENT_010674,ent_43b838d91b2d
ENT_010675,ent_5b6d6b0420b9
ENT_010678,ent_2e7f9de42099
ENT_010679,ent_f39f2aa2934b
ENT_010680,ent_fdc17c035ee6
ENT_010681,ent_d082ebfcdde0
ENT_010682,ent_4b228b83dae1
ENT_010684,ent_38794ae05e27
ENT_010685,ent_4fdcff655aca
ENT_010686,ent_3dea2002eadc
ENT_010687,ent_bd1460022cb1
ENT_010688,ent_a62167b1285a
ENT_010689,ent_0559fdb7a6c9
ENT_010690,ent_ca8eab39fb09
ENT_010691,ent_7af664e89b94
ENT_010692,ent_945e6a126df7
ENT_010693,ent_2ceaa59bf05a
ENT_010695,ent_302eb81aa45c
ENT_010696,ent_fd6560e165b8
ENT_010697,ent_5ec1b99dfddf
ENT_010698,ent_8c8959bb9219
ENT_010699,ent_4c73925cb85d
ENT_010700,ent_feef4eb9f425
ENT_010701,ent_72b5cc02f472
ENT_010702,ent_79f8d98f816b
ENT_010703,ent_5dda122b35fa
ENT_010704,ent_876f691e1ee4
ENT_010705,ent_54e6cf2fc6b5
ENT_010706,ent_f01dbf1fe1a4
ENT_010707,ent_495bfda646bb
ENT_010708,ent_1679f51aa34e
ENT_010709,ent_9f8364c05564
ENT_010710,ent_8c8b5be25e6a
ENT_010711,ent_0413a5b5285d
ENT_010712,ent_033217c8e542
ENT_010713,ent_d31861662c2b
ENT_010714,ent_1530540a1a78
ENT_010715,ent_4cca03eb4c17
ENT_010716,ent_10dfadfc9654
ENT_010717,ent_6339fba546fc
ENT_010718,ent_70efe364c85f
ENT_010719,ent_081246a9389c
ENT_010720,ent_9b6123512162
ENT_010721,ent_6f4443a349bf
ENT_010722,ent_91f152a4d3f7
ENT_010723,ent_53902ee81bc8
ENT_010724,ent_f1fa1687286a
ENT_010725,ent_322991510fbe
ENT_010726,ent_1a98774d22d4
ENT_010727,ent_38b79709a91a
ENT_010729,ent_ddcd4c8217e9
ENT_010730,ent_005d841da566
ENT_010731,ent_db1b87e7f442
ENT_010732,ent_027726db5264
ENT_010733,ent_ac36b849203f
ENT_010734,ent_09d7beb21162
ENT_010735,ent_c4f9d49e6a2e
ENT_010736,ent_e5fe3dd59c3f
ENT_010737,ent_7b1ade1229ee
ENT_010738,ent_17ffd9d5b56f
ENT_010739,ent_03e8aab2dd37
ENT_010740,ent_33c1bd8c76f3
ENT_010741,ent_cdb81264e26d
ENT_010742,ent_2f95a8fac789
ENT_010743,ent_8723e46fb18b
ENT_010744,ent_e253f9e3254b
ENT_010745,ent_e8455d493584
ENT_010746,ent_4910a9b579f0
ENT_010747,ent_413d5a0eb312
ENT_010748,ent_904d17ceb5d6
ENT_010749,ent_b485766acc5f
ENT_010750,ent_ae842d1a642c
ENT_010751,ent_ae00c1901297
ENT_010752,ent_9c977ad40783
ENT_010753,ent_58dfd7195599
ENT_010754,ent_462f70969436
ENT_010755,ent_c908b7177092
ENT_010756,ent_691544cbddb7
ENT_010757,ent_18480741e488
ENT_010758,ent_0b06e21deb6e
ENT_010759,ent_2d305dc9221e
ENT_010760,ent_bd849279f249
ENT_010761,ent_158667553967
ENT_010762,ent_71dd797360ca
ENT_010764,ent_8c71d13c00a0
ENT_010765,ent_68295e901e16
ENT_010766,ent_70ebc8b8e99c
ENT_010770,ent_5d2f0c62649e
ENT_010771,ent_19533a5bf340
ENT_010772,ent_6fe0a8086994
ENT_010774,ent_c8a10a99dfa4
ENT_010775,ent_512f58778c01
ENT_010777,ent_c2b7393abc31
ENT_010778,ent_a98a7f5aa9c6
ENT_010779,ent_2e789e77cac5
ENT_010780,ent_29f75dc05d58
ENT_010785,ent_9014e7bcea53
ENT_010786,ent_fcc6eb8d5dc3
ENT_010787,ent_817aac64d7d7
ENT_010788,ent_69f1c8df0c1b
ENT_010789,ent_b4ea2890a80c
ENT_010790,ent_a9c917455c23
ENT_010791,ent_f4901a4525e0
ENT_010792,ent_ace25f8d8663
ENT_010793,ent_b949ff143784
ENT_010794,ent_d32e84f7e58c
ENT_010795,ent_0ccca1c9b2fa
ENT_010796,ent_05ae4fe2d3e4
ENT_010797,ent_dd2ca9834b0a
ENT_010798,ent_f34e464b2535
ENT_010799,ent_de0d1708e7f3
ENT_010800,ent_81890bcbd618
ENT_010801,ent_7ae741f83f09
ENT_010802,ent_e3766df0b062
ENT_010803,ent_795c889b621c
ENT_010804,ent_d266ce2de54b
ENT_010805,ent_cf1276f49143
ENT_010806,ent_f85b31b1752d
ENT_010807,ent_58f7810a9cdd
ENT_010808,ent_22f422f48da7
ENT_010809,ent_2d35395e5c78
ENT_010811,ent_60cd656405a5
ENT_010812,ent_a2a5ab43c0d7
ENT_010813,ent_585a65f05bbd
ENT_010814,ent_3a7bf4f5538f
ENT_010815,ent_706635785944
ENT_010816,ent_968cbe8e39d6
ENT_010817,ent_c1e719368810
ENT_010818,ent_e27da825707d
ENT_010819,ent_4a9f76f0fcd8
ENT_010820,ent_f38260bccb37
ENT_010823,ent_0205a549721c
ENT_010824,ent_cfca4fc7c46c
ENT_010825,ent_a31829aaf54c
ENT_010826,ent_2d88f4eceeb1
ENT_010827,ent_35da64529ddf
ENT_010828,ent_bb10f61f3f49
ENT_010829,ent_a28b121614f2
ENT_010830,ent_5d0965452b30
ENT_010831,ent_7a792cea6605
ENT_010832,ent_8c5cbeb3585f
ENT_010833,ent_336702cf6178
ENT_010834,ent_9f0c915b8cde
ENT_010835,ent_c0f0d5e528a8
ENT_010836,ent_7b15d833d9ce
ENT_010837,ent_b8090528e829
ENT_010838,ent_a5689729db93
ENT_010840,ent_a4c1958e95b0
ENT_010841,ent_9b5d230a74e8
ENT_010842,ent_6731f87543b3
ENT_010843,ent_e699cad0ae4e
ENT_010844,ent_783fbbda7566
ENT_010845,ent_5e9e8c4a551f
ENT_010847,ent_0446841262d9
ENT_010848,ent_09284bc86944
ENT_010849,ent_7387e090be9c
ENT_010850,ent_69b08a6eee4f
ENT_010851,ent_4b5ef332c32f
ENT_010852,ent_be9770f69b17
ENT_010853,ent_82dbce08404e
ENT_010854,ent_a388701f5940
ENT_010855,ent_9d1a0718a706
ENT_010856,ent_ef460749bf64
ENT_010857,ent_21805b9ce117
ENT_010858,ent_0d1efadf9b12
ENT_010859,ent_639700747bda
ENT_010860,ent_2e20d1b5d22f
ENT_010861,ent_75691b681766
ENT_010862,ent_33b2a63d1c60
ENT_010865,ent_a637ba961574
ENT_010866,ent_48578af3bb1d
ENT_010867,ent_a350d09e5afe
ENT_010868,ent_a9deb591fc3d
ENT_010870,ent_62757d440941
ENT_010871,ent_17851a50f20e
ENT_010872,ent_3111308b645f
ENT_010873,ent_b66a83cb299e
ENT_010874,ent_7182e185fd48
ENT_010875,ent_f60f3478fd6b
ENT_010876,ent_2676bb7dfa3e
ENT_010877,ent_a8cf064f1ea5
ENT_010878,ent_42feb397cd10
ENT_010879,ent_782262bf5a17
ENT_010880,ent_6b67a4261b52
ENT_010881,ent_ad613207dad1
ENT_010882,ent_e692bca5d804
ENT_010883,ent_8c3238b37e37
ENT_010886,ent_850122e179ac
ENT_010887,ent_1651036ad978
ENT_010889,ent_3f9a7b0fade6
ENT_010890,ent_531c583c80cc
ENT_010891,ent_86bddd8ac26a
ENT_010892,ent_5fc647bb5bcb
ENT_010893,ent_1a4993b30a91
ENT_010894,ent_8290e52a77b3
ENT_010895,ent_5de0e73b66a8
ENT_010896,ent_6702e0758491
ENT_010897,ent_0a5098f7efc1
ENT_010898,ent_27a5b98a0b3f
ENT_010899,ent_8764961ef869
ENT_010900,ent_e345e7810439
ENT_010902,ent_14bf0db4166f
ENT_010904,ent_8639bbd17d88
ENT_010905,ent_9d3776e88220
ENT_010906,ent_600706c1d3d8
ENT_010907,ent_4e161806543c
ENT_010908,ent_b1e0dce9b287
ENT_010909,ent_0917704eef2b
ENT_010910,ent_cad3c1a00a0d
ENT_010911,ent_92bed3de8c9d
ENT_010912,ent_674033504ba9
ENT_010914,ent_2e9d8fbfb859
ENT_010915,ent_f45ccae4feb0
ENT_010916,ent_e881df66a137
ENT_010917,ent_3bc8beae95c0
ENT_010918,ent_cc2ba6023e05
ENT_010919,ent_2e88df8822f3
ENT_010920,ent_481b67d8a55e
ENT_010921,ent_b0750bc8304b
ENT_010922,ent_3ee520acb0e7
ENT_010923,ent_e441a4616983
ENT_010924,ent_82931f69e0ed
ENT_010925,ent_107e7d42c231
ENT_010926,ent_6e93d2f92dd7
ENT_010927,ent_2a1055dc9d48
ENT_010928,ent_cfaa5a631199
ENT_010929,ent_e4bf6cadad6f
ENT_010930,ent_297d8c42820c
ENT_010931,ent_9be96cc7d1ad
ENT_010932,ent_83547e02c094
ENT_010933,ent_c534b4b83988
ENT_010934,ent_1a618928cde5
ENT_010935,ent_9ac382004d5d
ENT_010936,ent_8c6393ec34ae
ENT_010937,ent_cdcf242838e3
ENT_010938,ent_4d4a2b9d8a3d
ENT_010939,ent_26b7f62f2116
ENT_010940,ent_dbb72ec5a10a
ENT_010943,ent_b5600d826924
ENT_010946,ent_7eb8c63f5ed9
ENT_010947,ent_af0916815940
ENT_010948,ent_86d5811cb494
ENT_010949,ent_9b60f021600a
ENT_010950,ent_5a00f61cb7ef
ENT_010951,ent_9a3bb8c5ef0c
ENT_010952,ent_ec9a581ea8d7
ENT_010953,ent_843d8798d8f2
ENT_010954,ent_3fc1893fac70
ENT_010955,ent_2e5a415c85da
ENT_010956,ent_60827e145a67
ENT_010957,ent_cdb2c3a7d970
ENT_010958,ent_af278a6f5171
ENT_010959,ent_f55e1c69fc85
ENT_010960,ent_c75f748cc92d
ENT_010962,ent_be683bf6358a
ENT_010963,ent_b197063c4387
ENT_010964,ent_6d1df825009b
ENT_010965,ent_e3b173b7c54b
ENT_010966,ent_83e31cb0111d
ENT_010967,ent_a30bd9b85933
ENT_010968,ent_be805969443d
ENT_010969,ent_af848aebdcb6
ENT_010970,ent_c749ded535e2
ENT_010973,ent_ac4345ea2d41
ENT_010974,ent_605ce06a3a3b
ENT_010976,ent_2bb8f534fdf0
ENT_010977,ent_c40dd00c59c7
ENT_010978,ent_a011be97d5e7
ENT_010979,ent_5e27318715a1
ENT_010980,ent_16320af9990e
ENT_010981,ent_a4cadbb2d909
ENT_010982,ent_d275e0fccdc8
ENT_010983,ent_3fbf31c54f71
ENT_010984,ent_5f27f0964252
ENT_010986,ent_45a6b0a788f7
ENT_010987,ent_09b089e976e8
ENT_010988,ent_6b82319f71b2
ENT_010989,ent_f531e1295d92
ENT_010990,ent_56b3ef939c95
ENT_010991,ent_323405171cbc
ENT_010993,ent_acd3ce879b98
ENT_010994,ent_e7dc5f3c8096
ENT_010995,ent_013288ea8902
ENT_010996,ent_49d187848858
ENT_010997,ent_ea6c0c76fe7b
ENT_010999,ent_30cffb21243e
ENT_011001,ent_15d653a48202
ENT_011002,ent_a33d3fc68bf6
ENT_011003,ent_735a71885bdf
ENT_011004,ent_b4e43bc38815
ENT_011007,ent_0f48020fd44e
ENT_011008,ent_5da46f757a99
ENT_011009,ent_f4f75e3adc6c
ENT_011010,ent_1b7cbab896ef
ENT_011011,ent_633d0e58d5ca
ENT_011012,ent_4fe9cd450389
ENT_011013,ent_827b8b25ac19
ENT_011014,ent_1c7884b0868d
ENT_011017,ent_9435ad31b782
ENT_011018,ent_3d18c74ae087
ENT_011019,ent_914af786a4ca
ENT_011020,ent_ddcaac559f32
ENT_011021,ent_552a17b0a03e
ENT_011024,ent_22ee1c809874
ENT_011025,ent_939645a7fb1f
ENT_011026,ent_ea2c73b4f7cf
ENT_011028,ent_1384711d5e4f
ENT_011029,ent_a3e648d1de8b
ENT_011030,ent_7fbd98a9838c
ENT_011031,ent_2eb76d7747ac
ENT_011033,ent_53f799a38194
ENT_011034,ent_28361820f64a
ENT_011038,ent_4dab3cd9d0ac
ENT_011039,ent_63acc2e1ab39
ENT_011041,ent_e0df97b2538b
ENT_011042,ent_46f44c14e71d
ENT_011043,ent_6074259c4f64
ENT_011044,ent_d0de242ecf37
ENT_011045,ent_7f9367e5743c
ENT_011046,ent_f9a3f764ce99
ENT_011047,ent_cd0aa6aa911e
ENT_011048,ent_a6585e3701d3
ENT_011049,ent_15a508daa2ee
ENT_011050,ent_354ec42eafd7
ENT_011051,ent_6a36d48dad0b
ENT_011052,ent_34b4c6653c01
ENT_011053,ent_e107f5f9d74f
ENT_011054,ent_d2c5411f1987
ENT_011055,ent_b3342422528c
ENT_011056,ent_8b2936b6d3be
ENT_011057,ent_f726727b70bf
ENT_011058,ent_2c404c1c4b96
ENT_011059,ent_a01cb0d6e067
ENT_011060,ent_1316168d0f34
ENT_011061,ent_4517bb5ef9bf
ENT_011062,ent_d196077cfd33
ENT_011063,ent_a73f2d31af78
ENT_011065,ent_5acdaf8d3758
ENT_011066,ent_5d61f5cc1ece
ENT_011069,ent_74cf804f9bbb
ENT_011070,ent_7068a2692b3e
ENT_011072,ent_e80742aa8aaf
ENT_011074,ent_40c7f5260863
ENT_011077,ent_cfed1355691c
ENT_011078,ent_46d56ea6f47a
ENT_011079,ent_53922e1e6f3d
ENT_011080,ent_6e5bd1bf28fd
ENT_011081,ent_eab365bfc272
ENT_011082,ent_4341aa49d32e
ENT_011083,ent_ada9194d1bdd
ENT_011084,ent_a5c700904bd2
ENT_011088,ent_c0b3c6cb671e
ENT_011090,ent_24e313cb804f
ENT_011092,ent_768dbd613e2c
ENT_011093,ent_bd37a29bc825
ENT_011094,ent_0eb4ea84c6de
ENT_011095,ent_cce96c62ef9c
ENT_011096,ent_369c547de62f
ENT_011097,ent_b69d8e89eb0c
ENT_011101,ent_5145e78dc418
ENT_011103,ent_d6e02af5da39
ENT_011104,ent_2ff703c175f6
ENT_011105,ent_93c8bb36de6e
ENT_011107,ent_2179021ca88e
ENT_011108,ent_644f91e7bf58
ENT_011109,ent_1c245aca4250
ENT_011110,ent_9c3bbe004726
ENT_011111,ent_c0e00ce56f0a
ENT_011113,ent_f95558a6808c
ENT_011115,ent_a75757ef8db8
ENT_011118,ent_c5a2a6d7a4c0
ENT_011120,ent_579f85a577e0
ENT_011121,ent_3777e3598e14
ENT_011122,ent_513ad38dfe9a
ENT_011123,ent_799d03421ed0
ENT_011124,ent_87731f403955
ENT_011125,ent_3afe75430211
ENT_011127,ent_a5d608cc4bde
ENT_011128,ent_cc86f4a434da
ENT_011129,ent_7841cf136a3d
ENT_011130,ent_bb4f5b0560ad
ENT_011134,ent_e82833357fd9
ENT_011135,ent_6bd6b8a7069c
ENT_011137,ent_411f76f69566
ENT_011141,ent_272798f60339
ENT_011142,ent_a609421681c7
ENT_011143,ent_8377c13a2dcd
ENT_011145,ent_fd6e42a24316
ENT_011146,ent_924b2f918d64
ENT_011149,ent_8511bab4aca2
ENT_011150,ent_acd94aed298e
ENT_011151,ent_f038900e41f0
ENT_011152,ent_b40ca3370a8c
ENT_011153,ent_9cb56599e9f9
ENT_011154,ent_fa99c03ba047
ENT_011155,ent_95cb4450a5ac
ENT_011156,ent_303e8feed032
ENT_011157,ent_32d77ed7e9dd
ENT_011158,ent_07a87476d794
ENT_011159,ent_1e052acb5a97
ENT_011160,ent_c6b9184951a6
ENT_011161,ent_82c38c1388b0
ENT_011162,ent_35aaa5160b01
ENT_011163,ent_ab3319257397
ENT_011164,ent_876f43be26bf
ENT_011165,ent_146d7e8fe774
ENT_011166,ent_b5625c63f904
ENT_011167,ent_ca158883fa3f
ENT_011168,ent_f3533e7fe688
ENT_011169,ent_bd309342913c
ENT_011170,ent_646b7d6c5d5b
ENT_011171,ent_7d72726e6ff8
ENT_011172,ent_e87c48f04d52
ENT_011173,ent_2e4d6b9af83a
ENT_011174,ent_7dae218ba892
ENT_011175,ent_a4cb01cd11eb
ENT_011176,ent_919dc72924df
ENT_011178,ent_3f0a73491821
ENT_011179,ent_15d9fafd5d68
ENT_011180,ent_210cada38c33
ENT_011181,ent_98c6b4078bcd
ENT_011183,ent_50995cede999
ENT_011184,ent_5f672d520611
ENT_011186,ent_7224077af682
ENT_011188,ent_7e02c9d98794
ENT_011191,ent_abeb81c1ed9b
ENT_011192,ent_2fa7092aca9e
ENT_011193,ent_6285afaaf79b
ENT_011194,ent_da15b0bacd13
ENT_011195,ent_97c775bd2c30
ENT_011199,ent_8422c67a2c8b
ENT_011200,ent_191031c57f4a
ENT_011201,ent_21d4c424196f
ENT_011202,ent_9daf6c479859
ENT_011203,ent_fc59e642cdb4
ENT_011207,ent_f9233e73ea57
ENT_011208,ent_d0190df56b34
ENT_011209,ent_80bac3e5aeb9
ENT_011210,ent_860d8e95d937
ENT_011211,ent_ce6d1745cb5d
ENT_011212,ent_2a4bbea7276c
ENT_011213,ent_b32fe8c179e9
ENT_011215,ent_4a2f679564b1
ENT_011216,ent_f2a291222840
ENT_011217,ent_5d6d973f4cc4
ENT_011219,ent_f68f844108a9
ENT_011220,ent_d541d0a7e8d0
ENT_011221,ent_cb8b3eceabc5
ENT_011222,ent_3984700846bb
ENT_011226,ent_f3b75179bfa1
ENT_011227,ent_f94ff5921a02
ENT_011228,ent_7adcfed67214
ENT_011229,ent_ee99b0451ffe
ENT_011230,ent_c22b78ffd3d1
ENT_011231,ent_33ca106adac5
ENT_011232,ent_fd007b0d0216
ENT_011234,ent_24ebd0ab63c2
ENT_011235,ent_5fd15117d33e
ENT_011237,ent_afb2d91d9886
ENT_011238,ent_f2d292ec10c8
ENT_011239,ent_18301b292f51
ENT_011240,ent_d4ced3f2e6f0
ENT_011241,ent_6910ccbc137d
ENT_011243,ent_e2d50f5ee12c
ENT_011244,ent_0b8b51724910
ENT_011245,ent_f30880e05340
ENT_011246,ent_af13ae3ab353
ENT_011247,ent_4ec9385a8e61
ENT_011248,ent_5bc38fff9970
ENT_011249,ent_0324b0fc86b7
ENT_011250,ent_63ed4eb2a780
ENT_011251,ent_ed679dbf911e
ENT_011252,ent_6a0926046ead
ENT_011253,ent_25a439bae98f
ENT_011254,ent_054e327d2620
ENT_011256,ent_5afd4cdf2ae0
ENT_011257,ent_76ad61f21bb3
ENT_011258,ent_8367a2f3f855
ENT_011261,ent_2c38b877271a
ENT_011262,ent_cd35a6096b16
ENT_011266,ent_d58d040d2c70
ENT_011267,ent_7de55a215db6
ENT_011268,ent_f8ef3c0ea161
ENT_011270,ent_501cd86c27e3
ENT_011271,ent_1d053ccadcb9
ENT_011272,ent_b45f35530ba0
ENT_011277,ent_fda8f6a7b3a9
ENT_011282,ent_402abd412088
ENT_011283,ent_8a8062d98849
ENT_011284,ent_ee87cc5d6440
ENT_011285,ent_6ae6e7714956
ENT_011287,ent_90efed2815c9
ENT_011288,ent_cd926a58067f
ENT_011289,ent_93cbce938072
ENT_011290,ent_ad7b5d60f5f0
ENT_011291,ent_c163c0d9d2d6
ENT_011292,ent_e3ecff6b8f0a
ENT_011293,ent_7a5caba23805
ENT_011294,ent_86148445c980
ENT_011295,ent_98543cabe527
ENT_011296,ent_63448f3249ab
ENT_011297,ent_fd6667fa0109
ENT_011298,ent_7d2285b1c4f5
ENT_011300,ent_6685213508ee
ENT_011301,ent_a189c4fc52b0
ENT_011302,ent_eb9ce6f658a1
ENT_011303,ent_bd862f82e9c6
ENT_011305,ent_990cd69b9090
ENT_011306,ent_0d8b210c5995
ENT_011307,ent_c1359e32733c
ENT_011308,ent_974ad45e2f58
ENT_011309,ent_9ebe452f9932
ENT_011310,ent_9a487729e2e8
ENT_011311,ent_4cdd55d4482f
ENT_011312,ent_cacd8a2a8765
ENT_011313,ent_07dde468da75
ENT_011314,ent_d3230d6f1d92
ENT_011315,ent_c62b730b4035
ENT_011316,ent_c5846bbf83b6
ENT_011317,ent_7cba32f99dc1
ENT_011318,ent_7b8ec8f41c74
ENT_011319,ent_ae48a969b3dc
ENT_011320,ent_3a98af63a1cd
ENT_011321,ent_2af8fb18dd7f
ENT_011322,ent_908d2343d0c7
ENT_011323,ent_b3b2b623cfdf
ENT_011324,ent_f4e8d00b4f4e
ENT_011325,ent_163c2a543077
ENT_011326,ent_a455871e7105
ENT_011327,ent_f5cdf73b84ab
ENT_011328,ent_af9d8fff7a07
ENT_011329,ent_0241309a43f2
ENT_011330,ent_2bc6c93320fc
ENT_011331,ent_fbc6193b10f5
ENT_011332,ent_5b4190dc752b
ENT_011335,ent_ef8cf7acbbb9
ENT_011336,ent_d9a596d3cfdb
ENT_011338,ent_97147b364d0c
ENT_011339,ent_eeb04eeeb2df
ENT_011340,ent_01bb9074c145
ENT_011341,ent_e5a94c2161b5
ENT_011342,ent_1454de72e9b7
ENT_011343,ent_5c4dddb421a3
ENT_011344,ent_a227fa87cadb
ENT_011345,ent_e8800e7a6c75
ENT_011347,ent_95a58acd4eaa
ENT_011348,ent_547e3a89cf27
ENT_011349,ent_cf194373989a
ENT_011350,ent_983b68ff0c64
ENT_011351,ent_cef8f2797c95
ENT_011352,ent_159c5e4a4b9a
ENT_011353,ent_13a523af3b6b
ENT_011354,ent_c38df93715b6
ENT_011355,ent_ee0f147fda6f
ENT_011356,ent_97a61b972343
ENT_011357,ent_016bb76d50f6
ENT_011358,ent_aa7ee8d6a7c4
ENT_011359,ent_b2138e1ddd71
ENT_011360,ent_e198c6ffe0ad
ENT_011361,ent_670afddd7689
ENT_011362,ent_f52e99bf2ccf
ENT_011363,ent_4b9892a6ccfe
ENT_011364,ent_b7f0097dd5be
ENT_011365,ent_de19925d58cc
ENT_011366,ent_eb1851dbf7bf
ENT_011367,ent_126ab5b87655
ENT_011368,ent_70575a4c9f40
ENT_011369,ent_98e8bf5e83ca
ENT_011370,ent_d02cc0d106ef
ENT_011371,ent_fc15a6455e87
ENT_011372,ent_47917c4e8fcd
ENT_011373,ent_4839c1d8fc21
ENT_011374,ent_65ede0dc5c86
ENT_011375,ent_c3604eacfccf
ENT_011376,ent_114e709c912e
ENT_011377,ent_1e8caaf80f95
ENT_011378,ent_975241ee78f6
ENT_011379,ent_ccb428064ff0
ENT_011380,ent_aaea783b3499
ENT_011381,ent_eca24b341207
ENT_011382,ent_2a1ba3f70f15
ENT_011383,ent_a94ba67694d8
ENT_011384,ent_882097b95d36
ENT_011385,ent_6b4a99a56503
ENT_011386,ent_6c67bd85e12f
ENT_011387,ent_09d0e642f9b6
ENT_011388,ent_54a06e191abf
ENT_011389,ent_bab5faecaaaf
ENT_011390,ent_95565ddb4eed
ENT_011391,ent_e965250c8341
ENT_011392,ent_4524467513ba
ENT_011393,ent_df31c2ad3f91
ENT_011394,ent_976c00867fbe
ENT_011395,ent_7baed91a7187
ENT_011396,ent_dfefaf28b2a3
ENT_011397,ent_8426a93534e3
ENT_011398,ent_16d292b53474
ENT_011399,ent_ba578a069f81
ENT_011400,ent_aa179d50814e
ENT_011401,ent_16a8592fa72f
ENT_011402,ent_f6f20ac57f2c
ENT_011403,ent_504e9360d629
ENT_011404,ent_e540be907203
ENT_011405,ent_0365a07fb4e9
ENT_011406,ent_ff7f6ab64c24
ENT_011407,ent_a10d4a793aad
ENT_011408,ent_03500de8aff6
ENT_011409,ent_902c466ea33d
ENT_011410,ent_b1be917d7c86
ENT_011411,ent_a65d7f506e81
ENT_011412,ent_d4207baf0288
ENT_011413,ent_bfdcba560cea
ENT_011414,ent_746d53809dd4
ENT_011415,ent_d99cb1e219c4
ENT_011417,ent_1652bd9240b5
ENT_011418,ent_b195de63d226
ENT_011419,ent_b9696c7aa737
ENT_011420,ent_415f7768b582
ENT_011421,ent_dea1c08ba570
ENT_011422,ent_3381aa3a4865
ENT_011423,ent_2c19483cf786
ENT_011424,ent_ff66b5224c3c
ENT_011425,ent_ca817864637b
ENT_011426,ent_c8f421f5b63c
ENT_011427,ent_c887a33a4be2
ENT_011428,ent_de85da5b9a41
ENT_011431,ent_d56243c154e5
ENT_011432,ent_439c7813747d
ENT_011435,ent_cdbdbc70128c
ENT_011436,ent_05e2b0fd8763
ENT_011437,ent_341a8635ade2
ENT_011440,ent_8ad1d94c127e
ENT_011441,ent_7c3c5161e158
ENT_011443,ent_126017dca16f
ENT_011447,ent_d417e20b233c
ENT_011448,ent_c914895a963a
ENT_011449,ent_ddd35590996b
ENT_011451,ent_6937a8946ef1
ENT_011453,ent_3e29c8e75e7c
ENT_011456,ent_b250eec89e66
ENT_011463,ent_5831fa7be02e
ENT_011464,ent_b5443db4c172
ENT_011465,ent_5fa920fdaec4
ENT_011466,ent_f7aa0b66f101
ENT_011468,ent_993a976091c1
ENT_011469,ent_22db1c13bac1
ENT_011474,ent_fb9111e5b718
ENT_011475,ent_929478d407a1
ENT_011476,ent_4f58d5adf060
ENT_011477,ent_9322fd23edfa
ENT_011479,ent_ed02293759e3
ENT_011481,ent_ce61778f6452
ENT_011482,ent_9330aca361bf
ENT_011484,ent_3ad29235e5cf
ENT_011485,ent_9e1ca60aa2b4
ENT_011486,ent_cb6192505667
ENT_011487,ent_e9c79b9261f3
ENT_011488,ent_8907fd81c16c
ENT_011489,ent_56c62964151b
ENT_011490,ent_d2ff55afb79f
ENT_011491,ent_64c0b8de0cc9
ENT_011492,ent_4fd4eb295d57
ENT_011493,ent_11396f781f89
ENT_011494,ent_ce9cab2d379d
ENT_011495,ent_96b4e7c9cfad
ENT_011496,ent_a3c92295010a
ENT_011497,ent_b64db80c4a88
ENT_011499,ent_3b836b9c1c41
ENT_011500,ent_350e572089f9
ENT_011502,ent_12982be4fea9
ENT_011503,ent_ff990579263e
ENT_011504,ent_7282aa15c902
ENT_011505,ent_116f872c490c
ENT_011506,ent_d767b2a8098f
ENT_011507,ent_28c86a74bac3
ENT_011508,ent_f288876f5fb6
ENT_011509,ent_f7a9251e0619
ENT_011510,ent_3f2012898721
ENT_011511,ent_b6de876014d4
ENT_011512,ent_8ffc5d711b8f
ENT_011515,ent_bcc9284ee125
ENT_011518,ent_0d29adf501fc
ENT_011519,ent_94f148d3945e
ENT_011520,ent_cdb973bd4f3c
ENT_011522,ent_a570d661247e
ENT_011523,ent_2c299937ad4e
ENT_011526,ent_756587b48d0f
ENT_011528,ent_7b851d9b1e71
ENT_011532,ent_be8c2cb95d1b
ENT_011533,ent_8de8767d2e55
ENT_011534,ent_6a46b465d97b
ENT_011535,ent_057c5e83240b
ENT_011536,ent_ae090b2950a5
ENT_011537,ent_073446c7a8a2
ENT_011538,ent_17bd219c4198
ENT_011539,ent_8aefad61a9d0
ENT_011540,ent_b368310f2270
ENT_011541,ent_1097c37db57e
ENT_011542,ent_f0ab9f9f1da7
ENT_011543,ent_f562a246ee18
ENT_011544,ent_0183e0325cdb
ENT_011545,ent_089bf48fc6e8
ENT_011546,ent_1ba887668659
ENT_011547,ent_b1c22621625e
ENT_011548,ent_615fa76323fa
ENT_011549,ent_0ff1a656619e
ENT_011550,ent_f517548795e4
ENT_011551,ent_6f876240a17d
ENT_011555,ent_45f208e52610
ENT_011556,ent_a62a4225d796
ENT_011559,ent_3215cc1b25d5
ENT_011560,ent_9758ca232897
ENT_011561,ent_9a795b9a9002
ENT_011562,ent_a089951b2ac3
ENT_011564,ent_54a127dca972
ENT_011565,ent_592030a48cc2
ENT_011566,ent_7e372495868f
ENT_011567,ent_74555bb42658
ENT_011568,ent_5d806469867a
ENT_011569,ent_c343db84c197
ENT_011570,ent_e349727075d6
ENT_011571,ent_d4cb48951aa6
ENT_011573,ent_fe5bf7a6aafe
ENT_011574,ent_2fc7e08c4890
ENT_011575,ent_69a9c4a3e130
ENT_011576,ent_7310af1c0a1c
ENT_011578,ent_3e88996f5541
ENT_011579,ent_5b61181357e0
ENT_011580,ent_ff49149b7e74
ENT_011581,ent_b0cb0e65dc9d
ENT_011582,ent_ba818c766ae4
ENT_011586,ent_2a9ede546be3
ENT_011587,ent_8bde2f4cca02
ENT_011589,ent_58552f49fc59
ENT_011590,ent_b814988502e5
ENT_011591,ent_a2049546e7df
ENT_011592,ent_59ed91f1d19f
ENT_011593,ent_59ba649dd0eb
ENT_011594,ent_83cfe331af6a
ENT_011595,ent_7d16a60d57b1
ENT_011596,ent_d1a6dd51e955
ENT_011597,ent_e29134c96158
ENT_011599,ent_3e9a2b462eaf
ENT_011600,ent_867e718302e6
ENT_011601,ent_e10488816171
ENT_011602,ent_cedfc327ebb9
ENT_011603,ent_d71eec46b2ae
ENT_011604,ent_53affe899ad2
ENT_011605,ent_111ef5da0ba5
ENT_011606,ent_1222ba0f05c9
ENT_011607,ent_aa5a87b16bbd
ENT_011609,ent_b84eb633eba6
ENT_011612,ent_a79fab5059ea
ENT_011613,ent_f60175ac1242
ENT_011614,ent_28481b6a65ca
ENT_011616,ent_b447a9f4251d
ENT_011617,ent_801442a02c34
ENT_011618,ent_21c08ce331fe
ENT_011620,ent_18c036f353da
ENT_011621,ent_5791f8c803c3
ENT_011622,ent_1dbf739325e3
ENT_011623,ent_cfe9a3307955
ENT_011625,ent_7fcc0bb3bba3
ENT_011626,ent_5e20d9baa5d7
ENT_011627,ent_4ffab264ed1b
ENT_011628,ent_50072022516a
ENT_011629,ent_0f7c65081c5e
ENT_011630,ent_00d41006e4b0
ENT_011631,ent_679cbe88b291
ENT_011634,ent_aa49606cc403
ENT_011635,ent_f69d5c8b5988
ENT_011636,ent_74186101927e
ENT_011637,ent_b493aac91e44
ENT_011638,ent_6ea2dc0c144b
ENT_011639,ent_6f5765ef5dee
ENT_011640,ent_4b12ebc4fe38
ENT_011642,ent_e65af4d854d1
ENT_011643,ent_07555d6ca6a9
ENT_011644,ent_61187797d401
ENT_011645,ent_9002eb6327ba
ENT_011647,ent_77c21b94ad67
ENT_011648,ent_412efc3586b6
ENT_011649,ent_e844b30c478d
ENT_011650,ent_9edfb04d63de
ENT_011651,ent_bafe3df55a80
ENT_011653,ent_8a54e21f54c5
ENT_011654,ent_655c54a97d3f
ENT_011655,ent_7753fb0bc584
ENT_011656,ent_0b4f45554d01
ENT_011657,ent_268965d168e7
ENT_011658,ent_cce56b6b3483
ENT_011659,ent_89689e0ed576
ENT_011660,ent_f4ff4d7eadd3
ENT_011661,ent_4ac570de4035
ENT_011662,ent_6efb70bbd2e9
ENT_011663,ent_115ac98d1601
ENT_011664,ent_d3ff3b60bb3b
ENT_011665,ent_d65df519cba5
ENT_011666,ent_77962e6a89f9
ENT_011667,ent_d688d1896ea9
ENT_011668,ent_c5f6d56bed33
ENT_011669,ent_c2a37852d672
ENT_011670,ent_cb36d422d2e7
ENT_011672,ent_8b29dd714b23
ENT_011673,ent_bd2ac0b14536
ENT_011674,ent_746a29f37ee9
ENT_011676,ent_69ee8937e449
ENT_011677,ent_d7ea2bba8096
ENT_011678,ent_30d3fc1cdf95
ENT_011679,ent_5084df245258
ENT_011681,ent_24af2a7146f9
ENT_011682,ent_db220d5b2f85
ENT_011683,ent_af85ef4ed697
ENT_011684,ent_008748b76375
ENT_011685,ent_36853e666018
ENT_011686,ent_3489994e2bd4
ENT_011687,ent_060494338ed4
ENT_011688,ent_d69cdbb2a909
ENT_011689,ent_9d34f3d69476
ENT_011690,ent_e95c569ffac2
ENT_011692,ent_7683e89da909
ENT_011694,ent_af5f296cd05d
ENT_011695,ent_5f3a9e666093
ENT_011696,ent_74fa3db278f8
ENT_011697,ent_94bce68b3bcd
ENT_011698,ent_af4623efd3a1
ENT_011699,ent_f02fdd6f5d7e
ENT_011700,ent_f586080a014d
ENT_011701,ent_51f2f1f3bbaa
ENT_011703,ent_2131fe6cb42f
ENT_011704,ent_43de961e6a29
ENT_011705,ent_76d664f48a25
ENT_011706,ent_2ea2ea929b3d
ENT_011707,ent_feb8fef26fcc
ENT_011708,ent_5e2614b179fa
ENT_011709,ent_4a47ad2d9629
ENT_011710,ent_cfd2ac25b8d8
ENT_011711,ent_f87ae3571d12
ENT_011712,ent_71ee317509be
ENT_011713,ent_bf8084c94a0c
ENT_011714,ent_31ad170a2343
ENT_011715,ent_65d51937c0c0
ENT_011717,ent_83890a428b80
ENT_011718,ent_ead108f0a9fe
ENT_011719,ent_cf5c6f45af23
ENT_011720,ent_ddaac342a153
ENT_011721,ent_cc8bc4684250
ENT_011723,ent_b94c213c1655
ENT_011724,ent_d8678c6e1e84
ENT_011725,ent_18e3b9cab664
ENT_011726,ent_754ff6f5410f
ENT_011728,ent_8d8b50034ea5
ENT_011729,ent_665495e38920
ENT_011730,ent_432c19ab664a
ENT_011731,ent_301ac99fa8a3
ENT_011732,ent_d99de759e5c4
ENT_011733,ent_bf88fa678ddd
ENT_011735,ent_9c332c2260f6
ENT_011736,ent_c3f5a99531a7
ENT_011738,ent_d6b484a6d1cf
ENT_011739,ent_e6f9aa9f8a97
ENT_011740,ent_0fa6b611f615
ENT_011741,ent_253a14c168cf
ENT_011742,ent_95dfea5cf16b
ENT_011743,ent_2a9f37172a74
ENT_011744,ent_a2387aadc2db
ENT_011745,ent_19961b4ca720
ENT_011746,ent_a6023d81f6a2
ENT_011747,ent_03b58c3448e8
ENT_011748,ent_44a65a8115e7
ENT_011749,ent_ee1bcc18d4ec
ENT_011750,ent_1d053835d5b8
ENT_011751,ent_3b655538f450
ENT_011752,ent_993524bd734f
ENT_011753,ent_b7eb2a2c066e
ENT_011754,ent_708f67479c8a
ENT_011755,ent_6fbde770e368
ENT_011756,ent_373ac3b9e25c
ENT_011757,ent_580c687b3eed
ENT_011758,ent_bd26e8f4f93d
ENT_011759,ent_15ccd91f2089
ENT_011760,ent_39d2ae7d9fba
ENT_011761,ent_f1a03511d4e7
ENT_011762,ent_ad651172badc
ENT_011763,ent_0be38fc94fde
ENT_011764,ent_4fb82ebb70f2
ENT_011765,ent_25522bc81c07
ENT_011766,ent_2b53c3cda33c
ENT_011768,ent_cb98f1ef355d
ENT_011769,ent_0ec96a84165d
ENT_011770,ent_789e148af31d
ENT_011772,ent_f0bf42ab73eb
ENT_011773,ent_56382c872e8f
ENT_011774,ent_d12d567678ec
ENT_011775,ent_cd7e00fb442f
ENT_011776,ent_890529e87a12
ENT_011777,ent_90559ccbf753
ENT_011778,ent_d05570dd478a
ENT_011780,ent_004728f4c65e
ENT_011782,ent_580ba74999e7
ENT_011783,ent_a2fe95c50161
ENT_011784,ent_1c47f4199fc4
ENT_011785,ent_997b4ecd6bd4
ENT_011786,ent_195bb8b7fde0
ENT_011788,ent_7299c0813f2f
ENT_011790,ent_66cfc9bcb901
ENT_011791,ent_66d3f30768f7
ENT_011793,ent_f004cd509a86
ENT_011795,ent_983935655b82
ENT_011796,ent_d318f9a4fdce
ENT_011797,ent_625c595f619a
ENT_011798,ent_79ddcfc96799
ENT_011799,ent_86c5e4d7edbf
ENT_011800,ent_0c167f13e34c
ENT_011801,ent_e15d52e4664c
ENT_011802,ent_9e6e3b6ad53a
ENT_011804,ent_f54d29fd873c
ENT_011805,ent_7d84b485fc9a
ENT_011808,ent_78f6cddcd15b
ENT_011809,ent_c40190eb080a
ENT_011810,ent_5dfb83b702ab
ENT_011811,ent_c90300e5d849
ENT_011812,ent_1a7c53157fcb
ENT_011813,ent_5339d4166dc1
ENT_011816,ent_2e11cb675ac5
ENT_011818,ent_fdd87a30f559
ENT_011819,ent_33fef1e19933
ENT_011820,ent_7270c1bcfea8
ENT_011822,ent_5e83668845da
ENT_011823,ent_39f0d73cd7e6
ENT_011824,ent_a05b68ef888a
ENT_011825,ent_cec25177231f
ENT_011826,ent_87fc68e2e5f7
ENT_011827,ent_113f995997af
ENT_011828,ent_5ecc50cf6699
ENT_011829,ent_9d841a1d768c
ENT_011832,ent_a7f9e82be3fd
ENT_011834,ent_d0d442c15b5a
ENT_011835,ent_ea59a9997f31
ENT_011837,ent_e3362173c42f
ENT_011838,ent_1670a2483ba4
ENT_011839,ent_a6a8a343fd96
ENT_011840,ent_69f9ffd9b6f4
ENT_011842,ent_51a03fa73b38
ENT_011845,ent_21aac4ff7396
ENT_011846,ent_737b835dbb18
ENT_011849,ent_fe348fa33d27
ENT_011851,ent_0d4098ea7725
ENT_011852,ent_d8e3b54776e8
ENT_011853,ent_c62ece0db45e
ENT_011857,ent_fa788c1404e6
ENT_011858,ent_b57e34207852
ENT_011859,ent_ca5359cf472d
ENT_011861,ent_a3e356390a6f
ENT_011863,ent_89cd7e1f7744
ENT_011864,ent_eee3064efa5c
ENT_011865,ent_8d7b49eee957
ENT_011866,ent_927f162d50a7
ENT_011867,ent_4f69c6097cc0
ENT_011868,ent_a952712af6b4
ENT_011869,ent_63b9073d98a2
ENT_011870,ent_8fbcede41a30
ENT_011871,ent_f24a243491d6
ENT_011872,ent_e66789c67953
ENT_011873,ent_22db234c5c78
ENT_011874,ent_bb8e67c30dae
ENT_011880,ent_aab0f2426194
ENT_011883,ent_7d250a36a281
ENT_011885,ent_dfb643eb023d
ENT_011886,ent_2ebc4da87423
ENT_011887,ent_a0809815b81c
ENT_011888,ent_8624f4b1db68
ENT_011889,ent_30289ad94171
ENT_011890,ent_d137906fb7ed
ENT_011892,ent_46e39637ab43
ENT_011893,ent_099d7a3be6f3
ENT_011896,ent_13a7ba2d5465
ENT_011897,ent_648623296b64
ENT_011898,ent_b7c6c06729d7
ENT_011899,ent_69a8a4d83f28
ENT_011900,ent_fe7368c52cd2
ENT_011901,ent_3b78af0e8adb
ENT_011902,ent_771b5cc257ef
ENT_011904,ent_188fb03b8ab1
ENT_011905,ent_c55f18a4f0a3
ENT_011906,ent_e7ba1be4785d
ENT_011907,ent_4de38b85caf5
ENT_011908,ent_1b29f10e6fdd
ENT_011909,ent_242c4cb66029
ENT_011910,ent_f7f6b7de0ff5
ENT_011911,ent_7fb9e243e6cd
ENT_011912,ent_29a834e30f2a
ENT_011913,ent_f82901767811
ENT_011915,ent_81bf895c8abf
ENT_011916,ent_317128d12374
ENT_011917,ent_58957c445125
ENT_011918,ent_2f7f3b43c5cf
ENT_011919,ent_a98c51afdd94
ENT_011921,ent_ac2733e79d76
ENT_011922,ent_240a551785b2
ENT_011923,ent_7df87f0b4327
ENT_011924,ent_020c339c4c4b
ENT_011925,ent_eba42ca268f8
ENT_011927,ent_e100e300b3ed
ENT_011928,ent_ae10d3194ab0
ENT_011930,ent_6e648df09336
ENT_011932,ent_09672b94fffa
ENT_011935,ent_7d935ad636ef
ENT_011937,ent_1491bbcfbfe0
ENT_011938,ent_2f6486ba0b79
ENT_011939,ent_cceae8f4f8b3
ENT_011942,ent_3f27ea8f3fe2
ENT_011945,ent_7e50c95a9988
ENT_011946,ent_4791e2fef164
ENT_011947,ent_fb9f59e09136
ENT_011948,ent_e3e2fe9c1940
ENT_011949,ent_7c99b279d710
ENT_011951,ent_10cce412eb6b
ENT_011954,ent_b9ae7cae053b
ENT_011955,ent_6f34b6349de2
ENT_011956,ent_b0630139382d
ENT_011957,ent_83a78bcbdae4
ENT_011958,ent_ba657cd89e8c
ENT_011960,ent_626c68c8ab28
ENT_011961,ent_b6f26c615476
ENT_011962,ent_8c77e224005a
ENT_011963,ent_01b7da7a118c
ENT_011964,ent_581c3e8e9a5c
ENT_011966,ent_267ac7ce66d9
ENT_011968,ent_ad4afc85351c
ENT_011969,ent_322c1a434af4
ENT_011970,ent_78b2a702c2d2
ENT_011971,ent_03319cd34e04
ENT_011972,ent_6a9f57aac510
ENT_011973,ent_5d17eec34016
ENT_011975,ent_7bf0008de9f6
ENT_011976,ent_986f78dd7261
ENT_011977,ent_5a4c1054442e
ENT_011978,ent_61954b41ec94
ENT_011979,ent_40fec7920bc3
ENT_011982,ent_9060d2700cb2
ENT_011984,ent_c5d0f5f46ed6
ENT_011985,ent_b977f231325d
ENT_011987,ent_004654ebcc10
ENT_011988,ent_24d54734e3fb
ENT_011989,ent_98828a3a189c
ENT_011990,ent_dd85af5ebce6
ENT_011991,ent_4ddb7257c36a
ENT_011993,ent_06725d134d37
ENT_011994,ent_4c7ea0ab840e
ENT_011995,ent_766c5abfe1b7
ENT_011996,ent_14ab582c05a3
ENT_011999,ent_6b09c2810ecd
ENT_012003,ent_03fd33d2f2b3
ENT_012004,ent_773eabfded43
ENT_012005,ent_2013f09aa43a
ENT_012007,ent_3f7d2725ca02
ENT_012008,ent_db3f0e738bb0
ENT_012009,ent_088910cca6d8
ENT_012015,ent_5a3ba336c9e8
ENT_012016,ent_de709c0362ef
ENT_012019,ent_d51ea831414b
ENT_012021,ent_0292498a29a0
ENT_012022,ent_a3f5d384e653
ENT_012024,ent_44fbb137f5fe
ENT_012025,ent_e788290bd23e
ENT_012026,ent_3a4d2a1f5822
ENT_012027,ent_406f64d8b90b
ENT_012029,ent_4b1c8fcaafc1
ENT_012030,ent_882c086924fa
ENT_012031,ent_436f283d3ab9
ENT_012033,ent_a335d96dcc8f
ENT_012035,ent_07eed261c058
ENT_012036,ent_b240a546e2a5
ENT_012037,ent_8155e7aa3f85
ENT_012038,ent_0e3c18bc5e0f
ENT_012039,ent_e43f3997f8e1
ENT_012040,ent_c4e1ac2c294b
ENT_012044,ent_755e6dd7295d
ENT_012047,ent_5bdb87acc53e
ENT_012051,ent_e3343bafbb65
ENT_012056,ent_73bbc98aa9e9
ENT_012057,ent_ab5986c04995
ENT_012058,ent_7253b01518c6
ENT_012059,ent_829d23d2a065
ENT_012061,ent_6368e2a90573
ENT_012062,ent_2f947e4a4878
ENT_012063,ent_0095cea07b02
ENT_012064,ent_5114178e7fde
ENT_012065,ent_b783192a31b9
ENT_012067,ent_dfdda4352cae
ENT_012068,ent_20b13f973a74
ENT_012069,ent_354b35316b52
ENT_012070,ent_2375474bdc1b
ENT_012072,ent_c83b7ba77623
ENT_012074,ent_61755e7f5ac2
ENT_012075,ent_ec152827a870
ENT_012076,ent_785fa7955bfe
ENT_012078,ent_16787171f5a2
ENT_012079,ent_e3207093114d
ENT_012081,ent_65c1bcfdebeb
ENT_012082,ent_d3925acbd9cb
ENT_012085,ent_94ed4d2ebe5e
ENT_012087,ent_2da20281a3e3
ENT_012088,ent_f5ba9b581dba
ENT_012089,ent_b16255fd7c1b
ENT_012090,ent_c543bb78274b
ENT_012091,ent_15cee463bda7
ENT_012093,ent_5be93b23c237
ENT_012094,ent_09e0ad46cad0
ENT_012095,ent_24e5ad0f6a97
ENT_012096,ent_7b61ba1f6385
ENT_012097,ent_8dc4ea344410
ENT_012099,ent_487d4ad9ad8b
ENT_012100,ent_0a1fc396e74d
ENT_012101,ent_40c0988a9f3d
ENT_012103,ent_5294306c2836
ENT_012105,ent_30d10c3901b4
ENT_012106,ent_dcdfb6c31c1d
ENT_012108,ent_a623352659cc
ENT_012109,ent_51bd9874b906
ENT_012110,ent_d84d41a46a76
ENT_012114,ent_71cd19a78a65
ENT_012115,ent_9b5a2a634ba4
ENT_012116,ent_631017200caf
ENT_012117,ent_1c5852910211
ENT_012118,ent_1d1b57e4bf9e
ENT_012120,ent_cb64e6421c85
ENT_012121,ent_a6f6d4ecd776
ENT_012122,ent_b3f12113efd1
ENT_012123,ent_e1b8291c68f0
ENT_012124,ent_1222372e9133
ENT_012126,ent_6883c61f0f3f
ENT_012128,ent_da875562a78c
ENT_012129,ent_b5985b073bc2
ENT_012130,ent_f7c0c267bcbf
ENT_012131,ent_e3d1ae89e93d
ENT_012133,ent_e59c0b8430e4
ENT_012134,ent_87aa840d2c19
ENT_012135,ent_ecfb969c0961
ENT_012136,ent_f4d2b04a1c10
ENT_012137,ent_83862aa637d4
ENT_012138,ent_630a7ec4b232
ENT_012139,ent_f0adbeb5ec51
ENT_012140,ent_3b32d6c8f37a
ENT_012141,ent_dd5bf9290601
ENT_012142,ent_bc59ac24f53b
ENT_012143,ent_ea86ad0f5b09
ENT_012145,ent_2df17c753c87
ENT_012146,ent_80a705baf82b
ENT_012148,ent_31f743af2012
ENT_012149,ent_c3a27c9cc9f1
ENT_012150,ent_508e945c2506
ENT_012151,ent_a5c3a3d95d29
ENT_012152,ent_ffd206dfca80
ENT_012153,ent_028e5c4a702e
ENT_012154,ent_947143a7d6c3
ENT_012155,ent_4ba37995a896
ENT_012156,ent_5f2e7793158b
ENT_012157,ent_ae723b7fe122
ENT_012158,ent_4f9fe4c18300
ENT_012159,ent_e958a9134442
ENT_012161,ent_d069d1b4ea29
ENT_012162,ent_9ec54c29ec65
ENT_012163,ent_ab83df3845a8
ENT_012164,ent_cd4826aa2cd6
ENT_012165,ent_bfae73d067fd
ENT_012166,ent_85d425900e63
ENT_012167,ent_cf4fdf04c13a
ENT_012168,ent_0d4783f875d8
ENT_012170,ent_93b7c229487b
ENT_012171,ent_eb96985310d8
ENT_012172,ent_1ecbbb8f3a14
ENT_012173,ent_dde4938dfa6d
ENT_012174,ent_ed0e0d880273
ENT_012175,ent_a3b893162ebe
ENT_012177,ent_9ccb37d0ac9e
ENT_012178,ent_f3d5e5390d07
ENT_012179,ent_015be78e3a76
ENT_012180,ent_1388835b3415
ENT_012181,ent_b876199fb61a
ENT_012182,ent_fd3be708d94c
ENT_012183,ent_9a4886d308fa
ENT_012184,ent_e1c82f716850
ENT_012185,ent_eff7964def17
ENT_012186,ent_1d3f73a66269
ENT_012187,ent_3805cdaf41a0
ENT_012189,ent_c79385a32ffd
ENT_012190,ent_01090e18a746
ENT_012191,ent_580cfe4992df
ENT_012193,ent_5a1f61c111fc
ENT_012195,ent_70da6814e42a
ENT_012196,ent_72e4cd48b9b4
ENT_012198,ent_3e6c900b88ef
ENT_012201,ent_e2f51d002c5d
ENT_012203,ent_f906e5495821
ENT_012204,ent_f840619e1424
ENT_012205,ent_dcaaa0cfaa40
ENT_012206,ent_5119f038373d
ENT_012207,ent_e22a5306a0c5
ENT_012208,ent_e4c5788e96f0
ENT_012212,ent_0f05c38d67fe
ENT_012214,ent_d8c1e0849946
ENT_012215,ent_3377a0a32b8e
ENT_012217,ent_9c584d89e64f
ENT_012218,ent_23f428e2a15e
ENT_012219,ent_be0f51c1913a
ENT_012220,ent_4215415225a0
ENT_012222,ent_1019027458eb
ENT_012223,ent_1ceaf1a89228
ENT_012224,ent_ce05052f6c09
ENT_012225,ent_1ce0159d1fae
ENT_012227,ent_928e724c76c4
ENT_012228,ent_753634d60691
ENT_012231,ent_f7e49f4ae092
ENT_012232,ent_388f49fe8748
ENT_012233,ent_3e3f9ba007db
ENT_012234,ent_53fd639b5e6b
ENT_012235,ent_ab840546997e
ENT_012236,ent_dfb22e78018e
ENT_012237,ent_8de91848207d
ENT_012238,ent_a61673cc9c6a
ENT_012239,ent_40e8aa4c4a04
ENT_012240,ent_0963392f31b6
ENT_012241,ent_3f0bf8ad909e
ENT_012242,ent_9fe9d45393b9
ENT_012243,ent_b48fff72a28e
ENT_012244,ent_a423b10d55b9
ENT_012245,ent_9e986e7e3a48
ENT_012246,ent_fb13f0c2e90c
ENT_012247,ent_7bd3dc9267bc
ENT_012248,ent_88396281b743
ENT_012249,ent_cf6220bdf3d7
ENT_012250,ent_bc36957d1b70
ENT_012251,ent_cfb99d6b426a
ENT_012252,ent_a8c140ce844f
ENT_012253,ent_d1652d395dde
ENT_012254,ent_1b6b2f024f9b
ENT_012255,ent_478edf70079b
ENT_012257,ent_bd80e4577d18
ENT_012258,ent_9295a55cf46c
ENT_012259,ent_9727d812d61c
ENT_012260,ent_be02302e9152
ENT_012261,ent_8c0539750f1a
ENT_012264,ent_4f03704047e4
ENT_012267,ent_88b0f241774b
ENT_012268,ent_3c1635b479a5
ENT_012269,ent_e648e259795f
ENT_012270,ent_ac92a2af8d8b
ENT_012272,ent_c052533b5962
ENT_012274,ent_f046bbe325f2
ENT_012276,ent_bcd13c7a1dfe
ENT_012277,ent_9831468398b5
ENT_012281,ent_4e3519a9f372
ENT_012283,ent_1ad043001330
ENT_012284,ent_51c559d64702
ENT_012285,ent_b5cef35ab266
ENT_012286,ent_83589926ce07
ENT_012287,ent_759cd60f64f4
ENT_012288,ent_95e4fde00a41
ENT_012289,ent_7043ae76ed83
ENT_012290,ent_8927d47088f6
ENT_012291,ent_42200ad1a3f6
ENT_012292,ent_5ea8be8bb433
ENT_012293,ent_f04a84cfaafb
ENT_012294,ent_46d32d230b75
ENT_012295,ent_d47897048d63
ENT_012296,ent_aa72e3ab2f2a
ENT_012297,ent_bc62b7e76a1d
ENT_012298,ent_b4fa9bc5f41b
ENT_012299,ent_c07e8c5bfc28
ENT_012300,ent_3b5d6d1645e2
ENT_012301,ent_285c5da12a68
ENT_012302,ent_9936457e4cee
ENT_012303,ent_2dd9624ff72d
ENT_012304,ent_ea4168c01e38
ENT_012305,ent_ccddf2578cad
ENT_012307,ent_5efa5079ffb2
ENT_012309,ent_b43935cf8717
ENT_012314,ent_6934481f37a6
ENT_012317,ent_bc643f6cbe4f
ENT_012323,ent_05a574c4a862
ENT_012324,ent_d0877051a41d
ENT_012325,ent_ae4798cdf769
ENT_012326,ent_7b7c3dab91ca
ENT_012328,ent_8773235dd87e
ENT_012329,ent_ffe2a107779b
ENT_012330,ent_693f34fdfa40
ENT_012331,ent_4f1cd983ec17
ENT_012332,ent_7134516cdb1a
ENT_012333,ent_3973ecfa59e1
ENT_012334,ent_6a6c0bb0ce1c
ENT_012335,ent_994cd4da4a83
ENT_012336,ent_4c64205b15dc
ENT_012337,ent_1418eee921b1
ENT_012338,ent_2ef54a88b257
ENT_012340,ent_1a271a467fb8
ENT_012341,ent_fbb66f9a2df8
ENT_012343,ent_2a66f204ca0a
ENT_012345,ent_59dfdd6a51b4
ENT_012346,ent_104c670e6f75
ENT_012348,ent_d5ececc5ecea
ENT_012352,ent_6bd00797be9d
ENT_012353,ent_aff68d9b2fb8
ENT_012354,ent_6740ce026ef2
ENT_012355,ent_a4cae4935b0f
ENT_012356,ent_527efb5591e5
ENT_012357,ent_6f85183c1354
ENT_012359,ent_56c338c85384
ENT_012360,ent_61113f4def22
ENT_012364,ent_b1c55ad3cc9f
ENT_012365,ent_5b2b754f500e
ENT_012366,ent_93963bbf960c
ENT_012367,ent_129fec896d17
ENT_012368,ent_0e8d785f8962
ENT_012369,ent_783ace539d8b
ENT_012370,ent_9bac8cf02892
ENT_012371,ent_13aa1b96261f
ENT_012372,ent_cc229fb1914b
ENT_012373,ent_fb0391bbfb12
ENT_012376,ent_7ba34caa3948
ENT_012377,ent_05ed089c46d4
ENT_012378,ent_76b0b20c8548
ENT_012379,ent_8224ca933bcd
ENT_012382,ent_ca0fdd09b9b6
ENT_012384,ent_27d346a126e1
ENT_012386,ent_32e0af8bd863
ENT_012387,ent_9e8a8488fa87
ENT_012389,ent_9c8c142867ee
ENT_012391,ent_5b7c64080d5d
ENT_012393,ent_d54369367559
ENT_012394,ent_5d2137aa47c9
ENT_012396,ent_91952e90f95d
ENT_012397,ent_35777947399a
ENT_012398,ent_8d276c59ceeb
ENT_012399,ent_9ffdabfe846b
ENT_012401,ent_095d6d87356a
ENT_012402,ent_18d640e19f44
ENT_012403,ent_a93f8dcfe32e
ENT_012404,ent_b1d7300fc5bb
ENT_012406,ent_7788e3cecd8f
ENT_012407,ent_b44e139bf8e1
ENT_012409,ent_f10e0fa91b28
ENT_012410,ent_28f917ebe2cf
ENT_012411,ent_93023e5c12a9
ENT_012413,ent_e1f94dbb76df
ENT_012414,ent_ea166f1ada72
ENT_012415,ent_b06b463d08be
ENT_012416,ent_bf666f6f1695
ENT_012418,ent_1f2759814938
ENT_012419,ent_6bf66c0d4ec3
ENT_012420,ent_209e53b5ecf1
ENT_012421,ent_3555c3eb0d22
ENT_012422,ent_3f0292bcebc5
ENT_012423,ent_7bf96c92e4bc
ENT_012424,ent_006f7b2979df
ENT_012425,ent_c3ff2d5e4850
ENT_012426,ent_cf27b231dadd
ENT_012429,ent_be2276edf6ab
ENT_012430,ent_310dbac476c0
ENT_012431,ent_4a708ca2e4de
ENT_012432,ent_33f9e79cceb8
ENT_012434,ent_f1764b0ae78e
ENT_012435,ent_ca549abbc4f8
ENT_012436,ent_90c42709469e
ENT_012437,ent_c2b6f5ff93b7
ENT_012438,ent_c9f58cbbe779
ENT_012441,ent_b82aabef6898
ENT_012442,ent_4f2e86f881dd
ENT_012443,ent_987ceea55693
ENT_012445,ent_1fbdb46f2c84
ENT_012446,ent_a552f8dce22e
ENT_012449,ent_817988e5c015
ENT_012452,ent_215a7343b266
ENT_012453,ent_c3312a667ea6
ENT_012454,ent_f7f644bcee5a
ENT_012459,ent_187217b97b3f
ENT_012460,ent_45446f0493c5
ENT_012461,ent_ee36a49ffa1c
ENT_012463,ent_819c37a92e81
ENT_012464,ent_3fb645bab62e
ENT_012465,ent_4eceb1ea96af
ENT_012466,ent_dc8748baf0ef
ENT_012467,ent_b2461f211515
ENT_012468,ent_7eb064e60ab7
ENT_012469,ent_e09a157ae65f
ENT_012470,ent_707e02e5c311
ENT_012471,ent_a79484794b9e
ENT_012472,ent_c118cd4a383f
ENT_012473,ent_714273646c08
ENT_012474,ent_160b65c2b5c0
ENT_012475,ent_cc7515eb522b
ENT_012476,ent_b58b7f4f15f2
ENT_012477,ent_9048e769a121
ENT_012478,ent_39adfdd75558
ENT_012479,ent_f255c4f0b394
ENT_012480,ent_fb6575391fee
ENT_012481,ent_06085cc0e67b
ENT_012483,ent_958f50dbc646
ENT_012486,ent_f35bc399afb1
ENT_012487,ent_9f39341c5af5
ENT_012488,ent_66c505864e0d
ENT_012490,ent_8943151e4ae5
ENT_012494,ent_7b945e7a9eb5
ENT_012495,ent_bda99012ab27
ENT_012496,ent_31e40efaff61
ENT_012497,ent_e1170c97072f
ENT_012498,ent_f01d17453fe7
ENT_012499,ent_029f12c64cbd
ENT_012500,ent_ac6fc14fad0f
ENT_012501,ent_9b660cd25573
ENT_012502,ent_efb9ca7290b7
ENT_012503,ent_18e8961842c3
ENT_012504,ent_dc217884501a
ENT_012505,ent_8c4dfe68b25a
ENT_012506,ent_d91e060559bf
ENT_012508,ent_315007ac28e4
ENT_012509,ent_33fbe86305dd
ENT_012510,ent_f9d3f257c22c
ENT_012511,ent_25fce69a8f80
ENT_012512,ent_02241cb21e3a
ENT_012513,ent_7a6483aeebb1
ENT_012514,ent_19c5f87d9d50
ENT_012515,ent_1d869a619d7d
ENT_012516,ent_03b2ed0cdd30
ENT_012518,ent_f476e4bead42
ENT_012519,ent_24ad0888e244
ENT_012520,ent_2a36115a2c5e
ENT_012521,ent_c1846aace94a
ENT_012522,ent_4c3746d633bb
ENT_012524,ent_4f6b55ad3bf4
ENT_012525,ent_f6c61d74279e
ENT_012526,ent_2fa13655c8e5
ENT_012528,ent_4025ecbd494d
ENT_012529,ent_0dda28ba1483
ENT_012531,ent_957b6539f79e
ENT_012533,ent_31bb9c0616be
ENT_012534,ent_c23ad8ea4df0
ENT_012535,ent_6e9a5b44312a
ENT_012536,ent_9292d1074bd8
ENT_012537,ent_2b54d2d7b7bd
ENT_012541,ent_4238639af5eb
ENT_012542,ent_1cce7d8e7a57
ENT_012543,ent_333d3de74c33
ENT_012545,ent_deca7cd23aa9
ENT_012546,ent_97f2e7562ac6
ENT_012547,ent_1d1165953885
ENT_012548,ent_95c2460b8990
ENT_012549,ent_dfced291a503
ENT_012550,ent_a2cae21ba8b2
ENT_012552,ent_07bc53a959a0
ENT_012556,ent_86d93af0613f
ENT_012557,ent_6a8e9b51d36f
ENT_012559,ent_e9ce58120794
ENT_012561,ent_7888c0564615
ENT_012562,ent_5ca2f4116c8d
ENT_012563,ent_792cdd776310
ENT_012565,ent_6d6b8a9ad00b
ENT_012568,ent_e730d928530e
ENT_012569,ent_241f12ff7aba
ENT_012570,ent_de9eb198ba70
ENT_012571,ent_6cf8db12c7e4
ENT_012575,ent_d6554d01496a
ENT_012576,ent_6557a9f4a225
ENT_012577,ent_dceb803259ef
ENT_012579,ent_a7547f9e4ffb
ENT_012580,ent_fcd68b0f29bb
ENT_012581,ent_0640837bb4f9
ENT_012582,ent_7ea669e89ab7
ENT_012583,ent_77d95169cdeb
ENT_012584,ent_955e9dabf6f8
ENT_012586,ent_66f09e8016f4
ENT_012588,ent_a6499f132d86
ENT_012590,ent_2c921a014bbb
ENT_012591,ent_aef4bbeab904
ENT_012592,ent_9b3e197b9d5f
ENT_012593,ent_5ff0e84e6ae5
ENT_012594,ent_299b828be5b0
ENT_012596,ent_42bf206ea569
ENT_012598,ent_27b0b3cdf8b2
ENT_012601,ent_77d339eb0034
ENT_012602,ent_b97e31584d02
ENT_012603,ent_1957535d895a
ENT_012604,ent_bc44d9553bcc
ENT_012607,ent_4e481f66f134
ENT_012608,ent_674320107893
ENT_012609,ent_bf6d0ab4fdc8
ENT_012610,ent_14414e62debd
ENT_012611,ent_3e9642e714a3
ENT_012612,ent_0267bda7cfc8
ENT_012613,ent_8d42fbd8fa39
ENT_012614,ent_ebc9474f6a63
ENT_012615,ent_0a8c4bfdcbe9
ENT_012616,ent_c40931bfea7d
ENT_012617,ent_9a999a836242
ENT_012618,ent_9d0fec704137
ENT_012619,ent_a1f18ca4f97a
ENT_012620,ent_0a32db858721
ENT_012621,ent_16f3e8649ec7
ENT_012622,ent_7c05074185c1
ENT_012623,ent_4d87e305449e
ENT_012624,ent_2ceeb62f0fcd
ENT_012625,ent_948942a4532d
ENT_012627,ent_f6bb19554fbe
ENT_012628,ent_5288fc94b4e2
ENT_012629,ent_dd89138a2552
ENT_012630,ent_a16e806470e5
ENT_012631,ent_d0c2352e96df
ENT_012632,ent_0fc5da90f9d4
ENT_012633,ent_5ba6fb10ec76
ENT_012634,ent_61cd5b8906be
ENT_012635,ent_0f93a3417747
ENT_012636,ent_8958b5783d5f
ENT_012637,ent_fdcd1e491e94
ENT_012638,ent_f4ccdc23ba9d
ENT_012639,ent_b045a84cedd0
ENT_012640,ent_b4c2548619a4
ENT_012641,ent_10cc04001186
ENT_012642,ent_4690f6c832fd
ENT_012643,ent_2f4b7d0fc427
ENT_012645,ent_18d6c68c0d10
ENT_012646,ent_796a5b6efdd7
ENT_012649,ent_fd2184b7e161
ENT_012651,ent_4f4b7dc5e2c6
ENT_012652,ent_2a4a5576f414
ENT_012654,ent_98940eacee2d
ENT_012655,ent_fbe4a7043626
ENT_012656,ent_279ac99ab6a3
ENT_012657,ent_80e13b074b11
ENT_012658,ent_69a024c8bbf1
ENT_012659,ent_14411e5d393b
ENT_012660,ent_52ed01b04439
ENT_012661,ent_530871ed5644
ENT_012662,ent_749ed48590c8
ENT_012663,ent_4afabcc3e70d
ENT_012664,ent_fa7581f86084
ENT_012665,ent_9c27076f9bb3
ENT_012671,ent_d4814d660ada
ENT_012672,ent_a32d370eb4e3
ENT_012674,ent_c2a65d6cd7f6
ENT_012676,ent_ae4e32bd1a51
ENT_012677,ent_416d1adf6c1f
ENT_012678,ent_2338b1ac4e1d
ENT_012679,ent_171878e30e0c
ENT_012680,ent_02a09130ad95
ENT_012681,ent_bb91bcaa2c44
ENT_012683,ent_315bd89ad513
ENT_012684,ent_1540fd496a88
ENT_012685,ent_e5352c6f7532
ENT_012686,ent_fcde83403bb5
ENT_012687,ent_b1f2a201aceb
ENT_012688,ent_5e759c3f4618
ENT_012689,ent_fe4d5785b845
ENT_012690,ent_955a3d5dd3b3
ENT_012692,ent_103de7ea0386
ENT_012693,ent_51c9a6ecfa35
ENT_012696,ent_4d38a907b2a8
ENT_012698,ent_50bef71dc50d
ENT_012699,ent_d866be030282
ENT_012700,ent_143eee931f4b
ENT_012701,ent_d00bd1fd4260
ENT_012702,ent_da4ecdd4e104
ENT_012704,ent_153a50950b08
ENT_012705,ent_c362bb9f24fe
ENT_012707,ent_85ed074e10c4
ENT_012708,ent_c2c479431c13
ENT_012715,ent_564e3d6b00f2
ENT_012716,ent_b869b6c81f72
ENT_012720,ent_e7a24c4d3c0d
ENT_012725,ent_1325d7abb223
ENT_012726,ent_41ec20bae1b7
ENT_012727,ent_4ed237461887
ENT_012728,ent_5f2a0f6c0ab5
ENT_012729,ent_b64a5a4e8d8f
ENT_012730,ent_c85ce7f5dc96
ENT_012731,ent_1137a30b2c05
ENT_012732,ent_5d38fec08c53
ENT_012733,ent_0e7e1f67df41
ENT_012735,ent_f6d321528654
ENT_012737,ent_b8587cefa266
ENT_012738,ent_d0211bc01c1a
ENT_012739,ent_012d694ae069
ENT_012740,ent_2b629b9648b8
ENT_012741,ent_55b70cda3cbd
ENT_012742,ent_5a57578e16ec
ENT_012743,ent_c0a30dd68a20
ENT_012744,ent_2c6590ab40e2
ENT_012745,ent_d9e8824ea8e6
ENT_012746,ent_4f6111dba18b
ENT_012747,ent_be8cae115551
ENT_012749,ent_07212b697271
ENT_012750,ent_51f335962ac6
ENT_012751,ent_907529033d54
ENT_012752,ent_1aca938be46d
ENT_012754,ent_da7f9ead7761
ENT_012755,ent_529d654e4724
ENT_012756,ent_b052672e139c
ENT_012757,ent_cc3a7fb151b3
ENT_012759,ent_c169a12dcb82
ENT_012760,ent_071ebf42264a
ENT_012761,ent_1bf7acffd0be
ENT_012762,ent_d4c91417eaa8
ENT_012763,ent_f5d7db7f7dfc
ENT_012764,ent_986320990d41
ENT_012765,ent_bc1899c08059
ENT_012766,ent_d054aef458aa
ENT_012767,ent_b7856ed5c15d
ENT_012768,ent_6164657a7460
ENT_012769,ent_3caa47933886
ENT_012770,ent_227c39494417
ENT_012771,ent_2535e7589601
ENT_012772,ent_73e552798bfc
ENT_012773,ent_a302f1c3e037
ENT_012775,ent_b2ce66b46c27
ENT_012778,ent_334c9292f614
ENT_012779,ent_49de9c5092cc
ENT_012780,ent_07a4811c71be
ENT_012781,ent_3ee42d340abe
ENT_012782,ent_fd36a3c54f33
ENT_012783,ent_6550b53f73dd
ENT_012784,ent_bbdbfe4bde8c
ENT_012786,ent_14b2687b94e3
ENT_012787,ent_93e8088e1bea
ENT_012788,ent_5a6deef482c6
ENT_012789,ent_eef13d9a35b8
ENT_012790,ent_fac3eafd536a
ENT_012791,ent_88a9a73107a1
ENT_012792,ent_c14f84d20e06
ENT_012794,ent_e2bc973ed931
ENT_012795,ent_1c2661306f1f
ENT_012796,ent_c76ba90012e7
ENT_012797,ent_9e4d9dd35372
ENT_012798,ent_c41b4147dc86
ENT_012799,ent_c9265547c9e9
ENT_012801,ent_713a072d0afc
ENT_012802,ent_455f92005c3e
ENT_012803,ent_792c4c7aa099
ENT_012804,ent_26da35a5c15c
ENT_012805,ent_7c8f6d49530f
ENT_012806,ent_34a29147d7f8
ENT_012807,ent_27c5185cf304
ENT_012809,ent_3d78858d8611
ENT_012810,ent_ec5972037fd5
ENT_012811,ent_8a5962431852
ENT_012812,ent_161171527bd7
ENT_012813,ent_9b763566f198
ENT_012814,ent_32d95f9abee8
ENT_012815,ent_103380b690e6
ENT_012816,ent_c2a9b66400ab
ENT_012817,ent_31c857b67233
ENT_012818,ent_9c287b33d22c
ENT_012819,ent_8404f0c00786
ENT_012820,ent_b4a2d2f2e5c1
ENT_012821,ent_6369a73767dc
ENT_012822,ent_574e58a394b0
ENT_012823,ent_119df816ea2c
ENT_012824,ent_4dbc4d994e37
ENT_012825,ent_6200ba4e292a
ENT_012826,ent_58313cf4ddab
ENT_012827,ent_d1f00b585c30
ENT_012828,ent_91a2606ef8f9
ENT_012829,ent_62449deb2ed7
ENT_012830,ent_c5047357e73e
ENT_012831,ent_0d149d5ecb16
ENT_012832,ent_1513ce5cb298
ENT_012833,ent_b9f3eff6a120
ENT_012834,ent_3f713435c1dc
ENT_012836,ent_924f40529866
ENT_012837,ent_d347181f8e97
ENT_012839,ent_f9382a9dd877
ENT_012840,ent_b64b86f404bf
ENT_012841,ent_c8a478e6eb50
ENT_012842,ent_0aa5e37e63d3
ENT_012843,ent_179642c28cf1
ENT_012844,ent_12dd98880a77
ENT_012845,ent_300c88409680
ENT_012847,ent_d8d40b2b6832
ENT_012848,ent_c701e90fd8f9
ENT_012850,ent_336f3c6fafc6
ENT_012851,ent_81fa3cecd7d0
ENT_012852,ent_592500804288
ENT_012853,ent_c032470298b4
ENT_012854,ent_2fb14eb5c017
ENT_012856,ent_c2de3ebc6a4f
ENT_012857,ent_5912d0271120
ENT_012860,ent_778dbfaea30e
ENT_012861,ent_2d4935df3876
ENT_012862,ent_4fe75cc498ec
ENT_012863,ent_957d0558d6cd
ENT_012865,ent_f998b20d196d
ENT_012866,ent_e84351637268
ENT_012867,ent_ddcab1ae31c9
ENT_012870,ent_791909f785c5
ENT_012871,ent_f96c3da18537
ENT_012873,ent_ddd067714679
ENT_012876,ent_b04db193779e
ENT_012878,ent_2da00b93acfe
ENT_012879,ent_8b3b30ee7b91
ENT_012881,ent_abef6c20b23c
ENT_012882,ent_3ddaf45318ab
ENT_012883,ent_d23b4bbf1df1
ENT_012884,ent_3d37e7832b08
ENT_012885,ent_06672447e8c6
ENT_012886,ent_81d2771e5a21
ENT_012888,ent_4fac91be4173
ENT_012889,ent_45c8f2c4d9af
ENT_012890,ent_d046551ce425
ENT_012891,ent_3d6f5be855d3
ENT_012892,ent_6d6148056d49
ENT_012894,ent_81fb4c0efa98
ENT_012895,ent_42be99d1c1a3
ENT_012896,ent_ead115f1e995
ENT_012899,ent_1be771f64b5c
ENT_012903,ent_f5367c2e4619
ENT_012905,ent_ca64f3f07927
ENT_012906,ent_6fedcc6b506b
ENT_012907,ent_d90e1adf9b6c
ENT_012909,ent_241b90f21d8a
ENT_012911,ent_9f4b0fd525c5
ENT_012912,ent_7dec26c35347
ENT_012913,ent_d3c1082d15d0
ENT_012915,ent_3cbe3fab371e
ENT_012917,ent_3e773d19616a
ENT_012920,ent_c6d4031d5c78
ENT_012921,ent_ac8c7d99e31a
ENT_012922,ent_5309226f5fd3
ENT_012923,ent_5bd8fdf93a67
ENT_012925,ent_e6019b6e4a9b
ENT_012926,ent_bafbfba387b0
ENT_012927,ent_78ebb7b5fe17
ENT_012928,ent_4080eaa60a9f
ENT_012929,ent_8619595d7d1d
ENT_012930,ent_3d1a4b9cc2b0
ENT_012931,ent_6edf8b144a9a
ENT_012933,ent_bc4776930268
ENT_012934,ent_8d34077b880d
ENT_012935,ent_9e28330a64c7
ENT_012936,ent_c20b1356d5e1
ENT_012937,ent_f3112dbb53fd
ENT_012938,ent_e8a825217aef
ENT_012941,ent_e19c2f01d568
ENT_012942,ent_408fb4c4b029
ENT_012943,ent_da488911e0fe
ENT_012945,ent_40252adac976
ENT_012946,ent_795ebf7d6fcc
ENT_012947,ent_2aba09d29522
ENT_012948,ent_9e623253ae39
ENT_012950,ent_7c5f29e22ad1
ENT_012951,ent_5b944a002a0b
ENT_012952,ent_4d7fe1641c7e
ENT_012954,ent_012cfcf7b6c1
ENT_012955,ent_59831198c427
ENT_012956,ent_163e355317b0
ENT_012958,ent_3b436e75dc59
ENT_012960,ent_62381f118017
ENT_012961,ent_c8ded6150e41
ENT_012962,ent_2f3b304ad1d4
ENT_012963,ent_25b0e3b2bdf9
ENT_012965,ent_20098c67b307
ENT_012966,ent_5f684ea884e4
ENT_012967,ent_8f4ea5795433
ENT_012968,ent_6d117e4179bd
ENT_012969,ent_31dfd2575262
ENT_012971,ent_4d8dbf44a614
ENT_012972,ent_50dccdfbee01
ENT_012973,ent_bc66bf01cce8
ENT_012974,ent_b7175aca5f11
ENT_012975,ent_d92b4c4b41af
ENT_012976,ent_af0001965f76
ENT_012977,ent_5d3176adf204
ENT_012978,ent_b4b305b5bc40
ENT_012979,ent_9e952b805c68
ENT_012981,ent_9feb00632f45
ENT_012982,ent_756a70e9d53b
ENT_012983,ent_6d2a68a5933d
ENT_012984,ent_c20aaa89f13f
ENT_012985,ent_11247b506044
ENT_012986,ent_a48788bf3ef0
ENT_012987,ent_bed6f8e6dd77
ENT_012988,ent_e5273f60f130
ENT_012992,ent_386748a4228d
ENT_012997,ent_5b219fb4910a
ENT_012998,ent_14162ca91a5d
ENT_012999,ent_3348def5adb1
ENT_013000,ent_6daa575cef19
ENT_013001,ent_e1cc48e8209a
ENT_013002,ent_cebdef372b52
ENT_013003,ent_a0fb7fbf8846
ENT_013004,ent_090d2b979e16
ENT_013005,ent_606df32fabde
ENT_013006,ent_a5be6428bb80
ENT_013007,ent_b225e11cd114
ENT_013008,ent_82a31c6704f5
ENT_013009,ent_95a6d988df16
ENT_013010,ent_fe5489ffa223
ENT_013011,ent_ec31882aa805
ENT_013012,ent_c650606682fc
ENT_013013,ent_00d0102bc3b7
ENT_013014,ent_9cfae3569049
ENT_013015,ent_5b2376575604
ENT_013016,ent_aabe4baf3ec2
ENT_013017,ent_b7b7d0ea0ab9
ENT_013018,ent_0b286772b35e
ENT_013019,ent_b17443e93fb0
ENT_013020,ent_76b3d0be2d2e
ENT_013021,ent_35615ca6fc4b
ENT_013022,ent_75f3456c1d01
ENT_013023,ent_129c25f8d4e3
ENT_013025,ent_a072b2a58675
ENT_013028,ent_6efcd0a44322
ENT_013036,ent_0f441236d6ac
ENT_013037,ent_33c20057d388
ENT_013039,ent_2e232c805176
ENT_013042,ent_02f1ce46c7b0
ENT_013043,ent_5cecd2cc30a1
ENT_013044,ent_fa40dc1df31c
ENT_013045,ent_3f0542618597
ENT_013046,ent_1603dcf72ff2
ENT_013047,ent_88a0f2ae1ce4
ENT_013048,ent_29819c0a0ab0
ENT_013051,ent_953b5fe907bf
ENT_013053,ent_9c6efbdecb18
ENT_013054,ent_51a82f75e218
ENT_013055,ent_e2b04b35d621
ENT_013056,ent_50aa54620861
ENT_013057,ent_65418f366e39
ENT_013058,ent_834fc307c63c
ENT_013059,ent_a452f9d10053
ENT_013060,ent_47a49e6c416c
ENT_013061,ent_0814decf0d8f
ENT_013062,ent_5b854dbc4dba
ENT_013063,ent_99684d487452
ENT_013064,ent_aac9eebc5163
ENT_013065,ent_39d9fa92cde1
ENT_013066,ent_b334a91eafae
ENT_013067,ent_847409f01ee4
ENT_013068,ent_e4d058d7a041
ENT_013069,ent_389f0a1e254e
ENT_013070,ent_291a02c222b2
ENT_013071,ent_905b27a382aa
ENT_013072,ent_7083ad8044dd
ENT_013073,ent_005776f7ff1a
ENT_013074,ent_1b52f26ae6fa
ENT_013075,ent_c866106a51ff
ENT_013076,ent_2df60652d2fb
ENT_013079,ent_62ca85b455b5
ENT_013080,ent_0b417cf685df
ENT_013081,ent_f8189f6a3cff
ENT_013082,ent_7657ac6048b6
ENT_013083,ent_ee7594b1e5c0
ENT_013084,ent_10bf94c32b0b
ENT_013085,ent_b0b19f7c6605
ENT_013086,ent_8702193b5399
ENT_013087,ent_6036f48a7cd0
ENT_013088,ent_2bc5e7e7407c
ENT_013089,ent_4f9a365ff5f8
ENT_013090,ent_a15549db03a1
ENT_013091,ent_59d22cd3f923
ENT_013092,ent_dad7b0b1d188
ENT_013093,ent_c57b2ac062b4
ENT_013094,ent_4a1a92f1d89d
ENT_013095,ent_a70178c7e696
ENT_013096,ent_dbbd1dd02d1d
ENT_013097,ent_7c1ed90e2165
ENT_013098,ent_57c28b2111aa
ENT_013099,ent_34c59c4ad760
ENT_013100,ent_58733b74c4e8
ENT_013101,ent_770671f6076b
ENT_013103,ent_33a6b0400bc4
ENT_013105,ent_6207b1524280
ENT_013106,ent_3e870258e824
ENT_013107,ent_853f55d05752
ENT_013109,ent_f641e30fb34c
ENT_013110,ent_cddb72d3e85f
ENT_013111,ent_f01a30b59a13
ENT_013112,ent_df34b14bf311
ENT_013113,ent_5d19027ee86c
ENT_013114,ent_a6d980f2dd47
ENT_013115,ent_b708a877ebc5
ENT_013118,ent_4f5d1eca86c6
ENT_013119,ent_3b8191731ff7
ENT_013120,ent_27a42cdcdd5d
ENT_013121,ent_9df637363bae
ENT_013123,ent_517a3e4b8909
ENT_013124,ent_e0e5ac70e316
ENT_013125,ent_0d42078d2dae
ENT_013126,ent_16f908ec8fe7
ENT_013127,ent_68f3f2d45b24
ENT_013132,ent_0ce1ecdd76dc
ENT_013133,ent_fcf0a67d7b3a
ENT_013134,ent_d47494e8cf05
ENT_013136,ent_7672cce20e90
ENT_013137,ent_6c3de40ef48d
ENT_013139,ent_4d6b160b0fbe
ENT_013140,ent_08f4bf5db425
ENT_013141,ent_03ce44d3a763
ENT_013142,ent_50e47f539acf
ENT_013144,ent_a8e3973051ed
ENT_013145,ent_1d6050732332
ENT_013146,ent_d7a6f4c85efc
ENT_013147,ent_7f1f024daa91
ENT_013148,ent_4a09f4c00b6f
ENT_013149,ent_a7f0aaf5e220
ENT_013150,ent_c3fd58764bb7
ENT_013151,ent_bc41785f3054
ENT_013152,ent_f6edbd00cc1a
ENT_013153,ent_14ce0c0b9b0b
ENT_013154,ent_88c067a6202d
ENT_013155,ent_e9efcdb9ea8b
ENT_013156,ent_c2af63e1354f
ENT_013157,ent_52fdbf212f42
ENT_013159,ent_5305dfc382e1
ENT_013160,ent_4ed94f6b771f
ENT_013161,ent_f01b183827c6
ENT_013162,ent_f2a092b700bc
ENT_013163,ent_c00e1f0c5c29
ENT_013164,ent_9b1bc1c3d3f2
ENT_013165,ent_c46c58dd6f3e
ENT_013166,ent_fcb0a138fd64
ENT_013167,ent_cf16f5d48b0f
ENT_013170,ent_d2f9861fff4b
ENT_013171,ent_fd5ca55c5306
ENT_013172,ent_37eb9f16c088
ENT_013173,ent_fd85beeca7fa
ENT_013174,ent_80ea3b6dfa0a
ENT_013175,ent_692883c50f32
ENT_013176,ent_ef7f059a2e3b
ENT_013177,ent_f9ea48fd197a
ENT_013178,ent_942a1f85e62c
ENT_013179,ent_5e277905d477
ENT_013180,ent_86646936d7c3
ENT_013181,ent_52b3e41e976a
ENT_013182,ent_07cca1d242c2
ENT_013183,ent_036611aae18d
ENT_013184,ent_ed7606b49662
ENT_013185,ent_5b6ac12d811b
ENT_013186,ent_70b698f2faf7
ENT_013188,ent_7715029301ae
ENT_013189,ent_f18abdfd85c1
ENT_013193,ent_276f6132cb28
ENT_013199,ent_49c2fd4dc905
ENT_013200,ent_173a3a42dfb1
ENT_013201,ent_db8fb5d1d26a
ENT_013202,ent_db4a24f1d091
ENT_013203,ent_65e31613fccd
ENT_013205,ent_b1f902350535
ENT_013206,ent_29a1f2efc5d2
ENT_013208,ent_3b57a445a16a
ENT_013212,ent_8c66d2572661
ENT_013215,ent_059a8d364a4b
ENT_013216,ent_f8108cbe8936
ENT_013217,ent_b697c6b39066
ENT_013222,ent_ca8cd732d813
ENT_013223,ent_d93afb9b9244
ENT_013224,ent_9a75633f6266
ENT_013226,ent_76bba9a6f4f4
ENT_013227,ent_9edc5ba70038
ENT_013228,ent_424e9a77a433
ENT_013229,ent_526615e3b0fe
ENT_013231,ent_542e0faaa28d
ENT_013232,ent_5f0ec54194d0
ENT_013233,ent_d73499cee55e
ENT_013234,ent_c8a82cf6d1e7
ENT_013235,ent_85a712d98b25
ENT_013236,ent_3fa65b611b66
ENT_013237,ent_f8f5e8cdda69
ENT_013238,ent_2ccc1cada29d
ENT_013239,ent_27d3eb4de2d7
ENT_013240,ent_95aa75b1bdeb
ENT_013241,ent_ef98ec674587
ENT_013242,ent_c357d66043d8
ENT_013243,ent_f530b02512f8
ENT_013244,ent_cf93195b2ea8
ENT_013245,ent_f4417c1c14ab
ENT_013247,ent_a8826150e357
ENT_013248,ent_19ca6b461739
ENT_013249,ent_f39a23af39fc
ENT_013251,ent_92d47bf7cd54
ENT_013252,ent_9ca3d957815e
ENT_013253,ent_6e5160297e2c
ENT_013254,ent_d9aa220a97bc
ENT_013255,ent_1f004fbf1fc5
ENT_013256,ent_cd391da2755b
ENT_013257,ent_a5cb6ef5934c
ENT_013258,ent_5fe9d69a8059
ENT_013260,ent_404c55b309ac
ENT_013261,ent_7d8ad452b723
ENT_013262,ent_91cd06695858
ENT_013263,ent_fb2f65f5ff81
ENT_013264,ent_5e88307976b7
ENT_013265,ent_08562b5b0e5d
ENT_013266,ent_e4d9f2d95a11
ENT_013267,ent_08cbf49cd0e5
ENT_013268,ent_bb86960fcedb
ENT_013269,ent_29d102da0946
ENT_013270,ent_2258e095a52b
ENT_013271,ent_1aefc06bfbda
ENT_013272,ent_5340301b7234
ENT_013273,ent_49777e3203dc
ENT_013274,ent_d9f0fa39d56b
ENT_013275,ent_c6f3e61d3660
ENT_013276,ent_56ca32428618
ENT_013277,ent_fbbaef0a99fe
ENT_013278,ent_e5c352b1325d
ENT_013279,ent_769e28f94db8
ENT_013280,ent_8ad93c8fc5d2
ENT_013281,ent_1c6ef7b92477
ENT_013283,ent_f34c34680d41
ENT_013284,ent_abb73d575722
ENT_013286,ent_126e58af9117
ENT_013288,ent_09a6e89e7ede
ENT_013290,ent_df634a6b50cd
ENT_013291,ent_1f124abcf681
ENT_013292,ent_51b8043f5e32
ENT_013293,ent_772f655ab9c2
ENT_013295,ent_dbb33f36070b
ENT_013296,ent_9ed55bfba16d
ENT_013297,ent_6881915cf48e
ENT_013299,ent_fc177378a1eb
ENT_013301,ent_3a6bbea6cd8b
ENT_013305,ent_e196e9610814
ENT_013306,ent_4e0c2066a761
ENT_013310,ent_fba075c048ca
ENT_013311,ent_6de5020e2c78
ENT_013312,ent_6eaec01191f0
ENT_013313,ent_c3d081702a12
ENT_013314,ent_cdbbba35d618
ENT_013315,ent_5eefac904248
ENT_013316,ent_8f0a82273867
ENT_013317,ent_d005de61dbd1
ENT_013319,ent_0e82297266f1
ENT_013321,ent_18e1acc8e5bf
ENT_013325,ent_37ad036b8a09
ENT_013326,ent_2b4f8e3a7167
ENT_013329,ent_e991ab4d4aa7
ENT_013331,ent_bbe5b2506337
ENT_013332,ent_abf0435654e0
ENT_013333,ent_311fb255ae8f
ENT_013334,ent_201771867e91
ENT_013335,ent_983fd5d27fb7
ENT_013337,ent_45766c2ecb2a
ENT_013338,ent_2252d5ab4fae
ENT_013339,ent_3a9df70d71fa
ENT_013340,ent_6dcf60e2705b
ENT_013343,ent_1703f42959bd
ENT_013345,ent_01c7a8e5aae8
ENT_013346,ent_b4da156a52e4
ENT_013348,ent_51fba89a039e
ENT_013349,ent_8d9ca7609245
ENT_013351,ent_3f4eabf6b51e
ENT_013352,ent_6d314feb685f
ENT_013353,ent_4e467a63c4f0
ENT_013354,ent_7cb1134b1a1d
ENT_013355,ent_7e48ad2c3433
ENT_013356,ent_1d2fd8db9128
ENT_013357,ent_c7b29fdd22df
ENT_013359,ent_dd524d0309f9
ENT_013361,ent_e7ac52777715
ENT_013362,ent_974f058c5fd1
ENT_013363,ent_3efdd0354fcf
ENT_013364,ent_064d8b70b96b
ENT_013365,ent_880ddf3dd8e2
ENT_013366,ent_21fdb7b48b82
ENT_013367,ent_81aef1677a8d
ENT_013368,ent_b5b119317973
ENT_013370,ent_d72f27c63d31
ENT_013371,ent_4ff61821b8df
ENT_013374,ent_a6c37e3ca927
ENT_013375,ent_061d71e65fcc
ENT_013379,ent_de5378d1d7e7
ENT_013380,ent_f3c10d9c553e
ENT_013381,ent_c3ec9d01c84a
ENT_013382,ent_073d1ff21622
ENT_013387,ent_b2a0ea8c587c
ENT_013388,ent_b0dfd0097f0b
ENT_013390,ent_26497ad4255f
ENT_013395,ent_e57db6e6834b
ENT_013396,ent_2781f31b0a94
ENT_013397,ent_977e7dfccf78
ENT_013399,ent_41776e6db139
ENT_013400,ent_1dc51c359ca9
ENT_013402,ent_14edd92e1346
ENT_013403,ent_c1967a344593
ENT_013404,ent_80f2ab1afbcc
ENT_013405,ent_d1fddc2a5bbb
ENT_013406,ent_7dd6b0830a0e
ENT_013407,ent_277b6bf75f96
ENT_013408,ent_c10051388ca9
ENT_013410,ent_b5ecb97edf8a
ENT_013411,ent_ab46ef0e0975
ENT_013412,ent_d58e8d68cebd
ENT_013413,ent_820dc1df1a88
ENT_013414,ent_cdd8d12c80bc
ENT_013415,ent_e83e1776b54a
ENT_013416,ent_68d4713e6c1d
ENT_013417,ent_8cbc2f4e8e7d
ENT_013419,ent_6f4e52dcb5d4
ENT_013420,ent_d1938f45fc7a
ENT_013421,ent_ede3e1ac5633
ENT_013422,ent_346de6350eef
ENT_013423,ent_ff0ee788b291
ENT_013424,ent_88363302d3c8
ENT_013425,ent_cf27dcc8d76f
ENT_013427,ent_4d3c76d944dc
ENT_013428,ent_38b2cf225594
ENT_013429,ent_7a32d8885383
ENT_013432,ent_0737664465a7
ENT_013433,ent_e0c6c57886ea
ENT_013434,ent_baac673447c3
ENT_013435,ent_ba964130e0b0
ENT_013436,ent_154644d01703
ENT_013437,ent_8e6913ec3f89
ENT_013438,ent_df03e81cc1b6
ENT_013439,ent_19338e692cf6
ENT_013441,ent_da412df84927
ENT_013442,ent_c56e67584f45
ENT_013443,ent_f1d267ff52ab
ENT_013444,ent_9957eda09b0b
ENT_013445,ent_c7b2d6c06026
ENT_013446,ent_38cce58c1cb8
ENT_013447,ent_ae188b5ca390
ENT_013449,ent_803a26582a0b
ENT_013450,ent_f0eca26e67c4
ENT_013451,ent_224365f16da3
ENT_013452,ent_570852fe0cad
ENT_013454,ent_190e2b6849a6
ENT_013455,ent_98f4ad5a4f9f
ENT_013457,ent_89d624d6aa4d
ENT_013458,ent_174d02fbc085
ENT_013459,ent_862db999f9de
ENT_013460,ent_84e6b4c662d9
ENT_013461,ent_6e821d89b435
ENT_013462,ent_256919a54ad3
ENT_013464,ent_2686ad78111b
ENT_013465,ent_aeac2359a171
ENT_013466,ent_fd6296b083ef
ENT_013467,ent_4bf0444c732f
ENT_013468,ent_42fe9124dcf9
ENT_013469,ent_33fd8958b1d1
ENT_013470,ent_83b71613a0fa
ENT_013472,ent_f48aa2e249ea
ENT_013473,ent_1ef7d40efef3
ENT_013474,ent_7e0d5e82aa3d
ENT_013475,ent_914d055f209d
ENT_013477,ent_ca9df6129746
ENT_013480,ent_32043dce85ef
ENT_013481,ent_01007ed0d2fd
ENT_013483,ent_b6b0e71ec696
ENT_013485,ent_4984205aca5d
ENT_013486,ent_6e34adbe4709
ENT_013489,ent_d4ce7dbe889b
ENT_013491,ent_110bcb0baabc
ENT_013495,ent_48baaeccb19d
ENT_013496,ent_92c47c6d098a
ENT_013497,ent_6f9f4779138e
ENT_013498,ent_a1fb7fad3c44
ENT_013499,ent_2918adb6b1ba
ENT_013500,ent_515bac072adc
ENT_013501,ent_e0b15baa085e
ENT_013503,ent_6b42cc49e767
ENT_013504,ent_f07e7e4ea771
ENT_013505,ent_62d8538e46e8
ENT_013506,ent_503401d66f14
ENT_013507,ent_ea55eacb02b3
ENT_013512,ent_058fa8f51242
ENT_013513,ent_074f622b478b
ENT_013516,ent_2b503c01f6a9
ENT_013518,ent_a574ae9e32e0
ENT_013519,ent_0a023b3f4280
ENT_013521,ent_b4a5702c24f3
ENT_013522,ent_7ae3162e4937
ENT_013523,ent_de0b36ab31a4
ENT_013525,ent_1f6350d59b93
ENT_013526,ent_f192176c3cf6
ENT_013527,ent_097b998ae517
ENT_013530,ent_43bc61ef0db2
ENT_013532,ent_986560fcca61
ENT_013534,ent_7c576158fcdf
ENT_013537,ent_3801cb432027
ENT_013538,ent_d46b0c6a8d93
ENT_013539,ent_a9ca762d28ec
ENT_013543,ent_24eee3f780e0
ENT_013544,ent_6098ede4564a
ENT_013547,ent_59c6c9b9b3b8
ENT_013548,ent_e02041a4e304
ENT_013549,ent_5b067ffef278
ENT_013550,ent_955fdcdcb0ab
ENT_013551,ent_867ed263d143
ENT_013554,ent_3bf57b5bf008
ENT_013558,ent_a324658af3f3
ENT_013560,ent_2e7e2412522f
ENT_013561,ent_d6320f43e989
ENT_013562,ent_6a404350d3b8
ENT_013563,ent_96c195593661
ENT_013564,ent_50f3ad3d5ae8
ENT_013565,ent_36e605b4848f
ENT_013567,ent_929fdc24eea1
ENT_013568,ent_3f51d3022834
ENT_013574,ent_413690055755
ENT_013577,ent_01689ee64fe0
ENT_013578,ent_f2fb30d51e03
ENT_013579,ent_b88a2ff30e36
ENT_013581,ent_b29a39fb6b8e
ENT_013582,ent_db2268c6f36e
ENT_013584,ent_f00d90be9758
ENT_013585,ent_8e2b0250f615
ENT_013586,ent_69eeb36978a6
ENT_013587,ent_b9afc67ec52e
ENT_013588,ent_63e1041ba747
ENT_013589,ent_d15e5582192c
ENT_013590,ent_9e67ea89c229
ENT_013591,ent_d03f840ba781
ENT_013592,ent_df579d529bd6
ENT_013593,ent_2d0cf686c7ec
ENT_013595,ent_4655d730a508
ENT_013597,ent_d7a73655d615
ENT_013598,ent_d23169c01840
ENT_013600,ent_61dac1150a22
ENT_013601,ent_8b8e7984c97b
ENT_013605,ent_5e4155098076
ENT_013606,ent_f37592d04c9e
ENT_013607,ent_dc4f439bc592
ENT_013609,ent_1645f5b8e24a
ENT_013611,ent_8f25bcc192c5
ENT_013612,ent_30920bad882d
ENT_013613,ent_6e1f40be0748
ENT_013614,ent_292a93508278
ENT_013615,ent_956b2150f6fa
ENT_013616,ent_7e111748a224
ENT_013617,ent_5f18735b9f03
ENT_013618,ent_dad99b2a0fda
ENT_013619,ent_b92322dbe8ff
ENT_013620,ent_29dbb68c7531
ENT_013621,ent_72bc59ccdedc
ENT_013622,ent_3a74a72761ad
ENT_013624,ent_7f2683fa6f95
ENT_013625,ent_68383eaeb4c1
ENT_013626,ent_3d3c07970ab0
ENT_013627,ent_a5667d88fcbd
ENT_013628,ent_f708e6c1511e
ENT_013629,ent_00f52495863b
ENT_013634,ent_ae03653e61f1
ENT_013635,ent_511577b90f7a
ENT_013637,ent_54873e272551
ENT_013639,ent_7589add60cad
ENT_013640,ent_85044335facf
ENT_013641,ent_16cd551bc753
ENT_013642,ent_c7662a1cf62d
ENT_013645,ent_0f31c5deb526
ENT_013646,ent_855c09ce4afa
ENT_013647,ent_fd4bc935e947
ENT_013648,ent_75c3bfebef00
ENT_013649,ent_f366b51ee5df
ENT_013652,ent_88ad2efce19e
ENT_013654,ent_eff49cb83d2d
ENT_013655,ent_3bd3fbb0b51f
ENT_013656,ent_c69d4de5b1f5
ENT_013658,ent_24a7a16224b1
ENT_013660,ent_c28fd265d099
ENT_013661,ent_eadfd3809349
ENT_013662,ent_0db13e05a97c
ENT_013663,ent_c510fc9c11ab
ENT_013664,ent_ea8389e4ae6d
ENT_013665,ent_4b889abbb228
ENT_013666,ent_2be056b07655
ENT_013667,ent_7bf8508a760e
ENT_013668,ent_0cc0315f9694
ENT_013669,ent_6e7e38ca81dc
ENT_013670,ent_3b4b53c92450
ENT_013671,ent_4c433dcd50bd
ENT_013672,ent_bb54e44e6d9b
ENT_013673,ent_18120395b826
ENT_013674,ent_c562db8c2c61
ENT_013675,ent_af4abffa4bfc
ENT_013676,ent_8372ceb64073
ENT_013677,ent_2277861ed095
ENT_013678,ent_7bbf733a57df
ENT_013679,ent_3dddf7fbe2c6
ENT_013680,ent_a8420ee95289
ENT_013681,ent_b8020f6def67
ENT_013682,ent_acd821ff1cf0
ENT_013683,ent_6f77a4c91a71
ENT_013684,ent_cd35e343ca56
ENT_013685,ent_7e4ddd95647c
ENT_013686,ent_46252138010f
ENT_013687,ent_943c14c779d2
ENT_013688,ent_6cb7c7459c48
ENT_013689,ent_d6681d6b2f4c
ENT_013691,ent_32ad721e56b0
ENT_013692,ent_bca13a95c600
ENT_013693,ent_b551b31a08e2
ENT_013694,ent_9e6f497b0b04
ENT_013695,ent_0a664e2676e6
ENT_013696,ent_8608425fa3e6
ENT_013697,ent_f6ce4c8b1c86
ENT_013698,ent_10e2cf65d742
ENT_013699,ent_9de598d4f5b2
ENT_013700,ent_5fc6f711ff96
ENT_013701,ent_35a81435fa2d
ENT_013702,ent_403d241033c6
ENT_013703,ent_06a0b683f857
ENT_013704,ent_41cc7039a875
ENT_013706,ent_8d7d32181b90
ENT_013707,ent_e9ab921d17eb
ENT_013709,ent_c9ef02d16e37
ENT_013710,ent_65e3ee5b5db8
ENT_013711,ent_66ffb1dffe18
ENT_013712,ent_cbcf28bc5c23
ENT_013713,ent_fca194b9f778
ENT_013714,ent_aa7edba82811
ENT_013715,ent_20cfedce0e18
ENT_013716,ent_1e68c20184d3
ENT_013717,ent_4be91c5a38aa
ENT_013718,ent_5672fe6b5ffc
ENT_013719,ent_aca304c9980a
ENT_013720,ent_3831fd771cda
ENT_013721,ent_98ed5b0b1e16
ENT_013722,ent_1c75364f9132
ENT_013723,ent_d92da33cef87
ENT_013724,ent_72f8c5ca8343
ENT_013725,ent_9251a97b918c
ENT_013726,ent_b225f94723ed
ENT_013727,ent_5e2afa1a8797
ENT_013729,ent_ffea9b7d42d0
ENT_013730,ent_ad3609ca8a2a
ENT_013731,ent_8c648791de79
ENT_013732,ent_f9177a9ceed7
ENT_013733,ent_665cfdef270e
ENT_013734,ent_434fe8d0b5e5
ENT_013735,ent_1c6055919729
ENT_013736,ent_0f9a51124914
ENT_013737,ent_2d6e02e67696
ENT_013738,ent_59166b80c318
ENT_013739,ent_7c9dbaa8ed98
ENT_013740,ent_cc5a5137bf13
ENT_013741,ent_aa4918c78868
ENT_013743,ent_0db74bdf2493
ENT_013744,ent_1acef28951eb
ENT_013749,ent_8cb8ca545d31
ENT_013750,ent_49f08f34e482
ENT_013751,ent_5e6dfc26d147
ENT_013756,ent_d3be151b13c6
ENT_013757,ent_87a3890c3b58
ENT_013758,ent_82c15a82655b
ENT_013761,ent_6d036eade43d
ENT_013764,ent_5511c5927670
ENT_013766,ent_9a7214480406
ENT_013767,ent_6847ca9d27b5
ENT_013768,ent_0f756e89ec4f
ENT_013769,ent_cc4ae0029f34
ENT_013772,ent_e0f71c3c8a81
ENT_013773,ent_820738f8aecd
ENT_013774,ent_bc6187820b86
ENT_013775,ent_841fa545d59d
ENT_013777,ent_7458b684d148
ENT_013778,ent_cd53ae6187fc
ENT_013780,ent_5a584d6ee5dc
ENT_013781,ent_e22224e056c3
ENT_013782,ent_7be6f5dea2a7
ENT_013783,ent_26fd73040631
ENT_013784,ent_768fb85afb32
ENT_013785,ent_6325ca9ec96b
ENT_013789,ent_530570f50420
ENT_013790,ent_22dab0efb3a1
ENT_013792,ent_824c6c4fc1f1
ENT_013796,ent_cd0586dda572
ENT_013798,ent_8cea8984bcf2
ENT_013799,ent_cbd02f0316b2
ENT_013802,ent_977351e04f3a
ENT_013803,ent_e86f1b8ce7f4
ENT_013804,ent_406fb33ea614
ENT_013805,ent_6fb3e849c127
ENT_013806,ent_ae485045be86
ENT_013808,ent_42688204d487
ENT_013809,ent_26b6df3e45eb
ENT_013811,ent_4a78500293ac
ENT_013813,ent_082d14c137d9
ENT_013814,ent_40522f77776e
ENT_013816,ent_4a60d807c04d
ENT_013817,ent_171b959a5216
ENT_013818,ent_1108a545785a
ENT_013819,ent_e8785f476bae
ENT_013820,ent_8cf99294d2ab
ENT_013821,ent_b180a65bd582
ENT_013822,ent_dfb033b87712
ENT_013823,ent_0f45962f6494
ENT_013824,ent_f48ce412adbc
ENT_013825,ent_9b1b93169e71
ENT_013826,ent_899f28b28e90
ENT_013827,ent_513e758bc031
ENT_013828,ent_16ccd32a1c35
ENT_013829,ent_467f9340e055
ENT_013830,ent_3553e5247298
ENT_013833,ent_da2b09362be7
ENT_013834,ent_5d7aa250d4b3
ENT_013835,ent_c71730c5455c
ENT_013836,ent_24a334a82f40
ENT_013837,ent_1ed9e06d0c8c
ENT_013838,ent_a3c3dd31ad0f
ENT_013840,ent_4ef29d111ac8
ENT_013841,ent_6333fb48fdca
ENT_013842,ent_c27d1c6401ff
ENT_013845,ent_f75bfc5ced4a
ENT_013846,ent_9f2ded906bf9
ENT_013847,ent_793af22dbcd1
ENT_013848,ent_c727c41f4269
ENT_013849,ent_29b2e40875ab
ENT_013850,ent_e1216c085687
ENT_013851,ent_9f91ac56d2de
ENT_013853,ent_bdca58a5cf48
ENT_013854,ent_8d9691bcdaae
ENT_013856,ent_f58b9bd5cca4
ENT_013857,ent_52747ac05fac
ENT_013859,ent_3da03f14222d
ENT_013860,ent_59f88059f26e
ENT_013862,ent_748c30a85d35
ENT_013863,ent_cf857bf7eca0
ENT_013864,ent_0032532029ec
ENT_013865,ent_e26024a05aeb
ENT_013866,ent_63d599683fab
ENT_013867,ent_01721fdedb85
ENT_013868,ent_a8c5795e0df2
ENT_013871,ent_490fa37d4076
ENT_013872,ent_a43de996e868
ENT_013874,ent_4c6078381d9b
ENT_013875,ent_349aa487a236
ENT_013878,ent_470ffaa4aff9
ENT_013879,ent_c4b9bfbe0291
ENT_013880,ent_744277af7a2e
ENT_013882,ent_007c1c4ea2d2
ENT_013884,ent_a53aae9d4cab
ENT_013885,ent_468e1ac78a8a
ENT_013886,ent_0506f1709392
ENT_013887,ent_53a242203925
ENT_013888,ent_e47d9150c29c
ENT_013890,ent_50f82066cd10
ENT_013893,ent_1d4efc50fdca
ENT_013894,ent_323d87ff0b36
ENT_013896,ent_9933182d0f4a
ENT_013897,ent_f5e888f451d7
ENT_013899,ent_802f223f3f17
ENT_013900,ent_871e1e222344
ENT_013902,ent_51a53b2a7508
ENT_013903,ent_c1242a542076
ENT_013905,ent_f130fe5179e6
ENT_013907,ent_e1762ee14115
ENT_013908,ent_8e79b6bbf33e
ENT_013909,ent_7b3f4c81b593
ENT_013910,ent_aa69434a692e
ENT_013911,ent_6f9439fc19df
ENT_013912,ent_c3a1dc883c6a
ENT_013913,ent_cf54e51f6217
ENT_013914,ent_46475a130a99
ENT_013915,ent_ede7d0079a35
ENT_013916,ent_5d940e085340
ENT_013917,ent_a9a3bbfdcc22
ENT_013918,ent_663090e58153
ENT_013919,ent_9627e1c66dbe
ENT_013920,ent_d5b6e76cff8a
ENT_013921,ent_4a9ed8c96944
ENT_013922,ent_a199f5a57b32
ENT_013923,ent_a1b66e97dcf9
ENT_013924,ent_5247e0d92e64
ENT_013926,ent_d04fadf20033
ENT_013927,ent_a76c6eacc02b
ENT_013928,ent_7685b1bef4ee
ENT_013929,ent_e4ac94a02095
ENT_013931,ent_5643b98a7364
ENT_013934,ent_4c5e030e7fa3
ENT_013935,ent_378e137cfb04
ENT_013938,ent_89443f478628
ENT_013939,ent_d390b6fc249a
ENT_013940,ent_7dbfe3139f12
ENT_013942,ent_e2a5660c4546
ENT_013943,ent_20984b1e1b0d
ENT_013945,ent_cfefed70cf63
ENT_013947,ent_6496da2269d8
ENT_013949,ent_9f198ac57da4
ENT_013950,ent_58fa73445a39
ENT_013951,ent_620890820932
ENT_013952,ent_2a10e62da07f
ENT_013953,ent_94a44336f2c1
ENT_013955,ent_ea51f9cd716a
ENT_013956,ent_5412b894eed5
ENT_013957,ent_5b02da798dd6
ENT_013959,ent_860649e72ad8
ENT_013960,ent_b93a258d2c46
ENT_013961,ent_1b947639571c
ENT_013963,ent_975889501339
ENT_013964,ent_73e9c86176a2
ENT_013965,ent_a957ba6d4b55
ENT_013966,ent_f86c31ed273d
ENT_013968,ent_6245fdf61719
ENT_013971,ent_6a8436d5bf3a
ENT_013972,ent_ef6aba06d1b1
ENT_013973,ent_79a3fe520558
ENT_013974,ent_c342084ae515
ENT_013975,ent_e4f63245ca06
ENT_013977,ent_acfd92f13008
ENT_013978,ent_7a7d2bb8ab46
ENT_013979,ent_e6fa39f6a1bf
ENT_013980,ent_16282e3468c3
ENT_013982,ent_6bffaaf304f4
ENT_013984,ent_199fe41f02ef
ENT_013985,ent_02ffe75c32cb
ENT_013987,ent_baabbe7ea5ce
ENT_013989,ent_be4a6fa2e110
ENT_013990,ent_6ce613fc72a1
ENT_013991,ent_e2c0e55becd3
ENT_013992,ent_84a06b3dd721
ENT_013994,ent_bf69439d1bda
ENT_013995,ent_325534a97942
ENT_013997,ent_3a10c1539810
ENT_014002,ent_628dfd102858
ENT_014004,ent_57489c003d46
ENT_014005,ent_eaa70cdcd4b2
ENT_014006,ent_63acc17a502e
ENT_014007,ent_b995b310b2e2
ENT_014008,ent_e1bdb1cbe99a
ENT_014009,ent_23af4426481e
ENT_014010,ent_f8f16a27d715
ENT_014013,ent_3b8b201a103a
ENT_014021,ent_72e7d1d9c707
ENT_014027,ent_faef557e3759
ENT_014030,ent_27691403e6f1
ENT_014031,ent_43b0b0ca3f31
ENT_014032,ent_9537aa283200
ENT_014033,ent_c0f03f54e06a
ENT_014034,ent_d7b3b454795d
ENT_014035,ent_60e6839f67f5
ENT_014036,ent_1307145f9124
ENT_014041,ent_d245e78bcb06
ENT_014042,ent_ebecef8b8879
ENT_014043,ent_b440551c51d6
ENT_014046,ent_eddf7fad99ec
ENT_014048,ent_2bbf010d357f
ENT_014050,ent_9e5fc8dc6762
ENT_014051,ent_6da732ac5654
ENT_014052,ent_f03a3183d352
ENT_014053,ent_c945d4c69987
ENT_014055,ent_55944dfddcda
ENT_014056,ent_69a2db9c307d
ENT_014059,ent_fa5a33354382
ENT_014061,ent_1a94d36c7dbc
ENT_014062,ent_206a7a5989fd
ENT_014064,ent_f6a83986c467
ENT_014065,ent_8b7d7ab8eec1
ENT_014069,ent_c3517644ccc0
ENT_014072,ent_03bc752c5e55
ENT_014073,ent_d63e127b348e
ENT_014077,ent_77a952f4ced0
ENT_014078,ent_9d91773f987b
ENT_014083,ent_3dcc8f843a5a
ENT_014084,ent_f0f91cd18063
ENT_014086,ent_bcc506a80089
ENT_014087,ent_3f333448b343
ENT_014089,ent_447ecc0e8f61
ENT_014090,ent_b6c8b38e0e86
ENT_014093,ent_ddeaa34437b4
ENT_014095,ent_deca36ea3c58
ENT_014096,ent_ca0016203b2a
ENT_014098,ent_be55e1a5c8d4
ENT_014099,ent_645d70f1c4cb
ENT_014101,ent_73a9f82fc737
ENT_014102,ent_eec80ea13d3a
ENT_014104,ent_e41ec6ff5238
ENT_014105,ent_77ef359435a4
ENT_014108,ent_28fefd6500fe
ENT_014110,ent_50ca9a151aa6
ENT_014111,ent_51291a7232b6
ENT_014112,ent_eba65257e3be
ENT_014115,ent_377860a1d9c2
ENT_014116,ent_3436c412a1ec
ENT_014117,ent_10cca6261c9f
ENT_014118,ent_495b7d0ab0b1
ENT_014119,ent_18bb33ff75b0
ENT_014122,ent_38c85cf2bce6
ENT_014123,ent_f3d1c3bf0f25
ENT_014124,ent_dcbbc8129295
ENT_014125,ent_bfa25054d01d
ENT_014126,ent_e3adf40fe19a
ENT_014127,ent_7c53d57c770f
ENT_014128,ent_d09831174e18
ENT_014129,ent_0972585aae28
ENT_014130,ent_7218350572e3
ENT_014131,ent_e93def433e04
ENT_014132,ent_2488db2bb35e
ENT_014134,ent_45d3fc691599
ENT_014136,ent_12e89ade04df
ENT_014137,ent_b238f2c0bfe4
ENT_014138,ent_d6e984e8af2d
ENT_014139,ent_b6df28cc333b
ENT_014140,ent_1a745c03967d
ENT_014143,ent_6e3a28888c0c
ENT_014144,ent_19e2b17752a8
ENT_014146,ent_f19b80da6777
ENT_014147,ent_376400aeb910
ENT_014148,ent_7376b2137fbe
ENT_014149,ent_35fb333db6d1
ENT_014150,ent_c6c31d4f30ae
ENT_014151,ent_53bb083732aa
ENT_014152,ent_0c248e2f821d
ENT_014153,ent_2bad3565e5ab
ENT_014156,ent_9dc48cb078d8
ENT_014157,ent_135d3d042ef2
ENT_014158,ent_f0993b080059
ENT_014159,ent_3829f9604919
ENT_014162,ent_5ad82881e0af
ENT_014163,ent_2940722f3dfd
ENT_014164,ent_398b05cd6453
ENT_014165,ent_4ea81a4592c0
ENT_014166,ent_426c553369e4
ENT_014167,ent_fd0e33b1422e
ENT_014168,ent_94683fe42926
ENT_014169,ent_7eb59f0f08a7
ENT_014170,ent_67f71663086e
ENT_014172,ent_115b2922698b
ENT_014173,ent_e41ec4fb61e4
ENT_014174,ent_2db0f7cd7a15
ENT_014175,ent_3f29c09ead57
ENT_014176,ent_d6d3799e3482
ENT_014177,ent_e3059e8cb0c6
ENT_014178,ent_2aba3c4802ad
ENT_014179,ent_c4b4dcd68aa0
ENT_014180,ent_d1e07f018b52
ENT_014181,ent_ed7d490fc332
ENT_014182,ent_2196a13375f2
ENT_014183,ent_f61b8ff05efa
ENT_014184,ent_82634fbfab1a
ENT_014185,ent_9240b25edcdd
ENT_014186,ent_615012c29888
ENT_014187,ent_78f7a7cf7e2f
ENT_014188,ent_4e2557382e8d
ENT_014189,ent_21aaa1636a84
ENT_014190,ent_9473fa934f38
ENT_014191,ent_c42001604ad3
ENT_014192,ent_bcc0ebd4ceef
ENT_014193,ent_b65968cf1bec
ENT_014195,ent_6faf9a169837
ENT_014196,ent_4237faaafd09
ENT_014197,ent_5fe35b456ff8
ENT_014198,ent_52744fa0f7c9
ENT_014202,ent_a71b1fcca720
ENT_014203,ent_84d7a9014a6e
ENT_014205,ent_0a52f7306d09
ENT_014206,ent_fd5459205316
ENT_014207,ent_3eddb5080136
ENT_014208,ent_6e3292321df8
ENT_014212,ent_5787b2e681d7
ENT_014214,ent_c3d0756c957c
ENT_014217,ent_e4fd6ddf5cc0
ENT_014221,ent_b7e600a6bdd5
ENT_014222,ent_9f509e14c31f
ENT_014223,ent_dd74fac7bbe1
ENT_014226,ent_0792c34d1a6d
ENT_014227,ent_acbc7917de59
ENT_014228,ent_35b479f6f811
ENT_014229,ent_723441ce43a5
ENT_014230,ent_0e44ba66a302
ENT_014231,ent_15f0b3ef9420
ENT_014232,ent_392252f698ee
ENT_014233,ent_75ff697aee57
ENT_014234,ent_ccea67d8b23b
ENT_014235,ent_84039b6d44bc
ENT_014236,ent_388fc1b7e293
ENT_014239,ent_40ce90e35a12
ENT_014243,ent_fcdc4ece082a
ENT_014244,ent_43644b3efd9d
ENT_014246,ent_4ad9cba95c5f
ENT_014248,ent_ec3fc13a629e
ENT_014249,ent_94263a6032a8
ENT_014250,ent_83e3edf50248
ENT_014251,ent_0c8a35f7d040
ENT_014252,ent_40bc731854bf
ENT_014253,ent_6f5505e4b46f
ENT_014254,ent_08d81c606d12
ENT_014255,ent_71dcbd9ce2f4
ENT_014256,ent_d9d482020db9
ENT_014257,ent_1b99cc7b8f33
ENT_014258,ent_a0e5f427753e
ENT_014259,ent_f46c4996f3ed
ENT_014260,ent_a36d9ea3db35
ENT_014261,ent_9166c3cea752
ENT_014262,ent_0c226d712375
ENT_014263,ent_37149becb291
ENT_014264,ent_7fca382e80f7
ENT_014265,ent_3cec6c9ade7c
ENT_014266,ent_b4ab8013b66a
ENT_014267,ent_df15c32314e3
ENT_014268,ent_c62126bc1109
ENT_014272,ent_95c543dd68bb
ENT_014274,ent_e45fc5f7e7f8
ENT_014276,ent_72e87cebfb52
ENT_014278,ent_51fa56d5d499
ENT_014279,ent_0f6588022d3a
ENT_014280,ent_af43bc8e4e44
ENT_014281,ent_da06a98f91fa
ENT_014282,ent_90e79f94a891
ENT_014285,ent_c9d933f81460
ENT_014286,ent_0b97d24585ff
ENT_014287,ent_d0e93ff471be
ENT_014288,ent_04d80eb60640
ENT_014289,ent_89a4e6d32de7
ENT_014291,ent_c63d5c94cea9
ENT_014292,ent_54cc71d069a0
ENT_014294,ent_b303eab9ab99
ENT_014295,ent_c05d756c57bf
ENT_014297,ent_913a8b77e750
ENT_014299,ent_7f582d04e35e
ENT_014303,ent_1d5f93664596
ENT_014305,ent_3a429f52448b
ENT_014307,ent_82682f3e8347
ENT_014308,ent_e0f648be6ba9
ENT_014312,ent_3e8416573e1c
ENT_014314,ent_7f4688cbaf3a
ENT_014317,ent_e21ee7ccb244
ENT_014321,ent_cacd3a2bf6b7
ENT_014323,ent_8d4f2537a156
ENT_014324,ent_19e383596ea9
ENT_014325,ent_0c64768c1811
ENT_014326,ent_a0acf1b7f476
ENT_014327,ent_9aefacba6f56
ENT_014329,ent_2ddb32dd5cff
ENT_014330,ent_92c45be486fd
ENT_014336,ent_b19bcca391bb
ENT_014337,ent_c33d89171ddd
ENT_014338,ent_243c7f596c4b
ENT_014339,ent_0e20158c14f8
ENT_014341,ent_00e3aa5161ea
ENT_014343,ent_42066c8ff99d
ENT_014346,ent_d61f68e084be
ENT_014348,ent_909c497f1a04
ENT_014349,ent_884cad8ba004
ENT_014350,ent_9aa2f32edc01
ENT_014351,ent_c3829e67adc5
ENT_014352,ent_8d3be0130930
ENT_014354,ent_45329121d458
ENT_014355,ent_1a7e40627e92
ENT_014356,ent_fe6bdbe5aac7
ENT_014357,ent_e29aaf6be271
ENT_014359,ent_2a9234309d26
ENT_014360,ent_92b1a6cc092d
ENT_014361,ent_99a311602440
ENT_014362,ent_dd33b2dd7375
ENT_014363,ent_c83623dc5a13
ENT_014364,ent_65a0337b7e10
ENT_014367,ent_a3db707f6acf
ENT_014368,ent_40d1c4b7f915
ENT_014369,ent_21aee7cb4621
ENT_014370,ent_70eb8edd9b31
ENT_014371,ent_da37a66e4777
ENT_014372,ent_210028005948
ENT_014373,ent_a540487112e2
ENT_014375,ent_a0ae17fe12b2
ENT_014377,ent_488c9e0057b7
ENT_014378,ent_9957187e43ba
ENT_014379,ent_8f5ecb1db8e3
ENT_014380,ent_2e4bee058fb7
ENT_014381,ent_7783926c79fe
ENT_014382,ent_d0a7e43c9846
ENT_014384,ent_df6580f77260
ENT_014385,ent_443e0750ea78
ENT_014389,ent_33db190e2e18
ENT_014390,ent_ad1d1eb3be47
ENT_014391,ent_32d19d4fb4cf
ENT_014393,ent_048601dbdfff
ENT_014394,ent_86483f7b0568
ENT_014395,ent_77290cc59a57
ENT_014397,ent_4f27793a7dda
ENT_014398,ent_4dbc8c65946e
ENT_014399,ent_436cd45f0dd9
ENT_014400,ent_ef9a199c167d
ENT_014401,ent_0b3320211075
ENT_014402,ent_731b26236e70
ENT_014405,ent_e52350914dcb
ENT_014408,ent_051c6eaac73d
ENT_014409,ent_4c119107bb27
ENT_014410,ent_8d9bbdaf6313
ENT_014411,ent_a0b5ee022bd1
ENT_014413,ent_961e37f5ea8e
ENT_014414,ent_744737d08fdd
ENT_014415,ent_89ef0ef5bf3c
ENT_014416,ent_ad42491f4c7a
ENT_014417,ent_278a242d4650
ENT_014419,ent_98b9e50d4976
ENT_014421,ent_4abcaaa799a4
ENT_014423,ent_ecabaa396d75
ENT_014425,ent_74555dae6800
ENT_014426,ent_7ab62ae2d225
ENT_014427,ent_ba685313737c
ENT_014428,ent_525c7474e4c1
ENT_014430,ent_e28f84b39c23
ENT_014432,ent_03d615f635c5
ENT_014433,ent_af1d984fb77b
ENT_014434,ent_4b31b53dec53
ENT_014435,ent_b64cc815d874
ENT_014438,ent_45730b56f2b2
ENT_014439,ent_9c02a1c0bc8f
ENT_014441,ent_6bdc08aff71d
ENT_014444,ent_39fbd615d9cc
ENT_014445,ent_cdb1001e2f49
ENT_014446,ent_c78644eafbce
ENT_014447,ent_2071bf67838a
ENT_014448,ent_5df7409504f9
ENT_014449,ent_06b83f784933
ENT_014450,ent_d65cb666c9f5
ENT_014451,ent_df217fbe2d54
ENT_014455,ent_104eb63e73fc
ENT_014457,ent_79762ae05fba
ENT_014460,ent_f7cf76156357
ENT_014463,ent_aa3bbd06bedd
ENT_014464,ent_a8917a48b4a1
ENT_014467,ent_0992afb4ad7e
ENT_014471,ent_e78a421c5598
ENT_014472,ent_58e5a3f4f693
ENT_014473,ent_338346afcffa
ENT_014474,ent_a7407627342d
ENT_014475,ent_eb7d95d5e320
ENT_014476,ent_0784ee32f9f0
ENT_014477,ent_b96050026711
ENT_014478,ent_f5aa9c8acca5
ENT_014479,ent_27e9c0c34287
ENT_014480,ent_bbf3dd2b304b
ENT_014482,ent_6285055ea94f
ENT_014483,ent_f7fc8edb8acc
ENT_014484,ent_0abfee0320b8
ENT_014485,ent_4372518badc8
ENT_014486,ent_48f64e26d29f
ENT_014487,ent_1ff9cc636ae9
ENT_014488,ent_dfd9573b1f0f
ENT_014489,ent_f29b76ce4e10
ENT_014490,ent_f47635c877e4
ENT_014491,ent_189b619fcc81
ENT_014492,ent_1633bbc3614a
ENT_014494,ent_951d475ca377
ENT_014495,ent_b32591425896
ENT_014497,ent_74f079cb019b
ENT_014499,ent_ca7d4928a860
ENT_014501,ent_a6b1130ea871
ENT_014502,ent_8ede38a6c512
ENT_014504,ent_d529cd4c1c62
ENT_014505,ent_954a709b5051
ENT_014508,ent_08ce0e1b6e5a
ENT_014509,ent_865240b971ad
ENT_014513,ent_e3633dcb8b0a
ENT_014514,ent_b164d69e1a36
ENT_014515,ent_b2d2bab27339
ENT_014516,ent_7916df26fa2e
ENT_014517,ent_550a74be9b6a
ENT_014518,ent_0e3cda11afc2
ENT_014520,ent_1a190770035e
ENT_014521,ent_6ec000953820
ENT_014524,ent_ae0ca11aef05
ENT_014525,ent_bbf5c8037900
ENT_014526,ent_9c94297ceee3
ENT_014529,ent_b0f3d7f3b201
ENT_014530,ent_35d2fc3a419a
ENT_014531,ent_da8ea2ae0dda
ENT_014532,ent_39b8e3da4e9e
ENT_014535,ent_1610e6eefd1d
ENT_014536,ent_103caf2f2ebf
ENT_014537,ent_491ff3d86c49
ENT_014538,ent_cfc493617878
ENT_014539,ent_01e2d5bb4f7d
ENT_014540,ent_1fb4c2da6a97
ENT_014542,ent_97524903ce8e
ENT_014544,ent_b90d0ede0934
ENT_014545,ent_85deeb67fb54
ENT_014546,ent_c6f9d84401b0
ENT_014548,ent_d7c3fcd84dcf
ENT_014553,ent_41248f5db3b3
ENT_014558,ent_f7c2cb7c31b8
ENT_014559,ent_dc9b89f89738
ENT_014561,ent_89a6c67d6edd
ENT_014568,ent_cc54e764eea4
ENT_014569,ent_82892f6a5ab0
ENT_014572,ent_f1a92f32aa91
ENT_014576,ent_f0b5d29d0b91
ENT_014579,ent_06764ad177ce
ENT_014581,ent_91f4505cf078
ENT_014582,ent_6d14c8da8799
ENT_014583,ent_c8daa3980bd1
ENT_014586,ent_4d5d7c161ced
ENT_014587,ent_3dad7e739664
ENT_014589,ent_4839cebee371
ENT_014590,ent_0ddf9b68dfa0
ENT_014591,ent_1f80d7b3db30
ENT_014592,ent_aef161a22b62
ENT_014599,ent_cd5b484f400b
ENT_014601,ent_47e12a01a0da
ENT_014603,ent_ef7b0a1d2a2e
ENT_014605,ent_046e490ecabe
ENT_014606,ent_d3f50bf9369c
ENT_014608,ent_27c2b8a12286
ENT_014609,ent_0d9cde466ebe
ENT_014613,ent_78adfbf2d781
ENT_014614,ent_cece03cb4e95
ENT_014616,ent_52a824e5b8d8
ENT_014618,ent_5dae2f40a433
ENT_014619,ent_2744545b5ada
ENT_014620,ent_756da496d759
ENT_014621,ent_02e8ae595572
ENT_014622,ent_4125b59fb730
ENT_014629,ent_4156bd7172ac
ENT_014631,ent_fecddaafd96a
ENT_014632,ent_edba313bd31e
ENT_014634,ent_179acba2cbd3
ENT_014635,ent_70d4bc4c9345
ENT_014637,ent_0c3871efac12
ENT_014640,ent_15423a947bac
ENT_014641,ent_c08021ab9346
ENT_014642,ent_bf17e5190cc3
ENT_014643,ent_2a7fb06d5f71
ENT_014644,ent_e48c6113bd78
ENT_014646,ent_f66edbe32e6e
ENT_014647,ent_0e0105fc5bd1
ENT_014648,ent_c770166259fd
ENT_014649,ent_14aeb5d9d2a4
ENT_014650,ent_59609223f1f9
ENT_014652,ent_d4b1fa5eace0
ENT_014653,ent_524fdbdf574b
ENT_014654,ent_2f31f04b21a8
ENT_014655,ent_2c849fc0187a
ENT_014658,ent_9154c853dc8c
ENT_014659,ent_d51ae434b0e5
ENT_014660,ent_653db3f9ffce
ENT_014661,ent_f65b9f692edf
ENT_014662,ent_1bc6eb155ef4
ENT_014663,ent_79ed40ae7b5b
ENT_014664,ent_0feedd01f22b
ENT_014665,ent_64a9bb5136f4
ENT_014667,ent_e51fd003a9e6
ENT_014668,ent_a23570e89ddd
ENT_014669,ent_6e78d107c904
ENT_014670,ent_d20a55393ab6
ENT_014671,ent_5316abe4c0ba
ENT_014672,ent_558a1743664b
ENT_014674,ent_24a55b0920e9
ENT_014675,ent_18e8eb07dfd2
ENT_014676,ent_ed5d30083aaa
ENT_014677,ent_1962e58e13dd
ENT_014678,ent_8c5765e5a61a
ENT_014679,ent_6cf7f06e9962
ENT_014680,ent_a08536fe4cef
ENT_014681,ent_989314b3abeb
ENT_014682,ent_5d47b45a0460
ENT_014683,ent_cdb48e50f93c
ENT_014684,ent_2535dde2af6e
ENT_014686,ent_db023ba5f88d
ENT_014687,ent_bb53e1134f1a
ENT_014688,ent_1955db7a1c2f
ENT_014689,ent_6b027d0c887b
ENT_014690,ent_54fa61f979c3
ENT_014694,ent_2236d1f4aa6a
ENT_014696,ent_93f7b22c8edb
ENT_014697,ent_809a27b54503
ENT_014698,ent_d90fe2558ac4
ENT_014699,ent_436e9645df68
ENT_014701,ent_b602b1a215c6
ENT_014702,ent_c3a365a364b3
ENT_014703,ent_c818b369d17e
ENT_014705,ent_100e31862289
ENT_014706,ent_2b512729295a
ENT_014708,ent_0142b44b734a
ENT_014709,ent_af12f0c8a2c7
ENT_014710,ent_24543bdaff7c
ENT_014711,ent_3de1d43aba1d
ENT_014712,ent_94618443ad9a
ENT_014713,ent_a46a11d91e39
ENT_014714,ent_178de00a22df
ENT_014715,ent_0d26785cfff4
ENT_014716,ent_666cf1f5db24
ENT_014717,ent_a1829af52b5c
ENT_014718,ent_cf26f7ad8f86
ENT_014719,ent_2363bf27672d
ENT_014720,ent_5d445782648b
ENT_014721,ent_7bfe6cebe72a
ENT_014722,ent_53c8c9e8ccce
ENT_014723,ent_2c333a5a4988
ENT_014724,ent_e3a3c305d6d0
ENT_014725,ent_ab7453576bcc
ENT_014726,ent_a0624a2b7420
ENT_014727,ent_7b1fd7966cd9
ENT_014728,ent_cd1c4bbcecf0
ENT_014729,ent_5eb4f1a11dae
ENT_014730,ent_ce475c4c9df7
ENT_014732,ent_58a730fd5b6f
ENT_014733,ent_083ea5d9435d
ENT_014734,ent_ed7b30b01f11
ENT_014736,ent_9c6ac023256d
ENT_014738,ent_bd8e3ecb03cb
ENT_014739,ent_00a00f69f5d7
ENT_014740,ent_67c7ac4d925f
ENT_014741,ent_de9bbe9a392d
ENT_014742,ent_6b8a9cf4ade7
ENT_014743,ent_b9050eb116df
ENT_014745,ent_39a4b61fd04e
ENT_014746,ent_27cca101eb15
ENT_014747,ent_13393f8acd60
ENT_014748,ent_88e745a6d28e
ENT_014749,ent_052285f54943
ENT_014750,ent_0cc3da0f9fe7
ENT_014751,ent_650e842c91d2
ENT_014752,ent_0d7a63554fb2
ENT_014753,ent_8168d4b80003
ENT_014755,ent_297cfa3bd33d
ENT_014758,ent_c47069d4b23e
ENT_014759,ent_cead1bff3629
ENT_014761,ent_a9c1492eda48
ENT_014762,ent_ec08cdb6d597
ENT_014765,ent_3c10991e8fbb
ENT_014766,ent_703596dc9dce
ENT_014767,ent_3088f3a2357e
ENT_014768,ent_3a75bff053f2
ENT_014769,ent_91da55f15076
ENT_014770,ent_96c34d3a01d3
ENT_014771,ent_276bcbebd06d
ENT_014772,ent_1870e9584630
ENT_014775,ent_f27dfdf8db39
ENT_014777,ent_dd1625166b5b
ENT_014778,ent_dcd8afff3ef7
ENT_014779,ent_5059674c0c9b
ENT_014780,ent_09eafcdd6008
ENT_014781,ent_31d911b32db0
ENT_014782,ent_956af784542b
ENT_014785,ent_63d51ec41101
ENT_014786,ent_3e25a5b10b83
ENT_014788,ent_1ccf4cc4337f
ENT_014789,ent_decaf275cf6e
ENT_014791,ent_9fa818f19abe
ENT_014792,ent_5c9638a4bbac
ENT_014793,ent_f6ca3d8abf7f
ENT_014795,ent_4be834bdb115
ENT_014796,ent_7bf717b22bec
ENT_014800,ent_a56d17042373
ENT_014807,ent_5a5243092a0c
ENT_014808,ent_9d88f7099117
ENT_014811,ent_5bf5648d3a1c
ENT_014812,ent_fb8e2954033c
ENT_014818,ent_7af128baa8fe
ENT_014819,ent_1c51c0de9763
ENT_014821,ent_eb8ac41a4695
ENT_014822,ent_07c0ed02349c
ENT_014824,ent_2e81c802be00
ENT_014830,ent_e4cd2bcce611
ENT_014832,ent_4874d9ca65de
ENT_014835,ent_09612e49fac0
ENT_014840,ent_2d11637d1e6d
ENT_014841,ent_171aab5fac92
ENT_014844,ent_eea1fcf83701
ENT_014846,ent_c4b181f35590
ENT_014847,ent_4a446ea62f06
ENT_014849,ent_4f672eff4178
ENT_014850,ent_f76f18ed143c
ENT_014852,ent_5eb49dec2640
ENT_014857,ent_766b3a0ab21b
ENT_014858,ent_37da4b4d843d
ENT_014863,ent_b672c122878a
ENT_014864,ent_c89d3b8788f2
ENT_014869,ent_635e749565ce
ENT_014870,ent_2fd99320aacd
ENT_014876,ent_d174a63b8ef3
ENT_014878,ent_54f81ae4f9a7
ENT_014881,ent_f0c860e272da
ENT_014883,ent_c4198f9b8cee
ENT_014885,ent_48d3bbe24793
ENT_014886,ent_f25ebe53e8d1
ENT_014887,ent_04f6072d9e7a
ENT_014888,ent_d9f4bb0522b0
ENT_014889,ent_bf23e8d8eafb
ENT_014890,ent_74c0a978f744
ENT_014892,ent_1b5c094ceb21
ENT_014893,ent_5b6de707f4bf
ENT_014894,ent_3d10054f738e
ENT_014895,ent_51a85790d2ca
ENT_014896,ent_de4e014029b0
ENT_014897,ent_0f2d81c16687
ENT_014898,ent_ae3759888ca3
ENT_014899,ent_5aaf685927f7
ENT_014900,ent_cc013b90d730
ENT_014901,ent_8ea4fbf02821
ENT_014903,ent_cd51411f8a18
ENT_014905,ent_d36ad7c431f4
ENT_014906,ent_d05c9b9f3411
ENT_014907,ent_a2698b8f8c5a
ENT_014908,ent_45b1561cbc83
ENT_014912,ent_74bd23b5eb50
ENT_014913,ent_5760c70fec9b
ENT_014914,ent_a6301165329a
ENT_014915,ent_b1de1e2b0521
ENT_014916,ent_272d376badc5
ENT_014917,ent_ef3578e75bfd
ENT_014918,ent_d9421986afe3
ENT_014921,ent_ab7b9b71d425
ENT_014922,ent_08055d6777b1
ENT_014923,ent_8922175682d5
ENT_014924,ent_fad90b23db5a
ENT_014925,ent_17a032bd1849
ENT_014926,ent_e157a4ec4fb3
ENT_014927,ent_d355e1260bea
ENT_014928,ent_a1babb4d4c70
ENT_014929,ent_f2b55701f147
ENT_014930,ent_c82c6828ec4f
ENT_014931,ent_9894a9307340
ENT_014932,ent_7fc23bec22d5
ENT_014934,ent_43c7df160790
ENT_014935,ent_9e300bd7cc52
ENT_014936,ent_555fee2e1321
ENT_014937,ent_c84e07b0932e
ENT_014938,ent_094a2755d729
ENT_014939,ent_c6b2bccfcecd
ENT_014940,ent_ed4785a2f5e5
ENT_014941,ent_a7da00e09b2b
ENT_014942,ent_0cfbe12fa02a
ENT_014943,ent_de0815b390ab
ENT_014944,ent_4f92acaccc42
ENT_014945,ent_d8fdee724ece
ENT_014947,ent_d9ad479a011c
ENT_014948,ent_a12baac89ceb
ENT_014949,ent_cb9006c09cc4
ENT_014950,ent_0f0bd2f9c795
ENT_014951,ent_c25111b9e0e4
ENT_014952,ent_b5f27b9e15a3
ENT_014953,ent_2f78a33967fa
ENT_014954,ent_ae398d0b008a
ENT_014955,ent_64f8533e047d
ENT_014956,ent_4e167991aa09
ENT_014957,ent_50033e95f5bc
ENT_014958,ent_e5b97bb1a1e3
ENT_014959,ent_57e087466828
ENT_014960,ent_ea91ad328368
ENT_014961,ent_026af9e573a6
ENT_014962,ent_ba627b780b9d
ENT_014963,ent_967f8bf7668f
ENT_014964,ent_9e3970a34e7e
ENT_014965,ent_b2877e2310e8
ENT_014966,ent_b3b076d93364
ENT_014967,ent_1521f5f73d23
ENT_014968,ent_88d3b7096fcf
ENT_014969,ent_22adb77a3f0d
ENT_014970,ent_9697a7e3e638
ENT_014971,ent_ed8107e14d7c
ENT_014972,ent_849848cc8ec9
ENT_014973,ent_50c0b9313f42
ENT_014975,ent_d94e063b24d8
ENT_014976,ent_e23323f010ea
ENT_014977,ent_a2bf3de336bd
ENT_014979,ent_f445e7238071
ENT_014980,ent_851397b11545
ENT_014984,ent_f2f97a6b7af9
ENT_014986,ent_332a87f142ec
ENT_014987,ent_040b69d5ce8e
ENT_014992,ent_8c9e875b07ae
ENT_014993,ent_f82b97f60cf9
ENT_014995,ent_34fc8ec72ca6
ENT_014996,ent_b736e9407532
ENT_014999,ent_2e4d76dc8452
ENT_015002,ent_48b8b2535a9c
ENT_015003,ent_a5000da44a20
ENT_015007,ent_3cb7a75241c3
ENT_015008,ent_f23762bcc237
ENT_015009,ent_bd25c68bf328
ENT_015012,ent_e18d799f15c4
ENT_015013,ent_29e2aa48ba69
ENT_015014,ent_7c54e09eb026
ENT_015016,ent_172a00d16030
ENT_015018,ent_4240d350bc51
ENT_015019,ent_414f59edef88
ENT_015022,ent_71108b6a723e
ENT_015024,ent_90913bba0f43
ENT_015027,ent_6a11fb02fd81
ENT_015028,ent_7787026a6f56
ENT_015030,ent_6d6aefd7af73
ENT_015031,ent_1519dbc9a5c9
ENT_015032,ent_a4f4d41089bd
ENT_015035,ent_06e9686ad25b
ENT_015036,ent_dc120ab3f866
ENT_015037,ent_f8fac754a10f
ENT_015038,ent_be11bed94d80
ENT_015040,ent_0edfb1e454ff
ENT_015041,ent_8f45ef20816b
ENT_015042,ent_d318c5866e53
ENT_015043,ent_80802c93be73
ENT_015046,ent_b0365c2526c4
ENT_015047,ent_5837a35acf7a
ENT_015048,ent_d6ec558ba334
ENT_015049,ent_bd1d9f17de6c
ENT_015051,ent_dbfe23e3df21
ENT_015052,ent_b8119b4f1abd
ENT_015055,ent_102f624d1987
ENT_015057,ent_7fc73c9fa293
ENT_015058,ent_28ff7f55b88e
ENT_015059,ent_686480959c3d
ENT_015060,ent_840d0ad4b61b
ENT_015061,ent_f3eed66d40c9
ENT_015063,ent_eca48154f17f
ENT_015064,ent_785f5e3a5645
ENT_015066,ent_7cf78d20ddb1
ENT_015067,ent_ff24f47c2d21
ENT_015070,ent_aed30ee55b23
ENT_015071,ent_09aa4ea61237
ENT_015072,ent_856d6ac7a4a3
ENT_015073,ent_54356c39b946
ENT_015076,ent_7907bff5d2ac
ENT_015077,ent_ff457ad6201b
ENT_015078,ent_168d8eff0cfc
ENT_015079,ent_2ed7171b27d0
ENT_015081,ent_458b0e05ad89
ENT_015082,ent_48683db16aa1
ENT_015086,ent_b1343271c44f
ENT_015088,ent_7372c7e53eef
ENT_015089,ent_3534c5fc8d55
ENT_015093,ent_2868eff6748d
ENT_015097,ent_e1bccba7c8a8
ENT_015098,ent_44ec4745632f
ENT_015099,ent_c3fc4ca2c4ec
ENT_015100,ent_386d031c8d97
ENT_015101,ent_88e4a90bab09
ENT_015102,ent_5048dc2fa915
ENT_015104,ent_d4bfd7bf4dc3
ENT_015105,ent_2a487ac34e3c
ENT_015107,ent_3b081a86502a
ENT_015109,ent_6d4855c0875a
ENT_015110,ent_4a202653ffef
ENT_015112,ent_7f0860573256
ENT_015114,ent_7b97497e40d5
ENT_015115,ent_0c3453a6f8e0
ENT_015117,ent_ef3151eda20c
ENT_015118,ent_868dec6e61ee
ENT_015119,ent_d2435c386abf
ENT_015121,ent_ef7006d9661a
ENT_015122,ent_1a893d50c96b
ENT_015123,ent_3145abe5cac4
ENT_015124,ent_7ab030ab3821
ENT_015125,ent_4ab4eee672df
ENT_015127,ent_07c521497bf3
ENT_015128,ent_db53fa71bf17
ENT_015130,ent_5e6ccf9faeb5
ENT_015131,ent_bf86c226122b
ENT_015132,ent_7ec390e58f5b
ENT_015133,ent_91998b70fdb0
ENT_015135,ent_3e8953b6cfad
ENT_015137,ent_ce162f789991
ENT_015138,ent_832b72e220e5
ENT_015139,ent_b6c72f1e38e6
ENT_015140,ent_9156495ba574
ENT_015141,ent_3a90994aeaba
ENT_015142,ent_c2137b77c37f
ENT_015144,ent_407917d312c7
ENT_015147,ent_ba61da4312e1
ENT_015148,ent_b8ac50b33101
ENT_015149,ent_a7e567097b51
ENT_015152,ent_660be68a24e2
ENT_015154,ent_97ab52a3d969
ENT_015156,ent_c05eee012524
ENT_015158,ent_6f3d6fcc5f5c
ENT_015160,ent_fe47d5386110
ENT_015162,ent_9c44938b8829
ENT_015163,ent_34d81bcb6bf7
ENT_015164,ent_0d6b16eb0a86
ENT_015165,ent_3d72911b67af
ENT_015170,ent_b6273b2623a4
ENT_015172,ent_bb6c1ea993d4
ENT_015174,ent_7af2bd3ab5c8
ENT_015178,ent_ae6768206f53
ENT_015179,ent_72a508cc3fec
ENT_015180,ent_e68fccf1269d
ENT_015181,ent_64f74c351a66
ENT_015182,ent_533adf3bb116
ENT_015183,ent_943496d5bada
ENT_015184,ent_e26bec9c3bd3
ENT_015185,ent_d7cf3eea652b
ENT_015187,ent_ac31c6951b21
ENT_015188,ent_021773354bc6
ENT_015191,ent_b51f7e9ef0af
ENT_015193,ent_6342dfb4d662
ENT_015194,ent_0856a1e6c3e5
ENT_015195,ent_0a959b4f9943
ENT_015196,ent_f72cb8beaae9
ENT_015197,ent_423ff1211bec
ENT_015198,ent_190539a92eae
ENT_015200,ent_b094ed81cc1b
ENT_015201,ent_d8dec5a065fb
ENT_015203,ent_e234d8d2436d
ENT_015204,ent_f155a68e1a44
ENT_015205,ent_b94c05823cbc
ENT_015206,ent_495c9e99cb6f
ENT_015209,ent_986a375d0993
ENT_015210,ent_7a4c7f861b0f
ENT_015213,ent_eda048e44cd4
ENT_015214,ent_4fc842bed543
ENT_015215,ent_618b15a5c5e4
ENT_015216,ent_f3fa4f89ce30
ENT_015218,ent_f43c5012a7ba
ENT_015219,ent_03e3368fd088
ENT_015220,ent_37dd9e4941e3
ENT_015221,ent_e09cde939bc8
ENT_015222,ent_ec7c69d1fe12
ENT_015224,ent_9d4d32e0bc45
ENT_015225,ent_9697847aa1d9
ENT_015226,ent_063971636d2a
ENT_015227,ent_6c586d33562d
ENT_015228,ent_a69486ec9f48
ENT_015229,ent_51daf899845b
ENT_015230,ent_125af2be127e
ENT_015231,ent_b986f691c72a
ENT_015232,ent_6cdb66f86720
ENT_015233,ent_44c28f1c85c2
ENT_015234,ent_9e87be8afa34
ENT_015235,ent_4a56a3ac7578
ENT_015236,ent_67fd848a88d6
ENT_015237,ent_929d31459283
ENT_015239,ent_0ab6d39334c4
ENT_015240,ent_5223893a21dc
ENT_015241,ent_5ca61eb770b5
ENT_015242,ent_44ba7e43d2af
ENT_015244,ent_6835e1621b8c
ENT_015245,ent_b5e43e083ce9
ENT_015246,ent_561651cff53a
ENT_015247,ent_ee114976d01a
ENT_015248,ent_94386cb90409
ENT_015249,ent_0b41be5f50d0
ENT_015250,ent_5cfb90723d7c
ENT_015251,ent_e0c2ba690524
ENT_015253,ent_a91ce06e5e61
ENT_015254,ent_da4e9094cef3
ENT_015255,ent_b45f23038e47
ENT_015256,ent_27127047aecb
ENT_015257,ent_d7e067a4192b
ENT_015258,ent_1a20beb27aa1
ENT_015259,ent_da84fb389ba7
ENT_015260,ent_df043e15eb51
ENT_015261,ent_3e38a96ea346
ENT_015262,ent_87500c3f55ad
ENT_015264,ent_fe6b0ff7642a
ENT_015265,ent_1a2553f6852e
ENT_015267,ent_df506ff0e469
ENT_015268,ent_b2271d36a36d
ENT_015269,ent_c8615e5a09c6
ENT_015270,ent_c09202882875
ENT_015271,ent_c0b071e25617
ENT_015272,ent_01bd64dbbb0f
ENT_015274,ent_9e2a9c41265c
ENT_015275,ent_8ce3f9cbe097
ENT_015276,ent_7c8d94f5985c
ENT_015279,ent_00f98cb5ec0e
ENT_015280,ent_bd99e98f34c1
ENT_015284,ent_53f088f5a0e7
ENT_015285,ent_6c56111dd32c
ENT_015286,ent_08e0ae62f0ce
ENT_015287,ent_6fd0e5f9643f
ENT_015288,ent_60fd8744669b
ENT_015289,ent_5ced49c54950
ENT_015292,ent_8d11745ea811
ENT_015295,ent_fb60cfdfc98e
ENT_015300,ent_303045d07e3e
ENT_015301,ent_9338b38efdb2
ENT_015302,ent_e4b146443495
ENT_015303,ent_13acfdfa807d
ENT_015304,ent_5541574cfd3f
ENT_015305,ent_cd9b638464ca
ENT_015309,ent_4494cd1ad1bc
ENT_015310,ent_6374c9109edf
ENT_015312,ent_77adc754c220
ENT_015313,ent_4a5cece5d6c2
ENT_015314,ent_6310ada63c6d
ENT_015315,ent_84dc25692bb3
ENT_015316,ent_0513cac3f35d
ENT_015317,ent_fabf8869d138
ENT_015320,ent_6c397b300040
ENT_015321,ent_5852f78accda
ENT_015322,ent_5ca24838a8d2
ENT_015323,ent_9d1141334bba
ENT_015327,ent_97ffd59b3328
ENT_015328,ent_0a102456836f
ENT_015329,ent_d4cf06106a41
ENT_015330,ent_26ad1f912455
ENT_015331,ent_795ff1974eea
ENT_015332,ent_32882d78974c
ENT_015333,ent_4df1e06102b7
ENT_015334,ent_dbe072b35057
ENT_015336,ent_9c59a341a3a4
ENT_015337,ent_91244e8488c7
ENT_015339,ent_f7092379e70e
ENT_015340,ent_556dfc1d0423
ENT_015341,ent_48f1ed26003b
ENT_015342,ent_c8fe9055113a
ENT_015343,ent_f7c191512675
ENT_015344,ent_97570f0f756a
ENT_015345,ent_a35b0e9b7b87
ENT_015346,ent_e6ff897a54e4
ENT_015347,ent_5b58aaf86dfc
ENT_015348,ent_855c5952fc53
ENT_015350,ent_3a9e405521ef
ENT_015351,ent_8002e3ad51f0
ENT_015353,ent_cb6752df50e5
ENT_015354,ent_41905e09aa6c
ENT_015355,ent_bac36f018a26
ENT_015356,ent_7db1e30a1202
ENT_015357,ent_fde3e1f62ec4
ENT_015358,ent_4cfa034790e8
ENT_015359,ent_eeb0abe046cc
ENT_015360,ent_611c79055858
ENT_015361,ent_b0e00ca1b750
ENT_015362,ent_bc5b6b5a1345
ENT_015363,ent_3f658a6f28b6
ENT_015364,ent_13e52ece1a5d
ENT_015365,ent_baae6a6aaa7d
ENT_015366,ent_81809be2d456
ENT_015367,ent_838aae58f898
ENT_015368,ent_3588f3b54eb4
ENT_015369,ent_df402e34d5a9
ENT_015370,ent_64582e653dc0
ENT_015371,ent_709a001b3d06
ENT_015372,ent_e755f66c0032
ENT_015373,ent_06c141ceb1cc
ENT_015374,ent_bbe6a8bf845f
ENT_015375,ent_1e6dd49076ba
ENT_015376,ent_cb1710726518
ENT_015377,ent_652598da289f
ENT_015378,ent_d601dd4ab7b8
ENT_015379,ent_d7428d60b9bf
ENT_015380,ent_05214863971f
ENT_015381,ent_f402b181eb1d
ENT_015382,ent_97564d4e5275
ENT_015383,ent_1636454a51dd
ENT_015384,ent_cf6673afe5c4
ENT_015385,ent_82d721ed1abe
ENT_015386,ent_fa50022bb81f
ENT_015387,ent_c5ddf8acdd92
ENT_015388,ent_925e85b52c54
ENT_015389,ent_93f95354d306
ENT_015390,ent_c10b48e49175
ENT_015391,ent_c259dcd181b9
ENT_015392,ent_44291f30b6be
ENT_015393,ent_227d353ed8fd
ENT_015394,ent_2f6442771e2f
ENT_015395,ent_9a91cc07856b
ENT_015396,ent_0874bbb9664c
ENT_015397,ent_200f8465a66a
ENT_015398,ent_3821c358f77d
ENT_015400,ent_f3cdc014de52
ENT_015401,ent_8c621975db63
ENT_015402,ent_dd47ef96fe18
ENT_015403,ent_c2eb3ec1b7d4
ENT_015405,ent_23c5a06029cf
ENT_015408,ent_d3d1cf840fd5
ENT_015409,ent_ae558a5429bf
ENT_015410,ent_555017c79842
ENT_015411,ent_28fca1f4bd9a
ENT_015412,ent_9cd802b711f7
ENT_015415,ent_b75079349b29
ENT_015416,ent_3deff92eb683
ENT_015417,ent_d63bac0c312d
ENT_015418,ent_180888d5eb92
ENT_015419,ent_d34a30441aa7
ENT_015420,ent_0405f1021ca5
ENT_015422,ent_0a68d4f8bd32
ENT_015424,ent_4751b6ac9962
ENT_015425,ent_5e692f5a24c7
ENT_015427,ent_cdb88b3eb70f
ENT_015428,ent_e39b3f6bf046
ENT_015430,ent_b167ec797870
ENT_015431,ent_2f588a30448d
ENT_015432,ent_8a1d19e90178
ENT_015433,ent_891d282fcdff
ENT_015436,ent_ab225dd387d8
ENT_015437,ent_5fb5c365f4b3
ENT_015438,ent_df7347bc8d78
ENT_015440,ent_ba94e84ac213
ENT_015441,ent_74b75e580c82
ENT_015442,ent_99eed601a0ff
ENT_015443,ent_ed26f954e2f9
ENT_015445,ent_ec1ef6dfc41b
ENT_015446,ent_e1c1ec545e7f
ENT_015447,ent_814f2517f749
ENT_015449,ent_0e3ee0aeb9c9
ENT_015450,ent_1fe17aaaebfb
ENT_015451,ent_11ac08443dd8
ENT_015452,ent_69e78385901d
ENT_015454,ent_bd83d6aaf96d
ENT_015456,ent_4c4fea546f70
ENT_015457,ent_799436120fa5
ENT_015458,ent_bce4477b8178
ENT_015459,ent_3bc4c2289890
ENT_015460,ent_893eaae23c33
ENT_015461,ent_2079659f6a7a
ENT_015462,ent_a1000f9a923a
ENT_015463,ent_68333c159613
ENT_015464,ent_016b8da39941
ENT_015465,ent_549b4674faa6
ENT_015468,ent_765c107b5693
ENT_015470,ent_68f90da8a3b6
ENT_015471,ent_17b21d4c396d
ENT_015473,ent_775716609a04
ENT_015474,ent_e753fd7db312
ENT_015475,ent_855cf1fce7bb
ENT_015476,ent_ea30496d7272
ENT_015477,ent_d1b69de60b23
ENT_015478,ent_0659a387417b
ENT_015479,ent_e1c4010adff0
ENT_015480,ent_a3e553a2990c
ENT_015482,ent_98f73389116c
ENT_015484,ent_25d5090bcb63
ENT_015485,ent_5abcf148f251
ENT_015487,ent_b5ce921d04ef
ENT_015489,ent_67f8bac0ef46
ENT_015491,ent_6a82867c332a
ENT_015494,ent_45cca5b5e328
ENT_015497,ent_481704fc9b3e
ENT_015500,ent_36a85e72bb4f
ENT_015503,ent_6632ebbf7ee8
ENT_015504,ent_eb092054696a
ENT_015507,ent_351f5bd74df9
ENT_015508,ent_438be6b2ecb5
ENT_015509,ent_edeb20a43b51
ENT_015510,ent_5511166cfec7
ENT_015511,ent_c2de4005ed95
ENT_015512,ent_b2baea5ebb2a
ENT_015514,ent_f572dc145243
ENT_015515,ent_80fbfc5c4762
ENT_015516,ent_5c40615afc40
ENT_015518,ent_31313610efe1
ENT_015519,ent_1ccc1346da14
ENT_015520,ent_73267fd86eef
ENT_015521,ent_aae3291bc33c
ENT_015522,ent_25ce6bca60e0
ENT_015523,ent_1042faf17d7a
ENT_015524,ent_ba07394fd932
ENT_015527,ent_673727dd12fa
ENT_015528,ent_1b605d53534b
ENT_015529,ent_33656fe385eb
ENT_015531,ent_46b8ba23ffe5
ENT_015532,ent_3948061f832e
ENT_015533,ent_648919d53a16
ENT_015535,ent_1082b1351fc3
ENT_015536,ent_6fa79d2fdc17
ENT_015537,ent_e3555fca9cc3
ENT_015542,ent_d05ca013403e
ENT_015543,ent_7ac1ed9dbb16
ENT_015544,ent_fbbaa305fe03
ENT_015545,ent_08835b8f1562
ENT_015547,ent_6c61dc758cee
ENT_015548,ent_4326e84448b4
ENT_015549,ent_745a19677be8
ENT_015550,ent_37775d3f670f
ENT_015551,ent_63fe9e84cb7e
ENT_015554,ent_59597986b3d5
ENT_015555,ent_36b17c032dfd
ENT_015556,ent_0105707c4eda
ENT_015557,ent_d877327ab770
ENT_015558,ent_ae22bdbb7fd5
ENT_015561,ent_7e1e9ed74a00
ENT_015562,ent_988ae72f355f
ENT_015563,ent_ca16310114cf
ENT_015564,ent_0f3dcffca9eb
ENT_015567,ent_df54b86c0d83
ENT_015568,ent_e192d8d4305d
ENT_015569,ent_de5b591aaf23
ENT_015570,ent_4d574f6d5187
ENT_015571,ent_feeb5ad1f276
ENT_015572,ent_b132e71023b2
ENT_015573,ent_d808d2f36fc8
ENT_015575,ent_28b09d381ba3
ENT_015576,ent_88da92b5f9ba
ENT_015577,ent_7671b2de7d75
ENT_015578,ent_724e98c90d9a
ENT_015579,ent_42a7fea99a36
ENT_015580,ent_4de201eac52f
ENT_015581,ent_0fd0dd3e3327
ENT_015582,ent_b7902e0e9e38
ENT_015583,ent_c734cd8a5f84
ENT_015584,ent_1758b128a1d9
ENT_015585,ent_a5bbd29b734c
ENT_015586,ent_5a3faa400512
ENT_015587,ent_46ee58d81821
ENT_015588,ent_7b1ed58764ed
ENT_015589,ent_9790396edfc7
ENT_015590,ent_4629d2deb226
ENT_015591,ent_34f369416008
ENT_015592,ent_2b4652b9d607
ENT_015593,ent_6d55ac5653b5
ENT_015594,ent_4c3b2fd5a0c4
ENT_015595,ent_3a39bba9fa6d
ENT_015596,ent_5beb69d4b958
ENT_015597,ent_157ddc66b0a6
ENT_015598,ent_3c8999becbf3
ENT_015599,ent_20518645d84c
ENT_015600,ent_28ff5826635b
ENT_015601,ent_66761ef702f3
ENT_015602,ent_f5e4b147641f
ENT_015603,ent_a8d63032447b
ENT_015604,ent_345aecb53f1d
ENT_015605,ent_8aaccad76e57
ENT_015608,ent_c2fec6e89b69
ENT_015609,ent_0239a3be7162
ENT_015610,ent_8f5eae4596cc
ENT_015611,ent_f4c5dbafd573
ENT_015616,ent_c353837111ae
ENT_015617,ent_a935f514bbea
ENT_015618,ent_1388db046653
ENT_015620,ent_fe7adc1cdb53
ENT_015621,ent_5caff3117f32
ENT_015622,ent_d60c42cc3be6
ENT_015623,ent_e4248b7bcbd7
ENT_015624,ent_54fe6e343d5b
ENT_015626,ent_87061441b9e2
ENT_015627,ent_e3806616c732
ENT_015628,ent_87d4f251bced
ENT_015629,ent_a0baa4b38de2
ENT_015630,ent_f3c76d84d88d
ENT_015631,ent_797f06f7c779
ENT_015632,ent_49f1b009304b
ENT_015633,ent_3af25baaaee2
ENT_015634,ent_7e418b2fa50c
ENT_015635,ent_ec593cc1656b
ENT_015636,ent_4517437bc842
ENT_015637,ent_843f36673f83
ENT_015638,ent_46d9f3ca6c43
ENT_015639,ent_305f4516e422
ENT_015640,ent_dcebc626ec79
ENT_015641,ent_7fa5ebfbd0d6
ENT_015642,ent_b3bc6273b876
ENT_015644,ent_8d9e90280512
ENT_015645,ent_c129a29f382d
ENT_015646,ent_59a7d8ee956f
ENT_015648,ent_9889e54c3739
ENT_015649,ent_b775c0d34bf5
ENT_015650,ent_e11d30d48ad3
ENT_015651,ent_4b524fde7c97
ENT_015652,ent_4799c54a7635
ENT_015653,ent_80174bc9ebb9
ENT_015654,ent_4ae48c11b2a3
ENT_015655,ent_8fb26e0daf9e
ENT_015656,ent_e33623ed85ee
ENT_015657,ent_063563058041
ENT_015658,ent_beb615c0089c
ENT_015659,ent_7a96feeb9b7a
ENT_015660,ent_70be6435c7dc
ENT_015661,ent_d334040f0273
ENT_015662,ent_02b251ee97af
ENT_015664,ent_4a95bcfff2b8
ENT_015665,ent_f6b18bd64eea
ENT_015666,ent_5c4acfa54582
ENT_015667,ent_6fc4137e4d08
ENT_015670,ent_5116e39cc96d
ENT_015671,ent_055dc0911d88
ENT_015672,ent_6099015a8527
ENT_015673,ent_91e7fe826d2d
ENT_015674,ent_5af6de0ebc8b
ENT_015675,ent_0413f6ce2197
ENT_015676,ent_437d0556603b
ENT_015677,ent_4d7cfffdb56d
ENT_015679,ent_f59a5e01ff9d
ENT_015680,ent_0b297dbb8f49
ENT_015681,ent_edacf6622e48
ENT_015682,ent_8fa892f9418a
ENT_015684,ent_89ea0f46dcc1
ENT_015686,ent_9b6640f9cee8
ENT_015687,ent_eb788cacc0a4
ENT_015688,ent_b084db146056
ENT_015689,ent_3afa12da518d
ENT_015690,ent_1950fcccfe66
ENT_015691,ent_147063fa2012
ENT_015692,ent_a35e97635606
ENT_015693,ent_821f0faec76f
ENT_015694,ent_1e39559ff78c
ENT_015696,ent_195694c85b65
ENT_015697,ent_7cdf4ac9fc89
ENT_015698,ent_3c172e95323b
ENT_015699,ent_f362af1bd86d
ENT_015700,ent_8c4e3713329a
ENT_015701,ent_99c59a40bdae
ENT_015702,ent_02e154f3b453
ENT_015704,ent_cff47d9362c8
ENT_015705,ent_37ba7434ca81
ENT_015706,ent_e6e55e4afdb5
ENT_015707,ent_c6abcf01bf24
ENT_015708,ent_cf1979159bc3
ENT_015709,ent_b54513b7e84f
ENT_015710,ent_bc5577b7cea1
ENT_015711,ent_5897744421d6
ENT_015712,ent_4a9e2c810a9d
ENT_015713,ent_615458308579
ENT_015714,ent_2e917a5330eb
ENT_015715,ent_d5c15bdcfe89
ENT_015716,ent_d8e586be8f4d
ENT_015717,ent_ee2850927c67
ENT_015718,ent_f8ca99664051
ENT_015719,ent_1ceae0c88e57
ENT_015720,ent_39c232122472
ENT_015721,ent_4e02fce5cb9f
ENT_015722,ent_9d768abfe971
ENT_015723,ent_ee95a4373906
ENT_015724,ent_9cff4a3ba118
ENT_015725,ent_923fa85524ba
ENT_015726,ent_65d1943cf799
ENT_015727,ent_941a6e212af3
ENT_015729,ent_af1634fefce3
ENT_015730,ent_dae00853ec74
ENT_015731,ent_3abfdb7e7dc5
ENT_015732,ent_2ce8c4267381
ENT_015734,ent_5070a8dce635
ENT_015735,ent_9ab75e695d89
ENT_015736,ent_aaaec24dab03
ENT_015737,ent_44bb73e8558c
ENT_015738,ent_56db7d722637
ENT_015739,ent_7e7650e1aeea
ENT_015740,ent_f0ce5b62dc18
ENT_015741,ent_ed83be0ca26c
ENT_015742,ent_124e17cece72
ENT_015743,ent_4034d7156d77
ENT_015744,ent_4323783bfe78
ENT_015746,ent_b46d4da19870
ENT_015747,ent_d6526c7a4f82
ENT_015748,ent_13dafbe5566f
ENT_015750,ent_e054029fc8cf
ENT_015751,ent_78a1338cc61f
ENT_015752,ent_a32d08a0d6c2
ENT_015753,ent_0bcaa25f2bdd
ENT_015754,ent_83321ac91e2b
ENT_015755,ent_2c11a0650134
ENT_015756,ent_f0db197d58e5
ENT_015757,ent_71e11ad6dc82
ENT_015758,ent_1a98790d8a08
ENT_015759,ent_26c46bcc1abb
ENT_015760,ent_86fd9ae66ad4
ENT_015761,ent_a147385ed76d
ENT_015762,ent_2afefedc8e25
ENT_015763,ent_06349637fa9c
ENT_015764,ent_a5a8f47f469e
ENT_015765,ent_30a1cb510524
ENT_015766,ent_053b5bceb5cb
ENT_015767,ent_0641db853fd7
ENT_015768,ent_493622f6d4f3
ENT_015769,ent_5f07a2a3bd14
ENT_015770,ent_2a72f1ecd34d
ENT_015772,ent_ac3b585329d5
ENT_015773,ent_ec1a78f3f9c9
ENT_015774,ent_e4050b0be085
ENT_015775,ent_8a40573ce552
ENT_015776,ent_0d8a434f0e7e
ENT_015778,ent_45b2c683f23c
ENT_015779,ent_1790d9a0f325
ENT_015780,ent_66d5261feda2
ENT_015781,ent_df539568799d
ENT_015783,ent_85086d1895ef
ENT_015784,ent_218035f7ad65
ENT_015785,ent_3639f2f6dc7a
ENT_015786,ent_d0c9d3f05db2
ENT_015787,ent_827cc0318f3a
ENT_015788,ent_b34a0a12bb7f
ENT_015790,ent_56d4eda93fd6
ENT_015791,ent_14c09e7b3827
ENT_015792,ent_74bfe3146aaf
ENT_015793,ent_38d435caeefb
ENT_015794,ent_6226a5146d1a
ENT_015795,ent_466a9abb44d9
ENT_015796,ent_ab8c9a86d4f6
ENT_015797,ent_4c75244763b7
ENT_015798,ent_35b64d005321
ENT_015799,ent_5b1ea677433e
ENT_015801,ent_600d5a5a6015
ENT_015802,ent_231510a4b322
ENT_015803,ent_ad5f65f932a9
ENT_015805,ent_0c5c2798654a
ENT_015806,ent_b09a10d28992
ENT_015807,ent_32866ea4407e
ENT_015808,ent_b7f2347a505b
ENT_015809,ent_dc3bd6196240
ENT_015811,ent_29414da8744c
ENT_015812,ent_bb9d3624c4a7
ENT_015813,ent_4e068615868d
ENT_015814,ent_aaba2bd0fd29
ENT_015815,ent_ea0f2a57721b
ENT_015817,ent_c82fb7d2f881
ENT_015818,ent_8db72ed6607c
ENT_015819,ent_a246c19f204c
ENT_015820,ent_cae36ab36f7d
ENT_015821,ent_0c649e39f057
ENT_015822,ent_bce95041eae5
ENT_015823,ent_df153291c199
ENT_015824,ent_40d1e4747bc3
ENT_015825,ent_04c749621458
ENT_015826,ent_0dde36e685f3
ENT_015827,ent_f95ab02a0e4a
ENT_015828,ent_4afd84354991
ENT_015830,ent_f169cc660890
ENT_015831,ent_05ea3521e2aa
ENT_015832,ent_b73ed5ae724d
ENT_015833,ent_68626be55050
ENT_015834,ent_7ec83210129c
ENT_015836,ent_e1d22273287f
ENT_015837,ent_415b1684e7ec
ENT_015838,ent_d0b8ccd7b1cb
ENT_015839,ent_9e2e5f00b274
ENT_015840,ent_8fff36059e22
ENT_015841,ent_1170a64adc6e
ENT_015842,ent_00a187bff1d5
ENT_015843,ent_f3368c9ae45b
ENT_015844,ent_7869d8dd2f2a
ENT_015845,ent_a7f672860001
ENT_015846,ent_ec16561ebec4
ENT_015847,ent_e959339807e3
ENT_015848,ent_8690e36db6e8
ENT_015849,ent_2d7463b2671d
ENT_015850,ent_842e6894a7e0
ENT_015851,ent_7067dc8605f1
ENT_015852,ent_5cfd77a57629
ENT_015853,ent_7aa71bd0b8f2
ENT_015854,ent_16749eb7cc2e
ENT_015855,ent_5b396008dd88
ENT_015856,ent_3afde41e028e
ENT_015857,ent_0c0b16100132
ENT_015858,ent_5f52b4be1352
ENT_015859,ent_37a48db33a9e
ENT_015860,ent_e719cb187656
ENT_015861,ent_e4c4d95164e0
ENT_015862,ent_f2c69243da63
ENT_015863,ent_c1a09939c18d
ENT_015864,ent_bbc564d8ba09
ENT_015865,ent_3fb7a51a58b7
ENT_015866,ent_cbce07bf1497
ENT_015867,ent_c527075280c3
ENT_015868,ent_aff9e914de3f
ENT_015869,ent_93216db083d6
ENT_015870,ent_17309b785dc5
ENT_015871,ent_8e3b94de8337
ENT_015872,ent_54ee2116985a
ENT_015873,ent_97f2ee1c3c02
ENT_015874,ent_81366872bf03
ENT_015875,ent_7b22df3babd7
ENT_015876,ent_fc79ee7cee63
ENT_015877,ent_22d17697718b
ENT_015878,ent_e3a306b7951a
ENT_015879,ent_cc618d41dec1
ENT_015880,ent_c152d8891172
ENT_015881,ent_0539780b0102
ENT_015882,ent_dd7ec00dd064
ENT_015883,ent_671883d0a8b9
ENT_015884,ent_a0d4dd54453b
ENT_015885,ent_d2a85bab8b23
ENT_015886,ent_3d2b2cc0c8a5
ENT_015887,ent_99aa92e8d0db
ENT_015888,ent_de77e3805665
ENT_015889,ent_bd65d5711617
ENT_015890,ent_ad6ca6dda622
ENT_015891,ent_ba4ecb3f8564
ENT_015892,ent_34de4dcc40e9
ENT_015893,ent_f4e0421c1938
ENT_015894,ent_b9caec7eb78c
ENT_015895,ent_54f7eead2220
ENT_015896,ent_87106347957f
ENT_015897,ent_9e9297f8ad29
ENT_015898,ent_52a38f23d74e
ENT_015899,ent_e886d5b6922f
ENT_015900,ent_51c5b7ce85ab
ENT_015901,ent_3988ec2137f1
ENT_015902,ent_4a2062bf43a5
ENT_015903,ent_ca67d0f39e06
ENT_015904,ent_f0162951a11a
ENT_015905,ent_d1ebaf40f41a
ENT_015906,ent_c23ebab6f627
ENT_015907,ent_5e12bd73f4c5
ENT_015908,ent_5e0f8a9d09dd
ENT_015909,ent_65792071fa4a
ENT_015910,ent_0896e8472673
ENT_015911,ent_5d067e9bd00a
ENT_015912,ent_3554eb0c0f9e
ENT_015913,ent_4aa9cf2b8575
ENT_015914,ent_b452c1d0e6b9
ENT_015915,ent_5b68dd6774c1
ENT_015916,ent_473ca50b21ad
ENT_015917,ent_cbbe05b8b130
ENT_015918,ent_4e68a1522e6e
ENT_015919,ent_8bd7f75c4718
ENT_015920,ent_ad0c8501eed0
ENT_015921,ent_6cace596da29
ENT_015922,ent_3841dba3383a
ENT_015923,ent_27ce5018a434
ENT_015924,ent_637f8ce7b9a8
ENT_015925,ent_7eb557869306
ENT_015926,ent_cb7dc887d731
ENT_015927,ent_ee78e871e2a6
ENT_015928,ent_db069c1bc84a
ENT_015929,ent_89b9b88edfbd
ENT_015930,ent_414372ff75c1
ENT_015931,ent_eea775e25d6d
ENT_015932,ent_7f9f64010949
ENT_015933,ent_217b32285682
ENT_015934,ent_4ee52bbfc8bb
ENT_015935,ent_8dede9ffda39
ENT_015937,ent_34de3e7fbe24
ENT_015938,ent_e488b88707b1
ENT_015940,ent_7e7d4318ddcb
ENT_015941,ent_184ccfa955a0
ENT_015942,ent_4297be57eb39
ENT_015943,ent_a9cdd36b0c8b
ENT_015944,ent_d153a35e6dc0
ENT_015945,ent_0328252db3fb
ENT_015946,ent_a84175dbbfae
ENT_015947,ent_2ca386dd83d9
ENT_015948,ent_fe3e51bb9c76
ENT_015949,ent_71d08cf826f4
ENT_015950,ent_b08d2ae4450f
ENT_015951,ent_03fae943eeb6
ENT_015952,ent_b4209a783638
ENT_015953,ent_b28f8fe617a8
ENT_015954,ent_277c9e8741c5
ENT_015955,ent_11fd9b0b2cdf
ENT_015956,ent_b785d1774ba0
ENT_015958,ent_3b4824b825ac
ENT_015959,ent_cd70249c8845
ENT_015960,ent_c06a204710ae
ENT_015961,ent_c7d15ef5de7c
ENT_015962,ent_cb25774c4f04
ENT_015963,ent_c336b50d109a
ENT_015964,ent_cc92cc207d66
ENT_015965,ent_e7a702f9bf81
ENT_015966,ent_d5166cf6185e
ENT_015967,ent_10660084e28d
ENT_015968,ent_db4389e1b718
ENT_015969,ent_3e6c716aa610
ENT_015971,ent_3166f77d3b62
ENT_015972,ent_f0d7bd79bf17
ENT_015973,ent_deec56194fc4
ENT_015975,ent_c8117a5df426
ENT_015976,ent_77a032ed86f2
ENT_015978,ent_49407719e2f6
ENT_015979,ent_9f93f10c2d7a
ENT_015980,ent_f001eafbc0e5
ENT_015981,ent_34729e2623be
ENT_015982,ent_ad1e614c4509
ENT_015985,ent_adf6485a1bb0
ENT_015986,ent_7281ca75191a
ENT_015987,ent_72a3fa2a97dd
ENT_015988,ent_4c8354023de7
ENT_015989,ent_dfb1276567db
ENT_015990,ent_ccd0859f35d0
ENT_015993,ent_0305b356e931
ENT_015994,ent_43000ab44676
ENT_015997,ent_e52963b4da88
ENT_015999,ent_351ef6bf80d9
ENT_016000,ent_7964cd323449
ENT_016002,ent_4e01f136c291
ENT_016007,ent_c77805917412
ENT_016008,ent_b8f653ea1324
ENT_016009,ent_5cff160ee1d4
ENT_016010,ent_8a681c27d306
ENT_016011,ent_f5b747b6d355
ENT_016012,ent_42c0a305a051
ENT_016015,ent_189ad3829170
ENT_016017,ent_70df18a1d041
ENT_016019,ent_d75e65453d27
ENT_016020,ent_0fc4087bb731
ENT_016021,ent_6bdc51089704
ENT_016022,ent_6c359664948e
ENT_016023,ent_7b3fcf50ba38
ENT_016024,ent_8602bf820cde
ENT_016025,ent_46bbaf2091c8
ENT_016026,ent_bb04d71bbeaa
ENT_016027,ent_f123d45f756e
ENT_016028,ent_6d313a80aac2
ENT_016029,ent_ea3632f0e644
ENT_016030,ent_afedb339a9bd
ENT_016032,ent_e9f3a827f577
ENT_016033,ent_801347ea6709
ENT_016034,ent_0d22890f6433
ENT_016035,ent_3e4a22190823
ENT_016036,ent_dc90014ad70a
ENT_016038,ent_48d9855716c5
ENT_016039,ent_677027bf2682
ENT_016040,ent_0295b8fbf740
ENT_016041,ent_b1234eda1dc5
ENT_016044,ent_d4691d8d759b
ENT_016045,ent_fb7b829bc524
ENT_016046,ent_58a3053efea6
ENT_016049,ent_ce4c28fec82e
ENT_016050,ent_8653cc76246e
ENT_016051,ent_30b4b849ee91
ENT_016052,ent_fe2c7db79c55
ENT_016053,ent_88a60e891b91
ENT_016054,ent_be1b272e0902
ENT_016056,ent_cec333b224d0
ENT_016057,ent_212607a24f0c
ENT_016058,ent_1c396c832e16
ENT_016059,ent_dc194a810049
ENT_016060,ent_50e4de5658d4
ENT_016061,ent_9dc7c5f9d9c4
ENT_016062,ent_26c4ccae3b80
ENT_016063,ent_9a5dff2e70b7
ENT_016064,ent_9f541f02756e
ENT_016065,ent_d40d33406df1
ENT_016066,ent_913cab211cd8
ENT_016068,ent_e31cd50cb76a
ENT_016069,ent_e32ee12d3402
ENT_016070,ent_1577c9979497
ENT_016072,ent_da1f45cc86a7
ENT_016073,ent_33de6804e500
ENT_016074,ent_6db863cf613f
ENT_016075,ent_12d720b082d0
ENT_016077,ent_70cf592c13f7
ENT_016082,ent_e3eb1d66e771
ENT_016084,ent_ab39f8706a17
ENT_016085,ent_e1115d690cff
ENT_016087,ent_64a75d6cedde
ENT_016088,ent_0f7d33bdea17
ENT_016095,ent_7b593d6cedd8
ENT_016096,ent_eb24f724fff4
ENT_016097,ent_3ee6a71c99bc
ENT_016098,ent_040491095f07
ENT_016099,ent_9a9cbff097ef
ENT_016101,ent_39fbae56c578
ENT_016102,ent_4f41b70a2053
ENT_016103,ent_ac5281c55c40
ENT_016104,ent_783a4475ab40
ENT_016107,ent_e2a40ab6482c
ENT_016108,ent_edeffe682c00
ENT_016109,ent_61bcbf8b3a91
ENT_016110,ent_c91b79818f45
ENT_016112,ent_f4c28a03df61
ENT_016114,ent_985b54f48787
ENT_016116,ent_2584e3b9ee39
ENT_016118,ent_888f5551fe7c
ENT_016119,ent_223e2b27174e
ENT_016120,ent_c3038912be60
ENT_016121,ent_4ca6f11d4c81
ENT_016122,ent_199cbf908a53
ENT_016124,ent_b80b1efc2bb3
ENT_016125,ent_2a947d66f56d
ENT_016126,ent_a216b1a51278
ENT_016127,ent_86ac3c187913
ENT_016128,ent_4304ea8bb284
ENT_016129,ent_b4d300e439ae
ENT_016130,ent_447757bac905
ENT_016131,ent_38c4e427d5c1
ENT_016133,ent_025ec1c5d4d0
ENT_016134,ent_f00d31b1162e
ENT_016136,ent_585fae09247a
ENT_016137,ent_10baf9de4c0f
ENT_016139,ent_c300de672328
ENT_016140,ent_4fe4b87477ba
ENT_016141,ent_e39ff70187bf
ENT_016142,ent_9c4a04e2387e
ENT_016147,ent_d304ff7e77ca
ENT_016149,ent_58509aa5d974
ENT_016151,ent_865fe30b7727
ENT_016152,ent_1699f36f4afd
ENT_016154,ent_32cbd4c4744a
ENT_016156,ent_bcae45cc94e3
ENT_016157,ent_c754d8e673b7
ENT_016158,ent_cfff90fd82e0
ENT_016160,ent_8319101696f8
ENT_016161,ent_17125da455a1
ENT_016162,ent_bdc574bb5b7f
ENT_016164,ent_50d498690315
ENT_016165,ent_b0490f5e731f
ENT_016166,ent_b5375ecb066f
ENT_016167,ent_8a4ce61ad796
ENT_016168,ent_4c351e4ed66d
ENT_016169,ent_a6699a012c68
ENT_016170,ent_97b957bd3f9b
ENT_016171,ent_382f93a86043
ENT_016173,ent_607aa1561658
ENT_016174,ent_49b829e74117
ENT_016175,ent_2d833762a126
ENT_016176,ent_03a5da4fc70e
ENT_016177,ent_067e4e8e2395
ENT_016178,ent_2b82f77f9931
ENT_016180,ent_5d31cec9f46c
ENT_016181,ent_79d8eda624f7
ENT_016182,ent_11e5a170eaed
ENT_016183,ent_322c71dc5c9d
ENT_016184,ent_21efe8e8356a
ENT_016185,ent_53a9abe933f2
ENT_016186,ent_99335af378dd
ENT_016187,ent_c2cbd90184f3
ENT_016189,ent_69e5b8379fd3
ENT_016194,ent_cf6922d761ce
ENT_016197,ent_eab1b3792c7f
ENT_016198,ent_57a752601add
ENT_016199,ent_5cccd132520e
ENT_016200,ent_c9b3a2a3de0b
ENT_016201,ent_f63a22127f61
ENT_016202,ent_fe71510c16e8
ENT_016203,ent_407fe0dd3b44
ENT_016204,ent_183c2a2d4d2a
ENT_016205,ent_0c95160c6dc0
ENT_016206,ent_341605d7190d
ENT_016207,ent_f34869da3a02
ENT_016208,ent_3e63fb35a69c
ENT_016209,ent_842364681458
ENT_016212,ent_183ada840cfa
ENT_016213,ent_aeb0e186f8c0
ENT_016215,ent_faa893a23938
ENT_016216,ent_349ba17d0cbd
ENT_016218,ent_27fd71168d6a
ENT_016219,ent_b3ee2821d9d8
ENT_016220,ent_73df5702ec39
ENT_016222,ent_2c6c98609e7f
ENT_016223,ent_6908fb8c5da3
ENT_016224,ent_dd71b15150a6
ENT_016226,ent_b01cd6ccae95
ENT_016227,ent_80c2bb5f095a
ENT_016228,ent_edea11bd0086
ENT_016229,ent_9b83f1c3122a
ENT_016230,ent_916baa547a80
ENT_016231,ent_fcd469c09726
ENT_016232,ent_3882841b2da2
ENT_016233,ent_bc77b78a5e52
ENT_016234,ent_6e00a000a6d9
ENT_016235,ent_f6748f43024d
ENT_016236,ent_29b2574adead
ENT_016237,ent_a258ba954e8f
ENT_016238,ent_8f43f9d133cf
ENT_016239,ent_c678b2ad1a84
ENT_016240,ent_948d5f75b822
ENT_016241,ent_691c6b050890
ENT_016242,ent_fd0158aabefe
ENT_016243,ent_344cd0fbfd6c
ENT_016244,ent_a82dbb0b9264
ENT_016245,ent_eb44e9d37090
ENT_016246,ent_7cbc739bf724
ENT_016247,ent_47f6047612ef
ENT_016248,ent_45595df33528
ENT_016249,ent_901fa9dee676
ENT_016250,ent_e4a8768c0c4e
ENT_016251,ent_ca6a3cf10c4c
ENT_016252,ent_17d80f7a3ad0
ENT_016253,ent_5459d9006a5f
ENT_016254,ent_3aa40069a58f
ENT_016255,ent_7bd3e29cf954
ENT_016256,ent_d20edca0e18f
ENT_016257,ent_2a660a9def4a
ENT_016258,ent_487a42261f8c
ENT_016259,ent_09b2630e4e51
ENT_016260,ent_4210a7047bab
ENT_016261,ent_de76fd146f6f
ENT_016262,ent_066356000ed7
ENT_016263,ent_69296d926d4e
ENT_016264,ent_625729737fe7
ENT_016265,ent_4a954bd92cc9
ENT_016266,ent_dd45f8dbe6e9
ENT_016267,ent_b7274233cea8
ENT_016268,ent_d37541feef9f
ENT_016269,ent_5ef85b2749c7
ENT_016270,ent_86e1364ab762
ENT_016271,ent_825faa8f2408
ENT_016272,ent_feb6cc1eeaee
ENT_016273,ent_c809eb57168f
ENT_016274,ent_d4da097b0d9a
ENT_016275,ent_e6b90026865b
ENT_016276,ent_1f798a67a0aa
ENT_016277,ent_4fe8d24d50a3
ENT_016278,ent_3e6888b7a0aa
ENT_016279,ent_8a427e6d1107
ENT_016280,ent_78fd8e453969
ENT_016281,ent_e7969082ba13
ENT_016282,ent_8e412a617f32
ENT_016283,ent_330f0f03c239
ENT_016284,ent_a5cb6c5fa6ae
ENT_016285,ent_d5fa76ab52e6
ENT_016286,ent_03effee43206
ENT_016287,ent_0457ab102e81
ENT_016288,ent_3b226b7a58a2
ENT_016289,ent_fd9853062835
ENT_016290,ent_a7d5d07b28d8
ENT_016291,ent_8296574ab260
ENT_016292,ent_b8b64bed612e
ENT_016293,ent_6021fca8dc8d
ENT_016294,ent_76f01103d29b
ENT_016295,ent_fbca78a872b6
ENT_016296,ent_5f33aefa1ee1
ENT_016297,ent_a83f5a1eca23
ENT_016298,ent_63ffcdb04a68
ENT_016300,ent_7dd2c1766f06
ENT_016301,ent_db353aa426d0
ENT_016302,ent_b764f0fb9987
ENT_016303,ent_050ad9b7d538
ENT_016305,ent_15052e3faca9
ENT_016306,ent_409083fb4ecb
ENT_016308,ent_c7891092e05d
ENT_016311,ent_bea7e3587c50
ENT_016315,ent_41053eb6fa52
ENT_016321,ent_362a58e212d5
ENT_016324,ent_f60515fdd68a
ENT_016326,ent_af345f7a5c85
ENT_016327,ent_e76ee27b87a6
ENT_016328,ent_7a85d81f16a5
ENT_016330,ent_fe61bb67becb
ENT_016331,ent_a2d8fe1d64ba
ENT_016334,ent_0d94418e0d5c
ENT_016338,ent_c60d7e072440
ENT_016339,ent_d87b92e31b74
ENT_016340,ent_b244c89e6a55
ENT_016341,ent_c78e4f5cceed
ENT_016342,ent_ead7e9bd1537
ENT_016343,ent_35204a1cbf47
ENT_016344,ent_29eeceeb5022
ENT_016346,ent_bac79fa12908
ENT_016347,ent_fc7c7cbc0fdc
ENT_016350,ent_22d23d614e6d
ENT_016351,ent_80d3f7dfdd99
ENT_016352,ent_eec50c915e49
ENT_016353,ent_478b671fe31a
ENT_016355,ent_8112ca4b335a
ENT_016356,ent_d8ffe4583bc5
ENT_016358,ent_99346f9478f9
ENT_016362,ent_f4d37c1b6bfb
ENT_016364,ent_b49252e65aa9
ENT_016365,ent_9346ede0c2a3
ENT_016366,ent_5773dc02d3df
ENT_016367,ent_557fabc054fe
ENT_016370,ent_b796658439e9
ENT_016372,ent_af44752a0a1e
ENT_016374,ent_b28df5cf6092
ENT_016375,ent_c7119874cbf2
ENT_016377,ent_999bd63f9379
ENT_016378,ent_2f90b7b2527b
ENT_016379,ent_26b50286f306
ENT_016381,ent_adafe7c833b6
ENT_016382,ent_47bcc6fd2ffc
ENT_016383,ent_f3efaf9bc88b
ENT_016384,ent_853f17ef414a
ENT_016385,ent_80ec3211c539
ENT_016386,ent_097179719a42
ENT_016387,ent_5602ea53f6d7
ENT_016389,ent_4dc2796a3a7a
ENT_016390,ent_2b3f2ac0fb89
ENT_016391,ent_5759b1abf6e6
ENT_016393,ent_16adb8db1409
ENT_016394,ent_fd275fcb9138
ENT_016396,ent_424cd578bb0a
ENT_016397,ent_0f7e9c494501
ENT_016398,ent_fb72e0442df2
ENT_016399,ent_df6aa86105ae
ENT_016400,ent_a92697c8f12d
ENT_016401,ent_47444238ca5f
ENT_016402,ent_095015bbd04b
ENT_016403,ent_243889b7e166
ENT_016405,ent_4ae78837377a
ENT_016407,ent_247b5c2351b8
ENT_016408,ent_261f997e5c99
ENT_016409,ent_e0f6ae35e5ae
ENT_016410,ent_2a51ae84d455
ENT_016412,ent_dc4c7280229c
ENT_016413,ent_18084395b913
ENT_016414,ent_d235ecc17ffb
ENT_016415,ent_c416eb7e3c4d
ENT_016416,ent_109e33e53818
ENT_016417,ent_d0c5c50ee599
ENT_016418,ent_12726526546a
ENT_016419,ent_d232942d7b2e
ENT_016420,ent_c33e70f46047
ENT_016421,ent_6db09cdde6c5
ENT_016422,ent_04c51e5bba73
ENT_016423,ent_1d3396e74ce1
ENT_016424,ent_fa85b6f0e1fe
ENT_016425,ent_074fa18faf64
ENT_016426,ent_83eabff844e7
ENT_016427,ent_ef87a8e6ef40
ENT_016428,ent_eeffb8eaa543
ENT_016429,ent_11c7e18d281f
ENT_016430,ent_e9ab76c31541
ENT_016431,ent_44bfc9b2c39f
ENT_016432,ent_a8d8ba5b4717
ENT_016433,ent_b14c6669f5a4
ENT_016434,ent_0cbddf4c51a8
ENT_016435,ent_cfdf36831210
ENT_016436,ent_5a045ffc3c77
ENT_016438,ent_7b687d68f617
ENT_016439,ent_2864499ccdf1
ENT_016440,ent_4416150c05c8
ENT_016441,ent_fadd98ea0c3d
ENT_016445,ent_7b0771914aef
ENT_016446,ent_40d177b84af0
ENT_016447,ent_c6ac8bb3e7a6
ENT_016448,ent_6bbdd79509fc
ENT_016449,ent_d23b353b33ea
ENT_016450,ent_28ec68447efe
ENT_016451,ent_2f1aa96a5393
ENT_016452,ent_a7ac1d1493ac
ENT_016453,ent_09061573e2f1
ENT_016454,ent_736b40d4fe5d
ENT_016455,ent_93b2289b8114
ENT_016456,ent_b8840f6e5e2e
ENT_016457,ent_0ab12b867b46
ENT_016458,ent_60569b8e8059
ENT_016459,ent_1eb09c239254
ENT_016460,ent_aa97a9e3d7a1
ENT_016463,ent_c9a1df9cbd78
ENT_016465,ent_02b599ece1cf
ENT_016466,ent_636dc89be7bc
ENT_016468,ent_506ad46de6ad
ENT_016469,ent_4ad72521359e
ENT_016470,ent_364208bf5a21
ENT_016471,ent_4fb43b25d151
ENT_016473,ent_eadbdf08ad68
ENT_016475,ent_22796738dda4
ENT_016476,ent_0d5acb3be8d6
ENT_016477,ent_8a531f3e63e0
ENT_016478,ent_4485a8bd05f7
ENT_016479,ent_1dcf99018f39
ENT_016480,ent_7d601d58fb2c
ENT_016481,ent_7ba60f05962a
ENT_016482,ent_951e982354d6
ENT_016483,ent_13b87fed482e
ENT_016484,ent_da82ee6e39b3
ENT_016485,ent_55f1d8966b3a
ENT_016486,ent_1d142d28aab6
ENT_016487,ent_ef6525d02c0f
ENT_016489,ent_9ad7afa9daf4
ENT_016491,ent_ef9a8d62ae4d
ENT_016494,ent_40575cb64b9f
ENT_016496,ent_1a785765e3a3
ENT_016497,ent_0382937c1e01
ENT_016498,ent_dd5857182b84
ENT_016499,ent_adfd890db7fc
ENT_016500,ent_b00b1e950137
ENT_016501,ent_a89771b7249c
ENT_016502,ent_342cc8898d9a
ENT_016504,ent_dc645be6b051
ENT_016505,ent_60a0565aec89
ENT_016506,ent_c8abe4fab31e
ENT_016507,ent_aab6cff4cd27
ENT_016509,ent_66f6c4d22671
ENT_016510,ent_251893617fc3
ENT_016511,ent_87902a248218
ENT_016512,ent_faf5ddfc9e60
ENT_016513,ent_354589aa8b99
ENT_016514,ent_715381c4ec38
ENT_016515,ent_04957371da35
ENT_016516,ent_d35d9fde8d24
ENT_016517,ent_2487423a1ada
ENT_016518,ent_9df9490a3922
ENT_016519,ent_3bbbc794466b
ENT_016520,ent_fd89117e2972
ENT_016521,ent_771143b3a3c9
ENT_016522,ent_3eefe200a145
ENT_016523,ent_2d0fe29c53d8
ENT_016524,ent_ebd87c7861a8
ENT_016525,ent_269159d266aa
ENT_016526,ent_c1262f43e626
ENT_016527,ent_3981c4a3bd91
ENT_016528,ent_5305caee6e39
ENT_016529,ent_4c9d7b40f1ff
ENT_016531,ent_2b6929d3eafc
ENT_016532,ent_26e7c0bf4d6e
ENT_016533,ent_cd5e0307791f
ENT_016534,ent_d4b52f81e34e
ENT_016535,ent_2547225a5346
ENT_016537,ent_109e80b2521b
ENT_016539,ent_eb55b60f3a9b
ENT_016540,ent_5acb4cd5d307
ENT_016541,ent_b76ad03bf491
ENT_016542,ent_f55a90bfcb7d
ENT_016543,ent_67ae97d05b40
ENT_016544,ent_8cb06f87b9c7
ENT_016545,ent_66f7638dae31
ENT_016546,ent_b86e6915589f
ENT_016547,ent_367885de3784
ENT_016548,ent_2d0b9de9c55f
ENT_016549,ent_577c1aa4959e
ENT_016550,ent_14a5e46e9805
ENT_016551,ent_bf452156da87
ENT_016552,ent_2d01a7ded46b
ENT_016553,ent_1d570d19381a
ENT_016554,ent_e8ee5b81b8cc
ENT_016555,ent_2fefac5ece4d
ENT_016556,ent_1c618bcec006
ENT_016557,ent_c41df1a1aaed
ENT_016558,ent_67156bde6ff6
ENT_016559,ent_9e46526737fb
ENT_016560,ent_1cf9c59a5a75
ENT_016561,ent_6d57e3340e69
ENT_016562,ent_acd3848ee566
ENT_016563,ent_6ad978ae7da9
ENT_016564,ent_5cbd231c88ed
ENT_016565,ent_99f613ace5ec
ENT_016566,ent_82d3004dbe5c
ENT_016567,ent_ebcf0c9d3bc2
ENT_016568,ent_638b876e8f23
ENT_016569,ent_c165de63a460
ENT_016570,ent_9e5c74e73b7e
ENT_016571,ent_ae3b0af1981f
ENT_016572,ent_1b55984ad846
ENT_016573,ent_82740c40e970
ENT_016574,ent_87d89b9096ee
ENT_016575,ent_547a438d682a
ENT_016577,ent_ffd8415d6933
ENT_016579,ent_0108938c830d
ENT_016580,ent_bbf1da7d36f6
ENT_016581,ent_82e21a92c028
ENT_016583,ent_8a5e559e35bf
ENT_016584,ent_fadb445cd5fb
ENT_016585,ent_3ba8f5d64313
ENT_016586,ent_12129cf11361
ENT_016587,ent_8783fa36f400
ENT_016588,ent_631cabe1562a
ENT_016589,ent_f7edef6bb2de
ENT_016590,ent_4f88684ca8a3
ENT_016591,ent_c1f2944136a6
ENT_016592,ent_851f71c27f66
ENT_016593,ent_0a0765040d35
ENT_016594,ent_f959f480c9cd
ENT_016595,ent_d42953a7ac81
ENT_016596,ent_c586dc402b0d
ENT_016597,ent_88d6b8768836
ENT_016598,ent_e6d9b764c145
ENT_016599,ent_55226e6bc08a
ENT_016601,ent_2d0388bf4f68
ENT_016602,ent_8ef617c990e7
ENT_016604,ent_6879206f10a6
ENT_016605,ent_179d50c89684
ENT_016606,ent_f655d58e1f7a
ENT_016607,ent_799aeeecf22b
ENT_016608,ent_41a0079de98e
ENT_016610,ent_001eaf2e2596
ENT_016611,ent_8fe82d06c30a
ENT_016612,ent_66208df3fff3
ENT_016613,ent_ab1e2aaaf27f
ENT_016614,ent_cb94d1fceac9
ENT_016615,ent_297645b36095
ENT_016616,ent_0a5418af662b
ENT_016617,ent_464a4719c9f1
ENT_016618,ent_a5669ebbf0b8
ENT_016619,ent_f1636c68378e
ENT_016620,ent_68d624e76120
ENT_016622,ent_cdf839b8eee0
ENT_016623,ent_fff640c48d56
ENT_016624,ent_ca96b59033f1
ENT_016625,ent_7344d68eaf7d
ENT_016626,ent_c10ed9c4f543
ENT_016627,ent_1e778f846baa
ENT_016628,ent_00e752c8899c
ENT_016630,ent_36fc5ed38b31
ENT_016631,ent_c2550e619a75
ENT_016632,ent_63d6ab064929
ENT_016634,ent_06020e128949
ENT_016635,ent_95fb181c8df2
ENT_016637,ent_5e54377dc524
ENT_016638,ent_f162e63a338a
ENT_016639,ent_83cbe809c7be
ENT_016640,ent_5997cc49577f
ENT_016641,ent_503c27a8cf7a
ENT_016642,ent_883ea3361bb1
ENT_016643,ent_68232f6322be
ENT_016644,ent_a34a26af3ab7
ENT_016645,ent_b26f37aab494
ENT_016646,ent_9557131d8276
ENT_016647,ent_c22525fc8436
ENT_016648,ent_6c2f1bfd4454
ENT_016649,ent_7a519db8c46a
ENT_016650,ent_1f5ccd47831a
ENT_016651,ent_cb68c32f4163
ENT_016653,ent_91c1aeedfc03
ENT_016654,ent_ecbfe07c7ae8
ENT_016655,ent_0237e2e63546
ENT_016656,ent_0d62508003eb
ENT_016657,ent_51c4f0a771c6
ENT_016659,ent_3fca01577be2
ENT_016660,ent_7c74b9ca509a
ENT_016661,ent_b9124d41e969
ENT_016662,ent_7909236521c3
ENT_016663,ent_ef1fb1b8d761
ENT_016664,ent_02157e732366
ENT_016665,ent_f23511829194
ENT_016666,ent_95e37c295546
ENT_016667,ent_d982c78147fc
ENT_016668,ent_d08f0deddef6
ENT_016669,ent_9f3f7cba22e3
ENT_016670,ent_7212e5576c99
ENT_016671,ent_74b6b73089e4
ENT_016672,ent_1d93c63061c3
ENT_016673,ent_c18602fd98c4
ENT_016674,ent_0effbd82cde3
ENT_016675,ent_c725f8d01ec2
ENT_016676,ent_21a48f251a61
ENT_016677,ent_6a35464bdfe4
ENT_016678,ent_521e9fa1140c
ENT_016679,ent_4fd179e91eb9
ENT_016680,ent_6ba6b7013694
ENT_016681,ent_253ef3fd52c8
ENT_016682,ent_e9ba3a47f443
ENT_016683,ent_bc824d56e0b5
ENT_016684,ent_e260b1b78eb8
ENT_016686,ent_a5cac5ccd51d
ENT_016687,ent_172f0d2ace13
ENT_016688,ent_8deea1fd3a20
ENT_016689,ent_e70bc4a0d21d
ENT_016690,ent_9096f7b67a9c
ENT_016691,ent_69ff911e845d
ENT_016692,ent_aaf5eaf7beaa
ENT_016693,ent_62650b9268b7
ENT_016695,ent_47415ff773c2
ENT_016696,ent_f0ac99d40095
ENT_016697,ent_f5c8ba16d34f
ENT_016699,ent_28e2d0192c52
ENT_016703,ent_10af26afca76
ENT_016704,ent_b9f0eb8f2001
ENT_016705,ent_056538275c22
ENT_016706,ent_ad5cb3511fdf
ENT_016707,ent_10c927f83bf0
ENT_016708,ent_c454a0cec1ee
ENT_016710,ent_8a52652387cc
ENT_016712,ent_6ce441fdab6b
ENT_016713,ent_ff1fb5c29ce0
ENT_016714,ent_f4b0e75e04dd
ENT_016715,ent_75afece658be
ENT_016716,ent_efccb2e7d25b
ENT_016717,ent_8cf0720b124a
ENT_016718,ent_1cde9ad950ee
ENT_016719,ent_b44cbe372450
ENT_016720,ent_a1c4fdcb3a1a
ENT_016721,ent_eee3415f3156
ENT_016722,ent_537b372d7de6
ENT_016723,ent_a60962d407df
ENT_016724,ent_5adc87cf3361
ENT_016725,ent_0ba59f4bbb13
ENT_016726,ent_9a09ad0a2d77
ENT_016727,ent_34cc58ea21e0
ENT_016728,ent_8229a43ea188
ENT_016729,ent_a4c9df65fa18
ENT_016730,ent_0fa27d3e366f
ENT_016731,ent_eee524116e56
ENT_016732,ent_d267d1a57f59
ENT_016733,ent_dbe9ab19612a
ENT_016734,ent_9dfc5465ffdd
ENT_016735,ent_4e2eb7b5796e
ENT_016736,ent_8f99b9f54330
ENT_016737,ent_50e76c3e0e08
ENT_016738,ent_114dcd08e1bb
ENT_016739,ent_796326b7f52b
ENT_016740,ent_a20562dbb132
ENT_016741,ent_e790af0cd045
ENT_016742,ent_6af0430bfc7f
ENT_016743,ent_ef4e3eccdb2a
ENT_016744,ent_e13b8bc7bae0
ENT_016745,ent_54b8a5b14911
ENT_016747,ent_70674f54c6ad
ENT_016748,ent_8734eb429d40
ENT_016750,ent_f3064a034e12
ENT_016751,ent_e7ac0601b1d9
ENT_016752,ent_044123051f8c
ENT_016753,ent_c32b2750ee9c
ENT_016754,ent_de3af2eded4d
ENT_016755,ent_da4104287129
ENT_016758,ent_60091ee6211d
ENT_016759,ent_92bcbf30a9e9
ENT_016760,ent_173af4e27cfb
ENT_016761,ent_f2fa8300f80e
ENT_016762,ent_b9c2f289a160
ENT_016763,ent_c8fe38e33d14
ENT_016765,ent_0b5a82aabd79
ENT_016767,ent_3e597f6aa5c0
ENT_016768,ent_d0181b365089
ENT_016769,ent_ce8f654ba85f
ENT_016770,ent_922eb6d228d2
ENT_016771,ent_3916954a4059
ENT_016772,ent_b4878ce90045
ENT_016775,ent_b671adaf6ff5
ENT_016776,ent_10eb806fa0f6
ENT_016777,ent_405201429440
ENT_016778,ent_7ce91a326b7f
ENT_016779,ent_c491291ea5a3
ENT_016780,ent_87b4b5708357
ENT_016782,ent_da8e53ea97ce
ENT_016784,ent_bf58e2955777
ENT_016785,ent_e49e0d4c2eac
ENT_016786,ent_e3eb05c0e381
ENT_016787,ent_33143143a18b
ENT_016789,ent_392dce026f59
ENT_016790,ent_8956f5d7c355
ENT_016791,ent_3cd0031f3aa7
ENT_016792,ent_f5674e974a6e
ENT_016793,ent_891d447b7c97
ENT_016794,ent_b73c77c103cd
ENT_016795,ent_0f8b700cd7ac
ENT_016796,ent_76c1329d4187
ENT_016798,ent_9b8f4c7b2286
ENT_016799,ent_e0774daf8452
ENT_016802,ent_d165339b136b
ENT_016803,ent_3ebe15833764
ENT_016804,ent_6b1c77f723d5
ENT_016805,ent_142a8fa19a9f
ENT_016806,ent_4664a13610a8
ENT_016807,ent_9be935651328
ENT_016808,ent_e61e4f4ba983
ENT_016809,ent_e2833a90c5d9
ENT_016810,ent_b7feedfa798c
ENT_016811,ent_cb3866044417
ENT_016812,ent_03956b9db78f
ENT_016813,ent_cb92b62348af
ENT_016814,ent_f2f8b6a53c4b
ENT_016815,ent_e00c00eab147
ENT_016816,ent_9d4447c3e8c3
ENT_016817,ent_707e9397fde5
ENT_016818,ent_8cae9631007a
ENT_016819,ent_a068c683e05e
ENT_016820,ent_d3be0517b768
ENT_016821,ent_b966d25aa4e1
ENT_016822,ent_e903b0141e37
ENT_016823,ent_6f976a359550
ENT_016824,ent_b581804ff55c
ENT_016825,ent_87b06798ead6
ENT_016826,ent_70121b2a2995
ENT_016827,ent_a67d73c7fcc0
ENT_016828,ent_97d463364790
ENT_016829,ent_847d9f1217a7
ENT_016830,ent_0c2ceb3f6dd5
ENT_016831,ent_f4335e9ae22a
ENT_016832,ent_a44e60c68a64
ENT_016833,ent_62e2f7e02f90
ENT_016835,ent_992db1c3f7d2
ENT_016836,ent_a25fd0d2c788
ENT_016838,ent_382007838a3d
ENT_016839,ent_9ceed659e344
ENT_016840,ent_56410b1dab7a
ENT_016841,ent_7819160e2c38
ENT_016842,ent_aafc9b8d8f33
ENT_016844,ent_64c00e9ca6d4
ENT_016845,ent_d5d4edcb12d1
ENT_016846,ent_82d5605cb9c2
ENT_016847,ent_2a94ad82b4f6
ENT_016848,ent_afe65b2167ed
ENT_016849,ent_6c59bc5314da
ENT_016850,ent_4ee81c5620ce
ENT_016851,ent_fe35c79c3fb7
ENT_016852,ent_e739ca7db31b
ENT_016853,ent_4f5f78febc6f
ENT_016854,ent_f3718d91d39f
ENT_016855,ent_645d13f8c2c4
ENT_016856,ent_e769d2a2127c
ENT_016858,ent_ddfebccfb90b
ENT_016859,ent_b6552c971192
ENT_016860,ent_87417ba433d0
ENT_016861,ent_5da91d418b56
ENT_016862,ent_67dfc44a7e90
ENT_016865,ent_b01812049f9e
ENT_016867,ent_966527c6294f
ENT_016868,ent_bb99fb7fd166
ENT_016870,ent_cb49c90868ea
ENT_016871,ent_6e6c4d20e15a
ENT_016872,ent_df83b5e5de62
ENT_016873,ent_f9609b7c5938
ENT_016875,ent_7ebf7a6c921c
ENT_016876,ent_80dd2c9bc67d
ENT_016877,ent_ca634af78bab
ENT_016878,ent_8fc2661c9363
ENT_016879,ent_b5fcedd649d7
ENT_016880,ent_38a3ec9a27eb
ENT_016881,ent_8b5c5b7b19e6
ENT_016882,ent_0faaf757d9ee
ENT_016883,ent_a0a889522791
ENT_016884,ent_49f1ad022c8a
ENT_016885,ent_0fb394487c06
ENT_016887,ent_75dcabb7ed21
ENT_016888,ent_a9e2b54c6342
ENT_016889,ent_945313a7c601
ENT_016891,ent_1314e3b89f03
ENT_016893,ent_1586efa2946d
ENT_016894,ent_d2f28f10aa76
ENT_016896,ent_442a4b1aca75
ENT_016897,ent_6ca3669cd6df
ENT_016898,ent_6b94b84e24c3
ENT_016899,ent_818604aa6a01
ENT_016900,ent_b3c43eda2029
ENT_016901,ent_db44bef38f5b
ENT_016902,ent_a2d10d08ef91
ENT_016903,ent_29c6b3175956
ENT_016904,ent_6f8a289b8b13
ENT_016905,ent_923d1ae56398
ENT_016906,ent_2b0704ea487d
ENT_016907,ent_d1291aa30383
ENT_016908,ent_6051ed86797d
ENT_016909,ent_4590f9a371f2
ENT_016910,ent_90e063fb71d6
ENT_016911,ent_e45912c0355a
ENT_016912,ent_52e98e9eabcd
ENT_016916,ent_68cec38400ca
ENT_016917,ent_31384b006ae4
ENT_016918,ent_c089e8a5a24a
ENT_016919,ent_3ad2ca6ad298
ENT_016920,ent_d203a6616984
ENT_016921,ent_9189cf59fe20
ENT_016924,ent_7bb30a56b6c3
ENT_016925,ent_546d9c030612
ENT_016926,ent_bac73365a937
ENT_016927,ent_a6a6981944cd
ENT_016928,ent_13abd43d3167
ENT_016931,ent_6895017966c6
ENT_016932,ent_778366d106bf
ENT_016933,ent_6c8e70ab22f7
ENT_016934,ent_eabb9c08d3e8
ENT_016935,ent_bebf71e44aad
ENT_016936,ent_f484543213da
ENT_016937,ent_595d14ff2695
ENT_016939,ent_6adad3f834ce
ENT_016940,ent_c5292c0e10f6
ENT_016941,ent_fe9bfe7a8a07
ENT_016942,ent_dcf33b7080b1
ENT_016943,ent_d618411713e5
ENT_016944,ent_633eb7bedef8
ENT_016945,ent_468c2b8db4e7
ENT_016946,ent_cf422a4f0212
ENT_016947,ent_e87482bfdb9e
ENT_016948,ent_d60bbbb02bb8
ENT_016949,ent_2e6c49557e8c
ENT_016950,ent_4f7d42c018ce
ENT_016951,ent_e581edc8c0e1
ENT_016952,ent_792472347b8a
ENT_016953,ent_6ce5256d1e70
ENT_016954,ent_b1dadc21e4c1
ENT_016955,ent_e7756eb60560
ENT_016956,ent_af3b5c7de0c6
ENT_016957,ent_763c21897375
ENT_016958,ent_e14869335c7c
ENT_016959,ent_59ab37ddba46
ENT_016960,ent_68e8479a7e97
ENT_016961,ent_fde9305e8710
ENT_016962,ent_d1df5b06e131
ENT_016963,ent_13797f403ddf
ENT_016965,ent_872e77444667
ENT_016966,ent_9f96fd273507
ENT_016967,ent_af8844b61a9d
ENT_016968,ent_cd9586f81f6d
ENT_016969,ent_f04aad1aa467
ENT_016970,ent_7402f85e9886
ENT_016971,ent_95e66c24ba89
ENT_016972,ent_36a18aa58cd9
ENT_016973,ent_8a8129d1f7f8
ENT_016974,ent_3a9cde08f93d
ENT_016975,ent_147a9fffff12
ENT_016976,ent_faa7d282c5c6
ENT_016978,ent_dcb1b5ed6f9e
ENT_016979,ent_c0da2e3eec27
ENT_016980,ent_e1a59f7186cb
ENT_016981,ent_94222f9aab50
ENT_016982,ent_27ec5a16b235
ENT_016983,ent_a0a00e780d64
ENT_016985,ent_0cb6e71d4928
ENT_016986,ent_c2749f9d6aab
ENT_016987,ent_eb153d4e9471
ENT_016988,ent_5d0b37fe489a
ENT_016989,ent_015312010408
ENT_016990,ent_0f99dbe48db6
ENT_016991,ent_053cac8eb050
ENT_016992,ent_aa61a221db95
ENT_016994,ent_76859470af61
ENT_016995,ent_b1c9e22c5c26
ENT_016997,ent_770933f356ad
ENT_016998,ent_8604061e10c9
ENT_016999,ent_eb503007ffc6
ENT_017000,ent_56b5256791e2
ENT_017001,ent_5c24e684980a
ENT_017003,ent_514905678b66
ENT_017004,ent_11a82a9355b2
ENT_017008,ent_d3ef8e006ff0
ENT_017009,ent_126e854a2ac7
ENT_017010,ent_f16f821c321d
ENT_017011,ent_e8eb055cb49c
ENT_017012,ent_aa8e6000be31
ENT_017013,ent_a484bb544fd0
ENT_017014,ent_25c7a738ca02
ENT_017015,ent_56fb107b8cff
ENT_017017,ent_d7cbd089e1e6
ENT_017018,ent_07f0f2150f5b
ENT_017019,ent_bddefbb5a6ce
ENT_017020,ent_8c226c7ab6c9
ENT_017021,ent_d11123347efa
ENT_017022,ent_965fe3edda70
ENT_017023,ent_c84fe96f3793
ENT_017024,ent_60b1e52d0e01
ENT_017025,ent_9e7c365f7107
ENT_017026,ent_90c92c5a9ef6
ENT_017027,ent_daf7de8f3d84
ENT_017028,ent_c1b809620f05
ENT_017029,ent_d1066c26920e
ENT_017030,ent_b6f6cfff2927
ENT_017031,ent_52d721bba4f7
ENT_017032,ent_a670618f51d3
ENT_017033,ent_019f16b141b6
ENT_017034,ent_257ea6584ae8
ENT_017035,ent_53bbecc9ac7d
ENT_017036,ent_3ce74433170e
ENT_017037,ent_a841ec70e7a4
ENT_017038,ent_d4de77da688e
ENT_017039,ent_1ea084e2d1f8
ENT_017040,ent_23d62eeb7c0a
ENT_017041,ent_12d9112cf684
ENT_017042,ent_d03b603a970f
ENT_017043,ent_7f3053540275
ENT_017044,ent_8491ec9e95f9
ENT_017045,ent_198c108f0cea
ENT_017046,ent_d5bd72fb8206
ENT_017047,ent_ad36b875e55a
ENT_017048,ent_cdf37d424f98
ENT_017049,ent_e195f24477a7
ENT_017050,ent_01f948acfda4
ENT_017051,ent_38b2f0b179f7
ENT_017052,ent_65eeaa2d8392
ENT_017053,ent_17a6dfb9c20f
ENT_017054,ent_dd788627b5fd
ENT_017055,ent_9c74d55c637a
ENT_017056,ent_e3cf280b5742
ENT_017057,ent_26bb8997e730
ENT_017058,ent_8ee73b12b2fb
ENT_017059,ent_12f624a91e5e
ENT_017060,ent_dfad76dffc08
ENT_017061,ent_772a0838303b
ENT_017062,ent_a86ad6d389b5
ENT_017063,ent_6318fef24b33
ENT_017064,ent_3b975d044310
ENT_017065,ent_d01fd184e454
ENT_017066,ent_2ac319137cab
ENT_017067,ent_0c135d1cc11e
ENT_017068,ent_b00e8b59d9c3
ENT_017069,ent_a3202c88c8d5
ENT_017070,ent_51e8ebf2ca97
ENT_017071,ent_e457eb3e12c7
ENT_017072,ent_98c56606634b
ENT_017073,ent_03d22121e92a
ENT_017075,ent_05f1c4b32178
ENT_017077,ent_32f60e09cd15
ENT_017078,ent_60b4983c6179
ENT_017079,ent_b347c64d7393
ENT_017081,ent_5a1968345555
ENT_017082,ent_7e169c76c338
ENT_017083,ent_5af05f52c279
ENT_017084,ent_f256beac6e7b
ENT_017085,ent_bb76a6cdc6e1
ENT_017086,ent_172219ffbbe4
ENT_017087,ent_b11a93960244
ENT_017088,ent_fc5d601112bd
ENT_017089,ent_2f3b3c4258e8
ENT_017090,ent_a0a65963a9ff
ENT_017091,ent_d0776fe39cb4
ENT_017092,ent_37f4d37e68fe
ENT_017093,ent_4c0d2101d7ee
ENT_017095,ent_afe2de14bfa5
ENT_017096,ent_47bf3625227a
ENT_017097,ent_5f14a92088f5
ENT_017098,ent_fdf6e00b8531
ENT_017099,ent_7b6f267b39e4
ENT_017100,ent_248a5097d76f
ENT_017101,ent_ec735eab5963
ENT_017102,ent_720b8e5d7766
ENT_017103,ent_cc520615be8a
ENT_017105,ent_fb625ce49839
ENT_017107,ent_4ed7e14eaf12
ENT_017108,ent_a5bbe4655692
ENT_017111,ent_7c17fe2e939d
ENT_017112,ent_e46004587784
ENT_017113,ent_d697d48abe7f
ENT_017115,ent_7ef1e53424db
ENT_017116,ent_2559c282dc05
ENT_017117,ent_090a854f8a30
ENT_017118,ent_5bbfe8d0c04c
ENT_017119,ent_e6f3cb587445
ENT_017120,ent_330d48fbad06
ENT_017121,ent_a45c8b4f6a27
ENT_017122,ent_888348f2a56d
ENT_017123,ent_c9ed4c99d073
ENT_017126,ent_e6d25e9e1aef
ENT_017127,ent_9b5b64375940
ENT_017128,ent_c22e537ba9ca
ENT_017129,ent_1a58815c9a92
ENT_017131,ent_e9ad041a7b82
ENT_017133,ent_31e9092370d2
ENT_017134,ent_4f0884a8860b
ENT_017136,ent_1c2d79704f89
ENT_017137,ent_c47943566495
ENT_017138,ent_02896cf57c03
ENT_017139,ent_e6919c5d1cd0
ENT_017140,ent_95acd1408acf
ENT_017141,ent_334e579e7aa3
ENT_017142,ent_fa16e6902d2f
ENT_017143,ent_da6b8bc2fb9c
ENT_017144,ent_e94194e9a10c
ENT_017145,ent_0e5f08e48831
ENT_017146,ent_de54580a512b
ENT_017148,ent_8b7e32cc0341
ENT_017149,ent_2878d19c2085
ENT_017150,ent_4cecf539ca6b
ENT_017151,ent_6bf482d50595
ENT_017152,ent_adbae728871f
ENT_017153,ent_4ead675ffdd0
ENT_017154,ent_1461564b8979
ENT_017157,ent_8470c2149b62
ENT_017159,ent_0bc200407a8b
ENT_017160,ent_fd7bdf25397e
ENT_017161,ent_721b9cf3c367
ENT_017162,ent_7bd8e735658c
ENT_017163,ent_7494c48408b9
ENT_017166,ent_04585dd19c01
ENT_017167,ent_8bc2d3f722a2
ENT_017168,ent_06df98a51b1a
ENT_017169,ent_a1900bff0c9a
ENT_017172,ent_22961262f215
ENT_017173,ent_4912f47acf0a
ENT_017174,ent_d72427862cfc
ENT_017176,ent_d0ab1a51ae91
ENT_017179,ent_68174177a921
ENT_017181,ent_75a4b4ee108d
ENT_017182,ent_b70b24f1bf46
ENT_017184,ent_90baa3ba1f2f
ENT_017188,ent_dca1380c7962
ENT_017189,ent_fd65a0969b15
ENT_017190,ent_5711c97c29f6
ENT_017191,ent_221462f62d92
ENT_017192,ent_4f42fd60d1e2
ENT_017194,ent_1d24d6a817d4
ENT_017196,ent_13bc9053b784
ENT_017198,ent_96841277160d
ENT_017199,ent_68bf8085c303
ENT_017201,ent_5a69e57aba5c
ENT_017202,ent_47c5b864e217
ENT_017204,ent_4c4b03fb8792
ENT_017205,ent_7e837cff40fd
ENT_017206,ent_11072b6b0680
ENT_017207,ent_a88bf1a5999a
ENT_017212,ent_01ff7cc000ce
ENT_017213,ent_1df9dee0be7c
ENT_017214,ent_5fff3446fd61
ENT_017215,ent_97dd44eb41f5
ENT_017216,ent_803d4528b1d2
ENT_017219,ent_cb6ad1d06474
ENT_017220,ent_20c1575e7b35
ENT_017222,ent_9347734bbb50
ENT_017223,ent_6ed14da14dfe
ENT_017225,ent_49a0ae57ea33
ENT_017226,ent_f8c562b5b488
ENT_017231,ent_65496022d772
ENT_017232,ent_fb152a7f0ddb
ENT_017233,ent_6503de77edac
ENT_017234,ent_e789f429248d
ENT_017235,ent_358d0a785ec3
ENT_017236,ent_4dce3f32bb10
ENT_017237,ent_e56a97db6019
ENT_017238,ent_a480190d3e7c
ENT_017239,ent_24e6def7dab9
ENT_017240,ent_1d0a28d0e1d9
ENT_017241,ent_50e43912d243
ENT_017242,ent_4f026e955d31
ENT_017243,ent_e804f706cfe6
ENT_017244,ent_92f07b1e6781
ENT_017245,ent_4efae1c05294
ENT_017246,ent_57414fca2c9c
ENT_017247,ent_1591e05cdb78
ENT_017249,ent_d167be0f822f
ENT_017251,ent_64fd44a9ec2a
ENT_017252,ent_99f8de4ffbfb
ENT_017253,ent_b1ea28ab4474
ENT_017254,ent_d320df60e7a9
ENT_017255,ent_e906647c59e0
ENT_017256,ent_3d65a11bb19c
ENT_017257,ent_2882679aa224
ENT_017258,ent_4833420bd3ec
ENT_017259,ent_4ad37aa5f166
ENT_017260,ent_c06f0eeeccd4
ENT_017261,ent_6e3cdcf0b129
ENT_017262,ent_f91133f65628
ENT_017263,ent_c039e2eef470
ENT_017264,ent_d4b8df1ba2b8
ENT_017265,ent_166b937d6849
ENT_017266,ent_e911d4480069
ENT_017267,ent_ffa8f709a3b7
ENT_017268,ent_13b1d5f2f4ed
ENT_017271,ent_aad21e34d0f9
ENT_017272,ent_d6e2c4a5392b
ENT_017273,ent_e7465f0b8e94
ENT_017275,ent_9d999058e300
ENT_017276,ent_28a99c61ffb3
ENT_017277,ent_95c704a161cd
ENT_017278,ent_53b8b27002bb
ENT_017279,ent_4d11d63c5099
ENT_017280,ent_5a2d97d6793f
ENT_017281,ent_7342a93c97fa
ENT_017283,ent_b55f448d946b
ENT_017284,ent_79cb31b7a692
ENT_017285,ent_ee514f2c53b0
ENT_017286,ent_e21a43874d3b
ENT_017289,ent_971d7c885f68
ENT_017290,ent_26bdf1da1b06
ENT_017291,ent_e6190a6b10fe
ENT_017295,ent_f1053e0beabd
ENT_017296,ent_784b92966ef7
ENT_017297,ent_00337ae8a1d2
ENT_017298,ent_72c924076487
ENT_017299,ent_4c8019850ece
ENT_017300,ent_aa8ffff1783b
ENT_017302,ent_05087e3a6b55
ENT_017303,ent_6ff8b4f06f8d
ENT_017304,ent_5f21277d452d
ENT_017305,ent_93b94799963a
ENT_017308,ent_f9393ae5d71a
ENT_017309,ent_77e38d08d52a
ENT_017310,ent_eb1db22fc2e5
ENT_017311,ent_100f0ad3c831
ENT_017313,ent_ae00dc3ecbb7
ENT_017316,ent_7ad4bf47b229
ENT_017317,ent_60fe15610068
ENT_017319,ent_65573c1f0aea
ENT_017320,ent_88fad538c355
ENT_017322,ent_3531c11ff909
ENT_017323,ent_5d7d373237a0
ENT_017324,ent_6f3325bd890a
ENT_017325,ent_12e2637c6d6f
ENT_017327,ent_f2540694aef4
ENT_017328,ent_23683abd9c34
ENT_017330,ent_9a4b1cfb6ddc
ENT_017331,ent_65cf600f3575
ENT_017333,ent_861670fa4927
ENT_017334,ent_8b53bb7d2b37
ENT_017335,ent_445dcc2fac21
ENT_017336,ent_5e1e0f99e159
ENT_017338,ent_4a17a5b52be0
ENT_017340,ent_07bfbae20e5b
ENT_017341,ent_d74c68ad60fc
ENT_017343,ent_9a6bd509bb90
ENT_017344,ent_88de46ba283a
ENT_017345,ent_9a71e156553f
ENT_017346,ent_46819deeb0ec
ENT_017347,ent_84e1071cd133
ENT_017348,ent_0302e43c9082
ENT_017349,ent_325463bdf228
ENT_017350,ent_9821adc3173e
ENT_017351,ent_a16de48d54d4
ENT_017352,ent_853d2d73af2b
ENT_017353,ent_5114b6992d32
ENT_017354,ent_bc6f02af041a
ENT_017355,ent_4341d50f14c2
ENT_017357,ent_f2fe60ddd194
ENT_017359,ent_59b681237310
ENT_017360,ent_faddd9c258dd
ENT_017361,ent_8812ef1134ae
ENT_017362,ent_83c2f0565e55
ENT_017364,ent_f8fc1d697746
ENT_017365,ent_fee5fe55b25a
ENT_017366,ent_31b60593f59f
ENT_017369,ent_7e07059e11c8
ENT_017370,ent_24e18761c185
ENT_017371,ent_7caf390be2ec
ENT_017372,ent_334a2243e7e4
ENT_017373,ent_fed92adec174
ENT_017374,ent_9a02d88d7a55
ENT_017376,ent_03e764e436e8
ENT_017377,ent_b59cd0b83f74
ENT_017378,ent_1b0752707840
ENT_017379,ent_fbfc7439c116
ENT_017380,ent_b32c3e565cdb
ENT_017381,ent_47096549963a
ENT_017382,ent_c2a630c024de
ENT_017383,ent_9d5b8901fe72
ENT_017385,ent_661ee2a10d65
ENT_017386,ent_3b720e12b405
ENT_017387,ent_4d7a058165f0
ENT_017388,ent_81417b7b11d8
ENT_017389,ent_d2f7643bec7d
ENT_017391,ent_4a0ea4756415
ENT_017392,ent_93ea592d681f
ENT_017393,ent_4dab517b0b49
ENT_017394,ent_a6e5f770717c
ENT_017395,ent_91bc4fbaea32
ENT_017396,ent_7b46882bbdba
ENT_017398,ent_77cc414a3468
ENT_017399,ent_84ddd27b8b1c
ENT_017400,ent_7599cb8c79e1
ENT_017401,ent_77f777b58f47
ENT_017402,ent_3657280a23de
ENT_017403,ent_046e98cc17f7
ENT_017404,ent_0be2c98910bf
ENT_017405,ent_c26a5a6bb8c3
ENT_017406,ent_219de202f0fb
ENT_017407,ent_14bc6273e65b
ENT_017408,ent_9740c7256346
ENT_017409,ent_1baad446d7b3
ENT_017410,ent_5061ba5ee85e
ENT_017411,ent_4a1801c7d214
ENT_017412,ent_1f4a77d80f3c
ENT_017413,ent_f599b8a9c6cc
ENT_017414,ent_a079176b2e98
ENT_017415,ent_376bb8c84b11
ENT_017416,ent_39a8d1383c80
ENT_017417,ent_8219d01ad032
ENT_017418,ent_f8bd3e887f6c
ENT_017419,ent_15da8a9e5a98
ENT_017420,ent_45a04dcf3e51
ENT_017421,ent_7c6a4f624c7a
ENT_017422,ent_4a1570662f52
ENT_017423,ent_bb1e0e2301a6
ENT_017424,ent_77a90a335cae
ENT_017425,ent_200c48d49d51
ENT_017426,ent_ec0b359ddf64
ENT_017427,ent_656c3ff0e5e5
ENT_017428,ent_86ac17714e04
ENT_017429,ent_036c808d4fbe
ENT_017430,ent_1d5d011486f3
ENT_017431,ent_db27fb64660c
ENT_017432,ent_4dee14afcde5
ENT_017433,ent_ee99e13b23f7
ENT_017434,ent_4860d885e4b4
ENT_017435,ent_8b01427c5824
ENT_017436,ent_b4d4ab621107
ENT_017437,ent_c6b4d7074910
ENT_017438,ent_faba6c0755d6
ENT_017439,ent_71b299f68928
ENT_017440,ent_36f24b40b62a
ENT_017441,ent_87afd007ca16
ENT_017442,ent_528e72bdbf1a
ENT_017443,ent_9b27b8b80cc6
ENT_017444,ent_018f23fa3f34
ENT_017446,ent_662bf88ea909
ENT_017447,ent_55167cac5317
ENT_017448,ent_18317cb0c293
ENT_017449,ent_c35143ef412e
ENT_017451,ent_ea05617b05a6
ENT_017456,ent_d7002458489f
ENT_017457,ent_bbcffadc20f2
ENT_017458,ent_598d99d5c157
ENT_017459,ent_9e282a41fc3a
ENT_017460,ent_c3769017e143
ENT_017463,ent_a24db06a6848
ENT_017464,ent_6283b5f219fe
ENT_017467,ent_ec7f440dcbaf
ENT_017468,ent_b8cc1b196399
ENT_017469,ent_436e09601c2e
ENT_017470,ent_cbd0959a45b3
ENT_017471,ent_f5338b76baa6
ENT_017473,ent_b2bf7217e8e9
ENT_017474,ent_924eca90e4d8
ENT_017475,ent_e37abdf41408
ENT_017476,ent_29edaef1255c
ENT_017477,ent_50ad76fa1dd9
ENT_017480,ent_1daea10f4a7c
ENT_017482,ent_f9d758e103fb
ENT_017484,ent_6e9fbc2b5b38
ENT_017485,ent_b1e217884f50
ENT_017486,ent_f7431996ea2a
ENT_017487,ent_1af944cd710b
ENT_017488,ent_636395fbd089
ENT_017489,ent_ccca1c1d5f49
ENT_017490,ent_2d0a9941b8b4
ENT_017491,ent_d0acc8554d03
ENT_017492,ent_33f73de07e6a
ENT_017493,ent_9aa7b6ca444c
ENT_017494,ent_19d0aa0a4dcd
ENT_017495,ent_68d50ecb9155
ENT_017496,ent_e5944299ce69
ENT_017497,ent_cf4e52dbcecf
ENT_017498,ent_3d544ad231e6
ENT_017499,ent_94e41d69c4cf
ENT_017500,ent_29a294734951
ENT_017501,ent_f546f36af885
ENT_017502,ent_00662fb873bc
ENT_017503,ent_6f7509ceb78e
ENT_017504,ent_2581df44db2c
ENT_017505,ent_a973d4d92b7b
ENT_017506,ent_43384a61ddd6
ENT_017507,ent_7ed751753a6f
ENT_017508,ent_0c54f3153150
ENT_017509,ent_0ac08d529a8e
ENT_017510,ent_0a7ae7878c0b
ENT_017515,ent_7bbaaa719cc6
ENT_017517,ent_a7fbd64c206a
ENT_017518,ent_5adc6ec100e4
ENT_017521,ent_17940d8b060e
ENT_017522,ent_d02b63389903
ENT_017523,ent_6f941bb830c4
ENT_017524,ent_398f17bef08a
ENT_017527,ent_d9a2e6bbaca8
ENT_017528,ent_1a94378982b2
ENT_017530,ent_d4bf7231b870
ENT_017531,ent_0b63ac6b8f23
ENT_017532,ent_7b055a97be5a
ENT_017534,ent_2767895bd551
ENT_017536,ent_6a4bfa5de5c1
ENT_017540,ent_a8dc3496470d
ENT_017542,ent_0c62eaec626c
ENT_017544,ent_b4915b4c8e4d
ENT_017545,ent_b9bc04549a0c
ENT_017547,ent_c33de3714a16
ENT_017548,ent_551c281bcf24
ENT_017549,ent_ee4a84aee705
ENT_017551,ent_f10a7e83b6fa
ENT_017552,ent_3e2dd7e2760a
ENT_017555,ent_e0010d62c460
ENT_017556,ent_231368cfeefe
ENT_017557,ent_3713300f5a84
ENT_017562,ent_6685c09f79c0
ENT_017565,ent_b196c348afbd
ENT_017567,ent_ee84f16fcb8a
ENT_017568,ent_3f2f22ad8902
ENT_017571,ent_025b5dafe079
ENT_017572,ent_9ea0fc12397e
ENT_017573,ent_65253acd55dc
ENT_017575,ent_7038496758e1
ENT_017576,ent_6f04597eec34
ENT_017577,ent_fda3e569061d
ENT_017578,ent_402418cacca9
ENT_017580,ent_786e3b9227dc
ENT_017583,ent_df8e56897fb9
ENT_017585,ent_d4810d7d39be
ENT_017587,ent_bdb4d75d4476
ENT_017588,ent_8a629fb2b5d6
ENT_017589,ent_0c406e513941
ENT_017590,ent_231d6c5063d5
ENT_017591,ent_1aeea8bd6bda
ENT_017592,ent_de6abd371936
ENT_017593,ent_fd6a38562c1f
ENT_017594,ent_2c55cac6c797
ENT_017595,ent_2f285cd03603
ENT_017596,ent_d89aaebc5023
ENT_017597,ent_bba69d1101f2
ENT_017598,ent_bbaf18b64fe3
ENT_017599,ent_8789960575df
ENT_017600,ent_64e95c5b5c11
ENT_017601,ent_9205c3815863
ENT_017604,ent_95b04b47b412
ENT_017605,ent_c1ed27b944da
ENT_017607,ent_7ec91822f998
ENT_017608,ent_12aa409cd3a0
ENT_017610,ent_e1fa5ee7bbd3
ENT_017611,ent_34c87ab1679f
ENT_017612,ent_5687f85d35ac
ENT_017613,ent_3d1f8c037ec7
ENT_017614,ent_8801f239fc96
ENT_017615,ent_0a4271f6b9c1
ENT_017616,ent_2964e736310a
ENT_017617,ent_c04409beff78
ENT_017618,ent_72b0a3cbe5f8
ENT_017619,ent_c156f82ed77e
ENT_017620,ent_75800d92936a
ENT_017621,ent_d96aeb0cad35
ENT_017622,ent_0f154c84bf36
ENT_017623,ent_d2e44b2dfe3a
ENT_017624,ent_1de37adc1de6
ENT_017626,ent_fecf56479a08
ENT_017627,ent_8fd84f41d1ac
ENT_017628,ent_a3a73822c051
ENT_017629,ent_16990e652b69
ENT_017630,ent_c5a3ac248e96
ENT_017631,ent_8677d40ccd4c
ENT_017632,ent_18f66d7c40aa
ENT_017633,ent_b2e98f583d42
ENT_017634,ent_09c7a864d483
ENT_017635,ent_2834fc6af463
ENT_017636,ent_1d5b61a34791
ENT_017637,ent_da634bb5569e
ENT_017638,ent_0d7f91a8761a
ENT_017639,ent_c82e95d5fd25
ENT_017640,ent_564bfb5a74ce
ENT_017642,ent_a30933f5dd34
ENT_017643,ent_55f4db4be9b7
ENT_017644,ent_6fd5ab92cbe3
ENT_017645,ent_da80185b1c76
ENT_017646,ent_46e61d927362
ENT_017649,ent_b8ad22a8b05b
ENT_017650,ent_47b33a45d377
ENT_017651,ent_e28bdd407232
ENT_017653,ent_b4d365f70a01
ENT_017658,ent_5470d2aa42dc
ENT_017659,ent_32f1bb7cb3ce
ENT_017660,ent_be2bef9e5da6
ENT_017661,ent_bc248603208d
ENT_017662,ent_9eaf14eb020d
ENT_017663,ent_7b2977286c0f
ENT_017664,ent_6cb22ae9bf3d
ENT_017665,ent_f9286655c916
ENT_017666,ent_d1d534e14562
ENT_017667,ent_35a5d4b27572
ENT_017668,ent_026ca4724242
ENT_017669,ent_42f3e0ac784c
ENT_017670,ent_b0e062be4863
ENT_017671,ent_e66602b8b9e3
ENT_017672,ent_d032e3227411
ENT_017673,ent_7d83c61827f3
ENT_017674,ent_1bdd961c5c09
ENT_017675,ent_a3defcd40ceb
ENT_017676,ent_5b1c64b68ea6
ENT_017677,ent_d6b7c90f1b4b
ENT_017678,ent_07ad51a41ef2
ENT_017679,ent_489745bbfd43
ENT_017680,ent_cf2703e45684
ENT_017682,ent_2efe0842e0ee
ENT_017683,ent_b08b2849434c
ENT_017685,ent_02e11c80d400
ENT_017686,ent_f013596712a1
ENT_017687,ent_d452d53f2935
ENT_017688,ent_2a0b3d3c2807
ENT_017689,ent_3aae7d47cd30
ENT_017690,ent_73e28f8ff26d
ENT_017691,ent_b13d0420ba5b
ENT_017692,ent_c6d16607e913
ENT_017694,ent_700d02ab7274
ENT_017695,ent_599fd32aa6fb
ENT_017696,ent_394a975e5c0a
ENT_017697,ent_af72e6d4114d
ENT_017698,ent_7a6aa1409895
ENT_017699,ent_bfed6440f504
ENT_017700,ent_d8b743d428bb
ENT_017703,ent_d26c6dd65473
ENT_017704,ent_e864eb275773
ENT_017705,ent_1fb577059299
ENT_017706,ent_ceba46625bb7
ENT_017707,ent_bcbe76eaf768
ENT_017708,ent_be8c92fa6d21
ENT_017709,ent_4e4cf8ecae54
ENT_017710,ent_635eb0eed538
ENT_017712,ent_2137dea10763
ENT_017714,ent_24411baa1b81
ENT_017716,ent_d95c81f659b7
ENT_017717,ent_25d08e59b4f5
ENT_017718,ent_a91e00a5d7ed
ENT_017719,ent_4f8f9db6ac73
ENT_017720,ent_f6100055f583
ENT_017721,ent_e05bc5ead4ce
ENT_017723,ent_97e9a69d23b4
ENT_017724,ent_0d462471d8a1
ENT_017726,ent_3f3422049233
ENT_017727,ent_51a2fae28c4f
ENT_017728,ent_821bdcce0962
ENT_017729,ent_c2d04b89c32a
ENT_017730,ent_ae655b27d30e
ENT_017731,ent_bd0cb80d1691
ENT_017732,ent_4eab372457ba
ENT_017733,ent_8de8252016b7
ENT_017734,ent_2c951d0f7bce
ENT_017735,ent_0bce46bb4db8
ENT_017736,ent_2dad85110b65
ENT_017740,ent_e4fbc9b7b59d
ENT_017742,ent_188241450d4b
ENT_017743,ent_f8a2c2153322
ENT_017744,ent_623543952e16
ENT_017745,ent_e9c1cb6891ef
ENT_017746,ent_a679e01aff8e
ENT_017747,ent_1b88508b6306
ENT_017748,ent_3dcce6303d65
ENT_017750,ent_f14065e04ed1
ENT_017751,ent_e0cca8ad04a8
ENT_017753,ent_f525bc2023e5
ENT_017754,ent_1d83131402d0
ENT_017755,ent_3312ca8edb66
ENT_017756,ent_855eea75b04f
ENT_017758,ent_c551c6eb5b5a
ENT_017760,ent_df01009ca3d9
ENT_017761,ent_8d931009a62b
ENT_017763,ent_2ef8890bacd9
ENT_017764,ent_f3979211cb09
ENT_017765,ent_498b7a24dca3
ENT_017766,ent_8979bc65a224
ENT_017767,ent_e0c9c1b4b093
ENT_017769,ent_3c0dbd225d06
ENT_017770,ent_c836bac3b600
ENT_017771,ent_15d6ed65eb87
ENT_017772,ent_da93f23aabf2
ENT_017773,ent_f52741962e07
ENT_017775,ent_87cbec0b68dc
ENT_017776,ent_a1d8c277440a
ENT_017777,ent_220f3ba4d33d
ENT_017779,ent_97b64e540667
ENT_017780,ent_c50757e88ccf
ENT_017785,ent_5f4b1c8d7aba
ENT_017787,ent_9ce8a3fa8c42
ENT_017789,ent_174d6f89fe15
ENT_017790,ent_42e112981e24
ENT_017791,ent_704f79a54ddf
ENT_017792,ent_feb08d5a8371
ENT_017793,ent_e9400f8d95a1
ENT_017795,ent_da5f88c72ea6
ENT_017796,ent_c0def43b8f40
ENT_017797,ent_8d90a841afcd
ENT_017798,ent_427df880cf29
ENT_017802,ent_9d8080f3362d
ENT_017803,ent_6f0e92d307c1
ENT_017804,ent_82c8c64c6411
ENT_017805,ent_8a80d3af76b9
ENT_017806,ent_96ba9fddbd7f
ENT_017807,ent_71310c911080
ENT_017808,ent_03edb99f6fc6
ENT_017809,ent_e740af029264
ENT_017810,ent_9b406eb70fb4
ENT_017811,ent_ed6af37edd61
ENT_017812,ent_9daae53c612e
ENT_017813,ent_2643d77708c4
ENT_017815,ent_ed1041e2b60b
ENT_017817,ent_c10212e51ee6
ENT_017818,ent_71257c892ccd
ENT_017819,ent_e9f28ddb85e6
ENT_017820,ent_6c7f25d62752
ENT_017821,ent_c96bccb48d42
ENT_017823,ent_b05af6e53a38
ENT_017824,ent_ab8873140f6e
ENT_017827,ent_4ae56789ffa9
ENT_017828,ent_dc63211195d9
ENT_017829,ent_f53613d97b0c
ENT_017831,ent_af3374f1f539
ENT_017832,ent_f7a1755e6fb7
ENT_017834,ent_66d827cf4cae
ENT_017836,ent_8b7be68b9c7f
ENT_017838,ent_0acc34cc8b7b
ENT_017840,ent_0ab4720b1964
ENT_017842,ent_aa835a73a8ef
ENT_017843,ent_4806ebda68dc
ENT_017845,ent_6cd56723684d
ENT_017849,ent_0265abfb41e7
ENT_017850,ent_26451914cbcb
ENT_017851,ent_990d17d3fad9
ENT_017852,ent_6e6335ada751
ENT_017853,ent_9dd5865b0126
ENT_017855,ent_2ccafcccbae9
ENT_017859,ent_88c73291c07b
ENT_017860,ent_183d465c5a22
ENT_017861,ent_75ae4c65c7e7
ENT_017862,ent_79af42e34bde
ENT_017863,ent_03863b6fb17e
ENT_017864,ent_dd9372a790fa
ENT_017866,ent_72f812d81cc4
ENT_017868,ent_7f882bc044a9
ENT_017869,ent_17cb7365af76
ENT_017870,ent_b12314fb5c80
ENT_017872,ent_8dd81441a317
ENT_017873,ent_f348e3bbbf61
ENT_017874,ent_a3d79b90ad7e
ENT_017875,ent_36c7935f7679
ENT_017878,ent_8ff0e87e902e
ENT_017880,ent_e056473f4d94
ENT_017881,ent_8dc2125148e1
ENT_017882,ent_ff8deba2479c
ENT_017883,ent_298d2910c727
ENT_017884,ent_d2439c92fa59
ENT_017885,ent_5eebc3bbff8e
ENT_017886,ent_ea243783a788
ENT_017887,ent_98fc39aafc3d
ENT_017888,ent_8031eb48eb95
ENT_017892,ent_1f6fe17f2e0b
ENT_017893,ent_9d4daa29070b
ENT_017894,ent_57d5f2d9f217
ENT_017895,ent_179c08aea27a
ENT_017896,ent_a255fe91f844
ENT_017897,ent_09888fa67dfa
ENT_017898,ent_99d1720aa87b
ENT_017899,ent_fa5b0a2ca2c3
ENT_017900,ent_66cdc5b242c0
ENT_017901,ent_57289599be3b
ENT_017903,ent_a7afd53714b4
ENT_017904,ent_cb4db4c1df50
ENT_017905,ent_06d4a3cbfa45
ENT_017906,ent_ad4956ca2f7e
ENT_017907,ent_fc904cb0d4fc
ENT_017908,ent_07a74cede28d
ENT_017909,ent_b4fe717dfcd1
ENT_017910,ent_42c033e39cff
ENT_017911,ent_a9722f96bf81
ENT_017912,ent_d41fbfd20809
ENT_017914,ent_a2d1456a0363
ENT_017917,ent_bee3f5acb3f0
ENT_017920,ent_6c98a989f707
ENT_017921,ent_0f23e770d304
ENT_017922,ent_2b27e4b59a23
ENT_017923,ent_d70bddd0ce0e
ENT_017925,ent_e92d507e12fb
ENT_017926,ent_2f402a8ebd10
ENT_017927,ent_7cba0dce305c
ENT_017928,ent_c3966c115657
ENT_017929,ent_e88617d32cc9
ENT_017930,ent_a11fc6098995
ENT_017931,ent_2fddccd60b5f
ENT_017932,ent_7a6d8a0b3344
ENT_017933,ent_085d123bf0cb
ENT_017934,ent_c601b93c106f
ENT_017936,ent_a264e184b988
ENT_017937,ent_c4c9c40021a3
ENT_017938,ent_52a2192c1847
ENT_017939,ent_9555e8da9b75
ENT_017940,ent_5f09f3ea4206
ENT_017941,ent_55e12e7ffa88
ENT_017942,ent_7d568970a708
ENT_017943,ent_efd2a9f73948
ENT_017946,ent_a6cd4cfc3498
ENT_017947,ent_6616ffbf238f
ENT_017948,ent_ad4f5bbde09e
ENT_017949,ent_a84c70396601
ENT_017950,ent_6d8ef4fc5695
ENT_017951,ent_b6f3aa22fd08
ENT_017952,ent_293030b6e089
ENT_017953,ent_665a4734343f
ENT_017955,ent_3c33a6f7ed04
ENT_017956,ent_70dd4007177b
ENT_017957,ent_91f32b5fd188
ENT_017958,ent_3b5b8715deb3
ENT_017959,ent_3713e0506be8
ENT_017961,ent_e2a8f8b750b3
ENT_017962,ent_cbd5c20d3892
ENT_017964,ent_27c26f76e9e6
ENT_017965,ent_5696335b38d7
ENT_017967,ent_fa17d57a8a8d
ENT_017968,ent_1214f00f0125
ENT_017969,ent_bed556b2ff46
ENT_017971,ent_c1e98bb94cb2
ENT_017972,ent_42dc5a35a030
ENT_017974,ent_3519be2c9ac0
ENT_017976,ent_26b6401efb34
ENT_017977,ent_c10478b8caa9
ENT_017979,ent_481f62ca08f1
ENT_017981,ent_befa9e40eb83
ENT_017983,ent_2898194807d9
ENT_017984,ent_162a4a182564
ENT_017985,ent_ea634cf52b78
ENT_017986,ent_1995fb05a658
ENT_017987,ent_fc0a7e4a7528
ENT_017988,ent_afd1541617ea
ENT_017989,ent_b87a3aa26c7e
ENT_017991,ent_689bed706024
ENT_017992,ent_7105d5be9194
ENT_017993,ent_4d4ce562f049
ENT_017994,ent_bc181d7c9de4
ENT_017995,ent_0da3aea83076
ENT_017996,ent_113aff183ceb
ENT_017998,ent_33b9ead28921
ENT_018000,ent_33a4d8238d33
ENT_018002,ent_37ae19d135bf
ENT_018005,ent_d7590e18e650
ENT_018007,ent_6e26dc870dd1
ENT_018008,ent_531eab7bac8c
ENT_018010,ent_490f5c3dafcc
ENT_018012,ent_bca419f74c0f
ENT_018013,ent_9e995e517fc0
ENT_018014,ent_f5f308a5f9e1
ENT_018015,ent_24e6bc699943
ENT_018016,ent_cd9919bf5fd0
ENT_018017,ent_c81bb6f15112
ENT_018018,ent_1bdde4c1ed4d
ENT_018019,ent_d4ee547c143e
ENT_018021,ent_be1a7da1e0a6
ENT_018022,ent_0ae5f8965014
ENT_018024,ent_519e7bf94572
ENT_018028,ent_4c0664c81721
ENT_018029,ent_637765f1f070
ENT_018030,ent_e1c45e1e62bc
ENT_018031,ent_f8a96102e27f
ENT_018032,ent_5dbbb3b66fc4
ENT_018033,ent_2333de917497
ENT_018035,ent_85f64c0dd020
ENT_018036,ent_cc0bd9f1ef94
ENT_018037,ent_0c8e08ac94e8
ENT_018038,ent_08a03d010c71
ENT_018039,ent_283a9a449a00
ENT_018040,ent_288b54a99ad4
ENT_018042,ent_a806ef070e7e
ENT_018043,ent_1a1c08015718
ENT_018045,ent_c3d8c5814581
ENT_018046,ent_0c2c20f4bf16
ENT_018048,ent_2a78eef3e245
ENT_018049,ent_c2d6d6b24016
ENT_018050,ent_2348be4a0954
ENT_018051,ent_9fdd176d752a
ENT_018052,ent_527faed69698
ENT_018053,ent_cb5b1d6c8be9
ENT_018054,ent_7dc71be8c97d
ENT_018056,ent_c98ed408bdd7
ENT_018057,ent_eb5057d615a6
ENT_018058,ent_2677fd35167a
ENT_018063,ent_5016fdf5da83
ENT_018065,ent_dc4d068e0cf3
ENT_018066,ent_8a70efeb739d
ENT_018067,ent_a7220377df03
ENT_018069,ent_6c6be5cbe145
ENT_018070,ent_f7bf7ec9390e
ENT_018071,ent_c33754ced3c2
ENT_018072,ent_36aa2e64f3fa
ENT_018075,ent_1c1a2f17bf72
ENT_018077,ent_690ce275cf60
ENT_018080,ent_2e2135d2bbe0
ENT_018081,ent_c1e193f5ab12
ENT_018083,ent_bf641fdd8308
ENT_018084,ent_611bf1af1686
ENT_018085,ent_94d6181b4cc4
ENT_018086,ent_dcdc8930f855
ENT_018088,ent_1a72f7fa9163
ENT_018089,ent_a8e743f72b5d
ENT_018090,ent_f36f2faba6df
ENT_018092,ent_8a7be00749f2
ENT_018093,ent_629818fbfa2a
ENT_018096,ent_2be1d740c092
ENT_018101,ent_f234156a4963
ENT_018112,ent_79c2c9e81fef
ENT_018114,ent_e7b9e1242c38
ENT_018115,ent_b2745f10e646
ENT_018116,ent_0589967c6d18
ENT_018117,ent_e237765a4370
ENT_018118,ent_6c531f96fc5c
ENT_018119,ent_bf470f070e85
ENT_018120,ent_6ec231d94a19
ENT_018121,ent_0eafe7afc1b8
ENT_018122,ent_fc4425a2dc8a
ENT_018123,ent_7cbcaf397f11
ENT_018124,ent_e074dae2ec84
ENT_018125,ent_00dc3c2f9395
ENT_018126,ent_bcfacbecc3df
ENT_018127,ent_2ef0bdc3a5a8
ENT_018128,ent_dec91bb8cc47
ENT_018131,ent_382e8d7e5a04
ENT_018132,ent_011778c2c5ca
ENT_018133,ent_935540faed87
ENT_018134,ent_88f382bf399d
ENT_018136,ent_7e94eebb798d
ENT_018137,ent_23262648c9f0
ENT_018138,ent_3f1dd3dc0d95
ENT_018139,ent_2c1e679586e5
ENT_018140,ent_7683c2d769fd
ENT_018141,ent_807df7d1695f
ENT_018142,ent_ce05438ddd7a
ENT_018143,ent_fd8314dfe5a3
ENT_018144,ent_38f91bf14817
ENT_018145,ent_42949c5f35f9
ENT_018147,ent_f334e9f59cbb
ENT_018150,ent_e0d02f6ab803
ENT_018152,ent_b863a7892d01
ENT_018153,ent_d2e93535a056
ENT_018154,ent_0be59cec4d07
ENT_018156,ent_396f8e6aa808
ENT_018157,ent_6586459aab55
ENT_018158,ent_8ad4928c4900
ENT_018159,ent_0694a74e4ebd
ENT_018161,ent_2b6bb79969c6
ENT_018165,ent_c177dea30e72
ENT_018167,ent_8941d066cfcc
ENT_018168,ent_93215f7eae7d
ENT_018169,ent_0196022ce2ab
ENT_018171,ent_a194710d344d
ENT_018172,ent_f8bb30e07e04
ENT_018173,ent_09d70fa4ea4e
ENT_018176,ent_a63e246d462e
ENT_018182,ent_dbfe0d23109c
ENT_018183,ent_d3de52b98315
ENT_018184,ent_6d675975078f
ENT_018185,ent_75368a7fa001
ENT_018186,ent_17ad4d33e7e6
ENT_018188,ent_f619b93f51e0
ENT_018190,ent_f8918992a772
ENT_018192,ent_e7e91e2b3481
ENT_018194,ent_9bf04c835f9e
ENT_018195,ent_580b7e3ed8c3
ENT_018196,ent_c495eb4a6126
ENT_018197,ent_1ed34e9c851f
ENT_018198,ent_5c71e7d58c52
ENT_018199,ent_f8cdc44e895f
ENT_018200,ent_137324fd3501
ENT_018201,ent_8cd8a68bad9e
ENT_018202,ent_b444615707ab
ENT_018203,ent_c65bd169c839
ENT_018205,ent_b38be808457e
ENT_018206,ent_4ee3946f72f2
ENT_018207,ent_ed95ddf8c8e0
ENT_018209,ent_e7ac48df4574
ENT_018210,ent_2c9353e5476f
ENT_018211,ent_5122132d9f9a
ENT_018212,ent_178330f80c0b
ENT_018213,ent_76d21a061cf2
ENT_018215,ent_ca90bb2b4497
ENT_018217,ent_b476c1c9c732
ENT_018219,ent_b16c9600c622
ENT_018220,ent_4f10ce2263aa
ENT_018223,ent_e19e5a8f2ba1
ENT_018225,ent_e22f19f22019
ENT_018226,ent_2df57d370ede
ENT_018229,ent_f4006ebadb02
ENT_018230,ent_85e3f3fd2807
ENT_018232,ent_57a7db164473
ENT_018234,ent_824f20703972
ENT_018235,ent_b8f3c5ab3ca3
ENT_018237,ent_5f47cad43f94
ENT_018238,ent_95e56bb41705
ENT_018239,ent_6b5bd3e31c18
ENT_018240,ent_d28fb3f3ee82
ENT_018242,ent_ba300c116324
ENT_018243,ent_dfa4ca53e2eb
ENT_018245,ent_39519e41537e
ENT_018246,ent_c8f82c6241c1
ENT_018247,ent_5ee48049cecd
ENT_018249,ent_e36399da3238
ENT_018250,ent_7e0ea963de0c
ENT_018253,ent_13b08f2f807d
ENT_018254,ent_9078426d3940
ENT_018255,ent_da8b7c4f8438
ENT_018260,ent_660bd9183a16
ENT_018261,ent_1abbdedb15f2
ENT_018264,ent_6bbc1fa704ef
ENT_018265,ent_bc6e769effeb
ENT_018266,ent_767878fdda5a
ENT_018267,ent_5fff2e8c3a3b
ENT_018269,ent_1ebc8fcd482a
ENT_018270,ent_adc0b9f72e0d
ENT_018272,ent_d529c0f647f3
ENT_018273,ent_68420ed6aa67
ENT_018274,ent_99b50cf3a952
ENT_018275,ent_0481a3e0c4f7
ENT_018278,ent_4fa4f07e8fdb
ENT_018280,ent_87612973bcf8
ENT_018282,ent_4dd50d3f78c6
ENT_018283,ent_fc220696c1cd
ENT_018284,ent_7596d77edcb2
ENT_018286,ent_fcb8e5af06ec
ENT_018287,ent_62a9e0c4724c
ENT_018288,ent_1c14a8a13961
ENT_018291,ent_0c8f081a47a7
ENT_018293,ent_fd0f57886fdd
ENT_018294,ent_548475026cba
ENT_018295,ent_f32aede491f4
ENT_018296,ent_e07dcefa620c
ENT_018298,ent_6f00a2720d71
ENT_018300,ent_2606565f01c7
ENT_018301,ent_3dc90e176d57
ENT_018302,ent_6a38eb3dd716
ENT_018303,ent_9c93221ba3bf
ENT_018304,ent_e8b7210700b8
ENT_018305,ent_aa0756c43313
ENT_018306,ent_3ee286d21483
ENT_018307,ent_bb8afb3a7df2
ENT_018308,ent_49f623d11ddf
ENT_018309,ent_ba5428ee831a
ENT_018310,ent_21aaabd21347
ENT_018311,ent_a74e9fa71aa1
ENT_018312,ent_07126b7c2b71
ENT_018313,ent_baf9e97d9d26
ENT_018314,ent_542a720a155a
ENT_018315,ent_6dbf51907337
ENT_018316,ent_1f5384a7b59c
ENT_018317,ent_be704e46d52f
ENT_018319,ent_84f71be8825e
ENT_018324,ent_648cd18f4244
ENT_018325,ent_a0c2a978a00c
ENT_018327,ent_f9251b2e821e
ENT_018329,ent_6c6c0558e0e1
ENT_018330,ent_e02749d286f6
ENT_018332,ent_46addc4e440b
ENT_018334,ent_0d6db7d996f0
ENT_018335,ent_a774e79bd995
ENT_018339,ent_09679b4eddb2
ENT_018340,ent_8faa22e28419
ENT_018341,ent_7f78d4ff59a3
ENT_018343,ent_06a98cb96c3b
ENT_018345,ent_d8a52a4f778d
ENT_018346,ent_66ec1344497b
ENT_018347,ent_ce136dc836da
ENT_018348,ent_d9db2f114cc9
ENT_018349,ent_79280ce8ea9c
ENT_018350,ent_dca0d8ab763e
ENT_018351,ent_3e767a79851e
ENT_018352,ent_9857106a0052
ENT_018353,ent_db411a3821c2
ENT_018354,ent_9460cac9d84c
ENT_018355,ent_e21475bb482f
ENT_018356,ent_c85538d08e2f
ENT_018359,ent_60acb8316ff0
ENT_018364,ent_5e3afa6ffe6e
ENT_018365,ent_2acd29577c02
ENT_018369,ent_af6542d892cd
ENT_018370,ent_fc2c86bfc6a8
ENT_018371,ent_befc3f94f2b0
ENT_018372,ent_619efe8f98ff
ENT_018373,ent_639a44c528e4
ENT_018374,ent_16acd80e97ae
ENT_018375,ent_7acb14e20e8e
ENT_018377,ent_7dc4df1bcb29
ENT_018378,ent_5585ee8d0ff2
ENT_018379,ent_a6fef520d8b8
ENT_018380,ent_b62a8152b6f0
ENT_018382,ent_4739076647ce
ENT_018383,ent_e3120843efa3
ENT_018384,ent_9cabed5b15f1
ENT_018385,ent_6033d43be3a0
ENT_018387,ent_02ac1a524010
ENT_018388,ent_64f346584f11
ENT_018389,ent_698f5ffe893e
ENT_018392,ent_50417f66cef8
ENT_018393,ent_4c6871bf3ab1
ENT_018394,ent_e78c2d89dfab
ENT_018396,ent_a1113fb369b8
ENT_018397,ent_4a662bfb33da
ENT_018399,ent_be6757596ae6
ENT_018400,ent_564fb10d3f91
ENT_018403,ent_14fa5a23d082
ENT_018404,ent_223135a3abb1
ENT_018405,ent_3ac293c5d921
ENT_018406,ent_45414c48f4b1
ENT_018407,ent_e6d137409896
ENT_018408,ent_e5e660b9f097
ENT_018409,ent_168f531b9a1f
ENT_018410,ent_df01d9c2748e
ENT_018411,ent_28d2b4c09a30
ENT_018413,ent_09a015992fb8
ENT_018414,ent_6b288f640412
ENT_018415,ent_5d941a389481
ENT_018416,ent_d3ff1e75636f
ENT_018417,ent_5cd6627f8d7a
ENT_018418,ent_f138c5467d9e
ENT_018419,ent_e060cd6ecf02
ENT_018420,ent_87f7b599c0d4
ENT_018421,ent_3f1d8c58c4b3
ENT_018422,ent_c6fa2f19914a
ENT_018423,ent_631e898667ca
ENT_018424,ent_b969c7dd93dc
ENT_018425,ent_c676325c91e3
ENT_018426,ent_bc6ef6625b90
ENT_018427,ent_712193ff324c
ENT_018428,ent_f21f734aa373
ENT_018429,ent_b04053723838
ENT_018430,ent_6c0c24468809
ENT_018431,ent_aa53c91473aa
ENT_018432,ent_8520987ef660
ENT_018433,ent_924439a6e297
ENT_018434,ent_5f6928d1b553
ENT_018435,ent_705655bd80c9
ENT_018436,ent_7c8f143a6bbe
ENT_018437,ent_046f574278e3
ENT_018438,ent_6defac897bf0
ENT_018439,ent_372d7f5c2c44
ENT_018440,ent_c39aaf6aacbe
ENT_018441,ent_1a0fda163b1b
ENT_018442,ent_d2b34498028d
ENT_018443,ent_d220a4f1e5aa
ENT_018447,ent_a6e3aa93774d
ENT_018450,ent_1a3d8c5319b8
ENT_018451,ent_a07f06f59eba
ENT_018452,ent_c8c6e2dd1398
ENT_018454,ent_099e755c2d47
ENT_018456,ent_0a1989c98eca
ENT_018457,ent_f32a85c82323
ENT_018460,ent_9ecb7d68edc1
ENT_018464,ent_e098b4cb54fa
ENT_018465,ent_7a2b255082b3
ENT_018466,ent_32d1b81dbba1
ENT_018467,ent_d973cd3ff087
ENT_018468,ent_cf1d10db4906
ENT_018469,ent_09e353e5d149
ENT_018470,ent_2bf4dcfbb462
ENT_018471,ent_db086cd72f70
ENT_018472,ent_b14f01600b9f
ENT_018474,ent_6a55b6338671
ENT_018475,ent_23b464b88104
ENT_018476,ent_b058b33e7597
ENT_018477,ent_9e0177f82da6
ENT_018479,ent_bf23b0ec588d
ENT_018480,ent_f8995841c3ec
ENT_018482,ent_5f0ac3ec7124
ENT_018483,ent_3a7b3a5f6eb5
ENT_018484,ent_feff022dbe7e
ENT_018485,ent_0d5e1bcbc609
ENT_018487,ent_7ee0e58932be
ENT_018490,ent_98ec00689b2e
ENT_018491,ent_a6790293dd6b
ENT_018492,ent_b47dd41ee550
ENT_018493,ent_ac09b6cd0518
ENT_018495,ent_4985b2d23a3f
ENT_018496,ent_c836ef5556f2
ENT_018497,ent_a06504bc7d85
ENT_018499,ent_65ead013f605
ENT_018500,ent_bdd5e123bc45
ENT_018501,ent_090fdc7a7ce6
ENT_018504,ent_9c2f4f9dab11
ENT_018505,ent_f30c4786577c
ENT_018506,ent_2189915a6ac2
ENT_018509,ent_d1fdd5c4c007
ENT_018510,ent_2cfca35553b5
ENT_018511,ent_57100086e16a
ENT_018512,ent_d3fc0906f5f4
ENT_018513,ent_aff38ab65ab9
ENT_018514,ent_4f6c0092e2de
ENT_018515,ent_490f5a48b3de
ENT_018516,ent_ab4e6464ec5b
ENT_018517,ent_620fe80bffd2
ENT_018519,ent_a9f86073d6dd
ENT_018520,ent_f5a7eec4cb90
ENT_018521,ent_3f0824c143c7
ENT_018526,ent_da2d86cf07b8
ENT_018527,ent_c2d8c55d82aa
ENT_018528,ent_37160c8af9e1
ENT_018530,ent_9fe49ee078f6
ENT_018532,ent_a9f54ba298cf
ENT_018533,ent_44f0bc550c61
ENT_018534,ent_6f656ba4ecf0
ENT_018536,ent_6be229208848
ENT_018537,ent_a38fbf739587
ENT_018538,ent_c9ad14321a54
ENT_018539,ent_7959e9d9c1eb
ENT_018540,ent_f040026cb303
ENT_018541,ent_db4ec77f2951
ENT_018543,ent_53423993cd72
ENT_018545,ent_e8184298be1d
ENT_018546,ent_81f753ce8d7e
ENT_018547,ent_310d41132f8e
ENT_018548,ent_e6471e4a7ea4
ENT_018549,ent_30980fca111a
ENT_018550,ent_047531e5f94d
ENT_018551,ent_dbce620ddcab
ENT_018552,ent_f9e1defc86cd
ENT_018554,ent_0f1018514be9
ENT_018555,ent_bf2009b53d14
ENT_018556,ent_3693e8d14421
ENT_018557,ent_219d1b2c5806
ENT_018558,ent_dd5125f449f1
ENT_018559,ent_a63056363ab8
ENT_018560,ent_c683e2b68869
ENT_018561,ent_98bb82bada76
ENT_018562,ent_7bd6023c900a
ENT_018563,ent_7f8e8227a82f
ENT_018564,ent_5a30fb00c29d
ENT_018565,ent_3db2b3869b01
ENT_018566,ent_3c6e279b65fd
ENT_018567,ent_d60b33c9ed03
ENT_018569,ent_edd0d871f7a9
ENT_018571,ent_6c335766e928
ENT_018572,ent_6bd2e95388f6
ENT_018573,ent_7b6d247a6a1e
ENT_018574,ent_16d2e45ae0dc
ENT_018575,ent_b103148fae56
ENT_018576,ent_482aa4e2b2f0
ENT_018577,ent_f3d021e164c5
ENT_018578,ent_a53392ad63f1
ENT_018580,ent_b5cb21d03d4a
ENT_018581,ent_e330a59094c8
ENT_018583,ent_390d45a9ee1a
ENT_018584,ent_34faadb22b46
ENT_018586,ent_4f4b806935eb
ENT_018587,ent_a464151349ff
ENT_018588,ent_4a3a5335c8f7
ENT_018589,ent_613e8c245dd9
ENT_018590,ent_1dd65cced1e9
ENT_018592,ent_f0dc904d575d
ENT_018593,ent_53126da8d922
ENT_018594,ent_c5cf9b05b438
ENT_018595,ent_956b32d7d968
ENT_018596,ent_ddc6364c60e1
ENT_018597,ent_d51826ed6ab1
ENT_018598,ent_c7831aeccfa0
ENT_018600,ent_cf658fbd0f1b
ENT_018601,ent_10d60317a7b8
ENT_018603,ent_dbc76c716f8a
ENT_018604,ent_272fa2345ec0
ENT_018605,ent_4f396a99613e
ENT_018606,ent_7bc535b42f2d
ENT_018607,ent_bc3a75245a74
ENT_018608,ent_cf286a12766d
ENT_018609,ent_ac000ae28ae0
ENT_018610,ent_678ab77a380b
ENT_018611,ent_e0064f6df057
ENT_018612,ent_f077d37e3a21
ENT_018613,ent_dda32765796c
ENT_018614,ent_488157572048
ENT_018615,ent_19ca61d64541
ENT_018616,ent_b24c1d948956
ENT_018617,ent_154e64907dc4
ENT_018618,ent_570b49d37f3c
ENT_018619,ent_9dd4bd1f7100
ENT_018620,ent_af921429fbb0
ENT_018621,ent_62ba1107710d
ENT_018622,ent_a316f3dbd235
ENT_018623,ent_bde35318772c
ENT_018624,ent_5aa919c2bb13
ENT_018625,ent_42de80249d11
ENT_018626,ent_dc064d277ec2
ENT_018627,ent_ca05ff124652
ENT_018628,ent_e0cf6f7c9e09
ENT_018629,ent_48a0648e9246
ENT_018630,ent_a9211a9ee3ce
ENT_018631,ent_d7efdc57d038
ENT_018632,ent_6ef108d8f215
ENT_018634,ent_43a6dbeb3149
ENT_018635,ent_892c96d17d6c
ENT_018637,ent_31b466518b75
ENT_018638,ent_13ae56e28680
ENT_018639,ent_992125051dcb
ENT_018640,ent_767bbdfd3f84
ENT_018641,ent_eae70bee2ce8
ENT_018644,ent_ab441391a8c9
ENT_018645,ent_2eff883e8e80
ENT_018647,ent_db1b2f6a9f41
ENT_018648,ent_ad7f0415439e
ENT_018649,ent_8ee536b57ec4
ENT_018650,ent_ebe9620deb55
ENT_018651,ent_8c0ece34a490
ENT_018652,ent_80809d34dcbe
ENT_018654,ent_e4de3f16d8c4
ENT_018655,ent_204f1ae88810
ENT_018656,ent_edf9b2300324
ENT_018657,ent_79b265072d8a
ENT_018658,ent_9e1a5443f6d4
ENT_018660,ent_8de7a55795d1
ENT_018661,ent_3b84205ff718
ENT_018662,ent_581e13b98965
ENT_018663,ent_5f1b9c29b53a
ENT_018664,ent_b24c4045920c
ENT_018668,ent_5504a4a33907
ENT_018672,ent_c52d4b90edf9
ENT_018676,ent_13e5b5317fb5
ENT_018677,ent_4df8632fb6e6
ENT_018679,ent_80d0e604cc2f
ENT_018680,ent_ea13b21b798e
ENT_018682,ent_c1b72ba61bdd
ENT_018683,ent_e90ebe400a00
ENT_018685,ent_b64570e89503
ENT_018687,ent_610e7011640f
ENT_018689,ent_55a2cb18590f
ENT_018690,ent_8aa85c5d63fe
ENT_018691,ent_b7fce5870d5c
ENT_018693,ent_84734a6429a9
ENT_018694,ent_d031ff3d2902
ENT_018695,ent_3b30145d1513
ENT_018697,ent_38ee5fca3a77
ENT_018698,ent_be14c8791557
ENT_018699,ent_b81d14108ea6
ENT_018701,ent_6685b53afb8d
ENT_018704,ent_4d7c2e1c2ad8
ENT_018707,ent_d92c54093214
ENT_018708,ent_2d38ad3e13e9
ENT_018709,ent_d35e4f5dce20
ENT_018710,ent_835dd507bcc7
ENT_018712,ent_69992f8bd766
ENT_018713,ent_e701bc359ded
ENT_018714,ent_75d67c32f896
ENT_018716,ent_b9c334cfd06e
ENT_018717,ent_1fcc7e8e6a39
ENT_018718,ent_6c70424a4875
ENT_018719,ent_7d39a943f767
ENT_018720,ent_8b1f4983733d
ENT_018721,ent_31244b8e24ca
ENT_018722,ent_10bb4ebf9d8d
ENT_018723,ent_a241079a7636
ENT_018724,ent_a1e57ea5dfd0
ENT_018725,ent_90e78055b26a
ENT_018726,ent_129b36414d5a
ENT_018727,ent_e03545fd5a84
ENT_018728,ent_432dade2c7f5
ENT_018729,ent_8940ce99f2a5
ENT_018730,ent_1c083e1923cb
ENT_018731,ent_932f2a0a3f96
ENT_018732,ent_7629b5a312cb
ENT_018733,ent_dda9c02b7300
ENT_018736,ent_42e0a668cb7e
ENT_018737,ent_5ccdc7bb1bc5
ENT_018738,ent_dd65c770d488
ENT_018741,ent_17b11932ff7c
ENT_018743,ent_d31b948bfa55
ENT_018744,ent_245823bf634f
ENT_018745,ent_9bfff84da1cf
ENT_018746,ent_f34cf1cef4fc
ENT_018747,ent_39768db4e9d4
ENT_018752,ent_b29a8f385d20
ENT_018753,ent_b98c286d1332
ENT_018756,ent_f8e1c364c856
ENT_018757,ent_0a7ca6f5ccd9
ENT_018758,ent_c50986f0d9b2
ENT_018759,ent_8d56a57c2d36
ENT_018762,ent_639de078deed
ENT_018766,ent_895a6c52f176
ENT_018768,ent_4212812e8fd9
ENT_018769,ent_af0ae3310e9c
ENT_018770,ent_0e09112bab26
ENT_018771,ent_b2fba0633b84
ENT_018772,ent_1a014ef6a91d
ENT_018773,ent_3b1582927551
ENT_018776,ent_d4f53aa0eb22
ENT_018780,ent_dccc5d66a934
ENT_018781,ent_195851ca24e5
ENT_018784,ent_6f454bdaddbf
ENT_018785,ent_77b2175933fd
ENT_018786,ent_0cb3c11f2346
ENT_018787,ent_62d4571e40b6
ENT_018788,ent_26b142067133
ENT_018791,ent_f6e1e2d4fc00
ENT_018793,ent_fe9715b69d10
ENT_018794,ent_54df1d5801a4
ENT_018795,ent_5860f7e56392
ENT_018797,ent_795821a4efb4
ENT_018798,ent_cd3405ccfc2e
ENT_018799,ent_678722a339a0
ENT_018800,ent_64d97081dbf5
ENT_018801,ent_7e72c084abac
ENT_018802,ent_781f89e827bf
ENT_018803,ent_804fac3fba27
ENT_018806,ent_ac1a9bad7aa6
ENT_018807,ent_553ba1493d58
ENT_018808,ent_456d8483a27a
ENT_018809,ent_d31da630958a
ENT_018810,ent_1249b0dd4791
ENT_018811,ent_8c9400d908e2
ENT_018812,ent_f8942ed51e14
ENT_018814,ent_df70c26df43d
ENT_018815,ent_9cd967e3eca3
ENT_018816,ent_4a82ff1bc4f1
ENT_018817,ent_4e5201b194d9
ENT_018818,ent_e191dedfaa3a
ENT_018819,ent_6948fb2e4429
ENT_018820,ent_9092c4afe234
ENT_018821,ent_5391b64d48dc
ENT_018822,ent_303509dbd715
ENT_018823,ent_0c98b6a71a9d
ENT_018824,ent_2c6ae01be269
ENT_018825,ent_5c65ae4129d4
ENT_018826,ent_987dc1a97416
ENT_018827,ent_4f3b51423d5f
ENT_018828,ent_61498f65cbad
ENT_018829,ent_a42372f720f5
ENT_018830,ent_75e2bafb14c7
ENT_018831,ent_2145aab9b80a
ENT_018832,ent_891aae501a77
ENT_018834,ent_9512d26f19c8
ENT_018838,ent_ce41b7689e6d
ENT_018839,ent_ae5f17640c29
ENT_018840,ent_8bdd43803980
ENT_018845,ent_53fcde80896f
ENT_018847,ent_56fa5c84cf79
ENT_018848,ent_ef39cd9a0572
ENT_018849,ent_0a02aca33204
ENT_018850,ent_cdfba2cc2411
ENT_018854,ent_3de07fe63017
ENT_018856,ent_c14e96b251f1
ENT_018858,ent_af1a70e18dbe
ENT_018859,ent_67f2d1f9329c
ENT_018860,ent_53c9c409f05e
ENT_018861,ent_d84beea4fb2c
ENT_018862,ent_0a85431f1b0d
ENT_018863,ent_7db112a9c67d
ENT_018864,ent_37b268a39e87
ENT_018866,ent_f1dac944173c
ENT_018868,ent_9c8fa8c55896
ENT_018870,ent_a4b93b4c6bca
ENT_018872,ent_09d989dbbaaf
ENT_018874,ent_87557bc08f42
ENT_018875,ent_c3749b840554
ENT_018876,ent_8eb7443cee5c
ENT_018877,ent_f24fc28f8f28
ENT_018879,ent_ecdf7ad0109e
ENT_018880,ent_79a65bc427c9
ENT_018881,ent_619063b58282
ENT_018883,ent_583eabcc6046
ENT_018884,ent_caf0a35c772c
ENT_018885,ent_5de78a55995e
ENT_018887,ent_63fc7ee06e14
ENT_018889,ent_086cd407279b
ENT_018895,ent_278fac3a161b
ENT_018897,ent_c8db40f7532f
ENT_018898,ent_4fb185afa8db
ENT_018899,ent_2fbc7ffec406
ENT_018900,ent_49aaaaf93dd8
ENT_018901,ent_9aac423490ef
ENT_018902,ent_e065d417d9d7
ENT_018904,ent_eb5cbb9ee0dc
ENT_018906,ent_f317426274b7
ENT_018907,ent_b2249f3987bb
ENT_018908,ent_3b5302aba1b0
ENT_018909,ent_f5d5f0f2f812
ENT_018910,ent_aae86164544d
ENT_018911,ent_3c1db90710f8
ENT_018912,ent_d3c8b14e0fdb
ENT_018913,ent_c22cfc394caf
ENT_018914,ent_f01d74dda716
ENT_018916,ent_31db91203c0e
ENT_018917,ent_d52ee0778329
ENT_018919,ent_583fe274448a
ENT_018920,ent_11b1e9b44625
ENT_018922,ent_8000f4986dba
ENT_018924,ent_e41ace7db059
ENT_018925,ent_c3d3447f939b
ENT_018926,ent_7ba88b1f54f4
ENT_018929,ent_67b06ab90b21
ENT_018930,ent_ab2f02643d52
ENT_018931,ent_3415d958b619
ENT_018933,ent_be135a7750a3
ENT_018936,ent_29037edc1b81
ENT_018937,ent_ea195bc50e3a
ENT_018938,ent_3e6455364876
ENT_018939,ent_6932e2a46673
ENT_018942,ent_035d360ff597
ENT_018944,ent_270de8985e38
ENT_018947,ent_879649deced9
ENT_018948,ent_e3f06fd36af1
ENT_018949,ent_2ce4dcfb4a15
ENT_018950,ent_b5bbc4196f1e
ENT_018952,ent_509797b2362e
ENT_018953,ent_285c85a99201
ENT_018954,ent_ffdc60bc4356
ENT_018955,ent_6db832091d65
ENT_018957,ent_e06e27d70b5f
ENT_018958,ent_cfb989da55a4
ENT_018960,ent_e204b9255835
ENT_018964,ent_1a2759bcd9d3
ENT_018968,ent_c68bb395422d
ENT_018969,ent_3b19ef5a04ad
ENT_018970,ent_b4098370719d
ENT_018971,ent_2c722e710673
ENT_018973,ent_b3b89054345a
ENT_018974,ent_fafec830d4f8
ENT_018975,ent_c9e14626e0f7
ENT_018977,ent_52a5cc9200f0
ENT_018980,ent_a3a8a2b1a7d5
ENT_018982,ent_8acb5877e495
ENT_018983,ent_d64c24fd447a
ENT_018984,ent_b585cda82f98
ENT_018986,ent_7d849f2c6c36
ENT_018987,ent_cf1e77e052ef
ENT_018988,ent_f08973637d04
ENT_018989,ent_b148c6902f7c
ENT_018991,ent_ff321b5c36b2
ENT_018992,ent_a7608ccb6478
ENT_018993,ent_aa2ef3126766
ENT_018994,ent_7c63b39dc70a
ENT_018995,ent_85e4fcd8dc9a
ENT_018996,ent_aaea1d48f179
ENT_019002,ent_77fc613817f9
ENT_019003,ent_65ab802854b6
ENT_019004,ent_d7c5e9c8ba25
ENT_019005,ent_aa382628d838
ENT_019006,ent_0425f8ac95b4
ENT_019007,ent_e5080bdb5df3
ENT_019008,ent_bc8b59cb0aa8
ENT_019009,ent_0ffeeefa0b9d
ENT_019010,ent_50abb1d18539
ENT_019011,ent_33e001f8b0cf
ENT_019012,ent_4b67e5662b2d
ENT_019013,ent_575360316e33
ENT_019014,ent_ffd1941d221e
ENT_019020,ent_62f4e368300e
ENT_019022,ent_ad803c7745ff
ENT_019023,ent_5db121f6f612
ENT_019024,ent_cc2dba08f461
ENT_019025,ent_27c4d97e333e
ENT_019026,ent_46654444be33
ENT_019027,ent_e081c333518f
ENT_019028,ent_eac8a6d4a32d
ENT_019029,ent_3d9dda1204ae
ENT_019030,ent_1c26b3f26eec
ENT_019031,ent_b3b044550a72
ENT_019032,ent_36fe5969d94e
ENT_019033,ent_d7d9cb9b1bb3
ENT_019034,ent_a5088bac763e
ENT_019035,ent_ac001722f7c9
ENT_019036,ent_e6dd5f725cff
ENT_019037,ent_8a341aadf750
ENT_019038,ent_2a64ae855754
ENT_019039,ent_ed3e8c732b02
ENT_019040,ent_2715fc88d70c
ENT_019041,ent_4559436d7f05
ENT_019042,ent_25dd6699b9ec
ENT_019043,ent_a64b429070c3
ENT_019046,ent_2e7f742813d8
ENT_019047,ent_22b0d21076a4
ENT_019048,ent_64bf2be69e91
ENT_019049,ent_574ed58ff7b2
ENT_019050,ent_a5d9850bd062
ENT_019051,ent_72f0e577a590
ENT_019052,ent_22a623f4ab43
ENT_019054,ent_21f59fe7dd4e
ENT_019055,ent_56852dbcf9c5
ENT_019056,ent_62416dd43778
ENT_019057,ent_e1b37e66da06
ENT_019058,ent_beee1ac16e23
ENT_019059,ent_a6b1bcdfe202
ENT_019060,ent_d472ad280e4a
ENT_019061,ent_fe6bb47e4938
ENT_019062,ent_c45d066d42fa
ENT_019063,ent_b4fdd38e2273
ENT_019064,ent_ef9b0dfb62ef
ENT_019065,ent_bdf6a45df244
ENT_019066,ent_8471a09187b2
ENT_019067,ent_c11a8e198487
ENT_019068,ent_f8650dd9f096
ENT_019069,ent_546b7e292d9c
ENT_019070,ent_361a3ebcb152
ENT_019071,ent_a7caeb7da37d
ENT_019072,ent_cd0ddf997ebb
ENT_019073,ent_26f34164789a
ENT_019074,ent_ffa0deee3d1b
ENT_019075,ent_5d7cf23c5250
ENT_019076,ent_51a92352d2b4
ENT_019077,ent_a0858bb7db8e
ENT_019078,ent_402a6bd8e173
ENT_019079,ent_d4bb5f3dccee
ENT_019080,ent_70d76fa259e0
ENT_019081,ent_b15f050c2955
ENT_019082,ent_423a7db7b525
ENT_019083,ent_be9b73533e03
ENT_019084,ent_a4ec71aa1c84
ENT_019085,ent_e629e2d4aa30
ENT_019086,ent_18dd636b923e
ENT_019087,ent_2b1c9b1f7e27
ENT_019088,ent_c5ab1ddde3a5
ENT_019089,ent_4be04c03e55f
ENT_019090,ent_667b463da3de
ENT_019091,ent_8e9ca34f9c7f
ENT_019092,ent_932fda5c6890
ENT_019093,ent_c6e025ca227a
ENT_019094,ent_b03d2538f908
ENT_019095,ent_f0f05b4c23b5
ENT_019096,ent_6895384c1d86
ENT_019097,ent_d3179b2f2aaf
ENT_019098,ent_3bd0b9548f12
ENT_019099,ent_20e257c6b5c0
ENT_019100,ent_d0b2f5e722ce
ENT_019101,ent_6543f23ccdef
ENT_019102,ent_fb7688ea933f
ENT_019103,ent_91e5fe0009f0
ENT_019104,ent_86f55415324d
ENT_019105,ent_5b3645c48695
ENT_019106,ent_09b8988dcef9
ENT_019107,ent_afa435ec40da
ENT_019108,ent_240c2e781aa9
ENT_019109,ent_2022e1a59af5
ENT_019110,ent_bd44d4e173ef
ENT_019111,ent_f1537a379903
ENT_019112,ent_bea89ba0fd82
ENT_019113,ent_7ea397bfff80
ENT_019114,ent_c61fe6738dab
ENT_019115,ent_4ea99fc183b2
ENT_019116,ent_5adaafdd4176
ENT_019117,ent_0e1ff30621b1
ENT_019118,ent_71c6887d0a73
ENT_019119,ent_d5579aa4cc63
ENT_019120,ent_6e50742020bb
ENT_019121,ent_a64809741eda
ENT_019122,ent_7aaf545a8846
ENT_019123,ent_8564db3bc42a
ENT_019124,ent_b99b5826efa5
ENT_019125,ent_9b2990032b50
ENT_019126,ent_4ff4fb4cd802
ENT_019127,ent_7581dbef70d5
ENT_019128,ent_0fcc7cee592b
ENT_019129,ent_eee7ec9b7bc0
ENT_019131,ent_e2345994287a
ENT_019132,ent_4eaa7abb6bbf
ENT_019133,ent_a5f311dd0ada
ENT_019134,ent_afd62d2cb0a1
ENT_019135,ent_32b8b1cc3f2f
ENT_019136,ent_ebc1e872597e
ENT_019137,ent_eedf9557f298
ENT_019138,ent_b6a7be5f15f2
ENT_019139,ent_1c3e462507c2
ENT_019140,ent_98083a190462
ENT_019141,ent_4ffce88b8581
ENT_019142,ent_63fafbdab10a
ENT_019143,ent_2bd980e398b7
ENT_019144,ent_77cf553f3c7b
ENT_019145,ent_d5982933f07a
ENT_019146,ent_95a7bb602d4a
ENT_019147,ent_02c96c818fa0
ENT_019148,ent_c833f1bda1f4
ENT_019150,ent_5f9c65f2f911
ENT_019151,ent_e896620747e9
ENT_019152,ent_e95dd74b92ca
ENT_019153,ent_11d019a871f0
ENT_019154,ent_4b416c11d331
ENT_019155,ent_e23f67d4b579
ENT_019157,ent_9541f8a3efd3
ENT_019158,ent_1f2b24e5f29d
ENT_019159,ent_1206db7b042b
ENT_019160,ent_eafd885619ae
ENT_019161,ent_f111eabb8e28
ENT_019162,ent_452d4f2b823a
ENT_019163,ent_715ca1885c02
ENT_019164,ent_6ff60823694f
ENT_019165,ent_98312d90c7fa
ENT_019166,ent_d1565037bc82
ENT_019167,ent_8e6db8742399
ENT_019168,ent_d2c62e9ee18f
ENT_019169,ent_744a5f2d33ca
ENT_019170,ent_25096f605c19
ENT_019171,ent_508c381b05c6
ENT_019172,ent_81779c626629
ENT_019173,ent_87df8d0135a2
ENT_019174,ent_739defbca7a5
ENT_019175,ent_fd351d03eb07
ENT_019176,ent_ee8b9c3c5c74
ENT_019177,ent_a2bab8948de4
ENT_019178,ent_7e6a2eb96a03
ENT_019179,ent_1d3a9d688df8
ENT_019180,ent_d5b3d871f3aa
ENT_019181,ent_cd635499d480
ENT_019182,ent_2f6a163d8e42
ENT_019183,ent_90f8e47a1c95
ENT_019184,ent_5c8f89fd1ff7
ENT_019185,ent_b5255fdb38f0
ENT_019186,ent_3dfdc3d23ae8
ENT_019187,ent_c33c8e036c4e
ENT_019188,ent_000d033f29ed
ENT_019189,ent_291eac310b5c
ENT_019190,ent_2ffe5c5036d6
ENT_019191,ent_d3771be2a4e5
ENT_019192,ent_43c4a3eef3c1
ENT_019193,ent_faf912064270
ENT_019194,ent_0a110ab2f1e1
ENT_019195,ent_8eb179383ebf
ENT_019196,ent_71b0588f2f4d
ENT_019197,ent_40f5df88af74
ENT_019198,ent_8d87e9e8d9b1
ENT_019199,ent_985005c2f8cc
ENT_019200,ent_b387852748e5
ENT_019201,ent_c8e64463e42a
ENT_019202,ent_f1ad7feb1326
ENT_019203,ent_04506e36e2e1
ENT_019205,ent_5af0fb1eed4b
ENT_019206,ent_a3a0e431889a
ENT_019207,ent_0ce5cc03fb4f
ENT_019208,ent_f69adcdf3952
ENT_019210,ent_3bea1e2ef66a
ENT_019211,ent_fd4dd44eb581
ENT_019212,ent_5ec0384fec7f
ENT_019213,ent_cbeeb3fb6a7c
ENT_019214,ent_0afa9dd3961b
ENT_019215,ent_74f3baa409d7
ENT_019216,ent_8e9b6b6eadce
ENT_019217,ent_63388081be0b
ENT_019218,ent_1917c79c3b69
ENT_019219,ent_79cc7e198926
ENT_019220,ent_34dc460d87ca
ENT_019221,ent_5be2b9b9533d
ENT_019222,ent_5357fc1600c2
ENT_019223,ent_ab11917ef036
ENT_019224,ent_6e63c20579d5
ENT_019225,ent_a54efedf8381
ENT_019226,ent_4741f51d0009
ENT_019227,ent_054932d35f30
ENT_019228,ent_c98e5a78b39e
ENT_019229,ent_1a9afa675dfc
ENT_019230,ent_c4a62e4538d3
ENT_019231,ent_e7172a85d3f5
ENT_019232,ent_a48288b73ee6
ENT_019233,ent_a59566734aba
ENT_019234,ent_9ab5bbaf4a9b
ENT_019235,ent_7a9b46fd290c
ENT_019236,ent_69988cbe2811
ENT_019237,ent_0e372fd50e96
ENT_019238,ent_142e2b89b0a6
ENT_019239,ent_25a3c6fd726c
ENT_019240,ent_b8a94452b719
ENT_019241,ent_4ad06259dc3f
ENT_019242,ent_5f59f03c9673
ENT_019243,ent_41f605f655b3
ENT_019244,ent_c1888fcee59a
ENT_019245,ent_35c228637c4c
ENT_019246,ent_32133c4cd1cc
ENT_019247,ent_53e65be6d66f
ENT_019248,ent_5d3cbf959a3f
ENT_019249,ent_f063bedb47f8
ENT_019250,ent_025f5fe01e41
ENT_019251,ent_b76a263d4b10
ENT_019252,ent_bf021a1d464e
ENT_019253,ent_40b2f9b463ef
ENT_019254,ent_cf8712e80780
ENT_019255,ent_9d33ce51c194
ENT_019256,ent_8ca93a64ff89
ENT_019257,ent_91f7b7a6e6f0
ENT_019258,ent_eb874bec6859
ENT_019260,ent_e79c119070c8
ENT_019261,ent_cdc199f06f7b
ENT_019262,ent_638fe464dc5b
ENT_019263,ent_ecb0a2101fd6
ENT_019264,ent_2868b8e13a06
ENT_019265,ent_ad602032a68f
ENT_019266,ent_e9322197a38f
ENT_019267,ent_17698b324f1a
ENT_019270,ent_e4167ceb33c5
ENT_019272,ent_90fdf120e6a7
ENT_019273,ent_62f6b1cf71ef
ENT_019275,ent_df9c780cc657
ENT_019276,ent_800dfeab4a22
ENT_019277,ent_6deff4eb64e9
ENT_019278,ent_f0d5f11660df
ENT_019279,ent_2f5eebd1e03d
ENT_019280,ent_00c66d1b6f34
ENT_019284,ent_9830aaf451e6
ENT_019286,ent_953e19d4b67f
ENT_019287,ent_2eefaa886a11
ENT_019288,ent_4a06effc68e3
ENT_019290,ent_6991cce4f8b2
ENT_019291,ent_3587e41ccc00
ENT_019292,ent_3dd84e27f616
ENT_019293,ent_2257df9adbe2
ENT_019294,ent_77f8c85ebbce
ENT_019296,ent_5e435c788dfe
ENT_019299,ent_2ca88e93e397
ENT_019301,ent_74ac1e248b97
ENT_019303,ent_7f9ba87db5ed
ENT_019304,ent_eddddde6935f
ENT_019305,ent_aec692cdf748
ENT_019306,ent_e29b4ecc2864
ENT_019309,ent_e444f452a3b8
ENT_019310,ent_2cbb0f7c55f2
ENT_019312,ent_7a4b914c510a
ENT_019313,ent_8016fed15437
ENT_019314,ent_b3cbc355a3ee
ENT_019315,ent_7aeb12ca5f76
ENT_019316,ent_55f28070ac5c
ENT_019319,ent_91707f513860
ENT_019321,ent_d10c7522d05f
ENT_019322,ent_01d5a4b285db
ENT_019324,ent_9259f3017948
ENT_019325,ent_4c20832e95e9
ENT_019326,ent_5067631d7c9e
ENT_019327,ent_4f11385be198
ENT_019328,ent_cc5b9e26e73b
ENT_019330,ent_8fbd77e9755f
ENT_019331,ent_51753ec8cf64
ENT_019334,ent_b42ea98b43a8
ENT_019337,ent_d51d99ce339a
ENT_019340,ent_d0ab83d8e1b5
ENT_019341,ent_0fa5cc46e960
ENT_019342,ent_4023703b43a1
ENT_019344,ent_a98900546c1b
ENT_019345,ent_0d6b7716249e
ENT_019348,ent_ce0b1cf0349b
ENT_019349,ent_ea1e2c94d946
ENT_019350,ent_a199a488b7e1
ENT_019351,ent_256cd8bbb171
ENT_019353,ent_b3adde3bd941
ENT_019354,ent_f9d7e9ede7eb
ENT_019356,ent_1059883ac5a4
ENT_019357,ent_c7828e2ed2a1
ENT_019360,ent_b517b5252649
ENT_019362,ent_44b58932cae2
ENT_019363,ent_86272614543d
ENT_019364,ent_cdc16b0860ed
ENT_019365,ent_90bbbe2634ad
ENT_019366,ent_54fa82080b13
ENT_019367,ent_b6b89a49af10
ENT_019368,ent_dda533959f70
ENT_019369,ent_d5990467e4c3
ENT_019371,ent_93ed7154a623
ENT_019372,ent_63704adf201a
ENT_019373,ent_85cf4f1feee0
ENT_019375,ent_252d84d77ee9
ENT_019376,ent_9de7e07bc8f4
ENT_019378,ent_cc283ca01cee
ENT_019379,ent_e2579bc6413a
ENT_019381,ent_8800db08dfad
ENT_019382,ent_a18e80ccabaf
ENT_019384,ent_c249dfe6ac65
ENT_019385,ent_ffa9e524cf1c
ENT_019386,ent_f38bf72eaa1f
ENT_019387,ent_2c8c39389536
ENT_019390,ent_252341515dac
ENT_019391,ent_e48ee7dcb301
ENT_019392,ent_b7ac02e53b63
ENT_019393,ent_1c21b9675e8b
ENT_019394,ent_4454d3253f9c
ENT_019396,ent_468232e24f0d
ENT_019397,ent_135912826ccb
ENT_019398,ent_8e71eb4137e5
ENT_019402,ent_798869946bc1
ENT_019403,ent_ff97dee4749e
ENT_019404,ent_db39a19b2811
ENT_019405,ent_8eb289cb124e
ENT_019406,ent_f13e16f02102
ENT_019407,ent_08bcc91e04e7
ENT_019408,ent_ab6c406b2388
ENT_019409,ent_aed4b3a5d225
ENT_019410,ent_bd694115a515
ENT_019411,ent_d0f64bcb27aa
ENT_019412,ent_fc53f0a29e64
ENT_019413,ent_80790c557dd6
ENT_019414,ent_bdf13a1e863c
ENT_019415,ent_803c25d9eff6
ENT_019416,ent_20b5364443c4
ENT_019417,ent_774762dfde09
ENT_019418,ent_35566386243d
ENT_019419,ent_c730c8b868c5
ENT_019420,ent_616f71041221
ENT_019421,ent_22b2a7bf39f3
ENT_019422,ent_8a1784fef59d
ENT_019423,ent_07eca8d04691
ENT_019425,ent_56ad73d9a87b
ENT_019426,ent_bd015ae1a178
ENT_019427,ent_736f00fec69a
ENT_019428,ent_fc42c0c9093c
ENT_019429,ent_f72c5ce30d7f
ENT_019430,ent_ea8ceae4193a
ENT_019431,ent_6b065b409ddc
ENT_019432,ent_ff48d2c27940
ENT_019433,ent_cb13976bcbb4
ENT_019434,ent_3a04982f8d8a
ENT_019435,ent_71230dec72f5
ENT_019436,ent_031e93f074e9
ENT_019437,ent_a80bcb20c6d1
ENT_019438,ent_483c9614360b
ENT_019439,ent_28663358aa36
ENT_019440,ent_135b23d23c79
ENT_019441,ent_c0eec6f3a348
ENT_019442,ent_73584dd4a5a1
ENT_019443,ent_a1fd5e58626d
ENT_019444,ent_de7b320b310c
ENT_019445,ent_3961c0d2d204
ENT_019446,ent_20311b8c8b59
ENT_019447,ent_e9236c0f1eaf
ENT_019448,ent_4d5785085a9b
ENT_019449,ent_f87444e02b3b
ENT_019450,ent_d53aaaea2666
ENT_019451,ent_9899997e1e59
ENT_019452,ent_014322912dfc
ENT_019453,ent_88a0e723e762
ENT_019455,ent_91eb89bf93af
ENT_019456,ent_252b709bf412
ENT_019457,ent_ffc3a660ebaa
ENT_019458,ent_b0e184011767
ENT_019459,ent_08f495aebb8a
ENT_019461,ent_d2824460a27c
ENT_019462,ent_4864a1d55c4c
ENT_019463,ent_a4ce3ca7593f
ENT_019464,ent_b77e848f1f33
ENT_019465,ent_9dbf9f49be60
ENT_019467,ent_d48171a7c9e4
ENT_019468,ent_84fa3450c0e1
ENT_019469,ent_e93e44a93746
ENT_019471,ent_0001d4077237
ENT_019472,ent_118b1eff24d4
ENT_019473,ent_322b0bc7602c
ENT_019474,ent_ff01bcd8340b
ENT_019475,ent_b759ac54c73d
ENT_019476,ent_e93d7ebdc523
ENT_019477,ent_369d74573aa5
ENT_019478,ent_82b7d7ec0901
ENT_019479,ent_c243ec848acb
ENT_019481,ent_058a357ba620
ENT_019482,ent_a66b77d6f053
ENT_019483,ent_64e1c3eb52e2
ENT_019488,ent_9adab52dd2d6
ENT_019490,ent_3d6639d06563
ENT_019491,ent_561326654a93
ENT_019492,ent_f9b6c46d62b3
ENT_019493,ent_ba53e52ece62
ENT_019494,ent_8a0b96294abc
ENT_019495,ent_8dd270a74119
ENT_019498,ent_15d4d8e80818
ENT_019499,ent_7c5f0e3477bb
ENT_019501,ent_a3103ed6b3fe
ENT_019502,ent_d92c09a10fab
ENT_019503,ent_b990df4e67e4
ENT_019504,ent_a052f149705e
ENT_019506,ent_06c179a7f0f2
ENT_019507,ent_570a47e1a1b4
ENT_019509,ent_217db6a38dbf
ENT_019514,ent_d929697bcce2
ENT_019515,ent_3ef07b549b41
ENT_019517,ent_af3311444f88
ENT_019518,ent_beb99a0f78c6
ENT_019524,ent_5e639dc82e20
ENT_019525,ent_cedfd3b5bb9d
ENT_019526,ent_2e819a5d955b
ENT_019527,ent_2626c70d8c90
ENT_019528,ent_d074a67affc0
ENT_019529,ent_f80175ffe0cf
ENT_019530,ent_072024f264d4
ENT_019531,ent_832bdeed0e42
ENT_019532,ent_71598bf5fb00
ENT_019533,ent_33a76ccf3389
ENT_019534,ent_c898030e1851
ENT_019535,ent_3d747e6834f9
ENT_019536,ent_303896c35a75
ENT_019537,ent_d759c6c02cbc
ENT_019538,ent_c7daf8a4b33d
ENT_019539,ent_52dcce05893e
ENT_019540,ent_606ca6b9f848
ENT_019541,ent_f8cc3ac40a4f
ENT_019542,ent_51d1e9104269
ENT_019543,ent_183a7dceb728
ENT_019544,ent_d7fb729178b5
ENT_019545,ent_c23288ed48cb
ENT_019546,ent_1e5346238743
ENT_019547,ent_14cd426bdaaf
ENT_019548,ent_fd5432fa33be
ENT_019549,ent_d7c005aa9907
ENT_019550,ent_9309039351e0
ENT_019551,ent_55a2c8986be3
ENT_019552,ent_2013196d0d33
ENT_019553,ent_15489c91463c
ENT_019554,ent_327d5e56132d
ENT_019555,ent_4af8de64feff
ENT_019556,ent_0b229d995079
ENT_019557,ent_a407ac168c0a
ENT_019558,ent_7416434db09d
ENT_019559,ent_c3d09c7a3ffe
ENT_019560,ent_5c15adc29b43
ENT_019561,ent_87b338660e1a
ENT_019562,ent_3e0a19ac3341
ENT_019563,ent_cee32129fa3d
ENT_019564,ent_d9f7524cb4ec
ENT_019565,ent_c23eb3ad53f7
ENT_019566,ent_82e30ccb96f5
ENT_019567,ent_3798f1dea88c
ENT_019568,ent_599a9c35993c
ENT_019569,ent_84c3b9eb7a7d
ENT_019570,ent_ebdf7ff7e8a3
ENT_019571,ent_b3b845e3169e
ENT_019572,ent_a4954ba95c9f
ENT_019573,ent_ad639c043894
ENT_019574,ent_8c9910ded15f
ENT_019575,ent_7372f2e64f14
ENT_019576,ent_1a066ba1e93b
ENT_019577,ent_159b2dee8602
ENT_019579,ent_0c29f543788f
ENT_019580,ent_7f58f0c9c63f
ENT_019581,ent_7ac54fcccf6e
ENT_019582,ent_52dc22506bf7
ENT_019583,ent_9978dc9cafd6
ENT_019585,ent_62e854664299
ENT_019586,ent_665134c9d60d
ENT_019588,ent_fc6e6eeffe28
ENT_019592,ent_44689cd01464
ENT_019593,ent_ab87ef38370b
ENT_019594,ent_4340f4bedffa
ENT_019596,ent_06d50916484e
ENT_019598,ent_5d7471d38b51
ENT_019599,ent_63b629576369
ENT_019603,ent_739616b19b22
ENT_019604,ent_0066a8916e24
ENT_019605,ent_c253d27e9ce6
ENT_019610,ent_bd1dba1e7469
ENT_019611,ent_a4427cdf5576
ENT_019612,ent_cb1d5cf0c427
ENT_019613,ent_1abb0054a09c
ENT_019615,ent_f8450665d1fd
ENT_019618,ent_901afd484258
ENT_019619,ent_a60554b49674
ENT_019622,ent_8b7a625145b3
ENT_019624,ent_719a507cb428
ENT_019625,ent_a82711aae01c
ENT_019626,ent_b26585baf997
ENT_019627,ent_cff1c5c0efb0
ENT_019628,ent_2630e14f2344
ENT_019629,ent_1cb5b701e3e7
ENT_019630,ent_df6cca113067
ENT_019634,ent_a16c3154b4c1
ENT_019639,ent_8bdf264d8edc
ENT_019640,ent_c90678a8699f
ENT_019642,ent_d74879a06cda
ENT_019643,ent_2ba3ecc4b8fc
ENT_019645,ent_73c4e7b18e53
ENT_019646,ent_66e14921f7e8
ENT_019647,ent_4e197020570d
ENT_019648,ent_3d3f851034db
ENT_019649,ent_bf64930f20b3
ENT_019650,ent_cbb7de9e8eeb
ENT_019651,ent_ed87e88ab214
ENT_019652,ent_e6fcd56d95ca
ENT_019653,ent_125e9a12fe74
ENT_019654,ent_536971d25562
ENT_019655,ent_72071879cea5
ENT_019656,ent_0d7590e2c168
ENT_019657,ent_134d5b37df05
ENT_019658,ent_333ea67cd581
ENT_019659,ent_babb7b49b1aa
ENT_019662,ent_3833b5680265
ENT_019664,ent_3758cb653028
ENT_019666,ent_520a7ea293e0
ENT_019669,ent_614eb287f4c8
ENT_019670,ent_c1d253da1ec0
ENT_019671,ent_fe0bbd87ad56
ENT_019672,ent_4beae8efddb8
ENT_019673,ent_fd8800878fba
ENT_019674,ent_f2a0168d9abd
ENT_019675,ent_80c5c24b2f67
ENT_019681,ent_9f2d88ab9221
ENT_019683,ent_3236f7f9f42c
ENT_019684,ent_e291723d76fd
ENT_019686,ent_b7338c0d2bf1
ENT_019687,ent_a7f87f68f680
ENT_019688,ent_c7670d56d510
ENT_019689,ent_ff0c8771217b
ENT_019690,ent_639e28409480
ENT_019692,ent_6db57d3f7328
ENT_019694,ent_0638502969ad
ENT_019695,ent_921a6f5b9e9d
ENT_019696,ent_1a9878b306d6
ENT_019697,ent_10102a4380a5
ENT_019699,ent_a0e3319cb0e8
ENT_019702,ent_50771d8f0d0c
ENT_019708,ent_f93bcbd6bd58
ENT_019710,ent_0ea0c9fdca7b
ENT_019711,ent_e54a866eb038
ENT_019714,ent_9815e2e07084
ENT_019715,ent_4beaadf3ebbe
ENT_019716,ent_8fc240635bd6
ENT_019718,ent_d211130fc3de
ENT_019719,ent_ddb9a4492137
ENT_019724,ent_788e1eea2062
ENT_019725,ent_0ce687c2bdd0
ENT_019727,ent_7e2dc1149afd
ENT_019728,ent_1ebaa2098819
ENT_019729,ent_cf742194efbe
ENT_019733,ent_714cf533ac76
ENT_019735,ent_f335773ad7f2
ENT_019736,ent_e8ee4a927474
ENT_019737,ent_1b324e513644
ENT_019738,ent_1d3cff5389ef
ENT_019739,ent_685b32c249ff
ENT_019740,ent_7fc0240120e3
ENT_019741,ent_ca4c5e0104d5
ENT_019742,ent_8b654909a1f3
ENT_019743,ent_3f89825a4c2a
ENT_019744,ent_e5796f110e0c
ENT_019745,ent_60f10c2e386b
ENT_019746,ent_6152b223646a
ENT_019747,ent_cd5af4850c44
ENT_019748,ent_b29d75883d58
ENT_019749,ent_5622822cd986
ENT_019750,ent_dad39e3a8224
ENT_019751,ent_ad0b6a002706
ENT_019752,ent_5d26c2240d4d
ENT_019753,ent_1125f29a2de8
ENT_019754,ent_926f54837e2d
ENT_019755,ent_ca7ba14fea1a
ENT_019756,ent_ba3a57ff8e19
ENT_019757,ent_0e2e94d41fcd
ENT_019758,ent_3517e56c587d
ENT_019759,ent_20a4b1654ef5
ENT_019760,ent_1e4f971e4202
ENT_019761,ent_1994c89c677a
ENT_019762,ent_397236dbd6a0
ENT_019763,ent_a8734ec7d029
ENT_019764,ent_3ac5231bf2dc
ENT_019765,ent_736ffd66fe2b
ENT_019766,ent_8190ed455f57
ENT_019767,ent_963b5e66b5a7
ENT_019768,ent_1bcaa9ff8d1f
ENT_019769,ent_b38ba61e0d00
ENT_019770,ent_a51f0aa4c053
ENT_019771,ent_e4108596ae90
ENT_019772,ent_ad9e34ecc5da
ENT_019773,ent_f3064cec76a3
ENT_019774,ent_070aff89fc02
ENT_019775,ent_b48c2c35b2ca
ENT_019776,ent_14be7892ca59
ENT_019777,ent_b67a9122cae5
ENT_019779,ent_2b58bce71bd9
ENT_019780,ent_cc3062b6f446
ENT_019781,ent_c5327046741a
ENT_019782,ent_39bc945bcc68
ENT_019784,ent_ea9f50501b29
ENT_019785,ent_246871b43e8a
ENT_019788,ent_c8976118585b
ENT_019791,ent_311c784ad782
ENT_019793,ent_321718ac0c52
ENT_019794,ent_e74cbfb6030e
ENT_019795,ent_8b6a7a1d2334
ENT_019798,ent_fddf8d2ef45b
ENT_019799,ent_0c3487c8b21b
ENT_019802,ent_da7d2c6924fb
ENT_019804,ent_b8db392ed6d9
ENT_019805,ent_a921a5244bd0
ENT_019808,ent_c7c3fdbf92d0
ENT_019809,ent_ec4b28df8d95
ENT_019810,ent_ed87b01b0668
ENT_019811,ent_8b4d7ad08003
ENT_019814,ent_385d1eacb9e2
ENT_019820,ent_40d73a543990
ENT_019821,ent_0110d2726e7b
ENT_019824,ent_3ee1498cff0d
ENT_019825,ent_74df05c54582
ENT_019828,ent_ced3b75054f2
ENT_019829,ent_2a9dd5c7ff12
ENT_019830,ent_890465a86ac8
ENT_019831,ent_7b02bc138121
ENT_019832,ent_581c73a6ce72
ENT_019833,ent_269d8781c443
ENT_019834,ent_872f30868f9b
ENT_019835,ent_646732300c09
ENT_019836,ent_34f64992dbc5
ENT_019837,ent_d2b87b350c49
ENT_019838,ent_30762d59ce64
ENT_019839,ent_14e4e20d572b
ENT_019840,ent_95c0505b62e3
ENT_019841,ent_829daf57e873
ENT_019842,ent_8a192a4bbca8
ENT_019843,ent_432b7431e4d7
ENT_019844,ent_cf1f0829bf66
ENT_019845,ent_ad38fd07ccc4
ENT_019846,ent_87372c253e5c
ENT_019847,ent_9554d888258a
ENT_019848,ent_e9797d0b4364
ENT_019849,ent_0aa1ef73888a
ENT_019850,ent_122a7c450390
ENT_019851,ent_7a929c040462
ENT_019852,ent_3de886c2b4fc
ENT_019854,ent_3254aef2f7d4
ENT_019855,ent_39be9be3e203
ENT_019856,ent_51824a15584b
ENT_019857,ent_b50658342904
ENT_019858,ent_4bb1b2f0698a
ENT_019859,ent_3716bad3cb6b
ENT_019860,ent_3a9117fafe34
ENT_019861,ent_6984e54083a5
ENT_019862,ent_a91126777206
ENT_019863,ent_b42895ca9366
ENT_019864,ent_d43792aaeee5
ENT_019866,ent_c0f17083b16b
ENT_019869,ent_81e469d7cfbd
ENT_019870,ent_e6b5d212480a
ENT_019871,ent_9b27b0485a33
ENT_019873,ent_ec7bc1a979c1
ENT_019875,ent_0c40616d52e6
ENT_019877,ent_523b347ade9d
ENT_019879,ent_e63b189c5db7
ENT_019880,ent_a9381fd8d9be
ENT_019881,ent_49266267e1a7
ENT_019882,ent_2541cc1afcb6
ENT_019883,ent_bf9f7a87ebd9
ENT_019885,ent_aea3447e7c50
ENT_019886,ent_6e62fe9a1d31
ENT_019887,ent_fb99f494e6ae
ENT_019888,ent_0bcac9e971ab
ENT_019889,ent_e3ffd34f73be
ENT_019890,ent_7289a98fca71
ENT_019891,ent_8d6be8fdf907
ENT_019892,ent_237569870fe7
ENT_019893,ent_bbefb8c4be9b
ENT_019894,ent_f4179ae7fee2
ENT_019895,ent_791cb4674920
ENT_019896,ent_f683dcc1cf26
ENT_019897,ent_698ba01c3797
ENT_019898,ent_fb80e0ad01ed
ENT_019899,ent_85f981cc107a
ENT_019900,ent_b746f98e2465
ENT_019901,ent_3ff11cca3a06
ENT_019902,ent_a6b8f181529c
ENT_019903,ent_00fe693fa7f2
ENT_019904,ent_dc76790406d3
ENT_019905,ent_e77ff2633d96
ENT_019906,ent_1d15fb91bb25
ENT_019907,ent_4bef24198e44
ENT_019908,ent_40b479d974ca
ENT_019909,ent_11ac123b900c
ENT_019910,ent_4a47eb35325a
ENT_019911,ent_6bf135772d8c
ENT_019912,ent_a380cc3b7d0a
ENT_019913,ent_8df5d7738e25
ENT_019914,ent_4c0e38b5b663
ENT_019915,ent_321669b0fd92
ENT_019916,ent_2522bd4c34fd
ENT_019917,ent_10465fbb317e
ENT_019919,ent_d52e3b86df31
ENT_019920,ent_7460d538eb32
ENT_019921,ent_f4dca9b42b29
ENT_019922,ent_7f8605875818
ENT_019923,ent_c68bfaea630c
ENT_019925,ent_4a2e787a75bd
ENT_019927,ent_07aa70e1749b
ENT_019928,ent_85cdc065b497
ENT_019929,ent_32bd8bab4773
ENT_019930,ent_5e7df4dc6c8c
ENT_019931,ent_fa80f9a0adb2
ENT_019932,ent_cad99768b91e
ENT_019933,ent_9f6fca1c9088
ENT_019934,ent_4b47baa22a55
ENT_019935,ent_f0aaff565f1b
ENT_019936,ent_87e0472efaed
ENT_019937,ent_c4a9f4e69360
ENT_019939,ent_4c5f4da5d8e2
ENT_019940,ent_a5d16d3b99fd
ENT_019941,ent_864fcdf4269d
ENT_019942,ent_6ae085d50f26
ENT_019943,ent_931dd8991678
ENT_019944,ent_22d5d17113ba
ENT_019945,ent_2bcc308f543d
ENT_019947,ent_2ab944fe2a53
ENT_019948,ent_2bc08303eebf
ENT_019949,ent_4412d654416d
ENT_019951,ent_3b88164b30d1
ENT_019952,ent_c3064bdd2396
ENT_019953,ent_4f6c0876a392
ENT_019954,ent_df63a06d475d
ENT_019955,ent_c8216dcf9597
ENT_019956,ent_3ad6c141965e
ENT_019957,ent_758362a87c2f
ENT_019958,ent_360cf4aeb02b
ENT_019959,ent_9071db5de682
ENT_019960,ent_ce2d9e212dc3
ENT_019961,ent_e99c84d14dc8
ENT_019962,ent_8a2d873dc15a
ENT_019963,ent_1f8e2aeedf03
ENT_019964,ent_9765c674669a
ENT_019965,ent_bfc79abde9b5
ENT_019966,ent_28531c15822f
ENT_019967,ent_a7f381b6665a
ENT_019968,ent_031427a38a7e
ENT_019969,ent_bb06797d1d91
ENT_019970,ent_c037b8313982
ENT_019971,ent_32214100f0da
ENT_019972,ent_7f4258e579d3
ENT_019973,ent_67952e47d883
ENT_019974,ent_613619ddfbdf
ENT_019975,ent_83d6507390e9
ENT_019976,ent_bb62e27cded5
ENT_019977,ent_274e45a84391
ENT_019978,ent_cddb22f1f05d
ENT_019979,ent_be0807986c20
ENT_019980,ent_aaa322bbe926
ENT_019981,ent_8f5fdea10f1b
ENT_019982,ent_274a6d161b37
ENT_019983,ent_009a22bea480
ENT_019984,ent_67ed5174abc1
ENT_019985,ent_1a60c0c3e92d
ENT_019986,ent_016f34d7f92e
ENT_019987,ent_cfc6a403392d
ENT_019988,ent_76307cf71a5b
ENT_019991,ent_5a05e7f8c466
ENT_019992,ent_c629c734c4bb
ENT_019993,ent_0cb9a0322c9b
ENT_019994,ent_626617d97f48
ENT_019995,ent_e9b998e43f0c
ENT_019996,ent_98632b864355
ENT_019997,ent_96fc2646459c
ENT_019998,ent_e6336bb0f3fa
ENT_019999,ent_0281dbfc6932
ENT_020000,ent_cb7f23e8c235
ENT_020001,ent_53c3112c3919
ENT_020002,ent_282fa6ee6db5
ENT_020004,ent_f21ab16ed258
ENT_020005,ent_d55c0b56e250
ENT_020006,ent_24bdc928e597
ENT_020007,ent_1391d8d7ae8e
ENT_020009,ent_5ac872e1f59d
ENT_020010,ent_14c38b106610
ENT_020011,ent_f9c73f076dc1
ENT_020012,ent_9b79051c5350
ENT_020013,ent_04760c3fe851
ENT_020014,ent_3ecfe1394613
ENT_020015,ent_64d025c376ca
ENT_020016,ent_77c213dddd7c
ENT_020017,ent_48eb26b16970
ENT_020018,ent_aa00ecffa7a4
ENT_020020,ent_6539ca1e217e
ENT_020021,ent_bd4523fb4787
ENT_020023,ent_171119df6e42
ENT_020024,ent_fa3a9de572f7
ENT_020026,ent_4dd8dbe5b541
ENT_020027,ent_a27590974189
ENT_020028,ent_bc8bb364b8c3
ENT_020029,ent_4829a45cbb49
ENT_020031,ent_395f3d08f5b4
ENT_020032,ent_8f74fc5aa000
ENT_020033,ent_1a851024b3ac
ENT_020034,ent_9edca8a03e7c
ENT_020035,ent_09801e457fde
ENT_020036,ent_0974ae550761
ENT_020039,ent_4274f6ce0a86
ENT_020043,ent_bd30c4ae1651
ENT_020044,ent_b04b82a2287c
ENT_020045,ent_4ae29e6e85cb
ENT_020046,ent_c87e111dbe9d
ENT_020048,ent_a4f95bc6eee5
ENT_020049,ent_6c557956eb54
ENT_020050,ent_79300cee9d1f
ENT_020055,ent_21b16ff37f1c
ENT_020056,ent_65677744813e
ENT_020057,ent_1ebe629b589f
ENT_020060,ent_85b5b7ce2660
ENT_020062,ent_f49169b67efa
ENT_020064,ent_619101b6d62f
ENT_020065,ent_d5d0527070d7
ENT_020066,ent_d9ab8ead9812
ENT_020068,ent_53224e13bbf7
ENT_020069,ent_1e0c1e30340e
ENT_020070,ent_09465fcf9ea0
ENT_020071,ent_8735a192fe93
ENT_020072,ent_cf6c93ed6690
ENT_020073,ent_93702a17e8a7
ENT_020074,ent_25d4e0ee5a22
ENT_020075,ent_3fda7b1b4d99
ENT_020078,ent_ca8b7d70d2bb
ENT_020079,ent_4a64d050c044
ENT_020080,ent_94e05d31cb27
ENT_020083,ent_d79a29243fd8
ENT_020084,ent_07a0e8e04281
ENT_020085,ent_9a9d8d66912f
ENT_020087,ent_301926a8b339
ENT_020088,ent_dc86fc6035cf
ENT_020089,ent_b306e8843808
ENT_020090,ent_d1e383b4011c
ENT_020092,ent_dfbca3386d0d
ENT_020093,ent_9ab663351d57
ENT_020095,ent_b9867d7f33f2
ENT_020097,ent_2aaa055a0d85
ENT_020099,ent_208ddbf0ef33
ENT_020101,ent_dbdbacbd1837
ENT_020103,ent_460d5770f2e6
ENT_020104,ent_e6036c4e613b
ENT_020108,ent_0816c3e9c153
ENT_020109,ent_53a9e7664e16
ENT_020110,ent_7aad91bc947f
ENT_020111,ent_6ced5af84fd3
ENT_020112,ent_9117c03369af
ENT_020116,ent_28c43d20ebde
ENT_020122,ent_16d159c978c9
ENT_020126,ent_0958983213fe
ENT_020127,ent_0812e1c6d3b2
ENT_020128,ent_43b22c7b54e6
ENT_020129,ent_3ba5497b28f5
ENT_020130,ent_794cab78411c
ENT_020131,ent_270c88d00edc
ENT_020132,ent_70674452ac30
ENT_020133,ent_3f1ca70ef3cd
ENT_020134,ent_95d9a3d0b905
ENT_020135,ent_26480bec0d05
ENT_020138,ent_9db4e304ae29
ENT_020139,ent_1205be59d661
ENT_020141,ent_21ec65a7ae54
ENT_020144,ent_c8140cc763a2
ENT_020145,ent_ab2c5bdcad27
ENT_020147,ent_70597a1004c3
ENT_020148,ent_23b64856a15c
ENT_020150,ent_75edeca5c77c
ENT_020151,ent_ea81e8377c20
ENT_020152,ent_6815a3b90037
ENT_020153,ent_38e3b4096ccd
ENT_020154,ent_4c0ef824ba6a
ENT_020156,ent_7e5306d14675
ENT_020157,ent_b571ffdab70c
ENT_020158,ent_4e55149c2601
ENT_020159,ent_cf486a433415
ENT_020160,ent_7f8012d8b083
ENT_020161,ent_d0f414deb85e
ENT_020163,ent_4a7602783bea
ENT_020164,ent_c7d46c4ec969
ENT_020165,ent_8957836a37e6
ENT_020166,ent_3ea85d612862
ENT_020168,ent_f13493afc85a
ENT_020169,ent_890776560318
ENT_020170,ent_4aa773caef58
ENT_020171,ent_936ede520514
ENT_020172,ent_b265c0f135b0
ENT_020173,ent_1fa07831dbb1
ENT_020174,ent_16c5a04c8172
ENT_020175,ent_16a85fe84c50
ENT_020176,ent_e3b5bfc30983
ENT_020177,ent_43c36d808380
ENT_020178,ent_e54ac62eba56
ENT_020179,ent_624e307d1f4e
ENT_020180,ent_1311f07f33c8
ENT_020181,ent_115cbc9d3b8d
ENT_020182,ent_abda68e530c7
ENT_020183,ent_0b5a25c959d7
ENT_020184,ent_387b8ac09f6f
ENT_020185,ent_fad62ef5fcd9
ENT_020186,ent_22488be78263
ENT_020187,ent_586a6cd1aed0
ENT_020188,ent_e3f38349a3f4
ENT_020189,ent_bf1e2b8eea71
ENT_020190,ent_f075f3102825
ENT_020191,ent_a8a86caf8f9e
ENT_020192,ent_780ad42897b4
ENT_020193,ent_6fbead0ba5ff
ENT_020194,ent_efe4b6fea5f7
ENT_020195,ent_598bfe620fbd
ENT_020196,ent_d666c8728c25
ENT_020197,ent_ac64c289786e
ENT_020198,ent_b422f8d38554
ENT_020199,ent_2679f03ccaa8
ENT_020200,ent_c4b9438664ba
ENT_020201,ent_d2f189dc73f6
ENT_020202,ent_2fb248d34b08
ENT_020203,ent_b0b7fe0a3b8f
ENT_020204,ent_5d9ad95e92af
ENT_020205,ent_52f30d0f7c2f
ENT_020206,ent_748f315e45c2
ENT_020207,ent_7f1d7c4b91f4
ENT_020208,ent_466c2c6dae24
ENT_020209,ent_633d97fd2d43
ENT_020210,ent_c51312e85a8c
ENT_020211,ent_adcf9be59e28
ENT_020212,ent_9edf4e91468f
ENT_020213,ent_d699925ca5b1
ENT_020214,ent_87d4127594cc
ENT_020215,ent_6a8f242444df
ENT_020217,ent_dfe0510c0e54
ENT_020218,ent_af2f7d93bd3b
ENT_020219,ent_a5b28abf9db1
ENT_020220,ent_1869c066ef0f
ENT_020221,ent_0c6a37c2852d
ENT_020223,ent_fb58d6f17e70
ENT_020224,ent_b62d3d5affab
ENT_020225,ent_87ebf28c7a1f
ENT_020227,ent_17a4a6af4f4d
ENT_020229,ent_dd31a1cb97b6
ENT_020230,ent_ce3943fecfb5
ENT_020232,ent_4e97bebee087
ENT_020233,ent_886ce1da7c72
ENT_020235,ent_71c4093cd383
ENT_020238,ent_cde8b52d8285
ENT_020239,ent_ece12a081da0
ENT_020240,ent_4d462c2bb7d9
ENT_020241,ent_4f450dc42612
ENT_020242,ent_c741016141ec
ENT_020250,ent_577a531f356e
ENT_020251,ent_2f9eca3388d6
ENT_020253,ent_f800cb836843
ENT_020254,ent_48e589afc5f2
ENT_020256,ent_0b2e1c61883f
ENT_020257,ent_acba087995d9
ENT_020260,ent_8116de5d9a83
ENT_020263,ent_07e262daa619
ENT_020264,ent_212133e5674c
ENT_020265,ent_f0a48c6f31eb
ENT_020266,ent_8f5ffa7bbbd6
ENT_020267,ent_54a428e0b296
ENT_020268,ent_05e4f670d52a
ENT_020269,ent_23dfebc91c8d
ENT_020271,ent_5f1bcccad5b0
ENT_020272,ent_1cfefe25a8fc
ENT_020273,ent_bcd6beeef3cb
ENT_020274,ent_f52dab984d2c
ENT_020275,ent_191320f37770
ENT_020276,ent_2cf9a6acea54
ENT_020277,ent_e115505af515
ENT_020278,ent_6c1b98a3e73f
ENT_020279,ent_e2fb11c451ae
ENT_020280,ent_3ecf3145a77e
ENT_020281,ent_7ed1a52121c4
ENT_020282,ent_e47dca64a06b
ENT_020283,ent_edebfd57b6fe
ENT_020284,ent_9b3fcb812366
ENT_020285,ent_f3392d8ba3d6
ENT_020286,ent_1ace49403764
ENT_020287,ent_e7021623d3e2
ENT_020288,ent_cef945680d37
ENT_020289,ent_a6d021a1326b
ENT_020290,ent_4949b289070c
ENT_020291,ent_2f23f833c8f8
ENT_020292,ent_98bf96d27e20
ENT_020293,ent_d800be55b33f
ENT_020294,ent_d7f825469612
ENT_020295,ent_38a75fe3e554
ENT_020296,ent_0d42a087bffa
ENT_020297,ent_e49bdc5578d7
ENT_020298,ent_b04660f29174
ENT_020299,ent_48bc4fa8e2ca
ENT_020300,ent_4407497a28ee
ENT_020301,ent_ede7776c3872
ENT_020302,ent_a0dbc5fd60cc
ENT_020303,ent_825fcdad11ee
ENT_020304,ent_86c0e4defa72
ENT_020305,ent_fbf679c74d50
ENT_020306,ent_4dcd1ec09883
ENT_020307,ent_e06bc53ea764
ENT_020309,ent_9f0327721104
ENT_020310,ent_8ecec6e7fc08
ENT_020311,ent_931fde7a2a3f
ENT_020312,ent_b4073120bc15
ENT_020313,ent_e3f7ee750ab7
ENT_020314,ent_0a228029e5d4
ENT_020315,ent_fff382a0620f
ENT_020316,ent_7e8554164599
ENT_020317,ent_09e93d6858b3
ENT_020319,ent_2de5a2aa5a28
ENT_020325,ent_9a4a496c88dd
ENT_020327,ent_2a098105e8c3
ENT_020329,ent_05b06af5cb9d
ENT_020331,ent_6ca3138bca81
ENT_020333,ent_f153bc4e9ff6
ENT_020334,ent_e31635972e60
ENT_020335,ent_5843020face6
ENT_020336,ent_1cbe7f5a5278
ENT_020337,ent_c105d68865f5
ENT_020340,ent_9e3e31cbe493
ENT_020341,ent_21f8aa13e506
ENT_020343,ent_b5234b2a3820
ENT_020344,ent_b054da58bf08
ENT_020345,ent_bf81d0cad8a9
ENT_020347,ent_6d08f3f75942
ENT_020349,ent_4032df55ad5f
ENT_020350,ent_2dc022d2940e
ENT_020351,ent_42623a603645
ENT_020352,ent_e5c77ef45780
ENT_020353,ent_a287baab8f11
ENT_020355,ent_0d51d29f24df
ENT_020358,ent_8db21a23320f
ENT_020359,ent_f8c7f7910303
ENT_020361,ent_c9b59a81299f
ENT_020362,ent_b2efccb40878
ENT_020363,ent_332cc8a328e7
ENT_020364,ent_0913f0b9b8ae
ENT_020365,ent_443a304a4630
ENT_020366,ent_f771b526e69a
ENT_020367,ent_32544e866472
ENT_020369,ent_ade418d77918
ENT_020372,ent_83ae8561feb4
ENT_020374,ent_86f3e276aa03
ENT_020376,ent_5ec28e72a6f9
ENT_020377,ent_f800c6892200
ENT_020378,ent_4d9531a42169
ENT_020379,ent_85a6cef09f65
ENT_020380,ent_f997b668fa86
ENT_020382,ent_42ed62122524
ENT_020385,ent_be93601ef354
ENT_020387,ent_75fe18121e45
ENT_020388,ent_edfda5759f45
ENT_020389,ent_816a87a6deef
ENT_020390,ent_45503f5b4d5d
ENT_020391,ent_dbd27200bfd9
ENT_020392,ent_922163d3f6b9
ENT_020393,ent_fb6768163369
ENT_020395,ent_91c039e1af2f
ENT_020397,ent_b660901c2088
ENT_020398,ent_184a3f3b8425
ENT_020399,ent_f3781b6003ed
ENT_020400,ent_3c8719d13e0c
ENT_020401,ent_813e68e04e73
ENT_020402,ent_b2f05fdd9c96
ENT_020403,ent_c93c5e7c269f
ENT_020405,ent_91186632093a
ENT_020406,ent_e18c87a855aa
ENT_020407,ent_0d056911595e
ENT_020409,ent_f31db0a877a3
ENT_020411,ent_e45cdb36ae38
ENT_020412,ent_3f867104da42
ENT_020414,ent_a1a59882c4ef
ENT_020415,ent_85f78d69d696
ENT_020418,ent_35517606735f
ENT_020419,ent_27d126974485
ENT_020420,ent_8af81293546c
ENT_020421,ent_01f35a134dc9
ENT_020422,ent_f47c8eebd669
ENT_020423,ent_45cf7c95b273
ENT_020424,ent_b19d83965a48
ENT_020425,ent_f6818d315200
ENT_020426,ent_42590286e33b
ENT_020427,ent_81a5ed130477
ENT_020429,ent_087f3ea36137
ENT_020431,ent_acfd1b35d7df
ENT_020432,ent_cd8b47b5f6fc
ENT_020433,ent_e78fca7951ce
ENT_020434,ent_0f6c80a44760
ENT_020435,ent_c106f0eef85c
ENT_020436,ent_14aab56e31a9
ENT_020439,ent_967a09dcff63
ENT_020440,ent_5b580cc22bd5
ENT_020441,ent_8e1551e23786
ENT_020442,ent_bdb582d72432
ENT_020444,ent_c5b71041df88
ENT_020445,ent_2e003e6bf2a8
ENT_020446,ent_a096e895d3e8
ENT_020449,ent_26cb75dbe2e6
ENT_020450,ent_e0bf094cffde
ENT_020451,ent_b549ced90fec
ENT_020453,ent_aa73153cc23e
ENT_020454,ent_aba5663abff2
ENT_020457,ent_5bec364dfde3
ENT_020458,ent_87d8b7649d94
ENT_020459,ent_8e77e75156d1
ENT_020460,ent_b07b954125be
ENT_020461,ent_dd82551ad5a5
ENT_020462,ent_d640f63044b4
ENT_020463,ent_6655053b1215
ENT_020464,ent_ebd61f24ce34
ENT_020465,ent_6b17f320614b
ENT_020466,ent_f912ebcf66f4
ENT_020467,ent_f9e3c1b1eeef
ENT_020468,ent_8235ba8126d7
ENT_020470,ent_ed3978e1c0f2
ENT_020471,ent_f7bf02e9b714
ENT_020472,ent_1afaf4331465
ENT_020473,ent_7d0a0733c5a0
ENT_020474,ent_4bb32c8b2e9e
ENT_020475,ent_5d9a91b3b474
ENT_020476,ent_ac88ced4cbdc
ENT_020477,ent_7ef0a1fd700c
ENT_020478,ent_5771552c9a92
ENT_020479,ent_0ec19ce07128
ENT_020480,ent_01c0c58a7a5d
ENT_020481,ent_207553ec59b1
ENT_020482,ent_ff1c6eddab8b
ENT_020483,ent_26001569b11b
ENT_020484,ent_bf625361f549
ENT_020485,ent_4ce88c6491a9
ENT_020486,ent_b34ae8b08f63
ENT_020488,ent_ab1c5bd349ad
ENT_020489,ent_866d82f0ce2f
ENT_020490,ent_a95b52e579f0
ENT_020491,ent_3e50745c2c72
ENT_020492,ent_c37c5eee18c5
ENT_020493,ent_592d1202b6eb
ENT_020494,ent_49c6aeca51d6
ENT_020496,ent_fc82cae1a5c9
ENT_020498,ent_f9bc75aca61c
ENT_020499,ent_b32666157236
ENT_020500,ent_3f0d64334073
ENT_020501,ent_11c39f66bcda
ENT_020503,ent_1ec0e8ca97f2
ENT_020505,ent_61bce62abb18
ENT_020506,ent_287b7919207c
ENT_020507,ent_50f542da30ce
ENT_020510,ent_7291d8fd71e1
ENT_020511,ent_e4f91b211b4d
ENT_020512,ent_601014b53485
ENT_020515,ent_5fde42267e84
ENT_020516,ent_72d0dc822aa6
ENT_020519,ent_25bc94e6f8dc
ENT_020520,ent_1cc004ff4c24
ENT_020521,ent_163cc3601c5e
ENT_020522,ent_8bbf1d7e3a3e
ENT_020523,ent_47a5cb65dd99
ENT_020524,ent_efe917c635e1
ENT_020525,ent_37aeae75461a
ENT_020526,ent_c886784d41c0
ENT_020527,ent_676f5af98daa
ENT_020528,ent_bd7553c4b43c
ENT_020529,ent_82e6dd06f315
ENT_020530,ent_5738ae5dac4d
ENT_020531,ent_906c7c51721b
ENT_020532,ent_c6f83edaadb2
ENT_020533,ent_616c0413eb53
ENT_020534,ent_28ddbc0d01e2
ENT_020535,ent_fe1eb741b61d
ENT_020536,ent_f5548b07b2c8
ENT_020538,ent_876cf6226d92
ENT_020539,ent_76e64c532539
ENT_020541,ent_b35e2fafe5f6
ENT_020543,ent_fa3edb79ba6f
ENT_020544,ent_1ed57ea143d1
ENT_020546,ent_c6d60d13b81a
ENT_020548,ent_9349b2070164
ENT_020550,ent_ff599c7d65b9
ENT_020551,ent_14663bcb5c6b
ENT_020552,ent_da05d32e8abf
ENT_020553,ent_9379f3b8353f
ENT_020554,ent_52e3571dd357
ENT_020556,ent_ebd7241888b2
ENT_020557,ent_923e619e57bc
ENT_020558,ent_a804451d9250
ENT_020560,ent_1d3af0e7f3b4
ENT_020561,ent_3d8f5d37d102
ENT_020562,ent_c62c4bda251c
ENT_020563,ent_7cee6a8e2229
ENT_020565,ent_3034d93f421c
ENT_020567,ent_3cf95fefdc12
ENT_020568,ent_ddbf3ef7381c
ENT_020569,ent_352d9bde2514
ENT_020570,ent_7588ad1857f7
ENT_020571,ent_17266ed6b5df
ENT_020574,ent_0f78f81f26e7
ENT_020576,ent_fb81533410cc
ENT_020577,ent_81036799b504
ENT_020578,ent_89958ee64e03
ENT_020579,ent_b12ae4e890d1
ENT_020584,ent_d232d56460e1
ENT_020585,ent_1ff9ea7b8f25
ENT_020586,ent_ea45000d5077
ENT_020587,ent_8a93473412ec
ENT_020588,ent_d7580e839987
ENT_020589,ent_8ae68bfa3c27
ENT_020591,ent_968dcfbd27f5
ENT_020593,ent_aee6782f938f
ENT_020595,ent_a558b798f1b2
ENT_020596,ent_9093541a3219
ENT_020597,ent_6e97c3ea052e
ENT_020598,ent_58d80872fc5d
ENT_020599,ent_2b6b6e50d11b
ENT_020600,ent_4ab09e307d78
ENT_020601,ent_c229419c1b2b
ENT_020602,ent_065575e01152
ENT_020603,ent_ea8b17ae2d93
ENT_020605,ent_36afa8ab0602
ENT_020606,ent_1171e6556ac4
ENT_020607,ent_6ea69d7cfe94
ENT_020608,ent_b7d90b5be1bb
ENT_020610,ent_3840dcb9736e
ENT_020611,ent_fd6e1c633de8
ENT_020612,ent_3bdeec0e912c
ENT_020613,ent_83cf01806b5f
ENT_020615,ent_1b982e32da99
ENT_020616,ent_dbe4cb93d075
ENT_020619,ent_10705b29f42a
ENT_020621,ent_7ef1c2a5fe43
ENT_020622,ent_ca9fcd541446
ENT_020623,ent_37c9ff0f749a
ENT_020625,ent_dcd1329202e4
ENT_020630,ent_136bf1723585
ENT_020632,ent_341afe570ecc
ENT_020633,ent_1655c91b9b6d
ENT_020634,ent_2028a79428cf
ENT_020635,ent_093b002056ee
ENT_020636,ent_d87e526db83b
ENT_020639,ent_078aa00d648d
ENT_020641,ent_f3e233ef43cc
ENT_020644,ent_d28365d42a86
ENT_020645,ent_0e924a287438
ENT_020646,ent_55d164264407
ENT_020648,ent_fa90fc1494af
ENT_020649,ent_647c77d6f890
ENT_020652,ent_5f1b1a3baf61
ENT_020653,ent_7e76662f9003
ENT_020654,ent_7226f4e2eb13
ENT_020655,ent_91f54ed4bd2a
ENT_020656,ent_1210a8239a15
ENT_020657,ent_511639d20176
ENT_020658,ent_8da08b138a0a
ENT_020659,ent_ae740fa1aa3c
ENT_020660,ent_1b34cdd31200
ENT_020661,ent_5177725d5d18
ENT_020671,ent_4e03ea4b5615
ENT_020672,ent_de857fbed241
ENT_020673,ent_3b4ab2a05606
ENT_020674,ent_910b89ae3e42
ENT_020675,ent_bee697ad273d
ENT_020676,ent_3e8d068ec675
ENT_020677,ent_58be5547757d
ENT_020678,ent_180cdf8c24eb
ENT_020679,ent_3f8676458ef8
ENT_020680,ent_51eabae54a07
ENT_020681,ent_38369d95fce6
ENT_020682,ent_03087e79f979
ENT_020683,ent_f3db3a014237
ENT_020684,ent_92daaeda3b66
ENT_020685,ent_3f2cfc0ad314
ENT_020686,ent_c3b0205afe32
ENT_020687,ent_a4842e8d8dcb
ENT_020688,ent_624617c3ada2
ENT_020689,ent_7541e0eb3f77
ENT_020690,ent_7720cb0eff9e
ENT_020691,ent_44bf7482c442
ENT_020692,ent_46019bccace3
ENT_020693,ent_5f3c3910ee98
ENT_020694,ent_d58d4737a83a
ENT_020695,ent_8404cf2285c9
ENT_020696,ent_968cb829e01b
ENT_020697,ent_50dabc576ee8
ENT_020698,ent_6435eec82ef9
ENT_020699,ent_74760c994abf
ENT_020700,ent_33565bbb3412
ENT_020701,ent_230eec323b79
ENT_020702,ent_02876d840f99
ENT_020703,ent_b2e8f8e96462
ENT_020704,ent_35bc45bcceed
ENT_020705,ent_136ba3603235
ENT_020706,ent_2156016c3a3a
ENT_020707,ent_088c3fd07e4b
ENT_020708,ent_61c32823b489
ENT_020709,ent_ea632bd5b0c5
ENT_020710,ent_f83f429e9463
ENT_020712,ent_b15b6cf3d60a
ENT_020713,ent_e7329dba9064
ENT_020715,ent_e2e46c8c1367
ENT_020717,ent_ac792e193d20
ENT_020719,ent_41f771fbca30
ENT_020720,ent_ccf481b1f1a3
ENT_020721,ent_83647397c159
ENT_020722,ent_8079c28684c1
ENT_020724,ent_8c1ba319768b
ENT_020725,ent_6c7ab14da6fa
ENT_020726,ent_c3d314570d05
ENT_020728,ent_f3e01b882179
ENT_020729,ent_011ca35c25b1
ENT_020730,ent_bc8e861e273a
ENT_020731,ent_7c65aa4be261
ENT_020732,ent_3e041d9761e3
ENT_020733,ent_5f3cfe965a84
ENT_020734,ent_64d1fb78428d
ENT_020735,ent_13041864e53d
ENT_020736,ent_255812f1d53f
ENT_020737,ent_d58805a2ef77
ENT_020738,ent_4ea8992da99a
ENT_020739,ent_73320e91f81e
ENT_020740,ent_575491ac8873
ENT_020742,ent_cf9e5d65bed9
ENT_020743,ent_4431896d1dc3
ENT_020744,ent_6576c4eda2cb
ENT_020745,ent_309f25638e16
ENT_020748,ent_3ce9d4d97367
ENT_020749,ent_bf572674760a
ENT_020750,ent_3ba9e6bdb349
ENT_020753,ent_78aa3cb23312
ENT_020754,ent_963ff9440bd5
ENT_020756,ent_e688242a1962
ENT_020757,ent_a5c5fb06855f
ENT_020758,ent_7f025f0aceb2
ENT_020759,ent_0398c2d488f9
ENT_020760,ent_aad08493be3c
ENT_020761,ent_f0cb870c9e11
ENT_020762,ent_4d8d24ef22f0
ENT_020763,ent_afd3fd19713f
ENT_020765,ent_57707dbd5411
ENT_020766,ent_b8f8555d2ce4
ENT_020767,ent_9b9b11979646
ENT_020768,ent_48f03a820a0f
ENT_020769,ent_617016556f52
ENT_020770,ent_e3ce3f670a12
ENT_020771,ent_b921b18a1789
ENT_020775,ent_8c5ebf9dd02a
ENT_020776,ent_0865f85ae213
ENT_020777,ent_d5d4c588fa78
ENT_020778,ent_e2e64374c3be
ENT_020779,ent_e5fdb9d024ff
ENT_020780,ent_81faca689023
ENT_020781,ent_ec17b465d57b
ENT_020783,ent_e006554c55d5
ENT_020785,ent_21047902c493
ENT_020786,ent_b9fa238ab6d9
ENT_020788,ent_8041b0baa3c9
ENT_020789,ent_22c41de5edaa
ENT_020790,ent_d1cf07c6299a
ENT_020801,ent_098102364cfd
ENT_020804,ent_6961f93e3683
ENT_020805,ent_422b4d2a23f1
ENT_020806,ent_311cabe3ab9a
ENT_020807,ent_d24043bdbc33
ENT_020808,ent_63f9ebd0e858
ENT_020809,ent_74893d6edc7c
ENT_020810,ent_76b0cc61483f
ENT_020811,ent_24aa2bf0ebb8
ENT_020814,ent_a689df4de758
ENT_020815,ent_c40b41e41420
ENT_020820,ent_953b8cf0756f
ENT_020821,ent_06b4032fd24a
ENT_020822,ent_edfac783a4d4
ENT_020825,ent_1ca9c5083abc
ENT_020827,ent_d408d9ee4cab
ENT_020828,ent_d5997da7f8d7
ENT_020830,ent_bd37ca172ad4
ENT_020835,ent_c3e1fa547515
ENT_020836,ent_070b2fce2530
ENT_020837,ent_9b25a95997e9
ENT_020838,ent_fa6eda59cfc7
ENT_020839,ent_7abd38219990
ENT_020840,ent_38d1ef5b6cbb
ENT_020842,ent_37db125ecfa8
ENT_020843,ent_7887f8f1bff9
ENT_020844,ent_62a9bed1980b
ENT_020845,ent_a12881def991
ENT_020847,ent_e737530b7f55
ENT_020848,ent_b43ef81ab044
ENT_020850,ent_cb78e8772ec3
ENT_020851,ent_d1bf642e39e4
ENT_020852,ent_ceab48504ca3
ENT_020854,ent_79f5c6aa1d15
ENT_020855,ent_431302cefe36
ENT_020857,ent_9723e388b2eb
ENT_020859,ent_2b293f4ad310
ENT_020860,ent_dc8b2c28c2ee
ENT_020861,ent_1813cad0d234
ENT_020862,ent_a067228ca6da
ENT_020863,ent_4df3206f9b8c
ENT_020864,ent_6cf3ef4d9d42
ENT_020865,ent_ba5eebf17d98
ENT_020866,ent_b7b1aaf5c5f4
ENT_020867,ent_5f4b634b258c
ENT_020870,ent_64e677de59d1
ENT_020871,ent_c45903ffae51
ENT_020872,ent_909d583a6d46
ENT_020873,ent_ada78903e8ac
ENT_020874,ent_b896fd479968
ENT_020875,ent_b739bb6a1d51
ENT_020876,ent_f40a678c6f7d
ENT_020878,ent_c71cab5bbbac
ENT_020879,ent_49acb294514b
ENT_020880,ent_b1cd6fc3d31d
ENT_020881,ent_848400077acf
ENT_020882,ent_d920b3f57278
ENT_020885,ent_19b31f6f7cbc
ENT_020886,ent_73a33b34e836
ENT_020887,ent_f6748a3785d5
ENT_020889,ent_d9dd38b592a5
ENT_020890,ent_bebdcede735d
ENT_020891,ent_dde2288e08ab
ENT_020892,ent_64435952c1dc
ENT_020893,ent_6d395ca68007
ENT_020895,ent_80761c0a0f16
ENT_020897,ent_0a5e350c7fc1
ENT_020898,ent_78063276df6d
ENT_020899,ent_a58f81302bfb
ENT_020900,ent_4916ad44d684
ENT_020901,ent_eb76103f4613
ENT_020902,ent_e93c0f90ea67
ENT_020903,ent_d792c50ffdd7
ENT_020904,ent_d0168182d994
ENT_020905,ent_77d63b2cc94f
ENT_020906,ent_a09860808ea5
ENT_020907,ent_9d94b6d8dce3
ENT_020908,ent_c13ef30e2613
ENT_020909,ent_282f8cb81792
ENT_020910,ent_ef275dbbeabe
ENT_020911,ent_e354a93c2c6f
ENT_020912,ent_ea200ab52eb4
ENT_020913,ent_f26d822960f2
ENT_020918,ent_ccc7dd768e8a
ENT_020919,ent_e7265fd7f09d
ENT_020920,ent_123e4ff3a236
ENT_020921,ent_a1d911094637
ENT_020923,ent_c844a4f58a6e
ENT_020924,ent_748efda1eeb5
ENT_020926,ent_566fa1aa2c12
ENT_020927,ent_dee93eec2f99
ENT_020928,ent_84b7c42c4442
ENT_020929,ent_d4f348eeb67e
ENT_020930,ent_36f337748658
ENT_020932,ent_7052b2aeb039
ENT_020933,ent_b080ceda971c
ENT_020934,ent_5e3ac8d7b801
ENT_020935,ent_f355c8b50a12
ENT_020937,ent_8a78512efeeb
ENT_020938,ent_69717ef00cc3
ENT_020939,ent_8466249f7e11
ENT_020941,ent_b3a8913a0f31
ENT_020942,ent_91bc4af99845
ENT_020944,ent_dd87d7fe67bf
ENT_020945,ent_4eeff53dd5c8
ENT_020947,ent_0815da33294f
ENT_020948,ent_dee186eaec19
ENT_020949,ent_854b5328151f
ENT_020950,ent_3f8c28e2aa6b
ENT_020951,ent_a1a56735c645
ENT_020953,ent_aea0a7be023a
ENT_020954,ent_8d48d7601e65
ENT_020956,ent_3adbfe42b795
ENT_020958,ent_216263e5916e
ENT_020959,ent_638c2b22e435
ENT_020960,ent_acee8a0ae2d3
ENT_020962,ent_5c0d245dec60
ENT_020963,ent_6f172e6b4f18
ENT_020964,ent_f0b00107c3e3
ENT_020965,ent_7e74ba50ee8f
ENT_020967,ent_f3893f3845e5
ENT_020970,ent_d56fe1c8f1c1
ENT_020971,ent_e959547bb015
ENT_020974,ent_0032d37202dd
ENT_020975,ent_ac50bda52649
ENT_020976,ent_48194171fd76
ENT_020977,ent_9bd24f7592dc
ENT_020979,ent_d1f2fe163d1b
ENT_020980,ent_2e33c27f3202
ENT_020981,ent_70638998883b
ENT_020983,ent_3c24a5f1a68c
ENT_020984,ent_158d0fa6d4fe
ENT_020985,ent_b623d10cd984
ENT_020987,ent_29496a9efbfe
ENT_020988,ent_fca86de39e3a
ENT_020989,ent_ab03f6dbc0d1
ENT_020990,ent_83d6df4804e8
ENT_020992,ent_08291ea56a2a
ENT_020993,ent_0d21b3369095
ENT_020994,ent_0005e31897f2
ENT_020995,ent_6616c74d45a0
ENT_020997,ent_8ed2b2b4f074
ENT_020998,ent_ce044d50d25c
ENT_020999,ent_560625c16426
ENT_021001,ent_9c33e7ebb171
ENT_021002,ent_a684031296cf
ENT_021003,ent_bf2af53d8117
ENT_021005,ent_95d78e1d4179
ENT_021007,ent_674538b6b7cc
ENT_021008,ent_f5d4abc5a52b
ENT_021009,ent_cef0a82841ce
ENT_021010,ent_771b7c81967e
ENT_021011,ent_de1c4792a73c
ENT_021012,ent_85aec6775754
ENT_021013,ent_0df21a97b514
ENT_021014,ent_0194eb930c26
ENT_021015,ent_6167781ca9a5
ENT_021016,ent_32db232f9596
ENT_021017,ent_b3174b468ea0
ENT_021018,ent_d3cc2dc5b548
ENT_021020,ent_dee0172f1cc2
ENT_021021,ent_93bfb7ab6606
ENT_021023,ent_2b9b1e6d205c
ENT_021024,ent_5595bbddedd7
ENT_021026,ent_824bc2a708f0
ENT_021029,ent_cae34b827820
ENT_021031,ent_5b2f3a36de0a
ENT_021032,ent_3f01009961dc
ENT_021035,ent_454198b873ef
ENT_021039,ent_699aac2a371c
ENT_021041,ent_ccb4e6448017
ENT_021043,ent_b50d8263842a
ENT_021044,ent_4b1c8290235b
ENT_021048,ent_632da5da3dbd
ENT_021049,ent_a62a04302c4a
ENT_021051,ent_5e7040750741
ENT_021054,ent_634be66e3d79
ENT_021060,ent_a431c588128a
ENT_021062,ent_7b8a1df89ee0
ENT_021065,ent_2ea16300a14d
ENT_021067,ent_4f5f01a650ff
ENT_021068,ent_eacd26d8f853
ENT_021069,ent_dcbc03c3a564
ENT_021070,ent_d0f039ebbef0
ENT_021071,ent_83a14cf38ed4
ENT_021072,ent_619c32cc4275
ENT_021073,ent_ce61005e1196
ENT_021074,ent_e572aacc1d95
ENT_021075,ent_5a025ed6d2a2
ENT_021077,ent_bd9755b8b2a6
ENT_021078,ent_a228413760f3
ENT_021080,ent_9baa5f487565
ENT_021082,ent_2185b21d1e45
ENT_021083,ent_88f94bbd7ac7
ENT_021084,ent_8484dc45f42b
ENT_021085,ent_588c35a45e08
ENT_021086,ent_9d06010b79cc
ENT_021087,ent_7cccb42cca54
ENT_021089,ent_6c811fcbb316
ENT_021091,ent_7ba0a5b80ab6
ENT_021093,ent_17c38792bcd7
ENT_021094,ent_3786e6a16dff
ENT_021095,ent_692c99313b60
ENT_021096,ent_75d08e6df22e
ENT_021097,ent_fd2b726c932f
ENT_021098,ent_809181995437
ENT_021100,ent_6e7071ae50c8
ENT_021101,ent_3dadf4e6dd66
ENT_021102,ent_24eccfcd2d89
ENT_021103,ent_2dfcaf733976
ENT_021106,ent_561659e21cd9
ENT_021108,ent_5f2524c4df1c
ENT_021109,ent_08cc6c2d2c7c
ENT_021111,ent_462cfa25ba69
ENT_021112,ent_e96a553b5666
ENT_021116,ent_e7fc73a8afbb
ENT_021118,ent_2c6d6839ff58
ENT_021119,ent_d6e780c417aa
ENT_021120,ent_7b94d36048e7
ENT_021121,ent_b51fe425580b
ENT_021122,ent_163e7c734eb9
ENT_021123,ent_67ad68e90338
ENT_021126,ent_2ce74ceb8c73
ENT_021127,ent_9c423141c507
ENT_021128,ent_1ba5d5612af9
ENT_021129,ent_5d6fd898b2b2
ENT_021130,ent_80229772524d
ENT_021131,ent_8a0b5f30fecd
ENT_021132,ent_e86e17fca6cf
ENT_021134,ent_a96d5271524a
ENT_021135,ent_fbccc0c59bd5
ENT_021136,ent_962e1b190db4
ENT_021139,ent_20e71d76cf73
ENT_021140,ent_53606fa95ec3
ENT_021141,ent_9abe563a4785
ENT_021143,ent_65e5200337ba
ENT_021144,ent_acbfba1c8f01
ENT_021145,ent_bfbf54b1f298
ENT_021146,ent_cdc032acfcd5
ENT_021148,ent_b879a07c479c
ENT_021150,ent_3c578e4fb3b7
ENT_021151,ent_372cb4577ae8
ENT_021152,ent_ce3646077255
ENT_021154,ent_b35eaebb4fb9
ENT_021156,ent_f3e4ae035b8d
ENT_021158,ent_fa3acf2725ac
ENT_021159,ent_37dc5e9994a7
ENT_021160,ent_3d1f2b672c22
ENT_021161,ent_010d7ed9312a
ENT_021162,ent_0e0617446b2f
ENT_021163,ent_498433f6460e
ENT_021164,ent_8bffc54511c6
ENT_021166,ent_ad67485bb1f0
ENT_021167,ent_0df3be01cefb
ENT_021168,ent_26549019c59b
ENT_021172,ent_1d6397f4a8bc
ENT_021173,ent_f0dda0d326dc
ENT_021174,ent_e6c0d330d655
ENT_021175,ent_a4237decebb2
ENT_021177,ent_a6650c3b0e01
ENT_021180,ent_2f3183b7b899
ENT_021182,ent_0c1703f63876
ENT_021183,ent_f3c8879cc3ae
ENT_021184,ent_b96a4711e210
ENT_021185,ent_988241bee83c
ENT_021187,ent_7ca1ae605530
ENT_021188,ent_555e137c6ae5
ENT_021191,ent_325842d7fb4d
ENT_021192,ent_ac6eb943333f
ENT_021193,ent_ddb9c77d8946
ENT_021195,ent_9aea0c27d809
ENT_021198,ent_f1f17f646b8c
ENT_021201,ent_7c416e0bcb0c
ENT_021202,ent_2f96825dc4ac
ENT_021207,ent_ff2498ac760e
ENT_021208,ent_6e7a0fb30635
ENT_021209,ent_7a132bd35c43
ENT_021210,ent_4684a1dc620e
ENT_021211,ent_058be8f916aa
ENT_021212,ent_7cfdefcc5718
ENT_021213,ent_033c7af013a8
ENT_021214,ent_76acb1d13c9a
ENT_021215,ent_56b6d9f3cc23
ENT_021218,ent_4aee818faded
ENT_021221,ent_e8ff58d8c523
ENT_021222,ent_75650c445cf0
ENT_021223,ent_ce330bff6b39
ENT_021224,ent_1f5805bc5d74
ENT_021225,ent_441c60bd4a81
ENT_021226,ent_bb90dc95dffb
ENT_021227,ent_456c9dc757bd
ENT_021228,ent_ce940b77143c
ENT_021229,ent_40f928968528
ENT_021230,ent_ecccf06750ee
ENT_021232,ent_e27edce151bc
ENT_021233,ent_b7e8ffb6e90d
ENT_021234,ent_4d9f65f261b4
ENT_021235,ent_bb338d67fbd4
ENT_021236,ent_480b476a1af8
ENT_021237,ent_0dc5c0deacb6
ENT_021238,ent_21bb2eb104c6
ENT_021239,ent_1214543c6c23
ENT_021240,ent_f442fd157998
ENT_021243,ent_571dc44a909e
ENT_021244,ent_0a2b0252aa74
ENT_021245,ent_d179a367d34d
ENT_021246,ent_f39e678039ae
ENT_021247,ent_ead767516ee9
ENT_021248,ent_a4535dd7c9d3
ENT_021249,ent_4d2e8ae92843
ENT_021250,ent_963b722b1be6
ENT_021251,ent_f460527a9905
ENT_021255,ent_ac18da2c15fd
ENT_021256,ent_a1f4b79866f0
ENT_021257,ent_5f3d32b96f58
ENT_021258,ent_f32969f38cfc
ENT_021259,ent_7b0856eb37f7
ENT_021260,ent_e146c010e71d
ENT_021261,ent_06bc4d832406
ENT_021262,ent_efdc4be4843f
ENT_021263,ent_a9b82b7f25ad
ENT_021264,ent_61c6f5c8ded0
ENT_021265,ent_b0649cdd6efd
ENT_021266,ent_4ea3573e8fd5
ENT_021267,ent_9a0b9181dd83
ENT_021268,ent_29e62c15c963
ENT_021269,ent_3df430f95635
ENT_021270,ent_668b1b39b852
ENT_021271,ent_6dc4bf0e457f
ENT_021272,ent_327dbb7033b9
ENT_021273,ent_189a18b9481c
ENT_021274,ent_d787e02baa56
ENT_021275,ent_fa37fa5c2b0a
ENT_021276,ent_a6bdbd81b44c
ENT_021277,ent_8c0bcef21f33
ENT_021278,ent_af1de006e562
ENT_021279,ent_0ccfe7326c55
ENT_021280,ent_8a34bf9524b5
ENT_021281,ent_e8ab95b370bf
ENT_021282,ent_1d026a6f024d
ENT_021283,ent_de51dcb56821
ENT_021284,ent_62caca315f9e
ENT_021285,ent_f696a599e4dc
ENT_021286,ent_d58f4bbadbdd
ENT_021287,ent_1cbb95794044
ENT_021288,ent_39551b1d9e88
ENT_021289,ent_aff06f1a8c20
ENT_021290,ent_7bb705f04e80
ENT_021292,ent_b33708825989
ENT_021293,ent_96d1f6bba04c
ENT_021294,ent_df3018b7e3e3
ENT_021297,ent_958088dcae1b
ENT_021298,ent_c07ffe157bae
ENT_021299,ent_b2985637f8a9
ENT_021300,ent_b5f86b761c40
ENT_021302,ent_9ce6a9abe007
ENT_021303,ent_e5e93afdf11e
ENT_021304,ent_11177f35b85a
ENT_021305,ent_0e6ab85160d8
ENT_021308,ent_dcf3d14fcfa6
ENT_021309,ent_ce6bcce693ef
ENT_021310,ent_7c1bfd264e74
ENT_021311,ent_79b1c13eeded
ENT_021312,ent_ba94ade3780c
ENT_021313,ent_1aaeb8b01166
ENT_021314,ent_f219bfbc39e5
ENT_021317,ent_7d235ec6200e
ENT_021318,ent_ec165c803698
ENT_021319,ent_fadcccccb1fc
ENT_021320,ent_e87ef766920a
ENT_021321,ent_b6f25bf6086d
ENT_021322,ent_8bdea37519c3
ENT_021324,ent_9377962c503e
ENT_021326,ent_0d60f3b839ae
ENT_021327,ent_1d1b9094de0c
ENT_021330,ent_41d1197039ba
ENT_021331,ent_132d14eaa84d
ENT_021332,ent_2f38ead88384
ENT_021333,ent_fcc473dda57a
ENT_021334,ent_a2484a802a21
ENT_021335,ent_683bab938c00
ENT_021336,ent_42fc76443b5b
ENT_021337,ent_5ba8fd7bba08
ENT_021338,ent_773d6878ffb9
ENT_021339,ent_a16cfd99b77f
ENT_021340,ent_0892f737f2c5
ENT_021341,ent_d8349019c58f
ENT_021342,ent_739049a3b690
ENT_021343,ent_b86715a00af5
ENT_021344,ent_abdb79f36245
ENT_021345,ent_2116d5be799e
ENT_021346,ent_aa4067d458b7
ENT_021347,ent_26dc36d7c8f3
ENT_021348,ent_ad22127026bd
ENT_021349,ent_1b64b3ecf5e3
ENT_021350,ent_9446ec161c30
ENT_021351,ent_3fcfea53a905
ENT_021352,ent_4b5a35d70d55
ENT_021353,ent_9fefa19721f5
ENT_021354,ent_9c2e02a5af30
ENT_021356,ent_1fd228d042ae
ENT_021358,ent_a21565de3d79
ENT_021359,ent_867606a65248
ENT_021360,ent_cfd48be33772
ENT_021361,ent_09449fe643d8
ENT_021362,ent_1fbf06d7da61
ENT_021363,ent_dc535cf6baf9
ENT_021364,ent_250b83dba63d
ENT_021365,ent_b6e48f6409c2
ENT_021368,ent_efea156ddf90
ENT_021369,ent_cbdd0bc97afd
ENT_021370,ent_39d69e0533ea
ENT_021374,ent_f775313cf374
ENT_021375,ent_2ab3d8bc09f0
ENT_021377,ent_99b2fdbaaa3c
ENT_021378,ent_620eaaff17eb
ENT_021379,ent_0b8dccf66876
ENT_021381,ent_74fe38ff77a5
ENT_021383,ent_97f2ae7209af
ENT_021386,ent_3ba13f78aa31
ENT_021387,ent_88632aefc0d7
ENT_021389,ent_c175f86b8e66
ENT_021390,ent_a801701dd21a
ENT_021391,ent_2278840f01f7
ENT_021392,ent_3acd0f10d936
ENT_021393,ent_7ebc90ef59db
ENT_021394,ent_a48df4068a27
ENT_021395,ent_bb128489242b
ENT_021396,ent_783cdb63d652
ENT_021397,ent_53522373407c
ENT_021398,ent_e200d16eba64
ENT_021399,ent_e06ca0ede50b
ENT_021400,ent_e4a647e58cc8
ENT_021401,ent_d20b4930ae16
ENT_021402,ent_0012744b4f5c
ENT_021403,ent_c2f940599c76
ENT_021404,ent_1d4605da26a2
ENT_021405,ent_e9b7ce0f1bff
ENT_021406,ent_bd2e3a4d8b8b
ENT_021407,ent_c4cb368b81bf
ENT_021408,ent_c2d05eb61260
ENT_021409,ent_cb993f5bf2a1
ENT_021410,ent_ca35fe9bcb4f
ENT_021411,ent_3f90871d47f8
ENT_021413,ent_a5e336f0fbbb
ENT_021415,ent_aa25a48bde69
ENT_021416,ent_c930b02209c4
ENT_021417,ent_837fd93d7d04
ENT_021418,ent_65500b3fc1a4
ENT_021419,ent_45417ad461e2
ENT_021420,ent_926ced1b2d7a
ENT_021422,ent_036dfa49ae80
ENT_021424,ent_a659e19622da
ENT_021427,ent_32c1a2e30cfe
ENT_021431,ent_1120adfb16c8
ENT_021432,ent_ea2dd063bdc3
ENT_021433,ent_03d9ec98bb4d
ENT_021434,ent_a1ad0c6b625d
ENT_021435,ent_3047d2928ff6
ENT_021436,ent_ebfdfc121669
ENT_021437,ent_787cb9b4ba14
ENT_021438,ent_d5e0a7a73453
ENT_021439,ent_93719c0c399f
ENT_021441,ent_265419e99605
ENT_021443,ent_ecfdeaae4656
ENT_021444,ent_f808a112752b
ENT_021445,ent_41916d2de9ea
ENT_021447,ent_f051c3055eab
ENT_021450,ent_179affbd8330
ENT_021451,ent_f7901727fde2
ENT_021452,ent_03e1af22f9ba
ENT_021455,ent_09d3de241919
ENT_021456,ent_92a386abc0b3
ENT_021460,ent_c59a25469498
ENT_021461,ent_ed7a02ca9973
ENT_021462,ent_a3a1c8bc9d96
ENT_021463,ent_790a10609f0a
ENT_021464,ent_a62d74b06807
ENT_021467,ent_eedd0d635320
ENT_021468,ent_dcb0e81b6f9f
ENT_021469,ent_d6554c01dd18
ENT_021471,ent_0c17b9f1b9b3
ENT_021472,ent_dd5fcceab13e
ENT_021473,ent_df8064724723
ENT_021475,ent_bbe48cc210da
ENT_021476,ent_41c86e757c0e
ENT_021477,ent_bedad8f1389e
ENT_021478,ent_279d16c08462
ENT_021479,ent_fe48c8df2499
ENT_021481,ent_6fac3776566b
ENT_021482,ent_58939ffb6764
ENT_021487,ent_088b73237602
ENT_021488,ent_bd12cad4f0a6
ENT_021490,ent_572487e48032
ENT_021493,ent_5cffc99720ba
ENT_021497,ent_cc394ab6da66
ENT_021499,ent_1efd5a5e5bf6
ENT_021500,ent_e6fd48029d10
ENT_021502,ent_e8be89625762
ENT_021504,ent_7a9a342c1e44
ENT_021505,ent_8a2442579804
ENT_021506,ent_b92f805d08a9
ENT_021508,ent_17927498f9d9
ENT_021509,ent_ce8df06a9197
ENT_021510,ent_b73b24bcfb23
ENT_021511,ent_6b87106945ce
ENT_021513,ent_23db6f49de29
ENT_021514,ent_79b714d44bea
ENT_021515,ent_7b50b7f38b35
ENT_021516,ent_a5c475e9b3c6
ENT_021517,ent_f2a42924fe78
ENT_021518,ent_304687ba36b6
ENT_021521,ent_fcd5b3442017
ENT_021522,ent_5eb599b4d855
ENT_021524,ent_562da6743e0c
ENT_021527,ent_11325f282903
ENT_021528,ent_27bb6c12a3ca
ENT_021529,ent_0014cea792e3
ENT_021530,ent_8ba62862cee2
ENT_021531,ent_49b183739524
ENT_021532,ent_3bf034517913
ENT_021534,ent_e5ded50df350
ENT_021535,ent_d4c7fa274747
ENT_021536,ent_c1e01d15fbb5
ENT_021537,ent_057a7d83999e
ENT_021538,ent_40890d49226b
ENT_021539,ent_aa4298e95a8e
ENT_021540,ent_f9057896afaa
ENT_021541,ent_dcf800b9ba52
ENT_021542,ent_fda3fde08033
ENT_021543,ent_2300e03f4731
ENT_021546,ent_d394707b9ac1
ENT_021547,ent_2ff602a605a9
ENT_021548,ent_bc87f18f41c7
ENT_021549,ent_cde5b086a411
ENT_021552,ent_3f7b9e3fe5a6
ENT_021553,ent_4c73b2b333c8
ENT_021557,ent_bf2dbd122861
ENT_021558,ent_23c6ed640029
ENT_021560,ent_ea899d0480f2
ENT_021561,ent_16ca553a83fa
ENT_021562,ent_1ada5f1aeffc
ENT_021564,ent_7ab1f62af882
ENT_021565,ent_c515a81dc16c
ENT_021567,ent_9d25243b6ae6
ENT_021568,ent_302712530a32
ENT_021569,ent_e8d541433ea1
ENT_021570,ent_221e2c2ca0b3
ENT_021572,ent_7a6a4503319a
ENT_021573,ent_6be1cf557e59
ENT_021575,ent_ceb9d956bf7d
ENT_021576,ent_17a75b149316
ENT_021577,ent_366b837eaeea
ENT_021579,ent_aaaa44c5e7de
ENT_021580,ent_c3746ddb26a8
ENT_021582,ent_33dd1555edc8
ENT_021583,ent_9884d45c6a63
ENT_021586,ent_63d87926bfa2
ENT_021587,ent_20733649310e
ENT_021590,ent_02c0c9f4efea
ENT_021591,ent_2a292e5d35d8
ENT_021594,ent_ba49a4711f81
ENT_021598,ent_2295e09e3e28
ENT_021600,ent_dc4c3a84a6b4
ENT_021601,ent_7bcc4772e6cf
ENT_021602,ent_cf1ee2a3cb03
ENT_021603,ent_0ed4e1885e92
ENT_021604,ent_51fc5db8e72d
ENT_021606,ent_eaa6b026fae1
ENT_021609,ent_e8bcf316bb09
ENT_021610,ent_390a2738bc2b
ENT_021612,ent_e6fcb5138f92
ENT_021613,ent_eb71901d15f6
ENT_021614,ent_1c847d54cf1e
ENT_021616,ent_741365e683db
ENT_021617,ent_f12c6f3d83ec
ENT_021618,ent_b24bd9a63ae1
ENT_021619,ent_953039d18122
ENT_021620,ent_180a993acf61
ENT_021622,ent_486c7b0808ad
ENT_021623,ent_3fa5bd18fdfd
ENT_021624,ent_a1ec32c8dd99
ENT_021625,ent_04c8190c5114
ENT_021626,ent_91d7a6f9938d
ENT_021627,ent_9650a3a84e46
ENT_021628,ent_7caba05e6dfc
ENT_021632,ent_bf940b65e5db
ENT_021634,ent_b5352670cd8a
ENT_021635,ent_6c980c6974fe
ENT_021637,ent_1c4d1d01220f
ENT_021639,ent_32a94912e5f4
ENT_021641,ent_9735c23b5106
ENT_021642,ent_b53a97d15bbb
ENT_021644,ent_f429b65aa4ec
ENT_021646,ent_f4495f0b3c43
ENT_021648,ent_f581e49d91a1
ENT_021651,ent_f7ab69b1b2c7
ENT_021652,ent_005d9abfc2d9
ENT_021653,ent_6b9d8869ea35
ENT_021655,ent_0338c612b988
ENT_021656,ent_4aa6fd7e4710
ENT_021657,ent_79fcf98790a7
ENT_021658,ent_9ecb01be9c34
ENT_021659,ent_3a2dfdc11dbf
ENT_021660,ent_74df32cd5a90
ENT_021661,ent_3e8803f7070b
ENT_021662,ent_abec03c39733
ENT_021663,ent_97633d028f45
ENT_021664,ent_3d92ab283f9c
ENT_021665,ent_bf1798e97b81
ENT_021666,ent_0e9e793a2e5b
ENT_021667,ent_bdf70aaf28d9
ENT_021668,ent_e4c8d8426447
ENT_021669,ent_b67c3e530f98
ENT_021671,ent_9bcfeeeb740b
ENT_021672,ent_76bef01bf334
ENT_021673,ent_d1442155bd6f
ENT_021674,ent_520af6e2a00a
ENT_021676,ent_1667ae81adf8
ENT_021678,ent_cbdc58edcfa2
ENT_021679,ent_63b2b706d334
ENT_021680,ent_16967a8bf31d
ENT_021682,ent_fff470b1f47f
ENT_021683,ent_410e92ecc29f
ENT_021685,ent_d97f31957270
ENT_021686,ent_0775e4c1e4fa
ENT_021688,ent_0106568e63bd
ENT_021689,ent_31cf4cdb7db6
ENT_021690,ent_cb10c71ab22e
ENT_021691,ent_063c0d9457b8
ENT_021692,ent_967917fecefb
ENT_021693,ent_1fea84f80187
ENT_021694,ent_8f74b168695f
ENT_021695,ent_f86b424068e2
ENT_021696,ent_e3e67c6782f6
ENT_021697,ent_1de879cf9934
ENT_021698,ent_74cea370359a
ENT_021700,ent_6aca3b97fd2d
ENT_021701,ent_a0a5ce74c000
ENT_021702,ent_dd7eedea3356
ENT_021703,ent_676059d1f01b
ENT_021704,ent_5b9e1cb8b0f0
ENT_021705,ent_53003b6092fa
ENT_021706,ent_3b1680fa25a8
ENT_021707,ent_84f14cd77df2
ENT_021708,ent_50b6e809a537
ENT_021709,ent_c99c41f5ceba
ENT_021710,ent_6e111b9c7bb5
ENT_021711,ent_e4d7a6812828
ENT_021712,ent_ec47951d0558
ENT_021713,ent_c9d401273eb5
ENT_021714,ent_3061679d5618
ENT_021715,ent_cdcdb03c1cf5
ENT_021716,ent_21dfb0435ece
ENT_021717,ent_51cf56f44621
ENT_021718,ent_907907cf4628
ENT_021719,ent_a0c51cd2dbc0
ENT_021720,ent_0e659278821d
ENT_021721,ent_fac6a5c6557c
ENT_021722,ent_53f219f5dc59
ENT_021723,ent_6dd581337b19
ENT_021724,ent_fdabcc398d9f
ENT_021725,ent_2fb683809c6a
ENT_021726,ent_c5037d3c2f14
ENT_021727,ent_9e777c0774a0
ENT_021728,ent_dcab2c1937d1
ENT_021729,ent_322841e68229
ENT_021730,ent_0f28fa48218a
ENT_021732,ent_f9ddbd5a41be
ENT_021733,ent_c8ee41987047
ENT_021734,ent_e99be9472092
ENT_021735,ent_a2507bdfcd02
ENT_021736,ent_6fa4b9fd6857
ENT_021738,ent_4c9c4a94d0bf
ENT_021739,ent_aed26cefd7fb
ENT_021740,ent_b1ae094d2be2
ENT_021741,ent_4a4a11f98bb6
ENT_021742,ent_08bd9d4a7d7e
ENT_021744,ent_0ae8519d5465
ENT_021745,ent_7cea994c8005
ENT_021746,ent_d3c0cae2cac4
ENT_021747,ent_e44e1fbeaa56
ENT_021748,ent_f13b0f91a178
ENT_021749,ent_4db99db51207
ENT_021750,ent_fb3f387d2536
ENT_021751,ent_edbea8a51b2d
ENT_021753,ent_3e4149dc3a45
ENT_021754,ent_750718e60218
ENT_021755,ent_124eb84b662c
ENT_021756,ent_0cb1b87a5155
ENT_021757,ent_2931de02855b
ENT_021758,ent_42f68fe640ed
ENT_021759,ent_848db625a9fc
ENT_021760,ent_f61dd2e7d479
ENT_021761,ent_2746b5815d86
ENT_021762,ent_f320a54f5702
ENT_021763,ent_2e691880f3c2
ENT_021764,ent_9303c5858a40
ENT_021765,ent_1d21b579a53e
ENT_021766,ent_730a51722e70
ENT_021767,ent_768869644ea2
ENT_021768,ent_d44c597799b8
ENT_021769,ent_079f57df8c80
ENT_021770,ent_f0081e9c353e
ENT_021771,ent_dc163715f267
ENT_021772,ent_73b3ea3b3a0c
ENT_021774,ent_dcacdf79cac3
ENT_021775,ent_57a72bc78f7c
ENT_021776,ent_a5f487e4190a
ENT_021778,ent_b243057227aa
ENT_021779,ent_ab3aacbe1bf9
ENT_021780,ent_a1f534091f7d
ENT_021781,ent_f44f953f4fce
ENT_021782,ent_3174d4c69760
ENT_021783,ent_0714b7ccff03
ENT_021784,ent_c68de1c753f0
ENT_021785,ent_d04e706abd3f
ENT_021786,ent_f6c4edaaed69
ENT_021788,ent_2081c82df8ac
ENT_021790,ent_d3bb8408c01c
ENT_021791,ent_8e6230520d18
ENT_021792,ent_d64548a036e1
ENT_021793,ent_52dab468aae7
ENT_021794,ent_59db4abd1e10
ENT_021795,ent_8006dbf04156
ENT_021796,ent_f5f15d934203
ENT_021797,ent_7fb3eb4e4e4c
ENT_021799,ent_963242ce1fc4
ENT_021800,ent_c95d64107396
ENT_021801,ent_ed4d97b49f92
ENT_021803,ent_35b66d4899ac
ENT_021805,ent_6bcb81f0a3ba
ENT_021807,ent_3e2a84ed411b
ENT_021808,ent_eb1ed33706ea
ENT_021809,ent_23eea647e700
ENT_021812,ent_a4b23b62ebe4
ENT_021815,ent_2a838ed6b59c
ENT_021816,ent_b01dea5db553
ENT_021817,ent_1897bd2be204
ENT_021818,ent_6dd511d6ac76
ENT_021819,ent_5f5b8c57ee4a
ENT_021821,ent_5099f8a16be6
ENT_021823,ent_8c1a4f7ed02d
ENT_021824,ent_bedbffdf1401
ENT_021825,ent_f900e16ea2b1
ENT_021826,ent_e13843226159
ENT_021827,ent_eca08553665f
ENT_021828,ent_cd383e4a2832
ENT_021829,ent_b29a1b554772
ENT_021830,ent_2a5835bf90a6
ENT_021831,ent_03ebb415fe6d
ENT_021832,ent_e3078c0d272c
ENT_021833,ent_c67323272a67
ENT_021834,ent_d44604867b59
ENT_021835,ent_3bf6eeaed01a
ENT_021836,ent_e058bf0e726d
ENT_021837,ent_ac573b85259e
ENT_021839,ent_99f229ea9e40
ENT_021840,ent_249351a2cac5
ENT_021843,ent_b0f486182f80
ENT_021845,ent_879f46d514d5
ENT_021847,ent_5d4aca711435
ENT_021849,ent_3d02c6fb77b9
ENT_021850,ent_bf4d35185acc
ENT_021851,ent_001e64e98183
ENT_021854,ent_c2e0aa8df5ee
ENT_021862,ent_ff44d28778a1
ENT_021863,ent_19dcf49bdfc3
ENT_021864,ent_d532bea3219c
ENT_021868,ent_297a8d217cf3
ENT_021869,ent_93535588134b
ENT_021872,ent_15cf0d894a7e
ENT_021873,ent_962450e4dc4c
ENT_021874,ent_457391748845
ENT_021875,ent_2674fd088c6c
ENT_021876,ent_129560095913
ENT_021879,ent_51a122ea6e61
ENT_021880,ent_60aa7e92d803
ENT_021881,ent_f95be138c50e
ENT_021882,ent_741d4061249a
ENT_021883,ent_24653d4fa74d
ENT_021884,ent_882edce6db96
ENT_021885,ent_fc7d87789772
ENT_021886,ent_25c07ef4cd17
ENT_021887,ent_dd8bab354e33
ENT_021888,ent_30afdc8db092
ENT_021889,ent_a18fc9c02cd5
ENT_021890,ent_cdfd4b8923db
ENT_021892,ent_220a117423af
ENT_021893,ent_8ecd49ca57b4
ENT_021894,ent_0f2fd167aa62
ENT_021895,ent_de9e64bd8acb
ENT_021897,ent_b06fafc6ded6
ENT_021898,ent_932df6d8fd10
ENT_021901,ent_95953c4c0bc1
ENT_021902,ent_eaf9244849ae
ENT_021903,ent_857f54763b2c
ENT_021905,ent_033b22a598a5
ENT_021907,ent_91457f655a20
ENT_021908,ent_76f5053c3b15
ENT_021909,ent_668313bdb16a
ENT_021910,ent_293d97602441
ENT_021911,ent_cca0db6d4e56
ENT_021912,ent_f3f3ea05203f
ENT_021913,ent_4411ddf10b77
ENT_021914,ent_9db704bbb345
ENT_021915,ent_628f03c22446
ENT_021916,ent_c53ae0e9cd77
ENT_021918,ent_a6590ed0029b
ENT_021919,ent_74caeedbf8e1
ENT_021920,ent_e194ec484baa
ENT_021921,ent_5b00fa6d072c
ENT_021922,ent_bbb14a140a0f
ENT_021923,ent_9e4cbe0e9a9d
ENT_021924,ent_2c765a1d53f2
ENT_021926,ent_944483a6dbba
ENT_021927,ent_00a3a9fefff4
ENT_021928,ent_0d89d54867e2
ENT_021929,ent_4769e14ebb48
ENT_021930,ent_2f55bf5f63ce
ENT_021931,ent_11c43925edc7
ENT_021933,ent_471b0d927b68
ENT_021936,ent_45a1080940e3
ENT_021937,ent_f2e42e2caf07
ENT_021938,ent_dad5e7a7e351
ENT_021939,ent_5e3d2bf5ee36
ENT_021941,ent_0bb90eb58535
ENT_021942,ent_8b29ff804a64
ENT_021943,ent_b2dc7861eb4c
ENT_021944,ent_a73d2af18a85
ENT_021945,ent_259eb7544339
ENT_021946,ent_74a5083d854e
ENT_021948,ent_2c3c9470ff58
ENT_021950,ent_e62adfdcf38a
ENT_021951,ent_76edcebbd656
ENT_021952,ent_b8e684783288
ENT_021954,ent_3fd8093a1671
ENT_021956,ent_2a8c6b880c48
ENT_021957,ent_0fe006fc1db2
ENT_021958,ent_71fd06f5ae00
ENT_021959,ent_1ab75b531e50
ENT_021961,ent_e31ac16fe7e6
ENT_021962,ent_71eccdc99fbb
ENT_021963,ent_635e38548f95
ENT_021964,ent_a6dda12e3989
ENT_021965,ent_47bf7cfbaf48
ENT_021966,ent_1f16ac796df8
ENT_021967,ent_d6550e9cae05
ENT_021968,ent_c825b085fcb4
ENT_021969,ent_5bf03637a49f
ENT_021970,ent_109d6cb91e6d
ENT_021971,ent_ec66c5b39a94
ENT_021972,ent_429a7e3bf0d0
ENT_021974,ent_0c25b86d14eb
ENT_021976,ent_52d4a283ff44
ENT_021977,ent_fefdad6db69c
ENT_021979,ent_813d4dc9ef71
ENT_021980,ent_d60a10e338ad
ENT_021981,ent_f286c1e7e166
ENT_021982,ent_d4c7b69dd46e
ENT_021983,ent_d5c04e2f13dc
ENT_021984,ent_3eaf61f450db
ENT_021985,ent_db67bfb2a76a
ENT_021986,ent_c50485334c86
ENT_021987,ent_a3c43128395c
ENT_021988,ent_8c478facbf10
ENT_021991,ent_5f5e9911742e
ENT_021992,ent_78b0e4c1411f
ENT_021995,ent_ca3b94dc4af8
ENT_021998,ent_55dedc2ea13a
ENT_022001,ent_0cceb01dc9f8
ENT_022002,ent_9ffccbd89190
ENT_022003,ent_e7f9ae799d62
ENT_022005,ent_2222db006b31
ENT_022007,ent_6074b7f331c2
ENT_022009,ent_7653a0db1613
ENT_022010,ent_e8afa4e37c78
ENT_022011,ent_f76ae8b83972
ENT_022012,ent_bcd4fb52b753
ENT_022015,ent_0838ab7f0532
ENT_022016,ent_40c8f9586cac
ENT_022017,ent_99975a3b523d
ENT_022018,ent_09e85061a3be
ENT_022019,ent_5faa2f3fdb67
ENT_022021,ent_efda58c375a9
ENT_022022,ent_6329e6b27f95
ENT_022023,ent_266ae2d2f37e
ENT_022027,ent_d1677cb50763
ENT_022028,ent_da65dcde5a7c
ENT_022029,ent_d439999c64ee
ENT_022030,ent_686a0b8694d8
ENT_022031,ent_b80298b5a560
ENT_022032,ent_156ef01b9f9c
ENT_022033,ent_0ec3fbeca8f7
ENT_022034,ent_31a54047f37f
ENT_022035,ent_122f86c0ceb5
ENT_022036,ent_ae87d27ddd40
ENT_022037,ent_edbc87e45d28
ENT_022038,ent_8d2986e7c85b
ENT_022039,ent_92cc025817ab
ENT_022040,ent_bef73e83be42
ENT_022041,ent_2141923d068f
ENT_022042,ent_e1843bbc748e
ENT_022043,ent_8e38772d1f24
ENT_022044,ent_3e87a9744162
ENT_022045,ent_39cdf6149596
ENT_022046,ent_d00f0cdd540c
ENT_022047,ent_fb01167506c6
ENT_022048,ent_95ea4a25419e
ENT_022049,ent_b89bc77ebfb9
ENT_022050,ent_3281dbc13ee2
ENT_022051,ent_cf6f1459d98a
ENT_022052,ent_0d959b700f08
ENT_022053,ent_64386ecca04d
ENT_022054,ent_5c0a57e72e88
ENT_022059,ent_991da1b4e566
ENT_022062,ent_3bb8425d4432
ENT_022063,ent_25556da47f07
ENT_022065,ent_5ca9ef7eb622
ENT_022066,ent_a2e51b8cd8c6
ENT_022068,ent_c0ea1960a61b
ENT_022069,ent_680e71d406b9
ENT_022070,ent_85eb25e046b7
ENT_022072,ent_aa0495856642
ENT_022073,ent_59a921c97fb1
ENT_022077,ent_45c2bd5cc804
ENT_022079,ent_a21905f209f2
ENT_022080,ent_cb6cf973a53d
ENT_022081,ent_fd90b1d8e3e4
ENT_022083,ent_17d305e9fdf1
ENT_022085,ent_a14f9379a05a
ENT_022087,ent_4e0b3a5468a1
ENT_022088,ent_dfa6105b9dcc
ENT_022089,ent_e02bfd810982
ENT_022090,ent_1c77b52d4329
ENT_022092,ent_834a3327dcdc
ENT_022094,ent_b55df0f9be74
ENT_022095,ent_8ea669d5b04a
ENT_022096,ent_de75b5ae60b8
ENT_022097,ent_8efff9a19988
ENT_022098,ent_7c89c50a1164
ENT_022099,ent_66ddb161d84c
ENT_022103,ent_58e4e258e8a6
ENT_022104,ent_67ab77b7514f
ENT_022106,ent_662e28029f58
ENT_022107,ent_bb1e340cb169
ENT_022109,ent_981f91d1734f
ENT_022110,ent_7c7450375e27
ENT_022112,ent_9d5ad1836af1
ENT_022114,ent_1b17127da331
ENT_022115,ent_0e7eda0f5b24
ENT_022116,ent_a8b80cfea483
ENT_022117,ent_eeb4c2f1a1c9
ENT_022118,ent_df75c2445ab2
ENT_022119,ent_b77aa07ff596
ENT_022120,ent_c268826cfb37
ENT_022123,ent_ae23bd642584
ENT_022126,ent_5006d185187a
ENT_022127,ent_03f34dbd74bc
ENT_022129,ent_f35dd9a544e1
ENT_022131,ent_4812c5641f1b
ENT_022132,ent_5b021e1b5066
ENT_022133,ent_b88d68777e0e
ENT_022134,ent_8bd5099116a4
ENT_022135,ent_76d67bdac842
ENT_022136,ent_5c82b75b3303
ENT_022137,ent_bd34aa6b54b9
ENT_022139,ent_acfe3c180552
ENT_022140,ent_fc9de1866e97
ENT_022141,ent_3ce0b616d931
ENT_022143,ent_053df11576fa
ENT_022144,ent_92484425baa4
ENT_022145,ent_baa06588281b
ENT_022146,ent_54d4d31e9203
ENT_022147,ent_657e7b8f8f3e
ENT_022148,ent_7151046c1464
ENT_022149,ent_1b5a12a56a8e
ENT_022150,ent_0d5ae54063be
ENT_022151,ent_95d23af428a1
ENT_022152,ent_877191c65ca6
ENT_022153,ent_fb5830864abc
ENT_022154,ent_78c2cb8e1bf5
ENT_022155,ent_d1f9c55194f3
ENT_022156,ent_eb76db81bb92
ENT_022157,ent_2f0513cc11c2
ENT_022158,ent_08bf8c4d7613
ENT_022159,ent_b95c9fbc310f
ENT_022160,ent_7e8569f17fb1
ENT_022162,ent_78d0d4edde6d
ENT_022163,ent_a11dbcebb5ea
ENT_022164,ent_ef0f47a08c0e
ENT_022165,ent_6290a4034a84
ENT_022166,ent_085960f07823
ENT_022167,ent_3e61e20aa8c5
ENT_022168,ent_b1ea3a8c34e8
ENT_022169,ent_b613e0458183
ENT_022170,ent_0e2f137a78d4
ENT_022171,ent_302107c80172
ENT_022172,ent_f758a1bfd46c
ENT_022173,ent_68ef96c30519
ENT_022174,ent_807b57a825b1
ENT_022175,ent_3cd1631398f3
ENT_022176,ent_09cf3feeca6d
ENT_022177,ent_1273ef2b1fd6
ENT_022178,ent_1aa1ebc90b3c
ENT_022179,ent_530ef4567369
ENT_022180,ent_5beaa4f8298a
ENT_022182,ent_7d6ba96e5cb8
ENT_022184,ent_976cc9232624
ENT_022185,ent_6af4ca06fad4
ENT_022186,ent_531abbf0a8ae
ENT_022187,ent_4b8d9b50e196
ENT_022188,ent_46b6baf706f7
ENT_022189,ent_86fde93bfefa
ENT_022190,ent_fc19133e5d3e
ENT_022191,ent_a97867e8b1f6
ENT_022192,ent_4ba1a52d0b04
ENT_022193,ent_521169cdf675
ENT_022194,ent_d9b0bbd58f45
ENT_022195,ent_36e0e840ed36
ENT_022196,ent_5104bb651548
ENT_022198,ent_6ee85c31cf94
ENT_022199,ent_49d506f580d5
ENT_022200,ent_42b24779f368
ENT_022201,ent_1a61e9750096
ENT_022202,ent_bb4af4c5c074
ENT_022203,ent_8356c475616f
ENT_022204,ent_a7568fbb68a9
ENT_022205,ent_badd05041ea4
ENT_022206,ent_6293a7f883ea
ENT_022208,ent_63656fd85a0d
ENT_022209,ent_a63ae57d2f17
ENT_022210,ent_e9e7c4ab9515
ENT_022213,ent_99ee21a7bb3f
ENT_022215,ent_017f77caea45
ENT_022217,ent_9ae6f687ecc9
ENT_022218,ent_2ebc6351c2ef
ENT_022219,ent_0347472ad1fa
ENT_022220,ent_7cd59de74013
ENT_022221,ent_f98e12c67ea2
ENT_022223,ent_e0ad5ccb6312
ENT_022225,ent_1903f2200e6b
ENT_022228,ent_634a2b6ca1cc
ENT_022232,ent_aa77e2ad9080
ENT_022234,ent_4ae1501ef854
ENT_022235,ent_43c0dc508c60
ENT_022236,ent_fc15616cf860
ENT_022238,ent_a64ce8173d51
ENT_022239,ent_7ff8acc23b38
ENT_022240,ent_b7244e7b1b31
ENT_022241,ent_ae2360ac4e76
ENT_022242,ent_738f9434b9a7
ENT_022243,ent_1ac23e1f6a30
ENT_022244,ent_7cf48cb690e1
ENT_022245,ent_6db1a179a175
ENT_022246,ent_a6239904bdbb
ENT_022247,ent_bfb5ab33bd81
ENT_022248,ent_8bf89097bd53
ENT_022249,ent_04f484fb5b50
ENT_022251,ent_457a2a4e3dc5
ENT_022252,ent_026ded844137
ENT_022253,ent_6662cf717987
ENT_022254,ent_29f3d9014694
ENT_022255,ent_03b8a194ba34
ENT_022256,ent_8b7e6ccb061f
ENT_022257,ent_7ccb3d7dbb58
ENT_022260,ent_c4e69171ad7b
ENT_022263,ent_6af896185f58
ENT_022264,ent_d254da8f0ec3
ENT_022266,ent_7ffa708eb1b9
ENT_022267,ent_0f43c1251ffd
ENT_022268,ent_f3d7626ffeda
ENT_022270,ent_755123292615
ENT_022275,ent_f019710df1bf
ENT_022276,ent_f0d43b2f325b
ENT_022277,ent_1112ded826c0
ENT_022278,ent_2297a7750707
ENT_022279,ent_e80714d52d78
ENT_022280,ent_81c527b5974e
ENT_022281,ent_642d95678742
ENT_022282,ent_8590920ba267
ENT_022283,ent_56e503b02ff9
ENT_022285,ent_658a7ff42edc
ENT_022286,ent_8e9db0061057
ENT_022287,ent_212513a40c71
ENT_022288,ent_b2e0c82399e4
ENT_022291,ent_ad00febc96cc
ENT_022293,ent_5e5b217aa228
ENT_022294,ent_53001adac43c
ENT_022296,ent_20deb05f2336
ENT_022298,ent_e81161765c43
ENT_022299,ent_e176d590c3da
ENT_022300,ent_826ea1a883b1
ENT_022302,ent_992b1e44f452
ENT_022303,ent_a8d6b3bc47c4
ENT_022304,ent_385799c0484c
ENT_022305,ent_80d188d155f0
ENT_022306,ent_be85520d8ce8
ENT_022307,ent_d3bc24b23988
ENT_022308,ent_97beb71fe454
ENT_022310,ent_519a6680dbed
ENT_022311,ent_8f633db635fc
ENT_022312,ent_b423b0791d8c
ENT_022313,ent_ab5f57549588
ENT_022315,ent_78225ca7e37c
ENT_022316,ent_c157bf22e6c1
ENT_022317,ent_31ede98f0b62
ENT_022318,ent_75dff3623867
ENT_022319,ent_1f11a8ff716e
ENT_022321,ent_566ec362e920
ENT_022322,ent_06608a4bf944
ENT_022323,ent_fffbced70dc2
ENT_022324,ent_eb7921760c67
ENT_022326,ent_57a54e10223f
ENT_022327,ent_abec1c0fad1e
ENT_022328,ent_26bea803a54d
ENT_022329,ent_e4bffa4ff19b
ENT_022330,ent_0f560f099777
ENT_022331,ent_147a6e44eb44
ENT_022332,ent_00d00ba3b4bc
ENT_022335,ent_70f90119fe21
ENT_022336,ent_1cd7b80a32e5
ENT_022338,ent_a3c6330c3a14
ENT_022340,ent_20d594568cdf
ENT_022342,ent_f9d9b09e7a79
ENT_022343,ent_99aaa3de1a18
ENT_022344,ent_c2c6d8a3189f
ENT_022345,ent_ad7cb818661b
ENT_022346,ent_ac90f212c87b
ENT_022347,ent_dca0e14b76a8
ENT_022353,ent_934ad5354dbd
ENT_022354,ent_932ce5962a37
ENT_022355,ent_c8597620964a
ENT_022357,ent_96afeb07a47a
ENT_022358,ent_779908e1a0c1
ENT_022360,ent_cac49a61a507
ENT_022361,ent_c2766157a5bf
ENT_022362,ent_7e3f4ec60282
ENT_022363,ent_115542723cb6
ENT_022368,ent_e8fcef3761a1
ENT_022369,ent_3d40db2215d7
ENT_022370,ent_694e0b64a340
ENT_022371,ent_0c5cc915b948
ENT_022372,ent_3176264df8c1
ENT_022373,ent_429c258346c6
ENT_022375,ent_190632855505
ENT_022376,ent_1b01e0a5a3cf
ENT_022377,ent_74286460e163
ENT_022378,ent_6dad30245bc0
ENT_022379,ent_366f12f05f7d
ENT_022380,ent_5bdd8ac6cd4a
ENT_022381,ent_d4cba78d08af
ENT_022382,ent_7b0a632dc379
ENT_022383,ent_b887c9dc9f7f
ENT_022384,ent_9dc200f32784
ENT_022385,ent_1824187ff0d9
ENT_022386,ent_b2d4234dcc9a
ENT_022387,ent_1689c2499717
ENT_022389,ent_0b401da3c72b
ENT_022390,ent_ee4ad8dc1f94
ENT_022393,ent_2b33f028df0c
ENT_022394,ent_7a1272d87069
ENT_022395,ent_17834f94fe1e
ENT_022396,ent_7b571af7237c
ENT_022398,ent_fbfd9d1c6b53
ENT_022399,ent_ab0088a867b1
ENT_022400,ent_809cbd390ef2
ENT_022402,ent_816fe57f3e38
ENT_022404,ent_59e24de15421
ENT_022407,ent_87be5d293e3b
ENT_022408,ent_3cca238483a0
ENT_022411,ent_6dab699023c8
ENT_022412,ent_75586fb26ebf
ENT_022413,ent_5c6b82d36f3d
ENT_022414,ent_37dd25d79110
ENT_022415,ent_025ee328bbc6
ENT_022416,ent_9a7cc5f306d1
ENT_022419,ent_16af1249ead6
ENT_022422,ent_b9ca1ee0f0e6
ENT_022423,ent_218f2fa1257c
ENT_022426,ent_aca548749b99
ENT_022427,ent_aecc465ca023
ENT_022429,ent_91075b3b696e
ENT_022430,ent_85c057b942ae
ENT_022432,ent_84f117e4010b
ENT_022435,ent_4ba65cef8f07
ENT_022436,ent_3d5db8064959
ENT_022437,ent_31fcdd58eac9
ENT_022438,ent_c3257efd2702
ENT_022439,ent_0d711df38457
ENT_022440,ent_4b450fdab5ee
ENT_022443,ent_51fb056f302c
ENT_022444,ent_2b51149a0149
ENT_022449,ent_7ab92425bb50
ENT_022450,ent_9ab81d38e45e
ENT_022451,ent_3c0348f438ac
ENT_022455,ent_fe7b7c659f42
ENT_022458,ent_18179f487e89
ENT_022459,ent_c5405281cbfc
ENT_022462,ent_8d8ed3a86872
ENT_022463,ent_f05ed2a8b47d
ENT_022464,ent_c7a9beab45d0
ENT_022465,ent_0e50060d11bb
ENT_022467,ent_2310cc54a851
ENT_022468,ent_7529b6ee77cc
ENT_022469,ent_09cde9565b83
ENT_022470,ent_a7a4f87e9533
ENT_022471,ent_354a23cfc404
ENT_022472,ent_9a5fac3bda14
ENT_022473,ent_19149effec71
ENT_022474,ent_146d371c6dce
ENT_022475,ent_25c5c8f5f057
ENT_022476,ent_9fc7b28e392c
ENT_022478,ent_6af1164cad4b
ENT_022479,ent_72363864fa1e
ENT_022480,ent_aa768307163a
ENT_022481,ent_79a162c32322
ENT_022484,ent_2ecbbd50968a
ENT_022485,ent_5f86760c4567
ENT_022486,ent_e4615cd8cad4
ENT_022487,ent_2b95da61f4fe
ENT_022488,ent_a32bc37587e1
ENT_022489,ent_96a07b39157f
ENT_022490,ent_76b92b93e2b3
ENT_022492,ent_c84fa318880c
ENT_022493,ent_47719f2e880e
ENT_022494,ent_536dbca61e2e
ENT_022495,ent_0b2e6e9daabf
ENT_022496,ent_dc22c0a162d0
ENT_022497,ent_f98e007abe76
ENT_022498,ent_35878ffcb055
ENT_022499,ent_65e6d540d36b
ENT_022500,ent_eb0205eb880d
ENT_022501,ent_b54af5a45555
ENT_022502,ent_5d8e58d6bd50
ENT_022503,ent_f4a005462b69
ENT_022504,ent_4dac000d2fcb
ENT_022505,ent_e5c52ec4a844
ENT_022506,ent_71d5515ca156
ENT_022507,ent_6e7ba7581e2a
ENT_022508,ent_dd9009d7b1c1
ENT_022509,ent_d50f4f253132
ENT_022510,ent_c2173ac66391
ENT_022511,ent_38aa13212cbd
ENT_022512,ent_15696bb4dfe7
ENT_022513,ent_c9bd6ff83e85
ENT_022514,ent_fa9fbd5072da
ENT_022515,ent_e79c74714a28
ENT_022516,ent_27cbc906ccf8
ENT_022517,ent_7b868e89da02
ENT_022518,ent_e8fea70e356c
ENT_022519,ent_db54b31758a4
ENT_022520,ent_aced17a925ae
ENT_022521,ent_420a5edc650a
ENT_022522,ent_1ec47e67ab7f
ENT_022523,ent_093d3d337558
ENT_022524,ent_72cdb50c4a26
ENT_022525,ent_010cdb0e4d95
ENT_022526,ent_587e82479101
ENT_022527,ent_3cdb1e343501
ENT_022528,ent_ff4f93b6457f
ENT_022529,ent_bedfd265e3dd
ENT_022530,ent_9fad83f03f6a
ENT_022531,ent_cb280884f4b2
ENT_022532,ent_3d81c71a4af3
ENT_022533,ent_b72e18712543
ENT_022534,ent_d12423d6419a
ENT_022535,ent_0f3f173e944b
ENT_022536,ent_5d7366756975
ENT_022537,ent_0b72bb231201
ENT_022538,ent_29f08430f911
ENT_022539,ent_9df15e21b6d9
ENT_022540,ent_da8b298ce596
ENT_022541,ent_3fff625ed08e
ENT_022542,ent_3bc31a194b7b
ENT_022543,ent_6483d28ffcb1
ENT_022544,ent_6db8462ad5d3
ENT_022545,ent_e819b0db87f6
ENT_022546,ent_56f979ecf649
ENT_022547,ent_f3a48e666c96
ENT_022548,ent_8390cc3af5a1
ENT_022549,ent_f14c940cc32c
ENT_022550,ent_582ef6d4188e
ENT_022551,ent_0c4900fc39af
ENT_022552,ent_72c754b61b58
ENT_022553,ent_08160ce14679
ENT_022554,ent_55c36e500e8b
ENT_022555,ent_b0ba5ea292c3
ENT_022556,ent_e29c0d07bf65
ENT_022557,ent_87abd8e4194a
ENT_022558,ent_8c0c7aebb699
ENT_022559,ent_2c91903dc9dd
ENT_022560,ent_8d58fb6b76e0
ENT_022561,ent_46ca5c247589
ENT_022562,ent_8354bf0c11ef
ENT_022563,ent_babc5f4aaecd
ENT_022564,ent_f11a89332a00
ENT_022565,ent_3a0f69046814
ENT_022566,ent_d94e52daf7eb
ENT_022567,ent_8e427398cb87
ENT_022568,ent_5f8de75d2691
ENT_022569,ent_0bdc5feb33cb
ENT_022570,ent_264eeff14845
ENT_022571,ent_0b6785fc2fe0
ENT_022572,ent_fa4edf4a2640
ENT_022573,ent_09b89d74e217
ENT_022574,ent_519a1b0e13b1
ENT_022575,ent_5e67d3e6e2a0
ENT_022576,ent_b6cd437c0651
ENT_022577,ent_af155a32067d
ENT_022578,ent_b7c278051f7b
ENT_022579,ent_8a11215a9393
ENT_022580,ent_d7bf6e7d12dd
ENT_022581,ent_235d9ed82975
ENT_022582,ent_9b88e7c7a2df
ENT_022583,ent_4d73db021fa8
ENT_022584,ent_b4f2bf704d43
ENT_022585,ent_865a58f1be9e
ENT_022586,ent_92945d948c04
ENT_022587,ent_8a34451dce3d
ENT_022588,ent_aa3e8adc6ac0
ENT_022589,ent_ec26c32a6658
ENT_022590,ent_c3d906c08620
ENT_022591,ent_b8190b1abca8
ENT_022592,ent_e6f8af322414
ENT_022593,ent_2cfba62c40a2
ENT_022594,ent_67bc1842aa32
ENT_022595,ent_b6339fb5be4c
ENT_022596,ent_27ac7345b7f1
ENT_022597,ent_0c859733928d
ENT_022598,ent_e96ea213e18f
ENT_022599,ent_6f11318a6611
ENT_022600,ent_4bc0644482e1
ENT_022601,ent_55f878ba3130
ENT_022602,ent_d43357270043
ENT_022603,ent_d4d437b261f2
ENT_022604,ent_b1a567fb6398
ENT_022605,ent_453a1538a769
ENT_022606,ent_8f1057242d31
ENT_022607,ent_deb9f149ee33
ENT_022608,ent_c5880eb7b354
ENT_022609,ent_6e214ea07a38
ENT_022611,ent_c0f93b083b34
ENT_022613,ent_b2dc0182689d
ENT_022614,ent_42e281fc26a8
ENT_022617,ent_e9cab9015081
ENT_022620,ent_6deef676b2d3
ENT_022621,ent_59bee36659bf
ENT_022622,ent_0a947916224c
ENT_022623,ent_60017603175d
ENT_022624,ent_5d5a9cc4aad0
ENT_022625,ent_02064d48d73d
ENT_022627,ent_775e6b725203
ENT_022629,ent_e80a2e14ffc4
ENT_022630,ent_bd02832049f4
ENT_022633,ent_3991f04b80e2
ENT_022634,ent_e6cd53a963a4
ENT_022636,ent_3be6534c388b
ENT_022637,ent_ded1c44bee83
ENT_022638,ent_144f414caaa3
ENT_022639,ent_9aecefdab16b
ENT_022640,ent_979c3be213d7
ENT_022641,ent_d5130f3f379f
ENT_022643,ent_8f8c228dda60
ENT_022644,ent_672b78a320e3
ENT_022645,ent_41a9483cd223
ENT_022646,ent_68d18cfdeccf
ENT_022647,ent_52b161474baa
ENT_022648,ent_897ec67b4aee
ENT_022649,ent_fbb8fd382375
ENT_022650,ent_bf19f6453881
ENT_022651,ent_c031bd571f3e
ENT_022652,ent_b3b2347d01a1
ENT_022654,ent_5759dea15994
ENT_022655,ent_947592eb6387
ENT_022656,ent_570717f3ae88
ENT_022657,ent_c748c96f6574
ENT_022659,ent_c524ff678ba1
ENT_022660,ent_4f5917727ece
ENT_022661,ent_b961a6399674
ENT_022662,ent_051fd50bfdf2
ENT_022664,ent_437117459d46
ENT_022665,ent_7ee9d75b05d4
ENT_022666,ent_4a94fa403760
ENT_022668,ent_e37afdd2bef9
ENT_022669,ent_25789b6357d3
ENT_022670,ent_cc4f22db3dca
ENT_022671,ent_96b59c3e4b7f
ENT_022672,ent_bf429395dc6a
ENT_022674,ent_6c6d25a2e563
ENT_022676,ent_25cd027402b2
ENT_022677,ent_776d31371316
ENT_022678,ent_2913fe8f5c30
ENT_022679,ent_7fffbcafc21f
ENT_022681,ent_ed80f3b57bc4
ENT_022682,ent_27aeb2c6b0cb
ENT_022683,ent_bac9dafb8b30
ENT_022684,ent_9f1357be3fac
ENT_022686,ent_0a8ab03a9607
ENT_022687,ent_43a1eae6cf84
ENT_022688,ent_22169737b1cc
ENT_022689,ent_74ebc988727c
ENT_022690,ent_9a2ffa1b8d6d
ENT_022691,ent_2a31af4c788a
ENT_022692,ent_c14296501eb9
ENT_022694,ent_7676e95eb283
ENT_022695,ent_62cb60ef826d
ENT_022696,ent_e3f635b1e174
ENT_022697,ent_1bdf0861881c
ENT_022700,ent_e808a558637d
ENT_022701,ent_3f855279f623
ENT_022702,ent_d2e82eda8c9d
ENT_022703,ent_191edfc234e6
ENT_022704,ent_2c5b11b7f8b0
ENT_022705,ent_286ec3a22e10
ENT_022706,ent_36ea691f2e12
ENT_022707,ent_a288be002f98
ENT_022708,ent_80d09deff5ea
ENT_022709,ent_4b97031ba0e9
ENT_022710,ent_d4e2a812e686
ENT_022711,ent_7ec81529a22b
ENT_022714,ent_26ed2e4a7c10
ENT_022715,ent_23485cd25254
ENT_022716,ent_e150b2356fae
ENT_022717,ent_491a72ccc9ce
ENT_022719,ent_5a0e60586951
ENT_022720,ent_657b5aefbd5f
ENT_022721,ent_9db65c12c0bd
ENT_022724,ent_f138359f3300
ENT_022725,ent_7c5d547e28e4
ENT_022726,ent_8b9b11fa6b23
ENT_022728,ent_3084d9d84c5b
ENT_022729,ent_268060e23893
ENT_022730,ent_706eac1cd6af
ENT_022731,ent_b9ac8a8b85e5
ENT_022732,ent_cf23b39609f4
ENT_022733,ent_a69429f0afd5
ENT_022734,ent_29539a7f3dd6
ENT_022737,ent_2fba23872198
ENT_022738,ent_0c52cdbf4544
ENT_022739,ent_d7efd50179cb
ENT_022740,ent_0b89574fdd4b
ENT_022741,ent_4e1819171036
ENT_022742,ent_810f37f787ab
ENT_022743,ent_01e1abc0415e
ENT_022744,ent_10e6aaba3e16
ENT_022745,ent_8f6993f8f450
ENT_022751,ent_0466c0e57c1e
ENT_022752,ent_e579881039cc
ENT_022753,ent_8e8b843ce580
ENT_022754,ent_3094af4063aa
ENT_022756,ent_f7b66cb4cf6e
ENT_022757,ent_42871e9d24fb
ENT_022758,ent_548ddd5ffcb3
ENT_022759,ent_fdde03d30f39
ENT_022760,ent_1c987a2aef17
ENT_022761,ent_50ec0e30a61c
ENT_022762,ent_b1c3d6946404
ENT_022763,ent_1fc4d87e7280
ENT_022764,ent_6ae0a5f22b8a
ENT_022765,ent_f2df3265c6b1
ENT_022766,ent_8c0b067f6dd3
ENT_022767,ent_3e84ee18dfae
ENT_022768,ent_30ecdbf3452e
ENT_022769,ent_3ea100925394
ENT_022770,ent_7246828798f0
ENT_022771,ent_8a842557e688
ENT_022772,ent_97bfaf1014d3
ENT_022773,ent_3fca3ab4b349
ENT_022774,ent_3f6c39e8c4a6
ENT_022775,ent_c20c9acfde6f
ENT_022776,ent_b4b4dd4a4cbc
ENT_022777,ent_57e2d92803db
ENT_022778,ent_393e9be92dfa
ENT_022779,ent_1208fd672394
ENT_022780,ent_c4d0e1fa1c65
ENT_022781,ent_df0211d297ab
ENT_022782,ent_2eaff500da3c
ENT_022783,ent_c9e98d0c48a9
ENT_022784,ent_79b594db46c3
ENT_022785,ent_8c929ea75a2a
ENT_022786,ent_2563d5c02c5a
ENT_022787,ent_06589a18b73b
ENT_022788,ent_e27c5c2e13d8
ENT_022789,ent_958b602c81e4
ENT_022790,ent_40145207ccf2
ENT_022791,ent_a253c971b9f0
ENT_022792,ent_eac56903e6d8
ENT_022793,ent_8952866dbcfd
ENT_022794,ent_2d57dd368928
ENT_022795,ent_64912003bc80
ENT_022796,ent_f92762e92a8b
ENT_022797,ent_7f11917b9203
ENT_022799,ent_d97be74bd2eb
ENT_022800,ent_2160f0419165
ENT_022804,ent_645885bb6153
ENT_022805,ent_a8f2f95b5d46
ENT_022806,ent_d49ae2f53218
ENT_022808,ent_268a73dbb8d8
ENT_022809,ent_c61e6720b3d7
ENT_022810,ent_5453a7eeee03
ENT_022811,ent_f0f1484a78c6
ENT_022813,ent_fa0881250d65
ENT_022814,ent_9f5890b5c33f
ENT_022815,ent_e388ac87c15a
ENT_022816,ent_3dfb617548a6
ENT_022817,ent_21e831bde8bd
ENT_022819,ent_be6a61ba58fa
ENT_022820,ent_98f0310f4d41
ENT_022821,ent_0d34a3d7684a
ENT_022822,ent_6f64fd1d8583
ENT_022823,ent_ac0984705287
ENT_022824,ent_4be8aa87ad73
ENT_022825,ent_0b992b54f2e0
ENT_022827,ent_e36b3b84a4df
ENT_022828,ent_95f56c2e9361
ENT_022829,ent_0b07a0547c28
ENT_022831,ent_2729c3ffbda7
ENT_022833,ent_a00b582bc237
ENT_022834,ent_011b71fb8e6c
ENT_022835,ent_f24eb3a6c6f0
ENT_022837,ent_d7a05d3ed2bd
ENT_022838,ent_f98bc6c63c88
ENT_022840,ent_f2a452d01d61
ENT_022842,ent_922127cd54c3
ENT_022843,ent_be5431624226
ENT_022844,ent_b8f4cb237ac5
ENT_022845,ent_434f0aa5e3d1
ENT_022846,ent_846f3f465216
ENT_022848,ent_e67d9d656139
ENT_022849,ent_b0caea1a08bd
ENT_022850,ent_d715a4705d3d
ENT_022851,ent_ee882fcf0687
ENT_022852,ent_bf398f0d1c05
ENT_022853,ent_deafc7a46d34
ENT_022854,ent_90814e57bc68
ENT_022855,ent_df052191d403
ENT_022856,ent_04164ee14b66
ENT_022857,ent_3127272286b1
ENT_022858,ent_14453001fb3d
ENT_022859,ent_0772db2f66e7
ENT_022860,ent_cff60857637d
ENT_022861,ent_c2bfeb37602e
ENT_022862,ent_961ca8833e12
ENT_022863,ent_6810b01324e9
ENT_022864,ent_e6a2faf4e52b
ENT_022865,ent_b3f63ca80828
ENT_022866,ent_fb98ba8b02ed
ENT_022867,ent_924f5a4de02a
ENT_022868,ent_5d4dc6a775ae
ENT_022869,ent_2363d0b1d285
ENT_022870,ent_092083654d31
ENT_022871,ent_1c4f6a43ed37
ENT_022872,ent_f5e645c4784b
ENT_022873,ent_163c381b0ce7
ENT_022874,ent_5237396b56ab
ENT_022875,ent_1ac551fb728f
ENT_022877,ent_79b7e9e43d67
ENT_022878,ent_297da34d153e
ENT_022879,ent_dbdbf6135053
ENT_022880,ent_2e8daede2381
ENT_022881,ent_febe903d2e61
ENT_022882,ent_cfd9fe0c23e7
ENT_022883,ent_261efc447273
ENT_022884,ent_4539411f117a
ENT_022885,ent_99e4085c0b23
ENT_022886,ent_9a9884de57c5
ENT_022887,ent_6a09d33d3b0a
ENT_022888,ent_6cdf37ce367f
ENT_022890,ent_f3111875c1ab
ENT_022891,ent_dee479b47bc7
ENT_022893,ent_76a9aa881407
ENT_022895,ent_24a24e5a37ea
ENT_022897,ent_4f29866cbc85
ENT_022898,ent_0ce62546b8d7
ENT_022899,ent_6ab5b6f8e06e
ENT_022901,ent_ffb66a01c993
ENT_022902,ent_324b1d1e70f5
ENT_022903,ent_339fa55cb567
ENT_022904,ent_40f2f99415c1
ENT_022905,ent_0414c2934db3
ENT_022906,ent_b40d9d4aaa59
ENT_022907,ent_4c551ee8e794
ENT_022908,ent_833519f66065
ENT_022909,ent_652feb4ab883
ENT_022911,ent_9b4c7e94979b
ENT_022912,ent_b8cc7eb707ed
ENT_022913,ent_a87edee93e99
ENT_022914,ent_17c55cf97db8
ENT_022915,ent_d77c23950048
ENT_022916,ent_f9bdb84bdba3
ENT_022919,ent_13111d13c64d
ENT_022920,ent_6e8460691d8b
ENT_022921,ent_9285a8f86027
ENT_022922,ent_038460a9c46c
ENT_022925,ent_c47bd6a86ef4
ENT_022926,ent_57b8a29fa2af
ENT_022927,ent_d6d2548a3136
ENT_022930,ent_d2a1fc8ce191
ENT_022931,ent_fb926eaa9636
ENT_022932,ent_67c5a65e886b
ENT_022933,ent_7f272c0ec181
ENT_022934,ent_59d5784affc8
ENT_022935,ent_79deb14b9700
ENT_022937,ent_677f3a017771
ENT_022938,ent_28aa8fc67dd2
ENT_022939,ent_8f2727f07063
ENT_022940,ent_bf08f67fba72
ENT_022941,ent_f9ff908a8301
ENT_022943,ent_c7e98be77b91
ENT_022944,ent_3f224fd6fff0
ENT_022945,ent_ae03aca3445e
ENT_022946,ent_0e6069c16489
ENT_022947,ent_4a0cc13e1da9
ENT_022949,ent_87506ff4685f
ENT_022950,ent_bb1fa63226f3
ENT_022951,ent_c4a236070198
ENT_022952,ent_6e79bf97f31b
ENT_022953,ent_778d6dbfa697
ENT_022954,ent_10fa77a174cd
ENT_022956,ent_f2f1cd5c0e47
ENT_022957,ent_2e5f701f0c69
ENT_022959,ent_6fae0887341f
ENT_022960,ent_af05112a8b0f
ENT_022961,ent_d5379359afc8
ENT_022962,ent_4124e96117ae
ENT_022963,ent_143d3af2ee53
ENT_022964,ent_50604f8ebea8
ENT_022965,ent_50339462dc50
ENT_022966,ent_58e35e686b11
ENT_022968,ent_44bb59c756b2
ENT_022969,ent_19a87da4bab2
ENT_022970,ent_e3036f311332
ENT_022971,ent_61c3e4b1cd87
ENT_022972,ent_1efd3997f559
ENT_022973,ent_400e0bcc7e2f
ENT_022974,ent_2b2ac89b3d10
ENT_022975,ent_798ab7e7e225
ENT_022976,ent_f90b615b6cc1
ENT_022977,ent_31fc4592cd1d
ENT_022978,ent_a955afed3d61
ENT_022980,ent_abd22a92fea2
ENT_022982,ent_f38f59a760e0
ENT_022984,ent_64ea37f6afd1
ENT_022986,ent_0eff8e609cf1
ENT_022988,ent_83e6eb64fbe0
ENT_022990,ent_d8dae22e8b40
ENT_022991,ent_2b2fd0b80221
ENT_022992,ent_498a83dadffb
ENT_022993,ent_085db5fb78e9
ENT_022994,ent_fbeb00a16d0f
ENT_022995,ent_fd11345a2146
ENT_022996,ent_7f753a2f764d
ENT_022998,ent_674668b5eb22
ENT_023000,ent_911a768028c4
ENT_023001,ent_88a21240be2e
ENT_023004,ent_c28b8968ec1a
ENT_023005,ent_db19ef1b04c6
ENT_023006,ent_4017739e4abf
ENT_023007,ent_7fcbf3f97334
ENT_023008,ent_36a47a52145c
ENT_023012,ent_039f15c37724
ENT_023013,ent_2758cbe3b10f
ENT_023014,ent_24608bd97ea2
ENT_023015,ent_b1ee659fa318
ENT_023016,ent_f3c34c8119b7
ENT_023017,ent_ff8e3006f862
ENT_023019,ent_7ec23e799bce
ENT_023020,ent_a159eb8c8bd0
ENT_023021,ent_4f0e97b9f84b
ENT_023024,ent_816b12defbe9
ENT_023027,ent_f105da8a260e
ENT_023028,ent_d153c1437695
ENT_023029,ent_8cfa29bcb222
ENT_023030,ent_86d9b84b3c0f
ENT_023033,ent_6bd249e23442
ENT_023036,ent_633a404e47b2
ENT_023037,ent_e86cf9a31e08
ENT_023038,ent_17cd1ff7fbb5
ENT_023039,ent_1d7b49a75ec7
ENT_023040,ent_0110f637f80a
ENT_023041,ent_a019499c68a6
ENT_023042,ent_3b39525ebaca
ENT_023043,ent_ddb032133264
ENT_023044,ent_0cb47819649d
ENT_023045,ent_cd4abbb8777b
ENT_023047,ent_20f2163579d6
ENT_023050,ent_88770f3492a6
ENT_023052,ent_1a4420dc271f
ENT_023053,ent_04ae57a587e4
ENT_023054,ent_2f21ddac4de5
ENT_023055,ent_ea27c1aabf7f
ENT_023056,ent_2b392242d947
ENT_023057,ent_ff2974608e34
ENT_023058,ent_69e7a37589f0
ENT_023059,ent_762eaec898d8
ENT_023060,ent_2304800bb2a7
ENT_023061,ent_aadc3b43d496
ENT_023062,ent_cb693de3e356
ENT_023063,ent_2d48bf1ab1e6
ENT_023064,ent_aa33a38b95c2
ENT_023065,ent_9dde503fde4d
ENT_023066,ent_04d46e02a4dc
ENT_023067,ent_c5705abb9d4b
ENT_023068,ent_9502027a45e3
ENT_023069,ent_e23d0856c437
ENT_023070,ent_fe1f83e75ff7
ENT_023071,ent_3b6263af847e
ENT_023072,ent_99b767b125ba
ENT_023073,ent_f46e8f548086
ENT_023074,ent_949b6e72028c
ENT_023075,ent_df5f77006ab1
ENT_023076,ent_64215c295082
ENT_023077,ent_170831c25dff
ENT_023078,ent_3149b4e7b6ce
ENT_023079,ent_76d2c930a7ce
ENT_023080,ent_8d772765911f
ENT_023081,ent_98386520653e
ENT_023082,ent_f5483cc19e33
ENT_023083,ent_aabbe4c95a4c
ENT_023084,ent_3b6cb51bf9d8
ENT_023085,ent_795622e1a0d2
ENT_023086,ent_432311337fe4
ENT_023087,ent_df874289c00e
ENT_023088,ent_b304b04afb3d
ENT_023089,ent_a24990f24338
ENT_023090,ent_2392f95450fc
ENT_023091,ent_153cc825ce3c
ENT_023092,ent_179fef134f50
ENT_023093,ent_a8a58ba7ccea
ENT_023094,ent_b670378d8daa
ENT_023095,ent_9cfb887a731d
ENT_023096,ent_78e090c9deca
ENT_023097,ent_02c0dc237fb0
ENT_023098,ent_5a28fa879697
ENT_023099,ent_14fb78963e6b
ENT_023100,ent_260ec242a951
ENT_023101,ent_9a24fdc5de80
ENT_023102,ent_1af6ffa52639
ENT_023103,ent_437f014e8ee3
ENT_023104,ent_f53f860f1012
ENT_023105,ent_3d73065993fb
ENT_023106,ent_0aa212ac518a
ENT_023107,ent_98ae90a078ad
ENT_023109,ent_fd94b6847d6f
ENT_023110,ent_e74486013738
ENT_023111,ent_37a5f0965e0e
ENT_023112,ent_780c1bc86b09
ENT_023116,ent_1e376daf4130
ENT_023117,ent_154bf95c0adf
ENT_023121,ent_c8f49906bf3c
ENT_023124,ent_cc417b8c8225
ENT_023125,ent_31293e974783
ENT_023128,ent_98152539b9e5
ENT_023130,ent_2017320ce8f2
ENT_023131,ent_2ccc96faf3f2
ENT_023132,ent_0f3b697dcbf3
ENT_023133,ent_2c6f75dda8fb
ENT_023134,ent_86390371ac41
ENT_023135,ent_2a3de3592379
ENT_023137,ent_3b39bf7115aa
ENT_023138,ent_ca9d53787fec
ENT_023140,ent_18354b70803b
ENT_023141,ent_118f208a63c1
ENT_023142,ent_3474f5c9a85a
ENT_023144,ent_d0eea6b28775
ENT_023145,ent_97a3e8357744
ENT_023147,ent_995d3d72a6ca
ENT_023148,ent_92a8b07fe5e0
ENT_023149,ent_e1b8ab5593fc
ENT_023151,ent_5708be6f4a57
ENT_023152,ent_4d14d12ca43d
ENT_023153,ent_97917728e35d
ENT_023154,ent_a595b9562413
ENT_023155,ent_d5652d7aa673
ENT_023156,ent_a46be7ec2e46
ENT_023157,ent_680b5a5561f4
ENT_023158,ent_bba9e784386e
ENT_023160,ent_6126c419f8d0
ENT_023161,ent_070d534fdcd9
ENT_023162,ent_6834278da57c
ENT_023163,ent_d34906a511c9
ENT_023166,ent_ef6bc3fedad8
ENT_023168,ent_80cfb31c3438
ENT_023170,ent_1e8f8b66e907
ENT_023171,ent_a39397b7eb5f
ENT_023173,ent_f88832139d0f
ENT_023175,ent_da06a40a89e4
ENT_023176,ent_5f7fe5444d02
ENT_023177,ent_7103a2e00bb9
ENT_023178,ent_41e9095d70f5
ENT_023179,ent_a12a57f8c622
ENT_023180,ent_ee52d856b36c
ENT_023181,ent_517ea3fd2e7d
ENT_023183,ent_8b673893de82
ENT_023184,ent_592a16134c11
ENT_023185,ent_2a9c62a925ba
ENT_023187,ent_7e385a3161e5
ENT_023189,ent_57721d99c7b2
ENT_023190,ent_f1aab9244fbf
ENT_023192,ent_3d5ed61e716c
ENT_023193,ent_27e895264be0
ENT_023195,ent_67b1d76a496b
ENT_023197,ent_67c3d23484c9
ENT_023198,ent_0c34e826e150
ENT_023200,ent_df6777d2d87e
ENT_023202,ent_b809d06fdc95
ENT_023203,ent_724550272a92
ENT_023204,ent_71a34ff9749c
ENT_023205,ent_02aa8ce56dc1
ENT_023207,ent_e37a0690df8d
ENT_023208,ent_4424df51ddb8
ENT_023213,ent_ab65c2461152
ENT_023216,ent_4500a10db8ab
ENT_023217,ent_8dbbeacb7a30
ENT_023218,ent_3e2c0b1657f4
ENT_023219,ent_8a3bbed108d2
ENT_023220,ent_169002e85db8
ENT_023221,ent_7532b9627bc9
ENT_023222,ent_a9319e97c2b8
ENT_023223,ent_57dfb58f77fd
ENT_023224,ent_253848a6988e
ENT_023225,ent_61925937172d
ENT_023226,ent_046140a54590
ENT_023227,ent_00eb13dd110f
ENT_023228,ent_bc99c7766ea0
ENT_023229,ent_13b5caef179e
ENT_023230,ent_8ecc7a5bde91
ENT_023234,ent_390b7a8033d6
ENT_023235,ent_4bb81a6d29cb
ENT_023236,ent_49c97f406b82
ENT_023240,ent_6dbe54c6a955
ENT_023242,ent_6b8b21cb7a1b
ENT_023244,ent_188b801d352c
ENT_023245,ent_fe6a6a32971d
ENT_023246,ent_b7e15c2c948b
ENT_023248,ent_5768dda065b7
ENT_023250,ent_9b4f3f712db4
ENT_023252,ent_68ae57763df6
ENT_023253,ent_0de51d97970a
ENT_023254,ent_02ff7f4ba22d
ENT_023255,ent_a237125a106a
ENT_023256,ent_b3f04ba12f62
ENT_023257,ent_83aa80c65399
ENT_023258,ent_41b757da25a9
ENT_023259,ent_c03a191d1451
ENT_023260,ent_e4b6954f9943
ENT_023261,ent_25ca2a5951b5
ENT_023262,ent_b9b14572f66c
ENT_023263,ent_25b73d0b2692
ENT_023264,ent_ef28a8bd328c
ENT_023265,ent_eb7766e84539
ENT_023266,ent_87efb765f372
ENT_023267,ent_fb9d1734d372
ENT_023268,ent_372501426a5a
ENT_023269,ent_6b5ac541b932
ENT_023270,ent_670a04bf41cd
ENT_023271,ent_5cce7710ecaa
ENT_023272,ent_d1075612031a
ENT_023273,ent_2426d81fe2c7
ENT_023274,ent_21472783eec1
ENT_023275,ent_3495a0384252
ENT_023276,ent_a64a82528363
ENT_023277,ent_5498d4877670
ENT_023278,ent_46190baf2a5e
ENT_023279,ent_7e0177100488
ENT_023280,ent_7bf144c584ce
ENT_023281,ent_dad66a5b61e7
ENT_023282,ent_22a156516e20
ENT_023283,ent_52d034a0b663
ENT_023284,ent_3af987c66023
ENT_023285,ent_0b330932f351
ENT_023286,ent_23b01924f3ba
ENT_023287,ent_c8393b5217e8
ENT_023288,ent_e880f36db8ef
ENT_023289,ent_c29fc8b1a99e
ENT_023290,ent_66be841410a3
ENT_023291,ent_10b5685eeba4
ENT_023292,ent_984cff9e341c
ENT_023293,ent_a5df9d91f5ce
ENT_023294,ent_f92cdd2bbff3
ENT_023295,ent_b20556a9b640
ENT_023296,ent_0d5964c5b2b8
ENT_023297,ent_f9da498a20b1
ENT_023298,ent_7693c3b99be8
ENT_023299,ent_614be2b7ae1a
ENT_023300,ent_be7bc4a62499
ENT_023301,ent_0047c7072899
ENT_023302,ent_aebb0c7a7d62
ENT_023303,ent_d4a836af399e
ENT_023304,ent_e4a19d34449a
ENT_023305,ent_21fd8e872ee6
ENT_023306,ent_4ad852776b2f
ENT_023307,ent_a9b0adf600fe
ENT_023308,ent_89fe13cfaea5
ENT_023309,ent_88a62a510c62
ENT_023310,ent_8cc01a06e72c
ENT_023311,ent_a5d5b24ed155
ENT_023312,ent_8dd38e9423d4
ENT_023313,ent_65901d217bfc
ENT_023314,ent_2366839df28a
ENT_023315,ent_c60eed55e075
ENT_023316,ent_92938ef8c78f
ENT_023317,ent_f6ad47842da9
ENT_023318,ent_6327ea945b08
ENT_023319,ent_9d97a7d8e7e2
ENT_023320,ent_fb38d6e3ca12
ENT_023321,ent_9ee9c01a25e4
ENT_023322,ent_d5db382e4517
ENT_023323,ent_dc8069d7bae6
ENT_023324,ent_b201b6da55d2
ENT_023325,ent_38d04d0288ee
ENT_023326,ent_88201d02b5ef
ENT_023327,ent_767fe77855df
ENT_023328,ent_4f0104a80a93
ENT_023329,ent_313367dab640
ENT_023330,ent_5d5603156e10
ENT_023331,ent_c6e6da1216bc
ENT_023332,ent_c35601ea5747
ENT_023333,ent_9e86a3134597
ENT_023334,ent_e2c88f37a04e
ENT_023335,ent_ca2b1201ef85
ENT_023336,ent_f48a0a9beed5
ENT_023337,ent_d9f9fbb76aa8
ENT_023338,ent_b48eb659c215
ENT_023339,ent_c28b5441a07d
ENT_023340,ent_3cfa04828d8e
ENT_023341,ent_c8f05c5429ea
ENT_023342,ent_64ec4ef9ab46
ENT_023343,ent_169a56b7ea4e
ENT_023344,ent_ec78dc068dec
ENT_023345,ent_d7dbcda0bb94
ENT_023346,ent_14928f31afd6
ENT_023348,ent_e00c56f50e4b
ENT_023349,ent_5f624b3702b5
ENT_023350,ent_ed23dbab8a9b
ENT_023351,ent_0342be7e57bb
ENT_023352,ent_a05bb26348d1
ENT_023353,ent_75bf670f0435
ENT_023354,ent_d79029e29af5
ENT_023355,ent_68d637cd43b3
ENT_023358,ent_e32a5f629d51
ENT_023360,ent_f6983cff26de
ENT_023361,ent_274b006b5fca
ENT_023362,ent_d668715a5fec
ENT_023363,ent_d3e6a4b25cf2
ENT_023364,ent_012427539de8
ENT_023366,ent_e4bf918644fa
ENT_023368,ent_97f584e3c3c6
ENT_023369,ent_ba6d8d004c80
ENT_023370,ent_2132a3389351
ENT_023372,ent_8c38415e2d6b
ENT_023373,ent_a070e825507c
ENT_023374,ent_f4c705916f64
ENT_023375,ent_bcbb8cfb113c
ENT_023376,ent_7c75c2fa6ae6
ENT_023377,ent_363a0deed594
ENT_023378,ent_9bb3da847ad8
ENT_023379,ent_9424796e6d8b
ENT_023380,ent_8cd7cf78d47c
ENT_023381,ent_e9473e74daf0
ENT_023383,ent_a6a6990cf32e
ENT_023385,ent_9f61319ba4ba
ENT_023387,ent_06c74d8a6ace
ENT_023388,ent_037443b62ede
ENT_023390,ent_cc61254ff7c4
ENT_023394,ent_cdf0aa63cdf9
ENT_023396,ent_8a7ed8195ef5
ENT_023397,ent_e1d0a49327a1
ENT_023398,ent_1e3f09c17d4d
ENT_023401,ent_e978279a55de
ENT_023403,ent_bcfb492d9104
ENT_023405,ent_55875ebef619
ENT_023406,ent_66c36f5b756d
ENT_023407,ent_e9726123102b
ENT_023408,ent_5be67dd6fc08
ENT_023410,ent_26c83c125b3d
ENT_023411,ent_df71afda6557
ENT_023412,ent_8f54b5d19985
ENT_023416,ent_c39cb2ceae5b
ENT_023418,ent_10626316a0ec
ENT_023419,ent_0e55d60bc852
ENT_023421,ent_0a0844525a0d
ENT_023422,ent_e91d638fc5d2
ENT_023423,ent_77c0dd1bf85f
ENT_023424,ent_f500bb0d009b
ENT_023425,ent_8e1dd8d3c9ec
ENT_023427,ent_e5cf5f05f3c4
ENT_023430,ent_1c0716aeb255
ENT_023432,ent_2881f43d8725
ENT_023433,ent_fb7e9a9317de
ENT_023435,ent_47b85dc29b7b
ENT_023436,ent_6f95b12fb562
ENT_023439,ent_6d08cc3c6b87
ENT_023440,ent_5f84ad976f49
ENT_023443,ent_0bb024827591
ENT_023444,ent_5c99c987a4ae
ENT_023445,ent_d3396f7f7415
ENT_023446,ent_6aa9fd29a776
ENT_023447,ent_169ec025c012
ENT_023448,ent_f89b7eec81a0
ENT_023450,ent_f8309905d01c
ENT_023452,ent_75297a87aeff
ENT_023453,ent_7e99db9f8264
ENT_023454,ent_0dc77fb934a4
ENT_023455,ent_27138010d087
ENT_023457,ent_320d14b31844
ENT_023458,ent_8f28df144d02
ENT_023459,ent_2fee8462eec0
ENT_023460,ent_b8cc0dcb7843
ENT_023461,ent_feb094c88de4
ENT_023462,ent_094fedab08e5
ENT_023463,ent_83426e884bc5
ENT_023466,ent_aeea0ed566a1
ENT_023467,ent_1ad2e8998b24
ENT_023468,ent_3944ec03e027
ENT_023469,ent_ae92138fae95
ENT_023471,ent_6078072f5b06
ENT_023472,ent_86f8aa431958
ENT_023473,ent_748f6f4ffd45
ENT_023474,ent_2ca3961cfa4a
ENT_023475,ent_937c57130b69
ENT_023476,ent_c50e6fc81534
ENT_023477,ent_d4532fabc61d
ENT_023478,ent_112401355c00
ENT_023480,ent_68935a828ab0
ENT_023482,ent_ba9468fbc982
ENT_023484,ent_1a2a3458a38a
ENT_023485,ent_205b71bc40f9
ENT_023486,ent_ab1ae9830a9a
ENT_023487,ent_ec89aa7195a4
ENT_023488,ent_ea651eb95353
ENT_023489,ent_51d5dd233440
ENT_023491,ent_33c82c0159e9
ENT_023494,ent_21a772fc3130
ENT_023496,ent_8e0ebb407f44
ENT_023497,ent_61cd20d8f5f0
ENT_023500,ent_93322146e9ce
ENT_023501,ent_2d70af9f0ebf
ENT_023502,ent_614d8e977676
ENT_023503,ent_a5e70e378ab3
ENT_023504,ent_7f2df9ff0791
ENT_023507,ent_c3f481c58d8b
ENT_023510,ent_ad5da60c0c47
ENT_023511,ent_a1d96760ff6b
ENT_023512,ent_c8a329f5173c
ENT_023513,ent_3eb26cda3521
ENT_023514,ent_ae98d3c4a1c8
ENT_023515,ent_ba0277120d3b
ENT_023516,ent_ca49e07c0191
ENT_023517,ent_464a8094055a
ENT_023518,ent_f2a214bd81d4
ENT_023519,ent_d1e9cd859311
ENT_023520,ent_9456c6353a0c
ENT_023521,ent_b816470ae9c3
ENT_023522,ent_01a71cfbea6a
ENT_023524,ent_1cbb11172d6c
ENT_023526,ent_093e2c7187eb
ENT_023527,ent_b603d50867b5
ENT_023529,ent_b703380bdcb0
ENT_023530,ent_e641dac43ecf
ENT_023532,ent_98c2d33befd6
ENT_023533,ent_2b8f299ab417
ENT_023535,ent_c12a7bb1c017
ENT_023536,ent_e4f6cb4336c5
ENT_023537,ent_bc70599c975f
ENT_023538,ent_11ab84d54cbd
ENT_023539,ent_963d8ad01627
ENT_023544,ent_336fb1103ca2
ENT_023545,ent_0ee3e25fdd1b
ENT_023547,ent_680ef5e317b5
ENT_023548,ent_8c3de65e9158
ENT_023549,ent_011d3002c7bf
ENT_023551,ent_e274e44154f6
ENT_023552,ent_8b39f2e96274
ENT_023553,ent_90d8d092d656
ENT_023554,ent_899f5e5b7c16
ENT_023555,ent_af5298164aeb
ENT_023556,ent_155877dea02e
ENT_023557,ent_be0b63388ded
ENT_023558,ent_cf14712c7e05
ENT_023559,ent_fdebf186628b
ENT_023562,ent_ea1673d6d816
ENT_023563,ent_2d81483d2dd6
ENT_023564,ent_3e05b0332d23
ENT_023565,ent_14341d1ae0dc
ENT_023567,ent_90fdf7926613
ENT_023569,ent_7184b78afc12
ENT_023570,ent_a46cb77d1c14
ENT_023571,ent_5a153786f136
ENT_023572,ent_a55f5cdd340e
ENT_023573,ent_cc4adcbf0cb9
ENT_023574,ent_8bf47391ba0f
ENT_023575,ent_179321067604
ENT_023576,ent_8c50471e5e2e
ENT_023578,ent_3220e2feb0fc
ENT_023579,ent_561dc10fbdf0
ENT_023580,ent_240dfdb4dc40
ENT_023581,ent_72589f3876a1
ENT_023582,ent_3a5328d31298
ENT_023584,ent_b7f01a85695e
ENT_023585,ent_e2a2f2497b43
ENT_023590,ent_58b4bc77ea47
ENT_023592,ent_7e7d76fe6074
ENT_023594,ent_9bc62434d7a9
ENT_023595,ent_465a18b36922
ENT_023598,ent_6f0e21cf2206
ENT_023601,ent_3e87426b28c2
ENT_023602,ent_0a7353943c18
ENT_023603,ent_764435a2efb7
ENT_023607,ent_44105f814773
ENT_023609,ent_d820b93ca1ff
ENT_023610,ent_6034ba780cb6
ENT_023612,ent_d01bd8eff5c9
ENT_023616,ent_d40ff9b116e6
ENT_023617,ent_356498946521
ENT_023621,ent_d98a4efda3e0
ENT_023624,ent_eaf36e5e1f55
ENT_023626,ent_eea4732a6df3
ENT_023628,ent_60592b2ed7e4
ENT_023629,ent_ddfce10a9ba2
ENT_023630,ent_f1119f621cd0
ENT_023631,ent_26e362df93c3
ENT_023632,ent_2ca34a529a77
ENT_023633,ent_b183cda8b001
ENT_023634,ent_93d0c01b213e
ENT_023637,ent_5da8ea30c61e
ENT_023638,ent_a6e032b4ac1e
ENT_023639,ent_8f0a968fde1f
ENT_023640,ent_483462a83cce
ENT_023641,ent_0ea317b78196
ENT_023642,ent_b92c964bebfd
ENT_023643,ent_92d72f24484f
ENT_023644,ent_64040acb0ff4
ENT_023645,ent_bebba282726f
ENT_023646,ent_65543ea23daa
ENT_023647,ent_98c7623dcef6
ENT_023648,ent_8a629d7e9220
ENT_023649,ent_7819a06de839
ENT_023650,ent_c20e020fecba
ENT_023651,ent_3de724055699
ENT_023652,ent_e82b9f3f7cb9
ENT_023653,ent_51372beb0923
ENT_023654,ent_a500eb53de91
ENT_023655,ent_056de11ea946
ENT_023656,ent_378a0e853021
ENT_023657,ent_0f62af43e0a6
ENT_023658,ent_5cf18f5194bd
ENT_023661,ent_913f4a214acd
ENT_023662,ent_00b2deb5d6ea
ENT_023663,ent_b356c1e309db
ENT_023664,ent_8fb042a8615f
ENT_023665,ent_be7b12a7acef
ENT_023666,ent_06280bfc559b
ENT_023667,ent_12579db89e77
ENT_023668,ent_4a65ed063c19
ENT_023669,ent_6cf4160e19c2
ENT_023670,ent_14951cf49ff6
ENT_023671,ent_408ed2925a86
ENT_023673,ent_e1f70edb3c81
ENT_023674,ent_a79090646c34
ENT_023675,ent_4dcde1883f6b
ENT_023676,ent_eb7601023514
ENT_023677,ent_88e3564644ba
ENT_023678,ent_761e3b54c579
ENT_023679,ent_bcdae732b831
ENT_023681,ent_61b4c14e4996
ENT_023682,ent_aa4bd0d26f1e
ENT_023684,ent_7c23c7044bff
ENT_023685,ent_3a2b2175ae47
ENT_023686,ent_bc1007778c5c
ENT_023687,ent_f0d99a27ba20
ENT_023688,ent_4564cedb625c
ENT_023690,ent_7f7464ecdf35
ENT_023691,ent_15dfdc50fabd
ENT_023692,ent_879f14069335
ENT_023693,ent_256d505c0ed3
ENT_023696,ent_81a44729a844
ENT_023698,ent_7c84a31f8085
ENT_023699,ent_009914f7ab6d
ENT_023701,ent_90caa553b91f
ENT_023702,ent_2b7eb2ba992c
ENT_023703,ent_c0a0b3f0c975
ENT_023704,ent_312823d3463a
ENT_023705,ent_1a06489ffc6e
ENT_023706,ent_7530d0f89cb5
ENT_023707,ent_4844f9a5ae26
ENT_023708,ent_0b58a29b654b
ENT_023709,ent_dbc865000884
ENT_023710,ent_fa0e49b121e2
ENT_023711,ent_74aec03669eb
ENT_023712,ent_71f2fcf78c9b
ENT_023714,ent_ee46eb2b8e14
ENT_023715,ent_353de77c4b9a
ENT_023716,ent_b44b32e0e2e3
ENT_023717,ent_03dbf258ff94
ENT_023718,ent_e94ae9ac5455
ENT_023719,ent_d4e20126114e
ENT_023721,ent_952b643e4b8e
ENT_023722,ent_95e35bdf18a1
ENT_023723,ent_55966b4f1a9e
ENT_023724,ent_b8634ff5ccba
ENT_023725,ent_9bf0e733d88f
ENT_023726,ent_283af88f2932
ENT_023727,ent_104246bc033a
ENT_023728,ent_4cf5b81ca833
ENT_023729,ent_a2e8630fabca
ENT_023730,ent_8e54be7a13e3
ENT_023731,ent_e39e338e50ca
ENT_023732,ent_9ef08b1144c9
ENT_023733,ent_08d7661f058a
ENT_023734,ent_9a8111b6e2a4
ENT_023735,ent_1ed9492dbd2c
ENT_023736,ent_d4281402d425
ENT_023737,ent_8fa5c70924c8
ENT_023738,ent_a6e0145e57d6
ENT_023740,ent_d8eca0317844
ENT_023741,ent_44ca6716dd34
ENT_023742,ent_afd301e377a3
ENT_023743,ent_229a463374d1
ENT_023747,ent_6779bae43942
ENT_023748,ent_e65de9ab0752
ENT_023749,ent_69c7a7b96643
ENT_023750,ent_4c609f5a604f
ENT_023751,ent_2a1b398d9c41
ENT_023752,ent_45ff07f8d071
ENT_023753,ent_55e576dda000
ENT_023754,ent_cd4b9f47bff5
ENT_023756,ent_18ac09f22170
ENT_023757,ent_ecf103b9ea60
ENT_023758,ent_1c19949de975
ENT_023759,ent_d9d5f239ada7
ENT_023761,ent_158e7557d63c
ENT_023763,ent_1361fd062a87
ENT_023765,ent_74e031dab6a8
ENT_023770,ent_9b6db22bc1c7
ENT_023773,ent_2c091c35541a
ENT_023774,ent_570065a3840a
ENT_023775,ent_e53674bac974
ENT_023779,ent_b3f5e0a9c4d2
ENT_023780,ent_116389a56fa1
ENT_023782,ent_6dfafd9aec7c
ENT_023783,ent_25a8125ffb46
ENT_023784,ent_b2e3148b9473
ENT_023785,ent_dddeefaf1172
ENT_023786,ent_7452551bbdf5
ENT_023787,ent_cd81caec1b6b
ENT_023788,ent_a80d57a10a88
ENT_023789,ent_f5f2f5f13c58
ENT_023790,ent_1b0a9cd3ede3
ENT_023791,ent_4c5d51c5a4c6
ENT_023795,ent_5312a0b1e052
ENT_023796,ent_4db92f9c92cf
ENT_023797,ent_a0c66559f94e
ENT_023798,ent_035041df528e
ENT_023799,ent_002c80865fe6
ENT_023800,ent_097f00211872
ENT_023803,ent_1980bf4e9ee1
ENT_023805,ent_2402c862712e
ENT_023806,ent_166e371e52f7
ENT_023810,ent_1cf36ea2bb29
ENT_023811,ent_bb77be70b366
ENT_023813,ent_585d6eec60aa
ENT_023814,ent_ab773e9f3974
ENT_023815,ent_3df86f667f8e
ENT_023816,ent_4b025eb9a245
ENT_023817,ent_cb2b333c2beb
ENT_023818,ent_cf9ab74a8f86
ENT_023819,ent_2cc0c6918b81
ENT_023820,ent_152be3ba4600
ENT_023821,ent_09fc5857b2c9
ENT_023822,ent_b8645e4d897d
ENT_023823,ent_d3b9d361f565
ENT_023824,ent_29bc77e985ca
ENT_023825,ent_0b27f66e46b7
ENT_023826,ent_0a4b04d77215
ENT_023827,ent_084263113340
ENT_023828,ent_03ce6ba77a7d
ENT_023829,ent_87bcd87edb97
ENT_023830,ent_2cb7e27be90a
ENT_023831,ent_24a91219d03f
ENT_023832,ent_7862ae75443a
ENT_023833,ent_88dac9e6d8d7
ENT_023834,ent_98f920b9b316
ENT_023836,ent_4fc2c1462224
ENT_023837,ent_5b7654374f14
ENT_023838,ent_ce9cbbe72985
ENT_023839,ent_84301ab5d4b2
ENT_023840,ent_53b2cca17e7d
ENT_023841,ent_89de531fd310
ENT_023842,ent_437cb243a7e1
ENT_023843,ent_70337e3dae6c
ENT_023844,ent_e243b86eb2ec
ENT_023845,ent_fcd3cbbb132e
ENT_023846,ent_e8cc3f6f4160
ENT_023847,ent_fa57f18d9090
ENT_023848,ent_33b46069b340
ENT_023849,ent_8d0f5d183b90
ENT_023850,ent_f3f06167414e
ENT_023851,ent_4be020e8a6ab
ENT_023852,ent_6e46480f1ae8
ENT_023853,ent_0ab1b648158c
ENT_023854,ent_2e5f6e23fb2a
ENT_023855,ent_83d718927638
ENT_023856,ent_39e0ba512de5
ENT_023857,ent_f7ba95ea3990
ENT_023858,ent_2720afcccebc
ENT_023859,ent_6635fc9f2de7
ENT_023860,ent_84a24b18e85f
ENT_023862,ent_ed67a30e2421
ENT_023863,ent_05f86dd81062
ENT_023864,ent_e8a761c20aed
ENT_023865,ent_6d30e92687f9
ENT_023866,ent_b440c2dcb473
ENT_023867,ent_ca2b3ee7f023
ENT_023868,ent_ea95038c9dbf
ENT_023869,ent_5de1e9e028a5
ENT_023870,ent_187a21a6d694
ENT_023871,ent_feaaf9a68b00
ENT_023872,ent_60f65284b260
ENT_023873,ent_da6c2162519d
ENT_023874,ent_e82f5ded4b14
ENT_023875,ent_58974257ba2d
ENT_023876,ent_4520c2ccf0de
ENT_023877,ent_82f264a3a1c5
ENT_023879,ent_289db4b19a42
ENT_023881,ent_d181e5ef7838
ENT_023882,ent_e43a8f4c3c67
ENT_023883,ent_c84b0bb11824
ENT_023884,ent_6fd6891d7276
ENT_023885,ent_0b794c0f0837
ENT_023886,ent_754ab1833285
ENT_023887,ent_391fdf167e66
ENT_023889,ent_e97ebdbe21c2
ENT_023891,ent_99a94e833e74
ENT_023892,ent_c44318f705b4
ENT_023893,ent_2ffb983297c4
ENT_023894,ent_1d255e4fb8ee
ENT_023895,ent_8118693621ad
ENT_023896,ent_79c9ef56fcb8
ENT_023897,ent_3ff38ed54b15
ENT_023898,ent_fa52460bab14
ENT_023899,ent_c8829e505415
ENT_023900,ent_606c8c74a503
ENT_023901,ent_413e88a3cfbc
ENT_023903,ent_8000d804c63d
ENT_023904,ent_40fecef29854
ENT_023905,ent_81bd3397f0b2
ENT_023907,ent_8e69ca2e400a
ENT_023908,ent_49fff110653c
ENT_023909,ent_b3a02d762fc7
ENT_023911,ent_d27a783c60ec
ENT_023912,ent_2125244a0fa2
ENT_023913,ent_1636f264ed09
ENT_023915,ent_9e88f06694d2
ENT_023916,ent_85d6fe4e3a96
ENT_023917,ent_d57bfc74957b
ENT_023918,ent_9ce284ceb1d2
ENT_023919,ent_a4a546bcc74d
ENT_023920,ent_35244eb4a2a6
ENT_023921,ent_493ba2c189e6
ENT_023922,ent_ee7287182568
ENT_023924,ent_3615f200037d
ENT_023926,ent_356e9a7bd79f
ENT_023928,ent_7b98a5ce02ad
ENT_023930,ent_5c470f715400
ENT_023931,ent_878118aefad7
ENT_023932,ent_f23b7aec4598
ENT_023933,ent_b9bc8bf85f71
ENT_023934,ent_48b90a92cf9f
ENT_023935,ent_c8380ffa2075
ENT_023936,ent_e8aa098add9e
ENT_023937,ent_366c0d2b8a66
ENT_023938,ent_44ca4746aa74
ENT_023939,ent_3a4119025d26
ENT_023940,ent_5450c434ba7a
ENT_023941,ent_725d0ab6b8f2
ENT_023942,ent_23a597bf9b71
ENT_023944,ent_2e485a439d13
ENT_023946,ent_0a4bec3b6a16
ENT_023947,ent_a4d4f153cc07
ENT_023948,ent_7d3c8f2019df
ENT_023950,ent_9a80d066f9b5
ENT_023951,ent_46313c8d07a6
ENT_023954,ent_e3cf6ef7f111
ENT_023957,ent_c6a8c316ebcf
ENT_023958,ent_bdd1e15af689
ENT_023959,ent_497af2c4eff6
ENT_023961,ent_3f4ff247ada6
ENT_023962,ent_8baa4efa7b96
ENT_023963,ent_4829f325a916
ENT_023964,ent_f98c136e018e
ENT_023965,ent_c426a8465acc
ENT_023966,ent_0536880b33ed
ENT_023967,ent_dbdbd5ea98db
ENT_023968,ent_874433f7296b
ENT_023969,ent_96e60eb86249
ENT_023970,ent_8b367a685f1c
ENT_023973,ent_43634210bab0
ENT_023974,ent_942f5b805687
ENT_023975,ent_b37b1cc6d170
ENT_023976,ent_b06cb637508c
ENT_023977,ent_ac40db5e2929
ENT_023978,ent_072dc14aae3a
ENT_023980,ent_c479913c49be
ENT_023981,ent_004a0a4f73b9
ENT_023985,ent_55fc49124818
ENT_023987,ent_50eb36af10a5
ENT_023989,ent_135fe261ccb0
ENT_023991,ent_722623c1695b
ENT_023992,ent_429f94e7f68a
ENT_023993,ent_d22707b8d882
ENT_023996,ent_b100697a12b0
ENT_023997,ent_372042819689
ENT_023998,ent_6c620b3fddb8
ENT_023999,ent_9b3d97737850
ENT_024000,ent_78032e953209
ENT_024002,ent_db1060db0a2d
ENT_024003,ent_9f3534f43622
ENT_024004,ent_272840cf99fd
ENT_024005,ent_d29038892105
ENT_024006,ent_7f5df0f5677c
ENT_024007,ent_a7d0f635518f
ENT_024008,ent_ccd183504cc2
ENT_024009,ent_e7350283b99d
ENT_024013,ent_5f5e401748b8
ENT_024014,ent_33675c407d38
ENT_024015,ent_30f14e6de105
ENT_024016,ent_13d0af972e43
ENT_024017,ent_750a7413113c
ENT_024018,ent_38a68e9aa154
ENT_024019,ent_67a8fc8816d4
ENT_024020,ent_ec2b80aa618f
ENT_024021,ent_d2516b160587
ENT_024022,ent_853a35cc5efb
ENT_024023,ent_f91075333ef7
ENT_024024,ent_d79a116b2a7c
ENT_024025,ent_7f3de0091c3a
ENT_024026,ent_52ab12494a4a
ENT_024027,ent_96116ad704f1
ENT_024028,ent_f7132eca7f34
ENT_024029,ent_257aabf569b4
ENT_024030,ent_9699c334fe60
ENT_024031,ent_4de82f91cb2a
ENT_024032,ent_ea30b505289d
ENT_024033,ent_ea02ea37e013
ENT_024034,ent_dfb0fce817c6
ENT_024036,ent_b6bf70541b7c
ENT_024037,ent_84b98b84dfad
ENT_024038,ent_c09e19a5a8f2
ENT_024039,ent_5a064e521a13
ENT_024040,ent_72daeeeb2aeb
ENT_024041,ent_e61b242eb8a7
ENT_024042,ent_adaa109b9c71
ENT_024043,ent_2130b27f1628
ENT_024044,ent_37c12ba7f214
ENT_024045,ent_9879cdd52b67
ENT_024046,ent_1b5539015eb1
ENT_024047,ent_579acb4996b8
ENT_024048,ent_2185ef626da0
ENT_024051,ent_e2db1b88c6e6
ENT_024052,ent_79c835a0e0bb
ENT_024053,ent_4527d847a454
ENT_024054,ent_84fe3875bd88
ENT_024055,ent_cb1f60ff58b0
ENT_024056,ent_e331b7e82f58
ENT_024057,ent_221b511e0f54
ENT_024058,ent_9cb485a30524
ENT_024059,ent_2f4d023d762e
ENT_024060,ent_8d3668fcea0f
ENT_024061,ent_30931cd47d88
ENT_024062,ent_e67242b79421
ENT_024063,ent_4bc5ea2b11b6
ENT_024064,ent_a88c67768a85
ENT_024065,ent_f44107ff1cbe
ENT_024066,ent_527dec2578bd
ENT_024067,ent_a4461164e692
ENT_024068,ent_31f9bb73d4c8
ENT_024070,ent_cf5ff7f44ced
ENT_024071,ent_a6dc870290d2
ENT_024072,ent_7307a7fd553a
ENT_024074,ent_dac4c08f0846
ENT_024075,ent_0405398eda46
ENT_024079,ent_64cdffb7f463
ENT_024081,ent_5f3646699e58
ENT_024083,ent_3e45ac1ca103
ENT_024084,ent_eebadc088313
ENT_024085,ent_3b997924476d
ENT_024086,ent_b1e9a0de07ec
ENT_024087,ent_443894a22a18
ENT_024089,ent_34ebafd7c31f
ENT_024090,ent_f8d33756c0fb
ENT_024092,ent_6b85a209a4ef
ENT_024093,ent_8026db9b96b0
ENT_024094,ent_3b664b6bfc74
ENT_024095,ent_58921f98384d
ENT_024097,ent_4edc7cfbd851
ENT_024099,ent_7decfeca3bcf
ENT_024100,ent_5a0df98d00b7
ENT_024101,ent_05f74ae26b02
ENT_024102,ent_9570f310a736
ENT_024103,ent_98707e20c89d
ENT_024104,ent_55c9b55469a3
ENT_024105,ent_99f1174c7c06
ENT_024106,ent_0845ab9a3d5a
ENT_024107,ent_de7431daa58c
ENT_024108,ent_e79bd412cc7f
ENT_024110,ent_9b73dc234008
ENT_024111,ent_28743f802418
ENT_024112,ent_4273411d1716
ENT_024113,ent_a781a13623c3
ENT_024114,ent_77140555cb9e
ENT_024117,ent_061aa44e009f
ENT_024120,ent_e88d29b2c8f1
ENT_024122,ent_f1efe5c4f98c
ENT_024125,ent_1832944ae2ed
ENT_024126,ent_f6483193675b
ENT_024129,ent_1ced07b3fef7
ENT_024130,ent_3d3c2a3e19ab
ENT_024132,ent_cd69f70a23c4
ENT_024135,ent_f5acee1f01f2
ENT_024136,ent_7e55ec041fca
ENT_024137,ent_1d08b6ca50ad
ENT_024138,ent_5f78510c7aec
ENT_024140,ent_0e03e32b816f
ENT_024143,ent_bba43cf85a34
ENT_024144,ent_b7f20f6fe802
ENT_024146,ent_5bd901b92100
ENT_024148,ent_6786c6c0ae6b
ENT_024149,ent_57aab3459ae9
ENT_024151,ent_6a89456e0ade
ENT_024152,ent_bae0373428ec
ENT_024153,ent_50e09bf9ea00
ENT_024154,ent_6cf4e9e7ce07
ENT_024156,ent_ef2f86a84a69
ENT_024158,ent_2b9e49dacaa2
ENT_024159,ent_23dbbdad16f7
ENT_024160,ent_e0bd7267cf3f
ENT_024161,ent_a4e92ed4d524
ENT_024162,ent_181dbe5b791e
ENT_024165,ent_7cbefda49ad1
ENT_024166,ent_3ec93d0f3858
ENT_024168,ent_6ee06a0f63ea
ENT_024169,ent_8977e7db30b2
ENT_024170,ent_07960089afbc
ENT_024172,ent_643e1f5ddcf0
ENT_024173,ent_851e674535db
ENT_024175,ent_c0c760bf302e
ENT_024178,ent_d87f73a6c77d
ENT_024179,ent_2a6065373397
ENT_024180,ent_0f7529b53bde
ENT_024181,ent_ce03570a7934
ENT_024182,ent_1860f17ebc00
ENT_024183,ent_19b7bff6aaac
ENT_024184,ent_11408317335d
ENT_024185,ent_add6927a6d32
ENT_024187,ent_8989b6c467cc
ENT_024189,ent_6e5fef681520
ENT_024190,ent_734c2094d773
ENT_024191,ent_a7b605da9b63
ENT_024192,ent_d5583fe97a89
ENT_024193,ent_a808e180cc4a
ENT_024194,ent_bc403ab86726
ENT_024195,ent_32e815531155
ENT_024196,ent_84eca865d576
ENT_024197,ent_54473eef59a7
ENT_024198,ent_e981e42b8e4f
ENT_024199,ent_517ee94434ad
ENT_024201,ent_f4a21d751637
ENT_024202,ent_5c86ffbe1660
ENT_024203,ent_80a407079e9d
ENT_024204,ent_760ab06fae24
ENT_024205,ent_049b62aab7ca
ENT_024206,ent_de77c6f5f383
ENT_024209,ent_00ebc86d2ea8
ENT_024211,ent_b6f02832aeaf
ENT_024212,ent_3bcbd8b64440
ENT_024213,ent_2834f98c2f71
ENT_024214,ent_c28ef5ec4a41
ENT_024215,ent_8192dba0aaf3
ENT_024216,ent_7b647b60dacf
ENT_024217,ent_1a5d663d4c20
ENT_024218,ent_132c1ae5d5dc
ENT_024219,ent_2302b28764ff
ENT_024220,ent_c098a1ef3d82
ENT_024221,ent_0ebcbe05fd3f
ENT_024222,ent_50e989f64323
ENT_024223,ent_a6f23d5168a7
ENT_024224,ent_0982518fc6fe
ENT_024225,ent_2bb4fb88f5fc
ENT_024226,ent_042c8933d0de
ENT_024227,ent_8cb222b647c7
ENT_024228,ent_2334201d70cb
ENT_024229,ent_7a59969816c1
ENT_024230,ent_648406973689
ENT_024231,ent_0858f5c5fc9c
ENT_024232,ent_ad0ed37b7972
ENT_024236,ent_b92937074a79
ENT_024237,ent_7218629ab8b8
ENT_024238,ent_09be5792107c
ENT_024239,ent_720eb086153f
ENT_024240,ent_f5ad4ccd9a9b
ENT_024241,ent_1b1f4eb670da
ENT_024242,ent_d762dc0a5aa3
ENT_024243,ent_294ae356c826
ENT_024244,ent_4768d886365d
ENT_024245,ent_24781cc6b020
ENT_024246,ent_baf47fec0107
ENT_024247,ent_d881c4311b45
ENT_024248,ent_d3a753185502
ENT_024249,ent_735fb3c97655
ENT_024250,ent_5cf6905a0f2c
ENT_024251,ent_97e125d98dc6
ENT_024252,ent_a86d8d884bb2
ENT_024253,ent_ffd14a7f2656
ENT_024254,ent_38bc968e7115
ENT_024255,ent_e2da166e29bd
ENT_024256,ent_dc4ae90a30cd
ENT_024257,ent_b6d0c0ac2fc7
ENT_024258,ent_f9284a337549
ENT_024259,ent_d2eca18b8d95
ENT_024261,ent_62dc676026ed
ENT_024262,ent_79d0a00f497e
ENT_024263,ent_fea05361f8c9
ENT_024264,ent_abc4818778c1
ENT_024265,ent_a5b43a39da17
ENT_024267,ent_4eaf784d40ea
ENT_024268,ent_5d666081d2a7
ENT_024270,ent_b63ef173aba3
ENT_024271,ent_ec81363f3219
ENT_024272,ent_269ef13d600c
ENT_024274,ent_ff12ca5d4f86
ENT_024275,ent_d1179a52e9e7
ENT_024276,ent_472e3ce12225
ENT_024277,ent_6b339c9b4a51
ENT_024278,ent_9d6e49294692
ENT_024279,ent_72278b19b02f
ENT_024280,ent_729974bdfbda
ENT_024281,ent_dc44ec8416bf
ENT_024282,ent_0a078196d729
ENT_024285,ent_7c246b67a2fb
ENT_024287,ent_9bde01da5535
ENT_024288,ent_a07863b5d78f
ENT_024290,ent_6c2a008a8d15
ENT_024291,ent_80838399c8c4
ENT_024292,ent_d288260988bf
ENT_024293,ent_3d2b29980ef4
ENT_024294,ent_85741f590903
ENT_024295,ent_18f573474685
ENT_024296,ent_0df5f19ab17a
ENT_024297,ent_6d0a00e2f5e7
ENT_024298,ent_f27d5c090476
ENT_024299,ent_9618ee020486
ENT_024300,ent_3abf82c1ed3a
ENT_024302,ent_8381888fd4a4
ENT_024303,ent_14e5c86fe4cc
ENT_024304,ent_c43115fe75f6
ENT_024305,ent_0dd632bd2787
ENT_024306,ent_160ebbfabffb
ENT_024307,ent_8e4517becfab
ENT_024308,ent_0005d0fff5e1
ENT_024310,ent_b6c90c62072a
ENT_024311,ent_edb9acb17c17
ENT_024312,ent_08c6631e553c
ENT_024313,ent_106418ca024a
ENT_024314,ent_384bd0e39355
ENT_024315,ent_08140f8c0fff
ENT_024316,ent_4d6b2a92bdbe
ENT_024317,ent_40b2a52d5a28
ENT_024319,ent_cdf4e3234d87
ENT_024320,ent_2b77b96caa58
ENT_024322,ent_a6fff4ed0ac5
ENT_024323,ent_44ed73f16eaf
ENT_024324,ent_2aa2c49f7d14
ENT_024326,ent_f0de76c0565b
ENT_024329,ent_b86685c881e9
ENT_024330,ent_16febf1e3953
ENT_024331,ent_a3354961d3c9
ENT_024333,ent_925971d9fcb0
ENT_024336,ent_828dd9dab8a2
ENT_024339,ent_9520ecf98ec2
ENT_024340,ent_5a8d6e16897d
ENT_024341,ent_e6d88b253d6b
ENT_024342,ent_a3fd0facd4b9
ENT_024343,ent_ab171a4aa42a
ENT_024344,ent_92c72e80a8bd
ENT_024345,ent_ad27699038e0
ENT_024346,ent_6d90238cc786
ENT_024347,ent_20b1bbee7ac6
ENT_024348,ent_17aa5e652469
ENT_024349,ent_aaefb1390ecf
ENT_024350,ent_84c35e222c27
ENT_024351,ent_e16c2542394a
ENT_024352,ent_dc0d44f4f04a
ENT_024353,ent_369b89b5e536
ENT_024354,ent_5eadc3d32f25
ENT_024355,ent_3bc6e6fc07a7
ENT_024356,ent_891887d05c0b
ENT_024357,ent_697456bfbbcb
ENT_024358,ent_f5c5a9f06e19
ENT_024359,ent_ffaa41441ed7
ENT_024360,ent_706efb34687d
ENT_024361,ent_0a263115da77
ENT_024362,ent_692d0eb19280
ENT_024363,ent_545870de24f2
ENT_024364,ent_ce8b4d723d23
ENT_024365,ent_ed1f5f589d53
ENT_024367,ent_57fbdc839cf9
ENT_024368,ent_f8fcdb3233c6
ENT_024369,ent_c078d1966485
ENT_024370,ent_4d9e488a1b41
ENT_024372,ent_504ce8175ae6
ENT_024373,ent_4a70faed03ff
ENT_024374,ent_e8bf855e1692
ENT_024375,ent_72d27e48a188
ENT_024377,ent_8f254c50d2f3
ENT_024378,ent_be2becc95cfe
ENT_024379,ent_860bbc9e1cf7
ENT_024380,ent_724b85b48227
ENT_024381,ent_8284d189d0b4
ENT_024382,ent_8701fe3358d5
ENT_024383,ent_eb22517a2270
ENT_024385,ent_55361be78f72
ENT_024386,ent_3942178f5de8
ENT_024387,ent_c9350bc3710b
ENT_024388,ent_c510ab5fc18e
ENT_024390,ent_29edb9d20dba
ENT_024393,ent_468db5cbbac4
ENT_024394,ent_0e50c80d39f7
ENT_024395,ent_f5e825891dcb
ENT_024396,ent_e8eef4584d89
ENT_024397,ent_639b2694ab05
ENT_024398,ent_2822f9aae89a
ENT_024399,ent_94d34875f6d3
ENT_024400,ent_49f24ee67d1f
ENT_024402,ent_0e2d0834b4ec
ENT_024403,ent_9b23d1ed7e79
ENT_024404,ent_e6ebb035c838
ENT_024405,ent_7de9c7fc4627
ENT_024406,ent_868528d55e01
ENT_024407,ent_c639e661c5fd
ENT_024408,ent_0e38cfb86953
ENT_024410,ent_264906525f61
ENT_024411,ent_428d7b4c9551
ENT_024412,ent_7e401f9ad1a7
ENT_024413,ent_5608963ba2ef
ENT_024414,ent_e16210338481
ENT_024415,ent_201c3f9c5891
ENT_024417,ent_3080bc51bc6e
ENT_024420,ent_101dc1d1982b
ENT_024421,ent_35e5e6d78344
ENT_024422,ent_79716ec83b99
ENT_024423,ent_23f8727abd42
ENT_024424,ent_4782245fa948
ENT_024425,ent_b537e6b60eb1
ENT_024426,ent_ada9062eae1c
ENT_024428,ent_9ca2b90cf583
ENT_024429,ent_91df1d3c0fb6
ENT_024430,ent_d0a1c0c1bcc2
ENT_024432,ent_a7ac04cf2640
ENT_024433,ent_96d1c770087d
ENT_024434,ent_c131d2f50e79
ENT_024435,ent_78ba376ecac0
ENT_024436,ent_4c194eb34333
ENT_024437,ent_db6ab9c2ddda
ENT_024438,ent_3f6d5065b4e4
ENT_024439,ent_7fea76173f12
ENT_024440,ent_21999a1ff099
ENT_024441,ent_d15c430728ab
ENT_024442,ent_6fe6b210b3a0
ENT_024443,ent_155441b666ea
ENT_024444,ent_96cdd8caf604
ENT_024445,ent_8da96826a639
ENT_024446,ent_45e7c3f3e424
ENT_024447,ent_c7f2532c1757
ENT_024448,ent_2e3b890462fe
ENT_024449,ent_2fa0979c10da
ENT_024450,ent_cc8ca4a5e941
ENT_024451,ent_6663b77a54cd
ENT_024452,ent_eb967a285467
ENT_024453,ent_63010147147f
ENT_024454,ent_65060de1af69
ENT_024455,ent_f5b230303558
ENT_024456,ent_6a1dad9b7c75
ENT_024458,ent_8585aaf09da3
ENT_024459,ent_4ec1566e648c
ENT_024460,ent_24fb0110f3a8
ENT_024461,ent_e57d39301e77
ENT_024462,ent_96e718a333dc
ENT_024463,ent_d65e2d781ed8
ENT_024464,ent_5c2a4483365c
ENT_024465,ent_b45e350b2109
ENT_024466,ent_ea1bba0c5b1b
ENT_024467,ent_9e2dd67696ba
ENT_024468,ent_f488e42f9741
ENT_024469,ent_ce07a7932e4e
ENT_024470,ent_2726adc2bfb4
ENT_024471,ent_1e591cdbe681
ENT_024472,ent_1155837e17e1
ENT_024473,ent_60003775eb2c
ENT_024474,ent_008644794a40
ENT_024475,ent_90306bd22b6d
ENT_024476,ent_0f3d77d2e4bc
ENT_024477,ent_9b87bdb28951
ENT_024478,ent_93adb9b14c9d
ENT_024479,ent_3f0e3620450b
ENT_024480,ent_94c5ddc1efe4
ENT_024481,ent_8730bbad79f4
ENT_024482,ent_b3e206be8ea8
ENT_024484,ent_267590f74fb5
ENT_024485,ent_2c241b02cca1
ENT_024486,ent_052e3cd3265d
ENT_024487,ent_55a32381daf3
ENT_024488,ent_456992da61f2
ENT_024489,ent_a12c60e9cf3a
ENT_024490,ent_c7d534c3ee7f
ENT_024491,ent_7afe592861fd
ENT_024492,ent_40accfde67b8
ENT_024493,ent_5d0745c5306d
ENT_024494,ent_967b84b06c78
ENT_024495,ent_09045b12a72e
ENT_024496,ent_90c527a8f5c9
ENT_024497,ent_13fd156c2564
ENT_024498,ent_736d071e9268
ENT_024499,ent_9c9249c9845c
ENT_024504,ent_ba824233792b
ENT_024507,ent_f6ab1c3f2459
ENT_024508,ent_ccbb537e8479
ENT_024512,ent_50e0c663e0b4
ENT_024514,ent_5d6e338ce783
ENT_024516,ent_f269fa9d7928
ENT_024521,ent_331a3fea22b7
ENT_024522,ent_afd4a0f38390
ENT_024523,ent_6ba005ca4282
ENT_024524,ent_5976364330de
ENT_024528,ent_ea6f4e58c42c
ENT_024530,ent_174c84a35816
ENT_024532,ent_f2f37678ad2a
ENT_024533,ent_7eab98c324ae
ENT_024534,ent_8e7bebc54a5c
ENT_024536,ent_5de9978c812c
ENT_024537,ent_ad4db52f6559
ENT_024538,ent_6d1e43c1d137
ENT_024539,ent_a32381057254
ENT_024541,ent_a313fbb40cfb
ENT_024543,ent_44d76dc74e15
ENT_024546,ent_3bfde10b468f
ENT_024547,ent_91b6a88d7c45
ENT_024548,ent_9116a3ca3803
ENT_024549,ent_66d2dabb4798
ENT_024550,ent_72e873a12e8d
ENT_024552,ent_95e41792c2d6
ENT_024554,ent_f61a5f42e7f5
ENT_024555,ent_2c4f64fa9676
ENT_024556,ent_ca42bd7a28bd
ENT_024557,ent_f6ff0cc37120
ENT_024558,ent_1740c92534ca
ENT_024560,ent_8a48732e08aa
ENT_024561,ent_7b4686bf0ac0
ENT_024562,ent_115127586891
ENT_024563,ent_c181cfdf5be4
ENT_024564,ent_df5d4a43483e
ENT_024565,ent_745048afe947
ENT_024566,ent_2738f5a0796a
ENT_024567,ent_25278691ef07
ENT_024568,ent_dd7604944f24
ENT_024569,ent_9b9bc83c69f7
ENT_024570,ent_fc62897b50fd
ENT_024571,ent_b3ea143159d7
ENT_024572,ent_86218b8b5fc8
ENT_024573,ent_c3d90c7b393f
ENT_024574,ent_0bd7188b1090
ENT_024575,ent_1826461c837e
ENT_024576,ent_a376becddf3a
ENT_024577,ent_a8e7f5a488c8
ENT_024578,ent_a3ab2603ec5f
ENT_024579,ent_6ccacd62e90e
ENT_024580,ent_399b624ab366
ENT_024581,ent_1c3014227b7b
ENT_024582,ent_d4a349751f5b
ENT_024583,ent_9ea09ab399fb
ENT_024584,ent_5d62c7f48cc4
ENT_024585,ent_85bf80a5adff
ENT_024586,ent_b6164b1b0538
ENT_024587,ent_9067eac19693
ENT_024588,ent_fcd29e8f0838
ENT_024589,ent_a10f34642a1a
ENT_024590,ent_a48aa595bb86
ENT_024591,ent_80ac8264fa4b
ENT_024592,ent_9e4c75d6677a
ENT_024593,ent_c8f624f58eb3
ENT_024594,ent_a4a3212e9be8
ENT_024595,ent_a7c24c81cce2
ENT_024596,ent_d6498e9520e9
ENT_024597,ent_4ee26199f247
ENT_024598,ent_3d43577b9f4e
ENT_024599,ent_b0758714a3e6
ENT_024600,ent_464669386fd1
ENT_024601,ent_6ce5474fc0a0
ENT_024602,ent_4e5ad269bed9
ENT_024603,ent_47ba000a22ff
ENT_024604,ent_46c7c0b2124f
ENT_024605,ent_7dea201ca556
ENT_024606,ent_244fa567c3ec
ENT_024607,ent_c86390e853ff
ENT_024608,ent_4e8f13856bea
ENT_024609,ent_3c00d62c7461
ENT_024610,ent_a0d09946d56c
ENT_024611,ent_622ffc9ea8d4
ENT_024612,ent_de0b82c9a4f1
ENT_024614,ent_b4ce7ece2a84
ENT_024615,ent_2cadf77aa38e
ENT_024616,ent_0d048d2697ae
ENT_024617,ent_64d6c7f30061
ENT_024618,ent_5ba355ddcf9a
ENT_024619,ent_b991200b31dd
ENT_024620,ent_cecd24ddd2b0
ENT_024621,ent_403acfd47f08
ENT_024622,ent_1aba5cf7988b
ENT_024623,ent_4a45d36048e5
ENT_024624,ent_77f275c13920
ENT_024625,ent_729c9582183f
ENT_024626,ent_474849f10d83
ENT_024628,ent_1b9911a0d893
ENT_024629,ent_c5766a755ed4
ENT_024630,ent_7bb4129f8624
ENT_024631,ent_769f2ff9bc8b
ENT_024632,ent_0f2d996c8cc1
ENT_024633,ent_68e3250e71c9
ENT_024635,ent_8235eb4444cf
ENT_024636,ent_8d34c6c8d68d
ENT_024637,ent_d3abbd457850
ENT_024638,ent_04aef613c989
ENT_024639,ent_2a9f18d58d09
ENT_024640,ent_7cce1e7fe567
ENT_024641,ent_daa3b50ee4a4
ENT_024642,ent_cbaba862acc5
ENT_024643,ent_1180ea59f182
ENT_024644,ent_b7b321c756fd
ENT_024645,ent_5445b85a565c
ENT_024646,ent_a886e108c577
ENT_024647,ent_2d76ca8cb45e
ENT_024648,ent_3d9aeb78aa2d
ENT_024649,ent_2f90ebc8f135
ENT_024651,ent_9490874f3a83
ENT_024652,ent_fdae2c170a90
ENT_024653,ent_88cc7dd0e01d
ENT_024654,ent_6545bfac9dc8
ENT_024655,ent_5fb1ef4a2852
ENT_024656,ent_1b5264b5c4d3
ENT_024657,ent_ce1a10809add
ENT_024659,ent_22c86692fe56
ENT_024660,ent_7f4c5855024e
ENT_024661,ent_6fdec757180c
ENT_024663,ent_c27ed76f5943
ENT_024664,ent_3f2ed0628095
ENT_024666,ent_db69306b249b
ENT_024667,ent_ab8cdbe71598
ENT_024671,ent_ca1c889768d4
ENT_024673,ent_7ba0c7ee6c3f
ENT_024677,ent_d5053b384bcc
ENT_024681,ent_1b608476e6ad
ENT_024682,ent_bcebc8970c41
ENT_024683,ent_a35c05f5939f
ENT_024684,ent_6be1475b40dd
ENT_024687,ent_be25de1d0d00
ENT_024688,ent_502c2e935615
ENT_024689,ent_857447ae93e6
ENT_024690,ent_f7cd22ae8690
ENT_024691,ent_53c3635da7dd
ENT_024692,ent_9627a888376b
ENT_024693,ent_590be2e90102
ENT_024694,ent_186134d110c0
ENT_024698,ent_a0a97ef80ad9
ENT_024699,ent_f7f9d3dd0009
ENT_024700,ent_e5dc30b429aa
ENT_024701,ent_ed0265304470
ENT_024702,ent_83a86b13ab00
ENT_024706,ent_b8f9911e8bf6
ENT_024708,ent_f5841de6ef10
ENT_024709,ent_fdac0459079b
ENT_024710,ent_ff64061706af
ENT_024712,ent_e321c5f860a2
ENT_024713,ent_885d62a14acb
ENT_024714,ent_5e20e58c715e
ENT_024716,ent_f2d237b0701d
ENT_024717,ent_62d996767839
ENT_024718,ent_7108819bd7f1
ENT_024719,ent_b7809160111e
ENT_024720,ent_92986e9ba60a
ENT_024721,ent_7e94bbdbf91c
ENT_024722,ent_5a18d9937911
ENT_024723,ent_6394cf7fd8c1
ENT_024724,ent_652b5a81951e
ENT_024725,ent_16d82ad5ffb1
ENT_024726,ent_39c718e6d0d9
ENT_024727,ent_d626bb399a35
ENT_024728,ent_192d3ee05420
ENT_024729,ent_fd7fc3917be3
ENT_024732,ent_29a58d541e1c
ENT_024734,ent_d93235374242
ENT_024735,ent_0aca8909471b
ENT_024739,ent_dd662454d64c
ENT_024740,ent_314702146110
ENT_024742,ent_f575af669e1d
ENT_024744,ent_ab2f894eca50
ENT_024746,ent_cbcb4848b44f
ENT_024747,ent_a3b50df6e572
ENT_024749,ent_c518f428411d
ENT_024753,ent_d72fcbac0ab1
ENT_024754,ent_8e59ec73d918
ENT_024758,ent_c612690fe426
ENT_024759,ent_5c654c041094
ENT_024760,ent_922693621634
ENT_024761,ent_fdac116b6f2c
ENT_024762,ent_4269bf70c8fc
ENT_024764,ent_de6caf968b1b
ENT_024766,ent_ac3cffe388fd
ENT_024767,ent_9967006fd162
ENT_024768,ent_372f872b2d61
ENT_024769,ent_47a26bc175e6
ENT_024770,ent_0c9ee1f52999
ENT_024771,ent_0b6146034355
ENT_024772,ent_696e6e602105
ENT_024773,ent_60cde28af90b
ENT_024774,ent_1bcccc4f356c
ENT_024775,ent_341e825f3b4d
ENT_024776,ent_b4c5ab4e1318
ENT_024777,ent_14fc46dab009
ENT_024778,ent_a2bc0c579da6
ENT_024779,ent_db7d1b068cea
ENT_024780,ent_362945572ada
ENT_024781,ent_c49119d78f0e
ENT_024782,ent_171b67673067
ENT_024783,ent_5696fb95f7b4
ENT_024784,ent_830597d8acde
ENT_024786,ent_1d9d0295bd2b
ENT_024787,ent_49fff6f79995
ENT_024788,ent_354183bc0bed
ENT_024789,ent_e99cd6c32804
ENT_024790,ent_8c0bd96363fa
ENT_024791,ent_0eaf5593a90e
ENT_024792,ent_5e9ddb931728
ENT_024793,ent_dc31c2006675
ENT_024794,ent_60bd0db412a5
ENT_024795,ent_e557fa7bf80a
ENT_024796,ent_c7f5f3135aa7
ENT_024797,ent_25892be7a8e7
ENT_024798,ent_c33c71b415a1
ENT_024799,ent_94c14352c3bd
ENT_024800,ent_3394b955509a
ENT_024802,ent_66f885aaf461
ENT_024804,ent_a8ff6d2c2374
ENT_024805,ent_99dc9c000f57
ENT_024807,ent_e9d1a62711d4
ENT_024811,ent_a6a91a8a1e1f
ENT_024812,ent_a11513657398
ENT_024813,ent_7b042d1afff6
ENT_024815,ent_788f1a510bd0
ENT_024816,ent_6c8b4c842c6e
ENT_024817,ent_6509834fb0f9
ENT_024818,ent_9ce2cf4a6b87
ENT_024819,ent_1bb0744ac0b1
ENT_024820,ent_e97981ba87da
ENT_024821,ent_99209f403818
ENT_024822,ent_e06cac2b53e4
ENT_024824,ent_00390e283ff0
ENT_024825,ent_16c93ab60b46
ENT_024826,ent_5ea61d3fe618
ENT_024827,ent_2e976e7b601b
ENT_024828,ent_7df684432abf
ENT_024829,ent_f8598d9cd0ac
ENT_024830,ent_368fa0c23a35
ENT_024831,ent_74582485e619
ENT_024832,ent_1209c5dc4cf4
ENT_024834,ent_94dbf5f51192
ENT_024835,ent_345d7ea76622
ENT_024836,ent_a5bf1a64d532
ENT_024837,ent_0de1c58a0129
ENT_024838,ent_8a79ed277237
ENT_024839,ent_be7b67b80acd
ENT_024840,ent_61a957f67120
ENT_024841,ent_9716a3d73ec0
ENT_024842,ent_cea04fd72de9
ENT_024843,ent_01cbb425d976
ENT_024844,ent_dddfa8e6dc95
ENT_024845,ent_80be9e29df7c
ENT_024846,ent_17b13fc1c1fd
ENT_024847,ent_fde416045f2d
ENT_024848,ent_50e88b78533d
ENT_024849,ent_28a0da188c05
ENT_024850,ent_5d063fe095dc
ENT_024851,ent_e4be1e8299ea
ENT_024852,ent_4e686cc38cd2
ENT_024853,ent_4e110f9b6dd9
ENT_024854,ent_2b32dd9ceb0a
ENT_024855,ent_af1727b56309
ENT_024856,ent_d8a9b40c61b4
ENT_024857,ent_dc99d01278d5
ENT_024858,ent_93c206d16b60
ENT_024859,ent_f7b680740215
ENT_024860,ent_6dc37058ff53
ENT_024861,ent_1b2c9c4ede1c
ENT_024862,ent_e8159f6d3d2b
ENT_024863,ent_93fe5b297c97
ENT_024864,ent_17c50976ec53
ENT_024865,ent_d29a79569db6
ENT_024866,ent_a50989dc785f
ENT_024867,ent_5108bb055dea
ENT_024868,ent_91bf218aff84
ENT_024869,ent_3b06e10c7305
ENT_024870,ent_cf7e6f5573f7
ENT_024871,ent_0eae4393e3d8
ENT_024872,ent_35754d375d9a
ENT_024873,ent_c50538c4ec49
ENT_024874,ent_8dee08b4d417
ENT_024875,ent_9d8ce6d3a4c2
ENT_024876,ent_d8beccbf883c
ENT_024877,ent_10ff19d8cf1e
ENT_024878,ent_308ebeee3093
ENT_024879,ent_2d79437656a9
ENT_024880,ent_1a3f960b8004
ENT_024881,ent_33e5a6ff2e8c
ENT_024882,ent_8783cf0dd703
ENT_024883,ent_1df708ad9319
ENT_024884,ent_2cbfb82accf9
ENT_024885,ent_9b4bd11086ed
ENT_024886,ent_4492d9360c7b
ENT_024887,ent_61da9f340dd8
ENT_024888,ent_149de4909052
ENT_024889,ent_ab91804ecc07
ENT_024890,ent_0be3cc930ec9
ENT_024891,ent_4e3e468fea59
ENT_024892,ent_922f33eacc96
ENT_024893,ent_0e96d448d75f
ENT_024894,ent_62ace4e3f5eb
ENT_024895,ent_54fb49e16152
ENT_024896,ent_1c27931bcbf9
ENT_024897,ent_b69bdf239172
ENT_024898,ent_b55250880034
ENT_024899,ent_e13714d9b031
ENT_024900,ent_c2e7e7b6ce33
ENT_024901,ent_9fee690ad9a6
ENT_024902,ent_0fbe25b827ff
ENT_024903,ent_c74583984fa1
ENT_024904,ent_6680269a4b84
ENT_024905,ent_76b6d6777cd6
ENT_024906,ent_f2084a94f70b
ENT_024907,ent_e5dfa757feb5
ENT_024908,ent_176b2ae05a9a
ENT_024909,ent_5b5f118b0e99
ENT_024910,ent_44f481b963ba
ENT_024911,ent_19aa7a209351
ENT_024912,ent_5cadf5ee13d5
ENT_024913,ent_01a063a690e5
ENT_024914,ent_444bec8ff557
ENT_024915,ent_5cc37430ad2d
ENT_024917,ent_fe6c83af90e7
ENT_024918,ent_1d109e4c296f
ENT_024919,ent_257c942bb98b
ENT_024920,ent_505a7f5d5ecf
ENT_024921,ent_fde3b4694f13
ENT_024922,ent_efb455738295
ENT_024923,ent_c7e3fbf1d27e
ENT_024925,ent_9d5d8fe86d0a
ENT_024927,ent_d493c8c1ae44
ENT_024929,ent_ca3843e3fdf3
ENT_024930,ent_a829d66461c6
ENT_024931,ent_a2ff05b89219
ENT_024933,ent_d90879de5b44
ENT_024934,ent_6f18c20abb2b
ENT_024935,ent_c638ba4e2861
ENT_024936,ent_61e0a4a920cc
ENT_024937,ent_8536e57e98c5
ENT_024938,ent_ddf3d3990d59
ENT_024939,ent_69fd06087077
ENT_024940,ent_ac8da7600038
ENT_024941,ent_09ea98bc58a8
ENT_024942,ent_a0c0f44adbc1
ENT_024943,ent_2a7fa18f8e56
ENT_024944,ent_8c02f36de671
ENT_024945,ent_e7bd317b1168
ENT_024946,ent_1ce1a137ff2e
ENT_024947,ent_01ef53329a3a
ENT_024948,ent_5726bb5db2be
ENT_024949,ent_4601be6009c0
ENT_024950,ent_8a83cfc3d184
ENT_024951,ent_5c67376e73cb
ENT_024952,ent_467a33668e45
ENT_024953,ent_30526f889912
ENT_024954,ent_5354fb20f52d
ENT_024955,ent_9d764438e6aa
ENT_024956,ent_039008066bef
ENT_024957,ent_0ff824f0e285
ENT_024958,ent_329ab0af1c3a
ENT_024959,ent_3d7e734acbc3
ENT_024960,ent_ecf2180e96d3
ENT_024961,ent_6fcee1ae2975
ENT_024962,ent_67c3812a3c6f
ENT_024963,ent_36e7924e7d44
ENT_024964,ent_340afa6035ca
ENT_024965,ent_9d82463ea437
ENT_024966,ent_ff28a407f53c
ENT_024967,ent_4f33cd12c14d
ENT_024968,ent_9b07881a875b
ENT_024969,ent_b262cf8bf3ce
ENT_024970,ent_94de6b187bbc
ENT_024971,ent_1f6a9e7ed2ae
ENT_024972,ent_b774e5b14374
ENT_024973,ent_a19da938c9a5
ENT_024974,ent_4c5a95946cab
ENT_024975,ent_101c6f703c03
ENT_024976,ent_58cbe88d1790
ENT_024977,ent_98c3df5ab839
ENT_024978,ent_78e01619d323
ENT_024979,ent_e46f5cfa6e13
ENT_024980,ent_979cf15d75db
ENT_024981,ent_2055e900311c
ENT_024982,ent_623c0e4c763f
ENT_024983,ent_efb972ac774f
ENT_024984,ent_142238ab6591
ENT_024985,ent_807b24e8cb01
ENT_024986,ent_374a02447190
ENT_024987,ent_f355104fedab
ENT_024988,ent_4666e4707c45
ENT_024989,ent_2e01fd729fd8
ENT_024990,ent_e764d6c11a97
ENT_024991,ent_d4fcde261d47
ENT_024992,ent_68febb428e6a
ENT_024993,ent_a6d5d8176938
ENT_024994,ent_a2f60894cbd8
ENT_024995,ent_e3402f077257
ENT_024996,ent_d4c9a96df909
ENT_024997,ent_5e58d52d89b0
ENT_024998,ent_291f1d8960d3
ENT_024999,ent_5e4e764580fb
ENT_025000,ent_bce9f67d5348
ENT_025001,ent_0e0f9896ef4e
ENT_025002,ent_2efeba21b6a5
ENT_025003,ent_faff47c92748
ENT_025004,ent_15cc95ca13bc
ENT_025005,ent_9c56d7fdf112
ENT_025006,ent_cf042d22e9ce
ENT_025007,ent_e4b11c2dc109
ENT_025008,ent_832db2b5b603
ENT_025009,ent_b6a37c43e816
ENT_025010,ent_bfa9f69f8946
ENT_025011,ent_9251ec754eb2
ENT_025012,ent_da5c8aa3bf7d
ENT_025013,ent_82cf166ebac1
ENT_025014,ent_79cfae68c3ea
ENT_025015,ent_d86cc59f19ec
ENT_025016,ent_706656804ef9
ENT_025017,ent_b5ed1a3bd269
ENT_025018,ent_e89bcbed8c57
ENT_025019,ent_7904e1396773
ENT_025020,ent_d0fc9d42c875
ENT_025021,ent_75148fdddf9b
ENT_025022,ent_9bbe0a08e4b0
ENT_025023,ent_c99cb445faf5
ENT_025024,ent_5305a3b03920
ENT_025025,ent_4ff5b23e5281
ENT_025026,ent_464286abb70e
ENT_025027,ent_37e33b169ade
ENT_025028,ent_853c2e73dbde
ENT_025029,ent_3284859b3ea5
ENT_025030,ent_941359000151
ENT_025031,ent_98b1bb79a36d
ENT_025032,ent_1aea79af9ef3
ENT_025033,ent_1452171bcb47
ENT_025034,ent_085e22e5fa0c
ENT_025035,ent_e4bbdb05f2a0
ENT_025036,ent_e427f4e4a46f
ENT_025037,ent_5d22d901f77a
ENT_025038,ent_b12d26564e5f
ENT_025039,ent_403554e3bd96
ENT_025040,ent_756df18a4451
ENT_025041,ent_d343954cc6b9
ENT_025042,ent_1831d903fc75
ENT_025043,ent_5b83cc075362
ENT_025044,ent_7f440e9c5bcf
ENT_025045,ent_9b0ed3ce8289
ENT_025046,ent_63b0ea4181f4
ENT_025047,ent_317172f13914
ENT_025048,ent_16d38a8df9d8
ENT_025049,ent_1104b0fbdc89
ENT_025050,ent_8ff30347e60f
ENT_025051,ent_a524a55b9eaf
ENT_025052,ent_d38bb41c7a09
ENT_025053,ent_18c5db8adffd
ENT_025054,ent_eae7b9eacd3b
ENT_025056,ent_b0a838567654
ENT_025057,ent_9e3500eb2489
ENT_025058,ent_4ee16cef54c7
ENT_025059,ent_5af2ca73fd69
ENT_025060,ent_3882cbf65614
ENT_025061,ent_fafd88cd9c7b
ENT_025062,ent_8e3658117f91
ENT_025063,ent_1b3dbaf91ec1
ENT_025064,ent_26a13f3bd771
ENT_025065,ent_3695256a453b
ENT_025066,ent_ceec53eb80fb
ENT_025067,ent_2ae08f2ce3d4
ENT_025068,ent_b14ba67b9285
ENT_025069,ent_1e51ce8dad3c
ENT_025070,ent_e1257aa3f3ba
ENT_025071,ent_d33474b9180f
ENT_025072,ent_d373c04384fd
ENT_025073,ent_850287e29d38
ENT_025074,ent_9c578defd3af
ENT_025075,ent_67415c855949
ENT_025076,ent_18fd90268535
ENT_025077,ent_ec87742f9309
ENT_025078,ent_878dccc5fe43
ENT_025079,ent_ca56f96ffb41
ENT_025080,ent_d97b5a0249ba
ENT_025081,ent_791283e55255
ENT_025082,ent_88b59dfdceb5
ENT_025083,ent_5897106aee0e
ENT_025084,ent_be298e0692e7
ENT_025085,ent_c6777d14a120
ENT_025086,ent_2172f279fdda
ENT_025088,ent_ba8a8e572959
ENT_025089,ent_1f194a87d2a4
ENT_025090,ent_bd4d352493f6
ENT_025091,ent_440bf82a5765
ENT_025092,ent_195cb5d03a84
ENT_025094,ent_cfffce7b2c91
ENT_025095,ent_b1ebd7f6692a
ENT_025097,ent_457250538330
ENT_025100,ent_2632bb04ce15
ENT_025105,ent_30281684345b
ENT_025107,ent_ac97a598bb53
ENT_025108,ent_e78dac319687
ENT_025110,ent_762aac72d792
ENT_025111,ent_aef108b00b9e
ENT_025112,ent_4666520c7bd8
ENT_025114,ent_77a7a26cb1e7
ENT_025118,ent_4c16a650d763
ENT_025119,ent_b413977d4d1e
ENT_025122,ent_66f29b9d911a
ENT_025124,ent_05d5330e5d10
ENT_025125,ent_a67d26e79eb1
ENT_025126,ent_49b11789aae2
ENT_025128,ent_6a891f371c16
ENT_025129,ent_60e863b314ea
ENT_025130,ent_1c10673c1299
ENT_025131,ent_b07d09c80ab0
ENT_025132,ent_69aef1af07a3
ENT_025133,ent_4a629aad60f6
ENT_025134,ent_a26dccb79724
ENT_025135,ent_fa033e61f4f7
ENT_025137,ent_86738b8c51c9
ENT_025138,ent_e41151d03f34
ENT_025139,ent_0035e4617c49
ENT_025140,ent_692e4b0bf129
ENT_025141,ent_9ccaa7ed7359
ENT_025142,ent_514224583f04
ENT_025143,ent_91d37a97ebe5
ENT_025145,ent_7eb0daa95595
ENT_025146,ent_5ba9bdc66ea2
ENT_025147,ent_b692e056bbdf
ENT_025148,ent_8f70fb15883b
ENT_025149,ent_e0b8ea10d0ec
ENT_025150,ent_8a51bc588cc0
ENT_025151,ent_1dd1d1559782
ENT_025153,ent_03bb16a1210c
ENT_025154,ent_fad4312f4af4
ENT_025155,ent_8b2a4d539c62
ENT_025156,ent_0b82f16048ec
ENT_025157,ent_725bb75c0e20
ENT_025158,ent_170f5391dfef
ENT_025159,ent_e1fb11af0353
ENT_025160,ent_7578ffb5f6b8
ENT_025163,ent_d6b184fe60a7
ENT_025164,ent_6204604963ed
ENT_025165,ent_9872efd3e972
ENT_025166,ent_277cf3e5c168
ENT_025167,ent_74b5d3c228eb
ENT_025168,ent_f9fe90cb2408
ENT_025169,ent_a5b8bb88adbc
ENT_025170,ent_b974adddbc94
ENT_025171,ent_6ddca89253b1
ENT_025172,ent_c478a1e3f771
ENT_025173,ent_7ac48a691770
ENT_025174,ent_c2fbd1acd0ab
ENT_025176,ent_b1a8223ee0b9
ENT_025177,ent_82b2f92af62d
ENT_025178,ent_81d3f953012c
ENT_025179,ent_3411eb738b9b
ENT_025182,ent_95aff208c399
ENT_025183,ent_d751ca75843b
ENT_025185,ent_e76dd29a6e7a
ENT_025188,ent_8326edf2aac6
ENT_025189,ent_d6077fc80f90
ENT_025190,ent_528e8d86546a
ENT_025192,ent_3092d69c408f
ENT_025193,ent_dcba3e76de72
ENT_025195,ent_b8dffda6eed8
ENT_025196,ent_5539a4c97696
ENT_025197,ent_e2c953125c09
ENT_025198,ent_9692af9d3426
ENT_025200,ent_b2c98e8ab318
ENT_025202,ent_c21482e1214f
ENT_025206,ent_b762099df6aa
ENT_025207,ent_a1c11b3a2779
ENT_025208,ent_90fc715ec319
ENT_025209,ent_c801c6fd78ee
ENT_025210,ent_43c037553186
ENT_025211,ent_ebb88b4ea2b5
ENT_025212,ent_048dc24603d8
ENT_025213,ent_195bd1f0b64f
ENT_025216,ent_3d831531a68c
ENT_025217,ent_c282ebb080b6
ENT_025219,ent_36aeb8c2c809
ENT_025220,ent_e7bc345cba6a
ENT_025221,ent_20747b010bf2
ENT_025222,ent_7f38dd3e0e4b
ENT_025225,ent_833cad52637d
ENT_025226,ent_96a0332b37dc
ENT_025227,ent_31fb69fadc98
ENT_025228,ent_029c995408d6
ENT_025229,ent_282524dc7e9e
ENT_025230,ent_503fdc22f0d6
ENT_025231,ent_80c40a35f987
ENT_025232,ent_f32d807d0d79
ENT_025234,ent_97e6692d11a9
ENT_025235,ent_7adb929b4060
ENT_025236,ent_17b1c2adf135
ENT_025237,ent_f8da790b5a81
ENT_025238,ent_420d18e23700
ENT_025240,ent_f92b67cc202b
ENT_025241,ent_2b62f6a3bc4b
ENT_025242,ent_e6169d1e2f38
ENT_025243,ent_2b2cf3678587
ENT_025244,ent_8f77132a5c9b
ENT_025245,ent_b033969f6f42
ENT_025246,ent_c14a917c7d63
ENT_025247,ent_408cee5b843b
ENT_025248,ent_0dacce6675d6
ENT_025249,ent_bffe4d7ab031
ENT_025250,ent_306b5c4191a9
ENT_025251,ent_8ec4cf43bf11
ENT_025252,ent_84be0a1cf80e
ENT_025253,ent_1ced15a3d904
ENT_025254,ent_5095e085af5c
ENT_025255,ent_8499c1b27274
ENT_025256,ent_09e0d37f2f65
ENT_025257,ent_346743e843cd
ENT_025258,ent_866f6d6e8e57
ENT_025259,ent_438683f6fd7b
ENT_025260,ent_1732c1f26a08
ENT_025261,ent_726e8885b970
ENT_025262,ent_cde39863fa4b
ENT_025263,ent_e8ca56ffd7dc
ENT_025264,ent_beca3b12cd8f
ENT_025265,ent_60c31c22f1a1
ENT_025266,ent_ed209ca2afca
ENT_025267,ent_9e23741d32f1
ENT_025268,ent_3d6f4d6c04ff
ENT_025269,ent_668eac697c77
ENT_025270,ent_81784e541dbb
ENT_025271,ent_2f7189d91768
ENT_025272,ent_30516618fbdf
ENT_025273,ent_f96200a40fa5
ENT_025274,ent_379d8ba7bfb1
ENT_025275,ent_76dfd377e935
ENT_025276,ent_fa834d2e7db5
ENT_025277,ent_d36b4ca8efb6
ENT_025278,ent_f809d4365551
ENT_025279,ent_1b9303c27008
ENT_025280,ent_cdd79b034b64
ENT_025281,ent_06ed35a7ce4f
ENT_025282,ent_f1b031c33a11
ENT_025285,ent_9c2408aed65e
ENT_025287,ent_27286791146c
ENT_025288,ent_dbabc83c339b
ENT_025289,ent_84d15ec2decc
ENT_025290,ent_1642b60303fa
ENT_025291,ent_d0ecdca974d4
ENT_025293,ent_778612c38579
ENT_025294,ent_2d1374edd5fb
ENT_025296,ent_9ea29d267450
ENT_025298,ent_3d97ee4b093a
ENT_025299,ent_7aa01b628551
ENT_025300,ent_c00fefac2317
ENT_025301,ent_2d897bb11b8e
ENT_025302,ent_e579a107aa48
ENT_025303,ent_9ddbd99c2d1d
ENT_025304,ent_5f25ad5f5b64
ENT_025305,ent_23399d6775b3
ENT_025306,ent_aea7b163aa22
ENT_025308,ent_306cdcf3caa8
ENT_025309,ent_e578957743e7
ENT_025310,ent_79bde08fe1f4
ENT_025311,ent_d2b0d34a7712
ENT_025312,ent_3f6b3076e01b
ENT_025313,ent_e5073431d33e
ENT_025314,ent_116ae81ccddc
ENT_025315,ent_65ee398827df
ENT_025317,ent_7b7834cc38d3
ENT_025318,ent_fcfe5c551b51
ENT_025319,ent_d404fe4b95be
ENT_025320,ent_81bbf1aa1124
ENT_025321,ent_1d58d0eed2e6
ENT_025322,ent_9d2b79ecd6a8
ENT_025323,ent_a8be0fce9fdc
ENT_025325,ent_4153df9b6ddc
ENT_025326,ent_a7af92045a87
ENT_025327,ent_ceced01d85e0
ENT_025328,ent_2465925c083d
ENT_025329,ent_b36f6b41f106
ENT_025330,ent_38ac4c585dc7
ENT_025331,ent_8708b66b72a9
ENT_025334,ent_aa1c5e7014ee
ENT_025335,ent_e37cef8fb2b8
ENT_025336,ent_3110256feae6
ENT_025337,ent_4d4142d7f0a7
ENT_025338,ent_25d8a1d93354
ENT_025342,ent_67ac58338caf
ENT_025343,ent_740cfa6da5f8
ENT_025344,ent_6c6dd26f4800
ENT_025346,ent_dbb5317ac240
ENT_025347,ent_0198abbacf78
ENT_025348,ent_8ab393384169
ENT_025351,ent_7205c94f763d
ENT_025352,ent_16dd83063ac5
ENT_025355,ent_d0bdfbc08e44
ENT_025356,ent_a02b5f97aed2
ENT_025357,ent_289fb7a248ca
ENT_025360,ent_756e47f4e2d5
ENT_025361,ent_56b75cacf3e1
ENT_025362,ent_109a8818a8b6
ENT_025363,ent_7c0e66f8448c
ENT_025365,ent_acacb25efbdf
ENT_025368,ent_df1c093c83ca
ENT_025369,ent_6a509a2330ce
ENT_025370,ent_d15520799e22
ENT_025372,ent_bb09ea5c9428
ENT_025374,ent_468d21e48f34
ENT_025378,ent_1b775fbf0069
ENT_025379,ent_bf9d480b5c24
ENT_025381,ent_9bad428d909e
ENT_025385,ent_b4a814443bb8
ENT_025386,ent_6bcf2694cdee
ENT_025387,ent_3c5df6e4a7da
ENT_025388,ent_1d522df13cb1
ENT_025389,ent_90664fd2fd4e
ENT_025390,ent_48e6caf2c8bb
ENT_025392,ent_1867000da163
ENT_025397,ent_7df2706c5f9f
ENT_025399,ent_e66007a406c0
ENT_025400,ent_fe451a8b2a15
ENT_025405,ent_98dc85c798b9
ENT_025409,ent_aa0009e9f3f9
ENT_025411,ent_46de5e5c6700
ENT_025414,ent_871d982f8011
ENT_025421,ent_da8bc2676236
ENT_025424,ent_8862dbe5afec
ENT_025425,ent_8585d3bf8f6d
ENT_025426,ent_b4e1fe3bab68
ENT_025429,ent_c13a9e055c3a
ENT_025433,ent_34b49792bbe5
ENT_025434,ent_dd262fd917f5
ENT_025435,ent_384c569bca5a
ENT_025436,ent_93aee4e16587
ENT_025437,ent_8040e5b110b3
ENT_025438,ent_b964ec1c098a
ENT_025439,ent_cadd60469151
ENT_025440,ent_1505e180510e
ENT_025441,ent_8173d93a72ff
ENT_025442,ent_1b43ddf50d16
ENT_025443,ent_f8e9113c6005
ENT_025444,ent_027377b859fe
ENT_025445,ent_af8db455cac8
ENT_025446,ent_6f1113f1e091
ENT_025448,ent_afb48baf24d0
ENT_025449,ent_62ae2c251192
ENT_025450,ent_8120fb52b482
ENT_025451,ent_308904396cbb
ENT_025452,ent_3435256b79b6
ENT_025453,ent_f7779de74b6e
ENT_025454,ent_7997db91e946
ENT_025455,ent_ea36fe6c50bc
ENT_025456,ent_371e4acd960b
ENT_025457,ent_41329103bb21
ENT_025458,ent_4e0c60207329
ENT_025459,ent_e15776273923
ENT_025460,ent_ca465889a175
ENT_025461,ent_22a3c61c4f58
ENT_025462,ent_8f162d9a6aab
ENT_025463,ent_92370ed82853
ENT_025464,ent_23f7d244ae4d
ENT_025465,ent_6f8236c9569d
ENT_025466,ent_51d626f16d60
ENT_025467,ent_64cf242043a6
ENT_025468,ent_9459b793352e
ENT_025469,ent_d1905779a056
ENT_025470,ent_2a45f819cc3b
ENT_025471,ent_4b5554263545
ENT_025472,ent_98e3437f94ca
ENT_025473,ent_c6c6862c81e6
ENT_025474,ent_076bd03fa7ab
ENT_025476,ent_4c853332c14f
ENT_025477,ent_020d9a6edb7d
ENT_025478,ent_43500611d6ef
ENT_025479,ent_becf2222755f
ENT_025480,ent_1a40e3c025e2
ENT_025481,ent_c9a6f5854a18
ENT_025482,ent_1386343a7242
ENT_025483,ent_f2916d358f4d
ENT_025484,ent_b02d6d615339
ENT_025487,ent_99f45f1bb380
ENT_025488,ent_3671306644bf
ENT_025495,ent_9ec2334ce4ab
ENT_025498,ent_345d437751d6
ENT_025499,ent_804e34395009
ENT_025500,ent_716d5d805cee
ENT_025501,ent_43c77ce895bf
ENT_025502,ent_e9c3d94210be
ENT_025503,ent_69201649f173
ENT_025505,ent_b8c1da0935b6
ENT_025506,ent_72db9bfa7f15
ENT_025507,ent_5bf62a11ab53
ENT_025508,ent_b6dfec30a677
ENT_025509,ent_14073a9c3d24
ENT_025510,ent_d6a62e114d33
ENT_025511,ent_e9355afa00f9
ENT_025512,ent_e7ff3c63991f
ENT_025514,ent_ccd19553f49d
ENT_025516,ent_b46a4ae25c6b
ENT_025518,ent_875bb57b360c
ENT_025521,ent_de55b32b2424
ENT_025523,ent_4f422f943af0
ENT_025524,ent_8450b4af2019
ENT_025525,ent_27dbe2900ff4
ENT_025527,ent_f0472188e2aa
ENT_025528,ent_fa6f8dbeda99
ENT_025529,ent_d451a44fc4f7
ENT_025530,ent_6c9284c0ccc3
ENT_025531,ent_a1e49cb6fcf4
ENT_025532,ent_b6fba086027a
ENT_025533,ent_06571229f5f8
ENT_025534,ent_03660c8a3834
ENT_025535,ent_32497618128a
ENT_025536,ent_159caec351b8
ENT_025537,ent_57cfcdd433b0
ENT_025539,ent_4ab46ddfa04d
ENT_025541,ent_f34c113fd794
ENT_025542,ent_461556b05a4c
ENT_025543,ent_2566b16f5598
ENT_025545,ent_f48061d7ed95
ENT_025548,ent_1a8f3febbbb1
ENT_025549,ent_ec864febeba8
ENT_025550,ent_53400f307034
ENT_025551,ent_84d58ad44749
ENT_025552,ent_dbe1fccdd91e
ENT_025553,ent_094f9c35110d
ENT_025555,ent_65f8c34a1cf5
ENT_025556,ent_c3a684aedef3
ENT_025557,ent_680921aad7bc
ENT_025558,ent_fd57ea30dd96
ENT_025561,ent_8a6d78640762
ENT_025562,ent_0a284a95374c
ENT_025563,ent_8c43b8aed317
ENT_025564,ent_4d285cb7128a
ENT_025565,ent_6ed6a9511464
ENT_025566,ent_10001a0bddab
ENT_025567,ent_e01381becf86
ENT_025568,ent_c4b6169d5141
ENT_025569,ent_bcf501d27036
ENT_025570,ent_5e3aedd48245
ENT_025572,ent_238a27ae3399
ENT_025573,ent_b50c5fb2209e
ENT_025574,ent_1e4251b1cdfd
ENT_025575,ent_baeb8783c138
ENT_025576,ent_9d97f410bc6f
ENT_025578,ent_d9d084b78846
ENT_025579,ent_b82b44a71478
ENT_025580,ent_0023048ddb1d
ENT_025581,ent_ec24076240d4
ENT_025582,ent_f113ed808987
ENT_025583,ent_0e7df9852a33
ENT_025585,ent_13feb1c3394e
ENT_025587,ent_1002c39f20b4
ENT_025592,ent_752e2bfecbd6
ENT_025593,ent_6be7e976e1ef
ENT_025599,ent_90d4b5bffcbc
ENT_025601,ent_71ad7e38061b
ENT_025602,ent_18720eb9514f
ENT_025603,ent_b08fb9152dad
ENT_025604,ent_c627fab6e701
ENT_025605,ent_5333b1f0bb44
ENT_025606,ent_a4c2c10b3680
ENT_025607,ent_e83b8d1b2ecb
ENT_025608,ent_5bdffba55e45
ENT_025609,ent_0e39d563622b
ENT_025610,ent_84955791e444
ENT_025611,ent_7e999975258b
ENT_025612,ent_bc39229a5042
ENT_025613,ent_cacaaae3887d
ENT_025614,ent_aa33c65f3726
ENT_025615,ent_be265bccb611
ENT_025616,ent_d7fdc9142f3d
ENT_025619,ent_b98d4705ad74
ENT_025620,ent_1558c6cef7d3
ENT_025621,ent_799f614c53aa
ENT_025622,ent_275d60fad7b0
ENT_025624,ent_80bb7840de1d
ENT_025626,ent_3e51b6236ba7
ENT_025628,ent_3af5fb16d997
ENT_025630,ent_dc4c1a3c49b1
ENT_025634,ent_56efbd40301e
ENT_025635,ent_8905f02030fe
ENT_025637,ent_bd8fae1104a9
ENT_025639,ent_1f3836e8396f
ENT_025640,ent_72459b3ed053
ENT_025641,ent_2a52c5785b2b
ENT_025642,ent_f1eea80b7049
ENT_025644,ent_5a7079dc7c1c
ENT_025649,ent_5761c4acbfc9
ENT_025652,ent_9774c004ff11
ENT_025653,ent_2b4abc181b95
ENT_025658,ent_840aab26395b
ENT_025659,ent_ffeb38a1d807
ENT_025662,ent_ae1b769a898f
ENT_025663,ent_015ec3c7a381
ENT_025664,ent_1059ba5bd719
ENT_025665,ent_e57e17a64a2f
ENT_025667,ent_79e67f187670
ENT_025668,ent_680e4c46aebe
ENT_025672,ent_ccfd1217dc5b
ENT_025673,ent_fbb46c6ac772
ENT_025674,ent_cd46b8ff8bbf
ENT_025675,ent_71eb644fa5f9
ENT_025676,ent_6aeda2e5a859
ENT_025677,ent_bc79023ac3f0
ENT_025678,ent_194f8fbc5add
ENT_025679,ent_31e3835f4e76
ENT_025680,ent_7adc08e5ac65
ENT_025683,ent_e23c6c40b9e3
ENT_025685,ent_c1dffaafe76d
ENT_025686,ent_2ac0bef4b03e
ENT_025687,ent_66a842a83238
ENT_025688,ent_59739e05c9e6
ENT_025689,ent_9b8a1cc09171
ENT_025690,ent_6f3a29d09c2e
ENT_025691,ent_2076e684f4ca
ENT_025692,ent_c18a37e6ffbe
ENT_025693,ent_9aae47980c52
ENT_025694,ent_3880da3cb8e6
ENT_025696,ent_d382fb4d9ebf
ENT_025697,ent_95d1100f21e1
ENT_025698,ent_6f14e930aeed
ENT_025699,ent_68647625ccbe
ENT_025700,ent_820703c81c34
ENT_025701,ent_350169da2ff0
ENT_025702,ent_9caefda79aaf
ENT_025703,ent_48e94562da4f
ENT_025704,ent_5c55ec9c9fa3
ENT_025705,ent_2e23dcda59a6
ENT_025706,ent_0f4369df09c8
ENT_025707,ent_979b90ed25da
ENT_025709,ent_a7dedf632b8d
ENT_025711,ent_725730b83188
ENT_025712,ent_eff834b6f7ef
ENT_025713,ent_021abaab868a
ENT_025715,ent_5903a7a9ed37
ENT_025716,ent_467b369fde24
ENT_025717,ent_c0cca234bcb7
ENT_025718,ent_9f84b197e434
ENT_025719,ent_df6916ce0842
ENT_025720,ent_453244f3e7d8
ENT_025721,ent_f155a9fb031f
ENT_025722,ent_2a39efb08a58
ENT_025723,ent_18a94a805ae1
ENT_025725,ent_7e4358db6c71
ENT_025726,ent_314b6ca1db06
ENT_025727,ent_3c575ad711fd
ENT_025728,ent_fe70e208da25
ENT_025729,ent_c5a84cf471ed
ENT_025730,ent_e1be2203a4db
ENT_025731,ent_5828ca09106b
ENT_025733,ent_6dea1d5da8a2
ENT_025734,ent_11d660c7bd60
ENT_025735,ent_b0be37c2e372
ENT_025736,ent_d180901d5ca6
ENT_025738,ent_11ef35202ff1
ENT_025739,ent_54f801979ae2
ENT_025740,ent_c953926ad0d2
ENT_025741,ent_72e411b8e094
ENT_025742,ent_c760b54a4d0c
ENT_025743,ent_d4a1ee616c36
ENT_025744,ent_20e2e5b5f2db
ENT_025745,ent_cbe4e090069b
ENT_025747,ent_1875c028c6b2
ENT_025749,ent_62518c9e8516
ENT_025750,ent_232bf08657c3
ENT_025751,ent_8b8d3df842d4
ENT_025753,ent_07cea48df857
ENT_025754,ent_a311fa1b0852
ENT_025756,ent_a1375bbd30e5
ENT_025757,ent_84d499adfae6
ENT_025758,ent_cf8f691c4126
ENT_025759,ent_e0cab138e3a7
ENT_025760,ent_5ba9e9e7ad44
ENT_025761,ent_ec6037e0f870
ENT_025762,ent_8bea4abe1971
ENT_025763,ent_5b84d7b66a8a
ENT_025764,ent_1c45e7962fd9
ENT_025765,ent_8c780dd86dca
ENT_025766,ent_de171a5f5b51
ENT_025767,ent_fe0a6c1c6efd
ENT_025768,ent_78070fb95946
ENT_025769,ent_6ba6417f2305
ENT_025770,ent_a67c8a97ed77
ENT_025771,ent_fa9b1e0adf9b
ENT_025772,ent_58a6f800b78c
ENT_025773,ent_dfa48cb5ce07
ENT_025774,ent_07730a18b3d3
ENT_025775,ent_ca70b0561d7b
ENT_025776,ent_5d0cb20c2f35
ENT_025777,ent_2d3c62ff9740
ENT_025778,ent_141269264324
ENT_025779,ent_e0e0d26af4d6
ENT_025780,ent_fe183e03587c
ENT_025781,ent_b7cc0640380f
ENT_025782,ent_5b4c9e701eda
ENT_025784,ent_897fa07c2404
ENT_025785,ent_c045301f2537
ENT_025786,ent_cb39329cb79b
ENT_025787,ent_200dabd90b70
ENT_025788,ent_fd03a915feac
ENT_025791,ent_d294d23e07e9
ENT_025793,ent_240434509e6b
ENT_025796,ent_df3653a4576a
ENT_025798,ent_95de3d3768ed
ENT_025799,ent_30fda4801c8b
ENT_025800,ent_0007d754c433
ENT_025801,ent_d27e686cb959
ENT_025802,ent_ef805a964cd4
ENT_025803,ent_bb99ced4df6f
ENT_025804,ent_bf722c3af006
ENT_025805,ent_ac821ac5f44d
ENT_025806,ent_ba8813a33cc5
ENT_025807,ent_2d7bee37f0bc
ENT_025808,ent_16938a46d391
ENT_025809,ent_207577162d12
ENT_025810,ent_849639a53d47
ENT_025811,ent_86d5155bc000
ENT_025812,ent_3d72a362e5bd
ENT_025813,ent_25634d552a53
ENT_025814,ent_9f5124d6da3c
ENT_025815,ent_8eed4f7e8a82
ENT_025817,ent_0f05b7a8acc1
ENT_025818,ent_e63b1825b412
ENT_025819,ent_3cb2afcfe92c
ENT_025820,ent_c9169e1c3505
ENT_025821,ent_86aafdc24e19
ENT_025822,ent_d7b49abf7006
ENT_025823,ent_a71ba3a78bfb
ENT_025824,ent_01ec7a30b323
ENT_025826,ent_71fa9db1e44b
ENT_025827,ent_fc4268ec0bdf
ENT_025828,ent_efddfac04072
ENT_025830,ent_cad7a28cc502
ENT_025833,ent_2170088abe20
ENT_025838,ent_e2fe129526e8
ENT_025840,ent_2f1a30d5028d
ENT_025841,ent_d455972c7bcc
ENT_025842,ent_b6504d08eeed
ENT_025844,ent_2825e6eb623a
ENT_025846,ent_05153b2620ed
ENT_025849,ent_6f9764bc07bb
ENT_025852,ent_64f6d2277575
ENT_025853,ent_77a74e0d0e2a
ENT_025854,ent_fb44f2921317
ENT_025859,ent_255c04d71f65
ENT_025861,ent_dc51befe169d
ENT_025863,ent_cddfb22d2d79
ENT_025865,ent_680463596396
ENT_025868,ent_2285bf666539
ENT_025870,ent_9234dbbdf8d0
ENT_025871,ent_b4db802f3c96
ENT_025872,ent_f9ee497b0c99
ENT_025874,ent_677a2d4fa11f
ENT_025876,ent_eb12f7ac883e
ENT_025877,ent_c7cd082266f6
ENT_025878,ent_b2ff67bd7d85
ENT_025880,ent_ee98a0f20823
ENT_025881,ent_1b4a51fd2008
ENT_025883,ent_4cabe0aecfcd
ENT_025884,ent_52f9d592e2cb
ENT_025887,ent_0a814df61ee6
ENT_025889,ent_ab1469385e5d
ENT_025890,ent_ec2ccf554471
ENT_025892,ent_d6f8f1c89f9e
ENT_025895,ent_db9c13a3d76c
ENT_025896,ent_e6497403e319
ENT_025897,ent_94de8d7afb32
ENT_025898,ent_fa4946711caf
ENT_025899,ent_11fd591a3b32
ENT_025900,ent_cd7635d4f014
ENT_025901,ent_7de756702f8f
ENT_025902,ent_67ba027fccd4
ENT_025903,ent_8b318bea19de
ENT_025904,ent_1a804f2f0876
ENT_025905,ent_8af9d29d58e3
ENT_025906,ent_daeb1a66cebc
ENT_025907,ent_68bd771555ce
ENT_025908,ent_c287e430a12b
ENT_025909,ent_c59d3fe37f74
ENT_025910,ent_3ff14ba45948
ENT_025911,ent_dc912fe7ab6d
ENT_025912,ent_2788e29ab7b0
ENT_025913,ent_c6cacd22df43
ENT_025914,ent_ee259101fc27
ENT_025915,ent_24dc0957b362
ENT_025916,ent_4227217784c7
ENT_025917,ent_f132d6f62c67
ENT_025918,ent_893d9fbcdcc9
ENT_025919,ent_b0ee52cb2f20
ENT_025920,ent_33afd9bc83fa
ENT_025921,ent_a7313a33beb8
ENT_025922,ent_e7281c5b8013
ENT_025923,ent_cc316d6ce3ab
ENT_025924,ent_3afc2700b7b8
ENT_025925,ent_2d0c45de3a9f
ENT_025926,ent_590b9d33aa52
ENT_025927,ent_afffe93f843a
ENT_025928,ent_578b14ead2e5
ENT_025929,ent_e1e722a4b506
ENT_025930,ent_9929daeb6a72
ENT_025931,ent_e4011158f472
ENT_025932,ent_c4374b22b8d4
ENT_025933,ent_c828081c33b8
ENT_025934,ent_0815e9b413e0
ENT_025935,ent_a6890bef05bd
ENT_025936,ent_799ef2aab162
ENT_025937,ent_8d61630da5ed
ENT_025938,ent_d647d8f4890b
ENT_025939,ent_f998be6a9c13
ENT_025940,ent_17e330f6c0ea
ENT_025941,ent_3d3469b33106
ENT_025942,ent_c4f0555b47ea
ENT_025946,ent_056db826df84
ENT_025948,ent_6a469ff7b17c
ENT_025949,ent_fa808d15c0bd
ENT_025951,ent_d5c5060bc8a3
ENT_025953,ent_2fd5801e7ca3
ENT_025954,ent_df16e4b7568a
ENT_025956,ent_f15f2b3be418
ENT_025958,ent_da713cb901ab
ENT_025959,ent_01fb4736fae5
ENT_025960,ent_3e7f6a60f6e8
ENT_025961,ent_da53138b8ee7
ENT_025962,ent_4e353bc33d36
ENT_025963,ent_e1e26585939e
ENT_025964,ent_bcd0e1c5f4f8
ENT_025967,ent_5fc974fb1f90
ENT_025968,ent_e910aa4e6c5a
ENT_025969,ent_cc989b240016
ENT_025972,ent_a03415e87c84
ENT_025975,ent_018134901a18
ENT_025980,ent_acce267587a6
ENT_025981,ent_6cdd5777cc4d
ENT_025983,ent_29a7cac176b7
ENT_025985,ent_93bcc8829ec2
ENT_025988,ent_53a8bae5dda0
ENT_025989,ent_2271c5a45dc8
ENT_025990,ent_1448fa9410d8
ENT_025991,ent_f8df2d6e2b95
ENT_025993,ent_f2174e078cbe
ENT_025994,ent_63b8f0ed08d1
ENT_025995,ent_fccd213d5c0c
ENT_025996,ent_675f5f4511f8
ENT_025997,ent_195076d4dd09
ENT_025999,ent_68169f33163c
ENT_026000,ent_d4417435029a
ENT_026002,ent_bcc7de74a715
ENT_026004,ent_1a1876540a83
ENT_026008,ent_2e0a6c68535f
ENT_026009,ent_d529e487bb31
ENT_026010,ent_9d7c7a42145c
ENT_026011,ent_960087dcd99b
ENT_026012,ent_24b8729833e0
ENT_026013,ent_af3095185d0a
ENT_026014,ent_a6b483db300d
ENT_026015,ent_5c8aafe1b2c8
ENT_026016,ent_dff2407c1278
ENT_026018,ent_38a580804d47
ENT_026020,ent_b68cef1ced71
ENT_026021,ent_07fdd8d2c970
ENT_026022,ent_c76c83089fe5
ENT_026023,ent_4487b0aed3da
ENT_026026,ent_f4270c841e6c
ENT_026027,ent_299560455109
ENT_026028,ent_2013d3b58ed5
ENT_026029,ent_1e70918ae1e1
ENT_026031,ent_acbd2ba9d59b
ENT_026032,ent_e7792fe77006
ENT_026033,ent_aa10a0d81d90
ENT_026034,ent_6127528fbc86
ENT_026035,ent_cdc8cf4292a9
ENT_026036,ent_7cafd1b7ddd6
ENT_026037,ent_a54424a5dc9a
ENT_026038,ent_801c2b883419
ENT_026039,ent_c43e1cf6f6ae
ENT_026042,ent_022ee074b8a1
ENT_026044,ent_e0c5377e764a
ENT_026045,ent_7516b35b1130
ENT_026047,ent_4a95ebbf3e79
ENT_026048,ent_c12aac06937f
ENT_026049,ent_e9f27432c1d4
ENT_026050,ent_1154c4e6d850
ENT_026051,ent_156b16562cdf
ENT_026052,ent_6563d867e023
ENT_026053,ent_aa578addc8cc
ENT_026055,ent_8b3097afaa05
ENT_026056,ent_08bfe853d808
ENT_026060,ent_0fa9865cc49a
ENT_026066,ent_6cb433ed102c
ENT_026067,ent_77f36ed47601
ENT_026068,ent_6b8ea6c394dd
ENT_026070,ent_1bea28df3edf
ENT_026073,ent_2f3393d3579b
ENT_026076,ent_a62777060514
ENT_026079,ent_6ee61911fa80
ENT_026080,ent_e5ec5d07a8d7
ENT_026081,ent_9deff8e51833
ENT_026082,ent_9d9a67883723
ENT_026083,ent_4b69afc926d8
ENT_026084,ent_c7b379f17249
ENT_026086,ent_bbf8117c6589
ENT_026087,ent_dea857ff2344
ENT_026088,ent_52a5ae62c7bf
ENT_026089,ent_e3c44c2bbfba
ENT_026090,ent_d8ff023ac6e9
ENT_026091,ent_dda222cb27ed
ENT_026092,ent_21e9f351459a
ENT_026093,ent_f1d0c3c09c2a
ENT_026094,ent_6db211c17257
ENT_026095,ent_f8530d35ac59
ENT_026096,ent_61ea8be9dca6
ENT_026098,ent_745198d26818
ENT_026099,ent_4af3614e39c2
ENT_026101,ent_4bdcfcc1fbe3
ENT_026102,ent_dcbb78e0ce64
ENT_026104,ent_e598b91008fa
ENT_026105,ent_b966671d78a7
ENT_026107,ent_5520a19a8331
ENT_026108,ent_a6c1b6e7393b
ENT_026109,ent_d84c63ef2fd1
ENT_026111,ent_7a5dcd68e2d1
ENT_026112,ent_39226753da16
ENT_026113,ent_876a4a231ef4
ENT_026118,ent_6c39f1c4aa25
ENT_026122,ent_dc9bf79eedb6
ENT_026123,ent_b5df9e1432d3
ENT_026124,ent_18445c74e229
ENT_026126,ent_820c5a45bd6d
ENT_026128,ent_42654bb5b21c
ENT_026129,ent_f5ab5e3dcc0a
ENT_026130,ent_9e35451b78c8
ENT_026131,ent_2acd3028d58d
ENT_026132,ent_fe9041116275
ENT_026133,ent_030ff18f902d
ENT_026134,ent_b8182d7f4463
ENT_026135,ent_5ca0fdac5e62
ENT_026136,ent_aa8d0983937b
ENT_026137,ent_27e04e7385c0
ENT_026138,ent_b2203be5c001
ENT_026139,ent_1ae204a168a2
ENT_026140,ent_fbb05428789f
ENT_026141,ent_08c23d8a91eb
ENT_026142,ent_807c716e889d
ENT_026143,ent_a03cb724a4ff
ENT_026144,ent_637cd9fdadf1
ENT_026145,ent_d7c32e978c77
ENT_026146,ent_6b1120453752
ENT_026147,ent_dcdeb572bf49
ENT_026148,ent_3663f5ddfc50
ENT_026152,ent_82a70090331c
ENT_026156,ent_6d74c06409d7
ENT_026157,ent_287a574a8d4e
ENT_026158,ent_a5eae8236580
ENT_026159,ent_7a008b33d952
ENT_026160,ent_4827927eca56
ENT_026161,ent_fb3d3a52ba42
ENT_026162,ent_96529356e07c
ENT_026165,ent_c153e05e7b6e
ENT_026166,ent_67e13c83c33d
ENT_026168,ent_167b50044e76
ENT_026169,ent_8576f79a2c5a
ENT_026170,ent_770d5e928652
ENT_026171,ent_d142e097d2ef
ENT_026174,ent_a3ef856d9cd8
ENT_026176,ent_d8ed1594a2e4
ENT_026177,ent_39d252eb7d9d
ENT_026179,ent_5b4eaefd2740
ENT_026180,ent_da76fc6adaa5
ENT_026182,ent_96e6f8754d83
ENT_026183,ent_f2387ac9cf70
ENT_026184,ent_378f9946c693
ENT_026185,ent_3a39bf36ee43
ENT_026186,ent_b7654f08c0c9
ENT_026187,ent_9a058effc611
ENT_026188,ent_e8f1044c94a4
ENT_026190,ent_90d90250ea06
ENT_026191,ent_e001f33a4528
ENT_026195,ent_8f49484005ca
ENT_026196,ent_1e4296ceaeb1
ENT_026197,ent_94c8c36f787d
ENT_026198,ent_247ec528bac0
ENT_026203,ent_0dcd9a3ca550
ENT_026206,ent_f8e33862cfca
ENT_026208,ent_2133bb2b9e50
ENT_026212,ent_bfefc1a84da6
ENT_026215,ent_170b5d5d187c
ENT_026216,ent_1e1259832d1d
ENT_026217,ent_4086e702a43d
ENT_026218,ent_6a41469027f4
ENT_026219,ent_4abe0ee74379
ENT_026221,ent_34e361ede9da
ENT_026222,ent_c6fa474026c1
ENT_026223,ent_acc9555f9bea
ENT_026224,ent_c11364cbfd9f
ENT_026225,ent_2339fcf5be46
ENT_026226,ent_238a87af2dcc
ENT_026227,ent_59164506e99d
ENT_026229,ent_9541d90b99f5
ENT_026230,ent_bed600345782
ENT_026232,ent_43cda4766fea
ENT_026233,ent_126a41c925cc
ENT_026234,ent_8f1d4fc9d1c4
ENT_026235,ent_c2bdca6ab8c0
ENT_026236,ent_15eecae100fd
ENT_026238,ent_939ffc5324ee
ENT_026239,ent_cb7f98f67272
ENT_026240,ent_15e0388bd0f7
ENT_026242,ent_f215effc4039
ENT_026244,ent_c766879c0c7a
ENT_026245,ent_f024cf3d57ee
ENT_026246,ent_9abe8b5c2d0f
ENT_026247,ent_480e82f34bf6
ENT_026248,ent_891f115647bb
ENT_026249,ent_fa2c43e628f8
ENT_026250,ent_7b1445661808
ENT_026251,ent_c800cfcfedb3
ENT_026252,ent_63647b48108b
ENT_026255,ent_4fd7a72abbdd
ENT_026257,ent_d33b336f59d4
ENT_026258,ent_2320b0ce8fa3
ENT_026259,ent_446cd84bdc55
ENT_026262,ent_a348bc6b701a
ENT_026263,ent_c70796743d51
ENT_026264,ent_5e19c1c1df52
ENT_026267,ent_d4f71b17cba6
ENT_026268,ent_58deaaf1cec7
ENT_026269,ent_c1ccd0754010
ENT_026271,ent_61362b628421
ENT_026273,ent_45c07090a36e
ENT_026274,ent_3ab60b36bd3d
ENT_026275,ent_e6c5a05febd9
ENT_026276,ent_84e094311a97
ENT_026277,ent_3e55528a5639
ENT_026280,ent_0fefd673a209
ENT_026281,ent_30c141a6752b
ENT_026282,ent_a31e043e2f2c
ENT_026283,ent_7938255e3984
ENT_026287,ent_e382346226be
ENT_026288,ent_3ff5f38f43ed
ENT_026289,ent_62ae92c0bf3d
ENT_026290,ent_de61bcdd20b8
ENT_026291,ent_8fcfc2c5dd41
ENT_026292,ent_d45b986b0124
ENT_026293,ent_497a377d6072
ENT_026294,ent_c277c95d6bd4
ENT_026296,ent_2371dfd03181
ENT_026297,ent_fca0475c36b6
ENT_026298,ent_4774e8dbde07
ENT_026299,ent_2bfd25aaf48f
ENT_026300,ent_216238bd5c4c
ENT_026301,ent_96a12b3dfd64
ENT_026302,ent_fb9009c2b37f
ENT_026303,ent_993aec4f06da
ENT_026304,ent_95aa9783b2fc
ENT_026305,ent_86fdb0b4722d
ENT_026306,ent_7f1b223aaa4c
ENT_026307,ent_8a71bd3c3694
ENT_026308,ent_ce47a3061f00
ENT_026309,ent_13f6fd736fa3
ENT_026310,ent_2af02b9b97a6
ENT_026311,ent_4293ad9e01fa
ENT_026312,ent_b18b20a83f0d
ENT_026313,ent_0a11b4ebf5b4
ENT_026314,ent_88dc44f0915d
ENT_026315,ent_eeb8348c00d7
ENT_026316,ent_ab3549a807c5
ENT_026317,ent_10759a2b13aa
ENT_026319,ent_3812b9c38833
ENT_026320,ent_0737168720f0
ENT_026322,ent_614373d23115
ENT_026323,ent_37ed17e01142
ENT_026325,ent_2bb42cd8341f
ENT_026326,ent_eed50895d50b
ENT_026327,ent_0542f87a2a73
ENT_026328,ent_c172237e4c40
ENT_026330,ent_8ca580f09557
ENT_026331,ent_7c67aa65fd67
ENT_026333,ent_6e5e70a16d02
ENT_026336,ent_9bbba54b8dd2
ENT_026338,ent_b14a5c5489cd
ENT_026340,ent_fe7508052ba0
ENT_026341,ent_4fb8d09ae94c
ENT_026342,ent_ba3951c57744
ENT_026343,ent_b4310089d7e6
ENT_026344,ent_a146190bef32
ENT_026345,ent_e265ca1a8db0
ENT_026346,ent_f3f20d04ac35
ENT_026347,ent_47d49e8c68a0
ENT_026348,ent_f8dbef10f2e7
ENT_026349,ent_e2e035f10bb7
ENT_026350,ent_058b5793fa49
ENT_026351,ent_2776d296db38
ENT_026352,ent_9a2beb46a1cd
ENT_026353,ent_6e2c87f6373a
ENT_026354,ent_b3396f86fa69
ENT_026355,ent_71ca85a745d4
ENT_026356,ent_e55bc998e1c5
ENT_026357,ent_0aede5d4029e
ENT_026358,ent_70cc7df2c510
ENT_026361,ent_fa2413ac83f9
ENT_026362,ent_02febb843e69
ENT_026366,ent_5b6578eb5c06
ENT_026368,ent_f6294bb6dbd4
ENT_026369,ent_7ea90860a044
ENT_026370,ent_1c75999221fc
ENT_026371,ent_8b063c82904b
ENT_026372,ent_5975b43715b2
ENT_026373,ent_a118312a6350
ENT_026375,ent_828ee7a15925
ENT_026377,ent_b10cae19c27f
ENT_026378,ent_c5d8133c62d0
ENT_026379,ent_83d38c54ec75
ENT_026380,ent_14c72ca8b430
ENT_026381,ent_a1805abba23f
ENT_026382,ent_09a6fdcf499e
ENT_026383,ent_b8a7d875b124
ENT_026384,ent_f60d8ec86397
ENT_026385,ent_ccbdc77e154f
ENT_026386,ent_f1df948bebfc
ENT_026387,ent_42124a63efba
ENT_026389,ent_1394da0832ad
ENT_026390,ent_785b6b1e01aa
ENT_026392,ent_b2c3619908a7
ENT_026393,ent_417dccdda240
ENT_026394,ent_24616b0baba6
ENT_026395,ent_63131e4cd669
ENT_026396,ent_39295e40a688
ENT_026398,ent_e66c746243a4
ENT_026399,ent_127a9e872a77
ENT_026400,ent_7a80868f1ef1
ENT_026401,ent_3497d3465aa3
ENT_026402,ent_18866c792c95
ENT_026404,ent_19a2ad656635
ENT_026406,ent_5c58e0b881bc
ENT_026407,ent_6057a2bcfdd5
ENT_026408,ent_3f21a2521774
ENT_026412,ent_470dcac100d0
ENT_026413,ent_71be32ccb48f
ENT_026417,ent_30b16da56365
ENT_026419,ent_23f81a1db164
ENT_026420,ent_15531a564797
ENT_026421,ent_f07c705955e0
ENT_026422,ent_2ae1eb7917c5
ENT_026424,ent_3f3744550f80
ENT_026425,ent_09f6cb038831
ENT_026426,ent_f5f2d496c1e4
ENT_026427,ent_59cf39bf871e
ENT_026429,ent_464d46d565cf
ENT_026430,ent_9a5eacb3525d
ENT_026432,ent_63b1f9022e34
ENT_026433,ent_c2f68138a6da
ENT_026435,ent_2f63ec004f3f
ENT_026437,ent_b89bdb5c0702
ENT_026438,ent_5e03c20d40cf
ENT_026439,ent_683f0c47c53c
ENT_026440,ent_9504d93f300e
ENT_026442,ent_e7bafa67847d
ENT_026443,ent_354efefe50c2
ENT_026444,ent_00a6e06b4ce7
ENT_026445,ent_4d71a423703e
ENT_026447,ent_9c67244b584b
ENT_026448,ent_90e1170282d4
ENT_026450,ent_d22d48353f1d
ENT_026451,ent_569a28e490e3
ENT_026452,ent_0e76ea2d94d6
ENT_026453,ent_427e311db692
ENT_026454,ent_a47b4f950727
ENT_026455,ent_f64ca7bc4788
ENT_026456,ent_c7a85a5d2c82
ENT_026457,ent_7cbcd306c69d
ENT_026458,ent_0635df870e55
ENT_026459,ent_d371115c4fbf
ENT_026462,ent_5ff57a2f7b95
ENT_026463,ent_c52252b80da8
ENT_026464,ent_1554e8626f14
ENT_026467,ent_b1989397659e
ENT_026469,ent_a87482ff317a
ENT_026470,ent_221736c7131b
ENT_026471,ent_52fd27d5812b
ENT_026472,ent_d24c17e94a33
ENT_026473,ent_84f026fda127
ENT_026474,ent_8ef484eccbfb
ENT_026475,ent_5f7443c9ccf6
ENT_026476,ent_2404b0364cd0
ENT_026477,ent_fab2d7514256
ENT_026478,ent_1f10536058a4
ENT_026480,ent_d62e1fb5b07c
ENT_026483,ent_57a8ff98b0dd
ENT_026484,ent_bb0b6db4133d
ENT_026485,ent_a3d74b598cd5
ENT_026489,ent_1cd1ac7b53b5
ENT_026493,ent_0d39ab4194c8
ENT_026494,ent_f23afa9fce43
ENT_026495,ent_9f975f41d04a
ENT_026496,ent_b8c9852e3096
ENT_026497,ent_ffc3ae9f606f
ENT_026500,ent_6dee36c491a3
ENT_026502,ent_776dfffe3f11
ENT_026503,ent_bd4a00829a11
ENT_026504,ent_49624a3b9741
ENT_026506,ent_f4e30b47642e
ENT_026508,ent_79a049be2ad4
ENT_026510,ent_abb348e23175
ENT_026512,ent_651b50a264b0
ENT_026513,ent_a17bf9ade8ca
ENT_026514,ent_1b0febd3f4fc
ENT_026515,ent_f582c119e3df
ENT_026516,ent_eaebd56ddd29
ENT_026518,ent_75cf4634c845
ENT_026519,ent_3fb382eccb62
ENT_026520,ent_0dea80470ced
ENT_026521,ent_854377dc62ab
ENT_026522,ent_1ec5b50071dd
ENT_026523,ent_9a3015656cc8
ENT_026524,ent_12226dbfdbbf
ENT_026526,ent_4eef607e08d6
ENT_026527,ent_7f49b72856aa
ENT_026529,ent_15d4c552bdfc
ENT_026530,ent_20a7087746f7
ENT_026531,ent_651deece8bf9
ENT_026532,ent_d5c6d3161828
ENT_026533,ent_3b1ea7a99292
ENT_026534,ent_067cd364cb02
ENT_026535,ent_f5d10036c920
ENT_026539,ent_c92ccaad68a0
ENT_026540,ent_3d25bd5ff0a4
ENT_026544,ent_859a3b1ce7b3
ENT_026545,ent_3e371c47e0c8
ENT_026546,ent_b145236973fb
ENT_026547,ent_05e158c71d29
ENT_026548,ent_03256ced19e2
ENT_026550,ent_27b9a80ea072
ENT_026552,ent_7f434f092c9e
ENT_026557,ent_24833ee780fe
ENT_026558,ent_5c024ea8045e
ENT_026559,ent_965be55405e1
ENT_026562,ent_a5e4ac59d6c6
ENT_026564,ent_31e642579645
ENT_026565,ent_6691bd8fc7b6
ENT_026566,ent_3e68a40aead7
ENT_026567,ent_ec074708837e
ENT_026568,ent_7ca174db632b
ENT_026569,ent_bcbe26b7481a
ENT_026570,ent_013b9919e06b
ENT_026571,ent_1a7c20da2e88
ENT_026572,ent_251b18343da4
ENT_026573,ent_a3daf2f267b2
ENT_026575,ent_116c4a2484fe
ENT_026577,ent_e7c5a499d05c
ENT_026578,ent_fa13a88a727b
ENT_026579,ent_ff6fcd7ce51c
ENT_026582,ent_3c579df9d1bf
ENT_026583,ent_de5e5c86af2b
ENT_026585,ent_41e2471dfa56
ENT_026586,ent_fcf3edb18a72
ENT_026587,ent_9cadba87555d
ENT_026588,ent_7017688d7e51
ENT_026589,ent_08e7a2ac5e16
ENT_026590,ent_ff94654fb958
ENT_026591,ent_7d1748f99259
ENT_026592,ent_b1c8f8b2b5e4
ENT_026593,ent_95003e23cfae
ENT_026595,ent_d9c4b39a9a53
ENT_026596,ent_9b3d6a0068f9
ENT_026601,ent_970557b1e057
ENT_026602,ent_a2200c422dde
ENT_026604,ent_41b71ce6a7a0
ENT_026606,ent_36f7b6e028a1
ENT_026607,ent_41b6fe318fc3
ENT_026608,ent_8f400721290c
ENT_026610,ent_220aacd86f72
ENT_026611,ent_e6ad4ecfe40e
ENT_026612,ent_03aae706617b
ENT_026613,ent_a1adcfb42f83
ENT_026615,ent_922cf7239234
ENT_026616,ent_4d9150bd958c
ENT_026617,ent_0552056653f8
ENT_026618,ent_c520729a22ba
ENT_026619,ent_ad009241d8ba
ENT_026620,ent_6e569cde4c23
ENT_026621,ent_451aac4b11fb
ENT_026622,ent_b80995c766e7
ENT_026623,ent_1243a0b84d38
ENT_026624,ent_70d31259351a
ENT_026626,ent_fed433522719
ENT_026628,ent_d44c45b4a933
ENT_026629,ent_cbe9daef8b39
ENT_026630,ent_0997611e4501
ENT_026631,ent_913c972b501e
ENT_026632,ent_91ef5e675f52
ENT_026633,ent_fb181fadf40e
ENT_026634,ent_078067f9d1f9
ENT_026635,ent_26cbd44add8f
ENT_026636,ent_dfd7f47678b9
ENT_026637,ent_74bb0ba61470
ENT_026638,ent_492e084dce6a
ENT_026639,ent_f5ccfe448337
ENT_026640,ent_042cb7169f56
ENT_026641,ent_1eb00a22a879
ENT_026642,ent_1cb08201d0ca
ENT_026643,ent_fd5651fe52c1
ENT_026645,ent_dc75792a715a
ENT_026647,ent_a4ae8a7e7e71
ENT_026648,ent_00f7c540345d
ENT_026650,ent_ee32aa9ce074
ENT_026651,ent_e92d51fb7297
ENT_026652,ent_a6fd4fd49f07
ENT_026653,ent_93f226d8bbfd
ENT_026654,ent_84ed08397bec
ENT_026655,ent_845592e7afcb
ENT_026656,ent_3c6d36b2f421
ENT_026657,ent_db3b709742e8
ENT_026658,ent_573ccf5fde56
ENT_026660,ent_5171753d9472
ENT_026663,ent_166ebe288fe4
ENT_026664,ent_b4f62d961c24
ENT_026665,ent_53eb5198d96f
ENT_026666,ent_4c7ed8db311d
ENT_026667,ent_2759bcdaa746
ENT_026668,ent_5a8b89732157
ENT_026669,ent_44a6bfa72eeb
ENT_026670,ent_14c09ea994de
ENT_026671,ent_8b0485b0d926
ENT_026672,ent_4de38073606c
ENT_026673,ent_ed972e6939b7
ENT_026674,ent_8aa76b128734
ENT_026675,ent_1f9cba1a8dc6
ENT_026676,ent_643aaac62cd5
ENT_026677,ent_3d9aeaf70ef3
ENT_026679,ent_78a6dd7e55a9
ENT_026680,ent_f0ee0208efbd
ENT_026681,ent_ebc8e21694e7
ENT_026682,ent_8342927b00ad
ENT_026683,ent_8fee447838f8
ENT_026684,ent_37a78b5a9203
ENT_026685,ent_29dc88a134b2
ENT_026687,ent_b2bf17696303
ENT_026689,ent_159387614a6a
ENT_026690,ent_6db36f45ec52
ENT_026692,ent_a87a287fd889
ENT_026693,ent_3d738c811272
ENT_026695,ent_688683aabff3
ENT_026696,ent_9af0d10b6e3d
ENT_026698,ent_83018f9cd040
ENT_026699,ent_da181cee9156
ENT_026700,ent_033d9ebcc003
ENT_026701,ent_c3d397068c74
ENT_026702,ent_c14401238d4e
ENT_026703,ent_e1552d2bc17e
ENT_026704,ent_cbe9fa60b4d8
ENT_026705,ent_f75263330011
ENT_026707,ent_5d17be2a773a
ENT_026708,ent_ed974c22472b
ENT_026709,ent_075f8170f6a1
ENT_026710,ent_48daf11988f5
ENT_026711,ent_c6bdf96cb7f7
ENT_026712,ent_4a54d8a485ad
ENT_026713,ent_e065c9bd6826
ENT_026715,ent_2b218a22341f
ENT_026716,ent_479455fb6b53
ENT_026717,ent_e0160947d9be
ENT_026718,ent_69e807184348
ENT_026719,ent_841f641aaed2
ENT_026720,ent_1174331a534c
ENT_026721,ent_c024af968879
ENT_026722,ent_84f905ff4612
ENT_026723,ent_52d768c2a431
ENT_026726,ent_1eaeb51c9276
ENT_026727,ent_963147f31458
ENT_026728,ent_63752f37e76c
ENT_026732,ent_f8277e9e50cf
ENT_026733,ent_053f132f2756
ENT_026734,ent_660bc0d367b3
ENT_026735,ent_352a673c2d9f
ENT_026736,ent_1f2058722d57
ENT_026737,ent_24400db729b8
ENT_026738,ent_788114dc1816
ENT_026739,ent_7f8874bc8b3e
ENT_026740,ent_c820bace7c4e
ENT_026741,ent_ed0e211964d6
ENT_026743,ent_c36d01bc20c7
ENT_026744,ent_7e2a2c414aea
ENT_026746,ent_ae1d094488c1
ENT_026747,ent_5edf4141bd6d
ENT_026748,ent_5b83cba66a7d
ENT_026749,ent_7fd74aec665c
ENT_026750,ent_c548c7811245
ENT_026751,ent_340c8b0c0c29
ENT_026752,ent_5715b2665ad4
ENT_026753,ent_06f3ee831364
ENT_026754,ent_945316333aec
ENT_026755,ent_447bbd5b5611
ENT_026756,ent_97de4c099ba5
ENT_026757,ent_ca744ff7f42f
ENT_026758,ent_1dec23fa56b0
ENT_026760,ent_a1a4c5dc1396
ENT_026761,ent_60960227bdb7
ENT_026762,ent_04f6104956cb
ENT_026763,ent_246a33c4b683
ENT_026764,ent_1d30ca46e808
ENT_026765,ent_a518e6299042
ENT_026766,ent_4bc68317acbe
ENT_026767,ent_483f921a605c
ENT_026768,ent_4bc8a0b75e8e
ENT_026769,ent_b47c209ce3d8
ENT_026770,ent_b613bc533e9e
ENT_026771,ent_41f87ea1d6ce
ENT_026772,ent_e229c94ef101
ENT_026773,ent_079f11289dd5
ENT_026774,ent_43234cfda5c3
ENT_026775,ent_a36c86902154
ENT_026776,ent_94346e31907d
ENT_026777,ent_71bf480c6ef9
ENT_026778,ent_de600eb80c4b
ENT_026779,ent_48b71d5dc931
ENT_026780,ent_474054e2d852
ENT_026783,ent_65dfab84c4ed
ENT_026784,ent_c61db4b9f6fa
ENT_026785,ent_eb9e0bce156d
ENT_026789,ent_424b0fb75d78
ENT_026790,ent_2b756f65c856
ENT_026791,ent_3b43a2d894b3
ENT_026792,ent_c4d81545b012
ENT_026793,ent_d2f959b9b8bc
ENT_026794,ent_34bc74a724ff
ENT_026795,ent_cf7ca7957dd9
ENT_026797,ent_92ec768470d4
ENT_026798,ent_02b0cb7f86f9
ENT_026799,ent_fd7d27cf45fd
ENT_026800,ent_74236477c135
ENT_026802,ent_67b1945faafc
ENT_026803,ent_ba420042d46c
ENT_026804,ent_6a464c9e3e08
ENT_026805,ent_f0b63ab719ac
ENT_026806,ent_d6f624d6a230
ENT_026807,ent_896cb5865707
ENT_026808,ent_357e4c9f7128
ENT_026810,ent_d5bbe253dfca
ENT_026814,ent_1f355956f0f8
ENT_026816,ent_8ba26b5795fa
ENT_026817,ent_c948ef67db0f
ENT_026818,ent_8a7ce4f7ce4d
ENT_026819,ent_60d496bb7ef8
ENT_026820,ent_50290792d533
ENT_026821,ent_d066a75c643d
ENT_026822,ent_aa36f3992c2f
ENT_026823,ent_ed32e73f8700
ENT_026824,ent_e6b8f8a98946
ENT_026825,ent_9161963f6384
ENT_026827,ent_52771dd22eb8
ENT_026828,ent_8b255005fe28
ENT_026829,ent_0af56e107018
ENT_026832,ent_4d392c445042
ENT_026833,ent_921945e668df
ENT_026834,ent_df4e404e6220
ENT_026835,ent_653426c759dd
ENT_026836,ent_e130128fb95b
ENT_026841,ent_d4347f6843f2
ENT_026842,ent_03d825335345
ENT_026843,ent_7c503372a7f0
ENT_026844,ent_3fff1b34deef
ENT_026846,ent_a7936be69b00
ENT_026848,ent_edb23656bbc9
ENT_026851,ent_7e4ef8eed9b6
ENT_026852,ent_bd0947c3ae1d
ENT_026853,ent_7f72cff17826
ENT_026855,ent_4d8ce546dbe6
ENT_026856,ent_aa589b8d4b5a
ENT_026858,ent_10303da99d89
ENT_026860,ent_aa0fab7c25cb
ENT_026862,ent_c4939ac6d6dd
ENT_026863,ent_e09cdbe62a4f
ENT_026864,ent_f5b8ac6dc2ac
ENT_026867,ent_dba3b6d95b88
ENT_026868,ent_4179a5a8aa33
ENT_026869,ent_06ebef1db69b
ENT_026870,ent_47bcd79734b8
ENT_026872,ent_3e78dd50e835
ENT_026877,ent_af6b1c7e7a67
ENT_026879,ent_f96f1787d340
ENT_026880,ent_5e1dd38c7a3e
ENT_026882,ent_36f9c4ab2f93
ENT_026884,ent_cd66af1b6e30
ENT_026886,ent_d642813e1c27
ENT_026888,ent_2a8f94eadfc5
ENT_026889,ent_1e5063d62aeb
ENT_026890,ent_cf5fbbc709e5
ENT_026893,ent_4fb997fe5bf6
ENT_026894,ent_93e2dd8740d2
ENT_026896,ent_d20fcd11b01d
ENT_026897,ent_3bb4862d35f8
ENT_026898,ent_de2ee2979fda
ENT_026899,ent_3d76f99a573b
ENT_026900,ent_dfa72b42c576
ENT_026901,ent_dac363c0a7ca
ENT_026902,ent_529e247162fb
ENT_026903,ent_3ccb4600bfc3
ENT_026904,ent_908acd8002a6
ENT_026905,ent_36797140a1dc
ENT_026906,ent_d8c66b24edd5
ENT_026907,ent_e85e9642da1c
ENT_026908,ent_0831845e7ec3
ENT_026909,ent_7731ccaace5e
ENT_026910,ent_051f7ea6ad2c
ENT_026911,ent_d18f2db18de9
ENT_026912,ent_a47ed85e2f44
ENT_026913,ent_ad8eb0ab4cb4
ENT_026914,ent_17b0cd33b6d5
ENT_026915,ent_0d78d6e0971d
ENT_026916,ent_37e1669aaaa7
ENT_026917,ent_dc178f563a7c
ENT_026918,ent_071d244dc3f3
ENT_026919,ent_79b77620c9d8
ENT_026920,ent_8d34fba65e51
ENT_026921,ent_14ea45e780c7
ENT_026922,ent_3d482a8b4163
ENT_026923,ent_d18ed2c3ee33
ENT_026924,ent_03774a2e87b0
ENT_026926,ent_e0bfca096fbf
ENT_026927,ent_89aa26c90413
ENT_026928,ent_574837140214
ENT_026929,ent_cee8ea90b579
ENT_026930,ent_9266c05ebc38
ENT_026932,ent_b2af06493182
ENT_026934,ent_6d5ba347ed45
ENT_026937,ent_c854e83aca83
ENT_026938,ent_848dc5232ae7
ENT_026939,ent_418b380432b2
ENT_026940,ent_573b3fe2bce5
ENT_026941,ent_af2ef1c19448
ENT_026942,ent_0564fdbdf4c8
ENT_026943,ent_daa3f26a3c67
ENT_026944,ent_00306aa9ab1d
ENT_026945,ent_5a7b4d88ce09
ENT_026946,ent_379e025dc5d1
ENT_026947,ent_d0cec97d29ef
ENT_026948,ent_72adb0a84f70
ENT_026951,ent_0f831296a3c7
ENT_026952,ent_fb92e0f5af32
ENT_026953,ent_b253ea0a47c1
ENT_026955,ent_d23a33257621
ENT_026956,ent_62c8e6d92875
ENT_026957,ent_1d02443d3983
ENT_026958,ent_5a672c1e40b1
ENT_026959,ent_98474c0e85a1
ENT_026960,ent_830b99268357
ENT_026962,ent_24965db827db
ENT_026963,ent_271807ad08ef
ENT_026964,ent_c9c63ba1bab1
ENT_026966,ent_d1b0c0355099
ENT_026967,ent_92b8b828e7a6
ENT_026968,ent_5c8734204411
ENT_026969,ent_ae7cb200cd12
ENT_026970,ent_57346622ebd7
ENT_026971,ent_c700aec23fed
ENT_026972,ent_ca785ec66052
ENT_026975,ent_4d8236247b6a
ENT_026976,ent_0566d44b8a60
ENT_026977,ent_514f76bb14dd
ENT_026978,ent_9907d82cd59b
ENT_026980,ent_394c6e3642a6
ENT_026981,ent_29caaad64258
ENT_026983,ent_3f588dd18967
ENT_026984,ent_edfcec326875
ENT_026985,ent_a2bedaea649d
ENT_026986,ent_79c4f9e44737
ENT_026987,ent_4e370071f880
ENT_026988,ent_4bf1ae78aa98
ENT_026990,ent_9737b7be6c8e
ENT_026993,ent_60ac1acc88fa
ENT_026995,ent_f291791f0865
ENT_026996,ent_899cefbc54e0
ENT_026997,ent_dc6c58ba4eaa
ENT_026998,ent_fc3305390e43
ENT_026999,ent_50abd9bd8cb0
ENT_027000,ent_0b1eed539ccc
ENT_027001,ent_edc2765d4141
ENT_027002,ent_a6398520ebe1
ENT_027003,ent_3a1efcf03f8a
ENT_027004,ent_7b8b23e455bb
ENT_027006,ent_6f1237560b6f
ENT_027007,ent_a4e867102f93
ENT_027008,ent_d548ce55158f
ENT_027009,ent_3a58d8260606
ENT_027010,ent_2157199545ef
ENT_027012,ent_cb6c80816246
ENT_027013,ent_36849fc33f8b
ENT_027014,ent_3194e4732c61
ENT_027015,ent_07699a2c303f
ENT_027016,ent_b4ff92a4de7b
ENT_027017,ent_36f61d58fe57
ENT_027018,ent_7db449798750
ENT_027019,ent_845eefbe83d0
ENT_027020,ent_e26bf6e58e3a
ENT_027022,ent_3588c5c51670
ENT_027023,ent_d07bac4df3bd
ENT_027024,ent_0ffc24201b16
ENT_027025,ent_d5dd346e0e15
ENT_027026,ent_6da8c309cb15
ENT_027028,ent_4f3a6b538c5c
ENT_027029,ent_fbe59cb3f406
ENT_027030,ent_beace7e6382a
ENT_027031,ent_eea6462636bc
ENT_027032,ent_96b968b48e8c
ENT_027033,ent_fb2c1eb36b66
ENT_027034,ent_6979aaf2ef1b
ENT_027035,ent_36a8b9c9b890
ENT_027036,ent_c82989b5ffbf
ENT_027037,ent_bfccca3d7449
ENT_027038,ent_2b97485f8621
ENT_027039,ent_f237beb4e43a
ENT_027041,ent_3884961b798d
ENT_027042,ent_46e412258077
ENT_027044,ent_f365c286ae3a
ENT_027045,ent_89c13b91e58c
ENT_027047,ent_39aace88b1d2
ENT_027049,ent_86d9fa9d8867
ENT_027051,ent_8c48b2c18e78
ENT_027052,ent_c0a7e4d9aed7
ENT_027053,ent_6651b351274a
ENT_027054,ent_5bb97d0e8150
ENT_027057,ent_8f5dd0669a39
ENT_027058,ent_92680a1f6e04
ENT_027059,ent_c1faff027146
ENT_027060,ent_ab274eedce9f
ENT_027062,ent_5904e4f5c3a4
ENT_027063,ent_12d0204f516c
ENT_027064,ent_fbd6f7356436
ENT_027065,ent_2c8abd2af226
ENT_027066,ent_10f9d85fe2d8
ENT_027067,ent_901a829f8748
ENT_027068,ent_d5887f559c2a
ENT_027069,ent_cd14b928e790
ENT_027070,ent_469eb4b07b51
ENT_027071,ent_57e4dc69d39f
ENT_027072,ent_9d04cd00379b
ENT_027073,ent_55684f860700
ENT_027074,ent_5016ac69e00d
ENT_027075,ent_9f2e2da6d269
ENT_027076,ent_6a59a922cb2b
ENT_027077,ent_f9948d460585
ENT_027078,ent_70dbfc0c4fbf
ENT_027079,ent_404288801f2b
ENT_027080,ent_2c6debeff81e
ENT_027081,ent_20bc4f91d5ea
ENT_027082,ent_7defacceac24
ENT_027083,ent_dfe1eccfd0c3
ENT_027084,ent_2d7080101e77
ENT_027085,ent_453373bde4a4
ENT_027086,ent_a8929c41ef96
ENT_027087,ent_8765a2e2c23c
ENT_027088,ent_547a7766a92e
ENT_027089,ent_0f6eb1e970c0
ENT_027090,ent_9410627da1a1
ENT_027092,ent_2e2d29b6ca24
ENT_027093,ent_4fc69af64938
ENT_027094,ent_17816c455a95
ENT_027095,ent_1f38a509ee17
ENT_027096,ent_326c3b42ef38
ENT_027097,ent_b05a68e49fca
ENT_027098,ent_dee9f7932653
ENT_027099,ent_577e0ab35333
ENT_027100,ent_dfbd5c73bc98
ENT_027101,ent_f94fc338ac9e
ENT_027102,ent_8b3bf8ce7d03
ENT_027103,ent_15a06a5e70df
ENT_027104,ent_2424fd6475bd
ENT_027105,ent_86e17b6ffcd2
ENT_027111,ent_8b8095d9f3b3
ENT_027113,ent_d1bc7854c38b
ENT_027115,ent_9497aa2fa37d
ENT_027117,ent_acb7e5787fbf
ENT_027118,ent_a17f04a97771
ENT_027120,ent_65577aa83cbb
ENT_027121,ent_878fe2ac05f0
ENT_027123,ent_1222cb8da97e
ENT_027124,ent_648225bfa075
ENT_027125,ent_004c097414e8
ENT_027127,ent_bc86917d4122
ENT_027128,ent_bbc3f91edda5
ENT_027129,ent_213dbbe171f6
ENT_027130,ent_182a50ee167b
ENT_027132,ent_717858b3bb9e
ENT_027133,ent_8b7b539b0f25
ENT_027135,ent_f61d51b59eea
ENT_027137,ent_5868fdba17e1
ENT_027140,ent_025edd6c72c0
ENT_027142,ent_16cdc38b3ee2
ENT_027145,ent_76d59210e047
ENT_027146,ent_74e5a418a52f
ENT_027147,ent_8c7a524a5d70
ENT_027149,ent_5a5497af099b
ENT_027153,ent_dfeb5df2d716
ENT_027154,ent_bd0da7889eff
ENT_027155,ent_78804e64002a
ENT_027156,ent_669fd0780829
ENT_027157,ent_51197498f0be
ENT_027159,ent_ea87e047d4ea
ENT_027160,ent_4a6d4f4ef094
ENT_027161,ent_4f3cee55642d
ENT_027162,ent_30a777b09455
ENT_027163,ent_430d5b76c3c1
ENT_027165,ent_cc88ff4e638d
ENT_027166,ent_bd4be09201f9
ENT_027167,ent_6b03d31f9f71
ENT_027168,ent_d0ab84f4e763
ENT_027169,ent_529914fcffe4
ENT_027170,ent_e4975c8c11b8
ENT_027171,ent_2c2e7181473d
ENT_027172,ent_2b5c44889920
ENT_027174,ent_6b1342144a3c
ENT_027176,ent_178b598f7727
ENT_027177,ent_7f6f3befb621
ENT_027178,ent_2e93e5c962fe
ENT_027179,ent_bb9048f75669
ENT_027180,ent_48e5d53090f5
ENT_027181,ent_05c1f0270e59
ENT_027182,ent_996bcbec6d3b
ENT_027183,ent_07486860580e
ENT_027184,ent_833839a5ffb1
ENT_027185,ent_d0a86e4f84cb
ENT_027187,ent_b6a28a10afe5
ENT_027188,ent_ec11078c6233
ENT_027189,ent_99d49f18e33d
ENT_027190,ent_4cda92ae17b0
ENT_027191,ent_1b22a6b5dd82
ENT_027192,ent_ed364261bf98
ENT_027193,ent_21559f24abc8
ENT_027194,ent_a0c02dc7cb01
ENT_027195,ent_d37dda927a6c
ENT_027196,ent_c7e7fc7b7313
ENT_027197,ent_d54be4e9d487
ENT_027198,ent_a727070aee17
ENT_027199,ent_35a3cdf650d3
ENT_027200,ent_a8fb8eec0a6d
ENT_027201,ent_09cdccadac6c
ENT_027202,ent_d20bda503d40
ENT_027203,ent_0b9cc16e8278
ENT_027204,ent_481f593559bb
ENT_027205,ent_fef47302d49d
ENT_027206,ent_a890f27d56c5
ENT_027207,ent_ef0c70885503
ENT_027208,ent_83239b33e5c4
ENT_027209,ent_45305b8174c2
ENT_027210,ent_afdbe1158f98
ENT_027211,ent_69c2c5dea7b0
ENT_027212,ent_b5b49dbd910b
ENT_027213,ent_2b3377f427da
ENT_027214,ent_3c50a850bd81
ENT_027215,ent_9616a0f36e21
ENT_027216,ent_78571ee93c1d
ENT_027217,ent_6655db52540e
ENT_027218,ent_205591caa838
ENT_027219,ent_2fe091c8868d
ENT_027220,ent_c3eddc4cb698
ENT_027221,ent_ba826df30cef
ENT_027222,ent_b377d4a87fd1
ENT_027223,ent_e78fb15ee699
ENT_027224,ent_1dd57626d2b2
ENT_027225,ent_e4e3f024bd53
ENT_027226,ent_31e4c0ac2811
ENT_027227,ent_57983e0ac660
ENT_027228,ent_7dc70535c768
ENT_027229,ent_b72f8c92f8f7
ENT_027230,ent_79798ea97774
ENT_027231,ent_501d4102ea8a
ENT_027232,ent_fc325de5f9ad
ENT_027234,ent_d12c7ea9eda2
ENT_027235,ent_975312751241
ENT_027237,ent_195845c8eeb6
ENT_027238,ent_391534ef9531
ENT_027239,ent_d43806c61240
ENT_027240,ent_a23ad23f5896
ENT_027241,ent_6a6296628bbe
ENT_027242,ent_cdf8c0000bac
ENT_027243,ent_3ef48e7fa813
ENT_027245,ent_3f33dbc6838d
ENT_027246,ent_abd2f09e83ba
ENT_027247,ent_411460eab61b
ENT_027248,ent_85998e71be09
ENT_027249,ent_8f054939c4b1
ENT_027250,ent_e4f67861b72d
ENT_027251,ent_cc333d89ef50
ENT_027252,ent_b401c14ac3fe
ENT_027253,ent_128ee9ccc43f
ENT_027254,ent_7910530ccb16
ENT_027255,ent_81d14991590c
ENT_027258,ent_ac338564b336
ENT_027259,ent_7f8137afc25e
ENT_027260,ent_3b961341cc24
ENT_027261,ent_1d5f44626139
ENT_027262,ent_996f10c62ed9
ENT_027263,ent_3f33b30f10bb
ENT_027264,ent_1070d945146b
ENT_027265,ent_78165c3facaa
ENT_027266,ent_01b56a52df47
ENT_027267,ent_45d9141d70df
ENT_027268,ent_bb1d11e2999f
ENT_027269,ent_5c239662ec2c
ENT_027270,ent_61617fcc57ba
ENT_027271,ent_582220b29e22
ENT_027272,ent_24cfe326ba89
ENT_027273,ent_b3eed1b96b07
ENT_027274,ent_4f15705db5f1
ENT_027275,ent_2eece10edc67
ENT_027276,ent_db60915fbba3
ENT_027277,ent_574d6228949b
ENT_027278,ent_082d936983d3
ENT_027279,ent_fb4f1f361dbd
ENT_027280,ent_a885dab1cea4
ENT_027281,ent_a7afa98a1bf6
ENT_027282,ent_8f5ba767a5f0
ENT_027283,ent_d82a19ea41cb
ENT_027284,ent_0fc2f8384281
ENT_027285,ent_ba59324b2847
ENT_027286,ent_ab6d2a94abaf
ENT_027287,ent_dab7258a06bc
ENT_027288,ent_3cbb381c28eb
ENT_027289,ent_5658c9f81721
ENT_027290,ent_e8e1838a1cc2
ENT_027291,ent_d3e470978725
ENT_027292,ent_76c06ccf3545
ENT_027293,ent_d40c98cb15d0
ENT_027294,ent_f031dd64ce51
ENT_027295,ent_4dfe2c7e15c4
ENT_027296,ent_c128979aae52
ENT_027297,ent_a81c5e98177c
ENT_027298,ent_96b178f675c9
ENT_027299,ent_3425e33d6bc9
ENT_027300,ent_519055b5a19f
ENT_027301,ent_36b555d25c17
ENT_027302,ent_78b59919fe23
ENT_027303,ent_84d893f8e864
ENT_027304,ent_1a6fd6354fc2
ENT_027305,ent_70a808a92477
ENT_027306,ent_1d2346fab24d
ENT_027307,ent_9b2987e93c06
ENT_027308,ent_550b54f84b58
ENT_027309,ent_1ff6b0e305f6
ENT_027310,ent_8d42ecf17e0c
ENT_027311,ent_31d11103836c
ENT_027312,ent_a66f0068d62f
ENT_027313,ent_d99f53c20edb
ENT_027314,ent_5d74e69e6a41
ENT_027315,ent_b8a511df79f1
ENT_027316,ent_e30630f5d979
ENT_027317,ent_d19ffe8fb87d
ENT_027318,ent_e8ccd0970d2c
ENT_027319,ent_c6753f7ca2ee
ENT_027320,ent_bd355c7843d3
ENT_027321,ent_e292da48b47f
ENT_027323,ent_530ad23f7536
ENT_027324,ent_09b636852afa
ENT_027325,ent_e273548ddf64
ENT_027326,ent_c4a7bbb49be8
ENT_027328,ent_e9591ee9ea82
ENT_027329,ent_68481b8c4048
ENT_027330,ent_a809a79f13f6
ENT_027331,ent_7c2ca0a366bd
ENT_027332,ent_f5ac6b773686
ENT_027333,ent_8d3fd1f736f3
ENT_027334,ent_bf5fff07c457
ENT_027335,ent_f892990ab7fa
ENT_027336,ent_6b31966e8643
ENT_027337,ent_79ef7180814b
ENT_027338,ent_3f6956686f7e
ENT_027339,ent_2ab7d0e2023f
ENT_027340,ent_26f4227ae018
ENT_027341,ent_77525dd274ce
ENT_027342,ent_bf71e882770e
ENT_027343,ent_ed0dea79dcd5
ENT_027344,ent_bfba39caf655
ENT_027345,ent_c5d54c5546ad
ENT_027346,ent_b13d57f0014a
ENT_027347,ent_c844107550dd
ENT_027348,ent_b64e21d48a87
ENT_027349,ent_994f5ad264bc
ENT_027350,ent_2ef7847577e7
ENT_027351,ent_88fcf7620374
ENT_027352,ent_5afe3317f715
ENT_027353,ent_3744cbd62a3a
ENT_027354,ent_68a9ea153ee2
ENT_027355,ent_5c9859409a3c
ENT_027356,ent_cd86f2724748
ENT_027358,ent_e55c37120a54
ENT_027359,ent_08526ca25bee
ENT_027360,ent_69535ca4cbd3
ENT_027361,ent_5b32c1e016b6
ENT_027362,ent_add38e5707f5
ENT_027363,ent_0f4a4934b34b
ENT_027364,ent_0987fb1523f9
ENT_027365,ent_635f664a0b0b
ENT_027366,ent_af0d60eb5e12
ENT_027368,ent_08db9047bfd2
ENT_027369,ent_c88b80e125f7
ENT_027370,ent_45c5c2606701
ENT_027371,ent_0429c7b8a5de
ENT_027372,ent_dbb195e9d646
ENT_027373,ent_419a5527c61e
ENT_027374,ent_fee94765ef4d
ENT_027375,ent_67be29e3be88
ENT_027376,ent_01e4c8943575
ENT_027377,ent_a7f1fd0d6e87
ENT_027378,ent_5a7a25f9239f
ENT_027379,ent_f7570d8b2e96
ENT_027380,ent_0a8f154711e0
ENT_027381,ent_e9a89d30727c
ENT_027382,ent_504a54153fa9
ENT_027383,ent_57dff3cb96bd
ENT_027384,ent_8f60c700bc52
ENT_027385,ent_d3590dd35896
ENT_027386,ent_d7bd2a52d6f5
ENT_027388,ent_3ee662c4bd4d
ENT_027389,ent_531bc9c2bf05
ENT_027390,ent_7e9a2cfb549c
ENT_027391,ent_3204ea959d22
ENT_027392,ent_0cd7a56b493b
ENT_027393,ent_fe30997598bf
ENT_027394,ent_18a6233b7b25
ENT_027395,ent_a2923a6bb1d5
ENT_027396,ent_7f3ad9a99067
ENT_027397,ent_53e30a1b0c85
ENT_027398,ent_d28ee90836d1
ENT_027399,ent_a3012bbf35cb
ENT_027400,ent_88f675d5dd71
ENT_027401,ent_cf6ba204d327
ENT_027402,ent_728316dc6873
ENT_027403,ent_c51aff235ed0
ENT_027404,ent_3797bb0d7919
ENT_027405,ent_69a7dbc99d85
ENT_027406,ent_9708a83ac2ef
ENT_027408,ent_deb2db00eca5
ENT_027409,ent_6afeca920ce7
ENT_027410,ent_ccdceccdc207
ENT_027413,ent_9436308b654e
ENT_027414,ent_287ae3db7479
ENT_027416,ent_6d947c99c2af
ENT_027417,ent_ef02aa193c01
ENT_027418,ent_0234058ad144
ENT_027420,ent_f5995112a578
ENT_027421,ent_026871659789
ENT_027422,ent_1e5525538930
ENT_027423,ent_b311c932fb27
ENT_027431,ent_2e317e8c0820
ENT_027433,ent_eb0588c6839e
ENT_027434,ent_a6dbd39d1528
ENT_027435,ent_522c50fe6692
ENT_027436,ent_654bc31ad3c7
ENT_027437,ent_5edbc087f1a0
ENT_027439,ent_d46a86e90204
ENT_027440,ent_7910cf9208d2
ENT_027442,ent_17464932d01a
ENT_027443,ent_924af7b807a7
ENT_027444,ent_91379725d4f0
ENT_027447,ent_53b65ae5eb94
ENT_027448,ent_d222f51671eb
ENT_027451,ent_539a9c102bd5
ENT_027453,ent_f6b46ca26f0d
ENT_027455,ent_6da31b1ff858
ENT_027457,ent_02ed463d0b80
ENT_027460,ent_0b10aa50a73b
ENT_027462,ent_c7444a5f4293
ENT_027463,ent_257ff5fd8c1c
ENT_027464,ent_78434c46e02c
ENT_027468,ent_f5e024dd06d2
ENT_027469,ent_82b45c2ca925
ENT_027470,ent_eb3b02430577
ENT_027472,ent_41e1cd138335
ENT_027473,ent_f0b8a79e545b
ENT_027474,ent_d7616048ba41
ENT_027476,ent_4280f517dc8b
ENT_027477,ent_bb496d648f9c
ENT_027478,ent_d5e447ef2990
ENT_027479,ent_ab5704347d34
ENT_027480,ent_d8f035007194
ENT_027481,ent_6f9610d82a35
ENT_027482,ent_079bb28033d6
ENT_027483,ent_cc0845d0c12c
ENT_027485,ent_814a087e2df7
ENT_027487,ent_a3515e10c67d
ENT_027488,ent_4e0c841f996e
ENT_027489,ent_9adcb59c526b
ENT_027490,ent_3e28c47bebbf
ENT_027491,ent_77e3b98aa8a1
ENT_027493,ent_51facfb9878f
ENT_027494,ent_d73d0f158e30
ENT_027497,ent_a60d8c5de8f3
ENT_027498,ent_00da81441b5b
ENT_027499,ent_820dc28a47bc
ENT_027500,ent_3a0dd7b30001
ENT_027502,ent_96a163bb445c
ENT_027503,ent_588966c60b19
ENT_027507,ent_13d918e0c0ee
ENT_027510,ent_d046bd42888e
ENT_027514,ent_a619cae6bf9c
ENT_027515,ent_cd9dc6cb7909
ENT_027516,ent_4a41771d8551
ENT_027517,ent_48d0f35bd83f
ENT_027518,ent_395f25d8a865
ENT_027519,ent_7e890e538958
ENT_027520,ent_ff1b4722a492
ENT_027521,ent_ab4696e29ba0
ENT_027525,ent_8b8dbd5d0b1c
ENT_027526,ent_ec3584a12fec
ENT_027527,ent_919c5eb30344
ENT_027530,ent_3346957c4578
ENT_027532,ent_55aa285a6641
ENT_027534,ent_b12cb4539863
ENT_027535,ent_103b55e43046
ENT_027537,ent_629bd8c496f4
ENT_027538,ent_82061775ff0d
ENT_027539,ent_ec3fe7aa5cdd
ENT_027540,ent_bc966815353a
ENT_027542,ent_0bcf39ad8d36
ENT_027543,ent_be47a5909354
ENT_027544,ent_a7306dc9c1d3
ENT_027545,ent_a428f43577d8
ENT_027546,ent_b9c71d98b523
ENT_027547,ent_12a2c660247f
ENT_027549,ent_5dfbeb4a624b
ENT_027550,ent_0612f94fadd5
ENT_027551,ent_1692d6a2a33a
ENT_027552,ent_8e339a3716d1
ENT_027553,ent_f74832148184
ENT_027554,ent_a82bb40e81d9
ENT_027555,ent_c7343a9edff0
ENT_027556,ent_ac62ece788a9
ENT_027557,ent_de8cac8145df
ENT_027558,ent_655e42ed2dcb
ENT_027560,ent_ba2f5c8179be
ENT_027562,ent_50eae25be458
ENT_027563,ent_9cebae1d6d14
ENT_027564,ent_be7c96a1c3bb
ENT_027565,ent_3c040b6bfec2
ENT_027566,ent_6b9e99d02e4f
ENT_027567,ent_f28efef9bb1f
ENT_027568,ent_bfadb0ecdc3f
ENT_027569,ent_c6c4319b0bfd
ENT_027570,ent_331f2a6e4c1c
ENT_027571,ent_45b4b65d9b3a
ENT_027573,ent_e55c1e9ea354
ENT_027574,ent_a11664ae2790
ENT_027575,ent_8e9b55193dac
ENT_027576,ent_c8e222d2ffe0
ENT_027577,ent_8ccdd993bbb0
ENT_027580,ent_9d5aeaecec5b
ENT_027581,ent_9661c64c5bfb
ENT_027582,ent_d50a0ab173d5
ENT_027583,ent_47a87d0f5ccd
ENT_027584,ent_ba825c4c8369
ENT_027585,ent_6e04849b22b4
ENT_027588,ent_6ed76e55ab04
ENT_027589,ent_8748a19eaff5
ENT_027591,ent_502c2cd2a09d
ENT_027592,ent_102e765564f2
ENT_027593,ent_3e2cb51b10a4
ENT_027594,ent_eb09ceb50033
ENT_027595,ent_5645707c1272
ENT_027596,ent_2ceabe6098ab
ENT_027597,ent_2d008cd2432b
ENT_027598,ent_fd8b24628c70
ENT_027599,ent_b173913cfa6d
ENT_027600,ent_f8b957437d27
ENT_027601,ent_5a0b747b0488
ENT_027604,ent_bfe37f1e3022
ENT_027605,ent_68f91e9ea9bd
ENT_027606,ent_b1c58566ea1f
ENT_027607,ent_bc7200f81b4c
ENT_027619,ent_94292cfa03d3
ENT_027623,ent_8df6408ba867
ENT_027625,ent_c993a68b5be0
ENT_027631,ent_8c6bd68c79bd
ENT_027632,ent_cc2b593f4b13
ENT_027633,ent_5ae3f0f2793e
ENT_027634,ent_03011272066f
ENT_027635,ent_5f18977168d8
ENT_027636,ent_ef6c52a0638c
ENT_027637,ent_135cf6490593
ENT_027642,ent_bd21a7978ab6
ENT_027643,ent_31f44296c8d5
ENT_027645,ent_7a8c8a3627a9
ENT_027657,ent_8a835d5f7fd0
ENT_027658,ent_7e06febc5beb
ENT_027661,ent_ce37e8e8cdef
ENT_027665,ent_60d6ae1c20d4
ENT_027668,ent_93eadb4b90de
ENT_027671,ent_f47b9f64f9bf
ENT_027673,ent_62df11b517f3
ENT_027674,ent_9d94c2f534ce
ENT_027675,ent_a8c1a70012c0
ENT_027676,ent_2f9490463978
ENT_027677,ent_a22c4107430f
ENT_027682,ent_f781938b7962
ENT_027685,ent_038a05497163
ENT_027686,ent_1253db69bd31
ENT_027692,ent_2bed49a87835
ENT_027695,ent_c1b7350ed8f4
ENT_027696,ent_b3e5bb6807d6
ENT_027697,ent_46d7ced8c7e7
ENT_027699,ent_667ee42a12e9
ENT_027701,ent_8c5b1d9c88fd
ENT_027705,ent_acd500b5ea51
ENT_027706,ent_30d3110b640c
ENT_027707,ent_237400e09ddf
ENT_027708,ent_483dc47821e3
ENT_027710,ent_4925a5cd6b72
ENT_027711,ent_3c108d351dec
ENT_027712,ent_5fe5bcc6ad7e
ENT_027713,ent_b726348e7d8f
ENT_027716,ent_ed8cba215dce
ENT_027717,ent_666879c6c8a4
ENT_027719,ent_8810b790c6a2
ENT_027720,ent_ce3960b9e352
ENT_027722,ent_665400947cdd
ENT_027723,ent_c73006624352
ENT_027725,ent_e962fcab634f
ENT_027726,ent_d8257c9cf0ab
ENT_027727,ent_b8a26bb8d59a
ENT_027728,ent_bf81d2dbd89c
ENT_027729,ent_4a803d5c4129
ENT_027730,ent_387f4359d41d
ENT_027731,ent_d5b5d288e6e9
ENT_027734,ent_fc91bfc96ced
ENT_027735,ent_6d944f377ac5
ENT_027736,ent_ea37c9429484
ENT_027737,ent_762ac7834c3b
ENT_027738,ent_e2f870211d97
ENT_027739,ent_28a4668a3159
ENT_027741,ent_ce155d4f05c5
ENT_027743,ent_f5cdf84c8160
ENT_027744,ent_88da72c8be31
ENT_027745,ent_97022d9ac8fa
ENT_027746,ent_014e62523b24
ENT_027747,ent_9dd1b8538074
ENT_027748,ent_4b9f7d1789c8
ENT_027749,ent_c4ed0d1e2a21
ENT_027750,ent_7cb82c0fc00b
ENT_027751,ent_ec037c8a6d02
ENT_027755,ent_f0cfdd5d5966
ENT_027756,ent_5c1b1e37c6d0
ENT_027757,ent_82947b27e614
ENT_027758,ent_93455991f6ce
ENT_027759,ent_2617decfd481
ENT_027760,ent_8c3c1d68fd56
ENT_027761,ent_1187b42e2a43
ENT_027762,ent_4c19293803cb
ENT_027764,ent_3d1e4086f111
ENT_027765,ent_71c26eb2c887
ENT_027766,ent_e39b58978d1c
ENT_027769,ent_6cdee0b5e93a
ENT_027770,ent_c9c5cdafb09e
ENT_027772,ent_b9c0c0510004
ENT_027774,ent_940e35481cf8
ENT_027776,ent_d9a1026fd4f2
ENT_027777,ent_43f380f753ed
ENT_027778,ent_99466b930a29
ENT_027780,ent_242bb5b96473
ENT_027781,ent_0cc84aed4dc0
ENT_027782,ent_ad363a8fabe5
ENT_027783,ent_ad0f349b7dbe
ENT_027784,ent_70ca77d581d9
ENT_027785,ent_e90c29b72bc2
ENT_027786,ent_7b2412f20073
ENT_027787,ent_f53965c71186
ENT_027788,ent_4dbab91e418b
ENT_027789,ent_e070a5442d3f
ENT_027790,ent_25c523536ea1
ENT_027792,ent_7514d633c408
ENT_027793,ent_9c0fd0a068e4
ENT_027794,ent_2b45e8bf0ff5
ENT_027795,ent_aaf33ab4275e
ENT_027796,ent_2be7b18aa6b1
ENT_027797,ent_2fe67fb35ff2
ENT_027798,ent_eb5a0a7abb52
ENT_027799,ent_cc0cc1c1e208
ENT_027800,ent_038161f7da38
ENT_027801,ent_0ede8d21acb1
ENT_027802,ent_ecc9d4ba1f15
ENT_027803,ent_20cedeb879fb
ENT_027804,ent_5a160b55441d
ENT_027805,ent_ca2af373695c
ENT_027807,ent_167ead72b93b
ENT_027808,ent_33913fe7a2ca
ENT_027809,ent_932849e04689
ENT_027810,ent_85ea8c832bc5
ENT_027812,ent_66f393bd5022
ENT_027814,ent_cfc3b4f77110
ENT_027815,ent_f1f9951c4b8a
ENT_027816,ent_1cf6f50ca4cd
ENT_027817,ent_531d9e2a808c
ENT_027818,ent_6be9fe772c05
ENT_027820,ent_02c1bf6c40eb
ENT_027822,ent_af7d3346fc37
ENT_027824,ent_7f02e8b2bab5
ENT_027826,ent_ed99c590e378
ENT_027828,ent_1fb90eddb74e
ENT_027829,ent_cdd6fc445a18
ENT_027832,ent_40c21cc51553
ENT_027833,ent_000918435b88
ENT_027835,ent_ff5614ded73d
ENT_027836,ent_2b2886879994
ENT_027837,ent_54d2b9d6b843
ENT_027838,ent_5377e5b6d299
ENT_027839,ent_50185a47fc44
ENT_027840,ent_1da1dde9f4c4
ENT_027841,ent_4f3860dd1584
ENT_027843,ent_3a42d1f868bc
ENT_027844,ent_266ce0b4ea68
ENT_027845,ent_f9b6c1eda6ef
ENT_027846,ent_ecafaf23aa31
ENT_027847,ent_a265b922fe66
ENT_027848,ent_714ce530c504
ENT_027849,ent_2394b898b2e7
ENT_027850,ent_399a5586470f
ENT_027851,ent_20f27f59857e
ENT_027852,ent_3da476448304
ENT_027853,ent_94cb862c18af
ENT_027854,ent_9ca44e3adfb9
ENT_027855,ent_552c3a322e70
ENT_027856,ent_fcd68c4af0bf
ENT_027857,ent_6beba67b8edc
ENT_027858,ent_a1b5ff05d194
ENT_027859,ent_af1c7ad5c398
ENT_027860,ent_1a62bfa1e93b
ENT_027861,ent_466612beeef1
ENT_027862,ent_98569502ea67
ENT_027863,ent_ad9607a7bf06
ENT_027865,ent_6d5436059831
ENT_027866,ent_1cc2b23397cb
ENT_027867,ent_9bfc0e35ea0c
ENT_027868,ent_c897c3f648af
ENT_027869,ent_566e959d1953
ENT_027870,ent_4cdf7af41fff
ENT_027871,ent_c28e08f57dde
ENT_027874,ent_9daa16a9892c
ENT_027876,ent_2104ebcdc3a9
ENT_027878,ent_0158d5da0cb3
ENT_027879,ent_7b2b8c7721a4
ENT_027880,ent_de455c72fd3f
ENT_027881,ent_bfbfe74495e2
ENT_027882,ent_9da4ca12ef91
ENT_027883,ent_8ab52e37fc19
ENT_027884,ent_d41c0c3167eb
ENT_027885,ent_572a0cf252c1
ENT_027886,ent_11a2a799c31e
ENT_027887,ent_d83023eac2e5
ENT_027888,ent_fe10bfdb5f64
ENT_027889,ent_68319a30c133
ENT_027890,ent_27ccd65b3977
ENT_027891,ent_5771a7e0c8b9
ENT_027892,ent_f51490183625
ENT_027893,ent_4e2b6345ab3f
ENT_027894,ent_f6334153e322
ENT_027895,ent_7c8837196040
ENT_027896,ent_30c04d05c898
ENT_027897,ent_3b487b7c5ed8
ENT_027898,ent_29176774a888
ENT_027899,ent_a2348d800877
ENT_027900,ent_77c5eb97826d
ENT_027901,ent_4b7c36a07bb6
ENT_027902,ent_ebc62ee6749b
ENT_027903,ent_42cdb127ae57
ENT_027904,ent_81d9036ca79c
ENT_027905,ent_999d1b15556d
ENT_027906,ent_e344b98f54c9
ENT_027907,ent_f7b7f4ab1c5d
ENT_027908,ent_6d8c825f1ecf
ENT_027909,ent_8cb0e1162736
ENT_027910,ent_992895e4371a
ENT_027911,ent_b7cceb865911
ENT_027912,ent_e80ea54cb70c
ENT_027913,ent_932ede85d558
ENT_027914,ent_7997d30df3fd
ENT_027915,ent_1a584dc19bbb
ENT_027916,ent_301da3514e79
ENT_027917,ent_bff8d934541d
ENT_027918,ent_5c062b396cd3
ENT_027919,ent_89bb88814cac
ENT_027921,ent_a3dd5a0fd1bd
ENT_027922,ent_0fba09980e07
ENT_027923,ent_500f89e78422
ENT_027924,ent_c17ee03764b6
ENT_027925,ent_26f83c844b61
ENT_027926,ent_bc9887c7217a
ENT_027927,ent_6f72219ff8e9
ENT_027928,ent_f47f7d649953
ENT_027929,ent_2abf46ea31e8
ENT_027930,ent_ddee850cf355
ENT_027934,ent_ca9b80e6f986
ENT_027935,ent_75e004f4e762
ENT_027937,ent_bbcacf23a695
ENT_027939,ent_0f826a51548b
ENT_027940,ent_d91eca4fb560
ENT_027941,ent_f18657644d29
ENT_027944,ent_d7067b3262f8
ENT_027945,ent_861188cee829
ENT_027946,ent_207de3aea1cf
ENT_027947,ent_985fdc7efdef
ENT_027948,ent_8e3855c12b08
ENT_027949,ent_b541cd28f456
ENT_027950,ent_685d231bfc2f
ENT_027951,ent_c7a2cc12631e
ENT_027952,ent_61cfe3fffbd7
ENT_027953,ent_5c569abf2f1b
ENT_027954,ent_d45a46dd8a0b
ENT_027955,ent_6b77f1ee31fc
ENT_027956,ent_377595137c0f
ENT_027958,ent_441921d2bbf2
ENT_027959,ent_4be84ef005d8
ENT_027960,ent_d7fab20371c4
ENT_027961,ent_d4e9ff838de9
ENT_027964,ent_348f9dc62653
ENT_027965,ent_c5bf7067a48d
ENT_027966,ent_801ce8aa84ec
ENT_027967,ent_00f8b6d6822f
ENT_027968,ent_37f06bee9c3a
ENT_027969,ent_33ba396ef563
ENT_027971,ent_67ac78b911e3
ENT_027973,ent_c94f886d22aa
ENT_027974,ent_3962b6af09e0
ENT_027976,ent_d4b8564e38da
ENT_027977,ent_afadb8e81f03
ENT_027978,ent_9579525548ba
ENT_027979,ent_8d79b47ead98
ENT_027981,ent_c18506d136ae
ENT_027982,ent_92b0ee0ff31e
ENT_027986,ent_5814eee4d4b4
ENT_027987,ent_5b57d0c1ab51
ENT_027988,ent_73d014c7eb29
ENT_027990,ent_72b93c3afda8
ENT_027991,ent_38a3cc40db12
ENT_027992,ent_f9d15614e576
ENT_027993,ent_34bb586e6cb0
ENT_027994,ent_b845c8571210
ENT_027995,ent_f124f58f6d94
ENT_027996,ent_1a8ed4f2fbaa
ENT_027997,ent_735b29123e27
ENT_027998,ent_e4ed43427992
ENT_027999,ent_452c41f47a75
ENT_028000,ent_6ac4a9379075
ENT_028001,ent_efd9a4a73249
ENT_028002,ent_5cc6393abd75
ENT_028003,ent_a293247876ea
ENT_028004,ent_f95242f33cec
ENT_028005,ent_b19bceed9ffc
ENT_028006,ent_25b56dc9654d
ENT_028007,ent_b05ff76b30e8
ENT_028008,ent_fcea9ee5da84
ENT_028009,ent_65f47960ef04
ENT_028010,ent_08b632e3eea6
ENT_028013,ent_f9c5582ecc0a
ENT_028014,ent_77ed0fd843db
ENT_028016,ent_e5201fd8143b
ENT_028017,ent_bbbfceceb42f
ENT_028019,ent_8602d3b19929
ENT_028020,ent_b4c6850fa588
ENT_028022,ent_33bd97a00673
ENT_028024,ent_e58f3ee8d536
ENT_028025,ent_658562564c1d
ENT_028026,ent_a2251f536d53
ENT_028027,ent_d3cd17c9d404
ENT_028028,ent_7bb62865cbd1
ENT_028029,ent_027f96e93729
ENT_028030,ent_7fbb57541aaf
ENT_028031,ent_31c973043655
ENT_028032,ent_0bee6e5e6ac2
ENT_028033,ent_ad55d6b3acf8
ENT_028034,ent_0e4735e216e0
ENT_028035,ent_72aa360cbc19
ENT_028037,ent_02d4994d8d42
ENT_028039,ent_405a31ff4ecf
ENT_028041,ent_e552790b2ca2
ENT_028043,ent_bddac94e029a
ENT_028044,ent_07075e271963
ENT_028046,ent_dc944c0f744b
ENT_028047,ent_1c91b94a4b52
ENT_028048,ent_bf820d050f3a
ENT_028049,ent_32510bb90b35
ENT_028051,ent_d49785201422
ENT_028052,ent_b2e38a29eff3
ENT_028053,ent_66250b7f34d0
ENT_028054,ent_28ee3838d493
ENT_028055,ent_24f279c44422
ENT_028056,ent_9a734c770ff6
ENT_028057,ent_e03fc94a2829
ENT_028058,ent_c06eeb544199
ENT_028059,ent_3d8bfca4baa8
ENT_028060,ent_c2cf9e7f64ce
ENT_028061,ent_dc3a96f61b6b
ENT_028062,ent_43c5293095ea
ENT_028063,ent_3f48293434b5
ENT_028064,ent_f45221b863b0
ENT_028065,ent_15347159d8fd
ENT_028066,ent_ca7769c8db25
ENT_028067,ent_60d73e231d26
ENT_028068,ent_adf2e8c12f17
ENT_028069,ent_cbdfe4197460
ENT_028070,ent_6a5ca85eb792
ENT_028071,ent_847d241175c2
ENT_028072,ent_8a23d16bc6f8
ENT_028073,ent_5cf04450bfbe
ENT_028074,ent_0846d9851f75
ENT_028075,ent_3c4bde661700
ENT_028076,ent_6a20b1074a33
ENT_028077,ent_0c9e92954dd3
ENT_028078,ent_b5f21754afc7
ENT_028079,ent_ef730738c9ac
ENT_028080,ent_90ae4ba842f4
ENT_028081,ent_11254a450875
ENT_028082,ent_8322e5544323
ENT_028083,ent_f938259bcf91
ENT_028084,ent_0055f777d70a
ENT_028085,ent_44066dc17e18
ENT_028086,ent_0b9abddc98d9
ENT_028088,ent_68b45b53dde8
ENT_028089,ent_4c346660c61f
ENT_028090,ent_b7fd89a6d5a6
ENT_028091,ent_f406456317e4
ENT_028092,ent_52a4dd98989f
ENT_028093,ent_ad60131240f9
ENT_028096,ent_5627555c8eea
ENT_028098,ent_1fa9bcfac230
ENT_028100,ent_bc1b5ac8c84a
ENT_028101,ent_c7c453b64bdc
ENT_028103,ent_9dcbb25e53c9
ENT_028104,ent_c7ba849139e2
ENT_028105,ent_67159e68198e
ENT_028106,ent_48d14ccfed82
ENT_028107,ent_5e4f068d07f1
ENT_028108,ent_1271365bf141
ENT_028111,ent_61da9221c332
ENT_028112,ent_0a01c4732fad
ENT_028113,ent_fa3f472281cc
ENT_028114,ent_5f740e12af9d
ENT_028118,ent_5e40d589a4b7
ENT_028119,ent_cac52a8587f6
ENT_028121,ent_1459d7a5f56d
ENT_028122,ent_9daf4848b9cc
ENT_028123,ent_b06942f42bfc
ENT_028124,ent_4ae669ba604b
ENT_028125,ent_1cfc9c4fbe29
ENT_028130,ent_6e657fc45d33
ENT_028131,ent_4ec729f80a9d
ENT_028134,ent_1d7b8eac03ff
ENT_028135,ent_b1f852d4935a
ENT_028136,ent_248d30c178e8
ENT_028137,ent_52929b49aa89
ENT_028138,ent_563c239dfdc8
ENT_028139,ent_efbfe0973cde
ENT_028140,ent_a578850b96db
ENT_028141,ent_0e11a07c2fb9
ENT_028142,ent_66d41f09f4f8
ENT_028143,ent_a89fbcb1b8f2
ENT_028144,ent_5c3044bc0691
ENT_028146,ent_8892a9ec5f48
ENT_028147,ent_7af1249e75ef
ENT_028148,ent_ed3f35ec6442
ENT_028149,ent_02dfdc17935a
ENT_028150,ent_5b39da244265
ENT_028151,ent_d82aa59e6f3d
ENT_028152,ent_c2ba617bd833
ENT_028153,ent_d09bf730dd08
ENT_028154,ent_74bd93934281
ENT_028155,ent_2dab8fd97bec
ENT_028156,ent_c26a903f9310
ENT_028157,ent_4f692c7f35ba
ENT_028158,ent_1a5cd886bf94
ENT_028159,ent_981477e70dc6
ENT_028160,ent_afcae9d2aa46
ENT_028161,ent_92781f4ead64
ENT_028162,ent_1ea7230a74c1
ENT_028163,ent_6702ca450082
ENT_028164,ent_50ceacf6a93b
ENT_028165,ent_bfe700542391
ENT_028166,ent_d1fd12f76bd6
ENT_028167,ent_5ad1b3c5d3a8
ENT_028168,ent_4c7951ad1d06
ENT_028169,ent_b61f488704f0
ENT_028170,ent_9bd2c42dfd08
ENT_028171,ent_b2780ac1e2d5
ENT_028172,ent_f847f1d51ad0
ENT_028173,ent_1776fe411d92
ENT_028174,ent_7c08bdcc4cc9
ENT_028175,ent_a5236930ee98
ENT_028176,ent_84d80b89aa0a
ENT_028177,ent_14d6fbd0ff75
ENT_028178,ent_0775a3ed1963
ENT_028179,ent_a5582f3182ff
ENT_028180,ent_0816efd4bc4d
ENT_028181,ent_1d35cd64ea91
ENT_028182,ent_96f2c83467d1
ENT_028183,ent_3e1ab42a98e8
ENT_028184,ent_c7a3d8fe8859
ENT_028185,ent_028523b3f7c3
ENT_028186,ent_2de7922bdaee
ENT_028187,ent_62d0734ff98b
ENT_028188,ent_95e9226c3fde
ENT_028189,ent_1fbe2148f56d
ENT_028190,ent_b9e5c8768fe0
ENT_028191,ent_0d6b05d3235a
ENT_028192,ent_646c2843f8c3
ENT_028193,ent_6bfc3bffb549
ENT_028194,ent_fac72568a155
ENT_028195,ent_4ffc6165648d
ENT_028196,ent_913568ec0725
ENT_028197,ent_cc896659a28e
ENT_028198,ent_658deb0222e6
ENT_028199,ent_3c889541e35a
ENT_028200,ent_48dfffa8f489
ENT_028201,ent_ebbfed9b6746
ENT_028202,ent_183b2f829066
ENT_028203,ent_eecd0effe3f0
ENT_028204,ent_b84e7b1e9d8f
ENT_028205,ent_df8385ef92c7
ENT_028206,ent_ebde165a031a
ENT_028207,ent_1e3138d17111
ENT_028208,ent_53c20a536044
ENT_028209,ent_15fcbc5e3c20
ENT_028210,ent_9b1572b0f07c
ENT_028211,ent_41172e0ac84e
ENT_028212,ent_ee1e10876575
ENT_028213,ent_fec9b589657b
ENT_028214,ent_0f3142c7ee78
ENT_028215,ent_9bd9aac3e0cc
ENT_028216,ent_fb59eef5a41c
ENT_028217,ent_8b69564c3e76
ENT_028218,ent_fc299d32469f
ENT_028219,ent_ea26aed0a50c
ENT_028220,ent_a3ad3495ce2c
ENT_028221,ent_180e0b514fda
ENT_028222,ent_64b1ea72f5ab
ENT_028223,ent_2f83237b10a4
ENT_028224,ent_4045cafe118b
ENT_028225,ent_f1b4ae5577de
ENT_028226,ent_c7f45c823aad
ENT_028227,ent_421166a947cf
ENT_028228,ent_294ecc97286f
ENT_028229,ent_3c74f47b6685
ENT_028230,ent_0d5aa0e4e0b3
ENT_028231,ent_43a0bdd5d859
ENT_028232,ent_56e65af606f4
ENT_028233,ent_9b4616241651
ENT_028234,ent_b153e7d69701
ENT_028235,ent_bc237fefbf8d
ENT_028236,ent_c54c7c1f92df
ENT_028237,ent_18facea6c6cd
ENT_028238,ent_fee3664d1413
ENT_028239,ent_6aa3ccd586ee
ENT_028240,ent_33b7690a5222
ENT_028241,ent_ca104f30826e
ENT_028242,ent_cce9b3258858
ENT_028243,ent_7649c985448a
ENT_028244,ent_ac0d7adef2db
ENT_028245,ent_70dbf5a2058c
ENT_028246,ent_cbbfff2b3bc1
ENT_028247,ent_722787374c93
ENT_028248,ent_21d0a41580c2
ENT_028249,ent_a6533975961c
ENT_028250,ent_4d7d8a394320
ENT_028251,ent_a4a8edc72dfd
ENT_028252,ent_06fb6545e920
ENT_028253,ent_b029c2767912
ENT_028254,ent_1237bf26349e
ENT_028255,ent_152ab2806d84
ENT_028256,ent_b1060530670f
ENT_028257,ent_2c3567c4db6e
ENT_028258,ent_f055ae733123
ENT_028259,ent_7a9eaa21c468
ENT_028260,ent_df452b1a17dc
ENT_028261,ent_b12a1a270a18
ENT_028262,ent_dded42920e8d
ENT_028263,ent_187cced6553c
ENT_028264,ent_576ba71b1309
ENT_028265,ent_d17a7fb6b729
ENT_028266,ent_8bf562ca1816
ENT_028267,ent_c6d7d5d52e34
ENT_028268,ent_5140ebb22d66
ENT_028269,ent_3596953f7b08
ENT_028270,ent_8749fe84fda2
ENT_028271,ent_58e125176193
ENT_028272,ent_fde4a7d966a1
ENT_028273,ent_901a063a3ec2
ENT_028274,ent_7940334e6e1a
ENT_028275,ent_d9becbedf349
ENT_028276,ent_8c5a59670d23
ENT_028277,ent_e92f2837aba1
ENT_028278,ent_f8843e002263
ENT_028279,ent_40593dc6315f
ENT_028280,ent_b357e2250f0c
ENT_028281,ent_80ff726a44c1
ENT_028282,ent_ffe622f98e7e
ENT_028283,ent_810292ef48a4
ENT_028284,ent_ad14d6de9c3b
ENT_028285,ent_e14d077f2b79
ENT_028286,ent_8313648e0380
ENT_028287,ent_1e68e5b56d29
ENT_028288,ent_6efc629d9e68
ENT_028289,ent_481fbab4dac6
ENT_028290,ent_386f604758c7
ENT_028291,ent_7585372e576d
ENT_028292,ent_f5bab331034d
ENT_028293,ent_9d2523f2e688
ENT_028294,ent_53fb317ca951
ENT_028295,ent_a856913bc23c
ENT_028296,ent_2d85919712d8
ENT_028297,ent_a616ec8174c4
ENT_028298,ent_c19be059531d
ENT_028299,ent_d37883769294
ENT_028300,ent_dc5d219ff2ad
ENT_028301,ent_05f7391b4051
ENT_028302,ent_e488f600dce8
ENT_028303,ent_c611388229bb
ENT_028304,ent_b1de417e530b
ENT_028305,ent_fb63263d88a3
ENT_028306,ent_605204dc932c
ENT_028307,ent_0b3ed73592f3
ENT_028309,ent_ba8b38717052
ENT_028310,ent_b0f779582468
ENT_028311,ent_dd3d052c1238
ENT_028312,ent_cb24832b7e12
ENT_028313,ent_beedd4c97955
ENT_028314,ent_8ecd365bfc5b
ENT_028315,ent_22522d97fcba
ENT_028316,ent_81eecedae1af
ENT_028317,ent_0690b70c25db
ENT_028318,ent_cd7812db5177
ENT_028319,ent_26bbd0604ef8
ENT_028320,ent_d4ae32bcf637
ENT_028321,ent_0ad92c127f18
ENT_028322,ent_9ebf18b68682
ENT_028323,ent_a7b6dd9f31ac
ENT_028324,ent_1b285beaa450
ENT_028325,ent_29a068f45858
ENT_028326,ent_fdc091111791
ENT_028327,ent_2ca82fbc8623
ENT_028328,ent_133467121874
ENT_028329,ent_1865ebc6fd8e
ENT_028330,ent_dddac6d591fb
ENT_028331,ent_2f965dff18e3
ENT_028332,ent_71408563ce9d
ENT_028333,ent_6165a3d9b191
ENT_028334,ent_68082270bd89
ENT_028335,ent_7b2e3e724fc3
ENT_028336,ent_934d5e32e1b6
ENT_028337,ent_e0f4bb8cf3fd
ENT_028338,ent_0e6f04ac93a7
ENT_028339,ent_2ce0486a4977
ENT_028340,ent_a6fa400e3898
ENT_028341,ent_5a56e2766dc7
ENT_028342,ent_25914c4a0505
ENT_028343,ent_952fb19d8daa
ENT_028344,ent_65314d1a8ca3
ENT_028345,ent_e99cf8d67468
ENT_028346,ent_c088f3211fe2
ENT_028347,ent_db3e10a5ceac
ENT_028348,ent_948590b9fa6d
ENT_028349,ent_0316650eaf87
ENT_028350,ent_e20ce75cfad9
ENT_028351,ent_f8f1d0ecdfd4
ENT_028352,ent_820949d1b027
ENT_028353,ent_06d876464ccc
ENT_028354,ent_663e5d06fb3e
ENT_028355,ent_3302985fdf96
ENT_028356,ent_3a798dcd3c58
ENT_028357,ent_d5b17f4e4c82
ENT_028358,ent_e70a29f42b72
ENT_028359,ent_43e30e654016
ENT_028360,ent_564d5e01378a
ENT_028361,ent_40d3acff0771
ENT_028362,ent_a6f8a1652aa1
ENT_028363,ent_0c6c5bf0c286
ENT_028364,ent_41042559477d
ENT_028365,ent_e62082791ab0
ENT_028366,ent_700780bf3b4e
ENT_028367,ent_b22e32365e52
ENT_028368,ent_4a743ebacb8d
ENT_028369,ent_71f690a33a71
ENT_028370,ent_e98cceb62338
ENT_028371,ent_6755493de4f0
ENT_028372,ent_a7aedcf077a5
ENT_028373,ent_29771b14d27d
ENT_028374,ent_947a51ee3637
ENT_028375,ent_5989dc230e07
ENT_028376,ent_0b01954cfdf4
ENT_028377,ent_ad5ff2845ed4
ENT_028378,ent_326887cab735
ENT_028379,ent_e6a1669ad837
ENT_028380,ent_9073ea8e5b04
ENT_028381,ent_b7b98707c534
ENT_028382,ent_50f02cbc7f36
ENT_028383,ent_989a93f2644e
ENT_028384,ent_0ebca81fa871
ENT_028385,ent_10877a944f4b
ENT_028386,ent_4086d5a4ff63
ENT_028387,ent_699a118b691d
ENT_028388,ent_778615b05b3c
ENT_028389,ent_c91c2b914c05
ENT_028390,ent_b0da0c979ad2
ENT_028391,ent_ff0f16d5f8f7
ENT_028392,ent_f1a41795ca09
ENT_028393,ent_eebd93de3245
ENT_028394,ent_93b92c8d59ff
ENT_028395,ent_9d9d6d0de2b7
ENT_028396,ent_c7db96df000d
ENT_028397,ent_30ab078f6896
ENT_028398,ent_267475be3cf6
ENT_028399,ent_30e528f4fdb4
ENT_028400,ent_3a11e75eb035
ENT_028401,ent_af7514a64f46
ENT_028402,ent_77949b85bc0f
ENT_028403,ent_864d0089c147
ENT_028404,ent_1cea26660df9
ENT_028405,ent_f0aa1036a2f7
ENT_028406,ent_6c0408e91fe5
ENT_028407,ent_52f9006f84d6
ENT_028408,ent_b7f6d05ce2e6
ENT_028409,ent_009c6b130003
ENT_028410,ent_2c0ee323b2a2
ENT_028411,ent_f87d8bc4eb32
ENT_028413,ent_60b958216128
ENT_028414,ent_3fae2b26ac26
ENT_028415,ent_d711d97ea5e2
ENT_028416,ent_e0d62145bfa2
ENT_028417,ent_8cd976a4c01f
ENT_028418,ent_c1261d4ce449
ENT_028419,ent_352671762556
ENT_028420,ent_6266ba1492de
ENT_028421,ent_c8a3feaa751e
ENT_028422,ent_7516dc7a2ec0
ENT_028423,ent_deef8274ce1a
ENT_028427,ent_5892747a085e
ENT_028428,ent_e8458b9de0d4
ENT_028429,ent_5722f1ee15d0
ENT_028430,ent_e79e1409d77c
ENT_028431,ent_b54e988bd4a2
ENT_028432,ent_435529e64a27
ENT_028433,ent_b25ad72165d9
ENT_028434,ent_9867d855a548
ENT_028435,ent_16468c95a1e7
ENT_028437,ent_e1e95ae7960a
ENT_028438,ent_e8a746811147
ENT_028439,ent_9374f4d5a9a8
ENT_028440,ent_4b406a60a41d
ENT_028441,ent_cc32e9621553
ENT_028442,ent_273383f08155
ENT_028443,ent_086d7b392820
ENT_028444,ent_5fe5d050e7af
ENT_028445,ent_77e0a4d14210
ENT_028446,ent_de8241d10d22
ENT_028448,ent_e57372e7393d
ENT_028449,ent_36690dd0c0f2
ENT_028450,ent_1e631f85a8b9
ENT_028451,ent_f7938e727111
ENT_028452,ent_06fb013cfc3f
ENT_028453,ent_cf065006cfb0
ENT_028454,ent_a2122fc36c39
ENT_028456,ent_fd3ecfd5e78e
ENT_028458,ent_cae52dacc58a
ENT_028459,ent_ed5f99748c6b
ENT_028463,ent_5ee14b82c12c
ENT_028464,ent_0eec28bf966e
ENT_028465,ent_9240a15d1584
ENT_028466,ent_49988e698c45
ENT_028467,ent_4e4fa81fd7cb
ENT_028468,ent_0fc89bc10c9d
ENT_028469,ent_535052e9d818
ENT_028471,ent_b0387cfe38f8
ENT_028472,ent_aa8ab6bfca79
ENT_028473,ent_3f432b61d59c
ENT_028474,ent_701ddc389189
ENT_028476,ent_b45af3a8391d
ENT_028478,ent_f9b54739fbd3
ENT_028479,ent_b54faaa4583a
ENT_028480,ent_4ca56e56f021
ENT_028481,ent_801b903b3aa1
ENT_028482,ent_f552cda67f1a
ENT_028483,ent_f4f5e67f9c19
ENT_028484,ent_bea062b90001
ENT_028485,ent_2255760b17aa
ENT_028486,ent_dae7d31b446d
ENT_028487,ent_99b632f166d3
ENT_028488,ent_b5fbcf01951e
ENT_028490,ent_f5effa671386
ENT_028491,ent_fe8b21dbaa5a
ENT_028492,ent_864042e4f3c8
ENT_028493,ent_662f6cdaaf97
ENT_028494,ent_99f7b6409b33
ENT_028495,ent_9d2a46a27cdd
ENT_028496,ent_1f81b237b168
ENT_028498,ent_127edd864762
ENT_028499,ent_199e0024f644
ENT_028501,ent_2a3a0f650eaa
ENT_028502,ent_ca2bfd3eb2ca
ENT_028505,ent_fdf371bd5e36
ENT_028506,ent_e111d94755c2
ENT_028507,ent_287aba4fc35f
ENT_028508,ent_6af21a11eefe
ENT_028509,ent_6d08cf826e3f
ENT_028510,ent_58d4259fe449
ENT_028511,ent_508d0e9a6066
ENT_028512,ent_b74727ef43af
ENT_028514,ent_ac5e6bf7aae7
ENT_028516,ent_2b5791884417
ENT_028517,ent_0c846e21dc7d
ENT_028518,ent_04c27abd035d
ENT_028520,ent_1c4398065766
ENT_028521,ent_1ee6c7969817
ENT_028522,ent_db71c2e541c4
ENT_028525,ent_2aa44f51a198
ENT_028526,ent_f34c2afe98f3
ENT_028528,ent_ed80ca0437b2
ENT_028529,ent_f0ce22cec69a
ENT_028531,ent_5df9f249c32e
ENT_028533,ent_1cf8fc215bd6
ENT_028534,ent_21cc449a634d
ENT_028535,ent_d95e39124912
ENT_028536,ent_ef797dac6346
ENT_028539,ent_fe0550ca2ab0
ENT_028541,ent_ae33544f3709
ENT_028544,ent_f2266b40483a
ENT_028546,ent_cd08ce6ac034
ENT_028547,ent_ca30dc276eaa
ENT_028548,ent_f70edd4692ec
ENT_028550,ent_12979caa2bee
ENT_028552,ent_934cda49051c
ENT_028554,ent_125cb094c3c4
ENT_028557,ent_a5ae087067a2
ENT_028558,ent_38afcd2be5e7
ENT_028560,ent_325a9b26fc93
ENT_028561,ent_98879b5cebcf
ENT_028562,ent_42f46afed6b3
ENT_028563,ent_982fcc95576e
ENT_028565,ent_b96662542559
ENT_028566,ent_687647633908
ENT_028568,ent_c7075c01fa92
ENT_028569,ent_2472e81df406
ENT_028570,ent_3f9bbae50416
ENT_028571,ent_a7a1f34baccd
ENT_028572,ent_e3691bdf7e64
ENT_028573,ent_7e3ffde8210a
ENT_028574,ent_35cf442215b5
ENT_028575,ent_d489c770b8f0
ENT_028576,ent_d4c66f2f62c5
ENT_028577,ent_b67ffb123455
ENT_028578,ent_d4d31457e6e3
ENT_028579,ent_a6bc7225d669
ENT_028580,ent_995d42c66f95
ENT_028581,ent_e60073161aee
ENT_028582,ent_de94f227752e
ENT_028583,ent_4c09b0eb0f92
ENT_028584,ent_0b51fdef0390
ENT_028585,ent_08aa03fda75b
ENT_028586,ent_88eb08f53b87
ENT_028587,ent_459643eae7e5
ENT_028588,ent_6be97d05caac
ENT_028589,ent_aecb5a4a29aa
ENT_028590,ent_c357fa4f13a5
ENT_028591,ent_46f5de31d2cf
ENT_028592,ent_16119e7b47e5
ENT_028593,ent_f917d9b1a5d4
ENT_028594,ent_6bc45b925893
ENT_028595,ent_694653190e14
ENT_028596,ent_1ce437a7a346
ENT_028597,ent_10c31e914030
ENT_028598,ent_aebb42dfe2f0
ENT_028599,ent_5b3d6025697a
ENT_028600,ent_c7da23debf62
ENT_028601,ent_c2e5626c2abe
ENT_028602,ent_d92efa1827de
ENT_028603,ent_8fbcbeb2068c
ENT_028604,ent_7456e5c35a26
ENT_028605,ent_ef8d9f08fce3
ENT_028606,ent_434b9d0bca5c
ENT_028607,ent_f129529ae800
ENT_028608,ent_f1a9f685e7df
ENT_028609,ent_8033910673cf
ENT_028610,ent_9dc7d361f0e1
ENT_028611,ent_e7c1a5a1a549
ENT_028612,ent_4ad362cc312f
ENT_028613,ent_24ddacf32e88
ENT_028614,ent_d9d7c665a514
ENT_028615,ent_606b30dfaf5a
ENT_028616,ent_fd59e36e6489
ENT_028617,ent_45d75956d146
ENT_028618,ent_6fc48c6e0daa
ENT_028620,ent_c41c9affdc9a
ENT_028621,ent_a6262c227bea
ENT_028622,ent_9f6f388659b1
ENT_028623,ent_3e2934e26dab
ENT_028624,ent_251c46f380e2
ENT_028625,ent_c54d9c3d9d2f
ENT_028626,ent_c21ef36b63fa
ENT_028627,ent_fe72e302ec0b
ENT_028628,ent_da0a2309c4f6
ENT_028629,ent_1c87ce0154dd
ENT_028630,ent_df65dd685242
ENT_028631,ent_28d9b76a119f
ENT_028632,ent_112ab51d8308
ENT_028633,ent_b63f9c0b39b3
ENT_028634,ent_8193503d7a00
ENT_028635,ent_67e2c6473278
ENT_028636,ent_0e5a757649de
ENT_028637,ent_cb12cb7c3efc
ENT_028638,ent_8e6535934b74
ENT_028639,ent_fa2fcadce49c
ENT_028640,ent_a1dbdfa3042d
ENT_028641,ent_72cd9f67be32
ENT_028642,ent_c88bf398126c
ENT_028643,ent_dd5a91d17dcf
ENT_028644,ent_835afc7f11f5
ENT_028645,ent_ea026a4981dc
ENT_028646,ent_a0c21e7d9660
ENT_028647,ent_eb959e5fb47f
ENT_028649,ent_238fafee8e57
ENT_028650,ent_1eaf91888d8d
ENT_028651,ent_9fb088c75b4f
ENT_028652,ent_a8d0e64271e1
ENT_028653,ent_e1b7cb6138d1
ENT_028654,ent_4e43f240a82e
ENT_028655,ent_15e7d09a7e14
ENT_028656,ent_e2af3e817166
ENT_028657,ent_f72ad4b8318b
ENT_028658,ent_5202d333512a
ENT_028659,ent_27d9ed3d4f99
ENT_028660,ent_cc29eea3a385
ENT_028661,ent_658d427c6a0a
ENT_028662,ent_575123fd50c2
ENT_028664,ent_1875ed55894e
ENT_028666,ent_07849bcbe431
ENT_028667,ent_9e4b01bd95b7
ENT_028669,ent_d5e3240c4b06
ENT_028670,ent_da75186a6dbc
ENT_028671,ent_92c3e896308f
ENT_028672,ent_e02245f92345
ENT_028674,ent_ba7c855552aa
ENT_028675,ent_723f67a006b3
ENT_028676,ent_958a06311d7b
ENT_028677,ent_f96a7f8dc93f
ENT_028678,ent_d5736d5db23b
ENT_028679,ent_1ac27bd7884d
ENT_028680,ent_627c80c9b8b1
ENT_028681,ent_ee0885a012ca
ENT_028684,ent_889736fe1f83
ENT_028685,ent_a31cac269722
ENT_028686,ent_c9ef85246fb1
ENT_028689,ent_010233278bce
ENT_028690,ent_f0990fdcee2d
ENT_028691,ent_91d982278bd2
ENT_028692,ent_ed829ababce0
ENT_028693,ent_31b14407c6a3
ENT_028694,ent_c4a2934a1c9f
ENT_028695,ent_97732d5664f1
ENT_028696,ent_612d910e2f9d
ENT_028697,ent_d071b2d6ef10
ENT_028698,ent_e13cfc92ddfb
ENT_028701,ent_e54a7939f574
ENT_028702,ent_8f762189c21b
ENT_028704,ent_238c0073d73d
ENT_028706,ent_d41d1d912005
ENT_028707,ent_12c87328d5b1
ENT_028709,ent_2384798260f9
ENT_028710,ent_dcd10d5b8450
ENT_028711,ent_8a315b88e04e
ENT_028712,ent_b768ed24d361
ENT_028713,ent_ba7e65c803dc
ENT_028714,ent_abaa9bd38dc9
ENT_028715,ent_d332e320e756
ENT_028717,ent_ba68a05a7343
ENT_028718,ent_8f639f81ad1d
ENT_028720,ent_e499327df601
ENT_028721,ent_63f9cc65ba44
ENT_028722,ent_f43a2a3e509e
ENT_028723,ent_cca0eb9c96ce
ENT_028724,ent_e4eacf8ce149
ENT_028725,ent_0a8d10a1cc1c
ENT_028727,ent_00e685a1895e
ENT_028729,ent_376d1df0b01d
ENT_028730,ent_6c4e0ce65144
ENT_028732,ent_db17f3eed62f
ENT_028733,ent_a3b5abdfc346
ENT_028734,ent_c78619ef19c1
ENT_028735,ent_7953dbccf5bd
ENT_028736,ent_9d8d9aea317a
ENT_028737,ent_5ddbd500adb0
ENT_028738,ent_4bc75515d973
ENT_028739,ent_b4233cf1ca7c
ENT_028741,ent_6cb97e43b906
ENT_028742,ent_91dfc7839f11
ENT_028745,ent_8e50dd71e6e9
ENT_028746,ent_62c1343f5a05
ENT_028749,ent_dc2c6d84bce8
ENT_028750,ent_d46e3c4b39d4
ENT_028751,ent_2fa555e2d14f
ENT_028752,ent_b1df9ce62953
ENT_028753,ent_597070d5ec00
ENT_028755,ent_fe9ef173e59b
ENT_028757,ent_36de2fab483f
ENT_028758,ent_3afc24a1ad8e
ENT_028759,ent_2ea8d8a19469
ENT_028760,ent_eaa93cc599cf
ENT_028761,ent_344d37d88222
ENT_028762,ent_8aa8bc442a47
ENT_028763,ent_aa95d8baa89b
ENT_028764,ent_9a6a75cefc6d
ENT_028765,ent_cf9fb13580c6
ENT_028766,ent_86cac06986b8
ENT_028767,ent_1e804f7b4f90
ENT_028769,ent_93d26b9a78d9
ENT_028770,ent_5170baf57b29
ENT_028772,ent_8af19147cf5b
ENT_028773,ent_8a1b340442cc
ENT_028774,ent_4a89b83c5f71
ENT_028775,ent_8d7ee686eeaa
ENT_028776,ent_405195e2d01b
ENT_028777,ent_1a00091a56ff
ENT_028779,ent_ef2a9e49c397
ENT_028787,ent_843765415acc
ENT_028789,ent_be412fbc7351
ENT_028790,ent_2490c1b4f053
ENT_028791,ent_8b9331afba3e
ENT_028792,ent_8fa6fdec9842
ENT_028793,ent_24ce28f72d88
ENT_028795,ent_4d52c658afa5
ENT_028796,ent_8fa6e7d05935
ENT_028798,ent_e28378963db3
ENT_028799,ent_e83de6fb7a9f
ENT_028800,ent_9957be9fb660
ENT_028801,ent_dd56e1e3c62c
ENT_028804,ent_08d6fd509acf
ENT_028805,ent_a4c32d2d00dc
ENT_028806,ent_d64906e53e22
ENT_028808,ent_d92cc999a2f9
ENT_028809,ent_7c6e5d63e1d7
ENT_028810,ent_27cbc7415c39
ENT_028811,ent_566eb6297cfa
ENT_028813,ent_b51d439aa88f
ENT_028815,ent_cab9034d4fe4
ENT_028816,ent_904f0da6b2b4
ENT_028818,ent_16b0b4d4acbc
ENT_028819,ent_2a7f7c9176a1
ENT_028820,ent_6bc20afa7354
ENT_028821,ent_cf60bd488908
ENT_028823,ent_0b6c47af8022
ENT_028824,ent_2b7387e4eee3
ENT_028825,ent_0ca64c2c37a6
ENT_028826,ent_2a02eddbe9c3
ENT_028827,ent_66c8e1123319
ENT_028828,ent_0e0736788c1c
ENT_028829,ent_9a869bfacba5
ENT_028830,ent_bad9f0e3ebb9
ENT_028831,ent_5b070164db2f
ENT_028832,ent_8d76b3feaf88
ENT_028833,ent_15d8461f906e
ENT_028835,ent_1fca0c39fb97
ENT_028836,ent_cfe0c0cce1c0
ENT_028837,ent_f3f4efe2f20a
ENT_028838,ent_fd2600b5fbe8
ENT_028840,ent_aceae5544503
ENT_028841,ent_9d3c7e33dbda
ENT_028842,ent_54d7f3504ce4
ENT_028844,ent_18325c900e53
ENT_028846,ent_38dcca3d1f47
ENT_028847,ent_c26b166c7582
ENT_028848,ent_4e999ecebac0
ENT_028850,ent_aa28fd957270
ENT_028851,ent_7c2513f9384a
ENT_028852,ent_31793622dd83
ENT_028854,ent_92fb902e6896
ENT_028855,ent_71c7b910ffe1
ENT_028856,ent_b5f68fe46732
ENT_028858,ent_efe0fe1fef2e
ENT_028859,ent_4ae09c0e69c7
ENT_028860,ent_b94ffde2ae5f
ENT_028862,ent_1f8d8cd0ce85
ENT_028863,ent_0c68e8d50e37
ENT_028864,ent_4904f3a10654
ENT_028865,ent_665f0a48f7c1
ENT_028866,ent_351f9274d5d2
ENT_028868,ent_9ee3f7156fc0
ENT_028869,ent_6a12f79f0346
ENT_028870,ent_4bf9ff0fa089
ENT_028871,ent_5005811fc90f
ENT_028872,ent_3ad1ccfb11df
ENT_028873,ent_de2624761c90
ENT_028874,ent_0341f60edea7
ENT_028875,ent_ab9f83c24a99
ENT_028876,ent_a97053a204db
ENT_028877,ent_6593992eccd5
ENT_028878,ent_461f2ea366bf
ENT_028879,ent_e0df20a7b6d7
ENT_028880,ent_2c9e9e6cef82
ENT_028881,ent_e3e0ea3a7511
ENT_028882,ent_9054f519522a
ENT_028883,ent_dd66cfe8e69d
ENT_028884,ent_19bad442d916
ENT_028885,ent_01a94b041bb9
ENT_028886,ent_b3fa06994698
ENT_028888,ent_0c9855881300
ENT_028889,ent_9928cd12d2b8
ENT_028890,ent_5b3619c15428
ENT_028891,ent_5f2df2cc94b3
ENT_028892,ent_9606e4a4ea07
ENT_028895,ent_1227c87f66ab
ENT_028896,ent_262c1c29d9c8
ENT_028897,ent_f2627de3430c
ENT_028899,ent_95b3795967a5
ENT_028900,ent_673a7339e330
ENT_028901,ent_7e43db89cbf1
ENT_028903,ent_a9479f10e98a
ENT_028904,ent_e188bda4efa2
ENT_028905,ent_a61ad995724a
ENT_028906,ent_c7718960e18c
ENT_028907,ent_24baf44c1f29
ENT_028908,ent_f17ad39dbe0e
ENT_028909,ent_811907ed2b0b
ENT_028910,ent_20d1fd2a0f39
ENT_028911,ent_94607440d5a3
ENT_028912,ent_ae306bbca449
ENT_028913,ent_25af0632fe02
ENT_028914,ent_f8e9ab0a28f3
ENT_028916,ent_dbbfb04d83f5
ENT_028917,ent_d2995026b01c
ENT_028919,ent_8bfc6fae68f9
ENT_028920,ent_17b04a0aa5e0
ENT_028921,ent_21e8ad4432b2
ENT_028922,ent_808a10f7fc64
ENT_028923,ent_3982e1fb83f8
ENT_028924,ent_ad008aa5bb23
ENT_028925,ent_3b17f8dcfaf6
ENT_028926,ent_8140f68a375b
ENT_028930,ent_2b6beba8014c
ENT_028931,ent_3ee52083babc
ENT_028933,ent_322a97428963
ENT_028935,ent_fed2057b3f0f
ENT_028936,ent_e1614cfa1c99
ENT_028937,ent_b4b13e0c635d
ENT_028938,ent_33b8922112b4
ENT_028942,ent_aebe5668739c
ENT_028943,ent_26053dcc1a2b
ENT_028944,ent_31e1f88be8a6
ENT_028945,ent_845cb4941015
ENT_028946,ent_204c94813002
ENT_028947,ent_a9b11ec57502
ENT_028948,ent_fc223a17f763
ENT_028949,ent_f1967721e107
ENT_028950,ent_fd6cd71d54c6
ENT_028951,ent_3ac7ff4caaf9
ENT_028952,ent_7eeeef33b136
ENT_028953,ent_acc63cfc923b
ENT_028954,ent_11084f72d408
ENT_028955,ent_192a8eaae579
ENT_028956,ent_b295f59bc65f
ENT_028957,ent_a607566cbd90
ENT_028958,ent_078687e7aa9d
ENT_028959,ent_e1eb495040a9
ENT_028960,ent_3cbc543a7712
ENT_028961,ent_9bf4bd410e27
ENT_028962,ent_9a73f65b76a1
ENT_028963,ent_56eb68ebcc1c
ENT_028964,ent_05577eff02a3
ENT_028965,ent_ef3b4ae3495d
ENT_028966,ent_7d5158fe2f51
ENT_028967,ent_22963ff7b789
ENT_028968,ent_3343f23533a0
ENT_028969,ent_0e2d03ef3e28
ENT_028971,ent_fdd84c3a1b41
ENT_028972,ent_6787508012a5
ENT_028973,ent_cd8d2609dd63
ENT_028974,ent_dfa7b496dff2
ENT_028975,ent_2a0a4b31cbae
ENT_028976,ent_a744be221548
ENT_028977,ent_c53fed3bbad8
ENT_028978,ent_fdf6947fa6ea
ENT_028979,ent_bd5ecbf40e39
ENT_028980,ent_2a2226f64970
ENT_028981,ent_5aa11b5192bd
ENT_028982,ent_2f923abeda72
ENT_028983,ent_90083a9ae736
ENT_028984,ent_f407f0769550
ENT_028985,ent_55324194561b
ENT_028986,ent_ee90836edbde
ENT_028987,ent_d3139bd4c168
ENT_028988,ent_711d601e886d
ENT_028989,ent_a04bf96456c8
ENT_028990,ent_cb20020a6d5c
ENT_028991,ent_dd0f04cefe69
ENT_028992,ent_5a75370aa85e
ENT_028993,ent_5c42e970a0b7
ENT_028994,ent_06989d8056a9
ENT_028995,ent_9dd4d1973409
ENT_028996,ent_c28e0e98e1e3
ENT_028997,ent_031b75a23e12
ENT_028998,ent_f4f176ba0cf0
ENT_028999,ent_7163939a5283
ENT_029000,ent_a7459ef7f872
ENT_029001,ent_95b94cee0972
ENT_029002,ent_d8b696685793
ENT_029003,ent_752eb8c2cc24
ENT_029004,ent_f6fb8a08e24f
ENT_029005,ent_be05ea4d2ab3
ENT_029006,ent_46a3bae0c683
ENT_029008,ent_49bc7dd91e73
ENT_029009,ent_e640f2e863c3
ENT_029010,ent_95b1703f912d
ENT_029012,ent_9f729f8512d6
ENT_029013,ent_b4c4ff0dfa83
ENT_029014,ent_9a7d2450e5eb
ENT_029015,ent_514ac0f03e97
ENT_029016,ent_0c6b6e4658fa
ENT_029017,ent_1578abecd09a
ENT_029018,ent_d309a46cc7b6
ENT_029019,ent_2e49aca314d9
ENT_029020,ent_00655c95f361
ENT_029021,ent_4223507b2c7d
ENT_029022,ent_6a4f3031cb8e
ENT_029023,ent_be1c9eeffb32
ENT_029024,ent_2b3ae51db41f
ENT_029025,ent_6e8ab1cf8de3
ENT_029026,ent_5690ab362142
ENT_029027,ent_185012b64933
ENT_029028,ent_499125c7883a
ENT_029029,ent_c227c490e561
ENT_029030,ent_3d470a717ef8
ENT_029031,ent_41790d59086f
ENT_029032,ent_a1a48a190597
ENT_029033,ent_327142fe9949
ENT_029034,ent_29e3cd7ccdba
ENT_029035,ent_8d034f10fbce
ENT_029036,ent_e589c09df319
ENT_029037,ent_d36aba98300c
ENT_029038,ent_a8c04b030c10
ENT_029039,ent_61c3c98d757f
ENT_029040,ent_b4dd09c9152b
ENT_029041,ent_451faab41e36
ENT_029042,ent_573738b5ff0e
ENT_029043,ent_dbf995d04735
ENT_029044,ent_50c6fc11c6b2
ENT_029045,ent_4e9d8efa6152
ENT_029046,ent_17828fd78934
ENT_029047,ent_0216ee208a04
ENT_029048,ent_bb54b7a16112
ENT_029049,ent_053aa71231a1
ENT_029050,ent_154c199f517d
ENT_029051,ent_355882c28c41
ENT_029052,ent_e85b96bb06d8
ENT_029053,ent_785d79c039ff
ENT_029054,ent_aeaac024a18f
ENT_029055,ent_dcbf56b094d4
ENT_029056,ent_ebe6529c9401
ENT_029057,ent_f46fcf5a57a1
ENT_029058,ent_cf049fabc2f5
ENT_029059,ent_bf7b73950389
ENT_029060,ent_055440e0bcad
ENT_029061,ent_49e173aa3f42
ENT_029062,ent_22863fe00783
ENT_029063,ent_0136af719251
ENT_029064,ent_d3585c7e3d5d
ENT_029065,ent_64cc4946d436
ENT_029066,ent_f25b4705b75c
ENT_029067,ent_ccfa80874b82
ENT_029068,ent_c74c4be184e5
ENT_029069,ent_bc2fd49e2643
ENT_029070,ent_a38880596684
ENT_029071,ent_9e5b199c49fe
ENT_029072,ent_6bf1bca00e00
ENT_029073,ent_b2d3781bcd73
ENT_029074,ent_c1333cc4631f
ENT_029075,ent_0d8e7f606116
ENT_029076,ent_2f918d2ce563
ENT_029078,ent_84c00ec33e54
ENT_029079,ent_2b85339a8ea3
ENT_029080,ent_074188499576
ENT_029081,ent_424304302482
ENT_029082,ent_89a2492aa94a
ENT_029083,ent_73a47e35959f
ENT_029084,ent_c1047babd3b4
ENT_029085,ent_3a0733fb050c
ENT_029086,ent_8da74470239f
ENT_029087,ent_95024b7d855a
ENT_029088,ent_9321d86dd79d
ENT_029089,ent_c2daa94bce53
ENT_029090,ent_f37cf5f1fa19
ENT_029091,ent_5bd2e91d9c8e
ENT_029092,ent_e39ef5321b03
ENT_029093,ent_80b4ed64fd6f
ENT_029094,ent_74d4bf5b4674
ENT_029095,ent_0c5e1f9f5602
ENT_029096,ent_662e470050ff
ENT_029097,ent_a4e5e613df2d
ENT_029098,ent_d5087d599838
ENT_029099,ent_f602146861c1
ENT_029100,ent_7b2319d8de3f
ENT_029101,ent_2b08a77c85a3
ENT_029102,ent_710e83d6d7e4
ENT_029103,ent_5b66b6c12ee9
ENT_029104,ent_99aa311cd29e
ENT_029105,ent_ab88dbc210a1
ENT_029106,ent_5dd25e81cce7
ENT_029107,ent_c1a35b71f398
ENT_029109,ent_26de12f09319
ENT_029110,ent_0f6d7da2bda7
ENT_029111,ent_44f8de28e279
ENT_029112,ent_78447a77a1ae
ENT_029113,ent_7d45fa973af1
ENT_029114,ent_1f4ac6263629
ENT_029115,ent_5aa9c9d5afd5
ENT_029116,ent_98c614e6d10c
ENT_029117,ent_ff712d415776
ENT_029118,ent_f35e1a687393
ENT_029119,ent_7b57dc486840
ENT_029120,ent_ac80bc1c7dc8
ENT_029121,ent_3ac27053e7c8
ENT_029122,ent_5c70e531b669
ENT_029123,ent_10e1f59684f0
ENT_029124,ent_26b9c7ca4126
ENT_029125,ent_7b3e5b112eb5
ENT_029126,ent_afcd9c3548e9
ENT_029127,ent_ba82b666412f
ENT_029128,ent_30923d007243
ENT_029129,ent_abcdf4f7c490
ENT_029130,ent_e9e60dc03e08
ENT_029131,ent_84275535046d
ENT_029132,ent_4181c457f1c0
ENT_029133,ent_2d44dbbfe4b6
ENT_029134,ent_9e90ab42a3b6
ENT_029135,ent_31d647addcfc
ENT_029136,ent_99694aec6c62
ENT_029137,ent_e1d6f5b50525
ENT_029138,ent_573cd0587967
ENT_029139,ent_e23c48dbf981
ENT_029140,ent_02eca412bcb9
ENT_029141,ent_7eb7a0b631f2
ENT_029142,ent_774cf421e47e
ENT_029143,ent_147f2566ec11
ENT_029144,ent_689264452fec
ENT_029145,ent_ee153a22cbb1
ENT_029146,ent_b8ffba0d98da
ENT_029147,ent_a30369cecded
ENT_029148,ent_bbe50e6c3ebc
ENT_029149,ent_0691b97c24b8
ENT_029150,ent_1733edb07878
ENT_029151,ent_b66ceb2c236f
ENT_029153,ent_cd686714634e
ENT_029154,ent_16e70d4b5aab
ENT_029155,ent_4a77a0d0c5e7
ENT_029156,ent_c95cc8eb1f9c
ENT_029157,ent_25a09d06872c
ENT_029158,ent_7d1f3d79daac
ENT_029160,ent_41598183ca5f
ENT_029161,ent_da66fb181805
ENT_029162,ent_d1afc3741799
ENT_029163,ent_82bdd4c442e6
ENT_029164,ent_7b0028454e08
ENT_029165,ent_295d703d76a9
ENT_029166,ent_8daf9d47d74b
ENT_029167,ent_ca037e6eeb2b
ENT_029168,ent_a8d772ed46ce
ENT_029169,ent_9649d5bf8aa5
ENT_029170,ent_242bd9d2d6d3
ENT_029171,ent_7c821c7c61fd
ENT_029172,ent_c5e7ee0fa6c7
ENT_029173,ent_cfacb885d4ea
ENT_029174,ent_1fc33cbed924
ENT_029175,ent_35ad1fcd5b31
ENT_029176,ent_643abfb62b27
ENT_029178,ent_0d4a2c5c0672
ENT_029179,ent_06dfa3ef7364
ENT_029180,ent_f92f06f158bf
ENT_029181,ent_7a0b22bcf6d1
ENT_029182,ent_5fc29070863f
ENT_029183,ent_4201bf4972f0
ENT_029184,ent_20d3e9d3c8ad
ENT_029185,ent_1fba35343017
ENT_029186,ent_37d6dfdf9ba5
ENT_029187,ent_cbc2eca20c10
ENT_029188,ent_a9ba73590754
ENT_029189,ent_2a4101dd5733
ENT_029190,ent_41630be54a3f
ENT_029191,ent_654d883b88a1
ENT_029192,ent_1601a93d23e6
ENT_029193,ent_8be6066bddc1
ENT_029194,ent_0d3384a4bad8
ENT_029195,ent_81d349113717
ENT_029196,ent_b51a571400c5
ENT_029197,ent_ac0d869bf82b
ENT_029198,ent_d15d4120f548
ENT_029199,ent_52c661d180c6
ENT_029200,ent_ee2bac51f203
ENT_029201,ent_8171a1da8bcf
ENT_029202,ent_41bec4343fd8
ENT_029203,ent_f858ac746633
ENT_029204,ent_93a3b3695224
ENT_029205,ent_d1e66f6af71d
ENT_029206,ent_c0ef7377f61b
ENT_029207,ent_4a69cf405f3c
ENT_029208,ent_08d06d5e12fd
ENT_029209,ent_39851b5e5cfc
ENT_029210,ent_f1c4afdf1cde
ENT_029211,ent_e5f6fdd98485
ENT_029212,ent_c39d83d3b4f0
ENT_029213,ent_4d6d2fd2182a
ENT_029214,ent_e486361a8660
ENT_029215,ent_e7fb3dca2baa
ENT_029216,ent_fe42f5bcf466
ENT_029217,ent_a6fdee5f9527
ENT_029218,ent_57139865dcbb
ENT_029219,ent_e83c256123c9
ENT_029220,ent_eea029d735c6
ENT_029221,ent_54d450debcf5
ENT_029222,ent_6be31120039a
ENT_029223,ent_daf64629dfff
ENT_029224,ent_349ff5939c83
ENT_029225,ent_da6d1f780fd4
ENT_029226,ent_92c93fac3002
ENT_029227,ent_ecfa16fb0977
ENT_029228,ent_6bddde5f904b
ENT_029229,ent_5fec19735e7a
ENT_029230,ent_191508274acd
ENT_029231,ent_78062eb7f338
ENT_029232,ent_9b96b29674d6
ENT_029233,ent_a41282fe1077
ENT_029234,ent_865fdd760cbc
ENT_029235,ent_6d51bab8c00c
ENT_029236,ent_b84beca34762
ENT_029237,ent_c29f961ebcb1
ENT_029238,ent_bd33bf2a0593
ENT_029239,ent_105f8c63dc74
ENT_029240,ent_a785c4278a9c
ENT_029241,ent_3808e587955c
ENT_029242,ent_3b538db1a155
ENT_029243,ent_0519142a02da
ENT_029244,ent_752a1066662e
ENT_029245,ent_9ecbbc3ce6ab
ENT_029246,ent_034f5ac4fd93
ENT_029247,ent_b7fbb964527a
ENT_029248,ent_440b9be88a6b
ENT_029249,ent_aa735d9765fd
ENT_029250,ent_b297d8eae8a2
ENT_029251,ent_2fbd8624df8e
ENT_029252,ent_6a9e2415e0f9
ENT_029253,ent_dfd39cfb42b8
ENT_029254,ent_752a0a2f2c71
ENT_029255,ent_407b806a8bc0
ENT_029256,ent_c9b530bb8345
ENT_029257,ent_c9d6038b9f19
ENT_029258,ent_86b51e2147c6
ENT_029259,ent_671956dd6f52
ENT_029260,ent_b7babc259739
ENT_029261,ent_0c21789bca3d
ENT_029262,ent_fa1ef0b0bcb7
ENT_029263,ent_05733c3be56b
ENT_029264,ent_da838f316a65
ENT_029265,ent_442873b62ba1
ENT_029266,ent_83795db7038c
ENT_029267,ent_3dd23eaa14c1
ENT_029268,ent_cf8f9c8c3dfa
ENT_029269,ent_bde749e37b81
ENT_029270,ent_b7d0774980d1
ENT_029271,ent_14364ade8b64
ENT_029272,ent_23d195d256af
ENT_029273,ent_bb4b23a2f6d6
ENT_029274,ent_ed08478ae454
ENT_029275,ent_b4e25f69ac13
ENT_029276,ent_a7611648409f
ENT_029277,ent_3dfdeb0e6142
ENT_029278,ent_0ed7bb81d2a7
ENT_029279,ent_c03f33006bd6
ENT_029280,ent_1e195ae09d50
ENT_029281,ent_406ae1c4ce3b
ENT_029282,ent_a46ab1485789
ENT_029283,ent_1a250dee36ba
ENT_029284,ent_4895ae32ada2
ENT_029285,ent_3acf9668c8e2
ENT_029286,ent_fde73cf99610
ENT_029287,ent_f231a6890640
ENT_029288,ent_77bb05d2faae
ENT_029289,ent_55c131005a27
ENT_029290,ent_81f523d472b9
ENT_029291,ent_1898bebc732d
ENT_029292,ent_205cf8dedd1e
ENT_029293,ent_ea5b33745c0d
ENT_029294,ent_2243a7af5c0d
ENT_029295,ent_a28e4221feca
ENT_029296,ent_90c059cf3174
ENT_029297,ent_ec1277c9f420
ENT_029298,ent_df27d34a59df
ENT_029299,ent_6d031e23b90d
ENT_029300,ent_d68f5eae56ba
ENT_029301,ent_cf5f1a42a59d
ENT_029302,ent_82d0cf539c96
ENT_029303,ent_d505319fe489
ENT_029304,ent_19a92ad4f47a
ENT_029305,ent_975e2c00f7c9
ENT_029306,ent_26ac2102a2b6
ENT_029307,ent_eebcd9b94cc2
ENT_029308,ent_c2e983e33669
ENT_029309,ent_dcd6d88da743
ENT_029311,ent_2c6aaa86b25a
ENT_029312,ent_7bf335e62572
ENT_029313,ent_7eea04152e2c
ENT_029314,ent_8568e3e7f34b
ENT_029315,ent_ba36242e1c71
ENT_029316,ent_95e3a2d1dd4e
ENT_029317,ent_8d6ebf0ac7af
ENT_029318,ent_a05ac082387f
ENT_029319,ent_f9aaf138b8e9
ENT_029320,ent_8d328e395767
ENT_029321,ent_bc467190118b
ENT_029322,ent_dd99b018772f
ENT_029323,ent_e422fa8ccf03
ENT_029324,ent_d4bb831d0168
ENT_029325,ent_097e9ae2e16b
ENT_029326,ent_2e000175566e
ENT_029327,ent_bca6b97288f2
ENT_029328,ent_f85e8373191d
ENT_029329,ent_77e9f49f9b03
ENT_029330,ent_b8af05717691
ENT_029331,ent_a310ff673324
ENT_029332,ent_349eb2874f89
ENT_029333,ent_b4044f78a52e
ENT_029334,ent_1b492f085721
ENT_029335,ent_ab9e2c1c60dc
ENT_029336,ent_ca194cc29135
ENT_029337,ent_eef2eefdf78e
ENT_029338,ent_d9e6ef9c98b0
ENT_029339,ent_145763cc2646
ENT_029340,ent_c235b2b41e5f
ENT_029341,ent_12906eab87ee
ENT_029342,ent_d7a27eafa3ac
ENT_029343,ent_98963ad48eb1
ENT_029344,ent_277b93b8f36c
ENT_029345,ent_b8decd554d57
ENT_029346,ent_d0a3306bfc8c
ENT_029347,ent_cbde2724aa5f
ENT_029348,ent_9daaf6d29c93
ENT_029349,ent_0a17900bf282
ENT_029351,ent_23021aee0498
ENT_029352,ent_443c6ed4a06a
ENT_029353,ent_b8ade71f7dea
ENT_029354,ent_7b3b11d79525
ENT_029355,ent_d4b5c563a1fc
ENT_029356,ent_63c5aa51c0fe
ENT_029357,ent_79d4b1323e44
ENT_029358,ent_482bf4637cf9
ENT_029359,ent_4da6a1cca488
ENT_029360,ent_6649c15c6210
ENT_029361,ent_85f208257c7d
ENT_029362,ent_297019fca58c
ENT_029363,ent_bf64a8c3b676
ENT_029364,ent_65020ae95832
ENT_029365,ent_9313fa3a85ef
ENT_029366,ent_0e88a066535f
ENT_029367,ent_6cf5d556549b
ENT_029369,ent_1d4aba35cfd8
ENT_029370,ent_4c8a81c1cf06
ENT_029371,ent_23d6d00bd36a
ENT_029372,ent_0e525e4ca0dc
ENT_029373,ent_f7e77507c65b
ENT_029374,ent_0207ea29ee8d
ENT_029375,ent_ab4d671f2d67
ENT_029376,ent_2e18aad90782
ENT_029377,ent_4b0d3f102bc0
ENT_029378,ent_1ebda61545d4
ENT_029379,ent_47329ecae4fc
ENT_029380,ent_5fcf5b184a0e
ENT_029381,ent_506bb577dbf7
ENT_029382,ent_c8fe1c2204b9
ENT_029383,ent_b96d6a453adb
ENT_029385,ent_b2dc6f32e068
ENT_029387,ent_7fead383f82c
ENT_029388,ent_6c1d437824cc
ENT_029389,ent_de5ac62c003c
ENT_029390,ent_0ab7a24460c7
ENT_029391,ent_82b1f7c2ca13
ENT_029392,ent_1997ab70aff0
ENT_029393,ent_91b20e86c8a8
ENT_029394,ent_131087cf5e88
ENT_029395,ent_b15cef32f282
ENT_029396,ent_d7a8afdb05fe
ENT_029397,ent_4c454049c8ef
ENT_029398,ent_30d5c0ff53d3
ENT_029399,ent_252738059103
ENT_029400,ent_ab607b883806
ENT_029401,ent_8d2fb62d71f5
ENT_029403,ent_58814414dde2
ENT_029404,ent_3888d85c1db5
ENT_029405,ent_6717d5b71c3e
ENT_029406,ent_da0f016c42df
ENT_029407,ent_122f3e0bb393
ENT_029408,ent_d0b9f8e03977
ENT_029409,ent_4695c619a919
ENT_029410,ent_8d961fd13b32
ENT_029411,ent_3632e07ab75c
ENT_029412,ent_1773287aac17
ENT_029413,ent_4acd1a2f71a3
ENT_029414,ent_7ac5b78e44bb
ENT_029415,ent_81091d96c891
ENT_029416,ent_8dca364424ad
ENT_029417,ent_566be051e37a
ENT_029418,ent_f837e3c735a5
ENT_029419,ent_41e51fd59f9d
ENT_029420,ent_2b65ac2a6429
ENT_029421,ent_c0d4eeb2f3a5
ENT_029422,ent_a343cab09d00
ENT_029423,ent_e7bcbf34b522
ENT_029424,ent_ceb0d5ddcf4e
ENT_029425,ent_05aefc0cfa51
ENT_029426,ent_89977b98e7cc
ENT_029427,ent_d8ef2fb521cf
ENT_029428,ent_35d86cfa8e0f
ENT_029429,ent_900f366c3dc1
ENT_029430,ent_c41ed8f273e9
ENT_029431,ent_8e36182ba03a
ENT_029432,ent_41756942959f
ENT_029433,ent_981d81266ccb
ENT_029434,ent_0d426c9d7cbf
ENT_029435,ent_08c95ee7edf3
ENT_029436,ent_85208f4446b6
ENT_029437,ent_6dc68ec6a652
ENT_029438,ent_91aaa47c1f14
ENT_029439,ent_3ba8f2e8167b
ENT_029440,ent_43e109f5fb58
ENT_029441,ent_2bd879478e4b
ENT_029442,ent_57d05b82a27f
ENT_029443,ent_37ec5e04eb20
ENT_029444,ent_eba47f8168b6
ENT_029445,ent_b9d59da27891
ENT_029446,ent_73558aaaf1fc
ENT_029447,ent_93d6be655428
ENT_029448,ent_5737d416120a
ENT_029449,ent_afcfbe18abda
ENT_029450,ent_92607bc42067
ENT_029451,ent_1c18718d5ce9
ENT_029452,ent_b5c445e9474d
ENT_029453,ent_f96db25a3d39
ENT_029454,ent_500ee60fec92
ENT_029455,ent_f3b7b1907145
ENT_029456,ent_204d4253f940
ENT_029457,ent_13ebd029cf87
ENT_029458,ent_1fef02817945
ENT_029459,ent_9e5dc03b207d
ENT_029460,ent_83b9dfbe9d61
ENT_029461,ent_284d34becde1
ENT_029462,ent_b573b1bc6abd
ENT_029463,ent_f95612321d53
ENT_029464,ent_150eff999448
ENT_029465,ent_f1147a5e7837
ENT_029466,ent_686db73bc8c7
ENT_029467,ent_7f058d47391d
ENT_029468,ent_a207093fe7d3
ENT_029469,ent_26ff5313bb8a
ENT_029470,ent_d59b06a893a3
ENT_029471,ent_2296f4f75e46
ENT_029472,ent_b977d9ce2792
ENT_029473,ent_0ba0aa4671e7
ENT_029474,ent_840c13b7c2bb
ENT_029475,ent_b391ccc57fe7
ENT_029476,ent_12653b10035c
ENT_029477,ent_415d4c44933f
ENT_029478,ent_77a89e7cdd74
ENT_029479,ent_275c221e1380
ENT_029480,ent_483b63edd0cc
ENT_029481,ent_f69c0e677858
ENT_029482,ent_5a98e3e6f348
ENT_029483,ent_b9959f9accbc
ENT_029484,ent_ed78f98ba9f8
ENT_029485,ent_05b23e1bf77d
ENT_029486,ent_189018d19189
ENT_029487,ent_5aa3578b2d6a
ENT_029488,ent_5cd741a4184f
ENT_029489,ent_86ff775e9748
ENT_029491,ent_187bce38dd64
ENT_029492,ent_4c7a1b24426a
ENT_029493,ent_a0d104c3f5e9
ENT_029494,ent_4c874480dabe
ENT_029495,ent_6b9ac4533b15
ENT_029496,ent_956bce4e62b2
ENT_029497,ent_daf10f4c15db
ENT_029498,ent_fe086092f082
ENT_029499,ent_24e256abe60f
ENT_029500,ent_db3fc8bfba61
ENT_029501,ent_1ba99a7145d2
ENT_029502,ent_9b2a40c6c720
ENT_029503,ent_47f04af39ac0
ENT_029504,ent_10c36d93f073
ENT_029505,ent_33f1047e53db
ENT_029506,ent_8981d8261e4a
ENT_029507,ent_422618ea97fe
ENT_029508,ent_dd8bcb1d3515
ENT_029509,ent_55efcd92c2f3
ENT_029510,ent_4e67ef34124e
ENT_029511,ent_b69cead8cab3
ENT_029512,ent_046214efc5fd
ENT_029513,ent_40b6ab3d408f
ENT_029514,ent_af5a6d30bedb
ENT_029515,ent_bf120593cb9a
ENT_029516,ent_eaf7736fedb3
ENT_029517,ent_5de433d78071
ENT_029518,ent_c1a64c44651b
ENT_029519,ent_25429a3acd19
ENT_029521,ent_ee58e510d398
ENT_029522,ent_b0ec140a5e53
ENT_029523,ent_012339d09b3a
ENT_029524,ent_6523f06530fc
ENT_029525,ent_c9934fd07be9
ENT_029526,ent_e55112fd7aa2
ENT_029527,ent_6e68da1ff385
ENT_029528,ent_38816aa6cdb0
ENT_029529,ent_5a4dc44e16a3
ENT_029530,ent_c4b245b54ad1
ENT_029531,ent_94ddba86f14c
ENT_029532,ent_e1b6a8f0d821
ENT_029533,ent_97dda123ed28
ENT_029534,ent_4945d555486e
ENT_029535,ent_7ec010dae987
ENT_029536,ent_ae07b63b5424
ENT_029537,ent_bcb0012a3c08
ENT_029538,ent_85033d13f5ef
ENT_029539,ent_8dbee7cda9b6
ENT_029540,ent_356538c940ff
ENT_029541,ent_4beb88893fc5
ENT_029542,ent_06070aa1986f
ENT_029543,ent_94635aa564df
ENT_029544,ent_99dcd28802fc
ENT_029545,ent_4c01eb2d84c2
ENT_029546,ent_70a6806a47cd
ENT_029547,ent_736fc568bd28
ENT_029548,ent_104dc5d533e5
ENT_029549,ent_614946036c8a
ENT_029550,ent_098273bc95fb
ENT_029551,ent_9d59dcc62f1b
ENT_029552,ent_6085cafa6c9e
ENT_029553,ent_39ea25e516d0
ENT_029554,ent_a57a3e1530f7
ENT_029555,ent_24bf9353d98a
ENT_029556,ent_67ba2f1cff08
ENT_029557,ent_18c6eae2fef0
ENT_029558,ent_9d10186bdbe5
ENT_029559,ent_e8aec2359860
ENT_029560,ent_0f90fb3c63f9
ENT_029561,ent_5ac5bcec6266
ENT_029562,ent_4965d15afc0d
ENT_029563,ent_f4a123ecae96
ENT_029564,ent_99825f8cf732
ENT_029565,ent_81b8e430f012
ENT_029566,ent_994446f13f04
ENT_029567,ent_aa28c9538f81
ENT_029568,ent_6611418222d6
ENT_029569,ent_013bacb576bb
ENT_029570,ent_42bb249c539e
ENT_029571,ent_b21e4c53bfb9
ENT_029573,ent_b326ac0e2cb3
ENT_029574,ent_dbc103e1bffd
ENT_029575,ent_08b9255c8654
ENT_029576,ent_9bc99d930d8d
ENT_029577,ent_c7b59f636a49
ENT_029578,ent_7d2093b6f8f7
ENT_029579,ent_8338aa2e64ff
ENT_029580,ent_2c1e43f78f80
ENT_029581,ent_fb0b2a7923e4
ENT_029583,ent_7a1b72e8a580
ENT_029585,ent_8008f805f9b7
ENT_029586,ent_b6fd388ea987
ENT_029587,ent_7297374df6ba
ENT_029588,ent_254769750356
ENT_029589,ent_5997a5329142
ENT_029590,ent_f4efb12c6afe
ENT_029591,ent_266b2dbbdb1d
ENT_029592,ent_0cd9a563b9aa
ENT_029593,ent_5331b5f772a4
ENT_029594,ent_e4d2a5ce442b
ENT_029595,ent_3519b971acb9
ENT_029596,ent_174d970fa1d8
ENT_029597,ent_ab3cf90308c1
ENT_029598,ent_2faeb082c6a5
ENT_029599,ent_5925e9e129e0
ENT_029601,ent_ba9e555c83a7
ENT_029602,ent_8beeccbee409
ENT_029603,ent_76024ae6df9d
ENT_029604,ent_f9f5f9ae5c30
ENT_029605,ent_6276509d3793
ENT_029606,ent_80ee24e863b6
ENT_029607,ent_d05fda4e6da6
ENT_029608,ent_afb17cc2cc5e
ENT_029609,ent_b1f62458eb91
ENT_029610,ent_e105883b684e
ENT_029611,ent_5475e05f9cb3
ENT_029612,ent_c4ec97a492ef
ENT_029614,ent_bd0b7a016c9e
ENT_029615,ent_82957b8f152a
ENT_029616,ent_4b03bf2ffe5c
ENT_029617,ent_f2cb474e51f2
ENT_029618,ent_f9609e758542
ENT_029619,ent_a803912ccf3c
ENT_029620,ent_777c49285536
ENT_029621,ent_7d30b4a8ad4e
ENT_029622,ent_14adc16dbeb6
ENT_029623,ent_57b07c955b64
ENT_029624,ent_3b2cab794fb6
ENT_029625,ent_d4c18f20de9b
ENT_029626,ent_ad036c142915
ENT_029627,ent_57b65ef403bf
ENT_029631,ent_a64eade4d46b
ENT_029632,ent_825b186c6fe1
ENT_029633,ent_ebe63faca1f1
ENT_029634,ent_008fac98ce4f
ENT_029635,ent_ca595a0c8366
ENT_029636,ent_8312b47e77f2
ENT_029637,ent_53f6cf7a4b99
ENT_029638,ent_645baccedf00
ENT_029640,ent_4acdf3ad99ea
ENT_029643,ent_7d63e994b251
ENT_029644,ent_3153b07b7aba
ENT_029646,ent_40fb3ab115e3
ENT_029647,ent_5194d06c98b9
ENT_029648,ent_430feb0456c5
ENT_029649,ent_63629457edd6
ENT_029650,ent_64c1eec5f56c
ENT_029651,ent_aae970452d6f
ENT_029652,ent_54fcd032dfc4
ENT_029653,ent_8162c7170005
ENT_029657,ent_686ff31eba58
ENT_029658,ent_9f60a7bfb293
ENT_029659,ent_ac8b49bfa587
ENT_029660,ent_5f51849daaa6
ENT_029661,ent_d9413c329854
ENT_029662,ent_5493a43b3df6
ENT_029663,ent_f6ae0f299a72
ENT_029664,ent_07c3086dd4c1
ENT_029665,ent_6cbe99f56335
ENT_029666,ent_083f597f14d0
ENT_029667,ent_3aa329fb051f
ENT_029668,ent_69567ccef261
ENT_029669,ent_a62f639110bf
ENT_029670,ent_ac58f20c6245
ENT_029671,ent_27e386677cc9
ENT_029672,ent_dc3d3157fa54
ENT_029673,ent_1f1d6700fabc
ENT_029674,ent_993c47ff867f
ENT_029675,ent_d9cf43e1dd0c
ENT_029676,ent_03437da22acb
ENT_029677,ent_c396b9f5ee94
ENT_029678,ent_c2874d17a526
ENT_029679,ent_8b9add699d69
ENT_029680,ent_20739b2d88c8
ENT_029681,ent_139ea9080586
ENT_029684,ent_0a14c8e0cd68
ENT_029686,ent_f9a49f8f2e7c
ENT_029688,ent_5824486c33a9
ENT_029690,ent_946bc7c70855
ENT_029691,ent_16210ab42c29
ENT_029694,ent_e1275f6fdad1
ENT_029695,ent_a17ed6dae25d
ENT_029696,ent_e18c0048dc2b
ENT_029697,ent_e6b0a74e0ebd
ENT_029699,ent_fcfd8e06b715
ENT_029700,ent_ba9a0479f127
ENT_029701,ent_e7a3d2052f09
ENT_029703,ent_5303fa437048
ENT_029704,ent_b648faff51f5
ENT_029705,ent_2fdc497a526d
ENT_029708,ent_382119eb42e2
ENT_029709,ent_d35617e0ad06
ENT_029710,ent_e70cf60b47a6
ENT_029711,ent_3b7142999099
ENT_029712,ent_be83453e0c65
ENT_029713,ent_605e08635a49
ENT_029717,ent_b836c8cbe82f
ENT_029718,ent_036c23e59885
ENT_029719,ent_732d5d73f216
ENT_029720,ent_6fab09853699
ENT_029721,ent_05f60d76a56e
ENT_029722,ent_e5e22188957a
ENT_029724,ent_2a8d9ef43333
ENT_029725,ent_4c6f8ac710d4
ENT_029726,ent_553b7ee6926b
ENT_029727,ent_2d03b1d3f7f7
ENT_029728,ent_5eb4ecef0646
ENT_029729,ent_a40b726fb545
ENT_029730,ent_0fc739f4c92e
ENT_029731,ent_d7f8fe224662
ENT_029732,ent_5d47eed9037f
ENT_029733,ent_f3d9eaec3a3e
ENT_029734,ent_66152d04a96f
ENT_029735,ent_7e6a9655a77c
ENT_029736,ent_2dd9805e7794
ENT_029737,ent_9a72f68289d5
ENT_029739,ent_3b8855a04534
ENT_029740,ent_0c6174adbcef
ENT_029742,ent_3d5f50b5db2c
ENT_029744,ent_2133a9799807
ENT_029745,ent_a24c4a823ac8
ENT_029746,ent_e55f4b48468a
ENT_029747,ent_86b327365dae
ENT_029748,ent_3e388eaf9498
ENT_029749,ent_b9cad2d5255d
ENT_029750,ent_7c13d558c3ab
ENT_029751,ent_d366f8773f44
ENT_029752,ent_4f1c3331f3f2
ENT_029753,ent_2bc25bb13614
ENT_029755,ent_9709121ce004
ENT_029757,ent_3ac53dcd6f5d
ENT_029758,ent_dc60d2169776
ENT_029759,ent_2660688521a2
ENT_029760,ent_7e5b09d19e92
ENT_029761,ent_e9a141761b3c
ENT_029762,ent_102f5d998cca
ENT_029764,ent_965f39f3cde5
ENT_029765,ent_fe6d707a3fd7
ENT_029766,ent_b033ec914d80
ENT_029767,ent_8c4b218c3950
ENT_029769,ent_3fdc4e4f79c3
ENT_029771,ent_f81764f52e8c
ENT_029773,ent_2faed7dceadd
ENT_029775,ent_1a2c32aae160
ENT_029776,ent_7cd5ff5e75b7
ENT_029777,ent_8075c0a2e46b
ENT_029779,ent_e9b1783fcb7b
ENT_029781,ent_96fd97542d2b
ENT_029782,ent_997297070460
ENT_029783,ent_2fb8b5150495
ENT_029784,ent_6f7933d7d54d
ENT_029785,ent_fe0997fd73e7
ENT_029786,ent_5cbecadd74a4
ENT_029787,ent_dbcc4607aedb
ENT_029789,ent_247bb8914d5e
ENT_029790,ent_3ac73d7f4ef4
ENT_029793,ent_4d4870175cfb
ENT_029795,ent_895bd327fc52
ENT_029796,ent_33fa2b66c922
ENT_029798,ent_7aa5115eee73
ENT_029799,ent_8c8766a8aa41
ENT_029800,ent_80714caa9149
ENT_029802,ent_551ec9773d1a
ENT_029804,ent_881eef08b130
ENT_029805,ent_ae17d8eec887
ENT_029806,ent_f7e76f05546c
ENT_029807,ent_51e3b311155c
ENT_029808,ent_5b7225896d46
ENT_029810,ent_15176848e421
ENT_029812,ent_f8eae6f275d6
ENT_029814,ent_fa88654d96e2
ENT_029815,ent_81ffcc645fd9
ENT_029817,ent_393cf9465195
ENT_029818,ent_137b40f8abb2
ENT_029819,ent_c1c071466458
ENT_029820,ent_9e10ed9d7183
ENT_029821,ent_0b44b91aed94
ENT_029822,ent_dccf18fce1a7
ENT_029823,ent_a480dfe20d2f
ENT_029825,ent_95c637592bca
ENT_029826,ent_286ccc64a940
ENT_029827,ent_389c1c209ec3
ENT_029828,ent_cfa6c9d05770
ENT_029830,ent_1a40dfea43c8
ENT_029831,ent_3ed899c2ce31
ENT_029832,ent_4a59c4c19e61
ENT_029834,ent_5e420cafab76
ENT_029835,ent_202b3cfb1c09
ENT_029836,ent_d457319dddb9
ENT_029838,ent_1e963042ea58
ENT_029840,ent_1d70d5c8baf7
ENT_029841,ent_5e56598a4e5c
ENT_029843,ent_a06703e66b67
ENT_029844,ent_9acc39d5fb94
ENT_029845,ent_05e050dc42aa
ENT_029846,ent_a2098ff15ec7
ENT_029847,ent_deeafadc3cb2
ENT_029848,ent_80d800fdb7e9
ENT_029850,ent_b24d11188544
ENT_029851,ent_f045fd6fd401
ENT_029852,ent_d3e0cd7f163a
ENT_029853,ent_f08cfc17a5cb
ENT_029854,ent_8e84fe8e5a48
ENT_029856,ent_f9e890d400b9
ENT_029857,ent_525e437131b6
ENT_029859,ent_4a43e80b28d3
ENT_029860,ent_c0ab409af6cf
ENT_029861,ent_648b14c9d15d
ENT_029862,ent_7b3714691cc9
ENT_029868,ent_2743a2de2269
ENT_029869,ent_f4836f569795
ENT_029870,ent_7b5a576b1fc8
ENT_029871,ent_9e045afb9f72
ENT_029872,ent_1de7c826fb18
ENT_029873,ent_9b3f32555d4b
ENT_029874,ent_c32c562d7b02
ENT_029875,ent_316cebf49a6c
ENT_029876,ent_73c53f7cef6e
ENT_029878,ent_147488e34a2c
ENT_029879,ent_f9ad6b64a26b
ENT_029880,ent_d17386a1167d
ENT_029883,ent_a02101f06ab5
ENT_029885,ent_6327eb7c6fee
ENT_029886,ent_cd015d9cbfb4
ENT_029887,ent_11a5510b470a
ENT_029888,ent_4b036f7b6a5b
ENT_029889,ent_7a15ad62b554
ENT_029890,ent_0b394a836179
ENT_029891,ent_f7b7d3b146b9
ENT_029892,ent_1b0496d572a0
ENT_029893,ent_865c74a5cbe8
ENT_029894,ent_9b426b4c6838
ENT_029895,ent_ec8b5b3759d4
ENT_029897,ent_c900ae0297be
ENT_029899,ent_27b926b7d561
ENT_029900,ent_58951031bdce
ENT_029903,ent_d4dbaddd2fd8
ENT_029904,ent_ad2389fec98a
ENT_029907,ent_01f056ac6b44
ENT_029908,ent_dda861223fb7
ENT_029910,ent_62f3fdc62ec2
ENT_029911,ent_666211e3096e
ENT_029914,ent_740755460769
ENT_029915,ent_e78ddb22e107
ENT_029916,ent_b9e8b64d8de2
ENT_029917,ent_9773c83532c1
ENT_029918,ent_b04863f9b550
ENT_029919,ent_8cdee9651cdc
ENT_029921,ent_aefdeae53fb4
ENT_029922,ent_3e31323d66b8
ENT_029923,ent_8a61c4976635
ENT_029925,ent_d76a60e8c372
ENT_029927,ent_880bbdb69fe3
ENT_029928,ent_f724782a3030
ENT_029929,ent_b0dd320d052b
ENT_029930,ent_005b1e5675d1
ENT_029931,ent_ad9b188935b7
ENT_029933,ent_50f8dd8cfef9
ENT_029934,ent_73ab9bff739c
ENT_029935,ent_d98b43af855b
ENT_029936,ent_f9dedde07a36
ENT_029937,ent_c7e4ba27b922
ENT_029938,ent_35bdb49ab955
ENT_029939,ent_f652512dcd9d
ENT_029940,ent_de2ed2c5cd6e
ENT_029941,ent_622904e438e0
ENT_029942,ent_0e4332fdb163
ENT_029943,ent_95e98481fed2
ENT_029944,ent_b6edbd0990e3
ENT_029945,ent_9a880c88c12e
ENT_029946,ent_0057e8b2fff1
ENT_029947,ent_7a5ec0154213
ENT_029948,ent_57826efaa58f
ENT_029949,ent_282f62cf6f4f
ENT_029950,ent_fb9f07ef5d6c
ENT_029951,ent_9a850a26ddfc
ENT_029958,ent_293308379e3e
ENT_029961,ent_72107d68daa9
ENT_029962,ent_1c212bcba98c
ENT_029963,ent_8f9e2fbfdccc
ENT_029964,ent_bfc128e3176c
ENT_029965,ent_2e9ebb3c6c43
ENT_029966,ent_0789160af540
ENT_029967,ent_42df206e5371
ENT_029968,ent_1cd33c111409
ENT_029969,ent_5ca7507713d0
ENT_029970,ent_8fafcae81413
ENT_029972,ent_eeecb288ac0b
ENT_029973,ent_95681621ce85
ENT_029974,ent_1ecb734d72e2
ENT_029975,ent_4553306ea24f
ENT_029976,ent_03860791a6a7
ENT_029978,ent_a316beebf24e
ENT_029979,ent_b4c269f28226
ENT_029981,ent_9f07d924e221
ENT_029982,ent_b8b43ef0f21d
ENT_029983,ent_a56f4459d5af
ENT_029984,ent_fdfcdafb3c56
ENT_029985,ent_aa814b6a6c1f
ENT_029987,ent_628b1058ab9a
ENT_029988,ent_4938d792efa8
ENT_029990,ent_16a5d0748125
ENT_029991,ent_1887b342d809
ENT_029993,ent_ea42b04aa2f1
ENT_029995,ent_031854b97e02
ENT_029996,ent_8c4d3a41df1f
ENT_029997,ent_19a65657c139
ENT_029998,ent_b73ff16ce428
ENT_029999,ent_167b24fb9e1e
ENT_030000,ent_6340320ac218
ENT_030001,ent_1c421046c7b6
ENT_030002,ent_03c447c6cc9a
ENT_030003,ent_a5d3e8ad013f
ENT_030005,ent_8291ce09dd2a
ENT_030006,ent_17aecc0d31b5
ENT_030007,ent_e64c0361d856
ENT_030008,ent_4b85f3054290
ENT_030009,ent_865916561b1d
ENT_030010,ent_d09c28b65d2b
ENT_030011,ent_98d6ebd8cd46
ENT_030012,ent_dcc603d6810a
ENT_030013,ent_27f745c9f528
ENT_030014,ent_86a98a06704d
ENT_030015,ent_783e0177fce0
ENT_030016,ent_1c287e88ea33
ENT_030017,ent_94c45532ec62
ENT_030019,ent_cc4e13123336
ENT_030021,ent_da93a5af7361
ENT_030022,ent_aa7e9012e61c
ENT_030023,ent_656aac81a5fc
ENT_030026,ent_38872a383419
ENT_030027,ent_4e7fddc8b316
ENT_030029,ent_bb2845fa8fce
ENT_030030,ent_ebefbfe55ecc
ENT_030031,ent_03aff67552e5
ENT_030034,ent_09729cb47c8a
ENT_030035,ent_15368b66e14f
ENT_030036,ent_0918a441c51f
ENT_030037,ent_7a65d49662d9
ENT_030040,ent_5739086ebf02
ENT_030041,ent_138e74cb4ccf
ENT_030042,ent_1200ba3d1ccc
ENT_030043,ent_b544c687ed21
ENT_030044,ent_2ff5cdcf1cb6
ENT_030045,ent_adb2d383fa5d
ENT_030046,ent_6816bebf5439
ENT_030047,ent_c5b68ebfc9e2
ENT_030048,ent_cb1d7179ce13
ENT_030049,ent_2e74e2c2b4e0
ENT_030050,ent_d498bb6add44
ENT_030051,ent_c263d8a29af9
ENT_030052,ent_3dcc1e817b03
ENT_030053,ent_2bd42bd438f9
ENT_030054,ent_a0740c19035a
ENT_030055,ent_84d35ce0d3c8
ENT_030056,ent_a54c4d02689f
ENT_030057,ent_8d28fbb893f8
ENT_030058,ent_11b38db0cb38
ENT_030059,ent_8ff130c1378d
ENT_030060,ent_2e90ad89e40c
ENT_030061,ent_21613cdc4428
ENT_030062,ent_28255e7c3baf
ENT_030063,ent_05e27963c031
ENT_030064,ent_5850806694db
ENT_030065,ent_c74642e5c130
ENT_030066,ent_5043e5fafa48
ENT_030067,ent_fb525ea1b7ee
ENT_030068,ent_5a77e8404aec
ENT_030069,ent_6d909e2beed3
ENT_030070,ent_acd611384e0c
ENT_030071,ent_24ac883fc1ec
ENT_030072,ent_cc75a8387fe3
ENT_030073,ent_a80a065695c4
ENT_030074,ent_1d744ff0a530
ENT_030075,ent_51f6115408b4
ENT_030077,ent_be39f8140f63
ENT_030078,ent_2b32757d7d9b
ENT_030079,ent_a173c7bd08a5
ENT_030081,ent_0cd9c0368729
ENT_030082,ent_be86ef9dbba3
ENT_030084,ent_381c8c588d76
ENT_030085,ent_377bfaa40cb7
ENT_030086,ent_8c4a2a0b8ef6
ENT_030087,ent_50cb4ffb7e7c
ENT_030088,ent_d0c79766a0ac
ENT_030090,ent_4d659c7c5a54
ENT_030091,ent_1a155093303c
ENT_030092,ent_d792b7b5bcb0
ENT_030093,ent_ddc65120264e
ENT_030094,ent_3d2a884a22ab
ENT_030095,ent_82dbf414029e
ENT_030096,ent_c3c601e7bea3
ENT_030099,ent_879456cdd2dc
ENT_030102,ent_2aae995c180e
ENT_030103,ent_f9d4b68cf79a
ENT_030104,ent_7d228204b040
ENT_030105,ent_d6faf9177a43
ENT_030106,ent_0b9f46634722
ENT_030107,ent_6a7b35848873
ENT_030108,ent_0350e709617e
ENT_030109,ent_2d2904b623ec
ENT_030110,ent_5bd1cdbd0530
ENT_030111,ent_90ff9ad52bc9
ENT_030112,ent_7fd0b2716c4f
ENT_030113,ent_180949ddc6ab
ENT_030114,ent_e7ff296b9613
ENT_030115,ent_a786ffa1f9f1
ENT_030116,ent_0c8fd9b882d0
ENT_030117,ent_413ea57c8724
ENT_030118,ent_057213674cd0
ENT_030119,ent_e3146000cf44
ENT_030120,ent_3b262f0fcd28
ENT_030122,ent_cb0293a1e2fa
ENT_030123,ent_df1bddaf8c14
ENT_030124,ent_478dee56726a
ENT_030127,ent_f1b63c45c6f7
ENT_030128,ent_fd689d0d4f86
ENT_030130,ent_d58808154d76
ENT_030131,ent_3b1617d8a596
ENT_030132,ent_1fb09a1d19b5
ENT_030133,ent_5b0bb49cf40d
ENT_030134,ent_a0483d541f5c
ENT_030138,ent_c56a3acb38e8
ENT_030139,ent_86406b56f32e
ENT_030140,ent_559869503fe0
ENT_030141,ent_2da1ff173b7a
ENT_030142,ent_ef76a660e328
ENT_030143,ent_1e9c8710cd92
ENT_030144,ent_0fa2a579c711
ENT_030146,ent_ac1f7405470b
ENT_030147,ent_1cdbe2723534
ENT_030148,ent_adf6c71856a5
ENT_030149,ent_9158751fdb38
ENT_030150,ent_b1a46c22372b
ENT_030152,ent_c2bd338f9959
ENT_030154,ent_fd1a06ed8d31
ENT_030155,ent_c33ba6c55970
ENT_030156,ent_0a5a050e1e78
ENT_030157,ent_6babea496d56
ENT_030160,ent_2076509f9750
ENT_030161,ent_172e8408a370
ENT_030162,ent_2e5b39f80149
ENT_030164,ent_8a4f9f8ca832
ENT_030165,ent_1f030ae792b2
ENT_030166,ent_2ffc802248cf
ENT_030169,ent_4639761953fc
ENT_030170,ent_de4c002a70f8
ENT_030172,ent_a98b85e22aaa
ENT_030173,ent_ab7de3bb4c9d
ENT_030174,ent_5c675791cf63
ENT_030175,ent_4c404c7b1597
ENT_030176,ent_c5607a2fe49b
ENT_030178,ent_30c5e67e6fb6
ENT_030179,ent_22cf34db530e
ENT_030180,ent_18205d587776
ENT_030181,ent_072c0718523a
ENT_030182,ent_d1b30f65ab92
ENT_030183,ent_bcdfaca794ef
ENT_030185,ent_a739684aaadb
ENT_030187,ent_e75abc412e09
ENT_030188,ent_62f0009ec177
ENT_030189,ent_6d9f498729bb
ENT_030190,ent_45645635ff3a
ENT_030191,ent_ec2e3eee7a1f
ENT_030192,ent_cb6f3631b831
ENT_030193,ent_248beec48897
ENT_030194,ent_94929b62ec70
ENT_030196,ent_e95ebbb74213
ENT_030197,ent_5ac6d2a38653
ENT_030198,ent_48f4fe35e244
ENT_030199,ent_457dbabfb6a9
ENT_030200,ent_6b90d0eefbc3
ENT_030201,ent_a91a56a78dab
ENT_030202,ent_0e5ed87c99c1
ENT_030203,ent_f242ecd4c630
ENT_030204,ent_4c843bbb9cc6
ENT_030205,ent_1e0fb27310ff
ENT_030206,ent_6fadeb1b7819
ENT_030207,ent_a0a2fe38a1aa
ENT_030208,ent_a78a61f70a28
ENT_030209,ent_f8114149999a
ENT_030210,ent_399a81ad8e88
ENT_030211,ent_d0b864143eaf
ENT_030212,ent_db2a45f73281
ENT_030213,ent_b22505799a44
ENT_030214,ent_7a3d4fc9267b
ENT_030215,ent_d883afc0de01
ENT_030216,ent_24c64e14fa3c
ENT_030217,ent_35f34fd7844d
ENT_030218,ent_ce266eb2d72d
ENT_030219,ent_e9054ff0cdcd
ENT_030220,ent_c1ac7c71b5db
ENT_030221,ent_239df56f4268
ENT_030223,ent_e40dcbc1e579
ENT_030224,ent_825b58288986
ENT_030225,ent_f13f23730d12
ENT_030227,ent_f90492c03b15
ENT_030228,ent_9dd6acb040f1
ENT_030229,ent_6789272f36e5
ENT_030231,ent_9e7c396e88e5
ENT_030232,ent_8934a60c230b
ENT_030233,ent_bd6792bdf6df
ENT_030234,ent_8e00bb3ebb70
ENT_030235,ent_f30aca650432
ENT_030236,ent_631112c1c705
ENT_030237,ent_39c5421b66ba
ENT_030238,ent_6aed49878b8f
ENT_030239,ent_606541081a04
ENT_030240,ent_24af19a64313
ENT_030242,ent_b4f178485f01
ENT_030243,ent_a6045f55fafd
ENT_030244,ent_af4198477e48
ENT_030245,ent_cf560c2c858e
ENT_030246,ent_0dd5fc2da089
ENT_030247,ent_52698ac376a0
ENT_030248,ent_cd72e72fc3dc
ENT_030249,ent_2842b1e31cae
ENT_030250,ent_c07f4ed00d04
ENT_030251,ent_749851d6a5d2
ENT_030253,ent_05393a2ec5dd
ENT_030255,ent_69f7b98e20b6
ENT_030257,ent_95d56058a796
ENT_030258,ent_756894fa956e
ENT_030259,ent_fdf5b544d007
ENT_030261,ent_b41f20913ec0
ENT_030264,ent_cc92da48bb84
ENT_030268,ent_06c551e32adb
ENT_030269,ent_15d7e6d698f8
ENT_030270,ent_62aac4d7335a
ENT_030273,ent_8208ecf46ecc
ENT_030274,ent_117418b7e975
ENT_030275,ent_6ded9d0b2347
ENT_030276,ent_6bfd61f52c55
ENT_030277,ent_8b44459144c4
ENT_030281,ent_6c9fe93144ae
ENT_030282,ent_5be8540ea90c
ENT_030283,ent_49c867fb6dc3
ENT_030284,ent_46262175055f
ENT_030286,ent_b016efc36e31
ENT_030287,ent_f8a354f79167
ENT_030288,ent_f3ad5cf2b47e
ENT_030289,ent_92604c8cfa31
ENT_030290,ent_47d4c50fd8a6
ENT_030291,ent_f74a85bc55d4
ENT_030292,ent_16b3da3e8acc
ENT_030293,ent_33817bdd53b9
ENT_030295,ent_b086dc178153
ENT_030296,ent_ee949d9428c0
ENT_030297,ent_df34fcfafa29
ENT_030298,ent_016f330ff664
ENT_030299,ent_a7ac7a0daba0
ENT_030300,ent_e948d0cbc917
ENT_030301,ent_27b8b7c6aa8f
ENT_030302,ent_aa2ee3d4dd1f
ENT_030303,ent_f2203ce5ebf7
ENT_030304,ent_23329f265e18
ENT_030305,ent_efe8a7442adc
ENT_030306,ent_bd5dc879d090
ENT_030307,ent_017185149e8f
ENT_030308,ent_74ea3cac19c7
ENT_030309,ent_fa4e28f771f3
ENT_030311,ent_c0228d088220
ENT_030312,ent_c6013f1e65be
ENT_030313,ent_16050db25108
ENT_030314,ent_9634d7b42738
ENT_030316,ent_f486329f9b05
ENT_030318,ent_c95d3b060751
ENT_030319,ent_e0aa4978d503
ENT_030320,ent_cae05d47880e
ENT_030321,ent_20acc2a968ff
ENT_030322,ent_f9f579c616fb
ENT_030323,ent_e5f9ec1c2378
ENT_030325,ent_41457b6561bc
ENT_030326,ent_abec468ac66f
ENT_030328,ent_06a90e664832
ENT_030329,ent_7270ad3df6da
ENT_030330,ent_299b3fdc0889
ENT_030332,ent_cf8b6ff23980
ENT_030333,ent_cef200c9a9cc
ENT_030335,ent_528b9cba4455
ENT_030336,ent_06596193300e
ENT_030339,ent_62efd0d9d999
ENT_030343,ent_3895037f0245
ENT_030344,ent_f339ac127a91
ENT_030345,ent_3d52aa96a6ff
ENT_030346,ent_42e0f34545ff
ENT_030347,ent_246a590ac7a5
ENT_030349,ent_c225cf535afe
ENT_030350,ent_be4827c30594
ENT_030351,ent_7000c98b1147
ENT_030352,ent_bbe9e45c6a0c
ENT_030353,ent_c559b615cdb8
ENT_030354,ent_5eef14c7751b
ENT_030355,ent_b8c044313732
ENT_030357,ent_f9592c167125
ENT_030358,ent_2c7580134168
ENT_030359,ent_5420a2ae231c
ENT_030361,ent_d09f0e693826
ENT_030362,ent_38dcb4cc6cd7
ENT_030363,ent_d0f1e407f445
ENT_030365,ent_74373749c4bc
ENT_030368,ent_552e832ead0b
ENT_030371,ent_d100aa769b95
ENT_030372,ent_9a6bfe81ee33
ENT_030373,ent_ffa5e9beb6bf
ENT_030374,ent_99e09e99dacb
ENT_030375,ent_8ba5f545be44
ENT_030377,ent_1f26b83ad926
ENT_030379,ent_326f86989acf
ENT_030380,ent_cb48f7e3fa31
ENT_030382,ent_0b6b41889932
ENT_030383,ent_487d4619f670
ENT_030384,ent_9a48c17d4250
ENT_030385,ent_f384f20a1dfe
ENT_030386,ent_f7ad7a22a9f6
ENT_030390,ent_eebe49a79e35
ENT_030391,ent_74b68f4ceefa
ENT_030392,ent_5a5a1f8f85e0
ENT_030393,ent_c82159de1146
ENT_030395,ent_bebd286b12a3
ENT_030396,ent_1a4eaf1f8620
ENT_030399,ent_65b8f6be4f06
ENT_030400,ent_adbbb2863046
ENT_030401,ent_dfc6232644c3
ENT_030402,ent_1aece7888e2c
ENT_030404,ent_818944549cd7
ENT_030405,ent_1b08cd8d30d4
ENT_030406,ent_cc3dc3cedf91
ENT_030408,ent_18e42a9ffd14
ENT_030409,ent_3b2d8a3e1ee3
ENT_030410,ent_70e1c9af0657
ENT_030411,ent_80b4dbe88990
ENT_030413,ent_f357de95e7f3
ENT_030414,ent_f06410c5c898
ENT_030415,ent_2961acefa3b2
ENT_030416,ent_ac058e62eb0f
ENT_030417,ent_1255622bab25
ENT_030418,ent_277fce75bed1
ENT_030419,ent_c3833227a329
ENT_030420,ent_9f5aa934efd1
ENT_030421,ent_4cbb79674ae0
ENT_030423,ent_30e0f4b3272e
ENT_030425,ent_f4a2dc996ddf
ENT_030426,ent_c692a359bcd2
ENT_030427,ent_092b2010e102
ENT_030428,ent_2a44d0951c81
ENT_030429,ent_44cd3257aa81
ENT_030430,ent_7c3f0281fd6c
ENT_030433,ent_17b4575c5332
ENT_030434,ent_53e83310b2e5
ENT_030435,ent_7bf6e4469229
ENT_030436,ent_116acf399ed5
ENT_030437,ent_38c93f5d4691
ENT_030439,ent_fdc20e86c0ed
ENT_030440,ent_e2d6108f814d
ENT_030441,ent_f57df8a622f9
ENT_030442,ent_0998fe64b031
ENT_030443,ent_d109d5ec40b9
ENT_030444,ent_929294154cfa
ENT_030445,ent_0fd4fa654114
ENT_030447,ent_a5c7704b2b98
ENT_030449,ent_6d082c33a947
ENT_030451,ent_5be40e7def7a
ENT_030452,ent_b30a7cd2e387
ENT_030453,ent_393686ff5bd4
ENT_030455,ent_2f4364493381
ENT_030458,ent_e183b9c66fd0
ENT_030459,ent_5c0b3c7ac234
ENT_030460,ent_68f3262e32ed
ENT_030461,ent_6632614df650
ENT_030462,ent_fd87dded09b3
ENT_030464,ent_62f037e7920c
ENT_030465,ent_ef0f9401b461
ENT_030466,ent_3faf44760317
ENT_030467,ent_afc5de319d12
ENT_030468,ent_f187863d55c6
ENT_030469,ent_7532067d29bd
ENT_030470,ent_416121dcbb55
ENT_030471,ent_b84e83d99124
ENT_030472,ent_3ceb843c797c
ENT_030473,ent_f030b1ffcaaf
ENT_030474,ent_14bd610e876f
ENT_030475,ent_f4fb21afa942
ENT_030476,ent_866ca441e84f
ENT_030478,ent_2e991882c92a
ENT_030479,ent_185243290639
ENT_030480,ent_168e450237a0
ENT_030481,ent_cd64da54d9c7
ENT_030482,ent_42fdfae7fa89
ENT_030483,ent_b26d20e75719
ENT_030484,ent_918843871517
ENT_030486,ent_a4a8bb8a1b30
ENT_030487,ent_6e0d49f2b778
ENT_030488,ent_ec7a71f0479c
ENT_030489,ent_77e0e61a46a3
ENT_030490,ent_863a1318b5d2
ENT_030491,ent_ed27a80cd38d
ENT_030492,ent_e40ac24d906b
ENT_030493,ent_00aef7d42f7f
ENT_030494,ent_5a24f09ed077
ENT_030496,ent_82dba319cdc2
ENT_030497,ent_7a3279a28cc4
ENT_030498,ent_671774964388
ENT_030499,ent_1dffb48a3c84
ENT_030502,ent_f7014bbe3d84
ENT_030504,ent_40ed2439598a
ENT_030505,ent_cba00d160b14
ENT_030507,ent_ecb051426cef
ENT_030508,ent_424e07e93426
ENT_030509,ent_0c272b9ab928
ENT_030510,ent_962f64dd14cb
ENT_030511,ent_6e7e2c40f3c6
ENT_030512,ent_3beae49bd363
ENT_030513,ent_65150f78e499
ENT_030514,ent_8222b85400bc
ENT_030516,ent_33ae78496127
ENT_030517,ent_55da93d9de3a
ENT_030518,ent_430071204745
ENT_030519,ent_75779db4f36d
ENT_030520,ent_d1bca7371638
ENT_030521,ent_cbbb87f5d622
ENT_030522,ent_ec0cc60d29d7
ENT_030523,ent_4437a06235ed
ENT_030524,ent_47e42fe5489d
ENT_030525,ent_7ee0a55c0076
ENT_030526,ent_5eafc9d22ef7
ENT_030527,ent_c302d753406e
ENT_030528,ent_017e14e4147a
ENT_030529,ent_9c9a4185b064
ENT_030530,ent_438bfa528417
ENT_030531,ent_4701f0862376
ENT_030532,ent_63d47db88ed0
ENT_030533,ent_a7a7b360d540
ENT_030534,ent_2cb9e886e896
ENT_030535,ent_d0e9c7212a25
ENT_030536,ent_811878d602eb
ENT_030538,ent_a8fc5b97c2f7
ENT_030539,ent_9c62e647b6f8
ENT_030540,ent_d700350015fe
ENT_030542,ent_3546b1291ac1
ENT_030543,ent_5e893b618e0e
ENT_030544,ent_f529f4d8a864
ENT_030545,ent_0df7272c1c60
ENT_030546,ent_9af2b07975af
ENT_030547,ent_4fc46e24eb9c
ENT_030548,ent_6b950b13a201
ENT_030549,ent_8a8afb85d099
ENT_030550,ent_6dfd8f0e1c4d
ENT_030552,ent_e6d66d20ff49
ENT_030553,ent_91f19b4b1738
ENT_030554,ent_b7a4aa1f73b4
ENT_030555,ent_3722d8e5305d
ENT_030556,ent_4974cc4f4968
ENT_030557,ent_ea0c7a49d75d
ENT_030558,ent_466957e40817
ENT_030559,ent_2389d050429c
ENT_030560,ent_3288b9b86099
ENT_030561,ent_deefc754a104
ENT_030562,ent_b8474196369e
ENT_030563,ent_7eb4cca991cd
ENT_030564,ent_754466e3dfa4
ENT_030565,ent_4caaf8a81e76
ENT_030567,ent_0107f2b45a44
ENT_030569,ent_4d4fa2a2235a
ENT_030570,ent_4cfe9d9ac650
ENT_030571,ent_b9651bed9ae2
ENT_030572,ent_2dce1efd741b
ENT_030573,ent_f7638b2fb794
ENT_030574,ent_8de3bb1b3cff
ENT_030575,ent_a61208323303
ENT_030576,ent_cbf0094c88a7
ENT_030577,ent_d6f5bb5b3990
ENT_030578,ent_eccdddd822ac
ENT_030579,ent_3df9313e149e
ENT_030581,ent_45521770217b
ENT_030582,ent_c69dcc4bbc39
ENT_030583,ent_bf0cad1add88
ENT_030585,ent_463520ec4e71
ENT_030586,ent_0854b596e33f
ENT_030588,ent_5b71d3b8a4b9
ENT_030589,ent_47954dff43a1
ENT_030590,ent_08389a883d59
ENT_030591,ent_8e0b9de1cf32
ENT_030592,ent_8095bc4cec75
ENT_030593,ent_0fd38e5b4250
ENT_030594,ent_7b6c7bc0da57
ENT_030595,ent_556182e341ec
ENT_030596,ent_6fc84f2b86e3
ENT_030597,ent_129e0ee9e919
ENT_030598,ent_eb535e954a9c
ENT_030599,ent_813aa2f277e1
ENT_030601,ent_cc75dbd20629
ENT_030602,ent_85f53b631f95
ENT_030603,ent_709576570ec7
ENT_030604,ent_3a292175251d
ENT_030605,ent_f8ee7e94d3a2
ENT_030607,ent_4fce4b8fffd6
ENT_030608,ent_9c6a95ac42de
ENT_030610,ent_49ea433eff81
ENT_030611,ent_cfac3292d9f3
ENT_030612,ent_a1d3184f691e
ENT_030613,ent_d8bcb73b090f
ENT_030614,ent_f4b38be5eab2
ENT_030616,ent_0c201a8d1e82
ENT_030617,ent_720adf3c420c
ENT_030618,ent_fb1e95e213e2
ENT_030619,ent_b009eafe483a
ENT_030620,ent_8b68737fb993
ENT_030622,ent_0d8c6e53c831
ENT_030623,ent_942118642734
ENT_030624,ent_1ebd0b64731f
ENT_030625,ent_e48fc07554d0
ENT_030626,ent_906005fc5d08
ENT_030627,ent_0675e848900e
ENT_030628,ent_420bd844422b
ENT_030629,ent_ca76d3a5669e
ENT_030631,ent_4c652231dbe6
ENT_030632,ent_01a810e8e580
ENT_030633,ent_8c0e0c7f79f2
ENT_030634,ent_a76790d6ab8b
ENT_030636,ent_3b39a58dd0a5
ENT_030637,ent_055f676e4605
ENT_030639,ent_0b568b87e8cc
ENT_030641,ent_19f8f1b8bee1
ENT_030642,ent_5f39ca4c948e
ENT_030643,ent_07c9a329988c
ENT_030644,ent_3bbd26520f65
ENT_030645,ent_6e5422d3dd4f
ENT_030647,ent_8360c9b9b749
ENT_030649,ent_146e6b37169c
ENT_030650,ent_449ad8005aa8
ENT_030652,ent_84f94cea75a2
ENT_030653,ent_eba1092793f2
ENT_030654,ent_6d567b22aaed
ENT_030655,ent_3679839bee41
ENT_030657,ent_083a9bde8520
ENT_030658,ent_3b352e72b640
ENT_030660,ent_3c8cfc5b0d7c
ENT_030661,ent_491d498ba627
ENT_030662,ent_435af7d11a87
ENT_030663,ent_4fb94dd6ec2c
ENT_030664,ent_ff1730c17e37
ENT_030665,ent_a1428e8aeb7d
ENT_030666,ent_714a9a3e689c
ENT_030667,ent_6266f86790b2
ENT_030668,ent_654d83e58c81
ENT_030670,ent_2f4e1c07127a
ENT_030671,ent_6e85f0acf193
ENT_030672,ent_2dcfc011bda3
ENT_030674,ent_30f1308f087e
ENT_030675,ent_2ad3c77084a9
ENT_030676,ent_2087b3599eb7
ENT_030677,ent_b05269cc46fd
ENT_030680,ent_183983ea39f7
ENT_030683,ent_78ace4420798
ENT_030684,ent_0a7d783a612f
ENT_030686,ent_094a030402e0
ENT_030687,ent_977c1babcd17
ENT_030688,ent_99bc8a0c6d0d
ENT_030690,ent_b0322609a768
ENT_030692,ent_a6a26188aa2f
ENT_030694,ent_931439402a37
ENT_030695,ent_1f1723810a1e
ENT_030697,ent_b944004608d7
ENT_030698,ent_53c3b920ef10
ENT_030700,ent_3696b4016de5
ENT_030701,ent_ad52e3c414fa
ENT_030702,ent_2378a53fa715
ENT_030705,ent_8306931ae413
ENT_030707,ent_86b219209097
ENT_030709,ent_5c626c935e2d
ENT_030711,ent_9e61cf71da5e
ENT_030712,ent_423ad160908f
ENT_030713,ent_32cee1a93846
ENT_030714,ent_da631f64d322
ENT_030715,ent_36e6d0a4c95d
ENT_030716,ent_7c3e38361979
ENT_030717,ent_2f7debfc584e
ENT_030718,ent_57103f613435
ENT_030720,ent_841630c452db
ENT_030721,ent_14e179e3094a
ENT_030722,ent_4ec380900b4b
ENT_030726,ent_02ed206f7a0e
ENT_030727,ent_955dd2c4e87a
ENT_030728,ent_4d609f3bea40
ENT_030729,ent_e108f02f97ca
ENT_030731,ent_601f32d48de5
ENT_030732,ent_0979b7c0497d
ENT_030733,ent_1d463026e463
ENT_030734,ent_774e6a16d32e
ENT_030735,ent_195fcea487d1
ENT_030736,ent_f3013e270754
ENT_030737,ent_48cf2207756a
ENT_030740,ent_597a86ffe804
ENT_030741,ent_523ee3127f68
ENT_030742,ent_288c016b264c
ENT_030743,ent_4f61ce24af79
ENT_030744,ent_9a43800c6e40
ENT_030745,ent_2fa42c69d51f
ENT_030748,ent_e67fce3f68ec
ENT_030749,ent_6b7fc59977c3
ENT_030750,ent_b0aa35f27663
ENT_030751,ent_13b7e271d457
ENT_030753,ent_edc7e0666de1
ENT_030754,ent_1ca872613394
ENT_030755,ent_886c87bcb507
ENT_030756,ent_e89b9942c231
ENT_030757,ent_af833cce4d50
ENT_030758,ent_4721562e157d
ENT_030759,ent_f8d8c654bcba
ENT_030760,ent_7021aac7eed3
ENT_030761,ent_4e0f3e90cb68
ENT_030762,ent_a802b4b08371
ENT_030763,ent_fa8f138c5e9a
ENT_030764,ent_ae2c3acaea68
ENT_030765,ent_b66d490e1f18
ENT_030766,ent_761d81a02549
ENT_030767,ent_4481f3d2eafb
ENT_030768,ent_6f9778748c3c
ENT_030770,ent_11cfc4a6c92e
ENT_030771,ent_1f8006ef1b0c
ENT_030772,ent_ca48a67dd356
ENT_030773,ent_0cef70a777a8
ENT_030774,ent_8d0a52841388
ENT_030775,ent_26e9ac5d55b5
ENT_030777,ent_701842f7c658
ENT_030778,ent_9211f3bbc806
ENT_030779,ent_f9a6ad717857
ENT_030780,ent_9e051366a7b9
ENT_030782,ent_fdaf2ed9a8d4
ENT_030783,ent_e6da41d37bac
ENT_030784,ent_896301e40fd4
ENT_030785,ent_82b38c993282
ENT_030786,ent_1fe0fea7fe5d
ENT_030787,ent_c3c35bfb0819
ENT_030788,ent_214ef0dc9d03
ENT_030789,ent_883dc827651f
ENT_030790,ent_59187e60f732
ENT_030791,ent_8938f95d08b4
ENT_030792,ent_60f4981e6607
ENT_030793,ent_1ff0b5d9542b
ENT_030794,ent_884358b161da
ENT_030796,ent_c1cce5456f55
ENT_030797,ent_61d5554514f5
ENT_030800,ent_9e33ee0eccf8
ENT_030801,ent_5521b71d1bfe
ENT_030802,ent_de7d91806d67
ENT_030803,ent_a4d6a0b72107
ENT_030804,ent_f34c88c4b244
ENT_030805,ent_5f84a8d5416b
ENT_030806,ent_8e07f2faab93
ENT_030807,ent_0e06401c89df
ENT_030808,ent_18235f1ba71f
ENT_030809,ent_ca67096622b5
ENT_030810,ent_be6e3592812e
ENT_030811,ent_866031007458
ENT_030812,ent_58c449a00e7c
ENT_030813,ent_8415cbb9c918
ENT_030814,ent_08753ef4c3ad
ENT_030815,ent_0b4ff5c8628c
ENT_030816,ent_bbf3100b960e
ENT_030818,ent_ff5dbf21d587
ENT_030819,ent_9e3f14bb7984
ENT_030820,ent_cbc8ea4e4815
ENT_030821,ent_0c3cdf755368
ENT_030823,ent_b8777b737d75
ENT_030824,ent_22c08dafce01
ENT_030825,ent_69de256e1c45
ENT_030826,ent_5dd31cc36ae7
ENT_030827,ent_7e63f0493ad1
ENT_030828,ent_5907ea889b43
ENT_030829,ent_39fcf7360ece
ENT_030830,ent_26059aff0637
ENT_030831,ent_03a046c843fd
ENT_030832,ent_7c26d44aef85
ENT_030833,ent_cfc513d8794e
ENT_030834,ent_bf3901d5e3ed
ENT_030835,ent_72b71cdfb79a
ENT_030836,ent_3e5480d32984
ENT_030837,ent_c0e9b2adc212
ENT_030838,ent_0066261119c9
ENT_030839,ent_c33b2008f520
ENT_030841,ent_59eaf0584b75
ENT_030842,ent_87028b864a93
ENT_030844,ent_7b784687a79b
ENT_030845,ent_3e6fde8dcc57
ENT_030846,ent_f3c60692e95d
ENT_030847,ent_50d13ad7ee60
ENT_030848,ent_8229fba9eeaf
ENT_030849,ent_97463be7abb5
ENT_030850,ent_0787737ab9ff
ENT_030851,ent_529fecba20f4
ENT_030852,ent_c08bbc1c13c0
ENT_030853,ent_49b8b34eae64
ENT_030854,ent_5246a6565410
ENT_030855,ent_4736bcb4d8ca
ENT_030857,ent_1aa8e51f79b2
ENT_030858,ent_a9425ff15403
ENT_030861,ent_70860d09fc7f
ENT_030863,ent_e5e1be8e1290
ENT_030866,ent_fe127a885c42
ENT_030867,ent_9d9b445f529c
ENT_030868,ent_13c597d18341
ENT_030869,ent_86470de103cd
ENT_030870,ent_03b60b7e8358
ENT_030871,ent_e7e995679dcc
ENT_030872,ent_2ed6b8d42b0a
ENT_030873,ent_b0b313d4f21d
ENT_030874,ent_18c61b116ef9
ENT_030875,ent_27f31607c188
ENT_030876,ent_e562ef72f0c7
ENT_030877,ent_b14c9bb290ec
ENT_030878,ent_84b200638cc2
ENT_030879,ent_13a70c95d566
ENT_030881,ent_733eb66c74ab
ENT_030882,ent_5bf27f038cd4
ENT_030883,ent_bad672bb3790
ENT_030886,ent_0b70400047b8
ENT_030887,ent_879569ef8290
ENT_030889,ent_2116e9931449
ENT_030891,ent_9fc002021eab
ENT_030892,ent_c9a2f4fca8b4
ENT_030893,ent_37c5937ac40b
ENT_030894,ent_9134b362ebc6
ENT_030896,ent_b2f70604c337
ENT_030897,ent_de72b13bfdc4
ENT_030898,ent_245875398243
ENT_030899,ent_03026aa647a8
ENT_030900,ent_f9eec6109bb3
ENT_030901,ent_e1ad0918fae8
ENT_030902,ent_8ca024e8bfac
ENT_030904,ent_401f01a3dfb2
ENT_030905,ent_9fe6a97c3a94
ENT_030906,ent_6234f4b73cdb
ENT_030907,ent_74e77c4c4725
ENT_030908,ent_9ec957314e9c
ENT_030909,ent_e3d118c39429
ENT_030910,ent_23fd1dd0afca
ENT_030913,ent_136b31dbd7f2
ENT_030914,ent_2a2ee4001a23
ENT_030915,ent_e2e337a560b4
ENT_030916,ent_5731d4975d7e
ENT_030917,ent_90991d01f09e
ENT_030918,ent_e9b4d651356d
ENT_030919,ent_6a5495013990
ENT_030920,ent_875e26347790
ENT_030923,ent_505a6d16f9dc
ENT_030924,ent_b921ee220f67
ENT_030925,ent_61af6cf8a91a
ENT_030926,ent_897e55ca716c
ENT_030927,ent_c0b6975f74b5
ENT_030928,ent_22dbeb1ab509
ENT_030929,ent_714d5a66cf01
ENT_030931,ent_1cdabc0af6e8
ENT_030932,ent_3fd3825b0d97
ENT_030934,ent_598ad6ba05bd
ENT_030935,ent_afaa806b1b19
ENT_030936,ent_61518de5d2d5
ENT_030937,ent_56b8e9b70fcd
ENT_030938,ent_64aee6ba4bb5
ENT_030939,ent_2995f482c567
ENT_030940,ent_4e4b71707464
ENT_030943,ent_909b59010b0a
ENT_030945,ent_d13f8e519843
ENT_030946,ent_5a2d4ae75b1c
ENT_030947,ent_4ab2a283be9b
ENT_030949,ent_72e8f706f4cf
ENT_030950,ent_1cb50fe88bfa
ENT_030952,ent_f5f8dac57c0a
ENT_030953,ent_f5efeba1c0ce
ENT_030954,ent_ee4c2ec2284e
ENT_030955,ent_b54790aa8219
ENT_030956,ent_da67996734ce
ENT_030958,ent_87717a08039e
ENT_030959,ent_7df4db270cfa
ENT_030961,ent_5b0de3f22a02
ENT_030962,ent_ef46e2421af6
ENT_030963,ent_7d7f514beb6d
ENT_030965,ent_ea34f2092e6f
ENT_030966,ent_5bbc23e4f916
ENT_030967,ent_cd1a5f22b424
ENT_030968,ent_ba7ba30d6b62
ENT_030969,ent_8e23835962a3
ENT_030970,ent_878eb0c147e5
ENT_030971,ent_f0655d7063dc
ENT_030972,ent_d8bccb6376d4
ENT_030974,ent_342dae6e587d
ENT_030976,ent_a6ab2596233b
ENT_030977,ent_1fa32eba7cb5
ENT_030978,ent_866e97320fcd
ENT_030982,ent_a89aadc5de39
ENT_030985,ent_4bea0331b798
ENT_030987,ent_35f7a9704e80
ENT_030988,ent_e1596d0805c8
ENT_030989,ent_4a22883602df
ENT_030990,ent_869528c82cea
ENT_030991,ent_4f2976dc10cb
ENT_030992,ent_4c79fc3ecd30
ENT_030994,ent_43e9f84ba5ea
ENT_030995,ent_1cb094f24332
ENT_030996,ent_70a62d68be61
ENT_030997,ent_2df87e4ddedd
ENT_030998,ent_b73f7952f622
ENT_031000,ent_259a7e1b7407
ENT_031002,ent_a5e16feffb3b
ENT_031003,ent_412aa4630034
ENT_031004,ent_58b75f28a459
ENT_031006,ent_bd105792f5db
ENT_031007,ent_ed670365a042
ENT_031008,ent_e0d9fa09e240
ENT_031009,ent_63d817e83a85
ENT_031010,ent_4d1b83272289
ENT_031011,ent_14aee2ba04ec
ENT_031012,ent_5f8a7a01aecf
ENT_031015,ent_8b28dbf6f0b4
ENT_031016,ent_264d62051e49
ENT_031017,ent_95ad13074ddb
ENT_031018,ent_13e6bbf34120
ENT_031020,ent_5ddc3ea20e0d
ENT_031021,ent_15280ccc53b7
ENT_031022,ent_31a9b8356d04
ENT_031023,ent_419d482fe2bb
ENT_031024,ent_dfc513e4e88b
ENT_031025,ent_992f9193978d
ENT_031027,ent_d93cf468eae2
ENT_031029,ent_1e3d794ebe46
ENT_031030,ent_5e0cf23f57f2
ENT_031031,ent_2d220ab3c0a9
ENT_031032,ent_66b2ae5a00d7
ENT_031033,ent_e53195b477e4
ENT_031034,ent_17d3ddb8aec7
ENT_031035,ent_4ada0786769c
ENT_031037,ent_cc8ad5b4bffa
ENT_031038,ent_06695c61d74e
ENT_031039,ent_062ef67cec4c
ENT_031040,ent_521b78d3ac72
ENT_031042,ent_e86fd6c9ac50
ENT_031043,ent_7814e046414f
ENT_031044,ent_7a474995c961
ENT_031045,ent_d368482355c1
ENT_031046,ent_a7550b9c46cd
ENT_031047,ent_96d52abb8c87
ENT_031048,ent_eb06896d1afe
ENT_031049,ent_2dc80b1b2628
ENT_031050,ent_30017fbc198d
ENT_031051,ent_623b39fa3107
ENT_031052,ent_82138c9ed7ac
ENT_031053,ent_41a3199dab91
ENT_031054,ent_543e4fa40680
ENT_031056,ent_d0c5cf1539fb
ENT_031060,ent_9076a60bd152
ENT_031061,ent_a1b9854f6541
ENT_031062,ent_87ce7127b5c9
ENT_031063,ent_9318b2395bb7
ENT_031064,ent_419c56065da8
ENT_031065,ent_a11ff2bbad03
ENT_031066,ent_414a4df33f69
ENT_031067,ent_df48d2b90e60
ENT_031068,ent_79deb0b89581
ENT_031069,ent_b0a12b9dda59
ENT_031070,ent_44e6f1921046
ENT_031072,ent_6a9d7b8d3b2a
ENT_031073,ent_95cee35b0ac3
ENT_031074,ent_142858934de8
ENT_031076,ent_5db29f8b1a6b
ENT_031077,ent_9f1ccbf06c89
ENT_031078,ent_889b2c76032a
ENT_031079,ent_1d7729b1cf7f
ENT_031081,ent_b63432ce43b9
ENT_031083,ent_baf79767e36f
ENT_031084,ent_509f4a1ecbf5
ENT_031086,ent_71f12e11d8ae
ENT_031089,ent_27d746a7a353
ENT_031090,ent_1565cf385bec
ENT_031092,ent_381e6d87f78b
ENT_031093,ent_347af4eb741a
ENT_031094,ent_bb995f9295ed
ENT_031095,ent_0d23b42623f1
ENT_031096,ent_29655ba1d0c0
ENT_031097,ent_da9f3727ba8e
ENT_031098,ent_a3c336e170b7
ENT_031099,ent_ca705a8a1c7f
ENT_031101,ent_d365d7e03593
ENT_031102,ent_109382c05cc2
ENT_031103,ent_d90711ca5127
ENT_031104,ent_dbe8a52ee744
ENT_031105,ent_06e5271a4470
ENT_031106,ent_bb355b2e584b
ENT_031107,ent_efe674e511ff
ENT_031108,ent_072401a3c5b5
ENT_031109,ent_66463ea7d57b
ENT_031110,ent_a3d3710a38a2
ENT_031111,ent_5c291aa43f59
ENT_031112,ent_8b9694be502f
ENT_031113,ent_28a2904b12ae
ENT_031114,ent_24de93e0169e
ENT_031115,ent_cfd391229bbb
ENT_031117,ent_9eff96981f65
ENT_031119,ent_438e7b94b549
ENT_031121,ent_58771e653326
ENT_031122,ent_71de6815e0a0
ENT_031123,ent_e5287afdc742
ENT_031125,ent_7a22f7812852
ENT_031126,ent_455e42c81308
ENT_031127,ent_5978c591cada
ENT_031128,ent_d5a6b40d7a1c
ENT_031129,ent_5a2ca100ca60
ENT_031130,ent_79095492472d
ENT_031131,ent_03d87ead36bb
ENT_031132,ent_e8ae4c8610aa
ENT_031133,ent_36a6e2ca16cd
ENT_031134,ent_bfb74faa1d08
ENT_031135,ent_ff6760e94d96
ENT_031136,ent_304f85e4035e
ENT_031137,ent_ef4701f90172
ENT_031138,ent_4992e59a55b8
ENT_031139,ent_7288cfcb67b0
ENT_031140,ent_673a914219a9
ENT_031141,ent_7ac010f819f2
ENT_031142,ent_ddfaf8c706be
ENT_031143,ent_ca1d98944c89
ENT_031144,ent_e102c662f158
ENT_031145,ent_52205d33c3e9
ENT_031146,ent_a81da35b6e58
ENT_031147,ent_8742759d8a12
ENT_031148,ent_820e18261826
ENT_031149,ent_dcf71f33dbbb
ENT_031150,ent_ceac32de9ffe
ENT_031151,ent_acd7833ac5d7
ENT_031152,ent_d7244a01d0ba
ENT_031153,ent_acd544163e49
ENT_031154,ent_8086916cad53
ENT_031155,ent_9798eeb8f580
ENT_031156,ent_241715883e8c
ENT_031157,ent_9f3e8f9ed1df
ENT_031158,ent_a7b01c127b9c
ENT_031159,ent_9c1356e1bb85
ENT_031160,ent_e1eb6407fbd4
ENT_031161,ent_d2a68c946299
ENT_031162,ent_cf3f1b4eab2c
ENT_031163,ent_a3c6e52181b4
ENT_031164,ent_2621cd2f6c32
ENT_031165,ent_4d209090dc0a
ENT_031166,ent_978da4d91e2a
ENT_031167,ent_8a35cbf16c9a
ENT_031168,ent_3117ee951f4b
ENT_031169,ent_c454795d3185
ENT_031170,ent_2a775edfa01a
ENT_031171,ent_65b4e0751dc6
ENT_031172,ent_b1d6a8d2ddbc
ENT_031173,ent_8d37d219ddbf
ENT_031174,ent_c35a02083051
ENT_031175,ent_06dbb38e8b15
ENT_031176,ent_2f6ddce515c1
ENT_031177,ent_4bf9e5077644
ENT_031178,ent_73f9f320b295
ENT_031179,ent_57847a408f01
ENT_031180,ent_3e87364ce7fa
ENT_031181,ent_605515172ea5
ENT_031182,ent_b8a610121d69
ENT_031183,ent_9bb74e8310af
ENT_031184,ent_3e574c9deb83
ENT_031185,ent_7badd75becc6
ENT_031186,ent_dcc87b0df415
ENT_031187,ent_b87e82792e10
ENT_031188,ent_84b088c244da
ENT_031189,ent_3588b7234f82
ENT_031190,ent_86a290a91385
ENT_031191,ent_36043558d7c8
ENT_031192,ent_e96047729091
ENT_031193,ent_e594c6b82918
ENT_031194,ent_e904e0016480
ENT_031195,ent_19b0bd908fc4
ENT_031196,ent_00db064c3300
ENT_031197,ent_a5a405c0d900
ENT_031198,ent_51ac746ee18f
ENT_031199,ent_5fd434bfece6
ENT_031200,ent_ce536cedf54e
ENT_031201,ent_241290da8d4f
ENT_031202,ent_13ca1887f9aa
ENT_031203,ent_d575e2515e8d
ENT_031204,ent_89acff79a8ce
ENT_031205,ent_a5c487b071c8
ENT_031206,ent_428d1f7aac95
ENT_031207,ent_57306cad5596
ENT_031208,ent_9bfc6d295e4f
ENT_031209,ent_017510d90925
ENT_031210,ent_b83e4f497a1b
ENT_031211,ent_582d252f1ff5
ENT_031212,ent_4f905f6ec318
ENT_031213,ent_aabe51990721
ENT_031214,ent_e45e25e2f607
ENT_031215,ent_4dd93a54aea0
ENT_031216,ent_6d9c9bccefae
ENT_031217,ent_92081bab2042
ENT_031218,ent_261f487b55e9
ENT_031219,ent_29c95759c323
ENT_031220,ent_26874ae6ad4e
ENT_031221,ent_ab8bc41ab1d8
ENT_031222,ent_13bb53cfac99
ENT_031223,ent_94acec3a9151
ENT_031224,ent_5a3a56ae3d0b
ENT_031225,ent_ba8f97a251b0
ENT_031226,ent_0cde096a9ac3
ENT_031227,ent_bf82d89d47c0
ENT_031228,ent_a193cf2c78ce
ENT_031229,ent_5804ba30a5b3
ENT_031230,ent_83502bb9b836
ENT_031231,ent_c033d3e8c68f
ENT_031232,ent_db6f7100ce3a
ENT_031233,ent_4ac2d00f9458
ENT_031234,ent_f464cdfb435b
ENT_031235,ent_7f6ae8dbcc6e
ENT_031236,ent_41af28616313
ENT_031237,ent_d1390b0e2dad
ENT_031238,ent_e1a1c3c5d0be
ENT_031239,ent_94ee4383265c
ENT_031240,ent_846d06758755
ENT_031241,ent_fbeab428f769
ENT_031242,ent_0887cc80c387
ENT_031243,ent_3953b6c194e7
ENT_031244,ent_b0ea160c1efd
ENT_031245,ent_8adbe3157c3e
ENT_031246,ent_d1fb3a2152ce
ENT_031247,ent_037c5c5aa01d
ENT_031248,ent_d300480f9e34
ENT_031249,ent_d921593be7e3
ENT_031250,ent_79b7bd9d628b
ENT_031251,ent_b9b4e1f8f151
ENT_031252,ent_0412b2e40b94
ENT_031253,ent_18940c213fa7
ENT_031254,ent_a62bf901aab1
ENT_031255,ent_09fd4d09a82f
ENT_031256,ent_63f229450ac6
ENT_031257,ent_5aa5cb105296
ENT_031258,ent_923726db352e
ENT_031259,ent_a6ba5b41444b
ENT_031260,ent_b1046a344640
ENT_031261,ent_f1bcf95fc357
ENT_031262,ent_117b3a74c96e
ENT_031263,ent_5b2ae4fa9151
ENT_031264,ent_98208e5e7a45
ENT_031265,ent_dac710786edc
ENT_031266,ent_8ab95871713e
ENT_031267,ent_bf5cf16fbfeb
ENT_031268,ent_956a6536ffd4
ENT_031269,ent_015dbd41cf2f
ENT_031270,ent_52d0614f1ccb
ENT_031271,ent_20d57a6ad8d8
ENT_031272,ent_a27f88648295
ENT_031273,ent_99607f779350
ENT_031274,ent_d5036d1eacd3
ENT_031275,ent_fae578732582
ENT_031276,ent_22195182d11b
ENT_031277,ent_0fb2e3a7d5ad
ENT_031278,ent_2c0bb934f3ca
ENT_031279,ent_669d5aa0311d
ENT_031280,ent_b231c81d7119
ENT_031281,ent_beb2949480b1
ENT_031282,ent_827084a8c036
ENT_031283,ent_e4c74174203a
ENT_031284,ent_6ffa1bb22081
ENT_031285,ent_9bec1f3fe01b
ENT_031286,ent_309f14714bf9
ENT_031287,ent_55efd0f66039
ENT_031288,ent_8fe3fb4d8b5b
ENT_031289,ent_5ac1b41269b7
ENT_031290,ent_56f8a96432dc
ENT_031291,ent_96e808b24b1b
ENT_031292,ent_81aab1462ff6
ENT_031293,ent_2c352deb66ad
ENT_031294,ent_2e0ccc92baec
ENT_031295,ent_3a156b0b9b7b
ENT_031296,ent_32c9a17e95e9
ENT_031297,ent_1a6612440bd1
ENT_031298,ent_d39171289f2d
ENT_031299,ent_6daa19e083cc
ENT_031300,ent_3b37915c3185
ENT_031301,ent_e1c32bcbed66
ENT_031302,ent_cf708b77cb79
ENT_031303,ent_e94c8cd62a04
ENT_031304,ent_40bbfde3f6f6
ENT_031305,ent_6d690d39887c
ENT_031306,ent_6b1f8e165c5b
ENT_031307,ent_7e4e8a02106a
ENT_031308,ent_cdf4b06f6ca6
ENT_031309,ent_6b9d5051cbf3
ENT_031310,ent_64f2c8d92cc9
ENT_031311,ent_19314c93938b
ENT_031312,ent_80cdfa43bb9b
ENT_031313,ent_205dc9b662be
ENT_031314,ent_12dbc5588cea
ENT_031315,ent_ca908bbcb2d9
ENT_031316,ent_bdfbbfc2f456
ENT_031317,ent_acdd9e018bf5
ENT_031318,ent_1e90e2710552
ENT_031319,ent_8ff09f5ed1ee
ENT_031320,ent_c283912ba2c6
ENT_031321,ent_2536505e2836
ENT_031322,ent_b7ad7e53a576
ENT_031323,ent_30860d49fc9c
ENT_031324,ent_fe09c0b880b0
ENT_031325,ent_cc69a8d8f4d5
ENT_031326,ent_da08caad89fa
ENT_031327,ent_a27d34cfe191
ENT_031328,ent_480df32b4bb0
ENT_031329,ent_610e00e67034
ENT_031330,ent_3d70bdeae8e6
ENT_031331,ent_9a922fe8d08b
ENT_031332,ent_6481a6fa036e
ENT_031333,ent_264865edf867
ENT_031334,ent_a16979325b42
ENT_031335,ent_b6d811db7ccc
ENT_031336,ent_984fe86233b7
ENT_031337,ent_fbc6e05ae244
ENT_031338,ent_22e3b8c330b8
ENT_031339,ent_dc9aeef9969b
ENT_031340,ent_655d8b1fda76
ENT_031341,ent_f57c3d65f0a5
ENT_031342,ent_08bedbb7dcb1
ENT_031343,ent_5ebb7ea1e87e
ENT_031344,ent_5d43176b02b4
ENT_031345,ent_baa0a6afc97b
ENT_031346,ent_32305c3a17eb
ENT_031347,ent_2f6d98148d0e
ENT_031348,ent_6fc15c3efa50
ENT_031349,ent_c66b469aaed9
ENT_031350,ent_34062dfe8672
ENT_031351,ent_4c2e07dc7b93
ENT_031352,ent_fdce0fbf6e5b
ENT_031353,ent_11bbbf6c4336
ENT_031354,ent_f2d5288ab21d
ENT_031355,ent_e55cd8128846
ENT_031356,ent_0c54e99c2a91
ENT_031357,ent_33ef338f3786
ENT_031358,ent_14a276fc473d
ENT_031359,ent_cdf6f38182cd
ENT_031360,ent_f56728f97d77
ENT_031361,ent_3fc3ef27c0dd
ENT_031362,ent_fa1b28507ebd
ENT_031363,ent_bffa5eca6219
ENT_031364,ent_a52d21c1f296
ENT_031365,ent_a45d76a9ae01
ENT_031366,ent_a8c60eabff2f
ENT_031367,ent_be48f9a44570
ENT_031368,ent_1af3188b97d3
ENT_031369,ent_e1f316de56d2
ENT_031370,ent_7712072def9a
ENT_031371,ent_791196640911
ENT_031372,ent_b2fed7536a6c
ENT_031373,ent_4583da66e037
ENT_031374,ent_2f2ff2259451
ENT_031375,ent_a0b5c8e15d16
ENT_031376,ent_61c9761d548e
ENT_031377,ent_5c80b49a5514
ENT_031378,ent_3f128aa9bbbb
ENT_031379,ent_68220a220857
ENT_031380,ent_cf7f5f508f5d
ENT_031381,ent_50dcb7a6f604
ENT_031382,ent_7260146fcdfb
ENT_031383,ent_01b985f7bc8c
ENT_031384,ent_167914e73751
ENT_031385,ent_4478738bf138
ENT_031386,ent_648f38c3b583
ENT_031387,ent_02360418faba
ENT_031388,ent_cec9e0dd9e42
ENT_031389,ent_71c2d9581b97
ENT_031390,ent_c984c02155b5
ENT_031391,ent_246cf38decf1
ENT_031392,ent_7271a6658927
ENT_031393,ent_db462800775d
ENT_031394,ent_a470a651ee30
ENT_031395,ent_682d01b67b25
ENT_031396,ent_c046ae07c207
ENT_031397,ent_5baeda1fca4c
ENT_031398,ent_a5ba6c4a3881
ENT_031399,ent_d952ab606091
ENT_031400,ent_6926468b826e
ENT_031401,ent_9401f55d7188
ENT_031402,ent_b975b85e6cbf
ENT_031403,ent_3f3afeb6cfa0
ENT_031404,ent_7774a3b7126e
ENT_031405,ent_0a034cc7e9ce
ENT_031406,ent_b80a42939488
ENT_031407,ent_5f56519f8b15
ENT_031408,ent_c8c48127adb0
ENT_031409,ent_24e92659667c
ENT_031410,ent_a0bfa17059ba
ENT_031411,ent_a6b7fbe9c356
ENT_031412,ent_7ebd93e5d34a
ENT_031413,ent_d7b8d592fe91
ENT_031414,ent_8bc1c10b9392
ENT_S264H_013B3B090C0BDF,ent_fd90d38cf045
ENT_S264H_1E5908A80DB5E3,ent_0679d07738ec
ENT_S264H_23CCA4E51A7F73,ent_2190fa3e8fa0
ENT_S264H_25E943FDE14EC2,ent_e9aff721e041
ENT_S264H_26139D282ADD51,ent_3988471b6e7d
ENT_S264H_2C49790398EFCC,ent_2074071360a1
ENT_S264H_327A981D587C04,ent_1cd8ddf83735
ENT_S264H_4CC8F6629F8F63,ent_fe328ba9f811
ENT_S264H_4EB88D558579B1,ent_abfd86664294
ENT_S264H_53E3A3752F107D,ent_1b85dfe7eb48
ENT_S264H_57EF6BFC5D207A,ent_c4b6ac2156b2
ENT_S264H_5BE860E43826C0,ent_38016353c9f9
ENT_S264H_674AD86BF5EE0D,ent_a63621790dfa
ENT_S264H_77D2A83152DD8B,ent_c5f15512b91c
ENT_S264H_799312CEF8747A,ent_e81961a3d951
ENT_S264H_7A0F0E65C31DED,ent_32ad33410369
ENT_S264H_7E97CD0DADCF12,ent_3b68824d1568
ENT_S264H_837DF38A1A900B,ent_5867a25c7c30
ENT_S264H_8E7FF041D43805,ent_9f1c0d6bde7c
ENT_S264H_9E8D3ACD244112,ent_143b6f4eaba4
ENT_S264H_ABC67ECF40F2C2,ent_2d5376f10708
ENT_S264H_AEE08B14E142E6,ent_b8fbdd38ff9e
ENT_S264H_B1097852F7E817,ent_d79137a86806
ENT_S264H_B1389AD15052C3,ent_2dbeabfa08c4
ENT_S264H_C010BC99F73B08,ent_9e373653fbb1
ENT_S264H_C8C3E111523786,ent_1d72621bcc3d
ENT_S264H_CBCFE54D1FC3F5,ent_2471e157cb5b
ENT_S264H_CDC26267316517,ent_1e67c9f10ea1
ENT_S264H_D0976C2FEE42F3,ent_9e9a33e6b678
ENT_S264H_D344BDB8E5FD08,ent_bd668b3b64b4
ENT_S264H_D97865410D587E,ent_28ade926fdfd
ENT_S264H_D99462DE5A9D93,ent_3b2e0260b276
ENT_S264H_EBA4828C1BA52A,ent_79c1fb3e8e88
ENT_S264H_F1BDA86B22772D,ent_dbae25eaf3b4
S258_ENT_0001,ent_6cb9e618bac4
S258_ENT_0002,ent_2b7acd17a3f1
S258_ENT_0003,ent_0567b9915980
S258_ENT_0004,ent_ed6039c9efc7
S258_ENT_0005,ent_0dfdbc835177
S258_ENT_0006,ent_6622c429d0aa
S258_ENT_0007,ent_12d33a6d83cc
S258_ENT_0008,ent_3d38388b8511
S258_ENT_0009,ent_a39512142bce
S258_ENT_0010,ent_2b537c64298a
S258_ENT_0011,ent_207d112820b3
S258_ENT_0012,ent_1960d9d53d47
S258_ENT_0013,ent_e46fdebe66f6
S258_ENT_0014,ent_9308fb234ddb
S258_ENT_0015,ent_f624bb0397f1
S258_ENT_0016,ent_3c16a182b10e
S258_ENT_0017,ent_a8c796d25690
S258_ENT_0018,ent_49888f38bdc9
S258_ENT_0019,ent_57a4bca22149
S258_ENT_0020,ent_e5cc7b4be7db
S258_ENT_0021,ent_420680a4336b
S258_ENT_0022,ent_235af302f048
S258_ENT_0023,ent_755b0e7e804d
S258_ENT_0024,ent_bdb8264dbeb3
S258_ENT_0025,ent_8af507046408
S258_ENT_0026,ent_e713986b2525
S258_ENT_0027,ent_e6963f621ecb
S258_ENT_0028,ent_fbe0dca14969
S258_ENT_0029,ent_6c410c0cbce5
S258_ENT_0030,ent_60e8133ff11d
S258_ENT_0031,ent_552811a0a32c
S258_ENT_0032,ent_766a05730d7e
S258_ENT_0033,ent_f7d6d531ec93
S258_ENT_0034,ent_dd33ab3f77a2
S258_ENT_0035,ent_a4cbe84441b4
S258_ENT_0036,ent_4d6e871625fa
S258_ENT_0037,ent_52c739f7d876
S258_ENT_0038,ent_32fba9d6876a
S258_ENT_0039,ent_00b030c2572e
S258_ENT_0040,ent_8f2b2c0c55b8
S258_ENT_0041,ent_a8503fbb207c
S258_ENT_0042,ent_a7156f1e6183
S258_ENT_0043,ent_8648e0282536
S258_ENT_0044,ent_39f775064ba5
S258_ENT_0045,ent_65f13d0cbe78
S258_ENT_0046,ent_3dd1647c8509
S258_ENT_0047,ent_12935a60d0f3
S258_ENT_0048,ent_9bc118cd41eb
S258_ENT_0049,ent_55c783287576
S258_ENT_0050,ent_c4a7296e6b0d
S258_ENT_0051,ent_8e70c34e4556
S258_ENT_0052,ent_ac76519dca55
S258_ENT_0053,ent_caa93d22d3b9
S258_ENT_0054,ent_3515cb3ff489
S258_ENT_0055,ent_c22580878458
S258_ENT_0056,ent_69075d2a4127
S258_ENT_0057,ent_65fe367474fb
S258_ENT_0058,ent_16c25489bcc1
S258_ENT_0059,ent_b88eabf8fe47
S258_ENT_0060,ent_8bc796d853f0
S258_ENT_0061,ent_0251218c0184
S258_ENT_0062,ent_350effbb64a2
S258_ENT_0063,ent_ffc5cd6e838b
S258_ENT_0064,ent_c6c29898ab20
S258_ENT_0065,ent_3eba5da1b0bd
S258_ENT_0066,ent_d42f67273395
S258_ENT_0067,ent_b01b8b80b982
S258_ENT_0068,ent_29771a242e8f
S258_ENT_0069,ent_fdad28c8aece
S258_ENT_0070,ent_15811cf06252
S258_ENT_0071,ent_e2d19f48f58c
S258_ENT_0072,ent_3612f4013433
S258_ENT_0073,ent_1c7974f7fe1e
S258_ENT_0074,ent_58c47f76c3e7
S258_ENT_0075,ent_1f4bb1960313
S258_ENT_0076,ent_33ffba06a596
S258_ENT_0077,ent_56105c7e6b34
S258_ENT_0078,ent_d1f8647d5ffb
S258_ENT_0079,ent_49532b2e9d9b
S258_ENT_0080,ent_2ca502446055
S258_ENT_0081,ent_44935f4d6c98
S258_ENT_0082,ent_d0187366317b
S258_ENT_0083,ent_cefb35d4ac0a
S258_ENT_0084,ent_c74c78444c0d
S258_ENT_0085,ent_9b8df20182d8
S258_ENT_0086,ent_775511709fae
S258_ENT_0087,ent_ea8dcdeaaf1a
S258_ENT_0088,ent_04c8ebcafe28
S258_ENT_0089,ent_3fc1b1eea73c
S258_ENT_0090,ent_7a49b1455145
S258_ENT_0091,ent_7ed4f1f731f9
S258_ENT_0092,ent_f878cc407561
S258_ENT_0093,ent_71f5bc8a2d5a
S258_ENT_0094,ent_3cf35557d4aa
S258_ENT_0095,ent_f5faff1a8e17
S258_ENT_0096,ent_cbb3dfb5d31f
S258_ENT_0097,ent_25a1cc59ae74
S258_ENT_0098,ent_52340ad165a9
S258_ENT_0099,ent_8792d772dc43
S258_ENT_0100,ent_7a0386212baf
S258_ENT_0101,ent_a7ba4a19c138
S258_ENT_0102,ent_292f1cc53c7f
S258_ENT_0103,ent_82feb79db063
S258_ENT_0104,ent_9778581f1f93
S258_ENT_0105,ent_8186301e7ab3
S258_ENT_0106,ent_040d832948cf
S258_ENT_0107,ent_c2a7cf222427
S258_ENT_0108,ent_1073c409dc6a
S258_ENT_0109,ent_344384bee4fb
S258_ENT_0110,ent_f87238744e5a
S258_ENT_0111,ent_41cca98c54d0
S258_ENT_0112,ent_976dc70cfb20
S258_ENT_0113,ent_f2c35cf82c09
S258_ENT_0114,ent_0f782825fbe5
S258_ENT_0115,ent_13eab252fe50
S258_ENT_0116,ent_a36c0ed65fcd
S258_ENT_0117,ent_7a9d3ad06891
S258_ENT_0118,ent_a93f08903428
S258_ENT_0119,ent_2696343ec48b
S258_ENT_0120,ent_578e08f23356
S258_ENT_0121,ent_174a61925234
S258_ENT_0122,ent_41c077f3a9c3
S258_ENT_0123,ent_03e093b5eed2
S258_ENT_0124,ent_8f8935aa5221
S258_ENT_0125,ent_4209f0e1bcc0
S258_ENT_0126,ent_38c6c4ef57c6
S258_ENT_0127,ent_2899b61d9eb2
S258_ENT_0128,ent_480d2bcf1b5e
S258_ENT_0129,ent_a24d417abf3a
S258_ENT_0130,ent_b17c59c4dcf8
S258_ENT_0131,ent_843b8050d4ad
S258_ENT_0132,ent_156e18cfb600
S258_ENT_0133,ent_68c67cfcfff7
S258_ENT_0134,ent_d64c0bca7cce
S258_ENT_0135,ent_31df7c0076c3
S258_ENT_0136,ent_c4159a3aa726
S258_ENT_0137,ent_9c0250b10ed1
S258_ENT_0138,ent_4c79d2b97571
S258_ENT_0139,ent_4dfe729df6b3
S258_ENT_0140,ent_ae5c51eacd5c
S258_ENT_0141,ent_a4b632b98693
S258_ENT_0142,ent_b1b42d990a31
S258_ENT_0143,ent_940ca57a3c14
S258_ENT_0144,ent_9cb45a49b624
S258_ENT_0145,ent_dba349b2481f
S258_ENT_0146,ent_6ac6dd2d97a5
S258_ENT_0147,ent_1643daea77be
S258_ENT_0148,ent_435c840be12f
S258_ENT_0149,ent_e9a42c65be3a
S258_ENT_0150,ent_f3d94ceb84d1
S258_ENT_0151,ent_7f817c6b4a99
S258_ENT_0152,ent_57f88f423e06
S258_ENT_0153,ent_a8da96da8e2c
S258_ENT_0154,ent_7e843ee1de71
S258_ENT_0155,ent_49d778977d43
S258_ENT_0156,ent_f981d42463bd
S258_ENT_0157,ent_a7062ffae199
S258_ENT_0158,ent_6e99b7643e6e
S258_ENT_0159,ent_4a844158d7bf
S258_ENT_0160,ent_984d3a6913df
S258_ENT_0161,ent_e1afb6b17b50
S258_ENT_0162,ent_3789fe938fa3
S258_ENT_0163,ent_c623f3d5099b
S258_ENT_0164,ent_b27cb3e4d236
S258_ENT_0165,ent_ec337f85784f
S258_ENT_0166,ent_fa5ca6435945
S258_ENT_0167,ent_4c6de81e3536
S258_ENT_0168,ent_9f2ce22ccfa5
S258_ENT_0169,ent_cd277e573efc
S258_ENT_0170,ent_893acbefa942
S258_ENT_0171,ent_5ea3155cf1ae
S258_ENT_0172,ent_4d076ac3bebf
S258_ENT_0173,ent_6bd88a0df782
S258_ENT_0174,ent_bfe0ab7481a6
S258_ENT_0175,ent_7781495a64fa
S258_ENT_0176,ent_dd2f2709c013
S258_ENT_0177,ent_197c8eea6628
S258_ENT_0178,ent_7134cbca0494
S258_ENT_0179,ent_304830ec88fd
S258_ENT_0180,ent_df44594961ab
S258_ENT_0181,ent_e6bcd2f36c9d
S258_ENT_0182,ent_14a30c2b8b41
S258_ENT_0183,ent_e847dcb23d67
S258_ENT_0184,ent_4e24e193d70a
S258_ENT_0185,ent_bb7d613b961d
S258_ENT_0186,ent_3af1bfcadb1f
S258_ENT_0187,ent_4b8609bb2b48
S258_ENT_0188,ent_0b63622c8edf
S258_ENT_0189,ent_273fc2c4316c
S258_ENT_0190,ent_c1c52852387f
S258_ENT_0191,ent_44f65cd34baf
S258_ENT_0192,ent_1b248b4246f0
S258_ENT_0193,ent_54807b943f65
S258_ENT_0194,ent_8b7f1553b1dc
S258_ENT_0195,ent_960ac8a5ad6d
S258_ENT_0196,ent_2855db23cf95
S258_ENT_0197,ent_438273ef1214
S258_ENT_0198,ent_95eec38c793d
S258_ENT_0199,ent_f30880fdf21a
S258_ENT_0200,ent_3872981a79f5
S258_ENT_0201,ent_e8619ff254fe
S258_ENT_0202,ent_f467fcb0eb06
S258_ENT_0203,ent_07cdd4416751
S258_ENT_0204,ent_0a3f3f438622
S258_ENT_0205,ent_5b669fbe33e5
S258_ENT_0206,ent_c60686651ba8
S258_ENT_0207,ent_b693a5f5a653
S258_ENT_0208,ent_99b2b72474b2
S258_ENT_0209,ent_382a95caa8fa
S258_ENT_0210,ent_ad92f5be7cc2
S258_ENT_0211,ent_da1f044ec06a
S258_ENT_0212,ent_239a10b1e713
S258_ENT_0213,ent_71f99b9560d6
S258_ENT_0214,ent_ada580b03e54
S258_ENT_0215,ent_2b5e876f84d2
S258_ENT_0216,ent_ab7683580395
S258_ENT_0217,ent_92f471adccb8
S258_ENT_0218,ent_e9d391e2f7fb
S258_ENT_0219,ent_f5c7859e09e2
S258_ENT_0220,ent_00eae95b2d41
S258_ENT_0221,ent_f5c6124d22fd
S258_ENT_0222,ent_6cb498bf4e5d
S258_ENT_0223,ent_36339f090564
S258_ENT_0224,ent_cc869376e616
S258_ENT_0225,ent_c045579dfd7f
S258_ENT_0226,ent_f52badece633
S258_ENT_0227,ent_5a5c7d87eb4e
S258_ENT_0228,ent_cc86c5bb42e2
S258_ENT_0229,ent_56801b09aa3c
S258_ENT_0230,ent_20a994f512ba
S258_ENT_0231,ent_bd4e1f23037f
S258_ENT_0232,ent_de79adf1bfa9
S258_ENT_0233,ent_9a9df6887f48
S258_ENT_0234,ent_feb9a43ef432
S258_ENT_0235,ent_a80ca1e74f16
S258_ENT_0236,ent_a85aee0d8c26
S258_ENT_0237,ent_2c3d7e0af556
S258_ENT_0238,ent_91794616459b
S258_ENT_0239,ent_ed0205ce157e
S258_ENT_0240,ent_6eeb231cfe1f
S258_ENT_0241,ent_855a8ce70d9a
S258_ENT_0242,ent_94cf265aaebf
S258_ENT_0243,ent_16849daf5a67
S258_ENT_0244,ent_bf74bb0c099c
S258_ENT_0245,ent_d49aad7d1a80
S258_ENT_0246,ent_d7cca7f6fea9
S258_ENT_0247,ent_7d2ec831f628
S258_ENT_0248,ent_3d52ffafb0cf
S258_ENT_0249,ent_733fbe0b6245
S258_ENT_0250,ent_22e57cbb95fc
S258_ENT_0251,ent_3eb1309e5192
S258_ENT_0252,ent_3a1b4aa935ff
S258_ENT_0253,ent_ee7e2d78bc35
S258_ENT_0254,ent_553ef7dd9303
S258_ENT_0255,ent_69c1d2c83284
S258_ENT_0256,ent_6e6eb7a8d2c0
S258_ENT_0257,ent_985d15de4964
S258_ENT_0258,ent_36c4acf32dbc
S258_ENT_0259,ent_9025d00cc16f
S258_ENT_0260,ent_4f58f1ce11ac
S258_ENT_0261,ent_0621237e8037
S258_ENT_0262,ent_6b2e6ca8c8d7
S258_ENT_0263,ent_d338fc4bba62
S258_ENT_0264,ent_3514511ada02
S258_ENT_0265,ent_ccb7d7222e36
S258_ENT_0266,ent_906d88af33c1
S258_ENT_0267,ent_eaaee3b96614
S258_ENT_0268,ent_066ece875150
S258_ENT_0269,ent_0908414db146
S258_ENT_0270,ent_bcd2f257f284
S258_ENT_0271,ent_6396a82a84f8
S258_ENT_0272,ent_bc477447e8c2
S258_ENT_0273,ent_c188f115482d
S258_ENT_0274,ent_c6363fc939e9
S258_ENT_0275,ent_297086e6fa83
S258_ENT_0276,ent_73e0f4af9875
S258_ENT_0277,ent_4e068bbdce15
S258_ENT_0278,ent_3d22d74a6bc9
S258_ENT_0279,ent_b8f5d5d86e6f
S258_ENT_0280,ent_94e9ef483424
S258_ENT_0281,ent_90c4622d4967
S258_ENT_0282,ent_96ed09cf666d
S258_ENT_0283,ent_dd108b1d7215
S258_ENT_0284,ent_be467fa86580
S258_ENT_0285,ent_51cfc6286ad6
S258_ENT_0286,ent_cae5e067ab2b
S258_ENT_0287,ent_c26979396b42
S258_ENT_0288,ent_e716e07e181b
S258_ENT_0289,ent_17b33c951e70
S258_ENT_0290,ent_26bcd7c90003
S258_ENT_0291,ent_7fa5f29c8fed
S258_ENT_0292,ent_cd6bbb292d87
S258_ENT_0293,ent_b8f9800f633a
S258_ENT_0294,ent_0449d6d7d09d
S258_ENT_0295,ent_eddfdea669af
S258_ENT_0296,ent_37a7853d7768
S258_ENT_0297,ent_ed71ee14edf2
S258_ENT_0298,ent_2d55a5b2bea4
S258_ENT_0299,ent_455887789e7f
S258_ENT_0300,ent_0460c508acf4
S258_ENT_0301,ent_aef52ab97cb0
S258_ENT_0302,ent_faa1f7dd77e0
S258_ENT_0303,ent_b842c03f1824
S258_ENT_0304,ent_98e24fa51ad8
S258_ENT_0305,ent_58965d7f9c4c
S258_ENT_0306,ent_6ea4e4e9c366
S258_ENT_0307,ent_d2643ba556d3
S258_ENT_0308,ent_0ac364d23d18
S258_ENT_0309,ent_e4e2958aab91
S258_ENT_0310,ent_d560dda7f43a
S258_ENT_0311,ent_1d8be0124e8f
S258_ENT_0312,ent_f5fc012ec352
S258_ENT_0313,ent_a637555654d0
S258_ENT_0314,ent_572473fb5047
S258_ENT_0315,ent_99420d41f095
S258_ENT_0316,ent_17851e61517f
S258_ENT_0317,ent_f33cc8679c0d
S258_ENT_0318,ent_758af79b6b2b
S258_ENT_0319,ent_ae43e461cb53
S258_ENT_0320,ent_7ea58f941788
S258_ENT_0321,ent_4e2a6c0ebf31
S258_ENT_0322,ent_b03d195583c8
S258_ENT_0323,ent_0f31ab794095
S258_ENT_0324,ent_33660169e0da
S258_ENT_0325,ent_90d3d60d235a
S258_ENT_0326,ent_ae8dd2f02dca
S258_ENT_0327,ent_ff4642c04407
S258_ENT_0328,ent_c663043030ff
S258_ENT_0329,ent_21e175456121
S258_ENT_0330,ent_649f0016eb2a
S258_ENT_0331,ent_af42c8598dd2
S258_ENT_0332,ent_76e029ae79bc
S258_ENT_0333,ent_82921952249d
S258_ENT_0334,ent_1913c234e033
S258_ENT_0335,ent_15b00b47d25e
S258_ENT_0336,ent_1bd0f2d2d0d7
S258_ENT_0337,ent_ca32ff4b2476
S258_ENT_0338,ent_15c6626f7294
S258_ENT_0339,ent_3aa74a3c9623
S258_ENT_0340,ent_3f8fc5fa52ea
S258_ENT_0341,ent_b9f78f3f7722
S258_ENT_0342,ent_a7783f33bff4
S258_ENT_0343,ent_05a106d85863
S258_ENT_0344,ent_afb048116bc5
S258_ENT_0345,ent_f3d0935142ef
S258_ENT_0346,ent_5eef7446e3ef
S258_ENT_0347,ent_986f4b069c17
S258_ENT_0348,ent_0bf8235e31fc
S258_ENT_0349,ent_0a9ad0bbf18a
S258_ENT_0350,ent_f0d872fa4743
S258_ENT_0351,ent_6866fec1df65
S258_ENT_0352,ent_2de112de4312
S258_ENT_0353,ent_08dd9ab00fec
S258_ENT_0354,ent_14232bc689a6
S258_ENT_0355,ent_f3c9895f9033
S258_ENT_0356,ent_a17c0cf56097
S258_ENT_0357,ent_73cb925e3043
S258_ENT_0358,ent_62bae25b4d48
S258_ENT_0359,ent_33013484ad34
S258_ENT_0360,ent_6a96000d4114
S258_ENT_0361,ent_a3966254e67e
S258_ENT_0362,ent_fa4dbf0b45f6
S258_ENT_0363,ent_1d3dcb27dd8a
S258_ENT_0364,ent_6a091db9d94b
S258_ENT_0365,ent_304380da7593
S258_ENT_0366,ent_3d7f4ae2eb08
S258_ENT_0367,ent_072717cc3e10
S258_ENT_0368,ent_dd40dbc85a89
S258_ENT_0369,ent_b98f4377e8c9
S258_ENT_0370,ent_8473a358b3ec
S258_ENT_0371,ent_3e2cd18ac462
S258_ENT_0372,ent_519278842826
S258_ENT_0373,ent_c2ce8290a891
S258_ENT_0374,ent_7a22bf67cdf7
S258_ENT_0375,ent_cc2b64886edb
S258_ENT_0376,ent_54bf4d923c14
S258_ENT_0377,ent_df0ec7f78f87
S258_ENT_0378,ent_a9576c44a0a1
S258_ENT_0379,ent_57ed8be8fab6
S258_ENT_0380,ent_8d826dc13903
S258_ENT_0381,ent_b59c0c9f040e
S258_ENT_0382,ent_60ba9db90bf7
S258_ENT_0383,ent_c5e74c42686c
S258_ENT_0384,ent_3fed38c9ad97
S258_ENT_0385,ent_1dc98ca832ba
S258_ENT_0386,ent_3ad6367ed553
S258_ENT_0387,ent_782bf4c021bb
S258_ENT_0388,ent_54fe1c2c70b4
S258_ENT_0389,ent_f69a08b8c62c
S258_ENT_0390,ent_487f7c9064c2
S258_ENT_0391,ent_2593239d3d20
S258_ENT_0392,ent_9d216472f99d
S258_ENT_0393,ent_2e7e654511a2
S258_ENT_0394,ent_6148c04ef4e3
S258_ENT_0395,ent_48762851d75b
S258_ENT_0396,ent_9f25e35c3ade
S258_ENT_0397,ent_76b0f5140ef6
S258_ENT_0398,ent_b5f7bfdde13d
S258_ENT_0399,ent_f015ab78cf89
S258_ENT_0400,ent_3e3742b48bd7
S258_ENT_0401,ent_cb3fb738fb33
S258_ENT_0402,ent_2a59db948de0
S258_ENT_0403,ent_8f20a4ee476a
S258_ENT_0404,ent_d82441bf6b10
S258_ENT_0405,ent_37138bbe163a
S258_ENT_0406,ent_212bb3d0a97a
S258_ENT_0407,ent_bdd4265cbe96
S258_ENT_0408,ent_644a3acec96e
S258_ENT_0409,ent_a9466966f67d
S258_ENT_0410,ent_5ce88ea93c0a
S258_ENT_0411,ent_804ab00f932b
S258_ENT_0412,ent_9db559123d59
S258_ENT_0413,ent_138a26cf025f
S258_ENT_0414,ent_27c751337add
S258_ENT_0415,ent_7cbb4f5e09b5
S258_ENT_0416,ent_005e7b74f0fe
S258_ENT_0417,ent_27ab434bab4d
S258_ENT_0418,ent_4a92308ac76b
S258_ENT_0419,ent_f6280a743055
S258_ENT_0420,ent_9e9c5431f48e
S258_ENT_0421,ent_87c0c1db2921
S258_ENT_0422,ent_5a9b30907b4f
S258_ENT_0423,ent_b408c21441f1
S258_ENT_0424,ent_944e381c2c6c
S258_ENT_0425,ent_53e344326696
S258_ENT_0426,ent_5ac6db7d225c
S258_ENT_0427,ent_d1c44cbe8ede
S258_ENT_0428,ent_78bce9b2528a
S258_ENT_0429,ent_1fce4365c252
S258_ENT_0430,ent_0427886e237d
S258_ENT_0431,ent_e1733f0c44a4
S258_ENT_0432,ent_eebecdbcf8a7
S258_ENT_0433,ent_bdf0d2daad80
S258_ENT_0434,ent_cf9ecd8bc5dc
S258_ENT_0435,ent_85b0a707fcd6
S258_ENT_0436,ent_3ed26541dab9
S258_ENT_0437,ent_58aa0a0872b6
S258_ENT_0438,ent_82e5a99accd6
S258_ENT_0439,ent_917a1924737e
S258_ENT_0440,ent_e2fc4abd3849
S258_ENT_0441,ent_2b2ae6bc9d94
S258_ENT_0442,ent_5cfe0841a768
S258_ENT_0443,ent_d825e29eb50c
S258_ENT_0444,ent_1c0d1ec16ad4
S258_ENT_0445,ent_8e91401511ca
S258_ENT_0446,ent_ac781702dd64
S258_ENT_0447,ent_87a51bab9940
S258_ENT_0448,ent_02ca80db7e53
S258_ENT_0449,ent_f0212579f192
S258_ENT_0450,ent_33a391b3d6c2
S258_ENT_0451,ent_f1bca6797ad9
S258_ENT_0452,ent_4b9818e91f34
S258_ENT_0453,ent_172d06688783
S258_ENT_0454,ent_fd7030665e61
S258_ENT_0455,ent_218b5418c0f8
S258_ENT_0456,ent_721becb284ae
S258_ENT_0457,ent_b22348c119b7
S258_ENT_0458,ent_74dcaa5d8d83
S258_ENT_0459,ent_cfc1d523af18
S258_ENT_0460,ent_5a4a72df052e
S258_ENT_0461,ent_b208816c30fe
S258_ENT_0462,ent_8284a6d2e26d
S258_ENT_0463,ent_8356d330bcac
S258_ENT_0464,ent_cf8b17a5b479
S258_ENT_0465,ent_398c4bf9e94c
S258_ENT_0466,ent_bf65fd1093ad
S258_ENT_0467,ent_ad65adea80e6
S258_ENT_0468,ent_c22ca9b58fca
S258_ENT_0469,ent_e505164c7d9f
S258_ENT_0470,ent_5bcf615b153a
S258_ENT_0471,ent_32b501b7d316
S258_ENT_0472,ent_134c23765db4
S258_ENT_0473,ent_559ebb90f87d
S258_ENT_0474,ent_ec17a2decfc4
S258_ENT_0475,ent_6c99489c5da4
S258_ENT_0476,ent_dcd79de06344
S258_ENT_0477,ent_db99c4992335
S258_ENT_0478,ent_2831655ae130
S258_ENT_0479,ent_7f1ac1d7bf26
S258_ENT_0480,ent_646ca5411e60
S258_ENT_0481,ent_046b38332449
S258_ENT_0482,ent_eb197dcd3cdb
S258_ENT_0483,ent_19ede6563e4f
S258_ENT_0484,ent_5194433f131f
S258_ENT_0485,ent_50399d556bd8
S258_ENT_0486,ent_11dcd4dc63f2
S258_ENT_0487,ent_6cacfb08e6df
S258_ENT_0488,ent_c784a80148a3
S258_ENT_0489,ent_c4616b7d77b9
S258_ENT_0490,ent_fb3cd2f83170
S258_ENT_0491,ent_0890201a5138
S258_ENT_0492,ent_df549f555441
S258_ENT_0493,ent_99c7b21f179d
S258_ENT_0494,ent_21a35604998d
S258_ENT_0495,ent_dcafe333fc0f
S258_ENT_0496,ent_24a72169fd33
S258_ENT_0497,ent_d8962e75204c
S258_ENT_0498,ent_e1851ae24c56
S258_ENT_0499,ent_215069c2efd8
S258_ENT_0500,ent_bdd4ba4add7f
S258_ENT_0501,ent_54e432310b67
S258_ENT_0502,ent_dcace6fe472f
S258_ENT_0503,ent_d72cfe500e6d
S258_ENT_0504,ent_d8d05243d07e
S258_ENT_0505,ent_d716b4911da7
S258_ENT_0506,ent_f131081d5725
S258_ENT_0507,ent_4d6c30af85ee
S258_ENT_0508,ent_6ba4a7a4fbf0
S258_ENT_0509,ent_13bd7274e319
S258_ENT_0510,ent_21df7e3a390a
S258_ENT_0511,ent_36a6e7830052
S258_ENT_0512,ent_cf9718b58e0a
S258_ENT_0513,ent_4f52ee8f9176
S258_ENT_0514,ent_c8dba005c30f
S258_ENT_0515,ent_221e118ed1ff
S258_ENT_0516,ent_2ea9c381a601
S258_ENT_0517,ent_b11d175ae3e1
S258_ENT_0518,ent_97078eb2fa4c
S258_ENT_0519,ent_a6edbfea0e76
S258_ENT_0520,ent_8f574a397885
S258_ENT_0521,ent_46711d0892cb
S258_ENT_0522,ent_5aa0468b21b7
S258_ENT_0523,ent_bf4abdbd551f
S258_ENT_0524,ent_0233554652eb
S258_ENT_0525,ent_9187a2f6874a
S258_ENT_0526,ent_1ea0b8fa7f65
S258_ENT_0527,ent_b6f300cff4bc
S258_ENT_0528,ent_40be9ddeb736
S258_ENT_0529,ent_98cd38181289
S258_ENT_0530,ent_012b2e6cde60
S258_ENT_0531,ent_d1aa64ffc9c7
S258_ENT_0532,ent_84b0fbda4ab7
S258_ENT_0533,ent_915626bb98ac
S258_ENT_0534,ent_c2f3e247e30a
S258_ENT_0535,ent_c041d1165c77
S258_ENT_0536,ent_753fd5b5b649
S258_ENT_0537,ent_53966c93dcae
S258_ENT_0538,ent_e8c16d32e0f0
S258_ENT_0539,ent_76b65d8b4344
S258_ENT_0540,ent_583e8970785e
S258_ENT_0541,ent_cffeaa2ed6cc
S258_ENT_0542,ent_5c1809b1c44a
S258_ENT_0543,ent_020badbdde18
S258_ENT_0544,ent_e41bb5eaf95c
S258_ENT_0545,ent_ad2130d77063
S258_ENT_0546,ent_cd61e01659f8
S258_ENT_0547,ent_4a6167b42978
S260_ENT_150F777DE967,ent_86c264bbf70a
S260_ENT_3E7E3A95782E,ent_8cb691f7d199
S260_ENT_4B13AB45F44A,ent_ee46b321c996
S260_ENT_4DDFB28B2146,ent_294c2e592b25
S260_ENT_58BD5A55F11F,ent_3f768201aa6d
S260_ENT_65400F492E7B,ent_ab28e0d2ae2d
S260_ENT_6DFA56202B35,ent_e7378c55a972
S260_ENT_6EDC492CB9B8,ent_83ae75c34719
S260_ENT_7B5518D378DF,ent_ae916c26fce1
S260_ENT_7BBCAED40A02,ent_5a5ddb44a9a7
S260_ENT_8EB85A98CAC6,ent_edb83f453adc
S260_ENT_A68387AB1141,ent_5429552cf2cb
S260_ENT_B431F65ED032,ent_61b9fa59845c
S260_ENT_BF713E523C90,ent_1da9f465d21e
S260_ENT_C3012E115864,ent_84e89c726a6c
S260_ENT_C65C6E15BC31,ent_3d3eec716058
S260_ENT_C9565059F436,ent_29f545fdc778
S260_ENT_D089902C7E8C,ent_f25853efdc3e
S260_ENT_EBC3F48E2386,ent_ae2bf80f25dc
S260_ENT_F85CD4301923,ent_dbe760b1b7f7
S260_ENT_FFB81ADF4DA0,ent_aefae9baad0b
S261_ENT_00DA8E4F10676A35,ent_d76b44f04dbb
S261_ENT_0131B73E9AC37166,ent_e3a729bda8e9
S261_ENT_013D8D815616F83C,ent_aef97ef170d1
S261_ENT_01C6B23366AD78BA,ent_7e96c145b8f2
S261_ENT_01FA593931AAB77A,ent_aa07e752d9fa
S261_ENT_01FA6BC0AB7C1479,ent_ffd6587d1dc8
S261_ENT_04FC2825662500CE,ent_c68d589bd52b
S261_ENT_0942CDC4AB59C361,ent_a3484091df6e
S261_ENT_0954BBD1EDDA1C3B,ent_3c89496baf8d
S261_ENT_0B87E0401D976032,ent_0f1fc53dbba0
S261_ENT_0BAA6C1D96F4A68F,ent_5420a4b05a78
S261_ENT_0C2569D6B2F70092,ent_2bc939f0827b
S261_ENT_0D92866DBB3532F9,ent_dd95a38794b3
S261_ENT_0DFB1AAAA583E258,ent_da39d15fc599
S261_ENT_0E39452A7ADAA4E2,ent_dc05a2f59a2c
S261_ENT_0FC9F462FDBE0B7B,ent_2fd7468711e7
S261_ENT_107198DBD1BA29EE,ent_d955e20d95cf
S261_ENT_1187A2996C1216DF,ent_84e1bdb07cca
S261_ENT_11D0ECE2D54CB970,ent_d85ab40571d4
S261_ENT_12FB54B595A4D46F,ent_060684c31f21
S261_ENT_1335C867A204A95D,ent_90c8b3770770
S261_ENT_134BE5486AC231F0,ent_3e1511d79e6b
S261_ENT_137920B0BB47F1BC,ent_68aee3617c5a
S261_ENT_1490104428A88F4A,ent_01fba74b0f25
S261_ENT_158D4E1ABC66FCE0,ent_f2ce41d186a2
S261_ENT_159EDFB4C999C56F,ent_5bc63c331f04
S261_ENT_16EC8FD916AB0E71,ent_16ff29c6f14c
S261_ENT_17D853169C25B7D1,ent_11c48a49fb52
S261_ENT_1824CFC656467111,ent_30f53723aaff
S261_ENT_182ACB4664B07902,ent_043dbdc0c164
S261_ENT_192AE5A920402D55,ent_e2b515a02170
S261_ENT_19B63E1104DBD0BF,ent_32608cc0596f
S261_ENT_19D37DD7B5AB6E6E,ent_e2c8bed67cc8
S261_ENT_1B521FB8BB205801,ent_e95465b4f3a8
S261_ENT_1B52C17EF9DCD9B6,ent_d52b93571691
S261_ENT_1B770554D2A3A5E9,ent_9298d3df3118
S261_ENT_1C0AF1A2755F60B9,ent_3a4bc05e5851
S261_ENT_1C4A78F817FDEDD8,ent_a903c24e048f
S261_ENT_1D971E31B0416A4A,ent_b5079b470fb6
S261_ENT_1DA6CB093CD64A2F,ent_2582bd52b17e
S261_ENT_1DF90F501B83A08C,ent_fa165688662e
S261_ENT_1E4E647F4258C3F7,ent_0d720929a4de
S261_ENT_1ECFBE1822866766,ent_e8821b31154a
S261_ENT_1EF7702987E370FB,ent_8773a3689092
S261_ENT_1F54C0CBB3E14B33,ent_91b69ba91b99
S261_ENT_2120DC8F07B1BEA6,ent_41168e72cf01
S261_ENT_2193AFB1D01455E2,ent_a8562b44ce81
S261_ENT_21CBF83E4DBA41BB,ent_254a566d0684
S261_ENT_224EB7A6FCB29C47,ent_f201a2abcf65
S261_ENT_25981C84BD108324,ent_366a8593e98e
S261_ENT_2965056E07848E41,ent_71c0bb3d6ad5
S261_ENT_2997C9DA290B4789,ent_1d31ddab69ca
S261_ENT_299C13031AD9224F,ent_4812050faea9
S261_ENT_29D48FE5B62E49E3,ent_16cc50236852
S261_ENT_2A08A03E2AD540F3,ent_5b8f1af4387c
S261_ENT_2AD7B5F0D087E8C9,ent_f65f23b5bb92
S261_ENT_2B0037314E04ED18,ent_9d9256339f4e
S261_ENT_2BB505967BDFA318,ent_805df02b4b6d
S261_ENT_2D0986F0F71536CB,ent_7a7f65928b22
S261_ENT_2D68CA8C68737667,ent_d609de98dd25
S261_ENT_2F16B29178C0C8B0,ent_97826bd2d3fa
S261_ENT_2F3A46BC3AF6C030,ent_932a94260cf7
S261_ENT_30D3634C7E601870,ent_d317550b21df
S261_ENT_3213A9249F169F57,ent_01e4d9c26b45
S261_ENT_3388E17DE9F64C1A,ent_a01886b79882
S261_ENT_350678B6DC3777B0,ent_00bbd22322a5
S261_ENT_35494D794F21BB86,ent_7da911bb57b1
S261_ENT_3591A426E8982D3E,ent_f5b7195159df
S261_ENT_3649907EE97CD313,ent_55617fa2ffd7
S261_ENT_374628DCCB96F6FC,ent_44b6b6a31c36
S261_ENT_37AF87B9C802E66F,ent_dd31feb41f17
S261_ENT_37BF6DBDF87CC655,ent_656211da6a3b
S261_ENT_38189FB561270A10,ent_74c9507031f4
S261_ENT_38752DCE41C18361,ent_de44e91e1f81
S261_ENT_3B20A725A8DCDBE9,ent_fe610389b4ce
S261_ENT_3BCE447D5B2ABC3E,ent_d899b9148885
S261_ENT_3C507CBEF4CD95A9,ent_6d625f24f239
S261_ENT_3CBE7F3658A8C3CE,ent_c2d7fe689d7c
S261_ENT_3F10DFCFC55F537A,ent_0f2225e7f7e3
S261_ENT_3FFC7C64E76E8109,ent_2e8b18b7e7bb
S261_ENT_407C83A3EC94B130,ent_ccffda86b408
S261_ENT_412A400C01A19A1D,ent_f2ded4367c44
S261_ENT_42788E0DD57AFEFA,ent_e0665fc12254
S261_ENT_4316D3ECF39BB8FA,ent_477ad808f17b
S261_ENT_432572F381159374,ent_5908581d64e2
S261_ENT_441053B74A5FB031,ent_d4523c6e53ab
S261_ENT_44885E7E48FC91DB,ent_d2e26db07283
S261_ENT_460E921D8615D78C,ent_e84525e943f2
S261_ENT_46A55F3FCADFCE27,ent_e600811a061f
S261_ENT_4865811B296D8E0B,ent_96bd2d252696
S261_ENT_4A8EBDA48E789025,ent_43d4f2a62538
S261_ENT_4AA7FB075E48A8B6,ent_57fd44d9812f
S261_ENT_4B2283C522294BD4,ent_faac1e94bad5
S261_ENT_4B31276D8B0F5A2C,ent_0e208abac64f
S261_ENT_4CC3B86B5A39C843,ent_fce7d4348300
S261_ENT_4E7F8FED2F447142,ent_c29467fb13c2
S261_ENT_52F5F845A4645B7B,ent_d3ab5e547161
S261_ENT_53F2D0BDD6ACB351,ent_2cac370d08ca
S261_ENT_54113C083945397B,ent_85cbf0f0aa08
S261_ENT_551DA6BCAD495A5B,ent_41bd69cdc421
S261_ENT_5634F5D0A43D0851,ent_556a79ebe5bc
S261_ENT_5671BB2B88632D91,ent_8b35435c37c2
S261_ENT_56ECB271FD6B58EB,ent_4b722295aaf8
S261_ENT_570DCE28B2AD307E,ent_3f66aecf07f4
S261_ENT_57B04AFF09FB9718,ent_a33f4100f658
S261_ENT_57B9836C465DF95B,ent_bb57222fa99b
S261_ENT_58370285CE3A3541,ent_8a9c1b6c03d3
S261_ENT_592BF471774A4E2E,ent_27dd11191d91
S261_ENT_5A8B9A1C9BE65DE1,ent_d66c75779873
S261_ENT_5B6220633B8BDC9D,ent_38e607844cb4
S261_ENT_5B77AD6FD8D90FC8,ent_afac8238116b
S261_ENT_5C611F7C9FA9D139,ent_6bf67bd03b8a
S261_ENT_5E4C42EDCA70A2C2,ent_2687e149de3b
S261_ENT_5EA3A4E990BDB0F9,ent_082bbec035a3
S261_ENT_5EB2A3340547C5F6,ent_81c6339f19c9
S261_ENT_5F39564953BCC732,ent_b6ffa0b8f726
S261_ENT_60D64AA5E59C2147,ent_f6631e9150a2
S261_ENT_60F4CD21BC8C8CF7,ent_ec0b999b8abe
S261_ENT_61F22287F6B22AE1,ent_e8d3964b529a
S261_ENT_64F6B2D86E8AC4FE,ent_06f9eaf5c11f
S261_ENT_655C58FBEFBC8F63,ent_ac20060dd943
S261_ENT_656A5DC417F0A4B5,ent_37537e463afe
S261_ENT_664546731A962C26,ent_6cc22d86d1a4
S261_ENT_670A6C530E87D1AE,ent_0f66abe67155
S261_ENT_674EB9AFD17405A4,ent_8cbf3cfe3d2e
S261_ENT_675F5646B4DE488C,ent_3a6383e94e35
S261_ENT_682A2176F91E05F4,ent_ec6cf25e28ec
S261_ENT_6939BB8EDE22CBFB,ent_3e49f08b0662
S261_ENT_69869F655067D935,ent_17fe60a824bd
S261_ENT_6C5DCD128281ED8A,ent_af8da137ea64
S261_ENT_6E702B20C99BF5E0,ent_3d855bf61864
S261_ENT_6F0CC1FC410068CC,ent_b0a9c191c037
S261_ENT_6F33B9C3B9C43095,ent_2041175394ee
S261_ENT_6FEC9465F1A2ABFC,ent_768d139e349a
S261_ENT_705B90E1E63566DD,ent_0be0dc5bc525
S261_ENT_707F94B8BB2C4415,ent_de4ad2386580
S261_ENT_713C1077F3EAD2FC,ent_1663b9ce74eb
S261_ENT_72DB756E5E3A5F88,ent_c9ca3ec7ac9b
S261_ENT_74B03E4B5D6F88DE,ent_0edcd0239cad
S261_ENT_75A546CC891D14C0,ent_895e2e5e3804
S261_ENT_766BDD37A3481061,ent_690cd2d4e407
S261_ENT_77081C36F31A9FBE,ent_cd50aa497678
S261_ENT_774069E342D9BCF1,ent_7c5bec1a1e11
S261_ENT_7848672AA5E7CE41,ent_2f8e1435dbb7
S261_ENT_787F9475AEE97A54,ent_003454d74224
S261_ENT_78A026CDEA4DFE20,ent_425520e7cfc4
S261_ENT_7905F424889B96AD,ent_546008b94146
S261_ENT_7929E859764AFC9E,ent_17acf2509df5
S261_ENT_7979FDE208C20541,ent_7d13026d3545
S261_ENT_7993CAB25943FE4C,ent_5d580320eaf7
S261_ENT_7B246EB88CB50D27,ent_ac22422f7b19
S261_ENT_7BA51C2DD86577D4,ent_1c6cdf019e6e
S261_ENT_7BACACC00CDE554F,ent_a778b2ec3c14
S261_ENT_7BE9EE5CBFE7940C,ent_bce8864ea7d7
S261_ENT_7CDDDE737B917C7C,ent_65eb66bd1159
S261_ENT_7D8153141E2D07D9,ent_97ed080001bd
S261_ENT_7E5ED4646639D033,ent_71eecc38b443
S261_ENT_7ED5C98182805DA2,ent_8424365baa8d
S261_ENT_7F4BD223DB46AD6E,ent_1a133ca03ccc
S261_ENT_807202DB6B7EBEB4,ent_3eb8f8ff40f5
S261_ENT_8145E4C400D6590C,ent_d6acd642273f
S261_ENT_82846BA6DCD76ADF,ent_485a5d3c8a97
S261_ENT_82AAA55770E7479D,ent_c341be25a7a9
S261_ENT_8446BAC2CCE27F00,ent_8eb5f7a92a32
S261_ENT_84681A2806428EF6,ent_169fda8a563c
S261_ENT_852C6474C1E2AC4A,ent_34f3e5d28b2d
S261_ENT_88A706FBA2F8A100,ent_987d4f75b709
S261_ENT_88CB687D87B3B7D1,ent_fb30f347bb0e
S261_ENT_896C5A8B0013C4D9,ent_1c071d9dbd9e
S261_ENT_89C0D02EC7A7319B,ent_17c3301155f2
S261_ENT_89EB80DA530B202A,ent_1ece0eebc4bc
S261_ENT_89EC86989367C4FF,ent_5b23aba51991
S261_ENT_8AC8E22B97A9DEEA,ent_404ba8fd181a
S261_ENT_8B81080B53FD1821,ent_a7dec1513ef3
S261_ENT_8B8AC92EAD42FB89,ent_816644d8d76b
S261_ENT_8B9E2B23EC103AA8,ent_5d92d17761d8
S261_ENT_8C8C5B9AC377696F,ent_ae2a498d2bfb
S261_ENT_8D2F406AAD412E9E,ent_ec66c052e9f6
S261_ENT_8DB6B4D4DECDE044,ent_0c31b0852846
S261_ENT_8EDE1ACCA0DEF51C,ent_99d68c0b972a
S261_ENT_911AD99314594486,ent_5d4d55d97c89
S261_ENT_920F7E5E492DBDDC,ent_7714a12f7d9b
S261_ENT_93BE4B91CE6BF128,ent_04c10f1f27ee
S261_ENT_94292324293D29F6,ent_07cd2c4a9267
S261_ENT_94550DAFCE3CB2DE,ent_1b85a8db0019
S261_ENT_94D78B2909C09B04,ent_0db6b4f62db8
S261_ENT_94E9C221C827C06A,ent_bc829c3b0bf0
S261_ENT_977F9FE812C3A2CC,ent_9e88f39b4155
S261_ENT_97BFC3D74D20651D,ent_bab854e6bef4
S261_ENT_98063DC13A95AAAA,ent_712c67a704ce
S261_ENT_986159EC154B2D75,ent_dab6c3d22efa
S261_ENT_987037605DD7DF0F,ent_b8a9ff044cda
S261_ENT_991ECBE00ADF580C,ent_a0314821d2c8
S261_ENT_99C7E127C03C1621,ent_e9af5e3ffab7
S261_ENT_99E27AAEB35A2DD4,ent_8bebed9208c2
S261_ENT_9A16903972642438,ent_26d386cd5d34
S261_ENT_9A2B044D16457519,ent_afcbf0f87b33
S261_ENT_9C18697962193813,ent_2891b1c65eba
S261_ENT_9C412BE59A1C89F9,ent_cf7ff000f0a2
S261_ENT_9C7C66792C03728C,ent_ebd6c99e35d1
S261_ENT_9C9DC5BAD321F22C,ent_c3f72d97a596
S261_ENT_9D94233BF6983047,ent_48d4b4315f6c
S261_ENT_9F3A1F524190D547,ent_61b1246050d9
S261_ENT_A1D1093470C4C8E6,ent_0f088fcc3b93
S261_ENT_A30C22814587EC8D,ent_a101153b794c
S261_ENT_A3524E161862D843,ent_328a2e62108e
S261_ENT_A4C0B2A1147D0D0D,ent_c78771d1f59e
S261_ENT_A4FF71FCA3B4C0A0,ent_0922e45d5741
S261_ENT_A50376464684686F,ent_2a3f3c2d3fc6
S261_ENT_A51A03B06903D994,ent_90abe3aeedc4
S261_ENT_A814F612C45760FC,ent_17bb4aed0f57
S261_ENT_A8B977E05C0DA0DB,ent_db4f30e8571c
S261_ENT_A9F5186437BEEA6F,ent_f11604a2e6fc
S261_ENT_AA583A289BF9EFA0,ent_8a8e0fc4720d
S261_ENT_AA6443D69F631EDA,ent_9b637a2a3be7
S261_ENT_AAC0F40FDF8C4CAC,ent_5632a370ce49
S261_ENT_AAE6C60DC707CBE6,ent_3f2a71808a1a
S261_ENT_AB71685EF43281B2,ent_eb3f21a5dcbb
S261_ENT_AC0C56FF2CF56B9A,ent_e5ca672ab120
S261_ENT_ACEB17CA13049F3B,ent_73093166f467
S261_ENT_ACF1F822CB44346B,ent_1ca5560304d5
S261_ENT_AD3D17892F73DE11,ent_ba22175b5dfe
S261_ENT_AD5072FFAD7A3BE3,ent_d149f41c8be5
S261_ENT_AD72EF35F9AB8E68,ent_265cacbcc3b6
S261_ENT_AEB1F3A91B309391,ent_bae3eb893b75
S261_ENT_AEC512C5A8D5CA94,ent_b551bc14fbae
S261_ENT_B0BC5FEC86E49A02,ent_12e5648ac304
S261_ENT_B0EDBFDDAD47ED3C,ent_6e0fff3bbf3e
S261_ENT_B2824702D4FF6175,ent_404c258de199
S261_ENT_B2E6B14DF67DB797,ent_8853e8a77645
S261_ENT_B341BF6A159D768C,ent_1cb145ba9b38
S261_ENT_B3E33E79E869715A,ent_52b3b9b67402
S261_ENT_B513BA115A292412,ent_357e48228821
S261_ENT_B55D2057A35F6A67,ent_a4fd1a77ad6b
S261_ENT_B5A7004FE6AB6920,ent_028281aa5164
S261_ENT_B69C547FB4107F55,ent_9bcd7d533672
S261_ENT_BA00223DDC8EAF3E,ent_975d89a58507
S261_ENT_BA1C7B72144211E5,ent_40f910770765
S261_ENT_BB2676EAD9869F11,ent_e9d0963b098e
S261_ENT_BB2DB2BEC5465401,ent_7cc80c054495
S261_ENT_BD7C9C1A53B72F5A,ent_4d51437bc35b
S261_ENT_C06EC55C1CEB89CB,ent_9e7028261726
S261_ENT_C099C824E2EA4837,ent_45427521224b
S261_ENT_C21464CE4184DCA1,ent_fe176660d668
S261_ENT_C2583E4D40FCB411,ent_070f6be28642
S261_ENT_C25C6D2ECF033E20,ent_debc7426d8e8
S261_ENT_C3E9F119BB0AD327,ent_04d7fa03864a
S261_ENT_C40E56AB396855B3,ent_9645a3973305
S261_ENT_C42048543B1C82E6,ent_a37b94bcd5ea
S261_ENT_C4D30AF329C11179,ent_d6530f3d3ab5
S261_ENT_C5CE0770D0A07841,ent_1d63706fca5f
S261_ENT_C5EBB8519CE94526,ent_ef47f7903859
S261_ENT_C5F055AB48DFB3A5,ent_756ae03541bf
S261_ENT_C760A4708D36DC1A,ent_bc10f3e277cc
S261_ENT_C78FA0DEB95F6F29,ent_88a0422845ea
S261_ENT_C7E46AFD644883D9,ent_2e108a8a4fd9
S261_ENT_C8851A4E313C614E,ent_ed5c74c792b0
S261_ENT_C91622AD7C885B82,ent_32b9ff097781
S261_ENT_CA104D6A20EC6959,ent_eaee0d424e72
S261_ENT_CA682AC5EB9B2831,ent_109dd7d31637
S261_ENT_CA7F18A62DB3B88C,ent_e02c090a4502
S261_ENT_CA8E755841D604F6,ent_7937c977b8a3
S261_ENT_CB38C4B9FF38CB93,ent_878ea185a076
S261_ENT_CB849878B85DF62A,ent_ae575a1f5495
S261_ENT_CBF2462AD0569882,ent_42c8367b1553
S261_ENT_CC4B82A743347907,ent_05901b37c2bb
S261_ENT_CCF8E552E2CCB60A,ent_689e4e17bd48
S261_ENT_CCFE50EB4D7B14D4,ent_2118ce2bd0f2
S261_ENT_CDA240A69D2B5073,ent_6d5f6c6a3453
S261_ENT_CE0EB32332EBDBF7,ent_9cacbf8c57a5
S261_ENT_CF0E1902EF3291BF,ent_32cddfde3994
S261_ENT_CF21F4AE501999C0,ent_a0526f9d928b
S261_ENT_CFBE35C08E75D2BD,ent_5535b45eb5d4
S261_ENT_D032D08B9B123D72,ent_8cd655d7a965
S261_ENT_D04FC1D4C3B41BD0,ent_f26b13f3e5e9
S261_ENT_D265611B9B9CF638,ent_d4067069689f
S261_ENT_D36F77391E672EAB,ent_f96f2ac5d2ae
S261_ENT_D379C59D95745AED,ent_002d7f894865
S261_ENT_D4298541C7152D94,ent_b21a059ea3ae
S261_ENT_D42E1DFD2F320563,ent_82dfb5b75921
S261_ENT_D4881B3E1CC5B20B,ent_8146aab81452
S261_ENT_D49B7E5A91432A3B,ent_dfa1c3ef4e08
S261_ENT_D4B36A1AA9F3E170,ent_c9dd8ec0b542
S261_ENT_D645743615A5A546,ent_0a03034d3328
S261_ENT_D6BE600387840031,ent_dd2d6d19df8d
S261_ENT_D6FF59D255125CB4,ent_a1a45cb037c3
S261_ENT_D7912EB6B82E2581,ent_e07eeb054c66
S261_ENT_DC8F1BDCC33FEAF6,ent_80cfd4e382f1
S261_ENT_DCFB9373A084849D,ent_0df56c86f4dd
S261_ENT_DD19B52E6634336E,ent_660adce818ab
S261_ENT_DD3CBC19490CA50E,ent_93ee6ac5c5fb
S261_ENT_DF1B32AA522CA142,ent_1ea42cacf0f5
S261_ENT_E01C4AFF96C4E3D6,ent_ea952e5c0745
S261_ENT_E04F770A7B66DC13,ent_2cd88f3c0045
S261_ENT_E09DE43C3C550E32,ent_1907ddef1e8a
S261_ENT_E1D6E71F7B7A5258,ent_8217b1287699
S261_ENT_E29CF58CA62F61E0,ent_b43c415a14bf
S261_ENT_E2A5EACE46E2B531,ent_6bac2edadf46
S261_ENT_E42290B513B6EF3E,ent_aeed90a4c355
S261_ENT_E42A3FFB180CB53C,ent_210a703f8334
S261_ENT_E6CC0648C45C23A6,ent_86573d77f781
S261_ENT_E7776DC763B2D814,ent_f5b8675133b0
S261_ENT_E7D39BEC8EC36568,ent_ce87977822de
S261_ENT_E966F977054F174F,ent_05aedab16401
S261_ENT_EA8D3FFBB899BC02,ent_6d9299bbf9dc
S261_ENT_EB38C918E7E7D557,ent_5a706d192d0f
S261_ENT_EC6D47AAA8701793,ent_20372c2b414a
S261_ENT_F000014EFF404BBE,ent_3256c8df4390
S261_ENT_F09149910F10ECC4,ent_ad1eae057444
S261_ENT_F0A159C15C30FE8F,ent_ba644438c3d5
S261_ENT_F231B704319E3661,ent_7ec13cccf8b9
S261_ENT_F2DC5BC8B7918DC3,ent_b462956e0ac1
S261_ENT_F3F1BE499F77DF4E,ent_6f8017f0d251
S261_ENT_F5DE5F0010D800EB,ent_dd727217cf88
S261_ENT_F64982F0A266D70D,ent_1f28e6bc502a
S261_ENT_F867FC893DD4B5E2,ent_a70709da66b3
S261_ENT_F90ACA9601F32FF4,ent_7ce5a16d7d24
S261_ENT_FB98E477BC7668C4,ent_ed0f41aa228f
S261_ENT_FC611D50D279977D,ent_986718966efd
S261_ENT_FE2E962DE3694DCA,ent_d4facab66d8b
S261_ENT_FE91A70AD1BFC10C,ent_d92bb4554215
S261_ENT_FE949D652710D519,ent_69eb6cd40e85
S263H_ENT_114BB91F57B30CEF,ent_07bfbb5e8102
S263H_ENT_47FFD30475E9B81C,ent_1e4cd9ef7617
S263H_ENT_495D7272DE4FF3B1,ent_3f8c72abd679
S263H_ENT_CE2F2095035855AC,ent_79946b149d8f
S263H_ENT_ED1265725E4B1A1F,ent_dd79e187a078
S263I_ENT_21AC2D181ED65A6AEFD8,ent_9994952d01da
S263I_ENT_5AADEF784C04ABA28DF2,ent_fe2e6dd8a03a
S263I_ENT_76EA987DA107F5E62467,ent_f9c9b48213f7
S263I_ENT_CDDE92D4F89A156906E9,ent_821764980e74
S264B_ENT_01F63B7576A612422B8C,ent_1aeb7a0e5e1b
S264B_ENT_04A162294F2AB06EF0A5,ent_84d76921f960
S264B_ENT_0566A32AFC0D14B69AB9,ent_25dabd898be6
S264B_ENT_0A1D488C0441D208C42C,ent_0ab4739dc97d
S264B_ENT_0C2909A21777B84EF94B,ent_771b8f177bec
S264B_ENT_0D2BB13709DC1F30BC96,ent_ab548d694a4b
S264B_ENT_10FBB91897E6A4410242,ent_613d468060b0
S264B_ENT_133E29324E71BF330CC8,ent_3d109f945cc0
S264B_ENT_14E63CA71D8530A206F9,ent_a0e334f1807a
S264B_ENT_17E58DAA79C5EB4072B1,ent_2271d5d66ece
S264B_ENT_17EB4DD5646C9F758CBE,ent_f1b5b99d5f2e
S264B_ENT_20AA71DDF9951E57E23D,ent_6b8d271ddbef
S264B_ENT_21C13E981DC085FE061A,ent_1e876cb1c2d9
S264B_ENT_2282039782F1A6E77B2F,ent_372b0cf6c9e9
S264B_ENT_237DE7F7006B49638948,ent_2d1836c4e64e
S264B_ENT_24721D5741645E2F3F9F,ent_b00d14c77ced
S264B_ENT_25B2C6D0B191C23392F7,ent_66669a152823
S264B_ENT_2B903555C07072040E2F,ent_694a9a7899f8
S264B_ENT_2C7CC55A11CEF2BD84A1,ent_90e528cae191
S264B_ENT_311BA2AB74B04407139B,ent_97bdf6ea9e5f
S264B_ENT_31D82483A9C011EFCB07,ent_6d0615948fe4
S264B_ENT_32ADC8000AA70FA113F0,ent_e41b156a323e
S264B_ENT_32E0360AF060C082A1EB,ent_a165fa7871ab
S264B_ENT_3387FE3DF4F2BFE1880D,ent_a826040bc660
S264B_ENT_3454138A0655F0454A46,ent_8ee0a44ef063
S264B_ENT_380008EE8D498F765D7E,ent_0c387d67e545
S264B_ENT_3C0D24E6F81997DAB645,ent_d447dbc78faa
S264B_ENT_3C3CB39BF201ADD0F575,ent_b6f1df047805
S264B_ENT_3D06EB91430B6B7CB88B,ent_0e6e9087a96b
S264B_ENT_3F3B015B7EDB393854BD,ent_421edd7a2b74
S264B_ENT_49E376796DC5F96B317D,ent_188a4da6786f
S264B_ENT_513394C093A821497376,ent_fbe5f610abcf
S264B_ENT_53A0FA4F1AC4497BEA95,ent_f41a62c5aebc
S264B_ENT_54A4324B6112E0D17BF3,ent_92566652a5d3
S264B_ENT_579A7F5893AA1E486E22,ent_c02d3b4146b0
S264B_ENT_5A9DA0F9772A2FB420DF,ent_5b809d53c5c3
S264B_ENT_5AF588C5F18EF1E0F92C,ent_4a7838669221
S264B_ENT_5B789C3B0654EAB2F95C,ent_40d770b0b9f9
S264B_ENT_5CAA24860689E4299BE0,ent_eb528b7665ff
S264B_ENT_5E95ADEFD22998212AF1,ent_f069575aa259
S264B_ENT_5EA782AD69D5E7BC27FB,ent_41039a8b1811
S264B_ENT_61B6714D8EB8CB87D737,ent_33cdf6de3f88
S264B_ENT_630418E3B50E4D9397D2,ent_060d99d6f94d
S264B_ENT_64E4BE224C8715EED703,ent_728332372923
S264B_ENT_657BE51FF2BE8CD93D07,ent_b0a643a25c5d
S264B_ENT_683F058992AF67B9F68A,ent_da008e17d32d
S264B_ENT_6A63154AA88BB0B45996,ent_04f330eb6e22
S264B_ENT_6AC3D2FA168A798021D8,ent_9fd67e15c69f
S264B_ENT_6DB952DF31F99BD2B47F,ent_a14f19fa4e61
S264B_ENT_71AE7B58E904595D73E0,ent_ffe2a7a0922d
S264B_ENT_72F176A6A636CAE500C6,ent_891c6b7269f7
S264B_ENT_74CA80F4CAD34E0E005D,ent_c5c9ea5e719a
S264B_ENT_768905DFF91E040B2B25,ent_aa327f86f050
S264B_ENT_790B36343B4EAF6CA12D,ent_d50ddecbb1f9
S264B_ENT_8284F4D086C565650EEE,ent_ab18baecadf0
S264B_ENT_86102545CEDA821CF25C,ent_dc16cd9e17e5
S264B_ENT_88916A8D70960EF39CD1,ent_a14381c3b112
S264B_ENT_8AC98601415446843A62,ent_ef757de977c5
S264B_ENT_8F11FA8BC54A48A14A03,ent_95e8eb452fdd
S264B_ENT_91903F9360C206DA1743,ent_8b0aaf03cb99
S264B_ENT_94E75ECEA6A801FAD284,ent_02092331b755
S264B_ENT_9B29057F6079A4CCCFF1,ent_8a1e0934ee3e
S264B_ENT_9B92EC8421F02716EE2C,ent_231d648af1df
S264B_ENT_9C0178E24D22B8AAB120,ent_d1412ca6811b
S264B_ENT_9D8723DA3754EE33BC42,ent_c0ae5c7f31db
S264B_ENT_9F8D75E62A70375D1E5F,ent_31b51728aa9c
S264B_ENT_A38E3548074C257C881A,ent_9d6b5bf30aa9
S264B_ENT_A6149C4E8696374296DD,ent_ba71901c568d
S264B_ENT_A8E9AB94E18EDE16639B,ent_426a87fd3f85
S264B_ENT_A918755B9EC2268A8AD8,ent_fa5d4a166e71
S264B_ENT_AAFD472D4D54CF2B3BEB,ent_686192f7c709
S264B_ENT_AC127D83A5B8693BFAD1,ent_25e080f752a1
S264B_ENT_B0E7C8C07C806D377EFF,ent_a8d96b560dbf
S264B_ENT_B3661399F6956BC9901A,ent_ba86f80514a9
S264B_ENT_B44B9B96821A921F441A,ent_2a8faf64d791
S264B_ENT_B51DCCCC770D5960CC51,ent_83ac6e902dcc
S264B_ENT_B6A046924F1606DE02B0,ent_d9fdf10cdc48
S264B_ENT_B7348DF1BF20152F63DC,ent_9529b44c92cd
S264B_ENT_B75E0E0AB66F06C725A7,ent_582e973079de
S264B_ENT_B823A8F3D7E70462DE32,ent_a0d5d60e6245
S264B_ENT_B9792FDECBCA7A27BE79,ent_b1b82e47b813
S264B_ENT_BA238453FCFB6CBF1D00,ent_61ac7a05f35c
S264B_ENT_BA48B14A3BE67340D8FD,ent_b8b672fa96a0
S264B_ENT_C131FDB50CA2CB967295,ent_e9490e6a5114
S264B_ENT_C157571025AAC8A4EF92,ent_09a6a4d50917
S264B_ENT_C1A4E3392F700B7955A8,ent_d6e791be9267
S264B_ENT_C1FEA79FABAB86D1EFBE,ent_1cef16dd3a3b
S264B_ENT_C3AAA27FE73B7F33C9BF,ent_db25b02e167b
S264B_ENT_C67EA19141E236F838B2,ent_11217872aabc
S264B_ENT_C7F49F2D01B0CA5FB1A8,ent_31bbc759e8ed
S264B_ENT_CA842F5C89398C31A142,ent_7cf8a924d3dc
S264B_ENT_CC5B9918BA3782841AAC,ent_f5194454fe19
S264B_ENT_CC5EBE72B16EF31A5333,ent_1ea7ccca5cf7
S264B_ENT_D0513F2285CCE8881CBD,ent_d1083d5d7a74
S264B_ENT_D141AFFF6C70DF585B58,ent_a7ffe706863f
S264B_ENT_DA11E328AD47EE77FE0B,ent_629605f59aa8
S264B_ENT_DC712BFD84A76C922C2A,ent_bd47464bca89
S264B_ENT_E4A49E33A670E40662DE,ent_75306b3a8bc0
S264B_ENT_E728288BBE675B405C82,ent_0c25bbe55ee8
S264B_ENT_E92ED5DDDCE6CC255463,ent_06e503ab9dba
S264B_ENT_EB725FF413DAC0B57E2A,ent_0088921465fe
S264B_ENT_EB9F4638A21D4B41F6B2,ent_8ee2a52cb0ce
S264B_ENT_EC4B0BE990ECFD355EDC,ent_d8c61414db1e
S264B_ENT_EC84E8DC31016427642E,ent_24176af95325
S264B_ENT_ECBEB95FF82F96CE6EBE,ent_c820d6316205
S264B_ENT_EDBCBB3EA3DD7DFB3E33,ent_13faea1f0334
S264B_ENT_EE0C05F96F322448FE8F,ent_4a16a1380682
S264B_ENT_EF5AAE419D15D53F5E7A,ent_6be6e4f4ebbf
S264B_ENT_EFFE4F1018F12983A604,ent_e4d1d8e21090
S264B_ENT_F0C3A5F94CA7F6602122,ent_6b7944237bc2
S264B_ENT_F11B85F91E7EFF461B30,ent_6830eff88760
S264B_ENT_FB2E1F410A35CAD8B49B,ent_544c115d55a4
S264B_ENT_FDF8159F51455844F386,ent_c80a0e3385f1
S264B_ENT_FE36FEB867AEB93A1BE2,ent_c6c4913ca1ec
S264G_ENT_02C43A408360A6C2,ent_fa9639785707
S264G_ENT_0E9C41BFC984B92B,ent_485c44a42ea7
S264G_ENT_2B026F87DB74,ent_649aa135767d
S264G_ENT_2CAEB76F52CBDEB2,ent_2909d85668ec
S264G_ENT_657664CA811AAB6A,ent_d1551864774f
S264G_ENT_6A5B9953F9A0,ent_029aa79b25b6
S264G_ENT_6CB8137AD8A93A8D,ent_f870f1fa1b11
S264G_ENT_825A3B04A899C50A,ent_c39225d34678
S264G_ENT_A23C1EFFB368,ent_934b3797935f
S264G_ENT_A4A202FF9CF3134D,ent_89fc744d65d6
S264G_ENT_A91F8D97074FBF6D,ent_85faa90c2a60
S264G_ENT_CDCC40A44C16C91D,ent_0596c3f04824
S264G_ENT_DCD6B71DEB09F3B5,ent_9c8d8c43d9b4
S264G_ENT_DD49786B4DDA,ent_e3df25818a27
S264G_ENT_F3290CE0405D3378,ent_e98998d0cc36
S264H_ENT_A28D05B47991,ent_64a7b4e97ec5
S264H_SENSE_61B1A1EC8291,ent_39ee9c246755
S265_ENT_05BF879044141D6D,ent_5817b93adabd
S265_ENT_122269D8DCD8BAD1,ent_d9bc15d394bf
S265_ENT_13E918A9AB37576F,ent_06a5c708c5f8
S265_ENT_16B0AB4747EBF8CF,ent_e825aef662e3
S265_ENT_174AE8ACE422059D,ent_54e8b148f09f
S265_ENT_1C94D36F3476BC08,ent_e0ede76ab86b
S265_ENT_3235812443A6B15B,ent_767826d7ab55
S265_ENT_329E5AE801A2CA12,ent_a49079fbb20f
S265_ENT_331134404DDD4DAF,ent_14fc6e954626
S265_ENT_3918782CBC297EE7,ent_e60ad037e8d4
S265_ENT_394D40408A35AEB9,ent_078167af06e6
S265_ENT_42AF0083123B4F64,ent_d9af0ff8dd30
S265_ENT_42F1C7D6A8EF2BED,ent_7a2ee41fc989
S265_ENT_486A13A6C099DF1B,ent_bc9520d818b0
S265_ENT_4A44A45E53228078,ent_a52e20ee21ce
S265_ENT_4AA8D05E30F0DB7E,ent_36690056b623
S265_ENT_547DEEFF9C1BF1AA,ent_3d03916cd001
S265_ENT_555D1AE3E4C96F5D,ent_4ea73025112d
S265_ENT_57DB2895AFA7333D,ent_803b648d7dac
S265_ENT_595E3834B8AAA49C,ent_94013824bc5f
S265_ENT_5BEA8EDB327C47E3,ent_73606555ca8d
S265_ENT_5CEE0FE3BBDE667A,ent_8f9918905421
S265_ENT_5FE5B389B7D80523,ent_22b7ce953a6a
S265_ENT_6787168568BB5ECD,ent_731f93911c50
S265_ENT_67E41B2A712BF049,ent_b1f8525fc408
S265_ENT_6D831D15808C0F98,ent_c3981e22d1a3
S265_ENT_772821071AD92AD0,ent_2b1cfaf32b38
S265_ENT_78F520F2C34B6DEE,ent_7d624b801303
S265_ENT_7C580678DFA15B62,ent_bd7802e5447c
S265_ENT_80586F8E4F5AC974,ent_37d5a7356314
S265_ENT_81631E56678CF4DE,ent_fac59827f3b4
S265_ENT_83CC138F84009E42,ent_0ce1c094d4e1
S265_ENT_892297CF9A2CAD11,ent_5082725ac667
S265_ENT_89B8041112247F25,ent_5d75579f30b2
S265_ENT_8C69FFDBB25F1D62,ent_52ea0936b19e
S265_ENT_8DB10237363C8EF6,ent_63cde28763fa
S265_ENT_95B199DCE43D7A40,ent_5bbd22fbe7b0
S265_ENT_967595E0611D5D00,ent_e3057fc81d86
S265_ENT_A0138BDAAC58E918,ent_f66767b76747
S265_ENT_A39EDF79DE31BDFE,ent_f1b25afb2dc1
S265_ENT_ABB4F9B86738A417,ent_63d9fc33a113
S265_ENT_B48CF046A56417E3,ent_f30c2831ef6c
S265_ENT_B558FFECEAACA42E,ent_c2f8430eb026
S265_ENT_B61773B78385B927,ent_c2700b47b1f0
S265_ENT_B6536C356FAA2E26,ent_c82440250d41
S265_ENT_B7F07ADEAB4A3DAD,ent_1c838d636e21
S265_ENT_BB157768DAB46CB3,ent_5fd0d03bfc31
S265_ENT_BF45FE6056302F31,ent_c27cb68e24db
S265_ENT_C1072B4C6FFED2C3,ent_01a8576737aa
S265_ENT_C2C8B37FB982E2E1,ent_e2e58428ed0b
S265_ENT_D3375408EE232704,ent_1577ba6f71a2
S265_ENT_D6B60DEDA45534E5,ent_b2e749d1e6fc
S265_ENT_DD043AF71E4D6D4D,ent_b85a3bc4a6f5
S265_ENT_E55FB6BEE75937A0,ent_88cf2d06e73b
S265_ENT_EC835BB321D1F381,ent_c65c85e53067
S265_ENT_FEAE06F3E1D587E2,ent_be806fc99e1f
