source_id,runtime_id
S265_CLAIM_001944DD97C2655FF409,claim_c9cbce5ee594
S265_CLAIM_001EDA89CAE1BD4E1AE7,claim_7dbf4226dddc
S265_CLAIM_004947801AD0ED443A51,claim_d91da3feee44
S265_CLAIM_005AF4C72F26E1E9115F,claim_c07c78137687
S265_CLAIM_00603FD2250F55437B5A,claim_77f16012c798
S265_CLAIM_0066F70EB65A3378FF63,claim_01d7c6d42abb
S265_CLAIM_009691DBEAC9F7D0F418,claim_1b7f18d95360
S265_CLAIM_009BB263CECC748B3282,claim_a22f819438f1
S265_CLAIM_00A4220BC2E4C848FCF4,claim_604fe2e246e3
S265_CLAIM_00B746211C82808F4EA9,claim_38e167e91e7b
S265_CLAIM_00D386FF807F8EAC25FE,claim_c48c3bd07253
S265_CLAIM_00DC569A9CD5823EE8C6,claim_f9f765e5e1b5
S265_CLAIM_00E0E14897B7A3C17D27,claim_13234c161e6b
S265_CLAIM_00F2954CBC2DC17ED286,claim_6e820dc8ad91
S265_CLAIM_010572547D4BB15A7B4B,claim_022034f51708
S265_CLAIM_010FD3C521C785976952,claim_43f7ca8957aa
S265_CLAIM_0120723E81618F57FB3A,claim_32777fefed83
S265_CLAIM_0135831C20AF9DAF83CF,claim_ae7df4ba8450
S265_CLAIM_014BAFEF01D0F4215EF8,claim_0f34a7641dc2
S265_CLAIM_015F9C7DD3C93D84BDCD,claim_e3d5253e0966
S265_CLAIM_0160286FBA706102F39D,claim_e748dbee7672
S265_CLAIM_016CA488B149B299379F,claim_ea91e418c191
S265_CLAIM_017193D2938411607741,claim_bc5a4d4fa12c
S265_CLAIM_01747150F7DF6CBF94C8,claim_0c22a8a4cf54
S265_CLAIM_01817F105849D107407D,claim_ad4445554864
S265_CLAIM_019AAB36CD3FC69B35DC,claim_1dae3489e92d
S265_CLAIM_01BA2566FCF2F385730B,claim_a73e383d31b9
S265_CLAIM_01D9AF4890317878405A,claim_fe1206a3b088
S265_CLAIM_01DCE2CC00459ABBCE95,claim_f66b05ec0c16
S265_CLAIM_01E4129847D6B4B3F736,claim_d5c612705a34
S265_CLAIM_01EF88CA9BAFF54C84E5,claim_b528c85097fc
S265_CLAIM_01F7C8836ADC45C73C03,claim_0658f53b6309
S265_CLAIM_022222CBF6EE78087872,claim_a73cc434c9bf
S265_CLAIM_02316721F4D9CD777C0D,claim_b9812fe0997f
S265_CLAIM_024228CCD867D966C414,claim_f5601c503ec3
S265_CLAIM_025A254CEAC68B8A60B0,claim_8f4c4d6d0bdf
S265_CLAIM_0268FDBAA5DDA6907D51,claim_0e0ebcac8670
S265_CLAIM_027F4580431555E3B505,claim_638d190ed35d
S265_CLAIM_0285D39E062A8EBFAE95,claim_bc992d257d3e
S265_CLAIM_02AA7AB4354CD3B86FEC,claim_9f0a47ae16f1
S265_CLAIM_02D49A7ACCAF16BF6D3D,claim_cc742e13a7a5
S265_CLAIM_02D642B196DEF1811E43,claim_a27eb65edc27
S265_CLAIM_02DA37A3D5794EA1480A,claim_b59883b6ebd6
S265_CLAIM_02F2A027F6ADD3C84EDC,claim_f0807207de24
S265_CLAIM_030F94F21D591433DF78,claim_c0af97dacd91
S265_CLAIM_03109CB374BA6D87A6BA,claim_5e9018270436
S265_CLAIM_031D4DFAE66509644420,claim_5820f9dd2aa4
S265_CLAIM_032022B41C43BAA34059,claim_d1d896edc30f
S265_CLAIM_033DA5663602BF9709BE,claim_752ed8e7ddf2
S265_CLAIM_034111B0C79925A6F7D4,claim_6ea70053ea23
S265_CLAIM_035CEBBF73E5C3F4B3D0,claim_ad9874a400ac
S265_CLAIM_035F6678ECAF697DCF8A,claim_e0342b98a25b
S265_CLAIM_0368AABF627A0B4DEF2D,claim_48e9ee230eb4
S265_CLAIM_03805B3CDB5CB5F1C187,claim_dc096ec3b693
S265_CLAIM_038D1549EC174FE6D1F0,claim_27f8778a7859
S265_CLAIM_03A1DFCF003676F88B19,claim_9fde23898c36
S265_CLAIM_03AE1CC54FBC601BF053,claim_23d36336f259
S265_CLAIM_03B997CC29533725735E,claim_061423874f6e
S265_CLAIM_03C9101C9ECAEAEF122A,claim_c726454f661c
S265_CLAIM_03D99C06F4CDEC2B4751,claim_521f773454dc
S265_CLAIM_04121B4E560648E9943F,claim_d5693516e59e
S265_CLAIM_04275C3D6D01B5E2CA28,claim_d8e90e40ad96
S265_CLAIM_043270C675F8445B29C4,claim_73ab08c40501
S265_CLAIM_04485B6AF35994393F15,claim_7fad41505c4b
S265_CLAIM_044D8CAE76437E14729A,claim_752c79924dcd
S265_CLAIM_045A4FCE9C292F60704C,claim_94fb4016306d
S265_CLAIM_04686F00F1EA7C9554B9,claim_881bd3f7e7c8
S265_CLAIM_0476F548768AFAA09B12,claim_79b9de33e2de
S265_CLAIM_048A7A34D0000601E322,claim_b66e7b185bfa
S265_CLAIM_04A19BB4CCB93A09D4E6,claim_41303ca2eb63
S265_CLAIM_04A2A01C681044372671,claim_fc5b83e94126
S265_CLAIM_04B4770DD19B0549C3DA,claim_1d57c6c79029
S265_CLAIM_04BAC94FA869F4CF6197,claim_4d04005e677f
S265_CLAIM_04C125C70EC4CBD326DE,claim_7d53c9d6215e
S265_CLAIM_04C7CD5326DDA4E144AF,claim_b7ab98a54fa3
S265_CLAIM_04EA5C22D4881CCBD8D5,claim_7173e76943d3
S265_CLAIM_04ECF89125E6244AFCAD,claim_c09b76d93caa
S265_CLAIM_04F39677B5B7A44B9871,claim_ed2a93b61c95
S265_CLAIM_04F5B7D96C3B04BBF416,claim_412e1ec49f03
S265_CLAIM_05057633D9D9002962FE,claim_6f52aee70117
S265_CLAIM_051A17A7A15344F037EC,claim_43729b241324
S265_CLAIM_052169138A345BDE2AA7,claim_a4431e992760
S265_CLAIM_0530639A91695C2D4451,claim_69e8416ccf44
S265_CLAIM_054AE812ABABDE60B127,claim_a28cb272b2d3
S265_CLAIM_054E034DF37BCAB3F6D1,claim_b715fe5f0aec
S265_CLAIM_05598CEA7C798CB986DF,claim_dec62a9cb612
S265_CLAIM_05682FF8B3F8C0DD1639,claim_00c09e42a73b
S265_CLAIM_056AC83F6632CAC2DBCF,claim_7f89b2521f1b
S265_CLAIM_0571C4A8FBBF68855148,claim_eff52711c7df
S265_CLAIM_0571D32B6EAFB414E358,claim_7222c5367e11
S265_CLAIM_058194C72FD420D8B5E5,claim_0517976e316e
S265_CLAIM_059B7BA1BFF40374F2D3,claim_61df55f9a5e9
S265_CLAIM_059E72A57D22C25F2CE5,claim_b4d74693f16c
S265_CLAIM_05B51212AB44117F5801,claim_51d61444191e
S265_CLAIM_05BFAAC02A176E6E3630,claim_153119891053
S265_CLAIM_05CD1D5A894D842BBF0E,claim_ed53e3087afd
S265_CLAIM_05E9754C9253C64BF35D,claim_ea878c7fafee
S265_CLAIM_05ED145CC6CCB3D8686B,claim_371a1633ccc5
S265_CLAIM_05F08C17BDD79CEB2C7E,claim_91ff11cd1ab2
S265_CLAIM_05F4B76B16558CCC3128,claim_a96a0d7c14cd
S265_CLAIM_06026B28A6263CE027E0,claim_a52d6a801add
S265_CLAIM_062BF0D69F217AF357B4,claim_3e0b183871dc
S265_CLAIM_06301028C272A6A9BFBE,claim_3959fc42f036
S265_CLAIM_0638AD00066784ABFF61,claim_5ac77e8546f9
S265_CLAIM_063924E9D7D65DFF2F6F,claim_4a97f85d4c92
S265_CLAIM_063BED074933FB9FD5AF,claim_a6a0572cb9d5
S265_CLAIM_06496C1B6B53B11C0DA8,claim_8e766510697d
S265_CLAIM_064ADB904749E931DF78,claim_9abcf533f650
S265_CLAIM_067A09E08B1D6A0A99E6,claim_498179283218
S265_CLAIM_069F85215DC4B48AA177,claim_c760def229b6
S265_CLAIM_06A7296E48DFB7DDCFE3,claim_45a88369eabb
S265_CLAIM_06C8014F0B87DE13161A,claim_95f08ff2cabb
S265_CLAIM_06C8BEAF3EBBF2DA9E42,claim_9dafa13838bd
S265_CLAIM_06C95FC9E297B2DEA00E,claim_fc4f688d9285
S265_CLAIM_06D86952CB4DB5D0C125,claim_b74f47dd90c2
S265_CLAIM_06DE2B02E22B6F181F4F,claim_efcdafa34e68
S265_CLAIM_06E76447C943248E6D4B,claim_69ec937a53a3
S265_CLAIM_06F0A69755528D7E47B0,claim_cc93a2eeaa11
S265_CLAIM_071438838C6756BF45FC,claim_c5e61ee1d736
S265_CLAIM_071F071DF5C9526ACD5B,claim_7770ae298802
S265_CLAIM_072C8EB8E67A78A802A2,claim_2909b95d3e5f
S265_CLAIM_073A59A1CC9425FDB394,claim_306e5d3745d3
S265_CLAIM_076370D75C654DC641CD,claim_153a0ac016f9
S265_CLAIM_0763966133CAB7E7A4EA,claim_ac004997fc28
S265_CLAIM_0766DA41194340DFEBA2,claim_2bc82876d59c
S265_CLAIM_076F3DA2DB0B02BAC2F1,claim_ef7c0652972d
S265_CLAIM_07743190605CA85A2B17,claim_845df10311f9
S265_CLAIM_0780F7616192164E8C8D,claim_7cc4e7be940d
S265_CLAIM_07AB4284C9D093095362,claim_77a018f88b68
S265_CLAIM_07AEA9659A39FED5BF3F,claim_9149eba6ed7e
S265_CLAIM_07B2B1BC70D90E9A0BED,claim_d871a9049dd6
S265_CLAIM_07BD6FD2B4A1524FD5C8,claim_62b7529419e9
S265_CLAIM_0807D36E032118AFC017,claim_f57ac0bc1f0d
S265_CLAIM_080DFE3D8A7DABD00C97,claim_dadd9059982e
S265_CLAIM_0814C51B4AA757F65A60,claim_4886594fdda1
S265_CLAIM_081A3B6677465F26EE9D,claim_89788878b897
S265_CLAIM_081AA683A2EBA6F99AA1,claim_0759c5e4f300
S265_CLAIM_0824063D50A4A375978B,claim_bdf789e6786f
S265_CLAIM_0830F61B0D60C61F9ED5,claim_acb9238279ca
S265_CLAIM_08513A255FD15D4C44E5,claim_6788cf66d8c1
S265_CLAIM_087479CCEE9B0DFB53FC,claim_d4f2b619bbda
S265_CLAIM_08A20C8191B8DA567CA4,claim_e25439bae9f1
S265_CLAIM_08B33ED4862D190E854C,claim_2fe970b8d597
S265_CLAIM_08BA2E89FBE696C604BB,claim_b21d78a2f274
S265_CLAIM_08DBB21D5D37726FA162,claim_856c9e34ff02
S265_CLAIM_08DF1E460CA7DDF574C7,claim_5e4f5a443890
S265_CLAIM_08E3B7581E9907E37FCE,claim_adc03a041201
S265_CLAIM_08F1F54BF0FCC9C77CB7,claim_e9523cf7d8b7
S265_CLAIM_090860DD98D647D8709D,claim_e54034f39bae
S265_CLAIM_090DA4C45A153EDE8D34,claim_dc5a7f3288b7
S265_CLAIM_091311A3E048A0223F03,claim_02f00a96b138
S265_CLAIM_091556FB693E228E404F,claim_1213e889f470
S265_CLAIM_091600FB33B10C99B897,claim_5793cc33e259
S265_CLAIM_0924CC64A0D9D1DB5E4F,claim_a8f6090a382e
S265_CLAIM_0927ECCD21CBFEC657F1,claim_f74bfb2e0b60
S265_CLAIM_092A646B5BD0A545AD0E,claim_9b3a330788bf
S265_CLAIM_092B8BD3960376FE20D0,claim_4ab0d2a53c9d
S265_CLAIM_0934070F6EA838234D3C,claim_bfe0988145f1
S265_CLAIM_093A5F82EC3C70E1411A,claim_5e9dd614ddb1
S265_CLAIM_09656D94FF1172F4A2EC,claim_7b20c1e64e55
S265_CLAIM_096E339A92421B05DD8E,claim_bd6a2fc24c3a
S265_CLAIM_0972992F4097B10541A8,claim_19a681325394
S265_CLAIM_09753EB632F1F88B51B7,claim_c75ef6ed7294
S265_CLAIM_0975FDEFCC122D78377D,claim_99cc8261789a
S265_CLAIM_098C2481D264A3DADE95,claim_2105a5716190
S265_CLAIM_09A2252EF70D2150195A,claim_05d6a52729ef
S265_CLAIM_09A33F2B7C7683B95827,claim_92516ca0dee6
S265_CLAIM_09A4104AC01DD33C3C4E,claim_ff6a8ba14e84
S265_CLAIM_09ACB36FAF524CC4D569,claim_d6909ce3702f
S265_CLAIM_09B15672D6551806C72B,claim_8d244b892ea5
S265_CLAIM_09B6F2633BD77196F41D,claim_fc1b9ae3c682
S265_CLAIM_09D4A5FA9ED147E47954,claim_5ba3d91fe098
S265_CLAIM_09E4B65DDAFDD9640225,claim_75df841e270e
S265_CLAIM_09F7A9DF39C8F85449BB,claim_1e7625e7fbdb
S265_CLAIM_09FC38193BA344754218,claim_d12df15663c9
S265_CLAIM_0A04D3024D693EA235B2,claim_87d276229563
S265_CLAIM_0A06A508BB4E7D14E420,claim_c5505f103963
S265_CLAIM_0A0C2EC0B3D3568BBF67,claim_c7dd7089c2d3
S265_CLAIM_0A0ED295214FB0D19378,claim_64cb35e8fb4e
S265_CLAIM_0A0F73D7B954B446501F,claim_cbd5a98db94c
S265_CLAIM_0A0FEC30E5D5D02AF794,claim_5242cf340d62
S265_CLAIM_0A18F46184757A2BAF4E,claim_10049c310f52
S265_CLAIM_0A2179014BB2CA24DBC0,claim_e66aad634f58
S265_CLAIM_0A225D8601F7FD0EBF68,claim_0cb80bc65c20
S265_CLAIM_0A358C06E750EC6C0C73,claim_9cbc05214205
S265_CLAIM_0A5371FEAA5081592A8A,claim_d4326f1ea17d
S265_CLAIM_0A5EE35B77C9A2219645,claim_cdc9d6894b5c
S265_CLAIM_0A8A588B306E18CC2335,claim_d12be83b3ba4
S265_CLAIM_0A8F42A954A173BD4FD8,claim_8ab8a860af27
S265_CLAIM_0A9BA3241C7BC4AE5D62,claim_5eb2832e383c
S265_CLAIM_0AA4039189E4CB0BA3DC,claim_f6fddafd1387
S265_CLAIM_0AB28D73988BD9E8A40F,claim_281b1e08b243
S265_CLAIM_0AB8AB2AC707755B95EA,claim_de6b47346f79
S265_CLAIM_0AB8E89C7897F7364237,claim_553f1040fac5
S265_CLAIM_0ABDBC8D80FEEE92E860,claim_38534c0e014a
S265_CLAIM_0AD3DC00208C6F77EFB8,claim_4740f0c076fc
S265_CLAIM_0AE563D2C63AB65D4549,claim_d05fd37daaeb
S265_CLAIM_0AEEB1F34BB46B24342E,claim_d1aebc3c2ee9
S265_CLAIM_0AF6409B56A3B4E0AF5C,claim_6d0ce634fed3
S265_CLAIM_0B184A6C3AE7EC053ADE,claim_d047c173e5eb
S265_CLAIM_0B3B4DD331A4261724E5,claim_c33aaa837091
S265_CLAIM_0B416FCC67ABF8A42553,claim_85bbb7b9b83d
S265_CLAIM_0B440D20331DDF305EC7,claim_10952d1fea8e
S265_CLAIM_0B4D85A7A5BBFD9653B6,claim_2a5c0a700536
S265_CLAIM_0B4F71F3C410685E01A1,claim_7338195d4362
S265_CLAIM_0B52472079E55687FFBC,claim_883530cd2ad7
S265_CLAIM_0B611E44A64FEBF247AE,claim_9d701997abf8
S265_CLAIM_0B7828E6DBC6508E6A93,claim_6089d8629c41
S265_CLAIM_0BA49975B8323FB41BDC,claim_17d70583518a
S265_CLAIM_0BBB1D7AB021CC3A089D,claim_91e8b3048dee
S265_CLAIM_0BC0E1AC00DBBCEF7EF5,claim_dcc9be4a3dfa
S265_CLAIM_0BED0873F320199BBD06,claim_ed747915edc6
S265_CLAIM_0C241AD214B9FA7E6048,claim_110fd46f35f3
S265_CLAIM_0C2D71C9BA61BDE97ED3,claim_456361691e50
S265_CLAIM_0C506BA2288212BFBEFF,claim_5e6e527e854f
S265_CLAIM_0C583BD7DCFA824C34EE,claim_2382eaec51b8
S265_CLAIM_0C5DA035795655F1CE5D,claim_f36e13794c06
S265_CLAIM_0C9387E6248D3F29F6BB,claim_c94bd7a10b77
S265_CLAIM_0C9E8BC71013BF000143,claim_f7df6d385cf3
S265_CLAIM_0CAD27AAFC5D35D9863F,claim_f922b75d6bc1
S265_CLAIM_0CB2B03BF807A8EA2CB4,claim_a1b37b7ae74c
S265_CLAIM_0CBC4DCC61DAC3CF6784,claim_2730bb799606
S265_CLAIM_0CCB24428E79DDDF89EF,claim_99271a7e3bd6
S265_CLAIM_0CDD6BB4BC677A831EF4,claim_b22c0cc2c55e
S265_CLAIM_0CEBA38BE08179506E46,claim_910f427a2006
S265_CLAIM_0CECC8B9EDCFD819C0F0,claim_7cb250fb7c64
S265_CLAIM_0CEEC6A9452DB454E1DE,claim_03ea9dd1f969
S265_CLAIM_0D0C6E68E92E2D62CA0B,claim_1007a6983f98
S265_CLAIM_0D1CBE38A3ECA7C9C620,claim_fff97ca8bd2d
S265_CLAIM_0D386A741604E644B11E,claim_94d838c4886a
S265_CLAIM_0D3BAE6D6308E08646FF,claim_4f540187aa89
S265_CLAIM_0D632182CF8BA935F582,claim_1d025c3e330d
S265_CLAIM_0D6F42EB6BDF01AEEC7D,claim_60752eb7742f
S265_CLAIM_0D70940E2E7B254E2FE9,claim_f09368d31701
S265_CLAIM_0D7A5A195CAAD46CE17A,claim_f7312c7db6a7
S265_CLAIM_0D91728116834F2FC40A,claim_05eb546daba1
S265_CLAIM_0DA4FB97BA9B933BC967,claim_21b576aeaea8
S265_CLAIM_0DBBF4B195F0C129FBE4,claim_b131f59b3590
S265_CLAIM_0DCF8D7A308BC09906B4,claim_d1fc2a399951
S265_CLAIM_0DFC77C7B9362ADBB99A,claim_faea87fc2750
S265_CLAIM_0E29647099FBE36563D0,claim_fa62bf814957
S265_CLAIM_0E3BF1694DA64A70A2C4,claim_b708ccd282be
S265_CLAIM_0E44CB2D44B64187201A,claim_98deaad0d8a6
S265_CLAIM_0E47E23CF4B090F6A09C,claim_63c5c3c9a6f5
S265_CLAIM_0E8C886A4F34F0C39739,claim_a67910a32347
S265_CLAIM_0E8F2368F03AC60981F7,claim_05a6ff2170f9
S265_CLAIM_0E92DB11E854D127E2CF,claim_d03cd447bffa
S265_CLAIM_0E9343CD4B85359CA75B,claim_a194931e1162
S265_CLAIM_0ED5722A01142787E872,claim_f9b3e87548a6
S265_CLAIM_0EEE0CA21F9E4BD25334,claim_93c80b59ad3e
S265_CLAIM_0EF5AD87262680598DFD,claim_81133f08e963
S265_CLAIM_0F081CCE37ABA8578EB1,claim_96cba8ce6e9c
S265_CLAIM_0F0EE2BE7BA2447D4B8B,claim_22b7900267fe
S265_CLAIM_0F130F5379507B00A8E2,claim_b801adf08ca9
S265_CLAIM_0F138BFD872409B632E3,claim_d7b61c95cc1b
S265_CLAIM_0F4E886034CF6EF3A0FC,claim_d4c4fc8cc0e8
S265_CLAIM_0F5C5DADDF19FE76F123,claim_2a24e37ca299
S265_CLAIM_0F667F3B94B5D0B3A1BA,claim_171a846a66e1
S265_CLAIM_0F67D29789AFCCC82030,claim_cd97757923e5
S265_CLAIM_0F6C73997E6F3781D971,claim_b6eda87a2a81
S265_CLAIM_0F6DC95536F32A651A35,claim_4490db5b1705
S265_CLAIM_0F758C7CC88C46292C3E,claim_07f1a5914ff5
S265_CLAIM_0F9D19D1C0EB316D2F4D,claim_a9b7a2781cfb
S265_CLAIM_0FAC182D530CBEE37D17,claim_1959f58a3368
S265_CLAIM_0FBDB3161EAB5745BFE5,claim_80745018e523
S265_CLAIM_0FBE0CD0BFF758E5F385,claim_f32c9300d64e
S265_CLAIM_0FBF56D755D486FA175F,claim_17225892eb31
S265_CLAIM_0FC9C255938E31D904F6,claim_4308d31ed4e3
S265_CLAIM_0FCC249587590ED25381,claim_520d770f85c0
S265_CLAIM_0FD735ECD065265EB490,claim_9a234e5e2f1b
S265_CLAIM_0FE7A19608702F941C16,claim_5c1f19aa5111
S265_CLAIM_0FEE41A234C32CFDD3C4,claim_368eefc9aae3
S265_CLAIM_0FEE9E53E918387799E3,claim_51ec20833abc
S265_CLAIM_100722ECB69C123E4605,claim_670e55712366
S265_CLAIM_1007901782D0FF979805,claim_5e2d7371da30
S265_CLAIM_102579299B33ADA39254,claim_de992cb62cf2
S265_CLAIM_104E29B570E4D55E9E00,claim_96cacf6eb44e
S265_CLAIM_10579B71F5364F6CE0A1,claim_b4bafb6b2429
S265_CLAIM_105F2929C08D75714966,claim_c06a49b6b2c8
S265_CLAIM_10694565C2625B3F1E6B,claim_4af23e619e40
S265_CLAIM_10919566BF3855F2AFEA,claim_41f45e33fdcd
S265_CLAIM_109E1E81B8888F7583D5,claim_764508ab1ebe
S265_CLAIM_10AB8DB3B9C161AC08AF,claim_58df0adc7b47
S265_CLAIM_10E1321AC4D36458FE5E,claim_d899d9960464
S265_CLAIM_10E3CF2742BAB6D59F78,claim_7fcb99e15fb2
S265_CLAIM_10EB4B87769FE24C8A2B,claim_ba626e615110
S265_CLAIM_10F229CEBF64E6DAE636,claim_f5d9f92bbc40
S265_CLAIM_10F5228F346581105854,claim_42c91912941b
S265_CLAIM_10F983B6B47215F799E7,claim_9ee37c945cba
S265_CLAIM_10FA55AB26CDE0558C25,claim_c8f80d9d7f1c
S265_CLAIM_10FC4D816E410C7BA056,claim_d7f5f069be2a
S265_CLAIM_110D4B9DE57A47C81EDC,claim_de5a958b5b93
S265_CLAIM_111FF0C38F29721068D4,claim_45be7fd43ae3
S265_CLAIM_1121442CA2AD8753767B,claim_20ff8f1328fb
S265_CLAIM_112AFF293945287F84D5,claim_824ea29ec648
S265_CLAIM_11492712FB83744BD16C,claim_221396dc3c28
S265_CLAIM_116529621A57762005E8,claim_ed4b752f5373
S265_CLAIM_1173A792B67915DAAB19,claim_9a22420bc013
S265_CLAIM_118BC181CE46D3DEF0A4,claim_0502d9d57cca
S265_CLAIM_11A1BA75DE62141BD591,claim_8497db1a3c53
S265_CLAIM_11A2985EC6C9101301D4,claim_f4f91f4ff6ec
S265_CLAIM_11ACE72EBF45B1D5C6A8,claim_89c13fba9695
S265_CLAIM_11F237C3D915406C0BE9,claim_eb4d6e7e6a0e
S265_CLAIM_12094B728383DE6EF7FD,claim_aaebf015edb6
S265_CLAIM_1209F7749CA31E651F12,claim_e3223b04947c
S265_CLAIM_12613F8A820742D52AAB,claim_d407dc1f0e4e
S265_CLAIM_1268F8774D8F56F72F74,claim_cd53163c352d
S265_CLAIM_126FF935513C7845F0E8,claim_612ba1da9b76
S265_CLAIM_127913404E8B27A3221D,claim_a8a2248f9f80
S265_CLAIM_1281A69F1DAD554987EE,claim_68b4322f3cff
S265_CLAIM_1289483614DA1857EB60,claim_a968e953df67
S265_CLAIM_128F7FDC7B29AE630D57,claim_a5e9fa6e48f6
S265_CLAIM_12A54B8F818AF18E7CB1,claim_33c332c45423
S265_CLAIM_12EA5B40B6005D75351C,claim_01daea36562b
S265_CLAIM_12F1E5304C5E1D7975B3,claim_aeecca9b3e16
S265_CLAIM_1302148E1FF8A3306408,claim_d5b4ff342e73
S265_CLAIM_130AD9A1F1BB1671F518,claim_1da16f919ea4
S265_CLAIM_130B842FA2CB93BDE6D3,claim_2c8865b8e80b
S265_CLAIM_1335780EB2E492E0520B,claim_4048374bf36e
S265_CLAIM_1366230D40C93A0B5241,claim_1e8aac0802c3
S265_CLAIM_13667398964B8B502CA4,claim_9b09aaf906a5
S265_CLAIM_137DD540B5375D628F00,claim_244abcc0f765
S265_CLAIM_1382CAA89B49D7026EEE,claim_54f336e0aee1
S265_CLAIM_1393136E83F53084A409,claim_89b077c7556b
S265_CLAIM_13B6F0C4807634B3F8B8,claim_1ad666d21132
S265_CLAIM_13C6FB43C132D504F7F5,claim_3fce877241e5
S265_CLAIM_13ED1A36A3CB5BC48B2B,claim_7d64b7e2ef89
S265_CLAIM_1405EB5BEDD201BD0291,claim_444dd2938b40
S265_CLAIM_141C88D8A4296B02E0D4,claim_91b33b56ad60
S265_CLAIM_141F79178F69A3A2332F,claim_e8d0fd59bc76
S265_CLAIM_143112615FC65BDC6969,claim_e7c85672644f
S265_CLAIM_14365740E98405F90DDB,claim_e8670611e05b
S265_CLAIM_143FFFCDF9A738EFE9D6,claim_a145b4f9c1ba
S265_CLAIM_1448AD9AB73D37FD554C,claim_2bb431091d88
S265_CLAIM_1453C7B1CD05BDE8F893,claim_54ebfe50f414
S265_CLAIM_1469477FE2DD96098677,claim_cfa9546ef959
S265_CLAIM_147A2835447E9B0C5A11,claim_f371e2aad727
S265_CLAIM_1488759C83BB3C5A8DBA,claim_6575078f2efe
S265_CLAIM_1488D7E1314414526D55,claim_60eaa20e1652
S265_CLAIM_1490790F8D0C1A97F055,claim_850088b6bdab
S265_CLAIM_149273DFD5D93445F928,claim_75306de2e2d7
S265_CLAIM_1495C0354B177B845C89,claim_df7edf637e3d
S265_CLAIM_14A707E483763DBE541C,claim_76cdb5661112
S265_CLAIM_14AF576D84B3BD1BC4A4,claim_a8b3e9101916
S265_CLAIM_14AFD3EB5EAFF1132895,claim_f89aba22c91c
S265_CLAIM_14B4C98017A1F6290570,claim_2341258bda93
S265_CLAIM_14B8591A4EE5B8C93C6D,claim_757438e9097b
S265_CLAIM_14D7826730D4C0A8AC2E,claim_f033a2cbcf09
S265_CLAIM_14D91F7FD677636C4120,claim_93ec4ae5283f
S265_CLAIM_14EED040A3A2908094CA,claim_db23c5ef70d2
S265_CLAIM_1501CA3D82733D0D34DA,claim_4e0596e1e630
S265_CLAIM_1517B7B6B3A9DF5F59C6,claim_086d2ce8c2ed
S265_CLAIM_1532E4B3517F84007658,claim_b9d33ff1ca31
S265_CLAIM_15642E4D19FC12615216,claim_bb5fa0cbc8e9
S265_CLAIM_1576D89DBD33D71EDACF,claim_9b1f05926717
S265_CLAIM_158CD2C02711F206BD09,claim_15fffe001f26
S265_CLAIM_159092C22570250FE01C,claim_f7425903b7cb
S265_CLAIM_159C21AC795F93F5DF7B,claim_2eb16b3f3652
S265_CLAIM_15A4904DD9AC921E6334,claim_de29139b0cf3
S265_CLAIM_15D2B5969251092985BA,claim_127364240b49
S265_CLAIM_15D36F1306D5F58AF8C8,claim_427101d23d3c
S265_CLAIM_15E0FDA70DA376C86928,claim_96cc1a550858
S265_CLAIM_15E24A352A4635E0671E,claim_4dbacf332fcc
S265_CLAIM_15F72A2010AE06B03E3A,claim_e8095eb5e7c8
S265_CLAIM_15F80A10DAB159F01B3C,claim_7a2a33f0b643
S265_CLAIM_160120F4F10359CDE35E,claim_f97021545638
S265_CLAIM_16210D0436495D82ABDC,claim_1eed6c95ecb6
S265_CLAIM_1633DB092E4B15E536B2,claim_7fcede61dbec
S265_CLAIM_163D131B01D32C16C33B,claim_8051ecbf6b1b
S265_CLAIM_1647EF28BC87975E40CB,claim_ac206f10967f
S265_CLAIM_165603456BBD53728E8A,claim_863d414bdf58
S265_CLAIM_1665CD8881BF51D97038,claim_8dc599110855
S265_CLAIM_1667FDA8B7B27BA3A889,claim_4717be8fb2d2
S265_CLAIM_1680FE4A24B69B3ADCF8,claim_6541b5896b79
S265_CLAIM_16F9557F2164E76E276F,claim_334ac9ef2420
S265_CLAIM_16FB0BFC42705980020F,claim_c72c0343f06e
S265_CLAIM_17115281C9FB7567CFA9,claim_6c294365caa7
S265_CLAIM_171CF32B58266FDC475D,claim_2dae6428f5c5
S265_CLAIM_17271CEB628A1F6D3EB3,claim_7006e7cce0f0
S265_CLAIM_172B45E3A5E931E98803,claim_2c8a3a6e54c3
S265_CLAIM_174788E8A371B590D374,claim_f85a94f25c85
S265_CLAIM_175F5ACDE424A3EFFD16,claim_17050bcac52e
S265_CLAIM_176C767430E4F54827A5,claim_49e7dde05e17
S265_CLAIM_176DD6A6D9A1BDB546D2,claim_254538fcb1bf
S265_CLAIM_17803A5BD670F9DA4FC5,claim_21a170c435d6
S265_CLAIM_1790F722606F1346D4C9,claim_f4c34bfee894
S265_CLAIM_179AD91657F29CFE8B58,claim_8c32c14681d9
S265_CLAIM_17B72A04AB30E7536D8B,claim_eaa8115dcb4e
S265_CLAIM_17C460EBF323CCED5EFA,claim_6c0daa3e1bdd
S265_CLAIM_17CB6DC54D138A4CDBB5,claim_83e3cd4fab5e
S265_CLAIM_17D6C262B578B89AD7CC,claim_13bedc29b7cb
S265_CLAIM_17DA662752198B8537C2,claim_749a62a8fef7
S265_CLAIM_17DC7A309D96EB413854,claim_e0ef4af1cf08
S265_CLAIM_17DD67CF849F98126245,claim_e8072f38c3e2
S265_CLAIM_1817DBF4DDF624516E68,claim_3d86db76150f
S265_CLAIM_1824278E5827B1799E96,claim_7a379377e4f2
S265_CLAIM_183224DAB0D1B8642D51,claim_cfd7b084978e
S265_CLAIM_183797AC02F88D72D425,claim_50b2e893a8f7
S265_CLAIM_185BAD43A3CABAC16575,claim_4067e0d4d1f5
S265_CLAIM_18636C013AB1BD5BC3E2,claim_974e5185abfb
S265_CLAIM_1883FA7621332987249A,claim_b714bc17d019
S265_CLAIM_18929D97EC7B4EAD75A2,claim_1dad4508d385
S265_CLAIM_189BD7C4AACA7BA34509,claim_de0216082404
S265_CLAIM_18A74634AFC37F3A029A,claim_87958e657bab
S265_CLAIM_18CDAA4A413EBACD7ED1,claim_d62a1949d73f
S265_CLAIM_18D508D0D8C9D2A29900,claim_2eaf7eecd864
S265_CLAIM_18E70920E8E91A4B8B4D,claim_6699f2568345
S265_CLAIM_18EF0732437309B51B2F,claim_5b8a5317bb88
S265_CLAIM_18F41D41A95179D72DDB,claim_7e20a391f8ea
S265_CLAIM_19041BA5A3BBB99B4828,claim_9ea2c28b83b5
S265_CLAIM_19064882FB0AB94BDBF0,claim_1a8611e7c1e1
S265_CLAIM_19065045F1FE9E4F6C76,claim_dca3ba308a33
S265_CLAIM_190956AA7063212887C4,claim_0bc2ce21f07f
S265_CLAIM_191C84AC8612C66FDC2E,claim_d2effbc04fb7
S265_CLAIM_192E2E2DD741DAE92C83,claim_c4ee7080ea2e
S265_CLAIM_195A8788613973880C1C,claim_a797f637d03a
S265_CLAIM_19638B6261C06F0931A9,claim_3dc8de7e7722
S265_CLAIM_198513AA4DF017C83ACF,claim_0c3d2df35872
S265_CLAIM_198559D073D0974DC35C,claim_5eb651624b24
S265_CLAIM_1987378A0A9C4C5680A3,claim_8508f470c704
S265_CLAIM_198BFE3177EE1046A0B8,claim_ac2a1870e011
S265_CLAIM_199E78533428A9577E9A,claim_53caf22243e8
S265_CLAIM_19A44BFDB1D7D417229D,claim_f04a8fc90c72
S265_CLAIM_19C52EE2CFC2F1B8756E,claim_b2b81b1e1fbe
S265_CLAIM_19CE107D4D7213B98B00,claim_9f81c8bb7245
S265_CLAIM_19F6D89CF4635CA54D20,claim_fa6aa77c7db6
S265_CLAIM_1A00D238232E4704047B,claim_9e1f5cc5a539
S265_CLAIM_1A03F141B7908879C7B5,claim_544c0d925d78
S265_CLAIM_1A1FB2A38E6ED147E63A,claim_df8c50f9ea8b
S265_CLAIM_1A2001FD3705BB99A1B4,claim_e138a3667e01
S265_CLAIM_1A20E7002769E9C39CD5,claim_8e55b36b1f99
S265_CLAIM_1A3320141576C00823A7,claim_c40125e6b21a
S265_CLAIM_1A3EF3BEBAE81AF15BA0,claim_f7685dfc7b4c
S265_CLAIM_1A4A3AFF9E3B1017EC62,claim_c5404b3ca910
S265_CLAIM_1A4B43BA28502AAA1F02,claim_4d118b13af8c
S265_CLAIM_1A5210F43324BF1FEB25,claim_d1b4c441d721
S265_CLAIM_1A568FD6E0B1819C9A0D,claim_5908f3d9b37a
S265_CLAIM_1A59C5999FEEE4950668,claim_db1fe75ed5f7
S265_CLAIM_1A5BCC4808F66B614677,claim_ee094026ec72
S265_CLAIM_1A7D38DEF86E1234B863,claim_e13f6e5d8e52
S265_CLAIM_1A9D4516E4152E73C143,claim_04b81c291305
S265_CLAIM_1AB3ED840E48C5B8C7D2,claim_a89598f1f41b
S265_CLAIM_1AB414C384CB109B4CC9,claim_d685bf016a51
S265_CLAIM_1AC5C8FF5BEABD6F8102,claim_74ebb5eb3677
S265_CLAIM_1AD275EB6DD94B53330D,claim_e6eb274d6e02
S265_CLAIM_1AD694B42CE5657E8885,claim_792de82d8437
S265_CLAIM_1ADAE410D93A827CA98B,claim_e9dde87c5211
S265_CLAIM_1AE098CDFC3F7D73C7B2,claim_26faa0bfff15
S265_CLAIM_1B046B4CAD222C586A9E,claim_68d12a625585
S265_CLAIM_1B12BC0C189296536979,claim_981b268de81a
S265_CLAIM_1B5E4AB01D2975DCD078,claim_fee6ae5c4c14
S265_CLAIM_1B73D82A3990E1C51ACA,claim_9c7c761018bc
S265_CLAIM_1B75056BB7AB9F8BCA85,claim_ff3988c9c92a
S265_CLAIM_1B8123BDC7A3637590E6,claim_b657317f376c
S265_CLAIM_1B9FA48D657795E5B5F0,claim_2e7e9eff2e52
S265_CLAIM_1BA3A0597AA64078C55F,claim_e0ac7d2ed82a
S265_CLAIM_1BA48A480A395AC5FB79,claim_83f1bb7e54fc
S265_CLAIM_1BAB3866434BF482624B,claim_97641d3b2140
S265_CLAIM_1BAD7EEF1398975594A4,claim_3e2fe51c79f5
S265_CLAIM_1BAE16BA926B8FD8B407,claim_0329597e0e19
S265_CLAIM_1BD9F4F272720EDE7776,claim_d4fc8a4655ca
S265_CLAIM_1BDE1E97B9C0D032D18B,claim_2e2284e80dd0
S265_CLAIM_1BEE4A4AE1D95AC85C7B,claim_b9026c47e8d9
S265_CLAIM_1BF4748171343B1011D4,claim_7b15bfea3f4d
S265_CLAIM_1C0995BF7AE6B603C93D,claim_e94b7ac920c6
S265_CLAIM_1C0C8CD0C1A7B1CE0052,claim_54c05f010856
S265_CLAIM_1C1564E3EBC09A4A9C63,claim_6fb5575951bb
S265_CLAIM_1C29F813CBD7874BED45,claim_9a5f88862e9d
S265_CLAIM_1C34E3A3370B90474647,claim_e3d138c90b82
S265_CLAIM_1C3CF7F21629FE855556,claim_6bcd0d527308
S265_CLAIM_1C487B30BCA0953B96D2,claim_afa965582e5b
S265_CLAIM_1C7447FC05A9099DBC24,claim_9aab9e5f0573
S265_CLAIM_1C7701188C24844169CB,claim_3f4f212ef911
S265_CLAIM_1C77D9F55BBC34CFB4AA,claim_a64e7656f2bc
S265_CLAIM_1C8D22A1A2DE529AE2DC,claim_9c6c42c33d77
S265_CLAIM_1C909B488BB000D9F7A9,claim_033f27e92412
S265_CLAIM_1C9BB7603A5EDD29393E,claim_86bb46c0635f
S265_CLAIM_1C9D33BAF71ADFE479AA,claim_d58f6b1c323b
S265_CLAIM_1CE43626CF9A6760104E,claim_df025a9082bf
S265_CLAIM_1CFDAE0A77281F9D6234,claim_7f112ef57295
S265_CLAIM_1D079EB51AF782FF1C02,claim_76e743ba4dea
S265_CLAIM_1D0FE040818BA0BBA6DB,claim_1fc3c32ceac9
S265_CLAIM_1D1517EAECCFB66CB8D3,claim_2ffac32f1fad
S265_CLAIM_1D1D341454B957CA628E,claim_b0835f83f86e
S265_CLAIM_1D25CA789016A9E28E6C,claim_7573c783f50f
S265_CLAIM_1D32F64FF54F6A01CBC1,claim_2510938fb40b
S265_CLAIM_1D3F99E9800F10529816,claim_90768ce7bf2e
S265_CLAIM_1D4BAF300D51304B1987,claim_6c020bebded6
S265_CLAIM_1D5FEC2453A9D1D1F879,claim_0867a9f04b86
S265_CLAIM_1D6498C38EDC4F37053E,claim_03f0a33b6cd3
S265_CLAIM_1D6CA68851210022BF48,claim_0a46cd772e89
S265_CLAIM_1D782572EA45A83DD680,claim_0cb523e3786e
S265_CLAIM_1D99668054F35A6B4120,claim_952366bca722
S265_CLAIM_1DA2C931F01B093AFFF6,claim_6a5aefcfbecd
S265_CLAIM_1DB1DECC17EB80ADF7E6,claim_edae0c975d9c
S265_CLAIM_1DBC77573AAD0D95F1C8,claim_35535f82e745
S265_CLAIM_1DC2BCC1D88AD25E0851,claim_7127ceb5204a
S265_CLAIM_1DDB9C47475858BB4CAB,claim_e8ba4ddc32d1
S265_CLAIM_1DE277B1ADE8EF12673F,claim_3e72f6469735
S265_CLAIM_1DE86783D88C19C538ED,claim_3bc4dca9526e
S265_CLAIM_1DEAC15E08C267310620,claim_bf6c05cc64f7
S265_CLAIM_1DFA1059D142E675B80D,claim_e19f2b8d4644
S265_CLAIM_1DFB9221CF7CC8C365CC,claim_97586636b4e2
S265_CLAIM_1E1C00A8D77F75681BA5,claim_cb8780ed6804
S265_CLAIM_1E2AE0DF1B0DC1FBDD84,claim_3867a86542f1
S265_CLAIM_1E30C76E7ECB5D0A4EFF,claim_70993fc6c66d
S265_CLAIM_1E596246D95A4417C37B,claim_7069a2a49a81
S265_CLAIM_1E64D530044F31A98674,claim_2c8f08f6c520
S265_CLAIM_1E79D97926F3E4D284AD,claim_df451aa94ab0
S265_CLAIM_1E7DC4C472E03667CB16,claim_0ebc7ca04a8f
S265_CLAIM_1E98ECFD2D1E4903E05E,claim_9678ce8de4f9
S265_CLAIM_1EA7BCEFAE2BAAA446BF,claim_4829ad5bc5be
S265_CLAIM_1ECBDE1933ECDFC394AF,claim_909776d01a50
S265_CLAIM_1EE7BA66B4C9E530C7C0,claim_9a8c85e7480d
S265_CLAIM_1EFB36B1A35A164FEE69,claim_d1a2e4ab12ba
S265_CLAIM_1EFB66F9A6A25321A5F8,claim_2f7923c5e9b4
S265_CLAIM_1EFD2C12EB5B5AE75824,claim_14f5c611d35e
S265_CLAIM_1F25693019926578DD7D,claim_97ca95eadcef
S265_CLAIM_1F3E9C4715FD1A394A0D,claim_b8f9ec5636a5
S265_CLAIM_1F4901108C600C18FA90,claim_375304a12c03
S265_CLAIM_1F5425B2FCA3B78368C0,claim_999fa4fa7d17
S265_CLAIM_1F5543F4198200536303,claim_682b68be21f1
S265_CLAIM_1F7315B37FBB5A1140F9,claim_af2eb72a77b6
S265_CLAIM_1F87805611160F8788EB,claim_6ab21c4b0a05
S265_CLAIM_1FB10F6A50CD9EFC0901,claim_2b44bbfe86ba
S265_CLAIM_1FB7D312FB77B1FB569F,claim_f72b84bbdbf2
S265_CLAIM_1FD44963AA55630D1775,claim_b05c4d2664f4
S265_CLAIM_1FF84F7361136BF04142,claim_2a7e310b670f
S265_CLAIM_200AF01124ECC0617FF2,claim_ff68eedfd487
S265_CLAIM_202A4EBEB2AF198169E7,claim_8dc3c9e34db9
S265_CLAIM_205334EDE9E28B2FD945,claim_27d638074996
S265_CLAIM_205CFA9525700DF6C040,claim_f96f474acb69
S265_CLAIM_205FCB22FEB2B18731BE,claim_0973cc5cd136
S265_CLAIM_2095D9B81B751EE5A5B0,claim_d238650aae49
S265_CLAIM_2098329755A2088B5B69,claim_32c964bae665
S265_CLAIM_209C9A42428684916C92,claim_5157d5758bb2
S265_CLAIM_20B5E28408B1E17EFB0F,claim_21eb56009a82
S265_CLAIM_20DB50D13309C215DBDE,claim_03f70ede139b
S265_CLAIM_20E9C6A1D230A76AE6E9,claim_8e72c85f7880
S265_CLAIM_20FD29B8E7BF05EF0961,claim_5c745f11a21f
S265_CLAIM_20FFA88E0F9F91CBCB53,claim_714f519f46b3
S265_CLAIM_211BABE64133415AA4B8,claim_13dd38d20d36
S265_CLAIM_211F19FA693DF5A91323,claim_561ad94b2632
S265_CLAIM_213FD135A1A34FEC619B,claim_fae46a2451ee
S265_CLAIM_2156A80F413F85DB0CF7,claim_f1099f847e0e
S265_CLAIM_215778D5CB9D45422D33,claim_1a4e723da3fd
S265_CLAIM_216CD3DA946BB785B3D1,claim_ba93a0430dce
S265_CLAIM_21711BE6033B49087313,claim_b556ba08c593
S265_CLAIM_21A7F34F0211D30E37B6,claim_13e1e88a7bfa
S265_CLAIM_21A8646DFDDCB09714F8,claim_d67c22b73b94
S265_CLAIM_21B1F69EE62A9DC9378F,claim_dcee2dedba1c
S265_CLAIM_21D8B27BC684AA600D62,claim_4d7f75117fae
S265_CLAIM_21E71BDC8E23DCF61708,claim_9d25e664e514
S265_CLAIM_21F3E68761957DE9BF75,claim_ba98f4fbffc3
S265_CLAIM_220CDAD2652C41DA0C7D,claim_7637f4edd0f9
S265_CLAIM_22113A2822590838F1AD,claim_4222e34a1395
S265_CLAIM_221AABED2EDFCFFC80F4,claim_5f97a5f9ad5a
S265_CLAIM_22249666F628C927D321,claim_9d9b31c47450
S265_CLAIM_22513732383456742CC7,claim_70b53902b348
S265_CLAIM_22528FB4EC010FE58797,claim_6f087a01e92a
S265_CLAIM_22669365F8FBE3D15391,claim_fefa2870ff11
S265_CLAIM_22784D3C60CEEB7B8238,claim_68aed42e30be
S265_CLAIM_2290B2A19085837D575F,claim_727b3340c77a
S265_CLAIM_22998573E3F19FB165D6,claim_3fd93ad6b892
S265_CLAIM_22A51FE4DB16B81E6536,claim_100ad091436e
S265_CLAIM_22A978F1D34C3FB3F019,claim_56558a62b70e
S265_CLAIM_22ABA03E1D3828899AFC,claim_9d210cdca7bd
S265_CLAIM_22DBF8A96FA4D72A8DD9,claim_5033d9d09e51
S265_CLAIM_22F51EA1F6E88C6F9BA0,claim_45bd8cd137db
S265_CLAIM_232552C7101703840E72,claim_cd6c1986f9b0
S265_CLAIM_233446D5DD2CF40D77B4,claim_54e02a3e6290
S265_CLAIM_2342385F63958DBA36E0,claim_d5a0f7a5af89
S265_CLAIM_23449EB6936A61F63509,claim_03e2f6770980
S265_CLAIM_2347CDCE0B4914A7ABD2,claim_68462f412688
S265_CLAIM_2362AFC4E85888612AB1,claim_ac2be6ae9271
S265_CLAIM_236507B55240C32EF5B2,claim_79e73a26bfb3
S265_CLAIM_237161A0CA341EF7C759,claim_6383aae45ab5
S265_CLAIM_23823BFA0C5422EC6F94,claim_b49d8d747cdf
S265_CLAIM_23A9312ED8A65F3E3EB2,claim_6982dd5b15b0
S265_CLAIM_23CABE4F9C0037EB96C4,claim_88bbe30ab271
S265_CLAIM_23D8711A0909D0877757,claim_0b5c4d7eecd4
S265_CLAIM_23E986D81A497CF3C98A,claim_15128fa905c4
S265_CLAIM_23ECAB5B872C34F5271E,claim_4c672cbc1688
S265_CLAIM_23F0A119E9A4366239A7,claim_da34e3670a6c
S265_CLAIM_243D4450C89C00DEE64B,claim_375c4db0fce6
S265_CLAIM_246D0B048671002E6E84,claim_d54c44f342d3
S265_CLAIM_247693366403BE2AF8DC,claim_10c798728adb
S265_CLAIM_248BF065376E1040DDF8,claim_59e583b3c607
S265_CLAIM_24B95951D1D4907F27FB,claim_8fc637d36e2c
S265_CLAIM_24C0A9A9AB00FD1068D2,claim_ca5fb70f732d
S265_CLAIM_24C54F2DE7A29792F026,claim_c29688325326
S265_CLAIM_24C5B6E96FB349516742,claim_999c18dff151
S265_CLAIM_24DABA707D624D10798B,claim_984a2c6d7955
S265_CLAIM_24DD2FADECE97ED6A681,claim_7e937f9593af
S265_CLAIM_24F6B18DBFF9F4260ABD,claim_f8c135e7d50b
S265_CLAIM_24FBF3DD5FCBA359BB36,claim_7c9772e07c75
S265_CLAIM_24FC5C3E17D9833E61AE,claim_15e74028fc9f
S265_CLAIM_2502FFDF5CBF64A431B7,claim_9cffd6246d5b
S265_CLAIM_251D75C9BA33F373FF1F,claim_77c2e039e2dd
S265_CLAIM_251E919CB0A75D224CD0,claim_ddc37ab72e44
S265_CLAIM_252372FB973C478838DC,claim_0696caa65d17
S265_CLAIM_252C49916D645D83AE1F,claim_7a683d4c48ea
S265_CLAIM_2545005A9653FAEC87A2,claim_5d6e932025ee
S265_CLAIM_25759E19BDC3DDCB4E15,claim_cac73a903da7
S265_CLAIM_25770CB569C73F69892B,claim_ac51115ad880
S265_CLAIM_25CC9227B274E25F8C46,claim_3d115a59a569
S265_CLAIM_25CD88EA36E24AB35469,claim_5df78d9dfa53
S265_CLAIM_25E0BE750E2730EA2EE8,claim_032f0bc67ee4
S265_CLAIM_25F865CFDBAB41E9ACE6,claim_2dcfe5c823e1
S265_CLAIM_2614620383D0170A30CC,claim_a4dc6194db25
S265_CLAIM_2615E25A8DB9A80747C1,claim_e3e33f1215c1
S265_CLAIM_261BBA2C652CBDBBE563,claim_760cb217a207
S265_CLAIM_261BC1D023408DF9BCFF,claim_9e977ed7b0be
S265_CLAIM_26216FDE59385069EE40,claim_5e73fc81c759
S265_CLAIM_2638C4DEC6B99F55D852,claim_83068971f7b6
S265_CLAIM_2639EB2DB09E0342C793,claim_c889713528a0
S265_CLAIM_26584408E40A3F370CC6,claim_f6f9b9b62684
S265_CLAIM_265EBBC7A95911B6E32D,claim_8a308324f84d
S265_CLAIM_265F85B50297696E2EC1,claim_83ce3e496f7d
S265_CLAIM_266E9BFB3475415C1AEA,claim_ad9da24bdf1f
S265_CLAIM_267C53EB0ED6A0F18DDA,claim_4b8031eb2c3f
S265_CLAIM_267E518B7A0D028B168B,claim_3ab0249ca6ec
S265_CLAIM_26840D9BA88EBC0E1B05,claim_5a6ec21d8d31
S265_CLAIM_26867057E5D0FEBCE84A,claim_704f9e9c057a
S265_CLAIM_269393FC533D0916D898,claim_e27463c48030
S265_CLAIM_26A3E147A98590A37801,claim_7caf82d30df4
S265_CLAIM_26ACE907EB90C37D3533,claim_6a4db43cc42f
S265_CLAIM_26F6EA96D6D1D938E93E,claim_b236454ea092
S265_CLAIM_26F7365A5D70E9F3CEAA,claim_759cbdbf5b84
S265_CLAIM_27072FF0E7F8F4334C67,claim_ba6c9331ea06
S265_CLAIM_271AD09340DFEDFC82EC,claim_063a8f59f9d7
S265_CLAIM_271B9A827C72A3F8DF97,claim_7d04a7e3e9d5
S265_CLAIM_27413CE2F1BF99DF2119,claim_c482f5a16039
S265_CLAIM_2751B95E41F4965306DD,claim_4c35e7738bd6
S265_CLAIM_2760F47A225722F67053,claim_23bfcffe4fa8
S265_CLAIM_276A8BA289D822CC65AE,claim_6b8d5d56bb30
S265_CLAIM_276E3496F600E6E69C54,claim_866f8a70f144
S265_CLAIM_2775B66A103314C4BA18,claim_aeaf7e353759
S265_CLAIM_2780E337343D00C6CB59,claim_65435c385ba4
S265_CLAIM_2796F6D85D8C198723BA,claim_5bba8bd072c7
S265_CLAIM_27982D1509312A95352F,claim_54b91140023c
S265_CLAIM_279B09D8F1790840AA5D,claim_9836d1d8c576
S265_CLAIM_27A0966BC0BCE5766AEF,claim_6097f5d742d2
S265_CLAIM_27B789C8005A0B17DCE2,claim_308555299361
S265_CLAIM_27B7A434C543CC5D6942,claim_30b8992996e8
S265_CLAIM_27BE06133E64BAD8CFE8,claim_ec857888cae3
S265_CLAIM_27D28B31C52DF6E40AC3,claim_fd1d895dd07a
S265_CLAIM_27E54B2373DFFED1C9DF,claim_56fc4900971c
S265_CLAIM_27EF149F493C3DCD5DC0,claim_4866a9bd792f
S265_CLAIM_27F26090980A66FACB6F,claim_f6898e58976b
S265_CLAIM_280D55335366BE0C47BD,claim_830c3a0dbb18
S265_CLAIM_281DF2729E7FD650B080,claim_4c0383df9f23
S265_CLAIM_28221597052E81FD2D38,claim_9473b501b549
S265_CLAIM_282F1278EE12FFCFB257,claim_6d463a37548d
S265_CLAIM_2838ACC3E3862AAB0C1A,claim_470f6d113b5c
S265_CLAIM_283C62F99F548D31E60A,claim_92d1e9501c26
S265_CLAIM_284CC2B64FAF7B7ECF43,claim_43d7278b71c7
S265_CLAIM_2864F4B906E459444416,claim_e68772a100eb
S265_CLAIM_28684312826E5AB41BA5,claim_50c2cca6aebf
S265_CLAIM_2868CC9DB76B18B85809,claim_79a109a8b873
S265_CLAIM_286B8360CE480108A7AF,claim_eb8a091ad0c4
S265_CLAIM_287D8D05032BFD03AA0B,claim_f714d904859c
S265_CLAIM_2888317C29AE7224960D,claim_257754117397
S265_CLAIM_2888E034DB6391E9492D,claim_225a292c82e6
S265_CLAIM_2897F865A13C421809E7,claim_b04f952a4c42
S265_CLAIM_28B24DFE4CC4A9CBCAAF,claim_50854444d5c1
S265_CLAIM_28BD6FFF6C3062B98704,claim_6b0afab216b0
S265_CLAIM_2917889C86818F7262D8,claim_88036873197a
S265_CLAIM_292248EB470446C57250,claim_09cf568ea437
S265_CLAIM_292402EA77AA364E4E48,claim_47dc2c18c4c5
S265_CLAIM_29243F1BEE7139FBF09A,claim_91ab3526af98
S265_CLAIM_292EE300429AD4FB5A2D,claim_43a0845b3144
S265_CLAIM_29316DADFD1553639337,claim_73f5e38a019b
S265_CLAIM_2940E53938701A9B4292,claim_5cf3975a79d8
S265_CLAIM_294DD470D37FC6382A28,claim_e0cf8d35f214
S265_CLAIM_295F8A7B9E2675E469AA,claim_0318fcbb4e03
S265_CLAIM_2964C9F78C641BFCA5AF,claim_69d565c189b5
S265_CLAIM_298FE7CDC1DEBAE46626,claim_98b884d138bc
S265_CLAIM_29A899E49A08DDBBDFAE,claim_f8a4aec7e358
S265_CLAIM_29A9666693775C8AAA36,claim_659f89f3d107
S265_CLAIM_29ACCDC04678FBD5C51C,claim_6c7ca5891d02
S265_CLAIM_29B2B06323FDE2AE4A52,claim_6f252d2744ff
S265_CLAIM_29D4E5F3B82DC972F27A,claim_e3988a24e8c8
S265_CLAIM_29E6D4E11C5A42F221D8,claim_b6309a0283bb
S265_CLAIM_29EBE17D9BFAB1CC19A9,claim_f7aabb4ca3bd
S265_CLAIM_29EF73574E418044F29C,claim_0feeb8e284fb
S265_CLAIM_29F4654636F9A7E0EE01,claim_acd76a5cfa27
S265_CLAIM_29F8BF69A6EEAE5D3C89,claim_12f23e1b6392
S265_CLAIM_2A238C5E6233522C1FBD,claim_fe54c8f40109
S265_CLAIM_2A2D720F1777212DFAE0,claim_98c08bae4aed
S265_CLAIM_2A4789C62FB517329262,claim_514bb21bd417
S265_CLAIM_2A52D700614A7E7DDFD8,claim_e57c9eaddd8e
S265_CLAIM_2A545F30200AF9B85964,claim_95875086e8e6
S265_CLAIM_2A584959761D732808CC,claim_5a2ae946ebdc
S265_CLAIM_2A60F4F2E8E42A0FED97,claim_fd0807b1b001
S265_CLAIM_2A7B02406BD139454A35,claim_cf0a9384af07
S265_CLAIM_2A82D04685D34B830A71,claim_4967c37a7cea
S265_CLAIM_2A899B2963C71F45BBB7,claim_2b4eb268fec5
S265_CLAIM_2A9781C99D291B07AA8D,claim_ddd4364ee76d
S265_CLAIM_2AA1376DCCC1B340A567,claim_28c9fe8927c8
S265_CLAIM_2AA5052C35C2E96C28ED,claim_2001fca3d9e1
S265_CLAIM_2AA65DF201B30CE36876,claim_25ad24bb6de6
S265_CLAIM_2AAC7FD259FDD5A06CD6,claim_88adad54d2d8
S265_CLAIM_2ABDE5C174F3C2AEDC3C,claim_006add85b1d9
S265_CLAIM_2AC0162959CD23D39111,claim_bf173cb17a80
S265_CLAIM_2AC0DC4E1542F51651B7,claim_5fe91972c5eb
S265_CLAIM_2AC2E84B37A15F85F5CD,claim_546eda1e2767
S265_CLAIM_2AD709CEA86FF4DDEBED,claim_e475510d85b9
S265_CLAIM_2AF31EA96B3434E133D0,claim_613e4f570876
S265_CLAIM_2B0D61EFA258F2C8482A,claim_dc078b0db8ff
S265_CLAIM_2B404502B32B03CE31B5,claim_ac9d9ee0da6f
S265_CLAIM_2B4C0C005970BBCD6F2F,claim_9cd212dd48a0
S265_CLAIM_2B9502A4B296B2F35F3F,claim_29324af3857a
S265_CLAIM_2B9D41879D48A2F67FEF,claim_d140e50be1d6
S265_CLAIM_2BAE518EE0229DAB9F2D,claim_b65652237a81
S265_CLAIM_2BCD0776203CD1610873,claim_bc34b0f1ffdb
S265_CLAIM_2BD4DFE6A6605748CBEF,claim_caeb72af4748
S265_CLAIM_2BD66AF65FCAE0685C57,claim_84c0c9668cc0
S265_CLAIM_2BDCDBC2C2FF14201EFD,claim_0ee87846c8f7
S265_CLAIM_2C034E6EABBFFF8A7E0F,claim_94bd9aa429f6
S265_CLAIM_2C0446A80868CBB31D59,claim_6b907bc6383e
S265_CLAIM_2C38A36C5B723F47D97A,claim_4f1ccad98b32
S265_CLAIM_2C3D5196AA12C3A42BC6,claim_fbf958d057b6
S265_CLAIM_2C3D7A9A47D27DB73F3F,claim_d549588bb747
S265_CLAIM_2C46785685975E341F14,claim_3db97070d592
S265_CLAIM_2C68FB51F264F8EDD53E,claim_c9ef09af7ef6
S265_CLAIM_2C6B375E89066C7C00A8,claim_dea78f692de5
S265_CLAIM_2C7079C609DA0F48001A,claim_cf8646f91fc2
S265_CLAIM_2C77D8E46479E4641A07,claim_1f60e559019a
S265_CLAIM_2C9E8048EC837DB4157B,claim_6432a505c84a
S265_CLAIM_2CA3B0B0E1E89F53DF69,claim_aa46eb2fe38a
S265_CLAIM_2CA9051DABEA31426AD9,claim_931432e943fb
S265_CLAIM_2CAD5F5D2AB7AF8BF053,claim_58cf1ddcc164
S265_CLAIM_2CD11ADA9E7F21606C63,claim_00bf55fe487b
S265_CLAIM_2CD2E03BF2EE84EE9E83,claim_97b56bf76010
S265_CLAIM_2CDC9AEF7AFDFF1A51B6,claim_c4ac4977ebe3
S265_CLAIM_2CDEF4B6E8317C639A07,claim_c09b8ff4193c
S265_CLAIM_2CE3B6762C4ECEABAAAC,claim_f19baa1274fb
S265_CLAIM_2CEA568005C52546F34B,claim_03868832d77d
S265_CLAIM_2CEF371F5E8DD99DD66E,claim_3223ba7d0fe8
S265_CLAIM_2D03594D2DF12965A1B8,claim_3e3b1810f990
S265_CLAIM_2D041155AB85540495A8,claim_7797ccc77329
S265_CLAIM_2D1E2830C03562027495,claim_99b28d450a4f
S265_CLAIM_2D202EFDCEF139EF7FF4,claim_770731161ab4
S265_CLAIM_2D25FDA34BF6FD37EAD9,claim_0106b2816d02
S265_CLAIM_2D2A6002426D9EDF1F41,claim_5583e86994af
S265_CLAIM_2D2BA3F5B418D74B9797,claim_8309dff09644
S265_CLAIM_2D34336AB0241CA7B8D7,claim_d311829ce43f
S265_CLAIM_2D387E1EC04BCDFDA94A,claim_40528b3fbd0e
S265_CLAIM_2D50499142A7D3C7DE09,claim_059340bdc4fc
S265_CLAIM_2D7496668DA4584A051C,claim_5d11bf42d7e2
S265_CLAIM_2D7B050F008E929AC5C0,claim_69da96238709
S265_CLAIM_2D85E11BADEEF083775E,claim_8ff5b08cc8d9
S265_CLAIM_2D95BEADB8124F6FD561,claim_4ed1ebc43810
S265_CLAIM_2DA6463B82390A5BE2BC,claim_c2c312c2a212
S265_CLAIM_2DB90F99DC5592C2A084,claim_34f3c7c82326
S265_CLAIM_2DCABD21391067B0639D,claim_996ac1c4592b
S265_CLAIM_2DE1958F487457993CE5,claim_35826b43b338
S265_CLAIM_2E2727A73C7AB0BAFA02,claim_2784b32b6296
S265_CLAIM_2E312AA9FAF0E16981C8,claim_bc948172e3a8
S265_CLAIM_2E54A61905C9AABCAC61,claim_976de06b8e55
S265_CLAIM_2E56F99368C60B8CD6AE,claim_fd18df081383
S265_CLAIM_2E61A5330AD389073714,claim_0289b4934527
S265_CLAIM_2E7187BAB8D060F622C6,claim_cdf467dbea91
S265_CLAIM_2E7413217A8F1BEB9533,claim_c21be4257b4a
S265_CLAIM_2E7AD47A75DB2196513B,claim_6a06ace44dc8
S265_CLAIM_2E9D74CEDDD804E8C829,claim_30bb8bf72fdf
S265_CLAIM_2EA654BDB180E4943F74,claim_3f14f309bed4
S265_CLAIM_2EAC5FA1194AD22DB96A,claim_7ab1565d304c
S265_CLAIM_2EB2FBDEADB055A80C76,claim_5a00c49ac038
S265_CLAIM_2EBD0E2A090755BDD7FD,claim_e6164c24ca0c
S265_CLAIM_2ECAA33896F0FA73803D,claim_a8cf2c331fea
S265_CLAIM_2ED9027DFC2305539246,claim_2ee9b25556bb
S265_CLAIM_2EED9EA231D79D700554,claim_713499fd2a0d
S265_CLAIM_2EF023692A54C9A805C4,claim_148f00e75ecf
S265_CLAIM_2F114ADC592C2D83CD08,claim_b0b24b8ef31e
S265_CLAIM_2F2481F357765EC1F378,claim_e3537848aaee
S265_CLAIM_2F332BFFD576EDFA27B5,claim_1b675341c526
S265_CLAIM_2F3CF2F060884A3FEB31,claim_01f47b7a198e
S265_CLAIM_2F5C8DC162CD9198F503,claim_cc3f209778f8
S265_CLAIM_2F6A9016D1471A64CB46,claim_bf185bb92611
S265_CLAIM_2F76EBC2310DBD2B53CC,claim_4f7bab6d7712
S265_CLAIM_2F7B63DC533DE62AF1ED,claim_ebb30e19d8f7
S265_CLAIM_2F863C8ADEB98D58EE44,claim_5b45f7324fbe
S265_CLAIM_2F9B19F6F1CC0C5C9E94,claim_51a1d6c3ec52
S265_CLAIM_2FC50736A98208CE83F5,claim_0fe22c2dd064
S265_CLAIM_2FDC100BA192BAF75331,claim_f12081fb07cd
S265_CLAIM_2FE160025464F9D72703,claim_649de429a6fc
S265_CLAIM_2FEDFD88056F76BEC8B6,claim_03fb51c71b72
S265_CLAIM_2FF1D4A3563684F3481E,claim_a79c612e9db5
S265_CLAIM_3010EA461F39CECD02E5,claim_4de326203fad
S265_CLAIM_3017E32BEFC1AD31A318,claim_5ec12203dbd6
S265_CLAIM_302E9D694A464E640324,claim_2df4aae744cf
S265_CLAIM_303D9EAD110467667175,claim_4e9a1c9807c8
S265_CLAIM_305918F956A79D500FA6,claim_0205266593cc
S265_CLAIM_305FA448B44D01B37155,claim_e05c61b6ad04
S265_CLAIM_308C77851B9600249919,claim_12cff42a7273
S265_CLAIM_30A7B78B1275F9B9ABE2,claim_00fc3b0213ba
S265_CLAIM_30B68331C936DF37BB6C,claim_9dcb74a71bb1
S265_CLAIM_30CDEC031AEE4EAFFA2A,claim_11fc4f0c304c
S265_CLAIM_30E8CF95391254098A2E,claim_49af8ccfb796
S265_CLAIM_30F4ED3F5B2D54A53EA0,claim_7a49e1413d28
S265_CLAIM_30F87E14394F307A94A4,claim_e1459f39de27
S265_CLAIM_3119DD602F9483EFFD1A,claim_0e07677f858b
S265_CLAIM_311C8A48461E05EDECBC,claim_3d2cd63a4c07
S265_CLAIM_311C8BDDE05A6412FC26,claim_b99f4a29164c
S265_CLAIM_3121F375FF5449D93C7B,claim_03cb562613da
S265_CLAIM_313CB94024BF17502196,claim_1be7a473f823
S265_CLAIM_3148E558044153F8B83D,claim_bb2d34ab3a08
S265_CLAIM_317627D5957C460F94DF,claim_65856f2d9147
S265_CLAIM_318065290B3E47DC7289,claim_ac13dde5724d
S265_CLAIM_3190A3F0A1302CF6D426,claim_fa89fb8c1eca
S265_CLAIM_3193EA5C49FDEF79D898,claim_3399ceea63d0
S265_CLAIM_31AE41A595233C803E4A,claim_526a95a3506c
S265_CLAIM_31B6A2DA7ED968CEA7B6,claim_1ae5b71c9748
S265_CLAIM_31BB8F3BFF969605B26D,claim_eb1a9aa7e87b
S265_CLAIM_31C5C950BDF5FF5AC740,claim_b9b2eaa4e82a
S265_CLAIM_31D0E8D64A05FB9F0C30,claim_c233f7b0cc42
S265_CLAIM_31D24EDE8EB38C1162EC,claim_1bafbfb93cb9
S265_CLAIM_31E213CF0AF4ADA51DF4,claim_5424996d695b
S265_CLAIM_31E39F997D86C2B5166C,claim_4a58e6268306
S265_CLAIM_31F2F1D23086D633FDFF,claim_010dbc86391e
S265_CLAIM_31FA1DEEA49A4312BD28,claim_3e2398c5102e
S265_CLAIM_31FF10624A495AB9AEEC,claim_c76e2849996f
S265_CLAIM_32027BB8C36B7C677843,claim_d0d9a8ecd5ad
S265_CLAIM_32085794D96377682133,claim_12e3780da01b
S265_CLAIM_322349BFCDB820272B3C,claim_e273a94192cc
S265_CLAIM_322E67783AC5E63306F6,claim_af6ab89a9875
S265_CLAIM_32426CFD22EA2FBD823A,claim_8377b0bf3025
S265_CLAIM_3243BF309CB8266B553B,claim_d9bb098d0dbe
S265_CLAIM_3249AF7EA10C0A462C04,claim_068438ee78e2
S265_CLAIM_32825EEDF99289B472AE,claim_e8dd9408e5cd
S265_CLAIM_3285E37FDBD210AB6F73,claim_27783aad1e6c
S265_CLAIM_32A1F330F1D6EED09E14,claim_9a032b061936
S265_CLAIM_32A2C4B2691585F434FF,claim_09dee8c46109
S265_CLAIM_32ACDA2FEF16D4687458,claim_cb4a0abe5558
S265_CLAIM_32BAA70ACA63D22BB9D6,claim_e35577875026
S265_CLAIM_32C1EFFC591D27B2D5FB,claim_33ada8ed908d
S265_CLAIM_32D4A503881AA358B8E4,claim_98dcec35ba31
S265_CLAIM_32D9AFDEA52D1F2E3691,claim_7fe4228618bd
S265_CLAIM_32FBB2202ED4D99CE930,claim_4bd21153bb02
S265_CLAIM_331850DA10564C9F1B27,claim_27fc958023e6
S265_CLAIM_33244AB72AD30512FE04,claim_48df9b9680a2
S265_CLAIM_33273D74E610909B0B41,claim_36885ac345dc
S265_CLAIM_332C90A9C1F3457EAA7E,claim_339eb0ae6ff5
S265_CLAIM_332CC133FD5479B8ED8E,claim_266914d87948
S265_CLAIM_3333697866592135AFC6,claim_6bffc443cf3e
S265_CLAIM_336C05698F2AD4F586B0,claim_2ba8fde746cf
S265_CLAIM_33748AAC5DE8323E7FB7,claim_6ea5861d7530
S265_CLAIM_33764335609416AC7705,claim_1b1371186bb3
S265_CLAIM_338D2B5CDBA1869287BA,claim_8236622171b5
S265_CLAIM_3392A08FD111704DBA8E,claim_1afa18a1d809
S265_CLAIM_339B6386733B775BE217,claim_374a897294b6
S265_CLAIM_33C342A2F93EB08FB593,claim_17c250b48838
S265_CLAIM_33C49555175FC694087A,claim_817a1104d897
S265_CLAIM_33E0278B471CE4D1702B,claim_c142296f3d9d
S265_CLAIM_340BB0C55401A57C88DC,claim_a1c8dda5204f
S265_CLAIM_340E3AC2CF29682F41B1,claim_f7578b12fff8
S265_CLAIM_342435B86965E406FA8C,claim_339e7faf55c2
S265_CLAIM_342F769BD648323DC9F4,claim_ce0f0ecebc7e
S265_CLAIM_34374A9E7C94B9167D69,claim_592d9bdca27a
S265_CLAIM_345C0FFD4E68B01943F5,claim_35bcba1c40a4
S265_CLAIM_345DFDC8A9B5C234C27D,claim_df4487803bbf
S265_CLAIM_348C7E1B3A95083B90C1,claim_39be239e624f
S265_CLAIM_348CA41E3719180B5934,claim_ee4f30340153
S265_CLAIM_348DB5BC2C38705E4461,claim_133941de3a00
S265_CLAIM_34929B1D6C4A0D545748,claim_4d729395aa52
S265_CLAIM_349C804AEA786F38F9F2,claim_ed8d7affdb56
S265_CLAIM_34A634AA276440998E79,claim_d774c6fd04bf
S265_CLAIM_34B579BEB120316CB92D,claim_dff5b5a0adda
S265_CLAIM_34BB50A117CA689A26D5,claim_42148e0c392e
S265_CLAIM_34DB1FA3FBD6CDF1FCD2,claim_176604cd68fa
S265_CLAIM_34DF0E1E5AF64858E5D9,claim_b4e67c8f1f8f
S265_CLAIM_34EE6DE9FCBFC9C85B4F,claim_a9179e341432
S265_CLAIM_34F2CF147B118BAD1138,claim_7ef290aaf7e3
S265_CLAIM_34FBA8F60D5843B2C9C1,claim_445448328541
S265_CLAIM_34FD75B06DF43F1972D4,claim_602004eac4ee
S265_CLAIM_3500390C1CC49315BCFA,claim_e807ae5963f4
S265_CLAIM_3504013C943D17228881,claim_ab48c7d6070e
S265_CLAIM_351D95FF6A413B731475,claim_e9c09c66c560
S265_CLAIM_354157AA0E0A5B0FBDAF,claim_8d484ca25846
S265_CLAIM_3541E2176220AC8753A4,claim_59825cc43908
S265_CLAIM_35447EE21650CE205EAB,claim_13a928d5ab13
S265_CLAIM_355167FD60E3F4885E37,claim_6881dea1e3b3
S265_CLAIM_3559D4AD178DCB000EA2,claim_061de999cd0e
S265_CLAIM_35634CB9F78E5B08B5D9,claim_f34d1a607aac
S265_CLAIM_3575C5AC51EC0BEE6A31,claim_818749cb04c0
S265_CLAIM_358082ECAC578FA44170,claim_82a425be88ba
S265_CLAIM_3584D0D633154C1BC790,claim_bb5fcaccaaae
S265_CLAIM_358684A4EA278E00C705,claim_24843c8cd529
S265_CLAIM_3596061BD99CDF7965A9,claim_4b68ddccb69a
S265_CLAIM_359ADE7AA98A8171FD44,claim_6f07703a85c4
S265_CLAIM_35A4C0097F593D573A43,claim_b9acb233ba85
S265_CLAIM_35AEC4B8BA400A8A1D2D,claim_5857bc01a01f
S265_CLAIM_35BF0D3C45AAD4CA75A1,claim_2ce764231c01
S265_CLAIM_35C83AF4516D406A31C1,claim_95029ceee6f7
S265_CLAIM_35CC78BB76A9B301E510,claim_b564312397b0
S265_CLAIM_35D560F2DBF5D9D51578,claim_f9def0130811
S265_CLAIM_35E0020B05124BF08FC9,claim_6f3dbd523454
S265_CLAIM_35EE84663BF78C60131C,claim_c1c4e001d0d2
S265_CLAIM_35F610E9FBB279C4ACE0,claim_b2be569b3899
S265_CLAIM_36123CC125C3EBC78CBB,claim_060d12797dd0
S265_CLAIM_36158C874418EBA5640D,claim_b7ec14113049
S265_CLAIM_361590B13D2D9674711E,claim_c11b4e514e82
S265_CLAIM_362A9DAC4A818227EC7D,claim_d689ac742491
S265_CLAIM_362BCF5D8CF925597734,claim_2765c7ddff36
S265_CLAIM_36453C2C215EDDB0854C,claim_bf261a0e91a5
S265_CLAIM_3667861F01884EB3B410,claim_a1bbd77d23ed
S265_CLAIM_366D7B98125CB35751AB,claim_55202ddf61e0
S265_CLAIM_369732F2F5E4D666939F,claim_65af6dccce3c
S265_CLAIM_36A9144761A23C234997,claim_3eda069137f6
S265_CLAIM_36B3A8E264BBBE799D0E,claim_d4c550ca8c98
S265_CLAIM_36C2C44E8E7D176C2937,claim_e115ff7d5e78
S265_CLAIM_36D6A7116A5F14F0830A,claim_0c2073027f04
S265_CLAIM_36F1C66A89B993ADB53C,claim_91562c88062b
S265_CLAIM_36FAE90B09C1D13774F4,claim_822c919f2376
S265_CLAIM_36FC9BF725459565DD76,claim_e8fe942c8100
S265_CLAIM_37052E2297D543C898F8,claim_307862a9dd63
S265_CLAIM_3705586ABD42C5823343,claim_dd62cc617576
S265_CLAIM_371B33CC04B7BA7F3A47,claim_5378f9a6cf6c
S265_CLAIM_371C92A07D6C93BC75AD,claim_b7b513c08d1f
S265_CLAIM_37419AF0AF78E8908C44,claim_e7e3c38bcc3c
S265_CLAIM_3743803B3B8DB5A424C7,claim_e559b0a94452
S265_CLAIM_3744B7FFFADAD6FB8D9A,claim_1bc854fdf4f2
S265_CLAIM_374672FC415947553705,claim_d9aa5d36d38c
S265_CLAIM_375994E5FC9A8BC1207E,claim_e89e4a0192ce
S265_CLAIM_3760A37F3A2B291CBCBD,claim_643a751865bd
S265_CLAIM_3769FE6A6CFFE16D126D,claim_5f5fba7db466
S265_CLAIM_376C76A7D0293A37B937,claim_95d245f24219
S265_CLAIM_377DDD2AF58D8EC31D92,claim_69d6551b0484
S265_CLAIM_378C8F300F70711DA840,claim_f1c50d8accc6
S265_CLAIM_378F58ACF81561D4F4C5,claim_d503c0ab7d3d
S265_CLAIM_379745A6DC46153D8D6B,claim_70540fa7bc8d
S265_CLAIM_379CC8787F9E75DF60CA,claim_ad58c764e72d
S265_CLAIM_37A4A827328A8B3DCFD8,claim_c3d0d64e8705
S265_CLAIM_37AB594F9BBA44AEF7B7,claim_cc5b6a277c2d
S265_CLAIM_37B0C759053A7A3E465D,claim_20ebb16d51fd
S265_CLAIM_37B5F3EEF820FD2DD87A,claim_6791643faad5
S265_CLAIM_37B981A52DDF5BFBE3BE,claim_54ac5ae28f82
S265_CLAIM_37BEDB44C1D8A177FD48,claim_30864fae7eee
S265_CLAIM_37C74D2BA4945200AA60,claim_072951863843
S265_CLAIM_37C8A331B75C79BD2F90,claim_20df1dacb834
S265_CLAIM_37DA0FB11812CFAEDF29,claim_83f48ed858f4
S265_CLAIM_37FE60AC18357669D772,claim_807ef69ab80e
S265_CLAIM_38102F8516C577C1A3F8,claim_dc0d41c39646
S265_CLAIM_381485C52C790E9E301B,claim_df2e73b650f0
S265_CLAIM_38288DD0D123A91B0F1B,claim_6c9788dad9b1
S265_CLAIM_3832C6AA70D952F8BDAD,claim_233b353081e2
S265_CLAIM_383E12314057ADA5E116,claim_3112719b021a
S265_CLAIM_3847B69E86B603626311,claim_4d83bb9c87be
S265_CLAIM_38643C32725D23E4B18C,claim_f2af7cb64865
S265_CLAIM_3868E0F8EFF445967334,claim_caf58b9d3564
S265_CLAIM_386C1D3635DB70BCDAC4,claim_5f663272fc23
S265_CLAIM_389699B5E955BE96EFA2,claim_e51f38be4150
S265_CLAIM_38A37BA73F1D9985494D,claim_549c563790b1
S265_CLAIM_38A38E1EFC6197BB1F0E,claim_32c32c1444e6
S265_CLAIM_38A502130815B854EF05,claim_454d6928b6f6
S265_CLAIM_38A547F7085EC10A5EE3,claim_87085fbf7532
S265_CLAIM_38B911A5AFC0F8A9D1BB,claim_bb90a11a7183
S265_CLAIM_38BC20502815783E48A7,claim_345ecef1018b
S265_CLAIM_38D359A3B12771F79A18,claim_09472ebff381
S265_CLAIM_3909129BBA4E90C0882D,claim_98eda734c629
S265_CLAIM_390AF62E9BFC92F42C3D,claim_3fb0a0bb3c20
S265_CLAIM_39118F12033741D6EB51,claim_06e0951b8efb
S265_CLAIM_3914EE9F5F1289A977ED,claim_d11073b72d86
S265_CLAIM_393517587C2A9608658B,claim_8b5b542c5dd5
S265_CLAIM_39420DFF699D5672B4B9,claim_cb180ab68add
S265_CLAIM_396B58BEA53D9019F7CB,claim_37faa7f3c005
S265_CLAIM_39730EBC1E2982EF44F8,claim_0b2a3cf61010
S265_CLAIM_399065FD404FB6590BED,claim_552415f97126
S265_CLAIM_39A21DB710E44D4A8508,claim_4459f3e1ba3a
S265_CLAIM_39A470C2B2BA04E09996,claim_60750131b905
S265_CLAIM_39AA14BF76605B31A5F7,claim_92ecec87ee28
S265_CLAIM_39C899774640CC613A00,claim_975bc20ce7c1
S265_CLAIM_39CC4F6087E390302906,claim_9befa052a015
S265_CLAIM_39D25D877F44D12CE256,claim_a60e038ef57a
S265_CLAIM_39D356F18FEAAA3703FF,claim_444953c68b6f
S265_CLAIM_39F040A90A18BEC277BE,claim_435fdf74a9a6
S265_CLAIM_39F537B927F79899AB8B,claim_1631b4adf821
S265_CLAIM_39F97890EB37B5E791C6,claim_879d67c24b99
S265_CLAIM_3A0C2506E1EA515EE74E,claim_95ba45021c91
S265_CLAIM_3A10EB2BF82EBF615A56,claim_2054e3e0ed9c
S265_CLAIM_3A130BF519B3EC7F72CF,claim_dc4df360614b
S265_CLAIM_3A1663B3BA0500D62D61,claim_184a843a152a
S265_CLAIM_3A1D0039D0113D5EB2A4,claim_bf619bfd39bc
S265_CLAIM_3A2431D36D78B94BB648,claim_296d96c1bc2c
S265_CLAIM_3A2AA98D9E9A706C873D,claim_d4ee642721cb
S265_CLAIM_3A3427018606F62E8E2D,claim_b5fc9026dbcf
S265_CLAIM_3A35734C8AD4A2B80EE9,claim_243732ee4e14
S265_CLAIM_3A367922533DF7C4154E,claim_5899fafcdfaf
S265_CLAIM_3A51A776A3958EE58E34,claim_cc9d32be8b06
S265_CLAIM_3A595770453CE20CA50B,claim_b7921076d009
S265_CLAIM_3A79CCF1AE6B97328916,claim_2653eeb42af6
S265_CLAIM_3A84FEB96F287C799EF5,claim_281363eb4a3e
S265_CLAIM_3A851F651B34204C82DA,claim_4b7832109cef
S265_CLAIM_3A8F980E233E72D601ED,claim_1062af130c59
S265_CLAIM_3A952F7F55D90386EB05,claim_1ef13ea8b0b2
S265_CLAIM_3AA4E1FBDE998A0D404D,claim_afff02fab105
S265_CLAIM_3AA75968823FEC1E2AE7,claim_55df96687875
S265_CLAIM_3AB519391B5F8E06EE32,claim_9026cd63a648
S265_CLAIM_3AB83628C9B6E70098F8,claim_522a6349287e
S265_CLAIM_3AD21765FF4918B0868F,claim_67b387e25558
S265_CLAIM_3AFD5562924F97686A60,claim_8f71281589f0
S265_CLAIM_3B0DB029714EB0BB548A,claim_4d19a843a00f
S265_CLAIM_3B2F1A040BA800F1CBAE,claim_916e2d64d25e
S265_CLAIM_3B30AAFC6AA2B6B0A498,claim_04568c2e6b23
S265_CLAIM_3B48847348F3BDECDC44,claim_3a65c0d9c182
S265_CLAIM_3B552EF121B9113424F7,claim_a9717df76c9f
S265_CLAIM_3B59B879AAF5061D80A8,claim_85722dd4da15
S265_CLAIM_3B6E57BDD4E6795F5F84,claim_6c4c2b6a5ec3
S265_CLAIM_3B887230436715297AFB,claim_9578629f49a0
S265_CLAIM_3B89010F63009D5ADF11,claim_a02d8285f297
S265_CLAIM_3B901963BC9C11806EF5,claim_3a86f81706eb
S265_CLAIM_3BA1EFA54DAE386DB7F4,claim_1b697b86b9fc
S265_CLAIM_3BA67452CAE125681964,claim_f0fb7e50fd84
S265_CLAIM_3BC962C6C451387ABE98,claim_76fc077ca1f2
S265_CLAIM_3BCD9DE752712D8DF02F,claim_d4fc130e4b3d
S265_CLAIM_3BCE7021EDF7BDF4318E,claim_036565f0bbea
S265_CLAIM_3BDB31028B4A523F32AA,claim_dd0e6b779fae
S265_CLAIM_3BDD36537C8B4F103DF8,claim_8ee4d0437437
S265_CLAIM_3BEBE56E19B5771AA5FA,claim_676a98d78eae
S265_CLAIM_3BFB8899C711C884DE51,claim_8002d04a7f9a
S265_CLAIM_3C0FB75E10C5328D19F4,claim_22a1bf348e39
S265_CLAIM_3C172182A913813587DE,claim_2b8fbbb4a2f6
S265_CLAIM_3C1EF4BA0E4D1BA27E0A,claim_01110a750b45
S265_CLAIM_3C2210E9903A09B88B02,claim_99f2bb820d3f
S265_CLAIM_3C271E624F896B4A1B3A,claim_1e815c6e386c
S265_CLAIM_3C27BC2C3B2E1FB71A5C,claim_66ec4e4a3428
S265_CLAIM_3C348FE159D80CFD54F7,claim_110548a18047
S265_CLAIM_3C9727F770475A20D09B,claim_ae6bfd179d3f
S265_CLAIM_3C9D094A71542E079A7A,claim_b4518da86cfa
S265_CLAIM_3CB10B428AD990135E73,claim_9608709b1400
S265_CLAIM_3CDF727BE701EFC06F11,claim_4cced894adcb
S265_CLAIM_3CE545BCBD3C73C725F4,claim_8fd110f842a1
S265_CLAIM_3CF14B424DC54415E2C5,claim_f90c3d07c055
S265_CLAIM_3CFB1B448E1014C70136,claim_f25e506d9943
S265_CLAIM_3CFC2CF882DFA80EA919,claim_b864028c6372
S265_CLAIM_3D136A03F12C80E4FC50,claim_183904fdc502
S265_CLAIM_3D64D22D84C590EB5380,claim_e179756d1484
S265_CLAIM_3D66B408E977ADF32831,claim_c54b2aa53439
S265_CLAIM_3D74959F465B0D3E5091,claim_c7aa38b14027
S265_CLAIM_3D77ADFF56FA9F9BDE06,claim_87c77993fed9
S265_CLAIM_3D89793D5EEFF4D1B152,claim_7661e2c73302
S265_CLAIM_3DA3E51DAA36FF226E2D,claim_e9d16b1b3dbb
S265_CLAIM_3DC7667B81B8939CB2F3,claim_5caf7ed15b40
S265_CLAIM_3DDD448573781844D93E,claim_180a0d9578bc
S265_CLAIM_3DE74B68DA20B110F93A,claim_3dea4e414369
S265_CLAIM_3DEF049FE950FBB4E05F,claim_e75e982b4f1e
S265_CLAIM_3DFDC7BDB82AD0D4991B,claim_0c29b68f2923
S265_CLAIM_3E02229D084C31DA3581,claim_7092264acf6e
S265_CLAIM_3E5383FD363D0F564C38,claim_e7efbe040913
S265_CLAIM_3E6682A346BA2A34FDFA,claim_ef43279b2300
S265_CLAIM_3E83AA75CB2C33CA759E,claim_bc2be4fab5d9
S265_CLAIM_3EAB512B9B34D682E9FA,claim_deef5d35e555
S265_CLAIM_3EAC6192032F0603910C,claim_b939fc1e7c04
S265_CLAIM_3EC94FF38A20EE87CB58,claim_2872dec5df2a
S265_CLAIM_3EEF32383CE11990B6FC,claim_4f3726682366
S265_CLAIM_3EFC32D15AB861CE04A8,claim_62d02754a29f
S265_CLAIM_3F04F37C4A4BFDDF4DD2,claim_46f36e15eace
S265_CLAIM_3F2163E40990B139C96D,claim_4b407d8dc05d
S265_CLAIM_3F508D1305955BE6FC24,claim_0887a69fba75
S265_CLAIM_3F5DE279CECFF70AA1D9,claim_93c61f8dda83
S265_CLAIM_3F6D0B4CB55531311422,claim_85d5f4cda324
S265_CLAIM_3F7D5743949ED0271529,claim_98cc92e8ed35
S265_CLAIM_3F80BD20AAAF14A65ACB,claim_c4272d7211ab
S265_CLAIM_3F830FA2CD913E3DA84B,claim_54a87de21f12
S265_CLAIM_3F8FC01B300E4B8843A1,claim_c912a796128b
S265_CLAIM_3F95D2D78A46A4EC9BEF,claim_0f392882d901
S265_CLAIM_3F98DDBDDA9D68FE494F,claim_217da1726641
S265_CLAIM_3FA37E6D96639D3555F0,claim_2cec1c37221a
S265_CLAIM_3FA4BE66A54421336795,claim_3ed84adc078e
S265_CLAIM_3FAB04D02617BE08C259,claim_1c4aa23ccde4
S265_CLAIM_3FB30BA1C76DBD59BC70,claim_045d1921efa1
S265_CLAIM_3FBCE5E6312B62D0E4EE,claim_b3b56bcfea49
S265_CLAIM_3FCCCD05EB08BBEECE4B,claim_99fa675cf3e0
S265_CLAIM_3FCD8799671ACEB736AD,claim_62cc2309f252
S265_CLAIM_3FE4A8AC6BCD04FA6C94,claim_a15c3de9eb84
S265_CLAIM_3FF2086136BEE6006207,claim_8147e1f70b46
S265_CLAIM_3FF3AE10EED9AA1BAF86,claim_4e279663dfb9
S265_CLAIM_40069369F49BFD9677A1,claim_bbd41f6a8301
S265_CLAIM_400736DA84A13ACFECBE,claim_368a8d4283fe
S265_CLAIM_400B117B6A366635BE25,claim_30dc69ceb22c
S265_CLAIM_400B9CF5B3A30D4E3D88,claim_d3e036ab55c1
S265_CLAIM_400D70380806F6A2E470,claim_76d01cf3052c
S265_CLAIM_40281EC2F28BFD388339,claim_2613ca0bb5b7
S265_CLAIM_403ABD1480C5EF033B31,claim_a87021699ec7
S265_CLAIM_405CDFABE46995F2DC00,claim_683917e8e929
S265_CLAIM_4074AAEEAB0A52943F5F,claim_eca32d4e03e8
S265_CLAIM_4076FBE88635C48E0061,claim_c960b85a98d2
S265_CLAIM_4083B1A1E5657F5A4AD7,claim_bf99ad60113d
S265_CLAIM_408BE6447E1850BC9A01,claim_20d039ac48be
S265_CLAIM_40D0ED5792EC8D6FF50E,claim_7f7636539072
S265_CLAIM_40D472F9C752EA8E32B8,claim_18c03c8d7183
S265_CLAIM_40D6B1D7199C0D92AF88,claim_54b63b5aa795
S265_CLAIM_40E05ED052943924322B,claim_9ce14261b8b9
S265_CLAIM_40E685651D80E8D448C4,claim_1016a5d6df95
S265_CLAIM_40F9AA277FD38B087F14,claim_909185ede290
S265_CLAIM_4111A35199754DE99639,claim_d4832aa1c5dc
S265_CLAIM_4112A0C75F92CFC2B13E,claim_041987e4ed72
S265_CLAIM_4117997861942E47EFA9,claim_bfed550e8c18
S265_CLAIM_411C9CB1CE6FE8030750,claim_f5c620fe7685
S265_CLAIM_411F90A083F987C44E55,claim_919db5c2e356
S265_CLAIM_41259C84046D019E8738,claim_9682d6aa76c7
S265_CLAIM_413BBDA3505C6F7098BC,claim_f43d5f9e1de8
S265_CLAIM_4151324629E777AFAA93,claim_ad0f18537ac8
S265_CLAIM_415A6826510F997D2F3A,claim_183177bac978
S265_CLAIM_41659983808713804080,claim_5f36984c5050
S265_CLAIM_417E232E41B35817019F,claim_c881c215ab49
S265_CLAIM_418D31B89A6F4B85CAF9,claim_41dc8785a7fd
S265_CLAIM_41C2EE025E43CDA50381,claim_d5f0db11cf33
S265_CLAIM_41C65886B1A56CF25F01,claim_67f1a57ad06b
S265_CLAIM_41E094C2864110EBCBAF,claim_126d79cf444f
S265_CLAIM_41E7A819887138AC1A9A,claim_69d0d43d0e75
S265_CLAIM_41F2BCBC8F0F55CC165D,claim_e379128baf2e
S265_CLAIM_41F56E2E9B9441DB511B,claim_30d766798bb7
S265_CLAIM_4217D37D953402FC8361,claim_d0c79513d579
S265_CLAIM_42437D662DA93C599316,claim_5ffbcfea90f9
S265_CLAIM_424801B597ED3D21C48A,claim_c184469aec91
S265_CLAIM_424A3745DE337C1A4056,claim_15213527ea55
S265_CLAIM_4252CF04C99E5D7D1806,claim_3a0d3b4c7aa9
S265_CLAIM_4255F2D5DD6B10098787,claim_bf9854bd1c5a
S265_CLAIM_425C2DA1081D5DBC5131,claim_d571ef9e083c
S265_CLAIM_425DB244CF8425DDFA38,claim_faaea1871118
S265_CLAIM_425E14D27D76639379BC,claim_b090efa86c39
S265_CLAIM_4260B3DB8EA9E7D4770E,claim_18a6fe80e697
S265_CLAIM_426365E878D2DABAAFB1,claim_a57c9f7dc4d9
S265_CLAIM_4265B2DEDF707364BF65,claim_779a9748c8ec
S265_CLAIM_428C85108BDFF21E50C9,claim_587c2f41e6f3
S265_CLAIM_428F009D537225044DC2,claim_59db218e6a6c
S265_CLAIM_4295BAA2A278367F734F,claim_4bdf46d8b904
S265_CLAIM_4300286F3ADC2C9F27F1,claim_ecaaa9bac2f1
S265_CLAIM_4300F603639A636C7D45,claim_a03ad803e888
S265_CLAIM_43045B567B161616F733,claim_8dfc6d4c2b79
S265_CLAIM_430BB47FCC329AEFF793,claim_11e850221f15
S265_CLAIM_430CA3498EDD02B29B70,claim_7fff285bf973
S265_CLAIM_4338B99A2A163029DB0B,claim_fc3a50c617b5
S265_CLAIM_43580A7A624C0A244BCF,claim_795ecfd3af32
S265_CLAIM_43668AC026744C6C400C,claim_c3697ea9a34c
S265_CLAIM_43710161E742359B99D9,claim_44ecfe5c5bea
S265_CLAIM_43971715C5C67BF47368,claim_99a6d196e41c
S265_CLAIM_43A45B0C5B4ADDB3AA23,claim_194e75694b06
S265_CLAIM_43AD0B10FF5C7FCA070D,claim_97b83edfd1d9
S265_CLAIM_43B529E4771567F34116,claim_5f3584002f65
S265_CLAIM_43C103C2C250CC46BB9D,claim_de319c82031d
S265_CLAIM_4418F1F7113791BCEAC9,claim_51530f8c2b32
S265_CLAIM_4425DAC5DD0A2A7835BD,claim_b1fe80ba0e60
S265_CLAIM_442D17E774BDD73E4446,claim_36299d6f61b8
S265_CLAIM_444DCBD546B3041297A4,claim_97782ebbbe10
S265_CLAIM_444FB41680FA137A7392,claim_b9c72170b1d9
S265_CLAIM_445F10858592F48DC292,claim_b2d29f5d6620
S265_CLAIM_44766144FF98AC6E1CFA,claim_0c301b882b37
S265_CLAIM_449A2C8CAB6855A8CCE7,claim_8c3dc82ddb9f
S265_CLAIM_44A3ECE5A0B8083A0F9E,claim_aa34cb606706
S265_CLAIM_44B2BFB37731AFB0C62E,claim_8b1b61a8cf43
S265_CLAIM_44CC39249F5803D33BAA,claim_e03d11dc833c
S265_CLAIM_44D4F706014C330B3F4E,claim_567ab058794c
S265_CLAIM_44ED57456C752D0E45E9,claim_513c5c79fbd2
S265_CLAIM_44EF308501DF3A232ED1,claim_4144cc581bb6
S265_CLAIM_44F9D56F8A8D17720005,claim_cc1c7bf430d8
S265_CLAIM_45254198F2985E703955,claim_443da799c5ec
S265_CLAIM_453D5704E7297885C730,claim_1d4dffccf499
S265_CLAIM_454DBB3E0CEC128EEAF3,claim_f1b91276b510
S265_CLAIM_456197A456047F65BCCB,claim_31f96b862abc
S265_CLAIM_4566A2167E271E3A9F41,claim_56059891ebdf
S265_CLAIM_458486F39C65D52E4A60,claim_37aea23b301e
S265_CLAIM_458EF13BA670BCCF9016,claim_67d6a619ad38
S265_CLAIM_4596A624CCC4FF8060E1,claim_9cb10db196fc
S265_CLAIM_45AB71B768EA24DEF10D,claim_8b9b2d4b27f2
S265_CLAIM_45B558E4E48CCBAE0FC5,claim_41806800d625
S265_CLAIM_45C18D2CA33A086B7424,claim_e4ec9aaf7487
S265_CLAIM_45C3CA98389C7A84A937,claim_268f3ef32b2d
S265_CLAIM_45C503926A4070841E41,claim_adabb36bfdb0
S265_CLAIM_45DA759F5995C527ABF0,claim_c8e15e03574e
S265_CLAIM_45EC967C06FE04091207,claim_9dc6c378205c
S265_CLAIM_461556AB159FDA25C67B,claim_e9e9262638ec
S265_CLAIM_461941D853A5ABA04C1A,claim_5c73c55c730c
S265_CLAIM_46225C6D413B3F183630,claim_74cf3aa08a92
S265_CLAIM_4624BAAE3146982E2109,claim_fae5fc99b201
S265_CLAIM_463A7E6B8578F8388F4C,claim_efa7f4db117c
S265_CLAIM_4656316D13AB94751014,claim_45f32543de70
S265_CLAIM_465E4209AE402029BA00,claim_fafb877a9af1
S265_CLAIM_466582CB0D5A36CF7D28,claim_cfe5d0c7e58a
S265_CLAIM_466988A85B5096D6F834,claim_f997c7fd835f
S265_CLAIM_4669EBE03A5C86805FC1,claim_4ddc00939fda
S265_CLAIM_468E9C31D559F9F79FB8,claim_8c16b181acc8
S265_CLAIM_46BB4B09E058451D5287,claim_bec000f245b6
S265_CLAIM_46D0625FDF4A9020167B,claim_3b830fe68a0e
S265_CLAIM_4706ED74DA1AA78736FB,claim_0a6df86f1a44
S265_CLAIM_47130D6607DC6043FA8A,claim_c6835374a470
S265_CLAIM_471633BC2C1DD2BC9AFA,claim_1a321e24da66
S265_CLAIM_4735DBFD274114CA9D36,claim_75ef0a47ce65
S265_CLAIM_47477A8357B1FEF27A98,claim_e66212ab2657
S265_CLAIM_475E8427A7C5F386A735,claim_272307627e01
S265_CLAIM_477B1488036E99F4E83A,claim_9cf35943f2b5
S265_CLAIM_477EC2F9D4C9AD4E31F4,claim_6e5bfff10012
S265_CLAIM_479E347F76D25A38977A,claim_2d320de39495
S265_CLAIM_47BEB2D7511B4F701617,claim_8c9d67f37d3a
S265_CLAIM_47C7808E1782AF801AC5,claim_95d3769f39f7
S265_CLAIM_47E84BBEAF16A5185A14,claim_e5b322e12384
S265_CLAIM_47E85C03A5AD05C93345,claim_cf3fd074aa4e
S265_CLAIM_481B12623A5E3D92C9B0,claim_a459dfa3eab9
S265_CLAIM_481D600045848CD2F9AE,claim_f87e5a33b53a
S265_CLAIM_482CBE9292F54C37C6CD,claim_4ae1fa1ae4e1
S265_CLAIM_482E38A5DC655D80C755,claim_f102d60e3452
S265_CLAIM_4845B28B587F4FEE29DC,claim_a723af685a5e
S265_CLAIM_4857F050DDF20A3A20FF,claim_861553dfd9d6
S265_CLAIM_48616E11CC141007422F,claim_88a27569b198
S265_CLAIM_48634847451ED118E8CE,claim_ef0c0511fb87
S265_CLAIM_4865DB21C2B1BAFDBFAA,claim_4314488059ff
S265_CLAIM_486BF2DC0153F67985D1,claim_0f9948df9a99
S265_CLAIM_487C3539B4BE05903843,claim_c8db95e8bbe5
S265_CLAIM_48976745DA667D3F7275,claim_fdf3093f49cd
S265_CLAIM_48AB60CD1F909B7D7510,claim_e621f5d04dba
S265_CLAIM_48BB5A2BF1D44E7D2B2C,claim_40d8acbf6e21
S265_CLAIM_48CB928317C22BEDDA06,claim_eaafe9286c9e
S265_CLAIM_48DC9CBA229F9E452F9F,claim_04a6d402c9e3
S265_CLAIM_48E604B1CC1308D73197,claim_71d98292855a
S265_CLAIM_48E795FF34AB2445D964,claim_93df58dc0dea
S265_CLAIM_48FE919F41DFECFC8D26,claim_a791f9bb39de
S265_CLAIM_492D779E39814FD0DED9,claim_73ac75ceb6c4
S265_CLAIM_4946B0FAEED43EF3558B,claim_de003d09612b
S265_CLAIM_4960C0ED5AEE38733DDD,claim_3618ffa907a2
S265_CLAIM_49612C5874657F3F6476,claim_3e32f2a77cc8
S265_CLAIM_49684EF3ADB76381230C,claim_93611e4c9b1a
S265_CLAIM_49A3496372C212750730,claim_33ddcb06f052
S265_CLAIM_49AFD62A01B6D92EE68C,claim_13decbd60e36
S265_CLAIM_49B2E9198A88065E193E,claim_9ebf3caee59e
S265_CLAIM_49C4863627E982D1FCBD,claim_f0392c660e3c
S265_CLAIM_49CCE6FF7E430457B1EF,claim_90d68fdc96ac
S265_CLAIM_49CFCFF49491A6E23D26,claim_3026230b68e9
S265_CLAIM_49D13E219FA37BEEA23F,claim_cccbe13a4b22
S265_CLAIM_49E27E1FF8432F60F0A3,claim_b33f347c5a8a
S265_CLAIM_4A1D114A8F5A75546169,claim_70a8b09afacc
S265_CLAIM_4A1D2F4551989FA9FFE4,claim_ddd7c756c719
S265_CLAIM_4A3D46B20C40C9071003,claim_88572e609227
S265_CLAIM_4A40DB3279196F418CB2,claim_31014c4c7e5e
S265_CLAIM_4A5029DA70AE0904F44D,claim_07a58e80921f
S265_CLAIM_4A68A4616CD445BDA6C6,claim_03618d9770cb
S265_CLAIM_4A70EED2A2BDF58BBAA1,claim_cc1d1fadcff5
S265_CLAIM_4A898707A0836B6442B6,claim_59e848cc0853
S265_CLAIM_4A8FB06DFEE0D7818E72,claim_f8eb445554c4
S265_CLAIM_4A9BFF7689F06AAC5935,claim_b84971b33e06
S265_CLAIM_4AA38A2FF2475B0266A4,claim_b06021f3fff1
S265_CLAIM_4AAB5E9F494D770E71B0,claim_d043df1bd46e
S265_CLAIM_4AAEF85CE9B70948DB60,claim_a4a7c5f3b4d7
S265_CLAIM_4AB781EB4985703EF9F5,claim_bce967c521b3
S265_CLAIM_4ABA722D40AA70BE1984,claim_90f7f17dd75b
S265_CLAIM_4ACBA616E766FEE83CAA,claim_4d648d04d397
S265_CLAIM_4ACE1EFBED91886A08EA,claim_09e10cbd9718
S265_CLAIM_4AD48A145A51D5D98937,claim_4db52373bdd5
S265_CLAIM_4AE4348E05659060D904,claim_11e9db1a8811
S265_CLAIM_4AE4A27567944E3C9381,claim_2bd1c51d8581
S265_CLAIM_4AE5A9AE1D43F38B6B13,claim_b4d12d1761df
S265_CLAIM_4AEF103BE7AC97F55432,claim_d6fbc0c43d47
S265_CLAIM_4AF51A56ECC82DC73640,claim_88804f02b4e6
S265_CLAIM_4B00C8E9223D2613F7EB,claim_c79202241262
S265_CLAIM_4B1296338652BBF0CE50,claim_eeb50eb41597
S265_CLAIM_4B1B55D4B4F43CA0758A,claim_5a839f274e54
S265_CLAIM_4B25D31AEE126C9E4CDB,claim_4b141e0d2155
S265_CLAIM_4B27EA4CB61E29628A3C,claim_01cf655ed94f
S265_CLAIM_4B39805C42BEB115416A,claim_e5386e123408
S265_CLAIM_4B39E792756951B74051,claim_a6d525cc21b2
S265_CLAIM_4B405EF13DB3300B71E8,claim_bdc39caa0c19
S265_CLAIM_4B52950A488A1446DE7C,claim_9417abad9c0a
S265_CLAIM_4B5A9F9A19223F83BE07,claim_c6309933862f
S265_CLAIM_4B70790EB8077F519BAB,claim_f4abf95f42fb
S265_CLAIM_4B80C1FBF4047CB915ED,claim_12171dcca4d8
S265_CLAIM_4B903B1C858B742147A4,claim_35c425c7815d
S265_CLAIM_4B950840FD539EDEE742,claim_c0ee9d9ba4a2
S265_CLAIM_4B970825AF37BE393A99,claim_cb14ec63f62a
S265_CLAIM_4B981E9220A089202A35,claim_d9a2ea993014
S265_CLAIM_4B9E4EA7AA2607E7EC14,claim_952d140e081b
S265_CLAIM_4BBB60C1D89CEBD3AF5E,claim_8cd14ed904cf
S265_CLAIM_4BD91D72D861336BF5E4,claim_4aca8298db88
S265_CLAIM_4BD9842248D73B8EF56C,claim_17f431c649dc
S265_CLAIM_4BEC2CD0A7D645D3824F,claim_728703d131ab
S265_CLAIM_4BEF9B1F7E8668A76389,claim_751bdac44192
S265_CLAIM_4C0255CF5FC21465F284,claim_068e8a3dc962
S265_CLAIM_4C054496B092D0DC7B01,claim_958f79168a67
S265_CLAIM_4C2143D85A439F431160,claim_8c8bb296fa2a
S265_CLAIM_4C3E260AA8F5B461438D,claim_1c0bdb0e4618
S265_CLAIM_4C44E3B3AF27EB8FD511,claim_1e8d7422bdde
S265_CLAIM_4C68E017BE4C2E27476F,claim_7e7ff57617fe
S265_CLAIM_4C691131289650FAF2A6,claim_f8eb835e0398
S265_CLAIM_4C71BCAA1BD377211635,claim_aa26a189bd2e
S265_CLAIM_4C8408273F786DD29D6E,claim_509e88adbaec
S265_CLAIM_4CB086B2C36273EA73DD,claim_61be9f86816b
S265_CLAIM_4CB53D00260FD70CBB3D,claim_f3a93d6dcd03
S265_CLAIM_4CB845D2D1C002BE612A,claim_b321627611ec
S265_CLAIM_4CC725ADD95EEA6BC6DB,claim_824ea6515c27
S265_CLAIM_4CCD693C91A991834F0D,claim_fb5c7d43c973
S265_CLAIM_4CD8B9B543B228A3B770,claim_056838f31cd7
S265_CLAIM_4CDAAA848D65775E28AD,claim_828864ac95ef
S265_CLAIM_4CE0723BFB300C8C59FD,claim_fd02678da9cd
S265_CLAIM_4CF43378C85DB9B535DC,claim_9c769ac964a5
S265_CLAIM_4D14C86B84B6ED6E0191,claim_4e78a1e28c60
S265_CLAIM_4D2E868085BF0210EA9D,claim_98bf615cb391
S265_CLAIM_4D352E03F284E0C606A4,claim_5075494e887b
S265_CLAIM_4D38B920DF3DFF852F64,claim_05bf04451fce
S265_CLAIM_4D3C5737963A3550CF83,claim_e6b9049a291d
S265_CLAIM_4D4BD985D67B5B4C3D94,claim_33c3536e747c
S265_CLAIM_4D53C74AF1CF3F6ABB0C,claim_fe87c5e32c7d
S265_CLAIM_4D6ADB1548024CE3BB12,claim_1da8fe93cea4
S265_CLAIM_4D9DF7E720F124B4FC57,claim_33baccc209d8
S265_CLAIM_4DBC4C7819B3B0B78B26,claim_1eff4dcc8a60
S265_CLAIM_4DC4A625CA08CC98B1A8,claim_5379f447e7b0
S265_CLAIM_4DC599D2AC16483CA370,claim_11fa4a28f86f
S265_CLAIM_4DDCA5C0DC36C4C81223,claim_d4111464a248
S265_CLAIM_4DDF510E201E84D9A79C,claim_0b4334ba1265
S265_CLAIM_4DE22D4FDC05DC73A1E9,claim_f361b854e2ea
S265_CLAIM_4DE731EF6DB8DE286561,claim_029ff33e9015
S265_CLAIM_4DEB64BE2C6AF7E5C0C9,claim_2cf4735043fa
S265_CLAIM_4DFC0084448A3C54D430,claim_c2047c1e4a05
S265_CLAIM_4E0CFBC0BF2315192B12,claim_7d078ce0b94e
S265_CLAIM_4E115E14467C9C25EAAB,claim_487279cdb039
S265_CLAIM_4E2DB29FCE77B300874A,claim_885acf84ef3e
S265_CLAIM_4E35C6A48B87C82596D5,claim_28bb7dab9470
S265_CLAIM_4E3E54110823F3C324BF,claim_bd3f3a04a286
S265_CLAIM_4E3F43C92FA29A1C543D,claim_d9ee266cf7e9
S265_CLAIM_4E4111062C4AFC79FF35,claim_f649259d2c58
S265_CLAIM_4E545E47667CDA84EA55,claim_2b716ad459b3
S265_CLAIM_4E5E49A886AEABA21C1C,claim_01254400a22e
S265_CLAIM_4E758A99F607F033059A,claim_e1030c920aed
S265_CLAIM_4E78001FCF123D0A5886,claim_f3e990ba4f65
S265_CLAIM_4E8947ACD3308810293A,claim_d11bcb6590fe
S265_CLAIM_4E90C3790923F283900F,claim_2eb729ac66db
S265_CLAIM_4E9B5821F00CDBC62FCD,claim_24983b3b9548
S265_CLAIM_4EAA06FC613FADCA063C,claim_50afaeb094e3
S265_CLAIM_4EB15368AFBADAFB32CE,claim_a6c98006d7e6
S265_CLAIM_4EC273F4EADEABFAD7EC,claim_3874121de978
S265_CLAIM_4F04CDA52CA2A53DFC93,claim_5563beab97af
S265_CLAIM_4F1E77E8C6F4C6F48E05,claim_94b73938462f
S265_CLAIM_4F26742ECD0DCEDF8521,claim_f86f9c088295
S265_CLAIM_4F28FE8B555AF63D9C9A,claim_5ac272745860
S265_CLAIM_4F2FCFE9EC6ACEBD435A,claim_b63ea1bd0b7f
S265_CLAIM_4F40E16D62BE6A6476D6,claim_094231e6f221
S265_CLAIM_4F46373E1F7A8FC7EC4B,claim_c861995d494d
S265_CLAIM_4F835C8ECCED4D8C926A,claim_f565bd99d744
S265_CLAIM_4F96B53EFFA7A0106A93,claim_68a6b491104a
S265_CLAIM_4F9C7F669EA253F27A75,claim_c75a208db74d
S265_CLAIM_4FA16C75A175375D1526,claim_f92b7bfc3180
S265_CLAIM_4FA35D003A7D253507B1,claim_8048484f3093
S265_CLAIM_4FCBC9D41D8532EBE7FA,claim_d94f3f6c5b9b
S265_CLAIM_4FDD096BAFBF14AAFAB2,claim_d2597206632f
S265_CLAIM_4FDDDB035FA640AFB572,claim_b048b7b74e57
S265_CLAIM_4FE1016F7BC9C77D67A4,claim_2eb28597e73a
S265_CLAIM_4FF841806734A4DF1344,claim_a27e3b0fff02
S265_CLAIM_500D543AF97BAE03E772,claim_c33ffb243c5f
S265_CLAIM_502AC7F555E5FF2A72A6,claim_ad7d8d9eba43
S265_CLAIM_503E4A8F28CFB881C410,claim_06ab3735fe16
S265_CLAIM_503F428934E96FF96560,claim_19c72ad5af5b
S265_CLAIM_5054444B2EEB240BA1A6,claim_01738d6322c1
S265_CLAIM_505CD052CCB0656DDCE6,claim_359318e861c9
S265_CLAIM_505EF9EF0C58DA84DB39,claim_c92cb5f8f6ed
S265_CLAIM_506C036EC454E15E1C06,claim_20737f2ce6cc
S265_CLAIM_507AAEAD6883B78BA4B8,claim_67eb228988c0
S265_CLAIM_50913C0F535F02F2EA4F,claim_ef9df7166365
S265_CLAIM_50971FE6E66B918BF3DA,claim_e5fffc521a90
S265_CLAIM_50A468089C920B5B9516,claim_4929a1c48268
S265_CLAIM_50B394A4227A283C1681,claim_26b4b618f001
S265_CLAIM_50B59CCFB35EC1AD30B6,claim_ea775dfc347e
S265_CLAIM_50D4BCDA891BE40E1F3D,claim_af8c8ee7b2b6
S265_CLAIM_50E38CF942225AD2D929,claim_442a1ac8d681
S265_CLAIM_50FCA093F58BD54A265E,claim_1e88dd0cc7fd
S265_CLAIM_5105848C272C109E08EF,claim_db73bd4723e3
S265_CLAIM_510AA3122304CCEB87D2,claim_40eebd6d6bc1
S265_CLAIM_515485353BE87A8D54FB,claim_873ba2605981
S265_CLAIM_516679F1C2CBC69EBE5C,claim_119f8a370f13
S265_CLAIM_5191E8C665C28B315A0B,claim_c94d833f1a69
S265_CLAIM_519C3A9E7D2B07ECA391,claim_5a2d348c1c27
S265_CLAIM_51AF13756EDB2D4A7DDF,claim_0eb1263f43e1
S265_CLAIM_51BC75CD9D834389B51B,claim_056d3980ca32
S265_CLAIM_51DE5A07283ED6D54E35,claim_29da6e52a750
S265_CLAIM_51E70B3A667CA6D9D376,claim_f73c60c81bf6
S265_CLAIM_51EA0FB0348616EF80BC,claim_6fa4d310bd08
S265_CLAIM_51F1C53392E551FAC118,claim_bece94cd17f4
S265_CLAIM_51F33F30961050D184A7,claim_5a2a2f12ea54
S265_CLAIM_51FD7CFE0D58AC66B95E,claim_38d90baff1ba
S265_CLAIM_520A4E1F9E53C03BF71E,claim_dc67082d744f
S265_CLAIM_520A5BDA1102AF0C936E,claim_afb9b7a042aa
S265_CLAIM_5221DCD5B5CD29C2B100,claim_aac435d596c1
S265_CLAIM_5228592FB0A05CEB74B2,claim_f245a6827bba
S265_CLAIM_522C2227BEC781DACFFA,claim_c0cc45ce85f1
S265_CLAIM_522D5B4D461A903E6E47,claim_a99d0acbee29
S265_CLAIM_522D9CCD54901A1C060D,claim_0580bea39d34
S265_CLAIM_5255140A91BF1652AFBD,claim_aaedee16fba0
S265_CLAIM_526B709570768D7563B4,claim_bde2593adc08
S265_CLAIM_527444016BA4D540DDC2,claim_3270481124fc
S265_CLAIM_5274DC8706E8A7258E05,claim_ae1ab38b0368
S265_CLAIM_5280F3D1D20D8659144B,claim_05f3b5bea7cf
S265_CLAIM_52825A8B7BDB06094C1D,claim_49b002c0f696
S265_CLAIM_528739975F5F7D04A528,claim_55f9898de035
S265_CLAIM_5288A0C20B16D6B234BB,claim_bc45170bfde0
S265_CLAIM_52967F6121928B7FC07C,claim_e5eab4b17c51
S265_CLAIM_529A4747A006B3460907,claim_9f2f9d37ac7e
S265_CLAIM_52AC00871792E21C5CBF,claim_38ba2a174595
S265_CLAIM_52C28F8BB033E14FA3B8,claim_129be2aa3068
S265_CLAIM_52CE7FF7F3006DD411B9,claim_546fc99c93f5
S265_CLAIM_52EFB5A2AD9D9D3169E7,claim_06f241a61a78
S265_CLAIM_5311FBA4A4C952E037F4,claim_0574d693b986
S265_CLAIM_534D5C1C49CED5C403DA,claim_5ce5e7f0f5b7
S265_CLAIM_534EDA043EB736C54C39,claim_a774620c8055
S265_CLAIM_536AFCA26D0115910B61,claim_98e0b055705b
S265_CLAIM_537E1C30E76C55507A5D,claim_e33a32779918
S265_CLAIM_538273096D65E9EBB25E,claim_78cf344efad9
S265_CLAIM_5396375AB81961D0555A,claim_51bec97acc22
S265_CLAIM_539713F39C5880F2E07C,claim_7b5a35e06213
S265_CLAIM_53A6271918BCA622C0D6,claim_292babb76eb2
S265_CLAIM_53C83B64033833D89A3F,claim_772019b572c0
S265_CLAIM_53DBC0E5DE3CD40929C8,claim_2668d6b115c6
S265_CLAIM_53E847B710DB6CD78081,claim_d45682449306
S265_CLAIM_53EAAFA5B7B63DBC9775,claim_1465edb156d4
S265_CLAIM_53F98A719D07D6D1DFC1,claim_3f7bb11f62e8
S265_CLAIM_53FC471980D1895A0F92,claim_e80b582d3e83
S265_CLAIM_54049E63766C54FFDB3A,claim_ef5746391732
S265_CLAIM_5406CF130E43FE579CB5,claim_34388f7b5c26
S265_CLAIM_540EF6C3DF80A850163E,claim_a2eb2610c59c
S265_CLAIM_540F158BD67FE4A025D6,claim_eb45e130f134
S265_CLAIM_541BCD9B059624526F0E,claim_e9174b6a36a7
S265_CLAIM_5423F257BDD3C478B015,claim_ab369587f40f
S265_CLAIM_545930AC7CE8ECC769BB,claim_2a378877b4fa
S265_CLAIM_5459D228224840EA7A0E,claim_4b0d93f6c7e2
S265_CLAIM_5469CC884AB3E2E7838A,claim_4c9512d7eb81
S265_CLAIM_54728643FA3918463158,claim_b5eccfcf6ba2
S265_CLAIM_547BF64220D630EDB158,claim_0c7aaf131f09
S265_CLAIM_548DD067A1C0C282AD07,claim_85aa1a92f183
S265_CLAIM_54A1114A2789EE1420B7,claim_b237dc3eb707
S265_CLAIM_54B6868EE8ADB652A9B0,claim_1323f51aeacf
S265_CLAIM_54E0F03BF376D52AC02E,claim_4a385abd741d
S265_CLAIM_550B00FA2FE851859664,claim_5f6ef306a7e8
S265_CLAIM_5520F483358CABE1D07E,claim_1526b2264450
S265_CLAIM_55279DF711788C86BABF,claim_6b94a23bdada
S265_CLAIM_5528C011C92027035984,claim_e8581ff99c44
S265_CLAIM_552F8C0DE039D3A2BCFE,claim_d980a4fcd5e1
S265_CLAIM_5534EB7FA151BB2AFA90,claim_9166986bb945
S265_CLAIM_553CBCC55EBD3957AE03,claim_5f4a5e9a3ec1
S265_CLAIM_55548C2A11F9802279FB,claim_c03a2c74a446
S265_CLAIM_555D6133771CCA7BB1CD,claim_8af5463d20a4
S265_CLAIM_556FD936F3D6B901E2A8,claim_5258134e5979
S265_CLAIM_5570BB794CDB5EE37442,claim_95eda57c4b48
S265_CLAIM_5580B9172FD83642965C,claim_c7925532c5f9
S265_CLAIM_558491ADA324B5DAAB34,claim_b4532dfc2da7
S265_CLAIM_558BD70E0E0339D5B654,claim_6b0762a78f21
S265_CLAIM_558CAE8B92D3826A5BFF,claim_182d867c144f
S265_CLAIM_558E2FEB26114E91B092,claim_1395370ec418
S265_CLAIM_559AFCBE8B220D3471D3,claim_e7773a310d70
S265_CLAIM_55BF2FC1EE045A065560,claim_9fa703063423
S265_CLAIM_55DAAB53A4FC4245EBB4,claim_b6d475f547ba
S265_CLAIM_55DBCF5A9537DE44DF0B,claim_8a1dadc59aab
S265_CLAIM_56218A37F58AC59CBA2E,claim_c5c66a3f58d0
S265_CLAIM_5622AB0A0F206CB2A54C,claim_3e0cae50d519
S265_CLAIM_563B61310004FF840958,claim_961b39d939f2
S265_CLAIM_564B9FBA9A1457DAE5D5,claim_44e497b6aeee
S265_CLAIM_565830D111482EAC9D3D,claim_44df897cecd7
S265_CLAIM_565D59ECFF2B2E299EE1,claim_62212d95906d
S265_CLAIM_566B7CB4A2FD34C57B92,claim_0a8fad1bba3e
S265_CLAIM_5670F764E9550CF94AC3,claim_5d996d589ef7
S265_CLAIM_56774ADB601825AB5F81,claim_82aa486deb99
S265_CLAIM_5682A9EC307F1FC23725,claim_75c9e3139f1a
S265_CLAIM_568890EE964926BE52A9,claim_b01bd8818ae0
S265_CLAIM_569772E6AE57ED92D6F4,claim_37c509c32f46
S265_CLAIM_5699BAD5A55BECD7532D,claim_f2a8584cb73f
S265_CLAIM_569F38787E8E9756D78E,claim_32ca4b480374
S265_CLAIM_56AE979CFF207B805D29,claim_f78bd846f8f1
S265_CLAIM_56C20B2ABDDB044DEBC9,claim_bcc50178e6e3
S265_CLAIM_56F52C5C28745BBE7BD8,claim_e25a8ab88a40
S265_CLAIM_57068F9EF48671E59ECB,claim_b5950dd487fd
S265_CLAIM_570E13DB042498093E0D,claim_ddc24b31366d
S265_CLAIM_5719F60C88303CF57540,claim_77c071d83b41
S265_CLAIM_571E399E17E405CF7B90,claim_e404be8f2226
S265_CLAIM_572C43E9F73B91F72C7A,claim_0365b9945bba
S265_CLAIM_5732A77C3324B1205D7F,claim_6cd0e4fe3501
S265_CLAIM_5742572835991559F0C2,claim_de498c50cdcf
S265_CLAIM_5745B4A8916FD522E2C3,claim_37f63c566b00
S265_CLAIM_5753A34CF65E7C6AE170,claim_a7b42c93855a
S265_CLAIM_575BADBF9CC28C90A78B,claim_813454b79958
S265_CLAIM_575E17409676DFDF7437,claim_16d8da58854a
S265_CLAIM_5762695D8E738E99A3E0,claim_6b1cfbd25a26
S265_CLAIM_576D6D5B2CD280700512,claim_8dfc671dc493
S265_CLAIM_5770423EDBEF5DD41090,claim_4f090c35d294
S265_CLAIM_577735FF521F9F3CF50B,claim_ab3d8c1f7ab8
S265_CLAIM_57AF6F86DB4AEAF6F5D0,claim_b624ab43550a
S265_CLAIM_57B86D6E867DD1A48E7B,claim_419789a25cbd
S265_CLAIM_57B8BB18D499661D893D,claim_17cd2630bb33
S265_CLAIM_57D5A262CE1DB0657539,claim_c1288b69d9e1
S265_CLAIM_57F496E29C82F44FDDE7,claim_b2f3d43121b8
S265_CLAIM_58070E4E2069F765894C,claim_d863bf75a87c
S265_CLAIM_58098302FC99D929C86A,claim_e0a1ff797707
S265_CLAIM_582FF9E1D4F5228D4D5B,claim_ac1f220ca4eb
S265_CLAIM_5841139C77FBBBEFBBAB,claim_593592deeb68
S265_CLAIM_5844D5D528AD99DF8DAA,claim_4d74063ae76e
S265_CLAIM_58972CF0B227CD0CBFD8,claim_4c739f6956bc
S265_CLAIM_589CD413215DB9FBF8E2,claim_a8d53eceb528
S265_CLAIM_58B103B19EDF3F62696D,claim_7d17ccb78a67
S265_CLAIM_58DBD9EF1BDA6ED22AED,claim_c279a3319e3e
S265_CLAIM_58F9E450F6A51BC55B9A,claim_f3672122d6bf
S265_CLAIM_5913C4935F27FA356AE4,claim_71e110b096d4
S265_CLAIM_5919ADC1AA604B4619C4,claim_3385f13a080d
S265_CLAIM_591F8F40BCE4A6CE8620,claim_9f43c21f7755
S265_CLAIM_592AC6EF4FD33C26F8EE,claim_ecbb60ff6795
S265_CLAIM_592D1CB30F23305BA86E,claim_b0bbaae0be2a
S265_CLAIM_593DC4C7F2976539BCB9,claim_47c96e91413e
S265_CLAIM_59445DBB92C92135FFD2,claim_28f7eccfbc7c
S265_CLAIM_5962E98BEFAE35D98F4E,claim_9a2c195ea425
S265_CLAIM_5980263FE0A7D261F49E,claim_e4507cbec77e
S265_CLAIM_598D54A1313706866E36,claim_82a05d943ac1
S265_CLAIM_59A54D1870438C0F1B66,claim_83a9d7c23001
S265_CLAIM_59A5BC38F5BC3853FB7B,claim_b065c8da398e
S265_CLAIM_59AB297825CB23BF5A6B,claim_c2e123e162b1
S265_CLAIM_59BF71155E35CAACCF0B,claim_73ef7711a296
S265_CLAIM_59E5B426FD3C93443F15,claim_e5c8f49aa257
S265_CLAIM_5A03F0DE893CCD6BC781,claim_82d9ff5676ad
S265_CLAIM_5A2798BAEB19EEA6FEBB,claim_46c3d3c39329
S265_CLAIM_5A3FC25D5ED3CA432127,claim_0a1864c1b0b7
S265_CLAIM_5A75F88B5C1FD9346C90,claim_7ed8e4dc2665
S265_CLAIM_5A7B627DFE002CE8B048,claim_b9b8e9ed6bf5
S265_CLAIM_5A824B4035C64B6E0B99,claim_890b4928bbde
S265_CLAIM_5AA81CCF6731329A4562,claim_b2f72b42d88e
S265_CLAIM_5AAA126FB8581159EA94,claim_fc821dbedd15
S265_CLAIM_5ABD55F5C902D1B8D572,claim_b1ed629ddea5
S265_CLAIM_5AC2725F0E53E347FDCE,claim_d87e2ded57ca
S265_CLAIM_5AD4C9233904CE9CCF39,claim_a6d19463e413
S265_CLAIM_5ADAC8D4BA6D3A857DAC,claim_8f828b2dd4d7
S265_CLAIM_5ADF03C2F64CFC63034C,claim_0348b9974783
S265_CLAIM_5AEA5E88CFE971852414,claim_af42fc799628
S265_CLAIM_5AF467D348D19CE13077,claim_43814f060ff4
S265_CLAIM_5B16C8A5A97BBDBCBF19,claim_32c3292d6d74
S265_CLAIM_5B1749DA4CF468F8F140,claim_b5e3ae3671bc
S265_CLAIM_5B46F8F28B800365A412,claim_06a256a31fb6
S265_CLAIM_5B473B049FA026133CC9,claim_02b560a39c13
S265_CLAIM_5B5BF5DEC3A8005A6669,claim_f076159b21d8
S265_CLAIM_5B829676D6DA56092A98,claim_ba2fc9424498
S265_CLAIM_5B8A6CBC25FA8D78AA47,claim_6ff3e860666e
S265_CLAIM_5BB3F68D8771F1660BFC,claim_9c25875e808c
S265_CLAIM_5BBB85AFAF94FAB48578,claim_7970e54c86c7
S265_CLAIM_5BD032DD885190019047,claim_028665187b33
S265_CLAIM_5BDFABD96018AB7FD70A,claim_46ce4205e13f
S265_CLAIM_5BF75018667B2CF3DCE2,claim_f2da7b1c8ac0
S265_CLAIM_5C21A55BFAF8FF9A6975,claim_0a2f1d07c501
S265_CLAIM_5C30370375210F485C28,claim_f165730cc209
S265_CLAIM_5C30F5D1310D3F8AFA2C,claim_816024d0694f
S265_CLAIM_5C337744FEF5B65151FC,claim_f94fc40b8c32
S265_CLAIM_5C3453CF6FB87E72389C,claim_c72a1f94dace
S265_CLAIM_5C3EC756D06F6EBFA414,claim_ffac7b69d6bb
S265_CLAIM_5C4DB696638F641CB49E,claim_0fb6bc260760
S265_CLAIM_5C60241D228D99FCB66C,claim_b8c456656303
S265_CLAIM_5C6F0138219CECC78AF2,claim_5da51e4498c6
S265_CLAIM_5C7372087DBA7C535268,claim_1f2bead7d79c
S265_CLAIM_5C850630F035957A9629,claim_7a5d5f64ea3c
S265_CLAIM_5CA4208F130EC1F87DF8,claim_905509a6ce2c
S265_CLAIM_5CA9BA2F343566298702,claim_907a2519b7ef
S265_CLAIM_5CB18AB053E074954003,claim_a1f7caab97a6
S265_CLAIM_5CBB3C0562348638A700,claim_78e875faf852
S265_CLAIM_5CBE533FE3520BC58D67,claim_2b684796e3f7
S265_CLAIM_5CC78817DC714E10067B,claim_e43a936e229a
S265_CLAIM_5CE3B2DCB7F2E72EECC8,claim_9a0a302b5937
S265_CLAIM_5CEB07C08FDC14472983,claim_3e09b8dd3c8d
S265_CLAIM_5D010CC01526E8830C85,claim_605f152c15fb
S265_CLAIM_5D021FA14E961012BE4E,claim_5d2584f95f1f
S265_CLAIM_5D08FB53BCB5D948D557,claim_cc1dfa7d7d7e
S265_CLAIM_5D16B7F553FEBEF9091B,claim_b5d13b7bd65e
S265_CLAIM_5D28E9164F8748C0BA7E,claim_c3cc1ad32049
S265_CLAIM_5D2FDAE473F09E837D41,claim_e46e49a91cd0
S265_CLAIM_5D395FAD244B3C366BBF,claim_9d9fc5b00346
S265_CLAIM_5D3E02C166CF6CE3882B,claim_3195a6ee106d
S265_CLAIM_5D452E37C0F26820D06E,claim_ae61deb5f8f9
S265_CLAIM_5D7452949A012F17EC34,claim_091b1934318e
S265_CLAIM_5D7D404AF8279E8EB0B4,claim_a8f1c35ce90e
S265_CLAIM_5D94F592539310DF489C,claim_1d3a58f37637
S265_CLAIM_5D9F609960EB25E1C435,claim_c12c5c456693
S265_CLAIM_5DB163475576FAA24162,claim_8b433f35a122
S265_CLAIM_5DBCA22092C46EEE25C5,claim_b73924692bdd
S265_CLAIM_5DC4FB4BA4FB45EC9C00,claim_096cfb71699f
S265_CLAIM_5DE3C6B85BFC475764F9,claim_5d59a017cefe
S265_CLAIM_5DE4E856A197D2588E8B,claim_3ded3f06fb35
S265_CLAIM_5DF71BE5E7C0A7C5208A,claim_39fd60553b9a
S265_CLAIM_5E18A22F4EA125EEDA42,claim_b46a0d7d3975
S265_CLAIM_5E3E1226CE9032F4A492,claim_3c12bc539d35
S265_CLAIM_5E57B1F7B1BE717F5890,claim_fc8c69a8166b
S265_CLAIM_5E5BCA53B0C1217D499E,claim_68a5ab260a6f
S265_CLAIM_5E5D5988E3A2FD62E775,claim_8c2ec5b1df20
S265_CLAIM_5E5DAFFADB054C6921D8,claim_b58bd65d48cd
S265_CLAIM_5E5F70EF38D55612AEFA,claim_06c8b90d4d71
S265_CLAIM_5E74053F942AE5FF1CEC,claim_96169c270302
S265_CLAIM_5E7FA8C78CCB52E42CDC,claim_01f424c2116d
S265_CLAIM_5E89EF49346B09D1F9F9,claim_8ded4ea6afa1
S265_CLAIM_5E925F83F3E2C4264085,claim_2ab8f13886b7
S265_CLAIM_5E954B7E94D9C983DB98,claim_11f3b80c0d1b
S265_CLAIM_5ECAED77A3E9A2F1333D,claim_1ccd0d279cff
S265_CLAIM_5ECE30F9A5215DF63D64,claim_63000bff1c25
S265_CLAIM_5ED0E80173D003F02FE2,claim_3d21a718f939
S265_CLAIM_5EEF8863F70932A48D90,claim_9ec5053fdd30
S265_CLAIM_5EEFAC07BC2659227C52,claim_5598823098fb
S265_CLAIM_5F16A9740A0D7AB1CA12,claim_1a17b0524bc8
S265_CLAIM_5F1AFF2CB37A1218F1FA,claim_20e428853b75
S265_CLAIM_5F1F8F5FD2D2EB39D104,claim_6a4433ad02e2
S265_CLAIM_5F45E87A14EBFB252A0C,claim_250db7bc5c20
S265_CLAIM_5F5AAD1F474B2F6C0170,claim_74c770b656f6
S265_CLAIM_5F6193B0038B67C4186B,claim_c39d5db36387
S265_CLAIM_5F642D8927F77305FF85,claim_8aa1338ac7cb
S265_CLAIM_5F98D5D41152BF82CD39,claim_e65ac385e65f
S265_CLAIM_5FA25AB079569AB420E3,claim_4bca1199aaa2
S265_CLAIM_5FBFB9C4D88C2E2CDBF9,claim_efc79ad5eba1
S265_CLAIM_5FDB181B2EE6AC895ABC,claim_9a61566b872f
S265_CLAIM_5FEEE08EE8BAB32561DF,claim_c47851fe0c27
S265_CLAIM_5FFF157DADED7F3B9378,claim_d8266dd065e5
S265_CLAIM_60050F0137AA64A92787,claim_b5ba1acf4d61
S265_CLAIM_60165520E2D9DE01E7FB,claim_f1f8ba71e95b
S265_CLAIM_60218F911CE553AA4D97,claim_4b9bfa142785
S265_CLAIM_60337882AD7148676D42,claim_7953ec0011a3
S265_CLAIM_603ED2C956BDF2B38D75,claim_dde002a92fc7
S265_CLAIM_6045974C807CC10C9EEB,claim_d18bd9c4ec12
S265_CLAIM_6047ED900B56FC534694,claim_fccbb59264a4
S265_CLAIM_60524FE7D5A20641C8D4,claim_d18f9401dc4a
S265_CLAIM_605A9FF78DDB8D4C6D7C,claim_a24f57a887d0
S265_CLAIM_606C7F8D89931173B723,claim_9aa806176b18
S265_CLAIM_607471E011D967F9AB22,claim_29d44ce1405d
S265_CLAIM_6075064873EB4157079C,claim_00a48b992dfd
S265_CLAIM_608106CA578DB8514F1A,claim_886674017d71
S265_CLAIM_608A46DF7D34A7B4FD70,claim_fa56ef2eaaa3
S265_CLAIM_60A63EE938BC031ADD22,claim_8c93f990c09d
S265_CLAIM_60ABA34818CE854FCFE1,claim_b9df9b02054d
S265_CLAIM_60B0CC43FF9099CD1109,claim_8ee3f86cec13
S265_CLAIM_60B927047C10D0AA233B,claim_6e6117343da5
S265_CLAIM_60BD67E716C9574A03AA,claim_839080bb7195
S265_CLAIM_60E8CA376FB64B50CCF8,claim_02b8055e5124
S265_CLAIM_60F11B1752754552E011,claim_14edb2b1aa8d
S265_CLAIM_60F93BF85BA424CD502F,claim_fa7c44b2cec8
S265_CLAIM_6107365EFDA7B55573C0,claim_f934e32c3ff6
S265_CLAIM_611395AE2447D81DC85C,claim_7476c3badefb
S265_CLAIM_611BF44D8550CADC207F,claim_9e9fe0fa35e3
S265_CLAIM_61346963C0FBBFDAD99F,claim_5244eca7ddd3
S265_CLAIM_6158C46CDF1ABA7729D0,claim_9d106d791643
S265_CLAIM_61592E4DF06D7E01F6DA,claim_8956138ccb45
S265_CLAIM_61607B36AA25D8298B9D,claim_2614d7346ad1
S265_CLAIM_616C6BE5C8E44AD725B2,claim_3a8f653de82a
S265_CLAIM_618FA8B322B3610D9FA1,claim_8594b655250e
S265_CLAIM_619CCD6BF73E574146F8,claim_8e96c5cdf8f7
S265_CLAIM_619FB776144019DFF0BB,claim_781da197c140
S265_CLAIM_61B45C75D17A9431C21F,claim_1eb3e50d8e2c
S265_CLAIM_61BCF30D14B6AACD6E20,claim_61df65c0373f
S265_CLAIM_61C20BE60E631882FCD5,claim_6e660d5606fa
S265_CLAIM_61D5907605D43A888D9E,claim_9d9ef03d8527
S265_CLAIM_61F3C117BE84BC363ADD,claim_79d90b6006c8
S265_CLAIM_61F468502D4B03656FA8,claim_76014203a4a5
S265_CLAIM_620072205ED3FA014505,claim_36c474e81cfc
S265_CLAIM_620902BD97DE0A939BC7,claim_c85b63563b28
S265_CLAIM_623461FE91E80AA01849,claim_72c8d1b969bc
S265_CLAIM_623A1C2B60892CE8DFDA,claim_ffe84d6e72f4
S265_CLAIM_6242F885DE5B5168B99A,claim_9982c600096f
S265_CLAIM_624E2B4D5ED7610279C3,claim_8ca46a177864
S265_CLAIM_625EC30AFA88E1B1BC55,claim_2f764cb2393f
S265_CLAIM_627C2C10C0BC30670609,claim_f1790592e8cc
S265_CLAIM_628503E1B1BADBDD80D9,claim_a1eb1384dc57
S265_CLAIM_62A17A0532F0A17AEB5E,claim_53133c1d3628
S265_CLAIM_62A702F61C9816C972B8,claim_928a7de9a46c
S265_CLAIM_62A80CE87B02C924C960,claim_a022dc96c7f8
S265_CLAIM_62A9ACE5FF862047479F,claim_0d9e032e54f4
S265_CLAIM_62BD08848D6FAADB427D,claim_1a856b0ee3a7
S265_CLAIM_62C3EB4A3BCC6634337E,claim_c927adcd1d8b
S265_CLAIM_62CBD97F44D896B86B34,claim_4821bd148345
S265_CLAIM_62ECB64A32976B3CDA57,claim_6497f67453db
S265_CLAIM_62EF811F2E4878685E28,claim_b492aacf5d53
S265_CLAIM_63086AA3508635675CA6,claim_3dc6e07ce7c2
S265_CLAIM_6324B2500293E1692BE4,claim_399ca583280b
S265_CLAIM_633014B7CCECD1DFA124,claim_babedaa89297
S265_CLAIM_6355EBB4817D7D1EB386,claim_5129e07efb91
S265_CLAIM_637423B571783A904F3E,claim_836091211a73
S265_CLAIM_6375DD5023F1E515E24B,claim_a2a6f352a762
S265_CLAIM_6392369C40CC9984A17D,claim_7966efcf7e22
S265_CLAIM_63C76C01EAE8D25D5FD7,claim_b2d9dedd33d0
S265_CLAIM_63D5459DA031A2EAF1E9,claim_6c7be71318dd
S265_CLAIM_63D60044BA8C693A6A36,claim_675737723e60
S265_CLAIM_63DCE56874025C4802D3,claim_0f684e719d66
S265_CLAIM_6411C575FC9DFA6F1553,claim_6099843b5dab
S265_CLAIM_64172FBCC86DF61AF047,claim_c8d5301d8480
S265_CLAIM_642D91A4F2F2F42381E8,claim_704905165f29
S265_CLAIM_64455A12CA3FD0940013,claim_00d3e6408f24
S265_CLAIM_644A3B25E108A622CE37,claim_c7ccfb752a4b
S265_CLAIM_645A199AEA1C0FEC96AD,claim_d898bf4117a0
S265_CLAIM_64604AA9FB13ED9DF37B,claim_16dc942a7309
S265_CLAIM_647B5672288A328DBE58,claim_45e3ab4e62ca
S265_CLAIM_64B1498BE8DD1E0D23E9,claim_50d7fd01b9b4
S265_CLAIM_64B73F3F2B13072C11EF,claim_597fc1a335a5
S265_CLAIM_64C2BDF3F6738DC93571,claim_fff21655ac7f
S265_CLAIM_64F8900733FEF3228350,claim_e3f5d39a23e2
S265_CLAIM_6505F70A9443FF7A5247,claim_c01efc0b8313
S265_CLAIM_650614C564597E6D653A,claim_22d130c626e4
S265_CLAIM_6522DA73DAC4934A5E3C,claim_742e06581f52
S265_CLAIM_652FFBE6F7560AD06920,claim_844426f8082a
S265_CLAIM_65357CF498504FC4BDEA,claim_883c52de10b4
S265_CLAIM_6536727E4BE16F022E84,claim_94cf63530170
S265_CLAIM_6542B50EF3CA00CDFD15,claim_bdd78e75f33e
S265_CLAIM_655DBF0FACD1B3CD4A3D,claim_28ded1c156cc
S265_CLAIM_65602F1FF87421BF69C2,claim_28e4fbe3c751
S265_CLAIM_6561330AC55BF5059B24,claim_2dfddc98ae5f
S265_CLAIM_656F5A1F86AE235ABF3F,claim_7155fb7acb87
S265_CLAIM_65857C137DF4D544A50A,claim_df1b801ad34c
S265_CLAIM_658AB0DD456336E2108F,claim_1657071238a7
S265_CLAIM_65BC8768999CD9AF7016,claim_1b6afb84df6d
S265_CLAIM_65C9848F0ED80FB769E0,claim_6ba805cf4037
S265_CLAIM_65EBC38B78DD96B8073B,claim_ed3c71e1ff73
S265_CLAIM_660A0634E851E85C3FD2,claim_e9db40d288c0
S265_CLAIM_6611360F5367ACA79856,claim_15322986fd62
S265_CLAIM_66123680275CE9E9F088,claim_fe0d1c831912
S265_CLAIM_661BBF76010DE8C6E978,claim_d919f33045c1
S265_CLAIM_6641FFAB91F2831395DD,claim_6580b4cf7e5c
S265_CLAIM_6645BDA9D669B4125105,claim_8b570d82eab9
S265_CLAIM_6654AB8637BB89E645DF,claim_76bbdcaceb96
S265_CLAIM_6657DF50C1D4573746FE,claim_ad55de765452
S265_CLAIM_665875EC3D8FE6B2282D,claim_63894c7551a0
S265_CLAIM_665BA06AF1677878DBED,claim_2e3a997fa3c1
S265_CLAIM_66630A03D2F4FAC3FD84,claim_6a36109d437e
S265_CLAIM_66662B2BEF4F932612A5,claim_49618b86abc6
S265_CLAIM_6669F5D03E04491435CC,claim_0e136fbe234e
S265_CLAIM_667586F0B76F0FFD9A3F,claim_3dbe23816fd3
S265_CLAIM_667AB7E20F38C1044F08,claim_a01221cc0a8a
S265_CLAIM_66836E203757B1DB35F6,claim_55dbec30b21f
S265_CLAIM_66899F5280FB3F153B87,claim_455091656f38
S265_CLAIM_668BC8F2D8E7716BF27B,claim_ea431b841956
S265_CLAIM_66994FC8C2B8F638D6F8,claim_27cee7825efb
S265_CLAIM_66A95A44DD67C9669470,claim_d48b5a15630d
S265_CLAIM_66BA33A902CAB800795F,claim_028ae6c6b00c
S265_CLAIM_66C565C935B9A5DA7461,claim_04ecd3f6ebb9
S265_CLAIM_66CD4F6368321CFAB7EB,claim_4b81c9c2006a
S265_CLAIM_66D00282C7690C9B3E37,claim_56c7f329bd7e
S265_CLAIM_66D6B5A1CB21EA64549A,claim_3b427a58a883
S265_CLAIM_66DF94D691293654EFEC,claim_80e61fe9555d
S265_CLAIM_670C04DF5BDD9DA6BD41,claim_fcf6294a1fb8
S265_CLAIM_67299672FE0A8B515A72,claim_761d18219a7e
S265_CLAIM_672E23AC785795378943,claim_e3dbb6df7255
S265_CLAIM_67390A9BA54DE01CC82E,claim_24023e894994
S265_CLAIM_674F6587EF537DB98356,claim_72a4d438f62b
S265_CLAIM_675A73CBC78A9F4DA3E8,claim_1b2925cd1ab8
S265_CLAIM_675F8EBD04D5B90D721C,claim_ac0577505ae4
S265_CLAIM_676102224FA69582450F,claim_82a2bbc6a713
S265_CLAIM_67A0F363231612D52365,claim_c1d397631f44
S265_CLAIM_67AC3B9EEFCE643C55F6,claim_9b8dbf0bb63b
S265_CLAIM_67D5ADD8C02AE1F0614A,claim_4aba2d292606
S265_CLAIM_67F6130425E1E6A717A5,claim_de36f50c6cc6
S265_CLAIM_680FCF4DD0680329E1F3,claim_e47ea6e76956
S265_CLAIM_682B78B9C80A4D0877F6,claim_0b52207c38eb
S265_CLAIM_683C082761E6951E21C8,claim_382a003501bc
S265_CLAIM_6840484005CA84E9058F,claim_b267d60f76d9
S265_CLAIM_6855AD64C5C9749E471B,claim_fcf4a935560d
S265_CLAIM_6859F735307CA1EF2CFD,claim_d85ed17a3d68
S265_CLAIM_68740DFF2332021EB003,claim_f411fb92c1a1
S265_CLAIM_6878CD336DB137464127,claim_9653c1f33b71
S265_CLAIM_68790510D1A4D8190760,claim_2bede4c9ba78
S265_CLAIM_688103D097A61C90AAD6,claim_af7b692b3c80
S265_CLAIM_68A2BBD75EFD5CBCF1B4,claim_8cf68ad2ef36
S265_CLAIM_68A8B712FC5E3D515FCF,claim_c090789ce070
S265_CLAIM_68C0677BE841AABAC163,claim_63c36f97e77d
S265_CLAIM_68D86D45EA276FD8C353,claim_31df321214a7
S265_CLAIM_690E041BDE56EB1270BF,claim_3773c5e16137
S265_CLAIM_691217921815614819E0,claim_e2fc66394f76
S265_CLAIM_69585B38B007D691BD97,claim_8d2c64ef2ab0
S265_CLAIM_6965C6BD4417B18C2820,claim_1cc6c031023d
S265_CLAIM_696BCF530E4065C2A20D,claim_a283155b18d0
S265_CLAIM_697374CD4F48E9A7CB5F,claim_69c9f3278ae1
S265_CLAIM_6997FE14788AD41295CB,claim_938bafacb0ef
S265_CLAIM_69A28ED7DC44782A77FD,claim_d5ab0a4626bb
S265_CLAIM_69A952B53F802368457D,claim_b18f488fe733
S265_CLAIM_69B10D75580E750D0B7F,claim_025930dbbcd0
S265_CLAIM_69B6211C14C680307A5B,claim_d226e001b957
S265_CLAIM_69D5EA079FDC8966159A,claim_2ffd058d8e1b
S265_CLAIM_69E207AF9DFC46BB06F4,claim_1611f0765a06
S265_CLAIM_6A1239870B9701443691,claim_8791261a0475
S265_CLAIM_6A1F065BEC8A7C2AD9D0,claim_08c669f9d38f
S265_CLAIM_6A29E1641F192F624A4B,claim_ba2af8137d02
S265_CLAIM_6A308E10C3EBC5092E4C,claim_9d35b3fc570f
S265_CLAIM_6A7BEE122FC270CBCACA,claim_a3d169203459
S265_CLAIM_6A8A7124E8C961193459,claim_3fdc3d08c4d0
S265_CLAIM_6A8B8E66EC36C9A57661,claim_7bf500d92be8
S265_CLAIM_6A8DECA90B7506CFB45A,claim_f7df0e460fff
S265_CLAIM_6A936F86C089B9444A0A,claim_7b5aebe237a0
S265_CLAIM_6AA883766CB9D1FE3697,claim_16b8d21c9698
S265_CLAIM_6AADE8F129212E5CE295,claim_1c3d2b2f6df9
S265_CLAIM_6ABB57C5CC95B399C27D,claim_91f155dccbd8
S265_CLAIM_6AC606DC2536ECB262BF,claim_787b1cbb53cc
S265_CLAIM_6ADB98F518083FACFF4B,claim_40d711187441
S265_CLAIM_6AF85D27897A89DBE3FF,claim_49ca4100ac8d
S265_CLAIM_6B06DB1CC38A0571E49D,claim_22bd74f73817
S265_CLAIM_6B13E7E8F0DA71CEBEF7,claim_b4ee9aab2d54
S265_CLAIM_6B2AB9171DF96F339A83,claim_f4fc64ac2ff4
S265_CLAIM_6B2C64014B174009D411,claim_af0cd6517699
S265_CLAIM_6B57F10F2C31D322A1E9,claim_d130ff2a8649
S265_CLAIM_6B71176BF7DA63B73DB8,claim_29bef4055b4b
S265_CLAIM_6B781592AF0CDF2019A3,claim_06a7cea92e57
S265_CLAIM_6B811D475F31B56FA7B0,claim_0d863d60c4f1
S265_CLAIM_6B8923EEF5337ED9EA2F,claim_87675d317e73
S265_CLAIM_6BAA9EE774F8E5FADE9B,claim_b813243726cd
S265_CLAIM_6BB5B2DF91F5511C5AFA,claim_d58d22c0d97b
S265_CLAIM_6BB5DF2244022B2134BD,claim_eadcd243c941
S265_CLAIM_6BCDBB628E7CA30086AE,claim_540cb48bb0cd
S265_CLAIM_6BDEC79AFC787B668B57,claim_fa2b4306fc72
S265_CLAIM_6BF3484A201CAE1132B5,claim_e77e01c73068
S265_CLAIM_6C0158BDF986B562A481,claim_262338353ffe
S265_CLAIM_6C044991A5004CD24687,claim_6c2a93b0ef0e
S265_CLAIM_6C096C3088019E928050,claim_f15996524b0e
S265_CLAIM_6C17E743362BE2AA23C5,claim_7f025d287796
S265_CLAIM_6C1EE634F2021BF07E1A,claim_5919cf46173a
S265_CLAIM_6C2699521D48F074814D,claim_279fa95da7c3
S265_CLAIM_6C2BFC53CA86C8F733D3,claim_e4cd53bd03c6
S265_CLAIM_6C3BE76DBDA76F374B32,claim_78d61022a9a9
S265_CLAIM_6C3FF2035045810FA3F9,claim_71b744b017b0
S265_CLAIM_6CA6EA51D5EA74B9AFF2,claim_b50f2d62df0d
S265_CLAIM_6CD7CAF0FAFD518C2121,claim_0cc2540733f7
S265_CLAIM_6D0269C3BCF858AE2019,claim_59d7db07fc6e
S265_CLAIM_6D1C5A5CD8DADE262D28,claim_baa8227c8087
S265_CLAIM_6D289023601FEFED6293,claim_24c8d41adc46
S265_CLAIM_6D33DF632AD98B1E7197,claim_b49bf64baeaf
S265_CLAIM_6D370F6277100856E4E4,claim_d649e1c8959b
S265_CLAIM_6D3D009CB1F1BB40E60F,claim_2e7725a3a370
S265_CLAIM_6D79D5BE08885A067FBC,claim_11d9382fe944
S265_CLAIM_6D7CB215E36CD5A6596A,claim_8000bf513c9d
S265_CLAIM_6D80B1C5B920F6A79B77,claim_6df9d2d6cd1c
S265_CLAIM_6D891A916D4BDED7DCA5,claim_5037d9735389
S265_CLAIM_6D9A6AAE0EE894A2DD9F,claim_891f5a9e70ff
S265_CLAIM_6DAA1CA982A0D9A95412,claim_fc6e30513a69
S265_CLAIM_6DAB09D1294DA266C03F,claim_d73b5dc0aacb
S265_CLAIM_6DAB20E4793754B57F3E,claim_85d9cdb2608d
S265_CLAIM_6DB70DB204E2549E43EC,claim_ecba4dbe5a72
S265_CLAIM_6DB8A2898EC992531B9E,claim_e8b0fb5fc6b2
S265_CLAIM_6DCB5D9CAE750D446BE3,claim_d687dd6b25f3
S265_CLAIM_6DE4EEBF13BAB4B66AC2,claim_10d0f4fa575b
S265_CLAIM_6DF1A422670FD28D576F,claim_d123b3feba73
S265_CLAIM_6DFE61FD51A8BE17461B,claim_cc2e396a77fd
S265_CLAIM_6DFF626A4404DCFD14AD,claim_97000a3141b6
S265_CLAIM_6E0CDB89C5C575174B1A,claim_fd5b30b25c80
S265_CLAIM_6E127A4BEE080F1628BF,claim_ac1797067850
S265_CLAIM_6E1863495E311B3AA338,claim_6b6a6cf1192f
S265_CLAIM_6E1982D435356554B439,claim_1a2ef8e6e37d
S265_CLAIM_6E2A3A006E0BAE258098,claim_5c7fbb88dc53
S265_CLAIM_6E2A4AD500C689115279,claim_3f893364f4d3
S265_CLAIM_6E3671FBD8180F261EC4,claim_240261ec8870
S265_CLAIM_6E693FC48CD1CC6EB1ED,claim_ac099ba9b8d7
S265_CLAIM_6E6BD35B8E16340F7EEA,claim_8804c61734e2
S265_CLAIM_6E6E712B665D7D600746,claim_9b6ff04a7c6b
S265_CLAIM_6E72FBC8104D2BA8FEE3,claim_3a3421206d18
S265_CLAIM_6E95FEB7CF5719FD5762,claim_8c618e37dbc7
S265_CLAIM_6EAFD42A77C72BE57E30,claim_37fe4cc7b326
S265_CLAIM_6EC094657340058906CF,claim_9d68968a0bd5
S265_CLAIM_6EC8553363F623C2DF43,claim_724d1d7af80f
S265_CLAIM_6EDA13BBD99C279C9616,claim_0b74ce018447
S265_CLAIM_6EF49CC8165649834B6F,claim_bb97713bcb69
S265_CLAIM_6F13C37D3D1B51B4EBEB,claim_b30e0d73d1d5
S265_CLAIM_6F2D7AD6D8D85D99BFF9,claim_20e907072dbb
S265_CLAIM_6F2F4AC5E00C6CA9E194,claim_d60c2628b6e0
S265_CLAIM_6F414B2D89108E521BC9,claim_eed64ee7bbfc
S265_CLAIM_6F43DB588E6AF13959C9,claim_48e9e04789af
S265_CLAIM_6F5DCD4D50482A5C938A,claim_53db3846a665
S265_CLAIM_6F6A49400082F4C192A5,claim_c88a64a4d226
S265_CLAIM_6F7A96A1C5ED2003AA5C,claim_d214fdaaba7b
S265_CLAIM_6F88076D8D0DB11EAA10,claim_1542b75c3122
S265_CLAIM_6FABC58096C29D15D02B,claim_949f975c8b6a
S265_CLAIM_6FACADFDA944D2E6D3AB,claim_b1e42452283d
S265_CLAIM_6FB3E53089B3F9588FBC,claim_b6443d0c9d48
S265_CLAIM_6FBD9D4EF0EC3E578F56,claim_f0faf846aec2
S265_CLAIM_6FD53CB5FC3D8A531E09,claim_ad30cd67506b
S265_CLAIM_6FDF0AE965BB94C0B8DC,claim_0644ecfe79f7
S265_CLAIM_6FF4645841242EFE5DD1,claim_0de5ae54781f
S265_CLAIM_6FF9F09C007C2F535220,claim_ced4048dfa91
S265_CLAIM_6FFFAE3AF85A86B8AA5F,claim_ab8406265ba2
S265_CLAIM_70585618A113569820ED,claim_6ae62337f726
S265_CLAIM_706E05FCBAEACBBD9981,claim_ed90f975f08f
S265_CLAIM_7084DFD39EB651A391FA,claim_48e594778fc0
S265_CLAIM_70936AFF4A168EFF0841,claim_56cb809418b6
S265_CLAIM_7095C5EEDF17810E3473,claim_9ec05e30f697
S265_CLAIM_709719DAC7A8E38060A6,claim_583b27a72b0a
S265_CLAIM_70A0D3718D0FCA5A695A,claim_95b04acdc08d
S265_CLAIM_70AC296E05E9A12A3FD9,claim_7a498790466b
S265_CLAIM_70C49C43F553FD41F1DC,claim_75e0f52f6121
S265_CLAIM_710E1DC118A1F17E8EFB,claim_ebc75170c068
S265_CLAIM_71136D7ACAA1D179FFCC,claim_8fb0a8a38c41
S265_CLAIM_71240A9CFF1F53E26C23,claim_1215e873733f
S265_CLAIM_716A973BF72B88510BC4,claim_a2c566fa93cf
S265_CLAIM_716CD23D59121566907C,claim_a0d8be7d4b6e
S265_CLAIM_71759F2AFE7BE457D44F,claim_32ea6d16e6af
S265_CLAIM_71786CC19E0B8D92D44E,claim_0445bccf06a7
S265_CLAIM_71A7595F96C848205ACE,claim_5095300de157
S265_CLAIM_71A81B81AAA810E13643,claim_c37d5db0f150
S265_CLAIM_71C8376C7292E4DADB7C,claim_d7fd09449a4b
S265_CLAIM_71D4F3F06C679660968C,claim_abe09d9fbb97
S265_CLAIM_71E11D0CB108B2241952,claim_fba4a0616cb2
S265_CLAIM_71EDC37E1F814EF254AC,claim_a8d9eb51d3e4
S265_CLAIM_71FC63C73B402E39FA96,claim_a1de89cca2f7
S265_CLAIM_720D391360E829A3A204,claim_23c255121edf
S265_CLAIM_721E558BD466DEFACDF7,claim_d6718f63b713
S265_CLAIM_722EFFEB4DAB28F3AE53,claim_b68722eadfa7
S265_CLAIM_72348803A840C37EC753,claim_5064b886e28f
S265_CLAIM_724EA0C136577B6CB8FE,claim_413a2efa199f
S265_CLAIM_725681271F54D25B4A81,claim_e9db4d1d7dcd
S265_CLAIM_7262BF4225861A23AC71,claim_567fac1ca855
S265_CLAIM_726B76B3152928EBE633,claim_e9e9d288d2c1
S265_CLAIM_729452D5B07F655C249F,claim_bb27a3a23da4
S265_CLAIM_72A163337ED9F0F69146,claim_e925c3703872
S265_CLAIM_72A61451F4973143F2C4,claim_4520b4e9a333
S265_CLAIM_72BE0BF566926D00D52F,claim_4e4567cd8b20
S265_CLAIM_72C298127086584F8AC8,claim_73a71b8a0916
S265_CLAIM_72E54F5C60E558898C8A,claim_a2a4a25f8032
S265_CLAIM_72E9A031D2EC61D61153,claim_c789d60f2d00
S265_CLAIM_72F95498554500DEFDAC,claim_e269372bd6c6
S265_CLAIM_73079E77339DB5B73DFE,claim_0f3a8d1abbea
S265_CLAIM_7310C2C3E04B46DF603D,claim_61b2b62c82fb
S265_CLAIM_731F2B4ED6A8476686BB,claim_7298f792a670
S265_CLAIM_7323034103E6D6DAB34D,claim_8072f25c0edb
S265_CLAIM_732FAA92A9B570E177F6,claim_ad94967df099
S265_CLAIM_73441F4A6BCFCA83B776,claim_dc948ad83cbf
S265_CLAIM_7368505065D2267012C2,claim_3d063f5a5afa
S265_CLAIM_736AE5E23E2B3DDF02FD,claim_3cbae6ecd1aa
S265_CLAIM_73A8C2FAA463EEB7A2B6,claim_f454e2438119
S265_CLAIM_73C8E20B7B0CCFBE4224,claim_31a94284b42f
S265_CLAIM_73DF9658CBBFADA0D750,claim_1fbe4cdb7dd2
S265_CLAIM_73EA48361D60BC2B9772,claim_46d1a6c483ab
S265_CLAIM_7411BE6D75CF6DBF99A5,claim_d3d092a115c6
S265_CLAIM_741C4581A57D1014C361,claim_c80596bbaa7f
S265_CLAIM_741FA941BD00E14E8606,claim_247a51e8f1f7
S265_CLAIM_74214A711B89B18CBAAC,claim_03fa37a77406
S265_CLAIM_7431082020C42B3E4333,claim_4b5378a71ac9
S265_CLAIM_745A3920CBB078D78BBC,claim_d1f14c7f50d7
S265_CLAIM_74626084DB1CEE725376,claim_60e397f08bc5
S265_CLAIM_746EE7467251669ACAE2,claim_bddc07ffa4ae
S265_CLAIM_74795CCBC1BB138A94C8,claim_8d7343e61993
S265_CLAIM_747B1B5DBB3DCD4F9ECE,claim_1f9b5faa9fa4
S265_CLAIM_74880FC8C9DB8F447AED,claim_9b3c742ebfd9
S265_CLAIM_7495C86D428C6C3FB4BB,claim_928ee73f20e3
S265_CLAIM_749D96D449B59E8006B7,claim_0d04c8bdbed8
S265_CLAIM_74A0AFBD1481EF401BFF,claim_3de18aea59e1
S265_CLAIM_74A92D22FDE23AF795E7,claim_88d75e2ff679
S265_CLAIM_74AF429B7D814D3543D0,claim_66869c45b73d
S265_CLAIM_74D071BB1345B0BA3CB4,claim_630e55100341
S265_CLAIM_74EA356676D6B3962376,claim_65db2e585f8e
S265_CLAIM_74ED01282A226C6E251F,claim_6854570257ed
S265_CLAIM_74F43863A597A59D83DA,claim_091acdc04484
S265_CLAIM_74FB67F11062489904FD,claim_9dabf7e2304f
S265_CLAIM_7508F5E8011413DF9329,claim_8080a41e5ccf
S265_CLAIM_7518A2AA78955A35C7B7,claim_087e85c97651
S265_CLAIM_752276F9F0293502E93C,claim_a1890986f315
S265_CLAIM_7528AD8E2D343C3775F0,claim_ad8a7fa41269
S265_CLAIM_752D0ED93AE7916909A3,claim_05bf656422f2
S265_CLAIM_7546BE7AE40D5DE690AC,claim_6321838fe5c1
S265_CLAIM_754849146B8442C2ABC2,claim_784a51d7af83
S265_CLAIM_75A826CBF5A2206B2821,claim_d2f7fe07b5d4
S265_CLAIM_75B8D562DDCF08A25DA6,claim_94e0a6562381
S265_CLAIM_75C6086D29180D6C5116,claim_bc042988c3c7
S265_CLAIM_75E10CC735457B2C8196,claim_1acb2812e010
S265_CLAIM_75F574CE1EC8447E574D,claim_f720da09a6bd
S265_CLAIM_75F80A15288CA2965430,claim_c0fe5f7669dc
S265_CLAIM_760A0A982F93B4FB539D,claim_07b8b86ce777
S265_CLAIM_76116345027BE3EEB75D,claim_e5e3d2c362a4
S265_CLAIM_762F6789E1CAB010928B,claim_7657f0025bf5
S265_CLAIM_764C870F63C096D69C7D,claim_72b5351aca95
S265_CLAIM_76508922B998969AC1A0,claim_24627dd4063b
S265_CLAIM_765ADAF61EFE9A163C41,claim_e912092447ba
S265_CLAIM_76732CA76CB6D4B7E06B,claim_28996494594d
S265_CLAIM_76A2FF5E52EF45839386,claim_d2a031828e6e
S265_CLAIM_76A4A9290B8E2F1F5871,claim_e8735ed4a6b3
S265_CLAIM_76BF0CCE9D830876AB3B,claim_479285c67da0
S265_CLAIM_76D90F6EE40A14FAFE87,claim_9ff5dae64eac
S265_CLAIM_7715A061A535AF986CA5,claim_95cff6496fb2
S265_CLAIM_771EBF011EF925651497,claim_eb51cd93b51a
S265_CLAIM_7722B71B78BC722C973B,claim_78cc13e9e1a0
S265_CLAIM_7732B2BFC3432AC6C076,claim_b928c7b313b2
S265_CLAIM_77360F76C91E591DDB75,claim_a5980d854e91
S265_CLAIM_773B041EC3F2B9E6CE30,claim_c850d9373052
S265_CLAIM_773CE635C226D9114568,claim_c8b25ceb94c8
S265_CLAIM_7751C9752CD72899FC72,claim_2316683fb838
S265_CLAIM_776F6BF0AF0916AABF64,claim_f22c746dcf59
S265_CLAIM_778B0171FA5B7A6ECEAD,claim_d7408590d55b
S265_CLAIM_778CD217802FBC92DDCD,claim_e3586baf71cd
S265_CLAIM_7797507BF6CD1C5095FF,claim_159d0970b153
S265_CLAIM_77BE1CA98775C329183B,claim_b75bf53844ac
S265_CLAIM_77C5DA1A42410822C528,claim_87bee5ebf65e
S265_CLAIM_77CAAB68878F57954BC6,claim_6e3950cfb59a
S265_CLAIM_77F8A538715A85A3B2DD,claim_1b8ac743a850
S265_CLAIM_77FBF909F29CFC9CE241,claim_659bbd3e8640
S265_CLAIM_77FFB6A3C2AF68CB9956,claim_b75d192fe54a
S265_CLAIM_781F55B67B625E402E56,claim_66eb8c99a262
S265_CLAIM_781F903C5F57193F9A71,claim_83b5b7236900
S265_CLAIM_783E1C61E770E05A46C6,claim_166f248f18cf
S265_CLAIM_784DBF26DC02EE0BC0B1,claim_c8efac68df74
S265_CLAIM_785DBD98D0394D33C674,claim_c526ae2dd5f7
S265_CLAIM_785FE7099B4C9CA6DF35,claim_bb59dbf82cb8
S265_CLAIM_786D1D8D897A09DE6B3D,claim_f6cb64e95d81
S265_CLAIM_786F5DE33BCF045109FB,claim_22a8409cb718
S265_CLAIM_787C64830D066F675AF5,claim_a9b860baff82
S265_CLAIM_7886F1F2E07076FCB048,claim_ae377f8cd709
S265_CLAIM_789205B253CB5A6DB760,claim_d6c0d616439e
S265_CLAIM_789528D485D371685F5B,claim_35df9fe7de8d
S265_CLAIM_78A0C2A902423DCF7CED,claim_8891b9fb1185
S265_CLAIM_78A348B910430052CDF6,claim_533ae719e22f
S265_CLAIM_78A530C57A22D386D424,claim_00d0d89c178d
S265_CLAIM_78AE6BA06E18BCBDAF61,claim_55414f14f280
S265_CLAIM_78C35B2D8958513F380C,claim_a7a3c20f613b
S265_CLAIM_78C4F29E16CC3B701B22,claim_e170f8217065
S265_CLAIM_78CFAC9A91FA5E5AD68E,claim_71ed29499234
S265_CLAIM_78D3402624213361CC47,claim_79d1a4b9082c
S265_CLAIM_78D3F0D3B16A9F177BB6,claim_a48ba3cf7670
S265_CLAIM_78D786B2E7A9C55100A3,claim_32ef30cc1f0a
S265_CLAIM_78EC8C646F89EA1115B7,claim_dba2619e7572
S265_CLAIM_790D0C0AA1588C8BB510,claim_c998c0d96096
S265_CLAIM_7913BE81FA6FDEF8B3B2,claim_19058d46455c
S265_CLAIM_791B243A3DD45A8B3813,claim_8c615f5f4cee
S265_CLAIM_7920FF190F4E55CBC533,claim_a8edfe10c1fe
S265_CLAIM_7933D700146036D1F0CB,claim_06d724e531be
S265_CLAIM_79508B0F0038D926C6B1,claim_0b08549ba6e3
S265_CLAIM_796126406815FB909C6D,claim_ce0d79edb5a2
S265_CLAIM_797B79C9A724B79B139F,claim_0b39ce00d072
S265_CLAIM_799C7DAB425D51B4DA34,claim_1fd25692b13a
S265_CLAIM_79C7ACC5F4E724BFD9ED,claim_4bfadaf9cd45
S265_CLAIM_79D0FEE42D2ACCDDF002,claim_5de716089d85
S265_CLAIM_79DEA0AEB6E8F1EBA505,claim_8140b129832b
S265_CLAIM_79FA3B5D4A137E295364,claim_296fb1df8906
S265_CLAIM_79FCF2E571DA2C0EFD04,claim_2067f745704d
S265_CLAIM_7A09F3CA7627A9815DB3,claim_9d803210f93a
S265_CLAIM_7A202601732AD860154C,claim_e7e722faf425
S265_CLAIM_7A2028C178922907B320,claim_58d0cd1efe97
S265_CLAIM_7A3128079E813FCD6E77,claim_4a7ba54db676
S265_CLAIM_7A3CC9B3DF35F04C4524,claim_f4479e001ce1
S265_CLAIM_7A4A613F0C4A76B61FD2,claim_ba23e63d3822
S265_CLAIM_7A4E6ED9392ABBF90A8F,claim_2918e3cb1d8f
S265_CLAIM_7A4FB26A701BADF0B665,claim_ba50b44ba196
S265_CLAIM_7A531159BA8F483A124B,claim_8f04898cb1de
S265_CLAIM_7A571C90A73EB4E86529,claim_3a7017f43f17
S265_CLAIM_7A5BAC4A7ACB17E88C5D,claim_defc8c51db17
S265_CLAIM_7A68DBDA9FB35BF1B168,claim_44cf6d9e63b2
S265_CLAIM_7A82B7B457267108B062,claim_432168285673
S265_CLAIM_7A95927AE7C0864C9554,claim_3192ee2cd0e3
S265_CLAIM_7A96587863DA529DB3A4,claim_5164a2a08185
S265_CLAIM_7AA1A45CEC9E65DF1853,claim_8be645babacf
S265_CLAIM_7AA7315E39251E7A9329,claim_506dbea8c351
S265_CLAIM_7AB2D54DFF5B3CBF94D4,claim_45f0acfc7777
S265_CLAIM_7AD908CD434B4A6A646B,claim_6dbd842176a7
S265_CLAIM_7AD9495412B9C98500D3,claim_7b5d940140c6
S265_CLAIM_7AE3BB11D4A11AE8978B,claim_bc660a058c5e
S265_CLAIM_7AF4131F77C180547527,claim_66b4d05bbbb0
S265_CLAIM_7AF6412631450A771A2D,claim_75cbb5904c35
S265_CLAIM_7B063FACFDCD7B617479,claim_4aeddc56c1f2
S265_CLAIM_7B0BA4ECC99616A9755F,claim_2e01b8699964
S265_CLAIM_7B1A0A7BA1B6A1C8386D,claim_665468048faa
S265_CLAIM_7B56944C1BA77861EEA4,claim_f939edfcf16a
S265_CLAIM_7B7A25F6EDA5542CD1CA,claim_9882b0579cfc
S265_CLAIM_7B7B62FD8A378A774674,claim_9b8d564f98e9
S265_CLAIM_7B7BEB7605B88EFEAB17,claim_2c08950d257c
S265_CLAIM_7B8504C161B1A7CE8FCF,claim_bd01f046807e
S265_CLAIM_7B8BDEE6FDC2B71398CD,claim_2337a3b68f3e
S265_CLAIM_7B8D7C389565C4FDBD5E,claim_7de7f3543615
S265_CLAIM_7BAF94193549A7395FDF,claim_b6b1f5962094
S265_CLAIM_7BB8DECA95B47F3B1715,claim_f048e73e793e
S265_CLAIM_7BBE947FBB32262B1DC4,claim_1a615e76cf17
S265_CLAIM_7BC960A445D0FA221BD4,claim_75fae9f40ae3
S265_CLAIM_7BD877A1F878F1CC40D4,claim_5e0ef43700bf
S265_CLAIM_7BEB6113F23338AD8DAD,claim_036709e711bf
S265_CLAIM_7BFBBF2B56B5F1D5CB9D,claim_27cf2c66a67f
S265_CLAIM_7BFCC79B38C75E7E9783,claim_c481f24c3a1d
S265_CLAIM_7BFE05C5387CE64EAA15,claim_5bc25e1c5547
S265_CLAIM_7BFEFF64296B059806B3,claim_ff6d6ac41dec
S265_CLAIM_7C02D0376062E87C2E6F,claim_9593ea4f5b7a
S265_CLAIM_7C278FCAF5EC359B7D33,claim_d083df8180ba
S265_CLAIM_7C28536E46723C303F1A,claim_111c360c97a1
S265_CLAIM_7C2916D40B9F18841882,claim_7280f6126acc
S265_CLAIM_7C3724DDD7F93E0F8C48,claim_b359aa2a69a7
S265_CLAIM_7C375F1CB4936F149716,claim_8a2d23ac6944
S265_CLAIM_7C42E09D86DB0418CEDF,claim_cd9e0482e955
S265_CLAIM_7C763859D06020B120D8,claim_7b7bd619d254
S265_CLAIM_7C765720D871B418B43C,claim_83223f885a3b
S265_CLAIM_7CA54D3A328C10CB1A5F,claim_0c200f23c57f
S265_CLAIM_7CB05D87C0DD431F3CE9,claim_f96cdbed424b
S265_CLAIM_7CBD5F9041D30C241A16,claim_497c49ff8c73
S265_CLAIM_7CCE21B43AA07FE5866D,claim_bd4e11419744
S265_CLAIM_7CDC14398B21422558BE,claim_6a7659d9d3a4
S265_CLAIM_7CF174549482AA32D565,claim_ce81b0b859e0
S265_CLAIM_7CFDEFC79FDBC84F1F86,claim_5a830884a3e1
S265_CLAIM_7D05A9B6F21622AC9622,claim_41cfbd1015c3
S265_CLAIM_7D073217C8CBC89300B5,claim_e4205ca10b3c
S265_CLAIM_7D07D2BDBA208FB24B63,claim_62406dc94f9c
S265_CLAIM_7D17DE66A0BF1B5D4A18,claim_eb20456f41f9
S265_CLAIM_7D19C4C0A0BE92D3323F,claim_857a50c8a815
S265_CLAIM_7D1BE1D93CF52BF1EB7A,claim_3524a4290e93
S265_CLAIM_7D1F8FCECB9B5D3B48AD,claim_1f520df6152a
S265_CLAIM_7D28390BBB1DF95F85CE,claim_3d563957b2aa
S265_CLAIM_7D28A500F21044BE6917,claim_9ee0a0b3c8da
S265_CLAIM_7D77B5531D9A1AE36033,claim_275a31f0309c
S265_CLAIM_7D7F92CB8142C1A78B1D,claim_667610073bc9
S265_CLAIM_7D905E9D2D8808D8342A,claim_276f6be0e44d
S265_CLAIM_7D978D325E1C5CC9E160,claim_3c64d2a53dc0
S265_CLAIM_7DB642D553CD3BA154A5,claim_c310d6fc1240
S265_CLAIM_7DB8CCA2E8A466BBB974,claim_63b74e99018a
S265_CLAIM_7DC197F7360988AC416A,claim_fd10a870c0da
S265_CLAIM_7DD02543AC8170B3287E,claim_011b81fc5b7d
S265_CLAIM_7DF0F6E574F5D79EC06F,claim_8e568cc304ef
S265_CLAIM_7DF16E5B5E793ABF273C,claim_4019371c5c5a
S265_CLAIM_7DF2077CF19187D154DE,claim_abe451fb393b
S265_CLAIM_7E1A47154E43339E2B9B,claim_6066aef248e3
S265_CLAIM_7E1CC6DBE348A119F921,claim_49ac4579236e
S265_CLAIM_7E1FCCE64C0AF87937DE,claim_d65b7307f4d5
S265_CLAIM_7E2E8545C6260D39603A,claim_90ccbc689939
S265_CLAIM_7E42AAAD999FFB411B41,claim_10170cbd3321
S265_CLAIM_7E83C20CE5C6A87B79C2,claim_e95abe4e72c2
S265_CLAIM_7E8F8C2511ABEC5F0756,claim_866dde4908af
S265_CLAIM_7E9C8E00EDE55B217922,claim_87781be03a3e
S265_CLAIM_7EA83E169E785DC8C952,claim_4fcfb6a28f89
S265_CLAIM_7EBADE9B59B037BBE98A,claim_29489b14e238
S265_CLAIM_7EC6BB40F1B7B678B6D8,claim_2af30cd45616
S265_CLAIM_7ECE57F29E2ED0574062,claim_493e8cb48fee
S265_CLAIM_7ED8A9E530E67E36D330,claim_b8c8823e2e79
S265_CLAIM_7EF2E2680050D88620AC,claim_a424f98211a5
S265_CLAIM_7EFBC60FD13D3D5EA734,claim_bbc9e030437f
S265_CLAIM_7F06BB714ED2DF64BF23,claim_8124b9807ce5
S265_CLAIM_7F498F5B566AB1758545,claim_23a93ee510c0
S265_CLAIM_7F4D9CEDB2F126F9DCA9,claim_0511a2f76e51
S265_CLAIM_7F51A1A3642449E30556,claim_f75c00ca0b70
S265_CLAIM_7F56434DCC9EFF68468F,claim_4406c7818cbf
S265_CLAIM_7F57CAFAFBF2A0836A34,claim_986a7f2345ba
S265_CLAIM_7F5B216277A3EE4A657D,claim_344769c3ec43
S265_CLAIM_7F626A6B5AA3537D14BD,claim_7a06e3ac08da
S265_CLAIM_7F64BD78FCCF8AEC6CD9,claim_e394e7456cfa
S265_CLAIM_7F73FE504956620D4124,claim_5e4daae16b0a
S265_CLAIM_7F77C637B93D0980A091,claim_fa966fcf4c74
S265_CLAIM_7F7F52251777D5822391,claim_e61626e392a2
S265_CLAIM_7F90BEE9E2277588B636,claim_05b2b4f96d79
S265_CLAIM_7F9B5B5DEE7E0E4EECE9,claim_799a3d53a551
S265_CLAIM_7FBFFADF99766B2304E1,claim_e86c4278dab2
S265_CLAIM_7FCA6A5077A37FFEE2CD,claim_57153d9056cb
S265_CLAIM_7FCC17553F03BB44689A,claim_49d01b41a921
S265_CLAIM_7FD825436DF8E367A28F,claim_73185fef8c66
S265_CLAIM_7FE49B95076D10D0F668,claim_40b90bbf0918
S265_CLAIM_8037C25A03CB2C7FD7B6,claim_c89dd3065669
S265_CLAIM_803819510975855FE6CF,claim_3d508f6b8d1d
S265_CLAIM_80439DAF5A25968B9E8A,claim_89f1d9d6e020
S265_CLAIM_8044EDA927EE9E6D5F13,claim_67d987281e44
S265_CLAIM_80573A62B84591BC30C1,claim_0d4d2432c72f
S265_CLAIM_8058C0835DB925A12CA8,claim_225e4f542b12
S265_CLAIM_8058EC867648A44F3610,claim_dae1469df458
S265_CLAIM_805E520D1F2B524F2B39,claim_fba2d802e7a0
S265_CLAIM_80638CBBFA2DDB2AB46C,claim_0f03e3918682
S265_CLAIM_80714ED3690AA066351F,claim_71b2b4c001a1
S265_CLAIM_8076F7696AA2E2C401F5,claim_c4d872210d04
S265_CLAIM_8079B99F68ECD2EEEC5C,claim_6f2022a91ae8
S265_CLAIM_80A1D2481461309E2BEE,claim_8ca65d98f1ca
S265_CLAIM_80B31913717C8FC67F11,claim_fdcb96cb7fc0
S265_CLAIM_80BC97F7E5A142458117,claim_1390a3891cdd
S265_CLAIM_80CB44C2F6BD6411FC29,claim_807dffbe0dbc
S265_CLAIM_80EAB177ACDAA7B29E6F,claim_91d33df4b769
S265_CLAIM_8104B28402548C9B946C,claim_ec7c760fa6fe
S265_CLAIM_810F6D0F2883556176FA,claim_422522ea3654
S265_CLAIM_811997CEA8E3D4557FF3,claim_adb8aca785e7
S265_CLAIM_8122D70C1446B9EE846A,claim_78ff93f62c2c
S265_CLAIM_812AE3EE32F82A4ACF46,claim_b85dbc66746a
S265_CLAIM_81455C357BE38357FA5E,claim_51588510efbf
S265_CLAIM_8155A7C871CA8524246A,claim_7ba362448023
S265_CLAIM_815C1427C83C8608E85B,claim_32e1865cd178
S265_CLAIM_815C527E78ACE4111AD0,claim_4de80fee06f9
S265_CLAIM_816A536B632814FBEC09,claim_6aad7248766a
S265_CLAIM_8180CDD458E2E1943518,claim_cc0edc1c576a
S265_CLAIM_81822E67BE0079B721AA,claim_de1f03a5eb68
S265_CLAIM_81891400904A7EFEA1A8,claim_4cbd0cc0cdc2
S265_CLAIM_819433C3C41D0669131B,claim_a4fb05d432d4
S265_CLAIM_81CB11F117AB8DACEE82,claim_3084ba603a1c
S265_CLAIM_81D0C4738643195AC919,claim_f273cd849423
S265_CLAIM_81D827CE6C3787A8A1E9,claim_619324f8d78b
S265_CLAIM_81E638587FBB8C36AE17,claim_9a0185254046
S265_CLAIM_81E8AB693C170A2EBB4E,claim_d6071510d2ea
S265_CLAIM_81ECE115393E93D54769,claim_988d301f0039
S265_CLAIM_81F086E6B369009CBB2E,claim_602016996e87
S265_CLAIM_81F59485D7EEC5569030,claim_ef9d56f43c8e
S265_CLAIM_8214170091124F8DF3AD,claim_039e9f7a618f
S265_CLAIM_8216C4BE9C0D92C39F76,claim_3b1d8a37e9b3
S265_CLAIM_822267A74CF15050AE73,claim_b37b1fd6dcf2
S265_CLAIM_822BB1CF025E84BB6612,claim_a1902ac44546
S265_CLAIM_824BBCBC0050CEC1B7DA,claim_c90ccc4b9fd8
S265_CLAIM_824C352133FABDAFDF69,claim_0ecc63b1e8f7
S265_CLAIM_824C9F9AE6B308BBB5C6,claim_2092033bdefc
S265_CLAIM_8263037E869CA82EEC67,claim_c2258c80cdc6
S265_CLAIM_8270EF8A19D1D9A1CF8C,claim_7dcc2e625e5b
S265_CLAIM_8290D9098BF599B059F8,claim_0520fd3c248c
S265_CLAIM_8293D122BB787EE93B75,claim_677ff02038e2
S265_CLAIM_82B3EEFD1DB54F9336AC,claim_0949567bae52
S265_CLAIM_82B77D3D042EA617C51B,claim_07dcc74c75b9
S265_CLAIM_82BAAEC4952B843DB6D6,claim_78691b2b85c9
S265_CLAIM_82C3F0BAD59FF5B50268,claim_09b5db4ebd79
S265_CLAIM_82C4BFA27B731394F8F4,claim_d16a57a3d8a8
S265_CLAIM_82E342415109597511D0,claim_0c81ab1881f2
S265_CLAIM_82F1CDBE76C23B693A8E,claim_501f703e72ea
S265_CLAIM_8307031093B81A7F8908,claim_9c0533f45959
S265_CLAIM_831B71DAEAC0198FAEF3,claim_1168466e96db
S265_CLAIM_8320BE9521B1C2685535,claim_b7068446d5c8
S265_CLAIM_83298489BF7A99228A07,claim_c9932a0439bb
S265_CLAIM_833CD4E16A573FD50985,claim_bfea7380ddc7
S265_CLAIM_8341853728804653C335,claim_1984cb05e085
S265_CLAIM_8350557B2509B2998E3C,claim_bf1c8c836213
S265_CLAIM_835690178E34362CF796,claim_9e4d6ee05411
S265_CLAIM_836E277A2EEE8D183A5E,claim_97d2be4a138b
S265_CLAIM_83B95215027FF1EA3D27,claim_162d3dd4ba71
S265_CLAIM_83B9A60040EA77919593,claim_e2cbc03eaeb1
S265_CLAIM_83CD7C49D5C1753A9B07,claim_3fd6b6a5b0ed
S265_CLAIM_83E55882F3F0B77BB830,claim_0961f44e3416
S265_CLAIM_83FD67A4FF2A3FEF3B30,claim_7a33b6c08c0f
S265_CLAIM_841439976FAEA03E45ED,claim_e82fcaed2b87
S265_CLAIM_841C93E6409CEC0BA83D,claim_dcfaa14e167e
S265_CLAIM_841FBF37A7F55B490697,claim_e4d462512aba
S265_CLAIM_8442333DFD99EA3353A4,claim_b8178addf855
S265_CLAIM_844A390562E4D9BD801B,claim_1a7af3119cd3
S265_CLAIM_8454995FB1A53BCA923A,claim_076a33e701ca
S265_CLAIM_84A64A6BC0D60740EA7D,claim_6674672806cc
S265_CLAIM_84AB82615D9789A2FBA2,claim_0d71b3eabad4
S265_CLAIM_84B9E4746B8C56758C44,claim_efc1ddd8ac8e
S265_CLAIM_84BF23F4AF957328D5AC,claim_b8821f4071ef
S265_CLAIM_84C7C419093FF83C8058,claim_f0778ebb3d2d
S265_CLAIM_84C858DE6F7CA0BC0AF4,claim_b74b638099bd
S265_CLAIM_84F9214ABAB490081FD8,claim_dd96245af8ab
S265_CLAIM_850AE34E49C11400DF50,claim_3754b34e2368
S265_CLAIM_85323FCE07FDC60D3197,claim_4ca5d4b0150d
S265_CLAIM_8537ABBEAF1F0BBBE8D1,claim_edb7c3da188d
S265_CLAIM_853E31E31D5716E4E688,claim_c483027deba5
S265_CLAIM_854DEC8D95B09377644B,claim_ef48c3055251
S265_CLAIM_85537CA73D1CDEBF7176,claim_631d40e634e7
S265_CLAIM_8557C412896523256BC0,claim_f153d5c1c6f3
S265_CLAIM_8581AA03672670BF5CB3,claim_44fd89ecd364
S265_CLAIM_85918DCE2A9C628DC8D6,claim_55a435e6bd51
S265_CLAIM_85988C8AFC86637A0584,claim_7f038674d970
S265_CLAIM_85AC9474E8850081A4D5,claim_643d2f1be1ab
S265_CLAIM_85AEB378E27C21422CBE,claim_96c6c437f46a
S265_CLAIM_85C29A056FEB90829549,claim_9c7f004c2354
S265_CLAIM_85FE5987478E91F5B503,claim_a66cd36ef319
S265_CLAIM_860058571178A2AF10A2,claim_1a1958c38134
S265_CLAIM_86009F970359D4D91D28,claim_bc4d5e220e75
S265_CLAIM_860FB06C414ADC4132FF,claim_e40e18a7d75c
S265_CLAIM_8618F9991C84A2EFD5A7,claim_7b2b9ac30cd6
S265_CLAIM_86317348C61DF62D87F5,claim_ec58512bdcc6
S265_CLAIM_8632EBA0B2871F2BCB7B,claim_335a6d706350
S265_CLAIM_865AD8A4B30B3ACB7FA3,claim_9e0c67a976c7
S265_CLAIM_865CD23651335A8CAFAB,claim_8f900f724c2e
S265_CLAIM_86732937026B1B21E176,claim_4821bc217cb6
S265_CLAIM_8676992005EC9B5674B5,claim_a2721bb2b9bd
S265_CLAIM_868255CA42D3558FC928,claim_4b4a08f82661
S265_CLAIM_86C09F887381315DF1A2,claim_2398210aa0eb
S265_CLAIM_86CCE9635EAFEF0AE47F,claim_30d2282457f8
S265_CLAIM_86E45EE921B7BD68209E,claim_71b4954076b7
S265_CLAIM_8701AAACA186EFD07ED4,claim_41b7dc9bfa86
S265_CLAIM_870D517D25880DA15CBF,claim_b3001b037ade
S265_CLAIM_87128D7CAF7BEE8122AC,claim_f7aa9f49f3d5
S265_CLAIM_8712B0590BAABF7193C5,claim_723ee1e5df91
S265_CLAIM_871EC9F3BDD7EF4DB31C,claim_978413d283b8
S265_CLAIM_8730E5E0C28B4E2B5267,claim_69439e29f57c
S265_CLAIM_8788B57672C649543DDD,claim_466952d2b14d
S265_CLAIM_8794C403F6DA45E853A1,claim_f756fb86bc65
S265_CLAIM_8799A77C0BFE9658AC9B,claim_7f81b8135f04
S265_CLAIM_87A41F7B3711A481714F,claim_1bf28b7e73d7
S265_CLAIM_87A926DB013EBD68970F,claim_bf1e36d58f9a
S265_CLAIM_87D15FCBF94C6AA417FB,claim_926c26dbb8f7
S265_CLAIM_87E1F09CB4E0B8F1817B,claim_ca7dbff352e6
S265_CLAIM_87F497E98DEAABE07B4F,claim_518a049d2532
S265_CLAIM_880861B85BB0944FAA88,claim_540e30fbafb8
S265_CLAIM_88188DA6BDF67ACDAC13,claim_ddc794a9a857
S265_CLAIM_881C78AE1CDEA064B7AE,claim_c232e26889fe
S265_CLAIM_8833DA563AB6444417A0,claim_f04151c43984
S265_CLAIM_883623066D6FDB036056,claim_b2261f8957fc
S265_CLAIM_88385BEDD220F9DF56EB,claim_b9b5f27d7041
S265_CLAIM_8853D4FFE41F73855540,claim_fc8fa41b6570
S265_CLAIM_885B059AECCD21AF2729,claim_07dfe392957d
S265_CLAIM_886CDD596BB309147236,claim_df82a969db73
S265_CLAIM_8877F27A0A8099E143E6,claim_6bd1fd4d3428
S265_CLAIM_888EAD2344FC39DC9853,claim_a3e60a5f530e
S265_CLAIM_88A52F0EC084E0D85823,claim_a13ee3047b0c
S265_CLAIM_88A93E53C1287F258A6E,claim_107301a5b2d9
S265_CLAIM_88B96E696937691BE5FD,claim_07df0d9ecb9f
S265_CLAIM_88BC9E6D14D445BE0638,claim_c9a6e7d2b5c7
S265_CLAIM_88ED937C7B78DBA6B986,claim_2cb918d50ee8
S265_CLAIM_890E1E23D02B96A3E715,claim_c7b73057b5f1
S265_CLAIM_89504A6E62FBCC9F0E9D,claim_cb1dbc4a368c
S265_CLAIM_895ACC09CD1FD435A711,claim_97e84366a6b2
S265_CLAIM_895B35865BF3A4B04FB0,claim_bbfa290e3c1a
S265_CLAIM_896641EA7DD83ED1E528,claim_c61054f7d7b4
S265_CLAIM_8986AD56345AE31EE5D5,claim_3c6f7da5b913
S265_CLAIM_89956F5268B5626CAA2D,claim_bb25a27812f1
S265_CLAIM_8995952A30F64C2C714F,claim_b641dfe4d23e
S265_CLAIM_89A48947A207965774C1,claim_4966d6ab4f87
S265_CLAIM_89B661F4C0E8FA554D06,claim_ece6c5b4d965
S265_CLAIM_89BBAEABE8D40BB3CEA7,claim_5d1fc0f230a5
S265_CLAIM_89BDEBFF295461DD4E52,claim_e3dfb713b292
S265_CLAIM_89D4525CB5AA92D02DDC,claim_2e1d13d244bc
S265_CLAIM_89EA6537330ACEF3C642,claim_8c4f01fe69eb
S265_CLAIM_89EBB2FC86BEE3593DA4,claim_c3b64272ade9
S265_CLAIM_89FC79FD00253143378C,claim_58b993a85812
S265_CLAIM_8A2852FF67098A63DDCC,claim_7aa4b686509c
S265_CLAIM_8A297F4BF1C1F4DB6E0C,claim_1b8de876376e
S265_CLAIM_8A43D135F1504A6F0F31,claim_51b2194eee2c
S265_CLAIM_8A635A81E2CA42C4F37D,claim_b4097a033d80
S265_CLAIM_8A666789F0DCDE9BA950,claim_7950f765fd20
S265_CLAIM_8A70A1B30BE0E5884855,claim_8c64e88e727d
S265_CLAIM_8A728C498851A8073409,claim_0d476a29b749
S265_CLAIM_8A761B52CDCAB3D126B3,claim_5a4143fcd669
S265_CLAIM_8A770349F41A2827D452,claim_ebbcd58f803c
S265_CLAIM_8A90D2254B5AB44E0984,claim_d6067f38e004
S265_CLAIM_8A9413F405735430315A,claim_051f32c8ff93
S265_CLAIM_8A955730442B1FC048FF,claim_247510f7fa54
S265_CLAIM_8AAA700E3992C8C12D5E,claim_fa51cc132890
S265_CLAIM_8AB682ACEADBF80D46E1,claim_087817119cd4
S265_CLAIM_8ABEEB715658CC953021,claim_e9c0feb79173
S265_CLAIM_8ADBF79C59E61DD0B284,claim_774130a64a0c
S265_CLAIM_8AE771B145B1E911612D,claim_e813de59d0d2
S265_CLAIM_8AFF12EF9FC0C55B9077,claim_a89f7aa7ce44
S265_CLAIM_8B2674306544AEE72AC7,claim_975ef4455425
S265_CLAIM_8B32FB0E3136766642BB,claim_dcee7bc5c97f
S265_CLAIM_8B37025D1929C47A6A2C,claim_e4d3d82ec5fd
S265_CLAIM_8B3BD1BA7094AA4ECDCD,claim_1483b130a025
S265_CLAIM_8B5E8C9238D8A0DADD12,claim_77861550c63e
S265_CLAIM_8B65C239994F0670ACB8,claim_ebdca45dc541
S265_CLAIM_8B680FB8F85065CEFAE8,claim_5fd2cbb564fb
S265_CLAIM_8B825542AF57F75AAE5B,claim_f1ad77b88b8e
S265_CLAIM_8B83CDBAE849420BAA74,claim_8e7a9b1edb2b
S265_CLAIM_8BA6E73A0F6E24372AC1,claim_a82da0e071e9
S265_CLAIM_8BA7795715273A0EB870,claim_5f2bcba3b706
S265_CLAIM_8BABBBF7A59C8CE7113F,claim_0443c8ed49d3
S265_CLAIM_8BB212931BCD42289B15,claim_129addf1ba35
S265_CLAIM_8BC2BDC65715AD44FEBB,claim_aa41bb036adb
S265_CLAIM_8BC36B0E5EDDDB92E9FD,claim_a147f19de9e4
S265_CLAIM_8BCD80DE0AED442D832A,claim_f0b569c5f2c8
S265_CLAIM_8BD6AD591FFE2E7DC0CD,claim_562217dbdfb3
S265_CLAIM_8BE66853EF373AD7FD69,claim_5797dc4cbc6b
S265_CLAIM_8BF2D48062D7CA9922B5,claim_c939a6a6478a
S265_CLAIM_8BFE3FDD35CC2E232A62,claim_180abf31fe19
S265_CLAIM_8C0C9A8966018CE34C11,claim_655d3829d545
S265_CLAIM_8C113931B0FA7D3E5FDC,claim_0b879fe91a44
S265_CLAIM_8C2D40FB8717FDCCFCD2,claim_c74ed8efdedb
S265_CLAIM_8C4814D493617059B177,claim_49fcc21a8787
S265_CLAIM_8C5DD9253488C4BC2C0C,claim_7def5d5a207a
S265_CLAIM_8C8D90B6B6378D507F41,claim_a98bc77b5a74
S265_CLAIM_8C94BE2349F3B38E140E,claim_46427c27c2bf
S265_CLAIM_8C95492C7337E3DADD32,claim_0564d72dec87
S265_CLAIM_8CAB8B07C365E6CDC9D5,claim_127d3dbc5541
S265_CLAIM_8CBC09530641FC8B88D5,claim_4b0b804446ab
S265_CLAIM_8CC5868F763691F2508E,claim_4735f8bec72c
S265_CLAIM_8CF7CF7CDD822607B192,claim_e891b0c05204
S265_CLAIM_8D0FBC491C5FE3E89478,claim_93d79654f071
S265_CLAIM_8D2D8E5AFB73DD3C56A7,claim_cdf82101e34b
S265_CLAIM_8D45917E1C1DCF139481,claim_1389bd77febd
S265_CLAIM_8D5E7073B182104FF184,claim_72f50ef4f5ed
S265_CLAIM_8D6F3C8A9772684774A3,claim_556137243c19
S265_CLAIM_8D7079C4B036FA66D0A2,claim_39901ac5e389
S265_CLAIM_8D760F6B2D29BED71C9B,claim_613e10ccc5eb
S265_CLAIM_8D786BD208E014D30E81,claim_94048a264d3e
S265_CLAIM_8D8389AB0916F113A23F,claim_28156dd8aa2b
S265_CLAIM_8DA1B688C4F4F2826BA9,claim_730460a14ea9
S265_CLAIM_8DB8D249E464D6E50614,claim_eb79c91a0ff1
S265_CLAIM_8DBCB3D6AF570CE2AF24,claim_592cc9c64bb6
S265_CLAIM_8DBDDE3F3124354D2B1C,claim_33397e94d542
S265_CLAIM_8DCE0E99BAF0C9A2E9EA,claim_b76e2f070d14
S265_CLAIM_8DE841833B029F46AED5,claim_8a7da5e52ece
S265_CLAIM_8DE9D263A24B5FEEF46C,claim_72ca78c05d27
S265_CLAIM_8DF2AEE7F4AD48DB2AFE,claim_b504b3fad600
S265_CLAIM_8DFD34F473A6DA43A2A6,claim_60064452f198
S265_CLAIM_8E11DE68DE5C666289D9,claim_6454c9cda63d
S265_CLAIM_8E1AB2944C7736091AC5,claim_d4facc361aef
S265_CLAIM_8E1D1B1480E458E0D770,claim_d71321a9d453
S265_CLAIM_8E4F64C75CBDA65A0C49,claim_b31c6a2232b9
S265_CLAIM_8E55113CE67CDFD39B75,claim_355c81abc243
S265_CLAIM_8E7D094A93900BF8F72B,claim_11b9fb43554a
S265_CLAIM_8E7F20A0213D336F1187,claim_31658a6d6f25
S265_CLAIM_8E9F230C6D55217BFEFE,claim_bb756ff8022a
S265_CLAIM_8EA14440B84787E0025B,claim_5667a2f076d7
S265_CLAIM_8EA5EA19C3365998546B,claim_e011beb8e4f5
S265_CLAIM_8EB3AC790C3F8E8FC7A9,claim_d8d61b402f10
S265_CLAIM_8EC2D678D08C441BDE4A,claim_040f04665fd7
S265_CLAIM_8ECC6D672AF78DF4B37A,claim_d7ed65adc765
S265_CLAIM_8ECE535F3A42EDCE0846,claim_6828e8804d93
S265_CLAIM_8ED9F3C5D407BFB9CEDE,claim_272aa1c8b788
S265_CLAIM_8EDAC6E33EC6F96837F7,claim_a5a0731fb33d
S265_CLAIM_8F191D9051D3CA7B16A3,claim_7e39426a61f2
S265_CLAIM_8F33343558A4668FCAD7,claim_cdb036d45319
S265_CLAIM_8F3B30CBB0E4E1FBE2D2,claim_1542df237d62
S265_CLAIM_8F3F499744F48F54E54A,claim_173cc041ef57
S265_CLAIM_8F47998654ED83EF6DCC,claim_41e3fd59399e
S265_CLAIM_8F4E81E47221388A966A,claim_1667162b0a9e
S265_CLAIM_8F5869BE7C17107CFF2C,claim_07aa1e6c4e56
S265_CLAIM_8F6BC2D63429385072A2,claim_f7f57e640106
S265_CLAIM_8F6D9917D606EDFCC9FD,claim_f3ea8ea49079
S265_CLAIM_8F9A8D37CA316DBC758A,claim_c69c3d3a427e
S265_CLAIM_8FACE259364F0F03BFC7,claim_6cc788509495
S265_CLAIM_8FB0316AF36A4AAA7E82,claim_bd31d091bef0
S265_CLAIM_8FC5F0AC2275955476D0,claim_66eaf24a137f
S265_CLAIM_8FE0536B35BCF02F4963,claim_7a141939e5e8
S265_CLAIM_8FE4C1C60231FC6422EF,claim_b7f37ac876f9
S265_CLAIM_8FEC1FAF18A75CB20D40,claim_83f9bf118813
S265_CLAIM_901D69104D2B8E831693,claim_fb851e13a2b9
S265_CLAIM_9021D6B37E9D2B28F8EC,claim_7b32605afc31
S265_CLAIM_9066DDEE10B6666C538D,claim_dce2888e3563
S265_CLAIM_907CB07FA0AED2BD14EA,claim_e46afdb69c25
S265_CLAIM_90844813BD2D72998D7F,claim_b1c3c65d47bf
S265_CLAIM_9089CA3FA043EF0E7F96,claim_61878097e94b
S265_CLAIM_90940DE5A84BE9EA8AB9,claim_b3985844a976
S265_CLAIM_909A58223EFBF78892A5,claim_fb05ea546a36
S265_CLAIM_909A8770BA0EB382EBE8,claim_d4703d5eeb1a
S265_CLAIM_90A9788D1F027BB678FE,claim_9b9b114052c2
S265_CLAIM_90B049C6E68F1C48258A,claim_c42d5fac555c
S265_CLAIM_90BC4C1EB1490893D8EC,claim_d6179beb9c98
S265_CLAIM_90F57A2F508DB52D0C45,claim_a189ed909638
S265_CLAIM_90FEDCBFE67D1994CECC,claim_540e394c94bd
S265_CLAIM_910C20B6614155AA9F7E,claim_4c03b18877cd
S265_CLAIM_9117F6A9FF7CEEE73449,claim_e061eba7b3f5
S265_CLAIM_911AEEFC90E4CAB6C3B4,claim_3d6da970caa7
S265_CLAIM_911E6383E2BA3AE594BF,claim_f645f8b38ec0
S265_CLAIM_912CC1114C95A0ACC42A,claim_d770ed8519c0
S265_CLAIM_912D31FC909FE692BCD9,claim_c99ddd3dccc7
S265_CLAIM_913DF7099BE6D05569B4,claim_f618bb48b60c
S265_CLAIM_914A5F42CDA80066D1BF,claim_81bd11b02184
S265_CLAIM_914C5168946DBA7696B0,claim_d2e5112085b3
S265_CLAIM_91609ACA4E81B50810BF,claim_4f579cccdbf2
S265_CLAIM_917739E5AE86C4144306,claim_2fd02b8933de
S265_CLAIM_918483816DACB67928AE,claim_283e884cf72b
S265_CLAIM_9189CDDC2BF3B5B784E3,claim_83d5167c19e7
S265_CLAIM_9194A139345FA19F234D,claim_0114b5806bb6
S265_CLAIM_91BCAC146CBE5C0EECDB,claim_1eaec1b1569d
S265_CLAIM_91D06137A5C6240D92A6,claim_eab28e6754eb
S265_CLAIM_92168EFA6C1DE339730A,claim_042ba551ac86
S265_CLAIM_921B787D547494FCEBF8,claim_bfcc6adf241a
S265_CLAIM_923661F96D296277E7C7,claim_99454033dd06
S265_CLAIM_9265296DD8242AD189C2,claim_a6589b50904a
S265_CLAIM_927B36142B37B3F5C281,claim_08faa9a5359c
S265_CLAIM_927D9018E61FAC18E932,claim_8006a32e7b2c
S265_CLAIM_92811E2F179406423032,claim_1be8971658d2
S265_CLAIM_92847C0BD4875EADA84F,claim_5b34be1c31b4
S265_CLAIM_929C52D0B42156241A63,claim_75b3019e2a3b
S265_CLAIM_92A6361AD0314C6ECA16,claim_d5749cedd6c7
S265_CLAIM_92A7E21D5641BF1B0465,claim_af3084e14a59
S265_CLAIM_92A8779AB545516DC35F,claim_3984f5dd1a38
S265_CLAIM_92C49888C31AADFB8361,claim_dda9fb6eeb64
S265_CLAIM_92CBA6F39079FFF0B59B,claim_0d91c13c56fc
S265_CLAIM_92CC239869A375EBC283,claim_6547d3a9746b
S265_CLAIM_92ED97070CAF3D3172E6,claim_33539ad9d20c
S265_CLAIM_92EF051BE3DCA35285DF,claim_e9e55ea3d39f
S265_CLAIM_9329C3604106B97C6DD1,claim_7a45164fe102
S265_CLAIM_9339A65C31321492A074,claim_13ea94408a9a
S265_CLAIM_934A982CE22986972CFD,claim_d3bd0321c0f7
S265_CLAIM_934E38102A5173E048BA,claim_4d64d65fbd59
S265_CLAIM_93500A08A0D1B23F0AED,claim_fe619ca04f14
S265_CLAIM_9370A053E55CE96CCBC5,claim_3bbb8463c5ad
S265_CLAIM_937BD4B68B551F9E27F3,claim_d5754b2dc411
S265_CLAIM_937BD7CCC13A09A371CD,claim_132d6d528314
S265_CLAIM_937F3EB4A725D0B27904,claim_a96a62ff1f49
S265_CLAIM_938A145BE2BEF086622A,claim_113c9d6fc277
S265_CLAIM_938BCF6871D77FE1B4BF,claim_9c86736ab9fd
S265_CLAIM_93A3C5FA3D8C75CB2378,claim_de0b5d0e8cb2
S265_CLAIM_93AAAE4A16738FF34B48,claim_f6a6ed4a94c9
S265_CLAIM_93E7B0E056AA47A8FFCA,claim_98e0e0782345
S265_CLAIM_93EAA109CC1702E1D6DD,claim_246835b90ab4
S265_CLAIM_93ED9C88898D60F21603,claim_ed8c33415353
S265_CLAIM_93FAEC2773C2F873F242,claim_e1bc3f16f3e1
S265_CLAIM_9403E1D229CB7B425476,claim_72abd2acfb68
S265_CLAIM_94118BE660B8D8E4AB5A,claim_fa4a9e2b5144
S265_CLAIM_94194336F8568114F1B3,claim_7f19f6ee71f3
S265_CLAIM_9432E1362D83B81AD537,claim_e792c240c9b8
S265_CLAIM_943B67D14600A8455ED8,claim_44afb1535b5a
S265_CLAIM_943EEBC38F0A0D7C6E85,claim_bc574534ac5c
S265_CLAIM_944F461554CA72CD0B72,claim_9773806d0326
S265_CLAIM_9469FE0F905E15EB709E,claim_1b502208835f
S265_CLAIM_947007B614A64F640D4E,claim_7a9a6d417d3b
S265_CLAIM_947D031053A8B2CB93C5,claim_e73f90575634
S265_CLAIM_948CFE77F245D38DD167,claim_f16596dea374
S265_CLAIM_9492D467DEC5FF6A02ED,claim_3067c3846811
S265_CLAIM_949E24A9E12400BC26FE,claim_6b8503c81709
S265_CLAIM_94A01A41291ABE4C049D,claim_7d180d28ac7b
S265_CLAIM_94AD8769543487EA15BB,claim_571a4eff31c4
S265_CLAIM_94D03143FC8D908B4F7F,claim_9d92dff2d2d0
S265_CLAIM_94E44A939DC19E1BFC83,claim_755aa6ed40d4
S265_CLAIM_94ED4A18A285BC00D010,claim_c32440c53f33
S265_CLAIM_94FC18F03DC0B18ABB76,claim_f6181dda2d90
S265_CLAIM_94FC95ACAED07AED9704,claim_814d5079740d
S265_CLAIM_94FDEFC29BAB8D87496E,claim_5c26d753df44
S265_CLAIM_9518A09B8169B665A72F,claim_3fb23f80617e
S265_CLAIM_953A9C1DDD665DEE993A,claim_3031217ae33d
S265_CLAIM_954B2E1FE551B6141990,claim_867c46172324
S265_CLAIM_95739498C8DD996618DC,claim_2f56103e2999
S265_CLAIM_958A0E7429353D19171F,claim_a59c5b623c1f
S265_CLAIM_9592793A6ECC7436D9A1,claim_383b275a5c4b
S265_CLAIM_95952268B0B0CB9D9D96,claim_2c2dd6260f22
S265_CLAIM_9597FD630F5BF8D972E0,claim_f85541d9e766
S265_CLAIM_95AA74B9CEAFCF1AB024,claim_005f72e664c0
S265_CLAIM_95AE184F6D83FCC3B0BE,claim_bd6603a2d183
S265_CLAIM_95B2A95C9CF67D947F9C,claim_d860123748d4
S265_CLAIM_95C1035ED389F616156C,claim_7018ae552f2c
S265_CLAIM_95C3962A6843742AA129,claim_046a6f67af7b
S265_CLAIM_95C7090BC43AA5A71F88,claim_278f52a10ade
S265_CLAIM_95D1BF7280A137483EFD,claim_3e2ae0aa8d08
S265_CLAIM_95E4A9615F93222FB114,claim_51fb0f253988
S265_CLAIM_95F1EB67195282DEB2E4,claim_875042d0f6fd
S265_CLAIM_95F63C12271D72DDAE51,claim_553654201d6b
S265_CLAIM_95F6B59AAE31DCEA0FE5,claim_c7a96b7bc5e0
S265_CLAIM_9600F4C8B44B27361B8F,claim_0ce01da9c38b
S265_CLAIM_96021D0AC0B1D8DD6D50,claim_f1d88c212401
S265_CLAIM_960CEAF68F08B11CD647,claim_15cc2c0f3321
S265_CLAIM_961C402DB587350A8EB6,claim_2ff9ce9f0da4
S265_CLAIM_963228A254D2D4605272,claim_196beb926d14
S265_CLAIM_963663BA44B9CA55397E,claim_5a27c4b51a02
S265_CLAIM_9637530D23072D4C7DA8,claim_65ac63a28019
S265_CLAIM_9640D627AC7C020D7E15,claim_20cbcede1a22
S265_CLAIM_964C2EF36513070DCF03,claim_d30c3f95b5c0
S265_CLAIM_967BE9F9FF7819649EC8,claim_a03cfeaa60b5
S265_CLAIM_96843262961277FB8AB4,claim_bb2759565392
S265_CLAIM_9685C62E64D888A4F497,claim_3dc3fc358032
S265_CLAIM_96940FACD038B41ADB75,claim_635398c6f3ba
S265_CLAIM_9695FC4431C5B6039FB5,claim_6456ac475adb
S265_CLAIM_96A92DA5CDC96AD7FFDE,claim_73df82fecc97
S265_CLAIM_96BBFCB848B228A8ACFF,claim_9d0c38eacf6e
S265_CLAIM_96C1D6A6C86B7FCD352E,claim_1769f30dbfdd
S265_CLAIM_96E78BC42F211E4CF992,claim_031ea2a410d9
S265_CLAIM_96F6FD1C9832FDCA6A68,claim_80016d157652
S265_CLAIM_970836910C90896221D9,claim_8337b632ac62
S265_CLAIM_9712B27A52118D35FC00,claim_d3167b606138
S265_CLAIM_9735B8D80E3CFF18C598,claim_d09d957b8c98
S265_CLAIM_9738882048222FFE8FDC,claim_129fd09ab348
S265_CLAIM_9755863F438E8FF0F6BA,claim_da72604df9e0
S265_CLAIM_9767AD907BFBCBE3A679,claim_1db8094a2ac5
S265_CLAIM_978A8B2CBA5BFD6B6E1F,claim_4c27af8f0c3b
S265_CLAIM_978D9EA90729E7784AD3,claim_4efc76e78623
S265_CLAIM_978FE37AEB533CDF9B27,claim_66ef08e663cb
S265_CLAIM_97900D99FEBAC01DE24C,claim_845f88a1b575
S265_CLAIM_97A4D668ABAFD7B3B924,claim_6627696301d9
S265_CLAIM_97AAB476E887CBC5D46B,claim_804f52eb67e3
S265_CLAIM_97B348F3C091A3705008,claim_9f3e435cd8d9
S265_CLAIM_97BE704681595BF8DB3B,claim_272da904c932
S265_CLAIM_97C41404C88344EF9A99,claim_72361b953c23
S265_CLAIM_97F2E4CBA6FBD8F463A6,claim_b574e14c4c3e
S265_CLAIM_980365FF178C9B0C193A,claim_94070f2b8dbf
S265_CLAIM_9803DF4A5393CCD15D6F,claim_b5ce7f59753f
S265_CLAIM_98092238068A76D7832F,claim_de256927c583
S265_CLAIM_9821092A844D70371508,claim_830dbc042d4a
S265_CLAIM_9833B9DA1CD73A0FABB3,claim_7c67dd4f534c
S265_CLAIM_9839B7FC36303DEDE6F0,claim_ee683ba3ac7d
S265_CLAIM_9845D2F2C0C2D31F7BD3,claim_39293a3d6be3
S265_CLAIM_9857C81A61D710E274C6,claim_09f065f42053
S265_CLAIM_986FCC6C4BD150D374F8,claim_50720933da9d
S265_CLAIM_9877D79B57797E9C6903,claim_5db457096bde
S265_CLAIM_98906CEB3E2D6501DB79,claim_0b63643c9a4a
S265_CLAIM_989BF627DCDFF825DA94,claim_4a3c6ae9076f
S265_CLAIM_98A6CB4C6CC8AE9853CB,claim_24fbb30a7b83
S265_CLAIM_98CA343786F877EDA984,claim_67571538a910
S265_CLAIM_98D4D4BD1FEC624CC336,claim_db61b2244c51
S265_CLAIM_98D9E60A2B2D27DB2125,claim_12130aa8a779
S265_CLAIM_98E69968BFDB61A11C4F,claim_af8d77702895
S265_CLAIM_98ED4E4C09A23CD4DEF6,claim_96b10b75bcfe
S265_CLAIM_98F400AAADEEFFA4743C,claim_2842dea43457
S265_CLAIM_98FD12DE0DB5ACD7EE2A,claim_12a4c241c40d
S265_CLAIM_9906AC34CCF1BAC95246,claim_9c541d82bb8e
S265_CLAIM_9906CB76849BDE7024B2,claim_8fddc92e5482
S265_CLAIM_990DF3AB9ACB098D2DE6,claim_647cb515d464
S265_CLAIM_991897FB5CCFE2790288,claim_20c575e567fe
S265_CLAIM_9918D22BF4D9285FB728,claim_33a06bf82715
S265_CLAIM_991C63C06E8477721415,claim_64d24b1cae67
S265_CLAIM_99402DD77A8E946B0500,claim_8449a4bf2759
S265_CLAIM_995065C719D39D96FFB2,claim_7213a9c70e41
S265_CLAIM_995FA6E85AFD7F69B9CE,claim_9af4e2bf80eb
S265_CLAIM_997FD022416B9A81221A,claim_d2a433279b20
S265_CLAIM_9980E8861812DE3072D3,claim_fefb65c6bf7d
S265_CLAIM_99936C5C98A888632572,claim_31750197c2a2
S265_CLAIM_999E79959B1A7825CFBC,claim_f7cc6a929913
S265_CLAIM_99A0D6288585BFD6A54B,claim_4cd3eabf62de
S265_CLAIM_99ADD37E425162DC7F5B,claim_158c026f6900
S265_CLAIM_99BE3946B39F018D8507,claim_71160e26f626
S265_CLAIM_99C425115B0AABDF668B,claim_bc85005d75b7
S265_CLAIM_99CE50CE89960E54B8F7,claim_b35330400091
S265_CLAIM_99DE38CCC24311AFCB95,claim_93be543d5e3a
S265_CLAIM_99EE2A6F4C281F1A9069,claim_020f7b261b29
S265_CLAIM_99EEEC9A14063E5AF370,claim_e445ebee8769
S265_CLAIM_99EF6FBEE212E25F0616,claim_fd56944d92a0
S265_CLAIM_99F02E8DCD89095688F1,claim_b0a1cd918f5b
S265_CLAIM_99F118DC3D3FA495885B,claim_41d2c3cd0876
S265_CLAIM_9A0ABCA8F3540D526230,claim_deb8a200cd12
S265_CLAIM_9A2C2C036B73171BC5B6,claim_305a8cf99d83
S265_CLAIM_9A3866193331A3C54600,claim_abfce8dc97a9
S265_CLAIM_9A488362BE04461ED599,claim_7c38ab43e932
S265_CLAIM_9A4B9C1C130AB46F16EF,claim_b90df0d07bd7
S265_CLAIM_9A59CE1B8C69FCFC3C06,claim_ca0023c59a53
S265_CLAIM_9A5CB126ED412B475242,claim_28907b659a95
S265_CLAIM_9A7362A88B9A14764E0B,claim_6ebfa230f1cf
S265_CLAIM_9A739289C78CF48C89E1,claim_751e0f42f832
S265_CLAIM_9A7D92FFCFBC6F1B69A1,claim_f47816dec266
S265_CLAIM_9A7EE5136F92A33567C2,claim_8cde68208072
S265_CLAIM_9A8AEE6FC53BEE57B967,claim_82a84f37dc90
S265_CLAIM_9A978FEE041472AAFF32,claim_bc65e057cd03
S265_CLAIM_9AABC16451C7FE60BFFE,claim_30da96bd9847
S265_CLAIM_9AB124F0DEDA32E55352,claim_a0f268364ae2
S265_CLAIM_9AB4ACCFC13C81DCCAB1,claim_e6908c496de7
S265_CLAIM_9AB78EA860E48E7E9221,claim_80f8ed154388
S265_CLAIM_9AB95775333FD28C3117,claim_4a071a0a7169
S265_CLAIM_9AB9BA4E4471F7AF25D5,claim_79231ded653b
S265_CLAIM_9AC0DD1504663F0FB0DA,claim_535f0d04a305
S265_CLAIM_9AC3BA6FD0BF385391ED,claim_3adb5b980862
S265_CLAIM_9ACD8C23606582F92D0F,claim_ce42f168560d
S265_CLAIM_9AE6985772FEDA5499A5,claim_35006d68e4dc
S265_CLAIM_9B090010564268364008,claim_cb6036a7fe71
S265_CLAIM_9B0B05F5EBA3FA83C019,claim_941153cb5bda
S265_CLAIM_9B1B5E1DF620409A94A2,claim_c49777291554
S265_CLAIM_9B248B846FC5DE6D948B,claim_48cccad5d2f9
S265_CLAIM_9B2BF545E05C4D1AB45D,claim_c613c73ab7d0
S265_CLAIM_9B344AE0072E7CFEBCE2,claim_00b654d4e677
S265_CLAIM_9B35B6D37211F29E03B1,claim_4974528d8ee7
S265_CLAIM_9B49DF70A9D58EEE3F4A,claim_8a551723ad3a
S265_CLAIM_9B4C2605E320DED8A812,claim_647f69b33545
S265_CLAIM_9B53016390AC8380C41B,claim_923e68bf6b79
S265_CLAIM_9B53C17A3476850F506C,claim_b343d043a54c
S265_CLAIM_9B625ADE88DF8D121461,claim_42c769cf47ac
S265_CLAIM_9B6CE01CAA29CCD9AEAA,claim_9b588ec86d44
S265_CLAIM_9B9015F643359AE50728,claim_187045f847da
S265_CLAIM_9BA3A5B2D45EE9CC849F,claim_eefd0c7566b4
S265_CLAIM_9BA5ADE73103737D0190,claim_1bce78447d6d
S265_CLAIM_9BA9A8AAD343F6C9C239,claim_c64f5ff48763
S265_CLAIM_9BB15B2A13ABE5CE78D3,claim_2b99ce479c06
S265_CLAIM_9BBF6948294012B25F9D,claim_dde07786d156
S265_CLAIM_9BCEFF83855FAF10C4E0,claim_5c080ef3eea2
S265_CLAIM_9BD00B00CB585D200698,claim_268e5d7df07f
S265_CLAIM_9BD4D618A9B9682CCFB0,claim_2176ba169b04
S265_CLAIM_9BEDCD354F9484FEEF87,claim_3da718893c27
S265_CLAIM_9BF237BCE7C95612220F,claim_1120c178609b
S265_CLAIM_9BF400FA0F0496B8DA5A,claim_a7960d460501
S265_CLAIM_9BF6C238E7316E5B78D0,claim_faf332114668
S265_CLAIM_9C285BAB9E3774EDE671,claim_d6157b9aeed1
S265_CLAIM_9C3AD25FAAE32B7870CE,claim_661a07022e58
S265_CLAIM_9C63EBD33F637AD17BEB,claim_24a9f9cdc4ef
S265_CLAIM_9C855628997478B6862E,claim_5160a41f289b
S265_CLAIM_9C8A0F2B109DD09A754B,claim_b332dd7cb9ee
S265_CLAIM_9C99DE921999A0A7668D,claim_767c95515a88
S265_CLAIM_9CA3822BB1943DD26684,claim_79ff576634ff
S265_CLAIM_9CC452FD6E3E8B378937,claim_bb2f7b9ed582
S265_CLAIM_9CC786BFE49A204608C4,claim_0586548d954d
S265_CLAIM_9CC97AF86672BF7657A4,claim_e47485e8c0bf
S265_CLAIM_9CE6141506BF9579C159,claim_66f60ffec2bc
S265_CLAIM_9CE9515A493879881EF1,claim_58d224ddfc9a
S265_CLAIM_9CF25BBEC232C0EB40EE,claim_1322b43abc84
S265_CLAIM_9D1C829506B6A5E6D9A7,claim_4c044e020760
S265_CLAIM_9D33101D57EBE2AE0159,claim_16a612b386ea
S265_CLAIM_9D5871421AA611D31A0D,claim_be6db451d6cc
S265_CLAIM_9D6A3F32192F20EDBA5D,claim_089b9fef0bd9
S265_CLAIM_9D94299E659C2F8D1FB2,claim_1bef31748777
S265_CLAIM_9DAA99D86EDD996184FF,claim_062e1f6719b2
S265_CLAIM_9DAF4BAC1475465189C2,claim_c8da4d735f25
S265_CLAIM_9DD399232677F776DA6F,claim_885f9f092271
S265_CLAIM_9DDFD1CEBA323DAABE9F,claim_427a4e176e56
S265_CLAIM_9DE2EC4A591DD8AFAF94,claim_f41ca130a903
S265_CLAIM_9E03616E1C98A1464E7F,claim_9f7542d82e90
S265_CLAIM_9E3800B59922187BBA41,claim_c38872bff000
S265_CLAIM_9E3FA828F8B5CAEEFB0C,claim_67336c20d896
S265_CLAIM_9E3FEE41E62C070457BE,claim_d6482b10b5b2
S265_CLAIM_9E5F9D605704C9FC0F5C,claim_efd2e2cd7e20
S265_CLAIM_9E73E5484B132977D13F,claim_260d1ab2f3ca
S265_CLAIM_9E8364147116FD563BAF,claim_4755cbe478ac
S265_CLAIM_9E876F720F3A902CCA28,claim_94adf88357b7
S265_CLAIM_9E8AAA46354A7B3AC057,claim_a3a27e79919b
S265_CLAIM_9E8DEE5A928E46E7AF87,claim_34968e2a91a3
S265_CLAIM_9E93696B55163EE33827,claim_81ef2c4d9e56
S265_CLAIM_9E9EB1DDDD788E5D1293,claim_152cd9d198da
S265_CLAIM_9ECC9E05EC087173486D,claim_7f0df0dd5ba0
S265_CLAIM_9EDB645049477E013C29,claim_c5528e6872ed
S265_CLAIM_9EF1F20BA299F4A58EE9,claim_f9fcac6b2cee
S265_CLAIM_9EFBF096FBBD33F5DC0E,claim_b106059f1231
S265_CLAIM_9F087FC8832AAB77ACEB,claim_bc34c64308e9
S265_CLAIM_9F10A150C8F3D1112B37,claim_cec4ed559980
S265_CLAIM_9F354E726E4A3BB7705B,claim_2923f7528800
S265_CLAIM_9F3EAB14A9202F8AC9EC,claim_7d2d4752cd7b
S265_CLAIM_9F46912AF1FDF423DE23,claim_f60d3a067f77
S265_CLAIM_9F5BD7FD18F0FFEFC2E4,claim_f79dac2122b6
S265_CLAIM_9F77F4C05F94E2FC6D53,claim_a2423e662553
S265_CLAIM_9F7960E23D2CF0212C20,claim_70f416ec406a
S265_CLAIM_9F79879EA497D2056F4B,claim_64dee5b64e93
S265_CLAIM_9F7E9D513DCDB6D986DA,claim_cd1935321699
S265_CLAIM_9F88EE9AE18720D51B08,claim_c8f02888fce1
S265_CLAIM_9F8F93931A0240DD0DBA,claim_d9fd4d617467
S265_CLAIM_9FCB647D76DF550310D2,claim_6c908ee98fe1
S265_CLAIM_9FEA2D87EB8683497179,claim_2752542c06bc
S265_CLAIM_9FF9C868338618153E3F,claim_6ba426c0c450
S265_CLAIM_A0068BB04EEBE3FC07AB,claim_4d70f3d33f43
S265_CLAIM_A00F0345991E27BB5F02,claim_3ce3a249be2e
S265_CLAIM_A010216D136C5099160E,claim_ba4fd0f19181
S265_CLAIM_A012F56ED119AEBFFE99,claim_bed3ca3f1817
S265_CLAIM_A01D52C8967F4548B40F,claim_7d3cc1215989
S265_CLAIM_A0209DE0E20C899D5577,claim_e1c81ae6edb6
S265_CLAIM_A03159234C0E4A6C9697,claim_0041618eca85
S265_CLAIM_A034146609C5B649D7FB,claim_201e904afac8
S265_CLAIM_A035875F243052528538,claim_1a35b60626e7
S265_CLAIM_A042B9F247CD4A2A9FEE,claim_804ccaef8121
S265_CLAIM_A04A0631173AE2780A76,claim_7abed713b35e
S265_CLAIM_A04EAFB1A765946A682A,claim_e8105272a282
S265_CLAIM_A05029A4CD76588C039D,claim_a2039d862fdf
S265_CLAIM_A077804541B10ABD9782,claim_238e208a0825
S265_CLAIM_A0A48481D9B90FB9ABDE,claim_93474d912c19
S265_CLAIM_A0B2B70DE4E944DE86CC,claim_9c1ae2bab590
S265_CLAIM_A0B8C25AF059FEE5D278,claim_fb307ea38dcb
S265_CLAIM_A0BFBC4795DCA0A1D8ED,claim_01376ae95928
S265_CLAIM_A0C4FE4EBC3042AB12E4,claim_b0de18acf75c
S265_CLAIM_A0D6B0B2BABD6F753E7D,claim_edaae0bc3328
S265_CLAIM_A0E38478765132F42624,claim_66d9db8e30a3
S265_CLAIM_A1068E30715A0614E45A,claim_ce5e6179ee32
S265_CLAIM_A10D72E5B509414A7635,claim_297e43ab957e
S265_CLAIM_A10E3C9A5C5AAFEF2AD4,claim_f1bd3e93625b
S265_CLAIM_A11102B04FF8CFF0B7A0,claim_33595431d75a
S265_CLAIM_A1220D2FD3378C534791,claim_b4cfc22cf8dc
S265_CLAIM_A1562E6A66FAAE9A72F5,claim_1f2a4896d4e0
S265_CLAIM_A15BAF79C21652490929,claim_111f5364e706
S265_CLAIM_A17D1CC1308DB690FAA4,claim_45c15e943a7a
S265_CLAIM_A191CC173A8CE0473254,claim_fb1e4cdaf1db
S265_CLAIM_A198F52AD7339A59DB21,claim_cea46582f52f
S265_CLAIM_A1D0C87265E50AEDE6C1,claim_fd53d3a768bb
S265_CLAIM_A1D400048D8B8E3CC4C2,claim_afaf25de38ea
S265_CLAIM_A1D9B40E84DFDA7355C7,claim_741a3876d4e3
S265_CLAIM_A1FD416B1DC2D5563BE8,claim_7d6c8ff860eb
S265_CLAIM_A20721ED983203931617,claim_4a8b335c0f51
S265_CLAIM_A230008047B25A527B84,claim_c1a84f52583a
S265_CLAIM_A233D4851C5667C62C7E,claim_25c00a8af068
S265_CLAIM_A2358DFD5C5339EC3933,claim_4dbc1ffe3c26
S265_CLAIM_A2382E37F7F493D7C745,claim_a601b3d9cb43
S265_CLAIM_A23EFE8C4CE7FBD1D28E,claim_d6fada8aa478
S265_CLAIM_A245E5E433A3DB7CA1F5,claim_e51ae6a38088
S265_CLAIM_A25D0783FAD4BAF7B413,claim_a6045c580b52
S265_CLAIM_A26943AEB286A80CD8D6,claim_510bd1c8eee8
S265_CLAIM_A283F046056ABB6846E7,claim_9e2d589bd5e0
S265_CLAIM_A29FF7A261BEE53E510D,claim_608bda8145ae
S265_CLAIM_A2A6CB4A0D1D3234E0D4,claim_90d1fd257d09
S265_CLAIM_A2B63940F3CE98C1FBCF,claim_82b3028a13a4
S265_CLAIM_A2CA5CF14796C5BFCBE5,claim_b1b12a0eaa06
S265_CLAIM_A2D0BA487085692D474C,claim_2436a47ab928
S265_CLAIM_A2D16DD307B55B7AC049,claim_9830e9511d40
S265_CLAIM_A2E93596D82EBDE92BA2,claim_029f36f45633
S265_CLAIM_A2E9C88FB5E78EB438E2,claim_693f1e6c1dad
S265_CLAIM_A2ED7F551546C24D3E34,claim_65e1130e1011
S265_CLAIM_A2EFBFEC5648DCD8C9F3,claim_5ae24a0eed1f
S265_CLAIM_A2FC89D056B1FECBA09C,claim_d931f2a33b97
S265_CLAIM_A30C100BF53EC49A2BF2,claim_47a59066013f
S265_CLAIM_A31A1CD33D30B41659E5,claim_22b398f6245a
S265_CLAIM_A323006D2584012C16E6,claim_70b82960f984
S265_CLAIM_A3232F9B4AE9A8839DAD,claim_f70ee5b3a1f0
S265_CLAIM_A324E425921080FF80E9,claim_91cfa9331c39
S265_CLAIM_A32FE3B2C19A9DEC2E11,claim_579fac0d45d3
S265_CLAIM_A356667A7439025BDF90,claim_2924952276d4
S265_CLAIM_A39579DD7DF7207785CC,claim_9e0f256733f3
S265_CLAIM_A3A199BD58AA455E1C76,claim_e07f31979cea
S265_CLAIM_A3AE574CDB0DF8F8D291,claim_0c6f3fb0e802
S265_CLAIM_A3C10FB7720A967AFF2C,claim_44a844f8e6d1
S265_CLAIM_A3C787F87581D8170ECE,claim_74dff250a4d9
S265_CLAIM_A3CAF22FE8315DEA61E9,claim_15853cc7e22b
S265_CLAIM_A3EF4F9FAA02FAFB8FE4,claim_28cdd081e3ea
S265_CLAIM_A40EE41A76612C81EDEF,claim_b17bce08d257
S265_CLAIM_A428B527DEF22F2C58B6,claim_9f69b78cbe9b
S265_CLAIM_A43D12F43BCD990EAAD1,claim_83f207f9c302
S265_CLAIM_A443DA2D0E441BB681A2,claim_0f080c88056d
S265_CLAIM_A470205D125F79070A26,claim_28702d95b84c
S265_CLAIM_A49577ECC613485D7469,claim_fb80f3ff5646
S265_CLAIM_A495909FEA9D6443E3E6,claim_90ce53550b3f
S265_CLAIM_A4BD3737EF46950DD527,claim_ca0cba0f1d94
S265_CLAIM_A4BF1138A324CD36E5E7,claim_0e76e5f40a1e
S265_CLAIM_A4CF8FACB40F6B4951BD,claim_52e2fa48dc9f
S265_CLAIM_A4DF6E98410945CB8070,claim_5755c5efb35c
S265_CLAIM_A4E1134C23A249198920,claim_201c4c0fd2b5
S265_CLAIM_A4EB96CD587D905D4705,claim_418c287c5d51
S265_CLAIM_A4F4B149D4D9ED494549,claim_43b710eecddd
S265_CLAIM_A508754ACB65B24D8086,claim_08cab0709f99
S265_CLAIM_A51685FE7C93C85CCCA6,claim_b72400010149
S265_CLAIM_A526766E5A7A886C12BF,claim_bdfe9d1555d1
S265_CLAIM_A52A1C71DF6178486082,claim_2cf7dbedb316
S265_CLAIM_A52C543313A5CBF48404,claim_bc48a8a2ee08
S265_CLAIM_A54C93B9043F3C21F89A,claim_380358eec944
S265_CLAIM_A55433D72C36C845BDB6,claim_acb1a25a73a0
S265_CLAIM_A59181AAFEF0E11784A2,claim_f4acef8fb909
S265_CLAIM_A5A51459767ADA019C82,claim_f2c2a08869b0
S265_CLAIM_A5B359BB53F5D9E17CD1,claim_6497fa1b7e2f
S265_CLAIM_A5BEC490DB2153584AF1,claim_9bee7de2363f
S265_CLAIM_A5D02F5A0433CC1594F8,claim_6a468bd10ec5
S265_CLAIM_A5FF9B718FF85A3E592B,claim_ea41c6204fcb
S265_CLAIM_A60B2B765DECAE757148,claim_f14fa53e1ac7
S265_CLAIM_A614B1D2F837DA7EBBBD,claim_1843af5d0632
S265_CLAIM_A6159A12064C2A4704C7,claim_9743545731e0
S265_CLAIM_A61DD3F469BEDDC364E6,claim_70f148b3d453
S265_CLAIM_A62BD4A56CA6019BF376,claim_d900f8a08cd7
S265_CLAIM_A6406DC3F656C25ECAA4,claim_cde9fc7a9892
S265_CLAIM_A641BBCE7ECA712BC82B,claim_20160df77e34
S265_CLAIM_A653CB84EEC250E0A285,claim_a109cae5dce2
S265_CLAIM_A65C2341CAEB4E388FA6,claim_dff63430f9c5
S265_CLAIM_A66B075FD5870DCE5F75,claim_8ad40c556eb6
S265_CLAIM_A671E714576EA9772752,claim_62a23667633e
S265_CLAIM_A680B476E89870C268D9,claim_35b53d9736d5
S265_CLAIM_A696AB257159D8B13221,claim_bc8d019c577f
S265_CLAIM_A69976ED4EAAA0B79A68,claim_05ae25d22b3b
S265_CLAIM_A69E3746E1317826B7CD,claim_a49a843ad3ea
S265_CLAIM_A69EEB21994F38D99951,claim_43d7ad94decc
S265_CLAIM_A6B401D243A76C47D2CF,claim_77b1f7248472
S265_CLAIM_A6B7C2C0255A48976136,claim_a8aeca083dbd
S265_CLAIM_A6D4A38CDE51FB649F5E,claim_7978229bbdea
S265_CLAIM_A6E52C451ED2CD430947,claim_922dda16c1ff
S265_CLAIM_A6F0058158EB3A85F84D,claim_a40f623cf30a
S265_CLAIM_A6F59CCAC961317342FF,claim_b6f0698a93ff
S265_CLAIM_A6F67C978B200D23030F,claim_4547512ebc69
S265_CLAIM_A6FE541A2277C343A153,claim_51cb421777dc
S265_CLAIM_A76178132F31D6DBF2F9,claim_3fd4b07d2a59
S265_CLAIM_A76C086C1C940A98EF73,claim_d781079d94fb
S265_CLAIM_A7704D3DA451A74E483C,claim_436c3be0d9e2
S265_CLAIM_A77581269AD4973B5589,claim_1910df17a7b9
S265_CLAIM_A7AA709515FF33F35EB8,claim_23b20e5d4451
S265_CLAIM_A7ACC7EB525DF61959FE,claim_c7e08ecaaf61
S265_CLAIM_A7B1F0ABA894EE2526BD,claim_f4f85ed06dfe
S265_CLAIM_A7DBF971B21DF63E7B9A,claim_5de5c91bb40c
S265_CLAIM_A7E39B8FCA43A30C363A,claim_c09cfd87be4d
S265_CLAIM_A804A3456880BF64C461,claim_5da8c548224e
S265_CLAIM_A82E7720921715676CAC,claim_c35e6a3fd7a2
S265_CLAIM_A834AE4842A163C361ED,claim_f9a5f86d9cd4
S265_CLAIM_A8511F3A975034BB53FD,claim_56353d9ca190
S265_CLAIM_A851B1F338118C42AE08,claim_be50007cff14
S265_CLAIM_A85BF96114A427749FE7,claim_b1f5cd70ab6e
S265_CLAIM_A8648BD67335BAEF33F9,claim_785d6a53d014
S265_CLAIM_A8A21A4F61D157055D18,claim_04a08dc41c17
S265_CLAIM_A8A4B72B0AAA8E21BDED,claim_08ba817e56a3
S265_CLAIM_A8ACAD06FC107A7830D6,claim_87e713872ef0
S265_CLAIM_A8BEBE1D4A8FD4711739,claim_c97d4a57cdfd
S265_CLAIM_A8C4F186A307DF3C9260,claim_c96b9507ce0f
S265_CLAIM_A8D37E815F03B59F8A84,claim_2e9ef41bca7e
S265_CLAIM_A8EF4640145D080A5E77,claim_d62e32223df1
S265_CLAIM_A8FAFF9F842B6E4FB2A3,claim_d0012362ad83
S265_CLAIM_A9213E367793CFE4B1C7,claim_0826aab86ac2
S265_CLAIM_A9386BC8BEB4D623C560,claim_77a48dfeca69
S265_CLAIM_A9484C647CBF2251C60B,claim_93d8d659f240
S265_CLAIM_A9498AB241C68C8B055B,claim_426d4601e946
S265_CLAIM_A96904A18E256EAB4DE3,claim_73c12f767760
S265_CLAIM_A96DC2729DEB829F359D,claim_583ae9e94a60
S265_CLAIM_A973C07326932B9E7946,claim_b88c932b1be0
S265_CLAIM_A97A33F1357A5599EAE0,claim_18a38033ee1c
S265_CLAIM_A97F4CB29A77A4476A88,claim_bc4098d170cc
S265_CLAIM_A987C001634A5949F146,claim_4cf019431db2
S265_CLAIM_A9B2ACBECC0105A0824C,claim_1230bff8c89f
S265_CLAIM_A9CEE92B99309C3B3938,claim_502fb9dba35e
S265_CLAIM_A9D0DB33F93D7181182E,claim_850773f1ad7e
S265_CLAIM_A9E47A736EB30D064F9A,claim_41a6342bee0c
S265_CLAIM_A9EC81A999BA7247494E,claim_94ae07010016
S265_CLAIM_A9F51A0B59F68FE07075,claim_b599c170d6de
S265_CLAIM_AA2C426F65338F5A7FB5,claim_558c394db0b2
S265_CLAIM_AA30AE838EDB1E23CADD,claim_feda693f5ecd
S265_CLAIM_AA37F65D82DB64104A1C,claim_b079e80474c2
S265_CLAIM_AA5FC4AEA1E258A3FA70,claim_d605f64bc9b7
S265_CLAIM_AA82AD54114FA58DC3DC,claim_1445a379d205
S265_CLAIM_AA8CDC00C86A322FBECF,claim_a2ce99cd227d
S265_CLAIM_AAA3802082B52DE28A7B,claim_d37c043b56dc
S265_CLAIM_AAA558C1868333ACEA7E,claim_dd1d25994861
S265_CLAIM_AB0A403E0845BAFF8DF2,claim_c732250b2f40
S265_CLAIM_AB2E094F090B84739FBC,claim_8d85c319c491
S265_CLAIM_AB49842184F835FA0C32,claim_6cae67c267a8
S265_CLAIM_AB858953C3CF27B4B186,claim_e02a158532be
S265_CLAIM_AB8E525AF31476965FCF,claim_43e7102d9e56
S265_CLAIM_ABA71FCC01936941AB68,claim_99fb900eee89
S265_CLAIM_ABB1A0E0DBDF55254DDD,claim_08f91c3769cf
S265_CLAIM_ABE797F169BF82C4DCAD,claim_c60015e490ab
S265_CLAIM_ABF2792A45EC457C1BFA,claim_24f494ac013a
S265_CLAIM_ABFA643B1D843FE86CF1,claim_c73ba670bd95
S265_CLAIM_AC0087EA2E90D8338E22,claim_a14a89bfab00
S265_CLAIM_AC13CD66EC34E19AF042,claim_e15af666e412
S265_CLAIM_AC192F63A316BB92E848,claim_d2a12e4d5c85
S265_CLAIM_AC2543E6494AA810E62F,claim_91ec78f33da5
S265_CLAIM_AC25D7D442CE9CFD4A3A,claim_fa44cf10f7b0
S265_CLAIM_AC276A81012CA748654D,claim_fdd3aa15d61b
S265_CLAIM_AC3085DB2F592A0314D3,claim_e002f00e3985
S265_CLAIM_AC47969A78727633E687,claim_6c8c94052586
S265_CLAIM_AC5297759A2BFEAAF180,claim_e4fd180f46ea
S265_CLAIM_AC6A20610A3DA7F13008,claim_5a26571517d2
S265_CLAIM_AC8C9CB98E136DAFED72,claim_feb4bef813e0
S265_CLAIM_AC9B390BA26EBC8E00DC,claim_ab7d8a078440
S265_CLAIM_ACA76E8F4A11F8C97DA1,claim_f3565bbd8e26
S265_CLAIM_ACAD9B00771C79461828,claim_609198b3c024
S265_CLAIM_ACBD0CECFC38E8DD277B,claim_21fe061aac81
S265_CLAIM_ACCAEA4A3292ED6FFCFF,claim_e8c6d8ada206
S265_CLAIM_ACCF55661798CF125FD4,claim_7ff7f5705313
S265_CLAIM_ACCF91F578FE07D3FF43,claim_95b258070f75
S265_CLAIM_ACD95D71986D0E0B2743,claim_27f59a306323
S265_CLAIM_ACDD47D2DEB0066D615A,claim_e1663c31c22c
S265_CLAIM_ACE19C0F255AAEA4C36C,claim_90f5fb22f31f
S265_CLAIM_ACFB7D45D8F45C3184AB,claim_54848136f97f
S265_CLAIM_AD1F681CEB0B502CF26F,claim_73e53b312167
S265_CLAIM_AD21FE3A8235B9D3C1A5,claim_0d31022fb561
S265_CLAIM_AD56A10B18DAF2103AEE,claim_fba043a612fd
S265_CLAIM_AD85B52E44C979798B61,claim_cee847f7cd5d
S265_CLAIM_ADA3F0ED078526CF42BC,claim_18a0ea5e184c
S265_CLAIM_ADBCE4DA25A9F9201904,claim_1c4a55bc2e77
S265_CLAIM_ADD1B5D90B8364C5A561,claim_06b4b134f694
S265_CLAIM_ADD638DEA8D8A4C58E33,claim_4941db27e721
S265_CLAIM_ADE37005616E84CC554A,claim_cb12bef80178
S265_CLAIM_ADE4DD29D4D96BF45065,claim_e26af37c5d79
S265_CLAIM_ADFB93A744F307BCE77D,claim_0b996dcc7e53
S265_CLAIM_ADFDAE15EBABF4F24340,claim_15e730e499d3
S265_CLAIM_AE2804F8D353EBDB1022,claim_b822af4a41c9
S265_CLAIM_AE35D922385796A4501A,claim_831e87fbdee3
S265_CLAIM_AE3B9C87713599F2264E,claim_2c8a83d17454
S265_CLAIM_AE64BEF9C9D4072A2C40,claim_60b9f4460721
S265_CLAIM_AE661A47ED7D546EB58E,claim_a82e47aaa2db
S265_CLAIM_AE82BE27DA3CF224F4F3,claim_91476dd30209
S265_CLAIM_AEAE0636BB987D7D5005,claim_8923bbc0af70
S265_CLAIM_AEAE7465A458458D8BC9,claim_9f6dd1e09bd6
S265_CLAIM_AEB52E69F0EE455D20A7,claim_3f082e9f9178
S265_CLAIM_AED7CB5C2BBF0970B3E1,claim_629cd3c72b0b
S265_CLAIM_AEE2CBA729F11DEA9969,claim_20fc454cf93d
S265_CLAIM_AEE8BE18A52476197A89,claim_0c892f0b4b8a
S265_CLAIM_AEF1923CC188EDE3B382,claim_bfb21327a494
S265_CLAIM_AEF94973564E8E0F326B,claim_b8fd0aab67bd
S265_CLAIM_AF0CC1A9D7A257BCB966,claim_b9669fa34939
S265_CLAIM_AF0FA2A1D04D9CAA4B25,claim_9a0749b2af73
S265_CLAIM_AF180F44757984355D5C,claim_6bd38db0548c
S265_CLAIM_AF20CFF80B96FB316ECF,claim_3bbf3d0ea37b
S265_CLAIM_AF24CD0E71B27CB3237E,claim_1b9ea0b49026
S265_CLAIM_AF2CC94B3EE60B057023,claim_3dcc0435621b
S265_CLAIM_AF3BF68635335A56E812,claim_c18fc0baa404
S265_CLAIM_AF406C5D8E22BD428879,claim_05d0806c60f4
S265_CLAIM_AF43E73ABCBC7627BDC9,claim_02cd906522ec
S265_CLAIM_AF4BAF009DC05197BA11,claim_a5e2473d5714
S265_CLAIM_AF5448A27AC05CA03561,claim_7fe9ff53287a
S265_CLAIM_AF68DF7832591CA3B973,claim_d6114489e262
S265_CLAIM_AF81A314AEA675C488C8,claim_2fff418e81e9
S265_CLAIM_AF89E2F13B3ACBA5E06E,claim_a7095d601df9
S265_CLAIM_AF996F11FE807DE5F312,claim_b6560ffe12ce
S265_CLAIM_AFA8FB74B44F92B55D7B,claim_e8696a918a35
S265_CLAIM_AFC3B53D0E07AD5394FF,claim_f433b91ea66e
S265_CLAIM_AFEA66B664258FABC737,claim_7b9998d177a2
S265_CLAIM_B000303441061B033CB8,claim_bca6582fc51d
S265_CLAIM_B00CD9748D9F50B58F1A,claim_ca9fe1a716d9
S265_CLAIM_B027613E94B7D8ECEFBA,claim_208c0efa5ba4
S265_CLAIM_B03D8E46592C80446347,claim_3b70ef2b6b3e
S265_CLAIM_B044F53B46D4F8C9B7F0,claim_5c3540b92fdb
S265_CLAIM_B051DE64989734FF9C09,claim_566c54b266b5
S265_CLAIM_B06B5F531C69A41B9643,claim_e64400ff4e56
S265_CLAIM_B06B8ECFBB41214E2850,claim_bca5de89201e
S265_CLAIM_B070694B08A7A2E9A0E5,claim_a9d5acdb34e8
S265_CLAIM_B0755FEC21A96D22DF0A,claim_9fdfd8f1d388
S265_CLAIM_B0861125AE8E207261BD,claim_0e2c1c6ae2dc
S265_CLAIM_B0BADAC0B2CB5AC97F11,claim_6878f8330066
S265_CLAIM_B1081268C84EFCF0B1BC,claim_2fcd97e17d30
S265_CLAIM_B11C28262ADAEA6CB65A,claim_fdfc3ba7cd28
S265_CLAIM_B12048A436275904C785,claim_0f91882fd1aa
S265_CLAIM_B141DFDAD19B3E03F331,claim_bfd528575817
S265_CLAIM_B14402930331CDD8F78E,claim_378d5758cc13
S265_CLAIM_B14DECFC62D490C57D68,claim_9e5141bba008
S265_CLAIM_B1517B90BA5F081FB455,claim_7a475c40331a
S265_CLAIM_B156921CD31E8409DE8D,claim_53945bbbe8ca
S265_CLAIM_B168B96DC6D5A9F298DC,claim_793c7c430543
S265_CLAIM_B16C1A94BAE64A3438DA,claim_c577fda6c449
S265_CLAIM_B17C3CEE3D1CF000487C,claim_1c436d657bf2
S265_CLAIM_B17D0739F1780DB60E49,claim_19b40119fc8f
S265_CLAIM_B199DD0F7011A2E5F154,claim_17d087992841
S265_CLAIM_B19C725D53A0EB1934E0,claim_d5adbe9d6035
S265_CLAIM_B1B46C12B2C466E7A3E8,claim_7a2cc606a800
S265_CLAIM_B1C8B6E6AFA113E31384,claim_fc4df41cda13
S265_CLAIM_B1DD3EA4F5D1E3B02610,claim_5a6b2ce4ba92
S265_CLAIM_B1DDD448407B1A5A16B0,claim_38ec8a2baf3b
S265_CLAIM_B1E6F78CEFE38E158C2E,claim_af2886f1f23b
S265_CLAIM_B1F109FEA6C716A8B898,claim_cb969859fcb2
S265_CLAIM_B1F25F703FFFA8FC0904,claim_bc6bd4d3eca4
S265_CLAIM_B20B970E861A87CAA974,claim_3a83fc8bb1bf
S265_CLAIM_B210F309C9448A86E7F0,claim_d4a29721b09a
S265_CLAIM_B236E0F5AF943C17CC8B,claim_98e295cf7fb6
S265_CLAIM_B255CDAEB812CE4857C1,claim_a2ba0f8c151e
S265_CLAIM_B26BDB2D4F5D633797E8,claim_2a61a19d5e9a
S265_CLAIM_B26D1F50578F3F002AF4,claim_4313d5159c5a
S265_CLAIM_B271C86DDCC0E3E46DCF,claim_035b1c34f2e3
S265_CLAIM_B29C1D2EE85BD071C6B2,claim_61a845a59581
S265_CLAIM_B2A516C505422C3CE806,claim_4c7f3807af17
S265_CLAIM_B2A69821152DFE529BCF,claim_eec941f8525b
S265_CLAIM_B2B0AE3E71C21EDD80A1,claim_44deee964de8
S265_CLAIM_B2B8B0674471C75C4F2C,claim_71753eefef62
S265_CLAIM_B2BD3FEA953424892324,claim_274b634497b6
S265_CLAIM_B2C7CC0702889A8125D2,claim_cff026fd4f6a
S265_CLAIM_B2C8C0894C5C4E469B14,claim_802f2b0d0b0a
S265_CLAIM_B2E164B32C48DFF428FC,claim_9188e1f2b814
S265_CLAIM_B2EEC2171AD01411118E,claim_0b4d3917bd18
S265_CLAIM_B2F1FCFF12EBC4B50CD7,claim_8674270af064
S265_CLAIM_B3174EA2416ABC479303,claim_57d1e63fa733
S265_CLAIM_B31EE2B878B1F5455929,claim_efb3a7af18f2
S265_CLAIM_B33CF428BE7C3CCA0146,claim_b7a0937168e1
S265_CLAIM_B33EC18BBF7BA86730B6,claim_1e66ff23b08f
S265_CLAIM_B34052C1FE0FC8B466AE,claim_3ff91329a2c1
S265_CLAIM_B342DB1BAE5A08B31B0A,claim_3c97796be1dd
S265_CLAIM_B3492BE3655C66EF7418,claim_e5c568a255d7
S265_CLAIM_B34A151B3BA34D3B5888,claim_198e4ce27299
S265_CLAIM_B359C8B21479E79E74D7,claim_5b782fbd96ec
S265_CLAIM_B37798C8FB4645C2940C,claim_ae49be3359db
S265_CLAIM_B393778BE81B528EE2DE,claim_2bc47f7bff61
S265_CLAIM_B3A7F8CB2A3181A894CC,claim_bd3656a57904
S265_CLAIM_B3A8BC6EA6F45690DDFC,claim_dee39f56726c
S265_CLAIM_B3ACA8A0AAEB83D06076,claim_ce578f6643a9
S265_CLAIM_B3B05398B873E883F0D4,claim_47bdb523d3b4
S265_CLAIM_B3C9E112540F5D6CB7F7,claim_4bfd055e5001
S265_CLAIM_B3DA6CF27C1737C9870A,claim_5a78c64eb5ba
S265_CLAIM_B3DD06D2DB5730EDF1CA,claim_2d83f664ac0e
S265_CLAIM_B3E51587BF40E6CAFC94,claim_7f91264f8945
S265_CLAIM_B3F3F3842221109CEB62,claim_f9968d4e6bc9
S265_CLAIM_B402A41DF7DC25CA961C,claim_8dd085cbfbc1
S265_CLAIM_B420DBAA9E47B9C67E67,claim_1196c24f2a47
S265_CLAIM_B426CC4C6FD82ADE58E3,claim_be528dff075c
S265_CLAIM_B430220305264F825C30,claim_d6a438a02642
S265_CLAIM_B446E80D39C372B637D9,claim_83693457de46
S265_CLAIM_B4508AC53625388B8EA1,claim_7d24394d2217
S265_CLAIM_B4734E74051AA2D791F1,claim_e547e6afb93e
S265_CLAIM_B474456664328C016289,claim_cfeac1a03a89
S265_CLAIM_B480E892214B654E4104,claim_3cae97cc7bdd
S265_CLAIM_B4952CC173CA1881EDBD,claim_7c4fac5c9b6e
S265_CLAIM_B4A25E9F90E84AEFB903,claim_1fdca748a170
S265_CLAIM_B4B7F41A96081F8345B1,claim_f866a80cda50
S265_CLAIM_B4C3F18E67018FC32644,claim_93ebbce5ac05
S265_CLAIM_B4F12A2949335722002F,claim_b66ae185047c
S265_CLAIM_B500CAE112D991E03D39,claim_017d47b1a15c
S265_CLAIM_B5041D1FB69787D765F8,claim_5409e8f80522
S265_CLAIM_B5060C65437056CF3E6F,claim_1c58842758b5
S265_CLAIM_B5288EDF8DB0D39954B2,claim_81a866a9ca92
S265_CLAIM_B52BC09CE8C3B7124E6A,claim_cbf31297a848
S265_CLAIM_B52D7F98C0209D1FA039,claim_0df078bb36f1
S265_CLAIM_B535CF162C92B91CD8AA,claim_485e73dfdd96
S265_CLAIM_B537C263BDF4FE7D8F65,claim_4bc03d964b51
S265_CLAIM_B543E4F3157447A971B1,claim_4e8756f88994
S265_CLAIM_B5928E9513ACEE75BAFA,claim_f9cf9481397f
S265_CLAIM_B596E4555EC485D42D1A,claim_acabd2e90081
S265_CLAIM_B59F8570B5A4C6B79F73,claim_b48e1d9e1e26
S265_CLAIM_B5A0B745A3FCFE4C7DB5,claim_8335ea363a47
S265_CLAIM_B5C5FFD71CED1B15A9D5,claim_645bea20041f
S265_CLAIM_B607C151FD2DABA7EBC5,claim_2c3c96183324
S265_CLAIM_B60EF8F8C3FCFEE01B2F,claim_d3dd3d100ef6
S265_CLAIM_B611EAABB780880790D3,claim_fd8fd076ecd7
S265_CLAIM_B61268803CFC3DDAB9F2,claim_109c93256be9
S265_CLAIM_B61C7525EC68C778ED62,claim_7f9d1be0a5cd
S265_CLAIM_B6498F62AFB9DF4F9EB7,claim_7f12c6f2b80d
S265_CLAIM_B651ACA284FCB644D22C,claim_890668a862da
S265_CLAIM_B66D47F9B9196A0F59F8,claim_131d509534cf
S265_CLAIM_B66ED4FFB4097115DD2F,claim_6b27220fb1b8
S265_CLAIM_B69284FD02118EE286A1,claim_73c0708c916b
S265_CLAIM_B6B122FE0EFF6B5E45D5,claim_8bbc22ff3405
S265_CLAIM_B6B17B4F97336BFB147C,claim_6010eef769db
S265_CLAIM_B6B31FDEAEC7DB605AE4,claim_e3f3a5dc8095
S265_CLAIM_B6B5B69729907D4FF513,claim_de9217327d29
S265_CLAIM_B6C0BB4B0D7B89F402F1,claim_54d8903bcdc9
S265_CLAIM_B6CD741709C20D9726BB,claim_20e12625c58d
S265_CLAIM_B6D85D05976F28F3C0F7,claim_ad9905ea1529
S265_CLAIM_B6DB7A3760E7B44F212B,claim_e3bbbaf0ccab
S265_CLAIM_B6E4BE075F666F6F598F,claim_f4a82080f647
S265_CLAIM_B6E7ABE992CCD59747F9,claim_b905ccd5dd5c
S265_CLAIM_B6EA010541ABE948C3BA,claim_7ccde0c22d2d
S265_CLAIM_B704DF5BE3B1BE94BE0B,claim_f97edf0d803f
S265_CLAIM_B712029DA9B806DDF670,claim_766b14a73d7b
S265_CLAIM_B7390B3288D1EE27678D,claim_e0d355a11d59
S265_CLAIM_B7510337F7DAC8CDF3C8,claim_b3aac4e54714
S265_CLAIM_B7589DCEFD7B4465973B,claim_2ac6cfcbaf03
S265_CLAIM_B762902CD7437CA8FF01,claim_cf66cc679d16
S265_CLAIM_B763BFF7864A58736B03,claim_98d38aa2e454
S265_CLAIM_B76452B0664359ED5C35,claim_6fe5dd0485be
S265_CLAIM_B7875ADCB23EFAEAE3B7,claim_2d8f1ceb4938
S265_CLAIM_B791352B45A0C4CC09AB,claim_570f57be3555
S265_CLAIM_B791EB4C85292D4D64B9,claim_9bfcd168e145
S265_CLAIM_B7A478770F4BD10D6D6A,claim_6b2c5e7694a6
S265_CLAIM_B7B0ECAD4B63D51F66C8,claim_a2408884b00f
S265_CLAIM_B7B5D3F2ABA9AC35AD76,claim_bf960c703e10
S265_CLAIM_B7E63A8F6DD854A96326,claim_6a0b121f608a
S265_CLAIM_B8083FAC370B99C867F1,claim_defc4bb852bb
S265_CLAIM_B81C2314F9C9D6596DF5,claim_137eaa8a5c74
S265_CLAIM_B82585FBC7D2C6B94826,claim_e905a25e4ced
S265_CLAIM_B82C4ABD526A96B68A17,claim_9f367b8ee0b1
S265_CLAIM_B84005DBE800859D7A43,claim_7ef68b0b5ed5
S265_CLAIM_B848479EE9388AF97194,claim_768177f546ca
S265_CLAIM_B863E77FF7ACE0DBDD90,claim_d9bca9689dfd
S265_CLAIM_B86A6296492AA786BDDB,claim_1a1c5285be40
S265_CLAIM_B86A779372A1E03F286C,claim_dbbe5b039674
S265_CLAIM_B8853733B2EAFCBFD0AE,claim_d82d15681e73
S265_CLAIM_B8872797D77B9A44B3A8,claim_de21102c0f3a
S265_CLAIM_B8959C806641D3FDE52F,claim_8fbc6a4cbdea
S265_CLAIM_B896296796A379EF166B,claim_85364137cad5
S265_CLAIM_B8C1926A5DC1EA85FF08,claim_bf6c36eeb3da
S265_CLAIM_B8C29BC02B55C9786548,claim_d9bb244f8570
S265_CLAIM_B8D0B45D3D69D171342E,claim_ea7b8c259e7a
S265_CLAIM_B8EA35C8526AB976D871,claim_86a336e0d6aa
S265_CLAIM_B8EB4BDAF770B7D95D5B,claim_6f1341aa107f
S265_CLAIM_B8F22D891DF5BEE90831,claim_7175a9f28723
S265_CLAIM_B8FF30BA920DFFF4E371,claim_83493d2f0263
S265_CLAIM_B904F5E98F5E18F8481D,claim_290303341d2b
S265_CLAIM_B907D5B995B63997F2C2,claim_5f728bc482c2
S265_CLAIM_B91F103B62474E38CAF7,claim_f4fe9507177c
S265_CLAIM_B940BB07CE2E17595DCD,claim_c8183872089a
S265_CLAIM_B9450DA5155748B2BBC4,claim_f6f6e8936765
S265_CLAIM_B94C1D9B050F77015A19,claim_87723b7d32d2
S265_CLAIM_B95724913F4870CEA533,claim_602a2d86ed87
S265_CLAIM_B95DD4092D7C3371E3CF,claim_d4a0b6560ea2
S265_CLAIM_B97CC19D2C2400AAC532,claim_2548605c29de
S265_CLAIM_B98851F6A33D73B99342,claim_f456b4010161
S265_CLAIM_B98E45A7A714F0A4D9DD,claim_21040da5cb9c
S265_CLAIM_B99AA4EFD71DFA7C721F,claim_936fe7864801
S265_CLAIM_B9A452C19362237F89DF,claim_55fb4f395c0e
S265_CLAIM_B9AD63F0F2B0304EEC78,claim_baba7822dcd6
S265_CLAIM_B9E571C948E51321718E,claim_865f8755c411
S265_CLAIM_B9EAABB876090B8196CE,claim_b7b62765b1aa
S265_CLAIM_B9F6A503D8CADF208071,claim_087588f02016
S265_CLAIM_BA0375ED89A4815851F1,claim_be31903f25e2
S265_CLAIM_BA0635CCE1337984B08E,claim_62a7ffe09eb4
S265_CLAIM_BA0D7A72DCDD21D65949,claim_d1a55d4d8105
S265_CLAIM_BA104122F94763CB8A69,claim_277891a60db6
S265_CLAIM_BA2E1006E182C3528557,claim_47fee6de64a8
S265_CLAIM_BA49E70828BBB9E264D8,claim_a241d68dcc9c
S265_CLAIM_BA51AC073D240BDDBF7E,claim_55b17c533c09
S265_CLAIM_BA7086218223549582F9,claim_7076fc3f52fc
S265_CLAIM_BA729ABBFA517B9734D9,claim_c93bee507f25
S265_CLAIM_BA78CC2995CDDAB0443A,claim_3624d1c6b3f6
S265_CLAIM_BA79F5C2843E12D5FF72,claim_0a9d8c183f05
S265_CLAIM_BA8786CF738488539994,claim_11e07ae5803a
S265_CLAIM_BAFA8B2136286479FDB8,claim_0108d1b30fb7
S265_CLAIM_BB229D66EC34266DAC76,claim_280b4b3605e9
S265_CLAIM_BB283DC75DA71A3CED54,claim_220d0a8ab113
S265_CLAIM_BB39995B6680E25C2C35,claim_efaa8b72788a
S265_CLAIM_BB46793DA982DD801041,claim_116f86611a57
S265_CLAIM_BB57A296E1197B889B60,claim_a0d2929879e6
S265_CLAIM_BB58DD43FD934CC99429,claim_f8e40ef9091f
S265_CLAIM_BB606E84058C9F2FAD48,claim_2c79a6910a8f
S265_CLAIM_BB6486F0F57A98AC029E,claim_acf5ab7bb337
S265_CLAIM_BB64F0869721469FD669,claim_141aea37db3b
S265_CLAIM_BB69324F6164CEDEC780,claim_c79cd043d564
S265_CLAIM_BB6C5F47F3336BBE24B3,claim_a1c0436d964e
S265_CLAIM_BB77FBAED2BCD602EF24,claim_71ebfa0b80c7
S265_CLAIM_BB7994FAD5F1DA945BC3,claim_b1c3b08e5a70
S265_CLAIM_BB7E52933F71A71144E6,claim_d35f1200a7fe
S265_CLAIM_BB834705EEA79D1BE7EB,claim_2cb2fe037faa
S265_CLAIM_BB8A6F4D53DC0503085D,claim_c5e23fd8157e
S265_CLAIM_BB8BCE256EE3D58133E1,claim_baa65a55c47c
S265_CLAIM_BBA529DB3AB292BBF49C,claim_e481bfcdf8e2
S265_CLAIM_BBB56B4EAEA06942DA68,claim_c76527575824
S265_CLAIM_BBB6FFAC716242555524,claim_8bbb0a03b6ae
S265_CLAIM_BBC71285D545331EC71C,claim_47813695e805
S265_CLAIM_BBF1F3C3A54007DDDB2A,claim_6e6940455757
S265_CLAIM_BBFD8CA82865084E26F1,claim_bf0ea6ae8a24
S265_CLAIM_BC0376C9578ABBA17970,claim_f49a81f46fa2
S265_CLAIM_BC1B7518CAA9A651E2C6,claim_c30dcc24c9f0
S265_CLAIM_BC281AC4512FF020F333,claim_3f17201f081e
S265_CLAIM_BC2A35D0B4C656325877,claim_9a15d38f7f71
S265_CLAIM_BC368041E1274388655F,claim_c2fbaf6eefbf
S265_CLAIM_BC3A0AD2CA4B237EE4E6,claim_74ae415977c6
S265_CLAIM_BC5BB7D58CC7622415FF,claim_f4b5c2afae7b
S265_CLAIM_BC681D042D6F356EA974,claim_2c94c8c96358
S265_CLAIM_BC8CAC8553BA597DD67B,claim_55c0f7832413
S265_CLAIM_BC9FFB12CCE4FCED72C8,claim_ac633afaf54c
S265_CLAIM_BCA539500FDF6A66972D,claim_2480ec731625
S265_CLAIM_BCA96849459410901313,claim_3b9bc742608a
S265_CLAIM_BCB675E644D9CE993282,claim_27c940d3381b
S265_CLAIM_BCE6435C2E5A285E3922,claim_b46383b34675
S265_CLAIM_BCECD76022C1E2DCE43D,claim_dc5d5d327b85
S265_CLAIM_BCEE50E027365D3C9BC4,claim_5c2daf4ae86c
S265_CLAIM_BCF970F9F3396453A341,claim_e914a5aa237f
S265_CLAIM_BD1E79D56D91095E49B1,claim_b7de8540a2c8
S265_CLAIM_BD330F03012A85354FF7,claim_7679be67b64d
S265_CLAIM_BD3DF64A4B69238608D1,claim_0841dbb175f4
S265_CLAIM_BD41C3239BCEE7761CF9,claim_c649e6cbd55e
S265_CLAIM_BD5D3E01B11C59B0C4B4,claim_9a4ffb5c1510
S265_CLAIM_BD60AB1B83A7BF30009D,claim_7da3028d673c
S265_CLAIM_BD7CF54CC541D9C3B48E,claim_4741bfcd1f7a
S265_CLAIM_BD7EDDA5B37A36DC6A94,claim_4c22796bf1d2
S265_CLAIM_BD86FD9401E9383F6D54,claim_51b9dba4335f
S265_CLAIM_BD8F1BD275AE0DE5F986,claim_b491a6afa1a1
S265_CLAIM_BD99C6B6402C552F5B15,claim_c654f841ed91
S265_CLAIM_BDA1ADCC0AC31A1F764A,claim_67b4d9b28ad5
S265_CLAIM_BDB59D06662261D73996,claim_f7a838828f96
S265_CLAIM_BDC314D3A8A4FE295601,claim_8c7b1df96fa4
S265_CLAIM_BDCABA8113AA512D447D,claim_4de4df3336fa
S265_CLAIM_BDF13443C419613BC9EF,claim_3206319ee2d6
S265_CLAIM_BDFF4827D4F6585B6EDB,claim_43406c6aed42
S265_CLAIM_BE0BBEB4116839A41206,claim_55c5827de508
S265_CLAIM_BE0C1C4A063F12A71E53,claim_d7fd5a85963e
S265_CLAIM_BE0C95B0F04FD4BF7087,claim_2d9b76a56395
S265_CLAIM_BE2039EAA07CCE67642A,claim_0f120a97e99a
S265_CLAIM_BE44C3600305673C8257,claim_1461b8a74faa
S265_CLAIM_BE50C5C5FD81545DD0A4,claim_6f5ba1d172f5
S265_CLAIM_BE540524F01EF0A1327C,claim_6f1d69e9b2c2
S265_CLAIM_BE55A3482B0A90F4BE7B,claim_be2ea4d832b7
S265_CLAIM_BEA2704B230D777A0DD5,claim_72126c54262f
S265_CLAIM_BEA5E5796B3B2EB29114,claim_b42cb8dfa7bd
S265_CLAIM_BEA88A5C17559D6149CC,claim_8bd39a66288a
S265_CLAIM_BEBAD9814714643CB5B9,claim_ef78c5bf9fe2
S265_CLAIM_BED2AB6F6310C1FA30D3,claim_4ca0f74874ac
S265_CLAIM_BEEC8082F6152A3DC3DF,claim_1107292e4221
S265_CLAIM_BF131C81BB4B5D5BDA00,claim_4107dc0a6bcc
S265_CLAIM_BF2931109BD954758D7C,claim_86cb990bfc1d
S265_CLAIM_BF320BB15C8B482B5163,claim_ca752495191b
S265_CLAIM_BF3704CF8B1766F6EB09,claim_4f1f05f32084
S265_CLAIM_BF3C23922CCBF45D99C0,claim_b65160b67731
S265_CLAIM_BF421122368AA3B4A229,claim_7767486c611c
S265_CLAIM_BF454740B09D039F1FF0,claim_88f7bd7efb3d
S265_CLAIM_BF6DC3DD2B556AB53CB3,claim_dcc99e3c4c89
S265_CLAIM_BF7B01932290FDA495DF,claim_79506c567844
S265_CLAIM_BFA0E3AB2F5D0BCD1F60,claim_e0efb133bd32
S265_CLAIM_BFA4968B0CDFB9A94C41,claim_57e809eb42d8
S265_CLAIM_BFAF5C54B470AEE4C7DE,claim_50d0c9e1650a
S265_CLAIM_BFC5914CCAD6EE584B83,claim_485424cd275c
S265_CLAIM_BFD719013830CC382C27,claim_658cc6c54821
S265_CLAIM_BFFFF7FDDC8432140C2A,claim_8c9de76e8899
S265_CLAIM_C00B7BDEB3E31C4F6903,claim_94762577e3dd
S265_CLAIM_C00D98927BD7FE69494D,claim_313291096d37
S265_CLAIM_C02B6E03CEC2E62092B5,claim_1f011b3f2bed
S265_CLAIM_C02C36091CB8E9855D69,claim_62cbbf1738ca
S265_CLAIM_C02C5A1C8D740D504C32,claim_16b8660bb9f6
S265_CLAIM_C0446C63603E696FFBAF,claim_a8ad9f785098
S265_CLAIM_C04BA7CDC8762A64AE24,claim_d8e319787bfd
S265_CLAIM_C05BA2B14DF12E1A5A21,claim_4f29530f2699
S265_CLAIM_C06EEC8F7B739E67C49F,claim_a1c504bf4096
S265_CLAIM_C07D076F2F23AD68DA65,claim_f6e74f9ba9ce
S265_CLAIM_C0A26928064D39D14D74,claim_3a4174084d64
S265_CLAIM_C0A3DB7E462483AA58E6,claim_757d2c8b61e5
S265_CLAIM_C0A7AEE4CA17A197311B,claim_939099ea7a54
S265_CLAIM_C0CF3646E89DF44E4897,claim_a2f2926db679
S265_CLAIM_C0D032897FCCD9A07328,claim_a4231d113881
S265_CLAIM_C0E90D38ED72E680CA5D,claim_744b7d8fb87c
S265_CLAIM_C0FD868F5DB4F702A371,claim_88d03e48c408
S265_CLAIM_C11298BF0716FE928AD7,claim_84af14d8b96e
S265_CLAIM_C12851A9CAD576DE1BB2,claim_d3d74f8d6244
S265_CLAIM_C12B2C2498B0F058E8EB,claim_780bacf52ec9
S265_CLAIM_C13A6D80C07524DE9466,claim_852a1e3b551f
S265_CLAIM_C1563612C9475E6DBDDA,claim_be2cc15f3e00
S265_CLAIM_C15A21434A31EC2C2707,claim_185c636ca45a
S265_CLAIM_C16CF9B9C90856A8A9C2,claim_0e7c664c02d5
S265_CLAIM_C173A62AEC44E3A1CADF,claim_a881e636762a
S265_CLAIM_C1939AF0AEBBCCD8D6A5,claim_e7dedd4a7df9
S265_CLAIM_C1992399C86D7F07EC6F,claim_aabcb56d3553
S265_CLAIM_C1A371858ADBD25135F9,claim_334ab1a23501
S265_CLAIM_C1E5F42BCCD4F9D27FBC,claim_a54cc6c5827b
S265_CLAIM_C1E8C8D8D7DE132877D6,claim_74f1ace30ac2
S265_CLAIM_C217CAAAD0E141B6CA18,claim_eec6ab10a54b
S265_CLAIM_C235C0A80655B740B4EF,claim_5c0e563a9feb
S265_CLAIM_C246257A7658DE25B197,claim_f88488ef18f7
S265_CLAIM_C24F63A6F89FE9AE8296,claim_b175e6031b56
S265_CLAIM_C2510FD95902B799944A,claim_921b08bc4b1a
S265_CLAIM_C293E4736B226E0804A1,claim_778095491249
S265_CLAIM_C2AD81288C22B2C92E77,claim_0eafc05ee660
S265_CLAIM_C2E6FAA3907E62E6AAC3,claim_686e5f725c94
S265_CLAIM_C303AE4E3D2EFADE8C0E,claim_8a77e23639f6
S265_CLAIM_C307F5144722E96A328A,claim_01870c04664b
S265_CLAIM_C3098679EE6A6A4D9B86,claim_f1274369b1e4
S265_CLAIM_C30ABE51E39B082A256A,claim_7f0694b2d86a
S265_CLAIM_C3157ED66A31FCAA1AF2,claim_48c002c61da4
S265_CLAIM_C31918057DC1F68B0B92,claim_71201e9c770a
S265_CLAIM_C35AA47A1806FB326FCC,claim_e96eaedfa19b
S265_CLAIM_C35C1C0B2AB30E6E1BB1,claim_989e49797767
S265_CLAIM_C362C39A9704CF51331F,claim_b519e95a5635
S265_CLAIM_C3804D2E00E9CBC2F48A,claim_eaee74a62b00
S265_CLAIM_C3A2C82B72F30CF6397B,claim_5eec7723fbe1
S265_CLAIM_C3B045FE5EBDFE680490,claim_31ce315b5f49
S265_CLAIM_C3C99277E7E5A6DA40E4,claim_4d790b3b0036
S265_CLAIM_C3CDBF2D53FD8A3CBDD8,claim_769f7ce937a9
S265_CLAIM_C3D7069A274BDD29CE1B,claim_59d926e450af
S265_CLAIM_C3F46513EDA78726145B,claim_b60628c707cc
S265_CLAIM_C41F6D4DBADBD1F43B6C,claim_dc26be50f85a
S265_CLAIM_C43BAADA4341DAA980E9,claim_4eb97eec0fc5
S265_CLAIM_C4414C47DA5692E4A677,claim_d8dff3e6c877
S265_CLAIM_C44BB4A91665F100CB94,claim_6be60000f04d
S265_CLAIM_C44F5CBA8EAE0E95699E,claim_39a5224db7e5
S265_CLAIM_C478855B3E30DE571536,claim_c3cac77b8a9f
S265_CLAIM_C4937357E0B3380FF24F,claim_eecd89ff722d
S265_CLAIM_C49B53E3979CA4BDEEC7,claim_ab17b859e045
S265_CLAIM_C4A34CA3C2FCB3AA83F9,claim_56822a650b8b
S265_CLAIM_C4AC54889695E81FC31D,claim_9d04c6fe6ee1
S265_CLAIM_C4C25103FCC43BC0BFA9,claim_372988cbaa6b
S265_CLAIM_C4CFADCD7B839A00B6B4,claim_403d1c472cdb
S265_CLAIM_C4D3ECAF29BFEEFDBF96,claim_8da3004cc2b0
S265_CLAIM_C509C38128471364D467,claim_290ffa9fc9f5
S265_CLAIM_C5152AF6CC5F4432A62F,claim_317982201b20
S265_CLAIM_C5165F96B7D6C8D7A76C,claim_2d65f05353a9
S265_CLAIM_C55894FC962B67957E76,claim_803345ac4ea5
S265_CLAIM_C568857859A004CD18E0,claim_f8dedc41e4e7
S265_CLAIM_C57004CAE3DB0D6BA1A1,claim_c787c172e5b3
S265_CLAIM_C58C5BA71BB3DBF64256,claim_008a6a94801a
S265_CLAIM_C58CA7F6F7E3E8329301,claim_3eda467d22b9
S265_CLAIM_C58D54AE607C042FB095,claim_723c1b684735
S265_CLAIM_C5A5C87E2B73C6DD5946,claim_1c83635dcdd7
S265_CLAIM_C5DA1E78B3D921D0256D,claim_76d52347e56e
S265_CLAIM_C60F9C4CDE029628C061,claim_346918ff075c
S265_CLAIM_C60FD63A034673A228F3,claim_b3bbbc2c9bd5
S265_CLAIM_C618B300AEABF0294640,claim_cafc959d2197
S265_CLAIM_C61AAC48CFB7E5418462,claim_e94b516b3fcc
S265_CLAIM_C61DFDFEC2D140B50683,claim_d59483eefd43
S265_CLAIM_C62355B3E212E857B28D,claim_429f715ca77b
S265_CLAIM_C629307ADE5C40D60269,claim_847bd7c9493a
S265_CLAIM_C649BC3622F55E9940A5,claim_355c8d607610
S265_CLAIM_C64DBA717BFDBDD0B67C,claim_04e3b1a4ae28
S265_CLAIM_C65565DF7383AB7361B7,claim_50eb20849499
S265_CLAIM_C6792C25B6623B92F98B,claim_5edfbe57941f
S265_CLAIM_C67A5C0BBF26A533A6BD,claim_b26dbf0ddaa4
S265_CLAIM_C67CBF276C03E3412FEA,claim_29be0d7caacc
S265_CLAIM_C68437FE631DCAFB4995,claim_1ceab99cf012
S265_CLAIM_C686FD9516AE4B73F3B2,claim_55e04dd9c2f9
S265_CLAIM_C68916F8E3449055B63E,claim_d277dffb8443
S265_CLAIM_C68A1E6E58C1DF8454F4,claim_cb346c6135c6
S265_CLAIM_C6900C39ADA588D9CA80,claim_54e3b1aec971
S265_CLAIM_C6952DD82CA4DFA4BED2,claim_d54592edb03b
S265_CLAIM_C69E206C021BA22AE9E3,claim_8dc6bd7cceb2
S265_CLAIM_C6B21C273794075FA0CD,claim_ace8dd8cca29
S265_CLAIM_C6B5A8DC11138D051CF9,claim_1a0db78364f7
S265_CLAIM_C6D0109E2FC85379A182,claim_561faf337169
S265_CLAIM_C6D0C0C2F1120BDABF9B,claim_a89866e859d9
S265_CLAIM_C6D79E3BE4C4C55E47F7,claim_254094325653
S265_CLAIM_C6E897FB142DE4E884EE,claim_e457b48dab12
S265_CLAIM_C70BA679DC1F842D4EA7,claim_e3b733a1d340
S265_CLAIM_C71FC81A185D9A4FA771,claim_d1c278492cc8
S265_CLAIM_C720971BAC5F256DF093,claim_05bf1f52dc44
S265_CLAIM_C7248CEE5C7D2EDD79EC,claim_7aa19320ea31
S265_CLAIM_C72C4D40E258B9FAED25,claim_1fee9cddcef9
S265_CLAIM_C74AB7C82E3DB8C4F3B1,claim_64fa7a9f10a7
S265_CLAIM_C7530766DBAC56CE7286,claim_dc9c365e9af7
S265_CLAIM_C77D5FCC19998F2AD2AE,claim_3a05c1b16322
S265_CLAIM_C786AF12670C9674FFA1,claim_1d11d4db7070
S265_CLAIM_C78AB2BEF6E609755760,claim_4cfb649d8318
S265_CLAIM_C7A07F30E49AF9AE91E5,claim_48283cdf7c98
S265_CLAIM_C7A0E60AB1B983A4FA48,claim_c0d4e5056fab
S265_CLAIM_C7A719C48AEC08D5BFC8,claim_64933f608779
S265_CLAIM_C7B42BB79A86EF273673,claim_aebc6fa2f419
S265_CLAIM_C7C4C0F6959E103D4994,claim_ad59aae5626a
S265_CLAIM_C7D682F9A943A7191418,claim_42962a3a1179
S265_CLAIM_C7E835B33E8020CDB05B,claim_fca805f39646
S265_CLAIM_C7E977A9E718C7471E19,claim_77c1b4a06477
S265_CLAIM_C7FCA19FFC52B02F034B,claim_5beb3753a55b
S265_CLAIM_C80E2DBD60A6951D8DB3,claim_d6c2a49d16e7
S265_CLAIM_C80EEAD7C0828D85DC66,claim_20b9af48b144
S265_CLAIM_C816548E0835C40525F8,claim_65eccda8f9af
S265_CLAIM_C82A2EF30912CB9FD272,claim_a225d64f13c1
S265_CLAIM_C8433186C9B8B80C4814,claim_fc12cd0b7c11
S265_CLAIM_C85B2DFFC9FBFFF681F6,claim_939e3798aa47
S265_CLAIM_C866C3CA9F643D4A55D5,claim_fea19f8cb7cd
S265_CLAIM_C867E66FD6C9CFD9AF04,claim_edc773b9bf1c
S265_CLAIM_C871105C41FFB0DDD388,claim_e4c4a5847f23
S265_CLAIM_C87F91D5BC0B7DDFE219,claim_c64227a80356
S265_CLAIM_C8911A6F395D8260436D,claim_e985e893d364
S265_CLAIM_C899353A8B6C25294F08,claim_8e9ec1374bc4
S265_CLAIM_C8999AB9909A1BAB7A6B,claim_9e01aa3592f9
S265_CLAIM_C89A7CE0A7E9BC03EEE0,claim_010234c80b85
S265_CLAIM_C8A4D86140991985B064,claim_a7913deaec23
S265_CLAIM_C8B8BDBDA487CD25C05C,claim_421bcda5d04a
S265_CLAIM_C8C8D8E10F82424A295E,claim_d73aead55264
S265_CLAIM_C8C90023C60C74B8494C,claim_848850bc080e
S265_CLAIM_C90BE309B7697B94454D,claim_0db3d62e0881
S265_CLAIM_C91143E0E0162059B3BA,claim_3aad8d300b84
S265_CLAIM_C93B8EDA5029267AB3F8,claim_189bb407434f
S265_CLAIM_C95F77F15E9EFCAFBE40,claim_d970ddcec0a1
S265_CLAIM_C95F98EC9A5BD097441D,claim_f37e9532c6e7
S265_CLAIM_C96C503BC8A1BACCE6D5,claim_276b230acc3c
S265_CLAIM_C970B676781705BA68B4,claim_a8bf4beeaf51
S265_CLAIM_C97607AB11EB536BA8B9,claim_ec858b325b17
S265_CLAIM_C97935FBD0B2D0DA819E,claim_8765e7dab104
S265_CLAIM_C97CC62D0AF591988F22,claim_d9995a7d65b8
S265_CLAIM_C97FDD67A08A3FFDA2D5,claim_b331c871e580
S265_CLAIM_C98F90F1E381B2278DB8,claim_4d5d1be3b28f
S265_CLAIM_C9A1235CE51709BB237E,claim_b06adf3ca0c2
S265_CLAIM_C9A298A02CA552035263,claim_f9936f741be1
S265_CLAIM_C9CE558EA6535FA045B5,claim_37af8c5931ba
S265_CLAIM_C9D332A7D8B6C49B44BB,claim_93f930a70867
S265_CLAIM_C9DA9AEF360D455D28A6,claim_ef5830e3265e
S265_CLAIM_C9E0DA4CF9AD8DE3F338,claim_7c755cfff650
S265_CLAIM_C9FDC051C24B31D1A5AA,claim_29aa59007f2c
S265_CLAIM_C9FEE24A662D121C86B5,claim_4413d688f157
S265_CLAIM_CA000477C5EB82F61B14,claim_ebb9f6c45954
S265_CLAIM_CA01E8C035FC505D1CDA,claim_1f1242e2d19d
S265_CLAIM_CA08B0815508E5FA5D83,claim_713f14cdbca5
S265_CLAIM_CA0C36DC7118F0DEA55D,claim_34f1b3028784
S265_CLAIM_CA0F900CB725A090B11D,claim_3a458086d12b
S265_CLAIM_CA2CF4A1B588F5F43070,claim_95aa1148bb19
S265_CLAIM_CA2F01B53F36D6E5C009,claim_56b78edb9e34
S265_CLAIM_CA432AE5569CF8E38693,claim_5baa21840429
S265_CLAIM_CA6AA22F79C7EDF44894,claim_8c6c60d13098
S265_CLAIM_CA72A7AC8D2DB644F012,claim_ffe73e0ff1bc
S265_CLAIM_CA80FDA9FC69B85F89B2,claim_8f282554d46d
S265_CLAIM_CA854EAAA2FD1C0ECB6C,claim_b823cc7a95d7
S265_CLAIM_CA9710B7F9CABA8FE3E9,claim_297d1848941f
S265_CLAIM_CAA6E170615DA26FC164,claim_a494641b6350
S265_CLAIM_CAF10051724F0B5ABAE7,claim_d8bece2df29a
S265_CLAIM_CAF5B94C3723C4A785F0,claim_7784391ac811
S265_CLAIM_CAF91BC4A583C1CB3792,claim_2842aad83929
S265_CLAIM_CB12344FFE1014EFB650,claim_672b41e8fd47
S265_CLAIM_CB1B5079AD3323739897,claim_7eb68d835f51
S265_CLAIM_CB298E379F9C3120AA0C,claim_5f300e0c81ca
S265_CLAIM_CB408B1BBDF68CE26EC4,claim_9398ea6d74b8
S265_CLAIM_CB44B4DCDDFEA2497998,claim_ef46e28c13a7
S265_CLAIM_CB59DA1A64F18BFCB8A9,claim_9005646ca604
S265_CLAIM_CB843764177ADDCC79E7,claim_a01793ef41df
S265_CLAIM_CBA3012B5DA77A36865A,claim_bb6ed029e785
S265_CLAIM_CBA8B5E4A118F1010100,claim_5dcb564c4aff
S265_CLAIM_CBD629B23C1EE959D713,claim_5772416e93ca
S265_CLAIM_CBDEE3B3A7382EB614BF,claim_b40d4c79fcfa
S265_CLAIM_CBEF0812A3104D7453E1,claim_7f1adcbc8798
S265_CLAIM_CBF9E4A4BEA27DC0C54B,claim_66e4cfe13d75
S265_CLAIM_CC0E4547C125AB9D679F,claim_0b4565047edf
S265_CLAIM_CC22922B8D5C9C2F9F16,claim_83394331b151
S265_CLAIM_CC2A0BAE6598F7D029B1,claim_027e361a794f
S265_CLAIM_CC47981F687C3C9BC9EC,claim_2dc1426275e1
S265_CLAIM_CC49577A866839C67404,claim_1515c57cbb00
S265_CLAIM_CC55D44C7ACA70C88E6B,claim_5a996e2172b4
S265_CLAIM_CC5E31521AE76A54A307,claim_e4c0de24d460
S265_CLAIM_CC845324E34A917E3C0D,claim_b6fbb0940532
S265_CLAIM_CC88C92F33DD478B0388,claim_f23acf49dfcb
S265_CLAIM_CCAE282E1FF3A59033C6,claim_18b5e3c37d1f
S265_CLAIM_CCCF2EFBBF540820817C,claim_35d37debec5a
S265_CLAIM_CCD500DB44BEF41E29CA,claim_407c5697c77a
S265_CLAIM_CCE401D86C5D26340F92,claim_f0ff0a6ff7ba
S265_CLAIM_CCF8EA814CCBD46C521B,claim_8658fc12e51d
S265_CLAIM_CD2011DE25190662DA14,claim_d0d82a18b4ad
S265_CLAIM_CD25B66CD6746DA30A31,claim_152af52a20fc
S265_CLAIM_CD3684768139B7FA6F40,claim_7940bc2f84c8
S265_CLAIM_CD5746D5191BD4B6A3F9,claim_50f3f3710548
S265_CLAIM_CD899649E2BA6A5F1300,claim_29481a2d7979
S265_CLAIM_CD9FB838F693703B3464,claim_f2b8da7b5b1b
S265_CLAIM_CDBB7D731F90A9E2CBC1,claim_cdbc67df8c9c
S265_CLAIM_CDC39F10EFB0C810C78E,claim_228c14f0467f
S265_CLAIM_CE02ADE1669C5DA5514C,claim_95a4c4e4ee55
S265_CLAIM_CE04836886862073FA51,claim_7022f0f61bfd
S265_CLAIM_CE161013D42405BDC4D3,claim_2e5914f01262
S265_CLAIM_CE1A1A9ECB82F769AEC4,claim_d31fdc1d74c9
S265_CLAIM_CE1BFC5B747671C14CA0,claim_e38ef9bdf2d1
S265_CLAIM_CE22E7CD5B817787761B,claim_c820243785c3
S265_CLAIM_CE44A14C12F026A0B0F3,claim_b9c64b88e17f
S265_CLAIM_CE4CCBB195CD107DF266,claim_b1333f94f2dd
S265_CLAIM_CE50F667A7B523F365D1,claim_5b06e9311ce8
S265_CLAIM_CE58F94CA4C7843B24F8,claim_a7ccb7252180
S265_CLAIM_CE7689862E6FD5033824,claim_268dd750e8ce
S265_CLAIM_CE85FC04172204AE3282,claim_018a5e8fbcc6
S265_CLAIM_CE868FF6F130E51C5516,claim_e926ac873d8f
S265_CLAIM_CEA1601D09ADC4C14488,claim_0f81930eb7f5
S265_CLAIM_CEF063AC8531B51443C7,claim_de540dbbe4ec
S265_CLAIM_CEF8D72057598B6801FE,claim_1f9bdb6a4059
S265_CLAIM_CF12D0AE6C3F5D86328E,claim_5109298a2ba6
S265_CLAIM_CF244D3855AD6548FCC0,claim_982b8c7d912d
S265_CLAIM_CF2EE55DDA0FC2370A57,claim_92079525483a
S265_CLAIM_CF43B17BF2FA8DC4C8E1,claim_0c310a3bd606
S265_CLAIM_CF510C9CF422CC77EC0D,claim_41f4df7381b0
S265_CLAIM_CF5A96F3BE7B40486714,claim_79d90334aa91
S265_CLAIM_CF69C58F3BC937779700,claim_c6e410b5b8b0
S265_CLAIM_CF71A5F9D1EC0553B165,claim_81d8a134087e
S265_CLAIM_CF774A2E36279F00C229,claim_d816d4ff4278
S265_CLAIM_CF870E4759A4818A8FD1,claim_7e14979c4513
S265_CLAIM_CF8D83E11FC6BD13893C,claim_b797fbadee6c
S265_CLAIM_CFA19C5EC9F93FDC347A,claim_7eef8dca2891
S265_CLAIM_CFA24F91111B02A58322,claim_164c110fabf5
S265_CLAIM_CFB0048497AEF9634D9F,claim_342bf5933214
S265_CLAIM_CFDDFFA462C8039B7BA0,claim_bf6ee3ce020d
S265_CLAIM_CFE1B673D04F43826A49,claim_aaeb061a36eb
S265_CLAIM_CFE5423AC0D0AB58B625,claim_a3b0e681a9dd
S265_CLAIM_CFF8C40CC73E19CC4AF8,claim_d9fcca656c41
S265_CLAIM_D01E65CC9740D6AB65E7,claim_fff2b2e9ed93
S265_CLAIM_D022F89C303D0050D4FE,claim_b713f982c325
S265_CLAIM_D033E22D2F0FF4AC8AC7,claim_97993f20c531
S265_CLAIM_D035475D2A59082A3E0E,claim_c853cdb712dd
S265_CLAIM_D03F62AEFC3057135929,claim_13b7da55aae5
S265_CLAIM_D044C6A9815934CFFA44,claim_5f1ac8e920f8
S265_CLAIM_D05D705B79365C4FD148,claim_96571e6ecbd7
S265_CLAIM_D08BC83A25016823B001,claim_362a1416cac2
S265_CLAIM_D096C8E1572B236BB0AA,claim_24f622fbad2f
S265_CLAIM_D09EB1580BD074FA1FC4,claim_03cce116be1f
S265_CLAIM_D0B75FEE6D71C6673AA2,claim_bae995c2ff9a
S265_CLAIM_D0B8B9D9AFC286691F2B,claim_07deca5e439b
S265_CLAIM_D0DE99C45638A4CC267B,claim_0005172288e5
S265_CLAIM_D1068981A463E4D6F739,claim_3db71901c307
S265_CLAIM_D10B924A27536D6D3717,claim_987ccccee5b9
S265_CLAIM_D11DBE06A8E8662E2976,claim_322d545d1e53
S265_CLAIM_D12F61AF2151FE48CDC2,claim_8a8f861f5a46
S265_CLAIM_D1385B8B52213507339B,claim_22dd944e3520
S265_CLAIM_D13ECF1ED24778EE0B1D,claim_941da36984fe
S265_CLAIM_D14204328C51DF99E1E0,claim_a2cd0703a126
S265_CLAIM_D1475069B19E516AD9CC,claim_fb414a8f00ff
S265_CLAIM_D14F337E894738DEA2E0,claim_f2524540a7d9
S265_CLAIM_D1508EC71257238124A6,claim_c46c4b61022f
S265_CLAIM_D1515E4CB4519495BA7B,claim_48e33a41de2f
S265_CLAIM_D15FA1AE17E861667F97,claim_487137b58514
S265_CLAIM_D165BC93C85FB2B27B82,claim_895e20910df8
S265_CLAIM_D167A94363AD39CBAB05,claim_3f77527e8ebb
S265_CLAIM_D19050E2234B4BA2A7F1,claim_95e0d9e71ff8
S265_CLAIM_D1932848587B7A9973EB,claim_248fad474fda
S265_CLAIM_D1B49EFC1DE0BA204303,claim_278c9fb61d83
S265_CLAIM_D1C390D08D39613C4E04,claim_12b2170f0e85
S265_CLAIM_D1C69E116FCDF1E87FEB,claim_ff1ba992cefc
S265_CLAIM_D1CA220C946366D05BE3,claim_c02e8b58d965
S265_CLAIM_D1F7BC178BC8DF88A1E7,claim_aa1abf30e6aa
S265_CLAIM_D2126562E92DA8C9BD48,claim_0770852e4d46
S265_CLAIM_D22025EBDA10A3A785BE,claim_482e8435f166
S265_CLAIM_D23903F17AA520849BC8,claim_73b412711e68
S265_CLAIM_D24227311EDE2B77A1FA,claim_aa5ee1617f04
S265_CLAIM_D24445E779AA0BE87F16,claim_57532600fda5
S265_CLAIM_D264108D85427BAC88DF,claim_c369d1216361
S265_CLAIM_D26A08FFDD3FC1D2511B,claim_0fd9c94ea7f8
S265_CLAIM_D272E5B447E21EAF4A9B,claim_4afce2f6adeb
S265_CLAIM_D286CA2DED1DF33C6D90,claim_801a15ad5aa3
S265_CLAIM_D2D57B21B4BB94B293D6,claim_b0f6bbb00326
S265_CLAIM_D302301A16CC5D8F08D0,claim_74fb00cb0229
S265_CLAIM_D3031F0162F7704659A3,claim_ddaf2977282e
S265_CLAIM_D31BC55D38D4CD001158,claim_cfa896bcb7a0
S265_CLAIM_D3350AA518D8C1199DD9,claim_95483c34b684
S265_CLAIM_D33C5855B13BE0571364,claim_5c03b32c7bbe
S265_CLAIM_D34439495BB7BAA69D05,claim_d1752000e335
S265_CLAIM_D349FC10C16A08D1556E,claim_a02c5562cc5e
S265_CLAIM_D34D3457A98948B8CFBB,claim_84cabcda63ef
S265_CLAIM_D360D18392C92B2262E3,claim_e1095a51d9fd
S265_CLAIM_D37622A6D845D8601D39,claim_bf6b0df7e6e1
S265_CLAIM_D3883C405B5B1E2BA9C6,claim_78193ac58192
S265_CLAIM_D39A9EF4036BEFB72E01,claim_cefa8af69984
S265_CLAIM_D39B8DEC9353DF190864,claim_07946e099e45
S265_CLAIM_D39FADC609B837E8A861,claim_8e2b05e4d9ea
S265_CLAIM_D3B1EE9758C556EB9D48,claim_258dadd41dd5
S265_CLAIM_D3C8C6044E10663EDD01,claim_b4f3df25e0be
S265_CLAIM_D3E5160669C8AB992B21,claim_57f4fd8154ca
S265_CLAIM_D3EA129EBF12B683E063,claim_cbb5c5fae59c
S265_CLAIM_D3EF615EF6C4EF64D185,claim_95e5f1a31905
S265_CLAIM_D3F678A96BAAC9820242,claim_01d11bead5bc
S265_CLAIM_D3FDA4FDA8AB5C940B01,claim_7ea2b5d6d6c3
S265_CLAIM_D41A211372ACA0A83251,claim_58c3b68fe7e5
S265_CLAIM_D43733269AED26EDAA0C,claim_93aa32c73e43
S265_CLAIM_D4426E104A3BAC80665E,claim_ce96a95b9e80
S265_CLAIM_D47DBDC8E0B6D6B93187,claim_d9723180ad3f
S265_CLAIM_D49689DFF9D1B43C10CF,claim_dce3f2b743dc
S265_CLAIM_D4B4E56B406CBE70606B,claim_ea3a2d0e970a
S265_CLAIM_D4C0D43751057B6765CD,claim_de91dd633f57
S265_CLAIM_D4C9894596B29F86EC64,claim_8962f1ccf11e
S265_CLAIM_D4D2AF14A1DD87C6EA11,claim_8c24a3ec660b
S265_CLAIM_D4D8C15EFF645BD28558,claim_c3e0f0e10d9b
S265_CLAIM_D4DE90A243E90AEAE725,claim_f7ca25c2680b
S265_CLAIM_D4E2ED11A22997A5AA96,claim_a55197522529
S265_CLAIM_D4E8F7E9CE63E66B5E17,claim_cb9dd72db838
S265_CLAIM_D501B6E23B3D117C6610,claim_180a6407d7c9
S265_CLAIM_D50AC496E350B949E70F,claim_bf964ec150b6
S265_CLAIM_D5163BC94BDBCA6F7810,claim_6307b05f04f6
S265_CLAIM_D51A2A6FBC933D715FFA,claim_90635f92c8ac
S265_CLAIM_D51A71864DA9EF2EA146,claim_549d2c4bd1d2
S265_CLAIM_D524836D9F153FA729BE,claim_de9a9ce79222
S265_CLAIM_D545AC26056AACDE9FAD,claim_ce0ecdfbb4a5
S265_CLAIM_D55FC0EA8E3F35658AA9,claim_5b4243d32a19
S265_CLAIM_D586EEB5890DBE62A6BA,claim_88d934bc59b4
S265_CLAIM_D58D2AC4EF92FF37829F,claim_f51191ae4ef3
S265_CLAIM_D5971C047ED0CA76B84C,claim_3026b6046925
S265_CLAIM_D59E52590398762B3F74,claim_66811c900f42
S265_CLAIM_D5A593B7A8B7DAD69A2A,claim_3b816cc5dd80
S265_CLAIM_D5AA6846DF0A8662A61D,claim_e3ad01541811
S265_CLAIM_D5ADA785DD886A34A19C,claim_2e01396f5f02
S265_CLAIM_D5BAFD1E85134554C92A,claim_5dece5dc7a30
S265_CLAIM_D5D4CABCE03DA0C9B8CB,claim_aa0b25ac3ef1
S265_CLAIM_D5FFBAE6F19C73B5205C,claim_4827fe5ed82b
S265_CLAIM_D60F46F82FD149AAE970,claim_07f5c3da1c88
S265_CLAIM_D6142CDD73C9750EED48,claim_395f378e99d5
S265_CLAIM_D6165946DF00CDD8575A,claim_9f6a14cc76d3
S265_CLAIM_D62F4FEF469859B8548C,claim_5b92bfc97441
S265_CLAIM_D634D7B52BA8ACD67DDA,claim_89c7cb0e4ae8
S265_CLAIM_D63DB354BF55FB0DEE31,claim_478738f0ed89
S265_CLAIM_D667F7556BF657D915A3,claim_be7bc2585963
S265_CLAIM_D66A8B7EC988D6262B25,claim_e82a983cbed9
S265_CLAIM_D66CBEE37A62A1F33861,claim_e00eb2b9bae4
S265_CLAIM_D68D11C86CAC3AB90BAD,claim_a241410c404e
S265_CLAIM_D6A844D2F45C65ACCFD9,claim_7237bc19ec72
S265_CLAIM_D6B441D24164D46979C1,claim_529ce01a8553
S265_CLAIM_D6B54F497C119EA94330,claim_3767e5154190
S265_CLAIM_D6B83D523FFE601EA6FB,claim_055440ebbb9a
S265_CLAIM_D6CB8689427DC2C0884D,claim_c29d6bb2dc4e
S265_CLAIM_D6CF1A92B59F45955D59,claim_8d40040752c1
S265_CLAIM_D6D103AC02CEA9D807DE,claim_c5d9ee1b7a3d
S265_CLAIM_D6DA1CF1B7BCF6914CFC,claim_767c487716e1
S265_CLAIM_D6EC42CE642393A457F3,claim_5d2cf1b80540
S265_CLAIM_D6F17869E9B8581E482A,claim_9905b6ecbb5f
S265_CLAIM_D6F37434031C7790C0AA,claim_f9b52b0bff52
S265_CLAIM_D6FA96197C485740E53C,claim_30c4a9647094
S265_CLAIM_D70CB8D288AA4320E7A8,claim_e5874be949a6
S265_CLAIM_D71626863B51222C3900,claim_dbef7f477ec1
S265_CLAIM_D721E45517830FC9240C,claim_5c41e6956ed9
S265_CLAIM_D7261908920E2AD2B590,claim_792dd1f69592
S265_CLAIM_D729D7DCC4CFF0C2BFD2,claim_846622ee6e2f
S265_CLAIM_D72B1AA40026DEED228C,claim_a97c41b3d646
S265_CLAIM_D74A40AF88BEABFAAE60,claim_dde7c4dbacf6
S265_CLAIM_D74B1BFD1DA462349EEA,claim_460d09465c9b
S265_CLAIM_D76F7384362044601CE5,claim_68482b49294d
S265_CLAIM_D78A184E6356F88D1541,claim_ae269b317a1e
S265_CLAIM_D794C9AA4E8BF5929FB6,claim_e24f885c49b5
S265_CLAIM_D79D0D33BE714BFF4162,claim_9d3e77a90f7c
S265_CLAIM_D7A8E5156BC620A2262E,claim_93689e355d0b
S265_CLAIM_D7B485C3873FB8C55630,claim_64a70d0939c1
S265_CLAIM_D7C99E8194230E2B6D9C,claim_54a5221c5d46
S265_CLAIM_D7D9FC2FB34466359272,claim_0ff089e96aca
S265_CLAIM_D7E5EE750A5E020752A1,claim_843a320b6c50
S265_CLAIM_D7E67EDD557EF524BC71,claim_7c9980bee15a
S265_CLAIM_D80C212FEA6631556F32,claim_d30bf90b3288
S265_CLAIM_D828B312711104593F92,claim_cc491c9cd819
S265_CLAIM_D82CDC7A57208866B019,claim_3c7e11289c37
S265_CLAIM_D830F37381113BDA03B1,claim_b2c213d92b16
S265_CLAIM_D85011CCC7449727FFF7,claim_938ca6c5af7c
S265_CLAIM_D857D936686717DC8112,claim_4fac444aa897
S265_CLAIM_D858418A45C4051BAFAB,claim_fdecc1a05d8a
S265_CLAIM_D85A1DD4F551520FB869,claim_72a0f0e9600b
S265_CLAIM_D85EAF3A25B1FC34FA6D,claim_66f9d5fccb88
S265_CLAIM_D8637FD01A05674936C3,claim_100f853dcafa
S265_CLAIM_D86B10277237B1B5D773,claim_0b7602ffcc1e
S265_CLAIM_D873A653F1CD52166B99,claim_8d596ddfe1b3
S265_CLAIM_D89F6EAEB045920DA77E,claim_5430e3794d87
S265_CLAIM_D8C881FEEEB6EE4E074C,claim_4eff143bcf01
S265_CLAIM_D8D18986938FD3109677,claim_0135fdd6fa22
S265_CLAIM_D8D593E9658A434F88FE,claim_94ff4c297f6f
S265_CLAIM_D8D6B317AC96B92FF5DD,claim_d0138b962f20
S265_CLAIM_D8DE36D7DF391EF1ADEC,claim_544888ebb2ee
S265_CLAIM_D8E2B7F0BA90D5272774,claim_32594dbb2a74
S265_CLAIM_D8F01AA225CA753A3B64,claim_f9a58c0e6b35
S265_CLAIM_D8F53E4BD068B7179925,claim_336456366cd2
S265_CLAIM_D920CD86152B1FC2F587,claim_32173c42d8fa
S265_CLAIM_D92324ADD7948D86CF3B,claim_cdba8a77e089
S265_CLAIM_D938752B95B2318754BC,claim_7d831b5c4b65
S265_CLAIM_D9537FF7043590BCA0ED,claim_7d9e84de654b
S265_CLAIM_D976299E7E3F3FACFDC5,claim_caf1a9a24b7b
S265_CLAIM_D97709BE56DB05609A9D,claim_7bfc1e7abd7d
S265_CLAIM_D97CCAC22BB67869C14C,claim_48f5de8ca2c8
S265_CLAIM_D9AC71AE7674D207D3D0,claim_67f5144cfcd8
S265_CLAIM_D9B2BEB7ACB6946E8463,claim_143e8ea3aec6
S265_CLAIM_D9D0004BF064FB411D7D,claim_06bfeb1cd8ea
S265_CLAIM_D9D1CB204199511B57DD,claim_44141e362cfc
S265_CLAIM_D9DC554C82250B69BCE9,claim_6957e9f58931
S265_CLAIM_DA146194F83A240ABBB9,claim_497bc21aac3d
S265_CLAIM_DA1E97B4328ECEAD750A,claim_59777cccc2af
S265_CLAIM_DA1FEBCACB7691FFCE6B,claim_4d001dd07029
S265_CLAIM_DA4FAADC2A8123C78BAC,claim_1afa09911659
S265_CLAIM_DA6173B5D1105925E6C3,claim_7703eea08ec0
S265_CLAIM_DA890CCDC050D1DDBB3C,claim_8d4ff95e7e02
S265_CLAIM_DA89E1DA09C1767F7FCA,claim_248392ca7bc0
S265_CLAIM_DA90A5DF42DB82DE8572,claim_4dc308d6fcb4
S265_CLAIM_DA980E43B54D7F1E785C,claim_86ace3a3ca14
S265_CLAIM_DA99892CAE8B2ABDE045,claim_0777873e884a
S265_CLAIM_DA9E8B947294D0431585,claim_1a2ef8a0899f
S265_CLAIM_DA9E9161B3B317D7FABC,claim_877171b17b25
S265_CLAIM_DAD0744D8EDD3DD1EAB0,claim_78bebfa7133e
S265_CLAIM_DADE1601A634DB59567A,claim_fa73b55d16d3
S265_CLAIM_DB1766A13D78935C0049,claim_3820a54e46b3
S265_CLAIM_DB2FE1FE4654EE3E19E9,claim_928a604251cf
S265_CLAIM_DB3FA7974F476B08FF40,claim_fb55658e65c0
S265_CLAIM_DB4E36D212B2A65CD280,claim_1783280ff13a
S265_CLAIM_DB61C6D66B0045DA9CBD,claim_b5f4393ebd48
S265_CLAIM_DB75FBA0AA394F0CD4B1,claim_db640749e3ce
S265_CLAIM_DB894DC1042AD61A3374,claim_12dfe3bdbff6
S265_CLAIM_DB91664C27E67350EE3D,claim_ee40ecfba2a9
S265_CLAIM_DB95D2F5A35AD2E80E4E,claim_6893a7855812
S265_CLAIM_DB960A6ED27B747BA29E,claim_e8186b9d8d0e
S265_CLAIM_DB96E6AD238AC15DEC93,claim_3ce5ca2b6905
S265_CLAIM_DBA64F0B1E270BE7A5D3,claim_db4ed0367ca7
S265_CLAIM_DBBAEB0509D0E2B3CD45,claim_56d0551a2bb7
S265_CLAIM_DBC46F6DBE20001CA6F5,claim_8ac6eb9950e5
S265_CLAIM_DBD76E8147D500E0C759,claim_39a149a6b4e9
S265_CLAIM_DBE9F69E8B3102A15AB2,claim_a6bcacab9211
S265_CLAIM_DBFC09E0F0EAE229D2F5,claim_c866d54b4ccf
S265_CLAIM_DC0261933DBA64A6DA22,claim_1cbd0cbb3c6c
S265_CLAIM_DC02C6BEDA5E779EBCE7,claim_bf0026fe719f
S265_CLAIM_DC0B705B49CAE608C3A1,claim_ba445f86da5a
S265_CLAIM_DC18D25ECE5E6B5080F6,claim_59c464e82fe7
S265_CLAIM_DC225FF1251E48042D6A,claim_449acb7ffc1b
S265_CLAIM_DC3AE58C65313CF2DB92,claim_b507f74503a8
S265_CLAIM_DC3F92D97437E658DD6E,claim_20f7400b5dc0
S265_CLAIM_DC545F109E3720698829,claim_2fbbd3308450
S265_CLAIM_DC662503A8FDFBE3A87C,claim_6c43fa96a982
S265_CLAIM_DC6B31BB69900C99A5DF,claim_02155c92b4db
S265_CLAIM_DC6E443BD4A5433E28B4,claim_fe7cf0520642
S265_CLAIM_DC6FB28F07B051025149,claim_6ccb6ec4f2d5
S265_CLAIM_DC885578E72AA2AB6BBD,claim_c0cd5703d080
S265_CLAIM_DC8EA265293397E4C0C1,claim_6480b4429e09
S265_CLAIM_DC93CDEB80A198B45FA0,claim_1bfb6bd673d5
S265_CLAIM_DC9DF673CBD3218B8C2E,claim_2fe2610b88cc
S265_CLAIM_DCCA4231DBEBE9C238C1,claim_9f252585db9c
S265_CLAIM_DCE2EF704EF131DFEFA7,claim_caeaea11b3e8
S265_CLAIM_DCE5878ECA96D56BD227,claim_319f365451c7
S265_CLAIM_DD02424524A9163F7509,claim_7c8e86c2975a
S265_CLAIM_DD1E1EDFE285C4697D03,claim_60eadb95d20d
S265_CLAIM_DD228AAD448EE53AC70A,claim_14040b5a606c
S265_CLAIM_DD3BFB8CADDC7E59DE24,claim_e06947603ce7
S265_CLAIM_DD57A945D7C675EB3D4C,claim_85ea8592eb27
S265_CLAIM_DD5EBF210CAB80E02BCC,claim_e3a0d672c60e
S265_CLAIM_DD6E75F01DEE109545B5,claim_fdae7aa504ca
S265_CLAIM_DD75F2AAD044D593F638,claim_7321676cd8da
S265_CLAIM_DD78423112DFBF8F411A,claim_f8ddabb9391d
S265_CLAIM_DD796652BDC3298D2D5E,claim_c4afa1c1090d
S265_CLAIM_DD807BDB91EE8364F06F,claim_e1652d0256e3
S265_CLAIM_DD89887E9DA3FC670C72,claim_824ca84261fd
S265_CLAIM_DD9A66F91DEFB47CEDED,claim_8f851f642637
S265_CLAIM_DDBF99E7B2DDDF1D198C,claim_836f5f241c15
S265_CLAIM_DDC38FC9E9F7D8F2433D,claim_e9b4f9be40b9
S265_CLAIM_DDC9F782C104CE83EE37,claim_65300b307596
S265_CLAIM_DDD820E5066C34D72F22,claim_52f858f29387
S265_CLAIM_DDE042D84696337D9785,claim_f137c0ad5fac
S265_CLAIM_DDE5DF09946AD27A48E5,claim_1552cc25ecff
S265_CLAIM_DDE80117042AD724513E,claim_7dc1739d4a0f
S265_CLAIM_DDE94BF8CD5511D8CFC2,claim_b5584e8a95f1
S265_CLAIM_DDFC59FD9D6DF0B21DD8,claim_70f57515726d
S265_CLAIM_DE185262109E29554936,claim_caf962fdd7b4
S265_CLAIM_DE1CA437B63115D72661,claim_f872da9cae12
S265_CLAIM_DE29AF8C6CD666B40C0D,claim_d17a22411f36
S265_CLAIM_DE4232AEED887AA1FCE4,claim_2fdda487d76b
S265_CLAIM_DE4C4A7588B28BD49257,claim_b3ad82f52e2a
S265_CLAIM_DE4CDDC76630793112D7,claim_bbe7fdd0e91b
S265_CLAIM_DE4F86EF96903B643321,claim_6e7fb79d6e50
S265_CLAIM_DE54F6F43B5EFD9EAD20,claim_b45d2bd08ed7
S265_CLAIM_DE5CB3DA1A999C9920FB,claim_ac8edda47a37
S265_CLAIM_DE6114999E2997358F1F,claim_a1c42c65f00e
S265_CLAIM_DE83AE322F945E4A14E5,claim_755a8d3c7694
S265_CLAIM_DE94E6376649A7BA1E24,claim_cd318d318950
S265_CLAIM_DEC6F7900E2DF5B4D22B,claim_2f98096c4020
S265_CLAIM_DEDDBF472967EAD9F3A5,claim_8485229f34b0
S265_CLAIM_DEE9DE5745B1EB833293,claim_c3d410c55f5d
S265_CLAIM_DEF6778201CED69436D8,claim_9635f50a543f
S265_CLAIM_DF07F928CB2A28244CEA,claim_51fceb29b947
S265_CLAIM_DF0E10E02072EF13E3F3,claim_9919180c0479
S265_CLAIM_DF0E253D82A919BCDD59,claim_7806aa7cd66d
S265_CLAIM_DF1C2AAEF6D72FB9A764,claim_5986822be143
S265_CLAIM_DF24619D698FD2513425,claim_c870de7dfebf
S265_CLAIM_DF2D8C63A20057E99CF2,claim_38c18f66c1ee
S265_CLAIM_DF3816E801AF498EAF61,claim_a2e2ac1a4f6a
S265_CLAIM_DF3BC5C7A643AE3BD611,claim_184483a42f02
S265_CLAIM_DF563D950FE78C0F5F55,claim_7ba8ad0d8ae8
S265_CLAIM_DF6858A30803B8386105,claim_efe693aae890
S265_CLAIM_DF81D254C9AA15A42946,claim_a823bbc213b6
S265_CLAIM_DF8723ABCECF16062588,claim_7d804ce9bb86
S265_CLAIM_DF993E201DACE939CA4D,claim_b4cab431acd9
S265_CLAIM_DF9E0216FB59B7312A5A,claim_3ff43e07a42a
S265_CLAIM_DFAD0C45553615D79DC1,claim_f3b6dff776b3
S265_CLAIM_DFB360AA154CD62836CA,claim_83b8a6eb79a3
S265_CLAIM_DFC42C1FAE17DB32F422,claim_aa0d956b8fb2
S265_CLAIM_DFC86C6F2F0FDBF408AC,claim_d188cdf43d12
S265_CLAIM_DFCA8E4B96E73B1BE618,claim_acf2c5f3228b
S265_CLAIM_DFE3A8D6C9F4F5C978C8,claim_c906e42e01d8
S265_CLAIM_DFF73E76BFCD480953A2,claim_3e789e7a42d3
S265_CLAIM_E002C791A566D64227E4,claim_91309a63fdce
S265_CLAIM_E02041EFC28B24B3B9AA,claim_f582e359c86e
S265_CLAIM_E075A01D33B5AF118CB8,claim_6226c27bc9a4
S265_CLAIM_E07F60B7115FCF1CC824,claim_2ba70cc9a8e3
S265_CLAIM_E08574238292E8B39F52,claim_714a2f1aa8ab
S265_CLAIM_E0961526F2CFB2775B4B,claim_0b1776d1be72
S265_CLAIM_E0A709D9A41D164EA191,claim_1e4d238d5212
S265_CLAIM_E0B201307636F4473BC9,claim_fbb2e9da758e
S265_CLAIM_E0B6019430CB9E3AD591,claim_1b65182ff041
S265_CLAIM_E0B87B8FFDD35B11DAB9,claim_11982f3d40e2
S265_CLAIM_E0D454C41009F6132EA3,claim_be4db59e8f53
S265_CLAIM_E0D5A6D54E3F97941043,claim_6ddebba7c76c
S265_CLAIM_E0E0E583C000A50475F6,claim_efed9ca544fd
S265_CLAIM_E0ED65C173B4B2FD7FE6,claim_913333afae82
S265_CLAIM_E10204EEB6691F601B16,claim_21c5cf6751b3
S265_CLAIM_E10A67F6A7E6061ABFE6,claim_a52f3a437413
S265_CLAIM_E11029592EF758CC3C01,claim_9d1987d664f7
S265_CLAIM_E1412D204AD8BB084F3C,claim_7db64d33d128
S265_CLAIM_E144493E013580B60434,claim_37402b1fe7f3
S265_CLAIM_E15362880CDF5F5D48AB,claim_e5b22c7d7323
S265_CLAIM_E1675049A67AEADE9340,claim_9d96cd9b1cba
S265_CLAIM_E16E9672B3C347210A04,claim_555637b7b68e
S265_CLAIM_E175CCA27BDB57C6EC39,claim_3ee0a59d1072
S265_CLAIM_E185CC8CFCA75A8EB6AF,claim_23c50b922f8d
S265_CLAIM_E19558348E9DAAB4C89C,claim_b18e86c33890
S265_CLAIM_E19B0358A736B44BB927,claim_f556b1f573fc
S265_CLAIM_E1A20144D06407C0C620,claim_4166fe938b61
S265_CLAIM_E1A504B703627E2C5F26,claim_f504e69dfc28
S265_CLAIM_E1AD07AFBC6DF08F3E0A,claim_ddc4ce8b38e6
S265_CLAIM_E1D6CBB12D1AA6B119F6,claim_20acaf1354af
S265_CLAIM_E1F849915499FC2D09E0,claim_23a2cd0a34ad
S265_CLAIM_E20379A661008A5E53D3,claim_82a937365792
S265_CLAIM_E21CA21BCADBA8857D45,claim_15526ba3990e
S265_CLAIM_E23F6BF07ACED21BDE42,claim_4c48616486e9
S265_CLAIM_E2476F14842D7EC05C6E,claim_57df739c0ec7
S265_CLAIM_E252B9716ED12DA96669,claim_d1de5d698f3b
S265_CLAIM_E2567FE3ED264B2C3B4D,claim_ef3f6681a9de
S265_CLAIM_E272947568BBF2020E52,claim_f63a8c3f1abe
S265_CLAIM_E28F90C50C9AA12C81D8,claim_6249273fd9c8
S265_CLAIM_E29216DA06D87D100BA1,claim_07f2fe11598e
S265_CLAIM_E2ACAB78FE65DA24A1BF,claim_f33cd1253066
S265_CLAIM_E2B560E08489A026660E,claim_09a5dabcf7b1
S265_CLAIM_E2BB37869FD37DF56389,claim_e77673bf9cd9
S265_CLAIM_E2CAE64B38ECF796000C,claim_b76f15ad5916
S265_CLAIM_E2CE618BDE1BE39221B1,claim_271327eba088
S265_CLAIM_E2D1F2285B1FD10A056A,claim_147eac5b0589
S265_CLAIM_E308378500906DD66312,claim_01e909ef89e6
S265_CLAIM_E30ADD01C272312F7F6B,claim_2a46433c9428
S265_CLAIM_E33571BADDC0C8446BCC,claim_b0a60562a344
S265_CLAIM_E33AE400455FFD72494F,claim_efafd9100e37
S265_CLAIM_E347096F6E80ED9F5CFD,claim_2819a709ee84
S265_CLAIM_E3585E07A936EDB27E5D,claim_a0ffcaad01ca
S265_CLAIM_E3604F36A4D12DEC4137,claim_6c7aeaa08e5e
S265_CLAIM_E36B65FC65E06BE72DA5,claim_d0f4d3512fa4
S265_CLAIM_E37B6BCC3F21400E0AAD,claim_e6f0215176bb
S265_CLAIM_E3869592DB343DD01960,claim_b329bb6553cf
S265_CLAIM_E3893276ED4EADABCDC7,claim_db4f96a69119
S265_CLAIM_E396D1D6C74E330541F0,claim_31d4b4c07038
S265_CLAIM_E3DA3D851B6E3869C73A,claim_5c9511166a91
S265_CLAIM_E3DBFFD64DB3668D3680,claim_6423f7e22ccc
S265_CLAIM_E3E9EC7A0817231B5894,claim_09de95bdbca1
S265_CLAIM_E3EC4DD482B9BA87A84F,claim_1187530dd32c
S265_CLAIM_E3F3492B252FC246886C,claim_df7e10d8371e
S265_CLAIM_E40CC0A53A750CCBEC15,claim_082f6ec5c708
S265_CLAIM_E440E32409AF6AC05B0F,claim_45addfde605a
S265_CLAIM_E44ABD7BB3E4D91F7312,claim_f49b21bda981
S265_CLAIM_E4775DC038C96774298C,claim_8a4ce195cfb8
S265_CLAIM_E496CF18A2A79ED9C802,claim_22bf1eea6824
S265_CLAIM_E4A2E719475FEA0AC4D2,claim_a9004dc69a97
S265_CLAIM_E4A3FC1CBE5C7155A44D,claim_c25598654ccd
S265_CLAIM_E4A61C5D846444B2EF53,claim_8ec78ba20f0d
S265_CLAIM_E4A7F5B797D9508F09C8,claim_f1e478d5147e
S265_CLAIM_E4BE27ECDDD0E11EE0E9,claim_ebb6cfc78f1f
S265_CLAIM_E4C12565ED5469EFE2B9,claim_30a859e56d3a
S265_CLAIM_E4CD49EF55FED854C56B,claim_561ffe037d5b
S265_CLAIM_E4D25197970439A18AD8,claim_d0afdf73744a
S265_CLAIM_E4EC199FF28F5C9C93DE,claim_ab2dd132626e
S265_CLAIM_E4FE65C88A56736A6021,claim_b8241653a614
S265_CLAIM_E50D6DF8344A1C5F41F7,claim_641e718ab487
S265_CLAIM_E516D81A57D5E14D30DE,claim_b980046e7fb4
S265_CLAIM_E5221FB53D20018F34F6,claim_d6307832d068
S265_CLAIM_E52B0B60BCD95349E8C5,claim_f8abcb105855
S265_CLAIM_E549DEA9739D4D6FA9D9,claim_7fc4b2681939
S265_CLAIM_E575041E80E4D4AD0090,claim_02a7d6485ce1
S265_CLAIM_E58204178E3D0BB7A6DE,claim_79fd04c89acc
S265_CLAIM_E5893B5FEA3D87C691FE,claim_3841fa669755
S265_CLAIM_E591F29468DAD70301EF,claim_d6129d4b2042
S265_CLAIM_E59C373A0C04A74D295B,claim_b6b03c542e18
S265_CLAIM_E5D1AC9344DAE2DCFD4A,claim_c0fee84daf13
S265_CLAIM_E5ED541552572F43763D,claim_d7d13e4d99fe
S265_CLAIM_E5FFE1F0E53A00321985,claim_eebe201874db
S265_CLAIM_E6037BFF8BCAFE3F8CF8,claim_f20fda926f49
S265_CLAIM_E60728B8A9EB975B2F3E,claim_b36ba8daf90b
S265_CLAIM_E613A73DC444F17F4171,claim_c51a41d43aed
S265_CLAIM_E62280A890BCA0C36419,claim_59834b7c773a
S265_CLAIM_E634654D88A090DA36A9,claim_7c9d79dda745
S265_CLAIM_E634C66C551A2BE7D4F1,claim_175f0d31d65b
S265_CLAIM_E635F963738F0BF75494,claim_cb05ff75e404
S265_CLAIM_E650F707BD0CADE0DF3B,claim_81f6a4116e2c
S265_CLAIM_E654C93C2124F1CBE781,claim_3a000275e603
S265_CLAIM_E66BB692B71ED1AF01E8,claim_c765bac1b6f9
S265_CLAIM_E68463C6E6A7E573AE90,claim_83d108650a41
S265_CLAIM_E68CA4259AC8019F3A19,claim_90273a814455
S265_CLAIM_E699C07A95D0BEEB72C2,claim_04fad4df17dd
S265_CLAIM_E6A85A68BAAA5E7352CB,claim_daa3d40fc0a9
S265_CLAIM_E6A8CE2593C1F2428518,claim_a956e66c8bcc
S265_CLAIM_E6B5262D0E8746DD5E46,claim_a9b7a057e958
S265_CLAIM_E6B6E88D116542D960B1,claim_e812fc4cb42a
S265_CLAIM_E6C6AA6D2A32BF4717C6,claim_a10c91af7762
S265_CLAIM_E6DF2A812FCFAE490CBD,claim_ff5532b240c0
S265_CLAIM_E6EF636170C8EFC28921,claim_0014ff70018f
S265_CLAIM_E6F7F820F82611EB3109,claim_298bdbae17a2
S265_CLAIM_E70A5D65125B8A5C3A3A,claim_4232210fdec0
S265_CLAIM_E7165FBBF8DBC0F456B5,claim_8d86651111d3
S265_CLAIM_E71B8EA65BF1B5DBA1A8,claim_fbfa40fbfeda
S265_CLAIM_E7455EC445AEBD04F415,claim_8a09b915e270
S265_CLAIM_E74D5DD22E998794CA5D,claim_6126e0a56abd
S265_CLAIM_E75E4B4347D19062F126,claim_465a9ec6f22d
S265_CLAIM_E772C6E6C6EC74713AD1,claim_2bd9f2d859da
S265_CLAIM_E77BD907F485F4B4A680,claim_309666e5b29c
S265_CLAIM_E782FD930624F90FE89E,claim_141f70b33f7e
S265_CLAIM_E78D66B5ABC74F71A342,claim_28c3ddb1f365
S265_CLAIM_E78D894DE7761382159C,claim_06d9eb055cfc
S265_CLAIM_E7936B0E7160FCD554A9,claim_55024e716acb
S265_CLAIM_E7E82EBDDA4C9521E0B8,claim_7a965dc88758
S265_CLAIM_E7FAC8A2EAC3439B9649,claim_34edf115214c
S265_CLAIM_E802753D29B7728E313C,claim_7dfab73c8dbb
S265_CLAIM_E8109ED9A13EE92F5D5A,claim_17887c083c03
S265_CLAIM_E8138A7F6D51EF48B3CE,claim_f4bd230de301
S265_CLAIM_E8168F20BC23441F6E8D,claim_1ee0f994ec40
S265_CLAIM_E8348CF9AC1171E27D9B,claim_b0e3266c99cb
S265_CLAIM_E839CC5B4231932ADDBD,claim_fa5145bde881
S265_CLAIM_E860E4766C7362113602,claim_00e8340b810d
S265_CLAIM_E8633DFFDF83E79986DB,claim_d25418f63c38
S265_CLAIM_E864F4F927ED6DE7039F,claim_1309f8e5707a
S265_CLAIM_E889B17977C343C76F1C,claim_41c89802fdcf
S265_CLAIM_E88B3F8FD3B2C5F6AF5F,claim_3b82a7f2a273
S265_CLAIM_E8A938A6A73E82453E29,claim_4fdb41f6adc0
S265_CLAIM_E8D5DE0A74C3BB50C810,claim_68c3c2754615
S265_CLAIM_E8D64449224C76532B94,claim_841d5fb0a6bf
S265_CLAIM_E8D9A208B65B29B791C9,claim_b026e47018f2
S265_CLAIM_E8EBBCF3F15054D4EBF6,claim_02c893efe947
S265_CLAIM_E8F6C472F9C670F6CA46,claim_b196b7fbb32d
S265_CLAIM_E8F7CF5C5312F3A59430,claim_740a7f4723b9
S265_CLAIM_E8FA023C078CCB69ED9A,claim_a331fea44e0a
S265_CLAIM_E8FAF00401DE0FEB34EF,claim_24ad54b642da
S265_CLAIM_E91B0FD9659A546AD881,claim_43c10e9a5a96
S265_CLAIM_E91B7786B3D4D7857C15,claim_4b71c0000bb2
S265_CLAIM_E92F786A712475AAFCE5,claim_18dc1defbe65
S265_CLAIM_E92FA4CCAD7660139AA2,claim_33866fc8c3f1
S265_CLAIM_E93CFBBBE896B45305B1,claim_dbc3fc47556a
S265_CLAIM_E95506CCB36DB7CE1ADF,claim_7b7f0371c10f
S265_CLAIM_E95940D624AB63D58E49,claim_2afb93fac361
S265_CLAIM_E963FD4A05606E7E2B1A,claim_fa9417d85592
S265_CLAIM_E96641ABBA8376ECF4B8,claim_7c16d814af01
S265_CLAIM_E96F21762DDC63F3F2B8,claim_dd2965233eae
S265_CLAIM_E97C5C9AD2968B9BEEB2,claim_c39eed1f21a8
S265_CLAIM_E97F31E820F35E109943,claim_1ae172d1fad3
S265_CLAIM_E9804D6583FBBABF49F1,claim_f5c2ce89e9fc
S265_CLAIM_E988ECD703A29CCFC0D4,claim_f2075a29b99c
S265_CLAIM_E98DE1EAB83E99A726A5,claim_4408f226e7c1
S265_CLAIM_E991B2FBF90614A775F6,claim_08c71510279e
S265_CLAIM_E9A79DE4B856E2BEE51C,claim_110b8c3050f3
S265_CLAIM_E9B7677193AD3D8EFACD,claim_ccb5aa9a87f8
S265_CLAIM_E9DB417B3EF61924989E,claim_2a2f2aede7c6
S265_CLAIM_E9FA293F089CDC3ED2F7,claim_9f54ecf7b2ed
S265_CLAIM_EA025847C555DAC242FD,claim_046ac54d9c92
S265_CLAIM_EA0428E8CBB232B6B5F6,claim_4d558373d0d6
S265_CLAIM_EA26FAD5D210B9103E7C,claim_c925f3798dc5
S265_CLAIM_EA42EED1B50F22071B73,claim_5f7e074cf4f7
S265_CLAIM_EA439C4918D279801CD6,claim_78f47fb206ce
S265_CLAIM_EA45D4BC6E69BFA30951,claim_7f1faec59654
S265_CLAIM_EA4F07ECFDEB6B442020,claim_e8fa172c5059
S265_CLAIM_EA4F936FB7177CBF93BE,claim_d54a91a04431
S265_CLAIM_EA59427C02200B35FD24,claim_59083b9ba384
S265_CLAIM_EA666819668EBBCFAA54,claim_507a81bc62a9
S265_CLAIM_EA8DE0358389F916E152,claim_316b292cb36f
S265_CLAIM_EA91AF7D921B84BF65FE,claim_0bfad5b7ce37
S265_CLAIM_EAAF9DEE9301E9F046FB,claim_abbe66a76152
S265_CLAIM_EABB62A1DDE2F32067CF,claim_38e488fbf024
S265_CLAIM_EAC9AD438011E1DE7E76,claim_9bb9f0d5b703
S265_CLAIM_EAF2C0B87A521A0E263C,claim_617192dcc6e9
S265_CLAIM_EB012FDF9E7C17F89D69,claim_7455fae6b830
S265_CLAIM_EB07D4FEF9C36DA3AB3B,claim_abc35edc503c
S265_CLAIM_EB080BD2370B0B23484D,claim_b54545d3043a
S265_CLAIM_EB28687E26148A939750,claim_845989cfc516
S265_CLAIM_EB3112476C4F8BEB608E,claim_fa4c8b33bfb8
S265_CLAIM_EB3535B6BFEB7FAC6EC6,claim_224271866af7
S265_CLAIM_EB3C113DFDA6116E7D0B,claim_55c4db982df8
S265_CLAIM_EB45E3B431E64D9EEF7B,claim_a829133bfa23
S265_CLAIM_EB47E05FF27449ADBF47,claim_a1ec49c3d0b1
S265_CLAIM_EB5F93A1891DA117550C,claim_346d3be14e56
S265_CLAIM_EB739629C8A6A4DA6E54,claim_a71a6a21e1b1
S265_CLAIM_EB75FA142906C395DE90,claim_c16db6a78aab
S265_CLAIM_EB7E785F1FFD3C8C8E90,claim_5ba4cd202a7e
S265_CLAIM_EB8316A4CE176A77B1CC,claim_50b4da81ca45
S265_CLAIM_EB91104C21DE49ADC222,claim_e77f92c30093
S265_CLAIM_EB9411E9385E84F2FEEF,claim_dbeae3d01994
S265_CLAIM_EB9FBD966259CA53D78B,claim_18667ceabfeb
S265_CLAIM_EBC5BECB0C5D2D5E6B87,claim_ea00d80ee285
S265_CLAIM_EBE454C76B81554A30EC,claim_22299529e791
S265_CLAIM_EBFCC9FB8EC5AD9C21AD,claim_308f8992e3e8
S265_CLAIM_EC23BD3A37931411B531,claim_8338bb6db38e
S265_CLAIM_EC27C2707B239C23261B,claim_ee2cfcae1267
S265_CLAIM_EC2FAC22B7CA1491F285,claim_db33dc69a24d
S265_CLAIM_EC7B02170EC90EFE208E,claim_a89bc36274d0
S265_CLAIM_EC7D426D3393127FFC3A,claim_aadac123aabf
S265_CLAIM_ECB197DE8B292EDA6B5C,claim_17c24c5d8a29
S265_CLAIM_ECC5B937F00274CF1049,claim_603edd01cefe
S265_CLAIM_ECCDF73546BB0BAC3DB4,claim_7269dcfbb386
S265_CLAIM_ECE05CC8DBC608713D67,claim_992e210f7c5c
S265_CLAIM_ECE37E73F2FDE7C2A526,claim_7379b23925b8
S265_CLAIM_ECF0902D7E1715AFA9A9,claim_c28540131fcd
S265_CLAIM_ECF1F135B8287440FE3F,claim_711e6cde94c8
S265_CLAIM_ECF7E34490F9F2B3D144,claim_a7ba07810f7c
S265_CLAIM_ECF87DAB46C9572C194C,claim_0f5e0cabce0c
S265_CLAIM_ECFDFCB77D166F7DE6C0,claim_22ecc97b0d96
S265_CLAIM_ED011D37EEA94F295437,claim_7d21fcdfdbd4
S265_CLAIM_ED0D1256830CBD93A008,claim_49e01e121aa0
S265_CLAIM_ED0ED133B120878D0773,claim_e0e9f3c94f83
S265_CLAIM_ED2448AEB2401F1B7854,claim_48a919f17815
S265_CLAIM_ED36F3A8A6BC8361EEFD,claim_7e038aca4b21
S265_CLAIM_ED714A74FA013654DF17,claim_c6e0ea94a31a
S265_CLAIM_ED73FEBD0B6DDDDB4BBE,claim_6f098dc4dc78
S265_CLAIM_ED7BDC3F845DEAE220E5,claim_ec52931de4c6
S265_CLAIM_ED7DC1C090B8FFB45CE2,claim_30cc429f37c2
S265_CLAIM_ED7E3725C2915374E288,claim_293a089dbc19
S265_CLAIM_ED8671754D8E6B42EFAC,claim_7370d0f6b17d
S265_CLAIM_EDA1332C0E26AB11ED42,claim_247ad52a290e
S265_CLAIM_EDAE95C1AD82C303FFE4,claim_2bb60cd528a8
S265_CLAIM_EDC4F0AD12349BD7B13E,claim_0533da829fc0
S265_CLAIM_EDD67D6FD82916CE576D,claim_5d4fc6bec033
S265_CLAIM_EDDBFA34D12F3DF4990D,claim_fde5b1adef83
S265_CLAIM_EDE86107AB62739938F3,claim_5763477456e4
S265_CLAIM_EDF5EC9F05424072AD65,claim_e558d954d75e
S265_CLAIM_EDFB8F8C847620AEB812,claim_86601f6ba605
S265_CLAIM_EE0EC3836252CBFEA530,claim_985765fb0d2c
S265_CLAIM_EE135E22A4AA73224BA1,claim_b0f8cd08fe01
S265_CLAIM_EE2EC55007AB9EC0BA2C,claim_e76bf6f115e2
S265_CLAIM_EE576F6F791F30F0CD32,claim_ee9c11d2befc
S265_CLAIM_EE6AE6B08830EBE41898,claim_7cde46670352
S265_CLAIM_EE7F27A397CF6E699927,claim_3f8fbbf71b05
S265_CLAIM_EE8948BF174F9E7F5032,claim_11a602a6bf53
S265_CLAIM_EE93C24DFFCD661DD2F8,claim_167a1c1f6b30
S265_CLAIM_EE9AAFF18F1A4CA47704,claim_4a3d18a85449
S265_CLAIM_EED2950A95DCF88B79F0,claim_f659f45fc272
S265_CLAIM_EED47220F071C4DF15B7,claim_4b752d8f5642
S265_CLAIM_EEDCF27E40F1DD30BD93,claim_20c64151a8f3
S265_CLAIM_EEEC82B1787DF8414457,claim_bb452f4c8d82
S265_CLAIM_EF0501278B5AE4F4DD4F,claim_de75ae06fcef
S265_CLAIM_EF155435263DB301C898,claim_fcfb44347c7b
S265_CLAIM_EF17A0712DE7048AA6E3,claim_a7a269377d64
S265_CLAIM_EF24525F200B6503067B,claim_7c5cd7294216
S265_CLAIM_EF2F42A290FAEEAE5650,claim_aad72f7b9f1d
S265_CLAIM_EF52280031BE09458752,claim_04bc70da565b
S265_CLAIM_EF52B92DA316009A7E0B,claim_78065337ed33
S265_CLAIM_EF535985E2228D1E8F31,claim_c625f1fe2be6
S265_CLAIM_EF66239F3C27F9AD1E75,claim_feaa60efd029
S265_CLAIM_EF7DA3BD359623A4665A,claim_e5771a5d1f47
S265_CLAIM_EF7E8A22A353E1941891,claim_784e6a068bc0
S265_CLAIM_EFA5E3E13791898A78E3,claim_9ee5c91449f0
S265_CLAIM_EFD273ABB008E3C044E5,claim_a6198e8eb376
S265_CLAIM_EFDA75B2DE71D1F7AA5A,claim_7b09c7b38979
S265_CLAIM_EFE4A8D2226CF5D2BA73,claim_c075b20169b2
S265_CLAIM_EFF94980F838C9FE84D8,claim_1f797a790bb9
S265_CLAIM_EFF9848FC03F23101245,claim_738c1fdc622b
S265_CLAIM_EFF996674D1A5D71E993,claim_f06c71a1ed82
S265_CLAIM_F00315CDE020DF72E465,claim_0c25e18ea9c4
S265_CLAIM_F007FB1D244E35346AD4,claim_ab6ff82e6b93
S265_CLAIM_F00DC0E4662B88A584C9,claim_9ad18cf1495a
S265_CLAIM_F00DD5C397E126898EE8,claim_e38f2e926185
S265_CLAIM_F05005E575E5F4307D0B,claim_bc914a87d99f
S265_CLAIM_F06543DA4575C3017839,claim_2feed975452c
S265_CLAIM_F0655B3818CCC915CFAA,claim_3be62dc79a16
S265_CLAIM_F06624817294988FAF6E,claim_10bec2193ac9
S265_CLAIM_F06757E7B076E4AAED0E,claim_2631b7e929de
S265_CLAIM_F0692781C6852B677267,claim_5b5760f45993
S265_CLAIM_F069F918592D9E62D363,claim_80182aa20ca0
S265_CLAIM_F08C176A16A53AB2BC4A,claim_f5ac122ad0e0
S265_CLAIM_F0917FB9014250053495,claim_44e0bff85201
S265_CLAIM_F0943D5DF7F702390FD9,claim_d5f4af4fab79
S265_CLAIM_F0A456B870F72A51FBF0,claim_a300aa160f74
S265_CLAIM_F0B19322BB47E80157E4,claim_fbcf7548832c
S265_CLAIM_F0CA8749863CBE27D3C8,claim_7385b906ec22
S265_CLAIM_F0DA4C20FF43BCEAAA12,claim_d0bc12178081
S265_CLAIM_F0E664D048339C147097,claim_c53dccfad132
S265_CLAIM_F0F997B7EC87EC2D2F21,claim_9b31d2b18745
S265_CLAIM_F0FC6C5436CE14AE8896,claim_9fa5641028a5
S265_CLAIM_F10C6C128F253209C11E,claim_56ba0617389a
S265_CLAIM_F10D616D1A10711BFEEA,claim_8169853e77a4
S265_CLAIM_F11E23B400624A9F0970,claim_ecfeeb72ad36
S265_CLAIM_F1389953947B80208A8B,claim_a9781046f82d
S265_CLAIM_F14C159E2CADE91C008C,claim_ae133b65e384
S265_CLAIM_F17DDB067BE59E7C75F1,claim_a811663c8245
S265_CLAIM_F18283782B4CEAEFE9C1,claim_898e728f03ce
S265_CLAIM_F183A5EF1428F5F28334,claim_0ef535c12719
S265_CLAIM_F199E3C1685C3431C0E6,claim_7b5d74e853e2
S265_CLAIM_F1A06ABD0CBC6D1ED38C,claim_916ee67cc4b3
S265_CLAIM_F1AAFD34B58B04B396E7,claim_a0822dd129dc
S265_CLAIM_F1EF83192F8DCB840A66,claim_6876f99eb624
S265_CLAIM_F1FA6A4A628D84815568,claim_dabdf8a351f1
S265_CLAIM_F1FE73C07E072884EB23,claim_264e5392f565
S265_CLAIM_F22A2C5B995737DBE990,claim_87ca12bb88f0
S265_CLAIM_F2376128358E36C4CDF0,claim_49bbefca7d61
S265_CLAIM_F23AEAAD949764966DE3,claim_af81e30dbf4a
S265_CLAIM_F24706D80AF42F88F33D,claim_38b84dbf76a4
S265_CLAIM_F24B407509229F5B6FC3,claim_94d8a4ff9fcf
S265_CLAIM_F25EF4E5640EAAF39BDC,claim_2ec8ec117fa1
S265_CLAIM_F28F2295DF8A2C4C892A,claim_5dc327be8ffa
S265_CLAIM_F2AA655D88CE0E94B753,claim_0de82fc03240
S265_CLAIM_F2B37F4D68EA4249F1A7,claim_c6b4b5ae02f2
S265_CLAIM_F2C6F6E1D3EF565D16BD,claim_0eaf62e00847
S265_CLAIM_F2CCF31AD93D51C7A00D,claim_296d18633671
S265_CLAIM_F2D122E59E55737FB084,claim_e292a42f5814
S265_CLAIM_F2DEC28ABE5F8F28407F,claim_76873ddee47f
S265_CLAIM_F2E32335668A91BBF86B,claim_ab95257eb495
S265_CLAIM_F2E47237039876AEDC78,claim_fe339a48c4ef
S265_CLAIM_F2EDCC1BAF7EE9684AC5,claim_76d046de500b
S265_CLAIM_F2EE69CB2E834689FC71,claim_7b3585bba6e5
S265_CLAIM_F2F41E6EA63DF89BC82A,claim_0e7876d806d5
S265_CLAIM_F2FD7FA489FBB7EBECF8,claim_97e58396096a
S265_CLAIM_F34052F7E4F20B16CED7,claim_aecc5214e654
S265_CLAIM_F344550250A855E81993,claim_0a732d05e932
S265_CLAIM_F34CBCAEBB4C28029B58,claim_ccfcbe92f71f
S265_CLAIM_F3533BB2F90C5E29A221,claim_47c0ea13c7a8
S265_CLAIM_F35AE042A86928BBBD59,claim_dfebbca8dffa
S265_CLAIM_F3632A67AE44ED2B31D4,claim_96c8d1d6d809
S265_CLAIM_F386043A0DF6B751C757,claim_5690f91e2920
S265_CLAIM_F38C3906BD1A26CD50C3,claim_13ca9984a098
S265_CLAIM_F399870ADD0107D64E62,claim_0206b09e98d9
S265_CLAIM_F3B00235D03245640DB9,claim_5086d36d97ca
S265_CLAIM_F3B0ED584B6DBFBC8A2E,claim_5325d58c54b0
S265_CLAIM_F3CDA70BBD5B000774AA,claim_347f9509c6a7
S265_CLAIM_F3D56E9B3FE168330930,claim_c3974dcf600e
S265_CLAIM_F3F1128356B1B61EF828,claim_cf3442eb8ec8
S265_CLAIM_F3F97563753140CDC456,claim_2fa293e8bb7d
S265_CLAIM_F401F3A52854490AFEA5,claim_bff82241d8dc
S265_CLAIM_F41478F18C1093F4294F,claim_2d95fb88884c
S265_CLAIM_F42E0139EAF32600FF1A,claim_68e232127c13
S265_CLAIM_F431958A980A8744F539,claim_7fe771dba30a
S265_CLAIM_F433EE518D1D4CC12752,claim_c6b3fe280c4b
S265_CLAIM_F4377ADA2F24E5ACF5CF,claim_ba135d27c6ac
S265_CLAIM_F4414566FA5770F0F02F,claim_86c9baee1af6
S265_CLAIM_F44A24105231A403E65F,claim_31f1857658b9
S265_CLAIM_F4508178D57FAE885873,claim_c81c2243f614
S265_CLAIM_F464C1FB4E769BE7728D,claim_37ecf1f5df36
S265_CLAIM_F4663825AF64D5FC81CC,claim_d708c917a0db
S265_CLAIM_F4841C662911393D5230,claim_964d7ae53100
S265_CLAIM_F49E4F8F4709A01AB6BC,claim_7d931ee6a310
S265_CLAIM_F4B489A1625C71F1C860,claim_5eb83b37d6ff
S265_CLAIM_F4C6EF05657D9536B0F6,claim_3b972c4f9095
S265_CLAIM_F4D543C2273029D4444E,claim_9520a7976c7f
S265_CLAIM_F4E4D191FCA6CA392B10,claim_3fae07da095d
S265_CLAIM_F4E7C73EE0A7895B4714,claim_88120b651114
S265_CLAIM_F4F60BA14FD21993A806,claim_474118fed278
S265_CLAIM_F4F75F27E2334CCE4D0D,claim_a090e84b648e
S265_CLAIM_F4F7AB25D763E38EF1EB,claim_acc69024616b
S265_CLAIM_F4F7D043AB8C80824F1B,claim_0d5cd4f6f058
S265_CLAIM_F54643285D93A01A73D2,claim_90f8a1902618
S265_CLAIM_F548137D388C96F85873,claim_a9c1ca47b744
S265_CLAIM_F54BFC14BE7E41FFD0B8,claim_98f383e31fc3
S265_CLAIM_F554DDA8DCD7372B22F7,claim_fb078031a3fc
S265_CLAIM_F5689558F7B2B89E7D80,claim_0c5eb625e97c
S265_CLAIM_F5783E1DB6F4E0BD0C7E,claim_de79a34d9b8f
S265_CLAIM_F5990A61430C65E9163D,claim_23fd11818b64
S265_CLAIM_F5A2FE7A684248CB6DC0,claim_88dedda9ff7a
S265_CLAIM_F5A6653C02EAB2A0B9D6,claim_83801a909710
S265_CLAIM_F5CCF672BEBA7FBBFFC1,claim_c56333ec76d4
S265_CLAIM_F5E63877AAAC4F20F4FC,claim_02b6893a49d6
S265_CLAIM_F60C478C6C0E52C71C80,claim_bd7edd506a81
S265_CLAIM_F61833860AA4BB24E27C,claim_fa541da9b716
S265_CLAIM_F625FDC38C3A26516869,claim_eed8eb60c389
S265_CLAIM_F6340CBC759ABD3D0E70,claim_0a476fc6419e
S265_CLAIM_F64E2764369D3F588105,claim_8617734a7115
S265_CLAIM_F6666FF2DFE4BF28E863,claim_b7973a1d90c8
S265_CLAIM_F6853FC7E741FABE254E,claim_d948b7498c1b
S265_CLAIM_F68A4A72ACE3CD6ED187,claim_b9ebc768a475
S265_CLAIM_F695844EEC2A81078DBD,claim_4a2c07cd9621
S265_CLAIM_F6A7667AA4398E00B8E0,claim_585fb62d8ee1
S265_CLAIM_F6AE21C080453076E222,claim_4cf438dcd2ab
S265_CLAIM_F6E55A812AEABCA91F1A,claim_71a499274d29
S265_CLAIM_F6F93D344D13FA03A9CC,claim_5f7bb76a3cc9
S265_CLAIM_F70D422EAD77ACF4086A,claim_fa517e066570
S265_CLAIM_F70E5ECA8927CF93472E,claim_10ef370adc0f
S265_CLAIM_F71E45BB8A9649C0ABFD,claim_bc37601cfc1f
S265_CLAIM_F729751AE508FCB10555,claim_3e088b3291e6
S265_CLAIM_F730311DFF799539C183,claim_542af3bb69c1
S265_CLAIM_F73C800CDB2CCF543790,claim_667c7543aac7
S265_CLAIM_F752A5B8EFE32647E166,claim_be49e40cee8b
S265_CLAIM_F77A334E03F8D8DEC641,claim_8087f8b0ee69
S265_CLAIM_F7826746807C9DBA161D,claim_8991a110e129
S265_CLAIM_F7888CE3B9F7B69C750B,claim_eb3dd3aa60e0
S265_CLAIM_F78A017CA0BC0C49CF56,claim_444ccd521e92
S265_CLAIM_F78CD0211AFC66630371,claim_cd2ca30ecebe
S265_CLAIM_F790236DAC39C011A261,claim_86f4c1a53b32
S265_CLAIM_F791E26D4B770AA07879,claim_d5327f2a8c9b
S265_CLAIM_F79BBB25CDF2F96FD15B,claim_25b3a831a885
S265_CLAIM_F7A4093DED9AC1A60AB2,claim_ce8bff720938
S265_CLAIM_F7A466C0FB549F223E3B,claim_e3c60c78e46a
S265_CLAIM_F7A8B183C66264FAC6C8,claim_827897ab5dc4
S265_CLAIM_F7AA6CB6FDBDA7D82D1F,claim_81372da28628
S265_CLAIM_F7AFE12F39AB1249EDC5,claim_a84f75cfebf6
S265_CLAIM_F7B5FF0808DAF77A0F4A,claim_d66fa67b2dfd
S265_CLAIM_F7BDC9CB610DCD0FD8E2,claim_1995d82880ce
S265_CLAIM_F7E38DDEA0DEA2DD2CC2,claim_881ab72fe315
S265_CLAIM_F808C781D57A75F54234,claim_996167e16c25
S265_CLAIM_F80E15CFCD124D8A5720,claim_e694b4ee3bec
S265_CLAIM_F827E16DBBF259FE9248,claim_0da5b2db4bf4
S265_CLAIM_F8305C3DBE6CF8864036,claim_fd86fa09f6fd
S265_CLAIM_F8323B508B5551E75CD5,claim_e39c9bd16646
S265_CLAIM_F842BC50514A092A22E9,claim_50ac2c808ecc
S265_CLAIM_F846DC0B5210FD75F917,claim_54179793bd8a
S265_CLAIM_F8503A9C793EAB95FF42,claim_1cd687deeff3
S265_CLAIM_F86DEA1E5810BB6F5F34,claim_cef0e6b91ca6
S265_CLAIM_F884FD9F083135D7E2A5,claim_99344926e375
S265_CLAIM_F88B034783A62EE14225,claim_d8f9e91b96d6
S265_CLAIM_F8A8967257D77DBAD250,claim_ddf6ca9a0c68
S265_CLAIM_F8AB757694960B96C90F,claim_65e801f0f4b9
S265_CLAIM_F8AEEB45939CE8907D61,claim_ae71efcfc10e
S265_CLAIM_F8B3BD6C162A92710C15,claim_26884ab99fbc
S265_CLAIM_F8BBB24681ECAA3A5FD5,claim_d3defa0c2e26
S265_CLAIM_F8BE42499BC87A910181,claim_58dbe632b2cf
S265_CLAIM_F8D3D02CA8175D3AC399,claim_dcf00a15baf0
S265_CLAIM_F8DB7F9BFD560EED4744,claim_f1862945fa89
S265_CLAIM_F8E6CE6B6BE68E93BDF5,claim_6eceb085a5c8
S265_CLAIM_F8EE2EE1FF477B201E07,claim_cb2424a65aeb
S265_CLAIM_F92FBB08C73E18E13AAF,claim_00c41ef8296a
S265_CLAIM_F9390ADB6B8545162E26,claim_5792849c3c06
S265_CLAIM_F942EF3DF85BE7D6229D,claim_68de58601ca2
S265_CLAIM_F9590037E6345F276DDF,claim_a60d6d6ab79f
S265_CLAIM_F9661DB417016670E84C,claim_93a7b1a88cbb
S265_CLAIM_F9949E29FFC102327520,claim_cfd0f5c59532
S265_CLAIM_F9B83F5144F5DEF05E58,claim_ca0b95e8fc7c
S265_CLAIM_F9BD5FD3C2D1E532E31B,claim_8e2d895bc1da
S265_CLAIM_F9BECF23A0773FFA7004,claim_632782631baa
S265_CLAIM_F9C8E6C4A8071D6FDB63,claim_9f09a8ea78ec
S265_CLAIM_F9CBE383BF6DBEBEABE0,claim_db0adeb19184
S265_CLAIM_F9D9D60AF40D705F2351,claim_a19da9f8331b
S265_CLAIM_F9DE49A85A7C178B0D9F,claim_478436f5ed2a
S265_CLAIM_FA0C30924E747C4B1C6F,claim_6eeed76264c4
S265_CLAIM_FA0E2C9071780577315D,claim_5b580d7c39fe
S265_CLAIM_FA2631676A16357AE4AF,claim_5a20dce1629b
S265_CLAIM_FA468619DAD62595634D,claim_5d687bc6716c
S265_CLAIM_FA55A2549F26866A2395,claim_a9c76ed67c34
S265_CLAIM_FA55D9A0DAC24BC7E86E,claim_c7e0203759a4
S265_CLAIM_FA704FC9855F563AB404,claim_d5b8d1decb11
S265_CLAIM_FA7CE91192F392123B60,claim_8de415c21d8e
S265_CLAIM_FA7E96617FF938F8908C,claim_b7b22808195a
S265_CLAIM_FA82644E1E55B7BA8A3D,claim_b52172ed078f
S265_CLAIM_FA893ADEABCD2ED22731,claim_9234de56e581
S265_CLAIM_FA8DBF2BA082A19BF86A,claim_d77d965b153d
S265_CLAIM_FAC253B7CC28EB77CBD9,claim_a197df0cec39
S265_CLAIM_FAD8BB34BABF047B62BF,claim_2009c1d5177e
S265_CLAIM_FADEA50EFC96E8F942CB,claim_a3213e5b9ab2
S265_CLAIM_FADF6BAB3D098E4C4655,claim_197c2ecd234c
S265_CLAIM_FAE696A311458AA0E0BA,claim_3a8911d5f209
S265_CLAIM_FAFCBEA9889EA81A9969,claim_f18f0fa82071
S265_CLAIM_FB057C77A22386FC71C3,claim_ab0aada88b1d
S265_CLAIM_FB28628379604C3AB32F,claim_a15785492279
S265_CLAIM_FB333BB87FE61DF812D6,claim_78f29b12bc9b
S265_CLAIM_FB36146352436A990F48,claim_759eea50920c
S265_CLAIM_FB3E0F879871873EAB02,claim_f0b7fff33fc4
S265_CLAIM_FB4517B56497FF072C7F,claim_693c40ade4e9
S265_CLAIM_FB4792187A7CA11CA330,claim_787da28ea33d
S265_CLAIM_FB4A7A3CEEABD7B2C180,claim_22587762024c
S265_CLAIM_FB646184DE0605A86B79,claim_c06cd1763620
S265_CLAIM_FB70DFA88638329235EE,claim_877a62e2dd73
S265_CLAIM_FB8CE41480E0D3EB003E,claim_b26d80f96428
S265_CLAIM_FB9D23991F464DF0C8EB,claim_144126c62611
S265_CLAIM_FBC8685B6A3C71559594,claim_f49dd034e5b6
S265_CLAIM_FBC8710A9238601E66D7,claim_c4e2419346a7
S265_CLAIM_FBEA210E885704EBAFAE,claim_3cd2d6dc7710
S265_CLAIM_FBEE1BBB5A5DCC1F4342,claim_5b398ae0c498
S265_CLAIM_FBF0809381B4E7D218E8,claim_16ad89001e78
S265_CLAIM_FC19699559A990BEEC8E,claim_85da7d590be9
S265_CLAIM_FC1FF193C959E8C09F58,claim_949529ea2056
S265_CLAIM_FC622C46B9F5C3E7A060,claim_5f0007d566f0
S265_CLAIM_FC639E497349047ECC65,claim_38a9f45c1e9e
S265_CLAIM_FCA74321A6D504B0353F,claim_424ed44b10b9
S265_CLAIM_FCAA29CE0EC2ADDE8A27,claim_8455913198d6
S265_CLAIM_FCE59F037E7BAED5C0DD,claim_13a6e7cd21b5
S265_CLAIM_FCE6E5A750B8CAA0CB84,claim_76d0b54d6b61
S265_CLAIM_FCF511519301D254AF4A,claim_d0e63742aafe
S265_CLAIM_FCFA4DE5492192DBA9D5,claim_2f88dd3595a0
S265_CLAIM_FCFF31BB7449613CEEA2,claim_93196cfaceca
S265_CLAIM_FD01B9597A072C889672,claim_c316e77ac010
S265_CLAIM_FD01F3D0A951994CFB0D,claim_04d770459d86
S265_CLAIM_FD0F8A68D28A513CCD1B,claim_e7b4933602cf
S265_CLAIM_FD0FBD97834D483C702F,claim_adac97db7507
S265_CLAIM_FD1B247A09E1EF6FC7F0,claim_302a409e9c59
S265_CLAIM_FD6016340DA9227783D6,claim_cab6bf6be94a
S265_CLAIM_FD6C04D0EF42160D9BFC,claim_06f67c151b6f
S265_CLAIM_FD8E3118D7D6CCA50985,claim_a6dfc3e734c6
S265_CLAIM_FDA3ACEED274F3A8D123,claim_3226e34d8d22
S265_CLAIM_FDAB7673A9F477715BEF,claim_6fd4259b1b14
S265_CLAIM_FDABA56D74B000DAD851,claim_4173eadbc2ae
S265_CLAIM_FDDC3BF9E8EEA2AFB072,claim_f70e6d1963bc
S265_CLAIM_FDDDC67AE4797B31057F,claim_7c4480728100
S265_CLAIM_FDEEEA1778B7BE92A7B3,claim_4c137b117553
S265_CLAIM_FDF6863D149197C3EABD,claim_8a72d65dfa41
S265_CLAIM_FE06F9403E1E41C1BA1D,claim_a797ec96d3c5
S265_CLAIM_FE1022BE3BE9B08AD7CA,claim_b41891da70dd
S265_CLAIM_FE1A7B7F609DAB1E4A20,claim_2e3e81a9e987
S265_CLAIM_FE2FAFA908339705E88C,claim_cec777b00d0e
S265_CLAIM_FE2FCD6CFDFE3CF69C99,claim_08cd0e44622e
S265_CLAIM_FE32FB7906655B4B192F,claim_946adaab2c35
S265_CLAIM_FE3594A86C8A171ED9E6,claim_70ff40697658
S265_CLAIM_FE4D4EA6D2F734EEDC95,claim_ffa071528e73
S265_CLAIM_FE54693A7EAC9CBC5CE8,claim_a77380bb7e4f
S265_CLAIM_FE697975842AEE3D284E,claim_d01235167a2e
S265_CLAIM_FE6E56DA32A24B7FC2E8,claim_5565617ac085
S265_CLAIM_FE79073736ED6F42D450,claim_c6d6f716e29c
S265_CLAIM_FEA4DC52A2226E562914,claim_190aa20233c7
S265_CLAIM_FEAA1E7AE516E4743526,claim_7f5afd2c2178
S265_CLAIM_FEBD1D84E998DB770630,claim_b854bf8cbc8f
S265_CLAIM_FEBDCD0F182C8B8996BD,claim_f8e46f97835a
S265_CLAIM_FEEA47FE0F7CCC4942AC,claim_b6ee2511bc09
S265_CLAIM_FEF30E0A0ECAA0454FC3,claim_02b396ceddea
S265_CLAIM_FEF8CAE6CB7598BE1E22,claim_2554b3bd0614
S265_CLAIM_FF029B04D965BA96204F,claim_5e9e2a562672
S265_CLAIM_FF26C85069F7F281BCA5,claim_1b5f109f849a
S265_CLAIM_FF2774E21CB3F29D0EC0,claim_c4279558ca9a
S265_CLAIM_FF3B8C5E6FA6827B2AE0,claim_2135d751a098
S265_CLAIM_FF3C785B0E968B4518A3,claim_bec8e24efa76
S265_CLAIM_FF778A073E7C5E78A19B,claim_1040a267379b
S265_CLAIM_FF87458097DFF0ACD2F7,claim_6fda5f88eab2
S265_CLAIM_FFA567732404BB824F2B,claim_65408180ab2b
S265_CLAIM_FFAADD53E6CCDBA06ECD,claim_3aa014a67193
S265_CLAIM_FFBCE80C67E4D861AF28,claim_a9417a12551f
S265_CLAIM_FFC9D68F8D2C30F3842E,claim_49d1dda4b1c4
S265_CLAIM_FFCD874972A8190FDD3A,claim_8083ba9e4d76
S265_CLAIM_FFD70238D1B766FE1B3C,claim_f322116f985e
S265_CLAIM_FFE1D8C41A40921C04EC,claim_4bdcbc278d28
S265_CLAIM_FFE3A78E4DBF411A8BC4,claim_3ac0d490b23f
S265_CLAIM_FFEAAD29CCABD62E7F5C,claim_15b3872947eb
S265_CLAIM_FFF5503768F17301A06B,claim_d2ed445a1641
S265_CLAIM_FFFE35305A657E80E934,claim_a0831c05ba96
