source_id,runtime_id
S265_CLAIM_EDGE_0002B2036366FCF81F9C,crel_bf91633f8c02
S265_CLAIM_EDGE_00170312612D7B99E101,crel_ad5206f0e52f
S265_CLAIM_EDGE_00200B540E9447D7B6FC,crel_b5b0d735f7f1
S265_CLAIM_EDGE_004425D9679098EFC807,crel_f59bf5c83293
S265_CLAIM_EDGE_005CA488916E27513972,crel_c506a7dc21c7
S265_CLAIM_EDGE_0082ED48D6EC23E8E369,crel_03405a92e668
S265_CLAIM_EDGE_0083C1FC3C44F8FAD55D,crel_205601ef2a10
S265_CLAIM_EDGE_009051BEEF465CD9993B,crel_cf7648171f3a
S265_CLAIM_EDGE_00AF4042E9B86240FD3E,crel_e2bfb8f4bfa2
S265_CLAIM_EDGE_00E183C365253CDB4B41,crel_80a6f203c201
S265_CLAIM_EDGE_00E8D6814E53F65AA4DB,crel_c5b151aeb0e9
S265_CLAIM_EDGE_00F318D1A99CF2F0788A,crel_8261b7f9eb59
S265_CLAIM_EDGE_00F69B60B894EDFD0BCF,crel_7d0b4bbe3296
S265_CLAIM_EDGE_014D295A159963AC9371,crel_002695ad073c
S265_CLAIM_EDGE_015072701F58C980B689,crel_1452159981bc
S265_CLAIM_EDGE_016E30A44EB7D07E561D,crel_41b989a6bd3e
S265_CLAIM_EDGE_016F2C9904FA3C657E5D,crel_d0f6cc3203dd
S265_CLAIM_EDGE_017231DFD0120ABD6F8E,crel_c8396e2bb342
S265_CLAIM_EDGE_017DB02518B12B6FE025,crel_92c08d018707
S265_CLAIM_EDGE_018BDE15BB7BF9400539,crel_1f336bae6584
S265_CLAIM_EDGE_0190637035C6457347E0,crel_982c3252841e
S265_CLAIM_EDGE_0198F55D43D4DE6BE292,crel_baa9e2101850
S265_CLAIM_EDGE_01A2948C9D8F901A693E,crel_dadf4f3ed1a2
S265_CLAIM_EDGE_01A47BEB1BDEBF52F7EB,crel_ee14d6141752
S265_CLAIM_EDGE_01CC8EEA2A815332CC3C,crel_c89b136892c6
S265_CLAIM_EDGE_01E172A071FBA96AC9BA,crel_b339e6ac2ecc
S265_CLAIM_EDGE_01F2803D8EA5636F88C1,crel_44816af89c03
S265_CLAIM_EDGE_02031FC0D751015EB263,crel_8d51079081bd
S265_CLAIM_EDGE_023BA8EC93212D4D5753,crel_0f9d0491a029
S265_CLAIM_EDGE_023D58F9403B0A7CC419,crel_9135023d7de4
S265_CLAIM_EDGE_023E96FB7C2BB09DE34F,crel_a34fc576924c
S265_CLAIM_EDGE_0247AB3282992AE22141,crel_4253fabe48e4
S265_CLAIM_EDGE_024E8BC98516BCCF1266,crel_dd6393acd425
S265_CLAIM_EDGE_0254214B9B13ACA2940A,crel_5610322068d6
S265_CLAIM_EDGE_0258FCBAF8F63474C94E,crel_f10214823206
S265_CLAIM_EDGE_025C79AC057F04F3D735,crel_5df4484ca346
S265_CLAIM_EDGE_02618654C926CEC74B72,crel_7305883e7115
S265_CLAIM_EDGE_0264E0DB651413C57DA3,crel_06360d0ab8fc
S265_CLAIM_EDGE_027DAFCFFBEA35BAEB00,crel_0cbd21ab438a
S265_CLAIM_EDGE_0290C9D788AA210499D8,crel_542d1317c3d6
S265_CLAIM_EDGE_02B4D06672303027F830,crel_203c776fe2dc
S265_CLAIM_EDGE_02C9105E669CF44AC956,crel_c12c87d922b2
S265_CLAIM_EDGE_02DD6B06C6517E974E85,crel_03df0ecfb695
S265_CLAIM_EDGE_02F79D52DAB1EDB4994C,crel_f26a115bbe75
S265_CLAIM_EDGE_02FE667C25CC268E164F,crel_f0dbfd643140
S265_CLAIM_EDGE_02FEB2DE58335DC7D1EB,crel_563dacfd72d7
S265_CLAIM_EDGE_0307DF52CAFC0F65E62F,crel_b501655f8cc7
S265_CLAIM_EDGE_031060706CCDFAED9972,crel_7b652ce4b78f
S265_CLAIM_EDGE_0315D1DAE0A922F257D3,crel_5129f225ce1b
S265_CLAIM_EDGE_031BAACEB89190F5E8F8,crel_81ab6a12c98c
S265_CLAIM_EDGE_031FED472AD6D5BF77E6,crel_f60ee5bdb3c2
S265_CLAIM_EDGE_03222F032569ACDE26E2,crel_737ff1766fcc
S265_CLAIM_EDGE_03258D51427A7C969E98,crel_8303ceb8051f
S265_CLAIM_EDGE_032F52ECC9DB44A4223F,crel_f60b88421d5d
S265_CLAIM_EDGE_034698C799E7350145AD,crel_03e0605a152b
S265_CLAIM_EDGE_036886842CA322BA62CE,crel_13d79cf6ef9c
S265_CLAIM_EDGE_037D8ED20206A5CA551E,crel_65ddd9c197b2
S265_CLAIM_EDGE_038F16D3CB0CCBC1483F,crel_1b32e440ffee
S265_CLAIM_EDGE_038FA6B9ECC9BAB467C9,crel_33a0730a3d01
S265_CLAIM_EDGE_03924CA421DEABDA631F,crel_f2b0da0fa86f
S265_CLAIM_EDGE_03AC9DDF9CB1D26EFE94,crel_2a3977aaf8ef
S265_CLAIM_EDGE_03ADEEC02903EE12D908,crel_d5b9a30974fd
S265_CLAIM_EDGE_03CF408F81355E1FC3A2,crel_4d7676b15a44
S265_CLAIM_EDGE_03D27A9CF4369B093B51,crel_ec6ee9bcd613
S265_CLAIM_EDGE_03E1E83DD3179801308D,crel_9dc2fb4cc709
S265_CLAIM_EDGE_03ED1596003974D0757B,crel_3f055a66bd33
S265_CLAIM_EDGE_03F8A4BABCF88238924E,crel_3fea22bac9af
S265_CLAIM_EDGE_0414FDF6551B78F8258D,crel_67dd64b43241
S265_CLAIM_EDGE_04194243AEA934FC8AFB,crel_60573944d09b
S265_CLAIM_EDGE_0420A1A073D59AA2AEA0,crel_8693558ee4a3
S265_CLAIM_EDGE_042E3662B40E834597F9,crel_127b254e8fe3
S265_CLAIM_EDGE_04353A914EEC147DAD07,crel_106b7e23a45c
S265_CLAIM_EDGE_047C43F6F80F294259EC,crel_adc9ee32e55d
S265_CLAIM_EDGE_0481F2ECC12800FC2D24,crel_342ea4780ce9
S265_CLAIM_EDGE_0483ED3C0B4C0C7798CE,crel_2a00edf60dd4
S265_CLAIM_EDGE_0487DC827A11D2AE468D,crel_0e5e59ccc959
S265_CLAIM_EDGE_048BF221872E04F4C185,crel_43eed0f2db43
S265_CLAIM_EDGE_048FDDFAD7FC7E095706,crel_1f56e08b4c78
S265_CLAIM_EDGE_04987619D111A868140A,crel_98920d5969ca
S265_CLAIM_EDGE_04AE50985B87FD1DF053,crel_bb07dfd2e273
S265_CLAIM_EDGE_04C9598F456045857D5B,crel_97630a1b2455
S265_CLAIM_EDGE_04D3AF2CD6CA0E28FEEF,crel_2c3b0f17efa0
S265_CLAIM_EDGE_04DB155E368B613213F3,crel_85f82245dbe5
S265_CLAIM_EDGE_04E685636488E6FFADAB,crel_5491c91d4c9a
S265_CLAIM_EDGE_04FADC16FCCA0A8F126A,crel_e9f739cbe92b
S265_CLAIM_EDGE_05062D9A71181343CFDC,crel_2f211fbc27ca
S265_CLAIM_EDGE_051B3215074F58A174F4,crel_4446e648c5ba
S265_CLAIM_EDGE_051EF67DB3CB60A46027,crel_a14c29e87b1b
S265_CLAIM_EDGE_054F1E925A9BBE318D30,crel_40ee58034de2
S265_CLAIM_EDGE_0552F9347812F877E945,crel_c603b2a82c0d
S265_CLAIM_EDGE_056528F6B53D8CF22C88,crel_ef751579a081
S265_CLAIM_EDGE_0578A63D22F968CCA555,crel_848a5369b3a0
S265_CLAIM_EDGE_05852698B6A2D5C99BF8,crel_41096349003e
S265_CLAIM_EDGE_0590295DDBE59A0B9E95,crel_5eb075ae2658
S265_CLAIM_EDGE_05BCCCEDECD7BA726FDE,crel_df9c376a5e65
S265_CLAIM_EDGE_05D93649560766B1618B,crel_d44e392129ea
S265_CLAIM_EDGE_05E9679359B2680FA144,crel_cc3565e53dd9
S265_CLAIM_EDGE_05EFE793CEB846D5CCAE,crel_bcf796f5ad7a
S265_CLAIM_EDGE_05F24141911B4238AE12,crel_90b7ecd0bf51
S265_CLAIM_EDGE_05F47B20D98B05B6A139,crel_6ca3ffa13840
S265_CLAIM_EDGE_05F4A26FDECE5AEEEAE9,crel_83d6018b396b
S265_CLAIM_EDGE_05FD230E27577F3B5A2B,crel_a50afac50147
S265_CLAIM_EDGE_060AC51B3FC523573388,crel_9a3ad515e4e9
S265_CLAIM_EDGE_060AE09258F612A5DE08,crel_e9bf23aca6c0
S265_CLAIM_EDGE_06200916E711B10474F5,crel_29017add8581
S265_CLAIM_EDGE_062A17BC85BA127AC2D0,crel_4650da0d4dd5
S265_CLAIM_EDGE_063049FA8668F3CBB3AC,crel_59df0cf1f9c9
S265_CLAIM_EDGE_063E3B18031A31A2C783,crel_e7e1985e18ea
S265_CLAIM_EDGE_064477CBE3F7362002C2,crel_57c2f6fef466
S265_CLAIM_EDGE_0667631FCC1AC108AEF3,crel_be018e37a346
S265_CLAIM_EDGE_068EBCB5A5B364807625,crel_37ff7f993489
S265_CLAIM_EDGE_0699DC5FE78DCE79CBDE,crel_28d607c21c3d
S265_CLAIM_EDGE_06A182A97E5C314EE25A,crel_168b3256acea
S265_CLAIM_EDGE_06CF5E279FB13A5ECAA2,crel_a43c93206c5a
S265_CLAIM_EDGE_06D9DFA0ABA9D3E35644,crel_3f1340d42e8e
S265_CLAIM_EDGE_06E03CEBBA232FBAD3ED,crel_0d13e991426c
S265_CLAIM_EDGE_06E64839811A674EAA0A,crel_a856a4f02fb1
S265_CLAIM_EDGE_06FC5181EDA35FC382E0,crel_d0220a82b369
S265_CLAIM_EDGE_07008989FA6294418A57,crel_51a9ef499a02
S265_CLAIM_EDGE_070F13830DA9A451F5DF,crel_5f6bb992d196
S265_CLAIM_EDGE_0731F048720F733209C0,crel_afd98e0db130
S265_CLAIM_EDGE_074208ED2D9F468FE15C,crel_23ce60eeb29a
S265_CLAIM_EDGE_074213F83B0B474AA71C,crel_e969f54f5928
S265_CLAIM_EDGE_07620265810B8164250A,crel_7212c7235574
S265_CLAIM_EDGE_076A14D37D0FE4163BD3,crel_59c0b2bc43b7
S265_CLAIM_EDGE_0772B258155952A29019,crel_15180b756241
S265_CLAIM_EDGE_07755BC1CAB29E5BD02D,crel_8aca2c92a6e7
S265_CLAIM_EDGE_0780AB4B3904D87E2B1D,crel_0356ac224ab7
S265_CLAIM_EDGE_07897F77269672A21ED3,crel_0165de3cc4f4
S265_CLAIM_EDGE_078FE967AF959C01774B,crel_1025dd3d2de9
S265_CLAIM_EDGE_07B8AB6CFD1782371D8A,crel_3c3893feaf83
S265_CLAIM_EDGE_08037A82B9D758B0DCE0,crel_d85d6fb2c570
S265_CLAIM_EDGE_083B226D40606236632C,crel_524f779b9fe0
S265_CLAIM_EDGE_0848CEBFCFB9CA2E06A8,crel_50300450bb3f
S265_CLAIM_EDGE_084A8810BADCAD0AEBA6,crel_b9d0beda42a6
S265_CLAIM_EDGE_0858311930759F4C88E1,crel_b17bf6769426
S265_CLAIM_EDGE_085B624F1C07E2C70959,crel_8db8bd3f2642
S265_CLAIM_EDGE_086EFC1C95B4DE90C258,crel_375b4c6636ea
S265_CLAIM_EDGE_088E38A0E2A6FCEE8C0E,crel_0d64a77b85a3
S265_CLAIM_EDGE_08C9E53D7AB90E429D28,crel_f7fc608e6952
S265_CLAIM_EDGE_08D6FB1AF487AD6CDB04,crel_137659fee8b6
S265_CLAIM_EDGE_090B51D6EE559AB3E427,crel_06b87f307179
S265_CLAIM_EDGE_090FB8F958FDE4DA5D45,crel_2e52518163b2
S265_CLAIM_EDGE_09135D6902E38070C404,crel_8fab967a21b6
S265_CLAIM_EDGE_095BE56318D6F9AA29F6,crel_e4d11f9299f9
S265_CLAIM_EDGE_095F7E5EEAD9CF525BE1,crel_8d2bc8b9f07a
S265_CLAIM_EDGE_097A413D95A5BD67F638,crel_27474f2d19d1
S265_CLAIM_EDGE_09AA0B50F1E4F9A6C60A,crel_e8cec2a1ee5b
S265_CLAIM_EDGE_09B58B94A266219BE586,crel_49ca029edf34
S265_CLAIM_EDGE_09C844FC211CB9A5806A,crel_a629153e766c
S265_CLAIM_EDGE_09C8C644FE29EBA058C0,crel_c8a322324cc9
S265_CLAIM_EDGE_09D7664E7C4E0388E0F3,crel_1b589c0b2d22
S265_CLAIM_EDGE_09DEDE10DA37E81A2659,crel_42a5a869af3e
S265_CLAIM_EDGE_09F7195B08D561F449F7,crel_c037511b4aa2
S265_CLAIM_EDGE_09FEB763B30958114784,crel_61dbf8145dbd
S265_CLAIM_EDGE_0A0B7BBCED0F630F158A,crel_18079e03161a
S265_CLAIM_EDGE_0A0C0EB73711CBC82B67,crel_cb43522f4d39
S265_CLAIM_EDGE_0A0CA4EC60A57676A020,crel_6c6de6ef6423
S265_CLAIM_EDGE_0A0DE936A96FA8150725,crel_ad80cc908128
S265_CLAIM_EDGE_0A1D0DF08FC83BC3F1F6,crel_138570c55ea9
S265_CLAIM_EDGE_0A22E0207798ED9B2E82,crel_b738173479cf
S265_CLAIM_EDGE_0A4E9EF5BD3D738D467E,crel_c2fb04e4620d
S265_CLAIM_EDGE_0A4F8EFD361237E53BA4,crel_567672d14f8b
S265_CLAIM_EDGE_0A68D0AFCD9D70659736,crel_afc1599cf4e3
S265_CLAIM_EDGE_0A80C05FC633728FDC0F,crel_bfd457098fbd
S265_CLAIM_EDGE_0A8E90A2A635BD975B23,crel_27b8c37a6890
S265_CLAIM_EDGE_0A926A0C76A17185CCC3,crel_e90f15735a72
S265_CLAIM_EDGE_0AB1C94F787C5E3A4EEB,crel_19e5ba754f3d
S265_CLAIM_EDGE_0AB3898F3FF9B145C291,crel_70e2a056b264
S265_CLAIM_EDGE_0AC4929ABED383CC45D2,crel_f3f0301e8d62
S265_CLAIM_EDGE_0AC885F23B083B53DDC2,crel_4fe2ab58bf72
S265_CLAIM_EDGE_0AC8A8FAC5DDE04FC6AC,crel_891c94e18fc6
S265_CLAIM_EDGE_0AFC0D6E5C4225C4D457,crel_37e2298cf2c9
S265_CLAIM_EDGE_0B0D77451D93AB83DCB7,crel_3b7ce66e1776
S265_CLAIM_EDGE_0B13929BA9B79365A74F,crel_a2a005d03a2f
S265_CLAIM_EDGE_0B17AE2CF1C66A2C043D,crel_60ddcec04c8f
S265_CLAIM_EDGE_0B1B40C3CEBE3189A6C2,crel_66c5d590889f
S265_CLAIM_EDGE_0B1C476BFA8D66C8FFB7,crel_463ca60baf94
S265_CLAIM_EDGE_0B4D630D6AA6F633C44C,crel_eeb1097a9fc0
S265_CLAIM_EDGE_0B52906CB24451058E03,crel_70794dc0ea83
S265_CLAIM_EDGE_0B5A74339EE1A0F5D3F4,crel_375911cf976d
S265_CLAIM_EDGE_0B84ED7B4FA4C2FF9CC9,crel_0f9a56d96a32
S265_CLAIM_EDGE_0B907F8005B55D2B9AC4,crel_ed6e8c0734a6
S265_CLAIM_EDGE_0B9B9B26163BF6825D86,crel_8ac349560a29
S265_CLAIM_EDGE_0B9C54593AA2A0A3B219,crel_619a9ccbe799
S265_CLAIM_EDGE_0BAFC662E46DBA0D91ED,crel_417d63facaed
S265_CLAIM_EDGE_0BBB7C089E7490A4DDB8,crel_cca9ff2dd7f0
S265_CLAIM_EDGE_0BC028ACAD0AAC7EA00F,crel_f69a00614fab
S265_CLAIM_EDGE_0BD2B416A8F30FB84F61,crel_d3ce7d3eac86
S265_CLAIM_EDGE_0BD3776B6EF3AF18797B,crel_ececf2ec3925
S265_CLAIM_EDGE_0BD826E808A7E24A7CEF,crel_9fc0afcabd93
S265_CLAIM_EDGE_0C2E130555BDDB0D376D,crel_36ef6e2f949f
S265_CLAIM_EDGE_0C2E559960F6ABC72FD3,crel_a2e8da8debef
S265_CLAIM_EDGE_0C322B34F0AAA4A90C34,crel_65ed29c8f7c2
S265_CLAIM_EDGE_0C335549D5E6FF05C068,crel_2501660abc93
S265_CLAIM_EDGE_0C3463D5F810D5AD9CA2,crel_87a9bbd64eb7
S265_CLAIM_EDGE_0C354C1A9A52FA5D53F0,crel_3fc5677f12a3
S265_CLAIM_EDGE_0C5A86FAD43D5E16DB05,crel_61fa795c99f7
S265_CLAIM_EDGE_0C7453BBD01C292233D5,crel_a6e6f4f0304b
S265_CLAIM_EDGE_0C782A1E99D9D48BD42C,crel_63450bebcccb
S265_CLAIM_EDGE_0C7D77399913E5533C09,crel_305edf965756
S265_CLAIM_EDGE_0C8D0257FBD3C43B682D,crel_9b45f7a32850
S265_CLAIM_EDGE_0CA0C1672B2E6E0376D7,crel_47ccb11c6b37
S265_CLAIM_EDGE_0CAA7425B93E649DAA3F,crel_d8674433c70a
S265_CLAIM_EDGE_0CAAEBED606C2461EFAE,crel_bdc4c8f79afe
S265_CLAIM_EDGE_0CB5E7E30BDE6D4F7082,crel_743488af5205
S265_CLAIM_EDGE_0CBAE7FB74C3346033E8,crel_210013652956
S265_CLAIM_EDGE_0CD35477E876F9FA65E2,crel_4522c739c6af
S265_CLAIM_EDGE_0CD885DD45FE0AF029AA,crel_f581d467b4b9
S265_CLAIM_EDGE_0CE6C528FA3BDD46C0BE,crel_33202b29112e
S265_CLAIM_EDGE_0CF99D49625A6A44963E,crel_5671ad196aad
S265_CLAIM_EDGE_0D083AA486BC58DCE6DA,crel_8b1edded9e32
S265_CLAIM_EDGE_0D424FBA78B0A032A96C,crel_14cbbced2e40
S265_CLAIM_EDGE_0D4441459D6B3A27260A,crel_e16a5c897578
S265_CLAIM_EDGE_0D47A657858188F658B8,crel_8588154f12f0
S265_CLAIM_EDGE_0D9A66856AF829CEBFF8,crel_83badee29a68
S265_CLAIM_EDGE_0DA6B62C9303C45AB84F,crel_da7cc31a0366
S265_CLAIM_EDGE_0DAB6A3E23444DB03E02,crel_f49f593429a5
S265_CLAIM_EDGE_0DD3EE9AF8E5E04F77D4,crel_b3b4218d7196
S265_CLAIM_EDGE_0DE7D116F28D7C296B88,crel_bccf907addb3
S265_CLAIM_EDGE_0DE83B3A20FA915FB31F,crel_0e89a8d9d5e3
S265_CLAIM_EDGE_0DF258FDA9600D3D0CDC,crel_52714b7ce89b
S265_CLAIM_EDGE_0DFBF566DFED4E071B4A,crel_2f564d2e7d87
S265_CLAIM_EDGE_0E0BDDC462D0CFC468BF,crel_97387d32c47f
S265_CLAIM_EDGE_0E1F4474C60368ED6605,crel_f1a8e480fd1e
S265_CLAIM_EDGE_0E21E7DB175E03C1679F,crel_882c12aa5209
S265_CLAIM_EDGE_0E359A5E86F51FEDF87D,crel_03733d00b4a6
S265_CLAIM_EDGE_0E369DBBD29B0EB0BF16,crel_52c6771f4825
S265_CLAIM_EDGE_0E50BA7B36349E08B8FC,crel_b86f5bc428ca
S265_CLAIM_EDGE_0E96FB51B0E65D47E46F,crel_e2d57b376e93
S265_CLAIM_EDGE_0EA3050365B2015CEA56,crel_cd4131ebbb8a
S265_CLAIM_EDGE_0EA38B394728B2271E47,crel_47c55715ecde
S265_CLAIM_EDGE_0EB3B7BFF4F92886BD8C,crel_d2db6d97a65d
S265_CLAIM_EDGE_0EB4FD21D4E4CA44DD6E,crel_5388f7f21532
S265_CLAIM_EDGE_0EBBB4E8638773630981,crel_47d99e16524a
S265_CLAIM_EDGE_0EBF883A2F18E573409D,crel_9ee40999e6b2
S265_CLAIM_EDGE_0EEC0E3A7584086C87BC,crel_60a62934911c
S265_CLAIM_EDGE_0F0AF08D0D98DC0948F1,crel_36e4815c2c09
S265_CLAIM_EDGE_0F14331F2FE71596B968,crel_b29d3823361c
S265_CLAIM_EDGE_0F499D857EA6B89CA523,crel_9c7f2bee4f6f
S265_CLAIM_EDGE_0F49AEDB677E30717C78,crel_4c44630c1106
S265_CLAIM_EDGE_0F4AE624CFE9B59232A3,crel_79f16847db0d
S265_CLAIM_EDGE_0F6B1B681C16B3084E47,crel_7c870d82d3e5
S265_CLAIM_EDGE_0FA1440E5BA3954A7E2B,crel_7e800d805ad6
S265_CLAIM_EDGE_0FBC8D4B2E0FC64BEE2A,crel_62aa7e864ec3
S265_CLAIM_EDGE_0FCAF078953E917B0350,crel_eb738a4a88b7
S265_CLAIM_EDGE_0FD1A4A6F2DCD98BBEF4,crel_737467a20963
S265_CLAIM_EDGE_0FDF9ABE071B56969C9F,crel_43f5e604b52c
S265_CLAIM_EDGE_10031A88AA3521804C4C,crel_0fe09fad9f8c
S265_CLAIM_EDGE_101374139D7909A2C6CE,crel_80dc387027bd
S265_CLAIM_EDGE_101666381EC18C8F7C99,crel_75e7c6097668
S265_CLAIM_EDGE_101C601C689CBF2347DD,crel_a8442ceccb3c
S265_CLAIM_EDGE_101DD66B57D74EF6651F,crel_a343c7571b0c
S265_CLAIM_EDGE_1022D66CE10AEB004FDF,crel_f2368e2a6462
S265_CLAIM_EDGE_102B392A8EBEAF40530E,crel_e470a967768c
S265_CLAIM_EDGE_10321B56775918F9A8EB,crel_b64694edda75
S265_CLAIM_EDGE_10518B6D7484D4DA0CDE,crel_1f56b8b11dd5
S265_CLAIM_EDGE_10554DA4B0A172A6AB86,crel_71b68d3a344a
S265_CLAIM_EDGE_105F9AFC2722785E651A,crel_bd295d05181f
S265_CLAIM_EDGE_106E67F000FE80A50643,crel_b9b20a4a02b7
S265_CLAIM_EDGE_10766048D972FF684B3E,crel_057e2d55e566
S265_CLAIM_EDGE_1083BF0707F0AEE28867,crel_40046f63123f
S265_CLAIM_EDGE_1091F0731CA141CF7776,crel_bdf6400b878a
S265_CLAIM_EDGE_109FA6B85C0B0F1AB4B8,crel_a03aea06b722
S265_CLAIM_EDGE_10C64045F7307153F1DF,crel_ff78b61f34f1
S265_CLAIM_EDGE_10D89FBC466C69502809,crel_75a55d932c03
S265_CLAIM_EDGE_10DDF5C965DE062D22B2,crel_5b6cf1046e5a
S265_CLAIM_EDGE_10E8056D15E1532017DE,crel_0ede704fafe0
S265_CLAIM_EDGE_111769EB57351A171201,crel_fcd3f3368485
S265_CLAIM_EDGE_1118B7BF76288EC884F8,crel_8f1245cf1b2b
S265_CLAIM_EDGE_1131A49ED28877AA80D8,crel_6f916eb93f7a
S265_CLAIM_EDGE_11483034251A2D67AB32,crel_b557b9324db2
S265_CLAIM_EDGE_115096D2CA6EF8485C94,crel_547837da4039
S265_CLAIM_EDGE_115E913485DD3FD583B6,crel_2a02a040bfb5
S265_CLAIM_EDGE_116F865A348114822E4B,crel_27af69b5e613
S265_CLAIM_EDGE_11AB44AE6C3FA41FF527,crel_98a208d75fbe
S265_CLAIM_EDGE_11B1338DC517830E1679,crel_acd4176fbc2b
S265_CLAIM_EDGE_11BBBCB3AD1CABCFDC8E,crel_acec1822f06c
S265_CLAIM_EDGE_11C877883B62215F22CA,crel_b787f25fc7f1
S265_CLAIM_EDGE_11DAF33421B2B2F8279B,crel_2602097a0d0a
S265_CLAIM_EDGE_11DF42B801D2AA6B5457,crel_2e1157808488
S265_CLAIM_EDGE_11EEFEF09008107577B1,crel_003c1ef7733f
S265_CLAIM_EDGE_11FE7EF5338AC615A39A,crel_12d9f6e24a52
S265_CLAIM_EDGE_12148DAE8F178AA0E18C,crel_713bbd7b4f54
S265_CLAIM_EDGE_121791CDA7493B5BB5B0,crel_60830a464d15
S265_CLAIM_EDGE_121B3CE774C3E08F2027,crel_6a5ac1b301b8
S265_CLAIM_EDGE_121B60855A2DD5C32126,crel_e89910ca2d32
S265_CLAIM_EDGE_1221E2371FB68788FA67,crel_0472f2dca7a8
S265_CLAIM_EDGE_12517BF052E68D063FBA,crel_8f21344b8536
S265_CLAIM_EDGE_12790AAA555CCA6DA0C9,crel_4c4e4ff95b57
S265_CLAIM_EDGE_127D8C197849562DC5FF,crel_36d7b5962b86
S265_CLAIM_EDGE_1291C517D01FB7F0367A,crel_9770005feca8
S265_CLAIM_EDGE_1295E3CE5AC62406937E,crel_6587f69f50f2
S265_CLAIM_EDGE_1299B250A1C24DFF8650,crel_ec068ee9c0e5
S265_CLAIM_EDGE_1299E7A1F1393E047F56,crel_c3c9d8427f20
S265_CLAIM_EDGE_129F36F31B3220633DE0,crel_132cfc95dc78
S265_CLAIM_EDGE_12E13DF4BA9B4BD114AA,crel_332a9b99ee25
S265_CLAIM_EDGE_12E790CF8E153A53D716,crel_dea95b5507dc
S265_CLAIM_EDGE_130B29CFFB9E7E0ACBA3,crel_df602e932523
S265_CLAIM_EDGE_13288B87C6F71AC58485,crel_2a4a186a9b64
S265_CLAIM_EDGE_133CEFEFAB27D75CAEB1,crel_9333ad6d07eb
S265_CLAIM_EDGE_134D7669F546BC6933DC,crel_90e49a8f8bb0
S265_CLAIM_EDGE_135B8144C28F16F64463,crel_a589329763d5
S265_CLAIM_EDGE_136576CEA084D0647769,crel_3c5b4da10fa0
S265_CLAIM_EDGE_136A5C978914863477D0,crel_ed4c6a72a8e9
S265_CLAIM_EDGE_13A27C000858E9ED9DC3,crel_7009cbe7f1cd
S265_CLAIM_EDGE_13BB302F6A493EC08B8A,crel_4cf859b4c7e9
S265_CLAIM_EDGE_13D38ECB91DAE48E58F6,crel_0554a436b346
S265_CLAIM_EDGE_13D5C56500B98637D355,crel_43e80ad0648e
S265_CLAIM_EDGE_13E7FCBED6A74D9D72F0,crel_3711d4225588
S265_CLAIM_EDGE_13E86A7F4A771232D674,crel_3f245aa6b76c
S265_CLAIM_EDGE_13EF5FB305572A508BCA,crel_f99ed85afd9c
S265_CLAIM_EDGE_14233CDA4A54BEE747D0,crel_b25a75a4bfa0
S265_CLAIM_EDGE_145383048A76B97AC5E9,crel_21ff28a48ebc
S265_CLAIM_EDGE_1474A715CC062CF0FBB0,crel_dafc6881a2ec
S265_CLAIM_EDGE_1478B2EF168AD9540E12,crel_f14a2a99404d
S265_CLAIM_EDGE_1487C1969D8747EF9ED5,crel_327a84f2a03e
S265_CLAIM_EDGE_14CC288E2C95D4CEC2E4,crel_44ec2ed6cffe
S265_CLAIM_EDGE_14D09903ACA4FF433984,crel_fe448255b22a
S265_CLAIM_EDGE_14DFEDB7632C5341B214,crel_d411f277c477
S265_CLAIM_EDGE_1508B8529248C18631FA,crel_73168a51099d
S265_CLAIM_EDGE_150900EFA47FD23F1FC8,crel_33434a48eec7
S265_CLAIM_EDGE_153B09CB9C9E2759915D,crel_db407e04ec0f
S265_CLAIM_EDGE_15412672FDBC4562ED28,crel_9cf95dde95fc
S265_CLAIM_EDGE_15531A469280881433C1,crel_8ad255889b84
S265_CLAIM_EDGE_1555BFD6B4EEEF66315E,crel_4ddabd8dbfec
S265_CLAIM_EDGE_156BC23FA52BA6347436,crel_7698c45c1d70
S265_CLAIM_EDGE_1588BEDECC43B8E3C817,crel_ea6f92b82a26
S265_CLAIM_EDGE_1594A93686B263FA982B,crel_5fc032626559
S265_CLAIM_EDGE_15A0622B33733214D5BE,crel_3b3f9049f193
S265_CLAIM_EDGE_15A383C1FA984BAFC41F,crel_b758c5c0781d
S265_CLAIM_EDGE_15F4CA0A10595330F46E,crel_f26eea315beb
S265_CLAIM_EDGE_1600D3F3D8C2209ED419,crel_bb7e4c088683
S265_CLAIM_EDGE_160FF27230DD790E48EF,crel_52ba4465b3f9
S265_CLAIM_EDGE_162FB767AFDAC063A0A1,crel_aed254753db8
S265_CLAIM_EDGE_16413D79B4681F10B0A5,crel_2cf4993baf26
S265_CLAIM_EDGE_1641AFE5A23C4EB6A67A,crel_04cb98d38174
S265_CLAIM_EDGE_16491FA208113FC8BD4A,crel_0053008dd1fc
S265_CLAIM_EDGE_1669A5C66A92269F82F5,crel_2751d663d73c
S265_CLAIM_EDGE_1673D064306E8269B9C9,crel_98046dfa2da9
S265_CLAIM_EDGE_16A84BEE7297FF3E12BC,crel_40f09660d33a
S265_CLAIM_EDGE_16BB15EB2AB01A02FE9E,crel_322db7530651
S265_CLAIM_EDGE_16C6095C2194E0C57E88,crel_a5339d8e9cb9
S265_CLAIM_EDGE_16DD963690726D222FC2,crel_9d2b6503a962
S265_CLAIM_EDGE_16E009294CEBC5F64FD5,crel_5ebea72a6e14
S265_CLAIM_EDGE_16EFAC9398F653BEE5BA,crel_79f9cc2c1b19
S265_CLAIM_EDGE_16F1EDBA1D38A9618C74,crel_90424b0b3da3
S265_CLAIM_EDGE_16F1F7391D3A0E7E26F9,crel_eee691587065
S265_CLAIM_EDGE_16F39C4B9447201F10E8,crel_ba5a4c77ef8a
S265_CLAIM_EDGE_16F7C3B913A2EF4874B2,crel_26653e6e40e6
S265_CLAIM_EDGE_16FF25DFF86525A3FC07,crel_73765506f845
S265_CLAIM_EDGE_17377FC118BA2872F0CF,crel_54551f2c7d6b
S265_CLAIM_EDGE_17383E2C080B3033C591,crel_922b63226d5f
S265_CLAIM_EDGE_173F16B4678AA8A27EFA,crel_06b3efbc6e9f
S265_CLAIM_EDGE_17443A36F3A8FBC0F642,crel_c4476c3ca33f
S265_CLAIM_EDGE_1752C2107BEB1518FC2B,crel_ee5755b53200
S265_CLAIM_EDGE_175B6AD49E381760D05A,crel_25528c2be696
S265_CLAIM_EDGE_176B4941D1A9D6E2873E,crel_f0e9b1f35b2e
S265_CLAIM_EDGE_176DA993816B14F7C3FB,crel_5d084db0998a
S265_CLAIM_EDGE_178F53A5A6F5E17F4FF8,crel_7dc220bf519e
S265_CLAIM_EDGE_17A11EE92CAA994A70CB,crel_39f4fd7083da
S265_CLAIM_EDGE_17A1EF9EA520799A0195,crel_b39ab2ac3340
S265_CLAIM_EDGE_17A5A6476E95197BE950,crel_cdee5b43ce43
S265_CLAIM_EDGE_17B8EDC0EFD39830A2BE,crel_5e2839672627
S265_CLAIM_EDGE_17BC311C6F77B2C1A8BF,crel_976442aeb929
S265_CLAIM_EDGE_17CC254277D9514398F5,crel_ef357e6adbe1
S265_CLAIM_EDGE_17DC1C82BC72577B0EA5,crel_06532113e35e
S265_CLAIM_EDGE_17E8642D01E23D1BFF60,crel_22465578df75
S265_CLAIM_EDGE_17F456C7B4ADBEF2C8F8,crel_d7cc1fd97f5d
S265_CLAIM_EDGE_18162991F841C62534B3,crel_1920cdbd2127
S265_CLAIM_EDGE_181B50ADB0F3626EC6B9,crel_bf1f4a8da8e2
S265_CLAIM_EDGE_182545A3AA836887A8A6,crel_04b5926fced8
S265_CLAIM_EDGE_182554D21CB8CC0EF94C,crel_f45f84d27166
S265_CLAIM_EDGE_183172352DBDC30E08F0,crel_ea6c4cbe97db
S265_CLAIM_EDGE_183E0D42EF8EF0F3CB41,crel_3ebb8e79aaec
S265_CLAIM_EDGE_18512309154936FAE03C,crel_3487887bb2eb
S265_CLAIM_EDGE_1855D5E613F5B2D90D33,crel_022ff5c04021
S265_CLAIM_EDGE_187AF5996515DEE403C9,crel_a2b38e464219
S265_CLAIM_EDGE_189141E6E0F1A1C68AB4,crel_9ff028a1a7ac
S265_CLAIM_EDGE_18AF30A7B6A69297ABF7,crel_d5485b641eb7
S265_CLAIM_EDGE_18CA44DD73D817A5169D,crel_0f8ce42ca305
S265_CLAIM_EDGE_18D10B676FEE066F6A90,crel_b89936035294
S265_CLAIM_EDGE_18D34CF90C7E8BD8AD56,crel_59adf8669bbb
S265_CLAIM_EDGE_18D89D20A721A9248C97,crel_e512cefda341
S265_CLAIM_EDGE_18E1C5BA812BC2E22E94,crel_581cc73196a7
S265_CLAIM_EDGE_18E1E2A5D5D009D1F090,crel_f77a1cff469a
S265_CLAIM_EDGE_18F2F7AA5D0DB3C7449E,crel_f2947338031c
S265_CLAIM_EDGE_1905641B18E1F222BA92,crel_cbca6f120de1
S265_CLAIM_EDGE_1910EA1FD885803CEBAB,crel_10ce72ce438e
S265_CLAIM_EDGE_1913661FF068992AFD75,crel_b94cec9a99c4
S265_CLAIM_EDGE_1914E7E70A58BE30C02D,crel_bf266e2f84ff
S265_CLAIM_EDGE_19343CC1FC5803166591,crel_8a071666a73b
S265_CLAIM_EDGE_193D043DA38E39A002E3,crel_fe250a4594ad
S265_CLAIM_EDGE_1950FA356218DCD6899A,crel_30c111765670
S265_CLAIM_EDGE_195A0F58671A8CA0C6AC,crel_0760b1b683c7
S265_CLAIM_EDGE_1961439581AC5DF953A0,crel_f64987981335
S265_CLAIM_EDGE_19689D40B733503AD126,crel_3c38c7b90492
S265_CLAIM_EDGE_1986B2EA5C3ACAF0530E,crel_983467fb1e8d
S265_CLAIM_EDGE_1990BE7FCC86EA80119E,crel_1b257747551a
S265_CLAIM_EDGE_1993B55A944D522F93A7,crel_570c49da11db
S265_CLAIM_EDGE_1998BB2E2FE006A8CE66,crel_6433be1286d7
S265_CLAIM_EDGE_19A6C18A5F4D9DB1F3A8,crel_ebc5944374d2
S265_CLAIM_EDGE_19C82000DF08096647C2,crel_7224d0794cad
S265_CLAIM_EDGE_19CF5CB726A68D2D2922,crel_7970686eccfa
S265_CLAIM_EDGE_19DBBC19EF693B92D25D,crel_1ce1c4ab44ad
S265_CLAIM_EDGE_19EF00AEB66BE4D3A75C,crel_6b08e2c40866
S265_CLAIM_EDGE_19F26E449E5F7C36BAA7,crel_2380709ad645
S265_CLAIM_EDGE_19FF611C6B0653D54886,crel_b1887a8c65d7
S265_CLAIM_EDGE_1A0DA88365D3FA1B2C71,crel_6fb5cf76bcaa
S265_CLAIM_EDGE_1A15F6E3B670A12B44D8,crel_41c12c0dc00b
S265_CLAIM_EDGE_1A2603802D0CC4E5EAC1,crel_6ff0a3250915
S265_CLAIM_EDGE_1A37D5FD82F2CCDB5EA9,crel_4d7d67a10d7b
S265_CLAIM_EDGE_1A49DFB42241CA9361A8,crel_83e08f448f86
S265_CLAIM_EDGE_1A7C74B24EEF24253207,crel_7a642c75009a
S265_CLAIM_EDGE_1A7D1CC26A85FD4B4F86,crel_14241c381fef
S265_CLAIM_EDGE_1A96908767C780AEF3C6,crel_cd2e7a4aadbe
S265_CLAIM_EDGE_1A9FADF38AF5201FBADC,crel_3517df619e38
S265_CLAIM_EDGE_1AA307EFD02BC6225FAE,crel_707288113e7a
S265_CLAIM_EDGE_1AB122A2B506FC65D826,crel_c5fa4c50e658
S265_CLAIM_EDGE_1ABE3589340F45123989,crel_33947a99baa7
S265_CLAIM_EDGE_1AE8B20AEDE288AEEEE7,crel_0fb11ca24e98
S265_CLAIM_EDGE_1AE97C35ECD37922930F,crel_8fb50cba75fd
S265_CLAIM_EDGE_1AEA5F8627A871A6A085,crel_050e760b5bfe
S265_CLAIM_EDGE_1AF31E425B6849B6D8DB,crel_fcbf85f2f685
S265_CLAIM_EDGE_1B06508351864477D714,crel_48966f51847d
S265_CLAIM_EDGE_1B17F048A6133B91D5A4,crel_95ade7811882
S265_CLAIM_EDGE_1B1940CF98CCBDA6E1EB,crel_b8a5e8489074
S265_CLAIM_EDGE_1B33C90C9370E043D01E,crel_52061fec53fe
S265_CLAIM_EDGE_1B5508C3EE2FC6D02256,crel_360d15e1e7fb
S265_CLAIM_EDGE_1B56DB94FBA414AD1C27,crel_8203fededea8
S265_CLAIM_EDGE_1B5919F7E3B4B648A42D,crel_0c18aae47b2c
S265_CLAIM_EDGE_1B5ECFFF646A65C2C2D3,crel_b758cdeb4a0b
S265_CLAIM_EDGE_1B6272921AC8390EA2C6,crel_2ecb39fcab2c
S265_CLAIM_EDGE_1B832D04EED33AC84E6A,crel_b0dbbd55dc22
S265_CLAIM_EDGE_1B84BD9486B58B55358B,crel_e2e662d59269
S265_CLAIM_EDGE_1B9FE9FC7756BCCDB2FB,crel_5d40d71996d1
S265_CLAIM_EDGE_1BAF2174CCDD9AD3F448,crel_cc63ec3c3c85
S265_CLAIM_EDGE_1BC1A140559A95F8A501,crel_0989d542e30d
S265_CLAIM_EDGE_1BC47DB88544E061EC8A,crel_8fbdaa2cdb86
S265_CLAIM_EDGE_1BDE38B5A3F39449434D,crel_333350a750e0
S265_CLAIM_EDGE_1BE63B4F94CA4A510882,crel_8940dcf7dd2b
S265_CLAIM_EDGE_1C0E454A2F95433AAF96,crel_10e334e52e62
S265_CLAIM_EDGE_1C1DC4770E2C98800FE2,crel_083542e56378
S265_CLAIM_EDGE_1C2B08E8C00C1F97ED4F,crel_5d03566fec56
S265_CLAIM_EDGE_1C2EEFA539ACF2954597,crel_ebbaec49f5d7
S265_CLAIM_EDGE_1C30BCE28D228522A1E0,crel_d6824c3e51da
S265_CLAIM_EDGE_1C3DB4AF372980E0758C,crel_0587d7765c67
S265_CLAIM_EDGE_1C6212244442559837FE,crel_a3ba6e2ea303
S265_CLAIM_EDGE_1C69E1C01A29E3D96076,crel_db7290320c68
S265_CLAIM_EDGE_1C7D55BC30D163B9F49A,crel_1731a08ce10c
S265_CLAIM_EDGE_1C9FBDC5817D42B8BEEB,crel_158846a9b949
S265_CLAIM_EDGE_1CA50CB8F9682E012CFF,crel_8f7888028c1d
S265_CLAIM_EDGE_1CC957D0B09D396202CF,crel_1225e9e2d18b
S265_CLAIM_EDGE_1CDB59D62B445878AB17,crel_72e302641b83
S265_CLAIM_EDGE_1CE23B573C23069A91E7,crel_306c27916bc9
S265_CLAIM_EDGE_1CED95292BB2279E6512,crel_966bff2b01ae
S265_CLAIM_EDGE_1CEE00B70C29ACF8FF49,crel_5f1b318eecb4
S265_CLAIM_EDGE_1D12AA673C8F335FF842,crel_6ae8649721d7
S265_CLAIM_EDGE_1D16547CA51FC3DA6338,crel_f764d01dfe3d
S265_CLAIM_EDGE_1D2BBEA6E087F32EF548,crel_5cbecdd1d990
S265_CLAIM_EDGE_1D3B4782264D3698B4B6,crel_6f9160366891
S265_CLAIM_EDGE_1D4F7252D111994A5521,crel_8b90385bba72
S265_CLAIM_EDGE_1D6ACC3C3A93D7EA0706,crel_181bff7eea4f
S265_CLAIM_EDGE_1D7A66657CCA36BDB8FB,crel_7c2424bacc97
S265_CLAIM_EDGE_1DA9085179CF12847E7F,crel_b9be60451e05
S265_CLAIM_EDGE_1DC5773C0C77FE1ADAEF,crel_f5ae8c97d129
S265_CLAIM_EDGE_1DCEEBA876FA4830CA39,crel_cfee4c8b6fb0
S265_CLAIM_EDGE_1DDC5969AF70E06C707E,crel_bad0fa1cb879
S265_CLAIM_EDGE_1DEC7BCACF88C9C3EA05,crel_75d52b5d6f4a
S265_CLAIM_EDGE_1DEDE0C90B8E5AB543A1,crel_dca19b6d680e
S265_CLAIM_EDGE_1DEF4A81C9018BAA30D6,crel_473a87ac9764
S265_CLAIM_EDGE_1DF1D808717FFADE30D1,crel_a43d02a02acf
S265_CLAIM_EDGE_1DFB430BF0B50EE281B4,crel_3b19a3451531
S265_CLAIM_EDGE_1E00BFC52DBC37DE275A,crel_8d1f00b537a7
S265_CLAIM_EDGE_1E0F8D2CA88E6C239CC9,crel_29a49ba1d722
S265_CLAIM_EDGE_1E21F43B7A90A3D19D5D,crel_0b11d4360a65
S265_CLAIM_EDGE_1E364F6FB48DD714F821,crel_f8836a003e3d
S265_CLAIM_EDGE_1E444D0A253536593BEC,crel_5fc099ebf9a8
S265_CLAIM_EDGE_1E47CAF1D3A92AB0F1A0,crel_c56ca4198c84
S265_CLAIM_EDGE_1E5D0D39216674910658,crel_33f896583236
S265_CLAIM_EDGE_1E5E2E38237CB60B7694,crel_53986f1aecea
S265_CLAIM_EDGE_1E7E02AA37CF0775C6C0,crel_ef3fcd395e56
S265_CLAIM_EDGE_1E96CD13CBED901BC4FE,crel_c2d0a7d4770b
S265_CLAIM_EDGE_1EAF193FE677564A2134,crel_c54580154464
S265_CLAIM_EDGE_1EB2536CA22324235A51,crel_8829366b8bca
S265_CLAIM_EDGE_1ED60604745E6ED7459B,crel_b18baa645e3c
S265_CLAIM_EDGE_1EDB5C3AF6C673C81DBB,crel_7cdba0bd3266
S265_CLAIM_EDGE_1EDF404FD44772B9E1A3,crel_5f78343e3704
S265_CLAIM_EDGE_1EDF94684BCE50955EFB,crel_598f51b71e2f
S265_CLAIM_EDGE_1EEE3F85552A62351E7A,crel_93ddd3df4e6a
S265_CLAIM_EDGE_1EEFE5649AD4D889B32B,crel_c2a2d0b910c2
S265_CLAIM_EDGE_1EFF7EBBFA3711900090,crel_5ce517acb75a
S265_CLAIM_EDGE_1EFFDB25E1BC2C672DF3,crel_24b3f70328ef
S265_CLAIM_EDGE_1F0DC9F10E7D7A39093F,crel_58bee68d481b
S265_CLAIM_EDGE_1F33D9C8FFC76F894C67,crel_38335fa9a5bf
S265_CLAIM_EDGE_1F35FB47E048E3A2E8F8,crel_46ada079f70f
S265_CLAIM_EDGE_1F456BFA29F57FFF8112,crel_6ed4bbbb2907
S265_CLAIM_EDGE_1F5035F77DC69787AE00,crel_9fd58e61203e
S265_CLAIM_EDGE_1F5173150AA27C537914,crel_da5d867a05ba
S265_CLAIM_EDGE_1F783BB53EA3472D3329,crel_a2c6fc9317c0
S265_CLAIM_EDGE_1F88B36129EFBCB334E2,crel_264d36563c4d
S265_CLAIM_EDGE_1F8F319F976E9CE217A8,crel_b20d5aec9ae9
S265_CLAIM_EDGE_1FAB205314836E121D83,crel_0cdb4187e43a
S265_CLAIM_EDGE_1FBE0BB35D566F9F3894,crel_00a3938c8681
S265_CLAIM_EDGE_1FCB54BE31017C7C8849,crel_2dbe264d1c89
S265_CLAIM_EDGE_1FD1BC4DA4FFE7756FE5,crel_b8497aaaef7f
S265_CLAIM_EDGE_1FE97A875487E7224F35,crel_a5e13fff0bab
S265_CLAIM_EDGE_1FEE83B444F2C0D11A1B,crel_1bffa1f6ca71
S265_CLAIM_EDGE_1FFD0FE481EA4022511A,crel_5531543b7d47
S265_CLAIM_EDGE_2005AA4A2DF83550D2BF,crel_5f5bf1c9d55c
S265_CLAIM_EDGE_20172541A36F321B71F6,crel_0827345ab70c
S265_CLAIM_EDGE_2021924306EC9BB1C0DD,crel_cb5f6fc1e0e7
S265_CLAIM_EDGE_203472B2CE1FFD2EDD7B,crel_ec8c682dacf0
S265_CLAIM_EDGE_2038C9E3969E11CCAC27,crel_5cefa2005aba
S265_CLAIM_EDGE_203E6A80FB71902EDC8F,crel_788724c751ef
S265_CLAIM_EDGE_2057F3C052FA6EE9C5FA,crel_2bccd36333d0
S265_CLAIM_EDGE_20A7E58CD74A0F23102A,crel_3e316a824eac
S265_CLAIM_EDGE_20B05A54D0225EBB0FE6,crel_408ee6d0da3b
S265_CLAIM_EDGE_20C8795A67B2C8C44BB2,crel_63455e8b1410
S265_CLAIM_EDGE_210F24B894B1F39706D7,crel_136194fc6cf0
S265_CLAIM_EDGE_21131C57CC6A762AC5F7,crel_2593c801b4e4
S265_CLAIM_EDGE_2115151D3A7274E007E2,crel_f4c6c49b89b9
S265_CLAIM_EDGE_21442E8629F66304D875,crel_fe65b366d87b
S265_CLAIM_EDGE_2146515FAF869B865B74,crel_b0dca9aa6b97
S265_CLAIM_EDGE_216B01E7C975D0CB1620,crel_99a02a94191d
S265_CLAIM_EDGE_216F5376DA1F13C5DA12,crel_ad45b7824be1
S265_CLAIM_EDGE_217E96B000037CEF8DA6,crel_57a92acdb06d
S265_CLAIM_EDGE_2181909547AF9CB0612B,crel_72c3d3d4f6b2
S265_CLAIM_EDGE_219700A01745DC23AB61,crel_23ae70fd4a35
S265_CLAIM_EDGE_21A8340A36343B99911C,crel_717e67830f44
S265_CLAIM_EDGE_21BBF2236410BC6FB86F,crel_702679fcdf24
S265_CLAIM_EDGE_21C755195EF154323EBF,crel_ddb77f9d77b5
S265_CLAIM_EDGE_21C7EAB24FF20A1D9420,crel_e64cd9201aa9
S265_CLAIM_EDGE_21E98B86D048FCC884C3,crel_edc8cbb082df
S265_CLAIM_EDGE_21FFA059AE115105D453,crel_a487b766bbd8
S265_CLAIM_EDGE_2210271836D006A34563,crel_661bcb33fe86
S265_CLAIM_EDGE_2210F6283ECA9E8EEA53,crel_8b364e1e7cfb
S265_CLAIM_EDGE_223F8D0594C7BC27E3C1,crel_82089bc31cdd
S265_CLAIM_EDGE_2247E32296F655810043,crel_f4448b5803c1
S265_CLAIM_EDGE_224A95719C04EE738C75,crel_11a5e59d3cab
S265_CLAIM_EDGE_2254646F3667E9C70F9D,crel_4bb06aabf816
S265_CLAIM_EDGE_2257732AEBDDB9C36EB9,crel_5c6e704bcc24
S265_CLAIM_EDGE_22753A2BB05910845438,crel_62befdd76498
S265_CLAIM_EDGE_2281D1D999BF6DD20F13,crel_bd72ad3bd92c
S265_CLAIM_EDGE_22AB56D9D2AB03F6FA0E,crel_5fe96b764c0e
S265_CLAIM_EDGE_22B5072F706399862AD0,crel_f19199c5413c
S265_CLAIM_EDGE_22B91A8D540F18ED1902,crel_e4d9bae7e3b6
S265_CLAIM_EDGE_22C7AA48CCA1BD669815,crel_8a97ebca1f25
S265_CLAIM_EDGE_22D9C6B577370A22A039,crel_224e372d39f7
S265_CLAIM_EDGE_22EB45A7AF736D91B8F2,crel_ace99f6a3810
S265_CLAIM_EDGE_232008E4ACE2AF1255F8,crel_bcddba6d46bf
S265_CLAIM_EDGE_23422AA55CDF9DF32EE5,crel_c4a5b7999091
S265_CLAIM_EDGE_2344C99A715A644F535B,crel_b5dea88846ed
S265_CLAIM_EDGE_234F97A17900A585D278,crel_90d1fc4746d1
S265_CLAIM_EDGE_235025B6FE38129D5D94,crel_ea1f2048c616
S265_CLAIM_EDGE_235FABE0A2791BD46BC2,crel_a792e65d28c4
S265_CLAIM_EDGE_23610AE1977D3166DE4B,crel_433724994ee9
S265_CLAIM_EDGE_23775C206E0766FEE5DA,crel_4b891451d979
S265_CLAIM_EDGE_237CD334B26FAE400251,crel_82bcc21fe242
S265_CLAIM_EDGE_23826BE394AF1BF81A37,crel_d1dc370e7379
S265_CLAIM_EDGE_23861F8390E7092FF9D8,crel_73bc7f78e283
S265_CLAIM_EDGE_238A9379E987DFE438FF,crel_74ca2d1b02c5
S265_CLAIM_EDGE_238E6442C2A185B0F043,crel_cfd41ece6257
S265_CLAIM_EDGE_2392FAF559CB60CF788C,crel_dd17d0d0a053
S265_CLAIM_EDGE_2394BD53556C398915C5,crel_b7b52e9b4b2e
S265_CLAIM_EDGE_23BD99CCBB5DD1D50B91,crel_da9de91a2296
S265_CLAIM_EDGE_23CEA06F916850B5D56E,crel_edc1a8093b2a
S265_CLAIM_EDGE_23D4A29653AEEA85C684,crel_249954c1d4dd
S265_CLAIM_EDGE_23FECCF73FC419D1CDF0,crel_bd3df71b22a0
S265_CLAIM_EDGE_23FFC51D29ED7FAD3B83,crel_cc77e542a0b9
S265_CLAIM_EDGE_240A5D67BB5BEB111FE3,crel_4403e58f0b27
S265_CLAIM_EDGE_24104A9981C60F2524AF,crel_cb821239775d
S265_CLAIM_EDGE_2422C56716B789D971C0,crel_e0333a529bba
S265_CLAIM_EDGE_24318219481F561584A3,crel_077105b3815a
S265_CLAIM_EDGE_24494763380F5654A025,crel_6816fc4f26c8
S265_CLAIM_EDGE_244EF3879C91CBE221C0,crel_5d570038300d
S265_CLAIM_EDGE_2450EFB536E80E476ACF,crel_6275301a24e0
S265_CLAIM_EDGE_245B92846B0F894F5AFC,crel_e3bbf4fdee90
S265_CLAIM_EDGE_247FF44FB7AFC31A183C,crel_f10c2bd404b6
S265_CLAIM_EDGE_24831F3D7D612650ED1B,crel_082feb2d3f8e
S265_CLAIM_EDGE_248E0B7DC0E6887D5734,crel_46c512b542db
S265_CLAIM_EDGE_24A32604841CC9CD9F22,crel_efc0506c306b
S265_CLAIM_EDGE_24A8ED8FFE8895A4E9D3,crel_c80214d925c6
S265_CLAIM_EDGE_24CF9E5D955869CDD934,crel_169aee7b7240
S265_CLAIM_EDGE_24D2739D478C57AED11F,crel_21e0fbd683c9
S265_CLAIM_EDGE_24DB1436EA5A00EB2B09,crel_167d9ca647fd
S265_CLAIM_EDGE_24DEC3777CB587A82644,crel_20b91939f52b
S265_CLAIM_EDGE_24E777FA5DE66E2431A4,crel_21cb4a195ea7
S265_CLAIM_EDGE_24F65870B4CB8A39EABE,crel_acd5cffcef6a
S265_CLAIM_EDGE_24FB734BA7C8E8114E83,crel_fb4762e9b30d
S265_CLAIM_EDGE_250583FF7D13BF1D4DEE,crel_5a523bf44f37
S265_CLAIM_EDGE_250F54FBFCAF54FC0278,crel_095c92f089cf
S265_CLAIM_EDGE_251E2EC60F130CB1E3D2,crel_19ec9db0784b
S265_CLAIM_EDGE_2529A6ACEB8F00FCEA3E,crel_f3bcc3ebef12
S265_CLAIM_EDGE_252E5E215D2B44E791AA,crel_dd754645a999
S265_CLAIM_EDGE_253237F37FD61AFE41D5,crel_56941484db0e
S265_CLAIM_EDGE_2535CAF99314E66F7796,crel_fa62424cf8c1
S265_CLAIM_EDGE_253C965CC4F4F8946567,crel_794276aa8382
S265_CLAIM_EDGE_2547EEA5C169C8254FF6,crel_fab9e15df979
S265_CLAIM_EDGE_254886A5055F47D079BB,crel_dc84cdd83253
S265_CLAIM_EDGE_254E40369FF10027BFFE,crel_acae8446d161
S265_CLAIM_EDGE_255CC7BC481109F52555,crel_ae7eeed88057
S265_CLAIM_EDGE_25609BDE8351CE89B383,crel_912058e39f59
S265_CLAIM_EDGE_2564F72EBD63F02B1B80,crel_8421cd973eb6
S265_CLAIM_EDGE_25705B3CC1A4B2426C6F,crel_9207ff297d66
S265_CLAIM_EDGE_257DC05F331760C28836,crel_506ae1bc3552
S265_CLAIM_EDGE_25802CD6251135590DAE,crel_4838ba78b187
S265_CLAIM_EDGE_25B40F3B07ED700A8D4C,crel_1bdde720eca2
S265_CLAIM_EDGE_25D473408F94716F1943,crel_1ff4799036a4
S265_CLAIM_EDGE_25E11D48E0FD97EB9CC6,crel_e9b092831434
S265_CLAIM_EDGE_25E8E2609D27A6BFB21F,crel_8d299cc8e94f
S265_CLAIM_EDGE_25F6F658B464C38E11E3,crel_43cdaf786875
S265_CLAIM_EDGE_2600C8EF29A24797CCBA,crel_0722daf747bc
S265_CLAIM_EDGE_2604E6DB63D2DD98916A,crel_e692f9f60e8a
S265_CLAIM_EDGE_2606FDEA1917BC1E447C,crel_7333dcc4aa9e
S265_CLAIM_EDGE_260775EED3C78A4E485E,crel_7f1dd4192ed2
S265_CLAIM_EDGE_260BDED6B15A3C7274C6,crel_8884b9f876c2
S265_CLAIM_EDGE_26369326FDC26C7ACFB1,crel_373901cafb59
S265_CLAIM_EDGE_263806323B39AB9D2957,crel_4300dba633b5
S265_CLAIM_EDGE_265A526617F0411988C5,crel_9baac5dabbef
S265_CLAIM_EDGE_26A0168971D2BD8E01C1,crel_d8dd91207a2b
S265_CLAIM_EDGE_26C803F0D7AD6BA1004F,crel_2bd8609965a6
S265_CLAIM_EDGE_26E8DCAD6176C94DCDBD,crel_b10fec608902
S265_CLAIM_EDGE_26F00852369DD8B289FF,crel_a8e01177af2e
S265_CLAIM_EDGE_26FBC3620AC6F33A37F7,crel_0cf2bacaa2d0
S265_CLAIM_EDGE_270570CEB1A5E18E9EB3,crel_728123c9c25e
S265_CLAIM_EDGE_270A1B766DFACAB3457B,crel_6a3d3f048441
S265_CLAIM_EDGE_2711B20D8102AB69F8ED,crel_51e84f232c84
S265_CLAIM_EDGE_2738ACECACA8F8F71780,crel_a95af30118b2
S265_CLAIM_EDGE_2754CDB46BDF907BB093,crel_5faf0ff1e731
S265_CLAIM_EDGE_275B9BDBFED257A5A9F5,crel_4ddaab8ba268
S265_CLAIM_EDGE_27721C523DE6B6227319,crel_7a7f17101ccc
S265_CLAIM_EDGE_2774545DC89AC586E21A,crel_992bcccd8f13
S265_CLAIM_EDGE_278805DF5D1E83B33DE4,crel_7621cef111fe
S265_CLAIM_EDGE_2798065A459709ED6F8C,crel_0cb182b9791e
S265_CLAIM_EDGE_27B1BDCAF018661B4C28,crel_a64a6afa93dd
S265_CLAIM_EDGE_27C0C62B8C97C3A3AD66,crel_240e76c5a89f
S265_CLAIM_EDGE_27C108561CDF2C0E6810,crel_5cdd28869032
S265_CLAIM_EDGE_27E3E382B3AF13FAA11E,crel_428a2e014219
S265_CLAIM_EDGE_27E89131CB7EE91EC9A1,crel_8625f2540f56
S265_CLAIM_EDGE_27EB491BADCE571A3A6E,crel_94f4cce7e908
S265_CLAIM_EDGE_27EBE93F6490E09BC94D,crel_bff0e287bb26
S265_CLAIM_EDGE_27F94C1CF19AE8F60A8A,crel_73b7649a0cd2
S265_CLAIM_EDGE_282B08315E8F47460076,crel_e7eba2e5a4f2
S265_CLAIM_EDGE_286B6453BDDC1715E23A,crel_bfbf435ba20b
S265_CLAIM_EDGE_286E167F07F811B9DE52,crel_82f6a7663a1e
S265_CLAIM_EDGE_28719E46CD072F236511,crel_e31a582ed3ff
S265_CLAIM_EDGE_28839CFD3597DF695CEC,crel_6b4ec3bae847
S265_CLAIM_EDGE_2890E579AE304CD30E6D,crel_a30bde7962ce
S265_CLAIM_EDGE_289A078BA15B8013169E,crel_31c42f8870c0
S265_CLAIM_EDGE_289DE94F04B2FA2E0BA7,crel_95af4f1ec3c8
S265_CLAIM_EDGE_28CE2BCACC98F9B7AB40,crel_fbb5a07a515d
S265_CLAIM_EDGE_28D0BB43155CB1412809,crel_bbe4d8e6a3ea
S265_CLAIM_EDGE_28DB32B4C70241BEDA99,crel_3964ecea4258
S265_CLAIM_EDGE_28E4C815B7C067E8AAC7,crel_84f451b20484
S265_CLAIM_EDGE_28EF35C2499FC0DF5D25,crel_53d25bf7180c
S265_CLAIM_EDGE_28F31371154CCDE09776,crel_1665c2ad369a
S265_CLAIM_EDGE_2916473D34DC914AC206,crel_a9ae478340e4
S265_CLAIM_EDGE_292A4FB79404221D1096,crel_71a7ae4f9b27
S265_CLAIM_EDGE_293C4C66BAE65EF8E817,crel_6c55b67e8f26
S265_CLAIM_EDGE_2942420606534EC637A0,crel_237fdb9e659b
S265_CLAIM_EDGE_294570A198FFDF22A5A1,crel_865cd8c3db08
S265_CLAIM_EDGE_29546840532A11B248EF,crel_54a832f165d2
S265_CLAIM_EDGE_295C012A6B7C01D19E1E,crel_cc9660a8d8b7
S265_CLAIM_EDGE_296D2DF15C42A79C37E4,crel_90da6348b842
S265_CLAIM_EDGE_297803A529472FD36D8C,crel_c50ba0cc4c1f
S265_CLAIM_EDGE_2980A1F4549DA1D42913,crel_7e557c4728ee
S265_CLAIM_EDGE_298D97C87545FBF91D99,crel_1d158edce1fb
S265_CLAIM_EDGE_29A42B54D2356E97AC9D,crel_e098e1665f2d
S265_CLAIM_EDGE_29AA1239D7BCAC7720D3,crel_dcab25f852ff
S265_CLAIM_EDGE_29CBA3D18D4D31257905,crel_7664415d5e38
S265_CLAIM_EDGE_29DA92859263B613D4B0,crel_06bda114d240
S265_CLAIM_EDGE_29F78418F2CE491110BF,crel_702153759966
S265_CLAIM_EDGE_2A0145364325F91B9000,crel_7e92d6e4ddf4
S265_CLAIM_EDGE_2A045B09E4EFE793E69A,crel_b1f3d22921c2
S265_CLAIM_EDGE_2A0646020BBC918AF6E1,crel_642aa939e4f3
S265_CLAIM_EDGE_2A14E4EE8D230ED7653F,crel_27506525b4c4
S265_CLAIM_EDGE_2A29A579817B46F973AD,crel_73da2f52839c
S265_CLAIM_EDGE_2A2E6801E5D3EF129397,crel_68a35f01b66a
S265_CLAIM_EDGE_2A534B7FB2A75B5560AA,crel_0101c9e4466c
S265_CLAIM_EDGE_2A651F5950309EBB42C1,crel_5951b98f57ae
S265_CLAIM_EDGE_2A66A6F80E685551EB96,crel_bcd6e2baf7b3
S265_CLAIM_EDGE_2A7317FDEA6CEA1B4CFA,crel_10ca288b8471
S265_CLAIM_EDGE_2A7386C6D2494392BAB9,crel_4a4dd1b6e1cb
S265_CLAIM_EDGE_2A7C7EE1AFC7B6E781FC,crel_de38a5481cc1
S265_CLAIM_EDGE_2AB4F7D1CCEAD93B8B0A,crel_1552d235e7a2
S265_CLAIM_EDGE_2AC2027B70F5226D33A0,crel_418992fc2b4f
S265_CLAIM_EDGE_2AD664497A9A475717AE,crel_c817dd215a80
S265_CLAIM_EDGE_2AE33E8EBED1F19A0575,crel_799168e01509
S265_CLAIM_EDGE_2AE5A1987B3DA3FB0773,crel_090ecde09b02
S265_CLAIM_EDGE_2AF4D636F4135E07A776,crel_eac0c7796d31
S265_CLAIM_EDGE_2B0C6A18235020BF977A,crel_671580414f15
S265_CLAIM_EDGE_2B2BA4B7A8E87AB21DFE,crel_0a311b02d560
S265_CLAIM_EDGE_2B3C66337B0DEC0C359B,crel_abd5084bdfb0
S265_CLAIM_EDGE_2B46248E4D1CC47B26A9,crel_ca2f6479b762
S265_CLAIM_EDGE_2B5F0261132F2B5B8DFD,crel_fe78db2f113b
S265_CLAIM_EDGE_2B697C943154253E3F2D,crel_812784ba2d39
S265_CLAIM_EDGE_2B819EF0C1128514177F,crel_574602ecef18
S265_CLAIM_EDGE_2B88B24E44993AB24658,crel_ec08a0e6947f
S265_CLAIM_EDGE_2B894E468CC5D88E0D27,crel_98039160948c
S265_CLAIM_EDGE_2BB35644A4A8EDB99685,crel_cf34c733610d
S265_CLAIM_EDGE_2BC01839ACF2043066E7,crel_57851bc597fc
S265_CLAIM_EDGE_2BE158349CF7286EDDEA,crel_be7217ecc4ca
S265_CLAIM_EDGE_2BFAB0A88F3901D3BCD4,crel_8e8668e649bb
S265_CLAIM_EDGE_2BFC0A1FE674FA56C2C8,crel_3bbf627d1f7a
S265_CLAIM_EDGE_2C0E4EBFB175E93E974B,crel_d9847b681c83
S265_CLAIM_EDGE_2C2E849904BBDC22D186,crel_0431ad3d7db1
S265_CLAIM_EDGE_2C3301E46F03F874096D,crel_1d18123856a3
S265_CLAIM_EDGE_2C342D67161A3B59C9EF,crel_ea269c0ed47a
S265_CLAIM_EDGE_2C8E83BED7AC87735B42,crel_f8f020087e01
S265_CLAIM_EDGE_2CA091B03D3E2EC21C5B,crel_4a384da85ee8
S265_CLAIM_EDGE_2CA5D6A3E948AD39F997,crel_d803def20c5d
S265_CLAIM_EDGE_2CBBB2DB5951C1305F31,crel_bdafbf4ca2a2
S265_CLAIM_EDGE_2CD6B1CCE884C5276911,crel_bc98c2eab4e8
S265_CLAIM_EDGE_2CEE59F74315A0F23825,crel_803a0284983c
S265_CLAIM_EDGE_2D2280BBCF4C01A49F9D,crel_676700e967cd
S265_CLAIM_EDGE_2D2A3AB4421E65DC66D4,crel_37a8fa691c2a
S265_CLAIM_EDGE_2D2F961BA04647F0CF6C,crel_70ff611253dc
S265_CLAIM_EDGE_2D34D76D8F13A371D7DD,crel_8152b2c958bb
S265_CLAIM_EDGE_2D5971F5AB409990E750,crel_d11ded4e7564
S265_CLAIM_EDGE_2D880AB73C0F6B5CBBA6,crel_5e10801c974d
S265_CLAIM_EDGE_2D8F118AB5685997D417,crel_3a2d307315c5
S265_CLAIM_EDGE_2DA520E94AD145F77E20,crel_99d9a933810e
S265_CLAIM_EDGE_2DB076DEF7F33320F278,crel_49c89dbe3972
S265_CLAIM_EDGE_2DC895F21143215E5AF3,crel_6ca0e0cb1c5e
S265_CLAIM_EDGE_2DDC86302882177B321D,crel_1a8a921e7719
S265_CLAIM_EDGE_2DDEB5046DB30E3EC82F,crel_8515ba35f810
S265_CLAIM_EDGE_2DEE1612CCB70240ADD6,crel_ed0a14bbf81a
S265_CLAIM_EDGE_2E08C940DF2DBB1893EB,crel_73dab5cce87a
S265_CLAIM_EDGE_2E0AAE38C4CD0CCC80EC,crel_b07d024da9c6
S265_CLAIM_EDGE_2E0D176767167EEC417A,crel_f1b136898ff1
S265_CLAIM_EDGE_2E115CBD18883FCDB9BD,crel_474cf2944ff9
S265_CLAIM_EDGE_2E1B86636052B06F66FC,crel_0c5436e6f3d2
S265_CLAIM_EDGE_2E27A592A6C787796343,crel_01b1d9b20cdd
S265_CLAIM_EDGE_2E296CB90217911DF17A,crel_1d60e7e35839
S265_CLAIM_EDGE_2E34188F933D6F39E8D0,crel_217f12512021
S265_CLAIM_EDGE_2E4CF585F9B0608FBE45,crel_b7a1a7f26dcd
S265_CLAIM_EDGE_2E55A4CA4D4DDB465EDA,crel_b86bb45691a8
S265_CLAIM_EDGE_2E62B6B48DE51D02E514,crel_c3b4fd69d99c
S265_CLAIM_EDGE_2E66E27D2E860631031A,crel_8ca4eef7b057
S265_CLAIM_EDGE_2E78FC251606F127DBE5,crel_fb4f15d504a0
S265_CLAIM_EDGE_2E921A1528255A5D7CFF,crel_2930cf2b653f
S265_CLAIM_EDGE_2EA287285F1C9B109527,crel_2124b0183509
S265_CLAIM_EDGE_2EA884A9FE3ADFAC5DC3,crel_5f1592e503d2
S265_CLAIM_EDGE_2EAB35295C689E6613C8,crel_97b72dd24216
S265_CLAIM_EDGE_2ECE8F8A4769AF709759,crel_7a2211d221e9
S265_CLAIM_EDGE_2ECEB4FC547E1DC37CC1,crel_968957ffd564
S265_CLAIM_EDGE_2EFF98ED233B4DBB2356,crel_de13db576226
S265_CLAIM_EDGE_2F0208D7A468708ADDF2,crel_0e6db3cf15ce
S265_CLAIM_EDGE_2F0232B9921E1A8003FF,crel_34a04ed9ead5
S265_CLAIM_EDGE_2F04B0935854BE7C1FFC,crel_fd0e951e2f53
S265_CLAIM_EDGE_2F06527462AD8B90330A,crel_894166371410
S265_CLAIM_EDGE_2F279A4D810641DCB826,crel_73cfbffb6288
S265_CLAIM_EDGE_2F2B909BE9A6AC5CBAD6,crel_e3456ac951e0
S265_CLAIM_EDGE_2F3CBBFCD09D193A9B0C,crel_b8bb2c0e01f2
S265_CLAIM_EDGE_2F51431F50FC5B255BC0,crel_54b137dfe542
S265_CLAIM_EDGE_2F591985C84BC7C274CE,crel_c846a0fc0caa
S265_CLAIM_EDGE_2F7579E058DF5489B8B5,crel_beb506706fbc
S265_CLAIM_EDGE_2FA959E5E9F605DBEF1D,crel_8292af5884b9
S265_CLAIM_EDGE_2FB0BE5D258C9B736540,crel_d94ff5549b08
S265_CLAIM_EDGE_2FB894F2D68B6DB69897,crel_6332d44becfe
S265_CLAIM_EDGE_2FCC4FA10898231736E1,crel_8071beaa309a
S265_CLAIM_EDGE_2FD7E6A99308513CB0A4,crel_2567eab45b90
S265_CLAIM_EDGE_2FE2EE5C1A891797B241,crel_aeafd570317d
S265_CLAIM_EDGE_2FFA15A8071D518A40F7,crel_0a3a575c3ee4
S265_CLAIM_EDGE_300836A417C38D6BE021,crel_542d355eaa71
S265_CLAIM_EDGE_301263BEABDB5D014900,crel_cc90bb7bd3fa
S265_CLAIM_EDGE_30351D70FA4B1E83E581,crel_92bf3e017df0
S265_CLAIM_EDGE_30508B6A910F2F579881,crel_16a543144d37
S265_CLAIM_EDGE_305CBE87531787F389FD,crel_a9ef39cd2651
S265_CLAIM_EDGE_307D4CCC5F2BED4B3E62,crel_f1408a05364d
S265_CLAIM_EDGE_30830A5486E618DFE344,crel_8dc5e5091368
S265_CLAIM_EDGE_3092947EFC0C435E82E2,crel_fdea036d6541
S265_CLAIM_EDGE_309A99F28329E16924B6,crel_f69c98043ad6
S265_CLAIM_EDGE_30A8DC71F4183D48E637,crel_6932228984ab
S265_CLAIM_EDGE_30D2AE044A536D802711,crel_b2059eea2d85
S265_CLAIM_EDGE_30D8C9115B8AC877B13F,crel_ec6c1a526972
S265_CLAIM_EDGE_30DA3E6F3C23F910C68B,crel_ff297e35f215
S265_CLAIM_EDGE_30E69D63945B0A2D137F,crel_e740ccd2878b
S265_CLAIM_EDGE_311C8E6C5892ECA3F727,crel_5753f70362e9
S265_CLAIM_EDGE_313952B8220B0F233C63,crel_ac492a5a4752
S265_CLAIM_EDGE_3139B526AF4E0EBB6719,crel_49fc621a9767
S265_CLAIM_EDGE_31421FD3FBCA524BDD5D,crel_d4bd9a6268cd
S265_CLAIM_EDGE_3166C83E7937CB4D0361,crel_f0eb6cc768d0
S265_CLAIM_EDGE_316859F4F268AE349FAF,crel_1a71f786bb51
S265_CLAIM_EDGE_316CE5D55E2D79D1BD84,crel_29a2aea46f9b
S265_CLAIM_EDGE_3173A3C2A880838D5C2C,crel_e1e12dc69480
S265_CLAIM_EDGE_3181C24D5063AFD5BB37,crel_a74ec6e5db47
S265_CLAIM_EDGE_3195D8E5FB99EC3DDA2B,crel_e2e589c819b2
S265_CLAIM_EDGE_319FCFB6AB7AE36BA9E7,crel_1450e6a09779
S265_CLAIM_EDGE_31B440BACA9EEAEF6736,crel_47617158e4f6
S265_CLAIM_EDGE_31BEDB50096C96B1BAEF,crel_bd74c0d8c873
S265_CLAIM_EDGE_31C54A75BE355E2CD9FB,crel_4ddfbdcf3cff
S265_CLAIM_EDGE_31E0B20BCBCA60DA5BB4,crel_243f06698cd5
S265_CLAIM_EDGE_31E95379A0274308B1F0,crel_0d589354415a
S265_CLAIM_EDGE_31FB038C90008FE96B4A,crel_6b398a5be167
S265_CLAIM_EDGE_320AFAB9C3F2218A891C,crel_998e4d295d27
S265_CLAIM_EDGE_320EF67C195FFBA5BB17,crel_94e512ea607b
S265_CLAIM_EDGE_32143145ED06EFE62513,crel_a7e1b7b4c595
S265_CLAIM_EDGE_32199E43512EB0C8831A,crel_640c057feb06
S265_CLAIM_EDGE_32257624A451EBF5BEDE,crel_2677a527700f
S265_CLAIM_EDGE_3230F4958BED301B786D,crel_3bbce5bb3f7f
S265_CLAIM_EDGE_324704F36C93E07E204F,crel_b47b357224e6
S265_CLAIM_EDGE_324BFC827CD77275CB53,crel_ca7d100cef67
S265_CLAIM_EDGE_324CA0E415781AC431D9,crel_c2ead4545d58
S265_CLAIM_EDGE_32511CD56FD419AA1109,crel_41ac9d5a4162
S265_CLAIM_EDGE_3267E2C399F521AE6EFD,crel_590d4d049a33
S265_CLAIM_EDGE_327D3D162C77CFFF17E5,crel_85fe7ad45f52
S265_CLAIM_EDGE_329AE54BB41B2AF0F5D6,crel_336fa899482f
S265_CLAIM_EDGE_32A1C8F03767F5B3CE05,crel_9e2969a49e4b
S265_CLAIM_EDGE_32B489D85F41438AD51C,crel_c4e1396200c7
S265_CLAIM_EDGE_32B7D5B9688AC4376AEA,crel_4612d594a6db
S265_CLAIM_EDGE_32CABC4603539865AD42,crel_f0ae24a56594
S265_CLAIM_EDGE_32CFC9D7A2C5D539C279,crel_c343ba754ba2
S265_CLAIM_EDGE_32D5383F5FD92EAA0277,crel_92294ecebf98
S265_CLAIM_EDGE_32E1B087131AFED28445,crel_657f7cd4fee0
S265_CLAIM_EDGE_3316125E3C887A87596C,crel_86c8f68a8ac0
S265_CLAIM_EDGE_33184B46245A3BB8FE20,crel_674d868da313
S265_CLAIM_EDGE_334BF02F8E9F9297A1EF,crel_fee1f3becd01
S265_CLAIM_EDGE_334F35077D2A416D1C0A,crel_240e68ff7969
S265_CLAIM_EDGE_336861004E69F9044592,crel_1b601de6dc0d
S265_CLAIM_EDGE_3379F3412D600DE75865,crel_2076f2cc139d
S265_CLAIM_EDGE_337DC3A26C2A4E93C9BD,crel_b4a7b4705f7e
S265_CLAIM_EDGE_33950735682A97A5336B,crel_caeead9b6cfe
S265_CLAIM_EDGE_339E86000B691C06B708,crel_3f82d9790eb7
S265_CLAIM_EDGE_33A0402F60E3A1F313EE,crel_ff39e3225c41
S265_CLAIM_EDGE_33B223CEEF266BA06E94,crel_b02611dbdbae
S265_CLAIM_EDGE_33D6CCBE7A6B11F1EC59,crel_017fcd5bc903
S265_CLAIM_EDGE_33D9EAEA5C48F91620A0,crel_14f0a750eec6
S265_CLAIM_EDGE_33DDFF7CCA1F4DB7885C,crel_b3f043bab7d0
S265_CLAIM_EDGE_33E25FA4FA79F46F985A,crel_dd65903aa3cd
S265_CLAIM_EDGE_343B976AFD5F8F6A1BA9,crel_f820f859708c
S265_CLAIM_EDGE_34550971BA5D58AD9EDF,crel_63620c021eed
S265_CLAIM_EDGE_3458C97D0B9B4D9EB7AD,crel_628b7ea52cf4
S265_CLAIM_EDGE_34743E509C98308530DE,crel_e3b1f3a1ba39
S265_CLAIM_EDGE_347782B6CA2DFE6385CB,crel_99da10262dea
S265_CLAIM_EDGE_347F0EC0B09340AB6B9D,crel_46c2752b72bb
S265_CLAIM_EDGE_348AD196D7760259E1AF,crel_a942927004d8
S265_CLAIM_EDGE_34A33D677B2897890517,crel_3ed96f15c97d
S265_CLAIM_EDGE_34D0BEDF79A62EE5C6C4,crel_ff48ea5ce272
S265_CLAIM_EDGE_34D36CFFE8D99697D023,crel_d74176e2a158
S265_CLAIM_EDGE_34D804312DE0360A0296,crel_77072a06755d
S265_CLAIM_EDGE_34E2E30EF0D82608AB74,crel_0b923f7d6299
S265_CLAIM_EDGE_35076C44C3A21C96237F,crel_7dfea281a2d8
S265_CLAIM_EDGE_356721A980E978C5A0F1,crel_c2b09fbdee1c
S265_CLAIM_EDGE_3572B743159B8B5406A9,crel_729077a4faae
S265_CLAIM_EDGE_35759810491CA2085EEF,crel_e319082710c3
S265_CLAIM_EDGE_3575FDDC790E208A9204,crel_a83eb6c094a2
S265_CLAIM_EDGE_35AB872B21818DC1B289,crel_dcd89dbb5d82
S265_CLAIM_EDGE_35BD4824B9BBC680E821,crel_d4cdf6069608
S265_CLAIM_EDGE_35C5BEBEE84EDD800580,crel_3b841901deef
S265_CLAIM_EDGE_35D3D18AD78C03DD7A2F,crel_ac438b4bed86
S265_CLAIM_EDGE_35DAC5B76FB50F689090,crel_5ca0e72944c1
S265_CLAIM_EDGE_35EBC364091C83472562,crel_eb6776600cae
S265_CLAIM_EDGE_35EC40F6DADB90020CAC,crel_22ffdfcd21f2
S265_CLAIM_EDGE_35F387B91FD9EE96B4F6,crel_1b6b31eca801
S265_CLAIM_EDGE_35F62264298D342EBAC9,crel_5fb7c45eb51a
S265_CLAIM_EDGE_361547E34331CB862736,crel_a84800fc0691
S265_CLAIM_EDGE_361660362510006922D8,crel_acc90391d132
S265_CLAIM_EDGE_3626D115B7546E3BD6B6,crel_7a229b7a9dc5
S265_CLAIM_EDGE_362CA746A1890B044044,crel_2338e96e7a2c
S265_CLAIM_EDGE_363D1B361871496F9095,crel_7826243a2445
S265_CLAIM_EDGE_3647651F1500AFEC8433,crel_b709981e26e6
S265_CLAIM_EDGE_36549D8E4550BBC0973B,crel_201236aded22
S265_CLAIM_EDGE_36628A24957052B056CA,crel_7dd089a647b4
S265_CLAIM_EDGE_366CBE7BCDB81BD05F8A,crel_b48a62e01b0b
S265_CLAIM_EDGE_36C36B655AA8BE57D801,crel_051322506842
S265_CLAIM_EDGE_36C51CA45F188DF3113F,crel_85ceb0ff6c6d
S265_CLAIM_EDGE_36C73691AD44E936F95D,crel_c5f7c429eca2
S265_CLAIM_EDGE_36D85DF531BC733CC577,crel_59e188d354cc
S265_CLAIM_EDGE_36F6B095E01C57E99EC1,crel_bcf9f21fa9e8
S265_CLAIM_EDGE_36F7F9C1CB9BF85061EA,crel_9c2e2bb38511
S265_CLAIM_EDGE_370D9789677FF1E19E09,crel_ceb7489c6071
S265_CLAIM_EDGE_370F2C81375C1360D94A,crel_dfa6c487cad3
S265_CLAIM_EDGE_37104177648B825E6AAD,crel_ad187dd2bf9b
S265_CLAIM_EDGE_375525F931D31104BBE3,crel_a72b131713fc
S265_CLAIM_EDGE_375E2C75EEA9CC534D4F,crel_edc375edab7d
S265_CLAIM_EDGE_3765DE2B13B24906BC69,crel_1ee17dd070a9
S265_CLAIM_EDGE_376E811B8EF877B63D98,crel_1677b3b2c247
S265_CLAIM_EDGE_37886E879987EA7E6644,crel_d0bc3780a1d8
S265_CLAIM_EDGE_378DB1159ED1C07EC888,crel_450e7f5ff516
S265_CLAIM_EDGE_37A4AC00D3CBF9F05ABD,crel_5315d07be417
S265_CLAIM_EDGE_37B7EDE1A45E7D9D563F,crel_885d56935975
S265_CLAIM_EDGE_37C16FC99114E74749AE,crel_398652338d84
S265_CLAIM_EDGE_37E5672CDB2C77543124,crel_7f6a19422924
S265_CLAIM_EDGE_37E86B731AC5556F4C32,crel_3caa3569b3c0
S265_CLAIM_EDGE_37E99860CFD02442866C,crel_f403eff63744
S265_CLAIM_EDGE_37F98FFCDF15B03A9034,crel_bedb3497559a
S265_CLAIM_EDGE_37FBD5A6169CAF4554BB,crel_35e16e6f3740
S265_CLAIM_EDGE_37FC88B3CBF1BCD39101,crel_8c4ea3caa372
S265_CLAIM_EDGE_38113F3BC3B75124F77B,crel_b267fbdc6783
S265_CLAIM_EDGE_383EA7696223632B84BF,crel_3bd0200ec15b
S265_CLAIM_EDGE_383FFB94AEF057ED808C,crel_57a2254076bf
S265_CLAIM_EDGE_38487E6C4C0693A51579,crel_5f8d30583f2a
S265_CLAIM_EDGE_384BDEBA1CBB8F83D6F4,crel_db3c26b9acc4
S265_CLAIM_EDGE_386EF1246DB1BC4D62B3,crel_0024feddb4b3
S265_CLAIM_EDGE_387A52A354C2B56F5EF6,crel_f4ff821b85f3
S265_CLAIM_EDGE_387ED4BAD6DA77C1CAB5,crel_ea1bc5399fc0
S265_CLAIM_EDGE_38980DD473EB0EFF3E30,crel_dfca822f229d
S265_CLAIM_EDGE_38A83786B19D8754B5E7,crel_79a887078b7f
S265_CLAIM_EDGE_38C609003B4D055014C6,crel_67104a27a5b3
S265_CLAIM_EDGE_38CC759D4DF9ACEFCC90,crel_cf5cba80950c
S265_CLAIM_EDGE_390409E446F1D24441C2,crel_f01b2948d442
S265_CLAIM_EDGE_3905AFA8F03A6903540A,crel_1cd37d980c96
S265_CLAIM_EDGE_39067D99A9818875A229,crel_41f6ba4f9cf3
S265_CLAIM_EDGE_3909375B0084ABCA01A5,crel_3b88725de848
S265_CLAIM_EDGE_391259928DE279FE6D25,crel_754fefa49c85
S265_CLAIM_EDGE_39408E3C79EA1B5F8DAF,crel_5fcd8b6d2bff
S265_CLAIM_EDGE_394C50F853FC37CB1E08,crel_f7d4bb34e071
S265_CLAIM_EDGE_394DF7E2B92F997741CE,crel_e32fed29a146
S265_CLAIM_EDGE_3951713F243EB1BC08F7,crel_cc2fa8f86424
S265_CLAIM_EDGE_3965C94D45D69242F878,crel_180ed7f071f0
S265_CLAIM_EDGE_39C1B4AC59710F106690,crel_20a79f6b42c0
S265_CLAIM_EDGE_39C4C48802809FC8AB7E,crel_15d2c2319882
S265_CLAIM_EDGE_39D82AFA2C17926256AB,crel_8d8c9340db92
S265_CLAIM_EDGE_39D8DCA77C010FEA72EE,crel_fee35555ec3b
S265_CLAIM_EDGE_39E34B82C5E28819E7F6,crel_69db15265409
S265_CLAIM_EDGE_39E5C8EE9848C300E0DC,crel_2d73c320a2a4
S265_CLAIM_EDGE_39F35A3E7D1D6411295F,crel_b3d4a0897421
S265_CLAIM_EDGE_3A00C1333A9799C6FC04,crel_2f61eac084b7
S265_CLAIM_EDGE_3A0EB22CE9E3ED7A3FF4,crel_3c08b1fdbbc9
S265_CLAIM_EDGE_3A2C89B8F5E6D2CA84DC,crel_55026d277634
S265_CLAIM_EDGE_3A3C1A04D5BA757A34EE,crel_811b7d75f5db
S265_CLAIM_EDGE_3A43411623A62999C851,crel_03edbb7ef5d3
S265_CLAIM_EDGE_3A6143107B7531BF3DE5,crel_001d2c92fe93
S265_CLAIM_EDGE_3A69C29F8A65AB18F5EB,crel_09f3694b5e43
S265_CLAIM_EDGE_3A728A1D9DBAFAF266F1,crel_f76ce80d730c
S265_CLAIM_EDGE_3A8396A808E0E3B032E1,crel_67f008a7b17a
S265_CLAIM_EDGE_3A8AD77ED5BF66C230D4,crel_28d2009b818a
S265_CLAIM_EDGE_3A8B51808BEA0807ECC3,crel_61b50034b3b7
S265_CLAIM_EDGE_3A933093CC5F0F1B13DA,crel_04c265f70557
S265_CLAIM_EDGE_3A951D5EA147E6392CB1,crel_bd74575b1919
S265_CLAIM_EDGE_3A994346F972FA902FAB,crel_11848f8ee500
S265_CLAIM_EDGE_3A9C929EA6B611C5C299,crel_195eea3d0190
S265_CLAIM_EDGE_3AAA75A64316F8CD4299,crel_76e780a23691
S265_CLAIM_EDGE_3ACF5A5869A0F11176C0,crel_493ae5d8f837
S265_CLAIM_EDGE_3AE13E1B366F71EF3EF7,crel_60bfcce277b3
S265_CLAIM_EDGE_3AF4CC4B828AA35EE8AD,crel_5c9190f5f2b7
S265_CLAIM_EDGE_3AF79F8A0852DEA58144,crel_08cee001aaae
S265_CLAIM_EDGE_3B05730106F239BFA2BC,crel_83ea9a22c723
S265_CLAIM_EDGE_3B0BEC9D13AA656C76B8,crel_4b8402a25f12
S265_CLAIM_EDGE_3B0DD216BE0E0E0EE51D,crel_f6abea4f51de
S265_CLAIM_EDGE_3B3D013E04F3FF74B901,crel_6418b4679284
S265_CLAIM_EDGE_3BA9F6B1654F902E3394,crel_d383b8c373ba
S265_CLAIM_EDGE_3BC29F9CF4CB106E58F3,crel_a7745d35140e
S265_CLAIM_EDGE_3BD92F0451544A57903F,crel_1ce6b3b1650a
S265_CLAIM_EDGE_3BDCA896B2578D2EDBEC,crel_ab23526325b6
S265_CLAIM_EDGE_3BFBE7A36D07B6A2E736,crel_8264b95fe0da
S265_CLAIM_EDGE_3BFF43C4CA608C5E410D,crel_06c0d4f99190
S265_CLAIM_EDGE_3C07ED5298564F633166,crel_16a3142e438b
S265_CLAIM_EDGE_3C0BF2F2F34BDD3D299D,crel_52ba56c05d55
S265_CLAIM_EDGE_3C1D93D82B642C9B1653,crel_6ef17373cfa3
S265_CLAIM_EDGE_3C2795E8B26E45045CFE,crel_60f99b36a8b3
S265_CLAIM_EDGE_3C3B50128579DAD33CB3,crel_fa1ccb8faa7f
S265_CLAIM_EDGE_3C3F01138CCFD7A9FF0A,crel_bad3846ba999
S265_CLAIM_EDGE_3CB164CF6A82C5AF5BED,crel_b56eb8b00c31
S265_CLAIM_EDGE_3CB82E090DFA8304E3AD,crel_f7eaf1259814
S265_CLAIM_EDGE_3CBAD36A7DD372CDC620,crel_98545ec1d7cf
S265_CLAIM_EDGE_3CD99A809E99232AB680,crel_447a0f7a675b
S265_CLAIM_EDGE_3CFBB7E20448F339194A,crel_c1b1336514f9
S265_CLAIM_EDGE_3D05F49C238CF242FC18,crel_5fd801b89cfc
S265_CLAIM_EDGE_3D06CA1B3480E1505DFF,crel_f5cb88c423d8
S265_CLAIM_EDGE_3D1A24AADAD5B8C1C425,crel_a51fa249f5fb
S265_CLAIM_EDGE_3D26EF5C7B4877C16360,crel_ec17837692b2
S265_CLAIM_EDGE_3D2902AE39D45833F2DA,crel_e12515d885c8
S265_CLAIM_EDGE_3D3A66207B79262104F2,crel_927bef2c1f4d
S265_CLAIM_EDGE_3D3FE88B9D9F7CEAA0E4,crel_ec09c01cab94
S265_CLAIM_EDGE_3D5B6BBE2DF347650930,crel_bb1fb8c748c9
S265_CLAIM_EDGE_3D63FA96B4B72A32CFDE,crel_eb322663b7f6
S265_CLAIM_EDGE_3D6C4B3B4C3CEF30FF7B,crel_e34907f8cce9
S265_CLAIM_EDGE_3D6CBBE3D4A89CA13672,crel_998d45bc6eb0
S265_CLAIM_EDGE_3D6D75097977DE59CA02,crel_307d51adfda2
S265_CLAIM_EDGE_3D75B8555A3D3B7F1700,crel_aec8f196f18c
S265_CLAIM_EDGE_3D77C0D7348AA636C412,crel_84c9aa23af0c
S265_CLAIM_EDGE_3D79A881B339070EA21C,crel_6ebbb66c2177
S265_CLAIM_EDGE_3D8D0BF81726EFA90FFC,crel_b2f2f31b8260
S265_CLAIM_EDGE_3D983FE3943E2E4DD115,crel_7d1ca5fcce8b
S265_CLAIM_EDGE_3D9D58110370EF2FEEE9,crel_b9c2cc47682e
S265_CLAIM_EDGE_3DC96067975AB07A2F4C,crel_61c32cc90323
S265_CLAIM_EDGE_3DCCC28A388831DFAD17,crel_1bc93416260f
S265_CLAIM_EDGE_3E11D7477454CCEF1C93,crel_75687a18c7dc
S265_CLAIM_EDGE_3E162A34761023CAD2C7,crel_7068fe293910
S265_CLAIM_EDGE_3E2EBE892AC9BF87E083,crel_fdf919bda99f
S265_CLAIM_EDGE_3E62182B2FBA138C9932,crel_44b3d470d44e
S265_CLAIM_EDGE_3E684174FB40E6E8C8CE,crel_069906bcbfe5
S265_CLAIM_EDGE_3E6ABB1F49C53D3FB5EB,crel_fdd1562807a3
S265_CLAIM_EDGE_3E6B6050A52EA000CAF0,crel_d93ce32f73aa
S265_CLAIM_EDGE_3E7BBF7FBF80F9D49747,crel_0c7d7cacd400
S265_CLAIM_EDGE_3EB6D7A30DE2C1D4FE98,crel_75b5c8efe8c1
S265_CLAIM_EDGE_3ECD776C38CADAB29F3E,crel_75442727f440
S265_CLAIM_EDGE_3ECE76C93A06A6DF39E6,crel_9dd6aa0a4bc7
S265_CLAIM_EDGE_3EDDB74F958BEF30AFA7,crel_15cf5d5fb7df
S265_CLAIM_EDGE_3F01C278C9478592E639,crel_5f5a31e9af6e
S265_CLAIM_EDGE_3F1585EE87AC3945E35E,crel_045521c98db9
S265_CLAIM_EDGE_3F2D5CBCB02B17840253,crel_0ff890527020
S265_CLAIM_EDGE_3F2DE9BC676C6C9AEE19,crel_b1d2ad314094
S265_CLAIM_EDGE_3F4031449064E63ED847,crel_b653644a3f90
S265_CLAIM_EDGE_3F47A6CA1570B148198D,crel_960288510862
S265_CLAIM_EDGE_3F617F643D7071006A73,crel_6c1474eb73e7
S265_CLAIM_EDGE_3F710675304E5F9D1EBD,crel_a8e7b2422139
S265_CLAIM_EDGE_3F7674989BD3432C65F4,crel_7910f9b9c372
S265_CLAIM_EDGE_3F7C833B90F59F778A5D,crel_c5f0ef5137c0
S265_CLAIM_EDGE_3FA3809024737F81104F,crel_17a4e3eb3b63
S265_CLAIM_EDGE_3FA806A8A4425D53211A,crel_9f25ce14795e
S265_CLAIM_EDGE_3FB063A2751F228CD399,crel_56709a9e09a4
S265_CLAIM_EDGE_3FC0E8DEBFFDB2475033,crel_07b428fcc522
S265_CLAIM_EDGE_3FD2A743A58B4128C649,crel_114a137881d4
S265_CLAIM_EDGE_3FFCC4CD06B72868C04D,crel_f5e660afc977
S265_CLAIM_EDGE_3FFDD1C5072A4348549C,crel_721c74add451
S265_CLAIM_EDGE_400029D1568EBFBE530E,crel_73562397f31a
S265_CLAIM_EDGE_40002D588F1589CF84F2,crel_a88bea1b5411
S265_CLAIM_EDGE_401E275A2125F117E3DC,crel_137350214d8f
S265_CLAIM_EDGE_402B4D76E5A9C6F62C59,crel_d9da5c5b9ecf
S265_CLAIM_EDGE_402E150645EB61488E4E,crel_879a024da4fa
S265_CLAIM_EDGE_4045D655253DF404680C,crel_db587499da75
S265_CLAIM_EDGE_405FB81AF490E1902E49,crel_e7903a1c608c
S265_CLAIM_EDGE_40671DA798CFE44198FE,crel_f48c8a242ef2
S265_CLAIM_EDGE_406E10581ECC9C227A99,crel_2a7cb42609a4
S265_CLAIM_EDGE_407ADDBA72446B12F9CC,crel_8b4884c6308f
S265_CLAIM_EDGE_407D314155852CB77057,crel_69cb57a360af
S265_CLAIM_EDGE_409D363A1825E44D870B,crel_c3daff4b3f16
S265_CLAIM_EDGE_40AFE4C378C69898A886,crel_fb78d95d3add
S265_CLAIM_EDGE_40B6D15C40D3BF56B196,crel_fee3f2e4d263
S265_CLAIM_EDGE_40D6C2C30B2B2AB451AB,crel_9f79a55c8b6d
S265_CLAIM_EDGE_40EAA05C9BE9B1BFBE88,crel_d19e25a7774f
S265_CLAIM_EDGE_40FAEDE95A3336415264,crel_9e3f15877eac
S265_CLAIM_EDGE_4109107A7ECB9305FAD7,crel_9ac4d6bfb7c2
S265_CLAIM_EDGE_410BC05AEEAE715E3185,crel_6b0e74d42428
S265_CLAIM_EDGE_41491CB4087CC58548B5,crel_82947cf6346c
S265_CLAIM_EDGE_4150DDC7C9C86A7CF749,crel_6aefac6f3084
S265_CLAIM_EDGE_4153E868F0D0CE094057,crel_b8c03907ddc0
S265_CLAIM_EDGE_4160BB004544A4ADCB53,crel_f350c35794e8
S265_CLAIM_EDGE_4164F2DF5DEA4080CF62,crel_7c7fd2f75064
S265_CLAIM_EDGE_416740D205477D3C6F7F,crel_7f9d8edfc3dc
S265_CLAIM_EDGE_418D024A9FB846AEC081,crel_c4b59e1dfebc
S265_CLAIM_EDGE_419588DC84AF8661BD64,crel_cb23349ac61a
S265_CLAIM_EDGE_41B030719F38FB967499,crel_d2f70e97f1f2
S265_CLAIM_EDGE_41B29C3BE67F473AF918,crel_8695c1966748
S265_CLAIM_EDGE_41CDE62989DD67D146C1,crel_6e037d937b80
S265_CLAIM_EDGE_41D9562ED4FD0183A976,crel_d036c47b4aa8
S265_CLAIM_EDGE_41FC783E9CE6B6D01B1F,crel_c9eb3b57c3b1
S265_CLAIM_EDGE_4207202528C3A05F7759,crel_915e6092943a
S265_CLAIM_EDGE_4220D225B83419179111,crel_430ca0e6366b
S265_CLAIM_EDGE_423AAA3291091E1E4474,crel_b3e219d93e29
S265_CLAIM_EDGE_423B1BD713992F05BBAF,crel_8a0059602d0c
S265_CLAIM_EDGE_423F4E3EF712D433B849,crel_0e3292cb94fa
S265_CLAIM_EDGE_4249A80C498CB4FC8F1A,crel_1335fd462c0d
S265_CLAIM_EDGE_424BF1D9E1BBB7A4B7B4,crel_fadb1f346a58
S265_CLAIM_EDGE_426856AB90FD5552B933,crel_e8830bfba94b
S265_CLAIM_EDGE_428FA697F74F2C54CDF7,crel_6f16eb42308b
S265_CLAIM_EDGE_429E84EAE7CAB58805B1,crel_6781d5eb7eb7
S265_CLAIM_EDGE_429FEA7B50919268B4BD,crel_f2c5f4cbe9b1
S265_CLAIM_EDGE_42A77550CC60869F3D68,crel_ebbbecffe87e
S265_CLAIM_EDGE_42AA3635F4B404228AF1,crel_a549915a81c4
S265_CLAIM_EDGE_42AB8C49C6C63AB58B7A,crel_81e3e6f9c5f3
S265_CLAIM_EDGE_42AD8FB90F2BA2D6B5B7,crel_6eeb5c8d48a8
S265_CLAIM_EDGE_42AEAF0131AA3E076A8E,crel_0792b1917b5f
S265_CLAIM_EDGE_42B2715DE678FF65DE2E,crel_3edc72317ea0
S265_CLAIM_EDGE_42C87C1C4F57CA15881C,crel_7c3e2d9c0531
S265_CLAIM_EDGE_42DC4EB596E8CBE9988D,crel_6dbd1bb0bfc5
S265_CLAIM_EDGE_42F0325D8390B051CC06,crel_ea7cd179106d
S265_CLAIM_EDGE_43386E401919E600D639,crel_2cb6ca9159b4
S265_CLAIM_EDGE_4347BE03785267108D51,crel_743ccc04bb82
S265_CLAIM_EDGE_434E4FEECD698FA860F6,crel_29ace730b24c
S265_CLAIM_EDGE_434EFF1CFAD7AA5C97DC,crel_8b15ecfcc990
S265_CLAIM_EDGE_435B913C545A8CC21158,crel_3ab043a3d173
S265_CLAIM_EDGE_43976D398ECA4769E994,crel_6dd80b411adf
S265_CLAIM_EDGE_43A48D8D39E9D74E4ED2,crel_1ca1dfdbbfa7
S265_CLAIM_EDGE_43B003DB090A1D52E813,crel_b1968f133095
S265_CLAIM_EDGE_43C18D5CD506681714D7,crel_5e53391f1287
S265_CLAIM_EDGE_43C8CD844F46DD32BEFA,crel_209ce629a95e
S265_CLAIM_EDGE_44142F65058F57A19AB7,crel_610bd5fa8890
S265_CLAIM_EDGE_44229566CEBA179CAF14,crel_017a51c3d457
S265_CLAIM_EDGE_442314CD46DAB1B529D7,crel_31f9a99f92e8
S265_CLAIM_EDGE_44270F304D08E47F3431,crel_72f1075c5506
S265_CLAIM_EDGE_443CB59ED2BCFF6F2E7F,crel_ea0867b97bd0
S265_CLAIM_EDGE_4468EBD81AA2527AB7DC,crel_94beb3b30d2f
S265_CLAIM_EDGE_446C25CA9A2163523137,crel_80f7d44d5d9b
S265_CLAIM_EDGE_447266976F2954C53645,crel_94897ae30a09
S265_CLAIM_EDGE_447C0EFE0D22BF49FC2A,crel_361aac144ef1
S265_CLAIM_EDGE_44A7F7992ACFC12514E2,crel_fb64aa9d4f3e
S265_CLAIM_EDGE_44CF3576BC929B0F905A,crel_c817fc4d8380
S265_CLAIM_EDGE_44F2E418309455AB6223,crel_b34c2333a146
S265_CLAIM_EDGE_44FD1170D473B3E67095,crel_665872f42595
S265_CLAIM_EDGE_45058002A1339039E5CE,crel_67d0d61e2474
S265_CLAIM_EDGE_450870904F2500E55D3E,crel_fdaea078a971
S265_CLAIM_EDGE_450A2821512E9697ED46,crel_b51a72f107fb
S265_CLAIM_EDGE_450D4C1E510657062E0A,crel_8cd453f803b6
S265_CLAIM_EDGE_4516E9476518C216C3F5,crel_e36c4dd2f3e5
S265_CLAIM_EDGE_4532DFA7235C55CDB6E7,crel_9bd6d787ec8b
S265_CLAIM_EDGE_453BABF87801E2414036,crel_01d014d34a84
S265_CLAIM_EDGE_453ED941C3C8FE430085,crel_d5b1a483d4a2
S265_CLAIM_EDGE_4543E73AC8BADFEAB9C2,crel_e6a4a9bbe134
S265_CLAIM_EDGE_45467B6B3FA3A20FBA00,crel_7edd8d98084a
S265_CLAIM_EDGE_45485B6D7EAA57FE36B8,crel_2265d176c70f
S265_CLAIM_EDGE_455C9CDD0C43E9901F6B,crel_deda7f4ec3dc
S265_CLAIM_EDGE_457703BCBAB64606222A,crel_e005dbd4a493
S265_CLAIM_EDGE_458CD13FB1C7B530CA4F,crel_9cf39d9c09e4
S265_CLAIM_EDGE_458E6443D9FAA3450D64,crel_81dc684eb9d6
S265_CLAIM_EDGE_459ABCA8CC352FAA1275,crel_782fd4d593b2
S265_CLAIM_EDGE_45A7F647D35D778BD63D,crel_74812f20afce
S265_CLAIM_EDGE_45B9E7683D8FEB96A18E,crel_3442d16d335a
S265_CLAIM_EDGE_45CD462FCDB018C8F6D0,crel_2253457147aa
S265_CLAIM_EDGE_45EE7B09BAB495D1831D,crel_31f764964d5e
S265_CLAIM_EDGE_4605E8481F82467FF73A,crel_49c30b2eaf66
S265_CLAIM_EDGE_46097714C74FF5445C59,crel_5e451c41e1df
S265_CLAIM_EDGE_460BA166EF4C0D9FA2A4,crel_66659bfb6764
S265_CLAIM_EDGE_46119338546F30A83736,crel_d715a0353f7b
S265_CLAIM_EDGE_46317D217B928665DC0C,crel_e9485e703a75
S265_CLAIM_EDGE_46635EF26086CECE2354,crel_ca101c2bc1d5
S265_CLAIM_EDGE_46A301A90CFE7D95BFD5,crel_3c3e8be97b46
S265_CLAIM_EDGE_46A620AF41CC3FA94A29,crel_a76cca7ca71b
S265_CLAIM_EDGE_46CC20335FF6720AA872,crel_84cd4ebd4adc
S265_CLAIM_EDGE_46E1839584226209BC00,crel_2dbbe7779b92
S265_CLAIM_EDGE_47108868599C31C71801,crel_9def9dfe4ae6
S265_CLAIM_EDGE_473C9B83230F655F4D68,crel_8e7553b54d03
S265_CLAIM_EDGE_474B2EE130B7A8D66678,crel_206700e0084a
S265_CLAIM_EDGE_4754087137D9406400C5,crel_91e6d79b5b38
S265_CLAIM_EDGE_47568346C9A352D27DBD,crel_436979188097
S265_CLAIM_EDGE_4770D61E2037D97F1CDA,crel_cb6261cb1ac7
S265_CLAIM_EDGE_47759D7FF50A4CA4B9C7,crel_084ee3da0939
S265_CLAIM_EDGE_4788CBB809B17B887F04,crel_e1d64a66af77
S265_CLAIM_EDGE_4790DCA49BF0240BAFE3,crel_ae7843a13575
S265_CLAIM_EDGE_47977CA871691FDCB17D,crel_0773742dc702
S265_CLAIM_EDGE_47A43FD762B8DC3811E8,crel_8ee3d74446c8
S265_CLAIM_EDGE_47A6B1D0D96ED40FBC46,crel_cdce60139ddb
S265_CLAIM_EDGE_47AC129379F41B85BAA5,crel_05f93ee0edd7
S265_CLAIM_EDGE_47EBA1E751DD3CDA2BD1,crel_aac4ba07b1a2
S265_CLAIM_EDGE_47F6CEF47EC6A531E750,crel_91b8f858fbd5
S265_CLAIM_EDGE_47FA34399BB6D3FC6F05,crel_804df0188be2
S265_CLAIM_EDGE_4808E6F4025EFC549A24,crel_c1a49e4a7700
S265_CLAIM_EDGE_480B77773FFD804186B1,crel_aba3dd07685e
S265_CLAIM_EDGE_48122EC6D4D425D72639,crel_2ceaaa9801c3
S265_CLAIM_EDGE_481A79E1517EF53D57B4,crel_dbffebf3e844
S265_CLAIM_EDGE_483F2AC3812F94783B39,crel_980c12d311ac
S265_CLAIM_EDGE_4855D03557493F6197EB,crel_ab0110783a3a
S265_CLAIM_EDGE_485951F8E95F34128EB9,crel_8eaf1d3ca898
S265_CLAIM_EDGE_48608D84E72026ACEC94,crel_9d1322ab4984
S265_CLAIM_EDGE_487B5E4407AFE979C2E9,crel_72bc9e4f894d
S265_CLAIM_EDGE_48839D7386CE22031584,crel_2a06bc84cef8
S265_CLAIM_EDGE_48AFF4E7115F5C889110,crel_f62002e8201f
S265_CLAIM_EDGE_48AFFBEFA4091D9676A0,crel_8e3003f04bfa
S265_CLAIM_EDGE_48B327761030DB00563E,crel_ae5e4fd14aa1
S265_CLAIM_EDGE_48C7B08543FB6F258E50,crel_9613afc0239a
S265_CLAIM_EDGE_48F188254DBFC0E42ABC,crel_f30f755d21df
S265_CLAIM_EDGE_48F9C2731FD141C0CAFA,crel_05df156eeee4
S265_CLAIM_EDGE_4917886CED377DBFF7DF,crel_e434132971e7
S265_CLAIM_EDGE_493A504B99FF93E53A90,crel_7c8a46848f07
S265_CLAIM_EDGE_4966D8DF3A827352C3B0,crel_0405f18608ba
S265_CLAIM_EDGE_49B260C2575408AF862B,crel_ce4a36be655f
S265_CLAIM_EDGE_49C6C41DFBF78E7D0913,crel_c307723cdb6b
S265_CLAIM_EDGE_49ED1386944AA2590061,crel_64e8856dde46
S265_CLAIM_EDGE_4A0103FA86EE5200C89E,crel_9f0c73396c8d
S265_CLAIM_EDGE_4A020C2DDB9E98F08A5F,crel_d51b21860fa6
S265_CLAIM_EDGE_4A08605825EC976DD3F3,crel_9487747a346f
S265_CLAIM_EDGE_4A0D5D363EFDFA1526D4,crel_27f9a91e8d41
S265_CLAIM_EDGE_4A3E443F197D18B44DBB,crel_4a0a599c2ced
S265_CLAIM_EDGE_4A44887B88307803BB5B,crel_8298fb901f09
S265_CLAIM_EDGE_4A545FDC640BFB0DB7AE,crel_ac0a57cc67eb
S265_CLAIM_EDGE_4A6561192B22A80ED2AC,crel_c5d12b30b627
S265_CLAIM_EDGE_4A6CE5A34BB2770FB7DB,crel_b94884abc74c
S265_CLAIM_EDGE_4A71CF4690200461D1A7,crel_f47d2177d56b
S265_CLAIM_EDGE_4A8B33439972B43EE6D4,crel_45a52a99ccb2
S265_CLAIM_EDGE_4A961C3BA3C826DBB106,crel_08520649ae0b
S265_CLAIM_EDGE_4A9ABA97EDFBFDC30406,crel_d7f97be859de
S265_CLAIM_EDGE_4A9D8A9F7C188E98EF5E,crel_88cc90ba0ec6
S265_CLAIM_EDGE_4ABD2789D7F69D325F1A,crel_e7c974def2e2
S265_CLAIM_EDGE_4B011E225FCF7E67AD67,crel_f64d23f93de7
S265_CLAIM_EDGE_4B0D11590C08DCC1F51C,crel_0dd6dcddf5ec
S265_CLAIM_EDGE_4B1526CD3AC80BA2020F,crel_46c1947bf380
S265_CLAIM_EDGE_4B2CEBB9C33F6926EC1A,crel_ab93a7a00ed8
S265_CLAIM_EDGE_4B3052DEC09931E2E20D,crel_48f4fbf66ba7
S265_CLAIM_EDGE_4B35BC33754EA98BF3BD,crel_0c1f54574794
S265_CLAIM_EDGE_4B3ECBAAC91CEAA74148,crel_29781c5bf18c
S265_CLAIM_EDGE_4B401AD12CEB4D260016,crel_149de9d0422d
S265_CLAIM_EDGE_4B5FE206531A5229C550,crel_03dab69bca7b
S265_CLAIM_EDGE_4B602CF258D407D037DD,crel_ca8c6ccf1695
S265_CLAIM_EDGE_4B63F078C14DDA5B7219,crel_c10d13175209
S265_CLAIM_EDGE_4B83D7A0E838437E3948,crel_c9734bb1faa5
S265_CLAIM_EDGE_4B85CD868D45CF17CB4A,crel_d6c73a791819
S265_CLAIM_EDGE_4B8C2734425901F70E6E,crel_f776031905f1
S265_CLAIM_EDGE_4B8D89E1EDB16DAE666F,crel_d78d4e60573b
S265_CLAIM_EDGE_4B96D76ABCB4BD7B0CBB,crel_2362bd31a913
S265_CLAIM_EDGE_4BB7C0435F2D653F2887,crel_fbba954d00e2
S265_CLAIM_EDGE_4BC49CFB6C4A687453A2,crel_ead88fcd15dd
S265_CLAIM_EDGE_4BD24FFAFA39628DF9CC,crel_f41948b0aa94
S265_CLAIM_EDGE_4BD628CCA9B8EADD6C25,crel_744fd310baaf
S265_CLAIM_EDGE_4BDC4478783B92DD7CCC,crel_c6df6e66cc16
S265_CLAIM_EDGE_4BF23658FBBE3C29E9ED,crel_a53845f9d911
S265_CLAIM_EDGE_4BFA727309DBF22B18C6,crel_4d4d93e1de77
S265_CLAIM_EDGE_4C2F9EA02E66E418A9DA,crel_6f18ee52d3dd
S265_CLAIM_EDGE_4C32613BCC499620705E,crel_01f31819da7d
S265_CLAIM_EDGE_4C35358B0188CCC46B9F,crel_7485c9e2dcbb
S265_CLAIM_EDGE_4C47F8699C3695F8667E,crel_1daf445ddaa0
S265_CLAIM_EDGE_4C51EC553154E070BD3C,crel_08c8247037fa
S265_CLAIM_EDGE_4C55F66547B82DC6F512,crel_498ab72a4055
S265_CLAIM_EDGE_4C5E2AD4729969B7CBD1,crel_18eb6d28ba38
S265_CLAIM_EDGE_4C78891EB10571401016,crel_ab2ace2da15f
S265_CLAIM_EDGE_4C922E8A12AB94769C4B,crel_403e6b625de8
S265_CLAIM_EDGE_4C933475E621B0D47F73,crel_39fc0f1d3519
S265_CLAIM_EDGE_4CA61E21B89513FF3D59,crel_31412853756b
S265_CLAIM_EDGE_4CE1E6E73CE5DB11803A,crel_8b2f9e4ef7d6
S265_CLAIM_EDGE_4D04CC1A45435847D2DE,crel_d177219f0970
S265_CLAIM_EDGE_4D4F7FF287D97690EDE8,crel_66386f6ee1d5
S265_CLAIM_EDGE_4D7ED78D3A2BC0CA9268,crel_4ce69d14f497
S265_CLAIM_EDGE_4D8222941D14D41DF83F,crel_f5ce640c6af6
S265_CLAIM_EDGE_4D8780400CC539DFDD52,crel_e322018e30ee
S265_CLAIM_EDGE_4DB0FBE886367C278217,crel_ce08b3671c47
S265_CLAIM_EDGE_4DBF99BCDBDE517ED4F6,crel_d99ff255b09b
S265_CLAIM_EDGE_4DD5B6AD6B2FD3031A90,crel_690bbd3d5d08
S265_CLAIM_EDGE_4DE66C6C60931771E303,crel_47e25e02582d
S265_CLAIM_EDGE_4E146AFB7F3DD0B71A58,crel_b2241d55f003
S265_CLAIM_EDGE_4E20472723C315788CD1,crel_f7999937cad5
S265_CLAIM_EDGE_4E339BC10EAD85364C86,crel_a706e78a6fe8
S265_CLAIM_EDGE_4E37E7A9CE28FAAC97C8,crel_f6d48727fc0c
S265_CLAIM_EDGE_4E3FBF190BFAB42102FF,crel_291a4db02cf7
S265_CLAIM_EDGE_4E56D6D5980D6CA06FB3,crel_42f0bb630a5a
S265_CLAIM_EDGE_4E594B6395BEA6EDCE00,crel_2972724b201b
S265_CLAIM_EDGE_4E5F16CAD0A8D1DBF9A4,crel_a53fb21a187c
S265_CLAIM_EDGE_4E77BB594852E5B05620,crel_f7ff403d9c8c
S265_CLAIM_EDGE_4E79DD1DCD646751A845,crel_4fbe69b26252
S265_CLAIM_EDGE_4E9BFDA78752DC918D51,crel_fdbf2592d335
S265_CLAIM_EDGE_4EADB00F140D6B298D19,crel_2a4fa82339e1
S265_CLAIM_EDGE_4EBE13776BED4D31B5FE,crel_b7ceba4fdd50
S265_CLAIM_EDGE_4EDA29EC6FDD799CCA6F,crel_6f72de5e0796
S265_CLAIM_EDGE_4EE5361140344343BB0B,crel_e5d3ac2794ad
S265_CLAIM_EDGE_4EF57C9741AEE3A67FD7,crel_4796b86c8f89
S265_CLAIM_EDGE_4F24C8CCE407AB75F7DA,crel_876260e3c2a7
S265_CLAIM_EDGE_4F2C5E0278A27B34E214,crel_ab76525dfd34
S265_CLAIM_EDGE_4F3878F756965D07EF2F,crel_0c3dafd22ae6
S265_CLAIM_EDGE_4F3CA4561EFFEE6F2CCF,crel_22dc57c32d7d
S265_CLAIM_EDGE_4F3CE0FD527C9220A970,crel_55aff9d64c79
S265_CLAIM_EDGE_4F424493A174942585C1,crel_21d269092135
S265_CLAIM_EDGE_4F48EDD4469034FEAC1F,crel_5e7153175b47
S265_CLAIM_EDGE_4F6D32217DC2F4AA063D,crel_e1a862340d43
S265_CLAIM_EDGE_4FA0F5FFEEC976D29ECE,crel_078271c04339
S265_CLAIM_EDGE_4FBEEB860D1A4F651AAC,crel_04b88575b373
S265_CLAIM_EDGE_4FC18B130FD98E393819,crel_2f254a38d22a
S265_CLAIM_EDGE_4FC92BA2ADAB96D4411D,crel_c915d36fe129
S265_CLAIM_EDGE_4FD1E2C681D2DA3ED854,crel_1889a1532250
S265_CLAIM_EDGE_4FE38384FBDF75553F1A,crel_26a1d4fdce0c
S265_CLAIM_EDGE_4FFDE2F7FDEDF4CB75BF,crel_418dce5caba6
S265_CLAIM_EDGE_5003A54F1BA721D2A806,crel_6da632d016b3
S265_CLAIM_EDGE_5019E0579A4D7847AAC3,crel_88678f47676a
S265_CLAIM_EDGE_502647AADC69E13E71A0,crel_d2e5477a61a2
S265_CLAIM_EDGE_5049079B7D112F6EE872,crel_6e13020caa40
S265_CLAIM_EDGE_507FC29C0DE6C23036B6,crel_16ee430cb96c
S265_CLAIM_EDGE_50971A81C934789416F3,crel_8c330d39d794
S265_CLAIM_EDGE_50D2D9CE407A5A80A044,crel_ea926979cb9d
S265_CLAIM_EDGE_50DEEACA0692E0CCFCA1,crel_63e274e33e81
S265_CLAIM_EDGE_50EC6501A74EEF04F01A,crel_78a1e56b0b78
S265_CLAIM_EDGE_50F54A97E0CB193C9AC9,crel_3cdfda1f17a4
S265_CLAIM_EDGE_50FD95045439001353FB,crel_d95285e26a6f
S265_CLAIM_EDGE_5108E56CAAEF0A212E3C,crel_d2162e90b483
S265_CLAIM_EDGE_5111D4EDD5A90AE6B1C7,crel_4a64ae350e3e
S265_CLAIM_EDGE_511D7FEEC3E8C535A1EA,crel_d680c1202f09
S265_CLAIM_EDGE_51241A28222698351421,crel_3596f7e2ed20
S265_CLAIM_EDGE_515B771A8C1F18CD0B5D,crel_02739f7c9e0c
S265_CLAIM_EDGE_51776E0458E39D3A8DC3,crel_d9def3caa21f
S265_CLAIM_EDGE_5195BD4ACDFFE5F9024C,crel_8a6c1280f07f
S265_CLAIM_EDGE_51AE1855977E9ED69384,crel_9caecc45acd7
S265_CLAIM_EDGE_51AF4C78C729CE258843,crel_181844b44812
S265_CLAIM_EDGE_51DDDF5FE034FAB5C724,crel_10d73ea89a46
S265_CLAIM_EDGE_51F5F21D26976ED54940,crel_03bd752182a5
S265_CLAIM_EDGE_51FD91E6858C0AF09D08,crel_2ae3f44dcf5a
S265_CLAIM_EDGE_51FE01E5A2CC8EBB4CB5,crel_65768f04e60c
S265_CLAIM_EDGE_5209E66AEFA49FD23267,crel_cb684c0687f6
S265_CLAIM_EDGE_524F7599FAA1BE6113CC,crel_a804916dd909
S265_CLAIM_EDGE_52632724BB0E50D89A6B,crel_1177570a02cf
S265_CLAIM_EDGE_52662A508C140088A6ED,crel_c87455b2a15c
S265_CLAIM_EDGE_529257D715FF870A75A0,crel_39fe94f74550
S265_CLAIM_EDGE_5299EF7F7167F3B3A47E,crel_be6fea4755ac
S265_CLAIM_EDGE_52B0A4F1C18D287532E4,crel_70b5be37a9d6
S265_CLAIM_EDGE_52C62A9DABBEDB9BF9C3,crel_89c16e2069e4
S265_CLAIM_EDGE_52CAF88A5540CC5AF0AC,crel_46a56d573434
S265_CLAIM_EDGE_52D00B7C09D76E2CC702,crel_5e4dab4fb75b
S265_CLAIM_EDGE_52D5E9E3D0BB2733DAC5,crel_5ae5db52296f
S265_CLAIM_EDGE_52E007F6FFCFED0BF675,crel_afb3cb880253
S265_CLAIM_EDGE_52E7B423C8443AB028DC,crel_8ed416b5d4e0
S265_CLAIM_EDGE_52EC24C1D0765CA8525B,crel_966c40855acf
S265_CLAIM_EDGE_530621C9E2D1594588AC,crel_b963ce9acc75
S265_CLAIM_EDGE_5332AE67BBF41E41DB8F,crel_d4b2141ec061
S265_CLAIM_EDGE_535033E59DA423FF788A,crel_2726ac50d133
S265_CLAIM_EDGE_5358C1E538BD80BEDC55,crel_ee5bbbcbae34
S265_CLAIM_EDGE_535BD3DFAB07494CE1EB,crel_2b8ece6fcfec
S265_CLAIM_EDGE_537649727E2413A8A34F,crel_e1154fcd97aa
S265_CLAIM_EDGE_538925FA2C9EF24340D5,crel_a1dcb36cf801
S265_CLAIM_EDGE_538ED94AD7B14CA696FD,crel_9bdcec62c7cc
S265_CLAIM_EDGE_53B0208DD1215EDBB1F6,crel_89f184ace9ee
S265_CLAIM_EDGE_53B2B1752E6AD28787CB,crel_c7f1905d2b5c
S265_CLAIM_EDGE_53B58116AE6E31EFD2E3,crel_dcf6e1734e33
S265_CLAIM_EDGE_53BA0E107A8F9D2825A1,crel_8a66a0814258
S265_CLAIM_EDGE_53CB6D7DC3E784BE2CEE,crel_b4685c34c68e
S265_CLAIM_EDGE_53DA9A2047A1C03C4E0E,crel_92ba851d68e7
S265_CLAIM_EDGE_53ED1C80B6233A665860,crel_03173babdf49
S265_CLAIM_EDGE_53F6763106F48D06F3F2,crel_e7745d00e7ed
S265_CLAIM_EDGE_542942378F371C8B232C,crel_1e7c3ea88b65
S265_CLAIM_EDGE_542E48CAEED270CE7446,crel_1a7ca4040d41
S265_CLAIM_EDGE_5449C7F4A6172AEDEEEA,crel_f2e169ab8fa4
S265_CLAIM_EDGE_545A439C0C81A5028DB9,crel_b854397668f4
S265_CLAIM_EDGE_5466AE63E310C3C92B09,crel_d69b0fdce4ae
S265_CLAIM_EDGE_54699D0CB0798D164340,crel_5310613f86cf
S265_CLAIM_EDGE_547FF61AD624432BCF2C,crel_339c63536b0e
S265_CLAIM_EDGE_5486909541E00B2DC56D,crel_e24f44fa3af4
S265_CLAIM_EDGE_54BC2C62D231C246866E,crel_43aee19d7b62
S265_CLAIM_EDGE_54BCDE970F349E1630DE,crel_12fd67d0af58
S265_CLAIM_EDGE_54C1F0B15FC3790D994D,crel_69ac1ae58ac5
S265_CLAIM_EDGE_54C401D3817A3E2C7AD3,crel_87ad07cb1a97
S265_CLAIM_EDGE_54CA666CE6519DAE5A5D,crel_fcd23739dcd1
S265_CLAIM_EDGE_54D4149C3873BA49A24C,crel_5a2c6eb241e9
S265_CLAIM_EDGE_5510C537F40C00C78812,crel_c54c371424c4
S265_CLAIM_EDGE_5527C2FAEB73829BB6BB,crel_977ff41a9bd3
S265_CLAIM_EDGE_553445EDF8D7F433D359,crel_29bedaeec186
S265_CLAIM_EDGE_5535DEE20006E0FDFF6F,crel_2959d0069082
S265_CLAIM_EDGE_553BACC56C915DFF4B8B,crel_57948f96ffa5
S265_CLAIM_EDGE_554138A022D9D7F89E50,crel_8b8fc8fc4f2c
S265_CLAIM_EDGE_55443E80AE261893E2CD,crel_ac7d796ec296
S265_CLAIM_EDGE_5551C7F5462514421008,crel_054f89f62be7
S265_CLAIM_EDGE_55706C5068B1ACA564C3,crel_b681cd519f73
S265_CLAIM_EDGE_558908112CCC3135E519,crel_62b11cc161f7
S265_CLAIM_EDGE_55890ED14631B79D4352,crel_26f5cf933862
S265_CLAIM_EDGE_558985FE0AA2BCAD08BC,crel_30f645557321
S265_CLAIM_EDGE_55A9EA5FC32C321FD36C,crel_3c3221f8b212
S265_CLAIM_EDGE_55AA5A891B7A0AB3A844,crel_c9a3c79a5943
S265_CLAIM_EDGE_55AF2BA93BAAD36A9FAE,crel_d85c07f7b7bf
S265_CLAIM_EDGE_55B1BED24BBC0B2AF91E,crel_06d6bf04a2df
S265_CLAIM_EDGE_55D716784145DFE3D816,crel_0e4f0db4a41d
S265_CLAIM_EDGE_55D943AFA68A9F899C36,crel_cebb816cbb28
S265_CLAIM_EDGE_55DFEFC7A752B96C60EE,crel_9e328135dfa1
S265_CLAIM_EDGE_5600FBED892AC18BBEF7,crel_cfa217914a00
S265_CLAIM_EDGE_560D013D036303C8DE5B,crel_17191201a3d6
S265_CLAIM_EDGE_562B91C572C41E81FA20,crel_202917ee14d3
S265_CLAIM_EDGE_563F623499392D455000,crel_c1e19cef8282
S265_CLAIM_EDGE_56633B58FB3DF1F00972,crel_b7c95cf1e14c
S265_CLAIM_EDGE_56697E36AD758D19C36A,crel_1bc166ed9172
S265_CLAIM_EDGE_567819F9816AC171B4E1,crel_0341af959727
S265_CLAIM_EDGE_56783DABA1BF80351A10,crel_8e5e989e848b
S265_CLAIM_EDGE_567A499AE2EEDDE3A133,crel_e4fe7f5709cd
S265_CLAIM_EDGE_568CE694DA1D735577A2,crel_5899541676ad
S265_CLAIM_EDGE_568D9712AE37EAD51685,crel_14cb6e94a1f6
S265_CLAIM_EDGE_56961728694647B0FB4C,crel_4d9203044963
S265_CLAIM_EDGE_56A3C65DBE04C586A15E,crel_a675f773d5bd
S265_CLAIM_EDGE_56BEE57F7AF2E77D30F5,crel_c799a2267548
S265_CLAIM_EDGE_56C5BA367D01DED311E2,crel_a197b3de5a89
S265_CLAIM_EDGE_56C99A3697EDB922C6BF,crel_d6a8f76e1a10
S265_CLAIM_EDGE_56D1F375D1B95CB9F0EB,crel_13c2615f3e30
S265_CLAIM_EDGE_5712B639AE2B95D12389,crel_18175edb8aa5
S265_CLAIM_EDGE_5717FF2F3053F621E985,crel_fb4b40b063ca
S265_CLAIM_EDGE_571A3AE19BCBE8A0B04E,crel_6b9db46794ec
S265_CLAIM_EDGE_571DF07D79401852C4D0,crel_d0da2c61a3c2
S265_CLAIM_EDGE_573C817B16527FCEA781,crel_2711ee41b324
S265_CLAIM_EDGE_574E841FECE92263857E,crel_31e6635f259c
S265_CLAIM_EDGE_57526E6EC98B0775261E,crel_37fc8c6441b0
S265_CLAIM_EDGE_57642FC13370D8FAAE7E,crel_7243b772cfd4
S265_CLAIM_EDGE_57646048617959C51767,crel_fd48a1d044cb
S265_CLAIM_EDGE_57679A0A788192DF5931,crel_cf8e2a2d5f7d
S265_CLAIM_EDGE_576A7CA96FE72D3ABBEC,crel_37f65f7c6de4
S265_CLAIM_EDGE_5770107854B188960A38,crel_3322abf99d7e
S265_CLAIM_EDGE_5788AB407945D2379F46,crel_6f4dfad41976
S265_CLAIM_EDGE_5794CB615D06A7D4642B,crel_8ee26d69da9e
S265_CLAIM_EDGE_57D82AED551E79DCB14E,crel_cab77012b123
S265_CLAIM_EDGE_57DAA5415F38B974623E,crel_b6410a6f45fd
S265_CLAIM_EDGE_57EB891702BA8844C819,crel_9274aa31ad5b
S265_CLAIM_EDGE_57FB49C13C2762A77063,crel_c04d365d3fb8
S265_CLAIM_EDGE_581E0BF06F0E191D63FF,crel_15fde34ad3b6
S265_CLAIM_EDGE_581E3CC44656084F5F8A,crel_375b555c6785
S265_CLAIM_EDGE_5821EBE30483DC22DA38,crel_5621cc5bcc5e
S265_CLAIM_EDGE_5832A019C1B93038158C,crel_ddaaaaee7d1d
S265_CLAIM_EDGE_584334F844BCFB6D3099,crel_19a7dd24066d
S265_CLAIM_EDGE_585E131F02D04E4A262E,crel_98d3a32e60d1
S265_CLAIM_EDGE_586468AC7678C0AA376E,crel_04ef1bbdda3e
S265_CLAIM_EDGE_587C8FCE24E53A15C332,crel_bea3da7c3cf9
S265_CLAIM_EDGE_58807D8F2961FCCD1D02,crel_ec979b0ecf2f
S265_CLAIM_EDGE_58B935D01D51208F7607,crel_48093e8abe69
S265_CLAIM_EDGE_58C228E7C1ED3DB7F7B6,crel_6aafe9ea6fbc
S265_CLAIM_EDGE_58C58217C69AB96F4379,crel_762ae79f53ec
S265_CLAIM_EDGE_58C5A02867FFDCA8676E,crel_027311c98fca
S265_CLAIM_EDGE_58E18D261EE7FB3EE3EF,crel_772c6bc6109a
S265_CLAIM_EDGE_58EA510ACC386C261528,crel_d7df2a3af511
S265_CLAIM_EDGE_58EFDAFF25E7467DD8DC,crel_7ab7ae0a1efe
S265_CLAIM_EDGE_58F04724D2FC6054B250,crel_6f28148076bd
S265_CLAIM_EDGE_5918576A1C2E738D328B,crel_2fc4a2b6c3e5
S265_CLAIM_EDGE_591A67E3C8976E9DC5E9,crel_a323cc30e87a
S265_CLAIM_EDGE_592C7E8D763DA5C6F35C,crel_a0779748c8f2
S265_CLAIM_EDGE_5953B47EDC8C7EE0297A,crel_61fa2c62c1ba
S265_CLAIM_EDGE_596450AA14ED40D87604,crel_6f64b3ad57fc
S265_CLAIM_EDGE_596F4C77783EAF3D5A84,crel_e9b61b1da7d6
S265_CLAIM_EDGE_59811EEA19849F9EB1FC,crel_8c4aeb10744f
S265_CLAIM_EDGE_599E9EF1A19B5C25BBE6,crel_48953107cac7
S265_CLAIM_EDGE_59AB28DE2B1431C8AE1B,crel_beedfc392e34
S265_CLAIM_EDGE_59D33046E2A2FA6BD658,crel_977e355a3026
S265_CLAIM_EDGE_59FDDD0F2028A2F1B674,crel_21b70b87cb63
S265_CLAIM_EDGE_5A063A3C7A300B3444AC,crel_ae4b2a4c3657
S265_CLAIM_EDGE_5A1C71347CCFDF37683F,crel_2a09dc132a05
S265_CLAIM_EDGE_5A2E8F56672EB8944226,crel_5201e0b4b4a0
S265_CLAIM_EDGE_5A3206C3624540F39676,crel_4ff9e9d8029c
S265_CLAIM_EDGE_5A4F13214FA75301049F,crel_af3faaa35daa
S265_CLAIM_EDGE_5A55814F117D43470B3C,crel_2a0552258ffe
S265_CLAIM_EDGE_5A6FE29620060A47E276,crel_134af7b966c0
S265_CLAIM_EDGE_5A7FF964A61B42304A71,crel_cb14a09794fa
S265_CLAIM_EDGE_5A95D6DAFA347EFBDC3A,crel_62651ed005e0
S265_CLAIM_EDGE_5A9A44BB7782D197D51B,crel_8e97b3dca9ab
S265_CLAIM_EDGE_5AAF792394E393159B45,crel_39b86325b90a
S265_CLAIM_EDGE_5AB6D5EC67367BA605A4,crel_3d2323a26efd
S265_CLAIM_EDGE_5AC0439B4B2AA1D44733,crel_40bb71c46b5e
S265_CLAIM_EDGE_5AC29151C27C59BD37E5,crel_8afaaeb42864
S265_CLAIM_EDGE_5AC48EECD6235B98860D,crel_53c69028fb15
S265_CLAIM_EDGE_5AC9450DB3A1C4CC6F1C,crel_93ac04aa404c
S265_CLAIM_EDGE_5AC9911DD2AEFB039514,crel_46e9df811e91
S265_CLAIM_EDGE_5AC9D78957477814BC3C,crel_9dfaa6632d15
S265_CLAIM_EDGE_5AF2AAE9AA25355BDC1B,crel_32caf6f465d4
S265_CLAIM_EDGE_5AF572C517D34914064E,crel_e47321b4506c
S265_CLAIM_EDGE_5AF742959D63A24689B4,crel_be9ce822d923
S265_CLAIM_EDGE_5AFB16BA79D27883E531,crel_827b16eac79d
S265_CLAIM_EDGE_5AFF9A72F23802071A8E,crel_2d69568c05e6
S265_CLAIM_EDGE_5B07225A4B2EBDF166F0,crel_9a385701f14a
S265_CLAIM_EDGE_5B0E33C71431C9728960,crel_4991a6c356b1
S265_CLAIM_EDGE_5B2D20D414DCCDB3B496,crel_0d6b164574d9
S265_CLAIM_EDGE_5B356E64C450C113AA0C,crel_568cda2d816a
S265_CLAIM_EDGE_5B6E35B8AE32558238E7,crel_ba062c54299d
S265_CLAIM_EDGE_5B7949A9C381F5C75420,crel_f9a2ab8c32c3
S265_CLAIM_EDGE_5B8BABA39210102813F4,crel_e4056b4b1670
S265_CLAIM_EDGE_5BBBC31A4D319CE7FFD1,crel_0f809c62a1ec
S265_CLAIM_EDGE_5BC1FDF3F9CE873F3D4B,crel_3ce2500b0966
S265_CLAIM_EDGE_5BC3EF623EA6B442D363,crel_8dbbdbd7bc56
S265_CLAIM_EDGE_5BE4D5E56349A0D85E7E,crel_53c606ff2356
S265_CLAIM_EDGE_5C0F69A536AB8B086597,crel_b9c97010d685
S265_CLAIM_EDGE_5C2CD27FAE9C0C77E7DE,crel_338a59900b89
S265_CLAIM_EDGE_5C46702170D3F40778E1,crel_1aa32a05e6b4
S265_CLAIM_EDGE_5C4A73074B6126132BBB,crel_28e687899b60
S265_CLAIM_EDGE_5C5F69B7FEEB44CF0FF1,crel_cea41e1c174c
S265_CLAIM_EDGE_5C680A5B81FB19C30903,crel_46fc761685b8
S265_CLAIM_EDGE_5C68128B1A682D9A2A47,crel_74e35d1c0f51
S265_CLAIM_EDGE_5C6E99DB6C212F72A3CB,crel_b1da13e2164e
S265_CLAIM_EDGE_5C820010A6C67885B3E6,crel_ab939d0e9a0e
S265_CLAIM_EDGE_5C848885EEA4A2C5774A,crel_846f610b05d3
S265_CLAIM_EDGE_5C8EED1EF4613C030B0E,crel_3f05a5d4b48e
S265_CLAIM_EDGE_5C934A5B8175212EDB9F,crel_ee27465bc314
S265_CLAIM_EDGE_5C9A5B7EF6D3461F5F30,crel_4490916d975a
S265_CLAIM_EDGE_5CAC2CEAF45E3CB7F5E2,crel_0b8549c72674
S265_CLAIM_EDGE_5CB093A97C62692B55A1,crel_1d22babed2b7
S265_CLAIM_EDGE_5CCE0053488953E0150F,crel_52d0249ed3db
S265_CLAIM_EDGE_5CE9B8E729A4DD7D54F5,crel_5de59e4466c0
S265_CLAIM_EDGE_5CFAC52BBE82D91BFE18,crel_23791d28e8bd
S265_CLAIM_EDGE_5D0636F5FB603232F0E9,crel_b4fb55816af4
S265_CLAIM_EDGE_5D0A4C89E2F14D3B8D8C,crel_929267845bd6
S265_CLAIM_EDGE_5D1AD0E20571DB05E6C4,crel_c093aeec26f9
S265_CLAIM_EDGE_5D22468AE28D0687587B,crel_c88f87b2bd51
S265_CLAIM_EDGE_5D268EE2F7FCEB4769DC,crel_93df8b17ab22
S265_CLAIM_EDGE_5D2B56386E6E68F53749,crel_a6d5470b0a3e
S265_CLAIM_EDGE_5D32BC1D848FDFF2296D,crel_94db8164afaf
S265_CLAIM_EDGE_5D44F5553EE48B7B205A,crel_bdc0857717d1
S265_CLAIM_EDGE_5D4AAF36E5B3D523F3C7,crel_d3f649868f97
S265_CLAIM_EDGE_5D53594F61D9B1097FBB,crel_6417bbbb8b5f
S265_CLAIM_EDGE_5D7CEB255C43D71FA1C0,crel_536626d4ccfc
S265_CLAIM_EDGE_5D8A76D7809A31BC4EF7,crel_6bab70bea2d1
S265_CLAIM_EDGE_5D973BFEFD3E6D5DF19C,crel_078da1da3f44
S265_CLAIM_EDGE_5D9957B442FA42FF162F,crel_8fd1e64df7f5
S265_CLAIM_EDGE_5DAE0997878DB9E3CA83,crel_41d16336b770
S265_CLAIM_EDGE_5DAF700F2B63B976D987,crel_b9e25468090a
S265_CLAIM_EDGE_5DBDD3C5D9E2912A98EE,crel_5d287f48a8d7
S265_CLAIM_EDGE_5DC0195202E721B80DCC,crel_ad5552dbdb30
S265_CLAIM_EDGE_5DD4C7BB93F5B16B2DED,crel_e478f183525f
S265_CLAIM_EDGE_5DE131CC72DA25EC5E00,crel_65da7a8bf752
S265_CLAIM_EDGE_5E04E061B4042FB42DC1,crel_412f23f1873f
S265_CLAIM_EDGE_5E0F3D49CC4182C4F69E,crel_db42cfd96493
S265_CLAIM_EDGE_5E36A9DBA6334C363347,crel_ed9f7e451472
S265_CLAIM_EDGE_5E39C824A7266F93C462,crel_6dbe16fb15b2
S265_CLAIM_EDGE_5E3BA102CEC78AF8B8EF,crel_8c178c5a9a5d
S265_CLAIM_EDGE_5E57B0D64CD8E0FDF004,crel_537be8fd05f4
S265_CLAIM_EDGE_5E6258CC24E6299E1EE9,crel_c7f092df5da0
S265_CLAIM_EDGE_5E6F3FC8C215DD01330E,crel_7dbf4bca8b7d
S265_CLAIM_EDGE_5E83D0E715B8776CAAED,crel_aeef189cd697
S265_CLAIM_EDGE_5E92F5907CF80226DF8D,crel_878179ffcc87
S265_CLAIM_EDGE_5EA6B87D034A85C88F31,crel_a06bae6ec95a
S265_CLAIM_EDGE_5EAB71DA6BCD4BDFB95D,crel_d5b65d6665c6
S265_CLAIM_EDGE_5EB826246F64E10B1D61,crel_81af170f470c
S265_CLAIM_EDGE_5EC698CC3A8AB0666344,crel_641cfed3a997
S265_CLAIM_EDGE_5ED8B44C0751CAEB31F8,crel_c6654fdb8873
S265_CLAIM_EDGE_5EDA56ABF4CA01CFF352,crel_fc31fdd3061a
S265_CLAIM_EDGE_5EDB0FE2D17A7649B40A,crel_69fc3b68092c
S265_CLAIM_EDGE_5EE5D2ADAB1CB0FFEAFF,crel_923994c2bab8
S265_CLAIM_EDGE_5EF11B7ADEA99292C1C9,crel_1f952a0f9e94
S265_CLAIM_EDGE_5EF6B2FACBB9A1903260,crel_65bfc0b3aad1
S265_CLAIM_EDGE_5EFF3D2CB70C6E1954BA,crel_d106aed1f710
S265_CLAIM_EDGE_5F0917587226B04D4914,crel_3d5930897730
S265_CLAIM_EDGE_5F12F3040C176E916B8B,crel_95f86dcb2f30
S265_CLAIM_EDGE_5F13FC93AB2C260D094A,crel_c96ced8d4526
S265_CLAIM_EDGE_5F3F04DE45F51E8E2574,crel_edcc00a3ed54
S265_CLAIM_EDGE_5F49DEE9724404A05569,crel_453d46a10fd7
S265_CLAIM_EDGE_5F4EAFE878C8EFE45F3A,crel_ea7ed3eff8e5
S265_CLAIM_EDGE_5F6543F12957E92DA804,crel_823ee7072c5b
S265_CLAIM_EDGE_5F6AC4AFF6D88B8D5729,crel_9c124491a4db
S265_CLAIM_EDGE_5F7A5D925B5D4758812A,crel_c5c161ce96c8
S265_CLAIM_EDGE_5F8A273FB307C7412A44,crel_0499d2cbd1fc
S265_CLAIM_EDGE_5F8E493EB5AF75C17120,crel_3299947dc1aa
S265_CLAIM_EDGE_5F9988303FEF6928309D,crel_cb33d4344ba6
S265_CLAIM_EDGE_5FB11CAC867152BDCF0B,crel_12ffa4ba94b6
S265_CLAIM_EDGE_5FB12978680D53EA0F45,crel_32e9b200b75b
S265_CLAIM_EDGE_5FB1F875F7063EA567E2,crel_0931a42fc989
S265_CLAIM_EDGE_5FB3156EBE488B0C5BA7,crel_fa20a48bcb90
S265_CLAIM_EDGE_5FB32039FE0DCC038D2C,crel_b7c1ef43aec7
S265_CLAIM_EDGE_5FBD865B12E02BA1322B,crel_3f8505e9b4e2
S265_CLAIM_EDGE_5FDF8D1274D475A7C50A,crel_787495c3bc49
S265_CLAIM_EDGE_5FEF824740B97C34CD80,crel_96d6dae00171
S265_CLAIM_EDGE_5FFBF3A3F92C9B93524C,crel_9aaff1969d9e
S265_CLAIM_EDGE_5FFC6CF61C5694759CFD,crel_26cbb894832e
S265_CLAIM_EDGE_6017F862096397310153,crel_c0578793880a
S265_CLAIM_EDGE_6020EFF1BDCC851696E2,crel_694883f272ba
S265_CLAIM_EDGE_602611A63D7DFAE6FC97,crel_88541debc9a8
S265_CLAIM_EDGE_602A3200BB242A5BCDDE,crel_af3ab1caea40
S265_CLAIM_EDGE_602B2445CCDE226BA5B2,crel_0f831f179c77
S265_CLAIM_EDGE_603AADCF5F004A24E70E,crel_bed2b5961b6f
S265_CLAIM_EDGE_6054522FB490448834DA,crel_0a53e36bbe59
S265_CLAIM_EDGE_605E68523B7E96BF65CE,crel_1e83d5fa6905
S265_CLAIM_EDGE_60607BA2B32D6BD5C36D,crel_a00803bffd19
S265_CLAIM_EDGE_60627167737140853D27,crel_c7cdf4f545c7
S265_CLAIM_EDGE_6068823D88BF538CC351,crel_a41db7d582c8
S265_CLAIM_EDGE_60750DE90C94BFDA2BEA,crel_81ce53e4bf71
S265_CLAIM_EDGE_607746CAFFD96115D0D3,crel_ae3e1de1d3c3
S265_CLAIM_EDGE_608123731429BB3B979A,crel_b540c35d6ebc
S265_CLAIM_EDGE_6096BAEF217E3C16285A,crel_318d29fb2d97
S265_CLAIM_EDGE_60B5A9FEAEB869814CCE,crel_16d413340622
S265_CLAIM_EDGE_60D0C961EF1633F0DE9B,crel_d94e26eac644
S265_CLAIM_EDGE_60FB3C9EF74790F4D57C,crel_b53a0d72c344
S265_CLAIM_EDGE_610A388B58DC9F2E1ED8,crel_f47c4c015cc1
S265_CLAIM_EDGE_610C9F6B611F5AEA39CE,crel_849c2e06a686
S265_CLAIM_EDGE_613892040DCAD70991EF,crel_06e289649493
S265_CLAIM_EDGE_613B7ADA550F09501C39,crel_fbcf36caf645
S265_CLAIM_EDGE_615053BF15C8DC306ACC,crel_82be22ad48da
S265_CLAIM_EDGE_615ECF40935FD051CA52,crel_78c9c110018c
S265_CLAIM_EDGE_619568F59F74E6466D8D,crel_9c59c2f4b3c1
S265_CLAIM_EDGE_61B933EB47CC7CC2B5EF,crel_85eca44b5423
S265_CLAIM_EDGE_61C3C79F0C614DFBAA6C,crel_28edcc4d19bd
S265_CLAIM_EDGE_61D6222929E0510611DD,crel_4d2c1dce9acc
S265_CLAIM_EDGE_61D9CDC1C25CA0971014,crel_177d45dcd114
S265_CLAIM_EDGE_61DE7228BAFE2603370F,crel_5f1f588e82db
S265_CLAIM_EDGE_61E968D3F72B213BA061,crel_fa4fa6577a3f
S265_CLAIM_EDGE_61FB718910F4E6A3F6DD,crel_f12bf020ef44
S265_CLAIM_EDGE_620DC1266E2788745193,crel_5fcb0be26316
S265_CLAIM_EDGE_621D87303082113042C1,crel_056774234258
S265_CLAIM_EDGE_62209E00E98FA9818A99,crel_00c2597b77e7
S265_CLAIM_EDGE_622100C6629E630BD9C3,crel_7fac1d888fe7
S265_CLAIM_EDGE_62276B5946A3CFC13F4F,crel_80935cbad227
S265_CLAIM_EDGE_622ED9EFB2717FC20F89,crel_0324e843bf0f
S265_CLAIM_EDGE_622F4EC9CFB188812668,crel_98e856d6e407
S265_CLAIM_EDGE_623DD1FC942D94AC47DF,crel_df96ab03ae1e
S265_CLAIM_EDGE_62475C9FB08A6F1CD625,crel_476eba9f8656
S265_CLAIM_EDGE_6258BC30337CDA360C3C,crel_8f52f7bd37a2
S265_CLAIM_EDGE_625B755C1AE0DC016E14,crel_7743fed91ece
S265_CLAIM_EDGE_6266A3574F12B5FE7B2C,crel_1aadc480e0e4
S265_CLAIM_EDGE_6269173E728038BFFEB1,crel_75e150de687b
S265_CLAIM_EDGE_627D2900BB0C3D436EF7,crel_373686fa869f
S265_CLAIM_EDGE_629499514BF0AEB84EF4,crel_8487c9ae5cc2
S265_CLAIM_EDGE_62A4A0C7D8F594A12228,crel_f8b2b3abdf27
S265_CLAIM_EDGE_62B0D27583D23600CBBA,crel_376316591c2e
S265_CLAIM_EDGE_62B52E2051229EA7BCC1,crel_0226c24a5969
S265_CLAIM_EDGE_62BB655119C6C2DA453E,crel_dd46dee6618f
S265_CLAIM_EDGE_62BB6839E995A7C80703,crel_199362bd1325
S265_CLAIM_EDGE_62DCC849B682A0641AB2,crel_c9cfc5396e27
S265_CLAIM_EDGE_62F015165FC1C77B9BE5,crel_a4d6fc725d68
S265_CLAIM_EDGE_62F2D504C7665377FDA4,crel_ae425dc790bb
S265_CLAIM_EDGE_62FC3090832CD0266DDB,crel_3a282066ca22
S265_CLAIM_EDGE_63204E742A6DA0222A72,crel_0e8301c64546
S265_CLAIM_EDGE_63319B19757BDCC6898D,crel_1662435c2d29
S265_CLAIM_EDGE_6363726415131775F7EC,crel_631e222e383d
S265_CLAIM_EDGE_636807961A85A203C8A7,crel_a74bddbdffc2
S265_CLAIM_EDGE_63745C06B30F96406122,crel_70f4a2c2d361
S265_CLAIM_EDGE_63798EC4047EBD5D49E5,crel_35ab6661b8c7
S265_CLAIM_EDGE_63A7A525F618D80FEC09,crel_1b4bb17dbca8
S265_CLAIM_EDGE_63AB1B230B08A1737FB9,crel_067296416836
S265_CLAIM_EDGE_63BCE474E721000EFF04,crel_c75da1de9a45
S265_CLAIM_EDGE_63C501AFDC75277A2F81,crel_58141269a184
S265_CLAIM_EDGE_63EB0C1E0024B3CAA41A,crel_767e229dcc01
S265_CLAIM_EDGE_640237F6A31DCD290225,crel_4c77aa34e7c9
S265_CLAIM_EDGE_640AA36A9E12D2C3F989,crel_24f83f95fb1b
S265_CLAIM_EDGE_640E5564F35E05B31EE1,crel_2cc529127cda
S265_CLAIM_EDGE_642E077B4F7F7D08A5D5,crel_48a837a9524c
S265_CLAIM_EDGE_643D5DE65B1116921C94,crel_8b62677d3c85
S265_CLAIM_EDGE_64501E76B1751697F2E3,crel_eaad2f12c908
S265_CLAIM_EDGE_647040DC003CDDBF57E3,crel_205a51aa4c07
S265_CLAIM_EDGE_6470BA8A5F70D7E483B4,crel_2e9ca1da0417
S265_CLAIM_EDGE_64720DB6F284725F0B60,crel_326caaa1cc66
S265_CLAIM_EDGE_64A8330DC4DFF0E226AB,crel_9298d3232b28
S265_CLAIM_EDGE_64B71739E54753BF38A4,crel_195efcaf8e84
S265_CLAIM_EDGE_64D3A53296A38FE47255,crel_679d2d9c4bcd
S265_CLAIM_EDGE_64DBFD379F7202BE83CC,crel_4abc85a1e403
S265_CLAIM_EDGE_64EF76768868E94CDB61,crel_4b39be5a66f7
S265_CLAIM_EDGE_650D20EFD4F9721906DA,crel_73d9e457662d
S265_CLAIM_EDGE_6512537292B236149A9F,crel_4eedf26189ed
S265_CLAIM_EDGE_651595D3C278E74A5533,crel_595deb4ec611
S265_CLAIM_EDGE_6518CDCB6652902CA518,crel_edcbff25bd07
S265_CLAIM_EDGE_652D71A03BF16ACF6B39,crel_9677e1d9b456
S265_CLAIM_EDGE_6537B3D201FCC3930708,crel_8a921b66611c
S265_CLAIM_EDGE_654E8496A40079659684,crel_b618812ea4d5
S265_CLAIM_EDGE_6561F82F38D864989781,crel_d8f5a7ef74e5
S265_CLAIM_EDGE_658139670A3EA7A1DDD5,crel_499e7a5b3996
S265_CLAIM_EDGE_65A2F1BFAF3D394812E7,crel_afd39cc34576
S265_CLAIM_EDGE_65B13861F4F1C299EA23,crel_94bede0780fe
S265_CLAIM_EDGE_65C15CC7A2B062E1B810,crel_97d53d23358b
S265_CLAIM_EDGE_65CF392E3994F0F9F5A8,crel_668e30bf80ca
S265_CLAIM_EDGE_65DE75F542CCBEA5924C,crel_69f9cdc56690
S265_CLAIM_EDGE_65F80CE0A1E0D5FAA11C,crel_2310109a596e
S265_CLAIM_EDGE_6600C2815DF8F04C4682,crel_cd11cc9a1482
S265_CLAIM_EDGE_66186CFB790B57B081D7,crel_0fc8c53b33e9
S265_CLAIM_EDGE_663AFC781927D20292B3,crel_9819ba0d883d
S265_CLAIM_EDGE_6647A5A50F0731B3F756,crel_0e07f0b20d35
S265_CLAIM_EDGE_6650067B5BCC918CB56F,crel_94eb488888c6
S265_CLAIM_EDGE_6657BF70CBCA15585A6E,crel_4a48cd70c6af
S265_CLAIM_EDGE_665E48E0C6A37A5F2743,crel_572f272bf5ad
S265_CLAIM_EDGE_666EA83D9388F79B5D03,crel_b4fceebc22c4
S265_CLAIM_EDGE_6691E88CAA56FABF1D59,crel_52c126c629cf
S265_CLAIM_EDGE_66A6DB42916094D2EF43,crel_9620fa240d25
S265_CLAIM_EDGE_66B008DAB682BB551C3A,crel_414ecebfa0f1
S265_CLAIM_EDGE_66B2015ADE35FA6D8536,crel_5b245d32d356
S265_CLAIM_EDGE_66B5CAF54C330C7475AF,crel_38d31790b29f
S265_CLAIM_EDGE_66CDB81C7C8BD047F700,crel_e5e15687995e
S265_CLAIM_EDGE_66F569EA5CD151930546,crel_8044aea74c60
S265_CLAIM_EDGE_67164CBCDD4A124EA7EA,crel_c6cefba7a4ea
S265_CLAIM_EDGE_6718BD0CDD358EDA19B5,crel_63adb8789a9f
S265_CLAIM_EDGE_671D9699A0CA09034895,crel_cd23cfcd3be6
S265_CLAIM_EDGE_67277AB4562A680D26AC,crel_e9a3c60f00b1
S265_CLAIM_EDGE_672D40B12B3B8825E764,crel_4031182fa7d6
S265_CLAIM_EDGE_6733B794A565F38E26CA,crel_7da8cfb6aa54
S265_CLAIM_EDGE_673EBE89E82EEDAAB162,crel_c259c68b0928
S265_CLAIM_EDGE_67403EC70EC9554EF15C,crel_edcdc61d9421
S265_CLAIM_EDGE_676C50F599B6709615F0,crel_61478f52b23d
S265_CLAIM_EDGE_67771EF270497C6A3FB1,crel_8cdb63c39682
S265_CLAIM_EDGE_679004E8144E9DC3CD67,crel_ab62232a44f5
S265_CLAIM_EDGE_6793208A10BAAF4DEB22,crel_f76d8a26f96d
S265_CLAIM_EDGE_6797543F7E262A9839EE,crel_fc4d66e61afd
S265_CLAIM_EDGE_67BAD80E9A6A9EFAA09E,crel_2ff9e2a57e2b
S265_CLAIM_EDGE_67F26391649732B8917C,crel_45a7817d702c
S265_CLAIM_EDGE_67F929CF922F84409C9D,crel_a6353c9f285c
S265_CLAIM_EDGE_67FE6F8D55DA6F025217,crel_09bb8533d040
S265_CLAIM_EDGE_680A18807E86DE6B23DD,crel_28448a529a64
S265_CLAIM_EDGE_6813B520435951E767AD,crel_c15ad42bc0d6
S265_CLAIM_EDGE_6813E635853A899548C7,crel_26d5f3f56c79
S265_CLAIM_EDGE_683E3F2DBDD160370FF4,crel_439035029ffb
S265_CLAIM_EDGE_68507BF280F521DF5A88,crel_c23d7085b4c2
S265_CLAIM_EDGE_686BCF43AE11EBDFE9CE,crel_a59fc2c109e1
S265_CLAIM_EDGE_6870D9079B13F1D53934,crel_b580b50ce4f6
S265_CLAIM_EDGE_68746D62E508791FE766,crel_4ee11038a568
S265_CLAIM_EDGE_6875FA84B3AEB66B0E54,crel_a97af7a1e68f
S265_CLAIM_EDGE_6880061F81A67D1DEA4F,crel_7d45adff501f
S265_CLAIM_EDGE_68802623994C61641FDA,crel_9b5bd2af3884
S265_CLAIM_EDGE_68910DB0A6B7E6BB3984,crel_f10897c5480c
S265_CLAIM_EDGE_68ACF6BF2C9BD92FECE1,crel_227f65d329a2
S265_CLAIM_EDGE_68B7661F1CDA96439524,crel_c5043a31eed2
S265_CLAIM_EDGE_68C48B5BF240C498C74B,crel_4d52b7176495
S265_CLAIM_EDGE_68CFAE8643B3F0CF149E,crel_3c4f90accfb4
S265_CLAIM_EDGE_68E5EF1310321A819632,crel_15186862be06
S265_CLAIM_EDGE_6900849F321090524604,crel_b6471954455f
S265_CLAIM_EDGE_693920A26A34B7D4BC23,crel_b6a46d1f5dd3
S265_CLAIM_EDGE_69526FA384A575ACE247,crel_4d973bdb83ee
S265_CLAIM_EDGE_697E2327780FFADB42A4,crel_fa9477448792
S265_CLAIM_EDGE_6995065ACC4AB6837827,crel_7bc89ccc615d
S265_CLAIM_EDGE_69ABF50DFA8D20F3DE84,crel_25649f400a2b
S265_CLAIM_EDGE_69B182C21014C53A3BD6,crel_6bb7ffa3b9e4
S265_CLAIM_EDGE_69BE0487B817E3F3C8DC,crel_4cda86ebfc14
S265_CLAIM_EDGE_69C06C9D5B4E4584207B,crel_ff53976b413a
S265_CLAIM_EDGE_69C25484EB175F1382DB,crel_4631901903f0
S265_CLAIM_EDGE_69C406EEEAA3F428F87B,crel_5b154b8be2ef
S265_CLAIM_EDGE_69C5A2683CE173351735,crel_e8152397e835
S265_CLAIM_EDGE_69CA9DBCC44347AAE07F,crel_918c918997ef
S265_CLAIM_EDGE_69D2E13953995B360E84,crel_8bb65c23d809
S265_CLAIM_EDGE_69D342FD3930C635947C,crel_ce84bb075388
S265_CLAIM_EDGE_69DB846FF739A57C6F33,crel_879ce971dd21
S265_CLAIM_EDGE_69DC7A9FA61F6AF630BB,crel_44b9db102822
S265_CLAIM_EDGE_69F0E329E8AC4686FA9F,crel_3172c5102be8
S265_CLAIM_EDGE_69F17DCC3EF2040F666B,crel_9bda9f893118
S265_CLAIM_EDGE_69F42C13779494AB72E8,crel_4657bd50a65a
S265_CLAIM_EDGE_6A14F000EFC3FF6A92ED,crel_09c72b0c1f45
S265_CLAIM_EDGE_6A3A944A239B01C40207,crel_73a644b799eb
S265_CLAIM_EDGE_6A3D73E920FDA79299F1,crel_e01546fc00ec
S265_CLAIM_EDGE_6A439113C685A3417739,crel_ffaa5acc5d70
S265_CLAIM_EDGE_6A646F9D267A1DF1325F,crel_7a2e48c9fc14
S265_CLAIM_EDGE_6A6C50A975E637C0962D,crel_1c31a9a02ff1
S265_CLAIM_EDGE_6A6FDBF3C9389BC8E869,crel_ae97e4e160fb
S265_CLAIM_EDGE_6A8DB38DD33989539446,crel_e7023964a3b9
S265_CLAIM_EDGE_6AA131EF95203D28511B,crel_54cfbefb3a4c
S265_CLAIM_EDGE_6AB95E1175B291765901,crel_9b9f4f588cce
S265_CLAIM_EDGE_6AC22AEF8A7D5CDC4E73,crel_f0ade6f14306
S265_CLAIM_EDGE_6AD17B672FD0750E4407,crel_3aed073ec309
S265_CLAIM_EDGE_6AECFCE26CD82F161535,crel_67c03645c6a6
S265_CLAIM_EDGE_6AF24191C8FC6B996ABC,crel_7e1579f700b8
S265_CLAIM_EDGE_6B0CD0D4BB9E02F4B78F,crel_30e6fa753e21
S265_CLAIM_EDGE_6B14B6CDC93C2CB4E6D5,crel_84edd7c4a582
S265_CLAIM_EDGE_6B1555EFD23F0BE4B104,crel_95966dd69c60
S265_CLAIM_EDGE_6B1746D86F411B175330,crel_59725e6ca0af
S265_CLAIM_EDGE_6B25D58C5A0CB8E659A5,crel_246a436c50aa
S265_CLAIM_EDGE_6B2D3F22BBA56FDB8EF2,crel_387fd59e6928
S265_CLAIM_EDGE_6B32FB65B0905EA10C36,crel_071ec3a9f85e
S265_CLAIM_EDGE_6B3C9746AA181AF13263,crel_84254ece2d8d
S265_CLAIM_EDGE_6B419792473CDB9D8AEF,crel_93ef359c8f1c
S265_CLAIM_EDGE_6B6631783AFDB4533113,crel_7a464b125040
S265_CLAIM_EDGE_6B683AE864B98514D936,crel_3393817e7901
S265_CLAIM_EDGE_6B69B96E55AC44D15E50,crel_d662a1bbc30a
S265_CLAIM_EDGE_6B69F61DE399DC9F5AD1,crel_d11a1d4c562a
S265_CLAIM_EDGE_6B7D51CCF59BD500BBD5,crel_cffaccfaf86e
S265_CLAIM_EDGE_6B8774705A4B8396A022,crel_dec7e8be9fe5
S265_CLAIM_EDGE_6B98B6A200F58D838208,crel_34134297d635
S265_CLAIM_EDGE_6BA82CB28560A2AEEF64,crel_465cbe74bed6
S265_CLAIM_EDGE_6BD529AB98191A4D4A8E,crel_aa1626ace665
S265_CLAIM_EDGE_6BEE241408B4FDE265B6,crel_004472ebf089
S265_CLAIM_EDGE_6BF6B24C959EE5FF8A86,crel_6d15f8b01728
S265_CLAIM_EDGE_6BFE1DC2574EC3BECB90,crel_cc682a87f3e9
S265_CLAIM_EDGE_6C275019E534A01EA417,crel_0d5ea4831bb0
S265_CLAIM_EDGE_6C3430E1641469DC7861,crel_1054585e0ba6
S265_CLAIM_EDGE_6C462B8FD2BB8790D58E,crel_93eef645e4cc
S265_CLAIM_EDGE_6C82D572E7C06BC5BB58,crel_c90dcbd20262
S265_CLAIM_EDGE_6C8EC72E5292EE4C6839,crel_bed0b4ffb952
S265_CLAIM_EDGE_6C8F8C46B8CA831D4A0C,crel_581fe86bf6b6
S265_CLAIM_EDGE_6C906E7D23A6D3A46C28,crel_79a7d61144dd
S265_CLAIM_EDGE_6C95AD9CFB0F6748A74E,crel_8bfab416ef25
S265_CLAIM_EDGE_6CBD97033126A32B9058,crel_0516e355bc85
S265_CLAIM_EDGE_6CD9CC438D0D4108944F,crel_05ffeb4001b0
S265_CLAIM_EDGE_6CDBB463124179289C3A,crel_051858bcdd75
S265_CLAIM_EDGE_6CE36FAF25F461E6D9B8,crel_38d4862c6583
S265_CLAIM_EDGE_6CEA2D44685D8A9D4462,crel_bbda35efef42
S265_CLAIM_EDGE_6CF234A9D903A1A3B66A,crel_65517a838524
S265_CLAIM_EDGE_6D02D8FDC234EBC93477,crel_524d12379189
S265_CLAIM_EDGE_6D1FFB14E8CB750E4237,crel_cafafe28d80a
S265_CLAIM_EDGE_6D299019EE1E14FF0ABF,crel_248163b08997
S265_CLAIM_EDGE_6D36D896FB727AFBBA6C,crel_5cd925dc4dff
S265_CLAIM_EDGE_6D6B299B9BD92365CF5A,crel_c0709da618b8
S265_CLAIM_EDGE_6D6C0485AC6DC4480EA2,crel_5db0f6194928
S265_CLAIM_EDGE_6D774F8A5E0A48455FAF,crel_3004165a02be
S265_CLAIM_EDGE_6D78B52048CFC86D5637,crel_39448154beba
S265_CLAIM_EDGE_6D825A47028A79C2663D,crel_85d1cefa2648
S265_CLAIM_EDGE_6D832B1033F53DD3F52E,crel_e2a9365d940f
S265_CLAIM_EDGE_6D835E5EF3985D8CE0E3,crel_f442d339241f
S265_CLAIM_EDGE_6D870E05445C86E87CAD,crel_d90632e267ae
S265_CLAIM_EDGE_6DBDCC7035356828B3B1,crel_8c4cbbf2f8de
S265_CLAIM_EDGE_6DC07E79DA56F689DA57,crel_9a92b7166643
S265_CLAIM_EDGE_6DCD84F655FD14533489,crel_defc079d5c7f
S265_CLAIM_EDGE_6DD48711D959BF4B211F,crel_bec8fb072be1
S265_CLAIM_EDGE_6DD92F3346C0573584AA,crel_5d6362010e7b
S265_CLAIM_EDGE_6DE7569197F37445BDA3,crel_be84935aff66
S265_CLAIM_EDGE_6DF48E36B330694BC230,crel_8cd903d49064
S265_CLAIM_EDGE_6E0C186055FBD9F80E86,crel_2dc42d9e8129
S265_CLAIM_EDGE_6E0EA6D23AAF5F38E75B,crel_bb641339e44c
S265_CLAIM_EDGE_6E11C95F1C3045CA7A32,crel_b2cbd6fb0f88
S265_CLAIM_EDGE_6E271E8B4D7A20DEAFCE,crel_43263351483c
S265_CLAIM_EDGE_6E2797A876D8BE2A7D97,crel_40c55369880b
S265_CLAIM_EDGE_6E2F8FA36E3F27478AC9,crel_2f3c08f89604
S265_CLAIM_EDGE_6E3B2ADCC5705363DD74,crel_c14839f10789
S265_CLAIM_EDGE_6E449F7A74C1EB1BB123,crel_fd7e8cff31ec
S265_CLAIM_EDGE_6E4859009201D04AAA5F,crel_fd7fb032dc0e
S265_CLAIM_EDGE_6E4E988694BA263C9D77,crel_32b2cdfecbd1
S265_CLAIM_EDGE_6E5377420B9CAF75F62E,crel_556d3c909b87
S265_CLAIM_EDGE_6E5BC63194103EAFB17C,crel_df999d03c961
S265_CLAIM_EDGE_6E6420518A8AB7E6513D,crel_1f8b2d62e5d0
S265_CLAIM_EDGE_6E6EB7370A7F7EE53C30,crel_e7b411d972d1
S265_CLAIM_EDGE_6E79061F6064C6123FAC,crel_85bf90777ce0
S265_CLAIM_EDGE_6E8A59E52C67F0DE1A27,crel_a42e1a0fdf2f
S265_CLAIM_EDGE_6E8C06352F748E63B613,crel_d7d787d86d46
S265_CLAIM_EDGE_6E95EDEB53F4A39BD502,crel_d55e7be02f03
S265_CLAIM_EDGE_6EA2199C1839A7A44D38,crel_6b8db2cb7bc5
S265_CLAIM_EDGE_6EA83A5C4C9CDA7BFA3C,crel_9b095959104b
S265_CLAIM_EDGE_6EAC7AD36B48A7543B27,crel_27a524b2b4f5
S265_CLAIM_EDGE_6EB4579C488649FD877E,crel_d3410a4a2b35
S265_CLAIM_EDGE_6EB47136074C164D695A,crel_e67a457974d2
S265_CLAIM_EDGE_6EC3383B22D79FA99132,crel_e9cb63ec30d9
S265_CLAIM_EDGE_6EDCD41663795ABAADD7,crel_ebf79748891d
S265_CLAIM_EDGE_6EF28B7F2A141983EF0F,crel_ecf8c348b4bb
S265_CLAIM_EDGE_6F04B4D8641FEA8F248D,crel_2de501272b7d
S265_CLAIM_EDGE_6F057A8E76EEBFD4ED22,crel_0b0e8f3dde78
S265_CLAIM_EDGE_6F0CA643E055E445E25D,crel_25cb7bbe5406
S265_CLAIM_EDGE_6F17B1B9C64C8465A011,crel_d653098d732b
S265_CLAIM_EDGE_6F3DF22AF433532C68C8,crel_54c8fef80074
S265_CLAIM_EDGE_6F46F41C9D4C0CFBAF96,crel_21113b1b1591
S265_CLAIM_EDGE_6F4B709E511AC1B8719A,crel_94e9c1c9d6dc
S265_CLAIM_EDGE_6F5BAA8AC482F222578F,crel_fc1e0e7615f5
S265_CLAIM_EDGE_6F64B91FDF93C29C6CD6,crel_7fb11865b252
S265_CLAIM_EDGE_6F6F21D7C4904703769C,crel_f301b6e425da
S265_CLAIM_EDGE_6F73E6484771B727DF53,crel_33c3d0f39ec0
S265_CLAIM_EDGE_6F89067C8C9398D58439,crel_72394f1134cb
S265_CLAIM_EDGE_6FB6A56F7590179E6AFC,crel_ddda1e744f2e
S265_CLAIM_EDGE_6FB896BAF5D1DCAB7499,crel_1a14b8fe533f
S265_CLAIM_EDGE_6FBCD9EC2ED0092DC947,crel_b58d8a6a6fda
S265_CLAIM_EDGE_6FD88ECD98C35E6F6DBE,crel_62e18c66a871
S265_CLAIM_EDGE_6FDCCBFB89716C913D25,crel_273ab77be505
S265_CLAIM_EDGE_6FEBD52332BCF7121BBC,crel_eedd207c6704
S265_CLAIM_EDGE_6FECCE798D0A75B2F7EC,crel_7bafa29baa22
S265_CLAIM_EDGE_6FF6607E493E7038581F,crel_c2003df515d6
S265_CLAIM_EDGE_6FFC4DC5BC991845B4DD,crel_8a8a6d830199
S265_CLAIM_EDGE_7000D7FB31A2A1BE0BE2,crel_6151ece4af11
S265_CLAIM_EDGE_7007DC0A1AD361880622,crel_13aaeb6815f0
S265_CLAIM_EDGE_70131AC1DEB1E4105D8E,crel_a947ef520bb2
S265_CLAIM_EDGE_701CD8FA107C1CD7EC0B,crel_33e11c07ed6a
S265_CLAIM_EDGE_703A842B1C041F071134,crel_e7526d490896
S265_CLAIM_EDGE_704545B50BF6EC348A01,crel_4e1ea3dd9931
S265_CLAIM_EDGE_704FACA3FF34669A52E4,crel_bf09de21e715
S265_CLAIM_EDGE_7059D66D347DA2A64EA8,crel_6afdfd72dd47
S265_CLAIM_EDGE_707F76935817552C48F6,crel_422a5ab917c4
S265_CLAIM_EDGE_70A3BC422B7F747410CD,crel_9a76980f8d7b
S265_CLAIM_EDGE_70AB789BDFE62DA04D29,crel_f3e4220a71bc
S265_CLAIM_EDGE_70BDE5163D36C0EF26CE,crel_34e222bd98cb
S265_CLAIM_EDGE_70BE8444F2B5F4BEF821,crel_11412e576052
S265_CLAIM_EDGE_70D91F31F3FE47EEFE9C,crel_9b2ade44100e
S265_CLAIM_EDGE_70DAA5E1DDFE85D38CCC,crel_39c9d9abc102
S265_CLAIM_EDGE_711AEDAC0C74C4533A74,crel_9254e5841e1e
S265_CLAIM_EDGE_711D7B1CAC76EAF8A8B6,crel_73574f9b7395
S265_CLAIM_EDGE_711EA05161E00AD145BB,crel_d677d73c188b
S265_CLAIM_EDGE_713B084950D4742C8083,crel_a23ef978e6cf
S265_CLAIM_EDGE_71574DF8F6B5B3F674BD,crel_a6b3fe30dd79
S265_CLAIM_EDGE_716DD86BB230CF8B888F,crel_d83d2b17af9d
S265_CLAIM_EDGE_716DF872CE7D8F51B273,crel_0f56ac7464f4
S265_CLAIM_EDGE_7199A5656A1945CA3E7A,crel_c4448468b9dc
S265_CLAIM_EDGE_71A03F7711E0FD201198,crel_80379f145d1e
S265_CLAIM_EDGE_71A600F2A629648D200C,crel_47c80e2b506c
S265_CLAIM_EDGE_71B0FF1F5A706F3595BB,crel_4d9d73947f08
S265_CLAIM_EDGE_71B124FB5D28E861781D,crel_629c200a97d7
S265_CLAIM_EDGE_71B5BA9D658E7ED246EC,crel_4f3213080bad
S265_CLAIM_EDGE_71BC3D5D6227FA6CE2B8,crel_461654b76980
S265_CLAIM_EDGE_71D95881C0E4E45302C8,crel_005f013d158c
S265_CLAIM_EDGE_71E1DF84BA0F71B37B95,crel_71065c4a053c
S265_CLAIM_EDGE_71EA01EE4819707DA767,crel_2f9e07331b47
S265_CLAIM_EDGE_71F20EF63631700B93A1,crel_fc2ba4fa000c
S265_CLAIM_EDGE_71F287E625FFE605BB87,crel_7753c9ac55b2
S265_CLAIM_EDGE_7262DA65981D9FA96880,crel_cf2c98e970f4
S265_CLAIM_EDGE_727AC25A42698E5E21C9,crel_22cbd46d5a33
S265_CLAIM_EDGE_728917D13B603B6BAD06,crel_2971c28db411
S265_CLAIM_EDGE_72AB2C58C3F501EFC711,crel_d0407dbf6540
S265_CLAIM_EDGE_72B0FBE9B8B8668BBB5F,crel_7bb50c3f7ad5
S265_CLAIM_EDGE_72CC32FAAD710093991A,crel_f983ca41b7d6
S265_CLAIM_EDGE_72D9306EAF58520B5BED,crel_d27edcbd8ac7
S265_CLAIM_EDGE_72DCAB9D5518907DA408,crel_729bab43789c
S265_CLAIM_EDGE_72ECFB0CDBC16C42B36E,crel_1467ed7d5a83
S265_CLAIM_EDGE_72ED187315D3C67E69C5,crel_95ed6a69328d
S265_CLAIM_EDGE_72EED4E85B699E33597B,crel_9c9f40ccb3a7
S265_CLAIM_EDGE_730601CAE7048F4407D6,crel_0b3e30a63e9f
S265_CLAIM_EDGE_730CB785C5BCFFB2012B,crel_2f86f159bc32
S265_CLAIM_EDGE_733F32472F81B51719CD,crel_92507cb4df8b
S265_CLAIM_EDGE_73414DA02385A8ADE321,crel_e5db17e69582
S265_CLAIM_EDGE_7347DF3A9ECCF70F148F,crel_b3bc2a862677
S265_CLAIM_EDGE_7358B85ED0F90C2DA8AF,crel_78df9e0c5f27
S265_CLAIM_EDGE_735B3F735E8F25C13A6A,crel_41a76253ca9f
S265_CLAIM_EDGE_736B1233C1491BA78FF8,crel_d32470f3a5e9
S265_CLAIM_EDGE_73738C29323C3FCD6565,crel_adb25ac54b0d
S265_CLAIM_EDGE_739EBAE1F7703E9B6A8F,crel_110dba21e697
S265_CLAIM_EDGE_73AB324A6A946D709BFF,crel_81f8afe185df
S265_CLAIM_EDGE_73BC0EEB0E17BEC8C12D,crel_2aa236004f4a
S265_CLAIM_EDGE_73CB57FD1998C4544BFB,crel_fcbbd4fc4cfe
S265_CLAIM_EDGE_73EB4DB524621B77647F,crel_535ae8ffe51f
S265_CLAIM_EDGE_73F9D7961FC80267C4CF,crel_24abbc252f99
S265_CLAIM_EDGE_73FB09C89DF20785727C,crel_5c3000459437
S265_CLAIM_EDGE_7406CDF09142CFB55C0C,crel_f95ef1a132b0
S265_CLAIM_EDGE_741F9C73BF952160833A,crel_aebf18141c41
S265_CLAIM_EDGE_743227AD576FF2AA78A1,crel_fc8cb8c974b0
S265_CLAIM_EDGE_744771227501271A59DF,crel_e3f8f0ac1151
S265_CLAIM_EDGE_7456E70417B5E1C57C65,crel_c2443057a56b
S265_CLAIM_EDGE_745B070CBA8593119066,crel_51ca721f6869
S265_CLAIM_EDGE_746AEC59AED8D41B22A5,crel_6713b0423969
S265_CLAIM_EDGE_7494163206B23DA51BDF,crel_a253e34c47a7
S265_CLAIM_EDGE_74970E66563B16D5C88F,crel_be929207f5b3
S265_CLAIM_EDGE_749A7F987584B6D45A4C,crel_b346ef6af0d6
S265_CLAIM_EDGE_74AFADC599E4DDFE5A00,crel_5358b6462c27
S265_CLAIM_EDGE_74B25153C0B5B0CA5859,crel_ea2b4281fe6d
S265_CLAIM_EDGE_74D745282C3F088D41A8,crel_69c8b80ce2ee
S265_CLAIM_EDGE_7501F6F3F4002DB6BC19,crel_b9ff4b691d7d
S265_CLAIM_EDGE_750F4E9795ECC44FF23F,crel_1aab148ad1fb
S265_CLAIM_EDGE_75120B02B24043AFFA4D,crel_276a61086064
S265_CLAIM_EDGE_7513C95F3264C244E5B2,crel_1ffc52b44c0e
S265_CLAIM_EDGE_751628BA6607820F17AF,crel_08684d3285be
S265_CLAIM_EDGE_753BA47B907B0A5FC666,crel_d169a1553de9
S265_CLAIM_EDGE_756E48582057EC5BCA57,crel_3d74c84ff431
S265_CLAIM_EDGE_7579F321F0A48B568946,crel_b0ffee42dc14
S265_CLAIM_EDGE_7585E7C1A6B682D17794,crel_b4059e9cef75
S265_CLAIM_EDGE_7590B38118F84FDEAA32,crel_73f3c06f8932
S265_CLAIM_EDGE_75B4F49155F0AFD5395F,crel_a67ace3ecaf7
S265_CLAIM_EDGE_75B7C9E2A0E48A1B98FD,crel_8c772f858660
S265_CLAIM_EDGE_75C6FCB9B705EE878268,crel_fb66c18337bd
S265_CLAIM_EDGE_75C7E15EECB4C3BD6D5E,crel_85ace57ebbd5
S265_CLAIM_EDGE_75DCDE4B2AA63208FCFE,crel_54f7e19b9755
S265_CLAIM_EDGE_75E944A4879CDF097E2D,crel_a63a14d8632c
S265_CLAIM_EDGE_75F064CA629E688A09F2,crel_577a69a4e640
S265_CLAIM_EDGE_75F339AA9086FC5810D8,crel_07ec87d44c53
S265_CLAIM_EDGE_761546F48A9D6092D936,crel_5061772c8c03
S265_CLAIM_EDGE_762419AC4D8C95EAF4B0,crel_0540417d529b
S265_CLAIM_EDGE_7629E13FB69283927224,crel_dadbdb727890
S265_CLAIM_EDGE_762BB87076349A530BDE,crel_5f9ddd789672
S265_CLAIM_EDGE_762D3B025DEBDEF29540,crel_1793d543d305
S265_CLAIM_EDGE_76505B9112855E1DD802,crel_4f6945c6223a
S265_CLAIM_EDGE_76506864B4F5C52DA0BA,crel_c7a1138fc029
S265_CLAIM_EDGE_7650AF62D347DC0ADD9E,crel_86cb304c9ca1
S265_CLAIM_EDGE_7654B4C579F9445C0FD1,crel_4331d4a3078b
S265_CLAIM_EDGE_766C3717F649497CA873,crel_93d50247c259
S265_CLAIM_EDGE_76895F661127FF2CBA90,crel_7fa6c1017f91
S265_CLAIM_EDGE_76A9AC4861CA312FBCA1,crel_11fa345ecf4b
S265_CLAIM_EDGE_76AA51FDD421F9E5A2CE,crel_c17f8c9eb59c
S265_CLAIM_EDGE_76B2C8988FC1D21C5044,crel_c75b709760b8
S265_CLAIM_EDGE_76B776D43F4DE4212F21,crel_ea414f7c7647
S265_CLAIM_EDGE_76B92017565A50E6E816,crel_a3af0ef94deb
S265_CLAIM_EDGE_76BDB7508FB7A25780F1,crel_a26855d8a014
S265_CLAIM_EDGE_76C00EC22B8DEE1C7D65,crel_425b6db80803
S265_CLAIM_EDGE_76D050B5A0C3271FCD32,crel_9e134de8d469
S265_CLAIM_EDGE_76D37500E54F43D05FB4,crel_7e6bc07c5dba
S265_CLAIM_EDGE_76EF597F872EF595AF0C,crel_6ce847a87f33
S265_CLAIM_EDGE_7726DA321F8FDE1B9B17,crel_e813d657996e
S265_CLAIM_EDGE_7744C76D28D3C15E6701,crel_0b7c723deb82
S265_CLAIM_EDGE_7757DA5E1FC8E2F1799B,crel_7bd8f872bf1e
S265_CLAIM_EDGE_775F02E11E7504BEAEAB,crel_8854c5b73a83
S265_CLAIM_EDGE_7775555A3D2EAF6B37F9,crel_ed9b19a4aceb
S265_CLAIM_EDGE_77931CD8F883D49FBD68,crel_a6bdd035139e
S265_CLAIM_EDGE_7796101229D24EEF0F37,crel_c101bb4159ef
S265_CLAIM_EDGE_779B3C27573638F1DF10,crel_a93e60ba034c
S265_CLAIM_EDGE_779B8A4F69FD4885B573,crel_5156b405106b
S265_CLAIM_EDGE_77AA8C912090224AA18D,crel_8993ff8e8c22
S265_CLAIM_EDGE_77B936F0AE943278F0ED,crel_e0f51764f046
S265_CLAIM_EDGE_77C8B1740FF50FFB6B6A,crel_eb2b65dd238c
S265_CLAIM_EDGE_77C93183E50ECF8D070A,crel_63c9fb3d96fe
S265_CLAIM_EDGE_77CEFCE3846E75D62AFB,crel_6ae10a3be837
S265_CLAIM_EDGE_77D6DB3DA2B30839FC67,crel_b9d260f28acc
S265_CLAIM_EDGE_77F0A448E0A3B18BFBD5,crel_e6e9500e824e
S265_CLAIM_EDGE_77FDA20D23D18EEB0306,crel_b2f2f0c2f22c
S265_CLAIM_EDGE_780D750BC82FFC498E01,crel_9881a46b4cbf
S265_CLAIM_EDGE_781EE1B8DE605F997986,crel_2f63cf605d51
S265_CLAIM_EDGE_781FFD2B3E09D59C0F73,crel_7df7fc17def5
S265_CLAIM_EDGE_7822C15D47F82C9CABC2,crel_c910079d00e3
S265_CLAIM_EDGE_782414CF71537D05D484,crel_b67033751c04
S265_CLAIM_EDGE_782F16254182F0EC7690,crel_9575a89acd7e
S265_CLAIM_EDGE_783E5035F135123B873F,crel_229e7be7dafb
S265_CLAIM_EDGE_784E7AC268E94D59566A,crel_eb5045b96ea1
S265_CLAIM_EDGE_7850BE295E453027A21E,crel_05596a156f28
S265_CLAIM_EDGE_786E4D9C429D0C5BEFB7,crel_b9b695ae0d20
S265_CLAIM_EDGE_787491D0FD7C50BDB05C,crel_4279b4b86e2d
S265_CLAIM_EDGE_787B7DB320A5B1A78AAA,crel_bb32bb441091
S265_CLAIM_EDGE_7883BC4B31647B735999,crel_997a67dc5d76
S265_CLAIM_EDGE_788EAA228268D38ECAA3,crel_4764e76bf46e
S265_CLAIM_EDGE_789B7F6F1741E15A03DD,crel_1e6a5182e3ca
S265_CLAIM_EDGE_78B49674EDBCC82A5DA5,crel_0e659d4657b1
S265_CLAIM_EDGE_78C58D54878DCCE03D37,crel_4715a71fad1f
S265_CLAIM_EDGE_78E4AB8011F4B1FCDE25,crel_4cbf30eba6dc
S265_CLAIM_EDGE_7908604181E464CDC0D0,crel_87b0383f84cc
S265_CLAIM_EDGE_7925DD94015A4C5BFB72,crel_801cc5db86ac
S265_CLAIM_EDGE_792E983BCB4C30691730,crel_79bad504d41f
S265_CLAIM_EDGE_79644BBEBA7031F644C0,crel_a019c5cd5ef2
S265_CLAIM_EDGE_79BD5890A06300C4C66D,crel_16f6df245a56
S265_CLAIM_EDGE_79D95995B80D78ED8B31,crel_8a13b8257c67
S265_CLAIM_EDGE_79E0EE7C96DE579CB0FB,crel_039f53536952
S265_CLAIM_EDGE_79EDBF72B4988EEE351D,crel_527174e753f3
S265_CLAIM_EDGE_7A21336EFF8966C22F6C,crel_fd1358e65c84
S265_CLAIM_EDGE_7A257BFEA5779614FDB1,crel_4c89d5b3f137
S265_CLAIM_EDGE_7A27051C0A338AC82644,crel_73bbc0419af4
S265_CLAIM_EDGE_7A2D718A86F2E46C0690,crel_67222cf0aad7
S265_CLAIM_EDGE_7A2EABB2134CCB6B24E8,crel_c35583d68893
S265_CLAIM_EDGE_7A3B47B2F9AD144C1856,crel_b97698c6c10d
S265_CLAIM_EDGE_7A5B470029D9E9DE7095,crel_7ec7eaad7dc2
S265_CLAIM_EDGE_7A5D1D03A627D36EB3B7,crel_7ac916202df1
S265_CLAIM_EDGE_7A5DE646FB97C7C68F81,crel_94e5d99ebe59
S265_CLAIM_EDGE_7A5E740CABE538ED7CD5,crel_97e4aa885131
S265_CLAIM_EDGE_7AB08A942AAC3D8A469E,crel_0a37947f243a
S265_CLAIM_EDGE_7AB5134072BA0C7480A3,crel_ecb01a8e6119
S265_CLAIM_EDGE_7AE0172D5A8E76FB0867,crel_9dd717cd6689
S265_CLAIM_EDGE_7AE5C1D086A87F92A687,crel_6e0531c2e84e
S265_CLAIM_EDGE_7AE7B9F8B562441F982B,crel_d2c89474e413
S265_CLAIM_EDGE_7B06595EAF9A8F5407FF,crel_9c22453f9460
S265_CLAIM_EDGE_7B0CCB55B2F6C71BC0E6,crel_4b463a63e6fa
S265_CLAIM_EDGE_7B148B5D0EB63B8782F8,crel_087493daba37
S265_CLAIM_EDGE_7B18A7B08B49108BE085,crel_4eda5ae6503f
S265_CLAIM_EDGE_7B3D28D6FEF4A215B20E,crel_d9ed86f6173c
S265_CLAIM_EDGE_7B3EDE68CD5EB608F3CD,crel_1c81891e0f54
S265_CLAIM_EDGE_7B4F0D7FEDE49012EEAA,crel_ce728f09f066
S265_CLAIM_EDGE_7B5E63854838A5208ECB,crel_81b6486b4cbd
S265_CLAIM_EDGE_7B831047B8D79A4F003D,crel_547724dbc72a
S265_CLAIM_EDGE_7B8CAF07D02C7F7EF1DF,crel_f439c908bc64
S265_CLAIM_EDGE_7BA564131C93FBFE1454,crel_8313ec119968
S265_CLAIM_EDGE_7BA7C5CDD975FC3C3766,crel_acd950329013
S265_CLAIM_EDGE_7BAB168B4B2B42E14AD6,crel_403d01738732
S265_CLAIM_EDGE_7BB5B6A2D81336F10DC5,crel_bb1d939b1659
S265_CLAIM_EDGE_7BBB7A488DD9A9AA1DF0,crel_b8ece787afa1
S265_CLAIM_EDGE_7BDA8D791C9CEC744B28,crel_d5202620bfd5
S265_CLAIM_EDGE_7BE1C713BC566E333CCF,crel_13da5f626024
S265_CLAIM_EDGE_7C03D3B72E936DB007CB,crel_8d0d29842ed3
S265_CLAIM_EDGE_7C077A1DBEA624576EBA,crel_11396f92e18d
S265_CLAIM_EDGE_7C1B228B8E5970536D96,crel_9eded3dd16d2
S265_CLAIM_EDGE_7C2ABA5408EA29C93E39,crel_01219fbfabf1
S265_CLAIM_EDGE_7C4DC192F7B1CE12EFD3,crel_f959a943da5d
S265_CLAIM_EDGE_7C4EC25246B2B73AC6CC,crel_21be985f111f
S265_CLAIM_EDGE_7C5559F78B2D0665D854,crel_c6e9f700351d
S265_CLAIM_EDGE_7C6EB69CA02D315F2458,crel_4760944f4853
S265_CLAIM_EDGE_7C777D3BE35A6BE40B8F,crel_7a1f0895ed02
S265_CLAIM_EDGE_7C8EC79D944DC5F56B82,crel_dbf585444ec1
S265_CLAIM_EDGE_7C9A8EBB0BBAF318CF5D,crel_f4e7540440c5
S265_CLAIM_EDGE_7CF187A7138A7A1799E6,crel_492f2c90849e
S265_CLAIM_EDGE_7CF28603CDACC46C825B,crel_d451b7374a14
S265_CLAIM_EDGE_7CF8086077535134A67B,crel_5967df3d9f8c
S265_CLAIM_EDGE_7D37883561E9EEFEE83F,crel_6b4031cf7f2a
S265_CLAIM_EDGE_7D3C1172D1040A785845,crel_55eb088eb076
S265_CLAIM_EDGE_7D501FD6A1FC5F38857B,crel_d18178cf1242
S265_CLAIM_EDGE_7D508D9FE46A2CEEDDF4,crel_5c2323a8ea4e
S265_CLAIM_EDGE_7D54043E80B74CFECC23,crel_603d2e7c0668
S265_CLAIM_EDGE_7D62976D38031808F5A8,crel_ac970402a4cc
S265_CLAIM_EDGE_7D6650E16ED72DD5F87B,crel_4c53024f3b49
S265_CLAIM_EDGE_7D6D5A5129E86880C6FF,crel_ed8d4faf78f6
S265_CLAIM_EDGE_7D737B13ACA25A3AD11E,crel_20f2f6f9aff5
S265_CLAIM_EDGE_7D8E85A7621BA9AC74DC,crel_b343335937bc
S265_CLAIM_EDGE_7D9AF4A7AAE71EFC2242,crel_4af689e4717c
S265_CLAIM_EDGE_7DA93B63E080D08FB4DA,crel_0c83743b5cec
S265_CLAIM_EDGE_7DB6FFBA97E1BBA9C7B0,crel_88b764c63a23
S265_CLAIM_EDGE_7DD2BD91D9D448314837,crel_1bd48c01919a
S265_CLAIM_EDGE_7DD54154A9796AA42FF6,crel_20bbabfe0234
S265_CLAIM_EDGE_7DF94042B825FC86B030,crel_43e686bbb258
S265_CLAIM_EDGE_7DFB24037EBF126D1B2D,crel_f6828eb04a12
S265_CLAIM_EDGE_7E07F2315E5F10678175,crel_12ac35527a54
S265_CLAIM_EDGE_7E09638360542ADA96A8,crel_d374f71cab07
S265_CLAIM_EDGE_7E1CAC00A76F493A93C5,crel_66eea685fa82
S265_CLAIM_EDGE_7E1CF4261410B725FD00,crel_c5412471d864
S265_CLAIM_EDGE_7E3A59F3D07E610A67AF,crel_d4c9ea8d801f
S265_CLAIM_EDGE_7E3F22FD2369F8E28C12,crel_96cd4214394c
S265_CLAIM_EDGE_7E4E64C690A1C6CFBF0A,crel_3b1c3c86d243
S265_CLAIM_EDGE_7E5457F4BB95DE92DA5C,crel_a65e6a572ed1
S265_CLAIM_EDGE_7E59E48113CEC0F629D9,crel_63a10d0bdf6f
S265_CLAIM_EDGE_7E6A5AE5C9BC57A6899F,crel_cf4225a85bcf
S265_CLAIM_EDGE_7E75C04F83BA78D0F963,crel_9aaf12763454
S265_CLAIM_EDGE_7E7640EB09161FFF09EA,crel_ff3e11073b67
S265_CLAIM_EDGE_7E7D3ED29186A3E5122D,crel_cb49a1c23fd6
S265_CLAIM_EDGE_7EAEA127B36028C26C8D,crel_23d257c6a387
S265_CLAIM_EDGE_7EBC2B912C66B57452FA,crel_c240344a4cde
S265_CLAIM_EDGE_7ECA828467DE65A91E3E,crel_511d0166feb5
S265_CLAIM_EDGE_7ECB97E9BC9EE834AD31,crel_91b77749967c
S265_CLAIM_EDGE_7EE670E6FACE6FFFA560,crel_39dc451075c2
S265_CLAIM_EDGE_7EEC5E13055EF35CAE05,crel_4a546c154963
S265_CLAIM_EDGE_7EF0C817287AE5A344CB,crel_e6ae7d809841
S265_CLAIM_EDGE_7F0119C395D789C0F865,crel_d548208ff663
S265_CLAIM_EDGE_7F0FCA358C5D4CE76DFE,crel_0c6a61515ff6
S265_CLAIM_EDGE_7F1A54C9B23F67D8AA19,crel_882fce64cc5e
S265_CLAIM_EDGE_7F226E8C74FB8C52BD2B,crel_886ea641c30e
S265_CLAIM_EDGE_7F2306ED6ACCFEE875FB,crel_79000f69b474
S265_CLAIM_EDGE_7F3F000E99589880CE9D,crel_00de0a093832
S265_CLAIM_EDGE_7F4132D2450C93DB0AD8,crel_1e4750c7dfa4
S265_CLAIM_EDGE_7F570DB794FFC43FE0ED,crel_1208fa029d4b
S265_CLAIM_EDGE_7F6A4BEC9A7A70F43FBF,crel_8372d04205c3
S265_CLAIM_EDGE_7F74F44129D863E3AF82,crel_718dfca34a2f
S265_CLAIM_EDGE_7F7B651430EA4D9DA475,crel_a8201da964d7
S265_CLAIM_EDGE_7F9EE6FDD22F5D290B33,crel_7480658258af
S265_CLAIM_EDGE_7FA123273F0A6FAE9BEA,crel_93a9fe15491c
S265_CLAIM_EDGE_7FA88BB84DD0303A0B0E,crel_ee98c232c08a
S265_CLAIM_EDGE_7FB8D63424DE912176DA,crel_8c6987eb6e8d
S265_CLAIM_EDGE_7FC1AC70150D5B674AC8,crel_0327529241b3
S265_CLAIM_EDGE_7FCD25A2D3E69A5AD07A,crel_9240970a0fca
S265_CLAIM_EDGE_7FF8C77DD4FEB9C2CF67,crel_e813ddc61d01
S265_CLAIM_EDGE_8001038FDEFF038D1C80,crel_24e093dcfd84
S265_CLAIM_EDGE_80068DE6180775506A41,crel_be2b491636d2
S265_CLAIM_EDGE_8029C504456C99BA6F0B,crel_8909cb1b0ffd
S265_CLAIM_EDGE_802CAFFC079446C13C7E,crel_b959148ff420
S265_CLAIM_EDGE_80345037016F9424ECDF,crel_a3fed1ba3de3
S265_CLAIM_EDGE_806000E9567C85F88A76,crel_dfed60b617dc
S265_CLAIM_EDGE_806BA769B5F645187877,crel_c04fcaf90672
S265_CLAIM_EDGE_807276876F5130814FC0,crel_91a4f4db362c
S265_CLAIM_EDGE_8073068FE9EAADB43818,crel_d19c7270fea9
S265_CLAIM_EDGE_8079050D86903A84F15A,crel_38929a355980
S265_CLAIM_EDGE_808556CE9D220AF89C55,crel_4454acb2f2b5
S265_CLAIM_EDGE_8094FFBA0744D51A14E8,crel_b4bd71aad625
S265_CLAIM_EDGE_80DDEAF11038204203AD,crel_ba393f5eb0e8
S265_CLAIM_EDGE_80F13E32C8D50AB27282,crel_c58971f36402
S265_CLAIM_EDGE_81050EEEB950EEC54B4D,crel_97bfa061a406
S265_CLAIM_EDGE_8110D6F5135C9EC67CDC,crel_56aee6421de4
S265_CLAIM_EDGE_813875F021464CB3EAC1,crel_700874a07654
S265_CLAIM_EDGE_8139395FA3497674E8ED,crel_fc7eb4978b0e
S265_CLAIM_EDGE_8147D3A714AE9C0281B3,crel_9aadd30fcc00
S265_CLAIM_EDGE_816805ECC5884C8CA75B,crel_a837c981844f
S265_CLAIM_EDGE_8189682475712E2BDE5E,crel_84b01bfc3809
S265_CLAIM_EDGE_819307AA6E06729469D2,crel_7a1f9feaa585
S265_CLAIM_EDGE_81A22378F5B6931FEE91,crel_0a7722600c4f
S265_CLAIM_EDGE_81B000A3AA17D126BBA3,crel_fe687cb91b83
S265_CLAIM_EDGE_81B1FEA3D53D65DFC0B5,crel_587dbdce7005
S265_CLAIM_EDGE_81BB91981BDEE0C70906,crel_37f7d8cff9d3
S265_CLAIM_EDGE_81CE2A74F61C6A82A105,crel_59b36be9f343
S265_CLAIM_EDGE_81D9FC776F9519C2C8B4,crel_cbf99126d41d
S265_CLAIM_EDGE_81ED3D97B87869865DBE,crel_7cbc56a33c5b
S265_CLAIM_EDGE_81FB356C4913295DCDA8,crel_625f15a7c846
S265_CLAIM_EDGE_81FEFA2CD5AFDB905208,crel_6f485ffc2b45
S265_CLAIM_EDGE_82015E586159E369436C,crel_2d347d6d746f
S265_CLAIM_EDGE_821D81524244E68B82DE,crel_0c9db0853f2a
S265_CLAIM_EDGE_822488F2EF0B5D69604C,crel_4d0574ee210c
S265_CLAIM_EDGE_8234909C7B465069C8AD,crel_96c6c84fa9c2
S265_CLAIM_EDGE_827C7C73770F7E1556BC,crel_96d68df5017a
S265_CLAIM_EDGE_827F1BF3F05925921C31,crel_65060ab79982
S265_CLAIM_EDGE_82AFB535BDB406016B31,crel_7ef76b4b0d50
S265_CLAIM_EDGE_82AFD4588D1CAB225E14,crel_631403af8463
S265_CLAIM_EDGE_82B3F6779DBC2F5A1D8E,crel_8356cc668783
S265_CLAIM_EDGE_831A4D44A6E6F4813F15,crel_b1e08ec639c1
S265_CLAIM_EDGE_832AA753131C9B1048DD,crel_7041c6780309
S265_CLAIM_EDGE_832C2BE6BB6E90F7349B,crel_62b2a4d0d3d4
S265_CLAIM_EDGE_833643A6E731A07D8BD4,crel_df14f3ee6ce3
S265_CLAIM_EDGE_834A857D0DA715C326AD,crel_a771fddf2d27
S265_CLAIM_EDGE_8351FE8892751C419C4E,crel_8ee2956a11ad
S265_CLAIM_EDGE_8367323DAA3771DD8954,crel_635885d9a094
S265_CLAIM_EDGE_8372D7E2BCD93CC79FD1,crel_43c00d24dacc
S265_CLAIM_EDGE_83978F7910B2F976B69A,crel_6e5bdca636e4
S265_CLAIM_EDGE_83B89B810A4E77ACAA6E,crel_0ea7b5604571
S265_CLAIM_EDGE_83D1E32A89CB2E1F6FE2,crel_54dbd7f86a93
S265_CLAIM_EDGE_83E7E58122348E5964FB,crel_ac07d6ff4387
S265_CLAIM_EDGE_83FA0912F6554FDC268E,crel_9c8283a04e2e
S265_CLAIM_EDGE_841FEB6B44C27E8E8511,crel_66cfffbf013b
S265_CLAIM_EDGE_843585845746CCB7706D,crel_ffdbf5f3c57f
S265_CLAIM_EDGE_843C851E64FA7FD7883C,crel_68b296864e95
S265_CLAIM_EDGE_843D4492B6014ECF338F,crel_1649ede3d945
S265_CLAIM_EDGE_843FA57FD25FAD779BD8,crel_3fb6cfbefb65
S265_CLAIM_EDGE_8449A990A5D39EBB47C7,crel_6bef92da9908
S265_CLAIM_EDGE_844C488CC127E022A14F,crel_4d2c4dc13f5c
S265_CLAIM_EDGE_84526917653568FFF61A,crel_c5e0125a78f1
S265_CLAIM_EDGE_845DE56D02BA4022B924,crel_4616f9ea5d21
S265_CLAIM_EDGE_84724A08EB8197BBB859,crel_1191523a2abc
S265_CLAIM_EDGE_84A404F0BFD3ED83C4CE,crel_435bcfe88328
S265_CLAIM_EDGE_84C349A262DE0B59CBE1,crel_6391d1937d08
S265_CLAIM_EDGE_84CA4D963613EEE8EB60,crel_6fce6c5488d4
S265_CLAIM_EDGE_84DFBA88C1E09A55FCE3,crel_e3fb29223c4d
S265_CLAIM_EDGE_84E4E0C26D8A163E8C67,crel_e43426e61067
S265_CLAIM_EDGE_84F050EEFE7F57F796F7,crel_8cfc96273674
S265_CLAIM_EDGE_8504BF2B3CCC1C4F3951,crel_5033431cf065
S265_CLAIM_EDGE_8505E248547B9B753899,crel_aaedc00c0bfc
S265_CLAIM_EDGE_851334579736949AE2C3,crel_a2c271f7bbb7
S265_CLAIM_EDGE_8515702039AC028BE377,crel_49c9b9c4bb98
S265_CLAIM_EDGE_8518EAF738C67F1CA8EB,crel_521ecf1f929c
S265_CLAIM_EDGE_8529F93995169A78AD82,crel_80a2e6139c76
S265_CLAIM_EDGE_85372B10AB4965E673D3,crel_01cc836ccc56
S265_CLAIM_EDGE_856880D3472D21C373DE,crel_9f877cc82f68
S265_CLAIM_EDGE_8574751EBD2252612FC3,crel_538cf4015eb0
S265_CLAIM_EDGE_857DF026A1D8F7A8B947,crel_82747582f2bc
S265_CLAIM_EDGE_85AA9A4266A936B3F963,crel_33012e033214
S265_CLAIM_EDGE_85AD5C0A268C18AC7A3B,crel_267c4d10642f
S265_CLAIM_EDGE_85ADD2F8A27D569964F2,crel_acbc7504b5e7
S265_CLAIM_EDGE_85CA633991360297EFD7,crel_b391cbbb5a02
S265_CLAIM_EDGE_85CC50DFA131AA4F5D94,crel_290a3d6916fb
S265_CLAIM_EDGE_85DC12EB37B1F0A9E28D,crel_37fe996b3748
S265_CLAIM_EDGE_85DCE1867EC9EBCD4EBB,crel_80ad258b52cf
S265_CLAIM_EDGE_85F35640EB39679F088A,crel_08da371228c0
S265_CLAIM_EDGE_85FDBE7BC9FA3B9970B6,crel_4c212b46420d
S265_CLAIM_EDGE_85FDDDF898E2B4890652,crel_8f28a1760dc8
S265_CLAIM_EDGE_861E36659F5ACF2EF17C,crel_767d15ea5009
S265_CLAIM_EDGE_862B8559547C80578A18,crel_e6971a1c6f5f
S265_CLAIM_EDGE_86344B436969CF0B72B3,crel_127d917cb01e
S265_CLAIM_EDGE_8636CC45714EB19A1F47,crel_759d2c8a5464
S265_CLAIM_EDGE_8644E4716878A6832BF4,crel_62037a7de94c
S265_CLAIM_EDGE_867DCAE17DB7EC4D84B6,crel_6ede47062cde
S265_CLAIM_EDGE_869B8A4CE6D0A61209AE,crel_efd2388e323b
S265_CLAIM_EDGE_86BDB664C90951ED3DE7,crel_a97d9485b186
S265_CLAIM_EDGE_86D3AB062EE5B4EAD541,crel_50cabe589439
S265_CLAIM_EDGE_86DB8C9B762A078E899A,crel_e21ed9e37682
S265_CLAIM_EDGE_86FB1C3BCA53B1F5EEF3,crel_6fb41785c9c7
S265_CLAIM_EDGE_8705BA68794F560FA905,crel_9009d5bc2048
S265_CLAIM_EDGE_8706879DF4155F0E0DB5,crel_175b2a7313eb
S265_CLAIM_EDGE_870C1665008A6FCDA721,crel_88ca384b81c1
S265_CLAIM_EDGE_8730FD46D7A58B8AD25B,crel_1bc2a368e74f
S265_CLAIM_EDGE_87520CB82D9A96F33B7C,crel_511a429e4d4d
S265_CLAIM_EDGE_8755F561A93AB8251DC8,crel_f5574fe5dd7f
S265_CLAIM_EDGE_875658D91217F22F26C5,crel_5c556f575386
S265_CLAIM_EDGE_875CC1F803C6D76B597B,crel_06ddd237bab1
S265_CLAIM_EDGE_8767C4659362053384DB,crel_2b6baad5f849
S265_CLAIM_EDGE_876A3A20AD33B199406A,crel_b772f2c1d838
S265_CLAIM_EDGE_879BD37C1A1187AA179B,crel_0b7be8e4918c
S265_CLAIM_EDGE_879E53A3044A4FDCAC75,crel_6e6247cd0a42
S265_CLAIM_EDGE_87E822F1495EC4EDC873,crel_3bc42512e8fc
S265_CLAIM_EDGE_87F71DE4269441C788EE,crel_30e6ec989e53
S265_CLAIM_EDGE_8820D2C5A9BEF2AC6022,crel_723e0bf9ad75
S265_CLAIM_EDGE_882579085CA87DA0B6C2,crel_16c9bc82c137
S265_CLAIM_EDGE_8827BBB0CBD09C15C911,crel_c241fb9bf618
S265_CLAIM_EDGE_882D62E24B38918E157F,crel_61ec39d60e00
S265_CLAIM_EDGE_882F188A38C2E7B21786,crel_5ba1f8e80867
S265_CLAIM_EDGE_883091066BA29E9B4FE6,crel_532f336bb023
S265_CLAIM_EDGE_883406F1E1E230A203AE,crel_a3253f3b0f48
S265_CLAIM_EDGE_8847998E7716A12D0158,crel_bc926540044b
S265_CLAIM_EDGE_88658FD7C1A0D5EE86AB,crel_940d8ff24443
S265_CLAIM_EDGE_8868128956876557B7E5,crel_f84339b59f3b
S265_CLAIM_EDGE_8869CD0FE0FC05A8A16E,crel_0009b6696fb0
S265_CLAIM_EDGE_886BDA08F48795D1A5A1,crel_639d3edf7625
S265_CLAIM_EDGE_8872E07E6CEDE9099AC8,crel_bfd0367c13de
S265_CLAIM_EDGE_889672ADE7693C59CB8A,crel_ebd1d4afb324
S265_CLAIM_EDGE_8899D4B278AD510D0395,crel_b5ccfd9d2a80
S265_CLAIM_EDGE_889FD553C653106662E6,crel_981342c7dfd0
S265_CLAIM_EDGE_88B96FEDACDF6A72A69A,crel_4d8fc0244125
S265_CLAIM_EDGE_88BCA2A5200672CCFF6F,crel_60e799faebd9
S265_CLAIM_EDGE_88BDEB2E1C56FFB81DE8,crel_1111a318f757
S265_CLAIM_EDGE_88E1C68697254318789C,crel_c1f0795a8c92
S265_CLAIM_EDGE_88E6BEC6CE1AB7C4C86B,crel_3987d80f8353
S265_CLAIM_EDGE_88F9448C878CB2FC6ACC,crel_62deaac17182
S265_CLAIM_EDGE_890BDD3A41496A3D345B,crel_ed6316a1758f
S265_CLAIM_EDGE_8910DB230D4130CA5CE5,crel_47a865988a29
S265_CLAIM_EDGE_891D164A27192432FE89,crel_ce530fe5cc97
S265_CLAIM_EDGE_892AA83A55535320E948,crel_6e72bc544607
S265_CLAIM_EDGE_892AF55001F0A3FE2761,crel_e91fade65a14
S265_CLAIM_EDGE_8932C2B1BA23AD967F36,crel_fb6d6d5b5f80
S265_CLAIM_EDGE_8943511A98E9B0A5316C,crel_c62fb537488c
S265_CLAIM_EDGE_89484CE231CFA6294F2F,crel_0ba01145d1b9
S265_CLAIM_EDGE_894946992334AD2D30E6,crel_6889b59c4aa6
S265_CLAIM_EDGE_8979375F032740613AF9,crel_b5bf84495322
S265_CLAIM_EDGE_897B5D3831930D70A87D,crel_17a094306a24
S265_CLAIM_EDGE_89985ABC46DBACC3330C,crel_56790270f559
S265_CLAIM_EDGE_89A370518492C5AE1CFE,crel_62a80c9e179a
S265_CLAIM_EDGE_89A8E3F94092C7FEE895,crel_86da554966e4
S265_CLAIM_EDGE_89CDBA8160742B35A4FE,crel_0ce44da4c8b0
S265_CLAIM_EDGE_89EF93BB8B027550F73D,crel_9b37002d0fed
S265_CLAIM_EDGE_89FACD11AEAF43C71C21,crel_9dcc925dadd1
S265_CLAIM_EDGE_89FB89D6743E2AAA5DE1,crel_18ae79292433
S265_CLAIM_EDGE_8A05F67590358796E5C7,crel_c8217a499fe1
S265_CLAIM_EDGE_8A142F5BBD5E7B7F39BD,crel_8636b0b67634
S265_CLAIM_EDGE_8A1FCB27889C49AB73E4,crel_c57affa5ada1
S265_CLAIM_EDGE_8A3E4BBB4370E69B7870,crel_29b6b3db9fc5
S265_CLAIM_EDGE_8A54AF8E1B8249AEE840,crel_79d0960d78c5
S265_CLAIM_EDGE_8A76926BDF47CA4FBAE3,crel_30f3989f2f9a
S265_CLAIM_EDGE_8A920F683EEDB122C2FB,crel_32b79a6d1869
S265_CLAIM_EDGE_8ABE949612F185688EE9,crel_3a5627af81e8
S265_CLAIM_EDGE_8ACFE047C29CB98F930A,crel_0cdd1ba4593b
S265_CLAIM_EDGE_8B10097A36385534D5E3,crel_ec0a25ed34ad
S265_CLAIM_EDGE_8B15DE5C15580298D872,crel_79c5ac009550
S265_CLAIM_EDGE_8B1B1065A69E3501079C,crel_e68dbce1e417
S265_CLAIM_EDGE_8B28C4F15DFB708F2A63,crel_d00490932e1d
S265_CLAIM_EDGE_8B2A71B07F9D9510B415,crel_2183c37d8aab
S265_CLAIM_EDGE_8B39105752B5DC916D51,crel_fc9d4e16f06c
S265_CLAIM_EDGE_8B6179C4913FA22155A0,crel_519b7f796928
S265_CLAIM_EDGE_8B6E4EAC41071C0B54A7,crel_d44f6ff3c22a
S265_CLAIM_EDGE_8B7693C2F274BCBE299C,crel_4e5e821c6882
S265_CLAIM_EDGE_8B9F49540FD397F86BCD,crel_90baa3ffc709
S265_CLAIM_EDGE_8BA219D5193CB6A7066B,crel_a808fe47b09d
S265_CLAIM_EDGE_8BB2060ED492838FB43B,crel_6f434b229c84
S265_CLAIM_EDGE_8BCF9ED346EBDD307F44,crel_dbcea2aa0a99
S265_CLAIM_EDGE_8BE8F14EE78E1AC9C482,crel_5a16cec8515e
S265_CLAIM_EDGE_8BEFD4FEA288713C0500,crel_1b53e4b70526
S265_CLAIM_EDGE_8BF2A6068510DD16A38E,crel_c45b159e74d7
S265_CLAIM_EDGE_8C08B54BAE2E232374BD,crel_3f02f51a3365
S265_CLAIM_EDGE_8C17409DF176F395E322,crel_3a5e816f47f3
S265_CLAIM_EDGE_8C1931C2AE716A134FFB,crel_7de9af8e4275
S265_CLAIM_EDGE_8C20990AC6FA71DC7B74,crel_87beec0b0092
S265_CLAIM_EDGE_8C512A7EF2B9D7EE5521,crel_46e4943c1504
S265_CLAIM_EDGE_8C5D02C586E047857A46,crel_08e12bb027b9
S265_CLAIM_EDGE_8C694E71FEAAAA00A4B7,crel_ecd27cfb5a70
S265_CLAIM_EDGE_8C79D0EE1A10C63476D2,crel_55554f4c1677
S265_CLAIM_EDGE_8C7C47DCD06CD2BD6634,crel_6264a082f5c7
S265_CLAIM_EDGE_8C7CC61F39478A823B9C,crel_1eb093f17ac6
S265_CLAIM_EDGE_8C969E0A2C5F131AA2B2,crel_d09e8c1090bb
S265_CLAIM_EDGE_8CA702BCD14DC0567A33,crel_ed107f133347
S265_CLAIM_EDGE_8CD5F5AAA92F0722CA2B,crel_7322aaa7fb91
S265_CLAIM_EDGE_8CE110A9A98CFC2F85F0,crel_ac9222ec7635
S265_CLAIM_EDGE_8CE482C2EA5890E0311B,crel_e5a7b6cff194
S265_CLAIM_EDGE_8CF93A96B6ED67670A47,crel_28ebc2cbaea6
S265_CLAIM_EDGE_8D00A55FC6EA06224E86,crel_a8dcee074e0b
S265_CLAIM_EDGE_8D14D1978CF327F9783F,crel_07ec1baf7346
S265_CLAIM_EDGE_8D18E650CC8DDB59F135,crel_7dac94c615c2
S265_CLAIM_EDGE_8D3273F29A5830B6EF41,crel_68f0868825ee
S265_CLAIM_EDGE_8D393B353E02AED365FC,crel_ce29b14bc85f
S265_CLAIM_EDGE_8D3B0965F2A20A7D53E5,crel_269675465779
S265_CLAIM_EDGE_8D460312150C99AEF294,crel_d0d1671481ab
S265_CLAIM_EDGE_8D69E9D1A4EEB78F4D23,crel_e26182f26486
S265_CLAIM_EDGE_8D737977F5C4F6FB7CBE,crel_374252b6e1ef
S265_CLAIM_EDGE_8D88C482F8BC20669B3F,crel_c29485a6fe85
S265_CLAIM_EDGE_8DBEA29A74A811C17FC5,crel_54640480169d
S265_CLAIM_EDGE_8DCD72FB2A861A219014,crel_ec7c514e71dc
S265_CLAIM_EDGE_8DF9DDB22BBE5ECEC67D,crel_b3cbcdacb475
S265_CLAIM_EDGE_8E359708925205EBC323,crel_b16f3210c9d5
S265_CLAIM_EDGE_8E48840CBF36E8868EFA,crel_4fab10359f15
S265_CLAIM_EDGE_8E49A890E032508AFFE1,crel_a00a6a16534c
S265_CLAIM_EDGE_8E53447343E18C0669F0,crel_e3bd1ad37603
S265_CLAIM_EDGE_8E53B3A27F4F8F575D29,crel_08dcaa51a66d
S265_CLAIM_EDGE_8E58651AC239FE608279,crel_35174b333038
S265_CLAIM_EDGE_8E7C61FA76E5D51C89C9,crel_701400241d6b
S265_CLAIM_EDGE_8E7C878482A420773365,crel_ebbc471d257e
S265_CLAIM_EDGE_8E85541C0FAD73F959C2,crel_f3aacc7218c2
S265_CLAIM_EDGE_8E88939958EB242D4725,crel_771a5af2acf4
S265_CLAIM_EDGE_8EA17E5DA700C2F9B74E,crel_6c93d5e3bc5c
S265_CLAIM_EDGE_8EA7653690131E2099D6,crel_f2ac9fea89a7
S265_CLAIM_EDGE_8EB4D7C48469DCFBBEA9,crel_8b687a1150e8
S265_CLAIM_EDGE_8EC3B54490AAA9343CBB,crel_eeb9085c6646
S265_CLAIM_EDGE_8EE6852B8AB5B2710CAF,crel_8c80327adb74
S265_CLAIM_EDGE_8EEB7C54A9CBCEDB54E6,crel_da39de9d52df
S265_CLAIM_EDGE_8EF0BEB2E4ED098D398C,crel_f3e88482b3f6
S265_CLAIM_EDGE_8EF36538008E5997FA07,crel_d44c8c45578f
S265_CLAIM_EDGE_8F053D12C793B81576FA,crel_f07bc077adca
S265_CLAIM_EDGE_8F168481377DB88F6288,crel_cbecd46d5b0b
S265_CLAIM_EDGE_8F4FDB04DC9D30B751AF,crel_361a67c43dfc
S265_CLAIM_EDGE_8F6D6947CC35B1E02FF4,crel_50b09f1da769
S265_CLAIM_EDGE_8F7B50E8DB0A31248225,crel_59299a97e410
S265_CLAIM_EDGE_8F7DB895A3E5ED5A4526,crel_fdbb847696d0
S265_CLAIM_EDGE_8F848DFF87B45854BA9D,crel_a746528d0ea4
S265_CLAIM_EDGE_8F8B8D72F6BAC1277EF8,crel_0f7eb861f5e1
S265_CLAIM_EDGE_8F937FEAEC1C79DE861C,crel_762cea6a85fc
S265_CLAIM_EDGE_8F97B9A818F088DDCFC5,crel_e4b749bf65c4
S265_CLAIM_EDGE_8F9850AD68BD5323F242,crel_5ab54e65aca1
S265_CLAIM_EDGE_8F98C77E3BC99608F4BF,crel_adc0609e89b7
S265_CLAIM_EDGE_8FA8E97F6DA6E3C94312,crel_cbe4ffdd94db
S265_CLAIM_EDGE_8FBE218C54AFD8CB79FE,crel_1b127926d4ec
S265_CLAIM_EDGE_8FC9133F07FBEBF16F5B,crel_a9e555cac463
S265_CLAIM_EDGE_8FE8A18D55ADC7452858,crel_b4400261d9b4
S265_CLAIM_EDGE_8FEF5CA023E900A16188,crel_81be9dc1cb12
S265_CLAIM_EDGE_9017B353A9FE4A02F955,crel_b0da9d0bbdf8
S265_CLAIM_EDGE_902E1AE9BAB07F2AA0CF,crel_ad5536e3aeb9
S265_CLAIM_EDGE_9038C422F62163A807BA,crel_638962d1c3ec
S265_CLAIM_EDGE_90513545279015A59B35,crel_fe42c31adffa
S265_CLAIM_EDGE_9051FAE01DA9672A7D97,crel_22d26bf8c765
S265_CLAIM_EDGE_905A5B41418E23617E14,crel_68aeeb671c6c
S265_CLAIM_EDGE_9078A76B755E983E6509,crel_2aebb1d6c6dc
S265_CLAIM_EDGE_908167A6262DFD1656B0,crel_e1e1e391e4a1
S265_CLAIM_EDGE_90851785501C1669F1F4,crel_0ae6c14a890c
S265_CLAIM_EDGE_90860308BF90D853CE89,crel_18263999a37e
S265_CLAIM_EDGE_908D5834DDBF098664DD,crel_7a2586d26f8f
S265_CLAIM_EDGE_90A5A12AEDE3AC6E8402,crel_3ecd7103c0ed
S265_CLAIM_EDGE_90C2C480B872945507B2,crel_5ff335b33bb4
S265_CLAIM_EDGE_90D143ACC7069A968E85,crel_7c93e9e083a3
S265_CLAIM_EDGE_90E343E280D5EE55DD68,crel_59acc4a9ec22
S265_CLAIM_EDGE_90F74D5BEC1925F24119,crel_01eb60cce4b1
S265_CLAIM_EDGE_90F8AA516984E9DDF8B6,crel_ad6302056b5c
S265_CLAIM_EDGE_91204B8BD412AA935CEB,crel_411b3cc499d5
S265_CLAIM_EDGE_914F68E8A2614A97FFF1,crel_045d6040346c
S265_CLAIM_EDGE_915475621E98446C472F,crel_56aaa3a2e893
S265_CLAIM_EDGE_9159C581FBD9B6E29584,crel_8ef7c7c85ab0
S265_CLAIM_EDGE_915BA2819D23AE0DCF9A,crel_9db1fe81ecc9
S265_CLAIM_EDGE_91921CA2621F81152237,crel_b3f947d99154
S265_CLAIM_EDGE_91C2DB2BA698C3BD99A1,crel_5e1d32bd89c6
S265_CLAIM_EDGE_91DFEE092DC7DC2294A8,crel_6363b861a568
S265_CLAIM_EDGE_91E2F05DD21AF3EEB5C3,crel_371c5580eb5c
S265_CLAIM_EDGE_91F0BF74ABD4D3DCA301,crel_57560dbcc5ce
S265_CLAIM_EDGE_91F37DBE48E1FF97C76E,crel_c4a2f64311a5
S265_CLAIM_EDGE_91F529B8AD8456F7BC0B,crel_ac2cc1a68cfb
S265_CLAIM_EDGE_920DF5E842C77EB21460,crel_3f55b8c248b2
S265_CLAIM_EDGE_921D15B5E910E8555D8E,crel_8fc76e236b11
S265_CLAIM_EDGE_923332F41AA3F528889C,crel_f866972624cc
S265_CLAIM_EDGE_9258578F899E0260FE04,crel_89148449932a
S265_CLAIM_EDGE_9297E14AC80055808F31,crel_0c46e87ac296
S265_CLAIM_EDGE_92A763296079B5501A9B,crel_96da3333d134
S265_CLAIM_EDGE_92A823B103B0602837E9,crel_2bed827b1f67
S265_CLAIM_EDGE_92BA6FEB154523380557,crel_e2650d35bfd1
S265_CLAIM_EDGE_92C68B972C8D76764EB0,crel_804488464a77
S265_CLAIM_EDGE_92E4F7F7E764FBE2770D,crel_c0c1b4739c4d
S265_CLAIM_EDGE_92FBF452847EC1DA5F14,crel_6b5b51567b4b
S265_CLAIM_EDGE_931149F408345E6CA6EE,crel_7d45d720477f
S265_CLAIM_EDGE_9311875E9D143D93F427,crel_5abb9326ce14
S265_CLAIM_EDGE_931E17EA40637AA2C1A0,crel_af95f2c08789
S265_CLAIM_EDGE_93436105E4CCC7C67545,crel_6fb18340c0fd
S265_CLAIM_EDGE_937FB9CE0CD704530C02,crel_48117863351d
S265_CLAIM_EDGE_93AD7810EFCCBEF51459,crel_3c35e980bb13
S265_CLAIM_EDGE_93CB6F9FAC863133750B,crel_fcb74ecbe0b3
S265_CLAIM_EDGE_93DC7253795FCF1414E3,crel_25be7f5447e7
S265_CLAIM_EDGE_93DD0DE0A08E49C37877,crel_0e5c34f763d0
S265_CLAIM_EDGE_93EC791B072D5E379CC6,crel_97f41c73b296
S265_CLAIM_EDGE_93F98D04A724E85CC15A,crel_819f9c3cef82
S265_CLAIM_EDGE_940405F5D56806249303,crel_6ff99567fca4
S265_CLAIM_EDGE_941104C93CAEB738A77D,crel_23ec60d7ca50
S265_CLAIM_EDGE_942BD4D68DC454CF746B,crel_361aa003a1ac
S265_CLAIM_EDGE_942DF6667F536AEFE032,crel_5a113eb4be65
S265_CLAIM_EDGE_94328EEA3D9F556E0AED,crel_369b9cd0cb51
S265_CLAIM_EDGE_943541FC19CB7B930086,crel_6f6f9d05f248
S265_CLAIM_EDGE_9445645A596BC80DE57B,crel_52bfc18344bd
S265_CLAIM_EDGE_944A39538423255E3373,crel_28310e593d9a
S265_CLAIM_EDGE_9464BE6ECE26AC1FA443,crel_f2a0c61cac28
S265_CLAIM_EDGE_9465286EF640EFB52D18,crel_be262e3d2761
S265_CLAIM_EDGE_9468C0E9231568F439DE,crel_6bd850baf7ce
S265_CLAIM_EDGE_948E377834F704F0EDAB,crel_39beda531836
S265_CLAIM_EDGE_949C82F582EAD48727E1,crel_26f89b991be0
S265_CLAIM_EDGE_94A772BA8830C53CA5EC,crel_04d50c9980d4
S265_CLAIM_EDGE_94B7C53D95C08B709A8D,crel_3610595439e4
S265_CLAIM_EDGE_94DA43411D999BAE82AD,crel_7cc885cf2687
S265_CLAIM_EDGE_94EF977375E4D21D28D7,crel_972bc28c892f
S265_CLAIM_EDGE_94F9017860FF36B43F8A,crel_a2ef3e7b82f9
S265_CLAIM_EDGE_9509BE617AEAFC215B1B,crel_f9bcf758b390
S265_CLAIM_EDGE_950AC921B9685524619D,crel_5c474f3b39c2
S265_CLAIM_EDGE_950BD127899E16F78B36,crel_21f97ee08ff9
S265_CLAIM_EDGE_951B1505D012591CB9F6,crel_142b4f92aceb
S265_CLAIM_EDGE_951E126833EDA375468A,crel_e6e8df433fa1
S265_CLAIM_EDGE_9520648E2CD5B0D69E0C,crel_5b5acf8bae44
S265_CLAIM_EDGE_952132EB4D80903774DD,crel_1db189813153
S265_CLAIM_EDGE_9525DD0E5E878BB746B1,crel_95bef6fe766d
S265_CLAIM_EDGE_952C6E8D63CCEF43C92A,crel_c20326054ed6
S265_CLAIM_EDGE_9531EFA4D6C276EDF688,crel_d6d096216255
S265_CLAIM_EDGE_9534D9259ED4675CC9D7,crel_c9b744274afd
S265_CLAIM_EDGE_953A7BAB90F906B9BDEA,crel_6e2d311e72eb
S265_CLAIM_EDGE_953C3A6E525D01F42AE7,crel_523fd2a33a65
S265_CLAIM_EDGE_9565A7C8007D7039102C,crel_5983a4449a5f
S265_CLAIM_EDGE_95793FD193D77D8E6CCD,crel_3dba084c5c46
S265_CLAIM_EDGE_958F3284B9EB5AF476A6,crel_6cb77add1380
S265_CLAIM_EDGE_95AD85D3926B4B2CDE3D,crel_03688fa1af32
S265_CLAIM_EDGE_95B96E6ABD674B7F55C8,crel_4d75c470f211
S265_CLAIM_EDGE_95C4A5FEF4FD6B315637,crel_8521b10942e7
S265_CLAIM_EDGE_95CB46207A1CAE4365EE,crel_441fde3b4cd3
S265_CLAIM_EDGE_95CC54434CF7B0831857,crel_56df0364cfc6
S265_CLAIM_EDGE_95D222B37C88D5929AC1,crel_1d6b90f9f7e1
S265_CLAIM_EDGE_95D611417CF721F7F73B,crel_53c2cff45c9b
S265_CLAIM_EDGE_95DCE6AF60C06DBF8F73,crel_3104804a222c
S265_CLAIM_EDGE_95E5F123FDF1738D66DC,crel_d1c7e51a74ab
S265_CLAIM_EDGE_95EE424A7FB9AECAEFBA,crel_c881dd33e428
S265_CLAIM_EDGE_95F80E3869C8D83E981E,crel_d7899081b9f8
S265_CLAIM_EDGE_9600D174C2A6F432306E,crel_701677a11cd4
S265_CLAIM_EDGE_960E6C9A1BA0234349FB,crel_6b09183b0a99
S265_CLAIM_EDGE_961B4A7073D280A01724,crel_38f4a53ea1f8
S265_CLAIM_EDGE_96228F3CC5BC646B8A8D,crel_c0534dbc663a
S265_CLAIM_EDGE_962474647BA2CD1292A0,crel_cc73fdad1542
S265_CLAIM_EDGE_9668C59A4B7D88C99C11,crel_372a3f678d20
S265_CLAIM_EDGE_96862303802695F28117,crel_c0aece5906ad
S265_CLAIM_EDGE_968669D057FB3CBB757D,crel_89bbd15f75e8
S265_CLAIM_EDGE_969033D1F1A3AB1612C3,crel_ad66b5aaf79c
S265_CLAIM_EDGE_96A7E001025F88CB329D,crel_892d122a8429
S265_CLAIM_EDGE_96B7E068869FB8FDBF8D,crel_28b931b3c95d
S265_CLAIM_EDGE_96B8239C570587871C92,crel_2937697fcd9a
S265_CLAIM_EDGE_96C79F82E4B333830A46,crel_9eb5be24d315
S265_CLAIM_EDGE_970327DD879BA35C413C,crel_ec552e5dd35f
S265_CLAIM_EDGE_9706606127BA94BA1DA3,crel_211bf81f666b
S265_CLAIM_EDGE_970955E60331EF9FFF8F,crel_5e83a6c8ebd9
S265_CLAIM_EDGE_97218CD285FF39377CFC,crel_18f7c79890e2
S265_CLAIM_EDGE_974EB0831F606DA61C28,crel_f24fade91b1a
S265_CLAIM_EDGE_97580FAF5A9D9BA771FB,crel_c3c306ec44ee
S265_CLAIM_EDGE_975BAADC995D2514D215,crel_5918db3ceed1
S265_CLAIM_EDGE_97677313CD33A3C75727,crel_f32e95c1c413
S265_CLAIM_EDGE_976A012F24527DCA72A1,crel_1212b0a180f0
S265_CLAIM_EDGE_97773840CED7C373C263,crel_9cfa59c6fbde
S265_CLAIM_EDGE_9779DB31A0D3D707F93A,crel_525629641a48
S265_CLAIM_EDGE_977C0B2C45F4034FF1F6,crel_8e1115c65596
S265_CLAIM_EDGE_97A382856E4ED879D0BB,crel_5ed33ba92a2e
S265_CLAIM_EDGE_97AE0BD5D621896885FB,crel_be13664f6de4
S265_CLAIM_EDGE_97E0C7F4969B0EBB8878,crel_ec62a7fe030b
S265_CLAIM_EDGE_98176829387C96405A70,crel_fa0f24d52d55
S265_CLAIM_EDGE_981FF390671E896CEB42,crel_8a39d13591eb
S265_CLAIM_EDGE_9823AB59948268B15724,crel_b5db8c6ac2ed
S265_CLAIM_EDGE_98440FD7DE26C16FAB31,crel_c63d5266ee0e
S265_CLAIM_EDGE_98571E7920936149AEDD,crel_f1cecf584140
S265_CLAIM_EDGE_9857914DC362AE82ED8E,crel_d2c2097eb315
S265_CLAIM_EDGE_985940BC05E8F226128B,crel_6df61b84442b
S265_CLAIM_EDGE_98A7268D3772BA69DD59,crel_cd859a89926a
S265_CLAIM_EDGE_98AD8B487B7677954BC0,crel_0854a65da619
S265_CLAIM_EDGE_98F26E928B4B9A805F38,crel_55c4c5d48ded
S265_CLAIM_EDGE_98F61177575E7A4395FA,crel_1763ebc1ee45
S265_CLAIM_EDGE_98F8C5E027908D0D7D15,crel_c1c0af0d70d7
S265_CLAIM_EDGE_9904CFD9B172694F372F,crel_365ae65b4288
S265_CLAIM_EDGE_9925BD29C2A6037D5FD3,crel_6f1a63b3a0b1
S265_CLAIM_EDGE_9926192DC6EA7F816FB0,crel_c3c4c5606e60
S265_CLAIM_EDGE_99304A2F3518F53CBBB1,crel_84403e118669
S265_CLAIM_EDGE_9932EA9AD31738DF3749,crel_8f8c4c43073d
S265_CLAIM_EDGE_994E52C3CD6F1B3DAB92,crel_3108e6a8fa3b
S265_CLAIM_EDGE_996CEC12268B2EE9EAE0,crel_1e5c2ac3872e
S265_CLAIM_EDGE_9971B684A1FC984D7FF9,crel_76b3ae2fb2ff
S265_CLAIM_EDGE_9980DDEABD246C9C9E14,crel_45c1f48e0540
S265_CLAIM_EDGE_999B3143B5F2C564EE9D,crel_805a63847094
S265_CLAIM_EDGE_999FC3B907D020086B50,crel_3f300b675c23
S265_CLAIM_EDGE_99A4DA36FB4C81396714,crel_070553070cd7
S265_CLAIM_EDGE_99E1DB140EA4AD2BDB1F,crel_be44fe5e53c5
S265_CLAIM_EDGE_99E2203FA191A1254167,crel_674e1c137a6e
S265_CLAIM_EDGE_99E549C831C31AA484D0,crel_f1f89461baf2
S265_CLAIM_EDGE_9A0889DB1BACDFD28822,crel_a50ff48121ae
S265_CLAIM_EDGE_9A2B08E5FFD284C540A8,crel_a38aea90dbe8
S265_CLAIM_EDGE_9A2F651919392014FA5F,crel_67967a8a5bf7
S265_CLAIM_EDGE_9A36C28FCBA8A0354E4F,crel_1ff79a936ac1
S265_CLAIM_EDGE_9A58003C3BB6177A396E,crel_4c5ca87e6c95
S265_CLAIM_EDGE_9A8CD35BEF995610F40D,crel_9b6f60558df4
S265_CLAIM_EDGE_9AA70319929C2E61748E,crel_a78db2fe8008
S265_CLAIM_EDGE_9AA7C81FD48389F890ED,crel_9420e36cece1
S265_CLAIM_EDGE_9AC920395B1F5994EB1C,crel_18017a1b1887
S265_CLAIM_EDGE_9AE78EFF1A3CA3EB1AA6,crel_08a357f3d30d
S265_CLAIM_EDGE_9B22B59ED8DF33F1E001,crel_65897448a8b3
S265_CLAIM_EDGE_9B3DD5B0F5252314F01A,crel_461f908a4455
S265_CLAIM_EDGE_9B3F04CDF1030B6F0AB3,crel_633d406c8e91
S265_CLAIM_EDGE_9B445F5D5473CECC744D,crel_e0ca65144802
S265_CLAIM_EDGE_9B4DA1D2179EC1934F78,crel_31406134ac22
S265_CLAIM_EDGE_9B4E6647D103A5526BEC,crel_b8ad1e27d57f
S265_CLAIM_EDGE_9B6090C20CD4D7BEBA20,crel_f81c172127cb
S265_CLAIM_EDGE_9B68E3C985C4F8D489C7,crel_7cbafe2fbc70
S265_CLAIM_EDGE_9B72A6CD06B303142461,crel_57c02f6156cd
S265_CLAIM_EDGE_9B74B4A5F466AEE99198,crel_4d56096ed598
S265_CLAIM_EDGE_9B89E0D7AF9A14135C0A,crel_b9ccb0ce278a
S265_CLAIM_EDGE_9BEA304D5EB5282F6D1A,crel_93a687d18ea6
S265_CLAIM_EDGE_9C0980613965ABA6A3D0,crel_fff72c52d325
S265_CLAIM_EDGE_9C0DC8D100B80DB82AA2,crel_709d99afe3c5
S265_CLAIM_EDGE_9C298162447FB35AAADD,crel_241da4f01173
S265_CLAIM_EDGE_9C2A5031BAD773E8D9BE,crel_c33ae7741710
S265_CLAIM_EDGE_9C387A887217A872E666,crel_eef9daa2528f
S265_CLAIM_EDGE_9C70F01951520CA075C2,crel_e4f6102e1bb6
S265_CLAIM_EDGE_9C80F5837A3FBA203EA1,crel_8291e7a88add
S265_CLAIM_EDGE_9C874DD441B846C94E5C,crel_8cfa29da9471
S265_CLAIM_EDGE_9C90781F8913B2EEA695,crel_db220abad726
S265_CLAIM_EDGE_9C963E98462388949A8C,crel_3d3809eb7275
S265_CLAIM_EDGE_9C9AD9AE174E3C630381,crel_ad255c97558e
S265_CLAIM_EDGE_9CB8712FFC9FDD6F2B43,crel_2080a20d8145
S265_CLAIM_EDGE_9CC22431BD693A5A3E85,crel_32436468adfd
S265_CLAIM_EDGE_9CE982A17170146B1F4F,crel_1f6141a92c45
S265_CLAIM_EDGE_9CEBD89CF5DB16110B22,crel_6501dc6e5c5a
S265_CLAIM_EDGE_9CF8321EA1EC7AA35222,crel_9c104f9a673a
S265_CLAIM_EDGE_9CFC444C89BB3FBA45C7,crel_d55ea62374ab
S265_CLAIM_EDGE_9CFD6499D30513D15B47,crel_79afe146e0cb
S265_CLAIM_EDGE_9D04C9E0EC61742CAFCD,crel_f48457eb8f77
S265_CLAIM_EDGE_9D07CF3DF45A9C5F3270,crel_b55e8b395052
S265_CLAIM_EDGE_9D155C2D64BFF6699522,crel_cb9ffec88832
S265_CLAIM_EDGE_9D1FA1D9AD5C8F2CDBF3,crel_e783501a9653
S265_CLAIM_EDGE_9D3CA6FE9E4A0379D481,crel_87ca1582afb7
S265_CLAIM_EDGE_9D3D7C770F0DDC76FF04,crel_8d1409ab340c
S265_CLAIM_EDGE_9D72BC7BBC5CA6352DF5,crel_40954e793dea
S265_CLAIM_EDGE_9DA4327F786105DF7766,crel_c69c78d80f27
S265_CLAIM_EDGE_9DB7A43A370D0280A38D,crel_115d200de4ba
S265_CLAIM_EDGE_9DF25C974542A6283E42,crel_ebb1829a8572
S265_CLAIM_EDGE_9E0034DC8BC69E332C18,crel_fdfd5506a3fe
S265_CLAIM_EDGE_9E0B92552159B95ED9AD,crel_fbf1e24efcf5
S265_CLAIM_EDGE_9E146F3110FE30F02D6A,crel_451158a0436c
S265_CLAIM_EDGE_9E1D7AD5376A15CEBE47,crel_311996230cff
S265_CLAIM_EDGE_9E393DEA556EC1F378E8,crel_b8171cc4064f
S265_CLAIM_EDGE_9E53EB05C098778EE43A,crel_95b631717732
S265_CLAIM_EDGE_9E7BADDF05E64D41951E,crel_9b1d6ffa7277
S265_CLAIM_EDGE_9E9C0E748750F1EDC1DF,crel_0e01a4fc4a60
S265_CLAIM_EDGE_9EABC5CBF6EA6CA87818,crel_5b444d6963b8
S265_CLAIM_EDGE_9EB90F15324D7B343634,crel_4c702e16dcd7
S265_CLAIM_EDGE_9EBD571B18D6268019D0,crel_42b4491e81c4
S265_CLAIM_EDGE_9EEDD295E99E511F59B8,crel_2310c2a80ecf
S265_CLAIM_EDGE_9EF12327D3BA463572F2,crel_84fe04a290cc
S265_CLAIM_EDGE_9F091588733350738684,crel_432f4c5a3a86
S265_CLAIM_EDGE_9F113365FC832302B862,crel_78be3ed30893
S265_CLAIM_EDGE_9F3AABA715A062907D1B,crel_13e555d96ece
S265_CLAIM_EDGE_9F57B4173D1115B3DA83,crel_ce67d14477d3
S265_CLAIM_EDGE_9F6F78528FC77D55F280,crel_c426013ce196
S265_CLAIM_EDGE_9F736599B356FC5D52B9,crel_447ebf3c58c7
S265_CLAIM_EDGE_9F737AFD6170146EFBC4,crel_160d324dfed3
S265_CLAIM_EDGE_9FA5B29DE14883A9A57D,crel_005bc62f0f3d
S265_CLAIM_EDGE_9FC0D3CB5DBEA431FEF6,crel_016b354c598c
S265_CLAIM_EDGE_9FCDD759B91A464D04CB,crel_66206588b738
S265_CLAIM_EDGE_9FD1B46D5820E39637E8,crel_6aecf171a8d1
S265_CLAIM_EDGE_9FF598E5E03AF849E645,crel_d3beb0041fe3
S265_CLAIM_EDGE_9FFFD9151C789B9D21A5,crel_8bb7ef9863de
S265_CLAIM_EDGE_A0027EBBC49657245AFE,crel_ee8842b4e15a
S265_CLAIM_EDGE_A00A04B2F036431249B1,crel_16e7c137855b
S265_CLAIM_EDGE_A0151ABD6ACBA0FC5457,crel_4b240c927851
S265_CLAIM_EDGE_A01B8B73576F657A49ED,crel_8414ee54f047
S265_CLAIM_EDGE_A02BBC2C86DBD1E418C5,crel_e2ce8c823d91
S265_CLAIM_EDGE_A03253A6EC287DD498F2,crel_29b191c26bcb
S265_CLAIM_EDGE_A056C2E58BC2FEF95A22,crel_157bf4f6a7d8
S265_CLAIM_EDGE_A074076987557024DC14,crel_679c5c8c5718
S265_CLAIM_EDGE_A076BFB48D0EFA5FCBE6,crel_367e46e5d367
S265_CLAIM_EDGE_A081CD92E0AD823C519D,crel_f492c4db8416
S265_CLAIM_EDGE_A08BB5425E75EE37F81F,crel_39c32147aba6
S265_CLAIM_EDGE_A0AD87A37E3769BED47E,crel_5ccd1d46a4ca
S265_CLAIM_EDGE_A0D28B998B79EA616269,crel_af3fc69cc7c8
S265_CLAIM_EDGE_A0E3E47C6772D25DD2F5,crel_c102f08194c8
S265_CLAIM_EDGE_A0EDE552F825940151EE,crel_da2123f33a28
S265_CLAIM_EDGE_A0FAFB55460A8AF64729,crel_d6156320c4b9
S265_CLAIM_EDGE_A1083959D66E59039D5A,crel_e095e32e405f
S265_CLAIM_EDGE_A12A8396944ED0E49AE1,crel_d3872712ac5c
S265_CLAIM_EDGE_A13213B854E4AC5FE4AE,crel_3c1c16d83609
S265_CLAIM_EDGE_A1371C8165CCC33EAFFB,crel_c1c10ac7d351
S265_CLAIM_EDGE_A1384886AF122CF29B93,crel_140ed66a7818
S265_CLAIM_EDGE_A154AB994DEF27419E39,crel_64f072b1527a
S265_CLAIM_EDGE_A158293C917BB5CC554D,crel_6d806c549c24
S265_CLAIM_EDGE_A15A34FEF88A4ADB21D0,crel_036e24dbb02c
S265_CLAIM_EDGE_A15C3B42DA047161429E,crel_f7bcfe39101b
S265_CLAIM_EDGE_A15C8925D6DBCB5DD37E,crel_3044570ff689
S265_CLAIM_EDGE_A17561E7F8D1E0065BA1,crel_89a40caa319a
S265_CLAIM_EDGE_A182E8918D0AE653C0B6,crel_38feb6c0ad98
S265_CLAIM_EDGE_A1B9FF19FB7542901B85,crel_08f8eecd58f1
S265_CLAIM_EDGE_A1BFB62DA7E3167492EF,crel_e62d450c9089
S265_CLAIM_EDGE_A1F286F5875C02C0B8CF,crel_9ef9e207a75c
S265_CLAIM_EDGE_A1F67D7F0590C7BAD3B0,crel_3006f4ff24e0
S265_CLAIM_EDGE_A1F7A00EE8360C739A5B,crel_5a55dd9aa2b4
S265_CLAIM_EDGE_A213095A20FF5F1250E9,crel_e3f0cf1cb239
S265_CLAIM_EDGE_A21D0667975D1F7B7021,crel_881ff739b20c
S265_CLAIM_EDGE_A22C631E81AF6CD24013,crel_855eb8a23b4f
S265_CLAIM_EDGE_A22E2600C20FB13CF974,crel_6be8d19c0c5b
S265_CLAIM_EDGE_A23AE5DB29D290A4816D,crel_e28e338364ab
S265_CLAIM_EDGE_A2887D5ED960BFCFCA8C,crel_fd1c636b2914
S265_CLAIM_EDGE_A29C8ADA9DB1FBCDD54A,crel_3096e1c4015c
S265_CLAIM_EDGE_A2F5D5B4FA38541BC6A2,crel_4e534ba2ed9c
S265_CLAIM_EDGE_A2F73F70640BC95EAA0F,crel_9784a5c0ce21
S265_CLAIM_EDGE_A2FE8E26F8854D4159E2,crel_5366badb6c33
S265_CLAIM_EDGE_A30F071B473D2C115DEC,crel_3f05e6e79743
S265_CLAIM_EDGE_A312392940822A2ECAC5,crel_c4e76c56e6c3
S265_CLAIM_EDGE_A313C29EEAF24CBE529A,crel_7afd7f0f4548
S265_CLAIM_EDGE_A325AFD96DA61316EFE7,crel_e00098619ab3
S265_CLAIM_EDGE_A342381CEBC31CC101D5,crel_4c7b0a7fe44d
S265_CLAIM_EDGE_A3496CE7996276685316,crel_9f617ae1b92d
S265_CLAIM_EDGE_A3560DA68F7DA62B8E08,crel_ad016f561f89
S265_CLAIM_EDGE_A35B34EBC079F7A34B02,crel_85dc8d917ec8
S265_CLAIM_EDGE_A366D1CD1868B0856E2B,crel_3c268b975470
S265_CLAIM_EDGE_A375D0C526FD44891D03,crel_c4a9b4ddc112
S265_CLAIM_EDGE_A38469C6489DA0C3A41B,crel_5f51b68a8053
S265_CLAIM_EDGE_A39EB283E066FA9E1095,crel_6dd9efc7b97e
S265_CLAIM_EDGE_A3A8A51BF385A4F6164A,crel_ad1b4cc28758
S265_CLAIM_EDGE_A3CE4B8F8C17F6A3C0A5,crel_065379a69ffd
S265_CLAIM_EDGE_A3D102C15B70896F1552,crel_5c8225091732
S265_CLAIM_EDGE_A3F3D2844F90D5B12E02,crel_5733bf597d38
S265_CLAIM_EDGE_A3F55DB817EC13991A9F,crel_9891431b2119
S265_CLAIM_EDGE_A405210DEFD39FCF3C9B,crel_0a3930d5a795
S265_CLAIM_EDGE_A4106DC0223016673508,crel_f6e1769dd02c
S265_CLAIM_EDGE_A422F32A6D99D6D7CEF4,crel_dfe6cd89cc8f
S265_CLAIM_EDGE_A446D552F689B24C0843,crel_2cfbf29288fe
S265_CLAIM_EDGE_A4478D15B1401D66160D,crel_5fed57fbb61e
S265_CLAIM_EDGE_A45A1A25AF02A4DB22C0,crel_bbfa1e73a2c7
S265_CLAIM_EDGE_A45BD2B99377FDAF9864,crel_8d78e2393111
S265_CLAIM_EDGE_A46032ACDACFD34D7FD5,crel_00423378ff0d
S265_CLAIM_EDGE_A4C8A5EB23906492D380,crel_1caf666f7910
S265_CLAIM_EDGE_A4CFE37E03157F8AA88D,crel_b5ed061236cd
S265_CLAIM_EDGE_A50D13AED733CAA7B8C8,crel_3dd9c23f047e
S265_CLAIM_EDGE_A50D2986B648FDFBCB89,crel_590eafd6e5ea
S265_CLAIM_EDGE_A5235AFF01DA9BC2321A,crel_7f6daa74467b
S265_CLAIM_EDGE_A53C7064BEA262DE4087,crel_c968b9e206e0
S265_CLAIM_EDGE_A5415FF08EE429299EFC,crel_d4ac59218057
S265_CLAIM_EDGE_A566E80E3B3A47C89287,crel_58d103de11d4
S265_CLAIM_EDGE_A5696151A6FE7A55A4F1,crel_0c67d0a16f79
S265_CLAIM_EDGE_A5831EB4A2D1713D8A3B,crel_cb6fb3237c5c
S265_CLAIM_EDGE_A587770BD0CD61BD844F,crel_1ca6d78135c2
S265_CLAIM_EDGE_A5971E80713ADAF4817D,crel_65fec3fb24c0
S265_CLAIM_EDGE_A5D5252306178D6A5ED8,crel_acbfe9b89c15
S265_CLAIM_EDGE_A5F9760416C75D40A37B,crel_ba0c898b9d85
S265_CLAIM_EDGE_A62549E9CA5748222711,crel_75ee04ad78dc
S265_CLAIM_EDGE_A63731236195406177A1,crel_aa33e0036247
S265_CLAIM_EDGE_A6673FE75AC5CCC4EF2F,crel_df2a444158c2
S265_CLAIM_EDGE_A69AB7872184683BEA79,crel_eb5ba4a19d89
S265_CLAIM_EDGE_A69BC6B67E2FD2608080,crel_9e1a2d8f5085
S265_CLAIM_EDGE_A6A163451C4F7047A2C7,crel_8966cda4ada3
S265_CLAIM_EDGE_A6BD688405B30306A308,crel_a8e95f110df3
S265_CLAIM_EDGE_A6C1AB7572850D7958F7,crel_8d4b0200ba46
S265_CLAIM_EDGE_A6E2BA00E87460EFBF21,crel_b25fa120cac9
S265_CLAIM_EDGE_A6E4A67C8307B22AE345,crel_6aa1e30295c8
S265_CLAIM_EDGE_A70D35C94CC7AE95BF69,crel_d0db36a694ec
S265_CLAIM_EDGE_A7189DFB45DF7B4C721E,crel_bb634553385a
S265_CLAIM_EDGE_A73FAD554D01C23A5A7C,crel_ab3f9c69ff9f
S265_CLAIM_EDGE_A745F42F9D8A1D92D389,crel_1075c7730de6
S265_CLAIM_EDGE_A761CF383E768962B0C1,crel_982078950692
S265_CLAIM_EDGE_A7660CF0B7E5E5B5C918,crel_04456ba9ebf6
S265_CLAIM_EDGE_A7821D043C434ECFB381,crel_526e12a36f44
S265_CLAIM_EDGE_A78A35C4D72A16D5CC6C,crel_87e5458735ec
S265_CLAIM_EDGE_A792CE2DB0A2ED9111A4,crel_42c96786f03e
S265_CLAIM_EDGE_A7C167E1AF9439D7C23C,crel_5e568f013ed3
S265_CLAIM_EDGE_A7F79C53431344A88987,crel_d4ae22bc8fa4
S265_CLAIM_EDGE_A7FAF1D58E03C951B7EE,crel_fee0735baca2
S265_CLAIM_EDGE_A826FDE50C9765797A30,crel_83bf60c23562
S265_CLAIM_EDGE_A82E7A346CC05174AC40,crel_c458cb8af8c9
S265_CLAIM_EDGE_A8308BA0D8EDF8F59736,crel_53d5bde24b8c
S265_CLAIM_EDGE_A8317C92E02B1BB94B55,crel_952a96d280aa
S265_CLAIM_EDGE_A879759DC95585BAA327,crel_ba517e259c94
S265_CLAIM_EDGE_A8F93D8A17F239DEEADB,crel_ab9adf19e177
S265_CLAIM_EDGE_A9015B0F199159092FBC,crel_af2c0aac0dd3
S265_CLAIM_EDGE_A91B3BA9130B2D939F2D,crel_84f9611641b0
S265_CLAIM_EDGE_A92F9520834F87F552DF,crel_1afbba563acc
S265_CLAIM_EDGE_A9430606E5FBD9027002,crel_649202326749
S265_CLAIM_EDGE_A953F8694CBD85F342C9,crel_0a1ab00ae736
S265_CLAIM_EDGE_A9966C4F36EDCFAB83E2,crel_4aa44f71ed02
S265_CLAIM_EDGE_A9B56C0AED232CB9CC83,crel_9ec320687030
S265_CLAIM_EDGE_A9C25A50B95A6714AE6B,crel_9e3c7db4b59d
S265_CLAIM_EDGE_A9CADFD450E0CA972F3D,crel_eced97ae0f88
S265_CLAIM_EDGE_A9DDC4117095C40F3836,crel_c0e005857073
S265_CLAIM_EDGE_A9E7263277368BE9FF99,crel_d9e022b5d79c
S265_CLAIM_EDGE_A9F8B66BE2DA966943E7,crel_d19058e1d341
S265_CLAIM_EDGE_AA0A7CA3A628A5E21011,crel_ba9c4202b7a4
S265_CLAIM_EDGE_AA0F63FE34ECF54B6319,crel_ee56c9e39ede
S265_CLAIM_EDGE_AA2D89AA36239FD838DF,crel_58e8c57338fd
S265_CLAIM_EDGE_AA38CAB498A9B1C72967,crel_538b7da174f0
S265_CLAIM_EDGE_AA67E6950AABB4FAE8E7,crel_c69deb45768d
S265_CLAIM_EDGE_AA72FAA8C5704D9B1CBD,crel_9e91cc396ce0
S265_CLAIM_EDGE_AA807537208AA470334C,crel_dfd83ad9dfd9
S265_CLAIM_EDGE_AA869E832E58829B3A28,crel_a682a385ac9c
S265_CLAIM_EDGE_AA91C1475EAB596EC30A,crel_6459ecd78d27
S265_CLAIM_EDGE_AAAEAF581EA153B31AAE,crel_a8619c1c0af4
S265_CLAIM_EDGE_AAAFD13D514BBBB4CEFA,crel_a3ee9832eaf0
S265_CLAIM_EDGE_AAB6D23F1B5638B8CAE7,crel_b0db33382c86
S265_CLAIM_EDGE_AAB8C133805C1F30D533,crel_7000c12a3360
S265_CLAIM_EDGE_AACC2FC8785532980BF9,crel_2068a601b70d
S265_CLAIM_EDGE_AAEAD5CA810ECF2D77AB,crel_725c51069374
S265_CLAIM_EDGE_AB0DB57AF38392A021DB,crel_036600ef7d74
S265_CLAIM_EDGE_AB0FDBE368857805383E,crel_bd68a349e858
S265_CLAIM_EDGE_AB2CB8A3D1C1EBDA8392,crel_572c156201d4
S265_CLAIM_EDGE_AB84303ABF92FC57F106,crel_cf52f915f138
S265_CLAIM_EDGE_ABAC7ED48D815FE63067,crel_6fd47cd9f6ee
S265_CLAIM_EDGE_ABB0EB06E43FE907195E,crel_acb4fa76a020
S265_CLAIM_EDGE_ABBE59DF5275B36ECA9D,crel_17757922811c
S265_CLAIM_EDGE_ABD9B2B79ACFB5EA0F6A,crel_fe360a6f7c83
S265_CLAIM_EDGE_ABDE29A2FA586896E697,crel_d7bbee9e8166
S265_CLAIM_EDGE_AC0A1F1B16B38615F998,crel_5b2eb91a6ea2
S265_CLAIM_EDGE_AC0E3F49D45991622DF8,crel_8110df7b4d77
S265_CLAIM_EDGE_AC172AF8CC08B51BE181,crel_b83950267cbe
S265_CLAIM_EDGE_AC1C389B1417DEA396F1,crel_8a1a9fa4d747
S265_CLAIM_EDGE_AC2B9852E27F9F5C415A,crel_8720ed0f693e
S265_CLAIM_EDGE_AC49D84E564625CAF323,crel_b62ee0160c42
S265_CLAIM_EDGE_AC4D8A9F69BCE3116BD5,crel_fb76b23b722f
S265_CLAIM_EDGE_AC51D1C1A465B42FBFBC,crel_22828aaa6ca1
S265_CLAIM_EDGE_AC56E53478F462A386D8,crel_25ace94f0eb0
S265_CLAIM_EDGE_AC5D0A76F38CF25FAE79,crel_3437aa42ee9b
S265_CLAIM_EDGE_AC71F52B2817DD64347D,crel_69f9c67f8ebb
S265_CLAIM_EDGE_AC74BAC5A8D35D3A1612,crel_4f61b4104343
S265_CLAIM_EDGE_AC773485BE3D3AF6ED8A,crel_c32d0c3c70b4
S265_CLAIM_EDGE_AC794F31DE2E6F41C530,crel_f5aca2bdff9f
S265_CLAIM_EDGE_AC83C0CF50340DBFDAC0,crel_4d4c2e379cdb
S265_CLAIM_EDGE_AC8D302B806EB32F60DD,crel_4527e1ba669c
S265_CLAIM_EDGE_ACD3970CE1139D926B7C,crel_02f42de432a2
S265_CLAIM_EDGE_ACD66F49AAD395C15242,crel_efdd30395c8f
S265_CLAIM_EDGE_ACE8680E934105749B9D,crel_6705018621ef
S265_CLAIM_EDGE_ACF82290F5CCCEC3D2D1,crel_fa755e88e633
S265_CLAIM_EDGE_AD0F613C8833CA477634,crel_0c306084c731
S265_CLAIM_EDGE_AD18B03D01FB558B8CA7,crel_e4b8a2431f37
S265_CLAIM_EDGE_AD1E4B119710FED745DF,crel_15d81130a590
S265_CLAIM_EDGE_AD21963EEA26F0260C7C,crel_e117e2e10ba1
S265_CLAIM_EDGE_AD3742849D1B40A64037,crel_ab25bd0b88f4
S265_CLAIM_EDGE_AD42861D5D2233A95BF3,crel_9a68fa37b102
S265_CLAIM_EDGE_AD490B08586E8DDB40E5,crel_48f5399bdbbc
S265_CLAIM_EDGE_AD72B8455A50015852C6,crel_7b30529ff3df
S265_CLAIM_EDGE_AD72CA067C4C8C01C5E7,crel_091ead54f1b5
S265_CLAIM_EDGE_AD733514F6644C5004A3,crel_90f71062174c
S265_CLAIM_EDGE_AD7D3025B6B561A23319,crel_fa42b4b8c406
S265_CLAIM_EDGE_AD8A2B869DC9860B652A,crel_f0be086ec3e3
S265_CLAIM_EDGE_AD9D87135A7B54B7385C,crel_2fd27fec7112
S265_CLAIM_EDGE_AD9FD74AD72AE39C06A9,crel_249e9bdae6b9
S265_CLAIM_EDGE_ADE65E0D888BAB45F064,crel_1d551c4ef642
S265_CLAIM_EDGE_ADE88FE82CD272DC2A19,crel_b7fe0be67289
S265_CLAIM_EDGE_AE02986EF43171BD331F,crel_410682626736
S265_CLAIM_EDGE_AE2479E0A2F293A2D324,crel_dadde8ec923e
S265_CLAIM_EDGE_AE4AA9ACA161D8FB0B8C,crel_3f1ae97df430
S265_CLAIM_EDGE_AE669969287554416593,crel_856ec7c020d2
S265_CLAIM_EDGE_AE6ED9B9461715A1277B,crel_5928a649e8bf
S265_CLAIM_EDGE_AE71186006A67C529C37,crel_738daafed0fe
S265_CLAIM_EDGE_AE94EFE6097D25846D77,crel_0a96b41305f1
S265_CLAIM_EDGE_AE9CBBA7BD400862775D,crel_e52b178df88b
S265_CLAIM_EDGE_AEBF42E04860DE4BD4C1,crel_66d5d32b70b5
S265_CLAIM_EDGE_AEC1B64BC43BCFBF7749,crel_e4ca0e954403
S265_CLAIM_EDGE_AEC73EA6315381D444B9,crel_2a18c861bf56
S265_CLAIM_EDGE_AECB304375981B16E378,crel_07e920c5afc8
S265_CLAIM_EDGE_AED138781C70ADBF0FC0,crel_4357c9c5810a
S265_CLAIM_EDGE_AF01BAB54B10DA3A2F46,crel_c2189a716ba7
S265_CLAIM_EDGE_AF0F527F904D207C91EA,crel_cc9d3d38c50a
S265_CLAIM_EDGE_AF3F0C0C269164BC969F,crel_1397412e6f97
S265_CLAIM_EDGE_AF4184E4C285389C1BE0,crel_1343b25134d7
S265_CLAIM_EDGE_AF439DDA8A6E0B5E281F,crel_77b42602accd
S265_CLAIM_EDGE_AF483866FD1DBFF9A05C,crel_23c92cfdcf22
S265_CLAIM_EDGE_AF49F4DB7522B6506F0E,crel_027977b7b958
S265_CLAIM_EDGE_AF4D3A1FCC9490DC3C0E,crel_c83584af29a0
S265_CLAIM_EDGE_AF700ED6F19D1807641A,crel_496e70652c84
S265_CLAIM_EDGE_AF7D5CBF6707B0526D43,crel_a1341d474565
S265_CLAIM_EDGE_AFBE59F995D645D4B534,crel_246b90d8fe30
S265_CLAIM_EDGE_AFC55E0E8B66513E516D,crel_4299bed33129
S265_CLAIM_EDGE_AFD6D1B8CA502F1921F0,crel_f98e3c39d6d9
S265_CLAIM_EDGE_AFEAAD868CD8BE32BBEF,crel_eb79608e410b
S265_CLAIM_EDGE_AFEC3737802B423C6D1D,crel_bade79d427d0
S265_CLAIM_EDGE_AFF3D9F641ACE1E115DF,crel_70babc3e8402
S265_CLAIM_EDGE_B00E24DE92BEC2834508,crel_535aa47e26a0
S265_CLAIM_EDGE_B00F7AA8BDB2C324E953,crel_21f74e79c20b
S265_CLAIM_EDGE_B00FCD3E1B981697BC94,crel_5d017e6675b5
S265_CLAIM_EDGE_B0161156CA5FB4029FA0,crel_1ae93935cd89
S265_CLAIM_EDGE_B04766C6DEE1A1C8AEF8,crel_2c7f9ad719b4
S265_CLAIM_EDGE_B091A6FF7322A77EBD83,crel_83b174a17bab
S265_CLAIM_EDGE_B096410100DC56B09035,crel_579884ccf20d
S265_CLAIM_EDGE_B0B1855220A28AE96AB8,crel_cbe5d3666a06
S265_CLAIM_EDGE_B0B89BD4EC0A229D17D8,crel_981b58527796
S265_CLAIM_EDGE_B0BE899D64EBB7E1852C,crel_1db30f561d4a
S265_CLAIM_EDGE_B0DEE1094032ECD26071,crel_2d9a57e2cb96
S265_CLAIM_EDGE_B0E287400AD4784DE7F9,crel_509952237179
S265_CLAIM_EDGE_B0F47A97695DA2233D3C,crel_a4628c2a88c7
S265_CLAIM_EDGE_B0FCB96F1407969011D9,crel_7884632d9fd0
S265_CLAIM_EDGE_B101425E9328EE416EDE,crel_cdefa3d8e102
S265_CLAIM_EDGE_B118E49E468A02C05550,crel_ad5c55f8f382
S265_CLAIM_EDGE_B13A8597F3545F537A48,crel_a4d151c3bd18
S265_CLAIM_EDGE_B1749A504E317BA96B47,crel_eee9b592d504
S265_CLAIM_EDGE_B18322E4C387B24E6899,crel_8e563d9708f8
S265_CLAIM_EDGE_B192553CE055899FBDF1,crel_182983cc530a
S265_CLAIM_EDGE_B19A3F75B44E80AE2CA2,crel_56427818d4cc
S265_CLAIM_EDGE_B19D8D476E934EC5C896,crel_edbda2abf336
S265_CLAIM_EDGE_B1AA96A37F27324E4997,crel_58e688da243b
S265_CLAIM_EDGE_B1C4801A096EA298696A,crel_7d1f18d2856e
S265_CLAIM_EDGE_B1E3CA24068F8455D93D,crel_688e9cbce25d
S265_CLAIM_EDGE_B1E96320551C3C8694C9,crel_e72944eb19c6
S265_CLAIM_EDGE_B1FF4E3CCAC3AA0811D0,crel_941e9e57694a
S265_CLAIM_EDGE_B214E45746060B665332,crel_d696b72c4a35
S265_CLAIM_EDGE_B225200142EE3CB755E3,crel_988d4b7a7c42
S265_CLAIM_EDGE_B242A82C0AABA573EA12,crel_5b83bf50b6ae
S265_CLAIM_EDGE_B24A04D209CC7ECAB054,crel_9d67894d66f8
S265_CLAIM_EDGE_B25ACB6A6FB2AE19A2D7,crel_3e067207012f
S265_CLAIM_EDGE_B26A0561C303A3DD89E6,crel_a3141e612eca
S265_CLAIM_EDGE_B26AEF5D5B538FD4B744,crel_4c9e301390b5
S265_CLAIM_EDGE_B2A979A585CD514216B8,crel_68d71880bdd4
S265_CLAIM_EDGE_B2BEBB2341FA0ACCCD82,crel_320af714c775
S265_CLAIM_EDGE_B2CA6AAA0B2AFC79BCC4,crel_acb85aab559a
S265_CLAIM_EDGE_B2FD2D825B1E86C45CC5,crel_5a022d27848f
S265_CLAIM_EDGE_B2FEFDDFF6AFCBC7C04C,crel_727310ea8448
S265_CLAIM_EDGE_B30F16D57DE89C960C13,crel_15cec6f464d1
S265_CLAIM_EDGE_B313938656B1C9E46A0E,crel_eee9fb98c146
S265_CLAIM_EDGE_B31923317D90D42C2A36,crel_cb4a2688da4a
S265_CLAIM_EDGE_B324C5C09CC1CA1E99D3,crel_347411fac200
S265_CLAIM_EDGE_B3488425DED57D4623F7,crel_005a338fe4ee
S265_CLAIM_EDGE_B34908EB780AAE8F3C0A,crel_193d86f19246
S265_CLAIM_EDGE_B34BF5228CAD6BC9D86C,crel_f47ea6e0fa3f
S265_CLAIM_EDGE_B3A98A1BF14C92BD2843,crel_dbda3b29c0f6
S265_CLAIM_EDGE_B3D69D2362E2F42C4F3B,crel_3d1a78f0f8e1
S265_CLAIM_EDGE_B3D882CEBBC7F0BD406A,crel_16eaf5b335a3
S265_CLAIM_EDGE_B3E0E5188522E7CCE6DB,crel_ec9d2001bc2d
S265_CLAIM_EDGE_B4005A4AB0F1B9644F0C,crel_9f9db8be7045
S265_CLAIM_EDGE_B40280557784747218D9,crel_061080c27a9d
S265_CLAIM_EDGE_B4341FE4FF5B3F3005BC,crel_e6d843ae1cc5
S265_CLAIM_EDGE_B434EE8AB912FEDD620B,crel_f045962a6ef5
S265_CLAIM_EDGE_B4530789B4446762C939,crel_bc8ce8458c47
S265_CLAIM_EDGE_B4575772E436E58055F3,crel_f0cdcd0ec7c7
S265_CLAIM_EDGE_B458E972EB96F100C786,crel_96b414e668af
S265_CLAIM_EDGE_B46197DEAC2911612102,crel_f5a1595339a8
S265_CLAIM_EDGE_B464269E76F154A5CC2A,crel_458123a74dbc
S265_CLAIM_EDGE_B46A811B717C3D4C3666,crel_1fb908fb0d60
S265_CLAIM_EDGE_B4C66ACFF5EE03A0C154,crel_96b9bf546ff8
S265_CLAIM_EDGE_B4F2D01F0F58B077D5CF,crel_8c7b340c6ec9
S265_CLAIM_EDGE_B4FD7FAD5D08304F1546,crel_3ce2b10f4558
S265_CLAIM_EDGE_B5046548B464DC05D2A3,crel_32fef31e0c80
S265_CLAIM_EDGE_B505108EC6B330BD9F56,crel_6d3c7ad7433f
S265_CLAIM_EDGE_B50B5BB75C8D18692C75,crel_fb646bc4c166
S265_CLAIM_EDGE_B51E8D3465301D278D1B,crel_3d16458149aa
S265_CLAIM_EDGE_B53EFDBEB7FE1171EB2C,crel_e26a7a3fa675
S265_CLAIM_EDGE_B55AA9550E798F9EE36E,crel_cf0fa82a77a1
S265_CLAIM_EDGE_B5650A9F6425DED3DC1C,crel_94cba2d72b90
S265_CLAIM_EDGE_B56F1FFF1D39C7FB688C,crel_0aa9b1ce723e
S265_CLAIM_EDGE_B5782556088FDF8F981E,crel_2d2d7b6bc74f
S265_CLAIM_EDGE_B57AF29F0BFCD08F241F,crel_78047e36d334
S265_CLAIM_EDGE_B591C0C6522940F40D41,crel_b4dcd532ae6e
S265_CLAIM_EDGE_B59AD8807A8CB4DD01CD,crel_c8166af82012
S265_CLAIM_EDGE_B59F7EBE20F81922226C,crel_18bd14d867c8
S265_CLAIM_EDGE_B5A30FCB514F9987694A,crel_d62b3af8fef1
S265_CLAIM_EDGE_B5AC5BC3469A76CBA3AF,crel_b3dd2d95b507
S265_CLAIM_EDGE_B5CAAFCC60D511E0E37F,crel_08e29ec00862
S265_CLAIM_EDGE_B5D66E749B1F7EC79503,crel_50a08f5f9946
S265_CLAIM_EDGE_B5DF876B9F7BEC2699FF,crel_248149c1779d
S265_CLAIM_EDGE_B5E0ABAAFB4EB7810048,crel_6dac9e5cbe87
S265_CLAIM_EDGE_B5EB981D17D99CE41FB9,crel_a600ddc1f441
S265_CLAIM_EDGE_B60266C510915C3369A3,crel_7663e875c823
S265_CLAIM_EDGE_B60647388A6E0D1FB3EB,crel_23636eba2cca
S265_CLAIM_EDGE_B6553206EA282791CD2B,crel_2f154c1dc41d
S265_CLAIM_EDGE_B666235437B3A4B35610,crel_19c3d9fb7509
S265_CLAIM_EDGE_B6A349E07DF2B15A641D,crel_fb8ad2531202
S265_CLAIM_EDGE_B6B0A1E1EA5BED4EEB0E,crel_3dbe9a83c5a8
S265_CLAIM_EDGE_B6C12CDC1D34B30582A4,crel_2f1e881969a8
S265_CLAIM_EDGE_B6CA6373A47C41EED1FE,crel_931a50d229c1
S265_CLAIM_EDGE_B6CC8210A49A85498EF3,crel_087bcc68feef
S265_CLAIM_EDGE_B6D3366BC4AEA7438493,crel_e77764358e1a
S265_CLAIM_EDGE_B6E00A1B8419C4393349,crel_d8942af6440f
S265_CLAIM_EDGE_B75106C3064E932ED7E3,crel_dc7d3ec7461e
S265_CLAIM_EDGE_B77EF31AD0289650A415,crel_ddc66de34ae7
S265_CLAIM_EDGE_B77FE8512E5B627B76DF,crel_1569895e511c
S265_CLAIM_EDGE_B7826EEB8ADAF79927DD,crel_bb3648a6fb2b
S265_CLAIM_EDGE_B790042984754E52024B,crel_d687a5d3f513
S265_CLAIM_EDGE_B7947A1DA4CF82AD515F,crel_223c7275428c
S265_CLAIM_EDGE_B7A4480D335ED3ED2DD5,crel_acec2be10683
S265_CLAIM_EDGE_B7AC35010594C0005DEA,crel_3ba93ab2284a
S265_CLAIM_EDGE_B7AFCE2D9D41EB910977,crel_3f745092a60c
S265_CLAIM_EDGE_B7CBE199FBE6D5A8384A,crel_7c6828721f1c
S265_CLAIM_EDGE_B7F3230CD131B646CAA8,crel_8013963f2bca
S265_CLAIM_EDGE_B7FB9FE72E876408CAC2,crel_9103ff5d8da5
S265_CLAIM_EDGE_B7FEBEA2CFC5C29A3BC0,crel_ccf770611f4f
S265_CLAIM_EDGE_B81E627609A82F27B4D4,crel_412229bae243
S265_CLAIM_EDGE_B82B6C8F43CB45D49640,crel_a9b6647d41c3
S265_CLAIM_EDGE_B8418F1689DCBD8FF211,crel_2da2307bcdbb
S265_CLAIM_EDGE_B85782FEB4E31AE1863E,crel_81d9f916944a
S265_CLAIM_EDGE_B8655E54858C958D7892,crel_ec5b557e41dd
S265_CLAIM_EDGE_B87DA6DA4E7B2E276BD0,crel_17f7f57b6be1
S265_CLAIM_EDGE_B88FFB03DEFB11EE2507,crel_98b861bd7e8f
S265_CLAIM_EDGE_B89937E9AF5B69ADEB25,crel_ae7fe300b277
S265_CLAIM_EDGE_B89E40224955D9352745,crel_3b781f650e1e
S265_CLAIM_EDGE_B8A512C07B9AB1E98D84,crel_ab397f651e30
S265_CLAIM_EDGE_B8A5A0E0387445BC88A5,crel_c0794be21038
S265_CLAIM_EDGE_B8B6DF738D1957745DD4,crel_6a70d40ae31e
S265_CLAIM_EDGE_B8CC0AACC97C42F53B15,crel_aff1f8b1fccd
S265_CLAIM_EDGE_B8D296E9D30E7638B367,crel_6ff50a81252e
S265_CLAIM_EDGE_B8D929A81EDB98036717,crel_1e57e4c0273f
S265_CLAIM_EDGE_B8EEA9866FD1A1FB5D1A,crel_a488762ecaa0
S265_CLAIM_EDGE_B8F2CB0320E70069EB68,crel_f9d6107c81d1
S265_CLAIM_EDGE_B8FA8D8E2B3BA8970256,crel_e328cfb0c3cb
S265_CLAIM_EDGE_B8FB000053389013CA32,crel_57d52b3f75cb
S265_CLAIM_EDGE_B8FE4D9F702DD41FF045,crel_c6e1030965d3
S265_CLAIM_EDGE_B8FFD7BB6C1B7535E8DA,crel_e8ce0bf34b97
S265_CLAIM_EDGE_B900AAE0F9A9460F7898,crel_ad0eec22d73f
S265_CLAIM_EDGE_B90D95B9FFCD11E5D508,crel_fa5d41c57ecf
S265_CLAIM_EDGE_B912220D94A044DDF98F,crel_7056b8af90a3
S265_CLAIM_EDGE_B914ABC06F2628172438,crel_ef05a56eae10
S265_CLAIM_EDGE_B9411EC31608C4469818,crel_bd89f5a4bf41
S265_CLAIM_EDGE_B951AEC0522419D0F121,crel_a9326804c0f6
S265_CLAIM_EDGE_B95229C1430B2DA81DC6,crel_c4c5528a0ed2
S265_CLAIM_EDGE_B95D672B0435953773EC,crel_155c479326d8
S265_CLAIM_EDGE_B95F6A7760AEC0EC07BA,crel_5723937f221e
S265_CLAIM_EDGE_B960007FEAE7ADC34C13,crel_bd435eda13de
S265_CLAIM_EDGE_B979648D359DF1034A20,crel_c68c82af8a2e
S265_CLAIM_EDGE_B9A8084AE0DD2E6E13D5,crel_d3e274feb0e2
S265_CLAIM_EDGE_B9B9290B0A791505FC3E,crel_8f0fd8d2cfdc
S265_CLAIM_EDGE_B9C0AE83F9AD03036091,crel_8e14c767c232
S265_CLAIM_EDGE_B9C43721CEC31B2F1FB9,crel_b97e1d695dd0
S265_CLAIM_EDGE_B9D6B7E7FEBBEE91D04A,crel_7fbc0246f7c5
S265_CLAIM_EDGE_B9EFB047CB6E63C083F3,crel_c8dd6d6fb934
S265_CLAIM_EDGE_BA090FFDE0865C2396F5,crel_e0d8dd0addf7
S265_CLAIM_EDGE_BA0B79C91C2B56EE9510,crel_be9c029d6dfd
S265_CLAIM_EDGE_BA1D0EA6D906045BC82D,crel_b9bb5c92b260
S265_CLAIM_EDGE_BA217EFB00719AC1C39A,crel_71dcc3c5eed0
S265_CLAIM_EDGE_BA359A0C62C772DEF301,crel_53b72ab388d0
S265_CLAIM_EDGE_BA3F1A570F94ABC53020,crel_fad3f3fa8c68
S265_CLAIM_EDGE_BA5F22E7CB66DD2DBF43,crel_7a3ce9d99af4
S265_CLAIM_EDGE_BA61EF7A0AB9DFDA3F48,crel_d08063481720
S265_CLAIM_EDGE_BA699761A6C520D34FD9,crel_293966c3aeb7
S265_CLAIM_EDGE_BA6A9C0749C95E9E6B61,crel_4915cf9f8086
S265_CLAIM_EDGE_BA7D00693AA7ABE3012E,crel_d8b846969d52
S265_CLAIM_EDGE_BA8CFBC9BDAB195E0035,crel_9173159d7c3b
S265_CLAIM_EDGE_BAB40F0F715523D559D4,crel_e854a41e9168
S265_CLAIM_EDGE_BAD92EF90BF25600F21B,crel_bb6d3386e722
S265_CLAIM_EDGE_BADA881DEA2B86FE4CB7,crel_ecef796e19f5
S265_CLAIM_EDGE_BAF288ADCAE2066B74A0,crel_1c670fdcd745
S265_CLAIM_EDGE_BB0F75326BFEAB60010B,crel_e0a27e53584d
S265_CLAIM_EDGE_BB3C60E3F60D215872A5,crel_4bf3ea31b7f1
S265_CLAIM_EDGE_BB474ECF4FAB857FA378,crel_e668275c8bca
S265_CLAIM_EDGE_BB5D7FA92AFDE9BE7315,crel_6dbb563c2fd2
S265_CLAIM_EDGE_BB8202B7AF3E87B3F096,crel_e3a9dbeda17a
S265_CLAIM_EDGE_BB8F32B18A88DDE18B74,crel_673311d2ee3e
S265_CLAIM_EDGE_BB928F24B8FCA6E16118,crel_c97d6bc9d119
S265_CLAIM_EDGE_BBA7B72083731627E7CD,crel_17a650c7c0ad
S265_CLAIM_EDGE_BBB539CA4530F55B5328,crel_af89d93302f0
S265_CLAIM_EDGE_BBCA468B846DFB4355BD,crel_e90cf225a1bc
S265_CLAIM_EDGE_BBF85943F657148C454A,crel_4489b30509af
S265_CLAIM_EDGE_BBFB7B9F123D3CDEED59,crel_66331c37d9da
S265_CLAIM_EDGE_BBFF16D00D21C80F88DC,crel_c430373270db
S265_CLAIM_EDGE_BC07342E163C59FAB4EA,crel_720caf2820f9
S265_CLAIM_EDGE_BC1945631554BC222D77,crel_c4757e0c59ec
S265_CLAIM_EDGE_BC26B0B72765BB15D2D6,crel_a1550a162787
S265_CLAIM_EDGE_BC45A2FDF204EF28C48D,crel_7ba7174e2fd1
S265_CLAIM_EDGE_BC48B119B89D4ADF5D32,crel_b376e1f97603
S265_CLAIM_EDGE_BC5214A59FC0F9665D8A,crel_9ba145e2ed7b
S265_CLAIM_EDGE_BC5BBC736D5C50EF82DD,crel_b1a1e70c8495
S265_CLAIM_EDGE_BC698675F35C81B435C4,crel_2dbe629e8321
S265_CLAIM_EDGE_BC8E20E11CBCD36048E8,crel_1742dad75066
S265_CLAIM_EDGE_BC9B5E1EE782D32C4577,crel_3506da24c435
S265_CLAIM_EDGE_BC9D2246001D347EAABB,crel_450c535a85cb
S265_CLAIM_EDGE_BCC7F6A0980BC5B5ABFE,crel_7740b4cace8e
S265_CLAIM_EDGE_BCCDA6052566A1C114B8,crel_13c0cd6ebe66
S265_CLAIM_EDGE_BCD4E5FF07E9A68CA0A0,crel_e7dcd77c6496
S265_CLAIM_EDGE_BCD69EB428881C7C7E18,crel_ec4ba153cf10
S265_CLAIM_EDGE_BCD755DA8157545A937A,crel_42b33f9e0a74
S265_CLAIM_EDGE_BCE4FC2C5D3C5D7F9FAE,crel_46d48bf5d08f
S265_CLAIM_EDGE_BCF9DA317A5987AF8D67,crel_61132446d5d9
S265_CLAIM_EDGE_BD030451F7EE58FA8436,crel_54e0ca3617af
S265_CLAIM_EDGE_BD0B7A625FCEC0DFB9F4,crel_eb39a31111f1
S265_CLAIM_EDGE_BD32E33B3C71C01E5DDF,crel_8a5f037724f2
S265_CLAIM_EDGE_BD4C34126FE542726208,crel_ea709d181b48
S265_CLAIM_EDGE_BD51687BB8E3523C5FE3,crel_6f7aa589db63
S265_CLAIM_EDGE_BD60668D8B29E8389207,crel_acc1ec0dcc34
S265_CLAIM_EDGE_BD7CEB176E99088F6816,crel_229634df6cbb
S265_CLAIM_EDGE_BD8383F410DBD825B006,crel_50cd7ba707fe
S265_CLAIM_EDGE_BD93B7BDF2F8C5288C53,crel_6ba37ce06a3a
S265_CLAIM_EDGE_BDC9C86DA7D70BDBA394,crel_d98d4723f321
S265_CLAIM_EDGE_BDCAAE3B11362C23A00F,crel_4a30563bf602
S265_CLAIM_EDGE_BDD33E2FAD88086D8BA3,crel_0d61b31e1d27
S265_CLAIM_EDGE_BDD62BA41549A5B0A7B0,crel_905435c18c3c
S265_CLAIM_EDGE_BDDE1B6AA8A8394D46DC,crel_2f1d7628811f
S265_CLAIM_EDGE_BDEEA0DD0AB2D1F61D9C,crel_17fde95fe02c
S265_CLAIM_EDGE_BDF0520C674D37F3FD64,crel_9dfa6ff99c24
S265_CLAIM_EDGE_BDF2ACCFB36FD7FD0FD9,crel_fc14fe17742b
S265_CLAIM_EDGE_BDFCA25A85D89E6D24F0,crel_cd4842986656
S265_CLAIM_EDGE_BE0D91B8C891213FC3C5,crel_29c9fb2f8c44
S265_CLAIM_EDGE_BE12D8C896E5FC1ACFC5,crel_31fdd77e5139
S265_CLAIM_EDGE_BE194454EAF3CAA23965,crel_e079b370f926
S265_CLAIM_EDGE_BE2B811738B097A7E92C,crel_69a990c02d44
S265_CLAIM_EDGE_BE2C22BDE5BC58E443AA,crel_4ae95174e45b
S265_CLAIM_EDGE_BE3EF94A35F7B27B90B7,crel_9398a44a4caf
S265_CLAIM_EDGE_BE5442F23A70CF61CCC6,crel_27855998405b
S265_CLAIM_EDGE_BE6B5D58B9721EC96F18,crel_e436ff66a1a4
S265_CLAIM_EDGE_BE740A99F9B35F82B6BA,crel_7ced1f9c0257
S265_CLAIM_EDGE_BEAE10883AA8FEE1E44E,crel_5e3c9a75d71e
S265_CLAIM_EDGE_BEC4EB006E44569CE3D8,crel_69d5db3b7805
S265_CLAIM_EDGE_BEDDD5D61ADECA2C36A4,crel_f36b8ba09225
S265_CLAIM_EDGE_BEE68824AEA5EC8F60A1,crel_f9a0d4dfde19
S265_CLAIM_EDGE_BEF29AEE5BD96543BA12,crel_31058f82a298
S265_CLAIM_EDGE_BEF879C731DFB0AE09C4,crel_73b11cbb8265
S265_CLAIM_EDGE_BEFC329719EB006CD67B,crel_3e2baa23922b
S265_CLAIM_EDGE_BF0B02568FD2BBA957A8,crel_0873a2f5f53a
S265_CLAIM_EDGE_BF0EB2A6BBF93FBC94AD,crel_da84169dc5ea
S265_CLAIM_EDGE_BF12EB42B454BA541623,crel_2447bcbe69b2
S265_CLAIM_EDGE_BF44A5EA0B1898B654C5,crel_7804a650b9e0
S265_CLAIM_EDGE_BF494B727FB34C82D297,crel_b4a36a4f6941
S265_CLAIM_EDGE_BF5F121D27860DFCDD9E,crel_b394c62c298f
S265_CLAIM_EDGE_BF6F11D809698C17E06F,crel_bda1e6df814e
S265_CLAIM_EDGE_BF9839FB30C3991B579E,crel_35e50e2b7275
S265_CLAIM_EDGE_BF985C5E674EC308BCB9,crel_9d1550777278
S265_CLAIM_EDGE_BFA18A05E0EEEBB340FC,crel_d6593e9d7a3b
S265_CLAIM_EDGE_BFA78786E481BD43A850,crel_aca3ac0e4b92
S265_CLAIM_EDGE_BFB183712652D6E67F62,crel_b54cd8229405
S265_CLAIM_EDGE_BFBB64AB86EC9F52C926,crel_d227a50e102a
S265_CLAIM_EDGE_BFD2E1DA36F3A52FFC09,crel_386c98065030
S265_CLAIM_EDGE_BFD38DD185FCBB982765,crel_ae2e3c857c7d
S265_CLAIM_EDGE_BFD4BF46448084DA62C0,crel_2e40c3112d70
S265_CLAIM_EDGE_C040F40F0DA45312CD99,crel_2de4659caa1a
S265_CLAIM_EDGE_C054B424B7F58F8709C0,crel_b0011da4e5ae
S265_CLAIM_EDGE_C069A312C2E03503E6AC,crel_e5e41f2b3a1a
S265_CLAIM_EDGE_C089D52E7AA9B7CD2531,crel_2fd3e967f078
S265_CLAIM_EDGE_C08D58DC11BE3D5DDF69,crel_c2236b065ae1
S265_CLAIM_EDGE_C092C55984484872D74F,crel_07ededb0226c
S265_CLAIM_EDGE_C09EFA4166ACAC86CA1E,crel_0138234f3d0c
S265_CLAIM_EDGE_C0A6A8EC62ECE83D093A,crel_634ad43c01e5
S265_CLAIM_EDGE_C0CA10E50F33AB74E1FC,crel_43bf19abada3
S265_CLAIM_EDGE_C0D2D5C7CF7C821F2EF3,crel_4bfccc5b0176
S265_CLAIM_EDGE_C0D30D98B61E7331AAD9,crel_42aabc766b53
S265_CLAIM_EDGE_C0D3BEB3AB01FFEB6E68,crel_d8932b4b4a4d
S265_CLAIM_EDGE_C0D8743A1A0ACAAD6EC9,crel_99e745aaea01
S265_CLAIM_EDGE_C0EE7E882C61F9C3CA7A,crel_c49c7fdca9e6
S265_CLAIM_EDGE_C0F031FFB650162E2465,crel_4a52c7f25d98
S265_CLAIM_EDGE_C0F52305BCFD3A7ADE76,crel_a9bdf7a952d8
S265_CLAIM_EDGE_C0F54E3B950FFB536C4F,crel_3b5485e3e6d8
S265_CLAIM_EDGE_C0FFA7DEB36350268F60,crel_5fb630dd5af5
S265_CLAIM_EDGE_C1000533C84729486A67,crel_618adf8a602c
S265_CLAIM_EDGE_C10BEBEEBDB492583AE4,crel_ec32f2f51d79
S265_CLAIM_EDGE_C11CEB0B728169285515,crel_f0a27a461f43
S265_CLAIM_EDGE_C168261660382D0D3703,crel_5170678e244d
S265_CLAIM_EDGE_C176AD7F79936B50EDC7,crel_7927ce1ad614
S265_CLAIM_EDGE_C18057AD91B9BF24627A,crel_9aef554a4db2
S265_CLAIM_EDGE_C182ADD5D213D6AB6E57,crel_5959fdad114c
S265_CLAIM_EDGE_C18E73E6CF6E810B00E3,crel_14fb580ff20f
S265_CLAIM_EDGE_C18F2B40E2E124599B80,crel_0faf377cd59d
S265_CLAIM_EDGE_C1A745789D5AC1C8D001,crel_f384a4e598ec
S265_CLAIM_EDGE_C1DB4C366BC945CB251D,crel_f43a711f3bc0
S265_CLAIM_EDGE_C1DD32A0B94B60CF99D4,crel_c3d6b7d3a29b
S265_CLAIM_EDGE_C1E6204B43C808B989E1,crel_3c3aa814c3d6
S265_CLAIM_EDGE_C1ECF30F0AD9D3570CCE,crel_0b2d7f85420c
S265_CLAIM_EDGE_C20536B5B0F67281AC22,crel_2ce37e93be76
S265_CLAIM_EDGE_C20DE5F794E0696529C7,crel_5bb153f02064
S265_CLAIM_EDGE_C2290F8353A89769DFDA,crel_6078a57070ca
S265_CLAIM_EDGE_C22E8ACDB3468AB663F6,crel_9857432b60e6
S265_CLAIM_EDGE_C22EDB683C4129D67944,crel_b6e8222a9fbd
S265_CLAIM_EDGE_C23E72C26FCB4A7F4838,crel_1b7d0e5f70dc
S265_CLAIM_EDGE_C269FE3F284F9BBB3A22,crel_b228d901cf16
S265_CLAIM_EDGE_C272B4AE74FE65B1DA83,crel_f39ba640b8e1
S265_CLAIM_EDGE_C275425A673CF68CA7AA,crel_d633785c7d3f
S265_CLAIM_EDGE_C277A13810674ADA9FCE,crel_bab067d0acc7
S265_CLAIM_EDGE_C285E55B81377E03DD0C,crel_fdf5ea4a3e4b
S265_CLAIM_EDGE_C2A1BB6C57CF53E3D516,crel_c7d8d301cbf7
S265_CLAIM_EDGE_C2A610537CD691B7A3DF,crel_05d2cc7ad24f
S265_CLAIM_EDGE_C2DE0112344305818900,crel_7ee3617c8a30
S265_CLAIM_EDGE_C2E14558A3F9D3918FD7,crel_765aba379a18
S265_CLAIM_EDGE_C2E892565A8702FE82F7,crel_1a896c0bb3b7
S265_CLAIM_EDGE_C30579700FFB08D324CF,crel_ff2c0539a3cb
S265_CLAIM_EDGE_C30E1E63FD79DB6F1E2D,crel_158bf539a900
S265_CLAIM_EDGE_C31092EAFAB6FD03FC8C,crel_3ef5a354a99e
S265_CLAIM_EDGE_C31D65BFDC1C4FD61CE2,crel_3efbf1b7a814
S265_CLAIM_EDGE_C330ADC865F9CADAA375,crel_cf361fe7b956
S265_CLAIM_EDGE_C3851D5371F7784E61CE,crel_36f1a0aa091e
S265_CLAIM_EDGE_C39514C666E45CB3075E,crel_93ab41a7ab20
S265_CLAIM_EDGE_C39A44C39D947D2CB12F,crel_d75c0c230c99
S265_CLAIM_EDGE_C39AF685A400B30236EE,crel_f303666254ed
S265_CLAIM_EDGE_C3BA42C6227A8E30B226,crel_bc951b030dc8
S265_CLAIM_EDGE_C3BB37A286501261AF3C,crel_5962bf971810
S265_CLAIM_EDGE_C3BFFF034D82C927EBB7,crel_2e09606be698
S265_CLAIM_EDGE_C3CC67E6AED075C2BB94,crel_f528897c2d01
S265_CLAIM_EDGE_C3DFB6D94F2462D9DF0F,crel_aa743badb2ac
S265_CLAIM_EDGE_C3F0A32E60D973787AEA,crel_4134e33666d7
S265_CLAIM_EDGE_C3F2C1CEB63BA778FC64,crel_8839e1bdeb2f
S265_CLAIM_EDGE_C3F5D6FA785E7449D4DC,crel_4d08eadfbebd
S265_CLAIM_EDGE_C3FE0E53685B534CB458,crel_49070ad72334
S265_CLAIM_EDGE_C409E7F2F209296DBAD9,crel_9ea6460bfc3a
S265_CLAIM_EDGE_C447DB47239201812D5D,crel_54bb8f684c03
S265_CLAIM_EDGE_C46BA798A3F09AE30213,crel_aff63e1829c4
S265_CLAIM_EDGE_C479CDA2C7D419A1ABFC,crel_d0cffdb21081
S265_CLAIM_EDGE_C48CEED65163C394EB44,crel_8f523d616f51
S265_CLAIM_EDGE_C49911A5110B4F0B6CF1,crel_ed022f83a244
S265_CLAIM_EDGE_C4C1C1AEF0838BECE1E8,crel_2ce8c6186707
S265_CLAIM_EDGE_C4CCE978768A3155DFE5,crel_f58d6092fbb4
S265_CLAIM_EDGE_C507CCD989887E3DF936,crel_5de1ee74012e
S265_CLAIM_EDGE_C50B9DB29F833646FC7B,crel_85a67ee7050c
S265_CLAIM_EDGE_C51187FF6A7B2F996026,crel_56e57094dd20
S265_CLAIM_EDGE_C52559ECB74B8E58DB14,crel_ecf6bbd299c7
S265_CLAIM_EDGE_C52925F7E3B76BFC3DCD,crel_79b5e03a8256
S265_CLAIM_EDGE_C53A1BCC26DB5D2A2C56,crel_3018f4b878ce
S265_CLAIM_EDGE_C55EB8922102F2FEE2AE,crel_87f62426fbe7
S265_CLAIM_EDGE_C59CC1CEF39479BD02DC,crel_5b8d6d46dd1e
S265_CLAIM_EDGE_C5A870FD47B15D256B67,crel_918e4d8c59b8
S265_CLAIM_EDGE_C5CB81E3F5F092B8D4A5,crel_4aec23498cab
S265_CLAIM_EDGE_C5CFB863472EE5FF92B1,crel_6e2a66dfb4d1
S265_CLAIM_EDGE_C5CFBF78A6175EF4B798,crel_dd06500e9cdf
S265_CLAIM_EDGE_C5D6F2DB4DBEBAA43928,crel_0c7f545c45cb
S265_CLAIM_EDGE_C5FE95860F29A72D9CF8,crel_29f73ac31893
S265_CLAIM_EDGE_C609DD216389D8C62369,crel_1100f45cefb4
S265_CLAIM_EDGE_C60DF2BFF996F0D23531,crel_1a400e4caf38
S265_CLAIM_EDGE_C61AEF868EB115279028,crel_90e10ddfca4e
S265_CLAIM_EDGE_C61B20E28E841E8F5967,crel_747397414aa1
S265_CLAIM_EDGE_C62508AA3DFCD2537F01,crel_d498425d2605
S265_CLAIM_EDGE_C6278DADF333A904B9AD,crel_c299bdb083da
S265_CLAIM_EDGE_C63C97049D255D30A98F,crel_0032f34bc891
S265_CLAIM_EDGE_C6506D8326EB839A49D3,crel_f8bc42d5dc9e
S265_CLAIM_EDGE_C66054D07F28E6E96F7C,crel_02ea325b4194
S265_CLAIM_EDGE_C660DFA26F898C2C654D,crel_846af4b9bbec
S265_CLAIM_EDGE_C67093D9CA46B48FFF54,crel_d5a7458c7e4d
S265_CLAIM_EDGE_C67B03AEC1CCA3EB389E,crel_0c8f222d9b19
S265_CLAIM_EDGE_C680B6C95A647C1668B6,crel_cde62a1d47c5
S265_CLAIM_EDGE_C684C2D83C41AA5BEF33,crel_838c0f8d0c03
S265_CLAIM_EDGE_C68F092E6219A5E8FEFC,crel_b6cfd500c097
S265_CLAIM_EDGE_C6B66FF1A98D7853E33C,crel_6a0f940080da
S265_CLAIM_EDGE_C6BADA5A90FB6EC6E12A,crel_ef84446d9710
S265_CLAIM_EDGE_C6D13C3C4928DD3B407B,crel_318aaa1f391a
S265_CLAIM_EDGE_C6E142AF18B79EE32395,crel_d85bbeebbb3a
S265_CLAIM_EDGE_C6F5BAFE012823568761,crel_c04d0d7412f4
S265_CLAIM_EDGE_C6F9770FDC35EF7562E5,crel_337f1a260d60
S265_CLAIM_EDGE_C701E6801BDE9F71D4C4,crel_ce0a8accadac
S265_CLAIM_EDGE_C739D90E528B493223D8,crel_caa978d45828
S265_CLAIM_EDGE_C76D53CB438EB5475274,crel_786f1f905d24
S265_CLAIM_EDGE_C7727622D365164F91F1,crel_7adaa324c236
S265_CLAIM_EDGE_C77FB5987A5717120CBF,crel_63133571d627
S265_CLAIM_EDGE_C7A0B92DD2FE3D07EB92,crel_1ec333bce217
S265_CLAIM_EDGE_C7B9E9B43D2F027ACF9D,crel_901475cc7bf4
S265_CLAIM_EDGE_C7BFE2A9BC31AEA6C972,crel_3ce205b08ac3
S265_CLAIM_EDGE_C7CF1EF1061F9586E44D,crel_a69e5103ee6d
S265_CLAIM_EDGE_C7D0ED537AEF1A97AB64,crel_1e94fc369303
S265_CLAIM_EDGE_C7DC7892F797247C185F,crel_a76e4768823d
S265_CLAIM_EDGE_C7DDCFE61379DE410F26,crel_a32f652465eb
S265_CLAIM_EDGE_C7EDBF8F7B21497DEDB5,crel_fe954e12ac62
S265_CLAIM_EDGE_C7EE1854608DA287273F,crel_512eecec8f96
S265_CLAIM_EDGE_C813F948CB079CD2B879,crel_8f2d4948e4a2
S265_CLAIM_EDGE_C81A1A325ECAAF4D3E92,crel_55c3bbf66001
S265_CLAIM_EDGE_C8221E5C2614917BF1E4,crel_15704cc5f4c4
S265_CLAIM_EDGE_C864F70FA9D20A6885D3,crel_af52cb221782
S265_CLAIM_EDGE_C87E8F227FA9876C2676,crel_c435ee11e6bc
S265_CLAIM_EDGE_C8980D8ABFA23CEA0718,crel_fcdedfc801e8
S265_CLAIM_EDGE_C89AF5D5DECF0F13C750,crel_6a4f5570930a
S265_CLAIM_EDGE_C89DDEB967E509B88731,crel_09cd2c00a068
S265_CLAIM_EDGE_C89E2D5511DBADEC11C3,crel_e65eb3977ba1
S265_CLAIM_EDGE_C8A4C75DE97F981836DD,crel_4f282187b708
S265_CLAIM_EDGE_C8B22303E2935356C66D,crel_ed76bdd794c5
S265_CLAIM_EDGE_C8B2E8797ED40F27938B,crel_eb01d2798e8e
S265_CLAIM_EDGE_C8B9051C7FEB492CEBB8,crel_9864f510ab26
S265_CLAIM_EDGE_C8E60033FD166C068BF1,crel_bd793057c7c2
S265_CLAIM_EDGE_C8EA5857FE3A48A9215F,crel_d49d42142903
S265_CLAIM_EDGE_C8F6AE881E5307CA378E,crel_294c6eceddc7
S265_CLAIM_EDGE_C9056860CAE0865E06C9,crel_2b092c9ff479
S265_CLAIM_EDGE_C9083B258A36D29C3BF1,crel_24c997798238
S265_CLAIM_EDGE_C90981F638FD918A4CC2,crel_f45e8c3fe80c
S265_CLAIM_EDGE_C90BE47058863D00A660,crel_a193b7c56b2f
S265_CLAIM_EDGE_C921E61406DCDA4609CB,crel_aca2d6deb86a
S265_CLAIM_EDGE_C927DFA51F3DD7F67EBD,crel_8758e55d93e7
S265_CLAIM_EDGE_C940AEC332CFCA662B49,crel_dbb3ad2ea97a
S265_CLAIM_EDGE_C947FD593E05D17164C5,crel_b85cb7821e64
S265_CLAIM_EDGE_C9487EDD60257A7AB0FF,crel_15e63f8933cf
S265_CLAIM_EDGE_C97037D7D6DF4A8464CC,crel_eff8de6d0534
S265_CLAIM_EDGE_C988DDF838FDFB4D2EE3,crel_ab2270975826
S265_CLAIM_EDGE_C9982383F1A00152FA68,crel_a8a93f129fae
S265_CLAIM_EDGE_C9ADC4916FACC0C13850,crel_d776f79edf28
S265_CLAIM_EDGE_C9B3B37EC0E1B61DA79A,crel_774d3818b9f7
S265_CLAIM_EDGE_C9BA0A6DFADC0EF930EE,crel_dbc2375b459c
S265_CLAIM_EDGE_C9CBE4D796DB2ED13F5F,crel_7b193d92397e
S265_CLAIM_EDGE_C9CC714ED0999F013BBD,crel_29b869168d47
S265_CLAIM_EDGE_C9CC7A20159D6791C724,crel_cfacac0fe93b
S265_CLAIM_EDGE_C9D8849ECE9003A35DCA,crel_98361c8d5faf
S265_CLAIM_EDGE_C9E4E3D1CD31492CABC8,crel_7e8d450af233
S265_CLAIM_EDGE_CA3250486A2F9B26084E,crel_f2b3c000c7c4
S265_CLAIM_EDGE_CA3D7B56216E02474F29,crel_9eb2f9ae2a18
S265_CLAIM_EDGE_CA4415264C90BBEDF790,crel_f25e7385f249
S265_CLAIM_EDGE_CA52121D075BEB49241B,crel_1c1438706d56
S265_CLAIM_EDGE_CA7A51306DDC29055FA8,crel_f80e0b9ffced
S265_CLAIM_EDGE_CA86301636E8B08139D4,crel_3b4ba965b73c
S265_CLAIM_EDGE_CA926D61680821160CFE,crel_a81c16a60121
S265_CLAIM_EDGE_CA97C706EC0B06167105,crel_42ee7fe6b347
S265_CLAIM_EDGE_CA9A0C87427C07DEE623,crel_c4e26e40493c
S265_CLAIM_EDGE_CAC9D8454D2BB18E9FA5,crel_f45db08938b2
S265_CLAIM_EDGE_CAD315B4E2AEEBE99F4A,crel_f3fa0c51d104
S265_CLAIM_EDGE_CAEF522E03341F93D41B,crel_0c8170ffbf47
S265_CLAIM_EDGE_CAFF0F090C4C02741332,crel_abda061df170
S265_CLAIM_EDGE_CB06B6FE2EE332D80ECE,crel_05f4b8820b61
S265_CLAIM_EDGE_CB17ED161C95FD5D5306,crel_fd25d21eeeec
S265_CLAIM_EDGE_CB23756E9384B527CC53,crel_a8172261263d
S265_CLAIM_EDGE_CB2A4E3851BC4677AF97,crel_13c6cf3e66ae
S265_CLAIM_EDGE_CB2DA9C6D302D6407143,crel_afd6ce2e0d73
S265_CLAIM_EDGE_CB3B976240CBA2E643DB,crel_16b1199fd41c
S265_CLAIM_EDGE_CB61CB3F5CC8811AF4A3,crel_675186486b52
S265_CLAIM_EDGE_CB72F8F180D06058F38C,crel_064d31461b4c
S265_CLAIM_EDGE_CB73D784351CA22664C3,crel_193884672e72
S265_CLAIM_EDGE_CB7EE075B8B33D9BAF40,crel_8306ce71f7ac
S265_CLAIM_EDGE_CB836CB9D350C9225D24,crel_aa56f935c089
S265_CLAIM_EDGE_CB8AC45CA3C7F6B7C0BB,crel_25515b6abd0f
S265_CLAIM_EDGE_CB907C9918A71049A98E,crel_e0e41e0d0201
S265_CLAIM_EDGE_CB9470C163EE3DDD1F03,crel_8a524106f8ed
S265_CLAIM_EDGE_CB9480AE5EE7F5E0111B,crel_2b6509363164
S265_CLAIM_EDGE_CBA3BA234B5D0F2B8054,crel_84cb333150a9
S265_CLAIM_EDGE_CBA82BF1AD7859C76482,crel_03dc3d2949cb
S265_CLAIM_EDGE_CBA9B11D6D15B50F836D,crel_169f8922ccda
S265_CLAIM_EDGE_CBC700F93105801204D7,crel_900c5b889d73
S265_CLAIM_EDGE_CBD66E870DFE36E4BB95,crel_be15ed24f657
S265_CLAIM_EDGE_CBE3A0F6A88C98F63070,crel_db609be3f45c
S265_CLAIM_EDGE_CBF1C6F0FA1E0BCC867C,crel_d0a133254cf6
S265_CLAIM_EDGE_CBF65A0C7A9B9B0BCEDF,crel_b72a9cac3cf0
S265_CLAIM_EDGE_CC2A239912C4B7EA2DC9,crel_dd23946b87e7
S265_CLAIM_EDGE_CC3496EB1F3FEE3F6971,crel_2be49b61381e
S265_CLAIM_EDGE_CC4788B60B0CCDED36BC,crel_a76ed82b5a93
S265_CLAIM_EDGE_CC535883CB8032DC4687,crel_0c3edb8d041f
S265_CLAIM_EDGE_CC859138516330506B4F,crel_dfdccc6dd6c6
S265_CLAIM_EDGE_CC866D67D23602EB438B,crel_e84e038f7a13
S265_CLAIM_EDGE_CC86C4EDEBF4AC934D91,crel_28314b8f3ca7
S265_CLAIM_EDGE_CC91860236168A57678C,crel_0251493f9f17
S265_CLAIM_EDGE_CCA99D7767C5F255687F,crel_299086ac17fa
S265_CLAIM_EDGE_CCC85AFCE0A333562747,crel_0b07848202ad
S265_CLAIM_EDGE_CCDD3C6F879598918E8B,crel_f02fd5b2613a
S265_CLAIM_EDGE_CCE88850ED6DCDE0D63B,crel_664cc58ceae6
S265_CLAIM_EDGE_CCEF79167D0DC28B869C,crel_11a8edd5de1c
S265_CLAIM_EDGE_CD16EFB13096EEF6CF66,crel_df383b63c801
S265_CLAIM_EDGE_CD3CCC1DF24B53E9040F,crel_70ffb36efd0a
S265_CLAIM_EDGE_CD3F49F46D16CBD652A3,crel_0145f4a251fd
S265_CLAIM_EDGE_CD4CB09FEEC975C5BCDC,crel_cb04e3503d24
S265_CLAIM_EDGE_CD666588368E8CE53E3F,crel_20c9d86fdae9
S265_CLAIM_EDGE_CD7D3E503DA832B538E5,crel_0dd49fb81d3f
S265_CLAIM_EDGE_CDA4F90CE6AFA1AE78F5,crel_c60cc1afbdb6
S265_CLAIM_EDGE_CDB374768823067B5DCD,crel_38645d7bd166
S265_CLAIM_EDGE_CDB5E7DF71CBAB4F2CFF,crel_80939e2b9d07
S265_CLAIM_EDGE_CDC867095A928D870A80,crel_067cb454a690
S265_CLAIM_EDGE_CDD4E91D9B630D2DE54E,crel_e295d44d3993
S265_CLAIM_EDGE_CDD930501B223051C210,crel_9fe6074004bb
S265_CLAIM_EDGE_CDDEAB4E220644654FCC,crel_d766fa136cf0
S265_CLAIM_EDGE_CDEB5C119792A27B77DC,crel_8efab27cab00
S265_CLAIM_EDGE_CDF0FF03A0A540F62374,crel_fb3f90d9732e
S265_CLAIM_EDGE_CE03DD96A783636241E0,crel_a7bd16352a2d
S265_CLAIM_EDGE_CE0981E59F1059D9544B,crel_281989f5edb1
S265_CLAIM_EDGE_CE0C53F4B5C583DB2E20,crel_e834ee2e3784
S265_CLAIM_EDGE_CE19C8CDE7DC557EC1F7,crel_74ed843cefee
S265_CLAIM_EDGE_CE4D9BFB66097FF545AF,crel_e7e0cdd7dc41
S265_CLAIM_EDGE_CE51E03F23D329FD6764,crel_f15d826bff79
S265_CLAIM_EDGE_CE7594B2CF8973B8E45F,crel_612668fc69c8
S265_CLAIM_EDGE_CE83C3A22066EF7E9A37,crel_53927450419d
S265_CLAIM_EDGE_CEA5C65128F48C9B563A,crel_9006a0a857bc
S265_CLAIM_EDGE_CEBA610B9DD098CB2D2E,crel_79528e0fcef3
S265_CLAIM_EDGE_CEC9605F1D82743DB3FB,crel_4efe1d3df67c
S265_CLAIM_EDGE_CEE987C7E6B849736595,crel_99dab62517e3
S265_CLAIM_EDGE_CEEFFDD7A4FDE7CF6C18,crel_a2aca949f26a
S265_CLAIM_EDGE_CEF9C902FF535FD69ECD,crel_d641b4c03ada
S265_CLAIM_EDGE_CF102B3AC8C659E9A716,crel_46b606a54cda
S265_CLAIM_EDGE_CF1693AB5681C38A1B71,crel_4b135a80354b
S265_CLAIM_EDGE_CF1E4572737333591399,crel_1ef095c43f08
S265_CLAIM_EDGE_CF1F532A4A797A516AFC,crel_4cbe2d7818bf
S265_CLAIM_EDGE_CF273F5FF0E38B72E90B,crel_978e4db7a0ac
S265_CLAIM_EDGE_CF3FFF9067091C66CF00,crel_119a47eab5f4
S265_CLAIM_EDGE_CF4489910EE3998AB3EF,crel_1e12ee404368
S265_CLAIM_EDGE_CF47AB4E738AC224D051,crel_239736684613
S265_CLAIM_EDGE_CF4C926BDFF87EF7A683,crel_1c461e53b691
S265_CLAIM_EDGE_CF797764D9C73C7FE23C,crel_f7f1d797a40d
S265_CLAIM_EDGE_CF7B9E85BD45593D9870,crel_eb7e3e9dd16b
S265_CLAIM_EDGE_CF85F865D4A35D0B4C21,crel_3fb54a240eaa
S265_CLAIM_EDGE_CF92F8F2E87E5441D88F,crel_55a283407f11
S265_CLAIM_EDGE_CF993D7B124C9E115831,crel_e0246bdb9f09
S265_CLAIM_EDGE_CFA24DDE06D1AEE4EA48,crel_a7e3f90fe227
S265_CLAIM_EDGE_CFC07ACC5556BCA32399,crel_412466567790
S265_CLAIM_EDGE_CFCB2FEAE3D26B19EBCC,crel_435fd081b02f
S265_CLAIM_EDGE_CFE25652C34573A872E1,crel_be65ff88075f
S265_CLAIM_EDGE_D010359F47B736C68809,crel_2423afbff31b
S265_CLAIM_EDGE_D0398DAE1F8BDBB49748,crel_9df535af5996
S265_CLAIM_EDGE_D03DE65DF2513F1984BB,crel_55974c92f858
S265_CLAIM_EDGE_D0570ADCDB1DEF210250,crel_ef19b52141c5
S265_CLAIM_EDGE_D06BC72DCB8459FBC5DA,crel_be5592bab46b
S265_CLAIM_EDGE_D0808C156F5299009005,crel_39938234f722
S265_CLAIM_EDGE_D081DA18738C18C11B6C,crel_038f175fc4c5
S265_CLAIM_EDGE_D08A9DD791380D6CFB1B,crel_67da1a6cd4ab
S265_CLAIM_EDGE_D0A76F139854DC544125,crel_3dd9e678213e
S265_CLAIM_EDGE_D0D2B0301F4987282CD2,crel_220ed20a9aab
S265_CLAIM_EDGE_D0D6DF4D5DFDB37D1637,crel_5e4f7e0aada5
S265_CLAIM_EDGE_D0DC4E88E676DEEE28AD,crel_53538f91b4c5
S265_CLAIM_EDGE_D1289462FFA47DCF1937,crel_1cd6840c158a
S265_CLAIM_EDGE_D1319266DACABEFA6A0A,crel_3afb662d4ddb
S265_CLAIM_EDGE_D1562B6B30913C08D673,crel_6dd94d5537a3
S265_CLAIM_EDGE_D1625EA96C6B6DA6EDDA,crel_7e66a00a7dd6
S265_CLAIM_EDGE_D16736CE346026321204,crel_92bf75c7f49f
S265_CLAIM_EDGE_D1724C24417E2934F1FC,crel_243b7a4fbafc
S265_CLAIM_EDGE_D1958F08FBF7C302FB7A,crel_f72959a07d73
S265_CLAIM_EDGE_D19634CA0D6F678CFCF7,crel_db500a50d228
S265_CLAIM_EDGE_D1B93DFB70963A2EA974,crel_6ef37e5cfc9b
S265_CLAIM_EDGE_D1BB805DC969584FD84C,crel_747e7044fa69
S265_CLAIM_EDGE_D1C30222DF6F1BDFD053,crel_b479cdd948c0
S265_CLAIM_EDGE_D1D661C785ED6D8ADA0D,crel_94ccc159ab1c
S265_CLAIM_EDGE_D1D9D3A60B6338C2B2C7,crel_c857919e8875
S265_CLAIM_EDGE_D1F1AB73845C96F1EB47,crel_69c856afe5c0
S265_CLAIM_EDGE_D1F4C89853CCE4F010CC,crel_497da4799a60
S265_CLAIM_EDGE_D1FEBE7CFD662CAAFD07,crel_3471912b9c8d
S265_CLAIM_EDGE_D2033E17B04F7D9AC14E,crel_0d3e943e075b
S265_CLAIM_EDGE_D213166989F13EB11461,crel_7a0f552be308
S265_CLAIM_EDGE_D21A44A83CB5478E019F,crel_c3a7ce3b7eed
S265_CLAIM_EDGE_D221542BBA41E056E62E,crel_b81229040b9c
S265_CLAIM_EDGE_D23486A9C0097157EF6F,crel_677090e14b1b
S265_CLAIM_EDGE_D24768E638D657E55D07,crel_6c35903be2ea
S265_CLAIM_EDGE_D263596A7D42DBD316E1,crel_19ff113f4849
S265_CLAIM_EDGE_D26B0D8133D97F937F5C,crel_4253def610b8
S265_CLAIM_EDGE_D270935A9776FCBD0C6F,crel_90c7614a4ae1
S265_CLAIM_EDGE_D272F510EA9BC7CD8C28,crel_9d0631891c03
S265_CLAIM_EDGE_D2886EEBD7FDCDAE8E28,crel_9372bcad5ad9
S265_CLAIM_EDGE_D28A34EE7A21AAA398F4,crel_2f7ecb44630a
S265_CLAIM_EDGE_D294E7AD5B97F2BB796C,crel_83844841b33e
S265_CLAIM_EDGE_D298C24692A7DDD5DF39,crel_13b8807ea395
S265_CLAIM_EDGE_D2B8FC516E17616644DB,crel_08b708328ff9
S265_CLAIM_EDGE_D2DF97FDE0C312856CE5,crel_74bb3f4373a4
S265_CLAIM_EDGE_D2E44DE57CDBB45053D2,crel_ab369d2042f5
S265_CLAIM_EDGE_D2E8B98EB11C9A99003A,crel_a84c031f7d28
S265_CLAIM_EDGE_D306C7D29ACE168CBB15,crel_955560b05a0c
S265_CLAIM_EDGE_D3154C2C704125C53A58,crel_f68a32a435f2
S265_CLAIM_EDGE_D31D43C1D306F297D2B2,crel_c0a1cdb18a42
S265_CLAIM_EDGE_D324DF8AA2E0D00B814C,crel_963d766f0b42
S265_CLAIM_EDGE_D3328F3357BAFFD6633F,crel_6a3cf766e370
S265_CLAIM_EDGE_D3554F821C75E96BEBAA,crel_6991378bd3ae
S265_CLAIM_EDGE_D3586CD23BEDEACF6846,crel_d4be4a537b51
S265_CLAIM_EDGE_D35F5629652D11B2A263,crel_195f6f221bd4
S265_CLAIM_EDGE_D36B8F42A417605E3C27,crel_85c7e83f9af1
S265_CLAIM_EDGE_D36F62BD9F6A14609B9C,crel_88f8fc990ae8
S265_CLAIM_EDGE_D394572255D1FB3510B7,crel_9dd9b2ed0e6d
S265_CLAIM_EDGE_D395054BF75661403303,crel_272b70853da8
S265_CLAIM_EDGE_D3A84B1B67B3AF1DC8F4,crel_1a2d9504a7ef
S265_CLAIM_EDGE_D3B3CACF984EFAF16DA6,crel_57ff097449a5
S265_CLAIM_EDGE_D3D233FFD2452E01D8A3,crel_4f162fc20f36
S265_CLAIM_EDGE_D3E9959CDD66EE022A4B,crel_95c5dc4155a8
S265_CLAIM_EDGE_D3F1E810DA67F88C71D3,crel_e4511d502ae9
S265_CLAIM_EDGE_D3FD4FC713B89982AB98,crel_57f20e81a78d
S265_CLAIM_EDGE_D42213CA8AA3C54698CA,crel_9b3fd694c0b4
S265_CLAIM_EDGE_D43B484B64D79256E10C,crel_811293a074fc
S265_CLAIM_EDGE_D447088A2E1BAD5B2B1C,crel_dceee69c49ad
S265_CLAIM_EDGE_D44F1CBCA51446F0AA0B,crel_92d03a9cd7f4
S265_CLAIM_EDGE_D460341B37A25183F4B6,crel_aa583af86967
S265_CLAIM_EDGE_D460ECA541CB0C2A9BB1,crel_dc2c68c43d77
S265_CLAIM_EDGE_D464C9F9FFC538E03B4A,crel_e26128590a38
S265_CLAIM_EDGE_D46568FFB2D137460AB6,crel_77657cdddde0
S265_CLAIM_EDGE_D4913EF9AFAFDF0D2F50,crel_7acd1e42655f
S265_CLAIM_EDGE_D49FB69DC793CC7DC446,crel_7d73f2611fc0
S265_CLAIM_EDGE_D4B587307165BEBA24E8,crel_cc6d942edbce
S265_CLAIM_EDGE_D4D5D727366AA50AC35E,crel_36a0a3cced4c
S265_CLAIM_EDGE_D4E73CE20DDAD64C73FB,crel_b1f0ee839340
S265_CLAIM_EDGE_D4F332D7978317310FF4,crel_e9aeeb0c6cdc
S265_CLAIM_EDGE_D5102986637082877D0F,crel_0179665d0adb
S265_CLAIM_EDGE_D52980513B4BC26BE498,crel_c16b4f0dc238
S265_CLAIM_EDGE_D5496C1F5DF0C90430AD,crel_ed2bac137acf
S265_CLAIM_EDGE_D554330BEE8D237DBC30,crel_65423575fa84
S265_CLAIM_EDGE_D55C16E02E7632FEB5EE,crel_e7a99f2a6bf9
S265_CLAIM_EDGE_D55EEC4532679F9FF89D,crel_9dfb2ced2446
S265_CLAIM_EDGE_D5606E2BD1D92C789832,crel_69dac9229924
S265_CLAIM_EDGE_D566CA015EBCB0D99311,crel_b28694f81e7b
S265_CLAIM_EDGE_D57C9FEF7EA68912897D,crel_8febaae780f9
S265_CLAIM_EDGE_D58AC16EDB0AE35AFCFC,crel_c80efb71dbbb
S265_CLAIM_EDGE_D59A92B9886F6B177F05,crel_cd897fd7c8fb
S265_CLAIM_EDGE_D5C04869B6E26B72B865,crel_4cdd7909a05e
S265_CLAIM_EDGE_D5F7BA0D418046CF9676,crel_efd451ec8e65
S265_CLAIM_EDGE_D5FB91890372E25F5153,crel_70d666baec7f
S265_CLAIM_EDGE_D63FD8EFC3A11C7C0474,crel_15b0e82ae897
S265_CLAIM_EDGE_D669350A8F151BE9B62A,crel_57a0e9ab5096
S265_CLAIM_EDGE_D6901AC856F10E030245,crel_a9f26d6f520b
S265_CLAIM_EDGE_D697D7BEFA42ABFF9070,crel_5070ff3905f0
S265_CLAIM_EDGE_D6A81408A875692CB109,crel_fed49483e2ee
S265_CLAIM_EDGE_D6B6151995016965C501,crel_9f501552581d
S265_CLAIM_EDGE_D6C649A3282C336550CF,crel_8e8ff9d0b90d
S265_CLAIM_EDGE_D6CE3C20A940197EF726,crel_ff15c6f3692f
S265_CLAIM_EDGE_D6DCC4CD3B19EABB1C66,crel_7d44bb211331
S265_CLAIM_EDGE_D6F2668EE58F255D0DCA,crel_cd316c869ab1
S265_CLAIM_EDGE_D6F5978A09BCCCDF1B59,crel_094481275343
S265_CLAIM_EDGE_D7103BFA9F74408D4A6D,crel_518ac9c7297a
S265_CLAIM_EDGE_D713FBEA51E92C8DBFAB,crel_f33a08ac07dc
S265_CLAIM_EDGE_D717E08386884A067CA9,crel_3bda7a772655
S265_CLAIM_EDGE_D7251D6240A34A59678B,crel_13834fc760e8
S265_CLAIM_EDGE_D735889D7F69A778435B,crel_6dbff5cb17cf
S265_CLAIM_EDGE_D73892D34412AFA7066F,crel_57477268c5fd
S265_CLAIM_EDGE_D77ECEB7F630B6E88FA6,crel_3698628a55df
S265_CLAIM_EDGE_D78B64F203B08F2179FA,crel_29c735589072
S265_CLAIM_EDGE_D78DBFAFD686DEEF2E60,crel_d7067e4da1c7
S265_CLAIM_EDGE_D79CDD240C8DEF059661,crel_13365dc6b99d
S265_CLAIM_EDGE_D7B979C98FD617D6F0FB,crel_bf762ca22547
S265_CLAIM_EDGE_D7BB5B715641A50387C7,crel_b76cccb59d74
S265_CLAIM_EDGE_D7C2CE0D30A02AE4EB00,crel_53014f378854
S265_CLAIM_EDGE_D7C88497D8970F5F13EE,crel_94255b8a0b40
S265_CLAIM_EDGE_D7CFCCDAB6154959D725,crel_773f8955ab63
S265_CLAIM_EDGE_D7EC2FFB9AE246F1A56C,crel_d8f273615dbe
S265_CLAIM_EDGE_D7F39186753FC88BE2F6,crel_01aa73f0fe15
S265_CLAIM_EDGE_D801E36EC3D7A000BB25,crel_0515879b1966
S265_CLAIM_EDGE_D805741C53530D6AF528,crel_04a587d4c5f1
S265_CLAIM_EDGE_D83905AC3341BFE18F2C,crel_e6ccb05fb50c
S265_CLAIM_EDGE_D8450427CF91B327AF67,crel_def10f2bce71
S265_CLAIM_EDGE_D8483E43A4D7BA02FFA9,crel_9c050c2fa111
S265_CLAIM_EDGE_D84AD879F94C8053B433,crel_c978a592e8b7
S265_CLAIM_EDGE_D86ACBCC5D41F838A43C,crel_59e366c3d15f
S265_CLAIM_EDGE_D87CCE91C04B198379B2,crel_53daefb7589a
S265_CLAIM_EDGE_D88D26C84E5AE256F012,crel_302da1efb4e2
S265_CLAIM_EDGE_D89B2AF117782A22FF69,crel_145735181ec0
S265_CLAIM_EDGE_D8A6692904B3E2726130,crel_1ee28125eef7
S265_CLAIM_EDGE_D8AF7D3EDF9F8F106CF6,crel_da4d69999347
S265_CLAIM_EDGE_D8B0BEECC3CE96BD43A3,crel_376efe13a1f5
S265_CLAIM_EDGE_D8B211738F2700DBC244,crel_97af495d1ee0
S265_CLAIM_EDGE_D8C57B3E582D7EF7EB0E,crel_8428b323e0dc
S265_CLAIM_EDGE_D8DB332F8F0D37DFF6C1,crel_35ee55d5930d
S265_CLAIM_EDGE_D8F6F7F0CCBC304877F3,crel_dae28178f9eb
S265_CLAIM_EDGE_D906936954925EC867BF,crel_55b550e33e4a
S265_CLAIM_EDGE_D90D03C03D2E62E4FE61,crel_54c8a2dc90c9
S265_CLAIM_EDGE_D90ED9C4E4A89222F4CF,crel_b8655ab72b42
S265_CLAIM_EDGE_D9193E7FCBF38FA635A3,crel_a1a961fc7b88
S265_CLAIM_EDGE_D91A997C3E7D4934B02C,crel_4130b27b8ee5
S265_CLAIM_EDGE_D9457D8840958C4E01EE,crel_9c8e397c2b50
S265_CLAIM_EDGE_D96882F676CF438832E2,crel_10e34ccf47ff
S265_CLAIM_EDGE_D988828B5F8659E83ED3,crel_2bfe2b8efd9b
S265_CLAIM_EDGE_D9988E218EDE57BFE1C6,crel_7ca0d1efdb9a
S265_CLAIM_EDGE_D99A25361401AF57D3CB,crel_9079cb3eb9b7
S265_CLAIM_EDGE_D9A0CFD40733D58209A3,crel_a72e92cf3cb1
S265_CLAIM_EDGE_D9A57F4F5B9051D6C735,crel_d4b729a4947c
S265_CLAIM_EDGE_D9A9099D060D0A746A9A,crel_a0609905dcc2
S265_CLAIM_EDGE_D9AE035041A441BA753D,crel_e12628f894e8
S265_CLAIM_EDGE_D9B71B25B2506B4416C4,crel_8a95e65cf256
S265_CLAIM_EDGE_D9BD718C158DE8698F25,crel_d42cc234d057
S265_CLAIM_EDGE_D9C192418A78F580870A,crel_16033445e164
S265_CLAIM_EDGE_D9E52BF10FAC55DE8C73,crel_a7b9a6ad1f87
S265_CLAIM_EDGE_DA323E75460FCE223DA8,crel_b4f778736abb
S265_CLAIM_EDGE_DA4CEF415B52B52EC8CD,crel_564993274485
S265_CLAIM_EDGE_DA50091C2A24BA4D10B0,crel_070c0841f6a4
S265_CLAIM_EDGE_DA5894C41DDA9BE6B8F3,crel_3be1333c0584
S265_CLAIM_EDGE_DA79DE2496C5F895C033,crel_e84db4394d55
S265_CLAIM_EDGE_DA7BAAD137204D653A36,crel_3c8385d62c20
S265_CLAIM_EDGE_DA7D51876F8D8A9B035E,crel_b4a607882775
S265_CLAIM_EDGE_DA8AEC6A0964BFBE6A69,crel_72381dcfa70b
S265_CLAIM_EDGE_DAA152E066F0D39F8CDD,crel_a02d9d1eaa9c
S265_CLAIM_EDGE_DAE1CF960B63B5C8CBE5,crel_93678c94b847
S265_CLAIM_EDGE_DAF7FACC05F8D46174D1,crel_63e270742bb2
S265_CLAIM_EDGE_DB1BCBF821E0B92DD200,crel_ad36e2894125
S265_CLAIM_EDGE_DB1D7EA6533A388A77A7,crel_9f3a53414520
S265_CLAIM_EDGE_DB2D0A18AB407A348AD0,crel_ffad72a01685
S265_CLAIM_EDGE_DB80C5FC4B66953A4A6D,crel_7f8877d01058
S265_CLAIM_EDGE_DB8D59CA4C8F3720F9DB,crel_a52e7fe8642f
S265_CLAIM_EDGE_DB8ECF0929359052C416,crel_6f436d75e7c6
S265_CLAIM_EDGE_DB9D906732CC215EB2FF,crel_6b331337ce8e
S265_CLAIM_EDGE_DBBB2C124B059AB3CB5E,crel_eb68528cde05
S265_CLAIM_EDGE_DBBB3B4EBDC15BAD5573,crel_700a2de1fdc3
S265_CLAIM_EDGE_DBBDBBF362159C1E7E88,crel_22302bf3d1e5
S265_CLAIM_EDGE_DBC317D2A9108F3947F1,crel_41e49d0ae9ff
S265_CLAIM_EDGE_DBF8F8B33CB1D8AC9A69,crel_d3feae992398
S265_CLAIM_EDGE_DC01C197AE64CF4C707E,crel_a2ceb637a342
S265_CLAIM_EDGE_DC0210C1AB69B21F509D,crel_13aff482b801
S265_CLAIM_EDGE_DC4AA831CFCCD925A342,crel_5db17b2d4744
S265_CLAIM_EDGE_DC58DC0A7DA018B07248,crel_b95527c6b60a
S265_CLAIM_EDGE_DC5F2F676B9677140EE1,crel_c452f3d958f8
S265_CLAIM_EDGE_DC6700C04448B5047FD6,crel_d3b1de3d5d56
S265_CLAIM_EDGE_DC6CD23AACD01353ABD1,crel_5f4c483a10a9
S265_CLAIM_EDGE_DC7A58E17A77D8AB1292,crel_5986fe82f0e2
S265_CLAIM_EDGE_DC7CBD790EB8D201983C,crel_7bfda3799669
S265_CLAIM_EDGE_DC89067A0D0569BDFF23,crel_3cc7fc456512
S265_CLAIM_EDGE_DC9E64184A0405F57CB5,crel_ed4627856c64
S265_CLAIM_EDGE_DCCEABF41AD5F58C11EC,crel_671bb2ead035
S265_CLAIM_EDGE_DCE452C90A06D9966701,crel_2e5dd7295bba
S265_CLAIM_EDGE_DCE66B90F39CA9A0BEFD,crel_28bda106fcba
S265_CLAIM_EDGE_DCFFCDF7C87969A0D4FF,crel_578db1c40157
S265_CLAIM_EDGE_DD083BDEB2843F99F5E7,crel_776f29148364
S265_CLAIM_EDGE_DD0DF69BF951B81C8432,crel_9711072f9ea1
S265_CLAIM_EDGE_DD19CD2C74FC858E498F,crel_f8d313ba0e1f
S265_CLAIM_EDGE_DD1AC0CB2B28F08BC419,crel_88a1b319b292
S265_CLAIM_EDGE_DD21F5788757A26D666B,crel_2acad62de60f
S265_CLAIM_EDGE_DD2AAFABC626EBF24B63,crel_1635834c4b3c
S265_CLAIM_EDGE_DD5CD64FE93AC9AA8D6B,crel_81168a0b0e91
S265_CLAIM_EDGE_DD74FFD774F7FC753B38,crel_2ff85c4ba34e
S265_CLAIM_EDGE_DD7C5DAC60F32DCB9002,crel_5321ca79a1e8
S265_CLAIM_EDGE_DD991650F88FCEF70647,crel_6e9692b5cf13
S265_CLAIM_EDGE_DDAC20AC972BA3A200BF,crel_0822a676f792
S265_CLAIM_EDGE_DDCC725C24566F599175,crel_9cc99b041cc1
S265_CLAIM_EDGE_DDD85F20BD4BC64BCD8B,crel_cffb914cd7d7
S265_CLAIM_EDGE_DDEFB450D7FE53B50821,crel_4626864a3521
S265_CLAIM_EDGE_DDF38253830FD2B376D7,crel_51458169b2ce
S265_CLAIM_EDGE_DDFBC4D61935EF084D7E,crel_8f95b6c1a0d6
S265_CLAIM_EDGE_DDFCDF34B1AA368385D4,crel_b76760a06291
S265_CLAIM_EDGE_DE1E1C864DE5FDC78572,crel_13825c18ef5a
S265_CLAIM_EDGE_DE1F702833A0E77C56E2,crel_47c1ef96710d
S265_CLAIM_EDGE_DE22C8B79AD21D1C4223,crel_a7fff4ac7ff9
S265_CLAIM_EDGE_DE3E2E17BB345AAB4E37,crel_31a6dad0826a
S265_CLAIM_EDGE_DE4BC1B288192D154D10,crel_b4cc27eb6035
S265_CLAIM_EDGE_DE5C57D46C398BC901C7,crel_ccddb840d9bc
S265_CLAIM_EDGE_DE7725B5DDD5B4A24857,crel_03d8f72b67e5
S265_CLAIM_EDGE_DE920224A152A546FD40,crel_b2197ae16939
S265_CLAIM_EDGE_DEBB4FBC609209699F04,crel_3fcb4822cc1f
S265_CLAIM_EDGE_DEC05B6BCD5722CC5635,crel_3adbc994fd84
S265_CLAIM_EDGE_DEC3BCBA9471E7B8C28D,crel_322514c4e6ad
S265_CLAIM_EDGE_DED458FA720F1AB932C2,crel_66f7112c1a5c
S265_CLAIM_EDGE_DEDA56AFC540C111767E,crel_8c58e76b5df4
S265_CLAIM_EDGE_DEDAFD9FBA5DEB63F150,crel_90cc11f69772
S265_CLAIM_EDGE_DEDEACD4DB0984EA5391,crel_77da47b672ef
S265_CLAIM_EDGE_DEEF4800C6DECB31FC41,crel_8b9621c7a1cb
S265_CLAIM_EDGE_DF04AB5FBE4A279A5413,crel_5acdc857fa65
S265_CLAIM_EDGE_DF07C3AE4ED7AF9C95C6,crel_8fd9025eb5bb
S265_CLAIM_EDGE_DF1080D022C4250D43D6,crel_2912e75dfe91
S265_CLAIM_EDGE_DF17146918B7EA077195,crel_b0fbdd09ad69
S265_CLAIM_EDGE_DF3C57AABDDE9D74C91E,crel_3ed1cf0585a6
S265_CLAIM_EDGE_DF63954A939151794546,crel_81aebb28fae9
S265_CLAIM_EDGE_DF803088D845E2C1B1AC,crel_b6c7aab635f3
S265_CLAIM_EDGE_DF89C41010AA6C4C1372,crel_01685b6c433c
S265_CLAIM_EDGE_DF9C836D12A54CC2F563,crel_f1c3da554556
S265_CLAIM_EDGE_DFA72A8C2BC21CB3C159,crel_d71beb20875c
S265_CLAIM_EDGE_DFB4FB270DE60D53E97B,crel_904d7ac46d3d
S265_CLAIM_EDGE_DFD09D73590E48E3F393,crel_1a37954e7d89
S265_CLAIM_EDGE_DFDD910F5F213432D186,crel_a4af4a3faabf
S265_CLAIM_EDGE_DFDE3A4ADB080B17305C,crel_336f273b289e
S265_CLAIM_EDGE_DFE014F4AFA36635BB42,crel_abec03d9b0b0
S265_CLAIM_EDGE_DFF071146762D18274EE,crel_269ee5eb0b19
S265_CLAIM_EDGE_DFF56C40D8FFB6A36340,crel_b67b9399531e
S265_CLAIM_EDGE_E0200F3E2B6121EB43DB,crel_bdf551277182
S265_CLAIM_EDGE_E02150D96FDC75790931,crel_30dfd39de0a1
S265_CLAIM_EDGE_E02860F8CC5A9F4EFA8E,crel_2e8788bf3a58
S265_CLAIM_EDGE_E02950918D29D65289F8,crel_4b78fd8829fa
S265_CLAIM_EDGE_E0295232B9BB271A3F83,crel_fb9862267a71
S265_CLAIM_EDGE_E0441F20178C592FA918,crel_7746f0ea2b1e
S265_CLAIM_EDGE_E05490FAB2C6DB86DAAD,crel_f614ed7f4d49
S265_CLAIM_EDGE_E07A57F2EA101F265638,crel_460f524612d6
S265_CLAIM_EDGE_E09D2AF1E2BAC5166BEB,crel_fe2fe4e3cb36
S265_CLAIM_EDGE_E0CB410C14A6BEE1CCB3,crel_4ca9f3487e49
S265_CLAIM_EDGE_E0E14229A2B5C447CA61,crel_8f93462285b3
S265_CLAIM_EDGE_E0E7B84F4E247D8785BE,crel_b2f8ebe7fe10
S265_CLAIM_EDGE_E0E9BF7A7C47039302E5,crel_97a480ea0dd2
S265_CLAIM_EDGE_E0F1C4778DB6C47E9B14,crel_f95b01605711
S265_CLAIM_EDGE_E0F35DABA80D4B6C0D54,crel_ce7861a5164a
S265_CLAIM_EDGE_E0FBE06B2095EC344945,crel_4f60e367b7c6
S265_CLAIM_EDGE_E1224BE25EDFCA49ACA4,crel_86a5213200cb
S265_CLAIM_EDGE_E130B2E49BC0DFCA4F58,crel_0530ff29043f
S265_CLAIM_EDGE_E132CD39BC295303EE70,crel_6b952f58ba9d
S265_CLAIM_EDGE_E141B22F0F961BC0CA14,crel_4ccddbfab1f6
S265_CLAIM_EDGE_E14424A861DF3FE15BFB,crel_79b143bfe7e4
S265_CLAIM_EDGE_E14EAE2124BD3ACA6BB3,crel_b78f90b30037
S265_CLAIM_EDGE_E194AE755C6F88685F4D,crel_ac3dcccecb5b
S265_CLAIM_EDGE_E1A264A8871FCBB42683,crel_3c3198174d39
S265_CLAIM_EDGE_E1A3918A437F269F0598,crel_610478ecd51c
S265_CLAIM_EDGE_E1A5DE4269868656045B,crel_b81c79d32873
S265_CLAIM_EDGE_E1C4037309BF27395041,crel_c17497e2ad24
S265_CLAIM_EDGE_E1E78B3987DCF0C2CDC6,crel_b3b254f9274a
S265_CLAIM_EDGE_E1F78A35B24DAF93EB56,crel_3b257c4d9fdc
S265_CLAIM_EDGE_E21528762F9725C25467,crel_e5290e67e310
S265_CLAIM_EDGE_E22125035E105A1AE8CF,crel_b8ef33a5d4e2
S265_CLAIM_EDGE_E22AB39D389AFCBAEB7D,crel_66114c3507f8
S265_CLAIM_EDGE_E22FFF7CB6260F54644A,crel_1afd84343490
S265_CLAIM_EDGE_E2320F0A5B64999404BA,crel_8b5e4703452e
S265_CLAIM_EDGE_E23AA06CD3FB15EDBF0C,crel_740e164e852d
S265_CLAIM_EDGE_E2476D5A41850F64E3D0,crel_2bcbdb5fd16b
S265_CLAIM_EDGE_E254563596E038B0E807,crel_b5be862301e0
S265_CLAIM_EDGE_E265C2F57C013B303475,crel_8fa16c7c17f6
S265_CLAIM_EDGE_E266F9BDF056F4F9DF7B,crel_7f0edf84e226
S265_CLAIM_EDGE_E26734F3F59CA28872C9,crel_a66e42a4ecd3
S265_CLAIM_EDGE_E276B9A6B38BC2523583,crel_d80c43f86278
S265_CLAIM_EDGE_E280936CAEC8EB6FB418,crel_6c0910832847
S265_CLAIM_EDGE_E28858A32F47C90FD759,crel_5a48de316d2f
S265_CLAIM_EDGE_E2921435FAC96854E9DC,crel_d6ac292cef33
S265_CLAIM_EDGE_E29EEEB1DBCAF775F59E,crel_61018baa4e9b
S265_CLAIM_EDGE_E30A97C395D165A44AAC,crel_2e34ac676ca8
S265_CLAIM_EDGE_E332AB181137F7B42FA9,crel_1e241d836e39
S265_CLAIM_EDGE_E347B63A675E01F6EBA9,crel_12d3b38c3b3e
S265_CLAIM_EDGE_E373E7C1CE8901804618,crel_6cd328ffb2b6
S265_CLAIM_EDGE_E382427AD0F01F228CD4,crel_a519a0805332
S265_CLAIM_EDGE_E3B0C76C30968AE2F649,crel_51ff48cb6832
S265_CLAIM_EDGE_E3C7A42E63BAC103D55D,crel_a5f1da600c35
S265_CLAIM_EDGE_E3C88AF23BE419CA7CEA,crel_7459174343bc
S265_CLAIM_EDGE_E3CCB356EBCE9263F432,crel_a62dcde12d5f
S265_CLAIM_EDGE_E3E1295D1F5A888DDA1F,crel_3c35785309fd
S265_CLAIM_EDGE_E3E693CD169A18F9F62D,crel_c71084f2f5b1
S265_CLAIM_EDGE_E3FDB24801EFE99CA306,crel_c0f6c0360a87
S265_CLAIM_EDGE_E404745F1C7B51BC20BA,crel_a6bae8eab6b8
S265_CLAIM_EDGE_E40A6818D3E27ED68A65,crel_b9bf50af6cd2
S265_CLAIM_EDGE_E41D762228EEE2E2F9EE,crel_ac33a07f5e9d
S265_CLAIM_EDGE_E42620E865BB8C497C02,crel_3e892d5830ce
S265_CLAIM_EDGE_E4300C180A9477989109,crel_714e33ace432
S265_CLAIM_EDGE_E447BF2AFB5B4BE93471,crel_dbfa267316f1
S265_CLAIM_EDGE_E44FE0B160D2DD6C2446,crel_3101c98ab117
S265_CLAIM_EDGE_E45A0E243A9756427DC4,crel_88d842b238a2
S265_CLAIM_EDGE_E45FB314855094CD93A0,crel_996e58260119
S265_CLAIM_EDGE_E46E87378951AB4706FC,crel_a810c7b23eee
S265_CLAIM_EDGE_E47F4C4E7B4B57A56DE0,crel_7bc529861534
S265_CLAIM_EDGE_E49668BCD60C77DEB7BC,crel_dc25c61d1da3
S265_CLAIM_EDGE_E4AB869078EC8FAE46E6,crel_034071a9c030
S265_CLAIM_EDGE_E4C483C41426996F716E,crel_3d5bc6b2a1cc
S265_CLAIM_EDGE_E4C83C3EA302BBA38CA7,crel_d90b75919f9b
S265_CLAIM_EDGE_E4C9310FE86D9890E24B,crel_56ead0f8bbb8
S265_CLAIM_EDGE_E4CEBD6F8E963CE095D4,crel_e9a329d0a7c7
S265_CLAIM_EDGE_E4FA89FDE1C952654EF0,crel_01143ba9454b
S265_CLAIM_EDGE_E51375C6E7D156A149C9,crel_8675a4b33a5f
S265_CLAIM_EDGE_E5186053C0F7034CE6E8,crel_67369fac4513
S265_CLAIM_EDGE_E51A71A7FA62624D1107,crel_109d10dcd59e
S265_CLAIM_EDGE_E52AE1AFC3ACC84B3AE7,crel_4766f44dcefd
S265_CLAIM_EDGE_E53463CE7921C3479913,crel_a03f81e09d17
S265_CLAIM_EDGE_E53D0345A98E4C00C104,crel_b9ff4af6a15f
S265_CLAIM_EDGE_E54119A55ACDA7AAC488,crel_98bf6e7e5f28
S265_CLAIM_EDGE_E54F5D275315A50D68FF,crel_bdc059b2bf4d
S265_CLAIM_EDGE_E576EF8D12571ACDCF78,crel_901e0fdf7c1c
S265_CLAIM_EDGE_E57C1CCF549B7D755200,crel_34c448042130
S265_CLAIM_EDGE_E58FF52478E4F6601D6B,crel_5d130a93d51a
S265_CLAIM_EDGE_E59878F85353B76DD926,crel_139feb0e3fde
S265_CLAIM_EDGE_E59C8F5ABB1931EEB5D1,crel_6cb4ba41afbe
S265_CLAIM_EDGE_E5A281E4A29FB4BDCF36,crel_66372653711e
S265_CLAIM_EDGE_E5C093FEC2147105EFFA,crel_16329ebca600
S265_CLAIM_EDGE_E600C7B815F17EC2BECE,crel_ac911f0dc90d
S265_CLAIM_EDGE_E61417EEA34A8D1EEDB8,crel_1d3e656e3b57
S265_CLAIM_EDGE_E61E188DAC070DE108AD,crel_4e3c7b29b61f
S265_CLAIM_EDGE_E62370EB0FE47A819CB5,crel_d5474e253419
S265_CLAIM_EDGE_E63B78FFDDE7498B063E,crel_b4a7d06d5bce
S265_CLAIM_EDGE_E6469F2160E82101F3A0,crel_7c76db946104
S265_CLAIM_EDGE_E64941E248E1F107B0A9,crel_70129579e4d5
S265_CLAIM_EDGE_E64F0271B4DFFB188884,crel_b464aa9cb8e3
S265_CLAIM_EDGE_E680F2A5EE9B6EDB1EF3,crel_381fde032f6f
S265_CLAIM_EDGE_E6941F9DF5544E77A169,crel_c5b4f061d375
S265_CLAIM_EDGE_E6995A84E6A927A260FC,crel_6db3d641f987
S265_CLAIM_EDGE_E6A666B63D73DD28D841,crel_6c3ffffec5e6
S265_CLAIM_EDGE_E6AA0CCD1A6D11FF876D,crel_e14be0383b4f
S265_CLAIM_EDGE_E6AB1B5E5C56FFAF34CD,crel_c39e6ecd7619
S265_CLAIM_EDGE_E6AB3525FD7786CDDC6C,crel_a752aeb5b568
S265_CLAIM_EDGE_E6B8F1B529D75CA30002,crel_7fe011c6eac3
S265_CLAIM_EDGE_E6BC15DC16B2AE8776BF,crel_77bafdab41dd
S265_CLAIM_EDGE_E6CCDFE57A79C666364C,crel_fd07accd49af
S265_CLAIM_EDGE_E6D33D00E90542F77605,crel_3e51c0f19173
S265_CLAIM_EDGE_E6E4AB07AF66351291AB,crel_208cdf91cb62
S265_CLAIM_EDGE_E6E55BEEDE4721BF596C,crel_2b22e4ccffa9
S265_CLAIM_EDGE_E6E6DABA198193AEA198,crel_438291dc5759
S265_CLAIM_EDGE_E6E74F7C9E1C6818A8F0,crel_df642c946d71
S265_CLAIM_EDGE_E6E86054C5E38DEEA82F,crel_8ea890a58ac5
S265_CLAIM_EDGE_E6E8E5975500F37B6232,crel_daa04f959576
S265_CLAIM_EDGE_E703BA472DAA741BDC9A,crel_20097c233857
S265_CLAIM_EDGE_E7119AFA063F94BEA15E,crel_c292f11cb4c2
S265_CLAIM_EDGE_E71543C7BE168925455E,crel_b5cef96730ad
S265_CLAIM_EDGE_E7266C8BDA43B2B5F095,crel_5b40c977cd7b
S265_CLAIM_EDGE_E73BB25DD1A59DBA06FD,crel_cfd0bd4a62e1
S265_CLAIM_EDGE_E740C804D961EF768AE6,crel_012fdb4f32fa
S265_CLAIM_EDGE_E766CDBA7D6B037FD070,crel_c0511e59c1bf
S265_CLAIM_EDGE_E769ADC505666EF65C21,crel_6eb255dc3c31
S265_CLAIM_EDGE_E78425B89E985693EBCA,crel_0c64dd0e69c2
S265_CLAIM_EDGE_E797C0B4987F412FFF89,crel_66fa98fff5cb
S265_CLAIM_EDGE_E79C85B6B581A53CE652,crel_8ab74334b962
S265_CLAIM_EDGE_E7A0067755110F1FE2AA,crel_1f98d9345252
S265_CLAIM_EDGE_E7A32220A34030B59176,crel_0cefa2fb6d10
S265_CLAIM_EDGE_E7BF44279432D5B46677,crel_2ee3be1e5ed8
S265_CLAIM_EDGE_E7C98F06627DD81729EA,crel_dffac400646f
S265_CLAIM_EDGE_E7D91A6800B3A1E6DB40,crel_e23e56a26a75
S265_CLAIM_EDGE_E7F358724C1D5804ABFD,crel_36e03836b830
S265_CLAIM_EDGE_E7FF3D2B351979F10502,crel_b6f2219410e9
S265_CLAIM_EDGE_E81A65AF032B626D1295,crel_a9a61922179a
S265_CLAIM_EDGE_E8273689B26A6222D3F1,crel_6ffc236d04f1
S265_CLAIM_EDGE_E8419B8A787D3AC84523,crel_7c5bb372872c
S265_CLAIM_EDGE_E85C02D4891E0A8FFA53,crel_69a67d5fae3d
S265_CLAIM_EDGE_E85ED49E9B901411696C,crel_35d54cff5cfa
S265_CLAIM_EDGE_E8641998DB92127A56A5,crel_25b7c0554d29
S265_CLAIM_EDGE_E8734C5625215DD74CE8,crel_adc0f0da8a55
S265_CLAIM_EDGE_E8768396839DB5653D29,crel_ca88fb5cfc68
S265_CLAIM_EDGE_E8774410650DD8CDDB8A,crel_2dbae2c95fad
S265_CLAIM_EDGE_E87D7929498753CC62C7,crel_175e841bd26f
S265_CLAIM_EDGE_E88474C34DCC0DED17AE,crel_35700d5c48d0
S265_CLAIM_EDGE_E8956607B24AB64AB889,crel_abb444937490
S265_CLAIM_EDGE_E89B7AB6861DBDBF16B2,crel_ac4d3e62711a
S265_CLAIM_EDGE_E8B9394C0FA7AA2E6C4B,crel_11f44eb54f1f
S265_CLAIM_EDGE_E8BC39AE9D7CD04172AA,crel_583e309f890c
S265_CLAIM_EDGE_E8CF19262B910E9298CB,crel_5a8a8dc7a730
S265_CLAIM_EDGE_E8ECEDDD56D167ACBCB4,crel_3b0a3e23c2d2
S265_CLAIM_EDGE_E90F45DC0D04747346F3,crel_53091d0c933b
S265_CLAIM_EDGE_E93400FBDBAD97658ECE,crel_98fc004274fe
S265_CLAIM_EDGE_E96CF8EF5F8936BB513D,crel_f152c04b3af9
S265_CLAIM_EDGE_E99E0175CE41E9F61DF2,crel_20230f1370c3
S265_CLAIM_EDGE_E9D1815459B972B04D69,crel_8e88e55ca9fe
S265_CLAIM_EDGE_E9D3753CDD161DAF49B0,crel_87859941df21
S265_CLAIM_EDGE_E9DE922F85C66AE7E561,crel_e72b1c1523db
S265_CLAIM_EDGE_E9FB56360456B00AF40E,crel_93feb3dad84a
S265_CLAIM_EDGE_EA06B96690E7A74AC39C,crel_b985094dfd9d
S265_CLAIM_EDGE_EA6F87F33F95052B9338,crel_db8fb1470e8e
S265_CLAIM_EDGE_EA767C3542F842FCB6F5,crel_180d74efdca0
S265_CLAIM_EDGE_EA7B6F7B0AAED6F0187C,crel_df80937b3bb6
S265_CLAIM_EDGE_EA9BF9B0707E545159D5,crel_73c26ad70a11
S265_CLAIM_EDGE_EAAF029FB73B8DA49425,crel_28ab689cdd4b
S265_CLAIM_EDGE_EAB1985EF41A33F10D86,crel_f566ffd66b4d
S265_CLAIM_EDGE_EAC241C3210016A392D0,crel_8d63a791c16c
S265_CLAIM_EDGE_EACCCFA06D9A0261F00F,crel_67cdc58cb8cf
S265_CLAIM_EDGE_EAD0996DD706436718C9,crel_bba9f6c41ac0
S265_CLAIM_EDGE_EAF27F8F86ACC5C08E51,crel_b475664101d4
S265_CLAIM_EDGE_EAF5BC344363EBD0E8BD,crel_17275e49e4dc
S265_CLAIM_EDGE_EAF5F08B8F3219995C46,crel_022b265358f4
S265_CLAIM_EDGE_EB01E4A7914674CB7A27,crel_e0b58a3b6d50
S265_CLAIM_EDGE_EB03024FF6143127D701,crel_55d50b9c154f
S265_CLAIM_EDGE_EB392A135B387A031C9F,crel_91367b2cf635
S265_CLAIM_EDGE_EB44F157231C2F05F488,crel_4612dbcac4ea
S265_CLAIM_EDGE_EB520121A6856F4C1CB6,crel_c68e949b8d3e
S265_CLAIM_EDGE_EB5261474D66BA8B11FF,crel_bd065e9a2ae8
S265_CLAIM_EDGE_EB56D388DAEA69A0AECB,crel_1fa534b196e4
S265_CLAIM_EDGE_EB68B5F9702CBD0F2D75,crel_e37e2296f66f
S265_CLAIM_EDGE_EB6A3E96D08D094E8C9F,crel_1cf90cb9e7f9
S265_CLAIM_EDGE_EB8581AB80854905DF75,crel_86b5f4dbc73f
S265_CLAIM_EDGE_EBBE9C121B84A577EC29,crel_a4d740cc6cfe
S265_CLAIM_EDGE_EBC563F853EB92DEE884,crel_5d0bf05b1207
S265_CLAIM_EDGE_EBCA260B23D0510FCC0E,crel_ae1aabe8ec74
S265_CLAIM_EDGE_EBCBE02C8D5BC048C59F,crel_280ec53008ad
S265_CLAIM_EDGE_EBD64868B91BE49701BB,crel_dfc0487e832f
S265_CLAIM_EDGE_EBFCD616F68F562C4B12,crel_0ae783b04721
S265_CLAIM_EDGE_EC0B8A7310336787F3D1,crel_1972c8bc2b59
S265_CLAIM_EDGE_EC0C9F7FD33D37365F95,crel_afe576a00c15
S265_CLAIM_EDGE_EC12160D03E016545DF7,crel_09941752262e
S265_CLAIM_EDGE_EC3076FF7266EE6A7D80,crel_9bd9a91ea84e
S265_CLAIM_EDGE_EC36878F10D27517E433,crel_359eea5e0f48
S265_CLAIM_EDGE_EC38B5AA9D2C62613F4C,crel_548b0bfc1d26
S265_CLAIM_EDGE_EC3A9E22E33DDF0FB396,crel_4aed013bdb1e
S265_CLAIM_EDGE_EC414C363DD8040E37ED,crel_01132c881fd8
S265_CLAIM_EDGE_EC4A3C2286C82FF4C51B,crel_74ec80f28218
S265_CLAIM_EDGE_EC52FF89E399B27FBB94,crel_daa2f165972c
S265_CLAIM_EDGE_EC53901D0A9BB9D70DDD,crel_5f41be65e24a
S265_CLAIM_EDGE_EC6A3573BA86800E27D3,crel_2076f0d7b712
S265_CLAIM_EDGE_EC8C477159EE2DC415AA,crel_d70676c59f41
S265_CLAIM_EDGE_EC8C5406353F2A5436CD,crel_c2eb7607920d
S265_CLAIM_EDGE_EC8C7BB5A6BA4C164BC0,crel_c52026aac7c5
S265_CLAIM_EDGE_ECC1C3080BDEED17D1DC,crel_3450721be120
S265_CLAIM_EDGE_ECC755BBC018F873FC5E,crel_3a442784de5e
S265_CLAIM_EDGE_ECC7A2E6ED24AA9C747C,crel_448070e15d17
S265_CLAIM_EDGE_ECCEB260F63BBF06E916,crel_f115f7058e2b
S265_CLAIM_EDGE_ECE762B187D08D4DB5B9,crel_4c5a0f73fd01
S265_CLAIM_EDGE_ECEED3C3BBF786EFE56E,crel_6d4369596267
S265_CLAIM_EDGE_ECFB43F9914D4E0AF001,crel_29324cb03e94
S265_CLAIM_EDGE_ED06BFC17C1F9C3B99B8,crel_2693f681ab84
S265_CLAIM_EDGE_ED1FBF31B53CBFD51424,crel_1fc6ce806382
S265_CLAIM_EDGE_ED227B831FB8E5BAEF12,crel_7ef135e0b0ad
S265_CLAIM_EDGE_ED62CFB5207059A692D3,crel_d5e7129397e1
S265_CLAIM_EDGE_ED7AA8EC45C9F6C3C043,crel_e358f52c4237
S265_CLAIM_EDGE_ED7CD759E2AF78B84DCA,crel_d313180e5667
S265_CLAIM_EDGE_ED9C9E5BADEEC057246F,crel_90d682d447b5
S265_CLAIM_EDGE_ED9F11B1450FCCCC5CFD,crel_6d96c308a358
S265_CLAIM_EDGE_EDA7DC13A1BD7F57839A,crel_75c586537154
S265_CLAIM_EDGE_EDC14C155EA3478A9E74,crel_506535927984
S265_CLAIM_EDGE_EDCB4FC225C1A6E06104,crel_fcb59ee7a3f6
S265_CLAIM_EDGE_EDD08FF0AC8A7A1C90E4,crel_c5a7a8c2ba64
S265_CLAIM_EDGE_EDD6B617F90562EA0E89,crel_4b17ffe7d5c7
S265_CLAIM_EDGE_EDF1C608522715FFC76E,crel_1dc7090a5d1c
S265_CLAIM_EDGE_EE0AD688646DDD25EC06,crel_3f518bb2f3bb
S265_CLAIM_EDGE_EE1B7C9452FC68F7C456,crel_8ac62c8ee721
S265_CLAIM_EDGE_EE39BC56C55EBDC5A044,crel_e5885a32433f
S265_CLAIM_EDGE_EE3A422F44CF2DADA8A6,crel_4b416d74e03e
S265_CLAIM_EDGE_EE4D76B2A293CCC73CEA,crel_4ca62bfd3aca
S265_CLAIM_EDGE_EE6916901C55BC6F1692,crel_289b1d49ad8f
S265_CLAIM_EDGE_EE6DF6C211035D49D48D,crel_829b7c6b171b
S265_CLAIM_EDGE_EE7090DFDA224EABD830,crel_b9db09bca8db
S265_CLAIM_EDGE_EE7566A446DF524FF092,crel_f12466ccd68f
S265_CLAIM_EDGE_EE9E6F4E5E8FDE39399B,crel_9b8338c619e3
S265_CLAIM_EDGE_EEA65E4734C296ADF126,crel_2983d2106b41
S265_CLAIM_EDGE_EEC72E53B8527C444AFB,crel_55aeb42822ef
S265_CLAIM_EDGE_EEC955DE31516DAE6E77,crel_9fd89d0a676c
S265_CLAIM_EDGE_EECAF60747C31D3036C1,crel_6c8a467a1094
S265_CLAIM_EDGE_EF04E8A2E15FD29F977C,crel_069767a37122
S265_CLAIM_EDGE_EF07FF2C46A4246EDCAB,crel_0ffe031e893a
S265_CLAIM_EDGE_EF0DCA7107AE1C301FE9,crel_500019f400dd
S265_CLAIM_EDGE_EF172546D77AFE3A08F3,crel_340af97aa5a2
S265_CLAIM_EDGE_EF1F14CE9E38390B7D79,crel_4b4fe541a2a6
S265_CLAIM_EDGE_EF2A360B5EC333E23E33,crel_035f82d009f6
S265_CLAIM_EDGE_EF308BCA8A24163C2359,crel_4ced055890dc
S265_CLAIM_EDGE_EF4080C2930BA5E1282A,crel_3de692ed5884
S265_CLAIM_EDGE_EF67E8D3F5255E6D3CC1,crel_b5bb1fc789d2
S265_CLAIM_EDGE_EF956319B903ACFED2BD,crel_70799b065242
S265_CLAIM_EDGE_EF98CD303FD0181C69B7,crel_ff78ddc65ea5
S265_CLAIM_EDGE_EF9B35CB659BDD18BB09,crel_0ee54d853cc7
S265_CLAIM_EDGE_EF9E900937DFC06B77C8,crel_f2e1eb05c928
S265_CLAIM_EDGE_EFB5064C34B96B515CDE,crel_e7c1ab589f00
S265_CLAIM_EDGE_EFD2D045B5A107E8CDB0,crel_e369af74fc1d
S265_CLAIM_EDGE_EFF55C658F0B87913F13,crel_2888d7446c3e
S265_CLAIM_EDGE_F007DEECB5DE117C2E35,crel_db4158d673a2
S265_CLAIM_EDGE_F00B626F79008FCDE6A4,crel_a68002b33476
S265_CLAIM_EDGE_F00FCD83E9F7C35CCD4E,crel_e9c88ac23be1
S265_CLAIM_EDGE_F01F28B564B6CE07FE5C,crel_2f98e69867f2
S265_CLAIM_EDGE_F022734A137C0BA3F419,crel_cc206521d951
S265_CLAIM_EDGE_F0362EB9E400322E8CCE,crel_4debba9dde44
S265_CLAIM_EDGE_F05B97179B52046C2FD8,crel_51ad58d448f4
S265_CLAIM_EDGE_F06B644492B28CDC6214,crel_4fc7044b3165
S265_CLAIM_EDGE_F073B6D906B874277120,crel_168c66f19324
S265_CLAIM_EDGE_F0AD89CAF8337C67B4B2,crel_3f3798d9e6c3
S265_CLAIM_EDGE_F0C452EA42BF1A769D0D,crel_959b993008ef
S265_CLAIM_EDGE_F0EA407F892DCAB69420,crel_d6b9726bf35a
S265_CLAIM_EDGE_F0EC2D71FCC79855E426,crel_220897ee0cd3
S265_CLAIM_EDGE_F0ECA385CD8CD913E67E,crel_cc5be24c1bec
S265_CLAIM_EDGE_F0F707ED833702E34935,crel_59d406acabd5
S265_CLAIM_EDGE_F1188206F33E7B4BF151,crel_d97147f9f7d4
S265_CLAIM_EDGE_F12D18AF7999FB73CBC2,crel_7971b9806735
S265_CLAIM_EDGE_F13A86B2F1D66D6B4E72,crel_6088bbc2af2b
S265_CLAIM_EDGE_F13D47A3EA805FC74313,crel_bf07851dd317
S265_CLAIM_EDGE_F14837CCC1EDF84FF600,crel_969c3fac3694
S265_CLAIM_EDGE_F14B52A7A45531915854,crel_fea5f76edc6d
S265_CLAIM_EDGE_F15642FE307666DE00E4,crel_3ad647c42ffa
S265_CLAIM_EDGE_F15708498C50DE1565D6,crel_43d5f4cbe374
S265_CLAIM_EDGE_F15830A91DEF405979B4,crel_8973232a351c
S265_CLAIM_EDGE_F15B49D5B2F27CD3FCA1,crel_7327ef684907
S265_CLAIM_EDGE_F18C9349A57E2B4CE1BF,crel_d616756aba06
S265_CLAIM_EDGE_F1989F56B30037449060,crel_0be377891c44
S265_CLAIM_EDGE_F2059CF8A9E4F23066A7,crel_f47440c45260
S265_CLAIM_EDGE_F224E892EF5FCE77B84A,crel_9be0c4262121
S265_CLAIM_EDGE_F225FBC3587A3F494A9B,crel_165d6e00c936
S265_CLAIM_EDGE_F22F6D4A1997EC4B6CF4,crel_feba780188cc
S265_CLAIM_EDGE_F233D73FCF498750FBE1,crel_52d6ba6623f2
S265_CLAIM_EDGE_F256845B356D0D1CBE37,crel_d4729da3ad03
S265_CLAIM_EDGE_F26587AEEAC59C89A1D6,crel_be47a36df32d
S265_CLAIM_EDGE_F2863009F38A15E36676,crel_90a4f534868c
S265_CLAIM_EDGE_F29FE89D05EF510B7438,crel_da36a7098ec2
S265_CLAIM_EDGE_F2EA04A132AA07429F65,crel_5293aec22d57
S265_CLAIM_EDGE_F2EF44062C29148F048D,crel_04c51c16a895
S265_CLAIM_EDGE_F3229486EB0353CF2D5F,crel_3c9b7c7d6773
S265_CLAIM_EDGE_F32D6F697443823E208E,crel_1108e2f6bc10
S265_CLAIM_EDGE_F32EF9308541C848DAF5,crel_2a1315dc7c6b
S265_CLAIM_EDGE_F33F10D375190D4BFE3D,crel_f96e17bd35a8
S265_CLAIM_EDGE_F34FC7240C91553C3B93,crel_14c644607d87
S265_CLAIM_EDGE_F35B05F04654167C549D,crel_b8bfbe664312
S265_CLAIM_EDGE_F381E40FA7B9DDC729C8,crel_1664fae299ec
S265_CLAIM_EDGE_F390631EFDA81B641013,crel_ae0f723b1f36
S265_CLAIM_EDGE_F392A27A024689FAFEAA,crel_23d8fe7171bb
S265_CLAIM_EDGE_F3B1E2CC80D1195DB0F3,crel_a9394276451b
S265_CLAIM_EDGE_F3B3509937DFBFA8F652,crel_8362abc9ec7c
S265_CLAIM_EDGE_F3BAF8CFD883290B5903,crel_f045d83d89ba
S265_CLAIM_EDGE_F3C5C7DD64411089ADDF,crel_80f64dc3331a
S265_CLAIM_EDGE_F3C89A10193402D97846,crel_8133211736b5
S265_CLAIM_EDGE_F3D3A7D5B445BC9F3A18,crel_15d2590949f1
S265_CLAIM_EDGE_F3F34C7CC6490B1964FD,crel_55821b7a9d51
S265_CLAIM_EDGE_F422E74C438C06968BAC,crel_85cca4bf81c5
S265_CLAIM_EDGE_F461FCB0BBCF43E81A21,crel_9308712dce8e
S265_CLAIM_EDGE_F46CC5282ED5AED08E13,crel_da6cab4f61a1
S265_CLAIM_EDGE_F4722930941AF837AEAC,crel_0f9a46f46fb9
S265_CLAIM_EDGE_F4821AE3A5A992FA803B,crel_ef473ac87c45
S265_CLAIM_EDGE_F491896450B7BFFE5073,crel_78265e99b3ff
S265_CLAIM_EDGE_F4986A50AD1B384EE5FA,crel_42945ca1c1bd
S265_CLAIM_EDGE_F4998F3D0C35FABB6E40,crel_f54d038126f5
S265_CLAIM_EDGE_F4C442B733B722EB06EE,crel_a7668c99475e
S265_CLAIM_EDGE_F4CA3A1036AC6D466ECC,crel_68286bc9a919
S265_CLAIM_EDGE_F4CC4D039FF39BF1A4D7,crel_21573c83cfa2
S265_CLAIM_EDGE_F4D46391AA78A5BF59F1,crel_6d91c5b4a004
S265_CLAIM_EDGE_F4DB0F62636E9CB0725C,crel_2ac0dc79ab46
S265_CLAIM_EDGE_F507D4E89F2EB2CAC59A,crel_81453735355e
S265_CLAIM_EDGE_F514F1678109EB8611E6,crel_0517b63612d6
S265_CLAIM_EDGE_F519216C81E0523544E7,crel_11b76dba1f2f
S265_CLAIM_EDGE_F531E3C9A71BEFA4015E,crel_010e9b168264
S265_CLAIM_EDGE_F544F32E1C6067E8F968,crel_894c3b0d2067
S265_CLAIM_EDGE_F54FCAA2592C6D37A02D,crel_908d46113a98
S265_CLAIM_EDGE_F55954B851CB74812DC1,crel_c15efaf1f8f3
S265_CLAIM_EDGE_F563F28FBD54DA0507F1,crel_d5aa33ca3735
S265_CLAIM_EDGE_F56AE8E7F859103EDBEE,crel_c80cf8259539
S265_CLAIM_EDGE_F578034551309727CCA3,crel_3f9be4eab56c
S265_CLAIM_EDGE_F5803743D4524D02358C,crel_a22c3d1357c3
S265_CLAIM_EDGE_F587442C17B157843C01,crel_657e9085492b
S265_CLAIM_EDGE_F588E2C2FFC028895011,crel_5f0c47fae725
S265_CLAIM_EDGE_F58D42C1DE91E3630ECC,crel_79cfb0364dcb
S265_CLAIM_EDGE_F596C4DDC143F5486F0B,crel_2f2e7495a580
S265_CLAIM_EDGE_F5B4F564EF13F02C3195,crel_03514a97fb76
S265_CLAIM_EDGE_F5BB01E36C2A605A4620,crel_36ade2207afa
S265_CLAIM_EDGE_F5BC53BAFFD121C062AD,crel_52747079218d
S265_CLAIM_EDGE_F5C85ABCF8C29123BF5A,crel_66538c8343af
S265_CLAIM_EDGE_F5E0F807ADEBA714AEA6,crel_348c5e04f309
S265_CLAIM_EDGE_F601E5DD049921E9E4B0,crel_086fa3ca4c15
S265_CLAIM_EDGE_F6035A3D1EBC318645D7,crel_823ce55d85c3
S265_CLAIM_EDGE_F60E53EF4CB86761CAEA,crel_d275616d215d
S265_CLAIM_EDGE_F65B7B7A63858B583313,crel_e2d181c4aa31
S265_CLAIM_EDGE_F66D31CD1C8604C46C25,crel_a390eff62c99
S265_CLAIM_EDGE_F67CE1CEE6F2D9745AFA,crel_ac2201929a1d
S265_CLAIM_EDGE_F6865525A8A000C8C126,crel_b2ecfe806fb1
S265_CLAIM_EDGE_F695AE2E150722CD3B85,crel_c545f12f0173
S265_CLAIM_EDGE_F69D5688C38B47E31EBB,crel_17361f7e3ed4
S265_CLAIM_EDGE_F6A772B4818217A88AF2,crel_67df8fb0ad34
S265_CLAIM_EDGE_F6B9E76E6576286B5F2B,crel_c0210725ff49
S265_CLAIM_EDGE_F6C447F9732A42780F11,crel_dc7e8b0650ce
S265_CLAIM_EDGE_F6C570CCCC0C6E4336B5,crel_6a5c0803061f
S265_CLAIM_EDGE_F6DB46D9CA4B11EEE4D3,crel_78ed22efea4c
S265_CLAIM_EDGE_F6EEFE6D0CDEA68A6D26,crel_5dbfbdfdfe38
S265_CLAIM_EDGE_F6F1B7612662D92B613F,crel_7ee6b3f0dd68
S265_CLAIM_EDGE_F6FD6F9215302DB85EA8,crel_95549ee81a94
S265_CLAIM_EDGE_F7094876A04752329776,crel_c069412bd016
S265_CLAIM_EDGE_F70B54FCA48F5E886547,crel_630e8fe69a49
S265_CLAIM_EDGE_F70C1BCD797B07C1AEC8,crel_ea295bab739d
S265_CLAIM_EDGE_F70FFEF9F2A15793F5CA,crel_ef1acb646e62
S265_CLAIM_EDGE_F72B36AC77E00AEA35F7,crel_9f33bafa0e87
S265_CLAIM_EDGE_F7305C0C70ABC9963F8D,crel_926280530881
S265_CLAIM_EDGE_F732F23E93C10FBD179B,crel_ff62a7c40b39
S265_CLAIM_EDGE_F733AA771935D33B5F0D,crel_d8badf2aff8c
S265_CLAIM_EDGE_F742BD78D635D4799ED7,crel_fd09d6cbc579
S265_CLAIM_EDGE_F746F483AED8839F5D8C,crel_6bf8bd33d839
S265_CLAIM_EDGE_F756A02186494E7EB417,crel_a2e11eec3486
S265_CLAIM_EDGE_F76044152B3FB41BF936,crel_303947d75849
S265_CLAIM_EDGE_F788A549A3862A4E1BE5,crel_4bb601dd3ac5
S265_CLAIM_EDGE_F7AB114FFE4FAE022D99,crel_414e63eeebda
S265_CLAIM_EDGE_F7B88B4591E7EF3A4F60,crel_b4fb045f3cf4
S265_CLAIM_EDGE_F7C73C91ABF13D3CFB68,crel_43bd8c9bb358
S265_CLAIM_EDGE_F81AF6D6FFC0397CA0CF,crel_bb0af74fc3bb
S265_CLAIM_EDGE_F81BD86EADFC3B352809,crel_81a27afb34ec
S265_CLAIM_EDGE_F82513B884F3EAE6A0DC,crel_aaa630dc36bd
S265_CLAIM_EDGE_F82E3F78BEBCB30BFB5B,crel_c286407ee726
S265_CLAIM_EDGE_F8438DE8BE87ABB16A63,crel_be15fb88a399
S265_CLAIM_EDGE_F84AC8B018181BED6F66,crel_6846763a46bf
S265_CLAIM_EDGE_F84DB3B0DCEF6F1F8E12,crel_14563d18a9cd
S265_CLAIM_EDGE_F8504541099D0875EBC1,crel_e322c9870ed9
S265_CLAIM_EDGE_F85E2E1A4CC748B99CBC,crel_f12fb00e0e70
S265_CLAIM_EDGE_F85F8A541F5F3F966987,crel_3fafb9311931
S265_CLAIM_EDGE_F870A3D307B700D45DE2,crel_51d3c017721c
S265_CLAIM_EDGE_F87D67CC45397F43076E,crel_ddb07834c0f4
S265_CLAIM_EDGE_F88602D3DCE3A662BB1C,crel_dc7b76f7f5cf
S265_CLAIM_EDGE_F88E0C20AAECD63BC110,crel_d31aa454fd1e
S265_CLAIM_EDGE_F88E4994B228510030F6,crel_7ecb44b91752
S265_CLAIM_EDGE_F891322005EE9BFBADEB,crel_30193be42003
S265_CLAIM_EDGE_F8AEBD9355C240A17D61,crel_d8b99fbd8c45
S265_CLAIM_EDGE_F8B5C22AAA7E5773990F,crel_a46327f23854
S265_CLAIM_EDGE_F8B7C3192FD9220676A3,crel_b3f7cb2e1dcc
S265_CLAIM_EDGE_F8CD4F3F406BD30F5150,crel_91721bfa9b28
S265_CLAIM_EDGE_F8DB8FEFE6D8C0EE8558,crel_4175fd813e42
S265_CLAIM_EDGE_F8DF6E006A49FF8DB1DC,crel_071dc555d39a
S265_CLAIM_EDGE_F8F64A34DCC92EC87439,crel_504455f1d382
S265_CLAIM_EDGE_F8FAA0B48A7BAEC0E739,crel_b3ff8635a74d
S265_CLAIM_EDGE_F92117AA6C6D7A6121E4,crel_fe621741984a
S265_CLAIM_EDGE_F94D727DA72B194AE7FB,crel_2cff562ef8ec
S265_CLAIM_EDGE_F95A04ADD7004F803F1B,crel_5b543c478b77
S265_CLAIM_EDGE_F964DCA51C1AB5B8E0F7,crel_666737875fc4
S265_CLAIM_EDGE_F977D8171CF3A65BCF7F,crel_ba2ca950c40f
S265_CLAIM_EDGE_F99523FB1C9EBC93B472,crel_a319291b4950
S265_CLAIM_EDGE_F99FCB2B8E99BD29700E,crel_94fbc219566e
S265_CLAIM_EDGE_F9A44BE59DEE050C7B6F,crel_87a9baeab946
S265_CLAIM_EDGE_F9AAA1488DDFFC5D2296,crel_949305a3f37b
S265_CLAIM_EDGE_F9AE6048F2DA43CA9EE4,crel_3adca756d5a1
S265_CLAIM_EDGE_F9AF6B335AAAEFC6DA2D,crel_73c3015ec579
S265_CLAIM_EDGE_F9B4B4EA08E81F7DF05F,crel_4ad4322c0d0a
S265_CLAIM_EDGE_F9B5FEAEFE7C6920D5CB,crel_bdbf6e35a2fc
S265_CLAIM_EDGE_F9B69781AD0DA9261454,crel_d0e9980e3f0c
S265_CLAIM_EDGE_F9BA22B99BB0A657F4FC,crel_9b4b8a0e2e26
S265_CLAIM_EDGE_F9BBF19623C3B03C1326,crel_b2a469d8f583
S265_CLAIM_EDGE_F9C0F3CC42C83B8DB6F6,crel_d1bbb91abec2
S265_CLAIM_EDGE_F9D8897A883F90391D34,crel_7ef64624c7fa
S265_CLAIM_EDGE_F9D8C1D4B75B2C62FFEB,crel_02b69d83a3df
S265_CLAIM_EDGE_FA06B2DF220157281C8F,crel_c43c86adaf44
S265_CLAIM_EDGE_FA19E205AC643CACBEEC,crel_c6e54012c0da
S265_CLAIM_EDGE_FA2949F72D4922041090,crel_64fce22b5ba6
S265_CLAIM_EDGE_FA2B981EFEE8A209D93B,crel_64cffe6009ee
S265_CLAIM_EDGE_FA378D315A39882B155E,crel_b4b44f27eeae
S265_CLAIM_EDGE_FA3AB2CDED8D9A550E2A,crel_90a703f3de49
S265_CLAIM_EDGE_FA4A647DE2CC182003EF,crel_f6c69f32048b
S265_CLAIM_EDGE_FA51680180BBEB55CCD3,crel_7407a76eb8e4
S265_CLAIM_EDGE_FA6F7F78526E301E35DB,crel_f8d27a94279a
S265_CLAIM_EDGE_FA8C444AEE133AE42393,crel_467bed90e9bb
S265_CLAIM_EDGE_FAA5253FB7B32312C52F,crel_6ec48424fe98
S265_CLAIM_EDGE_FAB5BF8943133AC6A1C5,crel_a2ab3a5d6b06
S265_CLAIM_EDGE_FAB68C3DDBA59AE258C0,crel_14639c6df5e0
S265_CLAIM_EDGE_FABA710467C72B8A04EA,crel_6b837a55c1d3
S265_CLAIM_EDGE_FAD45FF6EF62EA5CEC3B,crel_d0c1f7a06136
S265_CLAIM_EDGE_FAE2ADD3CBFCFA56D42C,crel_dfd175f87f1e
S265_CLAIM_EDGE_FB016B642658BD23F81B,crel_a9c65961dcc9
S265_CLAIM_EDGE_FB0BFF04C618342A9232,crel_b28b196dba39
S265_CLAIM_EDGE_FB10AD92B496BC8015C6,crel_8448a4c9eef0
S265_CLAIM_EDGE_FB169BDD0BA30E8381EF,crel_55c4dc3f8cda
S265_CLAIM_EDGE_FB18264D027FE61FDE49,crel_598b85d442c0
S265_CLAIM_EDGE_FB1B93E9E86FDBDC2A08,crel_9c44a422a0e1
S265_CLAIM_EDGE_FB2707BE116531D082CF,crel_719150731f51
S265_CLAIM_EDGE_FB28D40B13D31EA79AAD,crel_61d8be20399b
S265_CLAIM_EDGE_FB3DABC5D9930EFB5832,crel_59f1d44a8ad4
S265_CLAIM_EDGE_FB4E993EB3C1B60E47E9,crel_fd6968354717
S265_CLAIM_EDGE_FB6C453254EF98EFAF72,crel_32d86db99ff8
S265_CLAIM_EDGE_FB7AE9736EEAD46623D5,crel_b7a40a017ef7
S265_CLAIM_EDGE_FB8C66ACCFADDF875AFF,crel_9039929312f1
S265_CLAIM_EDGE_FB8D623211988F0E28C0,crel_7cf3f06c3579
S265_CLAIM_EDGE_FBA02ADD4B3EF63AB4FA,crel_58f3d9411b2f
S265_CLAIM_EDGE_FBA84A4AEFD210544D4E,crel_d417c71f26f0
S265_CLAIM_EDGE_FBA9CB3033B3AA4F5A67,crel_04c3a4ea8406
S265_CLAIM_EDGE_FBAC109BCB2DAADD9BCE,crel_cf047f9fba40
S265_CLAIM_EDGE_FBB6E35B8FB7BA33A70C,crel_036b09d49eb4
S265_CLAIM_EDGE_FBB77D1B30A623E38D47,crel_2af5391f4c5d
S265_CLAIM_EDGE_FBBB6288A58C930593D1,crel_b990b667c7e9
S265_CLAIM_EDGE_FBD6C39947BF35F2057D,crel_1ae2e41fa81c
S265_CLAIM_EDGE_FBEE81B561E62282C441,crel_446709d72175
S265_CLAIM_EDGE_FBF993B57FA636C54ACF,crel_516b61faa45c
S265_CLAIM_EDGE_FC0A0DFDBA20DB31E3EF,crel_84d363d409ef
S265_CLAIM_EDGE_FC374CF719B166531C45,crel_b89300e15423
S265_CLAIM_EDGE_FC5EA2831E244E1983A2,crel_a6de76f1cce0
S265_CLAIM_EDGE_FC61EEA81570C0806B84,crel_56aa2aa4d175
S265_CLAIM_EDGE_FC8214FAB064F87F03C1,crel_6caf49d55840
S265_CLAIM_EDGE_FCB00A23BF81DB31A6E1,crel_3057149f45bd
S265_CLAIM_EDGE_FCD1104AAA17A2C3C2F9,crel_02d76a539cb0
S265_CLAIM_EDGE_FCF2F26CCCF306113D1E,crel_07b205229c74
S265_CLAIM_EDGE_FD113A0E3D7195F9EE8D,crel_aff81a4ab902
S265_CLAIM_EDGE_FD16481F4E1641077C0A,crel_5db6ddb51f42
S265_CLAIM_EDGE_FD4A25E20D21F283D5C1,crel_04fa7c8a0b33
S265_CLAIM_EDGE_FD71C2C013E5BC1BE25F,crel_812caf14b48a
S265_CLAIM_EDGE_FD797F3BC5E39D63B01E,crel_91501cb004fd
S265_CLAIM_EDGE_FD9D6693CFC096766CB4,crel_15cdb0b7e3a4
S265_CLAIM_EDGE_FDA1F3CCA9EB9DF57EA2,crel_4c8c426765f6
S265_CLAIM_EDGE_FDACDD4EF67C20332FE0,crel_5b47c0a9efab
S265_CLAIM_EDGE_FDBC9A187E2FD9C753E8,crel_3ffa14a0c01e
S265_CLAIM_EDGE_FDC1965F84B271A88CF9,crel_9da54a014598
S265_CLAIM_EDGE_FDC24D516F3919879085,crel_738cff19c3e2
S265_CLAIM_EDGE_FDD4E056429A1BE80D8D,crel_3c2e2710efcc
S265_CLAIM_EDGE_FDDC220000521E6130FF,crel_0d1aa2f4f922
S265_CLAIM_EDGE_FDF77C8714DC2C0CDEF8,crel_e4774f8e0ff6
S265_CLAIM_EDGE_FE23024AA2B6443E37AA,crel_a03d611a5039
S265_CLAIM_EDGE_FE5C27014F37AEEB890D,crel_014262a6dcb1
S265_CLAIM_EDGE_FE622D00C5424FAF9CDC,crel_ad87f62432b9
S265_CLAIM_EDGE_FE6BC80F3D2E1CB8CFE0,crel_8d8dce8e82cb
S265_CLAIM_EDGE_FE8A12C3897589361538,crel_e3c739d773f8
S265_CLAIM_EDGE_FE940067283E4D78BBC3,crel_59f5d47e7e0c
S265_CLAIM_EDGE_FE9DBA567E7E7F511EB8,crel_d73141c8240d
S265_CLAIM_EDGE_FEA0217139B1B7FFC3FE,crel_627062ca963d
S265_CLAIM_EDGE_FEAB44C9018C51A4FD04,crel_7e6d37f68529
S265_CLAIM_EDGE_FEB999183E74A20205FF,crel_243393343531
S265_CLAIM_EDGE_FEC7C339E1E2542BA094,crel_f2409078371c
S265_CLAIM_EDGE_FF3B134524FFAF6EBC18,crel_4b9f82dbc3a4
S265_CLAIM_EDGE_FF66BFECF282A6DE4935,crel_f4e4da21eccd
S265_CLAIM_EDGE_FF81E3A7A4F6C1A4B5A2,crel_57e4d2fd1f3e
S265_CLAIM_EDGE_FFA9979CA8A3CC660B62,crel_09645e5bae1c
S265_CLAIM_EDGE_FFAC1535C8191033FF5D,crel_402f117dad53
S265_CLAIM_EDGE_FFF842E89AF5FA8AD40D,crel_72d412550649
