record_type,source_id,runtime_id
relation_evidence,S265_EVIDENCE_000F7EBA2A2317D29CD6,ev_0af855b5c5fb
relation_evidence,S265_EVIDENCE_0022E3071D1DCFD3CD50,ev_d6d8d8db74a5
relation_evidence,S265_EVIDENCE_003F9A676F519C71F5C4,ev_aee3f8ebd338
relation_evidence,S265_EVIDENCE_00472563709D48636AE6,ev_eacaf1ac40d6
relation_evidence,S265_EVIDENCE_004BC895BF0B6E19C809,ev_8885e02d5a7b
relation_evidence,S265_EVIDENCE_00659A17044374B2BDBB,ev_f9414bbdc996
relation_evidence,S265_EVIDENCE_0071F383E1D3D9F03304,ev_5ea67f4f8813
relation_evidence,S265_EVIDENCE_0082067FDBAB51128480,ev_233e6f0159ac
relation_evidence,S265_EVIDENCE_008EC9767F89F23E6E24,ev_4a397ab3270c
relation_evidence,S265_EVIDENCE_0099468A9358EE4A0C73,ev_b625f6def00a
relation_evidence,S265_EVIDENCE_009FE9CC4430786495AB,ev_8e0c34a419c9
relation_evidence,S265_EVIDENCE_00AF6A6C5EE4257102D0,ev_1435028806ff
relation_evidence,S265_EVIDENCE_00B1A14679E638CDC6C0,ev_f2e7e870dbf4
relation_evidence,S265_EVIDENCE_00BDF2D77AC892BD0FD9,ev_11a7e46f193b
relation_evidence,S265_EVIDENCE_00CC9F7DD3FA4C04255A,ev_8311a34c5bb8
relation_evidence,S265_EVIDENCE_00E0897DC765815DBDE7,ev_dc4d889f61e0
relation_evidence,S265_EVIDENCE_010908142329796CDF17,ev_234f5f010c9a
relation_evidence,S265_EVIDENCE_011BE95F79C1AEC6F6B9,ev_7d172d6ed22e
relation_evidence,S265_EVIDENCE_012091CAEBB5AE61475F,ev_75b893843461
relation_evidence,S265_EVIDENCE_0125DB952C33D34CAFF2,ev_c224a3a780f9
relation_evidence,S265_EVIDENCE_014A0F7703ABEEC7B4F0,ev_d1ab7503c7e0
relation_evidence,S265_EVIDENCE_0174DB15EFC496E5E92E,ev_10e3b8e4d6af
relation_evidence,S265_EVIDENCE_01819BE92EFC7E767C62,ev_96e32aa8ef48
relation_evidence,S265_EVIDENCE_01E53236BF9591E1A4B4,ev_28d031f3434e
relation_evidence,S265_EVIDENCE_01EFA27AF662E9E735D8,ev_b236b521723c
relation_evidence,S265_EVIDENCE_01F5A45498FDDB66A45A,ev_df3efd44a697
relation_evidence,S265_EVIDENCE_01F827826626C27FAF0B,ev_f67a9d90a353
relation_evidence,S265_EVIDENCE_01F8CCE66FFBC19EE9C8,ev_d6a76dfff97a
relation_evidence,S265_EVIDENCE_02473F4244C11FFA6442,ev_bb0737af4b7a
relation_evidence,S265_EVIDENCE_024F4FFBC76700E52344,ev_a58733385943
relation_evidence,S265_EVIDENCE_02541E0149F3A99DF04F,ev_0e89ff64d1d7
relation_evidence,S265_EVIDENCE_026FCAE8F6181797C9FD,ev_27c95244d453
relation_evidence,S265_EVIDENCE_029EB3E2CB7156EF3960,ev_1ae1e6db30ad
relation_evidence,S265_EVIDENCE_02A5545A3743F99ECE37,ev_f6089b2e4a71
relation_evidence,S265_EVIDENCE_02A6BF1B4EC0C157ADCF,ev_77b6d8479e46
relation_evidence,S265_EVIDENCE_02A9DBF8ADF8E904EC88,ev_a961ac5d201d
relation_evidence,S265_EVIDENCE_02F952DF98B09F250057,ev_a0172126503f
relation_evidence,S265_EVIDENCE_031A7C62B7F28ED754D6,ev_5d53a28471b2
relation_evidence,S265_EVIDENCE_032A95631D596AE7A355,ev_a82852aafa97
relation_evidence,S265_EVIDENCE_032C2E245CB2567D7594,ev_4083e032c496
relation_evidence,S265_EVIDENCE_0346882142A97CC7AFC0,ev_3832946cbda0
relation_evidence,S265_EVIDENCE_0348F66B5FD1F019BC23,ev_14f01e3d678f
relation_evidence,S265_EVIDENCE_03544D1BC90F72114632,ev_f6323cbc3bca
relation_evidence,S265_EVIDENCE_036E6A9905EBEE4AE737,ev_da50788b2e06
relation_evidence,S265_EVIDENCE_03783306E459BAF9F586,ev_c4b5fbcf8a87
relation_evidence,S265_EVIDENCE_037A3762E399F7622A0C,ev_f514cee2e995
relation_evidence,S265_EVIDENCE_0384D1DDF24677CF6060,ev_7d507aaa15b3
relation_evidence,S265_EVIDENCE_038C80D4109F264E0EE4,ev_6b29fbe56cd5
relation_evidence,S265_EVIDENCE_039564278848EE9C4278,ev_3e9113e817f4
relation_evidence,S265_EVIDENCE_03C1330AD0379B3A2E61,ev_816437ffee50
relation_evidence,S265_EVIDENCE_03D2A6F03A1DE01E74A1,ev_eb4df4061ad6
relation_evidence,S265_EVIDENCE_03D6C2BB9A3BFAAF8CDD,ev_1dea67939d99
relation_evidence,S265_EVIDENCE_03E348A2AD4B68C805A1,ev_c70020e9b6e2
relation_evidence,S265_EVIDENCE_04100635261A0BAEE6AA,ev_bccacff22eca
relation_evidence,S265_EVIDENCE_0411D64F87DCE01479EF,ev_63c7f14fc086
relation_evidence,S265_EVIDENCE_042598A35AC9F6FB0B21,ev_fbd711665077
relation_evidence,S265_EVIDENCE_0443FE0A5315C3057BD8,ev_db5b82872704
relation_evidence,S265_EVIDENCE_04483154F7EC959D8C96,ev_d6632803832e
relation_evidence,S265_EVIDENCE_044B383C12249D202602,ev_dbe1a5e91020
relation_evidence,S265_EVIDENCE_04603A9497E00D0104B1,ev_9d35e57b2f5b
relation_evidence,S265_EVIDENCE_04A4AE7C730392FDFEEB,ev_771a6a49a022
relation_evidence,S265_EVIDENCE_04B826E6CEC6EA7C23EC,ev_ec3035d52bd4
relation_evidence,S265_EVIDENCE_04D3B24810EBEB794ABE,ev_64601dbff69b
relation_evidence,S265_EVIDENCE_04D5412124B5374D5C09,ev_00c9211dd080
relation_evidence,S265_EVIDENCE_04DE7A9EE55E8A7407DE,ev_2da351fb1171
relation_evidence,S265_EVIDENCE_04E0BF02C65CC1F7A0A8,ev_8e4fbac49b67
relation_evidence,S265_EVIDENCE_04FC28EAEEDAC6294998,ev_52e0ac2cc336
relation_evidence,S265_EVIDENCE_04FF92618E0B71825AC0,ev_82f7de68e536
relation_evidence,S265_EVIDENCE_04FFAD191DAFFCE90E20,ev_5208aab65af2
relation_evidence,S265_EVIDENCE_0506A288A7A5C7202A7E,ev_2c4b27c8a791
relation_evidence,S265_EVIDENCE_0511F0EA9428660BB2AE,ev_27232cc1f4b3
relation_evidence,S265_EVIDENCE_051E04A131C54EEB2BA2,ev_fd423bb8fb4d
relation_evidence,S265_EVIDENCE_052975D6B6B7188A1768,ev_d908c1850ac9
relation_evidence,S265_EVIDENCE_053D956522B8948CE6A4,ev_e7d05a68d588
relation_evidence,S265_EVIDENCE_05480E9DF00E0BC4547D,ev_180eb29cef26
relation_evidence,S265_EVIDENCE_054D3AA8F19797EF91E8,ev_221e0ab4f300
relation_evidence,S265_EVIDENCE_05878ACDA31396E077AE,ev_37d4a2913a29
relation_evidence,S265_EVIDENCE_05A2635C46089C0BE60C,ev_944f463d21b1
relation_evidence,S265_EVIDENCE_05BFDEA9840C47023203,ev_bc2ed95bc184
relation_evidence,S265_EVIDENCE_05E0C3BF34365054541C,ev_f7192f529466
relation_evidence,S265_EVIDENCE_05E1206EDAEDA4B73FDB,ev_b39efa132cac
relation_evidence,S265_EVIDENCE_060CC74FC8C75129CC19,ev_8d724e7490da
relation_evidence,S265_EVIDENCE_0620BAC6ADB14CFC9D87,ev_69bc10adc590
relation_evidence,S265_EVIDENCE_0628FFDAECDD9A719305,ev_151e5962948f
relation_evidence,S265_EVIDENCE_0642D3FD4697EEC2F21D,ev_0e7d95a9bf40
relation_evidence,S265_EVIDENCE_064B1BA26F7B6864DF86,ev_06c43b0420f4
relation_evidence,S265_EVIDENCE_065B7DD47BF07EEA9808,ev_b72def0df7dc
relation_evidence,S265_EVIDENCE_066BF9775B2FE61BA896,ev_0e5532320ebb
relation_evidence,S265_EVIDENCE_0687F1DC584C26006E81,ev_5eedec149aed
relation_evidence,S265_EVIDENCE_068ECBB6CAE5F8855938,ev_5402ddd0bb90
relation_evidence,S265_EVIDENCE_06AB7AA77E5384D18405,ev_9236efe3a413
relation_evidence,S265_EVIDENCE_06DE83D90FBC67989217,ev_cea701813eba
relation_evidence,S265_EVIDENCE_06E6094AFD246AD886CA,ev_cd89e3ea0834
relation_evidence,S265_EVIDENCE_06F35CFB71B9C8AAC598,ev_074083181ad1
relation_evidence,S265_EVIDENCE_06FE007756AD3AA867A7,ev_0bbf11b53867
relation_evidence,S265_EVIDENCE_06FF901081B79526A6A7,ev_35c5391eeddf
relation_evidence,S265_EVIDENCE_071C14D5AF5A25872338,ev_64724e47b3a5
relation_evidence,S265_EVIDENCE_0720F0F64D5E9D14D1F1,ev_13035fbdf2d2
relation_evidence,S265_EVIDENCE_07234303A6E5DCFC1997,ev_2a0a3d5d7c44
relation_evidence,S265_EVIDENCE_0725689CB0700803F9D0,ev_235a27c58e72
relation_evidence,S265_EVIDENCE_07383303F48FDAF67F92,ev_b0d3fae767d2
relation_evidence,S265_EVIDENCE_075A13D8C0C476E2EE75,ev_87aff59b7f05
relation_evidence,S265_EVIDENCE_075DEE34CD00633E088A,ev_761d7bbd8fd6
relation_evidence,S265_EVIDENCE_075F4D80BA200E3C8C81,ev_dd5f396e733e
relation_evidence,S265_EVIDENCE_0773B34F99F3C3E6BAEF,ev_d3211962ff3f
relation_evidence,S265_EVIDENCE_077F96EBB3B92AC6E03E,ev_cbe40f4a797e
relation_evidence,S265_EVIDENCE_078788AA06C4A48902B1,ev_bcdcf0f85371
relation_evidence,S265_EVIDENCE_079A2482BA9BDFF381D2,ev_40c413f2d7aa
relation_evidence,S265_EVIDENCE_07A4DD69EC7E2D136135,ev_6b577bca652e
relation_evidence,S265_EVIDENCE_07AD1FF6DD7854AE3089,ev_a2928bc26a31
relation_evidence,S265_EVIDENCE_07EFEBAB25DC01562635,ev_badce0636512
relation_evidence,S265_EVIDENCE_0810A6D1476FC73BB6B0,ev_a55104570650
relation_evidence,S265_EVIDENCE_08115652AFCDECDC9910,ev_843fc40890ac
relation_evidence,S265_EVIDENCE_0816C002144A4811107A,ev_8f72363d23cc
relation_evidence,S265_EVIDENCE_08263A226377ACACED97,ev_a60c37d3e59c
relation_evidence,S265_EVIDENCE_082B61A8923312989AB0,ev_b84a1cd12d4b
relation_evidence,S265_EVIDENCE_083354F8272C291F0C5E,ev_d8287e46ac6b
relation_evidence,S265_EVIDENCE_083C5A2030AAA0232485,ev_69d916d4bfd8
relation_evidence,S265_EVIDENCE_083F85D25A987BD30330,ev_51bee167bd70
relation_evidence,S265_EVIDENCE_08511144D0A629D180C7,ev_2c0c960ff6fc
relation_evidence,S265_EVIDENCE_08792BE85AE292911791,ev_0da5c3fc5502
relation_evidence,S265_EVIDENCE_08800C3B9DD2944F1DA9,ev_09fc35a8c715
relation_evidence,S265_EVIDENCE_08A2C33C2A8629F76EFA,ev_9b6d92d97b00
relation_evidence,S265_EVIDENCE_08A7660FCA7DCDFA64FD,ev_20bb87d23eb4
relation_evidence,S265_EVIDENCE_08BBCD7681BB7888BF80,ev_baa471a8397e
relation_evidence,S265_EVIDENCE_08C549943E8A0A4DF4AC,ev_1a75865565be
relation_evidence,S265_EVIDENCE_08C71171A0338D3F433C,ev_6e9f800a1514
relation_evidence,S265_EVIDENCE_08DEAAC9E36207834F77,ev_7bc582290c3b
relation_evidence,S265_EVIDENCE_08E382C1B4B7F9C55DB3,ev_8a0c62957abe
relation_evidence,S265_EVIDENCE_08ED542991F1E34A45FA,ev_ec515f632117
relation_evidence,S265_EVIDENCE_08F3BEB256171463E1A9,ev_3f769688487e
relation_evidence,S265_EVIDENCE_090C4C1D46E33BAA07BB,ev_3634b30ee72b
relation_evidence,S265_EVIDENCE_0918369576295B786E54,ev_319e1fbe1d19
relation_evidence,S265_EVIDENCE_09367BA54FF71791FDAA,ev_c7fd5d0cac89
relation_evidence,S265_EVIDENCE_094DBE5F51919D1ACD97,ev_f5e36545c634
relation_evidence,S265_EVIDENCE_094DEB5ACAF74C8266A5,ev_b40c888099b1
relation_evidence,S265_EVIDENCE_0964E0820AE10EC11DB5,ev_9746db744a7d
relation_evidence,S265_EVIDENCE_09742A7B18C7071CEB2A,ev_917e5838d5a0
relation_evidence,S265_EVIDENCE_098301FEDC8146D51422,ev_990aedf9410a
relation_evidence,S265_EVIDENCE_098B528418495F08FED4,ev_38a2c2591b0c
relation_evidence,S265_EVIDENCE_099B2962CE4A5AFF064C,ev_1139f5bf8f3e
relation_evidence,S265_EVIDENCE_099EF1A9DC614B562BC9,ev_f0d794ebf7ce
relation_evidence,S265_EVIDENCE_09B6971DB33B48DAAF87,ev_09892e60451c
relation_evidence,S265_EVIDENCE_09B9DB8978A0916A2637,ev_5f0e4b0269b4
relation_evidence,S265_EVIDENCE_09BB8FEC3D37485040DA,ev_677a6cca614f
relation_evidence,S265_EVIDENCE_09C4DC0FD4ED12D6B4F7,ev_9eceb2640f72
relation_evidence,S265_EVIDENCE_09CC651CD7DAD4782D4C,ev_56420437dd76
relation_evidence,S265_EVIDENCE_09D5D0B3819903642DCA,ev_5ff3b5a38398
relation_evidence,S265_EVIDENCE_09FC9F4FED60CFFED178,ev_87391d2990e9
relation_evidence,S265_EVIDENCE_0A0721D6416A2B9A5457,ev_41204d0c7a9f
relation_evidence,S265_EVIDENCE_0A2B8568B071B3612474,ev_70aa85c54f4c
relation_evidence,S265_EVIDENCE_0A5AA5F4CA6C83472B41,ev_a892d7f477bf
relation_evidence,S265_EVIDENCE_0A781EB9001AB89A8CC6,ev_cdab5e3a4616
relation_evidence,S265_EVIDENCE_0A7CB1770E9FAD0EC4F3,ev_a082a7d9d629
relation_evidence,S265_EVIDENCE_0A82FA3CAE87400BF7B4,ev_425057f61fce
relation_evidence,S265_EVIDENCE_0A9B81E5F50D9B0D34BA,ev_7130bdfff890
relation_evidence,S265_EVIDENCE_0ABD85AAA289A771DFC6,ev_7ab0b3531e4f
relation_evidence,S265_EVIDENCE_0AC67D71BBD22C79D34B,ev_bc1e6af06b77
relation_evidence,S265_EVIDENCE_0AD792537F6A4C415DB9,ev_0b3b4668e8d9
relation_evidence,S265_EVIDENCE_0AD83FB069B56F85E4BD,ev_ad3a787e48c5
relation_evidence,S265_EVIDENCE_0ADC8D8FABB9043C4345,ev_5117983b7581
relation_evidence,S265_EVIDENCE_0AF8ADEBB3111C3E3D0E,ev_175f62ed3cf5
relation_evidence,S265_EVIDENCE_0AFFB23F55350B516705,ev_2003cf6b6943
relation_evidence,S265_EVIDENCE_0B02EA5611EF909FCF9E,ev_0f12c34b280b
relation_evidence,S265_EVIDENCE_0B08F6B6BFA71D4DF010,ev_d41969b021e5
relation_evidence,S265_EVIDENCE_0B256D126DC246D3F420,ev_3755a6d7428d
relation_evidence,S265_EVIDENCE_0B73674CD64B97445D80,ev_a2fb25b89c0e
relation_evidence,S265_EVIDENCE_0B76558C2ABF95BA8B00,ev_f8929a0025ff
relation_evidence,S265_EVIDENCE_0B78BEAB0407F0BC69BB,ev_f1fa6e7efef3
relation_evidence,S265_EVIDENCE_0BA6530A0483704F9287,ev_2a25a812528d
relation_evidence,S265_EVIDENCE_0BBCCD5983ADF4226630,ev_8729a8af02cf
relation_evidence,S265_EVIDENCE_0BCBF53D414938F452B0,ev_f82582c3b992
relation_evidence,S265_EVIDENCE_0BF01E9C77191BB7EAAD,ev_8eeca43cf28d
relation_evidence,S265_EVIDENCE_0BF9C30CD72C10380BB4,ev_63c929953c40
relation_evidence,S265_EVIDENCE_0BFDC0928ED89FBD344C,ev_0fda84172f93
relation_evidence,S265_EVIDENCE_0C28B69A75CAFC1AC23D,ev_4155fe812e95
relation_evidence,S265_EVIDENCE_0C4CFF6DFCD1F2293073,ev_56318f27fbf3
relation_evidence,S265_EVIDENCE_0C5B0BCD2B6F58A7CD21,ev_a0d018ee322d
relation_evidence,S265_EVIDENCE_0C6F412AF08AC03CD2CB,ev_cf88f8fab8c3
relation_evidence,S265_EVIDENCE_0C7CE761EF194F546B6F,ev_e46079935356
relation_evidence,S265_EVIDENCE_0C82CD2A1235DE0FAF59,ev_8d85278e3aec
relation_evidence,S265_EVIDENCE_0CB96C807C80728870CD,ev_e359af9dfce1
relation_evidence,S265_EVIDENCE_0CE7F9BDEC136CC4FE4B,ev_eece681a49de
relation_evidence,S265_EVIDENCE_0CECC91DD20BAE29D963,ev_e8465dc49acc
relation_evidence,S265_EVIDENCE_0CFBEB1799360D09AF4E,ev_951eae78785c
relation_evidence,S265_EVIDENCE_0D12DB3F7993A8238AF7,ev_f5ed8c772bdf
relation_evidence,S265_EVIDENCE_0D4C36C068C8D7189BE0,ev_a67aba08ad88
relation_evidence,S265_EVIDENCE_0D4C4E3B2C59A89F8E4D,ev_9eaf93a422bd
relation_evidence,S265_EVIDENCE_0D5B3B4864DF5830787A,ev_8c4feb6c5e2d
relation_evidence,S265_EVIDENCE_0D69D4D0F9BC1393FA0F,ev_cedf095faefa
relation_evidence,S265_EVIDENCE_0D73DCA28430D52CCD9B,ev_a1f631aa1d8b
relation_evidence,S265_EVIDENCE_0D7FB577EA14F0BCFA0E,ev_dc2b7fcd5c94
relation_evidence,S265_EVIDENCE_0D7FD13BA6D9CDF803BC,ev_230602c8e407
relation_evidence,S265_EVIDENCE_0DB3C78DA4C77F51106F,ev_574d958779f5
relation_evidence,S265_EVIDENCE_0DD5269AD9030123775C,ev_ab658f275c82
relation_evidence,S265_EVIDENCE_0DD6954AED79CAE29D0A,ev_fa3a2d53fb6a
relation_evidence,S265_EVIDENCE_0DE89281023AD8557BF6,ev_3419a2bca2aa
relation_evidence,S265_EVIDENCE_0DEB74C3DDE5BC11C743,ev_d10471c725d8
relation_evidence,S265_EVIDENCE_0DEBD70A459EF19F6BBD,ev_74d5d2b3bb79
relation_evidence,S265_EVIDENCE_0E01A30A7E5C7A2DFC74,ev_4224c6fed091
relation_evidence,S265_EVIDENCE_0E1482DDC13F314F0992,ev_3e77d497096c
relation_evidence,S265_EVIDENCE_0E17F670007AD1A404EC,ev_de76a21ab99b
relation_evidence,S265_EVIDENCE_0E398296B2895DE91B8A,ev_592d774dae0f
relation_evidence,S265_EVIDENCE_0E493E1286269E04AE77,ev_55eded5469dc
relation_evidence,S265_EVIDENCE_0E61E7A3AF9DEC65CD0E,ev_3b181b737782
relation_evidence,S265_EVIDENCE_0E6CB0E1368362AD2AC2,ev_1d2b622bf459
relation_evidence,S265_EVIDENCE_0E87F5D9462DE445DD8C,ev_be38d95e034c
relation_evidence,S265_EVIDENCE_0EA4025444D6D65800D1,ev_2ec84f48dde2
relation_evidence,S265_EVIDENCE_0EAB12985EC18B5306B7,ev_0887c4541436
relation_evidence,S265_EVIDENCE_0EC6544B6E6AFBF855FD,ev_d1b675051e5e
relation_evidence,S265_EVIDENCE_0ED9434453F0B154C18E,ev_8803c41d2db6
relation_evidence,S265_EVIDENCE_0EDB3B5FC928314EBA83,ev_503840e95a64
relation_evidence,S265_EVIDENCE_0EE16F90B62271DAEC92,ev_fa2d4343bd0c
relation_evidence,S265_EVIDENCE_0EE365DC313376C0DB2C,ev_c1cda81fa4aa
relation_evidence,S265_EVIDENCE_0EE5028DF34B2CB3C8CA,ev_c032033f6cdf
relation_evidence,S265_EVIDENCE_0EFC6B15F48E9E92BD2F,ev_1140dbc7f74e
relation_evidence,S265_EVIDENCE_0F0BBEFF8BFCA79AA871,ev_b99f59784111
relation_evidence,S265_EVIDENCE_0F102649DAAB96B72977,ev_c2393f632165
relation_evidence,S265_EVIDENCE_0F16347ED1CD847A6ED1,ev_d95cbc6a54ec
relation_evidence,S265_EVIDENCE_0F1BFD84F00F49BBD9C0,ev_18521149ebd2
relation_evidence,S265_EVIDENCE_0F2B36FCE25F50BD1704,ev_3f47ddc4f0c2
relation_evidence,S265_EVIDENCE_0F337C82773F8D1BADDE,ev_7fea187aee2c
relation_evidence,S265_EVIDENCE_0F43C6C995383DEE56E4,ev_1326c81bfdeb
relation_evidence,S265_EVIDENCE_0F4F8D78169659A0F177,ev_46b62ef7b64a
relation_evidence,S265_EVIDENCE_0F51BFD10AF37D7C72A0,ev_95c423a9547a
relation_evidence,S265_EVIDENCE_0F6D655FECF63F13BF14,ev_8b3c12d5ee29
relation_evidence,S265_EVIDENCE_0F732B5169C4D73135C8,ev_ea225ba6891a
relation_evidence,S265_EVIDENCE_0F76FAFF0A880009C0D2,ev_bf8a8b5f1adf
relation_evidence,S265_EVIDENCE_0F7E7D8454024C02B9C8,ev_5a0d1febf8de
relation_evidence,S265_EVIDENCE_0F9EF74108F5124F4B02,ev_017b42dede85
relation_evidence,S265_EVIDENCE_0FB6A372868CC0CEB244,ev_f7ea5ec13335
relation_evidence,S265_EVIDENCE_0FDE9D7EDD554217E803,ev_7b821064a957
relation_evidence,S265_EVIDENCE_0FE37F5E6AFF333DEE84,ev_e3b7200f5000
relation_evidence,S265_EVIDENCE_0FE3E3A774D895BD402B,ev_2a266368cad4
relation_evidence,S265_EVIDENCE_1035A4D03246D7EE5F95,ev_8443ea3fe7fe
relation_evidence,S265_EVIDENCE_103EFE0BB533DB30D908,ev_b228a980932e
relation_evidence,S265_EVIDENCE_1046FB2434E435762581,ev_d81c46932d94
relation_evidence,S265_EVIDENCE_106DE6B32F57E055DB77,ev_81763d450f4b
relation_evidence,S265_EVIDENCE_1088386AC23ADF29400E,ev_861ef0fbee21
relation_evidence,S265_EVIDENCE_108CAC24A2CAA44E4D7C,ev_3e12a0544c65
relation_evidence,S265_EVIDENCE_10A6DC648DD2630A6066,ev_92543c552181
relation_evidence,S265_EVIDENCE_10C1682D2917CCF44943,ev_c293d717f6d2
relation_evidence,S265_EVIDENCE_10C1CC544B8779E1AEDB,ev_9a0550371e48
relation_evidence,S265_EVIDENCE_10E4A1A38552EBDCE154,ev_291d4803eb40
relation_evidence,S265_EVIDENCE_11184166460EB7C7FC01,ev_c1306f04c624
relation_evidence,S265_EVIDENCE_1122AF85CDF37F9A96D9,ev_397a76a758ce
relation_evidence,S265_EVIDENCE_112839CDF3872A5969D0,ev_9dbaf1c669e7
relation_evidence,S265_EVIDENCE_112A206753F6B9C2F8C0,ev_9f5a56928faa
relation_evidence,S265_EVIDENCE_113CD4FA4933F343F79F,ev_00ce44bf75e1
relation_evidence,S265_EVIDENCE_113DE42F6BC0AA4E10CF,ev_5c6aa605e907
relation_evidence,S265_EVIDENCE_1147E22E434A8CF31315,ev_9a83f131aa91
relation_evidence,S265_EVIDENCE_114B669AC3541B371C43,ev_ae726bdbc026
relation_evidence,S265_EVIDENCE_117383869EF48F0A34BE,ev_2531fcb81084
relation_evidence,S265_EVIDENCE_11942C229C40EA8F3B1B,ev_c9a48dbc3a67
relation_evidence,S265_EVIDENCE_119F5980BD07BAF66DF1,ev_c8a01bf81755
relation_evidence,S265_EVIDENCE_11BAA270EC3FF12A2B90,ev_9dde2e998d60
relation_evidence,S265_EVIDENCE_11D473F7EE718793ABA8,ev_66bb7c4fa349
relation_evidence,S265_EVIDENCE_11E8A38498073D948460,ev_ed3647ce5b69
relation_evidence,S265_EVIDENCE_1203DFD9D4085F36187A,ev_ec1f371d818e
relation_evidence,S265_EVIDENCE_121EADE46554A2866207,ev_bf759185f775
relation_evidence,S265_EVIDENCE_122E2E60679CA7C345DB,ev_85c1ec48fc00
relation_evidence,S265_EVIDENCE_124296A315B0336A0ED3,ev_8b0f1feef021
relation_evidence,S265_EVIDENCE_124E92F6EA82A8B3129F,ev_482457537685
relation_evidence,S265_EVIDENCE_1253576E89690BEB845F,ev_0f81ba191532
relation_evidence,S265_EVIDENCE_12656256E266464D9954,ev_8caf5cf4105a
relation_evidence,S265_EVIDENCE_126B618F73BB46B421F1,ev_a87a98b3f830
relation_evidence,S265_EVIDENCE_126DB3318B670750A0EB,ev_dfabd1293258
relation_evidence,S265_EVIDENCE_127BE48D2BE6FAA8E183,ev_8d1e701abd75
relation_evidence,S265_EVIDENCE_129E7B9200C45B645A61,ev_217753fd0416
relation_evidence,S265_EVIDENCE_129F878DC002502902B5,ev_b1ebb4fa0a16
relation_evidence,S265_EVIDENCE_12B72A151C95E3C3F691,ev_f8b8ffc7d525
relation_evidence,S265_EVIDENCE_12BACB5572461489F2AD,ev_eeaea536fb72
relation_evidence,S265_EVIDENCE_12EE816F89268F5AF90B,ev_fb480ea9fb75
relation_evidence,S265_EVIDENCE_12F6F3A5EAF4A2A010E0,ev_ddd024a050c3
relation_evidence,S265_EVIDENCE_13015DDE21220D068E1E,ev_ae6aa7c7d337
relation_evidence,S265_EVIDENCE_1320F38B44F3AF747BE4,ev_c2a0fdc7709a
relation_evidence,S265_EVIDENCE_132EA6FDB101C63C912E,ev_a982a1439fbf
relation_evidence,S265_EVIDENCE_134739FE61F75C87312C,ev_21157dc8cab8
relation_evidence,S265_EVIDENCE_1355DCF99C2711D16016,ev_52cfd7c7e387
relation_evidence,S265_EVIDENCE_135CCAFA95A943FEE6E6,ev_6db162aa2c61
relation_evidence,S265_EVIDENCE_136368313817F4A21E9B,ev_ea0ecbdc335f
relation_evidence,S265_EVIDENCE_136F451CB1E70C29F796,ev_f96bb7754a47
relation_evidence,S265_EVIDENCE_1384DFCF0DB00AE437D5,ev_a438581219a3
relation_evidence,S265_EVIDENCE_138628C9DF6B0A86C5B6,ev_8029314e3869
relation_evidence,S265_EVIDENCE_13B1B1BDD01C9541B601,ev_2260a8068ae6
relation_evidence,S265_EVIDENCE_13CED1B5D20E37EAA92C,ev_98cdb2eb8591
relation_evidence,S265_EVIDENCE_13D6C7F077EA87119BC3,ev_8b6eb636bb05
relation_evidence,S265_EVIDENCE_13F339824B0C8C040261,ev_2d9a6d6a4844
relation_evidence,S265_EVIDENCE_1411270FCC1D3DB753D1,ev_31518b352368
relation_evidence,S265_EVIDENCE_142EADAF8E82160F5233,ev_e9eb7f210d15
relation_evidence,S265_EVIDENCE_145E91A4BF8F62F0FF28,ev_52e9ebbc433c
relation_evidence,S265_EVIDENCE_1460A4BC7AC160AE100F,ev_1e28cdc56bd6
relation_evidence,S265_EVIDENCE_1470FE9B97A35F56A322,ev_282a98044cc9
relation_evidence,S265_EVIDENCE_14A1014F4F097C230E0B,ev_485c368b8488
relation_evidence,S265_EVIDENCE_14A8E14BD6A267CB97C5,ev_66c743f87424
relation_evidence,S265_EVIDENCE_14B0DAA579BDCD73BF6B,ev_4bdcca04223d
relation_evidence,S265_EVIDENCE_14BA8B85BCC4A288E022,ev_66347b187ec1
relation_evidence,S265_EVIDENCE_14E0CC70239E36310A72,ev_c892aded08a7
relation_evidence,S265_EVIDENCE_14E50D5DE06AFE16FC7D,ev_73319ed09199
relation_evidence,S265_EVIDENCE_14F0D772E61619ED755C,ev_a57e9815eae9
relation_evidence,S265_EVIDENCE_1500D613ECB73CC01EC6,ev_e2025795175d
relation_evidence,S265_EVIDENCE_15057353C517E5EB891E,ev_aaeba26b45d8
relation_evidence,S265_EVIDENCE_150DBCC0E458801BDED5,ev_51fc72a4e243
relation_evidence,S265_EVIDENCE_151235B5EAB1381254EF,ev_b002054d34a2
relation_evidence,S265_EVIDENCE_151E48A973791E395F8C,ev_45a695e1c5f7
relation_evidence,S265_EVIDENCE_15344C64C978ED572645,ev_295b4dc9b842
relation_evidence,S265_EVIDENCE_1540D12808A46EA05A49,ev_2a7956037f4f
relation_evidence,S265_EVIDENCE_154FDA554F6601ADBCDA,ev_58ba16d2af8d
relation_evidence,S265_EVIDENCE_1586BC2D4669EB9A87A7,ev_02561372cedf
relation_evidence,S265_EVIDENCE_158924C321AC152BBB88,ev_a5a188cd1254
relation_evidence,S265_EVIDENCE_15AD496B008EAD312CD2,ev_424374ba563c
relation_evidence,S265_EVIDENCE_15AEAD8225C795CE5EBB,ev_cd96a8ae048e
relation_evidence,S265_EVIDENCE_15D46641247F5AC5D71C,ev_617c17d386d8
relation_evidence,S265_EVIDENCE_15E4596722B90BA8CC32,ev_71fcd05a9525
relation_evidence,S265_EVIDENCE_15E72DA4FB2422BA7C9F,ev_8c436a73aa01
relation_evidence,S265_EVIDENCE_1614793AC184FC61FF8E,ev_4c66cc7df9a2
relation_evidence,S265_EVIDENCE_161DDE91BDDD3CA1FD98,ev_596df51a7b2c
relation_evidence,S265_EVIDENCE_16229C4CA8CE8FB70691,ev_669482b42fc6
relation_evidence,S265_EVIDENCE_1628445DE33AF64F225D,ev_fb6e3f1b7e56
relation_evidence,S265_EVIDENCE_1641B758F9AB08754A86,ev_f12fe2009636
relation_evidence,S265_EVIDENCE_164A7DA0C9B02BBFEB51,ev_c536b65627f8
relation_evidence,S265_EVIDENCE_165DA1B31EF85A36FBC3,ev_46b460c4aeac
relation_evidence,S265_EVIDENCE_166563498391BD54743C,ev_16d268dacacb
relation_evidence,S265_EVIDENCE_16709206B17CAF59B7A2,ev_7753d363928b
relation_evidence,S265_EVIDENCE_168F56F53BC8DCB22ED3,ev_40b6047a4077
relation_evidence,S265_EVIDENCE_16A050F007A4327A63C7,ev_4d12b60aed67
relation_evidence,S265_EVIDENCE_16C7FE75336A6FD3ED8B,ev_daa873bee425
relation_evidence,S265_EVIDENCE_16DE78A98368A9349B4F,ev_c88a98e2b47f
relation_evidence,S265_EVIDENCE_16E770CC58E0FDAED15D,ev_1d1489f35094
relation_evidence,S265_EVIDENCE_16EF5738D929F7C928AB,ev_54048b4661c1
relation_evidence,S265_EVIDENCE_16F1E601EA82EF5AD6E7,ev_0d2461147003
relation_evidence,S265_EVIDENCE_16F2DDD2C890AAD2EE8F,ev_dafeefe76f49
relation_evidence,S265_EVIDENCE_17007CFA362F62B4A035,ev_1003f00cca61
relation_evidence,S265_EVIDENCE_171C98780B90A97D9BF1,ev_ac9e7078f98d
relation_evidence,S265_EVIDENCE_171E64C368D78C31F80D,ev_8ab1f0296d69
relation_evidence,S265_EVIDENCE_1730AFB118BE2950FD40,ev_eed67d7e26be
relation_evidence,S265_EVIDENCE_174B443BD29C299CD5AA,ev_ad4f2e842cc9
relation_evidence,S265_EVIDENCE_1758CE214842E49B4213,ev_bf258697eaa3
relation_evidence,S265_EVIDENCE_175ECD0BE0FA80130D15,ev_9727e8229fb7
relation_evidence,S265_EVIDENCE_176C3B1DDE9DB776E4BF,ev_01a84aa24b11
relation_evidence,S265_EVIDENCE_1778589F25F6EF1E924A,ev_ca999728eb97
relation_evidence,S265_EVIDENCE_178215D6D001281518F8,ev_c6129bf3c877
relation_evidence,S265_EVIDENCE_17865E186B4D92E1AEB7,ev_7bd3511a05d4
relation_evidence,S265_EVIDENCE_17AA35CCAE67DDE3E0A9,ev_f7d0ef162c5c
relation_evidence,S265_EVIDENCE_17AD03FF70AE8E93D87C,ev_56c7f67e15d6
relation_evidence,S265_EVIDENCE_17DBC807A19794BEA8D3,ev_1676e8b7d1e1
relation_evidence,S265_EVIDENCE_17E15A7F713271DF8598,ev_56a8b74416a3
relation_evidence,S265_EVIDENCE_17EF6E459D1511270A15,ev_d0219176886f
relation_evidence,S265_EVIDENCE_181430BED31A8959F481,ev_3077bd70f320
relation_evidence,S265_EVIDENCE_185D9877ACA61D24BE10,ev_c4dc3b0da708
relation_evidence,S265_EVIDENCE_18B054C60A0094854F5F,ev_31b727727ad0
relation_evidence,S265_EVIDENCE_18B6760FB294C919851F,ev_68924e931a96
relation_evidence,S265_EVIDENCE_18C6ECDE76C65386F83F,ev_3d60b38dddbd
relation_evidence,S265_EVIDENCE_18C9073593DD596147F8,ev_8205ff98eec9
relation_evidence,S265_EVIDENCE_18CA64B154DEBE874E57,ev_c0c6d8628bfe
relation_evidence,S265_EVIDENCE_18E46740B4D3E1CD49E0,ev_c52223032a23
relation_evidence,S265_EVIDENCE_19027F685773D0F1C913,ev_59d33d146731
relation_evidence,S265_EVIDENCE_190F0013DD4AD2668BE7,ev_f08ebb15cddd
relation_evidence,S265_EVIDENCE_19136CD0810C88FADF2C,ev_fb5e74604739
relation_evidence,S265_EVIDENCE_191EF30069B6B7231DE4,ev_85c771ee2f78
relation_evidence,S265_EVIDENCE_192141C3436012724B80,ev_8587daf2107d
relation_evidence,S265_EVIDENCE_193F0E2A8B68B7B7DC20,ev_189d2c75ca20
relation_evidence,S265_EVIDENCE_19702EC6EE4CAE5B94E1,ev_a50cf893092e
relation_evidence,S265_EVIDENCE_19BEA60B763A45BA7F64,ev_012daf04e96d
relation_evidence,S265_EVIDENCE_19C1340106C6E9282295,ev_e7457530d5b7
relation_evidence,S265_EVIDENCE_19C1FA2EF4A7CD316D76,ev_57a8580933f5
relation_evidence,S265_EVIDENCE_19C5096209DB1FB26ABE,ev_99f467732eaa
relation_evidence,S265_EVIDENCE_19CF70441D90FEE593FF,ev_9f4c86f2a846
relation_evidence,S265_EVIDENCE_19D87B015A6B38BF7C8C,ev_f09f2c7c6448
relation_evidence,S265_EVIDENCE_19D8CD89CDC05BAEA04F,ev_deb599933e4c
relation_evidence,S265_EVIDENCE_1A007D7D75F3303487AD,ev_1a6f79446971
relation_evidence,S265_EVIDENCE_1A0EE72F813AC3A8F8EB,ev_dce33b0b4d37
relation_evidence,S265_EVIDENCE_1A142A6B99C5C7035763,ev_53cdc0b82883
relation_evidence,S265_EVIDENCE_1A1928FE3513C9656C7E,ev_7c9439ee1e41
relation_evidence,S265_EVIDENCE_1A1E526C7E2D480DC806,ev_524d9a1abe99
relation_evidence,S265_EVIDENCE_1A204BCA64E116C51865,ev_12ba7001f927
relation_evidence,S265_EVIDENCE_1A22B768684F3D63D204,ev_ed5de8900d76
relation_evidence,S265_EVIDENCE_1A2932AF4B4C06EE6818,ev_93ebadc6a646
relation_evidence,S265_EVIDENCE_1A5313FFC9E49387F323,ev_4bcbf1a4c319
relation_evidence,S265_EVIDENCE_1A7ED64A28AFB3DC958B,ev_03a9d893551b
relation_evidence,S265_EVIDENCE_1A7F5F42563C2ABBD329,ev_6474f7e538fe
relation_evidence,S265_EVIDENCE_1A8858C541A565DC9A7F,ev_6b5b6c82a36e
relation_evidence,S265_EVIDENCE_1A90A0A74E1DAA46083C,ev_42d641e6d10c
relation_evidence,S265_EVIDENCE_1A943955EFFFCB794E86,ev_cd115c8f3384
relation_evidence,S265_EVIDENCE_1A9519FA89D90FA8AEF7,ev_f562afcf97a2
relation_evidence,S265_EVIDENCE_1A9D3AB9FAD90DA34C42,ev_708594e6a703
relation_evidence,S265_EVIDENCE_1AAADAEA8AA355583398,ev_5d141b7a9126
relation_evidence,S265_EVIDENCE_1AACD225D6487BFC1BBF,ev_da16dddbb3ce
relation_evidence,S265_EVIDENCE_1AB6A3DBCA3411AD7102,ev_d88d3e4b09fb
relation_evidence,S265_EVIDENCE_1ABFBB044066381B62C7,ev_b575806dbe93
relation_evidence,S265_EVIDENCE_1AC45CB17923010896A5,ev_c2403a708d81
relation_evidence,S265_EVIDENCE_1AC90C602CDEA361A051,ev_2a4624be1820
relation_evidence,S265_EVIDENCE_1AD11403F10BEBCC57A5,ev_4c590a2aaeaf
relation_evidence,S265_EVIDENCE_1AD2E854469FE3103386,ev_02da98935b57
relation_evidence,S265_EVIDENCE_1AD3F42380D41CC63448,ev_d110814c9445
relation_evidence,S265_EVIDENCE_1B0AAC2A7D6E3A275868,ev_9c578cc9b676
relation_evidence,S265_EVIDENCE_1B0BF7A73DD652BD5FDC,ev_f879cc0f30ae
relation_evidence,S265_EVIDENCE_1B13B7F4808955D05378,ev_76a2c0d3e81f
relation_evidence,S265_EVIDENCE_1B1BA916AA40A8495D41,ev_d50c4b6f4e11
relation_evidence,S265_EVIDENCE_1B1E06F47E4A24DE3E98,ev_01a07047fa74
relation_evidence,S265_EVIDENCE_1B23C4D3DC3711D374FA,ev_6169afae36c2
relation_evidence,S265_EVIDENCE_1B2D1B40E724F53C5EB6,ev_d0f4b8d1dc7a
relation_evidence,S265_EVIDENCE_1B3AD5B54CBE06E62136,ev_5b343ac23509
relation_evidence,S265_EVIDENCE_1B57F542D700CBDEE05E,ev_478a13678bab
relation_evidence,S265_EVIDENCE_1B6023CC57AE0CB37A71,ev_801d58d61fb3
relation_evidence,S265_EVIDENCE_1B8C4E5718DC2B0F9735,ev_997e0c2cee0b
relation_evidence,S265_EVIDENCE_1BBD43B87EA22610493C,ev_b958090c9973
relation_evidence,S265_EVIDENCE_1BD71EFA0A6168BA095C,ev_8365f7afa3c3
relation_evidence,S265_EVIDENCE_1BE34C3195338769AAB6,ev_85cd01ad3552
relation_evidence,S265_EVIDENCE_1BE7331932680865378C,ev_70592114a967
relation_evidence,S265_EVIDENCE_1BECF4EF0328BD43DA50,ev_c5484507cb9f
relation_evidence,S265_EVIDENCE_1C1BA0F7FD2BF143081C,ev_a566223ae1e9
relation_evidence,S265_EVIDENCE_1C1FE1F091793C120516,ev_db8047943e02
relation_evidence,S265_EVIDENCE_1C2BD33D40AD42BECCF7,ev_09ff45818608
relation_evidence,S265_EVIDENCE_1C308A57F38595B7A017,ev_b430fc839594
relation_evidence,S265_EVIDENCE_1C4103D0BEF0852090C6,ev_4465bac4a896
relation_evidence,S265_EVIDENCE_1C4B0ACFFDFECDC23B95,ev_57f5912efa0a
relation_evidence,S265_EVIDENCE_1C5404845CF43527C34C,ev_77045a6da371
relation_evidence,S265_EVIDENCE_1C6BB1C2AAB1F3B77152,ev_345c2f2aaadb
relation_evidence,S265_EVIDENCE_1C892CD317A5752173AF,ev_6bb27f88473c
relation_evidence,S265_EVIDENCE_1C9FA31FD59E74A78A62,ev_bf9dc3710013
relation_evidence,S265_EVIDENCE_1CAA61B8C985079C0EA9,ev_8cf597d78180
relation_evidence,S265_EVIDENCE_1CCA1A6A6B9BB4F8F1CB,ev_9f69a9ed0755
relation_evidence,S265_EVIDENCE_1CCDB1A17F2AE941B56D,ev_74d5c7b13ef9
relation_evidence,S265_EVIDENCE_1CDEECC384227030BB35,ev_064a76a60019
relation_evidence,S265_EVIDENCE_1D37AD956E8CEA54E244,ev_91d898d68a71
relation_evidence,S265_EVIDENCE_1D3D0B18A281D953B35B,ev_97854cf4e3a0
relation_evidence,S265_EVIDENCE_1D4202497BE06C2DEA97,ev_2981f6028b5b
relation_evidence,S265_EVIDENCE_1D692FA851F65B32E138,ev_bef0e6e697d9
relation_evidence,S265_EVIDENCE_1D6A4109E50F74383E74,ev_3a7681d4b2e6
relation_evidence,S265_EVIDENCE_1D795F4A8558267850D0,ev_ce4179f958b9
relation_evidence,S265_EVIDENCE_1D82E3365B301BA2D509,ev_96562f9261cf
relation_evidence,S265_EVIDENCE_1D91A36C547411B5D189,ev_505d70eece07
relation_evidence,S265_EVIDENCE_1DC96CF717DC378D5281,ev_6dbe16c037c3
relation_evidence,S265_EVIDENCE_1DCCE2445879FA119BA6,ev_768c86fe7216
relation_evidence,S265_EVIDENCE_1DECF99DE423A5BF127D,ev_60bed824ce43
relation_evidence,S265_EVIDENCE_1DEF6E0C6EC9ACCE8A1D,ev_64fb32f20aa0
relation_evidence,S265_EVIDENCE_1E168353ED4AB17D47E7,ev_2f38e3a20162
relation_evidence,S265_EVIDENCE_1E2C833CEB5D2CBEF3AC,ev_4f8802efc099
relation_evidence,S265_EVIDENCE_1E59C7E66B55CDF5F006,ev_0e8eae60146c
relation_evidence,S265_EVIDENCE_1E6B075A742EB49EB1F6,ev_cab703c82bb8
relation_evidence,S265_EVIDENCE_1E7C9BE9BAFD41CC6989,ev_b718d59f014f
relation_evidence,S265_EVIDENCE_1E836BADE6EB0AF9C2A4,ev_575c7171f27f
relation_evidence,S265_EVIDENCE_1E86A0A9A39ED90421BF,ev_3ec51a42774d
relation_evidence,S265_EVIDENCE_1E8B4371CC955ED4501E,ev_c1a8614b94d3
relation_evidence,S265_EVIDENCE_1E8B5120C33F841537A6,ev_050a12bc7116
relation_evidence,S265_EVIDENCE_1E9B4BA65534DEA53B5C,ev_702cc09004ad
relation_evidence,S265_EVIDENCE_1E9B90717EB5625BB5D4,ev_7d6805cac38f
relation_evidence,S265_EVIDENCE_1EA66BEB8A8501786220,ev_c62e6b043e8c
relation_evidence,S265_EVIDENCE_1EA7FF955483CD0C9971,ev_9cc19819a8fd
relation_evidence,S265_EVIDENCE_1EB8B868E48A84A7FF34,ev_0f03e7a17e07
relation_evidence,S265_EVIDENCE_1EBFCCEC329DE086D557,ev_57529b20e424
relation_evidence,S265_EVIDENCE_1ECE7467E51E9998D210,ev_7b1329913431
relation_evidence,S265_EVIDENCE_1ED8B3FD82C3777D39A7,ev_97570e0e3984
relation_evidence,S265_EVIDENCE_1F1CA7EFD6D265676A47,ev_4cdd225fc700
relation_evidence,S265_EVIDENCE_1F75C7F0DA552796BAEB,ev_cbe03889c702
relation_evidence,S265_EVIDENCE_1F89B5B6DB6F951091E7,ev_1bfa20e7aabe
relation_evidence,S265_EVIDENCE_1F8C7657A2E56AB6B59C,ev_46f5e903f749
relation_evidence,S265_EVIDENCE_1FA3632BAE6D0546DB22,ev_58aaf780f2b6
relation_evidence,S265_EVIDENCE_1FA63B7B441506A5B980,ev_ec7a3a6a8e20
relation_evidence,S265_EVIDENCE_1FD75F3262EFDE11FF48,ev_930205238632
relation_evidence,S265_EVIDENCE_1FDC9092C47FCFE25FCD,ev_c0e5287f8703
relation_evidence,S265_EVIDENCE_1FF05C9C8D4E5CDE9FE6,ev_cead7ba88e68
relation_evidence,S265_EVIDENCE_200036FDE0E40A3B258B,ev_d74dcc1fa30a
relation_evidence,S265_EVIDENCE_200E211B5BE33971DA68,ev_5631b67c027a
relation_evidence,S265_EVIDENCE_20113E1B0B988C9E2424,ev_bd4a6574b907
relation_evidence,S265_EVIDENCE_2012286C8F47BC803830,ev_633b3f871c74
relation_evidence,S265_EVIDENCE_20126D6C8E7123CC3A3A,ev_a995093bb0f3
relation_evidence,S265_EVIDENCE_202FC17313BD0E886826,ev_b6c8600ad634
relation_evidence,S265_EVIDENCE_20543307B8C92B3341E1,ev_a8cc86bc9f08
relation_evidence,S265_EVIDENCE_206032A87F0CFD4B7393,ev_a2f435114f53
relation_evidence,S265_EVIDENCE_206DBBA004F68AEFAE94,ev_3b0a3b28fe17
relation_evidence,S265_EVIDENCE_20726E05B63E5CB06827,ev_0be1d3311287
relation_evidence,S265_EVIDENCE_207C812F22E370D688D8,ev_5c6ee7bd7494
relation_evidence,S265_EVIDENCE_208C7CE43DFD85A136F4,ev_4a5c9065cc16
relation_evidence,S265_EVIDENCE_20904D79094A6CA3D36F,ev_9f81c6fb44be
relation_evidence,S265_EVIDENCE_209843F01705CAF9337F,ev_254514574674
relation_evidence,S265_EVIDENCE_209D93D63E664DE69374,ev_ec0ca5c515a0
relation_evidence,S265_EVIDENCE_20B3737FDE3F640430C2,ev_5adb76bfc3ac
relation_evidence,S265_EVIDENCE_20B5472C4B85783A6D53,ev_e5c4cb77d79d
relation_evidence,S265_EVIDENCE_20C5A2ECBC368E5FBD77,ev_b9291a6b065c
relation_evidence,S265_EVIDENCE_20CC90C17B7003C9D346,ev_8774fb909027
relation_evidence,S265_EVIDENCE_20D6E125637BC9D20A5D,ev_bd651d74b372
relation_evidence,S265_EVIDENCE_20FB57440CAF49470797,ev_7452dc43cc33
relation_evidence,S265_EVIDENCE_21007FA9E2C3519100A1,ev_302e41ad19d4
relation_evidence,S265_EVIDENCE_2108B2034CAC46AFC991,ev_b617f593865c
relation_evidence,S265_EVIDENCE_210C93A4398D625F5DA5,ev_02ac70cca0d6
relation_evidence,S265_EVIDENCE_211ED4D8B0D7C1707026,ev_bf10440481ec
relation_evidence,S265_EVIDENCE_215FBA0F29685250CB11,ev_12fba1b75cac
relation_evidence,S265_EVIDENCE_21688E8364E70F5B68A0,ev_90571adfd04c
relation_evidence,S265_EVIDENCE_216AA5E444D9F64F6F7B,ev_c58ddcdd45ff
relation_evidence,S265_EVIDENCE_2173CB3E376F52F3C7DB,ev_5bb178c29921
relation_evidence,S265_EVIDENCE_21A0D45900C8523699B9,ev_7aff83fb7816
relation_evidence,S265_EVIDENCE_21A9FD560537C62822AF,ev_1571ab829c72
relation_evidence,S265_EVIDENCE_21FC3CA6484628408C62,ev_e42788f4c5c2
relation_evidence,S265_EVIDENCE_221C4CB5831D503494E5,ev_344f8527ec01
relation_evidence,S265_EVIDENCE_224BA83864A78B827DAA,ev_1c2c32880964
relation_evidence,S265_EVIDENCE_2260965B1046FD982B82,ev_d370a40309d8
relation_evidence,S265_EVIDENCE_228D6E6DAD06DCE087FC,ev_392505376822
relation_evidence,S265_EVIDENCE_22AA035FFD4E6A87E077,ev_5e794dbb9bc5
relation_evidence,S265_EVIDENCE_22B8FB823EC59E00CD99,ev_1880371950a7
relation_evidence,S265_EVIDENCE_22BA4EF5D1695E40821F,ev_657d3160b8c9
relation_evidence,S265_EVIDENCE_22D515B47487B6F1B539,ev_f5e589abd567
relation_evidence,S265_EVIDENCE_22E36093922F741BA177,ev_01bc38391756
relation_evidence,S265_EVIDENCE_22E906E07AC67DC0D188,ev_acd636c67f5f
relation_evidence,S265_EVIDENCE_22F0D6D0E500F80A0A35,ev_b6635a7242ec
relation_evidence,S265_EVIDENCE_22F54155487033BCD965,ev_d0736ac41586
relation_evidence,S265_EVIDENCE_23011837746C27DF8FDD,ev_9b0708a1ef04
relation_evidence,S265_EVIDENCE_23077FF96FCF03A349A9,ev_d08f87d60faa
relation_evidence,S265_EVIDENCE_230DBFA5322CECAF9CDA,ev_c284698a80c9
relation_evidence,S265_EVIDENCE_230ED20D18ACBD95B078,ev_383741d938f1
relation_evidence,S265_EVIDENCE_232AFBF0F3DE831D3A29,ev_4484e46aec15
relation_evidence,S265_EVIDENCE_232DD9E1F675C36F30F3,ev_d51fdfdca1ca
relation_evidence,S265_EVIDENCE_233B9E0957AEDA29F55F,ev_ba09965b9e78
relation_evidence,S265_EVIDENCE_234195123F386E681704,ev_1b03f126419d
relation_evidence,S265_EVIDENCE_235512F023EC9E6DF242,ev_ab3a9decbdfa
relation_evidence,S265_EVIDENCE_2363392E2AA4DCBD0B06,ev_2caba347ef98
relation_evidence,S265_EVIDENCE_2388F14E243A1AA90A13,ev_7ecd6a930ced
relation_evidence,S265_EVIDENCE_23BD2281F384BB5FD852,ev_720242c36568
relation_evidence,S265_EVIDENCE_23C067A9E5D831947DEA,ev_670233c00290
relation_evidence,S265_EVIDENCE_23D54693C3840B4DB41D,ev_2c8711a9a6fd
relation_evidence,S265_EVIDENCE_23F0D311897BD5CC5199,ev_1f855fb2ead5
relation_evidence,S265_EVIDENCE_240D69575D16DEB9268D,ev_a87750e9cd94
relation_evidence,S265_EVIDENCE_241E54D6D10173E50981,ev_24f6c1b34b8d
relation_evidence,S265_EVIDENCE_242A22CCAE6CDD5A4194,ev_11e0117f0815
relation_evidence,S265_EVIDENCE_245F1B19D43DFA50336F,ev_ae7516e7834d
relation_evidence,S265_EVIDENCE_2462FEAAF5004A5D6175,ev_3fa916ce5741
relation_evidence,S265_EVIDENCE_2476CB2A953E9B50DE56,ev_3d14be8ca30c
relation_evidence,S265_EVIDENCE_247926690AD5BB2C50CF,ev_c9e3494ed0a7
relation_evidence,S265_EVIDENCE_24AB00050F6CE007B9E9,ev_86fed9140e94
relation_evidence,S265_EVIDENCE_24D4EF1D5D7B99332C31,ev_ea82eb2caa35
relation_evidence,S265_EVIDENCE_2507FDB239361E7BA14C,ev_243a6755d25c
relation_evidence,S265_EVIDENCE_251E51B31864D09C44D4,ev_11923162b998
relation_evidence,S265_EVIDENCE_255A04977E9164A9CE29,ev_cc9539f6dd78
relation_evidence,S265_EVIDENCE_256FDB5BEA755659846F,ev_041c9d701907
relation_evidence,S265_EVIDENCE_257317A52F66C2EF4633,ev_73b25b3200b5
relation_evidence,S265_EVIDENCE_25A363BADF72B2813C5F,ev_4ab94a153392
relation_evidence,S265_EVIDENCE_25ACBBBCECCF5E7EB603,ev_87c719e4b561
relation_evidence,S265_EVIDENCE_25ADCCCE402D7E3B2127,ev_5637a9323e86
relation_evidence,S265_EVIDENCE_25B93F6AFD2224746783,ev_f66d5274f5d2
relation_evidence,S265_EVIDENCE_25C6E76AE1070BCEF159,ev_ff67f4835886
relation_evidence,S265_EVIDENCE_25F1F2AF617888D5128F,ev_c110e6a32f2f
relation_evidence,S265_EVIDENCE_25F604AEFB54AB9061D0,ev_bfebc48f4065
relation_evidence,S265_EVIDENCE_25F7BE8D6F2908022789,ev_c96d1f060bcf
relation_evidence,S265_EVIDENCE_25F7FD3480F2CF7287C1,ev_57fbf805e29d
relation_evidence,S265_EVIDENCE_2619948CDC8CC67AF371,ev_fc0f7b50cdbf
relation_evidence,S265_EVIDENCE_2644A6545A657CD2D56F,ev_c999dfa87412
relation_evidence,S265_EVIDENCE_26908CBE2B30597926F0,ev_8e87f4eb26d9
relation_evidence,S265_EVIDENCE_269690D56269871CB67D,ev_581b9902d7ca
relation_evidence,S265_EVIDENCE_26A3F7DB3E2DBD3A34DA,ev_7acf429c1f7f
relation_evidence,S265_EVIDENCE_26B1E07FD00386C2B9DE,ev_c83a25515f9a
relation_evidence,S265_EVIDENCE_26D81A8B095CDE9F2034,ev_a8a50dd6c83f
relation_evidence,S265_EVIDENCE_26F1D6741614D3C3397A,ev_fca82a0792c6
relation_evidence,S265_EVIDENCE_26FC8CC2F026CD2A5005,ev_34e96a54ffc3
relation_evidence,S265_EVIDENCE_271ECFAA7890C7CEA74D,ev_4f9b4522abda
relation_evidence,S265_EVIDENCE_27362D81AB8445A7D3C1,ev_d34d1cbd4929
relation_evidence,S265_EVIDENCE_273AE166A3E0FB08D42A,ev_111f9b0ae9c5
relation_evidence,S265_EVIDENCE_273F7E59CDBDC9A8B973,ev_3be31055b4f7
relation_evidence,S265_EVIDENCE_2749BDA67A5BD44EACFB,ev_de61103032e0
relation_evidence,S265_EVIDENCE_275EDB0C5AB72523E619,ev_1622fa8bc95e
relation_evidence,S265_EVIDENCE_27688C7478FA4A8B629F,ev_5d312a398bf2
relation_evidence,S265_EVIDENCE_278F18D4053E52620D2E,ev_3f97172c0306
relation_evidence,S265_EVIDENCE_279547D1FC4A25B14417,ev_e54712166385
relation_evidence,S265_EVIDENCE_27A65A93D9826ABC9E77,ev_9428a6b4c11a
relation_evidence,S265_EVIDENCE_27D061FA3DAD90A8788B,ev_47a6de51bf81
relation_evidence,S265_EVIDENCE_27DF37E7189AE66AF529,ev_5ea9ffe7520f
relation_evidence,S265_EVIDENCE_27EF1597C4DA48104DC1,ev_ae30345554e6
relation_evidence,S265_EVIDENCE_27F7A182EBEC93ED025E,ev_3938ca4c6a14
relation_evidence,S265_EVIDENCE_280201883087452E8676,ev_f39a075a9432
relation_evidence,S265_EVIDENCE_2833279631F01F1790C1,ev_a63bf55dd2d1
relation_evidence,S265_EVIDENCE_28336CE913811CE80332,ev_daf9bb0e9555
relation_evidence,S265_EVIDENCE_2837B453DE12318AB888,ev_f7269baf36af
relation_evidence,S265_EVIDENCE_283F1CE406AE9C50B502,ev_dfe859b31a2b
relation_evidence,S265_EVIDENCE_28434A08263075F6FBB1,ev_258ffef6f224
relation_evidence,S265_EVIDENCE_2868FCF4498192E4F2AC,ev_c69b2a611ebc
relation_evidence,S265_EVIDENCE_288AFD131CA86397C77C,ev_3575b9253cd8
relation_evidence,S265_EVIDENCE_28943641E8FE0AD00922,ev_55a08d4e8fbc
relation_evidence,S265_EVIDENCE_28B98F65D251D2728E5B,ev_7a5afd5e64e8
relation_evidence,S265_EVIDENCE_28C44BC6E48E7C2D13D2,ev_d0c6e1ca3e5b
relation_evidence,S265_EVIDENCE_28EAB618A0F7A9D1F06E,ev_97f5478faae8
relation_evidence,S265_EVIDENCE_28F59D291B84694CC26D,ev_4aeffc02dbc9
relation_evidence,S265_EVIDENCE_2908F65DEF2EB39AFF5F,ev_4b6850d71e81
relation_evidence,S265_EVIDENCE_2931449D514FF743BC9F,ev_91c9e9f33063
relation_evidence,S265_EVIDENCE_2933D70B28A9658996A7,ev_fa0a732e9905
relation_evidence,S265_EVIDENCE_293B1FB16BA57336427A,ev_9aeb72e6e444
relation_evidence,S265_EVIDENCE_2940CDDB1B1AE039D867,ev_b78a3664023c
relation_evidence,S265_EVIDENCE_29427DB72D84F9BBC289,ev_7c2e60bc7855
relation_evidence,S265_EVIDENCE_29446094F5EE34C95ED7,ev_cd2b34370832
relation_evidence,S265_EVIDENCE_29463819A33921128EB4,ev_372525c6266a
relation_evidence,S265_EVIDENCE_29760DFD03DE407DC478,ev_085e2b47e3ec
relation_evidence,S265_EVIDENCE_29802ABCFADC3B18B399,ev_6e84d8dabefc
relation_evidence,S265_EVIDENCE_29923A94E8A794CE6212,ev_a707b3c1f67c
relation_evidence,S265_EVIDENCE_29A2EF9C5C08652B49E4,ev_b5ed4dc17921
relation_evidence,S265_EVIDENCE_29B82EAB67AB8B69EB66,ev_5973ab27e7bd
relation_evidence,S265_EVIDENCE_29C0AFBC24C8BDEB320E,ev_32b17b29aaa0
relation_evidence,S265_EVIDENCE_29D1CC27CBE6A43347AA,ev_eda6741c97bd
relation_evidence,S265_EVIDENCE_2A01A57ECEDF098F85D7,ev_3dd7097b1608
relation_evidence,S265_EVIDENCE_2A115552103D08AEC795,ev_36ac9dbc4b0a
relation_evidence,S265_EVIDENCE_2A1B6755028839045672,ev_dc102f9b8aad
relation_evidence,S265_EVIDENCE_2A208BC51D16BDC27758,ev_29e1736d9047
relation_evidence,S265_EVIDENCE_2A22E3FF8872FF855DAA,ev_9cdeffd1c561
relation_evidence,S265_EVIDENCE_2A3EEE4B762E1904E4B2,ev_1a89d0caf79d
relation_evidence,S265_EVIDENCE_2A3F8A5D9354E1179DBD,ev_f12a7b1ad098
relation_evidence,S265_EVIDENCE_2A432A70DF349FF8C79E,ev_98edd77b98a6
relation_evidence,S265_EVIDENCE_2A6667F699C935B53AE3,ev_16a5358a9a18
relation_evidence,S265_EVIDENCE_2A849C470C1FA6D8DBAF,ev_9976152400e1
relation_evidence,S265_EVIDENCE_2A8F7E38A48E937D0D87,ev_50609eef1c45
relation_evidence,S265_EVIDENCE_2A8F9AFA2DAB065056B1,ev_da1dd02e6244
relation_evidence,S265_EVIDENCE_2AD40E7713A2892D1701,ev_10abe723fac2
relation_evidence,S265_EVIDENCE_2AD53FDD7E6C008FD5F7,ev_7558c68c2f79
relation_evidence,S265_EVIDENCE_2ADF9A18222912E14352,ev_cc993fb9de6b
relation_evidence,S265_EVIDENCE_2AE0D80717F3306B1EB6,ev_dba96b4fcec3
relation_evidence,S265_EVIDENCE_2AE7C547C5E9231F892F,ev_b9939ed47cc5
relation_evidence,S265_EVIDENCE_2AF3FBCC3D953FD4EDC5,ev_4940688bb205
relation_evidence,S265_EVIDENCE_2AF5750E874BEE713B61,ev_84a943236c54
relation_evidence,S265_EVIDENCE_2AFAC2979309E94FF56B,ev_3abaa2dbb99b
relation_evidence,S265_EVIDENCE_2B1034AB56422F8CB95C,ev_8ddc3d1a31e5
relation_evidence,S265_EVIDENCE_2B350C9F6F0D7A0679B3,ev_cb90948ae246
relation_evidence,S265_EVIDENCE_2B4CC73AEFB3689C037B,ev_ad524bf902d0
relation_evidence,S265_EVIDENCE_2B5655D834CAC6C90C0A,ev_742608b39711
relation_evidence,S265_EVIDENCE_2B5E8DC587BA91F3218B,ev_396517d68fba
relation_evidence,S265_EVIDENCE_2B701F0910157763A506,ev_1f9c47a138ee
relation_evidence,S265_EVIDENCE_2B70D6DEDCF2EB721061,ev_69ae07b53b05
relation_evidence,S265_EVIDENCE_2B7846D9916E90164AF7,ev_0836e627898f
relation_evidence,S265_EVIDENCE_2B7CA603A855C3FDD6A0,ev_86ed41e313b9
relation_evidence,S265_EVIDENCE_2B90CE997560EE9336A4,ev_2d6051cbbed9
relation_evidence,S265_EVIDENCE_2BB3A0055D88D9B3DB47,ev_0452c170e5e6
relation_evidence,S265_EVIDENCE_2BB7B71D0A4EFF9F8A8E,ev_4460610a70d5
relation_evidence,S265_EVIDENCE_2BB97B87524F19C169BB,ev_610b8a9802da
relation_evidence,S265_EVIDENCE_2BCD539D105DDE7FC58A,ev_495e88ef4924
relation_evidence,S265_EVIDENCE_2BCD8584BF6B519F6FBF,ev_a78a78bd3eb9
relation_evidence,S265_EVIDENCE_2BD210D3D48DF997408F,ev_66da4204b6cc
relation_evidence,S265_EVIDENCE_2BDC70B62257984F8989,ev_d83c89bb9bf4
relation_evidence,S265_EVIDENCE_2BE0A5F95AAB46B1FFEE,ev_a6653b6b17b5
relation_evidence,S265_EVIDENCE_2BE2D1491A0D2AA8046F,ev_1ecaf26185ff
relation_evidence,S265_EVIDENCE_2BFC791AE400EF84C04F,ev_f8627aceda3c
relation_evidence,S265_EVIDENCE_2C0EDC414FF15B9593A9,ev_2d628d82333c
relation_evidence,S265_EVIDENCE_2C1BE1E8CC1D3A1FBA18,ev_d4cf7501a03b
relation_evidence,S265_EVIDENCE_2C26F6C07A5EE6978AAF,ev_9f8cf1440a09
relation_evidence,S265_EVIDENCE_2C377ABE75AD4655E9EE,ev_953bc08b079a
relation_evidence,S265_EVIDENCE_2C4E4AF6F60185750D32,ev_f0bd81fa07ee
relation_evidence,S265_EVIDENCE_2C811246BA57B130EB6E,ev_711b9e198a8c
relation_evidence,S265_EVIDENCE_2C895A2EB10CD523ACA8,ev_b7345d511ee4
relation_evidence,S265_EVIDENCE_2C9382CAD32EBFCB8C31,ev_471a4a4a36cf
relation_evidence,S265_EVIDENCE_2CB065CD2D02BD57703A,ev_190848711e46
relation_evidence,S265_EVIDENCE_2CBDB68EB29138B529FA,ev_56dc25e8c742
relation_evidence,S265_EVIDENCE_2CBDD0C3E4D1E9625475,ev_3fc29cf1aa48
relation_evidence,S265_EVIDENCE_2CBE3FCCE77716CB9EB7,ev_fb32a664ab3f
relation_evidence,S265_EVIDENCE_2CD6CDC97C8D4F53F1CD,ev_417a88955659
relation_evidence,S265_EVIDENCE_2CE8A5EFA8E9F57730B6,ev_060f81585e9a
relation_evidence,S265_EVIDENCE_2D0BBBA45BE1B61E5C38,ev_f95e59107348
relation_evidence,S265_EVIDENCE_2D24721E328518AA4158,ev_cd0a5365ab12
relation_evidence,S265_EVIDENCE_2D3321E258CB59A96C04,ev_c456bb47556e
relation_evidence,S265_EVIDENCE_2D44414D87A1BDD86395,ev_80cf1828d57c
relation_evidence,S265_EVIDENCE_2D79565F7280A0A1E682,ev_ae8b0b36c787
relation_evidence,S265_EVIDENCE_2D7A0D2CCB271E50E57F,ev_14b40b2e9359
relation_evidence,S265_EVIDENCE_2D9C9EB19E84CC1CED30,ev_e59987541983
relation_evidence,S265_EVIDENCE_2D9DD2384496288D3206,ev_83612a2aab5e
relation_evidence,S265_EVIDENCE_2DA0A4C237A4D7B70A7F,ev_236f81fada86
relation_evidence,S265_EVIDENCE_2DD3BF5705BC919487FE,ev_33d1aafea4e5
relation_evidence,S265_EVIDENCE_2DECACF09792916CA5D7,ev_34e6621492e3
relation_evidence,S265_EVIDENCE_2DF9201A64CAB6E90556,ev_c78e6f8ad526
relation_evidence,S265_EVIDENCE_2E0C74D4918DF86FA1F9,ev_f3d5b8bd5bae
relation_evidence,S265_EVIDENCE_2E32C931600F7BF8134C,ev_e8b5805f7cdc
relation_evidence,S265_EVIDENCE_2E591F39137C770A0399,ev_2cccc4c74f7d
relation_evidence,S265_EVIDENCE_2E6BD54DA2C732DAD0EA,ev_77d46be23423
relation_evidence,S265_EVIDENCE_2E77E580CCCDEF0607B5,ev_29982c042993
relation_evidence,S265_EVIDENCE_2E8E1D13E649E03FB269,ev_36e376d234a5
relation_evidence,S265_EVIDENCE_2E95CF2EA6C04D806E5C,ev_c22d3798ae69
relation_evidence,S265_EVIDENCE_2E95DBE039EC232D9832,ev_4923ca6a5b83
relation_evidence,S265_EVIDENCE_2EC39E3DF579A2615FC1,ev_45e8cf040c2a
relation_evidence,S265_EVIDENCE_2EDCA83FAFB56E642455,ev_7e222b1327a6
relation_evidence,S265_EVIDENCE_2EECA6A31E9EAD144C0A,ev_44823e1afd3a
relation_evidence,S265_EVIDENCE_2EED6A976B2D6D1391DE,ev_4280c07cc28f
relation_evidence,S265_EVIDENCE_2F015AD613B923C61BBD,ev_2839dd510b05
relation_evidence,S265_EVIDENCE_2F09DE42A9EC12504FA2,ev_e6d7c0f3a7d1
relation_evidence,S265_EVIDENCE_2F0B81B2AC2CB6A9BA46,ev_b5806ba71c44
relation_evidence,S265_EVIDENCE_2F1A8ED9900F2B1D0653,ev_bcfa1e29189e
relation_evidence,S265_EVIDENCE_2F1CD28C74794FEF15BA,ev_cbeddb87e6e7
relation_evidence,S265_EVIDENCE_2F1DCC0D1B9E4D9E0D6B,ev_3d3e1bf0cf27
relation_evidence,S265_EVIDENCE_2F2EBF162674DAD101E0,ev_d0eb71a46755
relation_evidence,S265_EVIDENCE_2F434F43D76D92E573CA,ev_630ddd0fc053
relation_evidence,S265_EVIDENCE_2F50013B67FEFD8D274C,ev_f08988584c4e
relation_evidence,S265_EVIDENCE_2F57C8E94E86323C7E2D,ev_ce7b3f8b9ec6
relation_evidence,S265_EVIDENCE_2F62E5D75F36075C2494,ev_69a8b09f8438
relation_evidence,S265_EVIDENCE_2F67267D10B7DE314343,ev_3621a596619b
relation_evidence,S265_EVIDENCE_2F6B616891F7C49FF3B4,ev_8f91960d4a9f
relation_evidence,S265_EVIDENCE_2F7980033D7DF35A24FA,ev_ebe5f424bf86
relation_evidence,S265_EVIDENCE_2F89E0D0D4642EF9ABB5,ev_7af0f39dbe17
relation_evidence,S265_EVIDENCE_2F9D17214FF368D992B5,ev_a361e0dc088b
relation_evidence,S265_EVIDENCE_2F9DF76AEC3145A248E0,ev_4441b302dc14
relation_evidence,S265_EVIDENCE_2FA0242B0F4BC567991E,ev_a8c265c4891a
relation_evidence,S265_EVIDENCE_2FD6A549DAC5553736FA,ev_85b15001f588
relation_evidence,S265_EVIDENCE_2FE28B35651917F2CF7D,ev_fd9ec14c12ba
relation_evidence,S265_EVIDENCE_2FEC94082FB286F5F155,ev_37ef630f4865
relation_evidence,S265_EVIDENCE_2FF17C0CF8FD32EB8C09,ev_51dabb0b8eca
relation_evidence,S265_EVIDENCE_3025D71D97317BC2A520,ev_f2554ebfc5cb
relation_evidence,S265_EVIDENCE_305D95F3AD4806F6AAB5,ev_270cf79aa4fc
relation_evidence,S265_EVIDENCE_306DA48C901B483D0548,ev_60cb43945978
relation_evidence,S265_EVIDENCE_307919E4D2B5B1FD7FE3,ev_10d8f63642e4
relation_evidence,S265_EVIDENCE_3096ED1AB9466CC141A8,ev_96cdafa6e5cb
relation_evidence,S265_EVIDENCE_309C9D9E97293A9AEE6A,ev_1492b23b079a
relation_evidence,S265_EVIDENCE_30A46A597F2C73BE9D57,ev_4a824591dc59
relation_evidence,S265_EVIDENCE_30AB03748E5C220916D7,ev_1ef23016f550
relation_evidence,S265_EVIDENCE_30AE6E92D1DFE06BE5DD,ev_682a82b99725
relation_evidence,S265_EVIDENCE_30AE6F9EC82898C65022,ev_2380b8dd8d89
relation_evidence,S265_EVIDENCE_30B391400080CD46247F,ev_7bf220d212e1
relation_evidence,S265_EVIDENCE_30CDB7CD6B3720B04450,ev_46480ec27fea
relation_evidence,S265_EVIDENCE_30D8DEEE2C489A67129B,ev_1f79c6eb0dc3
relation_evidence,S265_EVIDENCE_30E48853DE2A1185B2A4,ev_420f230ac257
relation_evidence,S265_EVIDENCE_30FC5ECDDE0A2438E9FF,ev_c73c2b625644
relation_evidence,S265_EVIDENCE_31018829200B65AB4A59,ev_68e9c89371a1
relation_evidence,S265_EVIDENCE_3105F953DA307723B6F2,ev_5ccabc41bc2d
relation_evidence,S265_EVIDENCE_311412D2C45950829220,ev_1603fadea68a
relation_evidence,S265_EVIDENCE_311674F8A8E3F6C1DD06,ev_06fbd3f73fcb
relation_evidence,S265_EVIDENCE_3142667167BB4C471C27,ev_c18d3e14d1fd
relation_evidence,S265_EVIDENCE_314B3A6919F0D9156D9E,ev_000c7b6b0769
relation_evidence,S265_EVIDENCE_31535762B58F6038048D,ev_ef849322e1d5
relation_evidence,S265_EVIDENCE_31663D6655D3C958EDA4,ev_3fdf79faba99
relation_evidence,S265_EVIDENCE_316A13A31C96C35A8B03,ev_b9b2788e24af
relation_evidence,S265_EVIDENCE_316D45706A9156875226,ev_b74c15d7a62e
relation_evidence,S265_EVIDENCE_319929FD8CDAAA6BF033,ev_7071635568cc
relation_evidence,S265_EVIDENCE_3199F9AF2FCB45207A39,ev_d21b194a4f2b
relation_evidence,S265_EVIDENCE_319AB95266E455EBF1DD,ev_f60e6ee2cd9d
relation_evidence,S265_EVIDENCE_319CE11CE14E345A44E6,ev_bd4838004a33
relation_evidence,S265_EVIDENCE_319F18607E0E6A615A3B,ev_c853620ca6e8
relation_evidence,S265_EVIDENCE_31A735F1AC64F4FA0D3C,ev_375daacc1ed2
relation_evidence,S265_EVIDENCE_31B05DF674E6FFE0585F,ev_c09d300d5393
relation_evidence,S265_EVIDENCE_31DDD43A28FD94846BD2,ev_0a095c3a187b
relation_evidence,S265_EVIDENCE_31E9D28DBCB43051806B,ev_f452c05dc777
relation_evidence,S265_EVIDENCE_31EFD06EF3C5A813A742,ev_d6ea1cf38d15
relation_evidence,S265_EVIDENCE_3210AA4C47226C93B918,ev_5c7706150737
relation_evidence,S265_EVIDENCE_3215071D816B023AACA8,ev_3a0c965b2c30
relation_evidence,S265_EVIDENCE_322000C4F30CD91F23D5,ev_dbdb0701e727
relation_evidence,S265_EVIDENCE_3240272C32B829134A76,ev_c3bb38d03d29
relation_evidence,S265_EVIDENCE_32409F8CF76F58B7ED1F,ev_deef13c1c7a8
relation_evidence,S265_EVIDENCE_325896C39FCDF6211541,ev_47bfe7e811bd
relation_evidence,S265_EVIDENCE_3266FA5D1C0118C2E2CF,ev_473ab38f6d93
relation_evidence,S265_EVIDENCE_3273211CF0A5A38534A8,ev_e04fc73d53b9
relation_evidence,S265_EVIDENCE_32893899F2F4866186D0,ev_304f9838e01c
relation_evidence,S265_EVIDENCE_32AE77F053807EC2677E,ev_b3a63cada94e
relation_evidence,S265_EVIDENCE_32BDDE05D29CB9827EF5,ev_500a60da2980
relation_evidence,S265_EVIDENCE_32C1C471415CB9574C55,ev_d1236c9b717e
relation_evidence,S265_EVIDENCE_32EE465BDC4BFF6A6D3F,ev_8c39f853931f
relation_evidence,S265_EVIDENCE_32EE5444BADBC2EF3032,ev_5a7e0d13475e
relation_evidence,S265_EVIDENCE_32FAA7D082D67C841D3A,ev_20c75f4d57e8
relation_evidence,S265_EVIDENCE_33095FF923FE62527BE4,ev_e3b4bc638451
relation_evidence,S265_EVIDENCE_330BA39D8FF40E2AD60D,ev_7d2223c3340e
relation_evidence,S265_EVIDENCE_330EA8B03D8E03BD3311,ev_3609332d8861
relation_evidence,S265_EVIDENCE_3313137C1D315EAF3F6E,ev_46ec85f9b986
relation_evidence,S265_EVIDENCE_33202504C8DF367D74CA,ev_cded022b1338
relation_evidence,S265_EVIDENCE_332898FA07787CAC0912,ev_9ad5be1fb47a
relation_evidence,S265_EVIDENCE_332D59EA79ED6E828EA9,ev_3528ffe00ba2
relation_evidence,S265_EVIDENCE_3336FB9E1D4949A033E3,ev_9b6978a87e8e
relation_evidence,S265_EVIDENCE_333F6F11AEB89F472D4C,ev_fcc639966fef
relation_evidence,S265_EVIDENCE_334FF0DBAD925B8B2651,ev_52127748b837
relation_evidence,S265_EVIDENCE_335EF30ADFC0A4B957D9,ev_60d957cec792
relation_evidence,S265_EVIDENCE_3363144506E51744DB55,ev_c4328c611755
relation_evidence,S265_EVIDENCE_33687FDDE69332C09EEB,ev_19d6c77fc132
relation_evidence,S265_EVIDENCE_336C9DB093A2D681E005,ev_010dd680823d
relation_evidence,S265_EVIDENCE_336D11017E137601D7D5,ev_d5d6c1cd8620
relation_evidence,S265_EVIDENCE_337BF0E55FA02A709463,ev_3788ae0a9e37
relation_evidence,S265_EVIDENCE_338F4435E45AA1261E89,ev_088b7b86b1a8
relation_evidence,S265_EVIDENCE_339BD2EF47069CA73762,ev_1855c8721fff
relation_evidence,S265_EVIDENCE_33A1DC216D998970BDBC,ev_3a578d3e135e
relation_evidence,S265_EVIDENCE_33AEA1D73A914C038850,ev_9a710314252e
relation_evidence,S265_EVIDENCE_33BF6FBFD5312E1CDCEA,ev_e7ba0bab79d0
relation_evidence,S265_EVIDENCE_33D49722672B194EF25D,ev_3bcf8ae3e2af
relation_evidence,S265_EVIDENCE_33DD267609FE278BE6B2,ev_27a1593dd43e
relation_evidence,S265_EVIDENCE_33DD73940AD6E91C7E33,ev_55c037d65b3e
relation_evidence,S265_EVIDENCE_33F4BD036D143FC7BEFD,ev_4f76f12e50c4
relation_evidence,S265_EVIDENCE_3407C05A136DB3CF97C8,ev_3cc0cd2bb7a9
relation_evidence,S265_EVIDENCE_340E767FCAF488ED70D8,ev_69b0154377a1
relation_evidence,S265_EVIDENCE_340F68B97E8C7B0E51FE,ev_991cd029d259
relation_evidence,S265_EVIDENCE_34214B439CAEB1601604,ev_51e7c6587209
relation_evidence,S265_EVIDENCE_3428D7988B44F4027FA5,ev_13d870b19b54
relation_evidence,S265_EVIDENCE_34877E0DF2BF53C7787E,ev_99f784ff1812
relation_evidence,S265_EVIDENCE_348CED6E9B1B3EED0625,ev_0bb42e4e4f88
relation_evidence,S265_EVIDENCE_349FBB489B63CDAFC921,ev_f0b8453faefc
relation_evidence,S265_EVIDENCE_34A167F80EB1E6350DCB,ev_5e9bfe13b72a
relation_evidence,S265_EVIDENCE_34BB81542EEEB19CCA40,ev_bb8dd8816a89
relation_evidence,S265_EVIDENCE_34C46D338186F727D814,ev_7e070836a1c1
relation_evidence,S265_EVIDENCE_34CBEFE3B85ECC394BBB,ev_cf66219659d1
relation_evidence,S265_EVIDENCE_34DDF404E2CD50B15608,ev_24f89f70cc0a
relation_evidence,S265_EVIDENCE_35219067DA6540CC421C,ev_ca09c1b5e183
relation_evidence,S265_EVIDENCE_35272BD10F846D70E13E,ev_760e38b4945d
relation_evidence,S265_EVIDENCE_3538A308E1F5D368813D,ev_7284ba6c4653
relation_evidence,S265_EVIDENCE_355E3D40174D487CB4D0,ev_c663da244677
relation_evidence,S265_EVIDENCE_356D04C02D35A7D1DD5A,ev_a4677751abce
relation_evidence,S265_EVIDENCE_35737DC51EA552EED24A,ev_b2c3ee1acbba
relation_evidence,S265_EVIDENCE_359B83290397164B420E,ev_31c8b47e03d1
relation_evidence,S265_EVIDENCE_35B9B2CD5DCC7FC34C7B,ev_5652c4b947f8
relation_evidence,S265_EVIDENCE_35E14280B3B7B52684C3,ev_ce6f392534bb
relation_evidence,S265_EVIDENCE_36001D506B5B0620B60B,ev_4419aee76293
relation_evidence,S265_EVIDENCE_3603ED1767F24DA357AC,ev_3c13a5de1e1a
relation_evidence,S265_EVIDENCE_36046B4A90103914246C,ev_e37dfc5dfc2b
relation_evidence,S265_EVIDENCE_3608C1F6D594CE5A3F04,ev_60bf10bb7920
relation_evidence,S265_EVIDENCE_36176BE48D4CC013AD13,ev_fbe8b79e1ac0
relation_evidence,S265_EVIDENCE_3622C4BEE11DBADC9AAC,ev_958d120ca0e1
relation_evidence,S265_EVIDENCE_36248220E8607E03E389,ev_ee053fa63ae2
relation_evidence,S265_EVIDENCE_362971520B2F08443A95,ev_84033d47083a
relation_evidence,S265_EVIDENCE_362B5085A4627A82F0F2,ev_d1146d48e4bc
relation_evidence,S265_EVIDENCE_364512097BD17AA2E732,ev_6db38d78dd99
relation_evidence,S265_EVIDENCE_36735BEF5E7C24C98FEA,ev_e9a645551341
relation_evidence,S265_EVIDENCE_3680D3E2F0737D44479A,ev_5436af2ca32f
relation_evidence,S265_EVIDENCE_3687D283D80D14A3AF92,ev_6516ebc31de3
relation_evidence,S265_EVIDENCE_36977DB0CFD212973366,ev_f1f753e9febb
relation_evidence,S265_EVIDENCE_369F09D824C3FDBB298A,ev_5becc0ca97d9
relation_evidence,S265_EVIDENCE_36CEC8DB739BA565BE0A,ev_f9694fbcce82
relation_evidence,S265_EVIDENCE_36D095EC80C288591301,ev_298762a205ef
relation_evidence,S265_EVIDENCE_36D333C9FBBE7DB4490B,ev_a23a73be0735
relation_evidence,S265_EVIDENCE_36D3746A0A9E9223AFC6,ev_03ee0bad7b2d
relation_evidence,S265_EVIDENCE_36D4E1C19333EEBBCE04,ev_47e7a612fc74
relation_evidence,S265_EVIDENCE_36DC15A172E345D35448,ev_8ef0f98373c8
relation_evidence,S265_EVIDENCE_373046DCA2102B2ABF88,ev_025d226faac9
relation_evidence,S265_EVIDENCE_373B9C45558E203EC719,ev_e97472c260cd
relation_evidence,S265_EVIDENCE_374851E52BE3139140E0,ev_224077d35e7d
relation_evidence,S265_EVIDENCE_3750E44AD58D30D5B3C8,ev_58c90c76d461
relation_evidence,S265_EVIDENCE_37558AA5239B0D237C2E,ev_89d878c46fcf
relation_evidence,S265_EVIDENCE_37581BCF1FA179E82DB3,ev_9c2d3f8b7658
relation_evidence,S265_EVIDENCE_378550DB840EB1C186C0,ev_e36adb393f31
relation_evidence,S265_EVIDENCE_3785F703C5005817FED3,ev_a39ac006f61b
relation_evidence,S265_EVIDENCE_3795CC26C2379A79F08D,ev_cc2052e70550
relation_evidence,S265_EVIDENCE_37968BE0C4ABC40E9B77,ev_376d131d9614
relation_evidence,S265_EVIDENCE_37AA001334C65F8E668D,ev_642d853d06bf
relation_evidence,S265_EVIDENCE_37AA89364D85557284CF,ev_c2f32748c309
relation_evidence,S265_EVIDENCE_37B57174B066A7976DE5,ev_b123f2e809a9
relation_evidence,S265_EVIDENCE_37C67F2C8683B63A05F1,ev_d427813422ca
relation_evidence,S265_EVIDENCE_37CB8F0F9F9ABE6690E2,ev_ca609aa6890b
relation_evidence,S265_EVIDENCE_37CF862F4EF620839734,ev_9ad360bed018
relation_evidence,S265_EVIDENCE_382F1517CB3315DAF827,ev_92daa9755c07
relation_evidence,S265_EVIDENCE_3841FFB7C3D8D5127598,ev_982d35d644cd
relation_evidence,S265_EVIDENCE_38951AECACF202E16E37,ev_1e0e37614d0e
relation_evidence,S265_EVIDENCE_38958ECF3B1A988B1F0B,ev_c236fecc9e0b
relation_evidence,S265_EVIDENCE_38A5DE11029F1E65C8D5,ev_b4e8fbb2cd05
relation_evidence,S265_EVIDENCE_38B16691D9FBE1B449EA,ev_886d46d4efbc
relation_evidence,S265_EVIDENCE_38D6B317C0F325287190,ev_a9da366abeb0
relation_evidence,S265_EVIDENCE_39051DD4C7328AC0EB08,ev_e4af84d9b2e9
relation_evidence,S265_EVIDENCE_3907F96B6F948419CB6D,ev_acc0e49fb824
relation_evidence,S265_EVIDENCE_393B88964FE28103F365,ev_ab19cc907baf
relation_evidence,S265_EVIDENCE_393BA8FAECA305FE6E0B,ev_6aadbc3fee38
relation_evidence,S265_EVIDENCE_39894979612BE9CB0CD9,ev_bbe99f149aa7
relation_evidence,S265_EVIDENCE_3999735F3585421E397D,ev_65fc96f2f40c
relation_evidence,S265_EVIDENCE_39A72794AC4635B406A2,ev_d7b36687d75c
relation_evidence,S265_EVIDENCE_39E94C53A438081912DA,ev_80221ab19cb1
relation_evidence,S265_EVIDENCE_3A0303CA5249FC76468F,ev_e895440a5ea0
relation_evidence,S265_EVIDENCE_3A0E0592DE49B91D8969,ev_2a8d5cfe3b00
relation_evidence,S265_EVIDENCE_3A13F6BB4C41A159D5BB,ev_841d8cce9d3d
relation_evidence,S265_EVIDENCE_3A243833346A33E3C20E,ev_ada6fcb52acc
relation_evidence,S265_EVIDENCE_3A4C2DECD97C50D334E4,ev_1664c33a82b9
relation_evidence,S265_EVIDENCE_3A534D9E3B6E8011AA43,ev_0868d32f185a
relation_evidence,S265_EVIDENCE_3A58E5BCE9B27877DC0A,ev_463c0b66ee7a
relation_evidence,S265_EVIDENCE_3A807030CCB494A892ED,ev_397a0c69921a
relation_evidence,S265_EVIDENCE_3A95B7CAC7593D578008,ev_b720744c409e
relation_evidence,S265_EVIDENCE_3A9723FBF0CE6EA7CBB6,ev_c857f22269d1
relation_evidence,S265_EVIDENCE_3AD639F7AE6E8669BFC5,ev_d135dc713d7c
relation_evidence,S265_EVIDENCE_3AD6FC75EF8BA390C240,ev_cbbd54738232
relation_evidence,S265_EVIDENCE_3AEC1B4EA5C6C5CE77E8,ev_73afca8ff4b1
relation_evidence,S265_EVIDENCE_3AF4A5683961DF7584BF,ev_0faee8c806bc
relation_evidence,S265_EVIDENCE_3AF5CCE8D6283C597FDF,ev_78d8dd99eab8
relation_evidence,S265_EVIDENCE_3B3A2F5BDCC8B8A1A345,ev_2f479ddae578
relation_evidence,S265_EVIDENCE_3B4D4127C79D3B4A9DD3,ev_c836340cb2e7
relation_evidence,S265_EVIDENCE_3B567CE6C9A9539C66BF,ev_cfb52f870317
relation_evidence,S265_EVIDENCE_3B6DB68EAA03076C3BB5,ev_b7daade253ee
relation_evidence,S265_EVIDENCE_3B9471115A5B29F456F4,ev_19bf0279db47
relation_evidence,S265_EVIDENCE_3BA7E2054C96F4210F08,ev_f34b2e576b2a
relation_evidence,S265_EVIDENCE_3BBECAD16A7BE39AEFF5,ev_5fa61c5940c5
relation_evidence,S265_EVIDENCE_3BC1A52B129452CD94B3,ev_d33dffdc5687
relation_evidence,S265_EVIDENCE_3BDD6D2E9AFA22F13C8D,ev_34da7c76a6fd
relation_evidence,S265_EVIDENCE_3C4DD9B86C50C89CDF8C,ev_3a19f8150ccd
relation_evidence,S265_EVIDENCE_3C5913C61783BED3A05E,ev_75c650b10bae
relation_evidence,S265_EVIDENCE_3C8CFC93C3035861A85E,ev_9fc6c508ca09
relation_evidence,S265_EVIDENCE_3C917655DE0970265C21,ev_3ea01b141886
relation_evidence,S265_EVIDENCE_3CB9F48A863DA67BF759,ev_573e99f21667
relation_evidence,S265_EVIDENCE_3CC60157EF3F8A6FB540,ev_d4568a00c742
relation_evidence,S265_EVIDENCE_3CD41C17BE2C81EE2FF8,ev_31bb83174d82
relation_evidence,S265_EVIDENCE_3CE03EE7E6D8C4899B5E,ev_43d627ad6cb2
relation_evidence,S265_EVIDENCE_3CE7ABE50A88CFC4223E,ev_df2e2fad31e8
relation_evidence,S265_EVIDENCE_3D1AD3DD170C2D766DB3,ev_aa5d980a5382
relation_evidence,S265_EVIDENCE_3D1F10278353D203A260,ev_55c8e8e73a7e
relation_evidence,S265_EVIDENCE_3D32F55F7E13B07CF69F,ev_12dcf2fd17e5
relation_evidence,S265_EVIDENCE_3D38E44F22F1E5161B2C,ev_74640260fea7
relation_evidence,S265_EVIDENCE_3D38F73C319A5A54863E,ev_03555aacb5e3
relation_evidence,S265_EVIDENCE_3D3D49FF564EE2C65A0D,ev_8ba775e4d8cb
relation_evidence,S265_EVIDENCE_3D5E4553B355CEA57267,ev_bfaeb2fa13aa
relation_evidence,S265_EVIDENCE_3D67350508350044D0EA,ev_bd5b0721d257
relation_evidence,S265_EVIDENCE_3D7A76E052A163955928,ev_e91d41699184
relation_evidence,S265_EVIDENCE_3D8262856E371B025701,ev_acb913670acd
relation_evidence,S265_EVIDENCE_3DB1DF36179DD417C036,ev_e322b0082d6a
relation_evidence,S265_EVIDENCE_3DBD81DB5CECAE60DCD5,ev_f9cc7d2aca41
relation_evidence,S265_EVIDENCE_3DC656433ED221498F87,ev_0c750ab9a22a
relation_evidence,S265_EVIDENCE_3DCCF76624A98A3C1851,ev_8c97ac423d6a
relation_evidence,S265_EVIDENCE_3DF7B663500E4F1BDD36,ev_70a1aae44758
relation_evidence,S265_EVIDENCE_3E1F9B2EA3AF00EC70C7,ev_3e406fcb6cf0
relation_evidence,S265_EVIDENCE_3E57CD04A40F3831FEF6,ev_ef6ce46bae11
relation_evidence,S265_EVIDENCE_3E59934771B0D84BC7B9,ev_22d7032fb27c
relation_evidence,S265_EVIDENCE_3E6650F0344A698161E5,ev_f8e58ee2e37f
relation_evidence,S265_EVIDENCE_3E70B66D40380390D567,ev_4ec64469775d
relation_evidence,S265_EVIDENCE_3E7CBBADFFC48BFFD1FC,ev_707a72c50999
relation_evidence,S265_EVIDENCE_3E92CF49BBEF97FAE6CD,ev_5ea4da26c3f5
relation_evidence,S265_EVIDENCE_3E93CF7F28148EABA701,ev_042baf1417ad
relation_evidence,S265_EVIDENCE_3E9EDF304C5AB2241751,ev_431035fa2fc4
relation_evidence,S265_EVIDENCE_3EA3B32B22BDAB482E8E,ev_bd3655689c25
relation_evidence,S265_EVIDENCE_3EA68ED4C696BFDBC16F,ev_55e42acc0f9d
relation_evidence,S265_EVIDENCE_3EBA8360C71E7DA28DA6,ev_d2b14b3debb2
relation_evidence,S265_EVIDENCE_3EBB6872C3C1EB63FBA1,ev_bf675fc7c9f5
relation_evidence,S265_EVIDENCE_3EC46A8B071A32925903,ev_3a0bf4ea841d
relation_evidence,S265_EVIDENCE_3EE0B39F368806E2A449,ev_f9a9869d1ccc
relation_evidence,S265_EVIDENCE_3EE8AF47D7C50FDBB418,ev_b9403666a88e
relation_evidence,S265_EVIDENCE_3EE99E974072FC03C534,ev_2532b4c14066
relation_evidence,S265_EVIDENCE_3F0D3356AD1F4C4C2CCA,ev_41a27033f0c3
relation_evidence,S265_EVIDENCE_3F1920E91BA68A854BA9,ev_08f8d6992635
relation_evidence,S265_EVIDENCE_3F4DA6B4D29B3CF569CB,ev_e5ca53fd92be
relation_evidence,S265_EVIDENCE_3F96B6C400E0C62537F4,ev_18692f8060d6
relation_evidence,S265_EVIDENCE_3F977D570542A90F5054,ev_d2352e1c000b
relation_evidence,S265_EVIDENCE_3FC5D05AB47298C7C217,ev_883787e23ccf
relation_evidence,S265_EVIDENCE_3FC72C9245A11802A030,ev_5fcce195a3ef
relation_evidence,S265_EVIDENCE_3FD6FDF2F2C003D03C3E,ev_8a55b987171c
relation_evidence,S265_EVIDENCE_3FEEC7ADC9A39C31DE13,ev_1ad4e380ac11
relation_evidence,S265_EVIDENCE_4002C720AA175D4FA4FB,ev_5c925f1f735a
relation_evidence,S265_EVIDENCE_400F5A508AD1239809DF,ev_38160edc0adb
relation_evidence,S265_EVIDENCE_4010DD99651C94FFFBCC,ev_3f17ad4a0100
relation_evidence,S265_EVIDENCE_403830940327DC6F32EF,ev_7579164e48c6
relation_evidence,S265_EVIDENCE_40471C36A3B1EE7208B8,ev_ff6fcf59aab1
relation_evidence,S265_EVIDENCE_4077C27618794AA670A6,ev_46bdb1260370
relation_evidence,S265_EVIDENCE_408E523338E97921A9C5,ev_62925fd08d89
relation_evidence,S265_EVIDENCE_4098BE497265737D600A,ev_729d65b14ad4
relation_evidence,S265_EVIDENCE_40ACD602BA50D1FF73BC,ev_b791e26075b7
relation_evidence,S265_EVIDENCE_40AE0DB1A68AD6A6E905,ev_10aea96e71ea
relation_evidence,S265_EVIDENCE_40B1CB3EDB0680D7FF80,ev_59b0671bcc2a
relation_evidence,S265_EVIDENCE_40B783F69C63AC1E3DD1,ev_deab9f783b75
relation_evidence,S265_EVIDENCE_40C44FC182F63D1CA70B,ev_d1db9c97c611
relation_evidence,S265_EVIDENCE_40C62D82435FF5DD444C,ev_de988aa986c1
relation_evidence,S265_EVIDENCE_40DC8C0BE7EFA4662D5A,ev_73bc0d4aba37
relation_evidence,S265_EVIDENCE_40EFF6BE3723D200A34C,ev_77d68ca744f8
relation_evidence,S265_EVIDENCE_40F990DCFB69AFD7C487,ev_c7f732043b9d
relation_evidence,S265_EVIDENCE_40FE58E1DBD5F917F3B2,ev_8281678e396b
relation_evidence,S265_EVIDENCE_411A7387DC37EDCC6BE1,ev_ced0c80c9cbb
relation_evidence,S265_EVIDENCE_41227B61251E33A8A41B,ev_5aeb2f50dd94
relation_evidence,S265_EVIDENCE_4135AB14109EC0BC37A7,ev_45a934b3e817
relation_evidence,S265_EVIDENCE_4137914B4C0ACC41BAC2,ev_1d9af0b3fe50
relation_evidence,S265_EVIDENCE_415C0DE7CFAD22371A25,ev_ac349c80f0c8
relation_evidence,S265_EVIDENCE_41764EB1C685DA24E3ED,ev_8118c27da436
relation_evidence,S265_EVIDENCE_41A6E7A98767C2074260,ev_1b583d9b9dba
relation_evidence,S265_EVIDENCE_41AFC407137528F442C3,ev_21e5ba6c91e5
relation_evidence,S265_EVIDENCE_41B37626472B980EBF54,ev_aa6420faa55f
relation_evidence,S265_EVIDENCE_41BE4B9F48D82CBB67FE,ev_404d2f4ccb6b
relation_evidence,S265_EVIDENCE_41CCDFBBC9978243A299,ev_928ffc1cc671
relation_evidence,S265_EVIDENCE_41D2CDB9D0630D4D36C0,ev_51f5b4ddc32a
relation_evidence,S265_EVIDENCE_41D5E7F6494A3FBFBDE7,ev_5fadb28103d6
relation_evidence,S265_EVIDENCE_41EE957CE9BD3284CEBA,ev_c1fa5e01a017
relation_evidence,S265_EVIDENCE_41F1A9D196C558C43C72,ev_ea76917e6cb8
relation_evidence,S265_EVIDENCE_41FCC811BA871D033415,ev_e1d76e0d395a
relation_evidence,S265_EVIDENCE_42087BAAE57E3A3ADC9F,ev_ac7cf195f104
relation_evidence,S265_EVIDENCE_42092B0A45EF42AD0E08,ev_a8fd57b56c9d
relation_evidence,S265_EVIDENCE_4214B329B65C129C3A21,ev_490e52370acd
relation_evidence,S265_EVIDENCE_422BDDC5B33DCC5CD7A0,ev_b786d0c270c1
relation_evidence,S265_EVIDENCE_424943A7808CAEDB32E6,ev_910374a5684d
relation_evidence,S265_EVIDENCE_427E942CA774E1BC630B,ev_0162291bf692
relation_evidence,S265_EVIDENCE_4282643269EBE507C81D,ev_d54d0c369433
relation_evidence,S265_EVIDENCE_4284AE663A147B440847,ev_5a6aba05a692
relation_evidence,S265_EVIDENCE_4296AEB9A3EF6A09F556,ev_d93082f7b303
relation_evidence,S265_EVIDENCE_42AA49A54E9987305557,ev_359ad5e3a9e6
relation_evidence,S265_EVIDENCE_42AE8C15823C2E0F330A,ev_0801d7b3ac29
relation_evidence,S265_EVIDENCE_42B17CC5EBA63B460282,ev_03d0e75f69f0
relation_evidence,S265_EVIDENCE_42BCED364FF5D4377E4A,ev_172cad140c49
relation_evidence,S265_EVIDENCE_42D4E741CC6BE214735B,ev_c45782212fca
relation_evidence,S265_EVIDENCE_42DF10F73C891D0F62B2,ev_8fa109be8ead
relation_evidence,S265_EVIDENCE_42E50DC315F8CC0ED2F8,ev_809130f029a2
relation_evidence,S265_EVIDENCE_42F03C580F42E15E976E,ev_32128a5480c3
relation_evidence,S265_EVIDENCE_42F7710AE5F94A064E68,ev_a3a829123274
relation_evidence,S265_EVIDENCE_431682AA0CF7F4D14613,ev_5e7b05547e4d
relation_evidence,S265_EVIDENCE_432E7599A8F22DC1C1FB,ev_4d38b5887144
relation_evidence,S265_EVIDENCE_433143914291514E4502,ev_7ca25d7aec87
relation_evidence,S265_EVIDENCE_433575671FB096E06573,ev_cedc1f90122f
relation_evidence,S265_EVIDENCE_434268E0B2C69B8CC519,ev_fef35fabe25b
relation_evidence,S265_EVIDENCE_4345EAC10D7CF6F5D784,ev_dcc2dd358470
relation_evidence,S265_EVIDENCE_4359817D7F9514455F4D,ev_39a0bbedea09
relation_evidence,S265_EVIDENCE_4394C0D9DCD6DB373D70,ev_4f7a5effd182
relation_evidence,S265_EVIDENCE_439C03185BA5C8CF345A,ev_34b42d6f7f52
relation_evidence,S265_EVIDENCE_43D33BCF6F19CDDC5C47,ev_9ac6c5d44787
relation_evidence,S265_EVIDENCE_43DB3E3A3D17E5FE91E9,ev_9c98733f6dc2
relation_evidence,S265_EVIDENCE_4404ABFB34D326DD09EA,ev_bf67212f416f
relation_evidence,S265_EVIDENCE_44119A049FAA3EC920C6,ev_a9d969f478d0
relation_evidence,S265_EVIDENCE_441E8304CF302D866E3B,ev_908428f9ee91
relation_evidence,S265_EVIDENCE_442A16E3C1669A18DA73,ev_7973363c1370
relation_evidence,S265_EVIDENCE_442A6C2EB603140B239C,ev_e336eda3f0eb
relation_evidence,S265_EVIDENCE_443586AD8309D545606B,ev_1df5368cecf0
relation_evidence,S265_EVIDENCE_4438009E158FB87D0247,ev_09e736d6470d
relation_evidence,S265_EVIDENCE_443ED2356EFB322329A5,ev_942902666f80
relation_evidence,S265_EVIDENCE_444D76ECDE31E6B50A36,ev_fed676ae5bcf
relation_evidence,S265_EVIDENCE_44528FA37898211CA9DB,ev_ac5878478d60
relation_evidence,S265_EVIDENCE_44683D920A123B7ED94F,ev_db321b147a1b
relation_evidence,S265_EVIDENCE_446E2162447DD0EDE20D,ev_6b9e2c7f1e18
relation_evidence,S265_EVIDENCE_448BE687A1EA1E110F4D,ev_24f93208d9c3
relation_evidence,S265_EVIDENCE_449648777515DC7E9743,ev_c71e29c560b1
relation_evidence,S265_EVIDENCE_44A2351C927D8342670A,ev_a2401ba35144
relation_evidence,S265_EVIDENCE_44C387C69C077298ABD9,ev_0cb5f0a3b953
relation_evidence,S265_EVIDENCE_44E581781F6BE94AD6EF,ev_4af00f1bc6de
relation_evidence,S265_EVIDENCE_450A0ECE3DBD303DCBCE,ev_9b52149569f9
relation_evidence,S265_EVIDENCE_4513631A3F4C3D37FC97,ev_076bb3b2ff07
relation_evidence,S265_EVIDENCE_452B1D7861537A78FFEB,ev_f04165bf3240
relation_evidence,S265_EVIDENCE_4541753D91E0E873C9CE,ev_0a399fec7a0b
relation_evidence,S265_EVIDENCE_4556B135D8C726412DC8,ev_3f80fd6bf5ca
relation_evidence,S265_EVIDENCE_456DE2570C7B2916E7B4,ev_04b4d33dca06
relation_evidence,S265_EVIDENCE_456F18768FA2665751EF,ev_3e89ebd3d16b
relation_evidence,S265_EVIDENCE_4578D49DD0B13E1C625D,ev_d252878285a5
relation_evidence,S265_EVIDENCE_4591BCE5384CE2288E9D,ev_b8929f3f6146
relation_evidence,S265_EVIDENCE_459220312AA06CFE4ECC,ev_85d1c2bfc8b5
relation_evidence,S265_EVIDENCE_45AD1C597D60A101740D,ev_499e54567931
relation_evidence,S265_EVIDENCE_45D290DB7398FDA93F59,ev_1ef49497e672
relation_evidence,S265_EVIDENCE_4601929359B7C308F55B,ev_5564cfc5456d
relation_evidence,S265_EVIDENCE_4628A79E9B9270785C97,ev_34f561f330ab
relation_evidence,S265_EVIDENCE_4630B4080A3AD66BB295,ev_e78629769406
relation_evidence,S265_EVIDENCE_463E88687DAA8C9BA564,ev_acadf7c90c5b
relation_evidence,S265_EVIDENCE_466C02E4ED838FD7F98A,ev_82dce5891ef6
relation_evidence,S265_EVIDENCE_467E5DE2C81B632B9DF9,ev_d54b82dfe1e6
relation_evidence,S265_EVIDENCE_468E6EB4FEA3F8F2A0FE,ev_eccc983f5ea0
relation_evidence,S265_EVIDENCE_46A437464D2EB4AABA0D,ev_331252af9242
relation_evidence,S265_EVIDENCE_46A79719CBC01172F170,ev_5555217a34a2
relation_evidence,S265_EVIDENCE_46BBA1C81B1DCB69B8DB,ev_825a35886cbd
relation_evidence,S265_EVIDENCE_46D1BDF38F37DA125DF1,ev_19c76f07b24b
relation_evidence,S265_EVIDENCE_46DB495B4E71B8EF1033,ev_07082d75f599
relation_evidence,S265_EVIDENCE_46EC54C25EF101CB4BCC,ev_535622c7a2ed
relation_evidence,S265_EVIDENCE_4718E673F9F6190DAB53,ev_628cba9cb404
relation_evidence,S265_EVIDENCE_472B1A44CF90A4AA20CD,ev_88c0dc728754
relation_evidence,S265_EVIDENCE_474C67C18E58A2C41CA5,ev_41394f54f855
relation_evidence,S265_EVIDENCE_47610120AFA9895DC7A0,ev_bf3826702af5
relation_evidence,S265_EVIDENCE_476759E2F598EB0C0F3A,ev_7fd002e72724
relation_evidence,S265_EVIDENCE_476A2BFCBFF7862EC1CB,ev_0187606b581a
relation_evidence,S265_EVIDENCE_476EAFB5DE3F8FE631BB,ev_8c0716d7d9d1
relation_evidence,S265_EVIDENCE_47704CCF7B6DB164640C,ev_6994faee267c
relation_evidence,S265_EVIDENCE_47A91CDB0772BFE2FAC0,ev_66afeccbe1f5
relation_evidence,S265_EVIDENCE_47BA660BAABBE62577A2,ev_c612171180d6
relation_evidence,S265_EVIDENCE_47D1B91384E8CEC8F37F,ev_26a5775ce8c6
relation_evidence,S265_EVIDENCE_47FE54AEDD937473105C,ev_c7fbbd46b8ee
relation_evidence,S265_EVIDENCE_480082FD8836D2190922,ev_6cc3b385af4d
relation_evidence,S265_EVIDENCE_4813950A2865E475CCD6,ev_e5eb9806a1d3
relation_evidence,S265_EVIDENCE_481563877AFE3B707761,ev_42d19f96e21c
relation_evidence,S265_EVIDENCE_483974DEF74F7CCBBE64,ev_9b58eb7fad6f
relation_evidence,S265_EVIDENCE_483D249DC35A60FDF97D,ev_6ffd76480ca0
relation_evidence,S265_EVIDENCE_483E29148FF6C327164D,ev_37646aba34ea
relation_evidence,S265_EVIDENCE_483EE50EDAFACF30822A,ev_01f658884a56
relation_evidence,S265_EVIDENCE_4849FD9A054E5A2D240A,ev_863ac864aaf6
relation_evidence,S265_EVIDENCE_484ED3FEFD209D50A2DE,ev_786cdda3de7f
relation_evidence,S265_EVIDENCE_487F752A173E94E32F25,ev_216331197888
relation_evidence,S265_EVIDENCE_4887CBD81937848C6F8E,ev_6f858cdac1cf
relation_evidence,S265_EVIDENCE_489348904BF49DCA8E53,ev_e5e87f9496c6
relation_evidence,S265_EVIDENCE_489F20DDD1A859A8E726,ev_e0e392bb4e57
relation_evidence,S265_EVIDENCE_48C588ABD727EA067B66,ev_4787dea6337c
relation_evidence,S265_EVIDENCE_48CBB50CE38FE6B07597,ev_64accaf7e15e
relation_evidence,S265_EVIDENCE_48D1CEFBC6AC08C03EC6,ev_fa7fd0227a78
relation_evidence,S265_EVIDENCE_4929F6A09DBAE5E18F60,ev_bbba47e2918b
relation_evidence,S265_EVIDENCE_49325BD90CCEC5EA939B,ev_636865ec706a
relation_evidence,S265_EVIDENCE_4943AFB57047C2652DC4,ev_5d29a647b269
relation_evidence,S265_EVIDENCE_494EE95066584EC22797,ev_101e3f4533db
relation_evidence,S265_EVIDENCE_49628C7B12DFF77BA60D,ev_5fa6a660817e
relation_evidence,S265_EVIDENCE_49672E9F5A41158ACC98,ev_73f0b6b42e37
relation_evidence,S265_EVIDENCE_496FE44024E0765829C6,ev_e95bbd9f4c76
relation_evidence,S265_EVIDENCE_49734BE2363CB277D831,ev_75382abb8d7a
relation_evidence,S265_EVIDENCE_498CCA2702EFF93F3E75,ev_84515a00bbd1
relation_evidence,S265_EVIDENCE_499672B8EB7B4F08F667,ev_500f02b36425
relation_evidence,S265_EVIDENCE_49AEBA72D52305A98BC2,ev_947f8de96af2
relation_evidence,S265_EVIDENCE_49C0C84D9484CAD9A677,ev_214771a8adbf
relation_evidence,S265_EVIDENCE_49C4C72F5F3E9A49BB70,ev_e2bcfc8cf30b
relation_evidence,S265_EVIDENCE_49C4DD7710C9C3CBE436,ev_48f0ac2a3c27
relation_evidence,S265_EVIDENCE_49E9EB26D814A5280E72,ev_7cdabdc03d43
relation_evidence,S265_EVIDENCE_4A089A9FEC6CA445F14A,ev_422d8dd551a3
relation_evidence,S265_EVIDENCE_4A0A8B0860E513D55213,ev_40b67fbb66f9
relation_evidence,S265_EVIDENCE_4A1125BCB20E1F50F5E1,ev_24c073d68de6
relation_evidence,S265_EVIDENCE_4A27FE67A4269A475F8F,ev_f054f7c94590
relation_evidence,S265_EVIDENCE_4A40063DB457EAD57A45,ev_8a6ce1d0117a
relation_evidence,S265_EVIDENCE_4A475279F262CAA93E8A,ev_584e09e6bd9e
relation_evidence,S265_EVIDENCE_4A543CC034620C687B89,ev_cf3017eeeccf
relation_evidence,S265_EVIDENCE_4A60A623484D848D063D,ev_c0c6fc2ceb47
relation_evidence,S265_EVIDENCE_4A691D261351135FF3C8,ev_61e6d25070e2
relation_evidence,S265_EVIDENCE_4A785096A80C2BD1CDD9,ev_a648d4cb7d61
relation_evidence,S265_EVIDENCE_4AB25857DB696F08370C,ev_5a2fe688dbfe
relation_evidence,S265_EVIDENCE_4AB766F87C3495E67ECF,ev_0316db5d8121
relation_evidence,S265_EVIDENCE_4AE4677B7D5B0E9263CA,ev_c48569679761
relation_evidence,S265_EVIDENCE_4AE90C7AF66142367D4A,ev_026d4c6511f2
relation_evidence,S265_EVIDENCE_4B0C38D67D5995C85DB2,ev_4c300cb4e9a6
relation_evidence,S265_EVIDENCE_4B5AAAAAC5C071648504,ev_329350203384
relation_evidence,S265_EVIDENCE_4B5AB2971AD527965F1B,ev_29ca86c7649a
relation_evidence,S265_EVIDENCE_4B69AB46DD4CF975C086,ev_72aa375d1f93
relation_evidence,S265_EVIDENCE_4B8EA190BB541594E6A3,ev_7f9a0cfdb12d
relation_evidence,S265_EVIDENCE_4BAC5A66D847A7C2C12A,ev_47ad08075ecd
relation_evidence,S265_EVIDENCE_4BB422DF0DCD9BD6B668,ev_ffc49e9fc871
relation_evidence,S265_EVIDENCE_4BC94B07BB75D49C74D8,ev_31998456a46b
relation_evidence,S265_EVIDENCE_4BE4588AF407ADF319B4,ev_f29105bd4732
relation_evidence,S265_EVIDENCE_4BE7E465FC5E04ED635F,ev_4b02e454b98c
relation_evidence,S265_EVIDENCE_4BF0F32F90D12DCD68F9,ev_1e2e5afa9bb2
relation_evidence,S265_EVIDENCE_4BFEC4907E012A7DB560,ev_61eafd53f293
relation_evidence,S265_EVIDENCE_4C0F50AB8EDB6300D57E,ev_72f6da3ee5ea
relation_evidence,S265_EVIDENCE_4C21CA0067185A223844,ev_68520fbabd59
relation_evidence,S265_EVIDENCE_4C570E0AB10E4011F27B,ev_f759523d4866
relation_evidence,S265_EVIDENCE_4C66D29CDDCCBEAE55D1,ev_09886c14a662
relation_evidence,S265_EVIDENCE_4C86AF4665E32F1B89E9,ev_4201652b06d5
relation_evidence,S265_EVIDENCE_4C8D7DB1985573563116,ev_c882a2860494
relation_evidence,S265_EVIDENCE_4C8DC0D0064291105DE9,ev_ee59e7b433fb
relation_evidence,S265_EVIDENCE_4C8FCF51BBFED58137A8,ev_0a7edc20ccd1
relation_evidence,S265_EVIDENCE_4C9886732F609B9FB0DA,ev_6af41dae98eb
relation_evidence,S265_EVIDENCE_4CB9B35D4FBCD4F83E46,ev_1f473d9bd5b6
relation_evidence,S265_EVIDENCE_4CDD7D4D9F1B4A03B3DB,ev_6aa7e1013ce7
relation_evidence,S265_EVIDENCE_4CEE375C32FBF8AAF66F,ev_96eb117c65d1
relation_evidence,S265_EVIDENCE_4CFFF3789D0AA2C54BE7,ev_ac76e1dabe84
relation_evidence,S265_EVIDENCE_4D0154473CC254C67890,ev_a8cf89e2bbc4
relation_evidence,S265_EVIDENCE_4D13661D3D8D5C38A6D1,ev_e581493cfaf5
relation_evidence,S265_EVIDENCE_4D1EE08693CF44CE389D,ev_05d5319975fe
relation_evidence,S265_EVIDENCE_4D4B4525B217284FBD95,ev_96cc98d1c07f
relation_evidence,S265_EVIDENCE_4D513689456B8AB69A35,ev_65fcf59fe014
relation_evidence,S265_EVIDENCE_4D521816FA1B40CCBFAF,ev_4edcc8b9bc3c
relation_evidence,S265_EVIDENCE_4D570EFB03A6099CF07B,ev_e54f5a85fa34
relation_evidence,S265_EVIDENCE_4D7754E1FDB0F34132DA,ev_18c26ae744c2
relation_evidence,S265_EVIDENCE_4D85E6754F6CA481EB3D,ev_21634d39cbcc
relation_evidence,S265_EVIDENCE_4D8BE178F3771176488A,ev_e98afbc05a7d
relation_evidence,S265_EVIDENCE_4D8D10B6DB3CED4B6535,ev_0e65ea79c24b
relation_evidence,S265_EVIDENCE_4D8E0339FC957B2A3792,ev_689691d3e64a
relation_evidence,S265_EVIDENCE_4D94E38D5E2005195E92,ev_694ab68cf9ea
relation_evidence,S265_EVIDENCE_4D9F2AF2B20D7367E011,ev_3b581657e6b6
relation_evidence,S265_EVIDENCE_4DD428202B07BA076DA8,ev_67a2ae5e241d
relation_evidence,S265_EVIDENCE_4DDF1A5322047BEE68DF,ev_7015d6f06266
relation_evidence,S265_EVIDENCE_4DE97CBB6E3BBBDB8EDC,ev_bbf9bff0b9e8
relation_evidence,S265_EVIDENCE_4DEFABED466F2A05F035,ev_cf85bb4e1867
relation_evidence,S265_EVIDENCE_4E030B5B1049331B1028,ev_28b958d9230f
relation_evidence,S265_EVIDENCE_4E0A514103294404D649,ev_d30ddde263ea
relation_evidence,S265_EVIDENCE_4E3C1ED98D04CEB16E38,ev_d8b3aeca8f15
relation_evidence,S265_EVIDENCE_4E584914D300CFA459BF,ev_77295e901626
relation_evidence,S265_EVIDENCE_4E5D25A669269DB9C161,ev_cc75e18e6e4f
relation_evidence,S265_EVIDENCE_4E5F3D5531E7502FEA7A,ev_5cfc72eebaa0
relation_evidence,S265_EVIDENCE_4E6CA0DD32CE4F3276AF,ev_4dad29df0bf8
relation_evidence,S265_EVIDENCE_4E9BF4CB8BA1F6D62F80,ev_b584abb4e889
relation_evidence,S265_EVIDENCE_4EA266FBC834148CBB9C,ev_77faa37ff31c
relation_evidence,S265_EVIDENCE_4EB26E727E17AF8CD818,ev_742bac3ce632
relation_evidence,S265_EVIDENCE_4EC508313B88E1C6DC14,ev_02cf9877096c
relation_evidence,S265_EVIDENCE_4ECB9E81697B7198EAA7,ev_fa4c7b844c37
relation_evidence,S265_EVIDENCE_4ECBB4EEE0481979B9A6,ev_86e76d539d62
relation_evidence,S265_EVIDENCE_4EE04E152F9FE28BA9F2,ev_cd1b366b88ce
relation_evidence,S265_EVIDENCE_4EF7D2EFEEE502E24995,ev_f7a580252538
relation_evidence,S265_EVIDENCE_4F17C26043AB8B7ECA66,ev_72d1b7deeb8c
relation_evidence,S265_EVIDENCE_4F2AB38A6609733B05D9,ev_c90b518f61d6
relation_evidence,S265_EVIDENCE_4F37FA9EF0E8407954A5,ev_37577fa1798d
relation_evidence,S265_EVIDENCE_4F3B02F36FF4288BFE98,ev_09191c4cb275
relation_evidence,S265_EVIDENCE_4F68DCA87DBE5B9CDE50,ev_6693d755e84a
relation_evidence,S265_EVIDENCE_4F745914750BDE250F5E,ev_fe9499f48f53
relation_evidence,S265_EVIDENCE_4F8E0C5E9DFB21B71A78,ev_b6b315653be7
relation_evidence,S265_EVIDENCE_4F93BE8F0A3225EF379A,ev_06752e364a9d
relation_evidence,S265_EVIDENCE_4FA2324A9772CD8D578F,ev_52486e8a31eb
relation_evidence,S265_EVIDENCE_4FB9FC2EDDFF22BC354B,ev_7ccad024bc24
relation_evidence,S265_EVIDENCE_4FC712C3A8ED8C3AF6F1,ev_e745957afa35
relation_evidence,S265_EVIDENCE_4FCA8C1A07158FBDAE84,ev_7e7a8648e6d9
relation_evidence,S265_EVIDENCE_4FEE380B178DBEBA2D6A,ev_b7475b8666d4
relation_evidence,S265_EVIDENCE_4FF5169163181B67326D,ev_c42a48fdd794
relation_evidence,S265_EVIDENCE_500A49B6F0D84A1A164A,ev_578d9772082e
relation_evidence,S265_EVIDENCE_500ECC9B23D08D179D97,ev_afe7168ac5c6
relation_evidence,S265_EVIDENCE_50397C25813BB4459C42,ev_74f2a1f0ed45
relation_evidence,S265_EVIDENCE_503D458BFF5A791666A8,ev_96d644a969ee
relation_evidence,S265_EVIDENCE_50734B6DE490D9C3BA8E,ev_5a9b84d4cffb
relation_evidence,S265_EVIDENCE_50779C4DE94681A47AC3,ev_6ab859f7f295
relation_evidence,S265_EVIDENCE_507D25984F27924672E7,ev_287f91588b23
relation_evidence,S265_EVIDENCE_507FF2EAD6600EE6F6A6,ev_12d120794bae
relation_evidence,S265_EVIDENCE_5088B1CE016B1968DEDE,ev_d39f31210ef7
relation_evidence,S265_EVIDENCE_509A2BFAC8D6D4DD02D8,ev_42f9ac1114f7
relation_evidence,S265_EVIDENCE_50A23D14E2DDB42CD1BC,ev_08ae96e72c76
relation_evidence,S265_EVIDENCE_50A84A59616771CC9775,ev_fb2e59acc943
relation_evidence,S265_EVIDENCE_50AC609F3F25361E3D98,ev_4e6cdb16bc5b
relation_evidence,S265_EVIDENCE_50D13315B56DB5C22703,ev_2ab7afe5eaf2
relation_evidence,S265_EVIDENCE_50DBCB60581F93EB704D,ev_670b6d692c2c
relation_evidence,S265_EVIDENCE_50E407571C2711C20F06,ev_ad57014edb2b
relation_evidence,S265_EVIDENCE_510C33031756B7F1B764,ev_f30a729e989f
relation_evidence,S265_EVIDENCE_5111F70886AA3233D4DB,ev_7530deec887d
relation_evidence,S265_EVIDENCE_511AC1FB7DC68D779CCD,ev_d97daaae7709
relation_evidence,S265_EVIDENCE_5130FD5F687ECB04DDC5,ev_f493c313ecb2
relation_evidence,S265_EVIDENCE_51467667F40CA8376808,ev_5f61d6ad3d0d
relation_evidence,S265_EVIDENCE_5146F7632A0B9C357702,ev_13e04c063bdb
relation_evidence,S265_EVIDENCE_51531071E51347CEA482,ev_8b4316247ec5
relation_evidence,S265_EVIDENCE_5177472EB206502402DB,ev_9f3405059fc0
relation_evidence,S265_EVIDENCE_518E32D1CBBFE47BFA3A,ev_170f5d29b964
relation_evidence,S265_EVIDENCE_51ACBE68B422CC53658A,ev_1131deb958c4
relation_evidence,S265_EVIDENCE_51B3ED6B7C82D855450D,ev_b7f0b7112e3c
relation_evidence,S265_EVIDENCE_51C58294E75005FA2C67,ev_daec30012c7c
relation_evidence,S265_EVIDENCE_51D78A06FABB147CD922,ev_9916f157fb53
relation_evidence,S265_EVIDENCE_51F75A0EA413CD046884,ev_6127b81b5ab8
relation_evidence,S265_EVIDENCE_52068C4000790CE4C0B3,ev_7d424714acd0
relation_evidence,S265_EVIDENCE_520DEEF90F6F32683D83,ev_84ff68322bdf
relation_evidence,S265_EVIDENCE_5210435807406BD501F5,ev_a0560d12179d
relation_evidence,S265_EVIDENCE_52113EE73A8ED73AF7EB,ev_d6b779585d98
relation_evidence,S265_EVIDENCE_5217F89CE5DBEA95AF14,ev_956b4c1c82f6
relation_evidence,S265_EVIDENCE_521E2F7BF71428E0E77C,ev_cd956e0a4533
relation_evidence,S265_EVIDENCE_521E73180EE0B8047540,ev_33aaf06bd567
relation_evidence,S265_EVIDENCE_5221D8668D3F20FECA3D,ev_c3a0b8a6aa86
relation_evidence,S265_EVIDENCE_52821E722C4A2228B495,ev_c22174ce54d1
relation_evidence,S265_EVIDENCE_52AAE50E49DBCF6BE046,ev_90aad9744184
relation_evidence,S265_EVIDENCE_52AE36932215262F85BF,ev_d615df01ec52
relation_evidence,S265_EVIDENCE_52EF3E34B950FD7B713E,ev_954754e36a23
relation_evidence,S265_EVIDENCE_531632150C261507A813,ev_9275c62d2c56
relation_evidence,S265_EVIDENCE_531E8E11EF43A786A5BF,ev_0695230e34fc
relation_evidence,S265_EVIDENCE_532CF9303C7929026741,ev_16e62a482a53
relation_evidence,S265_EVIDENCE_5336C2F1E716DF9D199E,ev_f133955644d4
relation_evidence,S265_EVIDENCE_53372630BBE5E31DF91F,ev_2515d0395ae7
relation_evidence,S265_EVIDENCE_533A73175EE07B07330F,ev_67edb9c86495
relation_evidence,S265_EVIDENCE_5343689120F1029E8EBE,ev_38aea03f7331
relation_evidence,S265_EVIDENCE_534E8C5F80EEF42DB833,ev_d8252d047f47
relation_evidence,S265_EVIDENCE_53779F28BBC2324E150E,ev_735a26c553b0
relation_evidence,S265_EVIDENCE_537F07FAA612F1FA2E48,ev_b19697f36335
relation_evidence,S265_EVIDENCE_538C0001F1386C50638F,ev_2114e06d254e
relation_evidence,S265_EVIDENCE_538EAB288EA551111E6A,ev_0510e74f985e
relation_evidence,S265_EVIDENCE_5396E701984C2535F11D,ev_53247a61a429
relation_evidence,S265_EVIDENCE_53992BD3B5B3F7882045,ev_11fef81499fe
relation_evidence,S265_EVIDENCE_53BFEE2B6471F5E32AA3,ev_853a642617eb
relation_evidence,S265_EVIDENCE_53CC395BDE7D09E6EDE4,ev_ea038ce05930
relation_evidence,S265_EVIDENCE_53E4DAB43AEB46B7BB1D,ev_ee890e83cda3
relation_evidence,S265_EVIDENCE_53FF5252C22F8BF8D033,ev_3d45cdb81c0a
relation_evidence,S265_EVIDENCE_54160C68650021364D6B,ev_98ad58e0e6f5
relation_evidence,S265_EVIDENCE_54369D524BE26677DA96,ev_2f79fbdddab2
relation_evidence,S265_EVIDENCE_544BE68814C73A4D3E31,ev_8d98c1a6d337
relation_evidence,S265_EVIDENCE_544DCF8831730B7E206D,ev_72b33fcc8309
relation_evidence,S265_EVIDENCE_54605214505CA3335553,ev_0d6261addf50
relation_evidence,S265_EVIDENCE_547F40B268F2F9CF53E1,ev_c457abad5ef1
relation_evidence,S265_EVIDENCE_548DC589B75BA95D5F49,ev_c7dc7e8de6a8
relation_evidence,S265_EVIDENCE_549087A93BA91252065E,ev_6c2d946e9de3
relation_evidence,S265_EVIDENCE_549AB8CE8D28F31D3FDC,ev_851a86238257
relation_evidence,S265_EVIDENCE_54A57E4709A377B1D102,ev_7a6a4e3394bf
relation_evidence,S265_EVIDENCE_54B687CC311C416F17B1,ev_0a4ce9ffd48e
relation_evidence,S265_EVIDENCE_54B92A4EBF6BB93016E4,ev_63344b5765e0
relation_evidence,S265_EVIDENCE_54F459EFE6C9D1D65683,ev_7fba2bc6b452
relation_evidence,S265_EVIDENCE_54F696162C11876231D2,ev_36a957163623
relation_evidence,S265_EVIDENCE_54FED5EB448C6405D010,ev_c264a70f4a9e
relation_evidence,S265_EVIDENCE_55018B1EF780690061FA,ev_45c8d6a6d3fd
relation_evidence,S265_EVIDENCE_550B0CB95B517A8829E9,ev_6d5019ed6071
relation_evidence,S265_EVIDENCE_55189354CEA9CECE422D,ev_29797f652901
relation_evidence,S265_EVIDENCE_5529330F8BD8893726D6,ev_f6bfce20b9bf
relation_evidence,S265_EVIDENCE_553B11705CB028A3B5FB,ev_7dc60f2d1c63
relation_evidence,S265_EVIDENCE_554B0BFB4E07F73341FB,ev_dc27135ecee1
relation_evidence,S265_EVIDENCE_55814A3B1C8485777830,ev_8ae46805fb65
relation_evidence,S265_EVIDENCE_55935DD6C40364E19909,ev_9f734dc30ea0
relation_evidence,S265_EVIDENCE_5596405BD3BB0BDF0847,ev_d09699cff72f
relation_evidence,S265_EVIDENCE_55A2172277EB1E9AA3C0,ev_5dd01223e429
relation_evidence,S265_EVIDENCE_55A8718F89FA15B9F826,ev_527d72031f38
relation_evidence,S265_EVIDENCE_55BE5EA9F40170CA43FD,ev_5effcce114e0
relation_evidence,S265_EVIDENCE_55C0F228C9DF12583790,ev_8ecf791e598a
relation_evidence,S265_EVIDENCE_55C8B4C1E40E2AB4E65D,ev_9230313c8753
relation_evidence,S265_EVIDENCE_55EFF575C95331B66FDC,ev_94474df65a81
relation_evidence,S265_EVIDENCE_55F7214C8C587F132C20,ev_64edf3526e25
relation_evidence,S265_EVIDENCE_560685067195473EACC0,ev_dadf665f6c05
relation_evidence,S265_EVIDENCE_560AF63FCE8C6196D65A,ev_60a7c03b4cb4
relation_evidence,S265_EVIDENCE_5618AF47757A86B4D214,ev_f592a443a1ba
relation_evidence,S265_EVIDENCE_5645FEBB593D51CB4E5E,ev_3a07474b08cc
relation_evidence,S265_EVIDENCE_5657D316F660448F6534,ev_73e87d84852c
relation_evidence,S265_EVIDENCE_56777C99B6B286822148,ev_f77390e421b3
relation_evidence,S265_EVIDENCE_5686AE4471D4D6B80454,ev_f5d9001f96d3
relation_evidence,S265_EVIDENCE_568BB0B81F36D533D7E6,ev_8361170c0818
relation_evidence,S265_EVIDENCE_569270F89174EB720FDA,ev_129c2306b378
relation_evidence,S265_EVIDENCE_56B0E68FF4FB2553521D,ev_86b5b55c0f2f
relation_evidence,S265_EVIDENCE_56C6D41E91D86904824C,ev_5d16a810fb0b
relation_evidence,S265_EVIDENCE_56CDC8708380878A1F38,ev_48bff4c7bd0c
relation_evidence,S265_EVIDENCE_56D53C670562AD040BF8,ev_ca0ecb175631
relation_evidence,S265_EVIDENCE_56E892EA89672ACFBC8A,ev_cea98dcbd0e8
relation_evidence,S265_EVIDENCE_570976470E0103C4240E,ev_81b6c8c07b0f
relation_evidence,S265_EVIDENCE_571DB5087FEE0876830E,ev_29e6d4543100
relation_evidence,S265_EVIDENCE_5787EFD2374F6C0EE161,ev_76b63f7ec6d6
relation_evidence,S265_EVIDENCE_57939D0D9D3B00E0BB75,ev_f466bc513cba
relation_evidence,S265_EVIDENCE_57947D428E4658A58E01,ev_3102299271f4
relation_evidence,S265_EVIDENCE_57A4BA1D05B5A3F5929B,ev_b738f6a369ff
relation_evidence,S265_EVIDENCE_57A938D0EFECDB38E826,ev_98f6400883c2
relation_evidence,S265_EVIDENCE_57A9F951EE072D8E32AD,ev_75856c91175a
relation_evidence,S265_EVIDENCE_57B90F028B7729F7C3E1,ev_f1d5f2676631
relation_evidence,S265_EVIDENCE_57DDE51B422C0FE461C9,ev_d9b747522ea6
relation_evidence,S265_EVIDENCE_57E432519463B54B94FA,ev_fa55118f6b5b
relation_evidence,S265_EVIDENCE_58023564D10B3D6BF33A,ev_065c73aa801e
relation_evidence,S265_EVIDENCE_58166468BCAFF3DB58CE,ev_ba54b1f9f416
relation_evidence,S265_EVIDENCE_582BD0E963EFCF398918,ev_696871aca88f
relation_evidence,S265_EVIDENCE_583CDCB66AEC0DB8C3FD,ev_ae304a9c55dd
relation_evidence,S265_EVIDENCE_584189B0833BD40CBCAB,ev_c678f141f950
relation_evidence,S265_EVIDENCE_584AA3900B52BA3A85D7,ev_7f180ed8c528
relation_evidence,S265_EVIDENCE_585E23FFDF6A37D1D5B6,ev_4b41d686a415
relation_evidence,S265_EVIDENCE_5888F213A43AE7846398,ev_df7f5894822f
relation_evidence,S265_EVIDENCE_589D4DBE731C93FD77F0,ev_ef4aaa351122
relation_evidence,S265_EVIDENCE_58AA23B539D41572E327,ev_35fcc07b1475
relation_evidence,S265_EVIDENCE_58AC79F999C9655AC575,ev_d420df690bf4
relation_evidence,S265_EVIDENCE_58D64F24716EA3BD3D34,ev_f27bfd67f5ea
relation_evidence,S265_EVIDENCE_58DDFB465F602CFCB569,ev_313f4d3ec362
relation_evidence,S265_EVIDENCE_58DEB884BD0AF6760CF8,ev_cb65c6693178
relation_evidence,S265_EVIDENCE_58E8D5E79AD2D0155BC6,ev_6c016b685b6d
relation_evidence,S265_EVIDENCE_590EAA7AE50E3FC13D63,ev_d0321ad82e87
relation_evidence,S265_EVIDENCE_590F3C38999BD12BE9D4,ev_071736042c27
relation_evidence,S265_EVIDENCE_591474BAC4E8A6EA0A25,ev_516f31aa331d
relation_evidence,S265_EVIDENCE_591BA46802513CC5E43F,ev_985de9367352
relation_evidence,S265_EVIDENCE_5935585924F716713FDB,ev_afa1a3b39f12
relation_evidence,S265_EVIDENCE_596492A6AE808D3727A1,ev_4c8d41e6f6e1
relation_evidence,S265_EVIDENCE_596EA3F59729B2DF4081,ev_cc94a6668408
relation_evidence,S265_EVIDENCE_597D8A96D3C315B03DF5,ev_3533e98f7e94
relation_evidence,S265_EVIDENCE_59831C59F05C9C1E7923,ev_62bd1ec10ac7
relation_evidence,S265_EVIDENCE_599739F9627C5B8D3FD0,ev_361a3d538e57
relation_evidence,S265_EVIDENCE_599BFE2A16C142D84BDC,ev_d86bfd3bc4db
relation_evidence,S265_EVIDENCE_59A932BAE03DD657A05D,ev_dc9b91618848
relation_evidence,S265_EVIDENCE_59D27ED947285D2192CB,ev_0424962ea31b
relation_evidence,S265_EVIDENCE_59EE3939FF73BA449378,ev_36d2055c5ff5
relation_evidence,S265_EVIDENCE_59F3509864C5396549BF,ev_886fffd8633f
relation_evidence,S265_EVIDENCE_5A0EC7F4050D56BB808C,ev_427156614178
relation_evidence,S265_EVIDENCE_5A116A98EAA9946C2AB8,ev_c1ebce8279f8
relation_evidence,S265_EVIDENCE_5A1AAE1FFBE5D88B21FD,ev_c6021b3259e2
relation_evidence,S265_EVIDENCE_5A304F54058F74E337CD,ev_330854728cb2
relation_evidence,S265_EVIDENCE_5A33A4942DF1FAB28B43,ev_67b648453d87
relation_evidence,S265_EVIDENCE_5A34048AB10F8D84633B,ev_13efb14aaa79
relation_evidence,S265_EVIDENCE_5A416A727712FBCB1AB2,ev_ee90c0559bdb
relation_evidence,S265_EVIDENCE_5A46B5F10240AEDE3023,ev_153d4936db07
relation_evidence,S265_EVIDENCE_5A519AE341712CB3C7BF,ev_a7f1e82e431b
relation_evidence,S265_EVIDENCE_5A6C701527AC45844274,ev_a2bce2e913fa
relation_evidence,S265_EVIDENCE_5A82F9F31E71F1650595,ev_20624525041d
relation_evidence,S265_EVIDENCE_5A8980186A9241F973BE,ev_cbd2f2f666e7
relation_evidence,S265_EVIDENCE_5A89B5477459ACB43241,ev_e89502270f84
relation_evidence,S265_EVIDENCE_5A917B093E55A405E81E,ev_feccc1d13d5c
relation_evidence,S265_EVIDENCE_5AB30091358FF6AD70E8,ev_dcb1cc59aa32
relation_evidence,S265_EVIDENCE_5AD84FCA7AE57DC6A181,ev_7e1f0d7146d7
relation_evidence,S265_EVIDENCE_5AE279754BBDA759E4A5,ev_a49eaa8a23d9
relation_evidence,S265_EVIDENCE_5B11C137B16B84EF1BEE,ev_c6f4e545ed36
relation_evidence,S265_EVIDENCE_5B15C7FA10C50BBAFA73,ev_a2a42f6aa7e4
relation_evidence,S265_EVIDENCE_5B1A238F0DF814D0E157,ev_99d606aa4b86
relation_evidence,S265_EVIDENCE_5B3883B103B68EE6E0D7,ev_acbd0a7033fe
relation_evidence,S265_EVIDENCE_5B3F57FFDE2063CF3092,ev_9c28021ae402
relation_evidence,S265_EVIDENCE_5B5A009DE149E2692FA0,ev_69db5c785432
relation_evidence,S265_EVIDENCE_5B5CB3CD07F6F6793DC1,ev_7457e0f0f157
relation_evidence,S265_EVIDENCE_5BB6F42AB40C3F829801,ev_d5403a357017
relation_evidence,S265_EVIDENCE_5BBE943240A6A27439C2,ev_5663f99187f7
relation_evidence,S265_EVIDENCE_5BC1606CDAB7F233FCD8,ev_e3a283fb3678
relation_evidence,S265_EVIDENCE_5BC6A84FCDF6F083EE7E,ev_7c03c4743b3f
relation_evidence,S265_EVIDENCE_5BCC4184630846C41BFB,ev_680e2b6d3131
relation_evidence,S265_EVIDENCE_5BCDB66C0E02ACFE8FC1,ev_3dd3e3ecf00c
relation_evidence,S265_EVIDENCE_5BD031C0E91D7746F351,ev_db3037821541
relation_evidence,S265_EVIDENCE_5BD169033CDD9D02DCDA,ev_b10d541d7a2b
relation_evidence,S265_EVIDENCE_5BDB92F8368B62EB16F4,ev_e912b748b31c
relation_evidence,S265_EVIDENCE_5BDD3348FB3639B5BE6F,ev_736a1f8e1fa7
relation_evidence,S265_EVIDENCE_5BFF05049B6F50EE6E2C,ev_a4be5361d887
relation_evidence,S265_EVIDENCE_5C1E9170D3C0EDB7D156,ev_d6270c207a16
relation_evidence,S265_EVIDENCE_5C5C5D7954B3042E6FF8,ev_aa8ac1c16da9
relation_evidence,S265_EVIDENCE_5C79303EEB8DB97EA98E,ev_42814119d9ad
relation_evidence,S265_EVIDENCE_5C7971E1D10353BE1FA3,ev_925b81ebb06a
relation_evidence,S265_EVIDENCE_5C8CA9F1107738B270DF,ev_12e59f8e55e9
relation_evidence,S265_EVIDENCE_5C9C4DC7D995A0FB717F,ev_6bfbb821721f
relation_evidence,S265_EVIDENCE_5CA6907B5D5E8FBE8E85,ev_97b1f7e75161
relation_evidence,S265_EVIDENCE_5CAFBA71955D4E997DD0,ev_6c3992b60b16
relation_evidence,S265_EVIDENCE_5CB0C390E7D5D48114F0,ev_1b86a9a98fc3
relation_evidence,S265_EVIDENCE_5CD12DF7F51A5EE78BE0,ev_c43c779b91fd
relation_evidence,S265_EVIDENCE_5CF584AE5CB67593F390,ev_6bed2d315879
relation_evidence,S265_EVIDENCE_5D541C5CFCBDC0119BDB,ev_d9414818073b
relation_evidence,S265_EVIDENCE_5D6169A0D322061EBA4C,ev_a478efb85bc8
relation_evidence,S265_EVIDENCE_5D6E2C1630C73BC1530A,ev_d71d32d20243
relation_evidence,S265_EVIDENCE_5D7E4D452FD60C889A77,ev_65ad75e80256
relation_evidence,S265_EVIDENCE_5D9E2C4536D9ABFB86B2,ev_70936ad22424
relation_evidence,S265_EVIDENCE_5DA16E6D2359A4B9C67A,ev_834adda83400
relation_evidence,S265_EVIDENCE_5DB80507A3EBCF0212BE,ev_8c7bb79045bf
relation_evidence,S265_EVIDENCE_5DC53B76794E650F7A8E,ev_f55f3d2fea50
relation_evidence,S265_EVIDENCE_5DC7D03F6F0A6AB670B1,ev_cd3521b69ef4
relation_evidence,S265_EVIDENCE_5DD9CF49BFE953EC1835,ev_e6ff59001c0a
relation_evidence,S265_EVIDENCE_5DF377106AC29F165776,ev_e26f0a14d1d9
relation_evidence,S265_EVIDENCE_5E096BDD404F9B394AA1,ev_eb0eccb9e8c9
relation_evidence,S265_EVIDENCE_5E0DD6ADBC4152AA2CFD,ev_54160b7b01c8
relation_evidence,S265_EVIDENCE_5E1A4393BA413424776C,ev_590354c59c3b
relation_evidence,S265_EVIDENCE_5E5D2DC8416FC512B50F,ev_6c89c322b90e
relation_evidence,S265_EVIDENCE_5E6D926F732822FF664C,ev_7554d277ed1e
relation_evidence,S265_EVIDENCE_5E6DD20428EA661D8B6A,ev_e904a5c9d80d
relation_evidence,S265_EVIDENCE_5EB238D9E950309BA7CE,ev_da45e8a4c3af
relation_evidence,S265_EVIDENCE_5ED810B3350920760A40,ev_0f2f8a8a75ed
relation_evidence,S265_EVIDENCE_5EE351C3F015DB654A2F,ev_4e28a9a4b664
relation_evidence,S265_EVIDENCE_5EEC834EB3F6DD43BE42,ev_46b5dab3c3ab
relation_evidence,S265_EVIDENCE_5EFC01E280B64127B312,ev_c81b2a6be19f
relation_evidence,S265_EVIDENCE_5F1F1DC19B49A8C08EEE,ev_a045ce0620f3
relation_evidence,S265_EVIDENCE_5F23DCA5FE278072EC3E,ev_a19408025ee2
relation_evidence,S265_EVIDENCE_5F249E0819DB060B1BAC,ev_c22bedd2d179
relation_evidence,S265_EVIDENCE_5F3B112657F3F1A4EB51,ev_5fd9c699d821
relation_evidence,S265_EVIDENCE_5F488E54A7B08AB07D05,ev_498e4c9693f1
relation_evidence,S265_EVIDENCE_5F5AE586293BD00648C8,ev_76d3d8c2e910
relation_evidence,S265_EVIDENCE_5F5C7F7F7D133E1054D4,ev_45b9296ed4d6
relation_evidence,S265_EVIDENCE_5F765B620D11537C2771,ev_70334a5808f9
relation_evidence,S265_EVIDENCE_5FA2FCBCBD8279178AC3,ev_50f838ceeb8d
relation_evidence,S265_EVIDENCE_5FA8AFE28FFA0606D905,ev_79cc3719e6d9
relation_evidence,S265_EVIDENCE_5FAC60261E31F98C8E33,ev_af7895353dfb
relation_evidence,S265_EVIDENCE_5FC68D5682C7EFC65844,ev_347a358489d1
relation_evidence,S265_EVIDENCE_5FDFCBEAF7F377FD7B27,ev_cdfff6275150
relation_evidence,S265_EVIDENCE_5FE117AFDA062E02E0A4,ev_292807739fe0
relation_evidence,S265_EVIDENCE_5FE2FB3B47957E1ACF5F,ev_6a01cbfb7f28
relation_evidence,S265_EVIDENCE_5FE36A8C2051679DF107,ev_a79f14217cb2
relation_evidence,S265_EVIDENCE_5FEE48C11F4AFAECC6CC,ev_42b4afb5fdfc
relation_evidence,S265_EVIDENCE_5FF972F8A9330A79C95A,ev_e167eb41ebf6
relation_evidence,S265_EVIDENCE_60333D65DF3E687BC442,ev_8679eebd651b
relation_evidence,S265_EVIDENCE_6046FF7B96CBEDF3AB34,ev_9809ecf7fb9b
relation_evidence,S265_EVIDENCE_606C48F7F8844862F0D5,ev_991a6471dd79
relation_evidence,S265_EVIDENCE_6086C7FB24E3E2E13394,ev_8e523b3e1577
relation_evidence,S265_EVIDENCE_608BBA614E15694A0CBE,ev_78a05cf71065
relation_evidence,S265_EVIDENCE_608BE60EAFE91FE3231B,ev_6f2edcccd9d0
relation_evidence,S265_EVIDENCE_60DF5EC3D22E5ED7DF21,ev_57fc61e8c0b2
relation_evidence,S265_EVIDENCE_60E266C05DD4E1D660C5,ev_2a4404b02e03
relation_evidence,S265_EVIDENCE_60EF8668E35C7E9999F8,ev_310e0e9f0a49
relation_evidence,S265_EVIDENCE_60F28E263E346668289C,ev_0ea12283f611
relation_evidence,S265_EVIDENCE_6101C05A39685E12461F,ev_27d0d3244faf
relation_evidence,S265_EVIDENCE_611653F076CC91E6BFAA,ev_dddf3271f458
relation_evidence,S265_EVIDENCE_6119DC3B60961E601DD2,ev_c0ffcc2f6b0f
relation_evidence,S265_EVIDENCE_6127555B41A99BEC31B1,ev_249d8171c04a
relation_evidence,S265_EVIDENCE_6150C1D7E35A6D2D2982,ev_a7000e83c047
relation_evidence,S265_EVIDENCE_61638773C61E5D5CE228,ev_e0a848466465
relation_evidence,S265_EVIDENCE_61774472C321B6B70D6C,ev_b150e02f9138
relation_evidence,S265_EVIDENCE_61831F09575FD612ABE0,ev_5840ca8f4ee1
relation_evidence,S265_EVIDENCE_6188245242D6881D122E,ev_7af898d95d40
relation_evidence,S265_EVIDENCE_61B49E8034E22596D46E,ev_329c40feb6d7
relation_evidence,S265_EVIDENCE_61FD545E4D6801DE2519,ev_0a35bde31098
relation_evidence,S265_EVIDENCE_620181B30BEA96F4CE87,ev_d3f7a4520152
relation_evidence,S265_EVIDENCE_6215B2621AB66B09EAA5,ev_121833ae0535
relation_evidence,S265_EVIDENCE_6237E0E850D4070080F3,ev_1fdbe770e873
relation_evidence,S265_EVIDENCE_623F6D7362F70258622A,ev_13eccbc069ae
relation_evidence,S265_EVIDENCE_62425B0CCDFA952FDED5,ev_534802e49c35
relation_evidence,S265_EVIDENCE_62453148045D5157F706,ev_d1ad941badcd
relation_evidence,S265_EVIDENCE_6261E26C4750989858F3,ev_58a6cd5a4f61
relation_evidence,S265_EVIDENCE_6267BFD4FBC6BDAFD8EC,ev_d08087fe77c2
relation_evidence,S265_EVIDENCE_627C3AF317433690535F,ev_4728a82fd71a
relation_evidence,S265_EVIDENCE_6281C5253FB17E309D39,ev_10bfcd0723c9
relation_evidence,S265_EVIDENCE_6291C6992447C26E3AB6,ev_dbb17466ec71
relation_evidence,S265_EVIDENCE_62A01AE40A31F03A453C,ev_851bb382546d
relation_evidence,S265_EVIDENCE_62AD5C041DC8943D4C69,ev_f95b17d7e424
relation_evidence,S265_EVIDENCE_62C40AE6D0A68EFB138C,ev_b8c457e6f654
relation_evidence,S265_EVIDENCE_62C47333F5C5F54BA1DB,ev_f4480cc8b818
relation_evidence,S265_EVIDENCE_62C79AC535DCC7EB0941,ev_daafa7fc1904
relation_evidence,S265_EVIDENCE_62D118ED199FE3A0C311,ev_dae41240e3cb
relation_evidence,S265_EVIDENCE_62FC2E3E7E0C56A8CD87,ev_c19810ab1b1e
relation_evidence,S265_EVIDENCE_6311167A8378A0BCBD8F,ev_42d426ac5caf
relation_evidence,S265_EVIDENCE_63158AD7AF5CF1EA3FD9,ev_0b41158ccd98
relation_evidence,S265_EVIDENCE_6317840EB59BC6260DEC,ev_12cea7323a56
relation_evidence,S265_EVIDENCE_636C5682FC48A2FA0D83,ev_eec7520201a3
relation_evidence,S265_EVIDENCE_63760EC0484016D814DE,ev_a46f71870e97
relation_evidence,S265_EVIDENCE_638E292003CF3CA94D9F,ev_cb1bf1c15c58
relation_evidence,S265_EVIDENCE_63A9A2D54BD76F7AF349,ev_0d4b69525402
relation_evidence,S265_EVIDENCE_63C45650B263705CCB02,ev_f8ba4198cda1
relation_evidence,S265_EVIDENCE_63CAD42A7FF69B274145,ev_2c286a90df65
relation_evidence,S265_EVIDENCE_63F64156EE91244E8EE1,ev_e0d9266ae950
relation_evidence,S265_EVIDENCE_64050A6301B150D1E74B,ev_3ee5847102b3
relation_evidence,S265_EVIDENCE_6418EF579A58B94C4445,ev_8778e55aa434
relation_evidence,S265_EVIDENCE_64468400B3A68548B785,ev_c912f352e627
relation_evidence,S265_EVIDENCE_645274D440C7ABB88020,ev_e62f0ca70f5a
relation_evidence,S265_EVIDENCE_6453BBAC2B868B705AD9,ev_93b940b9fec5
relation_evidence,S265_EVIDENCE_6456BF3BD2E3E79A7266,ev_5122868e22b4
relation_evidence,S265_EVIDENCE_6465DBF634E61266851B,ev_fc47f6553ae9
relation_evidence,S265_EVIDENCE_6472566CAD42C92A1EBE,ev_5d92e8f2657e
relation_evidence,S265_EVIDENCE_64758224878A414AFCAB,ev_7c9a2fe55a07
relation_evidence,S265_EVIDENCE_648F9945809480023186,ev_e85ff9ed6d5d
relation_evidence,S265_EVIDENCE_649D6CC76C165040AFAF,ev_75fb915f1623
relation_evidence,S265_EVIDENCE_64B7D8A774C595CEAB7D,ev_640acc288b3c
relation_evidence,S265_EVIDENCE_64B9EA845C50EEB04E9E,ev_d56536556ff3
relation_evidence,S265_EVIDENCE_64BD6630CB506931629B,ev_462697bd9e3e
relation_evidence,S265_EVIDENCE_64CFED2208C95C99AB92,ev_36f6479f436a
relation_evidence,S265_EVIDENCE_64D9ED504CEA064F514B,ev_ba08e098ed76
relation_evidence,S265_EVIDENCE_64E387273F5770EB60C7,ev_260490af4e5b
relation_evidence,S265_EVIDENCE_6515C995846CE51EE321,ev_13712d9c8540
relation_evidence,S265_EVIDENCE_6530C2366A93573D2C36,ev_64e18e7b1414
relation_evidence,S265_EVIDENCE_6542EBE01952B1B352C8,ev_f1c848ededf1
relation_evidence,S265_EVIDENCE_658E79F18375F42EB0A3,ev_287e76586053
relation_evidence,S265_EVIDENCE_659572983D244642DF74,ev_fd9d53683653
relation_evidence,S265_EVIDENCE_659E5FDAEFB94B400E76,ev_fdf5c914378a
relation_evidence,S265_EVIDENCE_65A07F9F44AAEE8CFD6F,ev_ba938001d96b
relation_evidence,S265_EVIDENCE_65A8FF71FF36C48E5C25,ev_4bac716c19d4
relation_evidence,S265_EVIDENCE_65B9CBDD85CE44854104,ev_8f8242270770
relation_evidence,S265_EVIDENCE_65E252D8E45976FBB9EB,ev_849756352a9e
relation_evidence,S265_EVIDENCE_6607C21191EAD06D1AEE,ev_99b9ba488b48
relation_evidence,S265_EVIDENCE_6607FB9F6D11483D1549,ev_25d20016c60e
relation_evidence,S265_EVIDENCE_66203DC72528F25787FB,ev_2623c09a10d6
relation_evidence,S265_EVIDENCE_66233012CAE6680DBDAC,ev_8dbcb9232380
relation_evidence,S265_EVIDENCE_662E6EB1A5AAFD16AA0E,ev_fb5c9ed95e98
relation_evidence,S265_EVIDENCE_663E14A07EF21DF19BB6,ev_27ada36ed396
relation_evidence,S265_EVIDENCE_66659937BA282F385E6B,ev_c45601d5176b
relation_evidence,S265_EVIDENCE_66A02B96042769E34CE6,ev_725dc59b2ac2
relation_evidence,S265_EVIDENCE_66CDAC957CF11943CA77,ev_d55798bb78e2
relation_evidence,S265_EVIDENCE_66D7A169CCE2112DCAD0,ev_d05b86a0a4f5
relation_evidence,S265_EVIDENCE_66DF581844DF3ED300C6,ev_0899be5bec85
relation_evidence,S265_EVIDENCE_66EBCC7ED6FDC48CDF49,ev_43bd218c1cf1
relation_evidence,S265_EVIDENCE_66F3ECEB31A575FA16C8,ev_2ab453f97917
relation_evidence,S265_EVIDENCE_6703AB9E34B595537CF6,ev_76575914eb69
relation_evidence,S265_EVIDENCE_670486A135A453FFDCA5,ev_c12b2dfe586e
relation_evidence,S265_EVIDENCE_671F1974BCF6AA7F83E8,ev_a482aeb7f8b4
relation_evidence,S265_EVIDENCE_6744924DDC779E1E8B95,ev_426c4d6d7955
relation_evidence,S265_EVIDENCE_67488D48E8CFB297178B,ev_9080b848fecd
relation_evidence,S265_EVIDENCE_6748C40A141C9CBC2036,ev_8d11eb0db100
relation_evidence,S265_EVIDENCE_67574EFE5174EAB41437,ev_a6faeb4887dd
relation_evidence,S265_EVIDENCE_6764F865DD896D823F3C,ev_cbeff96af7b5
relation_evidence,S265_EVIDENCE_678A8D972597F3F02221,ev_69356f68825e
relation_evidence,S265_EVIDENCE_678D60987BA40CF5D9F0,ev_1d835adcbf88
relation_evidence,S265_EVIDENCE_679E0598F4D92CAF829B,ev_c8bb4a65cd77
relation_evidence,S265_EVIDENCE_67A919AB50266E86417D,ev_297963537426
relation_evidence,S265_EVIDENCE_67C923F290FC57B31AD1,ev_3aacb2453d83
relation_evidence,S265_EVIDENCE_67CE95EDAEE62DCA865C,ev_5b816c62a2f9
relation_evidence,S265_EVIDENCE_67D55ECBD3308DAB1164,ev_ec742ba19577
relation_evidence,S265_EVIDENCE_67DBEFA1057B365943E4,ev_8f7e22685ce2
relation_evidence,S265_EVIDENCE_682390BF97277421CF77,ev_150d789600f3
relation_evidence,S265_EVIDENCE_682B3105265C6E5F2287,ev_2fefc545e173
relation_evidence,S265_EVIDENCE_6831C35A8534E56D2B54,ev_ea0a2681bc11
relation_evidence,S265_EVIDENCE_683656DDBA08BB06DB92,ev_116e434a1a10
relation_evidence,S265_EVIDENCE_683E1DEEC76BFEFF0C25,ev_de3c2f2223b4
relation_evidence,S265_EVIDENCE_685849C3A51BBDBA2F17,ev_2c4fa9a3e39a
relation_evidence,S265_EVIDENCE_68677C5C688853B25FE1,ev_d14e22d22a16
relation_evidence,S265_EVIDENCE_686EFD42A8A7E8A06DE2,ev_9f77bc718954
relation_evidence,S265_EVIDENCE_689864C9B226C177EACE,ev_b805312bbe6e
relation_evidence,S265_EVIDENCE_68C95C75BE32F6619DCC,ev_a22240c6faf4
relation_evidence,S265_EVIDENCE_68CBBC5F5C5D8294B4A2,ev_2289bb96b8d4
relation_evidence,S265_EVIDENCE_68FA666B43F0072B141E,ev_dee6f341ceac
relation_evidence,S265_EVIDENCE_6902316BF42B7C3F5C37,ev_815ecd5959bc
relation_evidence,S265_EVIDENCE_690DB5F37E218F412C96,ev_c9df62d4fb27
relation_evidence,S265_EVIDENCE_692D00DB94F940581659,ev_6a36014768bc
relation_evidence,S265_EVIDENCE_693C3045E1785345025A,ev_ebed9db70ce7
relation_evidence,S265_EVIDENCE_695D417706151580FD87,ev_28cab199e9bb
relation_evidence,S265_EVIDENCE_6988013C30A34A1F7C8D,ev_f5b07307d2a5
relation_evidence,S265_EVIDENCE_69C9C6A750172343895A,ev_682a66e9ffe1
relation_evidence,S265_EVIDENCE_69D7974AE4AE956DDF05,ev_ac44d7577278
relation_evidence,S265_EVIDENCE_69E616FC26E93D939301,ev_ee524ce512ab
relation_evidence,S265_EVIDENCE_69F69F5E9BB2EF934A8F,ev_2de8569727ea
relation_evidence,S265_EVIDENCE_6A242F68BF598E599D34,ev_fec3a41ac6f1
relation_evidence,S265_EVIDENCE_6A2DEA8657E958413400,ev_6f4e5770a315
relation_evidence,S265_EVIDENCE_6A2F7797506D1CD609EC,ev_211b72bdc467
relation_evidence,S265_EVIDENCE_6A41C8ABC26CF844F24D,ev_9d9106b90647
relation_evidence,S265_EVIDENCE_6A46A96D44F63D70A085,ev_02123983a26f
relation_evidence,S265_EVIDENCE_6A4ABC94588BC9783575,ev_2e0887910d0b
relation_evidence,S265_EVIDENCE_6A84C45D756D3969E2FD,ev_02aafa9dacec
relation_evidence,S265_EVIDENCE_6A97AFD057FDF3E6E7F8,ev_68fd7a2d730e
relation_evidence,S265_EVIDENCE_6A9924B516AB66369EE2,ev_823f5c53990a
relation_evidence,S265_EVIDENCE_6AB031D067DC55009D7C,ev_97aa937acdad
relation_evidence,S265_EVIDENCE_6AC59C957746D569F74D,ev_e3157bf9c479
relation_evidence,S265_EVIDENCE_6ACC1ABCCFCC8737A03E,ev_fe54dfd72039
relation_evidence,S265_EVIDENCE_6AE0C7FAE8977495912C,ev_bcbc41a81da1
relation_evidence,S265_EVIDENCE_6AEECEC271289DFA9754,ev_30635190e856
relation_evidence,S265_EVIDENCE_6AF3219917B8CFD967A9,ev_b295a13a12b3
relation_evidence,S265_EVIDENCE_6B37C4851EEB54059D8A,ev_81257122388e
relation_evidence,S265_EVIDENCE_6B44A45ECD30405B1F3D,ev_55f602bcde37
relation_evidence,S265_EVIDENCE_6B4A367DC2D1004F2F2E,ev_a05215b3f424
relation_evidence,S265_EVIDENCE_6B84BF55335574BCEA18,ev_fae4d63cbe60
relation_evidence,S265_EVIDENCE_6BBFFB41DF13238E3793,ev_df40aa8d1cc4
relation_evidence,S265_EVIDENCE_6BC4D87B9D936013F8E4,ev_372114faca24
relation_evidence,S265_EVIDENCE_6BECC1C2FEEB093DF4A9,ev_baf5e205de00
relation_evidence,S265_EVIDENCE_6BF3BECF99E8527E4B9D,ev_3b41bbae408e
relation_evidence,S265_EVIDENCE_6BFFDCF57452661A2F0D,ev_a0770dbe9475
relation_evidence,S265_EVIDENCE_6C1D912A16402E4BF7F4,ev_5fc49c582014
relation_evidence,S265_EVIDENCE_6C292937AB4121F04181,ev_ae82386b3aae
relation_evidence,S265_EVIDENCE_6C2B210557A46363DB26,ev_bb746009c429
relation_evidence,S265_EVIDENCE_6C4D9ED5BAF4C6229A82,ev_222d85f8a3ac
relation_evidence,S265_EVIDENCE_6C5A687DEB27680568D1,ev_8da3edca54bb
relation_evidence,S265_EVIDENCE_6C6223E77C90C11FFD20,ev_2b5b547a35ad
relation_evidence,S265_EVIDENCE_6C673C462C79C52DA6CB,ev_b06e47feebca
relation_evidence,S265_EVIDENCE_6C6A25646B1C2FFB5404,ev_002faf9a3b02
relation_evidence,S265_EVIDENCE_6C6A5955C5C7E535596E,ev_7ed879dae53b
relation_evidence,S265_EVIDENCE_6C7E9FBD4C8124C43A10,ev_a7a37e132199
relation_evidence,S265_EVIDENCE_6C8134EBCFA3963A3EE0,ev_5fc69bd24e1c
relation_evidence,S265_EVIDENCE_6C83E3D37419BE37ACF1,ev_731dfda978d3
relation_evidence,S265_EVIDENCE_6C9505692DC22127D93D,ev_65e4a6ce3f59
relation_evidence,S265_EVIDENCE_6CA1EB00ADEBF5AD6320,ev_149a57641cb9
relation_evidence,S265_EVIDENCE_6CB79AF83CCB7292CADD,ev_a29d0173bf30
relation_evidence,S265_EVIDENCE_6CD10DB8A10F2AEEDE20,ev_10baa3213b51
relation_evidence,S265_EVIDENCE_6CFD310C2F1F797F31B3,ev_9d45dbd25959
relation_evidence,S265_EVIDENCE_6D0661764929DF7C7AC9,ev_e12dcff7ffe1
relation_evidence,S265_EVIDENCE_6D0D8F86B089550684DA,ev_fe7102cba975
relation_evidence,S265_EVIDENCE_6D12F0CB5B7F8703EA88,ev_0ead9ddfeb8d
relation_evidence,S265_EVIDENCE_6D1CB7191408FD1657E3,ev_975bc77f5e64
relation_evidence,S265_EVIDENCE_6D272A825E0E3C4E627C,ev_679ab67c9d88
relation_evidence,S265_EVIDENCE_6D3402095089A415822D,ev_b468f7dd1496
relation_evidence,S265_EVIDENCE_6D59B432DA42C98096EB,ev_8df511237ca6
relation_evidence,S265_EVIDENCE_6D67E18DA723F98EB916,ev_8b8b8cd98a40
relation_evidence,S265_EVIDENCE_6D6AF274E9159E13B3D5,ev_3d3aa96768ef
relation_evidence,S265_EVIDENCE_6D907206E72EB392A204,ev_f7523c4858a9
relation_evidence,S265_EVIDENCE_6DAEBD360815E5859810,ev_b8f68852a8af
relation_evidence,S265_EVIDENCE_6DC5A7E40397B9E9031F,ev_d621af64f7be
relation_evidence,S265_EVIDENCE_6DDDD1B5AC812A68A138,ev_511a10dcb0e8
relation_evidence,S265_EVIDENCE_6E1069F5F64A40A0821A,ev_0a11812eeb9d
relation_evidence,S265_EVIDENCE_6E2602A3624E68C5710D,ev_3cebece779bb
relation_evidence,S265_EVIDENCE_6E377E96473E56938BA0,ev_ff642c7050c4
relation_evidence,S265_EVIDENCE_6E5219101159E7705850,ev_f9e57dbb6223
relation_evidence,S265_EVIDENCE_6E69790DFE330FFF82FA,ev_36941d533252
relation_evidence,S265_EVIDENCE_6E6CCAB703155FD5BBAA,ev_fa85d63950d7
relation_evidence,S265_EVIDENCE_6E8486E46B334C0BA0F0,ev_dd8f502b66d8
relation_evidence,S265_EVIDENCE_6E8815AD32E8A37468FC,ev_dd9ac69aa1e3
relation_evidence,S265_EVIDENCE_6E99FAECC8651CAE9B54,ev_3f2ff8c050ca
relation_evidence,S265_EVIDENCE_6EB6B25DAE8CBE9B9DC7,ev_60eb87214c06
relation_evidence,S265_EVIDENCE_6EC0BA11B0625E1F46BC,ev_51fdacc60d1d
relation_evidence,S265_EVIDENCE_6EC8CE12577D2AC4C253,ev_de4db09a4aa0
relation_evidence,S265_EVIDENCE_6ED1D5FFFDB8DA0243EE,ev_8d8f90e8a4f8
relation_evidence,S265_EVIDENCE_6ED706DD10A7DBB40D82,ev_fce028a190ac
relation_evidence,S265_EVIDENCE_6EDBAAE1924854F2953D,ev_4748366a4be6
relation_evidence,S265_EVIDENCE_6EF58CC69EE8C99DDA4D,ev_12407e4c2d54
relation_evidence,S265_EVIDENCE_6F04A88D257B8B495CC9,ev_1d6471558563
relation_evidence,S265_EVIDENCE_6F3952EDF52E61BAD950,ev_18ab9c3f5028
relation_evidence,S265_EVIDENCE_6F3F390CBEB327D45646,ev_bc62d553bff6
relation_evidence,S265_EVIDENCE_6F44C9DB01D4D3F8530E,ev_164e773fe4e3
relation_evidence,S265_EVIDENCE_6F46C8072FFDB336ABD5,ev_612b06e4c0a9
relation_evidence,S265_EVIDENCE_6F4C8CDE36AE96C70BA3,ev_13cd9d075be5
relation_evidence,S265_EVIDENCE_6FA2BB9C3A75CFE65013,ev_9d0b7732e9b3
relation_evidence,S265_EVIDENCE_6FA468A6157E28AE3E20,ev_bdcb0e32d580
relation_evidence,S265_EVIDENCE_6FA93411A6342ED2FE7D,ev_21f6f238159e
relation_evidence,S265_EVIDENCE_6FB00A9A9846EA311A77,ev_f03fae55e579
relation_evidence,S265_EVIDENCE_6FC72F4C8C3BFFFD62FA,ev_e35be47aa3ca
relation_evidence,S265_EVIDENCE_6FC73186554BB41958CD,ev_e791da79cdb2
relation_evidence,S265_EVIDENCE_6FCECCDDDC0D8CB774C8,ev_5ca6f30e91a4
relation_evidence,S265_EVIDENCE_6FE4FF4245841EA15BF3,ev_218751f8790e
relation_evidence,S265_EVIDENCE_700C7FFCED45F416C4C8,ev_f6c725387383
relation_evidence,S265_EVIDENCE_7010F303AAA57E8CA167,ev_f857afbd9e21
relation_evidence,S265_EVIDENCE_7026280868228947E721,ev_680bb5a24273
relation_evidence,S265_EVIDENCE_70270CDCAFABBC795927,ev_42d5906e27b1
relation_evidence,S265_EVIDENCE_70435575B0C24482A5F5,ev_b4175c2c2564
relation_evidence,S265_EVIDENCE_70574163FBF6EC831CF6,ev_d2e27a4a4ddf
relation_evidence,S265_EVIDENCE_70802BF1A3D2B81C5741,ev_ba2f8042de1e
relation_evidence,S265_EVIDENCE_708807C748A59BA5BAB7,ev_b966fe988de4
relation_evidence,S265_EVIDENCE_708BE413694A582CD1B5,ev_d1cdfb20d34b
relation_evidence,S265_EVIDENCE_70A8E8FB9A0CC64B41D8,ev_1346fc2b3498
relation_evidence,S265_EVIDENCE_70D6109A9527EC389174,ev_696c4592fd48
relation_evidence,S265_EVIDENCE_70F2AB4220BBA827631B,ev_472665ea509d
relation_evidence,S265_EVIDENCE_7112D57AF714E7C1D211,ev_adbc1ae57173
relation_evidence,S265_EVIDENCE_71311679250F14220ABF,ev_2772eab53df3
relation_evidence,S265_EVIDENCE_714A5E3D315ED9DDE05A,ev_fbd23474d751
relation_evidence,S265_EVIDENCE_71653F99C9F2F548E313,ev_4fd086d661cb
relation_evidence,S265_EVIDENCE_7169A15F6F4635054915,ev_8d3a6ec1de65
relation_evidence,S265_EVIDENCE_7169F3133F36D9A5E2BD,ev_81136068bdbc
relation_evidence,S265_EVIDENCE_716FF3973C21F4113B54,ev_c76a06283e6a
relation_evidence,S265_EVIDENCE_7170919A0DCC397C52AA,ev_f499ab7c6a50
relation_evidence,S265_EVIDENCE_71963D0A91F93D2A8008,ev_e0e06276a745
relation_evidence,S265_EVIDENCE_7198E46C9F9576501BCB,ev_7a5686ab3b0f
relation_evidence,S265_EVIDENCE_71C391256D205832C2C7,ev_997080b81aaf
relation_evidence,S265_EVIDENCE_71CE5872886CACA5689E,ev_992d7eec40af
relation_evidence,S265_EVIDENCE_71D6A52587EF1A402DC9,ev_f1a13ae37d5f
relation_evidence,S265_EVIDENCE_71D726084E3AB4F95118,ev_45c3d782d851
relation_evidence,S265_EVIDENCE_71F67FBCFD749BFBEEE9,ev_bfd0d5602b08
relation_evidence,S265_EVIDENCE_72267725D0992993A9E8,ev_0c71940ad335
relation_evidence,S265_EVIDENCE_723C4C12697D97F4B717,ev_57c6b096c292
relation_evidence,S265_EVIDENCE_7264D9EDF9049258E82C,ev_54ac9454dd7c
relation_evidence,S265_EVIDENCE_7273531781FDFC76C55F,ev_149cd5870857
relation_evidence,S265_EVIDENCE_7290510E362677793BEE,ev_62d894be66eb
relation_evidence,S265_EVIDENCE_72A4484511C9CF0CD422,ev_5f304a0cf1fc
relation_evidence,S265_EVIDENCE_72E83F860B607EC23891,ev_dabe8659a084
relation_evidence,S265_EVIDENCE_72F9575818C549C3F727,ev_57199fb5c23c
relation_evidence,S265_EVIDENCE_72FA1CEEE59022FA9FD6,ev_7b84cf86a41b
relation_evidence,S265_EVIDENCE_73082DFE8090DF0933E8,ev_fd4dd4c52061
relation_evidence,S265_EVIDENCE_733A0F6A71C70247FD33,ev_725505d6532e
relation_evidence,S265_EVIDENCE_733C8396D661A13EBFB6,ev_c274401b4313
relation_evidence,S265_EVIDENCE_733F1172E7FE63165695,ev_c30a9c66ca5c
relation_evidence,S265_EVIDENCE_7347C8C8267ED6889572,ev_9e1798cff476
relation_evidence,S265_EVIDENCE_737E5B14E2A29A35B0E1,ev_02c774636008
relation_evidence,S265_EVIDENCE_737FB7527C03F2D52232,ev_8ffc1d22e02e
relation_evidence,S265_EVIDENCE_738B37A5CECC11D4454F,ev_1c3999227f06
relation_evidence,S265_EVIDENCE_73ADBDF073D812B82A88,ev_64a6c5937055
relation_evidence,S265_EVIDENCE_73DD3E0B3D7B39BB021C,ev_30bd3eadaeba
relation_evidence,S265_EVIDENCE_73FBF68D07BA5D481144,ev_805d45bffdae
relation_evidence,S265_EVIDENCE_743531D7EB75E7989A2E,ev_228f394af566
relation_evidence,S265_EVIDENCE_74497301B8D119A07B7B,ev_8779e35e3e1b
relation_evidence,S265_EVIDENCE_745572686F243FB4F426,ev_bc8bdc2f0009
relation_evidence,S265_EVIDENCE_745F5628C2E2061A6D23,ev_fe2bbe3f8f0d
relation_evidence,S265_EVIDENCE_7471C1A7E455A3CF3A83,ev_9a5f8a2c49fa
relation_evidence,S265_EVIDENCE_747B1390A3DA32427AD3,ev_4d80eaf1220c
relation_evidence,S265_EVIDENCE_748991CDA494FEDEC908,ev_c6ff55a26d50
relation_evidence,S265_EVIDENCE_748EB947928BDB320660,ev_4490f9991fb1
relation_evidence,S265_EVIDENCE_749D91E4C34FA0AC0EFF,ev_d16cf9728baa
relation_evidence,S265_EVIDENCE_74ADADD484E1E8B1FE82,ev_c0ae7f77d99a
relation_evidence,S265_EVIDENCE_74D7C9BD7E890024B498,ev_d73a91c2c4bc
relation_evidence,S265_EVIDENCE_75001FDB0A2E53E49B2B,ev_e39c924a0e69
relation_evidence,S265_EVIDENCE_7526445D593A0727EA17,ev_674956b5c39b
relation_evidence,S265_EVIDENCE_7527EFCCA5527E72113E,ev_fa0bddde20b0
relation_evidence,S265_EVIDENCE_75410B237FE262CD74F9,ev_190813e568f6
relation_evidence,S265_EVIDENCE_755CEBFA5E104B72591D,ev_c42759280283
relation_evidence,S265_EVIDENCE_756A701FD169528B0600,ev_30429ddfe71c
relation_evidence,S265_EVIDENCE_758A161A267AFE386338,ev_cfb7f4497259
relation_evidence,S265_EVIDENCE_7596DD441316389B8F52,ev_ef10d51b127a
relation_evidence,S265_EVIDENCE_75B8043BFACE75F86F8F,ev_d34069816166
relation_evidence,S265_EVIDENCE_75C9CEDC07FBC36E6AF4,ev_609cc2493ad0
relation_evidence,S265_EVIDENCE_75CF1065036AA0CDB955,ev_c61254f88d23
relation_evidence,S265_EVIDENCE_75D5AE421936C07C3B7D,ev_242aa700dcc4
relation_evidence,S265_EVIDENCE_75E3BD29CA0B183F8EDF,ev_5ee35249d15a
relation_evidence,S265_EVIDENCE_75E98F586A1BBA4A2F6D,ev_92a02d93ac5b
relation_evidence,S265_EVIDENCE_75FCD5DF6783FB69715F,ev_29dfa874812b
relation_evidence,S265_EVIDENCE_7603D4F6C3438E135A0C,ev_d4f05b1a19be
relation_evidence,S265_EVIDENCE_7610ABB7A24D5F4C6637,ev_b10a06b8aff0
relation_evidence,S265_EVIDENCE_761C035C95FF9888B5D1,ev_965001ef4e0e
relation_evidence,S265_EVIDENCE_7622C2E1F462176A7FAF,ev_e52b48cfd7ab
relation_evidence,S265_EVIDENCE_7623326208A4ECECF6B7,ev_e88634c56b6e
relation_evidence,S265_EVIDENCE_764659E80B7556A9E0D8,ev_58e2c02a2bcd
relation_evidence,S265_EVIDENCE_764B5312085F661E934F,ev_c3c2f99f046d
relation_evidence,S265_EVIDENCE_7654AEE75CAD227A3D7E,ev_a57ea2f7e6e7
relation_evidence,S265_EVIDENCE_766F8B4FB84CA27B2FC5,ev_409b4b46ab04
relation_evidence,S265_EVIDENCE_76841DCD2ED7CCF62004,ev_daf35a41c656
relation_evidence,S265_EVIDENCE_76984AB1C31A2A6E1C3D,ev_2971620fccc5
relation_evidence,S265_EVIDENCE_76ACC19C34B494F86B09,ev_b2d41b234559
relation_evidence,S265_EVIDENCE_76C298F03A47727625E1,ev_f38f8640adc4
relation_evidence,S265_EVIDENCE_76CA89B32D1CAC6CAA6E,ev_58b361f126aa
relation_evidence,S265_EVIDENCE_76D5C82F6519C07C96FB,ev_d3f62aabb359
relation_evidence,S265_EVIDENCE_76E92F4B589060069731,ev_44f6edb74ed6
relation_evidence,S265_EVIDENCE_772019F15A0D47C4106E,ev_7a9734fd85e4
relation_evidence,S265_EVIDENCE_772F9BF82AA901DC791A,ev_22e6635729a8
relation_evidence,S265_EVIDENCE_7732A70BE481A8D91CE6,ev_9cab4aa954d6
relation_evidence,S265_EVIDENCE_774E06ADC1A15DADDFB7,ev_05750ac00379
relation_evidence,S265_EVIDENCE_775A9E5D6B453882F522,ev_13ad2d8efd8d
relation_evidence,S265_EVIDENCE_775F4F7893670E27F54B,ev_e16a4a922782
relation_evidence,S265_EVIDENCE_77657007F6623428230F,ev_470a8c9f12e2
relation_evidence,S265_EVIDENCE_776B6BCAD730EF387802,ev_996b87c6df05
relation_evidence,S265_EVIDENCE_77740C7C32EA0E89AB21,ev_6f9716d4edec
relation_evidence,S265_EVIDENCE_777C37D5698654A4FEB1,ev_7b92d4798fa3
relation_evidence,S265_EVIDENCE_778D035890F37E4E2368,ev_9fa1d7357ebf
relation_evidence,S265_EVIDENCE_77D522207BBED5D56C88,ev_63f9dedc7515
relation_evidence,S265_EVIDENCE_77D97AE01AC9CB3C86D7,ev_89ba1c9ab588
relation_evidence,S265_EVIDENCE_780650BE1FD527C5C41A,ev_e2744deffe7c
relation_evidence,S265_EVIDENCE_7806D34259694EB9BD92,ev_a4ca0a35b874
relation_evidence,S265_EVIDENCE_780B14D606FE0431A8FF,ev_68a0b109b772
relation_evidence,S265_EVIDENCE_780E255BC88874437806,ev_d567d7815cae
relation_evidence,S265_EVIDENCE_782095033DCFC62FFFCA,ev_7c436d937914
relation_evidence,S265_EVIDENCE_784FBDB49D74556F30D8,ev_c2c342eb9ab5
relation_evidence,S265_EVIDENCE_785FFC101B397408C420,ev_f547f09bf787
relation_evidence,S265_EVIDENCE_78745C1C0BAF4D1B1E09,ev_958f293ed843
relation_evidence,S265_EVIDENCE_78A571120899F99865DA,ev_78ebc4f27d2a
relation_evidence,S265_EVIDENCE_78A5E60999F37AD48B6C,ev_88896984da15
relation_evidence,S265_EVIDENCE_78C1C32A59D49A0AA54B,ev_daad8982d8f2
relation_evidence,S265_EVIDENCE_78C346B53593EA8571AC,ev_d6c2e06498e2
relation_evidence,S265_EVIDENCE_78C6D41798AFAC5C3003,ev_ba7ad1c9853f
relation_evidence,S265_EVIDENCE_78F2DBA81264E2FF6F47,ev_5aa853f7cd79
relation_evidence,S265_EVIDENCE_7902D0F796A049F8E36A,ev_582af8d84302
relation_evidence,S265_EVIDENCE_791C5EBF1CDB85A891D3,ev_1a894bb238c7
relation_evidence,S265_EVIDENCE_79201AC580DE02E2B821,ev_e866d305cbe7
relation_evidence,S265_EVIDENCE_7929EE229F7707BC2105,ev_4eadadcf1d3a
relation_evidence,S265_EVIDENCE_7936FD0A43ABA80415D2,ev_894829659dc1
relation_evidence,S265_EVIDENCE_7937E294B0F08ED50883,ev_505639cb161e
relation_evidence,S265_EVIDENCE_79620DCA5E6A4F32D04E,ev_4d263bc481f5
relation_evidence,S265_EVIDENCE_7963FC1CD2E93B8BE67E,ev_40339a1c01f9
relation_evidence,S265_EVIDENCE_7966DDF91ADDE0739DE2,ev_5fd5180df2b2
relation_evidence,S265_EVIDENCE_796A556EE3751045A51D,ev_f519b53fbcf8
relation_evidence,S265_EVIDENCE_796BF115C2A3266AB58C,ev_2f0cee4d39ef
relation_evidence,S265_EVIDENCE_7972AEBADED29AAE7CEC,ev_33520473cc1a
relation_evidence,S265_EVIDENCE_7987DCFCF54491FA09FE,ev_e0ff6519217c
relation_evidence,S265_EVIDENCE_798F1A8BE9FD55C4B6E2,ev_d7895295eca8
relation_evidence,S265_EVIDENCE_79A616F90BA080FC0693,ev_7532c8ffbf26
relation_evidence,S265_EVIDENCE_79A85BCB2BAAC01AA8BE,ev_524c542ea9c9
relation_evidence,S265_EVIDENCE_79B467EF27A8F3F29CD6,ev_f9229090f59f
relation_evidence,S265_EVIDENCE_79DD4B5BAB9A59296D49,ev_89cb7c80a25a
relation_evidence,S265_EVIDENCE_79F63DFBDDDDE2C561DF,ev_5bf98db78a47
relation_evidence,S265_EVIDENCE_7A31B895BC739EC266CD,ev_86679dcd175c
relation_evidence,S265_EVIDENCE_7A3A70E20CDF65EFD368,ev_5d7812daa2ad
relation_evidence,S265_EVIDENCE_7A4FADA338301DE6F374,ev_676528dbe367
relation_evidence,S265_EVIDENCE_7A5063861A11461C1DE2,ev_9a465d147938
relation_evidence,S265_EVIDENCE_7A741CF8DB0DB1134701,ev_7c18061e4ccd
relation_evidence,S265_EVIDENCE_7A81E0C436DDDFCCDFA7,ev_d1ac783e7f79
relation_evidence,S265_EVIDENCE_7A8BD3312197AFC7D9FE,ev_d13a742c4f26
relation_evidence,S265_EVIDENCE_7ACF7680A7899DAE6683,ev_dedaf6fe5c44
relation_evidence,S265_EVIDENCE_7ACFBB0E25194BEAD487,ev_a59deb9b57c5
relation_evidence,S265_EVIDENCE_7AEADC320321D52F6412,ev_ed0c9c3c4b7b
relation_evidence,S265_EVIDENCE_7AF338C6B94F0F833C4E,ev_05afddf39dbc
relation_evidence,S265_EVIDENCE_7AFB6064569AEF8EAB38,ev_a786f7b29cc8
relation_evidence,S265_EVIDENCE_7B0011787B76C85B4A5C,ev_28687ba477cd
relation_evidence,S265_EVIDENCE_7B3CBA304CC204358B98,ev_ca9b1afaf75c
relation_evidence,S265_EVIDENCE_7B476803C6E565EB712E,ev_0da5d439ea5c
relation_evidence,S265_EVIDENCE_7B5F7DC21392E37E0CAD,ev_6c1fbfdb9898
relation_evidence,S265_EVIDENCE_7B6B5976A2B53993E193,ev_3ffa8d86ea7a
relation_evidence,S265_EVIDENCE_7B8D177938867A547564,ev_84d0c2b8ba4c
relation_evidence,S265_EVIDENCE_7B8DB480DB31757A7A1F,ev_1bb44eb84bec
relation_evidence,S265_EVIDENCE_7B902338122E83331DE6,ev_00e18c2ea300
relation_evidence,S265_EVIDENCE_7BB1D5A1BBA6B1D39251,ev_a491cab616b2
relation_evidence,S265_EVIDENCE_7BB90C8F523970C45E81,ev_642686f95ec9
relation_evidence,S265_EVIDENCE_7BCCC1EB045C064A6D81,ev_2a617632a2be
relation_evidence,S265_EVIDENCE_7BE541FB5307FB86118F,ev_5af7b1cf3c83
relation_evidence,S265_EVIDENCE_7BFD45B7C8AAF4106280,ev_954b233b6057
relation_evidence,S265_EVIDENCE_7C072C45D2C9B00302FB,ev_1a6a03998311
relation_evidence,S265_EVIDENCE_7C39421D0220AAE45C57,ev_826feb98df19
relation_evidence,S265_EVIDENCE_7C67665484C843CEEDFF,ev_18cbe1091eae
relation_evidence,S265_EVIDENCE_7C70602AC56C0853DD78,ev_f4b81f2fc06a
relation_evidence,S265_EVIDENCE_7C7631973EB259A11D0E,ev_c1c0e447f713
relation_evidence,S265_EVIDENCE_7C7E0283EBB7A19B2F0A,ev_4e610e98deef
relation_evidence,S265_EVIDENCE_7C7F690F6F14A9ECA343,ev_d71e3ed52251
relation_evidence,S265_EVIDENCE_7C99081CE7FE2F28018D,ev_8c01e6881411
relation_evidence,S265_EVIDENCE_7CBC3C1DE6C17C748DDF,ev_1f04123e27c2
relation_evidence,S265_EVIDENCE_7CF52B0A5D57024CD07C,ev_f6bebf6b3b01
relation_evidence,S265_EVIDENCE_7CF7872AE8F913039F59,ev_cdf7f148d14f
relation_evidence,S265_EVIDENCE_7CF8AF2723071C77F81C,ev_838c24d0c6a7
relation_evidence,S265_EVIDENCE_7CFFD119AD45B2E4384A,ev_7d86ca274817
relation_evidence,S265_EVIDENCE_7D06DF703B53455C3215,ev_7f51dd51d589
relation_evidence,S265_EVIDENCE_7D1B4737B56670E0EA86,ev_e74ee227d9ac
relation_evidence,S265_EVIDENCE_7D1F4B5E811CE699AD82,ev_6f06f759fc04
relation_evidence,S265_EVIDENCE_7D1F69978CE469EB7D3E,ev_3906c02e279e
relation_evidence,S265_EVIDENCE_7D2B980E3C7709881DC6,ev_2384f81c7326
relation_evidence,S265_EVIDENCE_7D2C85C89D65FFC75C5C,ev_3642a982d02b
relation_evidence,S265_EVIDENCE_7D529813ACA71AC400F4,ev_3ad197153630
relation_evidence,S265_EVIDENCE_7D9F8621900AF896FB7B,ev_9f78f4d3dc32
relation_evidence,S265_EVIDENCE_7DADF7B2FFE5D6FFCD25,ev_7a94a4346c6b
relation_evidence,S265_EVIDENCE_7DBCC2821492997B70A6,ev_c1192e28ec29
relation_evidence,S265_EVIDENCE_7DBF516267B455166422,ev_98ed68db2d3b
relation_evidence,S265_EVIDENCE_7E0BFFD7667D73CC8CD6,ev_c8342aa0e66c
relation_evidence,S265_EVIDENCE_7E0E3070134B9BF3E4B0,ev_579a20f210aa
relation_evidence,S265_EVIDENCE_7E1E4E2324CB2CF6C2E3,ev_c36d6292002a
relation_evidence,S265_EVIDENCE_7E287577EAEC817B97B1,ev_6dae17904a3e
relation_evidence,S265_EVIDENCE_7E2DEC3AE52EC7FFC0DD,ev_6325b09d6ae4
relation_evidence,S265_EVIDENCE_7E5135901DF39F631712,ev_a8dd760226c2
relation_evidence,S265_EVIDENCE_7E5BC9398FE432BFA260,ev_17f670fb0ebf
relation_evidence,S265_EVIDENCE_7E61C1FB5E7B5C9FCFA4,ev_fc3b0cbebe17
relation_evidence,S265_EVIDENCE_7E6A88EC44C0ADDE2433,ev_0e0bb9896c11
relation_evidence,S265_EVIDENCE_7E8AA21DA1C072F48A41,ev_6bc9a4198e36
relation_evidence,S265_EVIDENCE_7E99539402CC7A78B9C7,ev_95f703a1e9a0
relation_evidence,S265_EVIDENCE_7E9D46DBBBC54E3DF3E7,ev_f6e9af5008c5
relation_evidence,S265_EVIDENCE_7EA20B94E166BA14D919,ev_52f5a97e14df
relation_evidence,S265_EVIDENCE_7EAB5C198D7FF76CFA82,ev_2306fba0f227
relation_evidence,S265_EVIDENCE_7EACC27EE070411C85A1,ev_b81bc959fd18
relation_evidence,S265_EVIDENCE_7EB5C2E000025A2D13A2,ev_bee3ba93a2df
relation_evidence,S265_EVIDENCE_7EB7C90DB5C1D5CD6CA4,ev_e5b529fef71b
relation_evidence,S265_EVIDENCE_7EC35E321CC1013FEC7D,ev_702d29a33ac3
relation_evidence,S265_EVIDENCE_7EC8D3800A8EAE408734,ev_55b0f9ea29ad
relation_evidence,S265_EVIDENCE_7EFC5D57097D0967F570,ev_862cf7deb460
relation_evidence,S265_EVIDENCE_7F1D0C5855E69D36CD6A,ev_efe4e9102f90
relation_evidence,S265_EVIDENCE_7F25C8862F67FEC51500,ev_b9058accf19b
relation_evidence,S265_EVIDENCE_7F3D8F15E0A797442946,ev_aa241fe223d4
relation_evidence,S265_EVIDENCE_7F4D91978B9F247694F1,ev_78213c2181c4
relation_evidence,S265_EVIDENCE_7F5DDE4B2DFA1F9DF0D4,ev_7265ea45614e
relation_evidence,S265_EVIDENCE_7F6046CB8767B831EE01,ev_fc5cd28766e0
relation_evidence,S265_EVIDENCE_7F636366EF94B93F865C,ev_6fa2cac83867
relation_evidence,S265_EVIDENCE_7F6BD0A2717FB6F6F858,ev_b2ff96aac1dd
relation_evidence,S265_EVIDENCE_7F6D0BEB9C31E94E8450,ev_f30c1eec6486
relation_evidence,S265_EVIDENCE_7F7D62D9E3024C0B87F0,ev_d75008db0143
relation_evidence,S265_EVIDENCE_7F8BE7A54C0B8E61891A,ev_a76554b78c0f
relation_evidence,S265_EVIDENCE_7F8E1CE59AC43281A3BE,ev_3e6a9d6d4be9
relation_evidence,S265_EVIDENCE_7F90581B7F98A9CE45B9,ev_5edb42b080ee
relation_evidence,S265_EVIDENCE_7F91C795084549036720,ev_58630570281b
relation_evidence,S265_EVIDENCE_7F933B98BF4A11FA43A9,ev_127d1f328808
relation_evidence,S265_EVIDENCE_7FA265D30EC5AF3A71E8,ev_80842953b9f1
relation_evidence,S265_EVIDENCE_7FC54A163A4D8C64AF25,ev_5ce7d8cd37e9
relation_evidence,S265_EVIDENCE_7FF5152AE3526590C908,ev_0d86e1e6f93e
relation_evidence,S265_EVIDENCE_7FFA1898E96192CB8B76,ev_f9f37b6aa49c
relation_evidence,S265_EVIDENCE_800F6D7D3AC492389DE8,ev_d0303f165d60
relation_evidence,S265_EVIDENCE_801D3A25C59EC4B5B552,ev_aca289764d18
relation_evidence,S265_EVIDENCE_80252C6062D9A860DA30,ev_f646c462767d
relation_evidence,S265_EVIDENCE_803C6B5D424DE05DBE48,ev_123c1280f8dc
relation_evidence,S265_EVIDENCE_804C81CB6A033B01BC7B,ev_6d1f158e971f
relation_evidence,S265_EVIDENCE_805A262794EB3C3618C2,ev_810e1cddef77
relation_evidence,S265_EVIDENCE_807AE38A778E4B834936,ev_86826b02d999
relation_evidence,S265_EVIDENCE_80A8AA264F8D7BD84C6F,ev_4c5e8d513877
relation_evidence,S265_EVIDENCE_80AE32485348BC4782FD,ev_68d9acebb1df
relation_evidence,S265_EVIDENCE_80BCCC9073186E3E852E,ev_72491d4c7a5e
relation_evidence,S265_EVIDENCE_80D84DCD14B6D87719D4,ev_b83705cc6e44
relation_evidence,S265_EVIDENCE_80DFD52E5B068A04CB4C,ev_e7b2314d0bb2
relation_evidence,S265_EVIDENCE_80E50861681891A677E9,ev_13bcae8aa9bd
relation_evidence,S265_EVIDENCE_80EFFB63BE3B9E46640E,ev_f7cc1243b8b1
relation_evidence,S265_EVIDENCE_80F057EA5F9592603E8C,ev_71706c4d131c
relation_evidence,S265_EVIDENCE_81076ACE03F47C349E5B,ev_7765da8c848e
relation_evidence,S265_EVIDENCE_8115D0F6B01B2EDFDF19,ev_055d42a7e955
relation_evidence,S265_EVIDENCE_81224ABF3E2E9BC59187,ev_98d5d4e9e4c4
relation_evidence,S265_EVIDENCE_8141AEAF98848D85D2E0,ev_b4f4902c2271
relation_evidence,S265_EVIDENCE_81540E58E6D0627F45F8,ev_aa690283e4f2
relation_evidence,S265_EVIDENCE_815D3947FDE1E487EFA4,ev_2fb647288c7c
relation_evidence,S265_EVIDENCE_8167BD768C49A89B1325,ev_e96f923394d4
relation_evidence,S265_EVIDENCE_81681F362675473C8700,ev_52309f29242b
relation_evidence,S265_EVIDENCE_818DA68B22ED09FF2859,ev_d166c5c4962c
relation_evidence,S265_EVIDENCE_818EC521A096BD92CF9D,ev_fb27c36500ab
relation_evidence,S265_EVIDENCE_81A3889B3E0782FCE1F3,ev_31d5340256ac
relation_evidence,S265_EVIDENCE_81A41B8C45ABE75F8A33,ev_2e2dc119c4b4
relation_evidence,S265_EVIDENCE_81BDF9DD59F6CF363AFA,ev_699b8f995c58
relation_evidence,S265_EVIDENCE_81C399B7482BA01550EE,ev_9a6876179560
relation_evidence,S265_EVIDENCE_81C4EEA1720F78117067,ev_c422337a1a5d
relation_evidence,S265_EVIDENCE_81CC4C9579D3267CCA79,ev_3cafb5b24777
relation_evidence,S265_EVIDENCE_81CDE82F68F15967038E,ev_644583612365
relation_evidence,S265_EVIDENCE_81FD7D929F146848BEFD,ev_5d5fb70c22bd
relation_evidence,S265_EVIDENCE_820CF24BCDE8CB6227DF,ev_518b0477dbd1
relation_evidence,S265_EVIDENCE_82197FC99FAFCA3CB92B,ev_cf3275f15817
relation_evidence,S265_EVIDENCE_8253A7DA4812E6500ABD,ev_7fd4c28fe7db
relation_evidence,S265_EVIDENCE_825E7ED9E83991C4FBC7,ev_54da3eefb7e6
relation_evidence,S265_EVIDENCE_8276B7F85426845D26B8,ev_813f42d1ffbd
relation_evidence,S265_EVIDENCE_829B66B4BC6DD0814A63,ev_70791e5cc79b
relation_evidence,S265_EVIDENCE_82A510EA4DBC2A5B2C55,ev_900fc800a7a7
relation_evidence,S265_EVIDENCE_82A7AE763014E6B25146,ev_1e32649d7289
relation_evidence,S265_EVIDENCE_82B689238B760864DABB,ev_8924e2b00779
relation_evidence,S265_EVIDENCE_82C4E7B42FA396CE9045,ev_93a99fad56ee
relation_evidence,S265_EVIDENCE_82C7E79EA036E4F566EE,ev_19eb93bab226
relation_evidence,S265_EVIDENCE_82D2D3E65FE1FBA1F72E,ev_9258c8a30b4d
relation_evidence,S265_EVIDENCE_82EF01E1F2F4746CEF5A,ev_ee905462c855
relation_evidence,S265_EVIDENCE_83096C4B4E6CE2752445,ev_ede6bc3ae3c8
relation_evidence,S265_EVIDENCE_8317C0064797B0E30B36,ev_6fa5c3402191
relation_evidence,S265_EVIDENCE_83269C73019C91DCD53B,ev_58636bdeb237
relation_evidence,S265_EVIDENCE_832D8D83E0D1D7B5EDB5,ev_6e22f914393b
relation_evidence,S265_EVIDENCE_833FBEAA1B26AC9011F2,ev_972ae245dba6
relation_evidence,S265_EVIDENCE_8349C68804149E99EC9B,ev_9d5fd5367e6f
relation_evidence,S265_EVIDENCE_836835EB694A78DEA99B,ev_4281e50ada48
relation_evidence,S265_EVIDENCE_83D0D0A6B1F05D393964,ev_8d93bd6f9e19
relation_evidence,S265_EVIDENCE_83D31D240DAE16425091,ev_4ccde650af57
relation_evidence,S265_EVIDENCE_83E72DCA359491786F7C,ev_e296e7f6a328
relation_evidence,S265_EVIDENCE_83F2CAC4F06041312114,ev_0281f8400bb8
relation_evidence,S265_EVIDENCE_83F32360A89F9484D7A0,ev_df861a442e80
relation_evidence,S265_EVIDENCE_83F711527F0ECA8F89D4,ev_d0037f8d27d9
relation_evidence,S265_EVIDENCE_846555D3395BC30CCEF1,ev_b789174d9417
relation_evidence,S265_EVIDENCE_84803500E8209619F5D3,ev_fe7fd7679866
relation_evidence,S265_EVIDENCE_849297A94E9223E4083E,ev_88c9c4231f23
relation_evidence,S265_EVIDENCE_84C4607392F895890FC4,ev_08a85d4b1862
relation_evidence,S265_EVIDENCE_84F5B673E4F5686909D5,ev_1fdb970fea43
relation_evidence,S265_EVIDENCE_8510DC026A1358FAFC04,ev_6ff48d06afc0
relation_evidence,S265_EVIDENCE_852312A2404C998A5AFC,ev_0df1310b7ee2
relation_evidence,S265_EVIDENCE_853E3786D28884A34413,ev_dad152b15359
relation_evidence,S265_EVIDENCE_858F1FDB2BD55782B8DD,ev_466198db96ef
relation_evidence,S265_EVIDENCE_85B0F303059688AC49D5,ev_6bfd51cf2dc8
relation_evidence,S265_EVIDENCE_85D0785F5AE5B6806CFC,ev_d1ea5d3207ff
relation_evidence,S265_EVIDENCE_85F9225B072948D5096F,ev_3db7957563fd
relation_evidence,S265_EVIDENCE_86370CF0DE84790772F4,ev_af483abbc13b
relation_evidence,S265_EVIDENCE_86391A43DF9E18A15DE3,ev_bcb1d8349bf7
relation_evidence,S265_EVIDENCE_864887DD55401CDC308A,ev_90c3503b34f6
relation_evidence,S265_EVIDENCE_864C037757A7021483F7,ev_cdf0ebbe5c4b
relation_evidence,S265_EVIDENCE_865B11AF8B77B2CE5864,ev_257e92168307
relation_evidence,S265_EVIDENCE_8664E8086448E4542EED,ev_61ba42c9481a
relation_evidence,S265_EVIDENCE_868A687B8FCE3D8A4F37,ev_1bffdcb78e51
relation_evidence,S265_EVIDENCE_869E5E84BDA57C609604,ev_8c8be9110a29
relation_evidence,S265_EVIDENCE_86A63808BFEABC513994,ev_c3421f5f1275
relation_evidence,S265_EVIDENCE_86AC455DBC129059C046,ev_bf0d5bf592c7
relation_evidence,S265_EVIDENCE_86B4DEFFBFB3BC60D120,ev_04b143b2fe9d
relation_evidence,S265_EVIDENCE_86F3EBECE3A0377553CF,ev_a065b7eccd27
relation_evidence,S265_EVIDENCE_8710F1C55A7BE4054FAC,ev_9ff628462dee
relation_evidence,S265_EVIDENCE_871319B9C235007B82D1,ev_cd9ea8821a4c
relation_evidence,S265_EVIDENCE_87516363AEEC35A17165,ev_86fb8f4f6e44
relation_evidence,S265_EVIDENCE_875795D4666C93C2F53F,ev_17ef9cdc8158
relation_evidence,S265_EVIDENCE_8775F6715B6A41DFFBAA,ev_720f8675cbe2
relation_evidence,S265_EVIDENCE_8786FB26577C4EBB6068,ev_8fcd769b99ad
relation_evidence,S265_EVIDENCE_879820858B3F5919AF41,ev_6fb1377637a9
relation_evidence,S265_EVIDENCE_87A8115E664EBDE08E40,ev_61f2f5c9f841
relation_evidence,S265_EVIDENCE_87AD1555422DA9695F49,ev_66057d251a67
relation_evidence,S265_EVIDENCE_87EC18A302B45F691B49,ev_ba3de85074a1
relation_evidence,S265_EVIDENCE_88047E79CA65CE1E1BAD,ev_03ffb9d3b874
relation_evidence,S265_EVIDENCE_8812888767B5DED2151D,ev_afbe72ce3b85
relation_evidence,S265_EVIDENCE_88350A3A33E0850FDE61,ev_b3c18f08566e
relation_evidence,S265_EVIDENCE_88363043EA2FF8C9CA41,ev_407012c63c47
relation_evidence,S265_EVIDENCE_885EE1A50D0885596946,ev_14060bed9065
relation_evidence,S265_EVIDENCE_88A9687EEF058F742F31,ev_8abc6a5b339f
relation_evidence,S265_EVIDENCE_88AA05533420112B1073,ev_6a810bbb18e8
relation_evidence,S265_EVIDENCE_88B34C38E4B3C5BF3F51,ev_9ebeffeef04f
relation_evidence,S265_EVIDENCE_88FD03C76E30C9F8BD4C,ev_d297572f8843
relation_evidence,S265_EVIDENCE_8906ECD6DD41B621AFA5,ev_d114429466c3
relation_evidence,S265_EVIDENCE_89127AB190037332C317,ev_9f22493ba590
relation_evidence,S265_EVIDENCE_8917A06259A2BFB4E508,ev_a60170f1fadf
relation_evidence,S265_EVIDENCE_8933DF8851ECE41BE6FB,ev_ff66f759b095
relation_evidence,S265_EVIDENCE_893ED9538B3C0FF12F5E,ev_3448ee61de78
relation_evidence,S265_EVIDENCE_897E504B59F2D74F4E99,ev_88d8feaea4a5
relation_evidence,S265_EVIDENCE_899EC03592D61CC9FDC8,ev_cad9ec8ed01b
relation_evidence,S265_EVIDENCE_89AEFCA0AC1881A6890E,ev_57a3282e8827
relation_evidence,S265_EVIDENCE_89BAF92AE7D7AC7058B8,ev_1d27292873c9
relation_evidence,S265_EVIDENCE_89E163D897FE0172306A,ev_30b49d268be9
relation_evidence,S265_EVIDENCE_8A1788FCC81D6A814A70,ev_9b0c756a0acc
relation_evidence,S265_EVIDENCE_8A19F42D0CDEFD5E348F,ev_1b79f6caa3cd
relation_evidence,S265_EVIDENCE_8A26D32E0B3A994977F3,ev_bc9289c9b10c
relation_evidence,S265_EVIDENCE_8A527AD368AF8C11CB57,ev_106e8c170fe2
relation_evidence,S265_EVIDENCE_8A6491E3B15ABB5D8EAC,ev_944521bc479c
relation_evidence,S265_EVIDENCE_8A67F038BD9001FA7FA5,ev_f339cf0d111f
relation_evidence,S265_EVIDENCE_8A6CE81CCB0C46CA328B,ev_3ce3f60dcf9d
relation_evidence,S265_EVIDENCE_8A745A67CCE1461BC716,ev_494e5bcfdb4d
relation_evidence,S265_EVIDENCE_8A9D7581757E35CBD96F,ev_a6cd34cf92f6
relation_evidence,S265_EVIDENCE_8AC33DF1E4EB45DA5471,ev_d2c86b414c77
relation_evidence,S265_EVIDENCE_8AC77C3CD64BC355B4DA,ev_38e73c5ed6b4
relation_evidence,S265_EVIDENCE_8AD3ABFD1E89FC827CA9,ev_e6afcab5034c
relation_evidence,S265_EVIDENCE_8AD677346FA5E279B402,ev_2d53b59eaf15
relation_evidence,S265_EVIDENCE_8ADB7F7D5B53C90FE0EE,ev_98bb31692b7c
relation_evidence,S265_EVIDENCE_8B0D390DEE0E2124DBAC,ev_4d2cb540caec
relation_evidence,S265_EVIDENCE_8B140771A3D8E51A55D9,ev_83a605861a86
relation_evidence,S265_EVIDENCE_8B1A8F59E0EBE96F616A,ev_1f5294fb1d3a
relation_evidence,S265_EVIDENCE_8B1F0A54296BB0457B69,ev_1da90a19d22e
relation_evidence,S265_EVIDENCE_8B30B149FE6BCC02128A,ev_706e0889aa5c
relation_evidence,S265_EVIDENCE_8B370FB038B8A2991E3B,ev_1ba5d8786c40
relation_evidence,S265_EVIDENCE_8B4FF60F60BBF2F3983F,ev_96de92e3f236
relation_evidence,S265_EVIDENCE_8B60EA9BD49A454B0EFA,ev_fd0b8175c214
relation_evidence,S265_EVIDENCE_8B6C4F3230E3AB68C3B6,ev_e296153dd6ee
relation_evidence,S265_EVIDENCE_8B74C62D09DAFBDA781D,ev_0f1d98aa77fb
relation_evidence,S265_EVIDENCE_8B8916A4AB13A0689B0C,ev_dd5d1bafa4e0
relation_evidence,S265_EVIDENCE_8B9233C632CAE752792A,ev_62777b2116d1
relation_evidence,S265_EVIDENCE_8BC2DD65B4B33A2454E2,ev_8d6e0aa5251d
relation_evidence,S265_EVIDENCE_8BE27A8BCC7DF043E5B2,ev_68ee78bbb41c
relation_evidence,S265_EVIDENCE_8BEACDAF36F89575D69D,ev_221fd8ffb13b
relation_evidence,S265_EVIDENCE_8BECB505BD8C30A30C6A,ev_48db21a61069
relation_evidence,S265_EVIDENCE_8BEE4E2D9E7B7907D3FF,ev_4253a564b3ac
relation_evidence,S265_EVIDENCE_8BF7851A955E33D5B8F9,ev_8cd9cab35e04
relation_evidence,S265_EVIDENCE_8C011769B604C4C69196,ev_a2303625af14
relation_evidence,S265_EVIDENCE_8C2B4D2B4566D9ADA984,ev_08df9ddc8cdd
relation_evidence,S265_EVIDENCE_8C57DBECE2EC496C505C,ev_eed63cf65070
relation_evidence,S265_EVIDENCE_8C66A3AA5DF8619E40D9,ev_68f7de87be7b
relation_evidence,S265_EVIDENCE_8C6829BFC2026FCD281F,ev_4665c8577549
relation_evidence,S265_EVIDENCE_8C6AEAD08174C1E68945,ev_4ce3d432bbcb
relation_evidence,S265_EVIDENCE_8C7FC5778786FA7A8B2D,ev_56e10f55fab7
relation_evidence,S265_EVIDENCE_8C86727083D8D273F908,ev_8cd131eb3725
relation_evidence,S265_EVIDENCE_8C8916425D43ECBEFBCC,ev_22ae86d39779
relation_evidence,S265_EVIDENCE_8C8962738F3A3627C8C5,ev_a05c2b3e9d7a
relation_evidence,S265_EVIDENCE_8CA6199CBB0859F5DBE6,ev_70f1ec7ef4ab
relation_evidence,S265_EVIDENCE_8CB6A3FBBA627413B518,ev_032e96fa4b57
relation_evidence,S265_EVIDENCE_8CC29B3204B4A659D063,ev_1a43a46c22ed
relation_evidence,S265_EVIDENCE_8CC8FF30326DFBD87F93,ev_8c0dd8bd183c
relation_evidence,S265_EVIDENCE_8CCB6D8EE277D16AE07B,ev_8e5d3f4f02a2
relation_evidence,S265_EVIDENCE_8CEAB0D4077676612B6B,ev_a7199d973281
relation_evidence,S265_EVIDENCE_8CFBB9504778451755C3,ev_feaa027b66f5
relation_evidence,S265_EVIDENCE_8D073FB3EE7840C5F3F3,ev_fe6a6593adf8
relation_evidence,S265_EVIDENCE_8D1A48C405F03B6773F8,ev_9e59aa2a3d55
relation_evidence,S265_EVIDENCE_8D1D832E030892A1CFA5,ev_c180e5db0783
relation_evidence,S265_EVIDENCE_8D22B92D8D4F3D29C068,ev_08f3e86177c2
relation_evidence,S265_EVIDENCE_8D4758C28578BED80FE7,ev_ade34e1533d2
relation_evidence,S265_EVIDENCE_8D55E36BB1360507B760,ev_553f8044b1d5
relation_evidence,S265_EVIDENCE_8D564E08F47B68FF92C7,ev_3ce8488f9a29
relation_evidence,S265_EVIDENCE_8D7001334653CE971526,ev_c31a92a0dffe
relation_evidence,S265_EVIDENCE_8D7857D7D786825AD2B3,ev_42b6717cd0cb
relation_evidence,S265_EVIDENCE_8D93875CD97A8461D281,ev_b73a335404bd
relation_evidence,S265_EVIDENCE_8DC80BB0C639B5BA91DD,ev_27e10df282ff
relation_evidence,S265_EVIDENCE_8DCD9DB80CEB811AB4BE,ev_240db602c79f
relation_evidence,S265_EVIDENCE_8DD1F7E0FDC0C9C6F6C5,ev_f3e90e032c12
relation_evidence,S265_EVIDENCE_8DEE147FB53B50196E05,ev_074723ac274d
relation_evidence,S265_EVIDENCE_8DFDC15BE8D11A039F3A,ev_f9f70a060d36
relation_evidence,S265_EVIDENCE_8E21BDF7004CB0CF9F31,ev_0104147d91ea
relation_evidence,S265_EVIDENCE_8E27938B6E46BB2DAAB6,ev_b99b230b418c
relation_evidence,S265_EVIDENCE_8E36860AA3A4BF959DCC,ev_4eba1bb62f7b
relation_evidence,S265_EVIDENCE_8E424FF1E06B16DF9F7A,ev_739e33e1f8c6
relation_evidence,S265_EVIDENCE_8E559E0701F8C2EFFEFB,ev_3cba9cf07ea0
relation_evidence,S265_EVIDENCE_8E5C3CF3F258E21D1606,ev_7df2ac8727e3
relation_evidence,S265_EVIDENCE_8E5DA59111B091224119,ev_96551fc377b8
relation_evidence,S265_EVIDENCE_8E86AC075AA69075D9C8,ev_3ccab0e3c11b
relation_evidence,S265_EVIDENCE_8E99910327E49501F8C6,ev_2b879412950e
relation_evidence,S265_EVIDENCE_8EA608720565F7B10343,ev_859ee62bbbc6
relation_evidence,S265_EVIDENCE_8EB2F038A4DF36182D73,ev_9ccc59a408ca
relation_evidence,S265_EVIDENCE_8EC93D662E0F5D0DBF7E,ev_7cdc0214228a
relation_evidence,S265_EVIDENCE_8F13000CF51B28C549CB,ev_6f5d4b022b5e
relation_evidence,S265_EVIDENCE_8F1E4558C5E2F9AE5EFC,ev_b4e7c382aad6
relation_evidence,S265_EVIDENCE_8F2D69BF90821793A18C,ev_b3db05bc7931
relation_evidence,S265_EVIDENCE_8F452778183E88CC52AF,ev_aed62507ec25
relation_evidence,S265_EVIDENCE_8F8794F0C99FD69DF843,ev_425750138fec
relation_evidence,S265_EVIDENCE_8F946B064EB2BF0221C1,ev_7a83c3ea14f0
relation_evidence,S265_EVIDENCE_8FAC869FFC80AA696352,ev_ed369825c420
relation_evidence,S265_EVIDENCE_8FC8EBDE3E1C9439C6D3,ev_52d83d6dd1dd
relation_evidence,S265_EVIDENCE_8FCC410BD08F2D7CE2CF,ev_36055f0364f1
relation_evidence,S265_EVIDENCE_8FE5D7933B7BE2B5C316,ev_3e612b9d3b6a
relation_evidence,S265_EVIDENCE_8FED7B6A8F6ACBDFB7F1,ev_c3bbe5e752fa
relation_evidence,S265_EVIDENCE_90037E7C3D57D98D8D99,ev_8004c88f1842
relation_evidence,S265_EVIDENCE_903F8AE0FFF7537335B1,ev_41e86ccc2741
relation_evidence,S265_EVIDENCE_904EF9A3C7155FA073BF,ev_9fbe2ceb0632
relation_evidence,S265_EVIDENCE_90510CCBA14BB6DA4982,ev_84ad98e3c35c
relation_evidence,S265_EVIDENCE_906DC4F3376E88C04C28,ev_5734754d0cb5
relation_evidence,S265_EVIDENCE_90A5A41ED118887E1199,ev_b462a02c4ce0
relation_evidence,S265_EVIDENCE_90A5BA373827652E25E0,ev_0846b71ad217
relation_evidence,S265_EVIDENCE_90AF3B11E821E56C456B,ev_d468065869a6
relation_evidence,S265_EVIDENCE_90AFB0E595EA144721EF,ev_47dd78a44284
relation_evidence,S265_EVIDENCE_90EAD88BF930E848A4E7,ev_1bf2a844e813
relation_evidence,S265_EVIDENCE_910EE7CE3ADEF92EC84F,ev_6c1d03800c86
relation_evidence,S265_EVIDENCE_914065DAB7A31FEDBE3D,ev_baf5dc0d7267
relation_evidence,S265_EVIDENCE_9143C55A88D8A994CB3F,ev_345c961a3729
relation_evidence,S265_EVIDENCE_915F6F990FB4B9B0B91A,ev_50e396949b73
relation_evidence,S265_EVIDENCE_9161D771C67DEFC48404,ev_3bf078c9f2cc
relation_evidence,S265_EVIDENCE_916326316421FBA01AC1,ev_13da9929eb2a
relation_evidence,S265_EVIDENCE_9165D9FE3D78BCD2F472,ev_fa627d393339
relation_evidence,S265_EVIDENCE_918635FD3ABB5223B014,ev_dfa9548532c4
relation_evidence,S265_EVIDENCE_919F6957F163995EE0EF,ev_1f76a6cbabaa
relation_evidence,S265_EVIDENCE_91A38264E90709BA0143,ev_2c1172b864bc
relation_evidence,S265_EVIDENCE_91C0BCF6DF06B36282A1,ev_86d6a9e0271d
relation_evidence,S265_EVIDENCE_91C53DB32F0D338129DF,ev_09fcbd58abe5
relation_evidence,S265_EVIDENCE_91E6DBE254D4BE1B3A50,ev_4096db830e76
relation_evidence,S265_EVIDENCE_9231267E91BE5819C4DC,ev_20d7ff64dff8
relation_evidence,S265_EVIDENCE_92405FE47FF41FACE44D,ev_926617a2cceb
relation_evidence,S265_EVIDENCE_925A984FEC15A510B0AB,ev_a788c756175a
relation_evidence,S265_EVIDENCE_9269D935345A42ED50FD,ev_5ccca116d736
relation_evidence,S265_EVIDENCE_92790032D49D538033F7,ev_b707ddd4a0da
relation_evidence,S265_EVIDENCE_927C867A7716B19618F9,ev_d8e22788372b
relation_evidence,S265_EVIDENCE_92AE8291C3517F8843AF,ev_7348018da767
relation_evidence,S265_EVIDENCE_92C6C6CD15E1F0A563A8,ev_e9e65fe8fc05
relation_evidence,S265_EVIDENCE_92E48ECB497CAC7B7F04,ev_58ec1f4ae13f
relation_evidence,S265_EVIDENCE_92E5A523B93B1AB54B80,ev_ce95b84aeb3f
relation_evidence,S265_EVIDENCE_92EE79EC5C03EB0481E4,ev_50f7c9a8a66c
relation_evidence,S265_EVIDENCE_92F1C82F2DEEE748CB04,ev_d1eea2afecf9
relation_evidence,S265_EVIDENCE_92F5710C75E841417D00,ev_019c3882c17d
relation_evidence,S265_EVIDENCE_930D516DAF01E2E36423,ev_16f8f6674013
relation_evidence,S265_EVIDENCE_931778E0BC28E186A509,ev_e1a68cb1bec3
relation_evidence,S265_EVIDENCE_931AFB83809233BEBAA0,ev_773da6c1327a
relation_evidence,S265_EVIDENCE_93461E1E97FC399F949B,ev_800c20432f60
relation_evidence,S265_EVIDENCE_93469396B4E64D9FA59A,ev_d79faad4d1d0
relation_evidence,S265_EVIDENCE_935CFA5C5E1BE23B1A68,ev_a7947a81b1f5
relation_evidence,S265_EVIDENCE_936A76983361A95CDAED,ev_ebd0d6714ea4
relation_evidence,S265_EVIDENCE_9377E5D3726FE4726C24,ev_2bc8ca355a8b
relation_evidence,S265_EVIDENCE_9382F28CBD3ED1CA2736,ev_da8fc1db1664
relation_evidence,S265_EVIDENCE_939050DEB7C273910A77,ev_56301c287f6c
relation_evidence,S265_EVIDENCE_93949CD24D0A89BE4D7D,ev_6f69ee7831d8
relation_evidence,S265_EVIDENCE_939697AB8E09DEB01C40,ev_e6deab7e1062
relation_evidence,S265_EVIDENCE_939C73A59EF36E390C6A,ev_a1797b5e32a6
relation_evidence,S265_EVIDENCE_93C597DC2A907ECA679A,ev_a137d87b380c
relation_evidence,S265_EVIDENCE_94046D3B0255F9E379CD,ev_4b5782be908d
relation_evidence,S265_EVIDENCE_94384B0B9CB3FADAF70A,ev_52ea822c45f1
relation_evidence,S265_EVIDENCE_9440FC804BCB853E7D88,ev_7a8bb83b637f
relation_evidence,S265_EVIDENCE_9442E9D0812551E8BF11,ev_ee592ba504f0
relation_evidence,S265_EVIDENCE_944E8A739D46599501B7,ev_524e0eb6858e
relation_evidence,S265_EVIDENCE_944FC0AB675E4679460C,ev_db2f95714904
relation_evidence,S265_EVIDENCE_945CB09C48DC9EFBCFFE,ev_997feb4d3697
relation_evidence,S265_EVIDENCE_9463F675D4ADBEEA595C,ev_252a75bb9634
relation_evidence,S265_EVIDENCE_946FA7C593F30EC9DD61,ev_e4fad2c6d2a1
relation_evidence,S265_EVIDENCE_948B39B1F24519997A9C,ev_1685c5c0f088
relation_evidence,S265_EVIDENCE_949A54F199D9A700067A,ev_c8021527cbb6
relation_evidence,S265_EVIDENCE_949ABC603A1D160C32D7,ev_9b48ca186b76
relation_evidence,S265_EVIDENCE_94E06C7CE6A0A36E3381,ev_1abc8cac316b
relation_evidence,S265_EVIDENCE_94FE1F44CAA9EA55AAD9,ev_8e5f246f94e9
relation_evidence,S265_EVIDENCE_951CBB619E943342C93E,ev_ff2389f36680
relation_evidence,S265_EVIDENCE_953328F005A225E3BEBE,ev_00595de3734a
relation_evidence,S265_EVIDENCE_95A34B6CF802D2449A88,ev_53edbec0ff9e
relation_evidence,S265_EVIDENCE_95BB00BE7DB13A0068B6,ev_c2b30672622d
relation_evidence,S265_EVIDENCE_95C6C33BE1B137711C5A,ev_45c1bf247da5
relation_evidence,S265_EVIDENCE_960148292C5D5B025ADC,ev_771e7bb04aac
relation_evidence,S265_EVIDENCE_960F457FBDA0970004AD,ev_d11786747dfd
relation_evidence,S265_EVIDENCE_962B721DA0AC373C9549,ev_7d5ae58aafad
relation_evidence,S265_EVIDENCE_964154BA50887C6D90D3,ev_8ead5d8fcf93
relation_evidence,S265_EVIDENCE_966147317FE15D806182,ev_98203ed678ff
relation_evidence,S265_EVIDENCE_9669225884DA13963805,ev_1958d9cee1ca
relation_evidence,S265_EVIDENCE_966CF077353444D7887B,ev_ba459de0de57
relation_evidence,S265_EVIDENCE_9697321055FB3D886571,ev_3ec0dda5cffa
relation_evidence,S265_EVIDENCE_96BC00A0E0A4FBF903AE,ev_c2af9a4100ed
relation_evidence,S265_EVIDENCE_96CB7FCF0D6814063530,ev_2976e9a3dee3
relation_evidence,S265_EVIDENCE_97079E5C6E5C05036A65,ev_fcedbdb89eca
relation_evidence,S265_EVIDENCE_970D515E5857ED1576A4,ev_5bbfd7d2786a
relation_evidence,S265_EVIDENCE_9720358DAFE7C2DCBC11,ev_941a7d145368
relation_evidence,S265_EVIDENCE_9765EFD837F49D06D667,ev_3260428b2a10
relation_evidence,S265_EVIDENCE_9767386DB3AE9CEA72D6,ev_5289b663d6dc
relation_evidence,S265_EVIDENCE_97925215F4A7F7E783C4,ev_892700cc735b
relation_evidence,S265_EVIDENCE_979308EEE232504C5CF1,ev_2a51c5f972de
relation_evidence,S265_EVIDENCE_979A8A8911ADCFF84162,ev_b79ad272427e
relation_evidence,S265_EVIDENCE_97C20658E91FECE947CA,ev_c88c2aface32
relation_evidence,S265_EVIDENCE_97D9820F8B4F9F297967,ev_3963cd232ebb
relation_evidence,S265_EVIDENCE_97F88E97EDCA3704B948,ev_bfe6b054334a
relation_evidence,S265_EVIDENCE_9801C0376B02C08EF28E,ev_808bf9bebc2a
relation_evidence,S265_EVIDENCE_981812B6B874654F8FC2,ev_8a3ab259ddee
relation_evidence,S265_EVIDENCE_984EB8E2C282F23D0D7F,ev_659365d60237
relation_evidence,S265_EVIDENCE_9854503DABFC421BB13E,ev_c0245ab30898
relation_evidence,S265_EVIDENCE_9873F68639B108F1E551,ev_14af3f83601c
relation_evidence,S265_EVIDENCE_987D2F15116102EDAB48,ev_d13482b3161d
relation_evidence,S265_EVIDENCE_98B2A7289FDC07A6EDF3,ev_f29c963ed21c
relation_evidence,S265_EVIDENCE_98BB61680CCD85EA9260,ev_1fc7e52de208
relation_evidence,S265_EVIDENCE_98C4DDCD7998873E071F,ev_974d96c53997
relation_evidence,S265_EVIDENCE_98D00E2873573114E8C3,ev_092a82ff49a2
relation_evidence,S265_EVIDENCE_98D89EE73FC503976D2F,ev_fd87983dbac6
relation_evidence,S265_EVIDENCE_9913CBA3563F7B421ED0,ev_7026cacc6069
relation_evidence,S265_EVIDENCE_992D53BB43079E54AD16,ev_31ae26cadb79
relation_evidence,S265_EVIDENCE_9947618C6BB731F452EE,ev_2d20a064d44f
relation_evidence,S265_EVIDENCE_995CEE698CD06B614EC5,ev_660db70f5538
relation_evidence,S265_EVIDENCE_9966DD49168DCD925D31,ev_c9d213ef74b8
relation_evidence,S265_EVIDENCE_996CE3305AF6995E51CB,ev_c08ff7ebaaa3
relation_evidence,S265_EVIDENCE_9985C0B18D7E0A2FCC8E,ev_f8be0a73b962
relation_evidence,S265_EVIDENCE_99932CD376AB22C418E7,ev_4f51ae8ef16d
relation_evidence,S265_EVIDENCE_99CD37F5D7B19E331A36,ev_c3288b0162e3
relation_evidence,S265_EVIDENCE_99F8E8376864D4D4ED01,ev_9b56b317f60d
relation_evidence,S265_EVIDENCE_99FCE14B64E0226E61BF,ev_cf93b7a90316
relation_evidence,S265_EVIDENCE_9A0989B98C4636AF3DAA,ev_ce3f06bea5a1
relation_evidence,S265_EVIDENCE_9A1590E31AFFA31E7027,ev_dc70c9943034
relation_evidence,S265_EVIDENCE_9A2E00AB52F5E317F0D0,ev_875d28e7d7ed
relation_evidence,S265_EVIDENCE_9A54C2B026EABC36A24B,ev_a9d8f6824e0c
relation_evidence,S265_EVIDENCE_9A697E4B2CBA7AF81D2D,ev_ef986a0fded0
relation_evidence,S265_EVIDENCE_9A82241398ECF3E8190D,ev_b51b3a18350e
relation_evidence,S265_EVIDENCE_9A9BB2C741F86855EF42,ev_f6d307a7c4cb
relation_evidence,S265_EVIDENCE_9AAA0EF31E870FFF9242,ev_0af0fdb5836e
relation_evidence,S265_EVIDENCE_9AD90C1E095FA6B433E0,ev_daecab90d56e
relation_evidence,S265_EVIDENCE_9AF93D33C1240E3F34AE,ev_bd58236fe8b6
relation_evidence,S265_EVIDENCE_9B1F5D3366A9E8CE158F,ev_5ceb80b6d1b9
relation_evidence,S265_EVIDENCE_9B3E9A6636F9C0CD138E,ev_f8bcb9823a64
relation_evidence,S265_EVIDENCE_9B405FA4E015AE405E0E,ev_2ca2c37383de
relation_evidence,S265_EVIDENCE_9B4D9DB4FD7F501592BC,ev_39223fe8555e
relation_evidence,S265_EVIDENCE_9B7C706B0EE6AB31F250,ev_d0cd85842cda
relation_evidence,S265_EVIDENCE_9B8A82D6BBF0746757D9,ev_a46bf6fe2aff
relation_evidence,S265_EVIDENCE_9B92E5B690AE58F925ED,ev_2fa498c6ca27
relation_evidence,S265_EVIDENCE_9B966DE910F13606A27E,ev_88a1884d48e6
relation_evidence,S265_EVIDENCE_9B977F89B548B819FE2F,ev_5a4ba6bfd425
relation_evidence,S265_EVIDENCE_9B99B8EA2E8C226C52FD,ev_14c5e148d670
relation_evidence,S265_EVIDENCE_9B9D9BA9EF924E6DE8E4,ev_ba363d9a8787
relation_evidence,S265_EVIDENCE_9BA05176E25D4DCABC29,ev_0251b0f52f02
relation_evidence,S265_EVIDENCE_9BBAAA0746BE3832DE1B,ev_c37fa38ffda6
relation_evidence,S265_EVIDENCE_9BD3B3BBBD1E4EC7C37E,ev_5d86fbfbede9
relation_evidence,S265_EVIDENCE_9BD6B8F41DDC404FABF5,ev_94af85772245
relation_evidence,S265_EVIDENCE_9BE37BF9A2D3CC1D7C89,ev_691a76db0bd6
relation_evidence,S265_EVIDENCE_9BEA6032A814B05DE09C,ev_10b593c0a3cd
relation_evidence,S265_EVIDENCE_9C0EA7A4E63AD57E065B,ev_8316794361e7
relation_evidence,S265_EVIDENCE_9C0F71325A9D81B26D7D,ev_73003f8e931d
relation_evidence,S265_EVIDENCE_9C1C0D8B201191C43DDF,ev_2a53e7367241
relation_evidence,S265_EVIDENCE_9C62573B1DB57DD8DCFC,ev_b5132882b4d1
relation_evidence,S265_EVIDENCE_9C6492E13731354E15AC,ev_4ca7d5819d31
relation_evidence,S265_EVIDENCE_9C71B54BD58C733540FC,ev_d53f65f3ed1e
relation_evidence,S265_EVIDENCE_9C7513B6C424763E1DA8,ev_1d71332a54eb
relation_evidence,S265_EVIDENCE_9C7714AB0C3358E29CB0,ev_9e783daa2481
relation_evidence,S265_EVIDENCE_9C9B91420A58608B654F,ev_e8b8da5b0158
relation_evidence,S265_EVIDENCE_9C9DB0D5181817030227,ev_1d4a3cdde73c
relation_evidence,S265_EVIDENCE_9CD68A84F6863BEC8879,ev_9365121ec5c8
relation_evidence,S265_EVIDENCE_9CD6E99E4C32FEE20E32,ev_36c0fb6a46dd
relation_evidence,S265_EVIDENCE_9CD9888A90C78BF8A0B4,ev_d4dbb6b1a06d
relation_evidence,S265_EVIDENCE_9CE26008B51A54DB96E0,ev_97baf04211b3
relation_evidence,S265_EVIDENCE_9CF532A4B4BB8057C9F3,ev_f272398d1c49
relation_evidence,S265_EVIDENCE_9CF92BB74F86837A7A28,ev_b0230ab776d0
relation_evidence,S265_EVIDENCE_9D2FD037E49846E45CE0,ev_24259a025883
relation_evidence,S265_EVIDENCE_9D31BA6FA36855B056C4,ev_415c42de1dac
relation_evidence,S265_EVIDENCE_9D3CDF1FF0215D009F04,ev_15fb232e36be
relation_evidence,S265_EVIDENCE_9D798945E9CA3DF5387C,ev_520e8fd86e4e
relation_evidence,S265_EVIDENCE_9D7BC7BF081708277F77,ev_afe650a76372
relation_evidence,S265_EVIDENCE_9D9098E53D0CC397F5ED,ev_f4ff9efe8fc0
relation_evidence,S265_EVIDENCE_9D93AB149C1E98405F3A,ev_6f44abc8715d
relation_evidence,S265_EVIDENCE_9D9A08F03665E16CE8C3,ev_36aade827b9a
relation_evidence,S265_EVIDENCE_9DBB484939DF74823AA0,ev_945704439bea
relation_evidence,S265_EVIDENCE_9DD578C96F47D50BB02B,ev_d4ac4b20edc7
relation_evidence,S265_EVIDENCE_9E1D6E3685D36F785DDA,ev_fc034bbef756
relation_evidence,S265_EVIDENCE_9E3C6B716903DBE3BC47,ev_88156e735ab0
relation_evidence,S265_EVIDENCE_9E4E2469108F90E62F81,ev_a6bafb5b267d
relation_evidence,S265_EVIDENCE_9E5082062D8C389EC76F,ev_8cb563cf49d3
relation_evidence,S265_EVIDENCE_9E52A3DF52671F62DA1B,ev_7d088adc8fa1
relation_evidence,S265_EVIDENCE_9E5F3FB07A412D6E79E7,ev_b905cfe04ba1
relation_evidence,S265_EVIDENCE_9E9556DF467A9BAA65AF,ev_ac127035e605
relation_evidence,S265_EVIDENCE_9EA3A47FED5FE89801D0,ev_9115f81a3e9e
relation_evidence,S265_EVIDENCE_9EB8D80278932B51CF6D,ev_fe8111a75617
relation_evidence,S265_EVIDENCE_9EC76996EF6661BCE92C,ev_16d9c2ed8071
relation_evidence,S265_EVIDENCE_9EE5D4AE315577C39C24,ev_72b98745789d
relation_evidence,S265_EVIDENCE_9F20D6233D6B8FF0C88D,ev_502bf81de3e3
relation_evidence,S265_EVIDENCE_9F2D7872DEDB347EFC2C,ev_a06959b70e52
relation_evidence,S265_EVIDENCE_9F3457FA1099CD7D290D,ev_4c3b7a3b37b4
relation_evidence,S265_EVIDENCE_9F47B080454A600F7175,ev_77045fd3b3c5
relation_evidence,S265_EVIDENCE_9F4D087C9D5CC0287F30,ev_abaa1813a05b
relation_evidence,S265_EVIDENCE_9F5E7DA530EB0A96E24D,ev_f17fb328d7af
relation_evidence,S265_EVIDENCE_9F62CDDCD2422C1D42F6,ev_9131af0708c1
relation_evidence,S265_EVIDENCE_9F65A654B3C7097E7EA1,ev_26fdad249e2b
relation_evidence,S265_EVIDENCE_9F68E42F148286035330,ev_9448f33d0d0b
relation_evidence,S265_EVIDENCE_9F6BD6077D198B3C7D24,ev_c8ebf621dc9c
relation_evidence,S265_EVIDENCE_9FA42F2A342C5B0621F9,ev_053433a3a66d
relation_evidence,S265_EVIDENCE_9FCFA5B9B3F718C19DF9,ev_4c2166b13403
relation_evidence,S265_EVIDENCE_9FE81029972DC3C73296,ev_014e43ec2bd8
relation_evidence,S265_EVIDENCE_A0066D066A5A575CE107,ev_c08c952b73af
relation_evidence,S265_EVIDENCE_A02D6ED9C69EA6C2B6AF,ev_7221ea0ee961
relation_evidence,S265_EVIDENCE_A035DBD82F78A92EA1C5,ev_6a8b29e6b3e6
relation_evidence,S265_EVIDENCE_A04D919CAA53F8E34788,ev_4da372ef0c8c
relation_evidence,S265_EVIDENCE_A0542394D18C39AF6E92,ev_850fc6f55ef7
relation_evidence,S265_EVIDENCE_A0558C5ED3C223D38A9C,ev_ac95be58f982
relation_evidence,S265_EVIDENCE_A065B8ADD8839E3A7268,ev_a5b298ea5eee
relation_evidence,S265_EVIDENCE_A067845D744ED1AA1B7C,ev_42ca324cdca3
relation_evidence,S265_EVIDENCE_A078238E18F75843C586,ev_253f5b983b02
relation_evidence,S265_EVIDENCE_A083CBE5DA8AD064E158,ev_be8d0b451b6d
relation_evidence,S265_EVIDENCE_A08D271CF2F55450BEAC,ev_d3dfb4e95a5d
relation_evidence,S265_EVIDENCE_A090D5BB46A007415F64,ev_5b04b4e13a4e
relation_evidence,S265_EVIDENCE_A09CAA3066A3E9EDBD5E,ev_0c756f9b1341
relation_evidence,S265_EVIDENCE_A0BD43CEFADE8F068B59,ev_d9d0d353a72e
relation_evidence,S265_EVIDENCE_A0C2B0390ECBA8A4E592,ev_5d9dd0f0760c
relation_evidence,S265_EVIDENCE_A0C8944AA3CF2C1E5C7E,ev_152301532a37
relation_evidence,S265_EVIDENCE_A0E9059E36193E7C6454,ev_34b22194075b
relation_evidence,S265_EVIDENCE_A0E906185375BB96E8F6,ev_028bf9d1115b
relation_evidence,S265_EVIDENCE_A0F1FC178022E8BAFEB0,ev_42e274c48da6
relation_evidence,S265_EVIDENCE_A0FC2A13FAC6A0076D1C,ev_b2c47495cf76
relation_evidence,S265_EVIDENCE_A12513F2CED965949904,ev_6507bfc48eca
relation_evidence,S265_EVIDENCE_A1310228CA882EC1EE35,ev_3b65ea3e4950
relation_evidence,S265_EVIDENCE_A135B7D53666838A9DEB,ev_8f990bec1524
relation_evidence,S265_EVIDENCE_A1400A77CF6E340D28E6,ev_5dc71968bec6
relation_evidence,S265_EVIDENCE_A154246E3D31ABA3DB2D,ev_c9487f238d73
relation_evidence,S265_EVIDENCE_A1563B2F12DD4080A39D,ev_f41aa3075fad
relation_evidence,S265_EVIDENCE_A17A4BACE1F0E206F1F7,ev_0f1ac0c16802
relation_evidence,S265_EVIDENCE_A19A7A80B02A4A90314F,ev_73297bd4be36
relation_evidence,S265_EVIDENCE_A19B372F6976FF42C47A,ev_766c98dc5f95
relation_evidence,S265_EVIDENCE_A1CB6F69CCAB51DAED58,ev_7536becc0b2b
relation_evidence,S265_EVIDENCE_A1CC6C4745CE1B740C38,ev_44421a9efeae
relation_evidence,S265_EVIDENCE_A1E78826CD7EF9705E54,ev_92317cffca21
relation_evidence,S265_EVIDENCE_A20272C2F28E56B35A44,ev_2035fec45e94
relation_evidence,S265_EVIDENCE_A20D1489E921888C2970,ev_542b1706838b
relation_evidence,S265_EVIDENCE_A22BC9F37A349CF08C0B,ev_17e3c2f0f7c9
relation_evidence,S265_EVIDENCE_A23B1645831C7F72E35F,ev_f2439450134a
relation_evidence,S265_EVIDENCE_A24B3F8C32138483D359,ev_ac0b893046d8
relation_evidence,S265_EVIDENCE_A2A30014019A2C06E96A,ev_3cc04649b979
relation_evidence,S265_EVIDENCE_A2B350EBAD14D24BEEE6,ev_29e7cba334ed
relation_evidence,S265_EVIDENCE_A2BEDD95CAF7C4C88860,ev_3314cb4939d8
relation_evidence,S265_EVIDENCE_A2C6C977C061F0BCADBA,ev_02cd67f3e662
relation_evidence,S265_EVIDENCE_A2D46D743955B1ACE593,ev_a4c854a358e8
relation_evidence,S265_EVIDENCE_A2F6F55C37C36DF035D1,ev_697f2711cd3f
relation_evidence,S265_EVIDENCE_A31A51AB8C85822C3CC3,ev_5ce22fafb4d3
relation_evidence,S265_EVIDENCE_A32849F50BC4C83A96D3,ev_d82cbb40ff1f
relation_evidence,S265_EVIDENCE_A329B4F20F1D98498FA4,ev_20cc89b26617
relation_evidence,S265_EVIDENCE_A34018477F4BFDA00AE2,ev_8da07e6b688a
relation_evidence,S265_EVIDENCE_A34BCAC95C65F0B8A995,ev_4abfd0fb811e
relation_evidence,S265_EVIDENCE_A34CB53FB364218B7516,ev_9d694b93b6fe
relation_evidence,S265_EVIDENCE_A353B6A1F5A3B48E0412,ev_8615858a3956
relation_evidence,S265_EVIDENCE_A3555D34519DEC3DEC87,ev_5784da743ada
relation_evidence,S265_EVIDENCE_A364DBD613D08554FC74,ev_12f129773545
relation_evidence,S265_EVIDENCE_A3942C8837E96ED8C8BC,ev_441485600f08
relation_evidence,S265_EVIDENCE_A3A9BCD654BA3FC9C9EC,ev_4fc986182953
relation_evidence,S265_EVIDENCE_A3D83D31C51D6150DF09,ev_6acaea278fc1
relation_evidence,S265_EVIDENCE_A3EA80850810BCAC620F,ev_5f41774f1428
relation_evidence,S265_EVIDENCE_A3F1B2A369DDB2EB19E2,ev_94009a7e271e
relation_evidence,S265_EVIDENCE_A3F49922E3500AECB2AC,ev_821dac8f3dbf
relation_evidence,S265_EVIDENCE_A4056EAE05D7EC99145D,ev_a31ec455f6d3
relation_evidence,S265_EVIDENCE_A421FDE37A387463ED5B,ev_83c6a19b2178
relation_evidence,S265_EVIDENCE_A42B6BB3F5AE9597E206,ev_155971bbc055
relation_evidence,S265_EVIDENCE_A4454D39B456899915FA,ev_b3633dc5306e
relation_evidence,S265_EVIDENCE_A44A856ECC1FA7965957,ev_a3265b44dc48
relation_evidence,S265_EVIDENCE_A44E721E75A916FA5A7D,ev_ee01193ff8d4
relation_evidence,S265_EVIDENCE_A45FBFBB39070390F29F,ev_a5a7529bf683
relation_evidence,S265_EVIDENCE_A4675E998DE5D0EF0765,ev_ddf535aa60df
relation_evidence,S265_EVIDENCE_A4725213C2BDBCAFD344,ev_b9f3e073ca2a
relation_evidence,S265_EVIDENCE_A48C97A1D313CBBC0185,ev_26d21968099c
relation_evidence,S265_EVIDENCE_A48D8F60738A5506D192,ev_d893e2b2008a
relation_evidence,S265_EVIDENCE_A4AF1920B954B7C49B9B,ev_d97ef13b2442
relation_evidence,S265_EVIDENCE_A4B80A58EEE2DA595699,ev_1cf5f3ac0865
relation_evidence,S265_EVIDENCE_A4C2FD3E95E47A14DD79,ev_08702fabe3f7
relation_evidence,S265_EVIDENCE_A4D40ED92B1C5FD98B3F,ev_4e26dc5668d9
relation_evidence,S265_EVIDENCE_A4E81936C96921123D82,ev_f6f92782ac20
relation_evidence,S265_EVIDENCE_A514877D20A09D516989,ev_36516ca699d6
relation_evidence,S265_EVIDENCE_A536783CAC8EBE33691D,ev_8783bc71d000
relation_evidence,S265_EVIDENCE_A57AE3B837C8406CDBB8,ev_1723b89d6c96
relation_evidence,S265_EVIDENCE_A583CB665791D3C0D8F9,ev_6f1eb20eec3f
relation_evidence,S265_EVIDENCE_A584FD89D7D6C79106CD,ev_29bfda8737ce
relation_evidence,S265_EVIDENCE_A5BE69EDE4F81F6D4F41,ev_7cffdf64c359
relation_evidence,S265_EVIDENCE_A5BE9BFFE54EA263886F,ev_98086334b72c
relation_evidence,S265_EVIDENCE_A5C741F1E02B4358DEF3,ev_2497076b28e4
relation_evidence,S265_EVIDENCE_A5CF3312C87E13C1AF77,ev_c9c649de6cf7
relation_evidence,S265_EVIDENCE_A5CF8E5B8175123BEAED,ev_513eec552257
relation_evidence,S265_EVIDENCE_A5D4D520C2267F60159E,ev_adfef3634b9a
relation_evidence,S265_EVIDENCE_A5EA16780B95F230DD0A,ev_6535c4029f17
relation_evidence,S265_EVIDENCE_A6029777791B8ADF6E49,ev_e52fd50f95db
relation_evidence,S265_EVIDENCE_A63190C74E19DED4FA18,ev_4ffda297d454
relation_evidence,S265_EVIDENCE_A64A6E01B5C418065F9F,ev_2828cd363620
relation_evidence,S265_EVIDENCE_A6585ECE0A3DA52CB9D3,ev_0a4b3e7c5b4b
relation_evidence,S265_EVIDENCE_A65AE3E3F78D1A3D4C20,ev_f837dcf3a156
relation_evidence,S265_EVIDENCE_A669985A26EEFDA2C77A,ev_800db3de072e
relation_evidence,S265_EVIDENCE_A673FF2B12FF1FF1D25A,ev_97f399424f6d
relation_evidence,S265_EVIDENCE_A68501F70AD30FAC0202,ev_de735b849154
relation_evidence,S265_EVIDENCE_A6A1062CC1FFC49311BC,ev_323b8a8a3de9
relation_evidence,S265_EVIDENCE_A6E0981E7ADA1EFAD406,ev_2bf84ca89e7a
relation_evidence,S265_EVIDENCE_A6E0A014ED4F35A7D46E,ev_081d5190c54a
relation_evidence,S265_EVIDENCE_A6E25DF8AA70A22CBD6F,ev_b552f5598730
relation_evidence,S265_EVIDENCE_A6E38B2B50621E17FE01,ev_70b757477b86
relation_evidence,S265_EVIDENCE_A71DFA240BEA61CE6638,ev_a4c85e8e62d0
relation_evidence,S265_EVIDENCE_A74BA33736FB50E50E6F,ev_5b72c0f3762e
relation_evidence,S265_EVIDENCE_A7542E30F22C2D5C3BB2,ev_4c970c6e78cc
relation_evidence,S265_EVIDENCE_A7567DC3C17FB97E4A53,ev_696eccb509c6
relation_evidence,S265_EVIDENCE_A7631613B1EFA16A6FFA,ev_f7608b8084db
relation_evidence,S265_EVIDENCE_A77F4EBB833DEC05CA2B,ev_fcf4bba9fd67
relation_evidence,S265_EVIDENCE_A78F32E70FD5C6D1ED25,ev_fb495d518cad
relation_evidence,S265_EVIDENCE_A79560C616D10312F581,ev_0d8e6c75bffb
relation_evidence,S265_EVIDENCE_A797BC10613D7FBBEA9E,ev_b9935b31c5fd
relation_evidence,S265_EVIDENCE_A7AA92C98E8D4C8E6B6A,ev_fd94162b6e3b
relation_evidence,S265_EVIDENCE_A7ADCDA913EE1BAAD080,ev_c42f8e9bae33
relation_evidence,S265_EVIDENCE_A7B7ABAF265FAABEB1EB,ev_3e5bb85aa6a3
relation_evidence,S265_EVIDENCE_A7D40AB284EBF1DC7C6E,ev_f9678f79b276
relation_evidence,S265_EVIDENCE_A7DD05A787D2115297F9,ev_4e563c65a258
relation_evidence,S265_EVIDENCE_A7E7AABB9271A8EDC156,ev_530e874bb457
relation_evidence,S265_EVIDENCE_A7FECB4FC05589BFCB53,ev_c9063c5401e5
relation_evidence,S265_EVIDENCE_A800800FBAEE86A9958D,ev_b0f1ac0ea4ca
relation_evidence,S265_EVIDENCE_A806E56F186A4A2E637A,ev_200386e043f9
relation_evidence,S265_EVIDENCE_A828B3DF8546687D6897,ev_d991123a1fb4
relation_evidence,S265_EVIDENCE_A8351D3A8A382CD5C628,ev_896ac5de5b0b
relation_evidence,S265_EVIDENCE_A844893A52126DE828CE,ev_f3d2af6f8e7b
relation_evidence,S265_EVIDENCE_A85339BBE8DA2519265F,ev_e9e43dab838c
relation_evidence,S265_EVIDENCE_A8663836C21766B1D0CE,ev_11a1eed9f0bd
relation_evidence,S265_EVIDENCE_A876967FA2532F7603FE,ev_6dd8d7b0d32a
relation_evidence,S265_EVIDENCE_A894FC14B603068D937C,ev_18b8d34397c7
relation_evidence,S265_EVIDENCE_A8DA91661B43297C1DA2,ev_d18aa1caf8d9
relation_evidence,S265_EVIDENCE_A8E520B02855819350EB,ev_8cee94c13dd7
relation_evidence,S265_EVIDENCE_A8F321BFBA2BC9482BE0,ev_49b957cfc0ac
relation_evidence,S265_EVIDENCE_A8FA8474CCBD19CCF045,ev_7bd65e1bb9c6
relation_evidence,S265_EVIDENCE_A919BCEFF822EE88B87A,ev_ed947634eca9
relation_evidence,S265_EVIDENCE_A938421F29667F9DE807,ev_0ab877a25e69
relation_evidence,S265_EVIDENCE_A93B52C300EE401EA11D,ev_45f5f284ffaa
relation_evidence,S265_EVIDENCE_A944444E276540C46325,ev_c41fde591363
relation_evidence,S265_EVIDENCE_A96005B410680B7813FB,ev_058e30f4c245
relation_evidence,S265_EVIDENCE_A96F6A1F9F92834787E4,ev_082ef3e322f5
relation_evidence,S265_EVIDENCE_A9746B87B6FB02E3BF57,ev_d1590a1ec2f0
relation_evidence,S265_EVIDENCE_A9A96F6CB91BEC82A247,ev_30eb8d1c2a9a
relation_evidence,S265_EVIDENCE_A9B2FB2BF5D8757BD6C5,ev_2eda80f8e48b
relation_evidence,S265_EVIDENCE_A9C3C9E74FFFE2030E98,ev_ef215203e920
relation_evidence,S265_EVIDENCE_A9F844450479A54B468B,ev_d79d22fe24b6
relation_evidence,S265_EVIDENCE_AA0FCF7212A57574F21C,ev_0ecd005eec38
relation_evidence,S265_EVIDENCE_AA1428695530738F97CB,ev_1f7b1730155e
relation_evidence,S265_EVIDENCE_AA349513688886C1E15E,ev_2d97ac764dee
relation_evidence,S265_EVIDENCE_AA5EC8F566B839AD2E99,ev_185880201ea2
relation_evidence,S265_EVIDENCE_AAA930266DB642229B2F,ev_ff5a2bd26166
relation_evidence,S265_EVIDENCE_AAAAC60E3DEC25A33592,ev_c1136020c2e6
relation_evidence,S265_EVIDENCE_AAACCAE302BF43C5B2AD,ev_d1938052ed50
relation_evidence,S265_EVIDENCE_AAB3E957C2E5769E1D8C,ev_1e79e40ef1a4
relation_evidence,S265_EVIDENCE_AAC480591FB06EF7E0C1,ev_f57048047715
relation_evidence,S265_EVIDENCE_AAF4653A595365C23E19,ev_30bc1c57f1ed
relation_evidence,S265_EVIDENCE_AAFF00040F8E3F7A67F3,ev_f09123812c5c
relation_evidence,S265_EVIDENCE_AB1E68FC630B7FA5B6EF,ev_37af0b33e8da
relation_evidence,S265_EVIDENCE_AB28F152F3154D0CB6F5,ev_7b94913fc54b
relation_evidence,S265_EVIDENCE_AB350B1D30B57707828A,ev_0838462160f7
relation_evidence,S265_EVIDENCE_AB3991C164B0DA14E738,ev_9d96aa69d53d
relation_evidence,S265_EVIDENCE_AB53B4D84D18A557B105,ev_8384fc7255b8
relation_evidence,S265_EVIDENCE_ABAE4E7C573699A3431E,ev_62573aa16adf
relation_evidence,S265_EVIDENCE_ABB2C3BB47D39622BDD2,ev_2a776b5f3f86
relation_evidence,S265_EVIDENCE_ABC44FC5A144C7DF749A,ev_a9983d731eff
relation_evidence,S265_EVIDENCE_ABD61A62ABB172DC6315,ev_882dd7c2c9b2
relation_evidence,S265_EVIDENCE_ABE03765F40CE67B7D59,ev_446c18b6df0b
relation_evidence,S265_EVIDENCE_ABE9923FF7F81F018BDB,ev_260fe373319a
relation_evidence,S265_EVIDENCE_ABEC06EDF4D1716232E6,ev_10461d75cc45
relation_evidence,S265_EVIDENCE_ABFAE5AA53898B114745,ev_54d9d0b7da53
relation_evidence,S265_EVIDENCE_AC1DE5417B76F908CE3D,ev_c0b2ba582b56
relation_evidence,S265_EVIDENCE_AC4EC87EA26FC6BA74E7,ev_921565f8acac
relation_evidence,S265_EVIDENCE_AC7A829BF9B6F2425D64,ev_edaa1a3b4dee
relation_evidence,S265_EVIDENCE_AC9D4AB0BEDAE18634CD,ev_5f1d2c3cc483
relation_evidence,S265_EVIDENCE_ACA912AAC8BFD164BB30,ev_fbcda36647a9
relation_evidence,S265_EVIDENCE_ACB5974DFD40A32B7C4E,ev_c41cee2d7b6d
relation_evidence,S265_EVIDENCE_ACDB1A0B0C32AAA1FC14,ev_ae57b26412f9
relation_evidence,S265_EVIDENCE_ACF79BE797FD641ABACD,ev_99c77fcd4552
relation_evidence,S265_EVIDENCE_ACFB793B370C40629A22,ev_e7df532555b7
relation_evidence,S265_EVIDENCE_AD029FEE08621DA0373C,ev_e78913507a28
relation_evidence,S265_EVIDENCE_AD1B0EB60FFAF216FF4A,ev_4f062a1ab60f
relation_evidence,S265_EVIDENCE_AD477C0395F8A5AF4675,ev_9e4a75f55e1f
relation_evidence,S265_EVIDENCE_AD5309BEDB65E34F5A3F,ev_5b3cd325d051
relation_evidence,S265_EVIDENCE_AD8561FB663DCD867946,ev_cfa571e01a97
relation_evidence,S265_EVIDENCE_AD8EFA620CA793DF1C0E,ev_f22de6c7b6f3
relation_evidence,S265_EVIDENCE_AD9B5F724C1B04998DB3,ev_0909524fe901
relation_evidence,S265_EVIDENCE_ADA4AFAFEC11B80C770F,ev_edcde2b63123
relation_evidence,S265_EVIDENCE_ADCB208A9F706750B56C,ev_2c08c2145477
relation_evidence,S265_EVIDENCE_ADDB5BCE1AD2FE49B545,ev_bffac6801f7a
relation_evidence,S265_EVIDENCE_ADED177CEDED0916983E,ev_3fc0ab9d0a86
relation_evidence,S265_EVIDENCE_AE10AD202CA594753A06,ev_bde4cbf34f2e
relation_evidence,S265_EVIDENCE_AE15F8ADD41CD394679D,ev_4bd95bd6eaad
relation_evidence,S265_EVIDENCE_AE269DE6D7E773F02123,ev_410f8e702d4c
relation_evidence,S265_EVIDENCE_AE3937D80B3ADCDDAEBD,ev_a5bd39fa302b
relation_evidence,S265_EVIDENCE_AE58899541DF83D3BD61,ev_3245f83a6206
relation_evidence,S265_EVIDENCE_AE783AFA764264AEEACE,ev_0a034227ca44
relation_evidence,S265_EVIDENCE_AE8A04182D0774E7EE46,ev_9ce3c7081097
relation_evidence,S265_EVIDENCE_AE8B403BE676670F0D7E,ev_4faa474f74d3
relation_evidence,S265_EVIDENCE_AEABC5F2747743F9EA8E,ev_091c42bf2f85
relation_evidence,S265_EVIDENCE_AEC41A67F693BD180B8D,ev_8f9c70e1e16b
relation_evidence,S265_EVIDENCE_AEE63371AAF7977EBEF4,ev_f37b9f71e0fc
relation_evidence,S265_EVIDENCE_AEEDED72F3B564068164,ev_4e173aac425f
relation_evidence,S265_EVIDENCE_AF069CAA4A93EC90504B,ev_2f0eca3d2d7c
relation_evidence,S265_EVIDENCE_AF06EF3E678C9B0E3699,ev_70c6bf957607
relation_evidence,S265_EVIDENCE_AF2DA63AA266139531A3,ev_0fb13dfbffe3
relation_evidence,S265_EVIDENCE_AF35C861C7FA0372C1ED,ev_93fd28e8c3c0
relation_evidence,S265_EVIDENCE_AF44E7AEFFB4287BA6AE,ev_d7fb2dc53255
relation_evidence,S265_EVIDENCE_AF4CCD8E6D6DDD4BDC4F,ev_a3a914023a8a
relation_evidence,S265_EVIDENCE_AF538C8E5875DB754DE0,ev_3171dccde41d
relation_evidence,S265_EVIDENCE_AF642FD7E27B8A9CDC56,ev_17aeebf8fe16
relation_evidence,S265_EVIDENCE_AF6B22C3CF5190AED6DB,ev_4e321f4b71d7
relation_evidence,S265_EVIDENCE_AF74D381A14C170F3C84,ev_c591c2e255ea
relation_evidence,S265_EVIDENCE_AF8DD1BB487019DF9F32,ev_4b5e92f3298a
relation_evidence,S265_EVIDENCE_AFAB4FDAE83384C64315,ev_b14e35d41536
relation_evidence,S265_EVIDENCE_AFB1D6B9DEF9049B291A,ev_991d5959bc69
relation_evidence,S265_EVIDENCE_AFDB5626854B3C1CEAF1,ev_d23c8a57e0e7
relation_evidence,S265_EVIDENCE_AFE77E6CB765974ED574,ev_9f518aef9670
relation_evidence,S265_EVIDENCE_AFEB6050F8B7F9B1666C,ev_f45d4924a0cb
relation_evidence,S265_EVIDENCE_B00DDF2190FD7164777C,ev_83e10d229ea4
relation_evidence,S265_EVIDENCE_B02EF69C7F1BE9CD3D39,ev_f84c66953547
relation_evidence,S265_EVIDENCE_B03DF1EFBA29F3AE884B,ev_c1dc7acc171e
relation_evidence,S265_EVIDENCE_B051858077AFDC5DB60F,ev_89571e4ecae3
relation_evidence,S265_EVIDENCE_B08CFCF757C05E9FF250,ev_9036406556f9
relation_evidence,S265_EVIDENCE_B0C7097F54CC9D2B3E46,ev_73f63ed4419d
relation_evidence,S265_EVIDENCE_B0E1D0717B4A9C31FDD1,ev_1190dd45df09
relation_evidence,S265_EVIDENCE_B0E4AFAC56D6B6D9A851,ev_656ac4bbd706
relation_evidence,S265_EVIDENCE_B0F1250AD53A4BC5CF0D,ev_7f16a48bb6fb
relation_evidence,S265_EVIDENCE_B10FDB771060A2D0D5AB,ev_c0497ee55945
relation_evidence,S265_EVIDENCE_B13058CA1FAB338C2B7B,ev_d30e3dc4371f
relation_evidence,S265_EVIDENCE_B1446F59BA4D8E5CFA4A,ev_39af8f0a675c
relation_evidence,S265_EVIDENCE_B148F249CFB35C172F4D,ev_6771c4a676d8
relation_evidence,S265_EVIDENCE_B151B7D79F86F94F4FE6,ev_13efe45f12fe
relation_evidence,S265_EVIDENCE_B15B1735F517CAFD0082,ev_5d77e182fd3e
relation_evidence,S265_EVIDENCE_B16B988F4926C8A28455,ev_217227a95298
relation_evidence,S265_EVIDENCE_B17BB25D33FEC9752519,ev_db5d656c36f1
relation_evidence,S265_EVIDENCE_B193D14CE513B24E7BCA,ev_715f7de9b9ab
relation_evidence,S265_EVIDENCE_B19FCBF754C684478A4C,ev_e61f6c1eded8
relation_evidence,S265_EVIDENCE_B1D365F97D3AD015CF33,ev_041ec99110a8
relation_evidence,S265_EVIDENCE_B1F65112A49FB38915E2,ev_ed5d0581f615
relation_evidence,S265_EVIDENCE_B230E9FDC7E412185EAF,ev_37fbc4c3f544
relation_evidence,S265_EVIDENCE_B24F18D9209FBBCEB918,ev_601078047a2e
relation_evidence,S265_EVIDENCE_B27B693CFF95798E0787,ev_4ac361e4935e
relation_evidence,S265_EVIDENCE_B2801E815D221ACD2953,ev_551a80878efc
relation_evidence,S265_EVIDENCE_B29418D5C3DFDE417EBB,ev_f5c3dda53a20
relation_evidence,S265_EVIDENCE_B2C8EEC937E18F03C2D4,ev_281ce4c6bae1
relation_evidence,S265_EVIDENCE_B2C9F0CB62FD2D105916,ev_814275d9a6d9
relation_evidence,S265_EVIDENCE_B2ED1487494700958589,ev_aca77b14edf3
relation_evidence,S265_EVIDENCE_B30285DDFEEE2A1FEB50,ev_e428cc36a539
relation_evidence,S265_EVIDENCE_B3043D5C30E8A33038D2,ev_e10ab80b0b10
relation_evidence,S265_EVIDENCE_B3048D2E0E1DB3849381,ev_3810c5bc7c43
relation_evidence,S265_EVIDENCE_B3276E0CFF819CEED9E6,ev_c4cc0f72e8a9
relation_evidence,S265_EVIDENCE_B3336B12CA869B488CF0,ev_9c1bc7433e42
relation_evidence,S265_EVIDENCE_B3352C892753EF953895,ev_317c366542bf
relation_evidence,S265_EVIDENCE_B3490A1AE055326DF53A,ev_215949a0722e
relation_evidence,S265_EVIDENCE_B34AFB88790E5132ECF5,ev_576e16ecbc16
relation_evidence,S265_EVIDENCE_B36D169E36304A07715C,ev_6ed5640231cb
relation_evidence,S265_EVIDENCE_B3A667C63D72E3CEABA5,ev_709d6d57c666
relation_evidence,S265_EVIDENCE_B3AE993CFB978F187871,ev_91a5d85b8da8
relation_evidence,S265_EVIDENCE_B3BDFF78EFB1BDCCB205,ev_bad976e59f7e
relation_evidence,S265_EVIDENCE_B3DF2FDDD2E409E7748F,ev_6ff8b36dcecf
relation_evidence,S265_EVIDENCE_B40CD08964C3307B1CDE,ev_e79e422fc917
relation_evidence,S265_EVIDENCE_B40DDAC9CCCFF3769AA0,ev_0b43e7ea34b4
relation_evidence,S265_EVIDENCE_B41F86E5288C30E183EA,ev_d1282e30a181
relation_evidence,S265_EVIDENCE_B424E694507358954060,ev_bbc78fff4841
relation_evidence,S265_EVIDENCE_B42CC022F16F5CD3F85E,ev_533e4c33920e
relation_evidence,S265_EVIDENCE_B447F8AF1547EAB6CDD6,ev_25263be0dde5
relation_evidence,S265_EVIDENCE_B45CC63438BBCA5F232F,ev_0e2f95a5c8a0
relation_evidence,S265_EVIDENCE_B474C9D693BF71EC2367,ev_5a572f90d2ae
relation_evidence,S265_EVIDENCE_B4775CB75B38E9A01D9E,ev_a5107e0cbb61
relation_evidence,S265_EVIDENCE_B47A3D02E79CABD4794C,ev_f68ab96b7a1b
relation_evidence,S265_EVIDENCE_B47F507289FE9B595860,ev_6a9426a60fd3
relation_evidence,S265_EVIDENCE_B498399B279A4C884C61,ev_03170c0fc7e9
relation_evidence,S265_EVIDENCE_B4CDFC89750A8D3E0639,ev_56819211478a
relation_evidence,S265_EVIDENCE_B4DD93E9CEF3BF3E84A5,ev_677d9ff2fa3b
relation_evidence,S265_EVIDENCE_B4DDE0FED21D22DE4CD6,ev_0cffa2eac351
relation_evidence,S265_EVIDENCE_B4DE39D246659B507890,ev_7078f24dad73
relation_evidence,S265_EVIDENCE_B4EDA58AC47782E39439,ev_ca8491ca4792
relation_evidence,S265_EVIDENCE_B4F3385E2C3DF7FDB772,ev_eb326ce34f3d
relation_evidence,S265_EVIDENCE_B50F8880B50794E76531,ev_3e17341e9392
relation_evidence,S265_EVIDENCE_B51D345CD84ACEFEF9BF,ev_e09a9f54d039
relation_evidence,S265_EVIDENCE_B5200245BF0B26766DF9,ev_a4d8a6f79e70
relation_evidence,S265_EVIDENCE_B532CDAB6EC050A3417F,ev_e7c6e59bf49f
relation_evidence,S265_EVIDENCE_B538398457FF953861C0,ev_80553aa2ea5d
relation_evidence,S265_EVIDENCE_B5493332560BAAA07887,ev_11670f03b8b3
relation_evidence,S265_EVIDENCE_B5549C895E915E9851E4,ev_d2d7e581e9fa
relation_evidence,S265_EVIDENCE_B555FC9472DBA60A0366,ev_39e4edd06732
relation_evidence,S265_EVIDENCE_B56FB9D4D0DC8DFAA2E0,ev_19f7d99bc7f7
relation_evidence,S265_EVIDENCE_B572C715F6C42471238C,ev_8a169b768771
relation_evidence,S265_EVIDENCE_B576BEA63043EEEF705D,ev_621c5178df63
relation_evidence,S265_EVIDENCE_B589BADD10FDE5EEC64B,ev_58755a5c8bca
relation_evidence,S265_EVIDENCE_B58CF926FEABD5DC94B9,ev_904ade6843b6
relation_evidence,S265_EVIDENCE_B596D847627CDA82734A,ev_e3c900336356
relation_evidence,S265_EVIDENCE_B5BEEC1FFAE4D6531D7C,ev_cf23526c3b94
relation_evidence,S265_EVIDENCE_B5C7A47ACC4D8FF7A61D,ev_db7e9876f33b
relation_evidence,S265_EVIDENCE_B5FEFE7FDE5F2D08862D,ev_5a709e01c726
relation_evidence,S265_EVIDENCE_B60D0300E81F263E3342,ev_3daecfbdc141
relation_evidence,S265_EVIDENCE_B61284FE9069441C50A5,ev_e773e7123c1c
relation_evidence,S265_EVIDENCE_B6183DE0835F7682B3AA,ev_55258c0c2827
relation_evidence,S265_EVIDENCE_B61889C9187E4E6F4584,ev_d420ad23588d
relation_evidence,S265_EVIDENCE_B64682B4E314624F94CF,ev_6762e0b13140
relation_evidence,S265_EVIDENCE_B6483012A4DC44A62CC3,ev_5a1da6adf6db
relation_evidence,S265_EVIDENCE_B65780FED39AC99F6D1F,ev_1a3e727a96f1
relation_evidence,S265_EVIDENCE_B67B52A79B6F222240CF,ev_af88658bc1f5
relation_evidence,S265_EVIDENCE_B681AA7B421CCA42C646,ev_127d02384e78
relation_evidence,S265_EVIDENCE_B68B77F0ED1F111AADD4,ev_fdd7f52c27f9
relation_evidence,S265_EVIDENCE_B6A024A7223EB980A906,ev_5542fa4291b5
relation_evidence,S265_EVIDENCE_B6A0D2B0785BCCABBB34,ev_706b83c2dc97
relation_evidence,S265_EVIDENCE_B6A76136D9A9EDCE8B5E,ev_effaf25f6db7
relation_evidence,S265_EVIDENCE_B6B23094A7ACBA9D3282,ev_7ad20dcd5834
relation_evidence,S265_EVIDENCE_B6B34FFC640F602B42FE,ev_17b4878795a6
relation_evidence,S265_EVIDENCE_B6EEC7AA56C930B825EF,ev_042e5d744275
relation_evidence,S265_EVIDENCE_B70DEB4B9B51117EBCDA,ev_0ff1261bcc53
relation_evidence,S265_EVIDENCE_B7189E5DA74FA0F85CF9,ev_b411d53a98b0
relation_evidence,S265_EVIDENCE_B7196DEAF0634DCC3E78,ev_0d95da892cf8
relation_evidence,S265_EVIDENCE_B7261D43787A438EE76F,ev_8bb2dae94b37
relation_evidence,S265_EVIDENCE_B735DDED2EEB468F26D5,ev_cce14a49bbd7
relation_evidence,S265_EVIDENCE_B73F6D2374347245270B,ev_93a46502c40b
relation_evidence,S265_EVIDENCE_B75274FB7038B4D38D59,ev_b2dfadd30880
relation_evidence,S265_EVIDENCE_B75CD22BF3FF53D4193E,ev_886043402702
relation_evidence,S265_EVIDENCE_B76506E2526B31C02BB5,ev_91baa06bcf71
relation_evidence,S265_EVIDENCE_B768D4E4F3BB8005DE79,ev_3210a18d3da3
relation_evidence,S265_EVIDENCE_B771A424631B78C1617C,ev_be3e201f8985
relation_evidence,S265_EVIDENCE_B78FDD7B867FD3C666E0,ev_dee86045f3ef
relation_evidence,S265_EVIDENCE_B79610B7B8E7D6C571F6,ev_9254f0da8418
relation_evidence,S265_EVIDENCE_B79D3A72A12E9AFC5BD3,ev_fe42d7d5b58f
relation_evidence,S265_EVIDENCE_B7D0112231A20D2BFA2F,ev_2c9347292fc4
relation_evidence,S265_EVIDENCE_B7D70A74C9A933D74E8D,ev_d718e06a96de
relation_evidence,S265_EVIDENCE_B7E701AA323D799F715D,ev_cc9c8c3b2013
relation_evidence,S265_EVIDENCE_B7F24D5AC96D5BE8B3A5,ev_de7c5bcd060d
relation_evidence,S265_EVIDENCE_B806CD3F84A4AF3C3871,ev_afa2ba6419da
relation_evidence,S265_EVIDENCE_B8386BCC77077EFAD587,ev_c6035cbc02a4
relation_evidence,S265_EVIDENCE_B85D96EA81529BFC8BBA,ev_49fefd1186e9
relation_evidence,S265_EVIDENCE_B86C5B276D4923799635,ev_b68b2fa1d1fc
relation_evidence,S265_EVIDENCE_B89670FB49DFA9107F11,ev_368c0661248a
relation_evidence,S265_EVIDENCE_B89A94DF0BAAF348A897,ev_8f5b0a99e0f5
relation_evidence,S265_EVIDENCE_B89F3E4F998180ADCFDE,ev_47f61afb537b
relation_evidence,S265_EVIDENCE_B8A5166AC040991354C7,ev_306e37536574
relation_evidence,S265_EVIDENCE_B8ABFEB1386A551A2E74,ev_f6fad1c9a289
relation_evidence,S265_EVIDENCE_B8BF83931AA4B03F3A32,ev_5b3f27bc1cf5
relation_evidence,S265_EVIDENCE_B8D9555E8B4A94ED4100,ev_be642d491d85
relation_evidence,S265_EVIDENCE_B8E15829F72D3FAF805E,ev_2d7d33c24d90
relation_evidence,S265_EVIDENCE_B8E903C521A5B3617EE4,ev_4283c1893006
relation_evidence,S265_EVIDENCE_B8FDA0FE026062956ADC,ev_81286007c11c
relation_evidence,S265_EVIDENCE_B8FF91462EC0515281B9,ev_79c523c48716
relation_evidence,S265_EVIDENCE_B8FFF58EFFCBDC9683CE,ev_8294b171ec16
relation_evidence,S265_EVIDENCE_B91E49CE59AAD3ED1892,ev_04eb86590751
relation_evidence,S265_EVIDENCE_B9764DA63F14970B7E72,ev_5acb7ebc78fd
relation_evidence,S265_EVIDENCE_B991AA7EE78A13D63ECE,ev_7121675dae73
relation_evidence,S265_EVIDENCE_B9A09E220405AB94ABD1,ev_78af44824163
relation_evidence,S265_EVIDENCE_B9A9B47073DCE23B9613,ev_c6894ea8b8f0
relation_evidence,S265_EVIDENCE_B9B5BE44F77C666C0DAE,ev_761987c097b3
relation_evidence,S265_EVIDENCE_B9C597F1169D5EA0FCB3,ev_aea03fc2da6f
relation_evidence,S265_EVIDENCE_B9C737E0B34F4E34E193,ev_aba8ca394631
relation_evidence,S265_EVIDENCE_B9C8D97E8C32F0589C6B,ev_18c753f2d989
relation_evidence,S265_EVIDENCE_B9D52E038C8419FEDFB2,ev_bec54c5a3409
relation_evidence,S265_EVIDENCE_B9E0D96DD2A3BA30AAA0,ev_9799796ea75f
relation_evidence,S265_EVIDENCE_B9F494FFD88A4A1FB676,ev_392e24b7f623
relation_evidence,S265_EVIDENCE_BA0B955023E2C4A716DE,ev_bdc4e7500704
relation_evidence,S265_EVIDENCE_BA3A1D134C66A29790D1,ev_d10254fb61fc
relation_evidence,S265_EVIDENCE_BA698F4CF65EFB6D6185,ev_08f8c81b90fc
relation_evidence,S265_EVIDENCE_BA93018AE0DFF9FE5DA3,ev_8b72e288f198
relation_evidence,S265_EVIDENCE_BAB2E1DDDC1CDD806D6C,ev_210095cc4c32
relation_evidence,S265_EVIDENCE_BADB94F3D8CF00D1F498,ev_a5ac4136a4de
relation_evidence,S265_EVIDENCE_BAE59C60691D3A744164,ev_de38c5d13df6
relation_evidence,S265_EVIDENCE_BAEE140D6D9D69B3C9BB,ev_485205db8e00
relation_evidence,S265_EVIDENCE_BAF2E45CD42B33090478,ev_79f17249e5db
relation_evidence,S265_EVIDENCE_BB0F7B45B98AF2D340C2,ev_86152c66f0d0
relation_evidence,S265_EVIDENCE_BB12D04FE274DA3532B7,ev_0f92d0eaf5a0
relation_evidence,S265_EVIDENCE_BB2B421404940671D2C8,ev_1baf9eb5ce38
relation_evidence,S265_EVIDENCE_BB3195F3521A3A128FCA,ev_cea9e505611b
relation_evidence,S265_EVIDENCE_BB3E308B890DA2474F25,ev_b95f46e34a1e
relation_evidence,S265_EVIDENCE_BB6BEDA714899B264DEC,ev_22872b386b93
relation_evidence,S265_EVIDENCE_BB8C1C0213F2DCE26B48,ev_31a8b4fb33f2
relation_evidence,S265_EVIDENCE_BB8DEABBBEE1873101EE,ev_bde70ed19282
relation_evidence,S265_EVIDENCE_BB9CFAC9682137373D5F,ev_c5583e81ed37
relation_evidence,S265_EVIDENCE_BBA2C3048739676A7097,ev_8eb4188c7351
relation_evidence,S265_EVIDENCE_BBA3C7AD6153F074B89A,ev_7018528cfee3
relation_evidence,S265_EVIDENCE_BBF07CA2B64B02B89A89,ev_bb6f89a0c51b
relation_evidence,S265_EVIDENCE_BC075E8D7B661C42B566,ev_1035609dcaf3
relation_evidence,S265_EVIDENCE_BC460164869383DCC338,ev_522f46980dab
relation_evidence,S265_EVIDENCE_BC4DE721E7F2D314C493,ev_027174d3a1c9
relation_evidence,S265_EVIDENCE_BC4FC4D3CC99015DDD9E,ev_76ae83b00374
relation_evidence,S265_EVIDENCE_BC572AFCD2D3F2514477,ev_25bee11376d7
relation_evidence,S265_EVIDENCE_BC5AA67FF98ECC498D68,ev_ffa529092350
relation_evidence,S265_EVIDENCE_BCD26748A1A3157F3D5E,ev_fccfefa757c1
relation_evidence,S265_EVIDENCE_BCDB31432085F04C958B,ev_5bb116563396
relation_evidence,S265_EVIDENCE_BCE4025E8C54538EA266,ev_9409402c1317
relation_evidence,S265_EVIDENCE_BCEE7142D336A8A40E0D,ev_86130cb637ec
relation_evidence,S265_EVIDENCE_BCF38CE3CB98967BE34E,ev_c843c4013c61
relation_evidence,S265_EVIDENCE_BCFE9B5E60765FB2A2F2,ev_aeddf833154f
relation_evidence,S265_EVIDENCE_BD13AA68B4B82780D07F,ev_8d6f2b5d5296
relation_evidence,S265_EVIDENCE_BD358DA87917DF3E77A0,ev_48f3eae9da47
relation_evidence,S265_EVIDENCE_BD39833475B598C76455,ev_bb0877671a7e
relation_evidence,S265_EVIDENCE_BD3C1AF22077B20E7E65,ev_32a9f79b8eeb
relation_evidence,S265_EVIDENCE_BD5F17D4F2FD37BF460D,ev_3576c7a86900
relation_evidence,S265_EVIDENCE_BD63DE1AF4EA67C22918,ev_b1edc18511e5
relation_evidence,S265_EVIDENCE_BD66CD076612B8C5E17F,ev_0a2a2d5036ee
relation_evidence,S265_EVIDENCE_BDE5B0BE6C55FFDBBF9B,ev_d96c174e733d
relation_evidence,S265_EVIDENCE_BDE85164A1ADFCA81B3D,ev_1ee5c7a0677f
relation_evidence,S265_EVIDENCE_BDECC14B508BDB40AAF2,ev_c6105efeba9a
relation_evidence,S265_EVIDENCE_BDEDFA030F6E9258974C,ev_8378df8dca96
relation_evidence,S265_EVIDENCE_BDEED309481E4D36216B,ev_c9f16fc677ec
relation_evidence,S265_EVIDENCE_BDF874FA3E90CFE7A7F0,ev_4324900deedf
relation_evidence,S265_EVIDENCE_BDFD7481C9796F4CDB3D,ev_c2a1e7651030
relation_evidence,S265_EVIDENCE_BE02D9F53B79370D0A67,ev_b450d08da3fb
relation_evidence,S265_EVIDENCE_BE14C369534D7BA56EC8,ev_541cd6d91e25
relation_evidence,S265_EVIDENCE_BE2F6E1D3525055349BE,ev_34fcd500306f
relation_evidence,S265_EVIDENCE_BE5AA29B6DF5ACA20DCA,ev_ec75b10a3a4c
relation_evidence,S265_EVIDENCE_BE75C9F97DB86FD91E66,ev_f214bbc41823
relation_evidence,S265_EVIDENCE_BEAB98630F972BDAC854,ev_18b83587a29d
relation_evidence,S265_EVIDENCE_BEE7EC9EF1CA39B4EA0D,ev_6c168cfe13b0
relation_evidence,S265_EVIDENCE_BEEF5C508C7A70BB2B6A,ev_41303f07e245
relation_evidence,S265_EVIDENCE_BEF1FE1950538A4E27ED,ev_15aa7a2bff4d
relation_evidence,S265_EVIDENCE_BEFA967CC25F333B961E,ev_1aee0e9f39f8
relation_evidence,S265_EVIDENCE_BF0B5410162CE60CC1F7,ev_a8fb83696395
relation_evidence,S265_EVIDENCE_BF279796947CB26B8802,ev_5071f48caa45
relation_evidence,S265_EVIDENCE_BF27B20A660F593C5571,ev_1b1755267405
relation_evidence,S265_EVIDENCE_BF481BB6C8C8B1E691D3,ev_63ffa3315e99
relation_evidence,S265_EVIDENCE_BF4ADF5C51E520ED54E0,ev_95343cb6f0ba
relation_evidence,S265_EVIDENCE_BF60BA016CD2CDB7315B,ev_e4510ebb1eda
relation_evidence,S265_EVIDENCE_BF6D6090D5AF9E5C8856,ev_aa8542f5c023
relation_evidence,S265_EVIDENCE_BF890C78E8210CDD5100,ev_6e229a65d969
relation_evidence,S265_EVIDENCE_BF8C87185337DADCAC48,ev_fb03a8cebfe4
relation_evidence,S265_EVIDENCE_BFA8CFA48F7C31FE01BD,ev_5c6e08e8230e
relation_evidence,S265_EVIDENCE_BFAD5758CA8CD362DC6F,ev_a8a6d64f9f9b
relation_evidence,S265_EVIDENCE_BFB03A595810B2835075,ev_33c4b7a65e7f
relation_evidence,S265_EVIDENCE_BFB16BC7B7345F14C0D2,ev_70e685109466
relation_evidence,S265_EVIDENCE_BFB4BF358B6D577A8EC2,ev_547c750b5fbd
relation_evidence,S265_EVIDENCE_BFC09633FFFE05043AAF,ev_d71db0874e54
relation_evidence,S265_EVIDENCE_BFE49B8E885FF305B524,ev_83bc810d65bd
relation_evidence,S265_EVIDENCE_BFE60EFCD6E177DE8DB2,ev_eaee65635dc4
relation_evidence,S265_EVIDENCE_C0174A8720AEB0794BCB,ev_84bfa56cf0c9
relation_evidence,S265_EVIDENCE_C02A0A4A1B2F48E65E45,ev_d75d916200c4
relation_evidence,S265_EVIDENCE_C036FBACC6D86E85B40E,ev_5bb2d3aaaaab
relation_evidence,S265_EVIDENCE_C03D9D86E9381D68544F,ev_d5dbdcc9d15c
relation_evidence,S265_EVIDENCE_C06ADBCEE2E035C7876D,ev_cbf7e0b333b7
relation_evidence,S265_EVIDENCE_C06E08343E1DAB3EDBA8,ev_c94ba5ba513c
relation_evidence,S265_EVIDENCE_C086E9746A062DC4F369,ev_aaf61bcb0299
relation_evidence,S265_EVIDENCE_C09CA79D6331EEE8DED0,ev_c08c5e9209b6
relation_evidence,S265_EVIDENCE_C0C0850CE53B55258563,ev_ebe53f350605
relation_evidence,S265_EVIDENCE_C0C7AAF2216B136CBD70,ev_bcb2364d1068
relation_evidence,S265_EVIDENCE_C0D2AAD7FF4D40234FB0,ev_c825ed92e23d
relation_evidence,S265_EVIDENCE_C0D92C5D4A412C1F9021,ev_82324c00d988
relation_evidence,S265_EVIDENCE_C0F554544BDFDDC1E385,ev_5ab1fb5610b9
relation_evidence,S265_EVIDENCE_C1022A05C8EE02B2070E,ev_d595be7e4ceb
relation_evidence,S265_EVIDENCE_C124098C9276E91FD99F,ev_cf465afd55b1
relation_evidence,S265_EVIDENCE_C13E9BA1B5991C7A813A,ev_28ac6cf8d507
relation_evidence,S265_EVIDENCE_C140D589D1C0DD3F71E1,ev_7a17fc008160
relation_evidence,S265_EVIDENCE_C1581683D217DB159147,ev_e7705e3545a4
relation_evidence,S265_EVIDENCE_C16198A2501B1CBF0517,ev_e1de61af496c
relation_evidence,S265_EVIDENCE_C165641034EDFFFC621E,ev_bcd1315f2473
relation_evidence,S265_EVIDENCE_C16AB708F42D5F698D9C,ev_2c1af61c3c15
relation_evidence,S265_EVIDENCE_C19DD4D12194A1849E35,ev_af2505e7cc7e
relation_evidence,S265_EVIDENCE_C1D4A8A8388CD743A7A7,ev_6697ae7925bb
relation_evidence,S265_EVIDENCE_C210C2D5AAE9EA75D76D,ev_b2280384c8b0
relation_evidence,S265_EVIDENCE_C2208A952FD473B02572,ev_6e3fc6215745
relation_evidence,S265_EVIDENCE_C240CEAC8200AB17AB9D,ev_488ff2316f37
relation_evidence,S265_EVIDENCE_C24C4A193FC5E98E8D59,ev_949b32b45709
relation_evidence,S265_EVIDENCE_C2597FFAE13F78C53879,ev_f211216ef400
relation_evidence,S265_EVIDENCE_C2646F7EF3E2331F7842,ev_c965cde3b70d
relation_evidence,S265_EVIDENCE_C27585E57C655E790DD8,ev_f5d4622c3560
relation_evidence,S265_EVIDENCE_C2EB2D5E4C9485571711,ev_60a9ff3b0ad0
relation_evidence,S265_EVIDENCE_C2F84264A57D98EE5B8A,ev_f7bf5770a7d4
relation_evidence,S265_EVIDENCE_C2FD371163185E2299A9,ev_e2999c1dddeb
relation_evidence,S265_EVIDENCE_C2FE69E1416E3969573A,ev_f3dfbb58452b
relation_evidence,S265_EVIDENCE_C306D595163CCB9D97D3,ev_3b0bcf2cabcd
relation_evidence,S265_EVIDENCE_C32766FA2359F6FE3239,ev_62f2cb5dc952
relation_evidence,S265_EVIDENCE_C34F37DEACA22A2C3B59,ev_d0abf84cbed7
relation_evidence,S265_EVIDENCE_C361FE786952AE41217E,ev_82f2f661b732
relation_evidence,S265_EVIDENCE_C36FE1B22FD1AD4EE5F7,ev_b139a741da92
relation_evidence,S265_EVIDENCE_C37F00BA997325D60D9D,ev_574e6aaa7bca
relation_evidence,S265_EVIDENCE_C38CB49167685FC8F342,ev_5c7c15bd0ff5
relation_evidence,S265_EVIDENCE_C38F48D818D09E3D002D,ev_7fa487f5b94e
relation_evidence,S265_EVIDENCE_C3C695C0325FB4FEC9FC,ev_c3df70e95e30
relation_evidence,S265_EVIDENCE_C3D38A233001EFD3FB9B,ev_d2cb9d8b04ab
relation_evidence,S265_EVIDENCE_C3E60F331B1A5B6DF852,ev_bf215bcf2d12
relation_evidence,S265_EVIDENCE_C407CA9F90EC00A3C4B7,ev_8d61e0084998
relation_evidence,S265_EVIDENCE_C433AD9334B7C420692F,ev_469fb58aa9f1
relation_evidence,S265_EVIDENCE_C43CE8DA87EC030A7F71,ev_14992d9f23de
relation_evidence,S265_EVIDENCE_C44967400E009C225A40,ev_b5314a7c47a0
relation_evidence,S265_EVIDENCE_C476CF27F5B52A7DEC0B,ev_f4c4c08baff4
relation_evidence,S265_EVIDENCE_C47A10EBFCF3A24841DC,ev_cf5bf1c94685
relation_evidence,S265_EVIDENCE_C47F5DA88CE88595875D,ev_9151de84c034
relation_evidence,S265_EVIDENCE_C48DCB9CFF5E98DE10CB,ev_87ab2bd0d7bf
relation_evidence,S265_EVIDENCE_C4B9E3E68927752F125C,ev_f3a92fe61ce8
relation_evidence,S265_EVIDENCE_C4E8B58825F4CDE119E2,ev_52be6dd13da1
relation_evidence,S265_EVIDENCE_C5057485359D11E53152,ev_d224adb9da56
relation_evidence,S265_EVIDENCE_C550347EF473485517A9,ev_ef2efa180612
relation_evidence,S265_EVIDENCE_C555375888649E4BCFDE,ev_fb6ac750fcf5
relation_evidence,S265_EVIDENCE_C55AC9AE797367ED43B7,ev_ea9f5d2f76e5
relation_evidence,S265_EVIDENCE_C5777E104DC3BE83BB6C,ev_be00937f1c58
relation_evidence,S265_EVIDENCE_C5A3FBC5D56C2B6BE586,ev_a0100b493044
relation_evidence,S265_EVIDENCE_C5AA885B7E65E52A91A1,ev_fbf8fbec8c95
relation_evidence,S265_EVIDENCE_C5B37E1146CC2105D591,ev_cc8cc849fff3
relation_evidence,S265_EVIDENCE_C5C951A895254C40E6D1,ev_1e4b784acf12
relation_evidence,S265_EVIDENCE_C5D052A9485B695E0331,ev_0d9bf2da371e
relation_evidence,S265_EVIDENCE_C5D92FD3E69BB96D1EC5,ev_c5839345c994
relation_evidence,S265_EVIDENCE_C5EFC7A2ABE7FF3FEB8D,ev_8ae4f5f7f536
relation_evidence,S265_EVIDENCE_C62DE9441A5F4FBC988F,ev_f301c24dd1c4
relation_evidence,S265_EVIDENCE_C633CC27C03C07949874,ev_a9f875d6a6fa
relation_evidence,S265_EVIDENCE_C63C16BF019E1883E66F,ev_44190de281c6
relation_evidence,S265_EVIDENCE_C6501FDF64F6375CFD4E,ev_b43b7c22df54
relation_evidence,S265_EVIDENCE_C6548220594736DE0973,ev_b3887663679a
relation_evidence,S265_EVIDENCE_C657A197E7BBECAB0397,ev_bf5ab6db3462
relation_evidence,S265_EVIDENCE_C65C9401111075306B17,ev_46ade317bbc3
relation_evidence,S265_EVIDENCE_C6600242882A2C897E34,ev_734a303bc3c1
relation_evidence,S265_EVIDENCE_C68B94335ADDC9737CF8,ev_81319b163ee4
relation_evidence,S265_EVIDENCE_C6AEC4E03EC783DB70E2,ev_08e9d36b6512
relation_evidence,S265_EVIDENCE_C6BAFD6DE75668FAA872,ev_271e22725dcb
relation_evidence,S265_EVIDENCE_C6DF8C78BBE436DF6B7B,ev_159efa8a1646
relation_evidence,S265_EVIDENCE_C6E1794E7C9F57679B83,ev_83d832cc10d4
relation_evidence,S265_EVIDENCE_C6F466A3B994E01D6F0C,ev_070c15c1ac79
relation_evidence,S265_EVIDENCE_C6FA38426893A3EE736A,ev_5b7c7a729a48
relation_evidence,S265_EVIDENCE_C7040C89D117F6272B11,ev_05729405dc6b
relation_evidence,S265_EVIDENCE_C725E0509B40880DA048,ev_83335364bda0
relation_evidence,S265_EVIDENCE_C7275BDFB3BB4F023C77,ev_2ce6b3ad4ebe
relation_evidence,S265_EVIDENCE_C736C3E72868E79DCED7,ev_d9fefb2eb7a4
relation_evidence,S265_EVIDENCE_C73F5C65168539122DBC,ev_6c383fe1a146
relation_evidence,S265_EVIDENCE_C747162112A77E27075B,ev_1c9f20e3aa49
relation_evidence,S265_EVIDENCE_C76A14691A1D70B65851,ev_aa7fc9e53d97
relation_evidence,S265_EVIDENCE_C76B41B769BE6C4E88A8,ev_891f10a48ed7
relation_evidence,S265_EVIDENCE_C7883F7D842395E7A70A,ev_5be4f52ad8bb
relation_evidence,S265_EVIDENCE_C78A3C81B9C3F258C5D2,ev_319500dc5e4b
relation_evidence,S265_EVIDENCE_C7951A127D9FD20FD621,ev_caa2f102a734
relation_evidence,S265_EVIDENCE_C7974A022004B80AAC4C,ev_9e9725567b57
relation_evidence,S265_EVIDENCE_C7A1A282E6940E1E4E6B,ev_b2eb04aed661
relation_evidence,S265_EVIDENCE_C7A6134B4CDD17347126,ev_5f71ec8a2bc4
relation_evidence,S265_EVIDENCE_C7A920B44E24D4A2CA72,ev_cf975c67b929
relation_evidence,S265_EVIDENCE_C7C32F1D674074F2145B,ev_1901fbc4c291
relation_evidence,S265_EVIDENCE_C7E063FCF011D850D268,ev_fa19b2baa8ac
relation_evidence,S265_EVIDENCE_C7E6343E8C870FA4445B,ev_6806708abbfe
relation_evidence,S265_EVIDENCE_C7F8CE3B046B014952E9,ev_a1611135a850
relation_evidence,S265_EVIDENCE_C8033CA1DFAF19D477D7,ev_b2f84066acbe
relation_evidence,S265_EVIDENCE_C81CFD989333990768F5,ev_5994f2deb2db
relation_evidence,S265_EVIDENCE_C82C7F3555B25398ECAD,ev_d6151f5b57ba
relation_evidence,S265_EVIDENCE_C8393E121ED420CD75D8,ev_6101da1aece5
relation_evidence,S265_EVIDENCE_C860219A49F13C283AFB,ev_fc035c740ab2
relation_evidence,S265_EVIDENCE_C86617AC97D2FA41C77F,ev_c34bb2d39050
relation_evidence,S265_EVIDENCE_C86848F08F7D77BE6CAB,ev_a239bbeffa9f
relation_evidence,S265_EVIDENCE_C8691ECA0F455BFCE5EA,ev_01f16d09be08
relation_evidence,S265_EVIDENCE_C87F52B61EA242253611,ev_37130ecd16be
relation_evidence,S265_EVIDENCE_C87FEF2CB176CD7821C9,ev_46851d968548
relation_evidence,S265_EVIDENCE_C89BF969124D94228E52,ev_96576254a073
relation_evidence,S265_EVIDENCE_C8E185C5CDB2EE5B5285,ev_b6c53e5a850c
relation_evidence,S265_EVIDENCE_C8F54E74CE6029411F7D,ev_907c036ed539
relation_evidence,S265_EVIDENCE_C910A900D545D2E3BE63,ev_d6ae892c41d7
relation_evidence,S265_EVIDENCE_C914C1EC5CEF8EC9968E,ev_94b01f891372
relation_evidence,S265_EVIDENCE_C915E9E1D4D65995B8F5,ev_acd1e3b00605
relation_evidence,S265_EVIDENCE_C91C57A71BB1A4938CFF,ev_d2527d57a836
relation_evidence,S265_EVIDENCE_C91E165A376BA5343044,ev_eac240833ee5
relation_evidence,S265_EVIDENCE_C92F2D28CF235F2CAB6E,ev_de605b42ad0d
relation_evidence,S265_EVIDENCE_C933A6DD509A4522BDBB,ev_7aac851f8f18
relation_evidence,S265_EVIDENCE_C93560ED4AEA4079B2DF,ev_781b9246917f
relation_evidence,S265_EVIDENCE_C95DD1FC67D35218AE96,ev_05a3ba7b83c0
relation_evidence,S265_EVIDENCE_C962A595CFD772ADCF42,ev_2b7e53974265
relation_evidence,S265_EVIDENCE_C9A3C171005CCF15E669,ev_c4535dfbee30
relation_evidence,S265_EVIDENCE_C9B27F10ECC131F8B5DB,ev_9c4d8bf06236
relation_evidence,S265_EVIDENCE_C9BF1CE92696D5B7E9AE,ev_fa74a49ae450
relation_evidence,S265_EVIDENCE_C9C6FC9E5FF34A30DB62,ev_ff3d7b279ba7
relation_evidence,S265_EVIDENCE_C9D78D98D2884CCB4691,ev_c067dbcb6c8a
relation_evidence,S265_EVIDENCE_C9D7CDE2489DC7C4B2CC,ev_fb0bffaa8b1a
relation_evidence,S265_EVIDENCE_C9DE6F560EE849C1B6A7,ev_af086b342d10
relation_evidence,S265_EVIDENCE_C9E663CD3CB38EE65F87,ev_31e8bcc89cc1
relation_evidence,S265_EVIDENCE_C9EED9936189A2121B7C,ev_04dfd07537ba
relation_evidence,S265_EVIDENCE_CA14F5AF6CA7B27B6F1D,ev_8b1b1b803602
relation_evidence,S265_EVIDENCE_CA1E0D23E09EA59A9712,ev_e2ad5e98d236
relation_evidence,S265_EVIDENCE_CA334521C107EF673A4B,ev_c0be2552989e
relation_evidence,S265_EVIDENCE_CA733FF0A3E066264068,ev_43ad2158a55d
relation_evidence,S265_EVIDENCE_CA9959B87B9D0EE5810E,ev_f44ea7295c6c
relation_evidence,S265_EVIDENCE_CAABDE2006296C505F77,ev_b5c3f5e5d728
relation_evidence,S265_EVIDENCE_CAB612BF19462EDAE31B,ev_4a6178ea0a94
relation_evidence,S265_EVIDENCE_CABFEA60EA35DB2E30E1,ev_f43b732b268e
relation_evidence,S265_EVIDENCE_CAC07FB1E58E7558D18E,ev_864cecffa695
relation_evidence,S265_EVIDENCE_CAC97A528144ED9186DA,ev_49a345df5fa9
relation_evidence,S265_EVIDENCE_CAD3E72176DBF8134CE3,ev_c4ddcd116525
relation_evidence,S265_EVIDENCE_CAEC0DE88522A656B4C2,ev_d5977208a9ae
relation_evidence,S265_EVIDENCE_CAEFA06F079C70DC1248,ev_64c5e6a00910
relation_evidence,S265_EVIDENCE_CAF946AA4C6D9F3EA391,ev_4128f75723aa
relation_evidence,S265_EVIDENCE_CB0B4BE392D30D2E5A3F,ev_5e38c6037ca8
relation_evidence,S265_EVIDENCE_CB10476986CA076E001A,ev_a05e3acde9d7
relation_evidence,S265_EVIDENCE_CB17C7334CD387513E00,ev_29ed64bb455d
relation_evidence,S265_EVIDENCE_CB41FBF63752594DC8CB,ev_7700e0e24f5c
relation_evidence,S265_EVIDENCE_CB91B185EF99E2FD9179,ev_aeb30edbea94
relation_evidence,S265_EVIDENCE_CB9CBB5F9054044D223A,ev_7e29726a08d3
relation_evidence,S265_EVIDENCE_CBA8FD3E4B14FFCE778B,ev_a5e605bff94f
relation_evidence,S265_EVIDENCE_CBCF313054124590A86C,ev_aa8bff2062ba
relation_evidence,S265_EVIDENCE_CBD6F181645CEF9E9956,ev_8edc9e2c13f2
relation_evidence,S265_EVIDENCE_CBD84A9770E096F80B6F,ev_10b4904a3bf4
relation_evidence,S265_EVIDENCE_CBDB9591795C2D4CECFC,ev_b0ecb4db72a6
relation_evidence,S265_EVIDENCE_CBDBEF30F5576632D5E6,ev_e92f1749dd27
relation_evidence,S265_EVIDENCE_CBDCB621DA29BD9D9E4A,ev_28a60ec0ce14
relation_evidence,S265_EVIDENCE_CC0BFFC0F87FEC1ACAB0,ev_e0303f028ebc
relation_evidence,S265_EVIDENCE_CC31815E855A05AA19CA,ev_9028d161aa9e
relation_evidence,S265_EVIDENCE_CC33E450F60204DCB17B,ev_5051986d6647
relation_evidence,S265_EVIDENCE_CC3F1CE3A43A72A773B4,ev_00271c5bdf7e
relation_evidence,S265_EVIDENCE_CC4843F507EFBC9B3936,ev_e1a0f2e1c814
relation_evidence,S265_EVIDENCE_CC4AC69CE12C7B5DB33A,ev_7a14fab3740c
relation_evidence,S265_EVIDENCE_CC4B2138DCEB1DEAB500,ev_725b40f9bcb9
relation_evidence,S265_EVIDENCE_CC4CF3EAF74EF1EFBA09,ev_b2da7c0ae41f
relation_evidence,S265_EVIDENCE_CC4E174F697AA262CCD0,ev_77d9d24e7004
relation_evidence,S265_EVIDENCE_CC64BCACF641D0E5D1DD,ev_6157d06528d4
relation_evidence,S265_EVIDENCE_CC6C603D4970498CC4BE,ev_d20c1da050ff
relation_evidence,S265_EVIDENCE_CC8047C04D17D8AEABBF,ev_4c92b7dfbb1f
relation_evidence,S265_EVIDENCE_CC90528BB458307D9C79,ev_7d2aad7a36f0
relation_evidence,S265_EVIDENCE_CC96C73893944736A14D,ev_381e9e1cb1ea
relation_evidence,S265_EVIDENCE_CC9D2A554BA9846C1C7A,ev_6e43ffbf6b28
relation_evidence,S265_EVIDENCE_CCA60C7D63DC4BD0288A,ev_75a9585fb23e
relation_evidence,S265_EVIDENCE_CCBC43C39D8898E0DAB2,ev_105e81757f70
relation_evidence,S265_EVIDENCE_CCC98BA547177173790D,ev_7958a75195a2
relation_evidence,S265_EVIDENCE_CCCCDE45F34B0BE3D4E5,ev_d0d36778dfe1
relation_evidence,S265_EVIDENCE_CCD4580B8B08B7D1F392,ev_b0c55d354615
relation_evidence,S265_EVIDENCE_CCD67A22C13513B4D844,ev_259044498310
relation_evidence,S265_EVIDENCE_CCD8568BF0938774F41F,ev_91ecff0f9a3c
relation_evidence,S265_EVIDENCE_CCDD4766906B697B1B0F,ev_2ff0b9d83053
relation_evidence,S265_EVIDENCE_CCE47B5C08082ECF6C8E,ev_403e2ee9253d
relation_evidence,S265_EVIDENCE_CCF266E08B252174285E,ev_73aa618f8c42
relation_evidence,S265_EVIDENCE_CCFC6BCC4134A5EF0E77,ev_1ae857495e23
relation_evidence,S265_EVIDENCE_CD16F1EF159F6FED7B3F,ev_d6531adbcc4c
relation_evidence,S265_EVIDENCE_CD3434D792984802FEA4,ev_22744d42ee56
relation_evidence,S265_EVIDENCE_CD35F61CD40C0953E475,ev_ebfbbbe4b03f
relation_evidence,S265_EVIDENCE_CD3D1B8C8EE990D65941,ev_1895f0ddb934
relation_evidence,S265_EVIDENCE_CD52A3CB6620E891F97C,ev_8aae55abcf63
relation_evidence,S265_EVIDENCE_CD5F042E62F6A443C816,ev_b0c10018021f
relation_evidence,S265_EVIDENCE_CD767D9ACB14D47AE0E8,ev_b5aedf3947ee
relation_evidence,S265_EVIDENCE_CD84C9AC5EEF9E8A8967,ev_ecf6897a3803
relation_evidence,S265_EVIDENCE_CD9A0B6C72366CBBF16E,ev_ece889fb687c
relation_evidence,S265_EVIDENCE_CDA07B07727E606C07BA,ev_be4eeb9b16f6
relation_evidence,S265_EVIDENCE_CDA96D2917B2288616EC,ev_e5fc7ec000a7
relation_evidence,S265_EVIDENCE_CDC63455C2CCC2E850E6,ev_c715aa61eb6e
relation_evidence,S265_EVIDENCE_CDD8550A9B49DBA4C6F0,ev_bcc8fd8a8579
relation_evidence,S265_EVIDENCE_CDEC1124FE8D5AC6E2DC,ev_2b1dba613ee9
relation_evidence,S265_EVIDENCE_CE03CF9FAF93C0E2AF2B,ev_e7738c74d1fb
relation_evidence,S265_EVIDENCE_CE32A788442F5A350BA1,ev_06c81da6ea45
relation_evidence,S265_EVIDENCE_CE40C50E1015C9A31989,ev_5409f7fc3212
relation_evidence,S265_EVIDENCE_CE4E2A9685A8A133E840,ev_af74f8c3dcbe
relation_evidence,S265_EVIDENCE_CE4F50CCF526FDFF8E6C,ev_5a5aae4556ee
relation_evidence,S265_EVIDENCE_CE5E56CE6A50312DBC19,ev_f54281edfc6e
relation_evidence,S265_EVIDENCE_CE7BCB2D7E635E8B69E1,ev_4bff9a08f3ba
relation_evidence,S265_EVIDENCE_CE920C41D4C9215F1BA0,ev_8c164b569f82
relation_evidence,S265_EVIDENCE_CE988D0FA7DC9E403C88,ev_6342c6b229e5
relation_evidence,S265_EVIDENCE_CEADEEDCE11A126D1336,ev_01a0894ac585
relation_evidence,S265_EVIDENCE_CED11CBA49A8739FF37D,ev_ad4677e74ca9
relation_evidence,S265_EVIDENCE_CED7FC2235FF2A1F01E7,ev_b95afc19708f
relation_evidence,S265_EVIDENCE_CEDCC1C99DC985A9186C,ev_028c5ef54a39
relation_evidence,S265_EVIDENCE_CEEAD6ADD91A08F637B1,ev_24f57089f8bd
relation_evidence,S265_EVIDENCE_CEFE4C4AFC1B5823675F,ev_ac52651ce461
relation_evidence,S265_EVIDENCE_CEFFF32B6392A74A280F,ev_ad401677dc54
relation_evidence,S265_EVIDENCE_CF1418A0111958BB6EB6,ev_02b9984f53dc
relation_evidence,S265_EVIDENCE_CF27A9139CB7ADDC0C72,ev_e6e58ec41580
relation_evidence,S265_EVIDENCE_CF2D0A6C62266CA84F44,ev_c9a9402d3499
relation_evidence,S265_EVIDENCE_CF326C37339708A9981E,ev_ff069cea3634
relation_evidence,S265_EVIDENCE_CF3F504CC37DBA49203D,ev_4cf1099147d7
relation_evidence,S265_EVIDENCE_CF6028FB60676520487C,ev_d9f920a79f24
relation_evidence,S265_EVIDENCE_CF6813933443F89F90DE,ev_e355f1e6b2e4
relation_evidence,S265_EVIDENCE_CF6FC656819ABE2C4462,ev_f3bfe1c6aba4
relation_evidence,S265_EVIDENCE_CF8AC1AB4ECD7DC03BAB,ev_78638f6e7b2a
relation_evidence,S265_EVIDENCE_CF8CC2F6569B374266F0,ev_db1765b2df13
relation_evidence,S265_EVIDENCE_CF95D87448A6DC783203,ev_d9bbecac0f11
relation_evidence,S265_EVIDENCE_CF974E4CC6A76693AADD,ev_6167f8a8ad6d
relation_evidence,S265_EVIDENCE_CFC73ED72AA7E3A6D135,ev_f67756388694
relation_evidence,S265_EVIDENCE_D01A2249375ED703FB3C,ev_1001fa9ad7e4
relation_evidence,S265_EVIDENCE_D0238C7B91592D99911A,ev_f28d3815cfcb
relation_evidence,S265_EVIDENCE_D059A13062CB3EB4785A,ev_72cd74e3c31b
relation_evidence,S265_EVIDENCE_D05D6CEB383F4046DBB5,ev_d3dc8b647150
relation_evidence,S265_EVIDENCE_D083E20057470C798181,ev_1982eb6c56de
relation_evidence,S265_EVIDENCE_D09F11E4503C129C6545,ev_15922037aeba
relation_evidence,S265_EVIDENCE_D0AA1E2377275C2FE70B,ev_db9bb70c6961
relation_evidence,S265_EVIDENCE_D0CC54D03431B63F5816,ev_839afc5730f8
relation_evidence,S265_EVIDENCE_D0D750C47CDE895EA93B,ev_c50cc601fe4a
relation_evidence,S265_EVIDENCE_D0F7E7A6967E2FBC8792,ev_dfa1de8fd6eb
relation_evidence,S265_EVIDENCE_D10D5DAB4B7BC674F037,ev_4bb7e0c805f0
relation_evidence,S265_EVIDENCE_D112A86D3F52D5E3FF62,ev_559a1ae1149a
relation_evidence,S265_EVIDENCE_D1360901BA72E512C976,ev_967db248219c
relation_evidence,S265_EVIDENCE_D1405122A496AA7EE1D1,ev_cb54b19a7f24
relation_evidence,S265_EVIDENCE_D18202C3C0549BF84809,ev_67da49181721
relation_evidence,S265_EVIDENCE_D18DAA5264D1ACAF34EA,ev_aa21818a98d8
relation_evidence,S265_EVIDENCE_D19024F47C859F1B44DE,ev_8656a8e2e1da
relation_evidence,S265_EVIDENCE_D1A21FFB3BA47BFDDEE5,ev_5ff367b30896
relation_evidence,S265_EVIDENCE_D1A937E5D3D7E501BD28,ev_25ed477d0603
relation_evidence,S265_EVIDENCE_D1B5A36923D152C141A1,ev_67b569b4d84d
relation_evidence,S265_EVIDENCE_D1CC524C481F98CEC06F,ev_b54cd424e1e5
relation_evidence,S265_EVIDENCE_D1CEDC65BB5B54BE2608,ev_a4ded7cd8b3b
relation_evidence,S265_EVIDENCE_D20A08B0DCC0956E111C,ev_ac2893e76964
relation_evidence,S265_EVIDENCE_D20A32586081764B1287,ev_e56352489063
relation_evidence,S265_EVIDENCE_D2179A9AECA7FB725F6B,ev_9ed074d1bf4f
relation_evidence,S265_EVIDENCE_D2438DFA25ED2E88ECAF,ev_172687be366d
relation_evidence,S265_EVIDENCE_D243CB7F4EE9ED818BB8,ev_2886653e1746
relation_evidence,S265_EVIDENCE_D24EF4CF1362BDAEC0A2,ev_bee135982f1a
relation_evidence,S265_EVIDENCE_D2510556CD8E78C41586,ev_aa49f17794bd
relation_evidence,S265_EVIDENCE_D2554DDBB3697A1DD22A,ev_1c28c12936a4
relation_evidence,S265_EVIDENCE_D261881A24DF24CEBE0F,ev_54a4b9b1ab69
relation_evidence,S265_EVIDENCE_D26A3B1CFFF0BFB4210E,ev_431a4f3e3c1b
relation_evidence,S265_EVIDENCE_D26C72B9ED2DBD5188FC,ev_8d849efb03b0
relation_evidence,S265_EVIDENCE_D27055E8D779D65AD059,ev_e7c37fad16ea
relation_evidence,S265_EVIDENCE_D273085DAE1B6D687089,ev_d6fa0aa81a92
relation_evidence,S265_EVIDENCE_D2871839BA115AAE8430,ev_dd6e6e8e2585
relation_evidence,S265_EVIDENCE_D296574993EB50474D21,ev_6c56382ba698
relation_evidence,S265_EVIDENCE_D2B097FB72D323BE915C,ev_bc79cadc675d
relation_evidence,S265_EVIDENCE_D2FAC5A36B3E6C676D64,ev_9e2b9a966eef
relation_evidence,S265_EVIDENCE_D30EE9B706703C0C6ECD,ev_ed49e88192af
relation_evidence,S265_EVIDENCE_D313E5C86F41C335334E,ev_10edd274f590
relation_evidence,S265_EVIDENCE_D3280F769E91B5D23797,ev_c4ed7109fe5b
relation_evidence,S265_EVIDENCE_D334948535F42E891AFE,ev_81dcb1efcbc8
relation_evidence,S265_EVIDENCE_D34989D1D69D56C4947E,ev_3cc243cd9890
relation_evidence,S265_EVIDENCE_D349B0DD03D7BCC7A616,ev_62e1444d9e19
relation_evidence,S265_EVIDENCE_D34EDBE90D8F3B07B279,ev_29ddbdd03694
relation_evidence,S265_EVIDENCE_D3809307087B92F944E5,ev_d8ab16449ef9
relation_evidence,S265_EVIDENCE_D3851DC526DDB7FCD7FC,ev_eb52b5999cb8
relation_evidence,S265_EVIDENCE_D391B89A25D8AD4C13D0,ev_322a3f32cb4c
relation_evidence,S265_EVIDENCE_D3B6707CE17680487F0B,ev_340c905541b7
relation_evidence,S265_EVIDENCE_D3C8ADD71DAD6F104251,ev_6e098d246c9b
relation_evidence,S265_EVIDENCE_D3CA7B234B9EBBD71A1A,ev_b59f06125ce1
relation_evidence,S265_EVIDENCE_D3CC1D8C4546B9D57069,ev_d3d8b4026382
relation_evidence,S265_EVIDENCE_D40128AAC209AD65934D,ev_00d07b738d8c
relation_evidence,S265_EVIDENCE_D40C9144A50B78DD126C,ev_5d953c4d4d2b
relation_evidence,S265_EVIDENCE_D414A3A95BB6DAFD381D,ev_4d40e2a104f5
relation_evidence,S265_EVIDENCE_D42E0B0DFEE96987D633,ev_24af966c0715
relation_evidence,S265_EVIDENCE_D42F4E8CBD049E27638C,ev_65f122d93116
relation_evidence,S265_EVIDENCE_D47A2239A89E67294DA1,ev_b8904ea1c290
relation_evidence,S265_EVIDENCE_D481EAF59D1EFD478557,ev_50b24c97ddcd
relation_evidence,S265_EVIDENCE_D494FDAE332FD8A1916F,ev_136e62efa6f8
relation_evidence,S265_EVIDENCE_D4A7A0481081D802D7A9,ev_6581f565a195
relation_evidence,S265_EVIDENCE_D4E5A5586E985BED979C,ev_93dd6a9a2b6a
relation_evidence,S265_EVIDENCE_D4FB19D7874A02ED7311,ev_b198ed4760a1
relation_evidence,S265_EVIDENCE_D50A189DEBAEA1161C7B,ev_fd17fefffa28
relation_evidence,S265_EVIDENCE_D512A17D64A88982B07F,ev_7ecbb650bc54
relation_evidence,S265_EVIDENCE_D51B9DA54E9C14AE6B31,ev_0a0c4a086cdc
relation_evidence,S265_EVIDENCE_D55946138B119D2707DF,ev_2704f681de44
relation_evidence,S265_EVIDENCE_D582EFC93E31D5620504,ev_30e21ec1bb0a
relation_evidence,S265_EVIDENCE_D5AA1387C49EC9EEA97F,ev_14dca1d587c7
relation_evidence,S265_EVIDENCE_D5D2511D374C1619FD08,ev_b66c9ef258ea
relation_evidence,S265_EVIDENCE_D5D7DC087F3CA69968FC,ev_ce9716df90bb
relation_evidence,S265_EVIDENCE_D5DD8404383A84715A4A,ev_066b8908435c
relation_evidence,S265_EVIDENCE_D5FFE2146AFF88D910C5,ev_baf4359e1ba0
relation_evidence,S265_EVIDENCE_D62958CA3C9ED43D8224,ev_b28eee02ae6e
relation_evidence,S265_EVIDENCE_D62CD7ABBD9ED7663ADB,ev_f233233686e3
relation_evidence,S265_EVIDENCE_D63FF0D53E3610E89B9B,ev_0847d33cd99d
relation_evidence,S265_EVIDENCE_D65AD93093249BB65DD7,ev_b66185027ea4
relation_evidence,S265_EVIDENCE_D6641288739F5D51517C,ev_4f3ee5b84fb6
relation_evidence,S265_EVIDENCE_D66E49ED3B56F0C101FE,ev_230b5a39289a
relation_evidence,S265_EVIDENCE_D675ACCAFAD4D1B4868F,ev_9569a1542650
relation_evidence,S265_EVIDENCE_D67A8699A8711692F938,ev_830456b6fa47
relation_evidence,S265_EVIDENCE_D6AB442D7EB29834C6B0,ev_b2c9c861b693
relation_evidence,S265_EVIDENCE_D6B465447630AC4DB47D,ev_960500dd08c6
relation_evidence,S265_EVIDENCE_D6CA4690F124D61F1B21,ev_43a846552b0a
relation_evidence,S265_EVIDENCE_D6CE456362BE85D8D332,ev_6dba28551f15
relation_evidence,S265_EVIDENCE_D6D372AFF6FA4E9CA107,ev_2f695d44995c
relation_evidence,S265_EVIDENCE_D6DDF182D044658ECFD3,ev_fa9ea81f12cb
relation_evidence,S265_EVIDENCE_D6EBCED321A49C74F35E,ev_701595958460
relation_evidence,S265_EVIDENCE_D6ED45F966E9D05D5C31,ev_f9b3fccdaab4
relation_evidence,S265_EVIDENCE_D6EF4FC28BA8F16C66F2,ev_0666e77e026b
relation_evidence,S265_EVIDENCE_D71ABB9F2533916DCC28,ev_ff0eb260377c
relation_evidence,S265_EVIDENCE_D79BBF79C8136358408D,ev_89a9b262ed42
relation_evidence,S265_EVIDENCE_D79D32AE7AF066DBCE3D,ev_a3a60ad16d81
relation_evidence,S265_EVIDENCE_D7A21C41D424DB5FAB76,ev_49b94c2c3406
relation_evidence,S265_EVIDENCE_D7BDE27552C250DB076D,ev_d8fd1cc92dd8
relation_evidence,S265_EVIDENCE_D7E458B4D21436EB4FA5,ev_20e9220dfa6d
relation_evidence,S265_EVIDENCE_D7F1DEA596EEEDE45310,ev_f1b660e80987
relation_evidence,S265_EVIDENCE_D81633E7E690FC619EFC,ev_182cde3180ae
relation_evidence,S265_EVIDENCE_D816CA439AF014D66481,ev_8b8f3f39cb50
relation_evidence,S265_EVIDENCE_D8438F656F0D19AD9CB3,ev_46813a0d0758
relation_evidence,S265_EVIDENCE_D848C6CAA4D8FEA48D91,ev_08eff5d1fc77
relation_evidence,S265_EVIDENCE_D85A10EECC84073AF793,ev_b2b70423abb4
relation_evidence,S265_EVIDENCE_D889400B7CCE16078FEE,ev_72435d3509e8
relation_evidence,S265_EVIDENCE_D88C7EF8BC11237D0254,ev_09154828d38b
relation_evidence,S265_EVIDENCE_D8A60F2818F0455A0AF5,ev_8a97f1216f27
relation_evidence,S265_EVIDENCE_D8B432946BEA4631B336,ev_4a94318c918e
relation_evidence,S265_EVIDENCE_D8C509519A60993E0FB3,ev_2891bd0f51a3
relation_evidence,S265_EVIDENCE_D8CE8C4BCE99915211CA,ev_0493290b777a
relation_evidence,S265_EVIDENCE_D8D6B329C5E001B7D1C9,ev_8b1186ba8d33
relation_evidence,S265_EVIDENCE_D8DA2F64DE841E324143,ev_06de1e233f34
relation_evidence,S265_EVIDENCE_D8E883F3F40454FFB927,ev_dcdd758f06a3
relation_evidence,S265_EVIDENCE_D8F9467AD68BD42752B9,ev_92015daf09ef
relation_evidence,S265_EVIDENCE_D9069A74360904D6AEB2,ev_fdfd88196565
relation_evidence,S265_EVIDENCE_D908DD7FC13F4BEC2E4F,ev_d55d5349b196
relation_evidence,S265_EVIDENCE_D90A94BB411B10D78D40,ev_9b8b3ad3194f
relation_evidence,S265_EVIDENCE_D940581367BB31FB1F83,ev_e064a5cccabc
relation_evidence,S265_EVIDENCE_D9582448B24667244005,ev_e8fd19675608
relation_evidence,S265_EVIDENCE_D97DA40A4E7FE0D6A88D,ev_2a3e268bc1bd
relation_evidence,S265_EVIDENCE_D991B343F991EB5153F5,ev_88a8ce5224f5
relation_evidence,S265_EVIDENCE_D99C5EEF173E69556756,ev_2abed9a915c7
relation_evidence,S265_EVIDENCE_D9B074399A37A88DF1C0,ev_ac3bf93bf123
relation_evidence,S265_EVIDENCE_D9CA99C9CB5DF43BA876,ev_bc5b879bf132
relation_evidence,S265_EVIDENCE_D9D2CC3D88CF94879514,ev_1703e4ed981d
relation_evidence,S265_EVIDENCE_D9D903FEEF5FBBD3ED35,ev_a178a77713bd
relation_evidence,S265_EVIDENCE_D9F1DB4EDFE0AC7B295A,ev_db421ad14c47
relation_evidence,S265_EVIDENCE_D9FA140D6E21D2A3A052,ev_c9dff52e3c9a
relation_evidence,S265_EVIDENCE_DA0CEF8690B9389DA8D7,ev_5dfb14c99d42
relation_evidence,S265_EVIDENCE_DA15B1570291169837AF,ev_73e52b0d8109
relation_evidence,S265_EVIDENCE_DA23090F99DC4269AB49,ev_1e7f9b5aa7b2
relation_evidence,S265_EVIDENCE_DA27A245AB318901BBC1,ev_ed0f0c568bb0
relation_evidence,S265_EVIDENCE_DA306277068B56785E25,ev_667bf2b79d97
relation_evidence,S265_EVIDENCE_DA3822D61B872E1448C0,ev_000cdc1e4693
relation_evidence,S265_EVIDENCE_DA48144034935F397C75,ev_052e10fd0545
relation_evidence,S265_EVIDENCE_DA6AC5CB70775526DBB1,ev_21399ec2c23e
relation_evidence,S265_EVIDENCE_DA74332B949A2BDF8BFC,ev_893a48e3d8f9
relation_evidence,S265_EVIDENCE_DA86A53641F25FE55036,ev_41bc01ffd31d
relation_evidence,S265_EVIDENCE_DA876D493860B5B3AD46,ev_3094d2391200
relation_evidence,S265_EVIDENCE_DA88C222BC135B352CDF,ev_c9ab3a8b5c38
relation_evidence,S265_EVIDENCE_DA9067ED9C4044FE9273,ev_4d1198a1498e
relation_evidence,S265_EVIDENCE_DA9C19C6F99E868F69E1,ev_944041df1959
relation_evidence,S265_EVIDENCE_DAA21D8F95B7FB13F1BA,ev_d3840a76e0ab
relation_evidence,S265_EVIDENCE_DAD8B119364E5A700308,ev_ac307428a37c
relation_evidence,S265_EVIDENCE_DAEBBBF51AC86E85A34F,ev_95a8d4dea600
relation_evidence,S265_EVIDENCE_DAFE07EB6F296A3A641E,ev_a346b684297c
relation_evidence,S265_EVIDENCE_DB1F35706A3ECC76B137,ev_25f3d6218782
relation_evidence,S265_EVIDENCE_DB268C621CB5F80549EE,ev_e1eeb0887094
relation_evidence,S265_EVIDENCE_DB2744445CBFD4AF69A1,ev_67d29e30ed43
relation_evidence,S265_EVIDENCE_DB3EB9CC6453E8D83B64,ev_8e372a34b53b
relation_evidence,S265_EVIDENCE_DB44223163A61A5927DE,ev_4b981340ddc1
relation_evidence,S265_EVIDENCE_DB47535862BB873AD4C2,ev_1aa7dd0c83de
relation_evidence,S265_EVIDENCE_DB4B8DA7D7291CD2040B,ev_31c5a447a22d
relation_evidence,S265_EVIDENCE_DB4FB418D7DF8FAD67A1,ev_38bfe12c60dc
relation_evidence,S265_EVIDENCE_DB52D59FDCD5128DDC4F,ev_96497fa1b1a0
relation_evidence,S265_EVIDENCE_DB73059E6CE9F9BE3F92,ev_03e9b27160a7
relation_evidence,S265_EVIDENCE_DB7E3F9051C9B7FCD1E0,ev_47e6bac4330c
relation_evidence,S265_EVIDENCE_DB8FBC5DCBFFF6D995B1,ev_33d926e2bdaa
relation_evidence,S265_EVIDENCE_DB982F8DBD814030A7EF,ev_b09c6b3afd7a
relation_evidence,S265_EVIDENCE_DB9AAE3D7FB26FB2D28D,ev_8a68ef4d06ad
relation_evidence,S265_EVIDENCE_DBB0A35B3ADFBAA43A0B,ev_7da52979304c
relation_evidence,S265_EVIDENCE_DBBD4F0D6CEC6E0BEEC7,ev_d35a00160509
relation_evidence,S265_EVIDENCE_DBF9DA3EC9E752870DAD,ev_812a70a95680
relation_evidence,S265_EVIDENCE_DC00DF96EA7C5EBAEF0D,ev_cec29458e301
relation_evidence,S265_EVIDENCE_DC21B58123B028DB8F77,ev_5b4dc40882c5
relation_evidence,S265_EVIDENCE_DC247DA24831A8AE3532,ev_01e2418bdb24
relation_evidence,S265_EVIDENCE_DC5DF3C148E41BF3C883,ev_a21f2055a31e
relation_evidence,S265_EVIDENCE_DC659B3C718C41EABC48,ev_2e6a9c598413
relation_evidence,S265_EVIDENCE_DC9B0CF1558572D92A25,ev_8b2ce54d1022
relation_evidence,S265_EVIDENCE_DCAFEC26144614A9CBA1,ev_051ee154bd4c
relation_evidence,S265_EVIDENCE_DCB3BB5B30763B7091BD,ev_a12925eb0502
relation_evidence,S265_EVIDENCE_DCC2904E87328D170474,ev_1b9e701fa1fc
relation_evidence,S265_EVIDENCE_DCCDCCC9F07D76378756,ev_5310d3b39dc9
relation_evidence,S265_EVIDENCE_DCD1EE19F72BC2833EE5,ev_002c48793b9d
relation_evidence,S265_EVIDENCE_DCE689485CAEABE524FC,ev_f26d02075957
relation_evidence,S265_EVIDENCE_DCE8B314A69061E1947A,ev_b84ae5d828fb
relation_evidence,S265_EVIDENCE_DCF2FC31B972FECCC008,ev_474ad29c346e
relation_evidence,S265_EVIDENCE_DD2D4F6FB993E5517803,ev_118f52cb2f9b
relation_evidence,S265_EVIDENCE_DD32FAFDC14AFAF70CEA,ev_47c70fc2de56
relation_evidence,S265_EVIDENCE_DD5A5A98EA417B742877,ev_810018f02f2e
relation_evidence,S265_EVIDENCE_DD68455FB4AC2ACE0443,ev_d1bbef3368c6
relation_evidence,S265_EVIDENCE_DD8D57EA4316851508EE,ev_b8be05ba52f2
relation_evidence,S265_EVIDENCE_DD95D308C4A876F4ABA7,ev_50c0ac5ccda8
relation_evidence,S265_EVIDENCE_DE0CD490A281214FDC65,ev_18d47415ad88
relation_evidence,S265_EVIDENCE_DE28FE83B82D7215DD9D,ev_c852537a2c29
relation_evidence,S265_EVIDENCE_DE2AB008CB51AB5818CE,ev_b626e41e5b93
relation_evidence,S265_EVIDENCE_DE2DA6E843A99A7755BA,ev_ca36bd8d25dd
relation_evidence,S265_EVIDENCE_DE5E76EE63179C032AEF,ev_116186e31e9e
relation_evidence,S265_EVIDENCE_DE69FEC14599A2B22041,ev_d544826b9086
relation_evidence,S265_EVIDENCE_DE943C974519E59DFC1B,ev_fa23df736ea4
relation_evidence,S265_EVIDENCE_DE955419C99B1B93CFDE,ev_a5bc37ad1a41
relation_evidence,S265_EVIDENCE_DE9C9CC8D045551E03E2,ev_de34066f80c6
relation_evidence,S265_EVIDENCE_DEBC5FFE7EAEB693025C,ev_b951d1a67e72
relation_evidence,S265_EVIDENCE_DEC0001A1675C32CBF1C,ev_7f1b4df975f7
relation_evidence,S265_EVIDENCE_DEC851CF050A19C5F5F1,ev_31696b3579b2
relation_evidence,S265_EVIDENCE_DECB8AA2955E8C3BD973,ev_9bd7681344c1
relation_evidence,S265_EVIDENCE_DECDECC9FA54F8B338AE,ev_14b534dd36ad
relation_evidence,S265_EVIDENCE_DED08EAE6429E36D264D,ev_fb9bd16e0e88
relation_evidence,S265_EVIDENCE_DF12811A9D6E11DB6427,ev_4af439bcb503
relation_evidence,S265_EVIDENCE_DF221ECBF5F5671DDA74,ev_91265db73848
relation_evidence,S265_EVIDENCE_DF23FB9E9E420F267C08,ev_22c7cb56eac6
relation_evidence,S265_EVIDENCE_DF395452F4962975A4E0,ev_6099796d8994
relation_evidence,S265_EVIDENCE_DF562C160FAD9DEA5D20,ev_ed5b6eec48da
relation_evidence,S265_EVIDENCE_DF6573783157A7126863,ev_591dc4e193ab
relation_evidence,S265_EVIDENCE_DF866C8CDBFF0A2D6DCF,ev_7291541fc94d
relation_evidence,S265_EVIDENCE_DFAD819E461D3A19BE0F,ev_b61928158ad3
relation_evidence,S265_EVIDENCE_DFB4F1274FBBFF1B2560,ev_c52eb5425e14
relation_evidence,S265_EVIDENCE_DFBE16A0F8AD5C1E83DC,ev_390c693af8dc
relation_evidence,S265_EVIDENCE_DFC0D4153B00926CCB58,ev_ff1b8baaecdc
relation_evidence,S265_EVIDENCE_DFCA41F16A37A19E0252,ev_18ba8bea1bc5
relation_evidence,S265_EVIDENCE_DFD519474BFA7F7BAA12,ev_b59c41aa6206
relation_evidence,S265_EVIDENCE_DFEC49B6B322B2DAE09C,ev_6f3d77269ea5
relation_evidence,S265_EVIDENCE_DFF5A8FE860E54F4346B,ev_26e430ab34ce
relation_evidence,S265_EVIDENCE_E009F90236A0F3E14A9F,ev_c54e7e7c9a16
relation_evidence,S265_EVIDENCE_E014D6A56E073143DDCB,ev_33bc6b0c314f
relation_evidence,S265_EVIDENCE_E01E3A64509EC6CF3AE9,ev_153d8b389024
relation_evidence,S265_EVIDENCE_E02CBE978364D26E2FC6,ev_05780665c799
relation_evidence,S265_EVIDENCE_E040B4B16730680B8ED2,ev_09fa3479601d
relation_evidence,S265_EVIDENCE_E052EB8BC375CC696949,ev_d42547cd40c2
relation_evidence,S265_EVIDENCE_E074F5074EBD23159D81,ev_048c57307dac
relation_evidence,S265_EVIDENCE_E080E6528D1AC53181DD,ev_8063a1f572c6
relation_evidence,S265_EVIDENCE_E099F3FB1C55C025013C,ev_c62fc4ad7e7a
relation_evidence,S265_EVIDENCE_E09E4EEF9D6D145FDC32,ev_678434bbdf23
relation_evidence,S265_EVIDENCE_E0A7E81A5B35898FBBDA,ev_953392f406ed
relation_evidence,S265_EVIDENCE_E0B287769397631B7A2C,ev_497976e678c3
relation_evidence,S265_EVIDENCE_E0B859EFE25BB1B519AE,ev_88289866ee07
relation_evidence,S265_EVIDENCE_E0BC3522408C416C301A,ev_746e0a2e916d
relation_evidence,S265_EVIDENCE_E0BD1BED60453950CB4C,ev_11c645bd0ae6
relation_evidence,S265_EVIDENCE_E0C88BE1CEBE03ED98BF,ev_9e0a5350c66d
relation_evidence,S265_EVIDENCE_E0CAF022706C658B837E,ev_ada93ea92b06
relation_evidence,S265_EVIDENCE_E0CFEF1C6F06CDA51D0F,ev_2c25cb642006
relation_evidence,S265_EVIDENCE_E0E01D470A96C4F283A1,ev_8c35d4dc6550
relation_evidence,S265_EVIDENCE_E0E70E65536AD7082AF7,ev_15acc63268c4
relation_evidence,S265_EVIDENCE_E0F1F67E156024FDBF0D,ev_deee481173a2
relation_evidence,S265_EVIDENCE_E0FAA11C3CADEF372B58,ev_af439d124c01
relation_evidence,S265_EVIDENCE_E10413FAC05E6929C7C9,ev_de152b8c6b0b
relation_evidence,S265_EVIDENCE_E10C9D82882E1FAD63D7,ev_2a4e28138077
relation_evidence,S265_EVIDENCE_E12DF70036989F69F49E,ev_77eef79b0167
relation_evidence,S265_EVIDENCE_E14376ACCBE20045D608,ev_6ada71990dfc
relation_evidence,S265_EVIDENCE_E1440059025A1DA7B675,ev_20a4089d9467
relation_evidence,S265_EVIDENCE_E16941D21D0357CF0D61,ev_9d0f88ccfc92
relation_evidence,S265_EVIDENCE_E16E0ECCE68D60DE23A0,ev_c437ec0abdfc
relation_evidence,S265_EVIDENCE_E178F3FAA05CA7A9FB1D,ev_f35b23c744a0
relation_evidence,S265_EVIDENCE_E18F4A883A4D6D55A6B8,ev_0333dee1a0d5
relation_evidence,S265_EVIDENCE_E1F9FA9F5422075FE747,ev_8069da23d878
relation_evidence,S265_EVIDENCE_E1FEB72E643041686381,ev_087dd3adfae8
relation_evidence,S265_EVIDENCE_E2007942030CECD66714,ev_21e7671d1fc7
relation_evidence,S265_EVIDENCE_E20E77044817AAFAFC46,ev_b63e2959cef1
relation_evidence,S265_EVIDENCE_E23CC05D8C929E7CD775,ev_de75a151ac3d
relation_evidence,S265_EVIDENCE_E251436D9FF4D1F3ECC6,ev_d5092abce8ce
relation_evidence,S265_EVIDENCE_E2539C3D7EF7CE989776,ev_e9465cd76191
relation_evidence,S265_EVIDENCE_E25649C12BA8A26FFA18,ev_1cc7e52773d1
relation_evidence,S265_EVIDENCE_E28E7F14B1D223FB719F,ev_454c2980a05c
relation_evidence,S265_EVIDENCE_E292B0F5694A63559A40,ev_ec4119deb2c3
relation_evidence,S265_EVIDENCE_E2B04A733DAF73325E21,ev_6a8cc0145df0
relation_evidence,S265_EVIDENCE_E2BFCDB63711890B4CB5,ev_997b342d1752
relation_evidence,S265_EVIDENCE_E2EAE4F6DFD0B97DEC6A,ev_5e5b17f03e96
relation_evidence,S265_EVIDENCE_E2F2E87702704239D91A,ev_f4d640dbd644
relation_evidence,S265_EVIDENCE_E2F4D0AFE27DCDE247D7,ev_6be035a3284a
relation_evidence,S265_EVIDENCE_E2F713D6216C063E27A5,ev_ab5ef75185c1
relation_evidence,S265_EVIDENCE_E30BC684C86EC61FC9FE,ev_b232f55b4371
relation_evidence,S265_EVIDENCE_E31924D7BDA928F6A19D,ev_a6464a6ad892
relation_evidence,S265_EVIDENCE_E31AABBFEC03403BCD20,ev_a836b2a492cd
relation_evidence,S265_EVIDENCE_E322D8722F9A63ECE12A,ev_09cd6474fc5f
relation_evidence,S265_EVIDENCE_E33771339846833E0B95,ev_039bba347f2c
relation_evidence,S265_EVIDENCE_E35ECE17A1D07C7E077A,ev_3966ff1f3fe6
relation_evidence,S265_EVIDENCE_E369C66AF58E1AC4FDA3,ev_0c46baf255d5
relation_evidence,S265_EVIDENCE_E377C4D0AF7B245B5BBA,ev_5aeb36f29181
relation_evidence,S265_EVIDENCE_E3A571F4EF7EBF4EFFD1,ev_d7eab7d4914d
relation_evidence,S265_EVIDENCE_E3AAFE28976B60B251C6,ev_1930f2dc6ec2
relation_evidence,S265_EVIDENCE_E3B143FA0C58B68F856E,ev_00d9faf59c6c
relation_evidence,S265_EVIDENCE_E3BDEE93EC4139A03947,ev_91668a694850
relation_evidence,S265_EVIDENCE_E3CF231D1E6AC92AA05B,ev_95f7399fa607
relation_evidence,S265_EVIDENCE_E3D8AEEE58E1382690EE,ev_4002bb5b2c4c
relation_evidence,S265_EVIDENCE_E3DF2B404820094BA2B1,ev_e7ddecba32e8
relation_evidence,S265_EVIDENCE_E3F46E599B3835554A34,ev_76f253ef9a15
relation_evidence,S265_EVIDENCE_E427EC870A1DBDB5D346,ev_45234098ddcd
relation_evidence,S265_EVIDENCE_E467C275B1082D1BC5AC,ev_44ede57e3dba
relation_evidence,S265_EVIDENCE_E46BD5D654827F75DF8F,ev_7423be5708cb
relation_evidence,S265_EVIDENCE_E47D0224594BE0E60490,ev_58681f9c1836
relation_evidence,S265_EVIDENCE_E480831F5D92E28CE9B3,ev_61d634f99cf7
relation_evidence,S265_EVIDENCE_E4B13CF910D068E4E519,ev_7ba069df23f7
relation_evidence,S265_EVIDENCE_E4B619AC5900DB6C1645,ev_b3a0380b5e84
relation_evidence,S265_EVIDENCE_E4C670F41CDAA00FCB04,ev_31d1b9f773cc
relation_evidence,S265_EVIDENCE_E4D15DC9E85ADC881A07,ev_73c8bb6c8ee1
relation_evidence,S265_EVIDENCE_E4D3AD1CD13C46258CCA,ev_95204dfde110
relation_evidence,S265_EVIDENCE_E4E46E2E498C17765B0F,ev_ddcbe44b3201
relation_evidence,S265_EVIDENCE_E4E97C0AF4C606C875C7,ev_d5e6b252f05e
relation_evidence,S265_EVIDENCE_E51EE9BF6DF2BF94D5E3,ev_f15640b2bbf3
relation_evidence,S265_EVIDENCE_E53597DCD8984053F896,ev_dc50922beebb
relation_evidence,S265_EVIDENCE_E574DE2EE5D5BFF52648,ev_606d222d91fa
relation_evidence,S265_EVIDENCE_E59F9491B243CA2F9C8E,ev_88bf5ee909f4
relation_evidence,S265_EVIDENCE_E5C1386867C7F7AD904A,ev_d507c93a694d
relation_evidence,S265_EVIDENCE_E5C26B7909678DB445EA,ev_c0c08d18930d
relation_evidence,S265_EVIDENCE_E5F5AFAB255F8B9FE745,ev_2300d6b99bdd
relation_evidence,S265_EVIDENCE_E602FDAEFCCEB1233B7D,ev_7ffbe7b7ed3d
relation_evidence,S265_EVIDENCE_E60937F076B94E0C8B78,ev_e311f2f54f93
relation_evidence,S265_EVIDENCE_E612B4667DC7BF5ABDE4,ev_49202e4c6f53
relation_evidence,S265_EVIDENCE_E61D4A4E4CAA260F0C8A,ev_7f65be1c542d
relation_evidence,S265_EVIDENCE_E636A0B6C3EB8BECFD45,ev_73ad6d664ec0
relation_evidence,S265_EVIDENCE_E6652C79A9E70A947621,ev_5a4eca7d02d1
relation_evidence,S265_EVIDENCE_E665A492CD349E683194,ev_f4a7fedb840a
relation_evidence,S265_EVIDENCE_E67C23B46631753700F9,ev_77c0fc4930e9
relation_evidence,S265_EVIDENCE_E69C429CA48B4BC06F3C,ev_b85516304241
relation_evidence,S265_EVIDENCE_E6B505346DE5DFF51E18,ev_1f5e41347b55
relation_evidence,S265_EVIDENCE_E6B50C895AC60F4385B6,ev_e44f680f5ec3
relation_evidence,S265_EVIDENCE_E6D0D7AA51002312578F,ev_2568cb866df6
relation_evidence,S265_EVIDENCE_E6DB13AD11E3020EBDCE,ev_db7c7bdeddd2
relation_evidence,S265_EVIDENCE_E7004B360EEB7486DAB7,ev_c8a59dce2965
relation_evidence,S265_EVIDENCE_E705F06EC6D18FCD8B2C,ev_f463d9c8e3c9
relation_evidence,S265_EVIDENCE_E716C5757AA6EB09892D,ev_5931aa16d7ec
relation_evidence,S265_EVIDENCE_E72505746C67C385591F,ev_854893dc2273
relation_evidence,S265_EVIDENCE_E72DAD5DA5682E42C110,ev_77fdf52863ba
relation_evidence,S265_EVIDENCE_E738C326CC837C1D3018,ev_2e7a34b491fd
relation_evidence,S265_EVIDENCE_E74CF75FFBD0F8DCDCC0,ev_d34503cf3adc
relation_evidence,S265_EVIDENCE_E78098BE1D99C7B0B72D,ev_d0b6cf1661f6
relation_evidence,S265_EVIDENCE_E780A985CA4D180DDD28,ev_f67525eaa908
relation_evidence,S265_EVIDENCE_E7A512CCC9964D3D9F7F,ev_aa95b3882b14
relation_evidence,S265_EVIDENCE_E7BA442328DC5CAEC54D,ev_441ae4ca9638
relation_evidence,S265_EVIDENCE_E7D8C426178532C91CAB,ev_1ee6bd8779aa
relation_evidence,S265_EVIDENCE_E7E57AFD0A606CD79952,ev_17c5d0153809
relation_evidence,S265_EVIDENCE_E7F2C2363705FD1B3A8E,ev_cdd3c098e8ed
relation_evidence,S265_EVIDENCE_E7FC6DB8FF81AF8D0F8C,ev_f2cd645e87d9
relation_evidence,S265_EVIDENCE_E8021EFDEB891E2E0D64,ev_e32f209d6024
relation_evidence,S265_EVIDENCE_E81191E0841244CE3E11,ev_9052b5c8ba59
relation_evidence,S265_EVIDENCE_E81921D37DFB9C27A721,ev_f7d00f00278a
relation_evidence,S265_EVIDENCE_E81E618EAD03E443FA77,ev_50028a28c37c
relation_evidence,S265_EVIDENCE_E821829E74D4603FE911,ev_85f84612c176
relation_evidence,S265_EVIDENCE_E84C1DFACAE88CF081B9,ev_93f1f5d149dc
relation_evidence,S265_EVIDENCE_E85299EF971AB1D6C623,ev_6e37b8fbafa8
relation_evidence,S265_EVIDENCE_E85E5AE7FB69BD51F174,ev_7e0443ca4647
relation_evidence,S265_EVIDENCE_E8795E8B166B683D4B04,ev_24520db285ef
relation_evidence,S265_EVIDENCE_E883A34C6EF68946069D,ev_b0ff3b3158cd
relation_evidence,S265_EVIDENCE_E89CD15A2A101F66D4FB,ev_97b45fb3aa63
relation_evidence,S265_EVIDENCE_E8A6772E895B03F693F1,ev_b966132bc9cb
relation_evidence,S265_EVIDENCE_E8AC320989A42ED18768,ev_d08a8c9fa614
relation_evidence,S265_EVIDENCE_E8AF8E49124308A29011,ev_1271b70675f2
relation_evidence,S265_EVIDENCE_E8BF0EFF3DCDE246A6DA,ev_c75294c8948c
relation_evidence,S265_EVIDENCE_E8C470A5D0DFFC82CBF7,ev_29334dcb5764
relation_evidence,S265_EVIDENCE_E8C6B8CD4CBECA0FA4B6,ev_664fc3456a31
relation_evidence,S265_EVIDENCE_E8D0791F584C4AFF44B4,ev_c0f6d1756ab2
relation_evidence,S265_EVIDENCE_E8E4B46286DDFBE1A4D4,ev_2d14bfc23ff4
relation_evidence,S265_EVIDENCE_E8E9CBE3208A17FBDD95,ev_c9c5abbaa2ba
relation_evidence,S265_EVIDENCE_E9270DACDAF717A487E7,ev_a841a3b5b875
relation_evidence,S265_EVIDENCE_E94C34C4C7347D8688BD,ev_8dd76ea48c5d
relation_evidence,S265_EVIDENCE_E9590B52F74C22643CB8,ev_fd6cb4ced697
relation_evidence,S265_EVIDENCE_E9648FD5EB5456368C9D,ev_edf99f564c57
relation_evidence,S265_EVIDENCE_E96A1143216560713B1A,ev_7b3126c1aad8
relation_evidence,S265_EVIDENCE_E96CA9E8E1E302398419,ev_1357e925e10e
relation_evidence,S265_EVIDENCE_E97B0F17A3296CF41E31,ev_b718e40e9071
relation_evidence,S265_EVIDENCE_E986374141CF42967845,ev_5a43826e5c80
relation_evidence,S265_EVIDENCE_E98A9469F59E45F0BB83,ev_208ae418fe9e
relation_evidence,S265_EVIDENCE_E98E29C77A7EEBF71998,ev_f826692d3b17
relation_evidence,S265_EVIDENCE_E9A8BFCCFF896C79AEB4,ev_f1124d60c7f6
relation_evidence,S265_EVIDENCE_E9BD0323C7E2C312D9D0,ev_acb93e747929
relation_evidence,S265_EVIDENCE_E9DA880FD6376F179060,ev_bb04d4d090de
relation_evidence,S265_EVIDENCE_E9E0E6FCACAD285BF2B6,ev_925de156a27c
relation_evidence,S265_EVIDENCE_E9F74CCCEA625B5419A8,ev_389c7c0a924e
relation_evidence,S265_EVIDENCE_E9FC4ED0893B53368F3C,ev_e1c9843714bd
relation_evidence,S265_EVIDENCE_EA100983A74CFF04A7CB,ev_9bed7dee653a
relation_evidence,S265_EVIDENCE_EA16672F36B1392BFC0B,ev_2068e37b3b50
relation_evidence,S265_EVIDENCE_EA2B8BE444058163BF9A,ev_de96875bf76d
relation_evidence,S265_EVIDENCE_EA342BF5C0590D6A7BF1,ev_2754b2c2c86b
relation_evidence,S265_EVIDENCE_EA3A8C93E2D8C6B0CD89,ev_6605c6223751
relation_evidence,S265_EVIDENCE_EA3BA8CF02844EF28881,ev_2df55b26ecfa
relation_evidence,S265_EVIDENCE_EA4C014322CB5A30FA31,ev_0c500de69155
relation_evidence,S265_EVIDENCE_EA61CD7415E63649DF40,ev_5aa760bd1dd2
relation_evidence,S265_EVIDENCE_EA63219DF1CDBF9D4141,ev_28c6429457b4
relation_evidence,S265_EVIDENCE_EA6F05C20DCC3582783F,ev_31461da6504c
relation_evidence,S265_EVIDENCE_EA6FD8C1DA1817F9C8B4,ev_602db4f8d786
relation_evidence,S265_EVIDENCE_EA7EB67B9BB5478B8301,ev_16b7881704d8
relation_evidence,S265_EVIDENCE_EA7F79EBD4F12BC85C24,ev_cabdb2470d37
relation_evidence,S265_EVIDENCE_EA8C78B4FBA37431EE8E,ev_3ac03b938e13
relation_evidence,S265_EVIDENCE_EA91F6C3A88BB0D50A6B,ev_c890aa16a62c
relation_evidence,S265_EVIDENCE_EA99AF8D2AAA617B1C98,ev_4fb582726870
relation_evidence,S265_EVIDENCE_EAB3DE74FBEDD80B229A,ev_532d89a709aa
relation_evidence,S265_EVIDENCE_EAD2AFD6D03BA97C652F,ev_fa3d86fba1b4
relation_evidence,S265_EVIDENCE_EAEB5B2C7006212FCC6F,ev_b012da8090ae
relation_evidence,S265_EVIDENCE_EAF484D1C1AF493F41F3,ev_48a87409bc77
relation_evidence,S265_EVIDENCE_EB0069633D9BA16F3989,ev_3de7f1da192a
relation_evidence,S265_EVIDENCE_EB073DF076E76118B081,ev_5f1dd7365afe
relation_evidence,S265_EVIDENCE_EB093852CBB703B5D0EA,ev_455b488a1c0d
relation_evidence,S265_EVIDENCE_EB114E49FD041ADFB76D,ev_b021fc4d70e8
relation_evidence,S265_EVIDENCE_EB3BC2ADD2B21402F9F6,ev_3b834fbe4b90
relation_evidence,S265_EVIDENCE_EB5576AA59A64C94BE32,ev_cbae772d1f59
relation_evidence,S265_EVIDENCE_EB635E45F5999492047C,ev_be1fac277c4b
relation_evidence,S265_EVIDENCE_EB72D95C1219444D0E8A,ev_798f9e905643
relation_evidence,S265_EVIDENCE_EB7799D274C281DB8601,ev_458edf5ecfc7
relation_evidence,S265_EVIDENCE_EB7D64F6D3EFBB774982,ev_e4852a1bd3d5
relation_evidence,S265_EVIDENCE_EB88D4717AD7D3C66047,ev_6359d739da60
relation_evidence,S265_EVIDENCE_EB8BAF550DF0FDCB58BF,ev_3f6039aefddf
relation_evidence,S265_EVIDENCE_EB954FACBF8A5CA3A02F,ev_2ac220597111
relation_evidence,S265_EVIDENCE_EBAE9376EEA016DB726D,ev_d29d9db09763
relation_evidence,S265_EVIDENCE_EBC7A3DC9E034F6CF551,ev_da1c7e7f0427
relation_evidence,S265_EVIDENCE_EBDAE42EC781E0AD004D,ev_0488e884e951
relation_evidence,S265_EVIDENCE_EBFB9D752A2262BB0AF7,ev_d3c1a2c5c8de
relation_evidence,S265_EVIDENCE_EC014DCBA28F911539CC,ev_b268a938d47a
relation_evidence,S265_EVIDENCE_EC15BD5C1689439A74BE,ev_4d20265f4ddc
relation_evidence,S265_EVIDENCE_EC1705DE15E66CD3D6D3,ev_75b52aeff1e2
relation_evidence,S265_EVIDENCE_EC18F886FF03C3C01AEC,ev_fe253f0de6df
relation_evidence,S265_EVIDENCE_EC1F7367419091383F37,ev_f01e8fcd88ef
relation_evidence,S265_EVIDENCE_EC7C802B3F02A2CB1CB5,ev_6773a17a9cb3
relation_evidence,S265_EVIDENCE_EC88679BAD12179C3AFE,ev_7ccad5748b32
relation_evidence,S265_EVIDENCE_ECA66EB37A45D576E7CC,ev_fe86b4547b75
relation_evidence,S265_EVIDENCE_ECBDD4332F51DDEE7172,ev_11fb7d551a21
relation_evidence,S265_EVIDENCE_ECF2D9752335E9B96E27,ev_f40c4e7eecca
relation_evidence,S265_EVIDENCE_ECF912F62D6D7CDD2385,ev_67d46f22c65a
relation_evidence,S265_EVIDENCE_ED0CF257D87E472C21BF,ev_dea2505c3f5b
relation_evidence,S265_EVIDENCE_ED1476D65998CADBF4C0,ev_be545ad077ed
relation_evidence,S265_EVIDENCE_ED200D61B17CC56C56C3,ev_30d95ecb88da
relation_evidence,S265_EVIDENCE_ED2BF5F86F9AB1D25D33,ev_ec0e627ede26
relation_evidence,S265_EVIDENCE_ED2F230E7E62993B3FF5,ev_268616622ed4
relation_evidence,S265_EVIDENCE_ED32DD727545BBF2BEF5,ev_0065aff6d49b
relation_evidence,S265_EVIDENCE_ED42FAFCF3BF62805EDE,ev_55d0b20d54b1
relation_evidence,S265_EVIDENCE_ED58D2E47EDAFCFF0649,ev_44ce42ff1835
relation_evidence,S265_EVIDENCE_ED6DF0AEE1B2CCA73388,ev_fa184f57018c
relation_evidence,S265_EVIDENCE_ED7E96E1A78B3A284037,ev_18be253d470c
relation_evidence,S265_EVIDENCE_ED9D12D5672FF5526E49,ev_e8da3a4d4c21
relation_evidence,S265_EVIDENCE_EDA9D7EA12FCE9501446,ev_da09e2aa90dc
relation_evidence,S265_EVIDENCE_EDB3B61E4697A5D1C36B,ev_7b4fa4f648c7
relation_evidence,S265_EVIDENCE_EDCE51EE4E2B57B23011,ev_4c8c2fcc70f1
relation_evidence,S265_EVIDENCE_EDD8257EE55F89C881F6,ev_f8237179c5ba
relation_evidence,S265_EVIDENCE_EE05FB13291B3B3BFD61,ev_9cd7b7f4df73
relation_evidence,S265_EVIDENCE_EE2168461A791B42D0F7,ev_db054a1f4650
relation_evidence,S265_EVIDENCE_EE6FC52E884D5ED3EFCA,ev_272061b8e701
relation_evidence,S265_EVIDENCE_EE9CE9E3EDEA3CAF4721,ev_83bdb7966715
relation_evidence,S265_EVIDENCE_EEA09456AA3D49EAD2DA,ev_69e1f34c7112
relation_evidence,S265_EVIDENCE_EECAF7B9486ECE81A382,ev_fa58f901f756
relation_evidence,S265_EVIDENCE_EEE0B0BCE6035CC70CC2,ev_dad7c019589b
relation_evidence,S265_EVIDENCE_EEF2F744541194FFB25B,ev_1edf3b5c5bef
relation_evidence,S265_EVIDENCE_EF0100A9C7F51983864C,ev_15320d7a7c07
relation_evidence,S265_EVIDENCE_EF27B74E550C8947C141,ev_b0e73bb1ed04
relation_evidence,S265_EVIDENCE_EF3D1E4A8379636076C5,ev_8f983c4397b5
relation_evidence,S265_EVIDENCE_EF40C960AD4FA07E4C84,ev_d7c5e69a7a74
relation_evidence,S265_EVIDENCE_EF70F895375B10F2603C,ev_947b5c15e10c
relation_evidence,S265_EVIDENCE_EF7CF91B0EFA34A79F2E,ev_8791d44c7f0a
relation_evidence,S265_EVIDENCE_EF81C1DB883621EC4110,ev_6d6147204c7b
relation_evidence,S265_EVIDENCE_EF8F1EBD7DF5CB09CCAB,ev_591176c9c8da
relation_evidence,S265_EVIDENCE_EFC620EBD3E198A05E50,ev_af155d95e3b9
relation_evidence,S265_EVIDENCE_EFD635ADB49FE047E928,ev_9d9097413d52
relation_evidence,S265_EVIDENCE_EFD96C83374F28FA33C3,ev_d409af804346
relation_evidence,S265_EVIDENCE_EFE383969EEC32521952,ev_de24ac9a2926
relation_evidence,S265_EVIDENCE_EFF311264095D5463283,ev_2778fe7241c9
relation_evidence,S265_EVIDENCE_EFFF8F6B58A1241FC2BA,ev_5fa030838399
relation_evidence,S265_EVIDENCE_F0199E5B6C762992AD06,ev_1e8b9614fa83
relation_evidence,S265_EVIDENCE_F02AE7BBF812F5BF8446,ev_d090d8ef3705
relation_evidence,S265_EVIDENCE_F04F263642FBE9FCF8E4,ev_0938f969931e
relation_evidence,S265_EVIDENCE_F063DFE5D07F1BC89784,ev_aa5b2abdab10
relation_evidence,S265_EVIDENCE_F069EAA4EDEFF0E3D76C,ev_4fc5b10daf7f
relation_evidence,S265_EVIDENCE_F069EC1143F9A924118A,ev_a17b735600d8
relation_evidence,S265_EVIDENCE_F07034C4DA0C2AEC0C70,ev_fa2c91ca8c04
relation_evidence,S265_EVIDENCE_F09042F4B8A56C3EECEB,ev_1c7887f39bfb
relation_evidence,S265_EVIDENCE_F0982178E53F1DF3089E,ev_0946ea9a6f4f
relation_evidence,S265_EVIDENCE_F0B8629205BD24232A8A,ev_39c7c9b9348b
relation_evidence,S265_EVIDENCE_F0C3AE0C691838B77D35,ev_3b15aa04f55d
relation_evidence,S265_EVIDENCE_F0ECAF6E8C0305C4B36F,ev_a9b3e7d19775
relation_evidence,S265_EVIDENCE_F0F1DE26C70305550C7B,ev_2b284477cdb0
relation_evidence,S265_EVIDENCE_F0F4747524F8B59988AC,ev_a32cabc36b2b
relation_evidence,S265_EVIDENCE_F1458FF5BC73573D8F2D,ev_d37c7649e9fc
relation_evidence,S265_EVIDENCE_F157305D565621F5453D,ev_1bc933138d43
relation_evidence,S265_EVIDENCE_F172360BF59888A96F00,ev_8957a8a01f14
relation_evidence,S265_EVIDENCE_F178A1D95909271E098F,ev_7768520a7500
relation_evidence,S265_EVIDENCE_F183A627E8CFF8160403,ev_4cbf84da43db
relation_evidence,S265_EVIDENCE_F1BB635D080E22DA4D68,ev_0400905bc51e
relation_evidence,S265_EVIDENCE_F1C72ACB51081DF9D83F,ev_fcc2b5826736
relation_evidence,S265_EVIDENCE_F1D214BCF6A67BC8CC2F,ev_fdcf6ad4e063
relation_evidence,S265_EVIDENCE_F1EEAD8FDA9D278EA02F,ev_af9bcf4310df
relation_evidence,S265_EVIDENCE_F1FB70B01B32450F9794,ev_b37edddb502f
relation_evidence,S265_EVIDENCE_F232ECED71B2764C8B09,ev_601da3fd1411
relation_evidence,S265_EVIDENCE_F24ECB634C6A74B505CC,ev_76bf0e1367b9
relation_evidence,S265_EVIDENCE_F28B75206586ED235DC4,ev_c7d5b40bf6cf
relation_evidence,S265_EVIDENCE_F29FC5C5254B55D5801F,ev_54f0118cc93a
relation_evidence,S265_EVIDENCE_F2B725AB14BB72F342E0,ev_1cb30a3f807f
relation_evidence,S265_EVIDENCE_F2C7BC628EFE2741F9B6,ev_acaee126cd32
relation_evidence,S265_EVIDENCE_F2CD5C285202696AB813,ev_d00511ca6e36
relation_evidence,S265_EVIDENCE_F2ECF158FE64722AEC31,ev_246cf2b1c624
relation_evidence,S265_EVIDENCE_F2EE2937812F501FF4E6,ev_d5d6634d3a97
relation_evidence,S265_EVIDENCE_F2F76AC71B80FFCE6A43,ev_d784d082b6c9
relation_evidence,S265_EVIDENCE_F3011397BD6ADD96D97E,ev_50c8d2402013
relation_evidence,S265_EVIDENCE_F303BB9C11D04023B8E9,ev_32aa38e8fdba
relation_evidence,S265_EVIDENCE_F31A0D1065BCF1C958B6,ev_f73c2897d92f
relation_evidence,S265_EVIDENCE_F347385B8A3416674990,ev_e8c47a584057
relation_evidence,S265_EVIDENCE_F35BF72C0AB1EE43389A,ev_1add740875a3
relation_evidence,S265_EVIDENCE_F35C211069924179D2C3,ev_42d41811f4d4
relation_evidence,S265_EVIDENCE_F36DD18BF85643D46BA6,ev_d12562f35b88
relation_evidence,S265_EVIDENCE_F37C34655F05BF8E5F0C,ev_06ea226aed4c
relation_evidence,S265_EVIDENCE_F380883C6ABECC1CF3D6,ev_73d69f16db5c
relation_evidence,S265_EVIDENCE_F387E03C25EBEBC8DD91,ev_c88b8a9c51ca
relation_evidence,S265_EVIDENCE_F38D90E386C0E9FDAE01,ev_be768893ff3f
relation_evidence,S265_EVIDENCE_F391BAB01ED26CCACF4B,ev_ac5dd9475099
relation_evidence,S265_EVIDENCE_F3FED51B2933CBA5079F,ev_c81df3957feb
relation_evidence,S265_EVIDENCE_F4050BEF0BAFDE183703,ev_39adc2167428
relation_evidence,S265_EVIDENCE_F43763A4B743A77FC677,ev_6d71333482c6
relation_evidence,S265_EVIDENCE_F43C5BD10356A80C5A8B,ev_decbf1bd1d53
relation_evidence,S265_EVIDENCE_F4462581EC9BC82E1595,ev_d332cf50ce2b
relation_evidence,S265_EVIDENCE_F45BA422DFBFF29BAFFE,ev_dc428e2fa95f
relation_evidence,S265_EVIDENCE_F45BFC46E874CEEC9D55,ev_7db89f3a4c9b
relation_evidence,S265_EVIDENCE_F45ECFDC7049506DC4D7,ev_721d1b550395
relation_evidence,S265_EVIDENCE_F46ADC6E3687E349EFB0,ev_37771870ea92
relation_evidence,S265_EVIDENCE_F46D2D3CA5B7CD92162E,ev_72459d81c72b
relation_evidence,S265_EVIDENCE_F47C34A04DE25DF21624,ev_233b7d7520de
relation_evidence,S265_EVIDENCE_F49BDE8F05CC49028AB0,ev_cf0bffa1f92b
relation_evidence,S265_EVIDENCE_F49FEBBB7D33E773C97A,ev_410c8abf7c8b
relation_evidence,S265_EVIDENCE_F4A3C574F64BC0F2F577,ev_977ec124e507
relation_evidence,S265_EVIDENCE_F4C9A22227D8FE700D73,ev_b18f4f61abfe
relation_evidence,S265_EVIDENCE_F4D1C4B29A84328C8F5A,ev_22b22dcd2566
relation_evidence,S265_EVIDENCE_F4E2991F691CB32BCD48,ev_ddee0f998c50
relation_evidence,S265_EVIDENCE_F4E8C417F10DA5D3A386,ev_bf06a4eae705
relation_evidence,S265_EVIDENCE_F4F5419887E6223C12B6,ev_a7fdf842b654
relation_evidence,S265_EVIDENCE_F51F6FDE8B630C979D22,ev_70ad281ff28e
relation_evidence,S265_EVIDENCE_F54BFCABDE890529DCCD,ev_ef88b8e5be61
relation_evidence,S265_EVIDENCE_F54E309D77A0D9B2C676,ev_d7845c3dfd60
relation_evidence,S265_EVIDENCE_F54F0650CF0EB5ED4764,ev_8dcc3c1e881b
relation_evidence,S265_EVIDENCE_F57846EF7D74AB5D544C,ev_bd17309371ff
relation_evidence,S265_EVIDENCE_F578E72EF56F47749A2B,ev_04362229acc6
relation_evidence,S265_EVIDENCE_F5A0A32AFA197B4BDE6B,ev_045d36d2ba22
relation_evidence,S265_EVIDENCE_F5B340CA7F1A0FA0105C,ev_cf69e9c6b2c7
relation_evidence,S265_EVIDENCE_F5BBFA3254BDA56AD639,ev_7fbde99f38b4
relation_evidence,S265_EVIDENCE_F5C61767FB876AFE64EA,ev_e89e2f989c6e
relation_evidence,S265_EVIDENCE_F5CCC68EE46C5C34BED7,ev_733be421f20b
relation_evidence,S265_EVIDENCE_F5EBF3C226A371234D2E,ev_56258dba99e9
relation_evidence,S265_EVIDENCE_F6235B117C97B12ED45D,ev_2ee4aa6e0bf2
relation_evidence,S265_EVIDENCE_F629D486D5F7CAEBFA40,ev_1aae76e2b310
relation_evidence,S265_EVIDENCE_F62D73107E676A7B3EC0,ev_1cc534c565e2
relation_evidence,S265_EVIDENCE_F62DB52EC8DC10453CE4,ev_03296136ddbf
relation_evidence,S265_EVIDENCE_F62DFDC80C051E9553A0,ev_aef03202e2c7
relation_evidence,S265_EVIDENCE_F64FCCDE4715CA9EA47E,ev_2ba0da898fb3
relation_evidence,S265_EVIDENCE_F66A571A0BA0B2BFA9FC,ev_2e0ed8ea011c
relation_evidence,S265_EVIDENCE_F66BFE1A3A1ABD383801,ev_61de518d3ada
relation_evidence,S265_EVIDENCE_F6703BDC234C5397D5EE,ev_96e879bc30c7
relation_evidence,S265_EVIDENCE_F694B75A6BCE29D67A13,ev_608ad47420d4
relation_evidence,S265_EVIDENCE_F6A0158402C642241BD3,ev_05adc325b0ec
relation_evidence,S265_EVIDENCE_F6AEA07D411AFD029126,ev_14163b251a2f
relation_evidence,S265_EVIDENCE_F6CB44F122201D9FB02B,ev_387775487a88
relation_evidence,S265_EVIDENCE_F6F75D2FD00E2FC78B49,ev_3a78d4800b1c
relation_evidence,S265_EVIDENCE_F702E2FDDC35ED634D58,ev_320ef6de1be0
relation_evidence,S265_EVIDENCE_F7088EF2461B8618D61A,ev_4b5b7847908f
relation_evidence,S265_EVIDENCE_F709A09B29796C4DA43D,ev_e166eef40190
relation_evidence,S265_EVIDENCE_F71CED6CAE38A935FE49,ev_86b3e2b71d6d
relation_evidence,S265_EVIDENCE_F74E8BC70DC1DDF678E8,ev_9bff8fa7e1e4
relation_evidence,S265_EVIDENCE_F757EC76914C511FAB62,ev_649ffa00c4f5
relation_evidence,S265_EVIDENCE_F75E03E521355C2B59C9,ev_f3818f11d668
relation_evidence,S265_EVIDENCE_F768DB59BFF7B72F6779,ev_c0778cc89bea
relation_evidence,S265_EVIDENCE_F76918AC2B3A7A1AC2DD,ev_91b358c198e9
relation_evidence,S265_EVIDENCE_F77B2BE54131447C59EE,ev_7a259de7f676
relation_evidence,S265_EVIDENCE_F7821B9E0CCCD904A167,ev_6b994fbc6506
relation_evidence,S265_EVIDENCE_F786BDB81F27F32190B6,ev_373c3250d08c
relation_evidence,S265_EVIDENCE_F7A3CC23736385B9E8BE,ev_8766910e300f
relation_evidence,S265_EVIDENCE_F7BBA2427BA338C1BF32,ev_a6877c8d7a1c
relation_evidence,S265_EVIDENCE_F7C284522298B9968383,ev_3c7fe215f6a6
relation_evidence,S265_EVIDENCE_F7D6AF77AC9BC7445D3D,ev_44ab69519db6
relation_evidence,S265_EVIDENCE_F7DC244F0047F3040D40,ev_116dffeb521f
relation_evidence,S265_EVIDENCE_F7EC88945B6E73FC32EF,ev_797a264069be
relation_evidence,S265_EVIDENCE_F7FFC55D20793B9FDC79,ev_6da3cfa5073e
relation_evidence,S265_EVIDENCE_F81259C315B51663AD54,ev_df084287a98f
relation_evidence,S265_EVIDENCE_F82DED7CF3F344DADF81,ev_c62192fe39ea
relation_evidence,S265_EVIDENCE_F83F0B49FB829C7A4D81,ev_d6acb0c93fc1
relation_evidence,S265_EVIDENCE_F843D68E95F222F9E32E,ev_4fff7ee2c92b
relation_evidence,S265_EVIDENCE_F850B1D48B9679FA98AC,ev_ab14e11ccca1
relation_evidence,S265_EVIDENCE_F87213DA07C14715E178,ev_3eeb6f7525e8
relation_evidence,S265_EVIDENCE_F877CBB7CD0D26E9D54B,ev_be3e92b22ce2
relation_evidence,S265_EVIDENCE_F879581666D3B0430736,ev_9d391087caa4
relation_evidence,S265_EVIDENCE_F89AEB6491784A9DD0CA,ev_64047019457a
relation_evidence,S265_EVIDENCE_F8BEF54A2FDEB2590721,ev_3d78108b088d
relation_evidence,S265_EVIDENCE_F8EEE96572B95F4BF881,ev_c1e15c7caa17
relation_evidence,S265_EVIDENCE_F90FB421CCAF66D72D08,ev_0fd5c712acb1
relation_evidence,S265_EVIDENCE_F91268F68D8FB29DC03A,ev_55f61f021463
relation_evidence,S265_EVIDENCE_F922868BB01268780F73,ev_d2d0bea04d9d
relation_evidence,S265_EVIDENCE_F9366E6051260E36085B,ev_ae6270ec9d7e
relation_evidence,S265_EVIDENCE_F974C2082D6596FE73D4,ev_3272a09e3c25
relation_evidence,S265_EVIDENCE_F9780149AFDFC756EBCB,ev_f9e6c0741b55
relation_evidence,S265_EVIDENCE_F97875BF294CD5CAB1C1,ev_de2629f9e93c
relation_evidence,S265_EVIDENCE_F9958CC816AE72C2A239,ev_cedf429ca7f1
relation_evidence,S265_EVIDENCE_F9AD1A8096417CA02061,ev_f1af77445e9d
relation_evidence,S265_EVIDENCE_F9BB5224CF0634060D14,ev_ca9c14a92c52
relation_evidence,S265_EVIDENCE_F9BE352AF8621BA83C92,ev_c94a0e9af971
relation_evidence,S265_EVIDENCE_F9D7D0BB899ECCCCDED2,ev_47b6b0808b81
relation_evidence,S265_EVIDENCE_F9D92FEFCCD55DFACE54,ev_a8a3aa795f50
relation_evidence,S265_EVIDENCE_FA13AF5082D4771E6A63,ev_ab2c501bdfaf
relation_evidence,S265_EVIDENCE_FA170B51768733EB89B4,ev_c0c9f84ad0b7
relation_evidence,S265_EVIDENCE_FA420CB8EB2A04443A4B,ev_6ecc10af158c
relation_evidence,S265_EVIDENCE_FA77BFBA3F93A92734FC,ev_1b6b7a963a36
relation_evidence,S265_EVIDENCE_FA88B1E08B6F8F3FD6EB,ev_24970c0bb0ad
relation_evidence,S265_EVIDENCE_FA910C5F69BC4A56A6C1,ev_eadda98d6821
relation_evidence,S265_EVIDENCE_FA94A51348101B07BD95,ev_1e8e2b91dcc3
relation_evidence,S265_EVIDENCE_FA96B3D2826FCBDEB2FB,ev_2bb33bf0b4a1
relation_evidence,S265_EVIDENCE_FA9C7E629C4966E8CCE9,ev_23b9f59fe973
relation_evidence,S265_EVIDENCE_FAAD6E846C5A90D9D638,ev_684d6a92cc81
relation_evidence,S265_EVIDENCE_FABF5FE74E6D488CB004,ev_05b9354f8908
relation_evidence,S265_EVIDENCE_FAD374A9C77BE1960B48,ev_b77266156a0c
relation_evidence,S265_EVIDENCE_FB2B00072DAC31ED6BF8,ev_e5449f70b299
relation_evidence,S265_EVIDENCE_FB4484D0E122EB66FA10,ev_0a2404d61fb6
relation_evidence,S265_EVIDENCE_FB5B2044EE462434090B,ev_4b12f357d829
relation_evidence,S265_EVIDENCE_FBA59D4BF8587B3EE1E9,ev_658af9e23189
relation_evidence,S265_EVIDENCE_FBB48B9EA7662ED72502,ev_ec434274fc0b
relation_evidence,S265_EVIDENCE_FBCE94FA1B681907E33F,ev_c305ddc20ee8
relation_evidence,S265_EVIDENCE_FBD5DEF6921DCE6E7995,ev_83b767f1b98e
relation_evidence,S265_EVIDENCE_FBD888A7E8EE7399A8AF,ev_0986279b2f3b
relation_evidence,S265_EVIDENCE_FBE1DFA0240B8190D1DE,ev_fdb668e397e2
relation_evidence,S265_EVIDENCE_FBEDBAD85DD0D155695B,ev_c58f964aa037
relation_evidence,S265_EVIDENCE_FBF6E4BF6694C18F7BC2,ev_bf26e320460d
relation_evidence,S265_EVIDENCE_FC07D2A477CBF8A9EEE5,ev_2b49743ffc26
relation_evidence,S265_EVIDENCE_FC0D5D96751FC7E01AC5,ev_2abbdea3015a
relation_evidence,S265_EVIDENCE_FC45BBDF1897AEF949B0,ev_64afed8819c7
relation_evidence,S265_EVIDENCE_FC4ED7674592C28D89AB,ev_2132e5ff77a9
relation_evidence,S265_EVIDENCE_FC57441C4567EC91AB68,ev_36f5f9bfadff
relation_evidence,S265_EVIDENCE_FC5D8263EBA07DA4D20B,ev_540022d474ea
relation_evidence,S265_EVIDENCE_FC6357E01F6F91612E9B,ev_71de290c933f
relation_evidence,S265_EVIDENCE_FC71B08FD1806EBE0409,ev_d0dad74fd373
relation_evidence,S265_EVIDENCE_FC77ADBC365CD79E1A3D,ev_bff0481bda7f
relation_evidence,S265_EVIDENCE_FC7FF62584FD16FF1FD4,ev_bc072ea2d5d6
relation_evidence,S265_EVIDENCE_FC96CE4FE34CE9639887,ev_7f7cd0f4cb27
relation_evidence,S265_EVIDENCE_FC97C307EE8CBA7AF090,ev_807bad54c28d
relation_evidence,S265_EVIDENCE_FCACFCC0FE30281F24C6,ev_ac592d3a8b42
relation_evidence,S265_EVIDENCE_FCD5D5A0BF7EE6A83253,ev_439761c7399e
relation_evidence,S265_EVIDENCE_FCF112469155C698ADD7,ev_2c93d9c4c917
relation_evidence,S265_EVIDENCE_FCFB77AE9EFA79FF1716,ev_282e43bf70e2
relation_evidence,S265_EVIDENCE_FD0DE893CFA5E2318AEE,ev_83378de9e3d5
relation_evidence,S265_EVIDENCE_FD13600AA934B596A57B,ev_f55db925f174
relation_evidence,S265_EVIDENCE_FD20517105F8B3B189F6,ev_9f9b609bc438
relation_evidence,S265_EVIDENCE_FD289C2EA74EF06CD344,ev_acf5bbcff216
relation_evidence,S265_EVIDENCE_FD56331FE8985D9A4A85,ev_9ba3b3db93d2
relation_evidence,S265_EVIDENCE_FD63784B472362F010EB,ev_b28d94d0b70c
relation_evidence,S265_EVIDENCE_FD686D5C4284C383EF50,ev_869702276124
relation_evidence,S265_EVIDENCE_FDC9F3F7C4D8D28C4D18,ev_61da7f4fba3d
relation_evidence,S265_EVIDENCE_FDEFD6E473E95794141A,ev_1bf5dc757a28
relation_evidence,S265_EVIDENCE_FE0567C072356169BD67,ev_d2a2edb837a9
relation_evidence,S265_EVIDENCE_FE0BE75BCD71E9B665E8,ev_d87fecf0c6b2
relation_evidence,S265_EVIDENCE_FE1393C9F6AC33A20567,ev_29eda0e62ec9
relation_evidence,S265_EVIDENCE_FE48184D13F5A45FD7B5,ev_d2521a7a9cbe
relation_evidence,S265_EVIDENCE_FE57F42D215DA4EE171B,ev_9599e2f801b3
relation_evidence,S265_EVIDENCE_FE9D4A76C706FEACBECB,ev_5b44ec5f67a4
relation_evidence,S265_EVIDENCE_FEA34A22A9EBD3DEB73E,ev_606fe6034488
relation_evidence,S265_EVIDENCE_FEA8E32EAE9764CABFE0,ev_e1171e79378d
relation_evidence,S265_EVIDENCE_FEBC4268023427B2A2D4,ev_4a54c0a92fdf
relation_evidence,S265_EVIDENCE_FEC46082F1A07D4966AB,ev_f1390bcb1174
relation_evidence,S265_EVIDENCE_FED47FB33EA453BF4519,ev_c8e29c19c302
relation_evidence,S265_EVIDENCE_FEFF825A93EBF95C791D,ev_ffd28f3605fa
relation_evidence,S265_EVIDENCE_FF088A317683CB82E961,ev_53689b48b1a0
relation_evidence,S265_EVIDENCE_FF1F105588D99C7D73F0,ev_c839011aec17
relation_evidence,S265_EVIDENCE_FF252C017A6CA0CFD41B,ev_37f7dfb901b9
relation_evidence,S265_EVIDENCE_FF2903F1AC8000846F4B,ev_5828f200b981
relation_evidence,S265_EVIDENCE_FF2B326BF87879625BCB,ev_c4234b7f9b37
relation_evidence,S265_EVIDENCE_FF2B9686834CA0F063FB,ev_bbd804cd128e
relation_evidence,S265_EVIDENCE_FF3B06C013F7E8CC9B95,ev_11d80ab28603
relation_evidence,S265_EVIDENCE_FF5911C3F8173BE229B5,ev_2634320feefb
relation_evidence,S265_EVIDENCE_FF6B447C873FA9BC1CDF,ev_db6e7fc11a06
relation_evidence,S265_EVIDENCE_FF96D1FD381AC486A043,ev_4a3bd35418c8
relation_evidence,S265_EVIDENCE_FFA6C8C1EBACD789F52D,ev_9264034dfc02
relation_evidence,S265_EVIDENCE_FFAF3B76B38D6A1824C3,ev_c60c61296501
relation_evidence,S265_EVIDENCE_FFB2DB97FA03E3FC9CF0,ev_45231970d93e
relation_evidence,S265_EVIDENCE_FFB4AB489A4AC08A03FD,ev_5f582f1c0678
relation_evidence,S265_EVIDENCE_FFDAAD7DC991E3DE696F,ev_1a2648e7a114
relation_evidence,S265_EVIDENCE_FFE2EA3469DC4E7BAB07,ev_efa0b85412a7
relation_evidence,S265_EVIDENCE_FFF7ACA443DA3C2727BD,ev_58689e5adedc
claim_evidence,S265_CLAIM_EVIDENCE_000A8577F368F73B223B,cev_aef7f9b32b97
claim_evidence,S265_CLAIM_EVIDENCE_00561617D25B43EA228D,cev_06be99b86b82
claim_evidence,S265_CLAIM_EVIDENCE_0057B08A7DADFB531C53,cev_152991b526eb
claim_evidence,S265_CLAIM_EVIDENCE_00598DAC6C25DE31A3DB,cev_448d581e3061
claim_evidence,S265_CLAIM_EVIDENCE_0069B5BE4C209E543C2E,cev_776daffd47d9
claim_evidence,S265_CLAIM_EVIDENCE_006D6210828EBD604414,cev_e44816f608cf
claim_evidence,S265_CLAIM_EVIDENCE_0079BE8C1964BC530791,cev_7dabb02f508b
claim_evidence,S265_CLAIM_EVIDENCE_007F3971E314982D2AB5,cev_5b6b7411aabd
claim_evidence,S265_CLAIM_EVIDENCE_0089CEBCC2E4817DA910,cev_1b9dbcd0251b
claim_evidence,S265_CLAIM_EVIDENCE_00AC11F8A3C144012C6B,cev_49a9a9085bba
claim_evidence,S265_CLAIM_EVIDENCE_00B00B79C1976E661765,cev_f7183a0f2230
claim_evidence,S265_CLAIM_EVIDENCE_00B92CAFE94414AFEE09,cev_cc9123b48881
claim_evidence,S265_CLAIM_EVIDENCE_00BC62435FB0A9460F42,cev_3e97a54994c1
claim_evidence,S265_CLAIM_EVIDENCE_00D5326DFA57508801A9,cev_4d2b2fd80d61
claim_evidence,S265_CLAIM_EVIDENCE_00D79EB26898682C682C,cev_e0ae5e81b46e
claim_evidence,S265_CLAIM_EVIDENCE_00E1F14243A498A76FD7,cev_9333c98a1b65
claim_evidence,S265_CLAIM_EVIDENCE_00E587A77CBE202E498F,cev_d60a8013ed84
claim_evidence,S265_CLAIM_EVIDENCE_012D47B8D1D23C631E3B,cev_2165598c9706
claim_evidence,S265_CLAIM_EVIDENCE_0132102E2E8EC8A92E4D,cev_0bc0c09112c7
claim_evidence,S265_CLAIM_EVIDENCE_014000F89110BC0E3E77,cev_c6d3b4d9cf09
claim_evidence,S265_CLAIM_EVIDENCE_014DF1549E8135827741,cev_ae4b6c098733
claim_evidence,S265_CLAIM_EVIDENCE_01511A01768838E66859,cev_b0a6c2c49c71
claim_evidence,S265_CLAIM_EVIDENCE_015162AF2F8A1F13FD11,cev_9eb0b9c6dff7
claim_evidence,S265_CLAIM_EVIDENCE_01584517B5EB460462A3,cev_a4d4773e94be
claim_evidence,S265_CLAIM_EVIDENCE_01758D07F30B097B9D65,cev_e678691929e9
claim_evidence,S265_CLAIM_EVIDENCE_017B15DC7508C4D785EB,cev_a30b8d80a82b
claim_evidence,S265_CLAIM_EVIDENCE_017C60E22BE7016B5A41,cev_1d10c62d6818
claim_evidence,S265_CLAIM_EVIDENCE_017EEF22CEC137C3B9E2,cev_fde19ebc8743
claim_evidence,S265_CLAIM_EVIDENCE_0187F2F9093C247E0677,cev_86c3d0d4873c
claim_evidence,S265_CLAIM_EVIDENCE_0193876BB6BAFA09A97D,cev_d98e6d59927d
claim_evidence,S265_CLAIM_EVIDENCE_0196389977931379E2A1,cev_0209e2fa58a6
claim_evidence,S265_CLAIM_EVIDENCE_01B6A5543417A95D62CE,cev_be8cc57120a2
claim_evidence,S265_CLAIM_EVIDENCE_01C44EC88984215FD499,cev_46a13c96952e
claim_evidence,S265_CLAIM_EVIDENCE_01D7BE4476B46E3A11F7,cev_72f789629924
claim_evidence,S265_CLAIM_EVIDENCE_01D817FF8E241F123671,cev_a8e65ecef5b5
claim_evidence,S265_CLAIM_EVIDENCE_01ECEED44C34BCB9F82F,cev_8375d1626477
claim_evidence,S265_CLAIM_EVIDENCE_01EFDC1AC49651445A27,cev_cb02d0e66dd0
claim_evidence,S265_CLAIM_EVIDENCE_01F76A6E76957BDE9FDF,cev_719df188c954
claim_evidence,S265_CLAIM_EVIDENCE_01FA28346C8EFC25F8B1,cev_e8d1094a67d3
claim_evidence,S265_CLAIM_EVIDENCE_01FDAC972C262FA14337,cev_813b52a1289a
claim_evidence,S265_CLAIM_EVIDENCE_020948377BF7BC750A73,cev_85d42ded61d5
claim_evidence,S265_CLAIM_EVIDENCE_0212BEE2808F8449A292,cev_e2951d0544b8
claim_evidence,S265_CLAIM_EVIDENCE_022A269D300C16C11E30,cev_117a190277e3
claim_evidence,S265_CLAIM_EVIDENCE_02411DE5E057AA117776,cev_41dfe3f5b471
claim_evidence,S265_CLAIM_EVIDENCE_024D54938F25D74FE2B3,cev_60c2c8a6ab57
claim_evidence,S265_CLAIM_EVIDENCE_0260F7E9EAABC1B17C2D,cev_992323361ddf
claim_evidence,S265_CLAIM_EVIDENCE_026F0A0C5F4E8F432CA4,cev_192c726a3ce5
claim_evidence,S265_CLAIM_EVIDENCE_0271760F2FBF5C7524BF,cev_9531de015757
claim_evidence,S265_CLAIM_EVIDENCE_0285C7E30BE7D4DEBBE1,cev_5e42aa67d35e
claim_evidence,S265_CLAIM_EVIDENCE_029D42887E2942988754,cev_35cc7129f8a7
claim_evidence,S265_CLAIM_EVIDENCE_029E1A6C1C2F44AB8CB8,cev_324b645df713
claim_evidence,S265_CLAIM_EVIDENCE_02AB108F653F3C963ED3,cev_8563ac758c30
claim_evidence,S265_CLAIM_EVIDENCE_02C3B4E58EC28C400F67,cev_900729c8b412
claim_evidence,S265_CLAIM_EVIDENCE_02F3C289E4CC6DAA7D64,cev_caa9d7516e77
claim_evidence,S265_CLAIM_EVIDENCE_0301925932904EE26D52,cev_8097ecbabe97
claim_evidence,S265_CLAIM_EVIDENCE_030F1345F5ECCA75E790,cev_446c2c2304bd
claim_evidence,S265_CLAIM_EVIDENCE_032FC5BAFE6EBF88814E,cev_afa448cd959a
claim_evidence,S265_CLAIM_EVIDENCE_0335D4E0B1241AD9D8AA,cev_8bb9470bce6a
claim_evidence,S265_CLAIM_EVIDENCE_033870E11F11397CF9EB,cev_8907e2f4fbcc
claim_evidence,S265_CLAIM_EVIDENCE_0349F3235F0033C52B03,cev_10e864367027
claim_evidence,S265_CLAIM_EVIDENCE_035FE2B989C34558A4EA,cev_a629ee5868f5
claim_evidence,S265_CLAIM_EVIDENCE_0360241E0EE3CEFF91A0,cev_3fd046ac71a6
claim_evidence,S265_CLAIM_EVIDENCE_036A5CD2F8A823ECE359,cev_dce4a6f86315
claim_evidence,S265_CLAIM_EVIDENCE_0386A8F2621BF7F39AC1,cev_81c9fa93fcac
claim_evidence,S265_CLAIM_EVIDENCE_038A8B5803B7AC5384D1,cev_943b73bae22c
claim_evidence,S265_CLAIM_EVIDENCE_038DA13380314E5CFA15,cev_8d4579f7a997
claim_evidence,S265_CLAIM_EVIDENCE_0395DA0E4712FF0CC749,cev_88366f6744f3
claim_evidence,S265_CLAIM_EVIDENCE_03DC496FC4CBA6A5A644,cev_c6084b2c2da7
claim_evidence,S265_CLAIM_EVIDENCE_03E6F09B54C3C2245CC8,cev_a8a46b7b3668
claim_evidence,S265_CLAIM_EVIDENCE_03EB54918A4A5E985F7C,cev_9bfe76b5105d
claim_evidence,S265_CLAIM_EVIDENCE_03F3584590231DD60DE1,cev_e7d011fe0de5
claim_evidence,S265_CLAIM_EVIDENCE_03F62A53F84A9047DF1F,cev_16f468a839d9
claim_evidence,S265_CLAIM_EVIDENCE_03FB192F5BFE3E510090,cev_8f0304a12aec
claim_evidence,S265_CLAIM_EVIDENCE_041EA2C8E70D885C44A5,cev_0081a1ae64a9
claim_evidence,S265_CLAIM_EVIDENCE_042E2EC0030EE45C8521,cev_c45b151d7fd3
claim_evidence,S265_CLAIM_EVIDENCE_043D9E34BC7EED827E4D,cev_c4a14b6c81a5
claim_evidence,S265_CLAIM_EVIDENCE_044AA69D91A8106CE074,cev_2e2b6c82c3dd
claim_evidence,S265_CLAIM_EVIDENCE_044C7EC95F401397320A,cev_9f19c4b2d2f2
claim_evidence,S265_CLAIM_EVIDENCE_0452C55E5DFF2D65DB4C,cev_58ee40e29efa
claim_evidence,S265_CLAIM_EVIDENCE_045F0636FAB7C2F5E6A5,cev_51962955a158
claim_evidence,S265_CLAIM_EVIDENCE_0464D2C4AC1478071DAA,cev_5dc47c9e05db
claim_evidence,S265_CLAIM_EVIDENCE_04799B7A7632668F4401,cev_208f2d572b2f
claim_evidence,S265_CLAIM_EVIDENCE_047C395C1F7E8A5FE8C7,cev_1d6325dd327f
claim_evidence,S265_CLAIM_EVIDENCE_047CE24500D5EA14FD98,cev_c9114faf8691
claim_evidence,S265_CLAIM_EVIDENCE_047F3961F8AA78C3AC7F,cev_4d8d00287d39
claim_evidence,S265_CLAIM_EVIDENCE_049BBABE5180EE92E0A1,cev_47ed7ad18ee4
claim_evidence,S265_CLAIM_EVIDENCE_04B210B4D16F3E15BC69,cev_705c29aba67b
claim_evidence,S265_CLAIM_EVIDENCE_04C0B2B13A13750BFD48,cev_c4f083ebd9df
claim_evidence,S265_CLAIM_EVIDENCE_04C52615A76A8B2DDE3A,cev_ad2955fdc31b
claim_evidence,S265_CLAIM_EVIDENCE_04C5A94904A4FCDD9C8F,cev_859444eb1104
claim_evidence,S265_CLAIM_EVIDENCE_04D95D3D4769C885FD6C,cev_723096381775
claim_evidence,S265_CLAIM_EVIDENCE_04E0523CDE0EF436B63A,cev_92cfb464ceb3
claim_evidence,S265_CLAIM_EVIDENCE_04E600442C1243329C83,cev_5d11fab1e191
claim_evidence,S265_CLAIM_EVIDENCE_05433E836156C00EE819,cev_89d6819f014a
claim_evidence,S265_CLAIM_EVIDENCE_0569230D44127DF44123,cev_1a9ebc81f8dc
claim_evidence,S265_CLAIM_EVIDENCE_056D035BA6D2EC94C632,cev_d3979b0ca266
claim_evidence,S265_CLAIM_EVIDENCE_057352339A438D2468A8,cev_56c8764e4f0f
claim_evidence,S265_CLAIM_EVIDENCE_0584A4BFD6A5D262C4AB,cev_c07831eea258
claim_evidence,S265_CLAIM_EVIDENCE_05883AC4403FF1198216,cev_170cef0fa43c
claim_evidence,S265_CLAIM_EVIDENCE_05A8C5D3ECB3694CD4B2,cev_03fd99854cad
claim_evidence,S265_CLAIM_EVIDENCE_05DC75AFC8FB83FEBF52,cev_3262e70e5a26
claim_evidence,S265_CLAIM_EVIDENCE_05F5F54B2A95B5161ADB,cev_c171c4b51475
claim_evidence,S265_CLAIM_EVIDENCE_0605EEB190DBC4EEA400,cev_7000a87d14ec
claim_evidence,S265_CLAIM_EVIDENCE_0608F53741E352DA33A3,cev_0ba672db59bb
claim_evidence,S265_CLAIM_EVIDENCE_062D140B909340EE5AC8,cev_2004ed88eab8
claim_evidence,S265_CLAIM_EVIDENCE_063B88C396A62B937A46,cev_39fb9b891248
claim_evidence,S265_CLAIM_EVIDENCE_0653BAECE92A68C7695F,cev_cf94c660af34
claim_evidence,S265_CLAIM_EVIDENCE_068A95A0A510B783EB9A,cev_a626f90a132d
claim_evidence,S265_CLAIM_EVIDENCE_06BE4C4B2587B41F903E,cev_14fb7b146b78
claim_evidence,S265_CLAIM_EVIDENCE_06C160E46A8E1BDD0CE3,cev_3c5f31cb021f
claim_evidence,S265_CLAIM_EVIDENCE_06CBA49277BB17C84E72,cev_9e0320be0767
claim_evidence,S265_CLAIM_EVIDENCE_06CC974A03AAA2373B26,cev_b080fb4528e7
claim_evidence,S265_CLAIM_EVIDENCE_06CE8B80A68998E07026,cev_4192f17c0379
claim_evidence,S265_CLAIM_EVIDENCE_06D67C52C797C2D04DAB,cev_3f0dc5b6102f
claim_evidence,S265_CLAIM_EVIDENCE_06DA920D3F7776BDF9C9,cev_3eec9d7f8a74
claim_evidence,S265_CLAIM_EVIDENCE_06DDE3C31CA7794E8B23,cev_a08a89a36093
claim_evidence,S265_CLAIM_EVIDENCE_06EF2E8A68430C908756,cev_a8842418451f
claim_evidence,S265_CLAIM_EVIDENCE_06F01675D4C38619FBC7,cev_bb8b8186b668
claim_evidence,S265_CLAIM_EVIDENCE_0723B3B13F7012DB1A64,cev_edffda258592
claim_evidence,S265_CLAIM_EVIDENCE_074F55DB121920018AA7,cev_8d15f24587c9
claim_evidence,S265_CLAIM_EVIDENCE_076F012AFF9AB16F4E95,cev_26b076342605
claim_evidence,S265_CLAIM_EVIDENCE_0771C21F88E6E789C49A,cev_b13065d52e50
claim_evidence,S265_CLAIM_EVIDENCE_0777FEFF7640CF460A95,cev_5cc96a4edf16
claim_evidence,S265_CLAIM_EVIDENCE_0785C6BA27398DDA4118,cev_1bb0f6a723f5
claim_evidence,S265_CLAIM_EVIDENCE_078AE4F7D791226146FA,cev_f197d4090a9f
claim_evidence,S265_CLAIM_EVIDENCE_07B230E1961321FA1176,cev_548d6308abc7
claim_evidence,S265_CLAIM_EVIDENCE_07B6A8E784F31CB09245,cev_d7155154b415
claim_evidence,S265_CLAIM_EVIDENCE_07C0A092AF8AFBE8BDC9,cev_940aec586380
claim_evidence,S265_CLAIM_EVIDENCE_07C810847F5699B979A8,cev_cdbfdda508b9
claim_evidence,S265_CLAIM_EVIDENCE_07EE826B5AB2EF3F084C,cev_69f189ae528f
claim_evidence,S265_CLAIM_EVIDENCE_0802C801449A38F8E906,cev_76fd4894c904
claim_evidence,S265_CLAIM_EVIDENCE_081C48051BB26D797287,cev_b03e329d68e0
claim_evidence,S265_CLAIM_EVIDENCE_081DB3BD96FDB8DD2CAB,cev_c74c3f20002a
claim_evidence,S265_CLAIM_EVIDENCE_08235AD76725AF5634E9,cev_1b38c4c2f7ca
claim_evidence,S265_CLAIM_EVIDENCE_082CF019AC65153916DF,cev_4db73e41d773
claim_evidence,S265_CLAIM_EVIDENCE_083D8BF5E17A4F08E939,cev_b8e60c69aa72
claim_evidence,S265_CLAIM_EVIDENCE_083F4B90E684B73B70B5,cev_bf178b22293c
claim_evidence,S265_CLAIM_EVIDENCE_085814B452AB672B1D3C,cev_40461df496c7
claim_evidence,S265_CLAIM_EVIDENCE_0862BFA0866CF2733D67,cev_604432983258
claim_evidence,S265_CLAIM_EVIDENCE_087AACF022D312194D60,cev_d3568d0d8db4
claim_evidence,S265_CLAIM_EVIDENCE_0889062FF94BE5E79092,cev_96daa61c6b0c
claim_evidence,S265_CLAIM_EVIDENCE_089700D94F111717D6EE,cev_60616362e16a
claim_evidence,S265_CLAIM_EVIDENCE_089F624A657A6694B78A,cev_de87af79a2c1
claim_evidence,S265_CLAIM_EVIDENCE_08A5435F46D9B5BEF137,cev_2414a9bb02da
claim_evidence,S265_CLAIM_EVIDENCE_08D428CCC69B16057837,cev_20dd07dccf8c
claim_evidence,S265_CLAIM_EVIDENCE_08D999CA935A70C01B56,cev_5ed8314cbe31
claim_evidence,S265_CLAIM_EVIDENCE_08F8FB6C58AE27D713D0,cev_6af0d887a8b5
claim_evidence,S265_CLAIM_EVIDENCE_0927E740D33E34DDFB02,cev_14b06596b23b
claim_evidence,S265_CLAIM_EVIDENCE_092DCA7371B38634EE7A,cev_d300f21f0247
claim_evidence,S265_CLAIM_EVIDENCE_0931162129660A4A4437,cev_5aef91bbbf85
claim_evidence,S265_CLAIM_EVIDENCE_0933FA7C870D30465684,cev_edf0bc9a81ba
claim_evidence,S265_CLAIM_EVIDENCE_09396CAD94C20994C759,cev_32623c9ca92c
claim_evidence,S265_CLAIM_EVIDENCE_0941E9D5E477F855EC88,cev_6ee96b868c41
claim_evidence,S265_CLAIM_EVIDENCE_094C1340E250AB79852C,cev_528522e733f2
claim_evidence,S265_CLAIM_EVIDENCE_094CED47F1648CE7D7BD,cev_8a86d1e95d19
claim_evidence,S265_CLAIM_EVIDENCE_097813A82B558B7D17EE,cev_8f6f4e5076a4
claim_evidence,S265_CLAIM_EVIDENCE_097BC36FB850C175ECAB,cev_b42bf8448c1c
claim_evidence,S265_CLAIM_EVIDENCE_098BFD9E8F8EBA71865B,cev_6cc15c86c15a
claim_evidence,S265_CLAIM_EVIDENCE_09929EFD57DDD02292A7,cev_4799fe2d5d33
claim_evidence,S265_CLAIM_EVIDENCE_09A7572261D2A37E6CE1,cev_15efda2cc90b
claim_evidence,S265_CLAIM_EVIDENCE_09AF2B83B7FD4D5F0AED,cev_0081f9dad778
claim_evidence,S265_CLAIM_EVIDENCE_09BED86C3FEA0FD665D5,cev_f1d658271baa
claim_evidence,S265_CLAIM_EVIDENCE_09E3C760FA59FD291827,cev_dff5ec06c007
claim_evidence,S265_CLAIM_EVIDENCE_09EBF98C4CFCAFCD175D,cev_93f3263831dc
claim_evidence,S265_CLAIM_EVIDENCE_09EE997B561733BBDCCE,cev_7d9750affa05
claim_evidence,S265_CLAIM_EVIDENCE_09F2602DA6797FE17703,cev_edacba37f1f6
claim_evidence,S265_CLAIM_EVIDENCE_0A0712D38E66E4981038,cev_0bfc6cb3d0f1
claim_evidence,S265_CLAIM_EVIDENCE_0A2B7B73658F18870714,cev_e8a0bc96219a
claim_evidence,S265_CLAIM_EVIDENCE_0A2C8EEF832F7BD7C531,cev_866d2770b9be
claim_evidence,S265_CLAIM_EVIDENCE_0A2F83BB2426575D3AD2,cev_1acb811bfb41
claim_evidence,S265_CLAIM_EVIDENCE_0A33AEDD9974716AEF6A,cev_f51db9619847
claim_evidence,S265_CLAIM_EVIDENCE_0A40AB6C28561A3AA994,cev_f77e0c6330b3
claim_evidence,S265_CLAIM_EVIDENCE_0A4B0609875AF22BCDB5,cev_c646cff93a53
claim_evidence,S265_CLAIM_EVIDENCE_0A526DA436BD25A4DA14,cev_e60d9e7154c1
claim_evidence,S265_CLAIM_EVIDENCE_0A5BDC4A0C0B7A9C3F83,cev_fcc607c7f988
claim_evidence,S265_CLAIM_EVIDENCE_0A8616E8415A745B1F41,cev_29001b82478c
claim_evidence,S265_CLAIM_EVIDENCE_0A8D477C1CE90FBC44A7,cev_a77bf6e62367
claim_evidence,S265_CLAIM_EVIDENCE_0AA0C60DC3EAB790F474,cev_d914dec7a6f0
claim_evidence,S265_CLAIM_EVIDENCE_0AC986ECF99DEDB728D1,cev_4223ff251786
claim_evidence,S265_CLAIM_EVIDENCE_0AEB39A60EED8D26AF04,cev_285638b6ab24
claim_evidence,S265_CLAIM_EVIDENCE_0AFD46F9BB6E8240DF04,cev_98f0d1d1f9ee
claim_evidence,S265_CLAIM_EVIDENCE_0B00816A83C39078EBBC,cev_c3415c3da941
claim_evidence,S265_CLAIM_EVIDENCE_0B0D8A9C5A4E42A984F7,cev_9b020eb62adb
claim_evidence,S265_CLAIM_EVIDENCE_0B1C5350E795E322105E,cev_204dd8f366a5
claim_evidence,S265_CLAIM_EVIDENCE_0B1F8D1D7D67DFA9D162,cev_76783c2c9b83
claim_evidence,S265_CLAIM_EVIDENCE_0B28C79D99F5DB3AE35E,cev_7b0066409f07
claim_evidence,S265_CLAIM_EVIDENCE_0B2A4593088543416829,cev_161167f2055d
claim_evidence,S265_CLAIM_EVIDENCE_0B2F1FD5CD548849E2A7,cev_40ce2619fa76
claim_evidence,S265_CLAIM_EVIDENCE_0B31FEF264889C9F7F27,cev_e88a542e80b9
claim_evidence,S265_CLAIM_EVIDENCE_0B433519595A83E22893,cev_7e07b3b21709
claim_evidence,S265_CLAIM_EVIDENCE_0B47C1783809FE3B63BF,cev_a393a626286f
claim_evidence,S265_CLAIM_EVIDENCE_0B6254A1A467BAC96D3E,cev_5abbf89e393c
claim_evidence,S265_CLAIM_EVIDENCE_0B85ACF381D8DC7427DF,cev_7f3d4d711b3b
claim_evidence,S265_CLAIM_EVIDENCE_0B9130F7F1436668509F,cev_b0af908b6647
claim_evidence,S265_CLAIM_EVIDENCE_0B972CF27A1F38C79E22,cev_4645ad880ec0
claim_evidence,S265_CLAIM_EVIDENCE_0BD4080E481F25602AD3,cev_7951cfa9921e
claim_evidence,S265_CLAIM_EVIDENCE_0C00AC33A10B05453FA3,cev_5a875a32f63b
claim_evidence,S265_CLAIM_EVIDENCE_0C054CD98029A73CFDCE,cev_4101fdb2746a
claim_evidence,S265_CLAIM_EVIDENCE_0C0FD014E72A57969589,cev_0cdcb949d377
claim_evidence,S265_CLAIM_EVIDENCE_0C1AA7127E6A44D348F7,cev_1e35788c6945
claim_evidence,S265_CLAIM_EVIDENCE_0C3DA818F06641D1BD12,cev_358a858f235b
claim_evidence,S265_CLAIM_EVIDENCE_0C410A339FBE2F641310,cev_720612d7b173
claim_evidence,S265_CLAIM_EVIDENCE_0C5350FEB80435BDB998,cev_33c47cd62f03
claim_evidence,S265_CLAIM_EVIDENCE_0C53CAE7E704C488F784,cev_3c427bb333b8
claim_evidence,S265_CLAIM_EVIDENCE_0C5596CA2E5F253C6375,cev_13b212c26dd6
claim_evidence,S265_CLAIM_EVIDENCE_0C58C5242765AA265E98,cev_2e74564d9ecc
claim_evidence,S265_CLAIM_EVIDENCE_0C77955ADCD376CC971D,cev_387f9c074222
claim_evidence,S265_CLAIM_EVIDENCE_0C7EED348896B270043B,cev_c5edfb5d76cf
claim_evidence,S265_CLAIM_EVIDENCE_0CA2057E663271DEB985,cev_74cfcb96532a
claim_evidence,S265_CLAIM_EVIDENCE_0CAB6D839A8D994CC608,cev_c7adb5b87104
claim_evidence,S265_CLAIM_EVIDENCE_0CBCCB0E2EB7210C826E,cev_af1e79aafcad
claim_evidence,S265_CLAIM_EVIDENCE_0CD40EAAA0ACEEEF30B5,cev_2cbf03c8384f
claim_evidence,S265_CLAIM_EVIDENCE_0CD76D3F66F8BB2164F9,cev_639d527401a8
claim_evidence,S265_CLAIM_EVIDENCE_0CF92753E37CF654C0FD,cev_d5bcc56de3b4
claim_evidence,S265_CLAIM_EVIDENCE_0CFFA71D3A7AA18C5DDA,cev_63951c61ecc7
claim_evidence,S265_CLAIM_EVIDENCE_0D01908FC8503772E10D,cev_a33d0f0d6843
claim_evidence,S265_CLAIM_EVIDENCE_0D145CA927F0037BF6F0,cev_9e2b8254cdc9
claim_evidence,S265_CLAIM_EVIDENCE_0D22053649FBF3BA6F7E,cev_076b9004db98
claim_evidence,S265_CLAIM_EVIDENCE_0D26F56F82604DDB4A4E,cev_e68d03ef71f7
claim_evidence,S265_CLAIM_EVIDENCE_0D2A6109EADDBC48D421,cev_89274a433d2c
claim_evidence,S265_CLAIM_EVIDENCE_0D2B73FD18C0A99D443B,cev_7fe1ac4c193b
claim_evidence,S265_CLAIM_EVIDENCE_0D3D81656C54869D6643,cev_614d320335c5
claim_evidence,S265_CLAIM_EVIDENCE_0D46C09A7076CD1B54F6,cev_9ea5b431a565
claim_evidence,S265_CLAIM_EVIDENCE_0D49543A72CE922E3CE9,cev_97d64f457ebe
claim_evidence,S265_CLAIM_EVIDENCE_0D73342A56DCF7EFF26A,cev_40356b9414bb
claim_evidence,S265_CLAIM_EVIDENCE_0D7F393F938AF3450B48,cev_17f659187024
claim_evidence,S265_CLAIM_EVIDENCE_0D7FB79B790D76CAEC87,cev_bce063653918
claim_evidence,S265_CLAIM_EVIDENCE_0DABC121BFB7E2D2EB9B,cev_948c0fd2f287
claim_evidence,S265_CLAIM_EVIDENCE_0DB94568317298355221,cev_cf697d3bc4f4
claim_evidence,S265_CLAIM_EVIDENCE_0DBFF7956119556B43DF,cev_be98ff60a469
claim_evidence,S265_CLAIM_EVIDENCE_0DCAF158EC9E0575251D,cev_22f096c53cb7
claim_evidence,S265_CLAIM_EVIDENCE_0DD91130FC4CCA67ADF7,cev_7b15b3e0771b
claim_evidence,S265_CLAIM_EVIDENCE_0DDAD3E7244D71E448D4,cev_0d7ee3fed9d7
claim_evidence,S265_CLAIM_EVIDENCE_0DE736E80226206B9DD7,cev_5499363b33b4
claim_evidence,S265_CLAIM_EVIDENCE_0DE9CFA404386C56C5CA,cev_511af710d9d3
claim_evidence,S265_CLAIM_EVIDENCE_0DF72E28C6B7DB302E43,cev_b8eee06e6925
claim_evidence,S265_CLAIM_EVIDENCE_0E16855A08679A580286,cev_eb4210093bf7
claim_evidence,S265_CLAIM_EVIDENCE_0E3790ADC0D7A085F34A,cev_f504db443853
claim_evidence,S265_CLAIM_EVIDENCE_0E4A30FE43DF589B7565,cev_4caa6652afec
claim_evidence,S265_CLAIM_EVIDENCE_0E5860611B7071FCEC7A,cev_ba42c2eb637f
claim_evidence,S265_CLAIM_EVIDENCE_0E5C11ED340E6391EE95,cev_2803fda9813c
claim_evidence,S265_CLAIM_EVIDENCE_0E601296BC0225E44267,cev_70ad69a28c3c
claim_evidence,S265_CLAIM_EVIDENCE_0E738A9367F50119D0CA,cev_acfdf38b0c56
claim_evidence,S265_CLAIM_EVIDENCE_0E7640DAFD3042D24C50,cev_57d8d36281e6
claim_evidence,S265_CLAIM_EVIDENCE_0E890BAD940AA6ED0E06,cev_adffca4b0fb7
claim_evidence,S265_CLAIM_EVIDENCE_0E9977D2316D5947F515,cev_7d6dbb1220f5
claim_evidence,S265_CLAIM_EVIDENCE_0E9DD39904518FCBD4EB,cev_1a57bfc460c8
claim_evidence,S265_CLAIM_EVIDENCE_0E9E04062656FE0BE38D,cev_2116036ff182
claim_evidence,S265_CLAIM_EVIDENCE_0EA1CBCCE2D063E67485,cev_44598254b426
claim_evidence,S265_CLAIM_EVIDENCE_0EF1764F9EF3B68A4C49,cev_a51e74ae32c0
claim_evidence,S265_CLAIM_EVIDENCE_0EF7C84227EDB1CD51B8,cev_308290296684
claim_evidence,S265_CLAIM_EVIDENCE_0F1BE413EB24928DD9DA,cev_5154971d2eb1
claim_evidence,S265_CLAIM_EVIDENCE_0F1E673D24DBC92E8BEC,cev_f56476b1ad32
claim_evidence,S265_CLAIM_EVIDENCE_0F25156AE3EC715DC4A1,cev_8c915b87d471
claim_evidence,S265_CLAIM_EVIDENCE_0F2700503FC7016134AF,cev_88821be299f3
claim_evidence,S265_CLAIM_EVIDENCE_0F2BD947C020A46F91C8,cev_01d37aa81fce
claim_evidence,S265_CLAIM_EVIDENCE_0F2D6A8A8D887169BEC7,cev_66c9c78e8b5f
claim_evidence,S265_CLAIM_EVIDENCE_0F3F94100F059A44A0A4,cev_0fe870ec66b6
claim_evidence,S265_CLAIM_EVIDENCE_0F43C5BE967C052F5A2E,cev_52bf632484d0
claim_evidence,S265_CLAIM_EVIDENCE_0F4722583A70A257973A,cev_9900f1f92b2a
claim_evidence,S265_CLAIM_EVIDENCE_0F52D3E8E350B3808C13,cev_3374ec093864
claim_evidence,S265_CLAIM_EVIDENCE_0F58DBA7D4C2FFE6194C,cev_b0d5a213e406
claim_evidence,S265_CLAIM_EVIDENCE_0F671F67D5AA2C4CF34D,cev_dc1c316a22a4
claim_evidence,S265_CLAIM_EVIDENCE_0F738C75BC52D84DE8E3,cev_f6926ae1e9c6
claim_evidence,S265_CLAIM_EVIDENCE_0F7784608AE4B58478A9,cev_2eea174dfe89
claim_evidence,S265_CLAIM_EVIDENCE_0F862A333F53B8A028CA,cev_5b13bf5f27e9
claim_evidence,S265_CLAIM_EVIDENCE_0F985109B40AC5D48551,cev_3ba5201754ea
claim_evidence,S265_CLAIM_EVIDENCE_0FA8F58BEEF728D136A4,cev_545bb09ebdbf
claim_evidence,S265_CLAIM_EVIDENCE_0FC532F8BD244E4824E0,cev_8e71aaafbdbb
claim_evidence,S265_CLAIM_EVIDENCE_0FC8A9AE73FD63AA42F4,cev_8178c6485760
claim_evidence,S265_CLAIM_EVIDENCE_0FF891BCC9216D40E32E,cev_b1623966fb2e
claim_evidence,S265_CLAIM_EVIDENCE_102E01103B3F9019745D,cev_23a5251541b4
claim_evidence,S265_CLAIM_EVIDENCE_1043376B20957CEB7BAC,cev_d937d6f4a13a
claim_evidence,S265_CLAIM_EVIDENCE_1048A14440C643B643FA,cev_9ed1dd8fc467
claim_evidence,S265_CLAIM_EVIDENCE_1050FE182D3448E8C7B6,cev_e9081f07526d
claim_evidence,S265_CLAIM_EVIDENCE_106A4BAEAFEEAAE3DAEB,cev_2570b613a8b5
claim_evidence,S265_CLAIM_EVIDENCE_1078E0BCD1611BE99641,cev_e5f6b01fd431
claim_evidence,S265_CLAIM_EVIDENCE_107963EE5AD22E2A2DA9,cev_ec37ff3f089a
claim_evidence,S265_CLAIM_EVIDENCE_108843867DEF48569400,cev_d4d6568ecbe5
claim_evidence,S265_CLAIM_EVIDENCE_10955489C570827ECFDE,cev_8106610f5d32
claim_evidence,S265_CLAIM_EVIDENCE_10B33686FDDF722343EA,cev_9099b967c859
claim_evidence,S265_CLAIM_EVIDENCE_10B7893959CF12C88616,cev_c4b5df6eb2e9
claim_evidence,S265_CLAIM_EVIDENCE_10BA310E44D0A8AB9665,cev_a7b9306d9e71
claim_evidence,S265_CLAIM_EVIDENCE_10BAA2A2A7A80AAA6436,cev_b96cef1fd790
claim_evidence,S265_CLAIM_EVIDENCE_10C13B5E8A0C7A2550C4,cev_90fd31bec185
claim_evidence,S265_CLAIM_EVIDENCE_10C6A6DD1A281ED5318A,cev_8f1bd7495b9a
claim_evidence,S265_CLAIM_EVIDENCE_10D0252BAF171B8ED576,cev_8352929811e1
claim_evidence,S265_CLAIM_EVIDENCE_10D4817C4B078F61FA05,cev_861e596e9ee3
claim_evidence,S265_CLAIM_EVIDENCE_10E668ABEB03E9B04EE7,cev_30e3cd1790aa
claim_evidence,S265_CLAIM_EVIDENCE_10F7995F57D931505766,cev_0fb702e259e4
claim_evidence,S265_CLAIM_EVIDENCE_10FAD8BF3B2B220197D8,cev_f07cd4babd5f
claim_evidence,S265_CLAIM_EVIDENCE_10FD0A54C447F37106EC,cev_85f9ec714ae4
claim_evidence,S265_CLAIM_EVIDENCE_110070FA7B5B7DEA04ED,cev_9c3e5fe27a49
claim_evidence,S265_CLAIM_EVIDENCE_1106D78B6FE6102FC780,cev_2998978bcdc9
claim_evidence,S265_CLAIM_EVIDENCE_1118D41AD4E33D50C883,cev_771c76b4de8e
claim_evidence,S265_CLAIM_EVIDENCE_11196917E73E2D4DFCF5,cev_32f05c3d3a16
claim_evidence,S265_CLAIM_EVIDENCE_111C704562DBA5462EE0,cev_9af9e4b835ca
claim_evidence,S265_CLAIM_EVIDENCE_1127A0655B8399C3EF17,cev_1d27764f00ef
claim_evidence,S265_CLAIM_EVIDENCE_116D2205457A795BB887,cev_363e61cdabbc
claim_evidence,S265_CLAIM_EVIDENCE_1174B23F6CCF046DF006,cev_739ace79ff4b
claim_evidence,S265_CLAIM_EVIDENCE_11782888A9430F4D8AA8,cev_4e7be12a18c8
claim_evidence,S265_CLAIM_EVIDENCE_1189003341931AAD2AB0,cev_dab81d4eab7f
claim_evidence,S265_CLAIM_EVIDENCE_118C8ABA70F029252904,cev_f0269e00a2c9
claim_evidence,S265_CLAIM_EVIDENCE_118DC1FB7E587B5D9584,cev_c67a54e42cbd
claim_evidence,S265_CLAIM_EVIDENCE_119F5B8CACF1C6AA93C7,cev_d2fbd83d07fb
claim_evidence,S265_CLAIM_EVIDENCE_11AEE84F0ED115B11B8D,cev_5b0050191b1e
claim_evidence,S265_CLAIM_EVIDENCE_11B6B4626AD3D4F8ED0A,cev_d2b867906e06
claim_evidence,S265_CLAIM_EVIDENCE_11D596A148286626602A,cev_683cc231882b
claim_evidence,S265_CLAIM_EVIDENCE_11EBC80F5D3286078541,cev_bb7f260f888a
claim_evidence,S265_CLAIM_EVIDENCE_11EE39856157A3A1D1A8,cev_193bfbb367ab
claim_evidence,S265_CLAIM_EVIDENCE_11F2A8793D4EFBD95388,cev_836f365080d0
claim_evidence,S265_CLAIM_EVIDENCE_1203EF6EDA2A758AC8DD,cev_f3bf8c7b50e8
claim_evidence,S265_CLAIM_EVIDENCE_121963D876820B6962C5,cev_e5c554dfa0c5
claim_evidence,S265_CLAIM_EVIDENCE_122E3EDC151875A42566,cev_d3b7e29a5181
claim_evidence,S265_CLAIM_EVIDENCE_1230F817C956355A5EEA,cev_0afde96acb06
claim_evidence,S265_CLAIM_EVIDENCE_126E8EF1E9E2121075C1,cev_94f9942aebc1
claim_evidence,S265_CLAIM_EVIDENCE_1284D012843D8EF6A29C,cev_b37a460f0f29
claim_evidence,S265_CLAIM_EVIDENCE_128BDFCC5A90C339F955,cev_a83c7b56f395
claim_evidence,S265_CLAIM_EVIDENCE_12A91CC2284E67819877,cev_1130e8725f5b
claim_evidence,S265_CLAIM_EVIDENCE_12D219494B7EB3F5A2C8,cev_6875e3df736c
claim_evidence,S265_CLAIM_EVIDENCE_12EBB7124E386B98B1B4,cev_997c66017407
claim_evidence,S265_CLAIM_EVIDENCE_12F9132CDD53D9D4D4F2,cev_275fc907d7cf
claim_evidence,S265_CLAIM_EVIDENCE_12FF6904200A3ED852BE,cev_7205c398a2a0
claim_evidence,S265_CLAIM_EVIDENCE_13165561E001031F338A,cev_332216f22820
claim_evidence,S265_CLAIM_EVIDENCE_131B98F3F994DA19349E,cev_98f9c7153782
claim_evidence,S265_CLAIM_EVIDENCE_1328F46245B6F0A968A7,cev_c95896fbbf61
claim_evidence,S265_CLAIM_EVIDENCE_132C8E07C47ADDB7B803,cev_5c033a1ee475
claim_evidence,S265_CLAIM_EVIDENCE_133024E245E6C65A9E0C,cev_df1acb5d7864
claim_evidence,S265_CLAIM_EVIDENCE_134FB573E9AC9FDE4A73,cev_4962c4bf7d5b
claim_evidence,S265_CLAIM_EVIDENCE_135EF96BC276520F949E,cev_f02d98262c7d
claim_evidence,S265_CLAIM_EVIDENCE_13684411774AAA5BA167,cev_f76becb4c28c
claim_evidence,S265_CLAIM_EVIDENCE_13739D516A61502237E1,cev_01d7c9d43e58
claim_evidence,S265_CLAIM_EVIDENCE_1376E743D858477DB1A2,cev_8a709682079f
claim_evidence,S265_CLAIM_EVIDENCE_138BFAB2AE6D663771F9,cev_6c5743ca30f7
claim_evidence,S265_CLAIM_EVIDENCE_13B4A567A9FE3A0697A2,cev_0bb62b61d2fd
claim_evidence,S265_CLAIM_EVIDENCE_13B54A07FF7499A3A604,cev_94296f0277c0
claim_evidence,S265_CLAIM_EVIDENCE_13D84A2B151AF9A9DD16,cev_67b1a9ad3219
claim_evidence,S265_CLAIM_EVIDENCE_13EFDA394638B4055338,cev_a5347c31e941
claim_evidence,S265_CLAIM_EVIDENCE_1416332EA16E3635EE1A,cev_0a618f58cc39
claim_evidence,S265_CLAIM_EVIDENCE_14295A41D6FDD226E44A,cev_f3622ccb3bc9
claim_evidence,S265_CLAIM_EVIDENCE_14359DAA6CB85EFDBDFA,cev_fec3c6d767bd
claim_evidence,S265_CLAIM_EVIDENCE_143A0098ECE8DBCD9ECE,cev_a2ad6a7baf0d
claim_evidence,S265_CLAIM_EVIDENCE_1450A87FEE8F154762A8,cev_581a184d50bf
claim_evidence,S265_CLAIM_EVIDENCE_148F76BAB075203DB21D,cev_132fd5b74917
claim_evidence,S265_CLAIM_EVIDENCE_149E336EC77B55F1381E,cev_dd50e975a75b
claim_evidence,S265_CLAIM_EVIDENCE_14A3A6421D1CC1DE6259,cev_53251906c9bb
claim_evidence,S265_CLAIM_EVIDENCE_14A3CDD6FC6FA219D07D,cev_b4ca4987039c
claim_evidence,S265_CLAIM_EVIDENCE_14A76613E128B86F9B80,cev_01debbe3daad
claim_evidence,S265_CLAIM_EVIDENCE_14B5C59CC11F02FF5F0F,cev_f84984d33a87
claim_evidence,S265_CLAIM_EVIDENCE_14BBB7CEA60DEEA68A50,cev_7ad565c0ad7e
claim_evidence,S265_CLAIM_EVIDENCE_14D3B0A0BDC6D05EA146,cev_bb44cfce02ce
claim_evidence,S265_CLAIM_EVIDENCE_14DF022D3C991D9A3D49,cev_9d4250f91b6e
claim_evidence,S265_CLAIM_EVIDENCE_14E07B03B9A39135589D,cev_a968fb49609b
claim_evidence,S265_CLAIM_EVIDENCE_14E97D283BE7568A85EB,cev_6ff1ab950db2
claim_evidence,S265_CLAIM_EVIDENCE_14EDBD720AD00E6F94AC,cev_2c845b554fbb
claim_evidence,S265_CLAIM_EVIDENCE_14F2ACD9049BD67022A4,cev_996062c717c5
claim_evidence,S265_CLAIM_EVIDENCE_14F853A8DA5ABF72B58B,cev_fc6e7c843065
claim_evidence,S265_CLAIM_EVIDENCE_152BB745A21A8E8FCEB0,cev_8c7ea94aa7f9
claim_evidence,S265_CLAIM_EVIDENCE_152CC85F562A1DAD887E,cev_66997f4c3937
claim_evidence,S265_CLAIM_EVIDENCE_1530AEDDE36413C8F6C8,cev_a0ed5c2c12f0
claim_evidence,S265_CLAIM_EVIDENCE_1535A6891F215FE36657,cev_bc79130056c7
claim_evidence,S265_CLAIM_EVIDENCE_1537A1FA6F3B6814AC16,cev_fcaf87c3b8a2
claim_evidence,S265_CLAIM_EVIDENCE_1542EBACA4A4BC569D61,cev_042c9277cd58
claim_evidence,S265_CLAIM_EVIDENCE_154D41AD2C314F91D6DE,cev_ad4362362cf6
claim_evidence,S265_CLAIM_EVIDENCE_1589AC6378A6BC82A278,cev_41e86e0a756f
claim_evidence,S265_CLAIM_EVIDENCE_15A2A564196CA34B8D0A,cev_e36ec2f512dc
claim_evidence,S265_CLAIM_EVIDENCE_15AA1544F91D7B8056C7,cev_a54b2a7a3760
claim_evidence,S265_CLAIM_EVIDENCE_15B740C7E54D59114B9A,cev_e80392f15dc6
claim_evidence,S265_CLAIM_EVIDENCE_15C4B10D9C75EB35710D,cev_40fe98f3d6f0
claim_evidence,S265_CLAIM_EVIDENCE_15D172EC5A2283048882,cev_4419bcb10e75
claim_evidence,S265_CLAIM_EVIDENCE_15D4C3E40B2C22D5F5DC,cev_f064b5b7573a
claim_evidence,S265_CLAIM_EVIDENCE_15DD2F8228333ED9D293,cev_c4eae1c8be23
claim_evidence,S265_CLAIM_EVIDENCE_15F9DBB294A602D91862,cev_debf88a118f2
claim_evidence,S265_CLAIM_EVIDENCE_15FA17331BD012AF9136,cev_292d20c42435
claim_evidence,S265_CLAIM_EVIDENCE_15FAC7188F28D552B4D5,cev_343da9d8e1b3
claim_evidence,S265_CLAIM_EVIDENCE_15FFE35E1B6AE4FE61D0,cev_f6a016e92cad
claim_evidence,S265_CLAIM_EVIDENCE_162319A4F63926D7C0C1,cev_6436a4b5c658
claim_evidence,S265_CLAIM_EVIDENCE_1635FCEF0FC398473C06,cev_0c310403b26c
claim_evidence,S265_CLAIM_EVIDENCE_16392BBD026CACFD802C,cev_c70f17688cb6
claim_evidence,S265_CLAIM_EVIDENCE_165198F3DA8AA3F29878,cev_1c8dfbf2d713
claim_evidence,S265_CLAIM_EVIDENCE_16614A37FEF132A085AF,cev_3755884e5b08
claim_evidence,S265_CLAIM_EVIDENCE_1669FBBBF89897523154,cev_ff2f332eaf13
claim_evidence,S265_CLAIM_EVIDENCE_1679AD0F5C49232ED9C9,cev_ecb2aec41755
claim_evidence,S265_CLAIM_EVIDENCE_167DFAC7FEC7BF5247A6,cev_519f238b0074
claim_evidence,S265_CLAIM_EVIDENCE_16998B3D186C09D1DCAF,cev_d954b8ef6077
claim_evidence,S265_CLAIM_EVIDENCE_169B0B77C60785BBD57F,cev_3cf620426550
claim_evidence,S265_CLAIM_EVIDENCE_16C09F1DA62660549FA7,cev_6e0111495403
claim_evidence,S265_CLAIM_EVIDENCE_16C1B5F2F57A94FDF8EB,cev_e843ee5d7246
claim_evidence,S265_CLAIM_EVIDENCE_16D595FB3FCA88A71FE1,cev_9ba4cc5d9f67
claim_evidence,S265_CLAIM_EVIDENCE_16D8EB442523F2CAAD37,cev_7f346655e216
claim_evidence,S265_CLAIM_EVIDENCE_16E17A7D4452763C835A,cev_c1227896c48a
claim_evidence,S265_CLAIM_EVIDENCE_16EC4269DC9F93046EBC,cev_51d30409fab9
claim_evidence,S265_CLAIM_EVIDENCE_16F1203D498B8C81A463,cev_161165f0614a
claim_evidence,S265_CLAIM_EVIDENCE_16F669B373B158DB41F2,cev_ded47acf6a66
claim_evidence,S265_CLAIM_EVIDENCE_16FA56E79514E6B75354,cev_afe5f6c40fc0
claim_evidence,S265_CLAIM_EVIDENCE_16FF1D1A565A831E925F,cev_620c1c3394f1
claim_evidence,S265_CLAIM_EVIDENCE_17013A7FBBD77720A01C,cev_df3b341523a8
claim_evidence,S265_CLAIM_EVIDENCE_17093733E8ECCEBA6FD0,cev_18f0f4e8a545
claim_evidence,S265_CLAIM_EVIDENCE_1729EFC80E7E83F67C75,cev_6e7663af0977
claim_evidence,S265_CLAIM_EVIDENCE_17306732FBC0C7596C56,cev_0495e663b2fa
claim_evidence,S265_CLAIM_EVIDENCE_17496E4BEDA0D895B829,cev_012e962d0ffe
claim_evidence,S265_CLAIM_EVIDENCE_175D73659F9000A427A1,cev_b08a4c39cf81
claim_evidence,S265_CLAIM_EVIDENCE_1760A31F418BBFB52A98,cev_4cd27fda2288
claim_evidence,S265_CLAIM_EVIDENCE_178F084F073B41F3288E,cev_452d8dc00a4d
claim_evidence,S265_CLAIM_EVIDENCE_1796AD07A3BC2C4767FE,cev_3abc15ad61d0
claim_evidence,S265_CLAIM_EVIDENCE_18024F9918CA2CBB6B3D,cev_54a21a46ff8f
claim_evidence,S265_CLAIM_EVIDENCE_1833673BBF4DBF617BA6,cev_71be7e627d4f
claim_evidence,S265_CLAIM_EVIDENCE_183C680082FBDEEF82C2,cev_2c81f663bc6e
claim_evidence,S265_CLAIM_EVIDENCE_18470D57B4D4F276A4E1,cev_92d9f6463913
claim_evidence,S265_CLAIM_EVIDENCE_184ED465C9B35C4F9412,cev_872bbd0e43c1
claim_evidence,S265_CLAIM_EVIDENCE_18873B9BC8F4546E26C2,cev_fb4590596987
claim_evidence,S265_CLAIM_EVIDENCE_18884CF91E8D00D15CB5,cev_3e225c766279
claim_evidence,S265_CLAIM_EVIDENCE_1890A61C73B377024380,cev_6940ee471bbf
claim_evidence,S265_CLAIM_EVIDENCE_1894D8736944BB25E856,cev_a354de3ca22a
claim_evidence,S265_CLAIM_EVIDENCE_189A2A9480C6BBC03161,cev_b9e38f4cba15
claim_evidence,S265_CLAIM_EVIDENCE_18A14AE1D4387CD63244,cev_59baff307af1
claim_evidence,S265_CLAIM_EVIDENCE_18CA3ED4F9E52AFFDA64,cev_9af5d76293a5
claim_evidence,S265_CLAIM_EVIDENCE_18D2D5FEBFD7FB6BD85C,cev_1576f0dcd2d6
claim_evidence,S265_CLAIM_EVIDENCE_190D0F3ABE286E5CA0D0,cev_294f42f25e6b
claim_evidence,S265_CLAIM_EVIDENCE_191C7555F1AE9394E06C,cev_1ccc6023b8b0
claim_evidence,S265_CLAIM_EVIDENCE_191CEF795FF644A580FB,cev_413665740046
claim_evidence,S265_CLAIM_EVIDENCE_1937F067F9463ECC9539,cev_14562219a4f8
claim_evidence,S265_CLAIM_EVIDENCE_193D8F5329048FFDCA61,cev_71b6fc72020e
claim_evidence,S265_CLAIM_EVIDENCE_19547D6DF378D901D096,cev_c9a47bbc7616
claim_evidence,S265_CLAIM_EVIDENCE_195B36AF9B935B5CF889,cev_7247ebc2513a
claim_evidence,S265_CLAIM_EVIDENCE_19636048F8AC7F0EA427,cev_9426c8e0ac03
claim_evidence,S265_CLAIM_EVIDENCE_1964CDD9CD69543A3B74,cev_d5bc6bef0d9e
claim_evidence,S265_CLAIM_EVIDENCE_19674137203BBE0C9BDA,cev_16d8a521a87d
claim_evidence,S265_CLAIM_EVIDENCE_196A6CF259E35F696681,cev_def7447e6fcc
claim_evidence,S265_CLAIM_EVIDENCE_19787C1C1A9E4DF86491,cev_1040eeb70f8d
claim_evidence,S265_CLAIM_EVIDENCE_19A024F8F7C24193886B,cev_1300549337e8
claim_evidence,S265_CLAIM_EVIDENCE_19A79E89253EA551134B,cev_b78ad411e985
claim_evidence,S265_CLAIM_EVIDENCE_19C21204242F0122DF3B,cev_c3834b6de8c4
claim_evidence,S265_CLAIM_EVIDENCE_19DD3FFA07EA2EA152FA,cev_1e1ec1ef4445
claim_evidence,S265_CLAIM_EVIDENCE_19E2697BC3C6E08E4C29,cev_53972faa1153
claim_evidence,S265_CLAIM_EVIDENCE_19EAB76147C6D53E9524,cev_bc283112f0f1
claim_evidence,S265_CLAIM_EVIDENCE_19F0EC82BF39F47961D8,cev_9a1689894b18
claim_evidence,S265_CLAIM_EVIDENCE_19FB376A47C94AD5943A,cev_6b1eecd4f5b9
claim_evidence,S265_CLAIM_EVIDENCE_1A00ECEF74F448383300,cev_0bc2784dc140
claim_evidence,S265_CLAIM_EVIDENCE_1A0EF9919A3B7AA706A1,cev_c4767ae5c3ea
claim_evidence,S265_CLAIM_EVIDENCE_1A230B3D28C612D76201,cev_14cfceb50328
claim_evidence,S265_CLAIM_EVIDENCE_1A33291C1CF16EBE9DCC,cev_a6909151dc61
claim_evidence,S265_CLAIM_EVIDENCE_1A4A38ED26DF4CCBE276,cev_5149cb85290a
claim_evidence,S265_CLAIM_EVIDENCE_1A69CEC6D0334DDE79B0,cev_ea97064ea760
claim_evidence,S265_CLAIM_EVIDENCE_1A6FD43EA2FE8147F56F,cev_7d3658d50465
claim_evidence,S265_CLAIM_EVIDENCE_1A7A4A95353741B9FD54,cev_bffa5003b5db
claim_evidence,S265_CLAIM_EVIDENCE_1A9950A59D3DEB1AD429,cev_18dc7d969ed9
claim_evidence,S265_CLAIM_EVIDENCE_1A9C0736BF04878D1156,cev_ff7aeb21c60a
claim_evidence,S265_CLAIM_EVIDENCE_1AA94B05F364A3B24AFB,cev_1c39fee4e7a5
claim_evidence,S265_CLAIM_EVIDENCE_1AACAE72E9ADBC2D7D0E,cev_8c36606a6134
claim_evidence,S265_CLAIM_EVIDENCE_1AB2733E26AC642C0A8F,cev_cfad5a0a9dc2
claim_evidence,S265_CLAIM_EVIDENCE_1AC8D687127158507910,cev_a6bf9d4991d9
claim_evidence,S265_CLAIM_EVIDENCE_1ACEFF05ECBF82D97537,cev_8208e5d5efdb
claim_evidence,S265_CLAIM_EVIDENCE_1AD124EE44CFCD743CBA,cev_86896ddff4cd
claim_evidence,S265_CLAIM_EVIDENCE_1ADC49C7C5B87753123D,cev_ce7b1f9a4baa
claim_evidence,S265_CLAIM_EVIDENCE_1ADF61CD804F72E40503,cev_834033879d56
claim_evidence,S265_CLAIM_EVIDENCE_1B0770724362DDB88E0D,cev_06f02ea75470
claim_evidence,S265_CLAIM_EVIDENCE_1B0A58DB7474842887BC,cev_82587e5673d8
claim_evidence,S265_CLAIM_EVIDENCE_1B2681E867F30CB22269,cev_b3ba88312e49
claim_evidence,S265_CLAIM_EVIDENCE_1B27126123559C2D533F,cev_2269787cf676
claim_evidence,S265_CLAIM_EVIDENCE_1B30CAA7099A47E8BBAA,cev_0416b87dabc9
claim_evidence,S265_CLAIM_EVIDENCE_1B42F2674F8E743FEDAE,cev_ec9d5da3008c
claim_evidence,S265_CLAIM_EVIDENCE_1B4502C27B7720FB6DD6,cev_29f8d0142ba1
claim_evidence,S265_CLAIM_EVIDENCE_1B57A3F6E39706B708B9,cev_ae0bacb7bb4f
claim_evidence,S265_CLAIM_EVIDENCE_1B708EEDC77967A30BFC,cev_a80f23b2762b
claim_evidence,S265_CLAIM_EVIDENCE_1B79BBAAFA664EECD9C4,cev_be59fcaa1d53
claim_evidence,S265_CLAIM_EVIDENCE_1B7F60A53699066B253D,cev_7b2ccf28ad38
claim_evidence,S265_CLAIM_EVIDENCE_1B888C15DB35986F4CEE,cev_cc1f0c3fcc99
claim_evidence,S265_CLAIM_EVIDENCE_1B928B578C24B7AEF85B,cev_0bd5b9a9b4d0
claim_evidence,S265_CLAIM_EVIDENCE_1BA14493D125118C88DF,cev_a1400435f962
claim_evidence,S265_CLAIM_EVIDENCE_1BA8CEC6A5FD26BC6D3F,cev_a669afdac70d
claim_evidence,S265_CLAIM_EVIDENCE_1BABEEE71FFC1CF2D7E0,cev_7a69c9fcb4b4
claim_evidence,S265_CLAIM_EVIDENCE_1BAC3978FD18337A5A21,cev_48aa2c87e5a0
claim_evidence,S265_CLAIM_EVIDENCE_1BB4E4DC4F05B0981618,cev_08f614ed0064
claim_evidence,S265_CLAIM_EVIDENCE_1BBD18557C59D0AE7615,cev_91cf388e0185
claim_evidence,S265_CLAIM_EVIDENCE_1BC0F1A66E9E241EC294,cev_16102e3deaf0
claim_evidence,S265_CLAIM_EVIDENCE_1BD1785D18AB9BDF3267,cev_cc055966c933
claim_evidence,S265_CLAIM_EVIDENCE_1BD2106A6447CB82C317,cev_84dacb9312a1
claim_evidence,S265_CLAIM_EVIDENCE_1BE2C252F140C7C81326,cev_f0360b1933da
claim_evidence,S265_CLAIM_EVIDENCE_1BEC154353586C0526CA,cev_a7fe6c189e56
claim_evidence,S265_CLAIM_EVIDENCE_1BEDC5157568A68861A3,cev_3f208f7701c2
claim_evidence,S265_CLAIM_EVIDENCE_1BFCB5F1C9738BFC4A25,cev_7f82e7b00957
claim_evidence,S265_CLAIM_EVIDENCE_1C0C6F74A437A51AC4AF,cev_3f2dd56ca52b
claim_evidence,S265_CLAIM_EVIDENCE_1C1575EF949AF22FD9A8,cev_06ba8a33bf94
claim_evidence,S265_CLAIM_EVIDENCE_1C1C6EE73ED9299BAF7E,cev_d5b7c966680b
claim_evidence,S265_CLAIM_EVIDENCE_1C1C9016901FB93BD072,cev_2949b0d8a5c3
claim_evidence,S265_CLAIM_EVIDENCE_1C21E827B166D1316A96,cev_ba228b0dd96b
claim_evidence,S265_CLAIM_EVIDENCE_1C351A8FDA833C486898,cev_71eb0f954224
claim_evidence,S265_CLAIM_EVIDENCE_1C4BECCD8C960CC012E6,cev_bdcb37cace34
claim_evidence,S265_CLAIM_EVIDENCE_1C5210FFB7D7DCCBCBF4,cev_f8597dc0ebf1
claim_evidence,S265_CLAIM_EVIDENCE_1C70E396F2590AB2D9EC,cev_76b3cbe97f0f
claim_evidence,S265_CLAIM_EVIDENCE_1C764510B6B1C3523A0E,cev_fa6756e3d9f9
claim_evidence,S265_CLAIM_EVIDENCE_1C80CCE78F6DA1017E52,cev_60c1fc4ce477
claim_evidence,S265_CLAIM_EVIDENCE_1CA1C968AB877B65FAB1,cev_3431b1c663bc
claim_evidence,S265_CLAIM_EVIDENCE_1CAD27A9CE77D61AB2C2,cev_ec841d05ed94
claim_evidence,S265_CLAIM_EVIDENCE_1CB7CE47D7BC02F6B343,cev_4a98bbbe6915
claim_evidence,S265_CLAIM_EVIDENCE_1CDC48D81D9B3E458BC9,cev_10e4b14cd9ea
claim_evidence,S265_CLAIM_EVIDENCE_1CEB38C108DE5F4FFF6D,cev_81513a003b9f
claim_evidence,S265_CLAIM_EVIDENCE_1CEBB97C46534034C99E,cev_ed79476c531b
claim_evidence,S265_CLAIM_EVIDENCE_1CF1A2F1A5A95B4709A1,cev_47f37316aa03
claim_evidence,S265_CLAIM_EVIDENCE_1CF45D1981868824A302,cev_d6a1dfa1b950
claim_evidence,S265_CLAIM_EVIDENCE_1D0241FABF382C7F91FB,cev_04b56f4ce704
claim_evidence,S265_CLAIM_EVIDENCE_1D065139E7C717D8E95E,cev_795c64d17bf6
claim_evidence,S265_CLAIM_EVIDENCE_1D10D0411D652108FED2,cev_ecec99bbc61f
claim_evidence,S265_CLAIM_EVIDENCE_1D189D1319812B190066,cev_ec4dc75d045a
claim_evidence,S265_CLAIM_EVIDENCE_1D362D22189148FDE6BA,cev_ab018fad4e52
claim_evidence,S265_CLAIM_EVIDENCE_1D3D405B2D5B4A99EC95,cev_9c33dc220b25
claim_evidence,S265_CLAIM_EVIDENCE_1D3EA1D0F98BFE1DD532,cev_851d2d579a1f
claim_evidence,S265_CLAIM_EVIDENCE_1D40532E79C5ACF3126C,cev_f7745b638fb0
claim_evidence,S265_CLAIM_EVIDENCE_1D40CAB08EBA2DDE0737,cev_cd74f2d78600
claim_evidence,S265_CLAIM_EVIDENCE_1D4A1EC595D79FA9C035,cev_fcebf6917e39
claim_evidence,S265_CLAIM_EVIDENCE_1D74E1BA8784020B14E0,cev_e1b37a1e209d
claim_evidence,S265_CLAIM_EVIDENCE_1D7DCFF7348770476E26,cev_734231a7bd62
claim_evidence,S265_CLAIM_EVIDENCE_1D8A18660F29A3D2E0CC,cev_f9a13c9a251c
claim_evidence,S265_CLAIM_EVIDENCE_1D90B170FCEC0B20FC9E,cev_c116aac91ca6
claim_evidence,S265_CLAIM_EVIDENCE_1DA1CB408B26353F3A62,cev_c2d6953a49eb
claim_evidence,S265_CLAIM_EVIDENCE_1DA9BF6EC1B7BB0399E3,cev_c69df4d99e4a
claim_evidence,S265_CLAIM_EVIDENCE_1DAC5064B25F1554C3EB,cev_6a979e9510bf
claim_evidence,S265_CLAIM_EVIDENCE_1DC24AFA6DBF5703D6E0,cev_97c4e78ea3d8
claim_evidence,S265_CLAIM_EVIDENCE_1DC33EE4AB39A8898B62,cev_0641b460dc1c
claim_evidence,S265_CLAIM_EVIDENCE_1DDC6F7C606DEE8BA773,cev_80336977c345
claim_evidence,S265_CLAIM_EVIDENCE_1DDE6BFC4DBE346910A0,cev_870bed66abb1
claim_evidence,S265_CLAIM_EVIDENCE_1DE42C8A4944CF9838FC,cev_47cc119d256a
claim_evidence,S265_CLAIM_EVIDENCE_1DE73C7A2141703F1036,cev_22bea73933d9
claim_evidence,S265_CLAIM_EVIDENCE_1E14891698AB7B216DC9,cev_6f7099b96e93
claim_evidence,S265_CLAIM_EVIDENCE_1E1A8F059DF7C74BA2EF,cev_4335163de3d6
claim_evidence,S265_CLAIM_EVIDENCE_1E1AA0BCE1896D2EDF6D,cev_94e00aad2616
claim_evidence,S265_CLAIM_EVIDENCE_1E294F3293677AE465ED,cev_caf58ac25ceb
claim_evidence,S265_CLAIM_EVIDENCE_1E3E6E833CE2A025ED6A,cev_14e8ca7122e7
claim_evidence,S265_CLAIM_EVIDENCE_1E565F4D87664DF5E7D6,cev_493131b7f63a
claim_evidence,S265_CLAIM_EVIDENCE_1E5B35112555583B2664,cev_64574ce2c8b6
claim_evidence,S265_CLAIM_EVIDENCE_1E7446E710816EA4458A,cev_959965a4b0d5
claim_evidence,S265_CLAIM_EVIDENCE_1E7456ABF2BE04F31AE4,cev_806fd7db83d4
claim_evidence,S265_CLAIM_EVIDENCE_1E751076B8CCA1360DE2,cev_aa325b89cc7a
claim_evidence,S265_CLAIM_EVIDENCE_1ED21B0B84903FBB1B3D,cev_6663b042f69a
claim_evidence,S265_CLAIM_EVIDENCE_1ED27A2551D1605AC6D1,cev_10df51e18fdf
claim_evidence,S265_CLAIM_EVIDENCE_1EEC427F7DCFEB4D73CD,cev_cadd070b1ffe
claim_evidence,S265_CLAIM_EVIDENCE_1EFA7EA5478C475EC699,cev_ef3567cb67f2
claim_evidence,S265_CLAIM_EVIDENCE_1EFB125D319EAB7EE3E0,cev_c1385a3111f5
claim_evidence,S265_CLAIM_EVIDENCE_1EFB4529436F219047B6,cev_a4c8a3bec4e2
claim_evidence,S265_CLAIM_EVIDENCE_1F25DD13278C8BAC431A,cev_36c0e68120ec
claim_evidence,S265_CLAIM_EVIDENCE_1F605EADD76312CE2DFD,cev_8bd6fe01210d
claim_evidence,S265_CLAIM_EVIDENCE_1F6DBF7987C60B511981,cev_0d5da8316494
claim_evidence,S265_CLAIM_EVIDENCE_1F766E65E625116CD609,cev_36365637ed3d
claim_evidence,S265_CLAIM_EVIDENCE_1F813CC93BA24B50F3DC,cev_5643c7cc5c57
claim_evidence,S265_CLAIM_EVIDENCE_1FAC830F2C63DBD08EEF,cev_4a0ce7193316
claim_evidence,S265_CLAIM_EVIDENCE_1FB5A6D55AE1E87D25A8,cev_1556ac4a8ff3
claim_evidence,S265_CLAIM_EVIDENCE_1FC05F0C98A14CA7A67D,cev_7c79002434fb
claim_evidence,S265_CLAIM_EVIDENCE_1FEC9AD75C54C9DD5C56,cev_b817e6b46162
claim_evidence,S265_CLAIM_EVIDENCE_1FF266F641314B165002,cev_bd54f7f11cdf
claim_evidence,S265_CLAIM_EVIDENCE_201213C4B023C8A8EF25,cev_be615375b2ab
claim_evidence,S265_CLAIM_EVIDENCE_202DEBF10B26D3CFD98F,cev_47e5bc26f4a0
claim_evidence,S265_CLAIM_EVIDENCE_2047060243C3ECACF070,cev_52d3d8d6842b
claim_evidence,S265_CLAIM_EVIDENCE_207F754E423BFB5FBD0C,cev_6f6ed76c566a
claim_evidence,S265_CLAIM_EVIDENCE_208D6BF6B452FE840799,cev_04ac24bcb95b
claim_evidence,S265_CLAIM_EVIDENCE_20A1768D346D8434923F,cev_ee119b72d202
claim_evidence,S265_CLAIM_EVIDENCE_20B304376B11878F4326,cev_2248293bce5e
claim_evidence,S265_CLAIM_EVIDENCE_20B9F061D29E9ACDC912,cev_fcecafa28060
claim_evidence,S265_CLAIM_EVIDENCE_20C42490E1EA4F0ADCB2,cev_db5fe1999bb9
claim_evidence,S265_CLAIM_EVIDENCE_20C68FC14B97AAAE4E5B,cev_ef627dc63bff
claim_evidence,S265_CLAIM_EVIDENCE_20CAC0DB7B9BD35EB21B,cev_0299d67e259b
claim_evidence,S265_CLAIM_EVIDENCE_20CC15B001513507723E,cev_7b1686192370
claim_evidence,S265_CLAIM_EVIDENCE_20D303290FF0D2FF0392,cev_5c448acf0544
claim_evidence,S265_CLAIM_EVIDENCE_20EFF27B91897392E4D6,cev_283c53783bd2
claim_evidence,S265_CLAIM_EVIDENCE_210950D7470CCC2933EF,cev_0ff9242d2b0a
claim_evidence,S265_CLAIM_EVIDENCE_210FD1CFBAA3CED9B1AE,cev_f5c6b020382e
claim_evidence,S265_CLAIM_EVIDENCE_211439AAAB3AD62F3B46,cev_9ae4b5062e8a
claim_evidence,S265_CLAIM_EVIDENCE_2147282BAD386B39E996,cev_09e8dd803f4c
claim_evidence,S265_CLAIM_EVIDENCE_214CED93F23688DD4BC4,cev_03be0ed35bcd
claim_evidence,S265_CLAIM_EVIDENCE_214EEC3DDDA293563025,cev_f438488b1bce
claim_evidence,S265_CLAIM_EVIDENCE_2159188372918D927643,cev_932bcda2cddd
claim_evidence,S265_CLAIM_EVIDENCE_215E266FD7F3DC6B2620,cev_31c7596aa49a
claim_evidence,S265_CLAIM_EVIDENCE_2180477E6758C53976D7,cev_83743890aa2a
claim_evidence,S265_CLAIM_EVIDENCE_21AF4F72D4001D61E2ED,cev_8cc83a806cd7
claim_evidence,S265_CLAIM_EVIDENCE_21B8F7AF347C8EE26344,cev_2f9b3751e49b
claim_evidence,S265_CLAIM_EVIDENCE_21BA77EFE8F58C7C639D,cev_a6c0c8fc084c
claim_evidence,S265_CLAIM_EVIDENCE_21BFE4FAD403C711CE2A,cev_56e0d4302e22
claim_evidence,S265_CLAIM_EVIDENCE_21C4BB32F90921EB2DC6,cev_4130bb3f5414
claim_evidence,S265_CLAIM_EVIDENCE_21CF34300C852FA6CF74,cev_ee34624ca62a
claim_evidence,S265_CLAIM_EVIDENCE_21E24AAA54E430A553EA,cev_436eee0800dd
claim_evidence,S265_CLAIM_EVIDENCE_2204B8922CC35EF21733,cev_10f5b4598fdf
claim_evidence,S265_CLAIM_EVIDENCE_221A159AABF03D8144C7,cev_d092e352d15e
claim_evidence,S265_CLAIM_EVIDENCE_221EE3F5170B741E8FFE,cev_bb5a60d35283
claim_evidence,S265_CLAIM_EVIDENCE_22236595E1E38042A9F1,cev_a33b393ddc91
claim_evidence,S265_CLAIM_EVIDENCE_222E51FC014BA4B51C68,cev_7ec21b5274bf
claim_evidence,S265_CLAIM_EVIDENCE_2245B697E4A7158FB304,cev_3522585c29a0
claim_evidence,S265_CLAIM_EVIDENCE_224A798A51278C44773C,cev_8a22d4469efe
claim_evidence,S265_CLAIM_EVIDENCE_224CE479241F2DCFC061,cev_b168463abc0f
claim_evidence,S265_CLAIM_EVIDENCE_225F1E932794CCA34DF8,cev_e5564f2bbc17
claim_evidence,S265_CLAIM_EVIDENCE_22609780C73455D5DFA7,cev_bcaf40ce3219
claim_evidence,S265_CLAIM_EVIDENCE_226A2BB276DBFE876631,cev_ba9f6991bebc
claim_evidence,S265_CLAIM_EVIDENCE_22737CD741F8F2C09401,cev_3d530b4a51e7
claim_evidence,S265_CLAIM_EVIDENCE_228535C75F82EE0BB2B6,cev_dac549d0681d
claim_evidence,S265_CLAIM_EVIDENCE_2295ABD2F702B287B9FF,cev_9884262a9e34
claim_evidence,S265_CLAIM_EVIDENCE_229A2FB60EB314330A66,cev_29c04699bd25
claim_evidence,S265_CLAIM_EVIDENCE_229C76C3ABA14D72213F,cev_515887f9cf41
claim_evidence,S265_CLAIM_EVIDENCE_22CFD1490533C1341DBE,cev_61158257cdef
claim_evidence,S265_CLAIM_EVIDENCE_22D256F415CE3F925BDF,cev_7ebe7c8695d2
claim_evidence,S265_CLAIM_EVIDENCE_22D29CA9468598C1E813,cev_179fa07048a5
claim_evidence,S265_CLAIM_EVIDENCE_22D354722B003BD61F1D,cev_13b514e87465
claim_evidence,S265_CLAIM_EVIDENCE_22DB609742E434A826C5,cev_06d738eee837
claim_evidence,S265_CLAIM_EVIDENCE_22E141DBE7485B8937BF,cev_3951f8644814
claim_evidence,S265_CLAIM_EVIDENCE_22E260E9121A3745F390,cev_dd954c3dd716
claim_evidence,S265_CLAIM_EVIDENCE_22E349BAC009525E63E8,cev_17941d149dd5
claim_evidence,S265_CLAIM_EVIDENCE_22F144B22108687356B2,cev_a96fed04a178
claim_evidence,S265_CLAIM_EVIDENCE_22F5604B3E62805CBF1C,cev_9be63d7479aa
claim_evidence,S265_CLAIM_EVIDENCE_231607D9D86692BC2FE6,cev_ad71a94f216a
claim_evidence,S265_CLAIM_EVIDENCE_23173FF39C1DEC8D8D5E,cev_995d7c0e709a
claim_evidence,S265_CLAIM_EVIDENCE_232C02DD6E7C7EAC0021,cev_54a703c6a897
claim_evidence,S265_CLAIM_EVIDENCE_2332B3D8A62A104E5AE0,cev_189dfa3377d3
claim_evidence,S265_CLAIM_EVIDENCE_233603C65AFDEC7C8E25,cev_4403092bd75f
claim_evidence,S265_CLAIM_EVIDENCE_234A07A5AC43FF093D7E,cev_7bfeae582d8e
claim_evidence,S265_CLAIM_EVIDENCE_235063DF92FBA1029D1A,cev_7c9e3e91220a
claim_evidence,S265_CLAIM_EVIDENCE_2375829257C0186F4634,cev_951e8ba88e95
claim_evidence,S265_CLAIM_EVIDENCE_23789A0C54C0B948422C,cev_97d2b31aa044
claim_evidence,S265_CLAIM_EVIDENCE_238E5FCDF86E55332904,cev_45dd973b881e
claim_evidence,S265_CLAIM_EVIDENCE_238E8FB3DCB8A100FE00,cev_6604ad8b2fa1
claim_evidence,S265_CLAIM_EVIDENCE_2397E69D3455E5F31F5E,cev_b27df9b49d36
claim_evidence,S265_CLAIM_EVIDENCE_23A2EFFE17F933194CDE,cev_fdab94d6878c
claim_evidence,S265_CLAIM_EVIDENCE_23A9B6D26C93FAC71EEB,cev_71f80ba0dc3f
claim_evidence,S265_CLAIM_EVIDENCE_23B532D8101D7B2EDB4B,cev_a92cc35f14f7
claim_evidence,S265_CLAIM_EVIDENCE_23C624C32397A409BF51,cev_a15497d94d4a
claim_evidence,S265_CLAIM_EVIDENCE_23D4191ECA10C5EC6E57,cev_f497b6bacb52
claim_evidence,S265_CLAIM_EVIDENCE_23E2BEA6618F67691AC9,cev_3ba5db0e45b6
claim_evidence,S265_CLAIM_EVIDENCE_23E4595290F56192207B,cev_ca89c77bb3c3
claim_evidence,S265_CLAIM_EVIDENCE_23EC188415218897040A,cev_4bda147299c9
claim_evidence,S265_CLAIM_EVIDENCE_23FD224679F26CE42D43,cev_37d227cc12af
claim_evidence,S265_CLAIM_EVIDENCE_23FF9708857402B8A6FE,cev_c80d6099fb69
claim_evidence,S265_CLAIM_EVIDENCE_240ADE0869AE0A09C2B9,cev_45015412c204
claim_evidence,S265_CLAIM_EVIDENCE_241684B0946D39BEE45F,cev_54bc8c80cb04
claim_evidence,S265_CLAIM_EVIDENCE_241A26EB0B2BE22DE12B,cev_59cfd53a05a8
claim_evidence,S265_CLAIM_EVIDENCE_242845C74AC3EDCE6F4B,cev_b177b9c07b87
claim_evidence,S265_CLAIM_EVIDENCE_242A6250127F19047414,cev_8f4b654ad467
claim_evidence,S265_CLAIM_EVIDENCE_245C45A8782BCE3FAE33,cev_848d08f85267
claim_evidence,S265_CLAIM_EVIDENCE_245CFDFD887D648D2FEC,cev_2b0bb549aa93
claim_evidence,S265_CLAIM_EVIDENCE_24644581CF36E2421C4F,cev_a7c359f8626c
claim_evidence,S265_CLAIM_EVIDENCE_246719EDBACAEE864131,cev_324d43f8141f
claim_evidence,S265_CLAIM_EVIDENCE_2494C0ACC1728597B52F,cev_4ecd845b43bd
claim_evidence,S265_CLAIM_EVIDENCE_24AAC4078D1D5629C154,cev_f06b916891ff
claim_evidence,S265_CLAIM_EVIDENCE_24B8CD210930CAACEAC1,cev_735ab33f94b7
claim_evidence,S265_CLAIM_EVIDENCE_24C4C83BF2523C814BFF,cev_ad4c0d4a462d
claim_evidence,S265_CLAIM_EVIDENCE_24CE9A95213AA4F97E49,cev_edf413769e08
claim_evidence,S265_CLAIM_EVIDENCE_24D31D4890359FA9D23F,cev_8bbaa765ede2
claim_evidence,S265_CLAIM_EVIDENCE_24D3475A147CF76CFCCE,cev_abbbc58f3aff
claim_evidence,S265_CLAIM_EVIDENCE_24D369412CC09CF76E14,cev_77ad376fd233
claim_evidence,S265_CLAIM_EVIDENCE_24F1C1AE4C01A88DAFB0,cev_a70db44a5df7
claim_evidence,S265_CLAIM_EVIDENCE_25100C6DEB62578C865A,cev_a3ed690b92b2
claim_evidence,S265_CLAIM_EVIDENCE_25103AA43634EAA53DC3,cev_c42e97a81b11
claim_evidence,S265_CLAIM_EVIDENCE_2514899DC7C43703B05F,cev_504c938f70fe
claim_evidence,S265_CLAIM_EVIDENCE_251C713836F7DB94E8DA,cev_58bb6069286f
claim_evidence,S265_CLAIM_EVIDENCE_253C1F0881DC2507E343,cev_7997f9b3cda6
claim_evidence,S265_CLAIM_EVIDENCE_253CA4240E3D10E129C5,cev_c9712b3ffcae
claim_evidence,S265_CLAIM_EVIDENCE_2547848943E7E903FF85,cev_50847383ff06
claim_evidence,S265_CLAIM_EVIDENCE_2564FF05B1944582000F,cev_8f70272f677e
claim_evidence,S265_CLAIM_EVIDENCE_258A305F0277D5085991,cev_0f8bdce8281f
claim_evidence,S265_CLAIM_EVIDENCE_2596E79D66CAC05D9433,cev_2e7e764b22c7
claim_evidence,S265_CLAIM_EVIDENCE_25A25B132D5D03CF7A13,cev_c4367f6f0ad8
claim_evidence,S265_CLAIM_EVIDENCE_25A9844D2022DBB5FD86,cev_b757e3bda201
claim_evidence,S265_CLAIM_EVIDENCE_25AFF34CC4D66804AAEA,cev_1a9798ae3411
claim_evidence,S265_CLAIM_EVIDENCE_25B8E18F2174E387DE5B,cev_e5eec85b008a
claim_evidence,S265_CLAIM_EVIDENCE_25BED13438BC72BD58C4,cev_52784ee025b6
claim_evidence,S265_CLAIM_EVIDENCE_25D14D98803FBBE97811,cev_1afb1dbee453
claim_evidence,S265_CLAIM_EVIDENCE_25DD7C404FA82CE8B94E,cev_16c460ed82d1
claim_evidence,S265_CLAIM_EVIDENCE_25F5DED050DD6563CBB7,cev_12b86cd111bb
claim_evidence,S265_CLAIM_EVIDENCE_262C07883C67430E970F,cev_4b776009b4a4
claim_evidence,S265_CLAIM_EVIDENCE_263DD91202329938651F,cev_b54c7c87c815
claim_evidence,S265_CLAIM_EVIDENCE_264032298FA4EB17C688,cev_9297683f84fc
claim_evidence,S265_CLAIM_EVIDENCE_265BAEE9D0B401D9DF4C,cev_7ca29441c059
claim_evidence,S265_CLAIM_EVIDENCE_2698F3BDF28F88190345,cev_25bb04eedf2d
claim_evidence,S265_CLAIM_EVIDENCE_269E2928C448E704D250,cev_84554d7c1e81
claim_evidence,S265_CLAIM_EVIDENCE_26E609689DF093059030,cev_33b657ee33cd
claim_evidence,S265_CLAIM_EVIDENCE_272E5F0C02ACB25AA62A,cev_959182e35bbb
claim_evidence,S265_CLAIM_EVIDENCE_273FC89DC396565EC86F,cev_2f961644d97e
claim_evidence,S265_CLAIM_EVIDENCE_275A48EADCCFEFA7EF2E,cev_ab060ff35823
claim_evidence,S265_CLAIM_EVIDENCE_2765B2692368CDEEACF0,cev_d054d712ece0
claim_evidence,S265_CLAIM_EVIDENCE_27685B265D7A42D17FFB,cev_a7577933a2af
claim_evidence,S265_CLAIM_EVIDENCE_2798A4AA0EA0FF313664,cev_e8e332363d66
claim_evidence,S265_CLAIM_EVIDENCE_2798A99E8E28E610ADC5,cev_eb0f28b2de3d
claim_evidence,S265_CLAIM_EVIDENCE_279B036AA7AA92EEB6C0,cev_00b53cee4e55
claim_evidence,S265_CLAIM_EVIDENCE_27A6E850177B2F38AE81,cev_7a9f7367d4d2
claim_evidence,S265_CLAIM_EVIDENCE_27AC5B4A4B6BD95F1932,cev_cd87f59f8226
claim_evidence,S265_CLAIM_EVIDENCE_27B5148144FE5F9433E7,cev_6a715c6c2dad
claim_evidence,S265_CLAIM_EVIDENCE_27B9F43639A9296E368D,cev_ae188dfdea05
claim_evidence,S265_CLAIM_EVIDENCE_27DB668E2FDA61F10413,cev_0639086cf09a
claim_evidence,S265_CLAIM_EVIDENCE_27E1B1C2865635D162C2,cev_217036aca2e5
claim_evidence,S265_CLAIM_EVIDENCE_27E38CBD8CB790F14E0B,cev_f06aac606d9e
claim_evidence,S265_CLAIM_EVIDENCE_27F20363558D6906E74D,cev_f1743a4d1128
claim_evidence,S265_CLAIM_EVIDENCE_27F5C405ACB3533865F5,cev_809586f37b10
claim_evidence,S265_CLAIM_EVIDENCE_27FA9CF73E720638F384,cev_0a5810b02d62
claim_evidence,S265_CLAIM_EVIDENCE_2808201AC45E7E0DAE75,cev_b73ae562e30b
claim_evidence,S265_CLAIM_EVIDENCE_28111FCD3C4C65B7F9B3,cev_614e0d0cdb53
claim_evidence,S265_CLAIM_EVIDENCE_283C4F961393B07FA46A,cev_24b9bb1689b8
claim_evidence,S265_CLAIM_EVIDENCE_285A8DFD88C679D8F42A,cev_0de2f102fc85
claim_evidence,S265_CLAIM_EVIDENCE_2869C97CBFAD20244DFE,cev_f57de6450f9f
claim_evidence,S265_CLAIM_EVIDENCE_286D2ADE7CDD982A0D39,cev_b1053a05401f
claim_evidence,S265_CLAIM_EVIDENCE_287DF24EB473F3D1ACD1,cev_ba00eb1dacea
claim_evidence,S265_CLAIM_EVIDENCE_28949E2E1609D40A5240,cev_2f1691da40ac
claim_evidence,S265_CLAIM_EVIDENCE_289EA029BC4025FF83B4,cev_9b4de7f5b308
claim_evidence,S265_CLAIM_EVIDENCE_28A1DE63F52BA059C927,cev_907ced77254b
claim_evidence,S265_CLAIM_EVIDENCE_28A9BBE7040BEE5B0E2C,cev_c818c0673c6b
claim_evidence,S265_CLAIM_EVIDENCE_28CA722E9F5C097C04D8,cev_8d1207e44693
claim_evidence,S265_CLAIM_EVIDENCE_28D46034852BF1810932,cev_e467596c7a08
claim_evidence,S265_CLAIM_EVIDENCE_28EB169882BDEF254418,cev_e64f35520cd8
claim_evidence,S265_CLAIM_EVIDENCE_28F309C3979B9D19E444,cev_f8a59bf9fefe
claim_evidence,S265_CLAIM_EVIDENCE_28F4A829D472B05B0F96,cev_5dcb3298f62e
claim_evidence,S265_CLAIM_EVIDENCE_28FBD43BF375A7A5AED8,cev_2f1cea52fdc7
claim_evidence,S265_CLAIM_EVIDENCE_28FEDA421E2DEE53448D,cev_72f8bb837d07
claim_evidence,S265_CLAIM_EVIDENCE_28FF1B811C9180604872,cev_37c4c9dfcc9f
claim_evidence,S265_CLAIM_EVIDENCE_2911A0E6ECD3F5349642,cev_8721ffdc9c3b
claim_evidence,S265_CLAIM_EVIDENCE_291731CEFC198EA1A2B5,cev_1d8fb32f6457
claim_evidence,S265_CLAIM_EVIDENCE_2937F71094244DCA65D2,cev_6965ebe3f151
claim_evidence,S265_CLAIM_EVIDENCE_293BEE8DA7FA62657ED9,cev_0ce4ce21727a
claim_evidence,S265_CLAIM_EVIDENCE_29585650842CD21D76CE,cev_9657fbbf56e8
claim_evidence,S265_CLAIM_EVIDENCE_295CD272F42C90542BFC,cev_3a9c4a5ff52d
claim_evidence,S265_CLAIM_EVIDENCE_296397765033FEA72A6D,cev_330e6ed844d5
claim_evidence,S265_CLAIM_EVIDENCE_2982B09FC2AC34463ED6,cev_88d29da85e01
claim_evidence,S265_CLAIM_EVIDENCE_29960C20DBA92A0EC0B6,cev_cc46b266140f
claim_evidence,S265_CLAIM_EVIDENCE_29BC553F21E9CD700AA4,cev_5ca115f8d5ef
claim_evidence,S265_CLAIM_EVIDENCE_29C203AAB76F718BF7D7,cev_d9fda7508375
claim_evidence,S265_CLAIM_EVIDENCE_29DF655D600D042A5619,cev_8d780d46c217
claim_evidence,S265_CLAIM_EVIDENCE_29EDF4CD70B7EE400922,cev_950bd927728e
claim_evidence,S265_CLAIM_EVIDENCE_29EE6AB7D3316823E95B,cev_33e6935e93c9
claim_evidence,S265_CLAIM_EVIDENCE_29EFF9DCABDDA205A5E0,cev_3622c4c30cde
claim_evidence,S265_CLAIM_EVIDENCE_29F958AD2C830833A7F7,cev_c3884ac94410
claim_evidence,S265_CLAIM_EVIDENCE_29F95E54EE2FEA9849A3,cev_271a340bde1c
claim_evidence,S265_CLAIM_EVIDENCE_2A00F4806B3C038674A4,cev_8c5c33fc31a3
claim_evidence,S265_CLAIM_EVIDENCE_2A26AD208978F93E3CFD,cev_a8e2fd05c2b3
claim_evidence,S265_CLAIM_EVIDENCE_2A2AAB25557DE4EABD68,cev_3ec5176abb09
claim_evidence,S265_CLAIM_EVIDENCE_2A34A5F341D60BCC31DB,cev_ccbb01cf2bf8
claim_evidence,S265_CLAIM_EVIDENCE_2A3CAD64C5896F1DE6DA,cev_e9b32c7f82da
claim_evidence,S265_CLAIM_EVIDENCE_2A42D5F7ADF340B0A6D8,cev_e61725ad05e5
claim_evidence,S265_CLAIM_EVIDENCE_2A5A993FE0046FFF88D0,cev_c946e94d09a2
claim_evidence,S265_CLAIM_EVIDENCE_2A69B83F9C06918261F2,cev_db1f58285092
claim_evidence,S265_CLAIM_EVIDENCE_2A79BAD6239DFB53744A,cev_8661c52ece06
claim_evidence,S265_CLAIM_EVIDENCE_2A7F57E11BEEE20DD662,cev_afec196514a2
claim_evidence,S265_CLAIM_EVIDENCE_2A8380E073B40F64E0E0,cev_fd40975870d4
claim_evidence,S265_CLAIM_EVIDENCE_2A9594FE893372681E8A,cev_c9b52380a371
claim_evidence,S265_CLAIM_EVIDENCE_2AAD23C439020EFDDC8F,cev_323aad4e8821
claim_evidence,S265_CLAIM_EVIDENCE_2AC5F67328F6177AF032,cev_f7b694a553b6
claim_evidence,S265_CLAIM_EVIDENCE_2AD5B89A801E3B30221F,cev_c24a7ff9aa33
claim_evidence,S265_CLAIM_EVIDENCE_2ADED66974988EEFEFE1,cev_07f8945d3589
claim_evidence,S265_CLAIM_EVIDENCE_2AE8DE9770B495AF1A8A,cev_ba6bb7ec76eb
claim_evidence,S265_CLAIM_EVIDENCE_2AFB3F8C6530C3429DAF,cev_637179b29520
claim_evidence,S265_CLAIM_EVIDENCE_2B086C2FC63897B71715,cev_aa6b8fec850b
claim_evidence,S265_CLAIM_EVIDENCE_2B092E9A05F6C4CA8BC6,cev_3e6cde732caa
claim_evidence,S265_CLAIM_EVIDENCE_2B1749188D772CB2344F,cev_cac94f19ccb6
claim_evidence,S265_CLAIM_EVIDENCE_2B255680B73CAA24B992,cev_77c3dd744a61
claim_evidence,S265_CLAIM_EVIDENCE_2B4EFE184A44D90DE43E,cev_59ac2cbea63c
claim_evidence,S265_CLAIM_EVIDENCE_2B5D1BFD836EF2337197,cev_15ecbd541e51
claim_evidence,S265_CLAIM_EVIDENCE_2B63F2854B266E2172D6,cev_87b853b17537
claim_evidence,S265_CLAIM_EVIDENCE_2B6725C0A2BE5D67576B,cev_f090bb263a5f
claim_evidence,S265_CLAIM_EVIDENCE_2B6765C7705A633A2F13,cev_cdf873bd9093
claim_evidence,S265_CLAIM_EVIDENCE_2B6C63D0E82E35F43B02,cev_32ad4c91e676
claim_evidence,S265_CLAIM_EVIDENCE_2B7576A48512210B270A,cev_9c047b124348
claim_evidence,S265_CLAIM_EVIDENCE_2B7D0B76C557B01A9EEE,cev_33426d840647
claim_evidence,S265_CLAIM_EVIDENCE_2B830F5BA247386BDF8F,cev_f404fcc7a6a7
claim_evidence,S265_CLAIM_EVIDENCE_2BA375D114D716AAEAB5,cev_0cce3ca9da48
claim_evidence,S265_CLAIM_EVIDENCE_2BBEE1E8FBA0FBE5EF64,cev_e91b95a687f2
claim_evidence,S265_CLAIM_EVIDENCE_2BD6247BA84A7BA7F14F,cev_22723dde23f5
claim_evidence,S265_CLAIM_EVIDENCE_2BEBD0F02069713C704B,cev_5b98e2c3be96
claim_evidence,S265_CLAIM_EVIDENCE_2BFD62D081DD53018D90,cev_662ab444e276
claim_evidence,S265_CLAIM_EVIDENCE_2C02DAB1794A64C9C4E0,cev_ef742b2d4fc8
claim_evidence,S265_CLAIM_EVIDENCE_2C12E049B944ED5307E2,cev_70a75c1a38d1
claim_evidence,S265_CLAIM_EVIDENCE_2C1553FBDDB952F56111,cev_9298cb3173d8
claim_evidence,S265_CLAIM_EVIDENCE_2C1A533FCFDD8D6EC875,cev_03264ad29c2b
claim_evidence,S265_CLAIM_EVIDENCE_2C213D2CD8D4195FB75D,cev_b630f5806d0b
claim_evidence,S265_CLAIM_EVIDENCE_2C24744615FD0E9DFF21,cev_d85defa81783
claim_evidence,S265_CLAIM_EVIDENCE_2C2C3AA16A700ABD75DE,cev_cd58c4a2672e
claim_evidence,S265_CLAIM_EVIDENCE_2C3DA57B81AB303CB8D9,cev_f7254760fc5c
claim_evidence,S265_CLAIM_EVIDENCE_2C3EC55FE89EA3785697,cev_1aaa30ab6266
claim_evidence,S265_CLAIM_EVIDENCE_2C40740AA290B72F7057,cev_33d7e4843134
claim_evidence,S265_CLAIM_EVIDENCE_2C46903F5B597D19F4B5,cev_72e3a0d53a27
claim_evidence,S265_CLAIM_EVIDENCE_2C4A23E0684B77C3EE96,cev_b78d30ef5bdb
claim_evidence,S265_CLAIM_EVIDENCE_2C570A67CC491F692F5E,cev_6e0822e61f44
claim_evidence,S265_CLAIM_EVIDENCE_2C7B498DC4D682E22952,cev_8fbd94519563
claim_evidence,S265_CLAIM_EVIDENCE_2C834C476661B7B75F53,cev_e26e0e2497c1
claim_evidence,S265_CLAIM_EVIDENCE_2C8DC5A02E8E810A93E4,cev_b971172af12a
claim_evidence,S265_CLAIM_EVIDENCE_2C8F3F0F27EDBD05DFF9,cev_e3919009dfb0
claim_evidence,S265_CLAIM_EVIDENCE_2CC98EBCCD678E3064BC,cev_3094314c9fa8
claim_evidence,S265_CLAIM_EVIDENCE_2CCAE02E63E01D7EC7C5,cev_99204704aee0
claim_evidence,S265_CLAIM_EVIDENCE_2CD23513323787968CEC,cev_51e890525fc9
claim_evidence,S265_CLAIM_EVIDENCE_2CF9E4706FBF4E94ADBE,cev_9cae415013a1
claim_evidence,S265_CLAIM_EVIDENCE_2D07BFB85FB60C795494,cev_658e8fea4b83
claim_evidence,S265_CLAIM_EVIDENCE_2D0E8CE316C9DEA6388D,cev_8891d40f2abf
claim_evidence,S265_CLAIM_EVIDENCE_2D0F71A29BC5CE9D4EE4,cev_e1b499538c90
claim_evidence,S265_CLAIM_EVIDENCE_2D169ABF0214B684EF9E,cev_ad532e353209
claim_evidence,S265_CLAIM_EVIDENCE_2D3BCDB8115119BCE237,cev_0734ffcdfae3
claim_evidence,S265_CLAIM_EVIDENCE_2D47C05E103CB2CAA270,cev_34aa8ed4c997
claim_evidence,S265_CLAIM_EVIDENCE_2D56C0B099EA6655D898,cev_b57ea26c9650
claim_evidence,S265_CLAIM_EVIDENCE_2D5A121FB43BABF64CF7,cev_fd285bf48799
claim_evidence,S265_CLAIM_EVIDENCE_2D6EE7738D458B15751F,cev_6341daaef6b9
claim_evidence,S265_CLAIM_EVIDENCE_2D9287E922DFB8D6245E,cev_f8bcdb9d4037
claim_evidence,S265_CLAIM_EVIDENCE_2D99E66D0AB5D3129D28,cev_6498ea0c8bd4
claim_evidence,S265_CLAIM_EVIDENCE_2D9EAF08E60F04322FBE,cev_5e01061a683b
claim_evidence,S265_CLAIM_EVIDENCE_2DA098836B92714EDC7F,cev_81992ba7317b
claim_evidence,S265_CLAIM_EVIDENCE_2DAA6F34EEA9AFA07371,cev_8d4a5ea0c296
claim_evidence,S265_CLAIM_EVIDENCE_2DAEEAD4508DF70448C4,cev_a6f6a737195e
claim_evidence,S265_CLAIM_EVIDENCE_2DDADA69AEE712CB1E74,cev_b4c6a734550e
claim_evidence,S265_CLAIM_EVIDENCE_2DDF54894D867045613F,cev_373764a39f4f
claim_evidence,S265_CLAIM_EVIDENCE_2DE257F7BC96F1BEDCB4,cev_e9fa3256525a
claim_evidence,S265_CLAIM_EVIDENCE_2E037A98B0DEBB6A9531,cev_3ed882857cff
claim_evidence,S265_CLAIM_EVIDENCE_2E0655FE5633D3A4A224,cev_11dc95e6f269
claim_evidence,S265_CLAIM_EVIDENCE_2E096024CC1E80F6BE95,cev_982c4def2962
claim_evidence,S265_CLAIM_EVIDENCE_2E1C47C2EE0346458E66,cev_eb532a0af37b
claim_evidence,S265_CLAIM_EVIDENCE_2E58FE7BA87774EC7170,cev_e3acf58bd8e9
claim_evidence,S265_CLAIM_EVIDENCE_2E667067DDFADA36C2EE,cev_8c1c0164d84c
claim_evidence,S265_CLAIM_EVIDENCE_2E80194FA65707C3CC8D,cev_690dd596a950
claim_evidence,S265_CLAIM_EVIDENCE_2E8DEFCF857207679D78,cev_2a3104cec04b
claim_evidence,S265_CLAIM_EVIDENCE_2E9BCF13B1D609052D70,cev_0d613bcf4583
claim_evidence,S265_CLAIM_EVIDENCE_2EA2F808C509835A240F,cev_307d3aba1d81
claim_evidence,S265_CLAIM_EVIDENCE_2EC15D30A154DF282EA4,cev_ae9205a6c1dc
claim_evidence,S265_CLAIM_EVIDENCE_2EC7E8C6569D211FF3EC,cev_8310f6b71085
claim_evidence,S265_CLAIM_EVIDENCE_2ECCEB6A6466CDCA25B8,cev_cca127b8263c
claim_evidence,S265_CLAIM_EVIDENCE_2EE5EA298D8302AC085D,cev_474d42150adb
claim_evidence,S265_CLAIM_EVIDENCE_2F078125A4E23D79B68A,cev_972d3a683f5c
claim_evidence,S265_CLAIM_EVIDENCE_2F132668846219575F88,cev_d57db0fb702c
claim_evidence,S265_CLAIM_EVIDENCE_2F318E9A941D384506D8,cev_febcc325abc3
claim_evidence,S265_CLAIM_EVIDENCE_2F4D38593B2A418BA043,cev_9d28eb0834c9
claim_evidence,S265_CLAIM_EVIDENCE_2F8D0A806183334F7DAA,cev_ce7d0bf113f8
claim_evidence,S265_CLAIM_EVIDENCE_2F8E8DF65C572A91107D,cev_204f054aed88
claim_evidence,S265_CLAIM_EVIDENCE_2FA57EDE8BE733CD6B71,cev_86e2e743efb8
claim_evidence,S265_CLAIM_EVIDENCE_2FAC94E0FB7E7997164A,cev_bd0edc0b5291
claim_evidence,S265_CLAIM_EVIDENCE_2FB0887A43AF84AED14F,cev_6b197817deb0
claim_evidence,S265_CLAIM_EVIDENCE_2FC13F3DBF782481E8FD,cev_2bc16ac0484e
claim_evidence,S265_CLAIM_EVIDENCE_2FD091A58BB1CC5577EF,cev_e702bd11fa38
claim_evidence,S265_CLAIM_EVIDENCE_2FD6C0C6D781918E5B5C,cev_73c93efc5b70
claim_evidence,S265_CLAIM_EVIDENCE_2FD7B3DB7962C4C9A476,cev_72cb2521249c
claim_evidence,S265_CLAIM_EVIDENCE_2FDC0779A9AF1B04A8E2,cev_5489b59caf7b
claim_evidence,S265_CLAIM_EVIDENCE_2FDD3CF4C7C76B91EA80,cev_e3be142ff74a
claim_evidence,S265_CLAIM_EVIDENCE_2FE42902AE103DC1BD02,cev_d928a46f97cb
claim_evidence,S265_CLAIM_EVIDENCE_2FE9D233F77C3E624B23,cev_66423c4eee74
claim_evidence,S265_CLAIM_EVIDENCE_2FF991ED2E5F42DE73B4,cev_4ef25e85b6a4
claim_evidence,S265_CLAIM_EVIDENCE_300830778C5C43E13821,cev_d1c628f293d7
claim_evidence,S265_CLAIM_EVIDENCE_301DF3CD0BD2F5A5EEFD,cev_6a64adeefd7a
claim_evidence,S265_CLAIM_EVIDENCE_3027F28F316141E262A6,cev_57af9fdc6ebe
claim_evidence,S265_CLAIM_EVIDENCE_30478A16C4EC00E3845C,cev_8331ba223c62
claim_evidence,S265_CLAIM_EVIDENCE_305C78149ED3DAE8D742,cev_867930f6486f
claim_evidence,S265_CLAIM_EVIDENCE_3079567F4127A442A0FB,cev_79ecda46e026
claim_evidence,S265_CLAIM_EVIDENCE_308E4F31F4B529F6BDE7,cev_2ffc694b508f
claim_evidence,S265_CLAIM_EVIDENCE_30B2A5A42F3AF52A888B,cev_fbee5f9cae8d
claim_evidence,S265_CLAIM_EVIDENCE_30F4360F7E9685FB4524,cev_29f5794856f9
claim_evidence,S265_CLAIM_EVIDENCE_30F46397E037357C6902,cev_8e05986261cf
claim_evidence,S265_CLAIM_EVIDENCE_3107CC8EBB4DC3FC2763,cev_670ae73a0ef4
claim_evidence,S265_CLAIM_EVIDENCE_3108951EB84AD0F12294,cev_1a17e91857df
claim_evidence,S265_CLAIM_EVIDENCE_310D970BD20560586C1E,cev_14c2b5874c29
claim_evidence,S265_CLAIM_EVIDENCE_3126FD4492EA40971170,cev_d0ef4b09c615
claim_evidence,S265_CLAIM_EVIDENCE_312970D68CDED08E82A6,cev_89baec37130a
claim_evidence,S265_CLAIM_EVIDENCE_312F735B456DED242FCF,cev_d2a077920e78
claim_evidence,S265_CLAIM_EVIDENCE_313090D676AA1039DFB1,cev_d8e0c855c3aa
claim_evidence,S265_CLAIM_EVIDENCE_31377C39DAADB50FBE05,cev_e523bfe6f315
claim_evidence,S265_CLAIM_EVIDENCE_315074F399E5D947945C,cev_3305a2c5fc28
claim_evidence,S265_CLAIM_EVIDENCE_317F760693798DB3FBF7,cev_7303f00c7e3e
claim_evidence,S265_CLAIM_EVIDENCE_3187CB7ADB612185112A,cev_621016bcdea5
claim_evidence,S265_CLAIM_EVIDENCE_31968E180861C647F20A,cev_9b2b529dddb3
claim_evidence,S265_CLAIM_EVIDENCE_319C80C144E33D01428D,cev_be7e43ed7a19
claim_evidence,S265_CLAIM_EVIDENCE_319F6B94D33D6A031ACE,cev_cdeed1a2426a
claim_evidence,S265_CLAIM_EVIDENCE_31AB6435C1FB21C84EA4,cev_3c2fb875cf59
claim_evidence,S265_CLAIM_EVIDENCE_31AFD80EFE9A54B0DA2D,cev_1474ea62e4ef
claim_evidence,S265_CLAIM_EVIDENCE_31C31916C131E1586B67,cev_f0eee24f6e76
claim_evidence,S265_CLAIM_EVIDENCE_31C37A078F00211FB368,cev_e56fe5d05c9f
claim_evidence,S265_CLAIM_EVIDENCE_31E2B2312A5D03952E59,cev_81b81d1d56ff
claim_evidence,S265_CLAIM_EVIDENCE_31EF8E599506F0ECA9DB,cev_76ac13bc496b
claim_evidence,S265_CLAIM_EVIDENCE_31F8217085863F4A62BD,cev_6b41f02177d0
claim_evidence,S265_CLAIM_EVIDENCE_320E08106AE78B4CD759,cev_0595654caa4c
claim_evidence,S265_CLAIM_EVIDENCE_321F73AC5992C00A99C3,cev_7cba5c3bf0b0
claim_evidence,S265_CLAIM_EVIDENCE_3235384C524AF3B404CF,cev_fbd7e880f25e
claim_evidence,S265_CLAIM_EVIDENCE_3242994A47DFEC8C72CD,cev_61d9fdd15250
claim_evidence,S265_CLAIM_EVIDENCE_32563818B92C8628A3D0,cev_91869d37713c
claim_evidence,S265_CLAIM_EVIDENCE_325DC24927377C10697B,cev_0c3715a7f583
claim_evidence,S265_CLAIM_EVIDENCE_325EC34AD0E6AF96CC5E,cev_d943d5c92b70
claim_evidence,S265_CLAIM_EVIDENCE_3267E01D4129152F7DC1,cev_5b1b23afe8e7
claim_evidence,S265_CLAIM_EVIDENCE_326DF53C5BEB074DAF55,cev_8c0d17dbc40b
claim_evidence,S265_CLAIM_EVIDENCE_3274C4B5C762486D067D,cev_3539bd179a9f
claim_evidence,S265_CLAIM_EVIDENCE_3276A4784F299BB6750F,cev_9032752682e9
claim_evidence,S265_CLAIM_EVIDENCE_328179C69AC92A61CF3B,cev_9372b9b79eda
claim_evidence,S265_CLAIM_EVIDENCE_328AF8FBB42C9549031B,cev_1e01ba4003f9
claim_evidence,S265_CLAIM_EVIDENCE_328B8B737BEA1665DC7C,cev_ed45a224c624
claim_evidence,S265_CLAIM_EVIDENCE_32A7DC74A9015B630539,cev_d161e8153e8e
claim_evidence,S265_CLAIM_EVIDENCE_32C0991EA3BEA19DB2D9,cev_8636464acc4f
claim_evidence,S265_CLAIM_EVIDENCE_32DEE45DA439AE6F59B9,cev_86fb59fc11fc
claim_evidence,S265_CLAIM_EVIDENCE_32E4DCECCD74FDE77187,cev_95ac4db23589
claim_evidence,S265_CLAIM_EVIDENCE_32F15BE1D478A696A317,cev_d8ce58a3dbe3
claim_evidence,S265_CLAIM_EVIDENCE_32FD0269178E542578EF,cev_e866a2c57b8a
claim_evidence,S265_CLAIM_EVIDENCE_330298CEBDA973E44EEC,cev_79f4625dccec
claim_evidence,S265_CLAIM_EVIDENCE_3329B05624CAF1AE2CA2,cev_1cce34664ce2
claim_evidence,S265_CLAIM_EVIDENCE_335B4C8ADA6AA13EF5BF,cev_c3491ede25dd
claim_evidence,S265_CLAIM_EVIDENCE_336177E24F22E1D265D9,cev_dfdaeafa0d33
claim_evidence,S265_CLAIM_EVIDENCE_337B582098E0560FD7C8,cev_e655c5798860
claim_evidence,S265_CLAIM_EVIDENCE_339A67042F886FBB058A,cev_55c96e102a79
claim_evidence,S265_CLAIM_EVIDENCE_33A33D917B4F1E1D6E76,cev_daec8a243130
claim_evidence,S265_CLAIM_EVIDENCE_33B169422872B6F09F07,cev_62c2dd3f80bf
claim_evidence,S265_CLAIM_EVIDENCE_33B4AD1874ABF437632A,cev_66c09298421f
claim_evidence,S265_CLAIM_EVIDENCE_33BA68B13A223D9EE5E4,cev_bafc341ce599
claim_evidence,S265_CLAIM_EVIDENCE_33C897721616B2A788A9,cev_4414b315f762
claim_evidence,S265_CLAIM_EVIDENCE_33D0C1EF7161FDB44E9B,cev_cff24a340dc6
claim_evidence,S265_CLAIM_EVIDENCE_33E8346E8193287051A6,cev_a6f78a21c0ac
claim_evidence,S265_CLAIM_EVIDENCE_33ECD692543028BE54C2,cev_c6db41340b32
claim_evidence,S265_CLAIM_EVIDENCE_33F3029FD0149801CC74,cev_0e8da056f1e2
claim_evidence,S265_CLAIM_EVIDENCE_340A03CB1241E04F726B,cev_818dc249b7b2
claim_evidence,S265_CLAIM_EVIDENCE_34277A00E36E61CDFDC0,cev_499c06f3816d
claim_evidence,S265_CLAIM_EVIDENCE_342AC1A77CFFCF63CB5D,cev_d660c6ebde71
claim_evidence,S265_CLAIM_EVIDENCE_347343F8AF5A5E000877,cev_78a1da53c881
claim_evidence,S265_CLAIM_EVIDENCE_349BBC48A8F94579C977,cev_70fadf57ef58
claim_evidence,S265_CLAIM_EVIDENCE_34C94ED8C59C310F4E63,cev_a282b4115cfb
claim_evidence,S265_CLAIM_EVIDENCE_34D093D3161099EB098A,cev_f1caf59b64eb
claim_evidence,S265_CLAIM_EVIDENCE_34D5EACCC047D1CFD749,cev_b011c9463ab5
claim_evidence,S265_CLAIM_EVIDENCE_34DB9AEFF6C4A5731E88,cev_ec734d960e6b
claim_evidence,S265_CLAIM_EVIDENCE_34EA75FE8BA725AC1890,cev_97862f9e86af
claim_evidence,S265_CLAIM_EVIDENCE_34FB49F02E183741D456,cev_13486504ae62
claim_evidence,S265_CLAIM_EVIDENCE_3511C9D10255A058E2C5,cev_aece16a99cb9
claim_evidence,S265_CLAIM_EVIDENCE_353CA67628B858DEC434,cev_812678372a96
claim_evidence,S265_CLAIM_EVIDENCE_354269C77633DCBB08AF,cev_8d0cf0d6dfc8
claim_evidence,S265_CLAIM_EVIDENCE_354D6D9CF24241A5942F,cev_f2df5795f9f4
claim_evidence,S265_CLAIM_EVIDENCE_355490A44F788A2467E1,cev_f26397d47e76
claim_evidence,S265_CLAIM_EVIDENCE_3559B53258073647CC4E,cev_8f935192a395
claim_evidence,S265_CLAIM_EVIDENCE_355BACFD7A9DABF80921,cev_6d556d8bc0ac
claim_evidence,S265_CLAIM_EVIDENCE_356B03DE865BD6C96AF8,cev_375c2ee60833
claim_evidence,S265_CLAIM_EVIDENCE_356E85251FFE079B592C,cev_00eaf3bee928
claim_evidence,S265_CLAIM_EVIDENCE_357C64C2A1A18B7EED60,cev_50974edeede0
claim_evidence,S265_CLAIM_EVIDENCE_3589C157DC9C8E8C58B9,cev_1438f51f46e4
claim_evidence,S265_CLAIM_EVIDENCE_358B0A3642B408D65DDA,cev_9daa95832593
claim_evidence,S265_CLAIM_EVIDENCE_358B36F011D0C9D9613A,cev_fe72d6b0945c
claim_evidence,S265_CLAIM_EVIDENCE_3590407814C5608B9CC3,cev_7552d55c06dc
claim_evidence,S265_CLAIM_EVIDENCE_359D2D85E87A55E11C89,cev_953799f6e829
claim_evidence,S265_CLAIM_EVIDENCE_359E0CA5C312A93CB9A5,cev_2cfaede15c0e
claim_evidence,S265_CLAIM_EVIDENCE_35A6D0AC879CD78FD8F0,cev_aff8cff09e1e
claim_evidence,S265_CLAIM_EVIDENCE_35B68B05C53926451F68,cev_dc4eeacf8021
claim_evidence,S265_CLAIM_EVIDENCE_35BCACFE9F57335B62C7,cev_2b25d544ea0b
claim_evidence,S265_CLAIM_EVIDENCE_35D57BF5003146458346,cev_dc3ca5342da5
claim_evidence,S265_CLAIM_EVIDENCE_35DC3AB5BDBBE28F969E,cev_f9d180b53a3e
claim_evidence,S265_CLAIM_EVIDENCE_35E31D1AF91B944EB8D8,cev_54eef4b37907
claim_evidence,S265_CLAIM_EVIDENCE_35EBB1D99333F224EB01,cev_d10fe80f86ef
claim_evidence,S265_CLAIM_EVIDENCE_3618A8B7A5A41EBDC468,cev_86bdfdf7a3fb
claim_evidence,S265_CLAIM_EVIDENCE_36464325299E5EB24A7D,cev_5754936b6ca0
claim_evidence,S265_CLAIM_EVIDENCE_36551290C657B60786D3,cev_60a80f8ee9ce
claim_evidence,S265_CLAIM_EVIDENCE_3656E6858D67CA5D2FEC,cev_466916ee81cb
claim_evidence,S265_CLAIM_EVIDENCE_365CE8E9D1BE45466E7D,cev_aa935f32d609
claim_evidence,S265_CLAIM_EVIDENCE_366A7D5C8AC4C2C97AE4,cev_85b7d1927e91
claim_evidence,S265_CLAIM_EVIDENCE_36727FF96E2C60AD293C,cev_97b73a37b730
claim_evidence,S265_CLAIM_EVIDENCE_36A131A5164F455118AF,cev_cf37d4d8f935
claim_evidence,S265_CLAIM_EVIDENCE_36B2CEC29EDCD5EFCC83,cev_b82680de739c
claim_evidence,S265_CLAIM_EVIDENCE_36C6BFCF15791CC00304,cev_bba300881405
claim_evidence,S265_CLAIM_EVIDENCE_36CFA590975A54A5F988,cev_ca321d02aed9
claim_evidence,S265_CLAIM_EVIDENCE_36D6767A0F758AE3DD7C,cev_61d7007cf197
claim_evidence,S265_CLAIM_EVIDENCE_36DC3D21A201635BD22E,cev_a98f06c1e5fe
claim_evidence,S265_CLAIM_EVIDENCE_36F726CFAFA9B8ADB7B9,cev_23287f0cc7f9
claim_evidence,S265_CLAIM_EVIDENCE_370FA7236082112886FE,cev_e0eebcaacd1b
claim_evidence,S265_CLAIM_EVIDENCE_3716FAD669F997B702AC,cev_702d55f551b9
claim_evidence,S265_CLAIM_EVIDENCE_371B65D2CEFE00D41E1B,cev_225362ea59da
claim_evidence,S265_CLAIM_EVIDENCE_3738645C1DCA1F2EE9B4,cev_4f481a4b9e8b
claim_evidence,S265_CLAIM_EVIDENCE_374437025BDC1C1C9712,cev_b56ef77b87fe
claim_evidence,S265_CLAIM_EVIDENCE_374A69274D9028523F35,cev_1a283a448cb2
claim_evidence,S265_CLAIM_EVIDENCE_375702B802F2679A70CC,cev_266f2b7e5fd4
claim_evidence,S265_CLAIM_EVIDENCE_376182D3EC41DFD3A187,cev_0f0194fa91a5
claim_evidence,S265_CLAIM_EVIDENCE_37619C3B2162D53B33A4,cev_7bea1df73a88
claim_evidence,S265_CLAIM_EVIDENCE_3782B05B50C911A3BA95,cev_0ecd8999b7a9
claim_evidence,S265_CLAIM_EVIDENCE_37881F56AF511DEECE2F,cev_de380625b7f0
claim_evidence,S265_CLAIM_EVIDENCE_37B9C3B60F66505CB7E1,cev_83f8adb29c5f
claim_evidence,S265_CLAIM_EVIDENCE_37C55E012F1F1CF87BAC,cev_8f96f43efd14
claim_evidence,S265_CLAIM_EVIDENCE_37DE3B7978ECB3089B34,cev_46a9ddffbdd4
claim_evidence,S265_CLAIM_EVIDENCE_37EF5CE3A34D8D5EA623,cev_1004b48bbf1e
claim_evidence,S265_CLAIM_EVIDENCE_37FA688241D8AC31BD54,cev_622be0e53507
claim_evidence,S265_CLAIM_EVIDENCE_37FF485E497D393EF665,cev_6aaabed83d5d
claim_evidence,S265_CLAIM_EVIDENCE_3800F1D88B23AD293FF8,cev_8394a06ef36b
claim_evidence,S265_CLAIM_EVIDENCE_38011023427D6A8FB664,cev_d37a4d782dc1
claim_evidence,S265_CLAIM_EVIDENCE_381221B17B7A5511F7A7,cev_597337b8c700
claim_evidence,S265_CLAIM_EVIDENCE_3823D8E3D9BB7C964B5E,cev_3c08db5a2d67
claim_evidence,S265_CLAIM_EVIDENCE_382F3C78198AD596FF86,cev_ea5e3ebd44e6
claim_evidence,S265_CLAIM_EVIDENCE_383C16F47B30D9066C6B,cev_1b749ac2ab93
claim_evidence,S265_CLAIM_EVIDENCE_383E3B4CFBD7EE1B95C7,cev_f3a8d115cf1b
claim_evidence,S265_CLAIM_EVIDENCE_3851267BCE515708158E,cev_7f620254e826
claim_evidence,S265_CLAIM_EVIDENCE_385DF929EB4E71156BC3,cev_bc3d938152a6
claim_evidence,S265_CLAIM_EVIDENCE_38965E30587CFC3EF029,cev_7b5ecbd74113
claim_evidence,S265_CLAIM_EVIDENCE_38974F38603AC95744EE,cev_010bc6d8950b
claim_evidence,S265_CLAIM_EVIDENCE_38C8990885932F9A8F36,cev_9155267063c1
claim_evidence,S265_CLAIM_EVIDENCE_38C9FC3B8CCB00D59756,cev_e2840a6d19f5
claim_evidence,S265_CLAIM_EVIDENCE_38E14F265E0B9101CD7C,cev_83cfcda58145
claim_evidence,S265_CLAIM_EVIDENCE_38E4E3D2A56E076C3702,cev_354642ee694a
claim_evidence,S265_CLAIM_EVIDENCE_38F7AC6DC7F4F199FB8F,cev_671c914c6526
claim_evidence,S265_CLAIM_EVIDENCE_391799EB8C17F13D9862,cev_895cebc00753
claim_evidence,S265_CLAIM_EVIDENCE_391A2714BA0F374C35D5,cev_0f7425ed4837
claim_evidence,S265_CLAIM_EVIDENCE_391BBF0A4FBDABA8EDC9,cev_5cd07b15309a
claim_evidence,S265_CLAIM_EVIDENCE_391D6FA3E7423DD46A16,cev_9f42a742d6cf
claim_evidence,S265_CLAIM_EVIDENCE_393153222EAC8C48E25E,cev_22b9bee2fa62
claim_evidence,S265_CLAIM_EVIDENCE_39336E37CE9556927134,cev_09057bf4db40
claim_evidence,S265_CLAIM_EVIDENCE_39442F0A5F715C99A10A,cev_b4c5152d7f27
claim_evidence,S265_CLAIM_EVIDENCE_394969D2A16AA65D1371,cev_6c4d4eddc204
claim_evidence,S265_CLAIM_EVIDENCE_39568ECF04A6549A28D3,cev_0af9d12a38bc
claim_evidence,S265_CLAIM_EVIDENCE_39575B8663BA0CF5F86F,cev_93398f6eef23
claim_evidence,S265_CLAIM_EVIDENCE_397B88DFAFE23E2BF0B3,cev_3179a15574d9
claim_evidence,S265_CLAIM_EVIDENCE_398C0423E53AF7B3D0C7,cev_ca88ca132355
claim_evidence,S265_CLAIM_EVIDENCE_399C73D38FE99A2E0330,cev_cc19fb558bc8
claim_evidence,S265_CLAIM_EVIDENCE_39A2D3B9234F53BC1CCC,cev_28baf3cf0ac5
claim_evidence,S265_CLAIM_EVIDENCE_39C3E40BEAB328C09F28,cev_9a1d577d8e19
claim_evidence,S265_CLAIM_EVIDENCE_39D2B05E3E2E68234237,cev_01c5494785aa
claim_evidence,S265_CLAIM_EVIDENCE_39D495DE7C7B4F508E85,cev_9266f45d0086
claim_evidence,S265_CLAIM_EVIDENCE_39D553CCB6D5E4A1EF6D,cev_f1cb8ba03b18
claim_evidence,S265_CLAIM_EVIDENCE_39EEC210D9F11B9BD7F7,cev_aec2367845c0
claim_evidence,S265_CLAIM_EVIDENCE_39F3C5F83A584E38AC6C,cev_e8a33bda9e76
claim_evidence,S265_CLAIM_EVIDENCE_3A02233F00B6D5371C5E,cev_aea8e84781c7
claim_evidence,S265_CLAIM_EVIDENCE_3A10AF264CC4A3E21775,cev_096c97bbf1b0
claim_evidence,S265_CLAIM_EVIDENCE_3A1938FAA1D781C4F452,cev_c27e6ed949de
claim_evidence,S265_CLAIM_EVIDENCE_3A1BC2CBEF80E13B71B2,cev_229595d849b5
claim_evidence,S265_CLAIM_EVIDENCE_3A2BC5F2E91F168B61E8,cev_e81dd9fbab49
claim_evidence,S265_CLAIM_EVIDENCE_3A2D5A6FCF8B23F15711,cev_0aacac28ddac
claim_evidence,S265_CLAIM_EVIDENCE_3A303143044A532100B0,cev_346d3df37da2
claim_evidence,S265_CLAIM_EVIDENCE_3A3EBD4E59D046311E74,cev_b135ceb4768f
claim_evidence,S265_CLAIM_EVIDENCE_3A44F3AA8CB30D5AC05C,cev_ad62ed85c44e
claim_evidence,S265_CLAIM_EVIDENCE_3A4ABFBCFA2CC1DBB8F7,cev_b73fe6f8c2fe
claim_evidence,S265_CLAIM_EVIDENCE_3A4C1725EDAE726C745E,cev_822c80ea2ddd
claim_evidence,S265_CLAIM_EVIDENCE_3A5225ACCE0830227495,cev_629f4d185877
claim_evidence,S265_CLAIM_EVIDENCE_3A58BA9DBBF464F873E5,cev_c20eed540540
claim_evidence,S265_CLAIM_EVIDENCE_3A7F9487292A10D55B02,cev_42690ed030fb
claim_evidence,S265_CLAIM_EVIDENCE_3A900AA5906BB8C59DAF,cev_baa5e01287da
claim_evidence,S265_CLAIM_EVIDENCE_3A91C220892CE8D45E4D,cev_b4a985a9db74
claim_evidence,S265_CLAIM_EVIDENCE_3AAF8BB490181583E63C,cev_e065d7755b98
claim_evidence,S265_CLAIM_EVIDENCE_3ABE4503E02122844ADC,cev_e9feb752c019
claim_evidence,S265_CLAIM_EVIDENCE_3AD81D39158B044E1A7B,cev_a6181e854e54
claim_evidence,S265_CLAIM_EVIDENCE_3AE09C43A83E955F9E8D,cev_feef2277f58d
claim_evidence,S265_CLAIM_EVIDENCE_3AEE2CCF6E933F1DB6A6,cev_a7ced0528a60
claim_evidence,S265_CLAIM_EVIDENCE_3B1A9F13F75F750A1141,cev_cf98feb214ff
claim_evidence,S265_CLAIM_EVIDENCE_3B1B9F543CD0EF7A3FA1,cev_2f3566fa6e1e
claim_evidence,S265_CLAIM_EVIDENCE_3B70838B3D19CF3BEE90,cev_3969ff24d11d
claim_evidence,S265_CLAIM_EVIDENCE_3B88AFB758773CA33AA1,cev_130cd4e5920a
claim_evidence,S265_CLAIM_EVIDENCE_3B9D5D90DA7AAFDB2B07,cev_f72c6a59e02d
claim_evidence,S265_CLAIM_EVIDENCE_3BB1F38D8127FC775805,cev_551f78dcd873
claim_evidence,S265_CLAIM_EVIDENCE_3BB92609B17CF3F8CFB9,cev_94c9d2d22794
claim_evidence,S265_CLAIM_EVIDENCE_3BBFD08655080CF0A97F,cev_e1ba12f6a59d
claim_evidence,S265_CLAIM_EVIDENCE_3BD1BB10F369CCE2E653,cev_f5b77835296f
claim_evidence,S265_CLAIM_EVIDENCE_3BD9833E6C36118CD692,cev_309915b5512d
claim_evidence,S265_CLAIM_EVIDENCE_3BEE432F813924331E3C,cev_f07d94243a37
claim_evidence,S265_CLAIM_EVIDENCE_3BF1E38A30EDCFCA36E9,cev_3231bedaf86a
claim_evidence,S265_CLAIM_EVIDENCE_3BFD51F58E54558AF780,cev_0a137b4b9678
claim_evidence,S265_CLAIM_EVIDENCE_3BFF0C63725CD186150A,cev_6703a6b1a37c
claim_evidence,S265_CLAIM_EVIDENCE_3C0CCB6E3E195B035667,cev_40f2e32185f2
claim_evidence,S265_CLAIM_EVIDENCE_3C1EB77788F0B3ED9D60,cev_a122c3001c86
claim_evidence,S265_CLAIM_EVIDENCE_3C2870EC3FAB7339240F,cev_9e054469ebfc
claim_evidence,S265_CLAIM_EVIDENCE_3C2E677729A83136649A,cev_3edefdf96381
claim_evidence,S265_CLAIM_EVIDENCE_3C4181837FE87C8CB64E,cev_28c33ccf4b9d
claim_evidence,S265_CLAIM_EVIDENCE_3C4411990E0AF3964926,cev_5d582b2d6ebd
claim_evidence,S265_CLAIM_EVIDENCE_3C4BED5D62DFAFD740BB,cev_92422e1d6fc4
claim_evidence,S265_CLAIM_EVIDENCE_3C5580ECF11719D57E4F,cev_33df8fafa5d9
claim_evidence,S265_CLAIM_EVIDENCE_3C5A8CD78A94C639BB82,cev_6982f1538e5f
claim_evidence,S265_CLAIM_EVIDENCE_3C667012B28E0AF4D86F,cev_89c0c23566a0
claim_evidence,S265_CLAIM_EVIDENCE_3C699583FFC5CAA1C01A,cev_bfea6180d057
claim_evidence,S265_CLAIM_EVIDENCE_3C736A0C4FE95315C024,cev_e4233ecec4bc
claim_evidence,S265_CLAIM_EVIDENCE_3C917FDEEF9F71FD65BD,cev_affda5bd6325
claim_evidence,S265_CLAIM_EVIDENCE_3C996B1FDE4627601EE6,cev_e125bbefd1b0
claim_evidence,S265_CLAIM_EVIDENCE_3C9C234B170C62D8F070,cev_3a9974708f59
claim_evidence,S265_CLAIM_EVIDENCE_3CA51ED6E768B53459AE,cev_1e0a1bff6806
claim_evidence,S265_CLAIM_EVIDENCE_3CAA8B21CD8446C78456,cev_e6656f1f8979
claim_evidence,S265_CLAIM_EVIDENCE_3CC024A030EC6123EBDA,cev_ca365315930e
claim_evidence,S265_CLAIM_EVIDENCE_3CE69B95BD29DE1BE38E,cev_c9e5955b668c
claim_evidence,S265_CLAIM_EVIDENCE_3CF75402159F31340B31,cev_05ac7361e810
claim_evidence,S265_CLAIM_EVIDENCE_3CFBDB2A5C13D612DEB5,cev_7ffc6d6aa8e2
claim_evidence,S265_CLAIM_EVIDENCE_3D0194609D12D50AE599,cev_855565cdf5da
claim_evidence,S265_CLAIM_EVIDENCE_3D145284B28965C36B7F,cev_2f68be138053
claim_evidence,S265_CLAIM_EVIDENCE_3D22CF13CAD7439347BB,cev_cebb044cae3d
claim_evidence,S265_CLAIM_EVIDENCE_3D3FCB256042C2AC1FEA,cev_b9ad3f8267db
claim_evidence,S265_CLAIM_EVIDENCE_3D41B190A4F9BAE099F8,cev_4c35427ad346
claim_evidence,S265_CLAIM_EVIDENCE_3D51CD7465F37D86C3E2,cev_998d574149af
claim_evidence,S265_CLAIM_EVIDENCE_3D5AB1BF4787A6D102DE,cev_8c69795cae83
claim_evidence,S265_CLAIM_EVIDENCE_3D5C4CCF045DB41C626D,cev_691c44163e92
claim_evidence,S265_CLAIM_EVIDENCE_3D7D2E1CCE096684B472,cev_ba46e60503d4
claim_evidence,S265_CLAIM_EVIDENCE_3D7E69C2C1701F799E00,cev_e1712161fc91
claim_evidence,S265_CLAIM_EVIDENCE_3D86E07443BB2AA988DB,cev_026d797eeb93
claim_evidence,S265_CLAIM_EVIDENCE_3D98CCA5609EDD949A22,cev_5856ee77334f
claim_evidence,S265_CLAIM_EVIDENCE_3DBD72ED6B1AF40314FB,cev_758e0fac7ab4
claim_evidence,S265_CLAIM_EVIDENCE_3DC6F4CAC328B152D8ED,cev_7f1c7db3f647
claim_evidence,S265_CLAIM_EVIDENCE_3DD249A3D2F165FA0C16,cev_800ecc568a57
claim_evidence,S265_CLAIM_EVIDENCE_3DD493C3AEA56BE024D2,cev_2a95c0af96e7
claim_evidence,S265_CLAIM_EVIDENCE_3DDE83D2757248C4FBC0,cev_f7f3a0cb3e42
claim_evidence,S265_CLAIM_EVIDENCE_3DFACE2D35EB8893B9FD,cev_7bb0712b62c3
claim_evidence,S265_CLAIM_EVIDENCE_3DFBCA38986E3C13322A,cev_18d66e7128ea
claim_evidence,S265_CLAIM_EVIDENCE_3DFC583BFE5AAC330B20,cev_3b516b380866
claim_evidence,S265_CLAIM_EVIDENCE_3E0E0B18821ACE92A936,cev_ec07fa0d207a
claim_evidence,S265_CLAIM_EVIDENCE_3E157971129E412A54F9,cev_a61950f8d052
claim_evidence,S265_CLAIM_EVIDENCE_3E1B97F936ED6F39C6BD,cev_e6854408a5a6
claim_evidence,S265_CLAIM_EVIDENCE_3E307238641D8371F803,cev_792fde341dd3
claim_evidence,S265_CLAIM_EVIDENCE_3E480F28B85FB97EBF6B,cev_c3e2287b102a
claim_evidence,S265_CLAIM_EVIDENCE_3E5EAED5E7E71CE9EABB,cev_df7585370764
claim_evidence,S265_CLAIM_EVIDENCE_3E6197AE84C51698B1CA,cev_0c1591008dee
claim_evidence,S265_CLAIM_EVIDENCE_3E6698B97D347A466F26,cev_e7eff778676e
claim_evidence,S265_CLAIM_EVIDENCE_3E6D6D4636A9DAF14B75,cev_8e67fe76116e
claim_evidence,S265_CLAIM_EVIDENCE_3E9D3E6546CF4AFBF5F5,cev_8cdb5b067300
claim_evidence,S265_CLAIM_EVIDENCE_3EA6DEC99626C30210AD,cev_0b5e97b24b6a
claim_evidence,S265_CLAIM_EVIDENCE_3EAF0AD8C44B236F2DA1,cev_24cddd2693b9
claim_evidence,S265_CLAIM_EVIDENCE_3EB9FE64A572FC8D0A3F,cev_b67c20748bb2
claim_evidence,S265_CLAIM_EVIDENCE_3EBACA25E56DE35BE6A8,cev_0c155444ca73
claim_evidence,S265_CLAIM_EVIDENCE_3EC61432F8AD7159456A,cev_cafbaac89774
claim_evidence,S265_CLAIM_EVIDENCE_3ED595241E20CB77D2CD,cev_b82dc4f832f6
claim_evidence,S265_CLAIM_EVIDENCE_3EDE62B816DE2DE66CCB,cev_92d278481882
claim_evidence,S265_CLAIM_EVIDENCE_3EEE9E4119ADD9E5215B,cev_156ca2256e0c
claim_evidence,S265_CLAIM_EVIDENCE_3F11378E78AB4F539393,cev_aaa76dcd41f4
claim_evidence,S265_CLAIM_EVIDENCE_3F14571AAE169B950BCF,cev_39aee4d14ea3
claim_evidence,S265_CLAIM_EVIDENCE_3F2770A4E38F5E8961CD,cev_43fcad3a43ed
claim_evidence,S265_CLAIM_EVIDENCE_3F2ED0C60BD87B8B120B,cev_424f15880e0f
claim_evidence,S265_CLAIM_EVIDENCE_3F3E20C04E8F38FAAFCE,cev_d9f5a0e88d21
claim_evidence,S265_CLAIM_EVIDENCE_3F5C60FC16D516B33E66,cev_8fb1b0dd9034
claim_evidence,S265_CLAIM_EVIDENCE_3F6A4CB7D066A0886BF5,cev_73698cb7d0e4
claim_evidence,S265_CLAIM_EVIDENCE_3F6C287872ABC93D9351,cev_7a61b521a854
claim_evidence,S265_CLAIM_EVIDENCE_3F7A81D74604B5764098,cev_fa7c2cbb757b
claim_evidence,S265_CLAIM_EVIDENCE_3F84FA1BCC97F003791E,cev_5db9c30855a3
claim_evidence,S265_CLAIM_EVIDENCE_3F8C2E9B6DA55CA81D64,cev_5feb04116a28
claim_evidence,S265_CLAIM_EVIDENCE_3F8E9FA42488FF2A935B,cev_4724977b95bc
claim_evidence,S265_CLAIM_EVIDENCE_3F931C947FE2CC2F77BB,cev_4bbcc6e1c5fe
claim_evidence,S265_CLAIM_EVIDENCE_3F96A62CC18131D58E1C,cev_9d0b63bf86d0
claim_evidence,S265_CLAIM_EVIDENCE_3FA362AE345F414B8348,cev_2a87b6479cd2
claim_evidence,S265_CLAIM_EVIDENCE_3FA467869EF77DF63750,cev_32d7a24b95e1
claim_evidence,S265_CLAIM_EVIDENCE_3FA8D1E3C4FCF811AC4C,cev_711309bfbdf1
claim_evidence,S265_CLAIM_EVIDENCE_3FB87D74B1AFF6934031,cev_6e449cbb0845
claim_evidence,S265_CLAIM_EVIDENCE_3FBEFA77EE7FA6E6717F,cev_a42019e8f46e
claim_evidence,S265_CLAIM_EVIDENCE_3FC388115E6AA9A10254,cev_d25ee690b82d
claim_evidence,S265_CLAIM_EVIDENCE_3FC66764686D8EEE5DAE,cev_35b0dea4b0e6
claim_evidence,S265_CLAIM_EVIDENCE_3FD5D97411C8F83F12D1,cev_a909beee5890
claim_evidence,S265_CLAIM_EVIDENCE_3FD95390199EE70F89E8,cev_4df4fa28a98a
claim_evidence,S265_CLAIM_EVIDENCE_3FDA7D0297936C350F28,cev_c85ef7162317
claim_evidence,S265_CLAIM_EVIDENCE_3FE7CD135E111BF45980,cev_ba359ad2c2c3
claim_evidence,S265_CLAIM_EVIDENCE_4017C850780BFB4DE893,cev_cb5dfcee4d8e
claim_evidence,S265_CLAIM_EVIDENCE_4027048F72B7F2C24F65,cev_ea3e9f2e8cf5
claim_evidence,S265_CLAIM_EVIDENCE_402F4D8D321EF0926007,cev_c7d0c7fdf646
claim_evidence,S265_CLAIM_EVIDENCE_404399413C7061CF87A0,cev_3948065a615b
claim_evidence,S265_CLAIM_EVIDENCE_4060C061163FC6FC845E,cev_306ee57742a3
claim_evidence,S265_CLAIM_EVIDENCE_40618A1B4E0238A44D4A,cev_629e854c4137
claim_evidence,S265_CLAIM_EVIDENCE_4072DF7CD5B8CFA2C5AC,cev_c570d1c46f89
claim_evidence,S265_CLAIM_EVIDENCE_409A1EEE609D4FB9843F,cev_59beab0f7b6d
claim_evidence,S265_CLAIM_EVIDENCE_40B17C019B53CAEE0DC5,cev_204408e01475
claim_evidence,S265_CLAIM_EVIDENCE_40E9602FBA2C56418872,cev_a6f2fb26927a
claim_evidence,S265_CLAIM_EVIDENCE_411153318A7C4B0DD8F3,cev_b3cc3a204b1d
claim_evidence,S265_CLAIM_EVIDENCE_41285A1AC5F53CCFEA9D,cev_0456763ef2f6
claim_evidence,S265_CLAIM_EVIDENCE_412A4676D6219193296D,cev_6a10b572af40
claim_evidence,S265_CLAIM_EVIDENCE_417B6143B0B7DF3B2787,cev_3cca80489f39
claim_evidence,S265_CLAIM_EVIDENCE_418C83C77FB9865ACCD0,cev_d780ff8600aa
claim_evidence,S265_CLAIM_EVIDENCE_41900B1FBA3BF4CA2840,cev_4d3e94b89eac
claim_evidence,S265_CLAIM_EVIDENCE_41A336327B4C90BDB75E,cev_f9348ee117c3
claim_evidence,S265_CLAIM_EVIDENCE_41B3F230860800AB6401,cev_f0414ae46e37
claim_evidence,S265_CLAIM_EVIDENCE_41BC09147E27BCF6C5C6,cev_dc4a2e988823
claim_evidence,S265_CLAIM_EVIDENCE_41BD4B51D3FAF74AA4C5,cev_d17bc2547dc0
claim_evidence,S265_CLAIM_EVIDENCE_41C793121ABFA3E3E6F0,cev_1bee1db05454
claim_evidence,S265_CLAIM_EVIDENCE_41CB493B19A63E4141E3,cev_a05b7e31efcc
claim_evidence,S265_CLAIM_EVIDENCE_41CD2841F750D6D34FF1,cev_1df067434564
claim_evidence,S265_CLAIM_EVIDENCE_41E6780E61C18B4570E3,cev_5463eafd6a23
claim_evidence,S265_CLAIM_EVIDENCE_420A5797917D142D7233,cev_4ee042de7f9b
claim_evidence,S265_CLAIM_EVIDENCE_4211F13EAA58857C117A,cev_2085dd3343a6
claim_evidence,S265_CLAIM_EVIDENCE_4245FFD83731088568B8,cev_d3f6fd70701f
claim_evidence,S265_CLAIM_EVIDENCE_4248C794710D11A12740,cev_eb06cb8bd275
claim_evidence,S265_CLAIM_EVIDENCE_424C7233E00C2C4F748D,cev_908cc8ad24d8
claim_evidence,S265_CLAIM_EVIDENCE_4250F2E27EFC1DA32C78,cev_7b8a3b13240f
claim_evidence,S265_CLAIM_EVIDENCE_425D0C07B9E38C5D358D,cev_3e4c2aa7a9c9
claim_evidence,S265_CLAIM_EVIDENCE_4260FB06176427873A5F,cev_7df8a9323cd3
claim_evidence,S265_CLAIM_EVIDENCE_42753F2419FD689691F1,cev_189e93990ea3
claim_evidence,S265_CLAIM_EVIDENCE_4281AE0F7B9D5867B988,cev_a34bfb21b567
claim_evidence,S265_CLAIM_EVIDENCE_428920668A8A41942AF1,cev_d6c8f486d088
claim_evidence,S265_CLAIM_EVIDENCE_429338522F5CD46F2CA9,cev_3588e5dd35c8
claim_evidence,S265_CLAIM_EVIDENCE_42A4DEFB9276F6F34A87,cev_2c0e6f77afd7
claim_evidence,S265_CLAIM_EVIDENCE_42AE43797A79798600FE,cev_aca1e50d9bb7
claim_evidence,S265_CLAIM_EVIDENCE_42AF51B4D04E20286470,cev_89d77f687eee
claim_evidence,S265_CLAIM_EVIDENCE_42B33C84122257D8A763,cev_a29e92603e90
claim_evidence,S265_CLAIM_EVIDENCE_42CB494482B6AE282191,cev_22d7ca3b172a
claim_evidence,S265_CLAIM_EVIDENCE_42E09DFFFD4549797A89,cev_430078c23bf9
claim_evidence,S265_CLAIM_EVIDENCE_42E98C260F0A44A81C87,cev_fe7275969b12
claim_evidence,S265_CLAIM_EVIDENCE_43101ACED0970F0BF53B,cev_e76939d82c88
claim_evidence,S265_CLAIM_EVIDENCE_431C7DE082BAF1F62D18,cev_84772d279079
claim_evidence,S265_CLAIM_EVIDENCE_4328201649BFCE3A8582,cev_651b2fa0ad68
claim_evidence,S265_CLAIM_EVIDENCE_432C2639DCCD5B9FFA8F,cev_9fdfed7453fc
claim_evidence,S265_CLAIM_EVIDENCE_43470F1B9B748BC31F46,cev_69da434aad55
claim_evidence,S265_CLAIM_EVIDENCE_4359AB49DA45B74D883D,cev_5925f965fa8f
claim_evidence,S265_CLAIM_EVIDENCE_435B63722CF3AEDFAA84,cev_14bac4e7d210
claim_evidence,S265_CLAIM_EVIDENCE_435D8C54A7B04009FA75,cev_7cd21684e606
claim_evidence,S265_CLAIM_EVIDENCE_435E3DAEF3C7657B506B,cev_67739f39e53f
claim_evidence,S265_CLAIM_EVIDENCE_43601A3CC4BC026D5BC3,cev_4db567d9993e
claim_evidence,S265_CLAIM_EVIDENCE_437D9DD51ABFF3021BD0,cev_dff630715e67
claim_evidence,S265_CLAIM_EVIDENCE_4382106295B95882343A,cev_0c6ed7b291a1
claim_evidence,S265_CLAIM_EVIDENCE_43891898FD4F5FDCA4DB,cev_62d65a18a27b
claim_evidence,S265_CLAIM_EVIDENCE_439E12D0E637C6099030,cev_584aac091abe
claim_evidence,S265_CLAIM_EVIDENCE_43BEADEB459C09F11B6C,cev_e5fceca9f5f3
claim_evidence,S265_CLAIM_EVIDENCE_43D4EF809028086AA081,cev_fb2a12add9d6
claim_evidence,S265_CLAIM_EVIDENCE_43FB7DA49B2BF96A0421,cev_22f2f4a5b5de
claim_evidence,S265_CLAIM_EVIDENCE_44180D51B92F49050341,cev_2d21ea368246
claim_evidence,S265_CLAIM_EVIDENCE_441FFE1F849EDD1828FD,cev_78e8e6903ab1
claim_evidence,S265_CLAIM_EVIDENCE_4421D1E624178DE942BB,cev_6afe7df00a6d
claim_evidence,S265_CLAIM_EVIDENCE_4422235D957ACF9BDD3D,cev_a1cf42978ed9
claim_evidence,S265_CLAIM_EVIDENCE_443D9576EC1A12965261,cev_ca9befaf050e
claim_evidence,S265_CLAIM_EVIDENCE_4447DFF8FF1690BB8BDB,cev_995cd49901b5
claim_evidence,S265_CLAIM_EVIDENCE_444A7A38B3CAB7CE263F,cev_f9c60907127c
claim_evidence,S265_CLAIM_EVIDENCE_445B423931440546EC8C,cev_40fb83acefa2
claim_evidence,S265_CLAIM_EVIDENCE_445D8BF9F2D7DFCA5208,cev_d9f0dc49ff67
claim_evidence,S265_CLAIM_EVIDENCE_446D3A87D4A27D5BD44F,cev_76ca5be75b70
claim_evidence,S265_CLAIM_EVIDENCE_44771C0D45133035A57A,cev_c8e82d942220
claim_evidence,S265_CLAIM_EVIDENCE_4480B28D538C94C605E0,cev_51af7c08ea2a
claim_evidence,S265_CLAIM_EVIDENCE_448622E607AB3AC1E7CD,cev_9bba29cb95e5
claim_evidence,S265_CLAIM_EVIDENCE_4489B06E038E1A2D9FA6,cev_33c51edf1a53
claim_evidence,S265_CLAIM_EVIDENCE_4490982BC217AEABC359,cev_88751987b9e2
claim_evidence,S265_CLAIM_EVIDENCE_449F3A408B146BB2E473,cev_6a7876c8847c
claim_evidence,S265_CLAIM_EVIDENCE_449FF03E419BFB775E51,cev_bd3d2d470d00
claim_evidence,S265_CLAIM_EVIDENCE_44BCC9C31D0F7B2A6EDE,cev_81933eab4f86
claim_evidence,S265_CLAIM_EVIDENCE_44C5CC062C882E4EAC8E,cev_ac9b4c726189
claim_evidence,S265_CLAIM_EVIDENCE_44E6BA3795F1987BED2A,cev_d8ba3583bdc2
claim_evidence,S265_CLAIM_EVIDENCE_44F6BBECBB1152391096,cev_c5c9ba14a990
claim_evidence,S265_CLAIM_EVIDENCE_450526BDDA47B5C36277,cev_d7c28a2982b9
claim_evidence,S265_CLAIM_EVIDENCE_4512D4A46EF9101CB9D7,cev_6dbd6790f64a
claim_evidence,S265_CLAIM_EVIDENCE_453E53F7B1E1AAB4D993,cev_d83e057aebfe
claim_evidence,S265_CLAIM_EVIDENCE_454002E2485E6B6040C8,cev_579d06489fa4
claim_evidence,S265_CLAIM_EVIDENCE_455AFF1673E65A9A24DF,cev_e35617f1ddd2
claim_evidence,S265_CLAIM_EVIDENCE_4565A6756C6B78D89BD9,cev_2829b318c46b
claim_evidence,S265_CLAIM_EVIDENCE_456664A365E19F777C88,cev_32a28643e5a9
claim_evidence,S265_CLAIM_EVIDENCE_456FE2C53405B06F03F0,cev_8113c2df69e8
claim_evidence,S265_CLAIM_EVIDENCE_45A22911C3FBE0B45C28,cev_df14cbdd8f32
claim_evidence,S265_CLAIM_EVIDENCE_45AB80DAA18AB2C43A5C,cev_d3d8447c4995
claim_evidence,S265_CLAIM_EVIDENCE_45B45927B592C7E486B6,cev_329a783fb7d8
claim_evidence,S265_CLAIM_EVIDENCE_45C4B85C64EA541A8C02,cev_4c4f4f4def19
claim_evidence,S265_CLAIM_EVIDENCE_45C6233046262D7B8AC1,cev_fb8a6b8cbbc4
claim_evidence,S265_CLAIM_EVIDENCE_45D3D48F5D81904AD7DA,cev_eb3db11a043c
claim_evidence,S265_CLAIM_EVIDENCE_45F00B2067A43D11F5BD,cev_c1be6374f7e2
claim_evidence,S265_CLAIM_EVIDENCE_45F5C2B6F6F6AF220295,cev_1bb71f8e8f6d
claim_evidence,S265_CLAIM_EVIDENCE_460E7ED1DF66F1D4EFA9,cev_c37b2c6f7da9
claim_evidence,S265_CLAIM_EVIDENCE_461228BFB3998E6BFEDD,cev_7baab1192d8f
claim_evidence,S265_CLAIM_EVIDENCE_461891186EA41B7B1B52,cev_586b2079b23e
claim_evidence,S265_CLAIM_EVIDENCE_463F89F0D5D5B342BFA7,cev_32ee472a486b
claim_evidence,S265_CLAIM_EVIDENCE_4658CCF962F2D0C1A517,cev_1dc020d2f351
claim_evidence,S265_CLAIM_EVIDENCE_465F40B53373D8800325,cev_a7a6e8f80ec5
claim_evidence,S265_CLAIM_EVIDENCE_4665F32C2B8760D4C55A,cev_eed2ff180b13
claim_evidence,S265_CLAIM_EVIDENCE_46744581DC4D8E7D9239,cev_0f02bb078585
claim_evidence,S265_CLAIM_EVIDENCE_4675EEB0A9DF98C3C3FA,cev_003d74fc6382
claim_evidence,S265_CLAIM_EVIDENCE_46798F5F7AA8762D634D,cev_cf2d0ecaf04f
claim_evidence,S265_CLAIM_EVIDENCE_46857B940A268DDDD67A,cev_da5d6b91fc43
claim_evidence,S265_CLAIM_EVIDENCE_469957BFDBF7EF87C947,cev_ef3f08bd37c6
claim_evidence,S265_CLAIM_EVIDENCE_47004BF3A055CAF8D76A,cev_3c32adadab87
claim_evidence,S265_CLAIM_EVIDENCE_47007B1FFACF97EB4F3E,cev_c50244b0446a
claim_evidence,S265_CLAIM_EVIDENCE_4724DDAEF7ABEC0BDBB5,cev_e3e4fc2255f2
claim_evidence,S265_CLAIM_EVIDENCE_473311941AA072FFA62D,cev_da7e6a50cb1c
claim_evidence,S265_CLAIM_EVIDENCE_473CF87AFD9C510ABAB3,cev_fa3954126d10
claim_evidence,S265_CLAIM_EVIDENCE_4743C2E3A4D7AA29911C,cev_17f710cd767c
claim_evidence,S265_CLAIM_EVIDENCE_47463C30B699B253C6C5,cev_42b3a1ae0dec
claim_evidence,S265_CLAIM_EVIDENCE_474F950BA55F61EBAE16,cev_0b6e8e6beedf
claim_evidence,S265_CLAIM_EVIDENCE_47540A056E7861A9B658,cev_f556887a1840
claim_evidence,S265_CLAIM_EVIDENCE_4757268AE7054C2AE88E,cev_655ec58b6aa6
claim_evidence,S265_CLAIM_EVIDENCE_47671DC87D6F9742FAB2,cev_bbf6290f491b
claim_evidence,S265_CLAIM_EVIDENCE_47776612961EC5785C5F,cev_27ebde520e0d
claim_evidence,S265_CLAIM_EVIDENCE_478C437A0E6643CD3C9E,cev_b8ff302a5860
claim_evidence,S265_CLAIM_EVIDENCE_4790BB343C3315229FB9,cev_1def4633585d
claim_evidence,S265_CLAIM_EVIDENCE_47989C63FD28DB754535,cev_ac5fb584dad6
claim_evidence,S265_CLAIM_EVIDENCE_479BA1CC7C8FF10AA8B3,cev_1ee314fc3c06
claim_evidence,S265_CLAIM_EVIDENCE_479BC7D4C849F66FA915,cev_9af3f2e1fe66
claim_evidence,S265_CLAIM_EVIDENCE_479F449989B386E204AB,cev_1be230d59f0a
claim_evidence,S265_CLAIM_EVIDENCE_47A535FAE7A55F77E3EA,cev_4a3354f3aa73
claim_evidence,S265_CLAIM_EVIDENCE_47B0B852ED7537E3D298,cev_4ab18dfaac48
claim_evidence,S265_CLAIM_EVIDENCE_47B262D80E18B28CABCA,cev_2a19cc2cf30d
claim_evidence,S265_CLAIM_EVIDENCE_47C548C95751270261A9,cev_1576ca7a4a3d
claim_evidence,S265_CLAIM_EVIDENCE_47D9AD6B06752C13FE99,cev_882782d020c0
claim_evidence,S265_CLAIM_EVIDENCE_47DB4A1B987C8DD9C73F,cev_8ec997881ac2
claim_evidence,S265_CLAIM_EVIDENCE_47F2514606612FA7F7DB,cev_b99f173b8579
claim_evidence,S265_CLAIM_EVIDENCE_47F2AEC64CE7F811B23F,cev_bc2d917cfa31
claim_evidence,S265_CLAIM_EVIDENCE_480F468AF18FCB82D4BA,cev_0424ac44d22f
claim_evidence,S265_CLAIM_EVIDENCE_486133082579C1C621CE,cev_848c6d4b5553
claim_evidence,S265_CLAIM_EVIDENCE_486634CC7955911016CF,cev_009f62e79e2d
claim_evidence,S265_CLAIM_EVIDENCE_4868B8DC6B23B43AD96B,cev_4935559e7f98
claim_evidence,S265_CLAIM_EVIDENCE_488980B33752467D35E3,cev_598e7bdb285e
claim_evidence,S265_CLAIM_EVIDENCE_488B1C9E1EBBAAB4A5BF,cev_79af4b93cdc7
claim_evidence,S265_CLAIM_EVIDENCE_488F8B25349B6F1B450B,cev_8b1028873e7c
claim_evidence,S265_CLAIM_EVIDENCE_48957AE519701C67C16D,cev_9669c1985a4a
claim_evidence,S265_CLAIM_EVIDENCE_48A0A51BDB62C6C4A119,cev_b6fa0cce9dc6
claim_evidence,S265_CLAIM_EVIDENCE_48C2CA023F99C506E542,cev_04675533eaea
claim_evidence,S265_CLAIM_EVIDENCE_48C97160390C797B6061,cev_d9bfdebe44bf
claim_evidence,S265_CLAIM_EVIDENCE_48CDDDAE819E295F889F,cev_5ed80e79a298
claim_evidence,S265_CLAIM_EVIDENCE_48D5ECA611BA31AD0B2E,cev_0feea27f8eee
claim_evidence,S265_CLAIM_EVIDENCE_48D64C8096F2978743E2,cev_2386d5bbdae1
claim_evidence,S265_CLAIM_EVIDENCE_48D8A5D2F5140BD2443C,cev_6519bce796ef
claim_evidence,S265_CLAIM_EVIDENCE_48DC0FF0DA3CDAEEC5C1,cev_676441df74cc
claim_evidence,S265_CLAIM_EVIDENCE_48DD4044C72C674B6942,cev_834d12aff273
claim_evidence,S265_CLAIM_EVIDENCE_48E6EDB233F978AD5311,cev_ee69ba989c93
claim_evidence,S265_CLAIM_EVIDENCE_48F32E1BBBA3982A8B38,cev_18064837a3c3
claim_evidence,S265_CLAIM_EVIDENCE_4926EF12456C22ED1A4C,cev_57bbb130c247
claim_evidence,S265_CLAIM_EVIDENCE_492C3594048DB0193DCA,cev_523630aaec31
claim_evidence,S265_CLAIM_EVIDENCE_493A416931117EC50D8F,cev_d23e8fe207a2
claim_evidence,S265_CLAIM_EVIDENCE_493D890B4FD2CDEF90E5,cev_6d71619106b8
claim_evidence,S265_CLAIM_EVIDENCE_4946FB3AE932AECABEFE,cev_ae73351f9647
claim_evidence,S265_CLAIM_EVIDENCE_495EBAE46556C535A072,cev_df95d0340653
claim_evidence,S265_CLAIM_EVIDENCE_496A35E36CB01A042CA6,cev_e297f82cd3dc
claim_evidence,S265_CLAIM_EVIDENCE_49A612D928791B51A30F,cev_8415b1ba1910
claim_evidence,S265_CLAIM_EVIDENCE_49ADF261CB54A43BAE85,cev_2b1d2a741be4
claim_evidence,S265_CLAIM_EVIDENCE_49D7127700231533101B,cev_1d2e3f2899f7
claim_evidence,S265_CLAIM_EVIDENCE_49D930A72C3766CC8F0B,cev_cfa9279fdc6d
claim_evidence,S265_CLAIM_EVIDENCE_49F029831B0E6F06F972,cev_b8881cd24360
claim_evidence,S265_CLAIM_EVIDENCE_49F32E3177BCD0EE5DC9,cev_a8c239ffd1a6
claim_evidence,S265_CLAIM_EVIDENCE_49F826DA1CAF2FCF91EA,cev_456d411cedad
claim_evidence,S265_CLAIM_EVIDENCE_49F9FD5A3E3CF6692C92,cev_330d3742e821
claim_evidence,S265_CLAIM_EVIDENCE_49FCB1C39A136A276AE8,cev_021af042351f
claim_evidence,S265_CLAIM_EVIDENCE_49FD25693C5512EC872B,cev_60dbffa45d32
claim_evidence,S265_CLAIM_EVIDENCE_4A0D188911014392247F,cev_9ae126e87cb4
claim_evidence,S265_CLAIM_EVIDENCE_4A245135E7770ABA668A,cev_24f8cb012a41
claim_evidence,S265_CLAIM_EVIDENCE_4A4A06D8D28EE92F9806,cev_aa6122db1662
claim_evidence,S265_CLAIM_EVIDENCE_4A547A0771B8A684A27D,cev_205ee9fa0e9a
claim_evidence,S265_CLAIM_EVIDENCE_4A605E14C51E9E1F13B1,cev_e683b1a7fb2f
claim_evidence,S265_CLAIM_EVIDENCE_4A61ADAABD0E799013F4,cev_0fefffc988f0
claim_evidence,S265_CLAIM_EVIDENCE_4A90F2E7170EB613E82A,cev_71870c78a8b9
claim_evidence,S265_CLAIM_EVIDENCE_4A967E51A542444DE48A,cev_9349e1d7fac3
claim_evidence,S265_CLAIM_EVIDENCE_4AA381C25653F07A7AEE,cev_09df84ca227b
claim_evidence,S265_CLAIM_EVIDENCE_4ACF25AD7596EECD8953,cev_21b4fa452ece
claim_evidence,S265_CLAIM_EVIDENCE_4ADC4D0994CBEEBEAFA0,cev_8325fa709d6f
claim_evidence,S265_CLAIM_EVIDENCE_4AEB48AE0EEA0E3331D7,cev_cce9fbe20082
claim_evidence,S265_CLAIM_EVIDENCE_4AF7E4A9AB3B97F65A3D,cev_3208955f7764
claim_evidence,S265_CLAIM_EVIDENCE_4AFF51D295972CAE5E1D,cev_9081be0b193a
claim_evidence,S265_CLAIM_EVIDENCE_4B032BEA77C7A07B1CAA,cev_be4ae7c5ba70
claim_evidence,S265_CLAIM_EVIDENCE_4B2010AF5BFB4EB5A9AE,cev_bbd19f5b774f
claim_evidence,S265_CLAIM_EVIDENCE_4B58E34B8E740CC8FADE,cev_9872449a068b
claim_evidence,S265_CLAIM_EVIDENCE_4B7DC0E8B2E489368B5A,cev_91636035113b
claim_evidence,S265_CLAIM_EVIDENCE_4B88787B6E41DED5897D,cev_8c8069c7cd0d
claim_evidence,S265_CLAIM_EVIDENCE_4B8B582AC516680E5FE5,cev_90e17f21d5f4
claim_evidence,S265_CLAIM_EVIDENCE_4B9CA423FA7224B96E0E,cev_ae74d628fe0b
claim_evidence,S265_CLAIM_EVIDENCE_4BA14103A74AF46675A3,cev_4abf16da6709
claim_evidence,S265_CLAIM_EVIDENCE_4BA1561B44313A85BBCC,cev_ddab0ea489da
claim_evidence,S265_CLAIM_EVIDENCE_4BC4308B193CB272B7D6,cev_5805f9926a52
claim_evidence,S265_CLAIM_EVIDENCE_4BCB55A7D536950E603C,cev_3ebeb2e02bc6
claim_evidence,S265_CLAIM_EVIDENCE_4BD520AF3CF14904B4A0,cev_19594008d2fe
claim_evidence,S265_CLAIM_EVIDENCE_4BD5459AC8742EA59C07,cev_0638b386ca15
claim_evidence,S265_CLAIM_EVIDENCE_4BDBA1B300B74D8D4B53,cev_c23fc7254758
claim_evidence,S265_CLAIM_EVIDENCE_4BECE85ECD729F2CFE8D,cev_bb0fe2692781
claim_evidence,S265_CLAIM_EVIDENCE_4BF88369208E7921B5DF,cev_41ec142ec7e9
claim_evidence,S265_CLAIM_EVIDENCE_4BFE2FF8FAF1FE530DA1,cev_b11583e09a8f
claim_evidence,S265_CLAIM_EVIDENCE_4BFFBF4C717AC58EF4EF,cev_b9d03df1a7d7
claim_evidence,S265_CLAIM_EVIDENCE_4C20840ABBD530728E53,cev_b023481650f5
claim_evidence,S265_CLAIM_EVIDENCE_4C3E7D495A03125C97E0,cev_78ac208b9f03
claim_evidence,S265_CLAIM_EVIDENCE_4C41D1AD1E95F174616F,cev_75ada18a4b13
claim_evidence,S265_CLAIM_EVIDENCE_4C5403237BB4FD74E264,cev_c715a58aeab8
claim_evidence,S265_CLAIM_EVIDENCE_4C60B58FBAED484F8DA2,cev_4132d5161183
claim_evidence,S265_CLAIM_EVIDENCE_4C651D781F039504BFAA,cev_c49d04d341f8
claim_evidence,S265_CLAIM_EVIDENCE_4C880313B834F757850F,cev_0d31ad48eefa
claim_evidence,S265_CLAIM_EVIDENCE_4CAFCF67AA35AF1CC3C2,cev_64925ea3e2c3
claim_evidence,S265_CLAIM_EVIDENCE_4CBB36C752D50AEFE0BF,cev_e7bd0496b3c6
claim_evidence,S265_CLAIM_EVIDENCE_4CDD8B317A5EAFD30ED2,cev_7633c45ee249
claim_evidence,S265_CLAIM_EVIDENCE_4CDEED86F5963F3B98C6,cev_97f17b981062
claim_evidence,S265_CLAIM_EVIDENCE_4CEAB4B9C580FC66C214,cev_a388b594d1f9
claim_evidence,S265_CLAIM_EVIDENCE_4CF2D72B28FCAED21416,cev_b9f0b38192d0
claim_evidence,S265_CLAIM_EVIDENCE_4CF7A65E44795BFDA72A,cev_c5c1df9394a7
claim_evidence,S265_CLAIM_EVIDENCE_4D30802C62170F53A8CF,cev_6002e6f8b23b
claim_evidence,S265_CLAIM_EVIDENCE_4D384D6C4B2A0FA28FEC,cev_a49389299b14
claim_evidence,S265_CLAIM_EVIDENCE_4D4E400C21566F04B756,cev_0f0375b28f8c
claim_evidence,S265_CLAIM_EVIDENCE_4D685CDDE7BEFD54C5FB,cev_0de43efcf2c5
claim_evidence,S265_CLAIM_EVIDENCE_4D7BF9E775BC3CF7818D,cev_3dfb5f674d39
claim_evidence,S265_CLAIM_EVIDENCE_4D81A17B7ACA2B10B11A,cev_806784d6cb55
claim_evidence,S265_CLAIM_EVIDENCE_4D87BBD23D308AD8032E,cev_11542fcd8de9
claim_evidence,S265_CLAIM_EVIDENCE_4DC1BF433099509673B1,cev_1b07e45ab1c2
claim_evidence,S265_CLAIM_EVIDENCE_4DCC61CACC985C6ED485,cev_38ff2e64c525
claim_evidence,S265_CLAIM_EVIDENCE_4DD0464A91E56C93B643,cev_fcfab26dc38a
claim_evidence,S265_CLAIM_EVIDENCE_4DD3563A06C3F7EBF746,cev_921b94d19a4f
claim_evidence,S265_CLAIM_EVIDENCE_4DDF0AABAF654F8BA3BA,cev_a08cbd74ea1c
claim_evidence,S265_CLAIM_EVIDENCE_4DF063F7F20785FA51AC,cev_1e2e7b9d34a9
claim_evidence,S265_CLAIM_EVIDENCE_4DFBDA78362A05D868CD,cev_92c80096f460
claim_evidence,S265_CLAIM_EVIDENCE_4E02455B82C58CF3BFE2,cev_79723f8a1b54
claim_evidence,S265_CLAIM_EVIDENCE_4E0395B99DE49FCD463D,cev_54e78fbb60b0
claim_evidence,S265_CLAIM_EVIDENCE_4E07CE98D97E024D4FE9,cev_aa4130555ea4
claim_evidence,S265_CLAIM_EVIDENCE_4E27D0BEB39DEBD2CA63,cev_2035fcd846f5
claim_evidence,S265_CLAIM_EVIDENCE_4E340B56E9D7CF123AA4,cev_81ad29ee6156
claim_evidence,S265_CLAIM_EVIDENCE_4E4EAE3DDC67A0FEAF8E,cev_afb6ed2a0552
claim_evidence,S265_CLAIM_EVIDENCE_4E66D81305AE0307B8D1,cev_0a738df7d77c
claim_evidence,S265_CLAIM_EVIDENCE_4E8D72EDBC9EC1D699C0,cev_dbd2b2437971
claim_evidence,S265_CLAIM_EVIDENCE_4E8ECE87A5B9BBC00515,cev_7837078fe4a1
claim_evidence,S265_CLAIM_EVIDENCE_4E94139B5AF10126521D,cev_530f232d8eea
claim_evidence,S265_CLAIM_EVIDENCE_4EC6FC06C9729F2C3ADD,cev_975a579eca08
claim_evidence,S265_CLAIM_EVIDENCE_4EF7F30BD4F17C759FDA,cev_a6bf9a01cc68
claim_evidence,S265_CLAIM_EVIDENCE_4EFE9D1970FD09B712C3,cev_00fd49f7cfd4
claim_evidence,S265_CLAIM_EVIDENCE_4F0D078320AA58BB41FD,cev_cf5dec7d56f5
claim_evidence,S265_CLAIM_EVIDENCE_4F133ED3403196D9EC3F,cev_73732773f992
claim_evidence,S265_CLAIM_EVIDENCE_4F1A97E55C22BFB2987A,cev_38fb5d891866
claim_evidence,S265_CLAIM_EVIDENCE_4F3010570DBF26E02081,cev_9483495f9906
claim_evidence,S265_CLAIM_EVIDENCE_4F3655A40251963D265E,cev_e87d1d222474
claim_evidence,S265_CLAIM_EVIDENCE_4F6D1EC13C64C57D830C,cev_80228b383109
claim_evidence,S265_CLAIM_EVIDENCE_4FC53BFF27A1B2291F7F,cev_e0d8bfac1721
claim_evidence,S265_CLAIM_EVIDENCE_4FE9A05AC62E3E158B09,cev_a209cb762687
claim_evidence,S265_CLAIM_EVIDENCE_4FF725194CF7C402E8D8,cev_9bb8ed264a9a
claim_evidence,S265_CLAIM_EVIDENCE_4FFDACFB70A9DF5FB474,cev_60ea729fd0ec
claim_evidence,S265_CLAIM_EVIDENCE_500F071E04378BF55E01,cev_16f1b06caa2c
claim_evidence,S265_CLAIM_EVIDENCE_50114B69514E08B1264E,cev_344808032df6
claim_evidence,S265_CLAIM_EVIDENCE_505A39C311BEB8FC8A29,cev_6a1f5bdcb16a
claim_evidence,S265_CLAIM_EVIDENCE_5069D506146F3D6FEDE1,cev_1ef34d31c64c
claim_evidence,S265_CLAIM_EVIDENCE_506F15BE6D8D564164A6,cev_f4e31043bc6a
claim_evidence,S265_CLAIM_EVIDENCE_506FD227250E55AACC5C,cev_3730378743b5
claim_evidence,S265_CLAIM_EVIDENCE_5071F635A9E52479B229,cev_98a813edb1ad
claim_evidence,S265_CLAIM_EVIDENCE_5091105A3866939EB6FC,cev_2f708505b843
claim_evidence,S265_CLAIM_EVIDENCE_5091EB653222EC691119,cev_ad0506a4a11c
claim_evidence,S265_CLAIM_EVIDENCE_5095E6E614D4B4E6A7E4,cev_087c16700f02
claim_evidence,S265_CLAIM_EVIDENCE_50D2728F5F1D54FC5946,cev_53201ad917ae
claim_evidence,S265_CLAIM_EVIDENCE_50EEB75C0CF5870B2953,cev_d7e757ab84f3
claim_evidence,S265_CLAIM_EVIDENCE_50F0B0557064B8E01D8F,cev_0b44a6597b69
claim_evidence,S265_CLAIM_EVIDENCE_50F68E250234E9FD2349,cev_912d6adc9efe
claim_evidence,S265_CLAIM_EVIDENCE_50F7AC56B0E10BEC9D82,cev_37885742fc50
claim_evidence,S265_CLAIM_EVIDENCE_50F97CBC2F18320E3CAF,cev_3957e4ea6a3c
claim_evidence,S265_CLAIM_EVIDENCE_510717DB7EF688DF2B67,cev_a6cd9dd8a563
claim_evidence,S265_CLAIM_EVIDENCE_51282375CD599BF7E0F8,cev_86b453a72799
claim_evidence,S265_CLAIM_EVIDENCE_513F778DD77FC5D9EEB9,cev_5e8c761c9d80
claim_evidence,S265_CLAIM_EVIDENCE_514B1B4FDA862C4921A4,cev_694561f3cb61
claim_evidence,S265_CLAIM_EVIDENCE_516BF19A23405B5337DE,cev_c79680541643
claim_evidence,S265_CLAIM_EVIDENCE_5172E2C4832E1833FBAF,cev_d01459d0254f
claim_evidence,S265_CLAIM_EVIDENCE_51BF7FA6D831BED50470,cev_03f3a1ee9460
claim_evidence,S265_CLAIM_EVIDENCE_51D1A63FC7675025C913,cev_22536d626576
claim_evidence,S265_CLAIM_EVIDENCE_51E7CCE163F147F0D0DB,cev_8eae391244fa
claim_evidence,S265_CLAIM_EVIDENCE_51FBDAAAB285390C16C8,cev_03445515f9c0
claim_evidence,S265_CLAIM_EVIDENCE_520C21C7956DE99B48BF,cev_1181df7c4780
claim_evidence,S265_CLAIM_EVIDENCE_52203848CD4438495183,cev_68ef287b78d0
claim_evidence,S265_CLAIM_EVIDENCE_522EE5DF1A5C5FBBDC27,cev_a50144b890e3
claim_evidence,S265_CLAIM_EVIDENCE_52410A4C72C4662AB4D4,cev_fc3b852a3664
claim_evidence,S265_CLAIM_EVIDENCE_524598C357976712EA33,cev_b8c2323bdbf9
claim_evidence,S265_CLAIM_EVIDENCE_524C30D7ABDDF32C7DC7,cev_b3f3b55b13b2
claim_evidence,S265_CLAIM_EVIDENCE_524D82ED76A5D863F4C9,cev_1b154f08263c
claim_evidence,S265_CLAIM_EVIDENCE_52598754D82F543AC615,cev_720f90fa9d7d
claim_evidence,S265_CLAIM_EVIDENCE_525DDE53957A4B65F884,cev_e875acb0dd58
claim_evidence,S265_CLAIM_EVIDENCE_525E4A536F334BD5B447,cev_415a375a9f8e
claim_evidence,S265_CLAIM_EVIDENCE_526C3E2EEF72541C4CF3,cev_b2ddc964429b
claim_evidence,S265_CLAIM_EVIDENCE_5286935A2CCD429031FB,cev_27d2ca6f031d
claim_evidence,S265_CLAIM_EVIDENCE_528E46C480D80290F408,cev_2c09811470d6
claim_evidence,S265_CLAIM_EVIDENCE_528F8D1A954928132EF2,cev_0d0cdd2ba50e
claim_evidence,S265_CLAIM_EVIDENCE_5296B1D8BE26E3129444,cev_03e87dd6f19d
claim_evidence,S265_CLAIM_EVIDENCE_529C6E9D91057C701AE6,cev_e08687a3f7d8
claim_evidence,S265_CLAIM_EVIDENCE_52A432C6D1DB9DCD929C,cev_13946b73b24d
claim_evidence,S265_CLAIM_EVIDENCE_52A84BC4920F6960A552,cev_4b6be503fc29
claim_evidence,S265_CLAIM_EVIDENCE_52B0B57A6417B42F3120,cev_50a9f50cb9a2
claim_evidence,S265_CLAIM_EVIDENCE_52B5BD1443A3E4D4CA39,cev_b0606b129d2b
claim_evidence,S265_CLAIM_EVIDENCE_52C55D4AD1107EAC9451,cev_bcceacdde716
claim_evidence,S265_CLAIM_EVIDENCE_52CF453CD4F4C3426FC2,cev_595e7e02fc28
claim_evidence,S265_CLAIM_EVIDENCE_52D49505AB4FE52E3EE6,cev_d1a3a0385382
claim_evidence,S265_CLAIM_EVIDENCE_52E1D1531D0384D7B410,cev_8dc4f9e8b721
claim_evidence,S265_CLAIM_EVIDENCE_52E3D2922B6404B6F59D,cev_354a313bceb1
claim_evidence,S265_CLAIM_EVIDENCE_52E3F935EB64630BC18F,cev_da22c6f5eb07
claim_evidence,S265_CLAIM_EVIDENCE_52F01F29BF0452BFBCAF,cev_2d195a38ec64
claim_evidence,S265_CLAIM_EVIDENCE_52F4139A78627A11D3C1,cev_9b954a7d519a
claim_evidence,S265_CLAIM_EVIDENCE_52F755A950B251DCCA7E,cev_452eaa0f88ea
claim_evidence,S265_CLAIM_EVIDENCE_52FCE6B6FAB76A6AE528,cev_1402c7650e1f
claim_evidence,S265_CLAIM_EVIDENCE_530C79ED669F107BC0C7,cev_ca007ed707a0
claim_evidence,S265_CLAIM_EVIDENCE_530DDEC1950E848F0653,cev_9006073db94f
claim_evidence,S265_CLAIM_EVIDENCE_5317DA8238D1A8335592,cev_67385415e7a9
claim_evidence,S265_CLAIM_EVIDENCE_532029A9913952A42BE8,cev_bc44923f18b3
claim_evidence,S265_CLAIM_EVIDENCE_5330086BB35AD719FC26,cev_21171ed46d48
claim_evidence,S265_CLAIM_EVIDENCE_533740013BE2DE8A88B8,cev_d5351d54bcff
claim_evidence,S265_CLAIM_EVIDENCE_5346B655E656B2809E13,cev_4d9aff5bb8cd
claim_evidence,S265_CLAIM_EVIDENCE_53474EE325FE4D14F3C8,cev_99559bded241
claim_evidence,S265_CLAIM_EVIDENCE_534BC021DF8ED30A5379,cev_2c7441957243
claim_evidence,S265_CLAIM_EVIDENCE_5356FE0A3FB1388120C9,cev_cbb67376b683
claim_evidence,S265_CLAIM_EVIDENCE_535C242C0D2AD60D3AF2,cev_6552884157cb
claim_evidence,S265_CLAIM_EVIDENCE_536A933305D8B38495B8,cev_ca0f4a285011
claim_evidence,S265_CLAIM_EVIDENCE_53707AFD79447CA8C9F0,cev_3715e1a819d3
claim_evidence,S265_CLAIM_EVIDENCE_5391B6182D4640AED201,cev_a6bd4d205ead
claim_evidence,S265_CLAIM_EVIDENCE_53959593B5F7C3415050,cev_620e4e76ceb9
claim_evidence,S265_CLAIM_EVIDENCE_539DD8E7E0BD11D3CA9B,cev_293fb565c951
claim_evidence,S265_CLAIM_EVIDENCE_53B51674AF05CBAB6A53,cev_36f2ae37d796
claim_evidence,S265_CLAIM_EVIDENCE_53C3DAA68CDC32A23BCD,cev_d6a1107c2a85
claim_evidence,S265_CLAIM_EVIDENCE_53E2CCEE3B06BBD83B82,cev_1b4109c40fd8
claim_evidence,S265_CLAIM_EVIDENCE_53F6B6A718A9FAC935C7,cev_4769ae29e557
claim_evidence,S265_CLAIM_EVIDENCE_53FC7CE6A508A58F1015,cev_652cba4f1bef
claim_evidence,S265_CLAIM_EVIDENCE_53FFABADFFBF3C209987,cev_b20a8697d8f4
claim_evidence,S265_CLAIM_EVIDENCE_5401B1FC070C91713E7D,cev_5eeded014b56
claim_evidence,S265_CLAIM_EVIDENCE_54099D56634B8C21620C,cev_7e190d8be556
claim_evidence,S265_CLAIM_EVIDENCE_5418A31F0EDBF3565E64,cev_389b22446d9e
claim_evidence,S265_CLAIM_EVIDENCE_541A577F87D21F4BBD63,cev_41f1ce390625
claim_evidence,S265_CLAIM_EVIDENCE_541D3D466B82DDC671AD,cev_e7957680b652
claim_evidence,S265_CLAIM_EVIDENCE_54299C3F979852841E08,cev_90adf97aabc3
claim_evidence,S265_CLAIM_EVIDENCE_54440DDB092916CF1D0F,cev_2f119b184a7f
claim_evidence,S265_CLAIM_EVIDENCE_544884D2346D8B19D2C2,cev_2e680a145e26
claim_evidence,S265_CLAIM_EVIDENCE_5449147F361A0705C04F,cev_b4ab99c1f6be
claim_evidence,S265_CLAIM_EVIDENCE_5449718E76620BE3B581,cev_1376867424a7
claim_evidence,S265_CLAIM_EVIDENCE_544A433C2B35A8CD9B39,cev_3426a8d1fe15
claim_evidence,S265_CLAIM_EVIDENCE_545F336C66F49498F5CB,cev_9e322c93fec7
claim_evidence,S265_CLAIM_EVIDENCE_5465D75FB8A096B77D2A,cev_f847870e5b59
claim_evidence,S265_CLAIM_EVIDENCE_54790841219CF2AC6BCE,cev_af9fc094c714
claim_evidence,S265_CLAIM_EVIDENCE_54839AAE9AFA39F90593,cev_cc43f2c6f2b9
claim_evidence,S265_CLAIM_EVIDENCE_54972FC018F79473E888,cev_a75314e7a80c
claim_evidence,S265_CLAIM_EVIDENCE_54A4D8736E22F5CD2D3D,cev_d711a57b0be4
claim_evidence,S265_CLAIM_EVIDENCE_54B3F1C15692B2D2F6E1,cev_19dd83e1fc87
claim_evidence,S265_CLAIM_EVIDENCE_54B7BAB84F9F8A0D430D,cev_8333cae9b098
claim_evidence,S265_CLAIM_EVIDENCE_54BD58C0DD0BC11B6CF9,cev_10f3a5458d46
claim_evidence,S265_CLAIM_EVIDENCE_54BF01E69328DA249938,cev_33b31b7c79d3
claim_evidence,S265_CLAIM_EVIDENCE_54CC0C16E940CC07228B,cev_db04d3e3458b
claim_evidence,S265_CLAIM_EVIDENCE_54CD791FBB96A7CE2286,cev_f5743beb49c7
claim_evidence,S265_CLAIM_EVIDENCE_54D4EDDA8DBD722BE7C7,cev_9b2355d0592d
claim_evidence,S265_CLAIM_EVIDENCE_54DF2F4055B6978E9B14,cev_a799532fcecb
claim_evidence,S265_CLAIM_EVIDENCE_54DF77C84801B8B136A6,cev_61668cc25b75
claim_evidence,S265_CLAIM_EVIDENCE_54EC3939C2EC4443D379,cev_dcd11bce9159
claim_evidence,S265_CLAIM_EVIDENCE_54F198FA26282B3D271D,cev_69e96b71568e
claim_evidence,S265_CLAIM_EVIDENCE_54F47710820893FBBFBF,cev_9db941e12a6a
claim_evidence,S265_CLAIM_EVIDENCE_54FDE188DF16F704F41D,cev_03e84fe6ee4a
claim_evidence,S265_CLAIM_EVIDENCE_54FE920EEDDCFDAD696E,cev_1400bcd586ef
claim_evidence,S265_CLAIM_EVIDENCE_55248F86D9E5EF102DCC,cev_ee6bb0eecfe3
claim_evidence,S265_CLAIM_EVIDENCE_552BED376FDF97F04368,cev_005ae8b5dd2e
claim_evidence,S265_CLAIM_EVIDENCE_55329B2B767352C9C563,cev_147d6d93d6b0
claim_evidence,S265_CLAIM_EVIDENCE_553E9167A46202519829,cev_e3c822a29736
claim_evidence,S265_CLAIM_EVIDENCE_55446242D3278849617C,cev_89f8d8f16d81
claim_evidence,S265_CLAIM_EVIDENCE_5551D5213DF53723BD66,cev_ef56c8e268d2
claim_evidence,S265_CLAIM_EVIDENCE_555B864FA5745B07A91F,cev_2c9459461d64
claim_evidence,S265_CLAIM_EVIDENCE_555E8CF33DA1C2C88BA1,cev_25f03bf5e8a6
claim_evidence,S265_CLAIM_EVIDENCE_556D9EAA6116DE074DF1,cev_19d62da89fd2
claim_evidence,S265_CLAIM_EVIDENCE_557BA11E8F2B6D2B052A,cev_ce5db7646bd5
claim_evidence,S265_CLAIM_EVIDENCE_5598C3A06AD1AEEB0338,cev_e6e418ba252d
claim_evidence,S265_CLAIM_EVIDENCE_55ADAA007E438AEF793B,cev_72305f42282e
claim_evidence,S265_CLAIM_EVIDENCE_55B54619D16D4A713E1F,cev_1f8d85d595fb
claim_evidence,S265_CLAIM_EVIDENCE_55CC8542AECC62122236,cev_0c451061e885
claim_evidence,S265_CLAIM_EVIDENCE_55CE4ED2561398232AC9,cev_cd4c4be8a809
claim_evidence,S265_CLAIM_EVIDENCE_55EFC03CC54C31FD2F4C,cev_0efc06d9060c
claim_evidence,S265_CLAIM_EVIDENCE_55F81C9CD60B9CC90F5E,cev_c267f129fcdb
claim_evidence,S265_CLAIM_EVIDENCE_55FB3CD2091F59473447,cev_3fdb338df901
claim_evidence,S265_CLAIM_EVIDENCE_560DB1B9CE27969DC4CE,cev_37f539c1da38
claim_evidence,S265_CLAIM_EVIDENCE_5613406C1D2A2860DE55,cev_ca368350a250
claim_evidence,S265_CLAIM_EVIDENCE_5624BD6571BF3EDFE80F,cev_b3cd9da25fa1
claim_evidence,S265_CLAIM_EVIDENCE_565A7F3AFEACE4136544,cev_ec5ef0c0f1dc
claim_evidence,S265_CLAIM_EVIDENCE_566143D94C619BA7ED66,cev_a7e76d212d36
claim_evidence,S265_CLAIM_EVIDENCE_5675989286CCD17A83BB,cev_8fb261fb7870
claim_evidence,S265_CLAIM_EVIDENCE_56B15930E7CA85B44372,cev_89baf2a6bd0e
claim_evidence,S265_CLAIM_EVIDENCE_56D4903BA8738C98ACEF,cev_490c357dd846
claim_evidence,S265_CLAIM_EVIDENCE_56F5A1AE1CF2CA086D44,cev_9ce6073f865c
claim_evidence,S265_CLAIM_EVIDENCE_575DF128C7CF43652DE7,cev_b87da52a0e25
claim_evidence,S265_CLAIM_EVIDENCE_578F4C64143F17548CB2,cev_e84e0cfbd9f3
claim_evidence,S265_CLAIM_EVIDENCE_579A2E2059B6C8906680,cev_1a5832dfdf7c
claim_evidence,S265_CLAIM_EVIDENCE_579CD0AE08FAC5447213,cev_ff849ff0b752
claim_evidence,S265_CLAIM_EVIDENCE_57C7046CA615F6C46414,cev_772961ed90b6
claim_evidence,S265_CLAIM_EVIDENCE_57DB5F69E7F4EFAE9550,cev_43dbe2d9b734
claim_evidence,S265_CLAIM_EVIDENCE_57E04DAD7C8D3C8EF593,cev_fe027de0e2d5
claim_evidence,S265_CLAIM_EVIDENCE_57E0AE6EBBF0048B535B,cev_8292586caf96
claim_evidence,S265_CLAIM_EVIDENCE_57FE353A1AAA5B233660,cev_6bfd2e89c4ae
claim_evidence,S265_CLAIM_EVIDENCE_58059158FE10B696DEC8,cev_5074fa8a99a3
claim_evidence,S265_CLAIM_EVIDENCE_5817CD448DBEC6E19F61,cev_c4cd5a979007
claim_evidence,S265_CLAIM_EVIDENCE_583329234BA02AF65DAC,cev_97d2fb84d6a5
claim_evidence,S265_CLAIM_EVIDENCE_585C21FD5AF09E949F2B,cev_086e7128b216
claim_evidence,S265_CLAIM_EVIDENCE_5860DF298C6A06B09FB0,cev_a02dbee83da0
claim_evidence,S265_CLAIM_EVIDENCE_587B4A8DFBB019BB6DE0,cev_512ff78738f9
claim_evidence,S265_CLAIM_EVIDENCE_588465D27AE608F9AADC,cev_8416e979a04f
claim_evidence,S265_CLAIM_EVIDENCE_588DBB5E9FD2B8564720,cev_51b2c61bd12c
claim_evidence,S265_CLAIM_EVIDENCE_58C2A8BFEC3429C15F27,cev_2794cf556fb4
claim_evidence,S265_CLAIM_EVIDENCE_58C2F6BC1323A8B33099,cev_47468ac35a94
claim_evidence,S265_CLAIM_EVIDENCE_58CE5872853C825B62B1,cev_9c65defcdcdb
claim_evidence,S265_CLAIM_EVIDENCE_58CF62ADBEDA8110B765,cev_cd5de67e5063
claim_evidence,S265_CLAIM_EVIDENCE_58D93AB1946A092A7F54,cev_ce4074906f42
claim_evidence,S265_CLAIM_EVIDENCE_58EEEA5CD32449572E78,cev_b0d48811f7d2
claim_evidence,S265_CLAIM_EVIDENCE_591FF332E115DBB2F0ED,cev_1decaed9af09
claim_evidence,S265_CLAIM_EVIDENCE_5933DC565F4C9D530A6E,cev_aedaef4358f5
claim_evidence,S265_CLAIM_EVIDENCE_59355159FCD3A76A9A78,cev_0aede797eb68
claim_evidence,S265_CLAIM_EVIDENCE_597A06F1B5282B371FCA,cev_d7ad9e6a360b
claim_evidence,S265_CLAIM_EVIDENCE_599FB320D545049F7788,cev_3844c33ff6cb
claim_evidence,S265_CLAIM_EVIDENCE_59A73B28CB0CD81A1B21,cev_b530ed757309
claim_evidence,S265_CLAIM_EVIDENCE_59B832C34C22905B24C4,cev_fb860271d897
claim_evidence,S265_CLAIM_EVIDENCE_59C539B0767F27F265A0,cev_9a183c5e9608
claim_evidence,S265_CLAIM_EVIDENCE_59EDA69D6BC9E65B7398,cev_b2801b1eb2b1
claim_evidence,S265_CLAIM_EVIDENCE_59F69DA000D04CF55C97,cev_dde09b12368b
claim_evidence,S265_CLAIM_EVIDENCE_59F96BAFD1E6A71B435A,cev_645acb5fe4fe
claim_evidence,S265_CLAIM_EVIDENCE_5A0D7A85AD5BF41603D9,cev_c78d22fbc7f6
claim_evidence,S265_CLAIM_EVIDENCE_5A11814F1C29403811BF,cev_942eaaa900dc
claim_evidence,S265_CLAIM_EVIDENCE_5A2326F26B3BF7798508,cev_0a8d78247287
claim_evidence,S265_CLAIM_EVIDENCE_5A432EDB85DE20A02B5C,cev_633e33bc872c
claim_evidence,S265_CLAIM_EVIDENCE_5A438D55F4D07F786476,cev_42777e7baf03
claim_evidence,S265_CLAIM_EVIDENCE_5A483EAEF886B580CCA2,cev_593a309533c0
claim_evidence,S265_CLAIM_EVIDENCE_5A5406577D6EF39D5165,cev_6538fa0cf243
claim_evidence,S265_CLAIM_EVIDENCE_5A578B5BC04F8CA5B58B,cev_e02e4a1527ca
claim_evidence,S265_CLAIM_EVIDENCE_5A5A37ED1DDBA21471E7,cev_7f73cd24a629
claim_evidence,S265_CLAIM_EVIDENCE_5A69DCF4582A3612290A,cev_37a7a16b045c
claim_evidence,S265_CLAIM_EVIDENCE_5A69FB9CD47885234099,cev_cba72d3741ac
claim_evidence,S265_CLAIM_EVIDENCE_5A82C9EB541363CDA939,cev_90fd8f3c5e9d
claim_evidence,S265_CLAIM_EVIDENCE_5A8D506B2DC5B7DC1BF8,cev_3d1c846df0e4
claim_evidence,S265_CLAIM_EVIDENCE_5A9BFC2066A1A9138C45,cev_5dfa77c5866c
claim_evidence,S265_CLAIM_EVIDENCE_5AA48679E5BC2D95C6D0,cev_e1e1cbd64b4e
claim_evidence,S265_CLAIM_EVIDENCE_5AAD062B0A37B2E851A2,cev_908ac3b7b9ed
claim_evidence,S265_CLAIM_EVIDENCE_5AC11F89169D9FC2FC84,cev_8d85db53dc1a
claim_evidence,S265_CLAIM_EVIDENCE_5AC9C054E50F8EF41995,cev_7c1b24766ab7
claim_evidence,S265_CLAIM_EVIDENCE_5ACCEA2308E3C5352346,cev_53df6f56626e
claim_evidence,S265_CLAIM_EVIDENCE_5ADDA5207B79793C2E56,cev_1190d0c2c1b4
claim_evidence,S265_CLAIM_EVIDENCE_5B084EA25037ED64ACA6,cev_84a8378da4c4
claim_evidence,S265_CLAIM_EVIDENCE_5B10420F9AF517DC0CD0,cev_484a41c9f793
claim_evidence,S265_CLAIM_EVIDENCE_5B11EBE357A2EBD1E728,cev_c84dec273a61
claim_evidence,S265_CLAIM_EVIDENCE_5B212FBD4D1F359FC2C9,cev_8d4743d411d7
claim_evidence,S265_CLAIM_EVIDENCE_5B40B9D62EDFE7B0CC97,cev_07772f281a75
claim_evidence,S265_CLAIM_EVIDENCE_5B640563741C3B80DFD2,cev_1d3ddfded5d3
claim_evidence,S265_CLAIM_EVIDENCE_5B700113EF7D20B7A031,cev_f5ae1c653075
claim_evidence,S265_CLAIM_EVIDENCE_5B8E263B5E571821D8C9,cev_3496cf4f95f6
claim_evidence,S265_CLAIM_EVIDENCE_5BA0A26DA93AD766FA32,cev_260796e021c5
claim_evidence,S265_CLAIM_EVIDENCE_5BAE711654F6419B5D60,cev_2a7e70a27842
claim_evidence,S265_CLAIM_EVIDENCE_5BB354B2CCE7F8AE3979,cev_1d362f31e611
claim_evidence,S265_CLAIM_EVIDENCE_5BC722B03C2B79758BBE,cev_339abd6107c6
claim_evidence,S265_CLAIM_EVIDENCE_5BC7C65082A1EE7BE21A,cev_5f3c23e482c0
claim_evidence,S265_CLAIM_EVIDENCE_5BD5507EF6EF404E0C44,cev_b921ca5931cf
claim_evidence,S265_CLAIM_EVIDENCE_5BE3391AA02DA0764EB6,cev_b7c2fff1a218
claim_evidence,S265_CLAIM_EVIDENCE_5BEC2E617B066F0145D9,cev_aae3201ce9cd
claim_evidence,S265_CLAIM_EVIDENCE_5C05A0CE3EC677DF1A35,cev_8ac07257d65e
claim_evidence,S265_CLAIM_EVIDENCE_5C37D9836204E9F454D5,cev_34210bd3e175
claim_evidence,S265_CLAIM_EVIDENCE_5C4307627F1A7EBB8C54,cev_b593e3089bfd
claim_evidence,S265_CLAIM_EVIDENCE_5C4EDCF8E0893F208DDF,cev_58fc83347b48
claim_evidence,S265_CLAIM_EVIDENCE_5C56F5063A926529D94D,cev_6b30233c8331
claim_evidence,S265_CLAIM_EVIDENCE_5C6F81E07D32F2EE4961,cev_bdc5e7eb9e5e
claim_evidence,S265_CLAIM_EVIDENCE_5C79A4F81F42C6D991B3,cev_d014be30a33e
claim_evidence,S265_CLAIM_EVIDENCE_5C897643C38C994CB9C8,cev_90489bd5296f
claim_evidence,S265_CLAIM_EVIDENCE_5C90D716C466AEDA884C,cev_55c6e99de19c
claim_evidence,S265_CLAIM_EVIDENCE_5C93C5C5D38F487807D3,cev_902e4fa64982
claim_evidence,S265_CLAIM_EVIDENCE_5CAF6A9C18C2581E0FFD,cev_d5fcde99c51b
claim_evidence,S265_CLAIM_EVIDENCE_5CC505F2BCEA1602D1BA,cev_3f06ed1067c6
claim_evidence,S265_CLAIM_EVIDENCE_5CE09F43032CD59ABB54,cev_8aaa55227841
claim_evidence,S265_CLAIM_EVIDENCE_5D05D4DE2CB543C0EF44,cev_b2e060cb7360
claim_evidence,S265_CLAIM_EVIDENCE_5D0C2589203042B8CB75,cev_2f1b4ac3f0c1
claim_evidence,S265_CLAIM_EVIDENCE_5D1AAAA8BF1EC4D961CF,cev_69968fac4fab
claim_evidence,S265_CLAIM_EVIDENCE_5D256404D8E0C3B3405B,cev_69094a827898
claim_evidence,S265_CLAIM_EVIDENCE_5D45F9C57820B7AB6D13,cev_198ff63d2171
claim_evidence,S265_CLAIM_EVIDENCE_5D678E52EFCBED770685,cev_0293101a808b
claim_evidence,S265_CLAIM_EVIDENCE_5D6799D38AC8986E7D47,cev_6713496ab401
claim_evidence,S265_CLAIM_EVIDENCE_5D99E757845F6712D165,cev_858a67d2100a
claim_evidence,S265_CLAIM_EVIDENCE_5DCD85DE3BE85668E60E,cev_12425453d44b
claim_evidence,S265_CLAIM_EVIDENCE_5DD994505D6C728F5D8C,cev_3e5c5ee8383f
claim_evidence,S265_CLAIM_EVIDENCE_5DE099D1E515B46D4D06,cev_f9e7f74a80cb
claim_evidence,S265_CLAIM_EVIDENCE_5DF030BADE44174811C6,cev_d053733aee11
claim_evidence,S265_CLAIM_EVIDENCE_5E00784C7B20204CF72F,cev_54ac14a3673c
claim_evidence,S265_CLAIM_EVIDENCE_5E2550E8F5B4756A5C62,cev_da975d7e8f15
claim_evidence,S265_CLAIM_EVIDENCE_5E2FD063BA1D88862E6C,cev_f16c422a80f9
claim_evidence,S265_CLAIM_EVIDENCE_5E331CB68F3649DB868C,cev_ba2ef67ac4e8
claim_evidence,S265_CLAIM_EVIDENCE_5E375EC4A26BF957E6C5,cev_65986a93beb1
claim_evidence,S265_CLAIM_EVIDENCE_5E38E21C73328F5BBED8,cev_0eec81123716
claim_evidence,S265_CLAIM_EVIDENCE_5E65960D01AB4CFF496B,cev_3e88833ed016
claim_evidence,S265_CLAIM_EVIDENCE_5E68AA75B6735D1E72C7,cev_f15ff723f232
claim_evidence,S265_CLAIM_EVIDENCE_5E79F5C77AEC3928D23B,cev_0b36a69ab05b
claim_evidence,S265_CLAIM_EVIDENCE_5E7B3E68CD3AEE54A060,cev_c29b50fabb05
claim_evidence,S265_CLAIM_EVIDENCE_5E83C1ED359B408A133E,cev_048317a69c2f
claim_evidence,S265_CLAIM_EVIDENCE_5E843A8EDA9BAEBB2D50,cev_43f2c3507e8d
claim_evidence,S265_CLAIM_EVIDENCE_5E84D224A442C37B8BFC,cev_b73b7b717eaf
claim_evidence,S265_CLAIM_EVIDENCE_5E8FF07DDBA9EDA2CC63,cev_bcc209e2375a
claim_evidence,S265_CLAIM_EVIDENCE_5E9700F5865BBF6B73D6,cev_21708fbdb4e8
claim_evidence,S265_CLAIM_EVIDENCE_5E9AABEBE94E7DFECE54,cev_7eba3937abb5
claim_evidence,S265_CLAIM_EVIDENCE_5EB55AC4622A371859BB,cev_a23e3034ca17
claim_evidence,S265_CLAIM_EVIDENCE_5EB80FD4AF4A5C3FFE80,cev_a554edacc276
claim_evidence,S265_CLAIM_EVIDENCE_5EC47343E8F3C948220E,cev_dbf946243acb
claim_evidence,S265_CLAIM_EVIDENCE_5ECE08E566E75DA78B21,cev_13a255d75016
claim_evidence,S265_CLAIM_EVIDENCE_5ECF68D5DD61EBE0CA6F,cev_1fda8e44691b
claim_evidence,S265_CLAIM_EVIDENCE_5ED5D0178FA6139416AC,cev_80765f94f72c
claim_evidence,S265_CLAIM_EVIDENCE_5ED6D9C770F2C06EDF7C,cev_9e9b16fee624
claim_evidence,S265_CLAIM_EVIDENCE_5EDE1A65FC97F59D223A,cev_1ae93b00b068
claim_evidence,S265_CLAIM_EVIDENCE_5EE63DC0B94992AEEBA9,cev_d5fec5c899d3
claim_evidence,S265_CLAIM_EVIDENCE_5EFEEC34D81630533763,cev_903e8ccbd8ad
claim_evidence,S265_CLAIM_EVIDENCE_5F25BFAC5400107D00C2,cev_a3200f9e935e
claim_evidence,S265_CLAIM_EVIDENCE_5F29335BDF7E006B9622,cev_24806119dd6f
claim_evidence,S265_CLAIM_EVIDENCE_5F561762C3378345D0D6,cev_920c9107df07
claim_evidence,S265_CLAIM_EVIDENCE_5F62C9EDE7661BE26005,cev_f62c3c39d324
claim_evidence,S265_CLAIM_EVIDENCE_5F6D9C9F583BC77640CE,cev_a3f8976ea9e6
claim_evidence,S265_CLAIM_EVIDENCE_5F7FAF240C952BBECD33,cev_f6f6851b6af0
claim_evidence,S265_CLAIM_EVIDENCE_5FA389C675B330F6706D,cev_93260c7f5404
claim_evidence,S265_CLAIM_EVIDENCE_5FA897F07EF98CEB12B6,cev_df72d94c6472
claim_evidence,S265_CLAIM_EVIDENCE_5FBC3A70A2EF713D4456,cev_129d3a79f742
claim_evidence,S265_CLAIM_EVIDENCE_5FD574675FE24273C787,cev_2c8e07b1bda3
claim_evidence,S265_CLAIM_EVIDENCE_5FF632DD26E8F381C50E,cev_2d54a9e54849
claim_evidence,S265_CLAIM_EVIDENCE_5FF929DEB924B23BAD23,cev_88031d08b47b
claim_evidence,S265_CLAIM_EVIDENCE_6011867D484D41E59010,cev_6379c0267955
claim_evidence,S265_CLAIM_EVIDENCE_6012343E608D004AD22A,cev_2983b51ff8e7
claim_evidence,S265_CLAIM_EVIDENCE_60191ABC95DF33B2950A,cev_2f9b9b7cc277
claim_evidence,S265_CLAIM_EVIDENCE_60306B36892F80C8107F,cev_9a9cd89e5c58
claim_evidence,S265_CLAIM_EVIDENCE_6033A8E4340894430325,cev_dc916aede692
claim_evidence,S265_CLAIM_EVIDENCE_6058A191079E26CA0B36,cev_7eb2fd39ac79
claim_evidence,S265_CLAIM_EVIDENCE_605A24F491E2BA0BB05A,cev_7775b227b82f
claim_evidence,S265_CLAIM_EVIDENCE_6070EF215736C6E4F0C6,cev_782af16fc78e
claim_evidence,S265_CLAIM_EVIDENCE_607728BBAA954EB0B663,cev_97adbac4d620
claim_evidence,S265_CLAIM_EVIDENCE_6078BCC57061A36B54D0,cev_56c9c927a632
claim_evidence,S265_CLAIM_EVIDENCE_608001051D11CBAB9772,cev_fa1e00a1183d
claim_evidence,S265_CLAIM_EVIDENCE_6095B6E20419C0AC0B0D,cev_e03b6114388e
claim_evidence,S265_CLAIM_EVIDENCE_609D84DDCE0935857B86,cev_f1fdb72561c1
claim_evidence,S265_CLAIM_EVIDENCE_60B1405DA9AD6CCA445B,cev_8ecebf0e095c
claim_evidence,S265_CLAIM_EVIDENCE_60BED298FB21FBAA99AE,cev_b1fbe5d6b8bf
claim_evidence,S265_CLAIM_EVIDENCE_60C87C5A8DF4FD804CE8,cev_b59b2dcba45b
claim_evidence,S265_CLAIM_EVIDENCE_60CC98D5E3651B600370,cev_d83933dda471
claim_evidence,S265_CLAIM_EVIDENCE_60D46622117545F1457C,cev_d08b51120a72
claim_evidence,S265_CLAIM_EVIDENCE_60D56B6F34FB625035A4,cev_39795c881cf0
claim_evidence,S265_CLAIM_EVIDENCE_60E0182D05274D0ADEEB,cev_313d68969f61
claim_evidence,S265_CLAIM_EVIDENCE_60F0E595837738288CFE,cev_e00933b5d0e4
claim_evidence,S265_CLAIM_EVIDENCE_610499733D3BB8334319,cev_83db4a8d76de
claim_evidence,S265_CLAIM_EVIDENCE_610EDF80A2FF6C39BC8E,cev_b64888c8ced9
claim_evidence,S265_CLAIM_EVIDENCE_61115C3FDA42CF9CCB92,cev_f73b40acfe97
claim_evidence,S265_CLAIM_EVIDENCE_611AD4AEC705BB52661D,cev_9d4b461b7f63
claim_evidence,S265_CLAIM_EVIDENCE_612FA771EFB5612CEB1F,cev_d7e073ef71b4
claim_evidence,S265_CLAIM_EVIDENCE_6134C117DF5DC47D8F0E,cev_34ff12159c71
claim_evidence,S265_CLAIM_EVIDENCE_61591E027623A966F835,cev_dd5583bd0df6
claim_evidence,S265_CLAIM_EVIDENCE_61674DF85D486722943B,cev_2f8d7b20ba06
claim_evidence,S265_CLAIM_EVIDENCE_617820A262A66BE5D185,cev_90a88e0ebb25
claim_evidence,S265_CLAIM_EVIDENCE_619960887AE68628DA4B,cev_80ab7f7001e0
claim_evidence,S265_CLAIM_EVIDENCE_61B933E6584E5358F659,cev_7deb12ca046c
claim_evidence,S265_CLAIM_EVIDENCE_61C24799DB2138C0C02F,cev_6ff8edec5e61
claim_evidence,S265_CLAIM_EVIDENCE_61D77F482998C2FD86C4,cev_1da448946894
claim_evidence,S265_CLAIM_EVIDENCE_61DD7CAF68B1098C7137,cev_09ae726f15e7
claim_evidence,S265_CLAIM_EVIDENCE_61E84A48BD76D3177801,cev_c6e3105f93dd
claim_evidence,S265_CLAIM_EVIDENCE_61EF151830ABA81C0893,cev_cc192b3488e7
claim_evidence,S265_CLAIM_EVIDENCE_6203E879EEE05C677CB0,cev_93633bc1e576
claim_evidence,S265_CLAIM_EVIDENCE_6205A0C0A48772E204A2,cev_b249b5a76dae
claim_evidence,S265_CLAIM_EVIDENCE_620C0B825E5BF7D33E40,cev_850d2d13e013
claim_evidence,S265_CLAIM_EVIDENCE_6213BBB3B72F4F169858,cev_87c2144396e2
claim_evidence,S265_CLAIM_EVIDENCE_62229689CC339FEB69B9,cev_e48de7021484
claim_evidence,S265_CLAIM_EVIDENCE_622BA0042FC7821A339D,cev_3786a40a003c
claim_evidence,S265_CLAIM_EVIDENCE_622F03257E344E5DCFB6,cev_e37a83835a6b
claim_evidence,S265_CLAIM_EVIDENCE_623BD5811009B589E9FE,cev_e5857b4a4a29
claim_evidence,S265_CLAIM_EVIDENCE_623C27F075EF7D489EBD,cev_f15dbab8af0d
claim_evidence,S265_CLAIM_EVIDENCE_624607726E72F103325A,cev_68b3babf3621
claim_evidence,S265_CLAIM_EVIDENCE_626958BDF856FB1C6B45,cev_8b7af1470307
claim_evidence,S265_CLAIM_EVIDENCE_62960B7257F4C8C23818,cev_b8bfc5716ae4
claim_evidence,S265_CLAIM_EVIDENCE_6297B05B53AAF5F4F9C5,cev_eea93063cc96
claim_evidence,S265_CLAIM_EVIDENCE_62997F337CF7F296C294,cev_89919f4be46e
claim_evidence,S265_CLAIM_EVIDENCE_62AA727A650467C64C0B,cev_907f15518ed2
claim_evidence,S265_CLAIM_EVIDENCE_62AD60BCD34D2ECE7B6E,cev_1e461b73118c
claim_evidence,S265_CLAIM_EVIDENCE_62C02A3DCF8BF62CA028,cev_959ad0983f05
claim_evidence,S265_CLAIM_EVIDENCE_62C296DE981218B5DD05,cev_cb9f5cadd6e2
claim_evidence,S265_CLAIM_EVIDENCE_62F79DC8B2A5235F2AA4,cev_6df7542d3ea4
claim_evidence,S265_CLAIM_EVIDENCE_62FCA99EB5C9F5B337C1,cev_441481a5c98d
claim_evidence,S265_CLAIM_EVIDENCE_630B25187C6B63CCB841,cev_cd15fde57b62
claim_evidence,S265_CLAIM_EVIDENCE_633150F9AABBF479A5BC,cev_be3535d19141
claim_evidence,S265_CLAIM_EVIDENCE_6338F44F42CC7C491F9F,cev_fb2be217db60
claim_evidence,S265_CLAIM_EVIDENCE_6339417FFAECD64BF440,cev_ad299455a93e
claim_evidence,S265_CLAIM_EVIDENCE_6339C75F11C21E0F186E,cev_e74f1958c32d
claim_evidence,S265_CLAIM_EVIDENCE_633C835325FD2523A76F,cev_1ce3ba674aa2
claim_evidence,S265_CLAIM_EVIDENCE_6346CFF7E8657F8CF173,cev_9450aa77d5c7
claim_evidence,S265_CLAIM_EVIDENCE_634C0D49532B9C27A358,cev_00d49eb57655
claim_evidence,S265_CLAIM_EVIDENCE_6354602E12DC3CB9E133,cev_0e3910a65465
claim_evidence,S265_CLAIM_EVIDENCE_635B1574461D421D0423,cev_33059422821e
claim_evidence,S265_CLAIM_EVIDENCE_635F64BACD29ADD30AB5,cev_10f133fb01d7
claim_evidence,S265_CLAIM_EVIDENCE_63654F671AC513A15E3C,cev_4854d0818fc2
claim_evidence,S265_CLAIM_EVIDENCE_6370682152A4FC11454A,cev_a34a167854a8
claim_evidence,S265_CLAIM_EVIDENCE_6373C9D3E81E1969C43E,cev_0dc3abeb4d52
claim_evidence,S265_CLAIM_EVIDENCE_6376A1E7DA5DD759FBD8,cev_6c854ad4cca7
claim_evidence,S265_CLAIM_EVIDENCE_637BB2F6C06D46BACCC2,cev_aceae341c1ac
claim_evidence,S265_CLAIM_EVIDENCE_63809C180A2561E4CEBF,cev_119f5a69380b
claim_evidence,S265_CLAIM_EVIDENCE_638F6B69E09D6FFD90ED,cev_6c05b9dea7c6
claim_evidence,S265_CLAIM_EVIDENCE_63A5D3696C4EDF4DDC60,cev_d3a516de67eb
claim_evidence,S265_CLAIM_EVIDENCE_63AA292BE4B11404DC1C,cev_0bce20de7f26
claim_evidence,S265_CLAIM_EVIDENCE_63B866A1AE242428410B,cev_de6354129687
claim_evidence,S265_CLAIM_EVIDENCE_63D9B4889C0B012CF639,cev_65f33a3d638d
claim_evidence,S265_CLAIM_EVIDENCE_6404DD8F3C7D95571F98,cev_297979c10b0d
claim_evidence,S265_CLAIM_EVIDENCE_6405F29699F6B97CFB21,cev_16c43f149352
claim_evidence,S265_CLAIM_EVIDENCE_642884D9D118130FE993,cev_b0c27375a379
claim_evidence,S265_CLAIM_EVIDENCE_643242FF14498321B43B,cev_5ea0499d9e14
claim_evidence,S265_CLAIM_EVIDENCE_6449771DE63187B927D1,cev_b38b9a64598d
claim_evidence,S265_CLAIM_EVIDENCE_644A810620BC8A3C274D,cev_5327f334de24
claim_evidence,S265_CLAIM_EVIDENCE_644C7E7C7DDAF2F67004,cev_593514874a55
claim_evidence,S265_CLAIM_EVIDENCE_6459A4BBF3FA8B48CACE,cev_7e5ff71c0077
claim_evidence,S265_CLAIM_EVIDENCE_646D6C9A3094EE398822,cev_feee7865675d
claim_evidence,S265_CLAIM_EVIDENCE_64714954DD7B238E2384,cev_98be70893df1
claim_evidence,S265_CLAIM_EVIDENCE_648010E0A18F709D50E0,cev_6a70e0a90dc4
claim_evidence,S265_CLAIM_EVIDENCE_64937B7A82F966D97B45,cev_2175c66dfd27
claim_evidence,S265_CLAIM_EVIDENCE_649F4C834C01B9F3539B,cev_260d1cfb6c00
claim_evidence,S265_CLAIM_EVIDENCE_64B6BBD4FB7C82D029F0,cev_94ee6e9cbe6b
claim_evidence,S265_CLAIM_EVIDENCE_64BD9E419DD738A5CC68,cev_5fc5df47ff65
claim_evidence,S265_CLAIM_EVIDENCE_64C64C58557F1CA87B4C,cev_92cc0b8db0d8
claim_evidence,S265_CLAIM_EVIDENCE_64FAD96C16214E39BAF5,cev_a66a32587d64
claim_evidence,S265_CLAIM_EVIDENCE_64FC973F67041D112E6C,cev_d0b67911a7f5
claim_evidence,S265_CLAIM_EVIDENCE_652A198B1FEF75912BA1,cev_62d9da559138
claim_evidence,S265_CLAIM_EVIDENCE_652DAB5BAAA9ADEC7BD7,cev_87a239ca379c
claim_evidence,S265_CLAIM_EVIDENCE_6532491F01DFFD6BA913,cev_1e193bc15218
claim_evidence,S265_CLAIM_EVIDENCE_653ED211B4BE3992AD2D,cev_6ff6c516de4c
claim_evidence,S265_CLAIM_EVIDENCE_654AD57603DE4674B2C4,cev_52a8a7ba513c
claim_evidence,S265_CLAIM_EVIDENCE_6556033E93DEDE62A6B6,cev_68c3f3b0cbe5
claim_evidence,S265_CLAIM_EVIDENCE_655892F6351822DBF9CD,cev_44a13110b951
claim_evidence,S265_CLAIM_EVIDENCE_655DEF00F7B83F77117C,cev_9202ad3d5dba
claim_evidence,S265_CLAIM_EVIDENCE_655F19C6392CD492BC17,cev_c78099e41444
claim_evidence,S265_CLAIM_EVIDENCE_655F6127E425A4D461E0,cev_d74614ceb051
claim_evidence,S265_CLAIM_EVIDENCE_6562D30D19FDCBA45792,cev_63942352ef9b
claim_evidence,S265_CLAIM_EVIDENCE_65739228C064A760606C,cev_3c92a1801eea
claim_evidence,S265_CLAIM_EVIDENCE_6587534AE01857346B28,cev_5d5810d21465
claim_evidence,S265_CLAIM_EVIDENCE_658878AD99E3BFDF354D,cev_351524ed1e67
claim_evidence,S265_CLAIM_EVIDENCE_658E6DE29CD85DDD3297,cev_125911cbab3c
claim_evidence,S265_CLAIM_EVIDENCE_6597A382DC7828CADF93,cev_180bc2d53ab9
claim_evidence,S265_CLAIM_EVIDENCE_65F75335BD3799F7164A,cev_35ee97577fbf
claim_evidence,S265_CLAIM_EVIDENCE_6603583522AE1FB9C350,cev_56424bdbd524
claim_evidence,S265_CLAIM_EVIDENCE_661962F8346B6E7B5121,cev_572c619117b8
claim_evidence,S265_CLAIM_EVIDENCE_66207619BCC7A2F16DD6,cev_129f3f5b1dec
claim_evidence,S265_CLAIM_EVIDENCE_662A706D9BD3EC2D4D3D,cev_213c3f3d4b51
claim_evidence,S265_CLAIM_EVIDENCE_663687AC626990AAC6F5,cev_4342451d211c
claim_evidence,S265_CLAIM_EVIDENCE_663AD7819A1E577607F5,cev_82125cab5c0a
claim_evidence,S265_CLAIM_EVIDENCE_663E13960A39AF6E80A9,cev_acd0736caf35
claim_evidence,S265_CLAIM_EVIDENCE_664018E5715ED298A9D9,cev_98d7572dbd77
claim_evidence,S265_CLAIM_EVIDENCE_667A85C84728950BFD59,cev_580e612e29d8
claim_evidence,S265_CLAIM_EVIDENCE_667E162ABD33C4ECC8CC,cev_552b989608ae
claim_evidence,S265_CLAIM_EVIDENCE_6689169BA09198361AA9,cev_31ed4f6e8c27
claim_evidence,S265_CLAIM_EVIDENCE_66A1ECA3FF48BADC2D01,cev_7b336f9626bd
claim_evidence,S265_CLAIM_EVIDENCE_66A5AC297C97B96F29C8,cev_14a69bc59bc0
claim_evidence,S265_CLAIM_EVIDENCE_66AE250E6D76368BF920,cev_eab93959cb69
claim_evidence,S265_CLAIM_EVIDENCE_66C3F10F8EF174F9D3C7,cev_7a681ddf3e94
claim_evidence,S265_CLAIM_EVIDENCE_66D3F911A48284E220D5,cev_86724ad2d0b5
claim_evidence,S265_CLAIM_EVIDENCE_66F9D367F535EFF9E90E,cev_4d322cca0c23
claim_evidence,S265_CLAIM_EVIDENCE_671D18F6F8A229E372A8,cev_136976845023
claim_evidence,S265_CLAIM_EVIDENCE_673EEC9F88669E6F21CE,cev_43e5711fe855
claim_evidence,S265_CLAIM_EVIDENCE_674FDB163B1120F87BDF,cev_f10a60c8c26a
claim_evidence,S265_CLAIM_EVIDENCE_67525F1688B907D0FDF8,cev_982468b426e7
claim_evidence,S265_CLAIM_EVIDENCE_6754C024EA0863757948,cev_1b21c3b317ee
claim_evidence,S265_CLAIM_EVIDENCE_676B3FB70D222AED535E,cev_a7a5444f3d55
claim_evidence,S265_CLAIM_EVIDENCE_677579B6065C0DA34149,cev_d4883dda3d5a
claim_evidence,S265_CLAIM_EVIDENCE_677CC6D3C10947B2B9F3,cev_7f820fb2e478
claim_evidence,S265_CLAIM_EVIDENCE_678135F95BAF058B4CB3,cev_f0187fc22614
claim_evidence,S265_CLAIM_EVIDENCE_67B301BDBFCDF76E8BCA,cev_75023857b0c9
claim_evidence,S265_CLAIM_EVIDENCE_67B34F195F2CFB168FD8,cev_a57574e64da2
claim_evidence,S265_CLAIM_EVIDENCE_67BC8443E2703961AC21,cev_5eb6ee423608
claim_evidence,S265_CLAIM_EVIDENCE_67C44647A9ED4DB8B8CF,cev_6a7bb1aa0b98
claim_evidence,S265_CLAIM_EVIDENCE_67C6DC6A6D08F7100D15,cev_a64c02e98964
claim_evidence,S265_CLAIM_EVIDENCE_67CB99B7472AE71FD241,cev_1c3af794f8a9
claim_evidence,S265_CLAIM_EVIDENCE_67E2055F753ECE9CF653,cev_402e852f68b9
claim_evidence,S265_CLAIM_EVIDENCE_67EABB997FB157481F43,cev_2c374b7693bc
claim_evidence,S265_CLAIM_EVIDENCE_67F4BA45379D7639DFA7,cev_a49cb8b1785b
claim_evidence,S265_CLAIM_EVIDENCE_67FD9DFEA446F0C337A1,cev_1c86957acd85
claim_evidence,S265_CLAIM_EVIDENCE_680CD2F96D43A61EECA8,cev_a15c854cc50d
claim_evidence,S265_CLAIM_EVIDENCE_68132B3D0A0CCB20E96D,cev_f3f8d15c7240
claim_evidence,S265_CLAIM_EVIDENCE_6813B7C0EC772D615CD7,cev_84de4b7209f7
claim_evidence,S265_CLAIM_EVIDENCE_68169E5F075D160E4F8D,cev_dba49030d4de
claim_evidence,S265_CLAIM_EVIDENCE_6831D43533F4DA72D971,cev_1f71513f713a
claim_evidence,S265_CLAIM_EVIDENCE_684B40D97943429EB1A5,cev_fb8a1238759d
claim_evidence,S265_CLAIM_EVIDENCE_68547262CA55F3824DDE,cev_0d63e6b0a6c1
claim_evidence,S265_CLAIM_EVIDENCE_6859AC2C0BE2A8973398,cev_20b63e9b4f12
claim_evidence,S265_CLAIM_EVIDENCE_6863E973079A133C35D3,cev_bcbb9065f3d3
claim_evidence,S265_CLAIM_EVIDENCE_6869E4CA1818AEC961B9,cev_e8451cc40bb4
claim_evidence,S265_CLAIM_EVIDENCE_6871F4087F7C0487C4D5,cev_be8a4fa6d5fd
claim_evidence,S265_CLAIM_EVIDENCE_687473A171DD8E8749E9,cev_59c0773046f0
claim_evidence,S265_CLAIM_EVIDENCE_68773040F369BD387BF2,cev_c660a1c3069f
claim_evidence,S265_CLAIM_EVIDENCE_6877B3FC8C6B24AA50E0,cev_1f7c2aa4290a
claim_evidence,S265_CLAIM_EVIDENCE_6895BCE9CF05A9410E0D,cev_dcea2ef1b99d
claim_evidence,S265_CLAIM_EVIDENCE_689E72BFE618A3FF5E32,cev_40fcec6e9520
claim_evidence,S265_CLAIM_EVIDENCE_68A6A5629B2FEB9045B3,cev_457c48d97093
claim_evidence,S265_CLAIM_EVIDENCE_68B097D526FBFC234F52,cev_203129af9862
claim_evidence,S265_CLAIM_EVIDENCE_68B1484BD5EF80822CF6,cev_21d8f0156af6
claim_evidence,S265_CLAIM_EVIDENCE_68BD179AD30610199102,cev_e3da817e28f5
claim_evidence,S265_CLAIM_EVIDENCE_68BD685F0FDE6E1236BD,cev_39bc99d8aa66
claim_evidence,S265_CLAIM_EVIDENCE_68BF7BBA7BACDA9DEF81,cev_dd275f1a0742
claim_evidence,S265_CLAIM_EVIDENCE_68C28DFA2682AB6FC369,cev_b28f1daf5ebe
claim_evidence,S265_CLAIM_EVIDENCE_68CB43D17D6E209D409A,cev_928cc09bcede
claim_evidence,S265_CLAIM_EVIDENCE_68CCC10793D8CAB102F5,cev_6ebbfb574bda
claim_evidence,S265_CLAIM_EVIDENCE_68D4E3EAAEC27F0DC8B6,cev_18b2ac901ddb
claim_evidence,S265_CLAIM_EVIDENCE_68DA315854F49FBA4C7A,cev_ce8085c9db1d
claim_evidence,S265_CLAIM_EVIDENCE_68E12397EB642D74806A,cev_a066cb9ef927
claim_evidence,S265_CLAIM_EVIDENCE_68E1F652F7AFB2387768,cev_c7d8fd3b1aa0
claim_evidence,S265_CLAIM_EVIDENCE_68F60A928B7B46350539,cev_f842023f4960
claim_evidence,S265_CLAIM_EVIDENCE_6905189491FAFC277AD6,cev_fbb7d4c3a20e
claim_evidence,S265_CLAIM_EVIDENCE_6908F2BC16C7CE8AAF5A,cev_af2227dcc409
claim_evidence,S265_CLAIM_EVIDENCE_690E61493B7593A6FD14,cev_c76499c76b35
claim_evidence,S265_CLAIM_EVIDENCE_691A7F66C860E8A6581D,cev_0d28ce11e83a
claim_evidence,S265_CLAIM_EVIDENCE_691AC8F640603848DFE9,cev_45134d2a078d
claim_evidence,S265_CLAIM_EVIDENCE_691B663DCEC02F176357,cev_dec2a351e359
claim_evidence,S265_CLAIM_EVIDENCE_691F5ABF0CAFCE6EC9DB,cev_7f55b94c67bf
claim_evidence,S265_CLAIM_EVIDENCE_6929949D58FF7A1C0AA1,cev_559fc7c2dabb
claim_evidence,S265_CLAIM_EVIDENCE_692B7ECEF721C911C634,cev_dd3f42c531d8
claim_evidence,S265_CLAIM_EVIDENCE_6936071D5FF08172E863,cev_90e28227378e
claim_evidence,S265_CLAIM_EVIDENCE_69427F69E2E42D59D405,cev_94816fdbcfcc
claim_evidence,S265_CLAIM_EVIDENCE_6955D912D87AE5A00F51,cev_343eaae92e00
claim_evidence,S265_CLAIM_EVIDENCE_69811AB9B208BF62640F,cev_11bc47103436
claim_evidence,S265_CLAIM_EVIDENCE_6991E634A0E03C401954,cev_0ae981e455cd
claim_evidence,S265_CLAIM_EVIDENCE_69995404BC1CB79A62EF,cev_a0648d335c8d
claim_evidence,S265_CLAIM_EVIDENCE_699DFF9FA451E51FDC29,cev_33f59902cea8
claim_evidence,S265_CLAIM_EVIDENCE_69AAEB62C5A3EDA2CE1A,cev_b51d439451ac
claim_evidence,S265_CLAIM_EVIDENCE_69B49895F0A8DD493CF3,cev_8947e1e02d69
claim_evidence,S265_CLAIM_EVIDENCE_69F954D3EBBE9B6234A5,cev_ad7a552765ac
claim_evidence,S265_CLAIM_EVIDENCE_6A060C966299B7DCB602,cev_7a89a82cacea
claim_evidence,S265_CLAIM_EVIDENCE_6A098F7C4A70DB66486E,cev_0c1bc0a4d7cd
claim_evidence,S265_CLAIM_EVIDENCE_6A23038EB253634C1DB1,cev_0682fbfe2c1f
claim_evidence,S265_CLAIM_EVIDENCE_6A2D3666796C87D819CE,cev_c4d58b2dd14d
claim_evidence,S265_CLAIM_EVIDENCE_6A417D4A3DC810D17A3B,cev_c8890538dc36
claim_evidence,S265_CLAIM_EVIDENCE_6A515D88D21423935291,cev_f9f966e7dcfa
claim_evidence,S265_CLAIM_EVIDENCE_6A626C39183B01897C1E,cev_c048fb58dbe3
claim_evidence,S265_CLAIM_EVIDENCE_6A7283999D8099BD510C,cev_b86cf070956f
claim_evidence,S265_CLAIM_EVIDENCE_6A8F76D41EE54616685A,cev_9993e1822074
claim_evidence,S265_CLAIM_EVIDENCE_6ABD90F8F53766917F19,cev_0d8d377b733e
claim_evidence,S265_CLAIM_EVIDENCE_6AC18366E6A659AC1062,cev_65bb495b1d9e
claim_evidence,S265_CLAIM_EVIDENCE_6AC7A2B5F0F9572DAA43,cev_8fe1a233bd67
claim_evidence,S265_CLAIM_EVIDENCE_6AD1E4C9A7554A326D32,cev_26bec73ad84e
claim_evidence,S265_CLAIM_EVIDENCE_6AD2DE80F6A603D27BB5,cev_a4361a4feeea
claim_evidence,S265_CLAIM_EVIDENCE_6ADFA85F9C310A566EB5,cev_244e740329c7
claim_evidence,S265_CLAIM_EVIDENCE_6AE8686C0CF3E66A716C,cev_241964b5faee
claim_evidence,S265_CLAIM_EVIDENCE_6B1B2BE83F32ECC39978,cev_666060354ea7
claim_evidence,S265_CLAIM_EVIDENCE_6B2BA06BA34A8FA0C906,cev_b006688a9aa7
claim_evidence,S265_CLAIM_EVIDENCE_6B47FAF7B48C91F2DB8D,cev_58c3d3a45b9b
claim_evidence,S265_CLAIM_EVIDENCE_6B5E88E454E64EC5D5B3,cev_e3cc760b67c4
claim_evidence,S265_CLAIM_EVIDENCE_6BA2679C99F585DF6FF9,cev_6decb1442f6d
claim_evidence,S265_CLAIM_EVIDENCE_6BB1A7CD910CF5042F52,cev_2fd10bfc2039
claim_evidence,S265_CLAIM_EVIDENCE_6BBC6778FC3DDA5B8800,cev_19ab924b0ebb
claim_evidence,S265_CLAIM_EVIDENCE_6BD03ED83C1EDE9F7CA8,cev_a174c5c83ad2
claim_evidence,S265_CLAIM_EVIDENCE_6BD9D41ED68A24FD7EEF,cev_a9cafee7dd5b
claim_evidence,S265_CLAIM_EVIDENCE_6BE20B0106832F716E55,cev_5fece9dd96b6
claim_evidence,S265_CLAIM_EVIDENCE_6C0B9609B839474C322E,cev_e530a14f1a21
claim_evidence,S265_CLAIM_EVIDENCE_6C0C9D352EB2FD6829B0,cev_6523ef1ff2f8
claim_evidence,S265_CLAIM_EVIDENCE_6C0E7FABF0651C610B49,cev_66da8aca5bc3
claim_evidence,S265_CLAIM_EVIDENCE_6C0FF98FED233802484C,cev_002b9ba13f66
claim_evidence,S265_CLAIM_EVIDENCE_6C1766FC47628EB58005,cev_dcd7cfedb1b4
claim_evidence,S265_CLAIM_EVIDENCE_6C27D8B32B5C3D99FB39,cev_7cd5dd0f0ed3
claim_evidence,S265_CLAIM_EVIDENCE_6C2AA5AD196A8CAB627C,cev_838288bf55c6
claim_evidence,S265_CLAIM_EVIDENCE_6C42C14397986A2F45A7,cev_925cef0505c5
claim_evidence,S265_CLAIM_EVIDENCE_6C463473725058F0C018,cev_52212efad1dc
claim_evidence,S265_CLAIM_EVIDENCE_6C492303049C527C3D48,cev_3ca50869a0ba
claim_evidence,S265_CLAIM_EVIDENCE_6C4B6ED1CB24A3E5B95A,cev_1c3a8440d12d
claim_evidence,S265_CLAIM_EVIDENCE_6C7AC1E89ED0706CD451,cev_a8ac6d16d5e5
claim_evidence,S265_CLAIM_EVIDENCE_6C920057234D00117F84,cev_e95ffc1a3c87
claim_evidence,S265_CLAIM_EVIDENCE_6C9C6CEA6E2FEDFD76C2,cev_01bfa11f30df
claim_evidence,S265_CLAIM_EVIDENCE_6CA14BA0B712CE3A04B5,cev_3e3fe1c823e1
claim_evidence,S265_CLAIM_EVIDENCE_6CB46B153FA0FE4B32E2,cev_5a724e4aa111
claim_evidence,S265_CLAIM_EVIDENCE_6CDD28F050709358E39E,cev_19718b97313e
claim_evidence,S265_CLAIM_EVIDENCE_6CE1FAAD798D73590D56,cev_67ea5d15547d
claim_evidence,S265_CLAIM_EVIDENCE_6CECF3BA51DB46B4A6CB,cev_e8d2c4fb9808
claim_evidence,S265_CLAIM_EVIDENCE_6CF0CA25E049814C8C68,cev_c4711bbe651e
claim_evidence,S265_CLAIM_EVIDENCE_6CF251A864E19F44D41D,cev_681ffb314cf1
claim_evidence,S265_CLAIM_EVIDENCE_6D02D093B9885074E8AC,cev_13068821b595
claim_evidence,S265_CLAIM_EVIDENCE_6D02E26CE2A9E62EA71E,cev_40c49755f42b
claim_evidence,S265_CLAIM_EVIDENCE_6D0A0A18CE5266C4521E,cev_cb898623d019
claim_evidence,S265_CLAIM_EVIDENCE_6D0D9F929B67B39BA180,cev_bc304ac1c37a
claim_evidence,S265_CLAIM_EVIDENCE_6D10DA58DC82A6BFDE8B,cev_9061eb78ee56
claim_evidence,S265_CLAIM_EVIDENCE_6D136E339D869CAE517C,cev_698dda3fc92a
claim_evidence,S265_CLAIM_EVIDENCE_6D164A841778DD110D9C,cev_dd2e663bfb25
claim_evidence,S265_CLAIM_EVIDENCE_6D16B277574028BF8151,cev_e561a1b96742
claim_evidence,S265_CLAIM_EVIDENCE_6D21D0C49EED65D245F7,cev_d58cce1edef4
claim_evidence,S265_CLAIM_EVIDENCE_6D28E86AAE0AF74DAB19,cev_c7c5eab831ca
claim_evidence,S265_CLAIM_EVIDENCE_6D32CB0B079EFAB66FC2,cev_a2406c003e7a
claim_evidence,S265_CLAIM_EVIDENCE_6D42A4D239A9A15DA2C3,cev_9f74f9748c41
claim_evidence,S265_CLAIM_EVIDENCE_6D547EE8F6EF130646A4,cev_9d501211e542
claim_evidence,S265_CLAIM_EVIDENCE_6D5E36C2A5A5DF79534B,cev_876a80623f7f
claim_evidence,S265_CLAIM_EVIDENCE_6D6522E94CF132BC8605,cev_45d1d3501fa0
claim_evidence,S265_CLAIM_EVIDENCE_6D6A899BC52D5FDB96E6,cev_bfdc249e5afe
claim_evidence,S265_CLAIM_EVIDENCE_6D82B3CBB27785FC0BDA,cev_11e4221621d8
claim_evidence,S265_CLAIM_EVIDENCE_6D859F9E5A19F6BB7EF8,cev_f77d3c2c2f70
claim_evidence,S265_CLAIM_EVIDENCE_6D8F6B1EC0AFCD22A482,cev_7f95acc455a1
claim_evidence,S265_CLAIM_EVIDENCE_6D9A8426AE90734EFE1A,cev_faea322a37d7
claim_evidence,S265_CLAIM_EVIDENCE_6D9FF8E3D85F842C52C1,cev_7f497af7de52
claim_evidence,S265_CLAIM_EVIDENCE_6DD22886F4535A0A72EE,cev_628b3d004249
claim_evidence,S265_CLAIM_EVIDENCE_6DE2BD2F13CBAC499CF2,cev_366c3f348d57
claim_evidence,S265_CLAIM_EVIDENCE_6DF98753C7A909148930,cev_e7dc51f29047
claim_evidence,S265_CLAIM_EVIDENCE_6DFD2132E97AC5496BB2,cev_4d5e615e4a37
claim_evidence,S265_CLAIM_EVIDENCE_6DFEC4698C868324BF91,cev_c21c3fbb6a1d
claim_evidence,S265_CLAIM_EVIDENCE_6E15A743509659DCD52F,cev_83273b89085c
claim_evidence,S265_CLAIM_EVIDENCE_6E19A6D3B9276B1C822C,cev_507763a5ee12
claim_evidence,S265_CLAIM_EVIDENCE_6E2638F361769C2C9165,cev_32fc66e5d7ee
claim_evidence,S265_CLAIM_EVIDENCE_6E363CEAF91A43541881,cev_df7bda4873bf
claim_evidence,S265_CLAIM_EVIDENCE_6E4A38CE7A06608D01AA,cev_63eb90edd7c1
claim_evidence,S265_CLAIM_EVIDENCE_6E808265E47BEFCABE0B,cev_dea4bd20b039
claim_evidence,S265_CLAIM_EVIDENCE_6E82BA857B41A8C9EE09,cev_f332e362a8b4
claim_evidence,S265_CLAIM_EVIDENCE_6E8711D8E3615467974F,cev_8228eeaf52bf
claim_evidence,S265_CLAIM_EVIDENCE_6E955EB4E43A0510EABC,cev_5ef7e688aeb1
claim_evidence,S265_CLAIM_EVIDENCE_6E9675B4A49CD7A50768,cev_acb5c37c3042
claim_evidence,S265_CLAIM_EVIDENCE_6EC1AFCD5E5ADA3C692B,cev_2a147a38a280
claim_evidence,S265_CLAIM_EVIDENCE_6EE79DA39F1F26207DD0,cev_ff69803ad229
claim_evidence,S265_CLAIM_EVIDENCE_6EE8D8040C7BD426BF24,cev_b7ce05bc6a03
claim_evidence,S265_CLAIM_EVIDENCE_6EEDC0CDD004EFF0A486,cev_922a945329ad
claim_evidence,S265_CLAIM_EVIDENCE_6EEE973676270C11CE7D,cev_133bc9cd0c7d
claim_evidence,S265_CLAIM_EVIDENCE_6EF1C7E43585D9BDE898,cev_150d46f05098
claim_evidence,S265_CLAIM_EVIDENCE_6F1D281D19B67FB54365,cev_08d45934d73c
claim_evidence,S265_CLAIM_EVIDENCE_6F227441FD23992F6DFC,cev_b08e7d63004b
claim_evidence,S265_CLAIM_EVIDENCE_6F25214A8D76503A41FD,cev_1070abcb3024
claim_evidence,S265_CLAIM_EVIDENCE_6F2C70B37C07A00F6EBB,cev_e0a857d391ff
claim_evidence,S265_CLAIM_EVIDENCE_6F3FD13626A330495649,cev_52a6197bf27c
claim_evidence,S265_CLAIM_EVIDENCE_6F4332199FB11137E91E,cev_4683c5d9c76e
claim_evidence,S265_CLAIM_EVIDENCE_6F4EF772C0BE38EE1B15,cev_92d4d0d2db4e
claim_evidence,S265_CLAIM_EVIDENCE_6F7AEFF7AA48DAD4FBE4,cev_61106ffa9a41
claim_evidence,S265_CLAIM_EVIDENCE_6F83D2B45D141FA64E44,cev_96f54c157a45
claim_evidence,S265_CLAIM_EVIDENCE_6F8EDAA5B72CB2C3FC06,cev_b5daef8fb6ce
claim_evidence,S265_CLAIM_EVIDENCE_6FAF051424A54FAE2E21,cev_7c09fe7e163f
claim_evidence,S265_CLAIM_EVIDENCE_6FB33C5752782C78F2DC,cev_6987850608aa
claim_evidence,S265_CLAIM_EVIDENCE_6FC53845B4781A9BB3F7,cev_9f19ef648cd0
claim_evidence,S265_CLAIM_EVIDENCE_6FCCE833FB82CFE37569,cev_4c6677b7dc75
claim_evidence,S265_CLAIM_EVIDENCE_6FD6C66784A60861984E,cev_2496e701e808
claim_evidence,S265_CLAIM_EVIDENCE_700663E265B2E57193B6,cev_9c6c2487d8d3
claim_evidence,S265_CLAIM_EVIDENCE_70127F2767AAC1CA132C,cev_60b786202003
claim_evidence,S265_CLAIM_EVIDENCE_701953A3BBFD51F37D9F,cev_904cc68a7445
claim_evidence,S265_CLAIM_EVIDENCE_702619755E92B556CDEA,cev_e88523ce14a4
claim_evidence,S265_CLAIM_EVIDENCE_702836CD107A900C2FB5,cev_51e235791df1
claim_evidence,S265_CLAIM_EVIDENCE_7035F7AA3DE33ECEE55F,cev_c7d207702af9
claim_evidence,S265_CLAIM_EVIDENCE_703721FC9396E3FC19DA,cev_a9d2d456a9d5
claim_evidence,S265_CLAIM_EVIDENCE_705B7EE099CF1F7CFD0F,cev_4d11be402258
claim_evidence,S265_CLAIM_EVIDENCE_706168B1A1B8EC8DB582,cev_b3df3ab17b8d
claim_evidence,S265_CLAIM_EVIDENCE_708348E503DC2945EEB7,cev_1d023b8084de
claim_evidence,S265_CLAIM_EVIDENCE_70863770DC075B0672BE,cev_9875ee856816
claim_evidence,S265_CLAIM_EVIDENCE_708E732F9332B14E3BFD,cev_de5387b474c0
claim_evidence,S265_CLAIM_EVIDENCE_7093700CAFA26A6A695C,cev_e86e53b67ae6
claim_evidence,S265_CLAIM_EVIDENCE_7095C798463F14B7548D,cev_ba9dd5ff7caa
claim_evidence,S265_CLAIM_EVIDENCE_709832919BB471B79C4E,cev_11ea53c8440b
claim_evidence,S265_CLAIM_EVIDENCE_709A5DC1BDB789EFCA23,cev_7f49f31d9d97
claim_evidence,S265_CLAIM_EVIDENCE_70B16A6D604B71EEAF2B,cev_db5266b712a8
claim_evidence,S265_CLAIM_EVIDENCE_70BA62A6F05802F8B088,cev_c92ae914e773
claim_evidence,S265_CLAIM_EVIDENCE_70CC1AC4826A34F625DA,cev_d0662e47eaa9
claim_evidence,S265_CLAIM_EVIDENCE_70CFCCD3632C8A4F3592,cev_0a219601d76f
claim_evidence,S265_CLAIM_EVIDENCE_70D5F00E8CF9E099781F,cev_1ced84c142b0
claim_evidence,S265_CLAIM_EVIDENCE_70F3C1F34023CB53AC39,cev_27b64e7a9037
claim_evidence,S265_CLAIM_EVIDENCE_70F64A5F16B108BDC121,cev_7e5db619c473
claim_evidence,S265_CLAIM_EVIDENCE_7108683FC6B47CA80BF8,cev_54260d369e0a
claim_evidence,S265_CLAIM_EVIDENCE_711224BB52092ED4F134,cev_15e2a7a669ff
claim_evidence,S265_CLAIM_EVIDENCE_711DF995E2B339ABBFF5,cev_b51758a9e0d0
claim_evidence,S265_CLAIM_EVIDENCE_711FAB0439D478D2683A,cev_0eb8894db8ce
claim_evidence,S265_CLAIM_EVIDENCE_71231721154E6C74FD83,cev_fcd98d26df2a
claim_evidence,S265_CLAIM_EVIDENCE_712CAD885AFC74CB722B,cev_12b6bd435835
claim_evidence,S265_CLAIM_EVIDENCE_714A0FA970FFB823DE66,cev_6e7d0f258b91
claim_evidence,S265_CLAIM_EVIDENCE_71614247430A432C0641,cev_5d23763ed05c
claim_evidence,S265_CLAIM_EVIDENCE_716E0E9F77D3A5A38191,cev_813eca183c41
claim_evidence,S265_CLAIM_EVIDENCE_7170A455BE86B77A3F6E,cev_b86a28f5649a
claim_evidence,S265_CLAIM_EVIDENCE_7177BC956A0D700A8199,cev_a241a4f8d0e3
claim_evidence,S265_CLAIM_EVIDENCE_71811038F745CC91BABF,cev_fe153bf23c1b
claim_evidence,S265_CLAIM_EVIDENCE_7199FE8AD0F97BDAA55E,cev_5969a4f0f827
claim_evidence,S265_CLAIM_EVIDENCE_719C413D4830A0443E31,cev_9808b0455a39
claim_evidence,S265_CLAIM_EVIDENCE_71B39C29094A4F7402EF,cev_943ceaae038a
claim_evidence,S265_CLAIM_EVIDENCE_71C985E0A52EF6242C85,cev_d1f72eaf2a76
claim_evidence,S265_CLAIM_EVIDENCE_71CF5A14A22D35A22F5A,cev_537f08190d4c
claim_evidence,S265_CLAIM_EVIDENCE_720D3859BDE13D1EF801,cev_e05dd03fc873
claim_evidence,S265_CLAIM_EVIDENCE_722561A30156312AFDA2,cev_817a75c882c4
claim_evidence,S265_CLAIM_EVIDENCE_722AE98CC1CB95392DAE,cev_105ece7435f3
claim_evidence,S265_CLAIM_EVIDENCE_7232DE6FB7E5B756CA51,cev_8037bb3218d1
claim_evidence,S265_CLAIM_EVIDENCE_723CB80BEF0508072211,cev_d3289180d0dc
claim_evidence,S265_CLAIM_EVIDENCE_7248CF48136F63DCC6EB,cev_d926c98d1cd0
claim_evidence,S265_CLAIM_EVIDENCE_728EF2A20B24AA2B8751,cev_e545169e3c22
claim_evidence,S265_CLAIM_EVIDENCE_7293089EEDE11DC29E2F,cev_f9c25db02f05
claim_evidence,S265_CLAIM_EVIDENCE_72C07A675DE0E1262476,cev_1af13633f9fb
claim_evidence,S265_CLAIM_EVIDENCE_72CDAE242A27D895E990,cev_b74e0d6d4a17
claim_evidence,S265_CLAIM_EVIDENCE_72D21E8E566096ED8A8F,cev_aacafdbee384
claim_evidence,S265_CLAIM_EVIDENCE_72D43C1D5C9442284DAC,cev_fb9e0ea27e8b
claim_evidence,S265_CLAIM_EVIDENCE_72D9183F4EFC4EAF78F0,cev_4868f60cb345
claim_evidence,S265_CLAIM_EVIDENCE_72FEE40E1CBD214F5257,cev_2ec77129b086
claim_evidence,S265_CLAIM_EVIDENCE_730C0383030BDD4A62B0,cev_304217c7ca28
claim_evidence,S265_CLAIM_EVIDENCE_7337585EE557789A26B0,cev_0fe9367a2a79
claim_evidence,S265_CLAIM_EVIDENCE_733B3ADFC5CF3CABEB5E,cev_3104c670c752
claim_evidence,S265_CLAIM_EVIDENCE_7346788B2CDC506DD9DA,cev_4022cbc05ad9
claim_evidence,S265_CLAIM_EVIDENCE_734E20CF909DDFF08858,cev_39d875c375e0
claim_evidence,S265_CLAIM_EVIDENCE_7358FE4F80DD9F21ACFE,cev_c18104dd9467
claim_evidence,S265_CLAIM_EVIDENCE_736DFFE3E43AC648190E,cev_861a6ec66855
claim_evidence,S265_CLAIM_EVIDENCE_739A57B6104C70D4CB60,cev_ad545410b077
claim_evidence,S265_CLAIM_EVIDENCE_739F3999C05D67617E59,cev_6e3f4d3bdaae
claim_evidence,S265_CLAIM_EVIDENCE_739F5B62E086CAA4A0EE,cev_5cf6304b844f
claim_evidence,S265_CLAIM_EVIDENCE_73A10536FD49F721E7A2,cev_9499aed4a8ea
claim_evidence,S265_CLAIM_EVIDENCE_73A658C3C9AE664AA3B1,cev_9775222eb892
claim_evidence,S265_CLAIM_EVIDENCE_73EEE7E1E8670CBF14AF,cev_0f8ebec58237
claim_evidence,S265_CLAIM_EVIDENCE_73F9D637F097CDBEC5B3,cev_1d318d07a44c
claim_evidence,S265_CLAIM_EVIDENCE_73F9F682EEF6B421A7EB,cev_a4f4c9d990f1
claim_evidence,S265_CLAIM_EVIDENCE_73FB3E641B05052D056D,cev_677826dbd573
claim_evidence,S265_CLAIM_EVIDENCE_740D40470C98C792D029,cev_27cd27ecab39
claim_evidence,S265_CLAIM_EVIDENCE_741670D339DBA4F65B53,cev_a40ba009f2f2
claim_evidence,S265_CLAIM_EVIDENCE_743068B7AEDA4E2B847A,cev_b9d455eaccaf
claim_evidence,S265_CLAIM_EVIDENCE_7459398AD3EF82757630,cev_7ee2e8ce790d
claim_evidence,S265_CLAIM_EVIDENCE_7486E6C4AF74ED872578,cev_53d95450be03
claim_evidence,S265_CLAIM_EVIDENCE_74A3339AD0D6E8BBF2B6,cev_de5efb0b5caa
claim_evidence,S265_CLAIM_EVIDENCE_74A7AB1E2F7A38A34441,cev_df1be18c91e1
claim_evidence,S265_CLAIM_EVIDENCE_74AEDEFE27357A38E308,cev_00a474678173
claim_evidence,S265_CLAIM_EVIDENCE_74BC997CF15F1D93BE42,cev_6ec6092d5431
claim_evidence,S265_CLAIM_EVIDENCE_74C2E733FE84695BFB2F,cev_d031a9408a54
claim_evidence,S265_CLAIM_EVIDENCE_74D66E5A326D9AF550A1,cev_3e5942041a7c
claim_evidence,S265_CLAIM_EVIDENCE_74D8D0CE96C3BF8F5111,cev_72c054897d60
claim_evidence,S265_CLAIM_EVIDENCE_74E2B3C1A791B301418C,cev_26d5ed982327
claim_evidence,S265_CLAIM_EVIDENCE_74ED8A5FB71DBA8EA1CF,cev_1b6c39c6a204
claim_evidence,S265_CLAIM_EVIDENCE_750BA9B0B6C72C491895,cev_ea0b1338a18e
claim_evidence,S265_CLAIM_EVIDENCE_751208046AB5F59094F0,cev_712818369279
claim_evidence,S265_CLAIM_EVIDENCE_7515A1B5B4651893261D,cev_0c6ffacb1c36
claim_evidence,S265_CLAIM_EVIDENCE_7517DA3303643090D624,cev_9dec580838c7
claim_evidence,S265_CLAIM_EVIDENCE_751841A780EA162519C1,cev_fcb30927ccde
claim_evidence,S265_CLAIM_EVIDENCE_753A08E64A03FE681778,cev_62b13d7d0503
claim_evidence,S265_CLAIM_EVIDENCE_7560EC72C2BA965EFD1E,cev_4226ee7ca6a1
claim_evidence,S265_CLAIM_EVIDENCE_7563E7A0F5C7776E7B3E,cev_44e146673f5e
claim_evidence,S265_CLAIM_EVIDENCE_7569AB9FE736C8F36772,cev_ebccf665857a
claim_evidence,S265_CLAIM_EVIDENCE_757588D4651A20DB2CD2,cev_55367d3a6970
claim_evidence,S265_CLAIM_EVIDENCE_757C95330D863206B689,cev_74e0dbdf6ecd
claim_evidence,S265_CLAIM_EVIDENCE_758449CA8056C02228D9,cev_64a3889bbb1b
claim_evidence,S265_CLAIM_EVIDENCE_75872F3E3E32328513DF,cev_98789a28ba96
claim_evidence,S265_CLAIM_EVIDENCE_75888E535D4BDA7D43C0,cev_1b40fed08d81
claim_evidence,S265_CLAIM_EVIDENCE_759309B7AE61264286F3,cev_c0cf6536e8fd
claim_evidence,S265_CLAIM_EVIDENCE_75965172759CD92785BD,cev_6c83464537c2
claim_evidence,S265_CLAIM_EVIDENCE_759952D0C43A31A22092,cev_8c23035e2da3
claim_evidence,S265_CLAIM_EVIDENCE_75A046AE050F1E73FC78,cev_3093a5c2980b
claim_evidence,S265_CLAIM_EVIDENCE_75A39070B43E3975BFE3,cev_9c05055c9eac
claim_evidence,S265_CLAIM_EVIDENCE_75BA1B09086AAA06B95B,cev_70d593e46b69
claim_evidence,S265_CLAIM_EVIDENCE_75C0FBAD2A26AFF4EAF3,cev_f0fb72c6d775
claim_evidence,S265_CLAIM_EVIDENCE_75CDCA9CD0CDE527F0B7,cev_3d8e067ec6f8
claim_evidence,S265_CLAIM_EVIDENCE_75D6ADF6A785114B605C,cev_a2f8c0806905
claim_evidence,S265_CLAIM_EVIDENCE_75EEAAD10A498E72CD00,cev_5197407b40c7
claim_evidence,S265_CLAIM_EVIDENCE_75F3620B35942554B799,cev_a000d6330ab2
claim_evidence,S265_CLAIM_EVIDENCE_75F652ECE594AA7E00FD,cev_8fc4044a16f9
claim_evidence,S265_CLAIM_EVIDENCE_76008FB12BEC583CF6E8,cev_7d2303463da7
claim_evidence,S265_CLAIM_EVIDENCE_76271C763EAA88E1DCF2,cev_87e9c2d721b5
claim_evidence,S265_CLAIM_EVIDENCE_7627583001889C463F42,cev_09cb69941f61
claim_evidence,S265_CLAIM_EVIDENCE_764E509DF19D1226CA8F,cev_cd822a162a93
claim_evidence,S265_CLAIM_EVIDENCE_765377755E642C0346A1,cev_9bfa71d8d6da
claim_evidence,S265_CLAIM_EVIDENCE_765DA95B9A76E5A0E02D,cev_401a8cf0ec64
claim_evidence,S265_CLAIM_EVIDENCE_7672ED1BA11A355665ED,cev_c7ac62a61771
claim_evidence,S265_CLAIM_EVIDENCE_76C7C627E9404A736A2F,cev_f95b453d54c9
claim_evidence,S265_CLAIM_EVIDENCE_76E4BF8777F6E333BF79,cev_ba53ae4ee445
claim_evidence,S265_CLAIM_EVIDENCE_76E9671150E2A5BDD075,cev_9b0807cb3365
claim_evidence,S265_CLAIM_EVIDENCE_76FE9B8313023E69874B,cev_6454c6bc909a
claim_evidence,S265_CLAIM_EVIDENCE_7715348E09BA4A7466E5,cev_5574659d76fd
claim_evidence,S265_CLAIM_EVIDENCE_7725181538E7655F69FB,cev_9ad1a67bc254
claim_evidence,S265_CLAIM_EVIDENCE_776304723436DB3F50C7,cev_909900be6e26
claim_evidence,S265_CLAIM_EVIDENCE_777582266D4655339AD6,cev_edad3ec93b68
claim_evidence,S265_CLAIM_EVIDENCE_777FF48AECAAA46F2054,cev_7ad2659e176c
claim_evidence,S265_CLAIM_EVIDENCE_77892EF31C3AB31693D8,cev_7ba4991c3149
claim_evidence,S265_CLAIM_EVIDENCE_77920E878202E1B0F66C,cev_01a641e26b7a
claim_evidence,S265_CLAIM_EVIDENCE_77A81CC1B66EF50945A6,cev_d1e6f22809e9
claim_evidence,S265_CLAIM_EVIDENCE_77D44CCC0911C0F8111F,cev_b65b9d4b8367
claim_evidence,S265_CLAIM_EVIDENCE_77DEF8B2B3A3A0854021,cev_72ad429de4f1
claim_evidence,S265_CLAIM_EVIDENCE_77DF386C9EEBE25023A7,cev_1a76e5b3b6c0
claim_evidence,S265_CLAIM_EVIDENCE_77E23A4BC83774AE33AA,cev_d452b673f028
claim_evidence,S265_CLAIM_EVIDENCE_77FA5A2717C2B620BD78,cev_3956f253e3c8
claim_evidence,S265_CLAIM_EVIDENCE_77FD51FFAF2F51C3CA5C,cev_50417338ee88
claim_evidence,S265_CLAIM_EVIDENCE_78094CB4C1E0C6DC9104,cev_f8bcb1a4782b
claim_evidence,S265_CLAIM_EVIDENCE_780E038E30C2901F09BB,cev_e86eec84ee8a
claim_evidence,S265_CLAIM_EVIDENCE_78285A88E681DE6990A1,cev_08f78e277319
claim_evidence,S265_CLAIM_EVIDENCE_782AD74E5A6047CBE6D4,cev_895e1102dc9e
claim_evidence,S265_CLAIM_EVIDENCE_7830CA63A24AA6A0ACBD,cev_163c5a68df69
claim_evidence,S265_CLAIM_EVIDENCE_7830E028E4871EC0338A,cev_ae8df88bee5f
claim_evidence,S265_CLAIM_EVIDENCE_78337C4EADA79150A89A,cev_7dfca3e51d72
claim_evidence,S265_CLAIM_EVIDENCE_783405A881F44E365EEA,cev_acb825c40e78
claim_evidence,S265_CLAIM_EVIDENCE_784050B91C4FC3BC5518,cev_3f6cf56d9aa2
claim_evidence,S265_CLAIM_EVIDENCE_78547D46D2570F9BFEA0,cev_59b8282b443d
claim_evidence,S265_CLAIM_EVIDENCE_786C1D37B13038011850,cev_583af1e55a4f
claim_evidence,S265_CLAIM_EVIDENCE_7875D67626DC09C273FF,cev_c5fd4af06f39
claim_evidence,S265_CLAIM_EVIDENCE_787C6DFC84B839EF9E1D,cev_ae648ab7baca
claim_evidence,S265_CLAIM_EVIDENCE_78B349CB558A752836EF,cev_5ce5afe53968
claim_evidence,S265_CLAIM_EVIDENCE_78C396972909C97201CE,cev_8f8b49177cda
claim_evidence,S265_CLAIM_EVIDENCE_78CCE57FB16534EDFB4A,cev_ce484eaf524c
claim_evidence,S265_CLAIM_EVIDENCE_78D7A9EBE674F1B6C680,cev_61ddf5f6d50d
claim_evidence,S265_CLAIM_EVIDENCE_78EAF02FEB50249A0DF5,cev_161547b833ff
claim_evidence,S265_CLAIM_EVIDENCE_78ED55153D5B82ED7249,cev_133238e0a525
claim_evidence,S265_CLAIM_EVIDENCE_78F879A4C4D50170721C,cev_87b24c40c8da
claim_evidence,S265_CLAIM_EVIDENCE_78FDB23FE976C3AE33DF,cev_a40d0ec2d38c
claim_evidence,S265_CLAIM_EVIDENCE_7906172E80AC80A2028F,cev_18ebc36b58d1
claim_evidence,S265_CLAIM_EVIDENCE_790974A58AD7EE3D3E93,cev_3c644204e9df
claim_evidence,S265_CLAIM_EVIDENCE_7929253B24154200BED2,cev_a33bb7fac651
claim_evidence,S265_CLAIM_EVIDENCE_792D4537FB8027072814,cev_71f7f100ae8f
claim_evidence,S265_CLAIM_EVIDENCE_7946FF3EC4BB592395B3,cev_23c34e6e811f
claim_evidence,S265_CLAIM_EVIDENCE_7948344A9B4B8B6191E8,cev_f71c809cb1e9
claim_evidence,S265_CLAIM_EVIDENCE_795037648BD14F776E22,cev_f2254f3b7a7c
claim_evidence,S265_CLAIM_EVIDENCE_795F1E128850C8E057B4,cev_fd074ff6c8f0
claim_evidence,S265_CLAIM_EVIDENCE_796FF82A06E050290087,cev_edf2a37c0271
claim_evidence,S265_CLAIM_EVIDENCE_7983712B3191678BD75D,cev_b63536f178cd
claim_evidence,S265_CLAIM_EVIDENCE_799795895E612925098B,cev_190b43bbb163
claim_evidence,S265_CLAIM_EVIDENCE_799832E3DA3507B7C617,cev_4d26a33f06f0
claim_evidence,S265_CLAIM_EVIDENCE_79A577A3352EBC57C78C,cev_ec5db658a623
claim_evidence,S265_CLAIM_EVIDENCE_79B5BBFB78BE97CD0EB9,cev_b8b1165c6cd3
claim_evidence,S265_CLAIM_EVIDENCE_79D36273C25F3BEF6743,cev_18d4c258409b
claim_evidence,S265_CLAIM_EVIDENCE_79DED4E0845AA048F32F,cev_d6da06af01e8
claim_evidence,S265_CLAIM_EVIDENCE_79EE12524995F5EF80D3,cev_5a709c1b90f2
claim_evidence,S265_CLAIM_EVIDENCE_79EEFB52CB72B1F6A3A6,cev_5d0aae22ecf1
claim_evidence,S265_CLAIM_EVIDENCE_79F8F666850858EEF224,cev_24563879ef60
claim_evidence,S265_CLAIM_EVIDENCE_7A312CF7A746D6528CA5,cev_174d6afa04db
claim_evidence,S265_CLAIM_EVIDENCE_7A4FF948D88DCB96D27D,cev_d1aafe77a499
claim_evidence,S265_CLAIM_EVIDENCE_7A5A48E8FD51C743284C,cev_faa55bd90023
claim_evidence,S265_CLAIM_EVIDENCE_7A5D83C4D93309B1B3ED,cev_9f1a8390550f
claim_evidence,S265_CLAIM_EVIDENCE_7A6BD786FA8F7B3B09EB,cev_77d24fce04a9
claim_evidence,S265_CLAIM_EVIDENCE_7A6EB32B70C222A3C05A,cev_784e61e57a67
claim_evidence,S265_CLAIM_EVIDENCE_7A86A29EF887606679DB,cev_d80b2c9e4240
claim_evidence,S265_CLAIM_EVIDENCE_7A95C57EFF05EB1E948E,cev_43d43ffaa537
claim_evidence,S265_CLAIM_EVIDENCE_7AB2F3F38ED8038BBA6E,cev_0b242ccaf8c4
claim_evidence,S265_CLAIM_EVIDENCE_7AC79BAAEAA34D561E7E,cev_c2de6641aa3e
claim_evidence,S265_CLAIM_EVIDENCE_7AD5DF8BF14BB0AED9E4,cev_9d158a725428
claim_evidence,S265_CLAIM_EVIDENCE_7AD9D29A25AA01378784,cev_f17266e8a5b7
claim_evidence,S265_CLAIM_EVIDENCE_7AE44F3553C851DA80F6,cev_5e04deb660c4
claim_evidence,S265_CLAIM_EVIDENCE_7AEA746BC7AAC3588169,cev_2a208a00bcbb
claim_evidence,S265_CLAIM_EVIDENCE_7AEB7274D983B4E6D8BA,cev_357d762ab050
claim_evidence,S265_CLAIM_EVIDENCE_7AEC074591C6666CC02D,cev_18a7ed793e85
claim_evidence,S265_CLAIM_EVIDENCE_7B04C76E9078EF7570B3,cev_6cc2647b21e4
claim_evidence,S265_CLAIM_EVIDENCE_7B0E0953C215BB830468,cev_36f2dd17eb19
claim_evidence,S265_CLAIM_EVIDENCE_7B120E2D4E634258D47B,cev_1f3ee95069df
claim_evidence,S265_CLAIM_EVIDENCE_7B1E509F59CFC9AF0D59,cev_d5e1c4fd002f
claim_evidence,S265_CLAIM_EVIDENCE_7B2DF833A29A48363322,cev_bf44477bad74
claim_evidence,S265_CLAIM_EVIDENCE_7B32F1B6CED3C61499E1,cev_44fa3a4e3580
claim_evidence,S265_CLAIM_EVIDENCE_7B34D28161EAC2C02FEC,cev_6fc6a213d07a
claim_evidence,S265_CLAIM_EVIDENCE_7B398A5691D0C7F423A2,cev_21f329df7dcc
claim_evidence,S265_CLAIM_EVIDENCE_7B3A1189ECF6A36F70EA,cev_99dc26b9f974
claim_evidence,S265_CLAIM_EVIDENCE_7B5FC4C9BBBCDE6C40C2,cev_a36658764f15
claim_evidence,S265_CLAIM_EVIDENCE_7B764CED144126764604,cev_656455471a3b
claim_evidence,S265_CLAIM_EVIDENCE_7B7D9477D7928E4FC132,cev_92a557d1f06a
claim_evidence,S265_CLAIM_EVIDENCE_7B7FAE56A0E87CC88091,cev_85aba1671da7
claim_evidence,S265_CLAIM_EVIDENCE_7B891308B2E0525AFED7,cev_ca9737b096cd
claim_evidence,S265_CLAIM_EVIDENCE_7BA0D2724DA92F0D3F9B,cev_3146b690d7c2
claim_evidence,S265_CLAIM_EVIDENCE_7BA65906B73247656E7D,cev_633d606a6322
claim_evidence,S265_CLAIM_EVIDENCE_7BA6847D26D536C3EAFB,cev_713932cc7559
claim_evidence,S265_CLAIM_EVIDENCE_7BB7FD42D345B3084DB4,cev_947737163ad5
claim_evidence,S265_CLAIM_EVIDENCE_7BBDF5F568F0AA01C353,cev_5039d532ab5d
claim_evidence,S265_CLAIM_EVIDENCE_7BCB7415650AB078246D,cev_2a40b6c3f905
claim_evidence,S265_CLAIM_EVIDENCE_7BCE1B4FF1D360CA8ECF,cev_c95344ae61fe
claim_evidence,S265_CLAIM_EVIDENCE_7BD36BF537EB246CB5ED,cev_df82af7cdb85
claim_evidence,S265_CLAIM_EVIDENCE_7BD3D752274A8303A7FB,cev_b8f6c584f8b6
claim_evidence,S265_CLAIM_EVIDENCE_7BEA35EF91DE0FEC07D0,cev_f7c316b6fa7d
claim_evidence,S265_CLAIM_EVIDENCE_7BEA60B1A24BABCECDBB,cev_545599d535cf
claim_evidence,S265_CLAIM_EVIDENCE_7BF32E36F8EDF9BB5AA3,cev_e303f24e2def
claim_evidence,S265_CLAIM_EVIDENCE_7BF45C8A7CD122A5BFF6,cev_b676e5eb7b65
claim_evidence,S265_CLAIM_EVIDENCE_7C15B555D9F78670287F,cev_e657223907ac
claim_evidence,S265_CLAIM_EVIDENCE_7C35184858C1378F3118,cev_ac07a406b28d
claim_evidence,S265_CLAIM_EVIDENCE_7C3AA8697891ECF09C94,cev_e8f3d349a8bb
claim_evidence,S265_CLAIM_EVIDENCE_7C4B662F5285E73556AF,cev_807a2aa12b8f
claim_evidence,S265_CLAIM_EVIDENCE_7C4C90AE654592DD1F38,cev_4a93b5a4d616
claim_evidence,S265_CLAIM_EVIDENCE_7C518041CFDF0AEC2D96,cev_58d869983a57
claim_evidence,S265_CLAIM_EVIDENCE_7C6B5F97A3A57C536E8F,cev_e8a61e3bd6ec
claim_evidence,S265_CLAIM_EVIDENCE_7C719593197500130E34,cev_66660d10bfc6
claim_evidence,S265_CLAIM_EVIDENCE_7C918F1BB9045F8EBCBC,cev_84d858effd20
claim_evidence,S265_CLAIM_EVIDENCE_7CDAB8DDF03327BFC525,cev_f20d2c98c7a6
claim_evidence,S265_CLAIM_EVIDENCE_7CEA15A28FCFEEDAC9C4,cev_7b0c92b8462f
claim_evidence,S265_CLAIM_EVIDENCE_7CF1D42AA8AF52CD8C32,cev_4827a67eb719
claim_evidence,S265_CLAIM_EVIDENCE_7CF20808D0C4815E2C8B,cev_aaa6367302e2
claim_evidence,S265_CLAIM_EVIDENCE_7CF613A7459FCFFC397A,cev_655a39fa3a90
claim_evidence,S265_CLAIM_EVIDENCE_7D09728B068C2A69AEB0,cev_dd7b98360310
claim_evidence,S265_CLAIM_EVIDENCE_7D1A4578C1C765E49671,cev_7b08ed424148
claim_evidence,S265_CLAIM_EVIDENCE_7D21CA35AC5D53BA3626,cev_b2c51dd3e521
claim_evidence,S265_CLAIM_EVIDENCE_7D22A27E1B5B34613D62,cev_ab5bcafcd199
claim_evidence,S265_CLAIM_EVIDENCE_7D32E871D7BDA3CF4967,cev_fb56bf0c84c1
claim_evidence,S265_CLAIM_EVIDENCE_7D59F5E5F01E8C6108BF,cev_1d25f867179d
claim_evidence,S265_CLAIM_EVIDENCE_7D61A0212B16E442CFA4,cev_0d7697cc9929
claim_evidence,S265_CLAIM_EVIDENCE_7D6477DB51860D8AAA4A,cev_5095b095a552
claim_evidence,S265_CLAIM_EVIDENCE_7D67722833D3CD5D1703,cev_5d8199d6bb9c
claim_evidence,S265_CLAIM_EVIDENCE_7D69775B2A29985D50E8,cev_143d196a57dd
claim_evidence,S265_CLAIM_EVIDENCE_7D69F00AC5845178B8C5,cev_a069342f07e6
claim_evidence,S265_CLAIM_EVIDENCE_7D75C7F97DCDA99F7574,cev_2f834a344e73
claim_evidence,S265_CLAIM_EVIDENCE_7D761E39B73ED4D3F8CF,cev_3c539d2d029f
claim_evidence,S265_CLAIM_EVIDENCE_7D7A27488503BC42965A,cev_6f1aef2d74d7
claim_evidence,S265_CLAIM_EVIDENCE_7D7F658239EA4B99B478,cev_12cc0260fd3e
claim_evidence,S265_CLAIM_EVIDENCE_7D801456738731B4924E,cev_cf8a67a146b2
claim_evidence,S265_CLAIM_EVIDENCE_7D824C276EA49627FEB2,cev_36413ed1dbb6
claim_evidence,S265_CLAIM_EVIDENCE_7DD3413FC9AA13DDF744,cev_c899f2d02d23
claim_evidence,S265_CLAIM_EVIDENCE_7DE84C1D12AEFD2CBB0A,cev_3412c6a01b6c
claim_evidence,S265_CLAIM_EVIDENCE_7DE992A47C48B387ECB7,cev_a66fa2b0f664
claim_evidence,S265_CLAIM_EVIDENCE_7DFA6565A0F572F6FCC0,cev_4fbdb9ec4f00
claim_evidence,S265_CLAIM_EVIDENCE_7E194FCFB4358BE1B4B1,cev_b93d53a119da
claim_evidence,S265_CLAIM_EVIDENCE_7E407A05699777F23C57,cev_8a1d1328634a
claim_evidence,S265_CLAIM_EVIDENCE_7E487F655DB39A8A3A52,cev_b232c6563ac8
claim_evidence,S265_CLAIM_EVIDENCE_7E4C75889A84DA8BEAB9,cev_f6e02f10a115
claim_evidence,S265_CLAIM_EVIDENCE_7E4FC171D51D230C7272,cev_3e618259b9da
claim_evidence,S265_CLAIM_EVIDENCE_7E5E732F6229D7AF2FC0,cev_9e9d5b56b3e2
claim_evidence,S265_CLAIM_EVIDENCE_7E647BBB539CED32DC07,cev_87219f8f02be
claim_evidence,S265_CLAIM_EVIDENCE_7E6C606DAB5889CEE1E5,cev_e83b804d5216
claim_evidence,S265_CLAIM_EVIDENCE_7E8AFC305EEEF8040745,cev_db210bfe6536
claim_evidence,S265_CLAIM_EVIDENCE_7E900B2DDF3307CFA121,cev_fd35ebf1afd5
claim_evidence,S265_CLAIM_EVIDENCE_7EA885B3B5A498D1E89E,cev_3b9a1d2b1d27
claim_evidence,S265_CLAIM_EVIDENCE_7EEB53E40D334D015911,cev_df3e2e7add08
claim_evidence,S265_CLAIM_EVIDENCE_7F07374549C04C5B2E2B,cev_c8e08c556fb9
claim_evidence,S265_CLAIM_EVIDENCE_7F09F820F6C627E8DB98,cev_320748b6e34b
claim_evidence,S265_CLAIM_EVIDENCE_7F0A68C6F8168A17A366,cev_081bae1271cb
claim_evidence,S265_CLAIM_EVIDENCE_7F27126B3D85FC95B0C7,cev_400bb9ad1c34
claim_evidence,S265_CLAIM_EVIDENCE_7F2A03AD3581780CE513,cev_0ce43f514fc8
claim_evidence,S265_CLAIM_EVIDENCE_7F7A7F09AC855347F35A,cev_e9c9ac43f2a1
claim_evidence,S265_CLAIM_EVIDENCE_7F805C93351D2D4DCA80,cev_ee180214d5ff
claim_evidence,S265_CLAIM_EVIDENCE_7F83EF197FB98FC83875,cev_bf9c3ee9518e
claim_evidence,S265_CLAIM_EVIDENCE_7F8B886E8C1C498B3200,cev_54338b585d62
claim_evidence,S265_CLAIM_EVIDENCE_7F9E22316898211185B6,cev_e66d4621395a
claim_evidence,S265_CLAIM_EVIDENCE_7F9F3B0F120FB0129014,cev_373ab9539b15
claim_evidence,S265_CLAIM_EVIDENCE_7FA8727640722B0AB53B,cev_36e450658efa
claim_evidence,S265_CLAIM_EVIDENCE_7FB6BC621596EE04229C,cev_b45197077d4c
claim_evidence,S265_CLAIM_EVIDENCE_7FC6563C78727C31F317,cev_f5a5c78da73d
claim_evidence,S265_CLAIM_EVIDENCE_7FD34618B91C4831D69B,cev_647dbef2f938
claim_evidence,S265_CLAIM_EVIDENCE_7FD463906F891F884C59,cev_a50266914fe9
claim_evidence,S265_CLAIM_EVIDENCE_7FE73048FFFC686CA930,cev_aa22478d3fcf
claim_evidence,S265_CLAIM_EVIDENCE_7FF2857A93842D455C84,cev_5c027f06d5a9
claim_evidence,S265_CLAIM_EVIDENCE_7FF5E27CC925C0137F9A,cev_f845cf3201cf
claim_evidence,S265_CLAIM_EVIDENCE_7FF7126A9E70DB227836,cev_c11422a03138
claim_evidence,S265_CLAIM_EVIDENCE_7FFB8556D6E83BDC8DF6,cev_54b15be87e28
claim_evidence,S265_CLAIM_EVIDENCE_800E63362143905EDE35,cev_591995bc1c8d
claim_evidence,S265_CLAIM_EVIDENCE_801427C5AECA9A221489,cev_c82c8b65ef06
claim_evidence,S265_CLAIM_EVIDENCE_803686C625A9DEB80A92,cev_05d7f14df186
claim_evidence,S265_CLAIM_EVIDENCE_803687DD266BA2A46EA7,cev_9e8e17a99882
claim_evidence,S265_CLAIM_EVIDENCE_80383A525687AA91BB86,cev_c67b87263508
claim_evidence,S265_CLAIM_EVIDENCE_80386F89FD516CA17A8C,cev_275ef7c45ad8
claim_evidence,S265_CLAIM_EVIDENCE_803EECB8426E78353556,cev_17e92eee3155
claim_evidence,S265_CLAIM_EVIDENCE_804A408BE56C11AB5D0C,cev_a2a2f7991d65
claim_evidence,S265_CLAIM_EVIDENCE_8071E34B9BF361C6F534,cev_8a5c416f0e55
claim_evidence,S265_CLAIM_EVIDENCE_807B96A7C5043378F6F7,cev_1052e2591dd2
claim_evidence,S265_CLAIM_EVIDENCE_80A2A005BF18131B4D12,cev_f2b4fe114060
claim_evidence,S265_CLAIM_EVIDENCE_80B0B7FC12818D4286AF,cev_411297dd1257
claim_evidence,S265_CLAIM_EVIDENCE_80BEB14392FD6C64279B,cev_95901d08b1bb
claim_evidence,S265_CLAIM_EVIDENCE_80C27C8CF4A155451700,cev_883661e16b07
claim_evidence,S265_CLAIM_EVIDENCE_80CEB4003ADF99D0BEA8,cev_64ad612357a9
claim_evidence,S265_CLAIM_EVIDENCE_80DDF3EAB6E6D3FC3EED,cev_4a9682c6c34e
claim_evidence,S265_CLAIM_EVIDENCE_80E033C21EC283C2E136,cev_544434183cf1
claim_evidence,S265_CLAIM_EVIDENCE_80EB56FDF15A0FA9D35F,cev_2fde8d5f96e8
claim_evidence,S265_CLAIM_EVIDENCE_8101535FA0E6B2465614,cev_da3a818de984
claim_evidence,S265_CLAIM_EVIDENCE_81380A8E74B65C03957F,cev_c3ff65fba647
claim_evidence,S265_CLAIM_EVIDENCE_813C7565269AC532FD0B,cev_1b6718f47b73
claim_evidence,S265_CLAIM_EVIDENCE_813D7D69787724D2D23E,cev_2809071c4574
claim_evidence,S265_CLAIM_EVIDENCE_815648CCC11EC1974A29,cev_0a99b65b7f5e
claim_evidence,S265_CLAIM_EVIDENCE_81619D429CCAA9443B34,cev_1ea6caeeb7b6
claim_evidence,S265_CLAIM_EVIDENCE_8164E111739667780488,cev_54cf1675ad5f
claim_evidence,S265_CLAIM_EVIDENCE_81723DD5FF120B49C6F4,cev_9689bc72c129
claim_evidence,S265_CLAIM_EVIDENCE_817FE66CEFF07D9F688B,cev_f509232801e7
claim_evidence,S265_CLAIM_EVIDENCE_819168A89C43D117A3C8,cev_1d45778244a3
claim_evidence,S265_CLAIM_EVIDENCE_81ADE8C2F89FC87B7145,cev_ff0ccd21fbb5
claim_evidence,S265_CLAIM_EVIDENCE_81E3B474DE666EE97C20,cev_0e9a67a8dd65
claim_evidence,S265_CLAIM_EVIDENCE_81F68B6EDBEDAB3C4013,cev_ffa3a9ffd60d
claim_evidence,S265_CLAIM_EVIDENCE_81FB0774F0188B5EB0A7,cev_bb747e499551
claim_evidence,S265_CLAIM_EVIDENCE_823501DF283917B03AF1,cev_47377e6a2806
claim_evidence,S265_CLAIM_EVIDENCE_8238FFA0851CCE2C8649,cev_6cdddec50e29
claim_evidence,S265_CLAIM_EVIDENCE_8240CC237677A7F4710D,cev_3ebdcc8fe314
claim_evidence,S265_CLAIM_EVIDENCE_8261821B0035D5FCA31C,cev_dd406c6e9588
claim_evidence,S265_CLAIM_EVIDENCE_826ADE25046E9B3783BA,cev_82929281ba99
claim_evidence,S265_CLAIM_EVIDENCE_827F6F62350652785094,cev_e39a79d02710
claim_evidence,S265_CLAIM_EVIDENCE_829CA9921BA3EB9646E1,cev_80827918c8a2
claim_evidence,S265_CLAIM_EVIDENCE_82A5285DAD305BF5E867,cev_2c89793b37f4
claim_evidence,S265_CLAIM_EVIDENCE_82B97CAAC75D1E6C0E3B,cev_57d22ea206e4
claim_evidence,S265_CLAIM_EVIDENCE_82C6604F0F3026218989,cev_252b1f51294e
claim_evidence,S265_CLAIM_EVIDENCE_82C7A95C5238EE4861E7,cev_31689acd9a5e
claim_evidence,S265_CLAIM_EVIDENCE_82CE1EA298D9DCBC23D2,cev_08c3014089b5
claim_evidence,S265_CLAIM_EVIDENCE_82DA1ADCEDA5BDCD94A6,cev_14b3cf9e1b79
claim_evidence,S265_CLAIM_EVIDENCE_82DBC3AC6AAEE10387CE,cev_ca2d77444ce8
claim_evidence,S265_CLAIM_EVIDENCE_82E5ED916E8A18BEDE78,cev_835bced3e5ea
claim_evidence,S265_CLAIM_EVIDENCE_82E7CA422549428F47D0,cev_6632277ab755
claim_evidence,S265_CLAIM_EVIDENCE_82FA501A401466CBE449,cev_d198a6cfeb11
claim_evidence,S265_CLAIM_EVIDENCE_83046F0B66F552748B4B,cev_3867ff4059db
claim_evidence,S265_CLAIM_EVIDENCE_8318CDB549B2579297C0,cev_6ab69de2aa30
claim_evidence,S265_CLAIM_EVIDENCE_8322A7E7E8B233DCDC97,cev_59fb0a2f58cc
claim_evidence,S265_CLAIM_EVIDENCE_834B83FEBED349E0E0DE,cev_28301abea37b
claim_evidence,S265_CLAIM_EVIDENCE_836F250059AE983BA38C,cev_91c003e26a93
claim_evidence,S265_CLAIM_EVIDENCE_83728C04991641B648D2,cev_a6886eec2cbd
claim_evidence,S265_CLAIM_EVIDENCE_83957EEC0BC2ED4762FB,cev_92743e7bb4d2
claim_evidence,S265_CLAIM_EVIDENCE_839756607F5D8B0E2BEB,cev_4493eab2abbb
claim_evidence,S265_CLAIM_EVIDENCE_839CE642D7CBA7AB9967,cev_9b858a49bd15
claim_evidence,S265_CLAIM_EVIDENCE_83A141BFF0FA526027BA,cev_eecab0f95222
claim_evidence,S265_CLAIM_EVIDENCE_83A869E412977FCCBE5D,cev_407f0141637e
claim_evidence,S265_CLAIM_EVIDENCE_83FE1BCFB218E2140DCD,cev_649313ab4085
claim_evidence,S265_CLAIM_EVIDENCE_8410FCD10206D16A26D7,cev_c55d368e0728
claim_evidence,S265_CLAIM_EVIDENCE_841D98FA61BE6D1F9E3A,cev_ed330bbe3d21
claim_evidence,S265_CLAIM_EVIDENCE_843558BA77F4DA0E1CC2,cev_a2b8e613d300
claim_evidence,S265_CLAIM_EVIDENCE_845B1FB227A6AAA4B614,cev_5f4dd37f94a6
claim_evidence,S265_CLAIM_EVIDENCE_84890E31D46BC24F7D4D,cev_9006c5681fa0
claim_evidence,S265_CLAIM_EVIDENCE_848F9EE2748AAFF47286,cev_fad5145a8114
claim_evidence,S265_CLAIM_EVIDENCE_849076D2874E9B370214,cev_34b38a5f8721
claim_evidence,S265_CLAIM_EVIDENCE_84911B4DF9BD0499D6C3,cev_9771a9a076f1
claim_evidence,S265_CLAIM_EVIDENCE_84A96CD78FF54627F0EA,cev_67b2dedc0b3b
claim_evidence,S265_CLAIM_EVIDENCE_84BFAD4DC6349D0D1086,cev_f3b7caf4a207
claim_evidence,S265_CLAIM_EVIDENCE_84DE292915D4FBB1904D,cev_89e1f6f3bfe8
claim_evidence,S265_CLAIM_EVIDENCE_84E447DC1E440AF514C7,cev_8f50617f4cbd
claim_evidence,S265_CLAIM_EVIDENCE_84EB8CBE968EA7E3E44B,cev_3e3a375e42ac
claim_evidence,S265_CLAIM_EVIDENCE_84F9C10B7E2D86C86E47,cev_186d04479f04
claim_evidence,S265_CLAIM_EVIDENCE_850E29D63D57187900AD,cev_61d22655e9f4
claim_evidence,S265_CLAIM_EVIDENCE_850FCFCB3290491562A1,cev_51ed3b0d4a7c
claim_evidence,S265_CLAIM_EVIDENCE_85139901D43DD7D25EDD,cev_0122f34b8abc
claim_evidence,S265_CLAIM_EVIDENCE_8535A1C21DD530F0A835,cev_76924ae8a530
claim_evidence,S265_CLAIM_EVIDENCE_85496CF58E424C387A3D,cev_b99e0a09bbe7
claim_evidence,S265_CLAIM_EVIDENCE_85631BA4F92A08C97C75,cev_71b9927d6b5b
claim_evidence,S265_CLAIM_EVIDENCE_857A250B8A93CA152AF7,cev_4593d0c23e4e
claim_evidence,S265_CLAIM_EVIDENCE_85808E91FB71C23008EA,cev_411500b7148e
claim_evidence,S265_CLAIM_EVIDENCE_858B8B03A1459C902C8B,cev_c09326ab44e1
claim_evidence,S265_CLAIM_EVIDENCE_859DE724366C81E8D4FE,cev_82d0e3a2908f
claim_evidence,S265_CLAIM_EVIDENCE_85B7168273B90397898A,cev_9dd65d8c3748
claim_evidence,S265_CLAIM_EVIDENCE_85C97CB5AF127125EA58,cev_3f28a22fad06
claim_evidence,S265_CLAIM_EVIDENCE_85D7CB83CC79000F58FE,cev_57a13259e6a9
claim_evidence,S265_CLAIM_EVIDENCE_85E47BF4B94E89B545F7,cev_58b2d77ea021
claim_evidence,S265_CLAIM_EVIDENCE_85F64A778A1779BF8CBA,cev_7e568f58c843
claim_evidence,S265_CLAIM_EVIDENCE_8600901D93A28C7D136E,cev_f842a5481c4b
claim_evidence,S265_CLAIM_EVIDENCE_860F1A30B95F298C125E,cev_b8c6bf5adbe4
claim_evidence,S265_CLAIM_EVIDENCE_86170BEF459196AA3B8B,cev_5cf045294562
claim_evidence,S265_CLAIM_EVIDENCE_862B39D497F94BAB2939,cev_ce2b65aef558
claim_evidence,S265_CLAIM_EVIDENCE_863B94530B180C0717A9,cev_e967f1c5338b
claim_evidence,S265_CLAIM_EVIDENCE_866876F58FAA6E0AD918,cev_b933f6abb13b
claim_evidence,S265_CLAIM_EVIDENCE_868D1A34229C49309937,cev_bfbfc0c45f68
claim_evidence,S265_CLAIM_EVIDENCE_869E6CD20F65A0163C9C,cev_a3d9687d9e15
claim_evidence,S265_CLAIM_EVIDENCE_86BDEB5B026CA22A515E,cev_61cc5175f795
claim_evidence,S265_CLAIM_EVIDENCE_86D3117C09B62DD4F04E,cev_ff19c05b4b98
claim_evidence,S265_CLAIM_EVIDENCE_86D324D1CFD6493706B1,cev_afb3e80ccd95
claim_evidence,S265_CLAIM_EVIDENCE_86D6D31A21FFAE281A48,cev_2198fcc02512
claim_evidence,S265_CLAIM_EVIDENCE_86DD09B2DD61D77B3F66,cev_13c3e825047e
claim_evidence,S265_CLAIM_EVIDENCE_86DEA8351DD3118B439A,cev_030641bb5025
claim_evidence,S265_CLAIM_EVIDENCE_86DF4EB0C17B8D383663,cev_71749286a2bd
claim_evidence,S265_CLAIM_EVIDENCE_86E1B4CD90BF7B47BCFD,cev_609f19883278
claim_evidence,S265_CLAIM_EVIDENCE_86FED03FB0748E5EF172,cev_890b844b851d
claim_evidence,S265_CLAIM_EVIDENCE_871845822163AA543BA3,cev_800386eebe68
claim_evidence,S265_CLAIM_EVIDENCE_874783E17019960BBC1E,cev_dc80386f6ef5
claim_evidence,S265_CLAIM_EVIDENCE_87553866A9CA76A15CD5,cev_40075d7d8054
claim_evidence,S265_CLAIM_EVIDENCE_876CD4622F1E1DB30F68,cev_466bab5b64d1
claim_evidence,S265_CLAIM_EVIDENCE_877DF1114DF88392D342,cev_9f364e2dbbbd
claim_evidence,S265_CLAIM_EVIDENCE_877F2DD8F939F5657D83,cev_251b46c59ca0
claim_evidence,S265_CLAIM_EVIDENCE_87820D368D2F693B9D3F,cev_c2fda847b6e5
claim_evidence,S265_CLAIM_EVIDENCE_8789A30C60BFEB3B8263,cev_510e371b7c24
claim_evidence,S265_CLAIM_EVIDENCE_87C33668F9CC0BD55B76,cev_1117bdbe7f88
claim_evidence,S265_CLAIM_EVIDENCE_87CB1073ED3FF13C218E,cev_6ce90090dc71
claim_evidence,S265_CLAIM_EVIDENCE_87D3E178E845735C1DED,cev_518d195e788d
claim_evidence,S265_CLAIM_EVIDENCE_87F43B0B782BCE8317BF,cev_2eeb8e02f81b
claim_evidence,S265_CLAIM_EVIDENCE_8809411D0AEE47248607,cev_15dba33a0511
claim_evidence,S265_CLAIM_EVIDENCE_88160FA192C9E3E608A2,cev_5669780574f0
claim_evidence,S265_CLAIM_EVIDENCE_881809AF370366F67FEB,cev_664adb4daee0
claim_evidence,S265_CLAIM_EVIDENCE_8826206B47420CB432FA,cev_fa1dc834d736
claim_evidence,S265_CLAIM_EVIDENCE_88307820B456FFE93437,cev_d4200d1043e7
claim_evidence,S265_CLAIM_EVIDENCE_8833D4A082B0014D4409,cev_e6e6c9440d97
claim_evidence,S265_CLAIM_EVIDENCE_8834861CF6A3DF779EFB,cev_eef3df25df65
claim_evidence,S265_CLAIM_EVIDENCE_884B0560B4255A1A5FD2,cev_8c3a2be6bd61
claim_evidence,S265_CLAIM_EVIDENCE_884F2827C6ABD92CAB75,cev_cb9e7502e44e
claim_evidence,S265_CLAIM_EVIDENCE_88527073C88669EAD1AC,cev_1df37e0179c7
claim_evidence,S265_CLAIM_EVIDENCE_8853203322C1EA7BED56,cev_3ca8595159ad
claim_evidence,S265_CLAIM_EVIDENCE_886128171A0C16285A82,cev_081238d6d675
claim_evidence,S265_CLAIM_EVIDENCE_886D7D197986F42BF7EC,cev_abfc83ad45cd
claim_evidence,S265_CLAIM_EVIDENCE_886E11561190B689ABDF,cev_2600014d6a9e
claim_evidence,S265_CLAIM_EVIDENCE_8878EA44E37CB8FEFD0F,cev_e91ecd9c2dd7
claim_evidence,S265_CLAIM_EVIDENCE_887AA690E65D25A48F50,cev_446f889db21b
claim_evidence,S265_CLAIM_EVIDENCE_888126E13E0BAAC7B54A,cev_bad07e8185c0
claim_evidence,S265_CLAIM_EVIDENCE_8899EC8D9BE70793756F,cev_7bc466ef2a76
claim_evidence,S265_CLAIM_EVIDENCE_889AF1892F2AC8CC9E6A,cev_399496f175e0
claim_evidence,S265_CLAIM_EVIDENCE_889D1A8613AA6047F956,cev_592a536be60c
claim_evidence,S265_CLAIM_EVIDENCE_88B7667689BA43BD728F,cev_24b84f3e91ca
claim_evidence,S265_CLAIM_EVIDENCE_88C839ADC093B69D409A,cev_a0573fa6d0a2
claim_evidence,S265_CLAIM_EVIDENCE_88C9A918C57ECF9E01F1,cev_ecbb2ed0ea95
claim_evidence,S265_CLAIM_EVIDENCE_88DE65468E91266AD3E2,cev_c24441be11cc
claim_evidence,S265_CLAIM_EVIDENCE_88F7468076DCF51655A5,cev_db79f9613d33
claim_evidence,S265_CLAIM_EVIDENCE_890CDD90310E0477218D,cev_ee387f6309de
claim_evidence,S265_CLAIM_EVIDENCE_890CED925E113C2F296B,cev_bc425bd753fa
claim_evidence,S265_CLAIM_EVIDENCE_893EB1B3B7BE73095D6E,cev_29b853e202ff
claim_evidence,S265_CLAIM_EVIDENCE_89495712D7A0AC7D9F4C,cev_ad86e56d07c7
claim_evidence,S265_CLAIM_EVIDENCE_89546F6D985031A3D5B2,cev_ad351b28535f
claim_evidence,S265_CLAIM_EVIDENCE_8960FF188C3B05582DD7,cev_0f3c810d2912
claim_evidence,S265_CLAIM_EVIDENCE_8965D01315B4F6CA5C73,cev_4dd38e94598e
claim_evidence,S265_CLAIM_EVIDENCE_8968B41259E6DBBB0C00,cev_b9fd7423c791
claim_evidence,S265_CLAIM_EVIDENCE_896E64EF884611D6CFEF,cev_66c58104564a
claim_evidence,S265_CLAIM_EVIDENCE_897334EB23B2F9D25AEB,cev_8a7dc32c751e
claim_evidence,S265_CLAIM_EVIDENCE_897395C470D9560886DD,cev_95d6001eba2e
claim_evidence,S265_CLAIM_EVIDENCE_89A2FF5AE2DA75199953,cev_4e82d8889018
claim_evidence,S265_CLAIM_EVIDENCE_89A5AD7B74253249E5E2,cev_a41ebf2256f8
claim_evidence,S265_CLAIM_EVIDENCE_89AFDC40EE898AAC7B0F,cev_7e889e164c78
claim_evidence,S265_CLAIM_EVIDENCE_89B9A7097D252A8F87E1,cev_997d12a1871b
claim_evidence,S265_CLAIM_EVIDENCE_89BB009EF10B5E4FD457,cev_cb1777d6f01d
claim_evidence,S265_CLAIM_EVIDENCE_89C168C0BA833514B30E,cev_5600256c6fdd
claim_evidence,S265_CLAIM_EVIDENCE_89CAFCC3D57937732A88,cev_8fd7e9c01737
claim_evidence,S265_CLAIM_EVIDENCE_89CCA1BA45590BC03BC1,cev_7c43645621d3
claim_evidence,S265_CLAIM_EVIDENCE_89DCCA356B67320795E8,cev_0118dc9b829c
claim_evidence,S265_CLAIM_EVIDENCE_89ED4D8B367E404D0C34,cev_632b43892bce
claim_evidence,S265_CLAIM_EVIDENCE_8A45E6A3E4422642C0D7,cev_22db664f457b
claim_evidence,S265_CLAIM_EVIDENCE_8A5429A8EB653EFBD94B,cev_b043077df9f7
claim_evidence,S265_CLAIM_EVIDENCE_8A5929552C8B6B84E3DF,cev_b1c3d0200493
claim_evidence,S265_CLAIM_EVIDENCE_8A695AC9B0E57FCF6C71,cev_ee070175292c
claim_evidence,S265_CLAIM_EVIDENCE_8A69DF1CD5CCCF3D9EEE,cev_21cc44d77dbe
claim_evidence,S265_CLAIM_EVIDENCE_8A73E2EA5A1112D981BD,cev_68833e4a6dbe
claim_evidence,S265_CLAIM_EVIDENCE_8A7A6C728AEE2B054D3A,cev_b8223c5a2ea4
claim_evidence,S265_CLAIM_EVIDENCE_8A7FA591826A76787148,cev_e5d9548e5311
claim_evidence,S265_CLAIM_EVIDENCE_8A91012B1718F4E90A96,cev_710066a93f02
claim_evidence,S265_CLAIM_EVIDENCE_8A98DD76CCDE59035FBF,cev_38447b5f282c
claim_evidence,S265_CLAIM_EVIDENCE_8AA574B47F01F80E84FE,cev_09ffe0fb0e22
claim_evidence,S265_CLAIM_EVIDENCE_8AA9EFB4FC5D275590BD,cev_a58689d78973
claim_evidence,S265_CLAIM_EVIDENCE_8AAB07304B61CD0FC3C4,cev_d4a63954d9ac
claim_evidence,S265_CLAIM_EVIDENCE_8AC519F4CC517ABD11A0,cev_c56211fc41c0
claim_evidence,S265_CLAIM_EVIDENCE_8AC7F1513046A9E6A844,cev_0f1c57fbfaf4
claim_evidence,S265_CLAIM_EVIDENCE_8AC9CC96E1E3B969BA03,cev_d7cfcc369457
claim_evidence,S265_CLAIM_EVIDENCE_8AF4F03307E15999B337,cev_265f57acec3d
claim_evidence,S265_CLAIM_EVIDENCE_8AF70E182AC7C6623EA4,cev_3d3b0d6973c4
claim_evidence,S265_CLAIM_EVIDENCE_8AFE1ADC8D5925616892,cev_0398909c2f00
claim_evidence,S265_CLAIM_EVIDENCE_8B07D1F2029F056504C0,cev_fa6ab4701c04
claim_evidence,S265_CLAIM_EVIDENCE_8B0DA3075690A4DEE9BF,cev_b17ce1af4ff7
claim_evidence,S265_CLAIM_EVIDENCE_8B12B6DA516618E2A6F2,cev_d69a48b6642d
claim_evidence,S265_CLAIM_EVIDENCE_8B332C42782FF7847B85,cev_6289a6f9955b
claim_evidence,S265_CLAIM_EVIDENCE_8B3FE36F2745CBED4138,cev_d690067a0383
claim_evidence,S265_CLAIM_EVIDENCE_8B42EC2FB833A9C80685,cev_7b1610948b3b
claim_evidence,S265_CLAIM_EVIDENCE_8B4E68C80ECED5143671,cev_bc8e5eeecb7b
claim_evidence,S265_CLAIM_EVIDENCE_8B6127C0ED5466F8CF00,cev_ee56294cd1bb
claim_evidence,S265_CLAIM_EVIDENCE_8B6AA355FE53A53D8505,cev_34a57c6c3b47
claim_evidence,S265_CLAIM_EVIDENCE_8B7824E2752FB2F95D45,cev_6651c5d516c6
claim_evidence,S265_CLAIM_EVIDENCE_8B87655304E4DF26C0F2,cev_861ccf0bcd5e
claim_evidence,S265_CLAIM_EVIDENCE_8B8C972920A1C99846A7,cev_b675cf14656b
claim_evidence,S265_CLAIM_EVIDENCE_8B957C7126CA6F04C39A,cev_70b77af76dae
claim_evidence,S265_CLAIM_EVIDENCE_8B95820A3D9A0B49DAA7,cev_8dab1fd9b77c
claim_evidence,S265_CLAIM_EVIDENCE_8BB0214DD5BAE0FDEEE8,cev_1ee5d302053e
claim_evidence,S265_CLAIM_EVIDENCE_8BB42F90C191AB2CE7FF,cev_8cbf36440309
claim_evidence,S265_CLAIM_EVIDENCE_8BB44D00485C3AC30EAA,cev_233828d16c38
claim_evidence,S265_CLAIM_EVIDENCE_8BB8B06360C4D9B18E3E,cev_ed0e770adad0
claim_evidence,S265_CLAIM_EVIDENCE_8BD94000258AEF54AD13,cev_87614ed94e2e
claim_evidence,S265_CLAIM_EVIDENCE_8BDF41EB13F584FC16C8,cev_71c3e505a811
claim_evidence,S265_CLAIM_EVIDENCE_8C09F942F9D521DE5433,cev_a05e7ca8824d
claim_evidence,S265_CLAIM_EVIDENCE_8C1559CF3616F56638E8,cev_fcc1e4e63f8c
claim_evidence,S265_CLAIM_EVIDENCE_8C1DE366C7455CABA8D4,cev_eae4fc6b218d
claim_evidence,S265_CLAIM_EVIDENCE_8C26BD1289E0B3C0EF96,cev_766617e0cf57
claim_evidence,S265_CLAIM_EVIDENCE_8C402CC5B18912C6C5BD,cev_8d27f421985b
claim_evidence,S265_CLAIM_EVIDENCE_8C4D56F39460F9C15D59,cev_33cee965d918
claim_evidence,S265_CLAIM_EVIDENCE_8C51EE3B34335BCBDDB7,cev_266490c61da4
claim_evidence,S265_CLAIM_EVIDENCE_8C5BD838960E370B82AA,cev_a9f197129858
claim_evidence,S265_CLAIM_EVIDENCE_8C658C84FA9B6B2F83B6,cev_f2dc101ceb0c
claim_evidence,S265_CLAIM_EVIDENCE_8C70291C02FF54B7DE10,cev_ab7bd2987b7a
claim_evidence,S265_CLAIM_EVIDENCE_8C743EFB8ABBB9B0B409,cev_8a01d3521e55
claim_evidence,S265_CLAIM_EVIDENCE_8C770BBABE0A1485AED3,cev_8c63fd7b6936
claim_evidence,S265_CLAIM_EVIDENCE_8C7EF776EB7B465CFC75,cev_929e65403904
claim_evidence,S265_CLAIM_EVIDENCE_8C827CCFB0A52DD4F721,cev_19221314eda3
claim_evidence,S265_CLAIM_EVIDENCE_8C960347F55AEF8CC55F,cev_fe038d64c139
claim_evidence,S265_CLAIM_EVIDENCE_8CA8E2189EF9213618A8,cev_d0e923fc8033
claim_evidence,S265_CLAIM_EVIDENCE_8CB63746C555413FE770,cev_75c279ef2ec5
claim_evidence,S265_CLAIM_EVIDENCE_8CD42F20C7F7712983A0,cev_c7080c774a63
claim_evidence,S265_CLAIM_EVIDENCE_8D0AA42FEE9F06FA8AAE,cev_ce6e94e2edec
claim_evidence,S265_CLAIM_EVIDENCE_8D1D706C6BF8FF16CD72,cev_3d6d5a8efc32
claim_evidence,S265_CLAIM_EVIDENCE_8D330C0752AFBA59BAEF,cev_5a6540b7e2b4
claim_evidence,S265_CLAIM_EVIDENCE_8D507239471E4B9E4BA0,cev_a1df8f5d79f3
claim_evidence,S265_CLAIM_EVIDENCE_8D941BFFC4DD00DEB498,cev_cfd5c9a61be8
claim_evidence,S265_CLAIM_EVIDENCE_8DC4794441EA14FCFE30,cev_4273362156bc
claim_evidence,S265_CLAIM_EVIDENCE_8DC822622D519E915AE4,cev_4e352b2635d3
claim_evidence,S265_CLAIM_EVIDENCE_8DD35C4FA61CDE15E0B2,cev_baa59dd9af8b
claim_evidence,S265_CLAIM_EVIDENCE_8DD37C236E60D242278B,cev_f94152642410
claim_evidence,S265_CLAIM_EVIDENCE_8DDA0109A82E031819EF,cev_0defc958eb0d
claim_evidence,S265_CLAIM_EVIDENCE_8DFE70A22EA9989A661D,cev_886e31f0d934
claim_evidence,S265_CLAIM_EVIDENCE_8E2BD358AFC06456939E,cev_7ba0291343e5
claim_evidence,S265_CLAIM_EVIDENCE_8E46DFDB6548DA33E285,cev_08c11118c787
claim_evidence,S265_CLAIM_EVIDENCE_8E5D3C59F4C38F5BC7D0,cev_5c5cb975c092
claim_evidence,S265_CLAIM_EVIDENCE_8E88F8B8A07ADB3E3DA1,cev_3bda12106205
claim_evidence,S265_CLAIM_EVIDENCE_8E999F0CA0628A784447,cev_d2e4e775eb3c
claim_evidence,S265_CLAIM_EVIDENCE_8EA7C148D76FA49EA220,cev_94696010983d
claim_evidence,S265_CLAIM_EVIDENCE_8EB9D781CD6AE05FFE11,cev_c0651b12c62d
claim_evidence,S265_CLAIM_EVIDENCE_8EBB7A2714F4EE59A1F7,cev_8a8dba7fad9e
claim_evidence,S265_CLAIM_EVIDENCE_8ECB9C0E392FDB102274,cev_1a6a324b82fa
claim_evidence,S265_CLAIM_EVIDENCE_8EDF91B74D31004F08C1,cev_29af3a375fb4
claim_evidence,S265_CLAIM_EVIDENCE_8EEFD6192A2533AE8919,cev_2499d4c26e1f
claim_evidence,S265_CLAIM_EVIDENCE_8F28B502171514156C1E,cev_259fdb1ed718
claim_evidence,S265_CLAIM_EVIDENCE_8F3283B3B13FCCC06683,cev_bf3e6b9e3b0c
claim_evidence,S265_CLAIM_EVIDENCE_8F33E8F0A66D75B3961E,cev_8bd4bda3a2f5
claim_evidence,S265_CLAIM_EVIDENCE_8F530282B8D990E27696,cev_2b5ee94e0bf7
claim_evidence,S265_CLAIM_EVIDENCE_8F6F2D3385FA13E3B3C7,cev_22521d40f5ee
claim_evidence,S265_CLAIM_EVIDENCE_8F89B7B110366A0AF23F,cev_dad49b86dcce
claim_evidence,S265_CLAIM_EVIDENCE_8F9C1FE76CC242EE2DB6,cev_bfe2b607d69b
claim_evidence,S265_CLAIM_EVIDENCE_8FA48C9EC1CDCD4F616A,cev_0a492993b8a5
claim_evidence,S265_CLAIM_EVIDENCE_8FB8EF4029B53A9F30B8,cev_0b3611f81c71
claim_evidence,S265_CLAIM_EVIDENCE_8FCF9C71F6A886974E12,cev_7650917ebc97
claim_evidence,S265_CLAIM_EVIDENCE_8FEBB929B193E3C0B963,cev_c116f97910f5
claim_evidence,S265_CLAIM_EVIDENCE_8FEC1DB321F39393A1F3,cev_5f36fc84ec66
claim_evidence,S265_CLAIM_EVIDENCE_900326A817018CB9387C,cev_e7a2b0e8f844
claim_evidence,S265_CLAIM_EVIDENCE_901E282295C0E6D7A433,cev_9baa11e4f596
claim_evidence,S265_CLAIM_EVIDENCE_90384B489306B7855555,cev_7e998ef91eb1
claim_evidence,S265_CLAIM_EVIDENCE_9076BDA107F47F09F79C,cev_a7c7c45953ae
claim_evidence,S265_CLAIM_EVIDENCE_90822985B9D04FBFDA76,cev_68fad2185136
claim_evidence,S265_CLAIM_EVIDENCE_90973C974C8C201C8736,cev_028186bd3893
claim_evidence,S265_CLAIM_EVIDENCE_90A1C0D757BA56439539,cev_b62e78df37fd
claim_evidence,S265_CLAIM_EVIDENCE_90B5FC7CE058B1B8B4D8,cev_9df5b0938457
claim_evidence,S265_CLAIM_EVIDENCE_90B66A4D019C8C883D24,cev_6caa3e226933
claim_evidence,S265_CLAIM_EVIDENCE_90BE780C037940D1B03F,cev_254299d47948
claim_evidence,S265_CLAIM_EVIDENCE_90C1C2B6FD0D122416B9,cev_62c6432f5a1a
claim_evidence,S265_CLAIM_EVIDENCE_90C7B3ABBB15993DFF14,cev_ec9038a31bb5
claim_evidence,S265_CLAIM_EVIDENCE_90D07A731E11C156E62B,cev_e645fd0ee669
claim_evidence,S265_CLAIM_EVIDENCE_90F2AE8F85ECF2B78B1B,cev_032b24ef6f35
claim_evidence,S265_CLAIM_EVIDENCE_91081B6D87EF5DC9A5F2,cev_756b3e361a30
claim_evidence,S265_CLAIM_EVIDENCE_910CA5E1D25C79FEB879,cev_ddc11996d5f9
claim_evidence,S265_CLAIM_EVIDENCE_91166356146A51C470D1,cev_76c1eba15ba8
claim_evidence,S265_CLAIM_EVIDENCE_912F778804A442671C17,cev_ce38fbe56ce7
claim_evidence,S265_CLAIM_EVIDENCE_913693C9F3E3EC78B2BB,cev_230b68a177d5
claim_evidence,S265_CLAIM_EVIDENCE_913CD3FEECACBBDF7BC7,cev_0d83f15c7f6b
claim_evidence,S265_CLAIM_EVIDENCE_913FFE6A1504BAB2E27C,cev_1bf1bcb00f1a
claim_evidence,S265_CLAIM_EVIDENCE_914C6C389AF9A4964E7C,cev_21eda3758603
claim_evidence,S265_CLAIM_EVIDENCE_9154F48068788CC010D4,cev_497f247c3d8c
claim_evidence,S265_CLAIM_EVIDENCE_9176742DB3F8D9775F15,cev_f1f1f1a8239a
claim_evidence,S265_CLAIM_EVIDENCE_917B26D5DF2C73982E0E,cev_7bd0a6e926c8
claim_evidence,S265_CLAIM_EVIDENCE_918408A71A667E79A7FF,cev_27e4f770dac1
claim_evidence,S265_CLAIM_EVIDENCE_91BDD3C9D1B2CFA73DE4,cev_c02f190a216d
claim_evidence,S265_CLAIM_EVIDENCE_91CE70D2F91E7C0530F3,cev_07719ebbb6b2
claim_evidence,S265_CLAIM_EVIDENCE_91EDD353E6628C5B2FEC,cev_59bf89487633
claim_evidence,S265_CLAIM_EVIDENCE_91F9D8C381E9C0CF766E,cev_c8bd3d47dc1b
claim_evidence,S265_CLAIM_EVIDENCE_91FDE23B557F99C95946,cev_9373b3c68529
claim_evidence,S265_CLAIM_EVIDENCE_920919C071CB0D5744CE,cev_e9748897cb50
claim_evidence,S265_CLAIM_EVIDENCE_92098F3552DA3461E64C,cev_be9f89d8ed27
claim_evidence,S265_CLAIM_EVIDENCE_9215B87B20A35BF0720A,cev_c4a5b2f176e7
claim_evidence,S265_CLAIM_EVIDENCE_9217C16D77FE3197C4AE,cev_30b1e4c9afa2
claim_evidence,S265_CLAIM_EVIDENCE_921C11191F9043E1BD12,cev_4dd5a2118cd6
claim_evidence,S265_CLAIM_EVIDENCE_922A2D433EEC9C51F936,cev_5f34bbf6fa3c
claim_evidence,S265_CLAIM_EVIDENCE_922BFE1C015849E68660,cev_7f37957b8a12
claim_evidence,S265_CLAIM_EVIDENCE_924BEACE6C0ECAE041CD,cev_41050d4ae004
claim_evidence,S265_CLAIM_EVIDENCE_924F955F97822DF965AB,cev_1ada2b21f661
claim_evidence,S265_CLAIM_EVIDENCE_9260DEE2ED89B38E8657,cev_f40c1def8222
claim_evidence,S265_CLAIM_EVIDENCE_9264A9C9A147430EC879,cev_5e883e65027d
claim_evidence,S265_CLAIM_EVIDENCE_926A8597505A18662361,cev_c21fa92e49a0
claim_evidence,S265_CLAIM_EVIDENCE_9275AB77E13A06FDA43E,cev_ed89e74ba8cc
claim_evidence,S265_CLAIM_EVIDENCE_9281EB6ACCBC1BF282E3,cev_85be924c5ccd
claim_evidence,S265_CLAIM_EVIDENCE_9286340A3DD9A7D17D96,cev_5c48ed0c79cf
claim_evidence,S265_CLAIM_EVIDENCE_92874BE431C8776516CC,cev_003227bcd00d
claim_evidence,S265_CLAIM_EVIDENCE_9289339D1CA7275008B4,cev_107b38533893
claim_evidence,S265_CLAIM_EVIDENCE_92897AD3B41C0F8EE3D5,cev_a8f65c7d0f1e
claim_evidence,S265_CLAIM_EVIDENCE_928D13036C8DFCF744EE,cev_b12066dee89d
claim_evidence,S265_CLAIM_EVIDENCE_92B0CED2BFC95BE0D9A2,cev_0ba9cb1819cd
claim_evidence,S265_CLAIM_EVIDENCE_92C1AEC20C57BDC846D4,cev_588c147ae818
claim_evidence,S265_CLAIM_EVIDENCE_92C29D77282E0BB755B4,cev_6a19c1b0e61e
claim_evidence,S265_CLAIM_EVIDENCE_92CD7B8F8AECE131F83A,cev_70c6eb01d97d
claim_evidence,S265_CLAIM_EVIDENCE_92D508D6B244A8383DF4,cev_d6ca85685007
claim_evidence,S265_CLAIM_EVIDENCE_92D90DEA17A59EB3958F,cev_5dff558156e0
claim_evidence,S265_CLAIM_EVIDENCE_92DA4A3E62BFA78E6662,cev_7f720e60af6b
claim_evidence,S265_CLAIM_EVIDENCE_92F9B614C4A2DEF250E5,cev_78c39ed666b7
claim_evidence,S265_CLAIM_EVIDENCE_9308164F2AF5CB4F6675,cev_d771e543d7ce
claim_evidence,S265_CLAIM_EVIDENCE_930D51203C4851DD7A1A,cev_66b30951f55f
claim_evidence,S265_CLAIM_EVIDENCE_930E5F48D7FC865DAB5B,cev_62ab504da335
claim_evidence,S265_CLAIM_EVIDENCE_93127E61A0842299F56F,cev_ed179bd7af3b
claim_evidence,S265_CLAIM_EVIDENCE_931E0546429750419755,cev_0f4545dde780
claim_evidence,S265_CLAIM_EVIDENCE_932DFFF26E564F2D26B8,cev_e35270698461
claim_evidence,S265_CLAIM_EVIDENCE_93357E6597E36DE15441,cev_ba95692abb49
claim_evidence,S265_CLAIM_EVIDENCE_934D8837FEB48A9C5F4C,cev_b5b103036284
claim_evidence,S265_CLAIM_EVIDENCE_934EAC167AE0B05DB0A1,cev_025cd590c103
claim_evidence,S265_CLAIM_EVIDENCE_937CF0A6BF9938C60D28,cev_b1ef8594b9b8
claim_evidence,S265_CLAIM_EVIDENCE_9382C66BFD09AE17B17A,cev_8f19c72197f5
claim_evidence,S265_CLAIM_EVIDENCE_938F5C4A98225AFAC8AA,cev_409b519d1185
claim_evidence,S265_CLAIM_EVIDENCE_9392C7166B3108A308CD,cev_ed39bba256f5
claim_evidence,S265_CLAIM_EVIDENCE_93A42398CE5700F370B3,cev_e38432ede0b1
claim_evidence,S265_CLAIM_EVIDENCE_93DFEB998376B8337A6B,cev_2972cb26be99
claim_evidence,S265_CLAIM_EVIDENCE_93F5DEFD73FF16E24422,cev_6d4be61bf7ce
claim_evidence,S265_CLAIM_EVIDENCE_93F8D098CDBB4029AA2F,cev_fdb9a0a83fd2
claim_evidence,S265_CLAIM_EVIDENCE_93FF07A98E5F8DA98E66,cev_dbd4fe7c7352
claim_evidence,S265_CLAIM_EVIDENCE_943974B2D46DE1DFC395,cev_e98b9a83da9b
claim_evidence,S265_CLAIM_EVIDENCE_9450544069604BFCE491,cev_2df5ae562ecc
claim_evidence,S265_CLAIM_EVIDENCE_94539F32115D046D1502,cev_ca380c619895
claim_evidence,S265_CLAIM_EVIDENCE_945925E6527A040445C5,cev_83e883e0af95
claim_evidence,S265_CLAIM_EVIDENCE_94601B1EEA900592AB68,cev_2f3be5f9cadb
claim_evidence,S265_CLAIM_EVIDENCE_94777C22780D6BBE42E1,cev_29e6835aba96
claim_evidence,S265_CLAIM_EVIDENCE_94A4E097C964D9764BDB,cev_336987944561
claim_evidence,S265_CLAIM_EVIDENCE_94B2F1ED366A9269472F,cev_d1e5916b6db8
claim_evidence,S265_CLAIM_EVIDENCE_94B396E7496AEDF87019,cev_f23cd03c022d
claim_evidence,S265_CLAIM_EVIDENCE_94B494D7B344CF1409B2,cev_595b55295306
claim_evidence,S265_CLAIM_EVIDENCE_94BA325EBDE445157F70,cev_5b29dd9277b8
claim_evidence,S265_CLAIM_EVIDENCE_94D0E73D1707B1F78FA4,cev_c85f89b77c2b
claim_evidence,S265_CLAIM_EVIDENCE_94ECFA0ED99E9662D0C2,cev_7e9bc4748601
claim_evidence,S265_CLAIM_EVIDENCE_94FA30FBF1D078CF9C17,cev_a5ba648ac7cb
claim_evidence,S265_CLAIM_EVIDENCE_94FE415041A18B1A1B11,cev_e906085896a7
claim_evidence,S265_CLAIM_EVIDENCE_951D3C4D25A53CBCF6E0,cev_f833db2f515d
claim_evidence,S265_CLAIM_EVIDENCE_95221A63223BE6AC6632,cev_9beefec8daca
claim_evidence,S265_CLAIM_EVIDENCE_9535F6C596949E3445D9,cev_d22946ae48b9
claim_evidence,S265_CLAIM_EVIDENCE_953F23C94589FBBE0E0A,cev_b2eb687a13c6
claim_evidence,S265_CLAIM_EVIDENCE_9540F5314E4C30FA53A1,cev_f028639bb6f4
claim_evidence,S265_CLAIM_EVIDENCE_95515C25F2635959A56F,cev_2f8ac0cda5b4
claim_evidence,S265_CLAIM_EVIDENCE_9558EB0D84529619AB53,cev_52d1acd0b4a1
claim_evidence,S265_CLAIM_EVIDENCE_957E2F38C77FAB056CF3,cev_8d4c0e81a288
claim_evidence,S265_CLAIM_EVIDENCE_95874367DAC07B682742,cev_9bc389e9c4a5
claim_evidence,S265_CLAIM_EVIDENCE_958F571B3CD069A6CA07,cev_bf9cc45a8fb9
claim_evidence,S265_CLAIM_EVIDENCE_95917D9DBCB4DA541ADF,cev_2d7ca71498ad
claim_evidence,S265_CLAIM_EVIDENCE_95971CB74F9554A80E67,cev_572ce2be544d
claim_evidence,S265_CLAIM_EVIDENCE_959EE42E0C985834D4CD,cev_bd3fca35a3b2
claim_evidence,S265_CLAIM_EVIDENCE_95FC2EFDE23AE86E0C87,cev_cdfc970e4cc9
claim_evidence,S265_CLAIM_EVIDENCE_961290411D7EA4546183,cev_f49bf7b4a079
claim_evidence,S265_CLAIM_EVIDENCE_962BFFA38A58BE02AC87,cev_7d7e5862344e
claim_evidence,S265_CLAIM_EVIDENCE_9634F8F392FE73E2276B,cev_99b75f770289
claim_evidence,S265_CLAIM_EVIDENCE_9665E8868F651DB5DC0C,cev_c19cf96cbd99
claim_evidence,S265_CLAIM_EVIDENCE_96770AA5C50E9218D656,cev_e8f775d3647f
claim_evidence,S265_CLAIM_EVIDENCE_968A1CE65BA25754036E,cev_a7687ec6be65
claim_evidence,S265_CLAIM_EVIDENCE_96911B6E173B76C2A088,cev_e9861aae4d11
claim_evidence,S265_CLAIM_EVIDENCE_969169090E20255D1285,cev_ed4048edd1c4
claim_evidence,S265_CLAIM_EVIDENCE_9693CC4F523AB428EFB8,cev_21a4aca6f3e8
claim_evidence,S265_CLAIM_EVIDENCE_969AD0EDA42CDD13ABCD,cev_01d47b001b3b
claim_evidence,S265_CLAIM_EVIDENCE_969C96BC317B5593B7E3,cev_f232b69faad7
claim_evidence,S265_CLAIM_EVIDENCE_96A11E4F1B6CB08B833C,cev_7878d291d7e2
claim_evidence,S265_CLAIM_EVIDENCE_96ADAE7F1A72BBC64E64,cev_d92db0af631c
claim_evidence,S265_CLAIM_EVIDENCE_96B40CFD34FAE07239DB,cev_ae19326a8eea
claim_evidence,S265_CLAIM_EVIDENCE_96B43F4A30388A44A9D6,cev_cc58481e41f1
claim_evidence,S265_CLAIM_EVIDENCE_96B69E4EC8BAC3B0F7BF,cev_df7f9fd31f18
claim_evidence,S265_CLAIM_EVIDENCE_96C141B6233264049A89,cev_4a39a5bb4053
claim_evidence,S265_CLAIM_EVIDENCE_96C42D0F28A1830B2A03,cev_874e5b6b5475
claim_evidence,S265_CLAIM_EVIDENCE_96D47BE57E36E8E0DF9C,cev_c0118ee4260b
claim_evidence,S265_CLAIM_EVIDENCE_96D4D079186A1E4377BB,cev_2a5071e2dc1f
claim_evidence,S265_CLAIM_EVIDENCE_96F162C5128C0055594B,cev_0082fd3e5e0d
claim_evidence,S265_CLAIM_EVIDENCE_971B28B3200174072BDA,cev_9f48ccb388a9
claim_evidence,S265_CLAIM_EVIDENCE_97273FEA220124E0004C,cev_84519671e265
claim_evidence,S265_CLAIM_EVIDENCE_97406B7D3C751F171F96,cev_2c03fb80fc1c
claim_evidence,S265_CLAIM_EVIDENCE_9750352D259E43C5157B,cev_f33925c476ee
claim_evidence,S265_CLAIM_EVIDENCE_9761F281D8D19AE18FA8,cev_cbbace74a084
claim_evidence,S265_CLAIM_EVIDENCE_9763C7290EF3EDCE0279,cev_ce1d72beaa6b
claim_evidence,S265_CLAIM_EVIDENCE_9770430B8006AE2E3541,cev_7d9ae91320d4
claim_evidence,S265_CLAIM_EVIDENCE_9772DD6E5E9AFFD1BC77,cev_942c2dd2f64b
claim_evidence,S265_CLAIM_EVIDENCE_978CEC0F14B6210A372B,cev_599d78ade3f0
claim_evidence,S265_CLAIM_EVIDENCE_97902AEE9F74765A5C2E,cev_7c222f77d96e
claim_evidence,S265_CLAIM_EVIDENCE_97E9D0D8BFD24C913C5F,cev_fa99bd307655
claim_evidence,S265_CLAIM_EVIDENCE_97EB7D0B30EF8BE533BC,cev_ae561acd9f0e
claim_evidence,S265_CLAIM_EVIDENCE_9804D5BD961FEA3174AA,cev_1313d2e12089
claim_evidence,S265_CLAIM_EVIDENCE_981A107229DBA319AE16,cev_fef9e919f76e
claim_evidence,S265_CLAIM_EVIDENCE_9871E065A51658BBA609,cev_cc040720e38c
claim_evidence,S265_CLAIM_EVIDENCE_98927CBEFBEC89B31AC7,cev_bf2c7fae3f8f
claim_evidence,S265_CLAIM_EVIDENCE_9898D6673B5280F7BBC5,cev_bdce0ed62384
claim_evidence,S265_CLAIM_EVIDENCE_98997F582F76A43CE2CB,cev_558c709b18d4
claim_evidence,S265_CLAIM_EVIDENCE_98A48CC17CBB473BC053,cev_eb0defab6861
claim_evidence,S265_CLAIM_EVIDENCE_98A6DA0E7381A8F1C9C6,cev_bb961da19103
claim_evidence,S265_CLAIM_EVIDENCE_98C12FF42D4BF4B91AA4,cev_d44a00153008
claim_evidence,S265_CLAIM_EVIDENCE_98C4AB9C12A3E75EE394,cev_7c8e35e6baae
claim_evidence,S265_CLAIM_EVIDENCE_98D5F2F0472961B41F6C,cev_0bc048925343
claim_evidence,S265_CLAIM_EVIDENCE_98DFCC4FC5F02B83A333,cev_5cdddd61e59d
claim_evidence,S265_CLAIM_EVIDENCE_9912F4584B022C2BA24A,cev_49671f09b87e
claim_evidence,S265_CLAIM_EVIDENCE_9920C92F5E23AAA07501,cev_c0b954f480d6
claim_evidence,S265_CLAIM_EVIDENCE_99248EFB6B8875A586ED,cev_c5ef56946fcc
claim_evidence,S265_CLAIM_EVIDENCE_995FD07E5D13BDA8E5C7,cev_21429375a5aa
claim_evidence,S265_CLAIM_EVIDENCE_99735B8F5E08683F665D,cev_361eb6a10156
claim_evidence,S265_CLAIM_EVIDENCE_997389B0FB07C3F7C970,cev_e999afc14569
claim_evidence,S265_CLAIM_EVIDENCE_998420491A6DF19178FC,cev_da08476dbc99
claim_evidence,S265_CLAIM_EVIDENCE_99854248E75FF866F1E3,cev_67fd81418a54
claim_evidence,S265_CLAIM_EVIDENCE_998A18501E3CE875ED82,cev_2fa20c67f698
claim_evidence,S265_CLAIM_EVIDENCE_9992D6D8E11A0750ED7B,cev_90efbbc0888c
claim_evidence,S265_CLAIM_EVIDENCE_9994B791605D00683A0C,cev_e641c61f05fd
claim_evidence,S265_CLAIM_EVIDENCE_99AB104996C53C616980,cev_b7ff6dee6fae
claim_evidence,S265_CLAIM_EVIDENCE_99C28B794FF29CB38960,cev_6272c95a0394
claim_evidence,S265_CLAIM_EVIDENCE_99D03E2D17BC3F8FBF9B,cev_8be1b6d67771
claim_evidence,S265_CLAIM_EVIDENCE_99E27F4D298C6442D857,cev_834627932380
claim_evidence,S265_CLAIM_EVIDENCE_99FF61619B36CF2B8E84,cev_bce5a1e702d4
claim_evidence,S265_CLAIM_EVIDENCE_9A04CF60E0A1DE598E8C,cev_23d9b9ce096d
claim_evidence,S265_CLAIM_EVIDENCE_9A19F1A810E97AC63C3B,cev_9ab027bf1304
claim_evidence,S265_CLAIM_EVIDENCE_9A27F31490E9F1E4D4ED,cev_a7a0e0dc8c71
claim_evidence,S265_CLAIM_EVIDENCE_9A4DC3B9922B0418B8A0,cev_a8787e078a53
claim_evidence,S265_CLAIM_EVIDENCE_9A5F19F3C7DD15E01CCA,cev_2d6697fe2761
claim_evidence,S265_CLAIM_EVIDENCE_9A7BB14B901944EDFD24,cev_dcea0cc4f250
claim_evidence,S265_CLAIM_EVIDENCE_9A858E95B35E834C8F89,cev_5b058590ae3d
claim_evidence,S265_CLAIM_EVIDENCE_9A8C2350D7CC221FB786,cev_3a79e290e93e
claim_evidence,S265_CLAIM_EVIDENCE_9A96BF65CD1CB4BC3E32,cev_d76b31fabe9e
claim_evidence,S265_CLAIM_EVIDENCE_9A9928FAD0513DCBF229,cev_f5a2585aa246
claim_evidence,S265_CLAIM_EVIDENCE_9AA769F986A8CB287927,cev_c367096a1221
claim_evidence,S265_CLAIM_EVIDENCE_9AB00210BDEF995EF1B9,cev_194bfba8809a
claim_evidence,S265_CLAIM_EVIDENCE_9AB6EC3CCFD4B037D3D4,cev_6c2d991546be
claim_evidence,S265_CLAIM_EVIDENCE_9AD18204E4C5B8E53E0D,cev_0dd85272b8ae
claim_evidence,S265_CLAIM_EVIDENCE_9AEB333CF31859D0FE67,cev_4434fe4f8d75
claim_evidence,S265_CLAIM_EVIDENCE_9AEC8ED54EFFA31B626A,cev_4233d5f1e1af
claim_evidence,S265_CLAIM_EVIDENCE_9AEDD62C09104ECAFD0D,cev_15243d75ef66
claim_evidence,S265_CLAIM_EVIDENCE_9B0B2B134799F6CA0C72,cev_89490b275ab8
claim_evidence,S265_CLAIM_EVIDENCE_9B27801236A286F7C7BE,cev_8677002ff48d
claim_evidence,S265_CLAIM_EVIDENCE_9B2B4737606A66ABAD36,cev_ea6b52a2a033
claim_evidence,S265_CLAIM_EVIDENCE_9B3FF8104B0F1AC15612,cev_9c65034116da
claim_evidence,S265_CLAIM_EVIDENCE_9B410C2E08DCF5E3E874,cev_0a316834cda3
claim_evidence,S265_CLAIM_EVIDENCE_9B45B3CBCFE4ADC58670,cev_f0a1474c510d
claim_evidence,S265_CLAIM_EVIDENCE_9B46E03DF06514F995B9,cev_0b8a5cbcd4ff
claim_evidence,S265_CLAIM_EVIDENCE_9B58C15517F98E3F8080,cev_db0bf53b8a34
claim_evidence,S265_CLAIM_EVIDENCE_9B5A1F76F8F95B241F55,cev_415874eda8bf
claim_evidence,S265_CLAIM_EVIDENCE_9B5E91219EDD00A77850,cev_2b7ca3496de8
claim_evidence,S265_CLAIM_EVIDENCE_9B5FCDD2877C06594D0A,cev_e41e407bbecf
claim_evidence,S265_CLAIM_EVIDENCE_9B6A15F15ADE6A400588,cev_76fd85eec436
claim_evidence,S265_CLAIM_EVIDENCE_9B6B6C34601B7726E7D8,cev_c00a103eb8dc
claim_evidence,S265_CLAIM_EVIDENCE_9B76F1E5AF5BAE9958B7,cev_a584048c5095
claim_evidence,S265_CLAIM_EVIDENCE_9B86B1B1E38B29B3B6E1,cev_5e2ab2bc43e3
claim_evidence,S265_CLAIM_EVIDENCE_9B93035118E04568D615,cev_d182f617fee7
claim_evidence,S265_CLAIM_EVIDENCE_9B939C2A45CAF1854E78,cev_9b3a6ca1e808
claim_evidence,S265_CLAIM_EVIDENCE_9B9AD58DAEC1BDD647C4,cev_5dc21e948629
claim_evidence,S265_CLAIM_EVIDENCE_9BAF683A99F97C5E3967,cev_a451e46bb6d0
claim_evidence,S265_CLAIM_EVIDENCE_9BD21DD12D46292AAACD,cev_0ebb90011bb7
claim_evidence,S265_CLAIM_EVIDENCE_9BE2714D64945026CE70,cev_d031b516f5df
claim_evidence,S265_CLAIM_EVIDENCE_9BEBCD25EBA5491E69F7,cev_b32627718cfb
claim_evidence,S265_CLAIM_EVIDENCE_9BF3F90B16D94A012D9A,cev_75c0647ee489
claim_evidence,S265_CLAIM_EVIDENCE_9BF90D5901C3FE1EB62A,cev_f56b7f755706
claim_evidence,S265_CLAIM_EVIDENCE_9BFCF0C96B38BD3E112C,cev_1edad53ae12a
claim_evidence,S265_CLAIM_EVIDENCE_9C1694838F38EF9CE252,cev_64370241a160
claim_evidence,S265_CLAIM_EVIDENCE_9C1D354D046C05F186FE,cev_21911c7d5b18
claim_evidence,S265_CLAIM_EVIDENCE_9C24763760B7B724FB50,cev_c7fb31494fcb
claim_evidence,S265_CLAIM_EVIDENCE_9C41E2F750877005008E,cev_e00ef9f1539c
claim_evidence,S265_CLAIM_EVIDENCE_9C6F865F0F115DD8D39E,cev_267fa7cf418a
claim_evidence,S265_CLAIM_EVIDENCE_9C70244503FB98ADD6FF,cev_c2140acfefda
claim_evidence,S265_CLAIM_EVIDENCE_9C83E297F2347F4848A9,cev_16fdff3b9a14
claim_evidence,S265_CLAIM_EVIDENCE_9CA02CC6DF2ADF963110,cev_4d095f8f6f3c
claim_evidence,S265_CLAIM_EVIDENCE_9CAD6D8AC00F28B5A1C9,cev_bd7eca4a1965
claim_evidence,S265_CLAIM_EVIDENCE_9CAF3BB9AE8A512D7F54,cev_1afaccdc89e3
claim_evidence,S265_CLAIM_EVIDENCE_9CC3EB4DB55294F295F3,cev_7289fb90f738
claim_evidence,S265_CLAIM_EVIDENCE_9CC784EA8EE479FB346A,cev_c7fd8e265b46
claim_evidence,S265_CLAIM_EVIDENCE_9CD60766E0A7912AF4CE,cev_1f69178ca79e
claim_evidence,S265_CLAIM_EVIDENCE_9CD84D89DCFA9FE755C9,cev_2f6cca941fed
claim_evidence,S265_CLAIM_EVIDENCE_9CE80F515E80866878C3,cev_b0be5b11fa94
claim_evidence,S265_CLAIM_EVIDENCE_9CECBA55C6D3B1FFE8D2,cev_1daadd9ee8c5
claim_evidence,S265_CLAIM_EVIDENCE_9CF5AD64550D50B5D4B7,cev_d310799ea8a1
claim_evidence,S265_CLAIM_EVIDENCE_9D0B7846287B6F0649E2,cev_2cf256750e24
claim_evidence,S265_CLAIM_EVIDENCE_9D21E069FC6BE567B380,cev_11d7fcd87891
claim_evidence,S265_CLAIM_EVIDENCE_9D2782D3C35F7E2DD3E1,cev_319a604ae989
claim_evidence,S265_CLAIM_EVIDENCE_9D5465C46B5E12E7D918,cev_38553da9dff3
claim_evidence,S265_CLAIM_EVIDENCE_9D6F3FDDCD86791CFD7E,cev_82175ab0849e
claim_evidence,S265_CLAIM_EVIDENCE_9D7B12B32EEE04B94787,cev_ad77a1dfe9b0
claim_evidence,S265_CLAIM_EVIDENCE_9D7B9E4D219B5E4C5812,cev_a501f62fc225
claim_evidence,S265_CLAIM_EVIDENCE_9D8FB4A03E4F025C573B,cev_752e4b46cd58
claim_evidence,S265_CLAIM_EVIDENCE_9DB0FD24BE5DEFDDABDB,cev_0679f89d7861
claim_evidence,S265_CLAIM_EVIDENCE_9DBB8DEDD5EDC169118D,cev_9254087390ce
claim_evidence,S265_CLAIM_EVIDENCE_9DCA2C4515F629C7BB25,cev_9df360657a08
claim_evidence,S265_CLAIM_EVIDENCE_9DE982F29F164D9B6D6E,cev_5101640f75f1
claim_evidence,S265_CLAIM_EVIDENCE_9DF5FE71436076BB6596,cev_093e0eb5cf3c
claim_evidence,S265_CLAIM_EVIDENCE_9DFB747165516B0B2D05,cev_aaef55c0c6e0
claim_evidence,S265_CLAIM_EVIDENCE_9E0110A1CAA8E4D9328E,cev_fa9f055b0974
claim_evidence,S265_CLAIM_EVIDENCE_9E3CD75BB951F77BF20D,cev_becc127ccb7c
claim_evidence,S265_CLAIM_EVIDENCE_9E4CFCFEA64953D9815D,cev_a9a3e852b4b3
claim_evidence,S265_CLAIM_EVIDENCE_9E7633291F5016FFC7D6,cev_35a439673d1c
claim_evidence,S265_CLAIM_EVIDENCE_9EBF14FE07BB25AA6E66,cev_3f0f0e164be6
claim_evidence,S265_CLAIM_EVIDENCE_9EDDCF032F567D438E3A,cev_d5cee2285ffe
claim_evidence,S265_CLAIM_EVIDENCE_9EE6115CD979791F05E8,cev_1d9181e3dd70
claim_evidence,S265_CLAIM_EVIDENCE_9EEF4325A157752D47C8,cev_ac43d56b6b40
claim_evidence,S265_CLAIM_EVIDENCE_9EF0635BFE5094127E38,cev_6de73cb68d80
claim_evidence,S265_CLAIM_EVIDENCE_9F0060901688662DDABE,cev_7d2721f48717
claim_evidence,S265_CLAIM_EVIDENCE_9F1282D4E8E1D0EAB6E1,cev_aa820399d69c
claim_evidence,S265_CLAIM_EVIDENCE_9F1BFBF193BA583E727F,cev_ce3ab6dfdfae
claim_evidence,S265_CLAIM_EVIDENCE_9F2F5B9F4FF4D50EEBEF,cev_847a1bcbfc08
claim_evidence,S265_CLAIM_EVIDENCE_9F34176B58BA78C97A2F,cev_0c9998b5cc8f
claim_evidence,S265_CLAIM_EVIDENCE_9F3A7DB85D55F26EDD8A,cev_72b7eab2539b
claim_evidence,S265_CLAIM_EVIDENCE_9F55C6001ED9517750ED,cev_dfcb3fa0d65f
claim_evidence,S265_CLAIM_EVIDENCE_9F6FF7FC65D9C4DB7F4F,cev_e747c1b7f81e
claim_evidence,S265_CLAIM_EVIDENCE_9F7356AEA3296A1A3A1E,cev_c67ef54bc50e
claim_evidence,S265_CLAIM_EVIDENCE_9F9359E5F313D0E09575,cev_9938e3e68312
claim_evidence,S265_CLAIM_EVIDENCE_9F9FAEA06C748478472E,cev_ca032960e3e0
claim_evidence,S265_CLAIM_EVIDENCE_9FD2F1541C38E55B4482,cev_14da89a5ce95
claim_evidence,S265_CLAIM_EVIDENCE_9FF3447D5E88EDF8B2F2,cev_3cf935c66134
claim_evidence,S265_CLAIM_EVIDENCE_9FFB1296C3A5EF38CED2,cev_dfc6b599b8b2
claim_evidence,S265_CLAIM_EVIDENCE_A00442A029607D49089F,cev_4d9e35c0a19a
claim_evidence,S265_CLAIM_EVIDENCE_A026A2E87EE2ED07FBE2,cev_a5c372f8736a
claim_evidence,S265_CLAIM_EVIDENCE_A03C171DD3F598B31F45,cev_372cb91e3571
claim_evidence,S265_CLAIM_EVIDENCE_A0521BD7AD80DCD61C97,cev_d2af86f6df04
claim_evidence,S265_CLAIM_EVIDENCE_A05C7D0196D73772AFA6,cev_8abd36214852
claim_evidence,S265_CLAIM_EVIDENCE_A05D67EB8664CD2543D5,cev_8a4f118ee1fb
claim_evidence,S265_CLAIM_EVIDENCE_A0646AC5867EB79A0B2D,cev_0dc23f656381
claim_evidence,S265_CLAIM_EVIDENCE_A070A18BB8DE7722F944,cev_123fc46d5d75
claim_evidence,S265_CLAIM_EVIDENCE_A082FBA9F7C24CC0CC0F,cev_c466370f0d20
claim_evidence,S265_CLAIM_EVIDENCE_A09EF379EC132476D16F,cev_3bfbdb06ddb8
claim_evidence,S265_CLAIM_EVIDENCE_A0B58092A077B1B72491,cev_2a8b5af9d353
claim_evidence,S265_CLAIM_EVIDENCE_A0B9D26B557BC0480064,cev_cb3caf8f2db5
claim_evidence,S265_CLAIM_EVIDENCE_A0BAE0C99A98B359F623,cev_ecd000bb8c2b
claim_evidence,S265_CLAIM_EVIDENCE_A0CA782F38A1039FE390,cev_9da3646e4126
claim_evidence,S265_CLAIM_EVIDENCE_A0D972E253E64C83C760,cev_40aadd9e31bd
claim_evidence,S265_CLAIM_EVIDENCE_A0F6A7B7691D9F0AEC06,cev_619417b270e4
claim_evidence,S265_CLAIM_EVIDENCE_A1057A20EF4935BD3D35,cev_bc878763b36b
claim_evidence,S265_CLAIM_EVIDENCE_A1270D283C1599C540DF,cev_c453328a533a
claim_evidence,S265_CLAIM_EVIDENCE_A1323B75BEF5CC037F51,cev_d85c0363a4d9
claim_evidence,S265_CLAIM_EVIDENCE_A14E8C7BDBDC62E366AD,cev_4e959af1ba56
claim_evidence,S265_CLAIM_EVIDENCE_A1504A7350D8FDFD6937,cev_d6107a5480aa
claim_evidence,S265_CLAIM_EVIDENCE_A153A87996E189CFC87D,cev_d4861c666c9e
claim_evidence,S265_CLAIM_EVIDENCE_A167CCD4F17A8A3C9B1D,cev_7c2bfd2a8bc3
claim_evidence,S265_CLAIM_EVIDENCE_A16F2A34E1BA1E6CAF82,cev_912109d48c0b
claim_evidence,S265_CLAIM_EVIDENCE_A1718B4BB921E8D6E86C,cev_47cfd5b27db7
claim_evidence,S265_CLAIM_EVIDENCE_A1776BD2AF07E7C480E2,cev_200e0cf93eca
claim_evidence,S265_CLAIM_EVIDENCE_A17D5DCFB8C1ACA1B2C0,cev_9b6f5d2c3304
claim_evidence,S265_CLAIM_EVIDENCE_A19281504810A263D07C,cev_d2830d96e37e
claim_evidence,S265_CLAIM_EVIDENCE_A1958F79A84170D3841F,cev_1411985eed36
claim_evidence,S265_CLAIM_EVIDENCE_A1A2A13F7F15B1272C9E,cev_5f71de6bf9b9
claim_evidence,S265_CLAIM_EVIDENCE_A1A5F9D845179DF60F98,cev_0fb69093070d
claim_evidence,S265_CLAIM_EVIDENCE_A1AA7079600A9586C1F7,cev_9341724d8afb
claim_evidence,S265_CLAIM_EVIDENCE_A1B058C9E6394BA45FFB,cev_3a678ebecb33
claim_evidence,S265_CLAIM_EVIDENCE_A1BF95AB1CA1169E4917,cev_e22ef3cd8279
claim_evidence,S265_CLAIM_EVIDENCE_A1DA0412819854D0BC49,cev_9bdf510e1c6f
claim_evidence,S265_CLAIM_EVIDENCE_A1E6B3A3EE2D49C3D28A,cev_8b8a7038d701
claim_evidence,S265_CLAIM_EVIDENCE_A1F27435A54B7664B22E,cev_1329a52176f5
claim_evidence,S265_CLAIM_EVIDENCE_A1FE25BB9D454E1CA877,cev_169bfb29a25e
claim_evidence,S265_CLAIM_EVIDENCE_A20DA9A4FEED5B729E78,cev_49efa8831884
claim_evidence,S265_CLAIM_EVIDENCE_A2209EC573A721575897,cev_42b9bd8864f2
claim_evidence,S265_CLAIM_EVIDENCE_A235577A929A990BE4FB,cev_9e3c69270d59
claim_evidence,S265_CLAIM_EVIDENCE_A2383CAB7DEAB1D4C942,cev_0647e7cef860
claim_evidence,S265_CLAIM_EVIDENCE_A25FBDE9A0A2BD36912E,cev_5c3bbe88ecc5
claim_evidence,S265_CLAIM_EVIDENCE_A262089BA7A50C1DC68E,cev_9c15648aab87
claim_evidence,S265_CLAIM_EVIDENCE_A278A8ACAD1EBFF7725B,cev_99f6da542ab5
claim_evidence,S265_CLAIM_EVIDENCE_A2805052CA589DABD4AD,cev_4f5835652ee8
claim_evidence,S265_CLAIM_EVIDENCE_A28B8C12F1FCB9330EC9,cev_b5b25dca253a
claim_evidence,S265_CLAIM_EVIDENCE_A28D7CFDF1FC7F942CCC,cev_8dee2fd8b76b
claim_evidence,S265_CLAIM_EVIDENCE_A28FB35607C780C33553,cev_9e4e3c7f9ff8
claim_evidence,S265_CLAIM_EVIDENCE_A299310A5DAC34E29927,cev_650458d53bfb
claim_evidence,S265_CLAIM_EVIDENCE_A299F63838B873FEB53C,cev_c12693139213
claim_evidence,S265_CLAIM_EVIDENCE_A2AC1F07ACA2ED4D2D73,cev_6926b8dfe1b3
claim_evidence,S265_CLAIM_EVIDENCE_A2B3442F10758BFB07EB,cev_0a14c9541289
claim_evidence,S265_CLAIM_EVIDENCE_A2B821B649350A07EE26,cev_23d11225736e
claim_evidence,S265_CLAIM_EVIDENCE_A2CCC9985B1FA76BB1A6,cev_563c21e016a8
claim_evidence,S265_CLAIM_EVIDENCE_A2E49B9BB40A8831BBFC,cev_e5d5ce7802be
claim_evidence,S265_CLAIM_EVIDENCE_A301AF47D188BA73DC3F,cev_7bc5fdc390d7
claim_evidence,S265_CLAIM_EVIDENCE_A3075436988E278883B3,cev_c57fb8024fc3
claim_evidence,S265_CLAIM_EVIDENCE_A30E9D247894F25B4548,cev_981652823df6
claim_evidence,S265_CLAIM_EVIDENCE_A312DB54B43A61C09BD4,cev_a38cb7ac1ff0
claim_evidence,S265_CLAIM_EVIDENCE_A3213DA473423D800622,cev_7acb52c8e2d9
claim_evidence,S265_CLAIM_EVIDENCE_A348788F6EA0BB4B3781,cev_3183f1196605
claim_evidence,S265_CLAIM_EVIDENCE_A34E97DCB13A601CBBDB,cev_7563b3ab21af
claim_evidence,S265_CLAIM_EVIDENCE_A38010A70020684EBC3E,cev_49b8fb1e573d
claim_evidence,S265_CLAIM_EVIDENCE_A38381B67CD01EEA740A,cev_65b3fbdeb689
claim_evidence,S265_CLAIM_EVIDENCE_A388D4870C7BB4366EE3,cev_747c804ce413
claim_evidence,S265_CLAIM_EVIDENCE_A3C2885E901E14925EA9,cev_c09d4359e5c2
claim_evidence,S265_CLAIM_EVIDENCE_A3CB3B258273E2D46A61,cev_1d71c63c0218
claim_evidence,S265_CLAIM_EVIDENCE_A3D5BFF326997F0D84F4,cev_a470f27c86f2
claim_evidence,S265_CLAIM_EVIDENCE_A3D639B046FA31545627,cev_3a779d28f216
claim_evidence,S265_CLAIM_EVIDENCE_A3DDB4E27DABCB9C70E2,cev_8142b822e585
claim_evidence,S265_CLAIM_EVIDENCE_A3DE5E2F8070B1B25B35,cev_28a3e9b90660
claim_evidence,S265_CLAIM_EVIDENCE_A3E1CAF8CB1BED818095,cev_2c5206a0a6fa
claim_evidence,S265_CLAIM_EVIDENCE_A3F558CD7D071E798A0D,cev_8ac265971270
claim_evidence,S265_CLAIM_EVIDENCE_A3FBD7492BBA921BD897,cev_a0cd222b8d8d
claim_evidence,S265_CLAIM_EVIDENCE_A401CC870BEE71A0A15B,cev_dea9ed55022d
claim_evidence,S265_CLAIM_EVIDENCE_A421055EB87292991001,cev_da85e8e3d7ab
claim_evidence,S265_CLAIM_EVIDENCE_A425AE7C12869B7F2D21,cev_0ef155cb8e16
claim_evidence,S265_CLAIM_EVIDENCE_A425CAA1A728EC4C034A,cev_94fa9d5db042
claim_evidence,S265_CLAIM_EVIDENCE_A42D5EBC80047B37C70A,cev_21f0947c639d
claim_evidence,S265_CLAIM_EVIDENCE_A43C555BD7BF304976AE,cev_7dcbf20f8bf3
claim_evidence,S265_CLAIM_EVIDENCE_A44A38F4B556F7F6A714,cev_918b0e453ce5
claim_evidence,S265_CLAIM_EVIDENCE_A45021F48B06C403D60E,cev_442803ba4ad4
claim_evidence,S265_CLAIM_EVIDENCE_A462CAE61487CA91FE57,cev_5b5ab306fb95
claim_evidence,S265_CLAIM_EVIDENCE_A4687A9FC0E1EF1F61AE,cev_0fbd0293e166
claim_evidence,S265_CLAIM_EVIDENCE_A47A33736726F47A9CA2,cev_d72ba70b2804
claim_evidence,S265_CLAIM_EVIDENCE_A47A990E7FBC8AA31AED,cev_7a1c0fff4d32
claim_evidence,S265_CLAIM_EVIDENCE_A481E659FF496B7E6357,cev_bc161b2f3062
claim_evidence,S265_CLAIM_EVIDENCE_A49AF18FE54B34B534DE,cev_c28e74d1ced5
claim_evidence,S265_CLAIM_EVIDENCE_A49C5068F1A73DE43391,cev_e74b8b3599a8
claim_evidence,S265_CLAIM_EVIDENCE_A4C8F1773C0D86C4C905,cev_47f931e89472
claim_evidence,S265_CLAIM_EVIDENCE_A4D455E7BE2B0ED60661,cev_5a42363dff96
claim_evidence,S265_CLAIM_EVIDENCE_A4DB38F4F393CA1289DC,cev_b76b93a5921c
claim_evidence,S265_CLAIM_EVIDENCE_A4EF3FF440A9F67E7853,cev_a5ec9ecbc08b
claim_evidence,S265_CLAIM_EVIDENCE_A4F74FD2AC1B7EF0D6D1,cev_aba676b1e80a
claim_evidence,S265_CLAIM_EVIDENCE_A514D1A2222EBF3634C0,cev_d89e1a4816f5
claim_evidence,S265_CLAIM_EVIDENCE_A514E6964DDBD1A6541B,cev_c5271c6a2bda
claim_evidence,S265_CLAIM_EVIDENCE_A52700B93976BE9C6555,cev_6b9e09e7358a
claim_evidence,S265_CLAIM_EVIDENCE_A53B811DDC8AD4D84893,cev_e4d013817c69
claim_evidence,S265_CLAIM_EVIDENCE_A53D8AE9DDAB213DCCF6,cev_a9aadba2ee67
claim_evidence,S265_CLAIM_EVIDENCE_A540F2CB7D5065354F7A,cev_1a757a7fcd9c
claim_evidence,S265_CLAIM_EVIDENCE_A54DC4C7538BF7EF74CD,cev_cb9593ebb3db
claim_evidence,S265_CLAIM_EVIDENCE_A56A9CE16A9B2CB949C3,cev_7a2067c53af0
claim_evidence,S265_CLAIM_EVIDENCE_A578A375791BF3E1C648,cev_8d2473e6574d
claim_evidence,S265_CLAIM_EVIDENCE_A58B2950D9F39BE49D86,cev_1424ebf4e9b7
claim_evidence,S265_CLAIM_EVIDENCE_A58B695DB92128CA9EAD,cev_a2e34f4d6a3b
claim_evidence,S265_CLAIM_EVIDENCE_A59642692E19CFB3E6F8,cev_e0d6199e0d69
claim_evidence,S265_CLAIM_EVIDENCE_A5A3C084AD7BEAFE51A4,cev_649f853b644c
claim_evidence,S265_CLAIM_EVIDENCE_A5B4BB2E30843FAE8776,cev_55eb93db97ca
claim_evidence,S265_CLAIM_EVIDENCE_A5C3D37ADBB87C2C6EDA,cev_60441d758ed5
claim_evidence,S265_CLAIM_EVIDENCE_A5C5DD36180199405200,cev_faa70fd36079
claim_evidence,S265_CLAIM_EVIDENCE_A5DA3934C4F9DD6CE392,cev_b701450aa9e9
claim_evidence,S265_CLAIM_EVIDENCE_A5EB32BD94E7BD970D54,cev_c75a8a83755f
claim_evidence,S265_CLAIM_EVIDENCE_A5F6D4F033AF0BD276B6,cev_4a027d064f1b
claim_evidence,S265_CLAIM_EVIDENCE_A5FEEF4DC15909F63D41,cev_cd0d62eaf609
claim_evidence,S265_CLAIM_EVIDENCE_A61537B6CEA1739F92B3,cev_e2e6eb970e00
claim_evidence,S265_CLAIM_EVIDENCE_A636F509E141CBC759C2,cev_f01091e472d4
claim_evidence,S265_CLAIM_EVIDENCE_A63FA3548E7ABC930281,cev_e090409508ff
claim_evidence,S265_CLAIM_EVIDENCE_A64935E0B94B175B022B,cev_3638948bfe83
claim_evidence,S265_CLAIM_EVIDENCE_A65AE833EA9CE14F0530,cev_252237a63e88
claim_evidence,S265_CLAIM_EVIDENCE_A65B58B3ACF0942D1028,cev_768acf9d8f60
claim_evidence,S265_CLAIM_EVIDENCE_A6745E34B51C96F5E074,cev_fd48e9b99246
claim_evidence,S265_CLAIM_EVIDENCE_A675607BEB9367ED76FF,cev_870bf8130a7e
claim_evidence,S265_CLAIM_EVIDENCE_A68725D7CBBFF6805F30,cev_e4453a946425
claim_evidence,S265_CLAIM_EVIDENCE_A694925FAA274617094E,cev_c10843d58770
claim_evidence,S265_CLAIM_EVIDENCE_A6A7A63F4CD1277C776D,cev_c2652b54633e
claim_evidence,S265_CLAIM_EVIDENCE_A6B7B5ED38ABC0FF745A,cev_f027ff4107c4
claim_evidence,S265_CLAIM_EVIDENCE_A6BC1C704CEDA1A77411,cev_2868d588df11
claim_evidence,S265_CLAIM_EVIDENCE_A6E799ADE91E06A8EC41,cev_85afbfa1c1d4
claim_evidence,S265_CLAIM_EVIDENCE_A6EC5AFBA7308E6704E0,cev_e42a456119ee
claim_evidence,S265_CLAIM_EVIDENCE_A6F4C777259C68FAF919,cev_db82f9843402
claim_evidence,S265_CLAIM_EVIDENCE_A71E3CDA21593D5601A3,cev_bb196cc0fb12
claim_evidence,S265_CLAIM_EVIDENCE_A72099D3300E97FCA7ED,cev_1474f221077b
claim_evidence,S265_CLAIM_EVIDENCE_A72660C6F078F6FA351F,cev_1bf6ddc46bfb
claim_evidence,S265_CLAIM_EVIDENCE_A729F5FECD5D569947E3,cev_1bf68af6f126
claim_evidence,S265_CLAIM_EVIDENCE_A7316DC4743B72C0F07C,cev_ec5883d0f86e
claim_evidence,S265_CLAIM_EVIDENCE_A73F506B4CC51B3249F0,cev_14d8862ac564
claim_evidence,S265_CLAIM_EVIDENCE_A754AC455E08B16A5C98,cev_2c8824a32345
claim_evidence,S265_CLAIM_EVIDENCE_A78C082845ECF71CFAD5,cev_71bc3a65e2af
claim_evidence,S265_CLAIM_EVIDENCE_A79B65F342F8462D0EBB,cev_3c1523796bdf
claim_evidence,S265_CLAIM_EVIDENCE_A79EC6175B3D0E5E9303,cev_e522d252f659
claim_evidence,S265_CLAIM_EVIDENCE_A79FD72680C28BBE57D6,cev_a53a953bd207
claim_evidence,S265_CLAIM_EVIDENCE_A7A96FA498A6F397006A,cev_fe28193d181c
claim_evidence,S265_CLAIM_EVIDENCE_A7B0FC2ED7553A09A273,cev_27fabcc51d06
claim_evidence,S265_CLAIM_EVIDENCE_A7B8329D40AB3449E378,cev_537a093a473c
claim_evidence,S265_CLAIM_EVIDENCE_A7C2036898EA13C996D2,cev_0b0fedfaa2f4
claim_evidence,S265_CLAIM_EVIDENCE_A7C7314BD0F897E44501,cev_125b4d3ab952
claim_evidence,S265_CLAIM_EVIDENCE_A7CB157CC8A776265432,cev_adba93369c91
claim_evidence,S265_CLAIM_EVIDENCE_A7D6848EC7C6E9D52742,cev_94a4fb23e996
claim_evidence,S265_CLAIM_EVIDENCE_A7D7EAE30771A6B69277,cev_89f726ad9238
claim_evidence,S265_CLAIM_EVIDENCE_A7D95F9E791D86BEF1C9,cev_988340149b39
claim_evidence,S265_CLAIM_EVIDENCE_A7DC61ACB2E44558E381,cev_ee9879224ac4
claim_evidence,S265_CLAIM_EVIDENCE_A7F792880C5F5D48601B,cev_e74a22e44ed2
claim_evidence,S265_CLAIM_EVIDENCE_A807094DC3625EAA3876,cev_f510220b18b6
claim_evidence,S265_CLAIM_EVIDENCE_A80820CCCD5662E604A5,cev_d3cd2ddeae62
claim_evidence,S265_CLAIM_EVIDENCE_A8124E1CF3F0C4E32CB4,cev_7477f1d0c5c9
claim_evidence,S265_CLAIM_EVIDENCE_A8140DA05D82D0D5C898,cev_dd310aa3cdf1
claim_evidence,S265_CLAIM_EVIDENCE_A8236FFD0369A186B159,cev_b9fa6c48dab7
claim_evidence,S265_CLAIM_EVIDENCE_A837B40D34A9C3603252,cev_af8833603589
claim_evidence,S265_CLAIM_EVIDENCE_A83B7262B123948997EC,cev_9c3e992f20c7
claim_evidence,S265_CLAIM_EVIDENCE_A8419572D4CAE03970F6,cev_9b5b604ca842
claim_evidence,S265_CLAIM_EVIDENCE_A85AD10D0260CA4E0466,cev_768724d4c22a
claim_evidence,S265_CLAIM_EVIDENCE_A8607C41677684DB6F96,cev_56ea3470e544
claim_evidence,S265_CLAIM_EVIDENCE_A86650D13E91210A1D65,cev_c8677ba532ac
claim_evidence,S265_CLAIM_EVIDENCE_A86B0285D5B5B068F386,cev_80dbd1843a0e
claim_evidence,S265_CLAIM_EVIDENCE_A86BF67CA440482F1B1A,cev_0fafab21c0fc
claim_evidence,S265_CLAIM_EVIDENCE_A87757D32F7C1C05E472,cev_df2e24bd87f1
claim_evidence,S265_CLAIM_EVIDENCE_A87D534A798EB95A1CD0,cev_9e7efdcc9009
claim_evidence,S265_CLAIM_EVIDENCE_A87FACC1E4785A458169,cev_8cd3637b7f71
claim_evidence,S265_CLAIM_EVIDENCE_A898DC9348CF4A8A3F2A,cev_bfd9efafde88
claim_evidence,S265_CLAIM_EVIDENCE_A8A6A31C15F0C8B55DDB,cev_d65d1ace99f7
claim_evidence,S265_CLAIM_EVIDENCE_A8B9DC210F082E58F5BD,cev_dd464a644e09
claim_evidence,S265_CLAIM_EVIDENCE_A8DFDEBCF4E721ED38C4,cev_1c8f6a6f22b7
claim_evidence,S265_CLAIM_EVIDENCE_A9067065C21E49CC0814,cev_f65e922afcc1
claim_evidence,S265_CLAIM_EVIDENCE_A9074E4FD242DC6B43F0,cev_7058ad16016d
claim_evidence,S265_CLAIM_EVIDENCE_A91F585B78A11AF4A2DF,cev_4e14482c3448
claim_evidence,S265_CLAIM_EVIDENCE_A9213FA6E017DDB630E1,cev_eac03dd3c994
claim_evidence,S265_CLAIM_EVIDENCE_A921C86018DDAC6BBB70,cev_04b2f1935031
claim_evidence,S265_CLAIM_EVIDENCE_A9266FFDD85C4F750BAD,cev_2621e721de3d
claim_evidence,S265_CLAIM_EVIDENCE_A92D3DED2C2446D18753,cev_f4198fdc7701
claim_evidence,S265_CLAIM_EVIDENCE_A9415235FA8198707AA1,cev_cab661f386c3
claim_evidence,S265_CLAIM_EVIDENCE_A94A3B4BB6828EB16A5A,cev_a8ac41b9d092
claim_evidence,S265_CLAIM_EVIDENCE_A95255C99AA7C0ED015D,cev_c42d2a23f60d
claim_evidence,S265_CLAIM_EVIDENCE_A966962379762FDF34E6,cev_961aa7629afb
claim_evidence,S265_CLAIM_EVIDENCE_A980CD0969308507B31C,cev_023c315a7ede
claim_evidence,S265_CLAIM_EVIDENCE_A98602419F7ED2A3805B,cev_463c403d0bba
claim_evidence,S265_CLAIM_EVIDENCE_A989102E31DFE886394A,cev_9fa8faacbf75
claim_evidence,S265_CLAIM_EVIDENCE_A98D049AA71D6932F569,cev_cf52ccd72076
claim_evidence,S265_CLAIM_EVIDENCE_A9A168D1EAF510829C94,cev_60cf82dbfa26
claim_evidence,S265_CLAIM_EVIDENCE_A9A3BCBED38117369F3B,cev_d782eec05af4
claim_evidence,S265_CLAIM_EVIDENCE_A9D1367678C00BFBBCCE,cev_b092fb2ec2a4
claim_evidence,S265_CLAIM_EVIDENCE_A9D966EDBDFC6017ED92,cev_47e05c9dac76
claim_evidence,S265_CLAIM_EVIDENCE_A9DC8ED9B67F709CDB84,cev_2e6dfb04d926
claim_evidence,S265_CLAIM_EVIDENCE_A9DF016C615541BB8A42,cev_49de71c197cb
claim_evidence,S265_CLAIM_EVIDENCE_A9E24882D02C748D392D,cev_8419379789a1
claim_evidence,S265_CLAIM_EVIDENCE_A9ED9F81754688D2A7BD,cev_0ab89bc2c12f
claim_evidence,S265_CLAIM_EVIDENCE_AA0CFE6675C9AFBADAB3,cev_e4b7f3f23476
claim_evidence,S265_CLAIM_EVIDENCE_AA13330BC5F6D485B686,cev_6b0b13c50810
claim_evidence,S265_CLAIM_EVIDENCE_AA27DC6CB397358F0B1E,cev_847eec0510fd
claim_evidence,S265_CLAIM_EVIDENCE_AA5C70EF650590E72A03,cev_78d2f2a89de6
claim_evidence,S265_CLAIM_EVIDENCE_AA85C7C0403B663C5532,cev_528779478d20
claim_evidence,S265_CLAIM_EVIDENCE_AA90EF111C55AEDE7BEF,cev_8b9abc49a233
claim_evidence,S265_CLAIM_EVIDENCE_AAAD92EC5AF0BF08F3F1,cev_82fc221f8e78
claim_evidence,S265_CLAIM_EVIDENCE_AAAF676FD3693E911C40,cev_af2db8f0e98d
claim_evidence,S265_CLAIM_EVIDENCE_AAC243DE9295CD9B8833,cev_2e7960507603
claim_evidence,S265_CLAIM_EVIDENCE_AAC2BB2D36F201504DD5,cev_8b012de90710
claim_evidence,S265_CLAIM_EVIDENCE_AAC4293D637508B7AA3B,cev_562018eb324c
claim_evidence,S265_CLAIM_EVIDENCE_AACFF70FD98B0E9ED3B6,cev_7e59722ff528
claim_evidence,S265_CLAIM_EVIDENCE_AAE1EC66C42178A04B49,cev_40ffcadcad83
claim_evidence,S265_CLAIM_EVIDENCE_AAFBE45811BB3FD03361,cev_172651414842
claim_evidence,S265_CLAIM_EVIDENCE_AB01C122A07F13382491,cev_4ed4a083c3ef
claim_evidence,S265_CLAIM_EVIDENCE_AB028406EB155E59F5BD,cev_28e091f95d1d
claim_evidence,S265_CLAIM_EVIDENCE_AB0D325373009652A24B,cev_3ac5aadaf5ac
claim_evidence,S265_CLAIM_EVIDENCE_AB136B138063C46E4A0B,cev_a18086542d24
claim_evidence,S265_CLAIM_EVIDENCE_AB191320CCA3EEA18362,cev_d8a2d7c8dec4
claim_evidence,S265_CLAIM_EVIDENCE_AB1B10E96FE2DD477CA6,cev_8dbf0e852ae3
claim_evidence,S265_CLAIM_EVIDENCE_AB1B25FD6FA5A0FFCB5D,cev_f2939dbcf23f
claim_evidence,S265_CLAIM_EVIDENCE_AB1C1699EE2C6CAAF122,cev_aac3af130d6b
claim_evidence,S265_CLAIM_EVIDENCE_AB2379E59E71CF70E0F8,cev_6991e81615cd
claim_evidence,S265_CLAIM_EVIDENCE_AB2BE0AE504F66647915,cev_39876020feba
claim_evidence,S265_CLAIM_EVIDENCE_AB311F90F7C91A353ABD,cev_2d8888e18576
claim_evidence,S265_CLAIM_EVIDENCE_AB3597E5D11579CBCA5E,cev_88e1d3c0fc7a
claim_evidence,S265_CLAIM_EVIDENCE_AB4771A19D8890D10CC3,cev_a57d29d6c969
claim_evidence,S265_CLAIM_EVIDENCE_AB49B0D04FA69994875B,cev_a0715466f5c4
claim_evidence,S265_CLAIM_EVIDENCE_AB4DE483F8CB432DB130,cev_251596619dd8
claim_evidence,S265_CLAIM_EVIDENCE_AB6DC5CF6718C2482894,cev_3c36c3f65fb2
claim_evidence,S265_CLAIM_EVIDENCE_AB7DBAA08126434AA081,cev_fa2c65a64d22
claim_evidence,S265_CLAIM_EVIDENCE_AB7E919E674DF88A324F,cev_e1dbe416074c
claim_evidence,S265_CLAIM_EVIDENCE_ABA503F50EC9B7427B56,cev_c838a88f02de
claim_evidence,S265_CLAIM_EVIDENCE_ABA5F4B10E5F091776F8,cev_2d9b404f13d6
claim_evidence,S265_CLAIM_EVIDENCE_ABF85D3CEDEC63B9ED89,cev_3087facd44a0
claim_evidence,S265_CLAIM_EVIDENCE_AC12F38135479EF860CC,cev_7675ba5d5e82
claim_evidence,S265_CLAIM_EVIDENCE_AC1546040B83EAC8E82B,cev_4b38371a75f7
claim_evidence,S265_CLAIM_EVIDENCE_AC16357F9464232EFB90,cev_78c4296797eb
claim_evidence,S265_CLAIM_EVIDENCE_AC2B2482578BFE5ACCA4,cev_6ff00652f56a
claim_evidence,S265_CLAIM_EVIDENCE_AC3A17E4F67CA7634D03,cev_0831b57b256f
claim_evidence,S265_CLAIM_EVIDENCE_AC4E615812FBFA54F958,cev_bbc5624db29f
claim_evidence,S265_CLAIM_EVIDENCE_AC5A1B8DFD89C079CBEB,cev_32980936c09f
claim_evidence,S265_CLAIM_EVIDENCE_AC5E181A9BCF9E0CA722,cev_5bf998cecf1e
claim_evidence,S265_CLAIM_EVIDENCE_AC6EEC67AB56BE054864,cev_ee734dd82476
claim_evidence,S265_CLAIM_EVIDENCE_ACA963B3335DAAC8B0AA,cev_f98acb0e19b0
claim_evidence,S265_CLAIM_EVIDENCE_ACB7CB9EF82054B6182A,cev_e059e6559e7d
claim_evidence,S265_CLAIM_EVIDENCE_ACCC692C917FF9368C75,cev_7259e55b56ec
claim_evidence,S265_CLAIM_EVIDENCE_ACCE16335BC8AF9FDFAF,cev_0433624becb8
claim_evidence,S265_CLAIM_EVIDENCE_ACCF1944BEC8B35AEB0B,cev_e82a6048fed5
claim_evidence,S265_CLAIM_EVIDENCE_ACD2EBB9CA7B188B3988,cev_cfe2896a4243
claim_evidence,S265_CLAIM_EVIDENCE_ACE5D1FEDFF3247B1664,cev_2326d273c999
claim_evidence,S265_CLAIM_EVIDENCE_ACE60335B5E77C62CDD6,cev_05a176c3d2ed
claim_evidence,S265_CLAIM_EVIDENCE_ACE640833F223E8BBA47,cev_84e5edc05ceb
claim_evidence,S265_CLAIM_EVIDENCE_AD2802353616E0BBE7FA,cev_7e7bbb7338d6
claim_evidence,S265_CLAIM_EVIDENCE_AD2C7DFD45B640AEBCDD,cev_2b51d6dbb51d
claim_evidence,S265_CLAIM_EVIDENCE_AD3C31DD3C8EF512A9AB,cev_297b9d1de28f
claim_evidence,S265_CLAIM_EVIDENCE_AD43AB416F817C3EFB1C,cev_e7e3ab718422
claim_evidence,S265_CLAIM_EVIDENCE_AD6C0D76D2BA30868FE8,cev_2d226083c8ed
claim_evidence,S265_CLAIM_EVIDENCE_AD7B3E93598809C3F4CD,cev_bbdc51803909
claim_evidence,S265_CLAIM_EVIDENCE_AD887DBF84639B663CBD,cev_290813de6130
claim_evidence,S265_CLAIM_EVIDENCE_AD9F3D3938C6390F4EDC,cev_691f8517e0b8
claim_evidence,S265_CLAIM_EVIDENCE_ADA798C73FEFA6CACC91,cev_7a1c105733b7
claim_evidence,S265_CLAIM_EVIDENCE_ADA9176B926BCFB98E65,cev_e0940fbd635b
claim_evidence,S265_CLAIM_EVIDENCE_ADB35FA12404AD5231C6,cev_566d30c909ef
claim_evidence,S265_CLAIM_EVIDENCE_ADD4F38164B7FF5EB4B6,cev_7d857cea21ae
claim_evidence,S265_CLAIM_EVIDENCE_ADD7DE2549216238C437,cev_621c95a3e216
claim_evidence,S265_CLAIM_EVIDENCE_ADDB99DB451196F2E0A5,cev_a0361cc1e425
claim_evidence,S265_CLAIM_EVIDENCE_ADDC66A90D47490E334B,cev_892f5408b9da
claim_evidence,S265_CLAIM_EVIDENCE_ADF10B980CE8EB1A5634,cev_da340f7230ce
claim_evidence,S265_CLAIM_EVIDENCE_AE018178ACAEDB80FA5A,cev_f739e77ac343
claim_evidence,S265_CLAIM_EVIDENCE_AE025D4554572788D2EE,cev_f3e81fcc8611
claim_evidence,S265_CLAIM_EVIDENCE_AE198DFB1A9A08DAA525,cev_4e6c9f6168d3
claim_evidence,S265_CLAIM_EVIDENCE_AE23EED37B6964AE6460,cev_61a66e0e97e4
claim_evidence,S265_CLAIM_EVIDENCE_AE273B4D9BEA7C800271,cev_b1374c84d389
claim_evidence,S265_CLAIM_EVIDENCE_AE2C222F252C110EBB0A,cev_45667a80b803
claim_evidence,S265_CLAIM_EVIDENCE_AE352E50F2F7DB2DB145,cev_844645dcf9f1
claim_evidence,S265_CLAIM_EVIDENCE_AE3BF35F011145F980D4,cev_e3f16b0e7eeb
claim_evidence,S265_CLAIM_EVIDENCE_AE5D063510447EE58B8C,cev_1beedb5e75ea
claim_evidence,S265_CLAIM_EVIDENCE_AE786912EF0B944DFE0B,cev_8320d3d8cb09
claim_evidence,S265_CLAIM_EVIDENCE_AE7957A6AD3148852817,cev_4607b9198414
claim_evidence,S265_CLAIM_EVIDENCE_AE7AE1C6462D89B27EEC,cev_3c33e661f3b8
claim_evidence,S265_CLAIM_EVIDENCE_AE9E6CD4F71A9C6DEBD4,cev_86527b16a5c7
claim_evidence,S265_CLAIM_EVIDENCE_AEC98DC1D78C0C2C4EE1,cev_4cc146cbafcb
claim_evidence,S265_CLAIM_EVIDENCE_AECC1F9161D0E9E77CD8,cev_4628ccaf3636
claim_evidence,S265_CLAIM_EVIDENCE_AED4C27980DDDB5CAD4D,cev_d6353773a931
claim_evidence,S265_CLAIM_EVIDENCE_AED69583E49D79F2451B,cev_a4cdf6579d7d
claim_evidence,S265_CLAIM_EVIDENCE_AED85DEDA4F9405EAABB,cev_8c89ce31d369
claim_evidence,S265_CLAIM_EVIDENCE_AEE14CAD6B7130C921D3,cev_7d24f0a6bc29
claim_evidence,S265_CLAIM_EVIDENCE_AEF6252481FC1D3AD329,cev_4a2d3c1f1333
claim_evidence,S265_CLAIM_EVIDENCE_AEF9E1A2F8541E227202,cev_66f9136b0998
claim_evidence,S265_CLAIM_EVIDENCE_AEFA78D076AF08332B68,cev_bc987a676009
claim_evidence,S265_CLAIM_EVIDENCE_AF02FEC7B92ED1ABAB8F,cev_b7ad2636549d
claim_evidence,S265_CLAIM_EVIDENCE_AF233C534CDD78991FF3,cev_6b46e26c9cfd
claim_evidence,S265_CLAIM_EVIDENCE_AF2B2828CECDC0103E0D,cev_8b1a17bea0a4
claim_evidence,S265_CLAIM_EVIDENCE_AF39491B4EC7A02C1E7A,cev_b8aa55fdd4db
claim_evidence,S265_CLAIM_EVIDENCE_AF5253D73A835A450E88,cev_5fe60b401acf
claim_evidence,S265_CLAIM_EVIDENCE_AF6628C4AADBD54BF7FF,cev_c35a2e4c4e27
claim_evidence,S265_CLAIM_EVIDENCE_AF6666003C3C334C35C1,cev_9f0e233f75c7
claim_evidence,S265_CLAIM_EVIDENCE_AF792490FCC4DF901C90,cev_364d93a24468
claim_evidence,S265_CLAIM_EVIDENCE_AF799A51C8FFF558C34E,cev_37ec64bd0115
claim_evidence,S265_CLAIM_EVIDENCE_AF81F36EF70FA6069C9D,cev_e06072e68748
claim_evidence,S265_CLAIM_EVIDENCE_AFCAF64B2AD44EB2D563,cev_a7f0375950df
claim_evidence,S265_CLAIM_EVIDENCE_AFCF883636EE8474032F,cev_fc23329e3799
claim_evidence,S265_CLAIM_EVIDENCE_AFD0A996E26B692B6432,cev_d9a881dfdd7a
claim_evidence,S265_CLAIM_EVIDENCE_AFD652FA265FB933EC2B,cev_963d451350a4
claim_evidence,S265_CLAIM_EVIDENCE_AFEE9963901BD34685E3,cev_16c284ea296a
claim_evidence,S265_CLAIM_EVIDENCE_AFF1EF649B28070D040B,cev_7792caa560a5
claim_evidence,S265_CLAIM_EVIDENCE_AFF3EC61AF91CAF4A50A,cev_b1199c3832c7
claim_evidence,S265_CLAIM_EVIDENCE_AFFDECF960886A0309B3,cev_352a2ebd583d
claim_evidence,S265_CLAIM_EVIDENCE_B00AD7893F70F2F297AB,cev_1a8cfcf8c940
claim_evidence,S265_CLAIM_EVIDENCE_B012F993277DC67CEF98,cev_3c61a0d186a5
claim_evidence,S265_CLAIM_EVIDENCE_B01943D2DB89DE1AC3EF,cev_3f366110e3e3
claim_evidence,S265_CLAIM_EVIDENCE_B03242EFEECDF1BB0978,cev_dbe6e5462ac4
claim_evidence,S265_CLAIM_EVIDENCE_B03D2B53B1F183B8CEEE,cev_6e7cf04b035d
claim_evidence,S265_CLAIM_EVIDENCE_B061C8A8E9780D2D7793,cev_ae60282a5a0e
claim_evidence,S265_CLAIM_EVIDENCE_B08AE4BE7DBDC3609B34,cev_4d4d17d7e8d8
claim_evidence,S265_CLAIM_EVIDENCE_B08D886E2A79B5153025,cev_3cdeaac1cec8
claim_evidence,S265_CLAIM_EVIDENCE_B094C409CDA68A46922C,cev_debb22ad7748
claim_evidence,S265_CLAIM_EVIDENCE_B0968DBDACB2A08E641B,cev_5fb28827c6d0
claim_evidence,S265_CLAIM_EVIDENCE_B0B1B7F7A459B47B3075,cev_511dc63783fa
claim_evidence,S265_CLAIM_EVIDENCE_B0D30D23FEEEBE61DE3F,cev_3698c7f4d03b
claim_evidence,S265_CLAIM_EVIDENCE_B0D7159AB89137A5F7EE,cev_7c1f7812e7e4
claim_evidence,S265_CLAIM_EVIDENCE_B0F3A6D08C3065B91648,cev_e7b24ce905e2
claim_evidence,S265_CLAIM_EVIDENCE_B0FADF0874E8336F136A,cev_a42c07de43a1
claim_evidence,S265_CLAIM_EVIDENCE_B1248416E72D7FC1190A,cev_07b62e1ed852
claim_evidence,S265_CLAIM_EVIDENCE_B12F144ED8F932675405,cev_5772dead43c7
claim_evidence,S265_CLAIM_EVIDENCE_B15D279035341D61300F,cev_c1ee95462900
claim_evidence,S265_CLAIM_EVIDENCE_B1736C2408368C2295E2,cev_ca40ae98b075
claim_evidence,S265_CLAIM_EVIDENCE_B179DFC016A94577C978,cev_44ddc32ab127
claim_evidence,S265_CLAIM_EVIDENCE_B1841E6A05CA2C41EFA2,cev_05d2da15189b
claim_evidence,S265_CLAIM_EVIDENCE_B195D5EE467ED7A37333,cev_e482469026e6
claim_evidence,S265_CLAIM_EVIDENCE_B19FF091350190F0E7FF,cev_3b905fb57b59
claim_evidence,S265_CLAIM_EVIDENCE_B1B9718057CE050C0215,cev_4413cdec6975
claim_evidence,S265_CLAIM_EVIDENCE_B1BE8BCAAEEA43F73CF8,cev_edf37314b791
claim_evidence,S265_CLAIM_EVIDENCE_B1D5C38EACA415E589EE,cev_48960fd0611e
claim_evidence,S265_CLAIM_EVIDENCE_B1F274C3DDFAB013063D,cev_46c88899c601
claim_evidence,S265_CLAIM_EVIDENCE_B1F4EE3545E4F27BF994,cev_f64267afcfd3
claim_evidence,S265_CLAIM_EVIDENCE_B204399AC63460ABACBA,cev_5ae704afcf2b
claim_evidence,S265_CLAIM_EVIDENCE_B2159C06D2F2A243CAD9,cev_8d9b281eb830
claim_evidence,S265_CLAIM_EVIDENCE_B215FDE86DC443793BAF,cev_125b5b34b533
claim_evidence,S265_CLAIM_EVIDENCE_B2462A762A308BA33309,cev_cc43487b9585
claim_evidence,S265_CLAIM_EVIDENCE_B251E7CDB494101160D6,cev_28e73b7fc35b
claim_evidence,S265_CLAIM_EVIDENCE_B2612AC13494708DBF9A,cev_91c23546b521
claim_evidence,S265_CLAIM_EVIDENCE_B2696E62E17EA59785CF,cev_40daeb72bfc8
claim_evidence,S265_CLAIM_EVIDENCE_B2764A1AA52A075C5FDC,cev_fb084dbb6090
claim_evidence,S265_CLAIM_EVIDENCE_B2888A94BDEAE9EB1808,cev_531cb53466d8
claim_evidence,S265_CLAIM_EVIDENCE_B28EC2E74339EB1E808B,cev_879557d728a9
claim_evidence,S265_CLAIM_EVIDENCE_B29B28548829AF6D6561,cev_9804480e16c6
claim_evidence,S265_CLAIM_EVIDENCE_B2BB8B58D9C653674123,cev_ff58d39e6c1f
claim_evidence,S265_CLAIM_EVIDENCE_B2C16E6533BA9D4D0303,cev_2cbe410057a6
claim_evidence,S265_CLAIM_EVIDENCE_B2C5232642006B7189EB,cev_78a2a7b012b9
claim_evidence,S265_CLAIM_EVIDENCE_B2C8845CCF9AC9213503,cev_597ad887dd59
claim_evidence,S265_CLAIM_EVIDENCE_B2E348896F57A8C3015A,cev_dc03c9e6e466
claim_evidence,S265_CLAIM_EVIDENCE_B2EBB052B9714DA66732,cev_af64379b6be8
claim_evidence,S265_CLAIM_EVIDENCE_B2FC3967EA2A7174FCD6,cev_2cff1fb45c05
claim_evidence,S265_CLAIM_EVIDENCE_B309516139BEC01EB8D9,cev_7e1edcd39fc8
claim_evidence,S265_CLAIM_EVIDENCE_B31E0477803BDB6D2545,cev_c213bdd9293b
claim_evidence,S265_CLAIM_EVIDENCE_B32DBE3BD8CF9EDAFFD5,cev_e148848c4859
claim_evidence,S265_CLAIM_EVIDENCE_B330CA81E2904A12ABBF,cev_21b64fb41ce8
claim_evidence,S265_CLAIM_EVIDENCE_B347CD18CA608A358FDE,cev_1e7d82934969
claim_evidence,S265_CLAIM_EVIDENCE_B34C0146D8CE96494DD1,cev_1b1fc3e7b6d0
claim_evidence,S265_CLAIM_EVIDENCE_B352B7B0E1A3DA1E9B66,cev_fa4ba879a2c3
claim_evidence,S265_CLAIM_EVIDENCE_B36313464B42B82E4B4C,cev_4286815aab6f
claim_evidence,S265_CLAIM_EVIDENCE_B38584D54502052243B0,cev_f6ecb7b5a464
claim_evidence,S265_CLAIM_EVIDENCE_B38D4E5B61873C6CE455,cev_4095d9b829c9
claim_evidence,S265_CLAIM_EVIDENCE_B3A4D2C5FB42C1ED9412,cev_d8ced18bcef0
claim_evidence,S265_CLAIM_EVIDENCE_B3A54B0CBFB53B5E2F8F,cev_5126b95b8e89
claim_evidence,S265_CLAIM_EVIDENCE_B3B09E3AE70FC67E7AAC,cev_e7ae34aa9966
claim_evidence,S265_CLAIM_EVIDENCE_B3BA1B5174638444C581,cev_79cd6fde83fb
claim_evidence,S265_CLAIM_EVIDENCE_B3C1D787105D8C4FBFC2,cev_366809dcb6a4
claim_evidence,S265_CLAIM_EVIDENCE_B3C328973DF053F83271,cev_9d3ab84a1edd
claim_evidence,S265_CLAIM_EVIDENCE_B3D7B5D08215DD2892EB,cev_c46bed09e889
claim_evidence,S265_CLAIM_EVIDENCE_B3E8418498B4577B3238,cev_bb4668275182
claim_evidence,S265_CLAIM_EVIDENCE_B4196CDB44CACF5271AE,cev_0ad3e2830558
claim_evidence,S265_CLAIM_EVIDENCE_B41F92C904F3B72D86BE,cev_13f382ce6258
claim_evidence,S265_CLAIM_EVIDENCE_B42DE45DDEE33BEABA50,cev_f742970226fe
claim_evidence,S265_CLAIM_EVIDENCE_B43DAA91850A8B3AD5F6,cev_4bee312ce161
claim_evidence,S265_CLAIM_EVIDENCE_B43E59F69EE5E4B83AE4,cev_a978def964a5
claim_evidence,S265_CLAIM_EVIDENCE_B44B101E6408B5A6446F,cev_7a530e2e9a4c
claim_evidence,S265_CLAIM_EVIDENCE_B44EC683F8B04542ED72,cev_fab21c32a7d9
claim_evidence,S265_CLAIM_EVIDENCE_B451582F6CFC45D12054,cev_8c7cf4d9ffd7
claim_evidence,S265_CLAIM_EVIDENCE_B4609B23E4713ADCBE5D,cev_41b1721b2248
claim_evidence,S265_CLAIM_EVIDENCE_B478312CD043B08F26F9,cev_fdecea0e0336
claim_evidence,S265_CLAIM_EVIDENCE_B485EA3B2048402F8294,cev_9b043a9ba41f
claim_evidence,S265_CLAIM_EVIDENCE_B48EE8B684F787E23C32,cev_5fa2f6a1aed9
claim_evidence,S265_CLAIM_EVIDENCE_B49DC1A7389587EF3E08,cev_34f0d3a9f992
claim_evidence,S265_CLAIM_EVIDENCE_B4C05301FA73D6686843,cev_89fca9599100
claim_evidence,S265_CLAIM_EVIDENCE_B4C09195108DDBF006B5,cev_667ff2ff08d7
claim_evidence,S265_CLAIM_EVIDENCE_B4E21E90E2E86D863E6E,cev_37aa5e20633d
claim_evidence,S265_CLAIM_EVIDENCE_B4F18D5455B422D05B74,cev_ffdef15f47be
claim_evidence,S265_CLAIM_EVIDENCE_B4F864F100E67CC83181,cev_99ef2cdb666d
claim_evidence,S265_CLAIM_EVIDENCE_B503E65F8837404C2644,cev_b436867816c9
claim_evidence,S265_CLAIM_EVIDENCE_B51B5257D18E42F5B251,cev_3b7df9097258
claim_evidence,S265_CLAIM_EVIDENCE_B52B4119869EC589E2CB,cev_fae83e8885c6
claim_evidence,S265_CLAIM_EVIDENCE_B530C0C2E5FFCD62BB61,cev_f128088c1c61
claim_evidence,S265_CLAIM_EVIDENCE_B545B286CDE10B32F836,cev_0b2c8827d72f
claim_evidence,S265_CLAIM_EVIDENCE_B54647909A9A4DF04DF5,cev_0188d01eb9a2
claim_evidence,S265_CLAIM_EVIDENCE_B55906E436BD9A2D461C,cev_9ec4c4a99215
claim_evidence,S265_CLAIM_EVIDENCE_B566A3FECB8D9BF9DF4B,cev_dea9ae4401fa
claim_evidence,S265_CLAIM_EVIDENCE_B568B2A2083E4D3616B8,cev_b0e8cd8e7728
claim_evidence,S265_CLAIM_EVIDENCE_B574CEA2526F2A25787E,cev_727bdb501894
claim_evidence,S265_CLAIM_EVIDENCE_B59637F4970B3777BACE,cev_83aaaad0db0e
claim_evidence,S265_CLAIM_EVIDENCE_B59A18748BF51E557EB9,cev_92f6853e97d3
claim_evidence,S265_CLAIM_EVIDENCE_B59A2C07AD986FCC2DCD,cev_a26fe5a3d809
claim_evidence,S265_CLAIM_EVIDENCE_B5AAD7E69A73D05065D3,cev_053bcc8ad3c9
claim_evidence,S265_CLAIM_EVIDENCE_B5B4A61B992BFFD79101,cev_4af8f87fcdbb
claim_evidence,S265_CLAIM_EVIDENCE_B5C3AE1B07B242BB7AB9,cev_c0d0db5ff4b0
claim_evidence,S265_CLAIM_EVIDENCE_B5C60A88B4D62DCA3598,cev_c8371c754d23
claim_evidence,S265_CLAIM_EVIDENCE_B5D15A567F6F8FF63DC0,cev_8d15ba65faf5
claim_evidence,S265_CLAIM_EVIDENCE_B5E7C0710E644D2C20AC,cev_744dd6620ec4
claim_evidence,S265_CLAIM_EVIDENCE_B61ED8A0C2DF9CC6C3FF,cev_a52d97e67602
claim_evidence,S265_CLAIM_EVIDENCE_B6268AFCE4175A4498C8,cev_fe369f175a31
claim_evidence,S265_CLAIM_EVIDENCE_B628D5749A6792938A3E,cev_2f32793674c2
claim_evidence,S265_CLAIM_EVIDENCE_B62E60AAC4329F7CB8FA,cev_9c1d60298cf7
claim_evidence,S265_CLAIM_EVIDENCE_B645E99900E25E8D55DE,cev_cf2f6fa1170e
claim_evidence,S265_CLAIM_EVIDENCE_B678D73D3F60A8B9B9CA,cev_845ff5d2c5eb
claim_evidence,S265_CLAIM_EVIDENCE_B691F6690B3E44714ADF,cev_181c96ecb327
claim_evidence,S265_CLAIM_EVIDENCE_B69593E1C4B6827329BE,cev_7d65b9fe1ff9
claim_evidence,S265_CLAIM_EVIDENCE_B696B52236A450D00CAE,cev_edb7ed51b607
claim_evidence,S265_CLAIM_EVIDENCE_B6A7850F8669243BBD49,cev_cc9214394e3c
claim_evidence,S265_CLAIM_EVIDENCE_B6AD400F6755870D7E37,cev_ab5d9ecb75ba
claim_evidence,S265_CLAIM_EVIDENCE_B6BCEE686025190DB6D9,cev_4a8d96453c53
claim_evidence,S265_CLAIM_EVIDENCE_B6D395E927833E06B859,cev_3045b996efce
claim_evidence,S265_CLAIM_EVIDENCE_B6EC872ED6C9569A3DB1,cev_79e1196ed42a
claim_evidence,S265_CLAIM_EVIDENCE_B6F0F8F5BE4BD61D4CCA,cev_879869db5644
claim_evidence,S265_CLAIM_EVIDENCE_B6FAF7068D53A9DD2DD5,cev_fb3cc380b5f1
claim_evidence,S265_CLAIM_EVIDENCE_B71494C2952B63DBE596,cev_d188bcd19abf
claim_evidence,S265_CLAIM_EVIDENCE_B72330285E9B930A226D,cev_2b33236ec112
claim_evidence,S265_CLAIM_EVIDENCE_B7246C467B5DA3AF02F6,cev_05ef8fdc4b8e
claim_evidence,S265_CLAIM_EVIDENCE_B7287A0460F2E1B8A5B4,cev_5a27816c9d0f
claim_evidence,S265_CLAIM_EVIDENCE_B7337ABEDA4B328A6210,cev_3093eee44838
claim_evidence,S265_CLAIM_EVIDENCE_B741A011653071889C02,cev_5d4b652fc2e2
claim_evidence,S265_CLAIM_EVIDENCE_B76356C83E8CF9C9D68D,cev_5c93f54ef979
claim_evidence,S265_CLAIM_EVIDENCE_B76475AF55065B5EA641,cev_c72f3b12ccd7
claim_evidence,S265_CLAIM_EVIDENCE_B77229C758B8C7BAB949,cev_5fa2339792db
claim_evidence,S265_CLAIM_EVIDENCE_B78B8263DFF288CE1F2E,cev_d62b74b52cc3
claim_evidence,S265_CLAIM_EVIDENCE_B793D7D4A126ED7D47A8,cev_c4a4a633cfaf
claim_evidence,S265_CLAIM_EVIDENCE_B7A3CE8734B04CC151C5,cev_37d6ff4dfe0d
claim_evidence,S265_CLAIM_EVIDENCE_B7BADAB5FBD2611412E6,cev_c26b83fde144
claim_evidence,S265_CLAIM_EVIDENCE_B7E398DFBE7009FBED0A,cev_bc37046d2c08
claim_evidence,S265_CLAIM_EVIDENCE_B7ECA684CAAEBA519393,cev_705a717a3869
claim_evidence,S265_CLAIM_EVIDENCE_B7F43138CD754C152519,cev_53f86f797859
claim_evidence,S265_CLAIM_EVIDENCE_B818D7166A3466496EEA,cev_bbdee80d2910
claim_evidence,S265_CLAIM_EVIDENCE_B841CE93B9A4E74F431B,cev_aac5a085c191
claim_evidence,S265_CLAIM_EVIDENCE_B85F36DD2FF66ED5A5FD,cev_de32cdb9f71c
claim_evidence,S265_CLAIM_EVIDENCE_B873CD0205942EFEE404,cev_ec5df2b5c4d9
claim_evidence,S265_CLAIM_EVIDENCE_B885C31BB08BB7B5988D,cev_2d569ef82cb4
claim_evidence,S265_CLAIM_EVIDENCE_B89E56F83F48F197E031,cev_3f1277fe6a7c
claim_evidence,S265_CLAIM_EVIDENCE_B8A63736D0C36FDB1520,cev_61899efa6a4a
claim_evidence,S265_CLAIM_EVIDENCE_B8ACA62D2C22CE1F5ED1,cev_0c9401db2f93
claim_evidence,S265_CLAIM_EVIDENCE_B8BC91EBC7C4D542E925,cev_2a60f03a1f23
claim_evidence,S265_CLAIM_EVIDENCE_B8C98F664C9599A9D16D,cev_8c299e4ca801
claim_evidence,S265_CLAIM_EVIDENCE_B8DAA211D4879E447146,cev_6714d96028fb
claim_evidence,S265_CLAIM_EVIDENCE_B8F943F1970909B2DA33,cev_7ff7f1f9a166
claim_evidence,S265_CLAIM_EVIDENCE_B905E6DF2D209843096A,cev_8d9a0f1b109d
claim_evidence,S265_CLAIM_EVIDENCE_B920A73C17160B7C8C80,cev_3f68b126294e
claim_evidence,S265_CLAIM_EVIDENCE_B928A11E22540C4A5A1D,cev_eb4d13a9a670
claim_evidence,S265_CLAIM_EVIDENCE_B9587625D9F879EC01B1,cev_b6c618cca17b
claim_evidence,S265_CLAIM_EVIDENCE_B9711995655E7AEA2026,cev_ba6ac3e0e3e7
claim_evidence,S265_CLAIM_EVIDENCE_B9A9FEEA99FCA034D283,cev_d7c52699e929
claim_evidence,S265_CLAIM_EVIDENCE_B9AEA9FC2F2D6EEE0453,cev_f29fad9d51df
claim_evidence,S265_CLAIM_EVIDENCE_B9C499627A2A03180CAC,cev_4b33cc64d132
claim_evidence,S265_CLAIM_EVIDENCE_B9DAFC52919CA1BA3A89,cev_882fa2728fd9
claim_evidence,S265_CLAIM_EVIDENCE_B9F1B3ECFC26001C212C,cev_036f2855aae7
claim_evidence,S265_CLAIM_EVIDENCE_B9F32899E8296AA21033,cev_75682e1354a0
claim_evidence,S265_CLAIM_EVIDENCE_B9F4295D04F7D1B00507,cev_109f3076f2f6
claim_evidence,S265_CLAIM_EVIDENCE_BA0586B6EDA3BEFF8172,cev_679dabe1f66d
claim_evidence,S265_CLAIM_EVIDENCE_BA0EB00995E16EC27BFB,cev_444aa9dd0343
claim_evidence,S265_CLAIM_EVIDENCE_BA10035F800D7AE01FB1,cev_9b4c21d4b91a
claim_evidence,S265_CLAIM_EVIDENCE_BA14CC257A48BFADCEDE,cev_5b78d82d6bbc
claim_evidence,S265_CLAIM_EVIDENCE_BA2083AAD7DDED8A8465,cev_107de798bee7
claim_evidence,S265_CLAIM_EVIDENCE_BA208D41E2AA9CC553F8,cev_b7603acd7cda
claim_evidence,S265_CLAIM_EVIDENCE_BA2D2A36B8B53725BEE5,cev_4443f084a3b7
claim_evidence,S265_CLAIM_EVIDENCE_BA39E49AEEAFE7D1D83E,cev_9f2b1e83fd33
claim_evidence,S265_CLAIM_EVIDENCE_BA40EC3375F5BA9A9FBB,cev_9fef82c4d910
claim_evidence,S265_CLAIM_EVIDENCE_BA4E6D6669A7B10D4F87,cev_0f0e6d0692a2
claim_evidence,S265_CLAIM_EVIDENCE_BA5F6AEB55A79AAB6D9A,cev_5b9c5aa73ea3
claim_evidence,S265_CLAIM_EVIDENCE_BA661A5FFF420FD34F2F,cev_c8e0afdbfb25
claim_evidence,S265_CLAIM_EVIDENCE_BA7291711BD6EA94F926,cev_69ed231737fc
claim_evidence,S265_CLAIM_EVIDENCE_BA8EFBC297ABA88A7DD7,cev_bb58d0118454
claim_evidence,S265_CLAIM_EVIDENCE_BA930613FD6989A688F2,cev_11a512bc37f2
claim_evidence,S265_CLAIM_EVIDENCE_BA9652CEFC2A3A4E18AA,cev_001a701e9058
claim_evidence,S265_CLAIM_EVIDENCE_BA9DC9FB36B0BE6046FC,cev_ef207565448e
claim_evidence,S265_CLAIM_EVIDENCE_BAA3A3EAF0C4C6531CEE,cev_f796df6ee523
claim_evidence,S265_CLAIM_EVIDENCE_BAFA3EBB29BF6D03032E,cev_8f351517c314
claim_evidence,S265_CLAIM_EVIDENCE_BAFA3F0CB2B2A02410D0,cev_fb8c5283f190
claim_evidence,S265_CLAIM_EVIDENCE_BAFC9EF3513309256A99,cev_be774e3245c0
claim_evidence,S265_CLAIM_EVIDENCE_BB07B9AC7658E4212DCD,cev_ac49f67183d3
claim_evidence,S265_CLAIM_EVIDENCE_BB11BDB4F20EE310FBF9,cev_dacae7799e04
claim_evidence,S265_CLAIM_EVIDENCE_BB11E2600ED6D60DB01B,cev_c716efda9c85
claim_evidence,S265_CLAIM_EVIDENCE_BB202648383065D30673,cev_52bfe5ac8955
claim_evidence,S265_CLAIM_EVIDENCE_BB27CD2B87751CF067DA,cev_2eb0a444f25b
claim_evidence,S265_CLAIM_EVIDENCE_BB300FBEDCB481D9481A,cev_7be9f610636b
claim_evidence,S265_CLAIM_EVIDENCE_BB38456BA519AE809AA5,cev_e7263847c1dd
claim_evidence,S265_CLAIM_EVIDENCE_BB717E2EF5881793E2AE,cev_cb28d6c1c25c
claim_evidence,S265_CLAIM_EVIDENCE_BB8A5ACEFECB50FFC4DA,cev_ab8e3fdf291a
claim_evidence,S265_CLAIM_EVIDENCE_BB8DAFBAE638F4AC7AC9,cev_12e0af4c558b
claim_evidence,S265_CLAIM_EVIDENCE_BB939536F021A3452BD5,cev_bc397ba6d0d7
claim_evidence,S265_CLAIM_EVIDENCE_BB9B8DECF7021FC6BBD7,cev_ed7adc745f2e
claim_evidence,S265_CLAIM_EVIDENCE_BB9D217273B0302451D1,cev_6ebb9f284692
claim_evidence,S265_CLAIM_EVIDENCE_BB9E50CCABB5041B3034,cev_bb3ed4ed2ab2
claim_evidence,S265_CLAIM_EVIDENCE_BBA60872684004704804,cev_b906a02824e9
claim_evidence,S265_CLAIM_EVIDENCE_BBA7EF9DD683D1CE0FBB,cev_9e516046d54b
claim_evidence,S265_CLAIM_EVIDENCE_BBAE52BAD4C975AFD2A7,cev_c17e59f37a93
claim_evidence,S265_CLAIM_EVIDENCE_BBB79E9C3B959F9842D3,cev_28643791a790
claim_evidence,S265_CLAIM_EVIDENCE_BBB8DB836F270E6DBAF1,cev_ab5f289974dd
claim_evidence,S265_CLAIM_EVIDENCE_BBBB2F440A6727006FA0,cev_73aede80e0a9
claim_evidence,S265_CLAIM_EVIDENCE_BBD60CFFAFEAA2BB8021,cev_56a612497109
claim_evidence,S265_CLAIM_EVIDENCE_BBFA84A87343076CB6AB,cev_ed863bd9d0f7
claim_evidence,S265_CLAIM_EVIDENCE_BC002D98C661C1A979F5,cev_abec7d5b36af
claim_evidence,S265_CLAIM_EVIDENCE_BC2BDF2A0E77E51B37C4,cev_29a74d0d3ab1
claim_evidence,S265_CLAIM_EVIDENCE_BC3C710763D7621AE631,cev_e86fad3485fd
claim_evidence,S265_CLAIM_EVIDENCE_BC43F4B8EDEAA86AD5F3,cev_4f42c3bf0569
claim_evidence,S265_CLAIM_EVIDENCE_BC49F2436D5D5746AEB6,cev_2a603e696158
claim_evidence,S265_CLAIM_EVIDENCE_BC4D70D5C759ED672E94,cev_c98523e82831
claim_evidence,S265_CLAIM_EVIDENCE_BC588183765EC8D10B2F,cev_f684de9c255d
claim_evidence,S265_CLAIM_EVIDENCE_BC594A1BD6BD7DFD087A,cev_06c8492bd74c
claim_evidence,S265_CLAIM_EVIDENCE_BC5A91DDF3AB4379EBF7,cev_28f8d6da8b73
claim_evidence,S265_CLAIM_EVIDENCE_BC8CE553C967A56BE719,cev_ca08dc6f1162
claim_evidence,S265_CLAIM_EVIDENCE_BC8D75BFB2EEDF7A5332,cev_3bfcb915c71c
claim_evidence,S265_CLAIM_EVIDENCE_BC90A42724651CB12E0A,cev_d82abe89ee10
claim_evidence,S265_CLAIM_EVIDENCE_BC9BC6943CE713D7E8B0,cev_c4dd6e82c6ae
claim_evidence,S265_CLAIM_EVIDENCE_BCC7E82649578EF2D4D8,cev_b120ca1f2d16
claim_evidence,S265_CLAIM_EVIDENCE_BCDD34AE8222605FCCF2,cev_ffd2735d92ed
claim_evidence,S265_CLAIM_EVIDENCE_BCE14614D627025D93A4,cev_f1e562fe05c9
claim_evidence,S265_CLAIM_EVIDENCE_BCE1ADC263DEB4F13F4E,cev_ecc3322fcc8d
claim_evidence,S265_CLAIM_EVIDENCE_BD0AA01F1A99533FCA9D,cev_7420e7f35cd1
claim_evidence,S265_CLAIM_EVIDENCE_BD545DBFEDB2899A7476,cev_2aaa26441d1d
claim_evidence,S265_CLAIM_EVIDENCE_BD7678BC3146290CA4A8,cev_e52642b2e51a
claim_evidence,S265_CLAIM_EVIDENCE_BDC2A48A0B39A85077F9,cev_33949724d750
claim_evidence,S265_CLAIM_EVIDENCE_BDC50022D215BD78A8B7,cev_20f4bd6fe5c7
claim_evidence,S265_CLAIM_EVIDENCE_BDD2F6EA49280D1626E9,cev_7d35d66cea7b
claim_evidence,S265_CLAIM_EVIDENCE_BDDBED91DAAAF3CABE83,cev_39d20d1f755f
claim_evidence,S265_CLAIM_EVIDENCE_BDDC373D6D65235EDEF5,cev_aae1d7bf8326
claim_evidence,S265_CLAIM_EVIDENCE_BDE114FC1B12380ACB6F,cev_6915523c975d
claim_evidence,S265_CLAIM_EVIDENCE_BDE82964DDD824D2BDC4,cev_b2e0485e0ef1
claim_evidence,S265_CLAIM_EVIDENCE_BDF65C3A7385DB26310D,cev_a987d95aab17
claim_evidence,S265_CLAIM_EVIDENCE_BDF9069C7275351FFCE7,cev_a02742de15b6
claim_evidence,S265_CLAIM_EVIDENCE_BE01B14BF254EE68DDAD,cev_3c90fb005524
claim_evidence,S265_CLAIM_EVIDENCE_BE0719E9D404E1AFB44C,cev_185c7fd2e002
claim_evidence,S265_CLAIM_EVIDENCE_BE0AFF62430583734A3F,cev_ce61c6934813
claim_evidence,S265_CLAIM_EVIDENCE_BE10F45874F146C95A2E,cev_e0b321aefac8
claim_evidence,S265_CLAIM_EVIDENCE_BE126649FE25931BF799,cev_fbdc2aa3c002
claim_evidence,S265_CLAIM_EVIDENCE_BE3EB762CF3FE5F2018D,cev_5dbcf2afff36
claim_evidence,S265_CLAIM_EVIDENCE_BE5C33348DA1288ABBC2,cev_c8abd77d915e
claim_evidence,S265_CLAIM_EVIDENCE_BE68A5D99A6EC74755EA,cev_038839cb2ccb
claim_evidence,S265_CLAIM_EVIDENCE_BE762D757A83E19B72D8,cev_38234c94fbb1
claim_evidence,S265_CLAIM_EVIDENCE_BE92A55EEC4510FCC8DF,cev_abf8f2393f22
claim_evidence,S265_CLAIM_EVIDENCE_BEA64B8A1DD792E1E0BB,cev_64bb4d423fd2
claim_evidence,S265_CLAIM_EVIDENCE_BEABFEC23AAA4727DBEE,cev_d4d72a459f57
claim_evidence,S265_CLAIM_EVIDENCE_BEB2137F250C2EE18C26,cev_742f572947d2
claim_evidence,S265_CLAIM_EVIDENCE_BECD0E7DE194B5032CF4,cev_b001a8b245f9
claim_evidence,S265_CLAIM_EVIDENCE_BED20BCF680C213F1B03,cev_4a3290927a95
claim_evidence,S265_CLAIM_EVIDENCE_BED710E8E6FD26F2CAC2,cev_db48218d1c74
claim_evidence,S265_CLAIM_EVIDENCE_BEE48CD5880C13DCCD71,cev_632c249f5ad9
claim_evidence,S265_CLAIM_EVIDENCE_BEFA4652B1D7479C8800,cev_002c1101b153
claim_evidence,S265_CLAIM_EVIDENCE_BEFEDD028DA1E2F8D6C9,cev_b0b22c137df5
claim_evidence,S265_CLAIM_EVIDENCE_BF0A1535F51F1BE63580,cev_c7bfa7b93b55
claim_evidence,S265_CLAIM_EVIDENCE_BF27CB93F7942C4098C1,cev_5a40cc0dd739
claim_evidence,S265_CLAIM_EVIDENCE_BF29A066028000E3C1FA,cev_3b19f086ac6f
claim_evidence,S265_CLAIM_EVIDENCE_BF2D87603B71D04CEF82,cev_bcde78a0998c
claim_evidence,S265_CLAIM_EVIDENCE_BF2E4AEB1401365C43AD,cev_406ea65f8ab7
claim_evidence,S265_CLAIM_EVIDENCE_BF49745F87C3C55C2242,cev_7f84ffb478f9
claim_evidence,S265_CLAIM_EVIDENCE_BF68F999D2D106A0E380,cev_7dc7a57a412e
claim_evidence,S265_CLAIM_EVIDENCE_BF8B45CFE88AC6BDE86C,cev_f6b1c254a833
claim_evidence,S265_CLAIM_EVIDENCE_BF8CE9499A43D393721D,cev_f68766e015e4
claim_evidence,S265_CLAIM_EVIDENCE_BF97FCDAC1459A9C7720,cev_647281dc0ff5
claim_evidence,S265_CLAIM_EVIDENCE_BFA01790287C537D8B1A,cev_27cb3038e0b8
claim_evidence,S265_CLAIM_EVIDENCE_BFB1A801606176403161,cev_c8275d020bab
claim_evidence,S265_CLAIM_EVIDENCE_BFBFD3BB93F19207D3DA,cev_8f40724beed9
claim_evidence,S265_CLAIM_EVIDENCE_BFE6F9F7928C96833EA1,cev_1698fc768813
claim_evidence,S265_CLAIM_EVIDENCE_BFF20A3EF025F978BEBD,cev_66f54a0858aa
claim_evidence,S265_CLAIM_EVIDENCE_BFF28F32AC11FE8FBD94,cev_e46588f09af2
claim_evidence,S265_CLAIM_EVIDENCE_C01BB67AC9E2B88989FB,cev_2c5dcaf43679
claim_evidence,S265_CLAIM_EVIDENCE_C032EA69ADA319122972,cev_870621b41504
claim_evidence,S265_CLAIM_EVIDENCE_C03ABBD887D305E1004C,cev_1f804fb909f3
claim_evidence,S265_CLAIM_EVIDENCE_C03BAA7179F41627A745,cev_22ebc62e24e9
claim_evidence,S265_CLAIM_EVIDENCE_C067A253BF1B4D09C7E9,cev_ca53ba9cfd50
claim_evidence,S265_CLAIM_EVIDENCE_C071CA2582ADDDCF5D6D,cev_151fbee8c643
claim_evidence,S265_CLAIM_EVIDENCE_C076DD0284167D758751,cev_4f6f2558be6f
claim_evidence,S265_CLAIM_EVIDENCE_C0822131723B4FA5FD48,cev_32e74ddf04be
claim_evidence,S265_CLAIM_EVIDENCE_C0A6D9B93F5144923DE3,cev_58cb9e27eb00
claim_evidence,S265_CLAIM_EVIDENCE_C0AFACF66831E92ECADE,cev_e05f8761ad90
claim_evidence,S265_CLAIM_EVIDENCE_C0C6A1A2CBE98ABA8E3F,cev_3d5fb3c723ce
claim_evidence,S265_CLAIM_EVIDENCE_C0CE417973AF3916A418,cev_434d7da9abce
claim_evidence,S265_CLAIM_EVIDENCE_C0E9B854BD5EA88049D7,cev_a58d18ba635d
claim_evidence,S265_CLAIM_EVIDENCE_C0FD2D86E9554EDD06FC,cev_a26f0c93446a
claim_evidence,S265_CLAIM_EVIDENCE_C1005A99F14F314406F7,cev_dd97ccc2e17e
claim_evidence,S265_CLAIM_EVIDENCE_C10F56510B017B691889,cev_c96cbe884f48
claim_evidence,S265_CLAIM_EVIDENCE_C13D9E8CEA6B9D4454EB,cev_dbdc8b39549b
claim_evidence,S265_CLAIM_EVIDENCE_C14A514D625446F56A7D,cev_f65ba68108f2
claim_evidence,S265_CLAIM_EVIDENCE_C156D224B10361CE3258,cev_c17b981a4799
claim_evidence,S265_CLAIM_EVIDENCE_C156E9B266CE3B6B2746,cev_e346d6375230
claim_evidence,S265_CLAIM_EVIDENCE_C168C29827A05DB76D9A,cev_031e8081f974
claim_evidence,S265_CLAIM_EVIDENCE_C18AD28DEE30F98DCA21,cev_0573b7ea3e85
claim_evidence,S265_CLAIM_EVIDENCE_C18C21EB4C8D3D088177,cev_0d3f4d85e3c2
claim_evidence,S265_CLAIM_EVIDENCE_C18EB9ECFF54D0290CD1,cev_1cfbc458ab0f
claim_evidence,S265_CLAIM_EVIDENCE_C19BB63E734E4BE96F75,cev_2b6f2003c00c
claim_evidence,S265_CLAIM_EVIDENCE_C1A4DC5DFD99C1F104B6,cev_782b7d4d55df
claim_evidence,S265_CLAIM_EVIDENCE_C1A7353DD311633293D7,cev_1cb07cb9ee6e
claim_evidence,S265_CLAIM_EVIDENCE_C1B730B4FABB2C5292F2,cev_a2a98723049f
claim_evidence,S265_CLAIM_EVIDENCE_C1BE7CB7A78F822BE671,cev_c4650212b3e2
claim_evidence,S265_CLAIM_EVIDENCE_C1C3258AFDFD9EF98D85,cev_4c5a5bad6717
claim_evidence,S265_CLAIM_EVIDENCE_C1D64E49CFC201F0F337,cev_eb598820878d
claim_evidence,S265_CLAIM_EVIDENCE_C1DF4C1ED3A66859BA57,cev_6d4809d20b45
claim_evidence,S265_CLAIM_EVIDENCE_C1EBDDCE35E767FE163A,cev_cd26e6dc4e4e
claim_evidence,S265_CLAIM_EVIDENCE_C1F01A26DAE5D54F5DD6,cev_cce0d7a3467f
claim_evidence,S265_CLAIM_EVIDENCE_C1F4C36BB62F4D001270,cev_34e231235293
claim_evidence,S265_CLAIM_EVIDENCE_C20053984E1A82807CE0,cev_e91d7b1cffcd
claim_evidence,S265_CLAIM_EVIDENCE_C2125180B7B8E6EDA091,cev_7a14a14b2a4c
claim_evidence,S265_CLAIM_EVIDENCE_C2197AB816FE653B8FE3,cev_d29fc317d70d
claim_evidence,S265_CLAIM_EVIDENCE_C229CE8F153ADB29389F,cev_39481e6c67c6
claim_evidence,S265_CLAIM_EVIDENCE_C2496C73B4907BD2E034,cev_c599d367b895
claim_evidence,S265_CLAIM_EVIDENCE_C249960CD7CC9C953B84,cev_828cb67db898
claim_evidence,S265_CLAIM_EVIDENCE_C24D05230DE1B4B40CC2,cev_5a205f4a17d4
claim_evidence,S265_CLAIM_EVIDENCE_C24E01DEFC11D1E79A4A,cev_50a23473d4a8
claim_evidence,S265_CLAIM_EVIDENCE_C25F7F83B2B92F399A6A,cev_be706336ffef
claim_evidence,S265_CLAIM_EVIDENCE_C26828CE0DBE6DA6D179,cev_e203952496a8
claim_evidence,S265_CLAIM_EVIDENCE_C26C4E31402C29C1FA41,cev_c361c94829af
claim_evidence,S265_CLAIM_EVIDENCE_C27DBA842AEDCA391B31,cev_938baeb4e4a4
claim_evidence,S265_CLAIM_EVIDENCE_C2860DA3734C178E88B3,cev_7576079fb116
claim_evidence,S265_CLAIM_EVIDENCE_C28843359D829A336A6E,cev_fc0746b69c5a
claim_evidence,S265_CLAIM_EVIDENCE_C28FFCB8FDA1D39CFC32,cev_d694d86cc4f2
claim_evidence,S265_CLAIM_EVIDENCE_C295225C115F12CF732B,cev_a6bcc9c3ced1
claim_evidence,S265_CLAIM_EVIDENCE_C2B7D74EDFF74478674A,cev_475e6fbd5be4
claim_evidence,S265_CLAIM_EVIDENCE_C2B9DC2E2B853CF364BE,cev_866103557fd8
claim_evidence,S265_CLAIM_EVIDENCE_C2BD4AFCB008AE222DF6,cev_1fe7a1c28fc8
claim_evidence,S265_CLAIM_EVIDENCE_C2C259133C9665CC3FF1,cev_8e4873efb0e4
claim_evidence,S265_CLAIM_EVIDENCE_C2C7BF0538E8182B72B5,cev_2afd70ff8665
claim_evidence,S265_CLAIM_EVIDENCE_C2D99EB35679AB296712,cev_dbc3bf94562c
claim_evidence,S265_CLAIM_EVIDENCE_C2F332928BD9A03AE9E6,cev_5bfb4506c2ba
claim_evidence,S265_CLAIM_EVIDENCE_C3135F44EC3BBC3265E8,cev_0839e9afbf5b
claim_evidence,S265_CLAIM_EVIDENCE_C3170A46DE0293BA1DD4,cev_dcfa6ffd1ea8
claim_evidence,S265_CLAIM_EVIDENCE_C31B2B061C80305AF7D0,cev_7c6c749aaef7
claim_evidence,S265_CLAIM_EVIDENCE_C31E4ED651AB89582414,cev_4c2144b6615d
claim_evidence,S265_CLAIM_EVIDENCE_C33FA2E57E8FBFA8C6FF,cev_4fd11ab2c4e9
claim_evidence,S265_CLAIM_EVIDENCE_C34BC4DA08417D7858CC,cev_9097a57a3536
claim_evidence,S265_CLAIM_EVIDENCE_C353B773B86889460E35,cev_513589ee9dd8
claim_evidence,S265_CLAIM_EVIDENCE_C35D51E3C980A8B7B047,cev_9b0259b6f636
claim_evidence,S265_CLAIM_EVIDENCE_C361B451C5DBCC33A085,cev_dea4387ebcd5
claim_evidence,S265_CLAIM_EVIDENCE_C37B8D3834A03E1CEFB8,cev_e5998a5297f8
claim_evidence,S265_CLAIM_EVIDENCE_C37C2A53A0A356F2B814,cev_0cc676854c63
claim_evidence,S265_CLAIM_EVIDENCE_C380DECCDFCF7B000B68,cev_3fb9a2b3b844
claim_evidence,S265_CLAIM_EVIDENCE_C38276D6BE046AF0280E,cev_602002f1570e
claim_evidence,S265_CLAIM_EVIDENCE_C39A59A887C03FE8718E,cev_1c893753eb43
claim_evidence,S265_CLAIM_EVIDENCE_C39EB634E73EBEB1DC66,cev_21a536c4f881
claim_evidence,S265_CLAIM_EVIDENCE_C3C6381F86FF6956BFF1,cev_abaebdf62b2a
claim_evidence,S265_CLAIM_EVIDENCE_C3C65B409D06CACDA450,cev_eab631ec2cb8
claim_evidence,S265_CLAIM_EVIDENCE_C3D855460DE92F53E5FB,cev_4b3a14e00523
claim_evidence,S265_CLAIM_EVIDENCE_C3DCFCAD433636435E62,cev_be491b3fe506
claim_evidence,S265_CLAIM_EVIDENCE_C40319C117AFB2B740D3,cev_42ccf730109c
claim_evidence,S265_CLAIM_EVIDENCE_C422BFA287916CCE80D1,cev_567ba782a4c3
claim_evidence,S265_CLAIM_EVIDENCE_C454FEE7E786AADA1810,cev_f63a44fe07ae
claim_evidence,S265_CLAIM_EVIDENCE_C4661CE3D78B93D42EC7,cev_739e074124f8
claim_evidence,S265_CLAIM_EVIDENCE_C469D4EEEFFA49D96FA0,cev_1617e72d6c0f
claim_evidence,S265_CLAIM_EVIDENCE_C46CCE6F0D696AFFECE9,cev_ea40081849f5
claim_evidence,S265_CLAIM_EVIDENCE_C472F280B32406100467,cev_8020d06244d4
claim_evidence,S265_CLAIM_EVIDENCE_C4748B7A2F772F4B27A8,cev_f30880484794
claim_evidence,S265_CLAIM_EVIDENCE_C482C223833D348974C2,cev_6ed2a90f12c7
claim_evidence,S265_CLAIM_EVIDENCE_C4A98497D684FF926E4F,cev_440a7512e442
claim_evidence,S265_CLAIM_EVIDENCE_C4C253172CFEC1EF5BB1,cev_8c104f943cf0
claim_evidence,S265_CLAIM_EVIDENCE_C4D1BF9283C2AFA4B02F,cev_611bdab56b23
claim_evidence,S265_CLAIM_EVIDENCE_C4DF5BE2F6BBF590FA12,cev_2f174e564c16
claim_evidence,S265_CLAIM_EVIDENCE_C4E7863ECCB2F255797D,cev_dac2d93dad8a
claim_evidence,S265_CLAIM_EVIDENCE_C4F0859DDAB167FDE211,cev_b7000c65be83
claim_evidence,S265_CLAIM_EVIDENCE_C5069CCE419F8977D830,cev_ff61a724de05
claim_evidence,S265_CLAIM_EVIDENCE_C50A31989894AE382879,cev_77b0892a8ca4
claim_evidence,S265_CLAIM_EVIDENCE_C52038C9D7ED46C28762,cev_d5ecf3ca3a8e
claim_evidence,S265_CLAIM_EVIDENCE_C52C17944A080C4862E3,cev_3596d1e36c86
claim_evidence,S265_CLAIM_EVIDENCE_C532D456FA7D09D5B7B1,cev_ebf2cfc3c14c
claim_evidence,S265_CLAIM_EVIDENCE_C54CFEC7A2240A73F2FE,cev_f07a6ec444fd
claim_evidence,S265_CLAIM_EVIDENCE_C55BFCB12D819FCD88A7,cev_58de8fb34621
claim_evidence,S265_CLAIM_EVIDENCE_C55DD40148320062007F,cev_8359d15daeba
claim_evidence,S265_CLAIM_EVIDENCE_C5679C9CCED980E1575B,cev_ef7dfe296206
claim_evidence,S265_CLAIM_EVIDENCE_C56C3C5A1A20A2BD4C91,cev_33f9955d20e7
claim_evidence,S265_CLAIM_EVIDENCE_C570B85030873ED5E5EB,cev_9ec14cfe91aa
claim_evidence,S265_CLAIM_EVIDENCE_C58EC482A7CA3559A3D8,cev_727e0392f838
claim_evidence,S265_CLAIM_EVIDENCE_C5982F21E82E5C561F2C,cev_141dff5e59c1
claim_evidence,S265_CLAIM_EVIDENCE_C59D8B6C19D57F545BED,cev_f1ebad1a1eac
claim_evidence,S265_CLAIM_EVIDENCE_C5B581C3E4BE7B94A3DD,cev_91c0b3455c48
claim_evidence,S265_CLAIM_EVIDENCE_C5C1048781F0E4915499,cev_ffd3dbec2831
claim_evidence,S265_CLAIM_EVIDENCE_C5C448A5ED075458F103,cev_3d7353122fa7
claim_evidence,S265_CLAIM_EVIDENCE_C5DD65563C602AF22709,cev_42346ef516b4
claim_evidence,S265_CLAIM_EVIDENCE_C5EB5FDBF33DC68A8B37,cev_78296028ed96
claim_evidence,S265_CLAIM_EVIDENCE_C5EF53AFDBD5AF5096CE,cev_7eb0d1932b20
claim_evidence,S265_CLAIM_EVIDENCE_C623FA07CF2EDF651999,cev_1dfe91b636e2
claim_evidence,S265_CLAIM_EVIDENCE_C6613B06DBBD5C0EF7F1,cev_dfc3104c7653
claim_evidence,S265_CLAIM_EVIDENCE_C66B7432C2F4DE23FC0C,cev_241291ad4c04
claim_evidence,S265_CLAIM_EVIDENCE_C677252FD78C90E2AA54,cev_5f6d16b19746
claim_evidence,S265_CLAIM_EVIDENCE_C67C37A3204D4031B3E0,cev_2655f8627c42
claim_evidence,S265_CLAIM_EVIDENCE_C684841B82465EEEACD8,cev_9b9ad14b1982
claim_evidence,S265_CLAIM_EVIDENCE_C69224D99472DDE0EB6E,cev_3fb28556722d
claim_evidence,S265_CLAIM_EVIDENCE_C6BF73A06E88F0365450,cev_3945ec3d96fb
claim_evidence,S265_CLAIM_EVIDENCE_C6D2FF7D7F3BB2324D0B,cev_ec15ce73ec02
claim_evidence,S265_CLAIM_EVIDENCE_C6F28A1DEFED5E210D0E,cev_d54fd5fac8e4
claim_evidence,S265_CLAIM_EVIDENCE_C6F7DC888653FD0145C0,cev_d52ae605da12
claim_evidence,S265_CLAIM_EVIDENCE_C716EF51A5B4799DBE6E,cev_0e9f34a6f28d
claim_evidence,S265_CLAIM_EVIDENCE_C730D76962C55BB64C62,cev_fb612880d09c
claim_evidence,S265_CLAIM_EVIDENCE_C76EDEFDC1E14D5C93A2,cev_d3035effa0af
claim_evidence,S265_CLAIM_EVIDENCE_C786B1A5D72C0E737600,cev_44408daeb374
claim_evidence,S265_CLAIM_EVIDENCE_C78A22E67EB88FB8C458,cev_5a65a5688d0f
claim_evidence,S265_CLAIM_EVIDENCE_C79177D466E1B00DBB0C,cev_6b976d22abfa
claim_evidence,S265_CLAIM_EVIDENCE_C7AF9C006C2E9D1BBB4D,cev_991cb638f9e5
claim_evidence,S265_CLAIM_EVIDENCE_C7B29567A29C242E4C7A,cev_38268862eeba
claim_evidence,S265_CLAIM_EVIDENCE_C7BBCA55C72A15097E7D,cev_d465982fc205
claim_evidence,S265_CLAIM_EVIDENCE_C7CA8FA25090C5F6AC9F,cev_9f3be65de103
claim_evidence,S265_CLAIM_EVIDENCE_C7F57688492BAF1D2E14,cev_547c91bf15eb
claim_evidence,S265_CLAIM_EVIDENCE_C804557709A7605F4EDE,cev_141ce217ae4f
claim_evidence,S265_CLAIM_EVIDENCE_C80E03509D6C2049E2E9,cev_e298e08e8e04
claim_evidence,S265_CLAIM_EVIDENCE_C8143D560A1625616645,cev_822300028afb
claim_evidence,S265_CLAIM_EVIDENCE_C84334D413115DA55B00,cev_12f58bea910f
claim_evidence,S265_CLAIM_EVIDENCE_C848BBF73EE5D74AECBF,cev_02eabb058703
claim_evidence,S265_CLAIM_EVIDENCE_C853FF4C207CDFD947FB,cev_6b34b30169e9
claim_evidence,S265_CLAIM_EVIDENCE_C855C55FDA7748F80FED,cev_030b80909be3
claim_evidence,S265_CLAIM_EVIDENCE_C8567FBEA09062E7F96E,cev_5c57e5c96c0a
claim_evidence,S265_CLAIM_EVIDENCE_C85A563056F486033A33,cev_e0e8ea91ae98
claim_evidence,S265_CLAIM_EVIDENCE_C877514136C6512B777A,cev_33054427cee0
claim_evidence,S265_CLAIM_EVIDENCE_C877923A31138C24105A,cev_c0ba22e9216e
claim_evidence,S265_CLAIM_EVIDENCE_C8797CE06DDE6493D467,cev_7335a4f3a16d
claim_evidence,S265_CLAIM_EVIDENCE_C884CCCD0881FFD999DC,cev_7e717202e9af
claim_evidence,S265_CLAIM_EVIDENCE_C8896A32036E6B7BBE76,cev_b0c3358a13b5
claim_evidence,S265_CLAIM_EVIDENCE_C8948752D04B27688FF8,cev_e0d8664a120d
claim_evidence,S265_CLAIM_EVIDENCE_C89A0EDE486A2905B5D6,cev_bb2b5e59247e
claim_evidence,S265_CLAIM_EVIDENCE_C8A578101134E4A85EC6,cev_3b7163081021
claim_evidence,S265_CLAIM_EVIDENCE_C8AC2BFFAB94CB338F31,cev_861934864176
claim_evidence,S265_CLAIM_EVIDENCE_C8B509E578BE03CD1E2B,cev_d145db2de25a
claim_evidence,S265_CLAIM_EVIDENCE_C8BF14451F65D851988B,cev_18d2261613dc
claim_evidence,S265_CLAIM_EVIDENCE_C8CF7D856EB8C65754CC,cev_0a032382b6d1
claim_evidence,S265_CLAIM_EVIDENCE_C8F1199F585007D3BC7F,cev_557f038f4d91
claim_evidence,S265_CLAIM_EVIDENCE_C8F330F4A4483D71E4C4,cev_2abfb0f866d4
claim_evidence,S265_CLAIM_EVIDENCE_C8F37AE6C3FB500C92CD,cev_cdf41e60aae6
claim_evidence,S265_CLAIM_EVIDENCE_C90CFF5B999F6046ABDE,cev_0448fb36e7f6
claim_evidence,S265_CLAIM_EVIDENCE_C927D11F904A995DBEE6,cev_e9f1d0de033d
claim_evidence,S265_CLAIM_EVIDENCE_C95117D5A2F24FA3E7C1,cev_0f043990a0d1
claim_evidence,S265_CLAIM_EVIDENCE_C95A4A094DD19EB65A44,cev_da5b448c3b9c
claim_evidence,S265_CLAIM_EVIDENCE_C9684530EC311129C753,cev_6f3711391cd9
claim_evidence,S265_CLAIM_EVIDENCE_C97AA4F4EC1A302140DE,cev_88bb1f7e96cd
claim_evidence,S265_CLAIM_EVIDENCE_C9995A3ACB72089FE4DC,cev_7fd2206b029b
claim_evidence,S265_CLAIM_EVIDENCE_C99D5BB9F1A5C3B6CE5F,cev_43a45cd3a958
claim_evidence,S265_CLAIM_EVIDENCE_C9E3093468DA391D0CCD,cev_24992f0ec778
claim_evidence,S265_CLAIM_EVIDENCE_CA236C18AC8B9A4F57E0,cev_de4d992635b5
claim_evidence,S265_CLAIM_EVIDENCE_CA3114A252CD1D42A553,cev_743b104463b4
claim_evidence,S265_CLAIM_EVIDENCE_CA32CFC09980F4019CFB,cev_5c59e0608c6c
claim_evidence,S265_CLAIM_EVIDENCE_CA39DF567A59191607F4,cev_9387af5cec5f
claim_evidence,S265_CLAIM_EVIDENCE_CA4C60880FF7AA5BCA36,cev_4ef5576c4d9a
claim_evidence,S265_CLAIM_EVIDENCE_CA507FD1BBA372CA0975,cev_2bc3b81f9909
claim_evidence,S265_CLAIM_EVIDENCE_CA694F9156FE92C5DD74,cev_71a8e23f5965
claim_evidence,S265_CLAIM_EVIDENCE_CA6F31153477C940CDF6,cev_02e656fdbfc3
claim_evidence,S265_CLAIM_EVIDENCE_CA735F49BBBEDBE9C713,cev_4e4a4a708370
claim_evidence,S265_CLAIM_EVIDENCE_CA967AD150262A698CED,cev_9413e47d1875
claim_evidence,S265_CLAIM_EVIDENCE_CAB2946FF0A5218627B7,cev_b9edb4275817
claim_evidence,S265_CLAIM_EVIDENCE_CAC89B771101B19F8BD7,cev_6bf527a9c2be
claim_evidence,S265_CLAIM_EVIDENCE_CACD2EB5DC1EF87977F7,cev_ad328d521b76
claim_evidence,S265_CLAIM_EVIDENCE_CAD25EC59B1000486B57,cev_d48152c0cc8e
claim_evidence,S265_CLAIM_EVIDENCE_CADBA07E997C84B51D45,cev_8dadb6a7b33d
claim_evidence,S265_CLAIM_EVIDENCE_CAE81727B413084B639A,cev_220b69319d59
claim_evidence,S265_CLAIM_EVIDENCE_CAF7936FA13234816749,cev_6232b80644d7
claim_evidence,S265_CLAIM_EVIDENCE_CB0605C30B33911C3E60,cev_fd533d83c68b
claim_evidence,S265_CLAIM_EVIDENCE_CB12F1892D2CC535825E,cev_88b2b67fb76d
claim_evidence,S265_CLAIM_EVIDENCE_CB1B4CC542A827D7686D,cev_75935e427574
claim_evidence,S265_CLAIM_EVIDENCE_CB245A3CA611DAF17B99,cev_561c474fd3da
claim_evidence,S265_CLAIM_EVIDENCE_CB28D46500FE8D3F077F,cev_4d5add686a3d
claim_evidence,S265_CLAIM_EVIDENCE_CB29F9976F115CA0C46D,cev_bbc11de1a7c0
claim_evidence,S265_CLAIM_EVIDENCE_CB2D9F550B2F9AE836EC,cev_54a88ce18fe2
claim_evidence,S265_CLAIM_EVIDENCE_CB30B0BFE4BDBD3622D3,cev_34355baafecf
claim_evidence,S265_CLAIM_EVIDENCE_CB39DC2B7B68048BB36D,cev_7f262295792d
claim_evidence,S265_CLAIM_EVIDENCE_CB3C9DA4FD7915348B3C,cev_12253a05bd4a
claim_evidence,S265_CLAIM_EVIDENCE_CB44C46DFB608A400D77,cev_eb6a26efff95
claim_evidence,S265_CLAIM_EVIDENCE_CB636CC2BB8C3D5A8210,cev_25f975f727af
claim_evidence,S265_CLAIM_EVIDENCE_CB723E3D37CB8078A800,cev_09a16b60fc0c
claim_evidence,S265_CLAIM_EVIDENCE_CB757B69E99544B747CC,cev_d643218cdefd
claim_evidence,S265_CLAIM_EVIDENCE_CB85BCB3BBCF09A4832E,cev_bfe609cea807
claim_evidence,S265_CLAIM_EVIDENCE_CBA1105F12311644A9C8,cev_7775e05866e6
claim_evidence,S265_CLAIM_EVIDENCE_CBA41341BCD5917280A1,cev_8477e5ab3397
claim_evidence,S265_CLAIM_EVIDENCE_CBAF6DA1610E5E15A630,cev_7adf92522f3f
claim_evidence,S265_CLAIM_EVIDENCE_CBBA8A8187E7166C1C1A,cev_66a9e0ae1eb3
claim_evidence,S265_CLAIM_EVIDENCE_CBC4C2CDB0D7337D30FE,cev_c74cda152917
claim_evidence,S265_CLAIM_EVIDENCE_CBD2C047B970ADD68822,cev_3fa04abd2cc2
claim_evidence,S265_CLAIM_EVIDENCE_CBD3997B7D7C1DD3A5D5,cev_07f61d638240
claim_evidence,S265_CLAIM_EVIDENCE_CBEF2729DF391E16FE0C,cev_7aa3256a64d4
claim_evidence,S265_CLAIM_EVIDENCE_CBF128BDA0B3BC359A7E,cev_782a5383f403
claim_evidence,S265_CLAIM_EVIDENCE_CBFF64276EACC8E7AB37,cev_463747133bc1
claim_evidence,S265_CLAIM_EVIDENCE_CC012405DAFF7745FE0C,cev_7778c8f3845f
claim_evidence,S265_CLAIM_EVIDENCE_CC0A7028124A46F9C85B,cev_ce68a5e18a4e
claim_evidence,S265_CLAIM_EVIDENCE_CC12D85BB1FF9C4F9500,cev_f9730122c3e3
claim_evidence,S265_CLAIM_EVIDENCE_CC2984CD73547D77EAD5,cev_b93f13908eb8
claim_evidence,S265_CLAIM_EVIDENCE_CC308945F8A616404297,cev_adb74f08e24b
claim_evidence,S265_CLAIM_EVIDENCE_CC3D1D705AA89F8896E0,cev_d661e0358c73
claim_evidence,S265_CLAIM_EVIDENCE_CC4AF733B341E69A38DD,cev_5a090c5b480a
claim_evidence,S265_CLAIM_EVIDENCE_CC6C9C3442567873CE33,cev_d271d011e153
claim_evidence,S265_CLAIM_EVIDENCE_CC714D852C2DB88EA17A,cev_1e295c2c26bd
claim_evidence,S265_CLAIM_EVIDENCE_CC75A1DC99D804ED8101,cev_ff8a28a8d05e
claim_evidence,S265_CLAIM_EVIDENCE_CC804407CC97226E5E7E,cev_e3a37dd3fef3
claim_evidence,S265_CLAIM_EVIDENCE_CC80F202DE89A1723D99,cev_0d8faa2a074f
claim_evidence,S265_CLAIM_EVIDENCE_CC8150A432F550854B7E,cev_a9d8062464f1
claim_evidence,S265_CLAIM_EVIDENCE_CC821BF4117B1D415800,cev_7458bea7cabe
claim_evidence,S265_CLAIM_EVIDENCE_CCA1676A443CFD0DCCD8,cev_0a9c65fb5d94
claim_evidence,S265_CLAIM_EVIDENCE_CCAE9EB53881658D94A6,cev_775d25d3d2cc
claim_evidence,S265_CLAIM_EVIDENCE_CCC12B43E959776D5C05,cev_28a9ab101bf4
claim_evidence,S265_CLAIM_EVIDENCE_CCCBF4EC11F0DEEE69ED,cev_b716fac407e1
claim_evidence,S265_CLAIM_EVIDENCE_CCD98DAA3FA9039DCFC8,cev_0fc8ca18b523
claim_evidence,S265_CLAIM_EVIDENCE_CCE41C3234BC44B214A7,cev_c603143d3530
claim_evidence,S265_CLAIM_EVIDENCE_CCE486CA7CFAFDA029C5,cev_186074e44a5e
claim_evidence,S265_CLAIM_EVIDENCE_CCEA3343C117CB5D4652,cev_c4173e97fbf5
claim_evidence,S265_CLAIM_EVIDENCE_CCF0783898006876E38D,cev_f81ffb900372
claim_evidence,S265_CLAIM_EVIDENCE_CCF3953C9277CA4F4566,cev_237a16efcbbe
claim_evidence,S265_CLAIM_EVIDENCE_CCF7CA002E322822CE92,cev_e4d936b95ba0
claim_evidence,S265_CLAIM_EVIDENCE_CCFF984B7D4948743D77,cev_972b973af501
claim_evidence,S265_CLAIM_EVIDENCE_CD1FFAF9A883992CDA1A,cev_a76f5114435e
claim_evidence,S265_CLAIM_EVIDENCE_CD43E89BD957626152DF,cev_b7c4137ab1e0
claim_evidence,S265_CLAIM_EVIDENCE_CD487B658556CC797056,cev_e5245e3bf0f0
claim_evidence,S265_CLAIM_EVIDENCE_CD7326F4C06B15A6E7D1,cev_54861ed96399
claim_evidence,S265_CLAIM_EVIDENCE_CD7D001F217AFA8238A8,cev_f9842c25e700
claim_evidence,S265_CLAIM_EVIDENCE_CD89E4590F522545FA3E,cev_f0bd1b263628
claim_evidence,S265_CLAIM_EVIDENCE_CD92387F6224F6B5FECC,cev_4e165674b02e
claim_evidence,S265_CLAIM_EVIDENCE_CD9E98427F37A8990F3A,cev_ac18a6abfc17
claim_evidence,S265_CLAIM_EVIDENCE_CDA1F8F607073A675CF6,cev_f41d539666ad
claim_evidence,S265_CLAIM_EVIDENCE_CDAA833CCBB3D0BC9807,cev_9d6e65156e2f
claim_evidence,S265_CLAIM_EVIDENCE_CDB3402061FD82B400A2,cev_28e16e66b034
claim_evidence,S265_CLAIM_EVIDENCE_CDBEBB126F4B8A88E262,cev_21706757ee91
claim_evidence,S265_CLAIM_EVIDENCE_CDBF99DC6B1C307A8C04,cev_044e8b6d27c0
claim_evidence,S265_CLAIM_EVIDENCE_CDD25EC35BB4E9676FAF,cev_c65ee3176d5a
claim_evidence,S265_CLAIM_EVIDENCE_CDD6FEB27E7DCFAF944E,cev_eadcfed31549
claim_evidence,S265_CLAIM_EVIDENCE_CDE0A8FABFA6FB894F18,cev_1aea58e5b079
claim_evidence,S265_CLAIM_EVIDENCE_CDE1529B7C42932C6CCD,cev_31d467c5fa41
claim_evidence,S265_CLAIM_EVIDENCE_CDE6EABE177F1A2F7826,cev_f2ff8a52d139
claim_evidence,S265_CLAIM_EVIDENCE_CDE704869BB9BDA4CFD2,cev_5cb57e971e64
claim_evidence,S265_CLAIM_EVIDENCE_CDF9CCBE271ADD4B1972,cev_a3961f165446
claim_evidence,S265_CLAIM_EVIDENCE_CE15D4EBB1F07E01AE61,cev_f675755f4ae1
claim_evidence,S265_CLAIM_EVIDENCE_CE1A7B47967D517E84E3,cev_77977bf0961e
claim_evidence,S265_CLAIM_EVIDENCE_CE1BBE5426FF9E08AFBE,cev_5121c0670939
claim_evidence,S265_CLAIM_EVIDENCE_CE29FC73A630EB699F26,cev_26f946943fc4
claim_evidence,S265_CLAIM_EVIDENCE_CE4213827D833D5BA79C,cev_3078d1361d98
claim_evidence,S265_CLAIM_EVIDENCE_CE50D7550E0B9A518B86,cev_5d4783d2d37d
claim_evidence,S265_CLAIM_EVIDENCE_CE5119D29D4862CB7A09,cev_a069ef95ae00
claim_evidence,S265_CLAIM_EVIDENCE_CE66250DB3F057197CE9,cev_6a630ccd9beb
claim_evidence,S265_CLAIM_EVIDENCE_CE718AEF65D1D2B91AB2,cev_d40b9bcec21e
claim_evidence,S265_CLAIM_EVIDENCE_CE72C9B071E0282FA006,cev_2344787978bf
claim_evidence,S265_CLAIM_EVIDENCE_CE789703086BB8C0AC87,cev_aa79fade77b5
claim_evidence,S265_CLAIM_EVIDENCE_CE7C7D6BCDA3AFD93870,cev_8c71b2e97b9f
claim_evidence,S265_CLAIM_EVIDENCE_CE806A6138AFCAE6552E,cev_bc0913c0c126
claim_evidence,S265_CLAIM_EVIDENCE_CEA10E98F731FE1AE375,cev_304cab862dab
claim_evidence,S265_CLAIM_EVIDENCE_CEBD4029015B9B4F90B2,cev_e7f8ac3435bb
claim_evidence,S265_CLAIM_EVIDENCE_CEC187E5AAD192EA29F7,cev_14ed275aea0b
claim_evidence,S265_CLAIM_EVIDENCE_CEE769674AD5DA3C035E,cev_88231aebeabb
claim_evidence,S265_CLAIM_EVIDENCE_CEF0D494367F7744EE0C,cev_45061a7d5802
claim_evidence,S265_CLAIM_EVIDENCE_CEFEEA4E38DB83B75420,cev_91103f9c7095
claim_evidence,S265_CLAIM_EVIDENCE_CF11FFDF244C31331353,cev_05aecb4e6e36
claim_evidence,S265_CLAIM_EVIDENCE_CF282F9EC62EF8ADBF92,cev_6a980b4edf5c
claim_evidence,S265_CLAIM_EVIDENCE_CF2D0A219592377F1078,cev_2a242cafe14f
claim_evidence,S265_CLAIM_EVIDENCE_CF33EF5233545C6BB8FD,cev_b8f4f866701e
claim_evidence,S265_CLAIM_EVIDENCE_CF516E22888395274C89,cev_8f169200c195
claim_evidence,S265_CLAIM_EVIDENCE_CF67A409225147538D61,cev_7c377f3f8958
claim_evidence,S265_CLAIM_EVIDENCE_CF6E2E6F683606B5FD46,cev_bc01148f0d2d
claim_evidence,S265_CLAIM_EVIDENCE_CF73D79E2E8B984AF613,cev_971d3a323572
claim_evidence,S265_CLAIM_EVIDENCE_CF91C9A225056D40CB1F,cev_4bd0095d21a9
claim_evidence,S265_CLAIM_EVIDENCE_CFACF8D31DB449C51ACA,cev_55c17f46bac5
claim_evidence,S265_CLAIM_EVIDENCE_CFBB098B7237702A0ADD,cev_5dc3fde4737e
claim_evidence,S265_CLAIM_EVIDENCE_CFE66CF9ECA2C525E610,cev_e82a48edf955
claim_evidence,S265_CLAIM_EVIDENCE_CFFB2DC62A7640499692,cev_fe91c8b5eaf8
claim_evidence,S265_CLAIM_EVIDENCE_D00A8E3C8F4D3E7E7A90,cev_9bd3f363873e
claim_evidence,S265_CLAIM_EVIDENCE_D00F54EB3C985A50E00C,cev_b5937a1f2368
claim_evidence,S265_CLAIM_EVIDENCE_D01EDA905F67E1F2E443,cev_874662a286a5
claim_evidence,S265_CLAIM_EVIDENCE_D051ED300C8E98C88FD4,cev_4ac71be66748
claim_evidence,S265_CLAIM_EVIDENCE_D056222CFB7332D64ABC,cev_3e32169904e4
claim_evidence,S265_CLAIM_EVIDENCE_D061B1799F964FFE3242,cev_8a7070f6036e
claim_evidence,S265_CLAIM_EVIDENCE_D0656AF96FB3287C8E1D,cev_d07a11d4446c
claim_evidence,S265_CLAIM_EVIDENCE_D0663E7909A1A98FC0A5,cev_c2abc3e5ca6b
claim_evidence,S265_CLAIM_EVIDENCE_D076475B128CEFCA42F6,cev_d5d334460734
claim_evidence,S265_CLAIM_EVIDENCE_D078A027113E5DC2A3A6,cev_974188f0ded4
claim_evidence,S265_CLAIM_EVIDENCE_D079722A38F4D1EE332E,cev_0237765d0077
claim_evidence,S265_CLAIM_EVIDENCE_D080E3D4AF2894DDFBAE,cev_119fc2f2a60c
claim_evidence,S265_CLAIM_EVIDENCE_D0C0EA221A1C91F0EFB6,cev_08693ef59505
claim_evidence,S265_CLAIM_EVIDENCE_D0D454B30EE5A0AC0A8A,cev_627fc77a611e
claim_evidence,S265_CLAIM_EVIDENCE_D0E3F452BE6571F4B4ED,cev_095f6485aef5
claim_evidence,S265_CLAIM_EVIDENCE_D13F40AF64F7AE5B9C21,cev_351f50f4748b
claim_evidence,S265_CLAIM_EVIDENCE_D148327D152408CBDC03,cev_5a1622e9e274
claim_evidence,S265_CLAIM_EVIDENCE_D152F4739712661EE03D,cev_90b955fad6e7
claim_evidence,S265_CLAIM_EVIDENCE_D164D275043EE0753206,cev_e3385c54d355
claim_evidence,S265_CLAIM_EVIDENCE_D16BAE7D337C75B3D88E,cev_9e7e33014638
claim_evidence,S265_CLAIM_EVIDENCE_D181EF6E35886A4216A0,cev_9ec37ce88dd6
claim_evidence,S265_CLAIM_EVIDENCE_D1947739207917B114D6,cev_ceba47861d86
claim_evidence,S265_CLAIM_EVIDENCE_D19A9A1DBD1DDA1CC8E8,cev_ff0270a5e099
claim_evidence,S265_CLAIM_EVIDENCE_D19DAEA1F39D3C9B16E5,cev_4f9150c2b602
claim_evidence,S265_CLAIM_EVIDENCE_D1AF3F67983AC135DFEC,cev_8d71a231db53
claim_evidence,S265_CLAIM_EVIDENCE_D1B1884D119145FBAB85,cev_a406bd230268
claim_evidence,S265_CLAIM_EVIDENCE_D1BAB41D71163FC053B5,cev_34f1ac29af54
claim_evidence,S265_CLAIM_EVIDENCE_D1BDFE1D207F4F4B86F6,cev_d3379daeef02
claim_evidence,S265_CLAIM_EVIDENCE_D1C272125855134BBF17,cev_b4f0a3ca9496
claim_evidence,S265_CLAIM_EVIDENCE_D1C4CAB71DAC0527B600,cev_fed1dcf1c929
claim_evidence,S265_CLAIM_EVIDENCE_D1C59721DA5D965FC9D8,cev_3dca7943b833
claim_evidence,S265_CLAIM_EVIDENCE_D1CE051BFCDC08EBD350,cev_7c72aed9ffe7
claim_evidence,S265_CLAIM_EVIDENCE_D1E0C0B23D02C8BA40BA,cev_f3317487fdb0
claim_evidence,S265_CLAIM_EVIDENCE_D1EE23FF4870CE85640F,cev_c8850c3c640b
claim_evidence,S265_CLAIM_EVIDENCE_D1FB8D392DA61187E5DA,cev_19e9f6026f43
claim_evidence,S265_CLAIM_EVIDENCE_D20159FEB76EA5C2DA39,cev_227cb4e983da
claim_evidence,S265_CLAIM_EVIDENCE_D207A67A263BC3E8D620,cev_cb9a1cb57b58
claim_evidence,S265_CLAIM_EVIDENCE_D20BA967517B540CF6B5,cev_3734defa0eec
claim_evidence,S265_CLAIM_EVIDENCE_D251AE29060EAEF36657,cev_9c33267c8f00
claim_evidence,S265_CLAIM_EVIDENCE_D261CDC3020CE8DE5E72,cev_7247fc38dbba
claim_evidence,S265_CLAIM_EVIDENCE_D278BDC37D3673374589,cev_c92326332236
claim_evidence,S265_CLAIM_EVIDENCE_D289F5AED249A877A96F,cev_91368cad6144
claim_evidence,S265_CLAIM_EVIDENCE_D2933AC3658FE332A4C2,cev_9cab2d2291c5
claim_evidence,S265_CLAIM_EVIDENCE_D2B944A6AAA694D1341B,cev_312e7c75311d
claim_evidence,S265_CLAIM_EVIDENCE_D2C8E2DDAA82A5D2A123,cev_b225e7289006
claim_evidence,S265_CLAIM_EVIDENCE_D2DD6792CAFC0EB3B971,cev_bac9cd511662
claim_evidence,S265_CLAIM_EVIDENCE_D2DF8AE3C79B6669F3DE,cev_be0d962d9373
claim_evidence,S265_CLAIM_EVIDENCE_D2E0C2D88BB6080A2F46,cev_64500fec44b3
claim_evidence,S265_CLAIM_EVIDENCE_D2E7E90A978ACD8A774F,cev_4bd54acbcda4
claim_evidence,S265_CLAIM_EVIDENCE_D2F8273B205BCEFC22CB,cev_79360cd156af
claim_evidence,S265_CLAIM_EVIDENCE_D30C92E05E8029C8753A,cev_e6cb1709dfa4
claim_evidence,S265_CLAIM_EVIDENCE_D318E3E69DDE211C0218,cev_d2b29935c280
claim_evidence,S265_CLAIM_EVIDENCE_D34478BF2FACA3A52947,cev_92eb9bfcaecc
claim_evidence,S265_CLAIM_EVIDENCE_D34D23AE3BE2D2953AFA,cev_eff2d38e3fb7
claim_evidence,S265_CLAIM_EVIDENCE_D35EB5637FA3759754DE,cev_a91ce4f511d2
claim_evidence,S265_CLAIM_EVIDENCE_D379BCFA0E506F4A82D5,cev_21b612176717
claim_evidence,S265_CLAIM_EVIDENCE_D381E7FA270A1CDFA463,cev_59a7bceb6c6f
claim_evidence,S265_CLAIM_EVIDENCE_D38B010EB263C7FAD21C,cev_c1f696301cbc
claim_evidence,S265_CLAIM_EVIDENCE_D3903C1046BDB9DBEAE1,cev_89fc18c9289f
claim_evidence,S265_CLAIM_EVIDENCE_D39148E0BEECC442BD46,cev_88470c844d65
claim_evidence,S265_CLAIM_EVIDENCE_D3A7D07B61AF39FE879A,cev_bcbeed7fa1e0
claim_evidence,S265_CLAIM_EVIDENCE_D3AC64336A562CE8F60D,cev_46f398e8f8cf
claim_evidence,S265_CLAIM_EVIDENCE_D3AF41059391F4F8E602,cev_292fd6a12704
claim_evidence,S265_CLAIM_EVIDENCE_D3B01D3A1BDFAF46E624,cev_65370189f704
claim_evidence,S265_CLAIM_EVIDENCE_D3B5CC628A375AA6FA4D,cev_c923ec418271
claim_evidence,S265_CLAIM_EVIDENCE_D3BA07623AFC0DD84CF7,cev_6229826c2cae
claim_evidence,S265_CLAIM_EVIDENCE_D3BC5B54DB2609A7A55A,cev_2a64c4723cc0
claim_evidence,S265_CLAIM_EVIDENCE_D3E2DD982CCC653CA085,cev_2e0ecb5eae2a
claim_evidence,S265_CLAIM_EVIDENCE_D3EB2CCA139FA33CA5FF,cev_542f9522d318
claim_evidence,S265_CLAIM_EVIDENCE_D3EC715E8603A73D1552,cev_97702e69d86e
claim_evidence,S265_CLAIM_EVIDENCE_D3F9703D8DF01F4802B0,cev_9987368462e4
claim_evidence,S265_CLAIM_EVIDENCE_D405F33615E9459CFD36,cev_8327b2cc62ba
claim_evidence,S265_CLAIM_EVIDENCE_D42A3D800862AD14731A,cev_72764c54e1fc
claim_evidence,S265_CLAIM_EVIDENCE_D447BB28FCA8E18F19FF,cev_5c437741c119
claim_evidence,S265_CLAIM_EVIDENCE_D455766B8CE59BEFED13,cev_26ff0d884917
claim_evidence,S265_CLAIM_EVIDENCE_D488EA1253B7296A3293,cev_d84f64ed649c
claim_evidence,S265_CLAIM_EVIDENCE_D4AE35CFEC0B58997440,cev_21a6c638d22f
claim_evidence,S265_CLAIM_EVIDENCE_D4AE6A96F3D85730FD51,cev_c35bf3398e8b
claim_evidence,S265_CLAIM_EVIDENCE_D4B1007F387AF728BA3B,cev_fcd12311b908
claim_evidence,S265_CLAIM_EVIDENCE_D4B2C503C78FA49DC21C,cev_8c89672ac060
claim_evidence,S265_CLAIM_EVIDENCE_D4BF5EB92B680ABC2D1C,cev_26625ac90263
claim_evidence,S265_CLAIM_EVIDENCE_D4CA94DF2F329D536FDF,cev_9f859443a37b
claim_evidence,S265_CLAIM_EVIDENCE_D4CD2C7CA1B8AB3D4E23,cev_b0bdfee0188c
claim_evidence,S265_CLAIM_EVIDENCE_D4DC12BE2374037AC1A4,cev_ae49c622dc25
claim_evidence,S265_CLAIM_EVIDENCE_D4DCD043C5D15B8312F8,cev_75f7f8f7b79b
claim_evidence,S265_CLAIM_EVIDENCE_D5094B4B70814A04D3EB,cev_4b6e1fb20c62
claim_evidence,S265_CLAIM_EVIDENCE_D50F2AD5F0B368425D91,cev_bad44ad441c4
claim_evidence,S265_CLAIM_EVIDENCE_D515CAB793BCC7229C58,cev_bc82d2ec8a8c
claim_evidence,S265_CLAIM_EVIDENCE_D51798D44A1689DF064A,cev_372b95091971
claim_evidence,S265_CLAIM_EVIDENCE_D52150E841E784A57380,cev_fdb2950478b9
claim_evidence,S265_CLAIM_EVIDENCE_D53758ACFAA3CBA0782E,cev_740b10137bb9
claim_evidence,S265_CLAIM_EVIDENCE_D53B631DCAFE1E3BF9C7,cev_6a43f3c0fc31
claim_evidence,S265_CLAIM_EVIDENCE_D54074F3EB67A142B9CD,cev_8d0c0baeb3cb
claim_evidence,S265_CLAIM_EVIDENCE_D5491B909147A250AF8E,cev_386cb5565995
claim_evidence,S265_CLAIM_EVIDENCE_D5535421D9D761DC61D6,cev_352482319b82
claim_evidence,S265_CLAIM_EVIDENCE_D56E612F84331D48EB76,cev_dd2df664133e
claim_evidence,S265_CLAIM_EVIDENCE_D571D7A03A731CB0810F,cev_5b1d65c6626c
claim_evidence,S265_CLAIM_EVIDENCE_D571DE77B6C95B2F7E7C,cev_63e7bd424f5b
claim_evidence,S265_CLAIM_EVIDENCE_D5952774581DBB51FF74,cev_dc2abfe8d626
claim_evidence,S265_CLAIM_EVIDENCE_D5A28027109B99B84E10,cev_d102d423d1d9
claim_evidence,S265_CLAIM_EVIDENCE_D5C59691F6BD539C45F6,cev_5c2164a52b17
claim_evidence,S265_CLAIM_EVIDENCE_D5CE8F4DBF0B25DF33A5,cev_42a3945eaa21
claim_evidence,S265_CLAIM_EVIDENCE_D5D04042213913562BE7,cev_0f59f18f86ee
claim_evidence,S265_CLAIM_EVIDENCE_D5F0DEEFEE65C4CB9C48,cev_fbcfca01ad2d
claim_evidence,S265_CLAIM_EVIDENCE_D5F1915CD65C0651497F,cev_39c7fede80be
claim_evidence,S265_CLAIM_EVIDENCE_D5F7D91A2A8A371645C5,cev_2b94b47341a8
claim_evidence,S265_CLAIM_EVIDENCE_D605865A0E6C0C88BBD1,cev_1501165fb1b2
claim_evidence,S265_CLAIM_EVIDENCE_D611F32ACF4CF3969326,cev_55a24dd991dc
claim_evidence,S265_CLAIM_EVIDENCE_D61A36095537EBAECAB6,cev_42de8a34ec86
claim_evidence,S265_CLAIM_EVIDENCE_D620A748279E5C424814,cev_275a80db0e05
claim_evidence,S265_CLAIM_EVIDENCE_D62CFA3FE7A6EC06EB32,cev_8551cf4f23f6
claim_evidence,S265_CLAIM_EVIDENCE_D632E03FCDD057E2C404,cev_ff80eacf02fb
claim_evidence,S265_CLAIM_EVIDENCE_D65BB311AE1198848099,cev_1268da17d44b
claim_evidence,S265_CLAIM_EVIDENCE_D663C09636DAB1960F9A,cev_d471efd1f750
claim_evidence,S265_CLAIM_EVIDENCE_D663D5A3ACCA0341B066,cev_d2fe77c96a6f
claim_evidence,S265_CLAIM_EVIDENCE_D66CE5E2CF8545A0085B,cev_24726fbb8f78
claim_evidence,S265_CLAIM_EVIDENCE_D66D6E68108882B3516D,cev_7d01aa9da348
claim_evidence,S265_CLAIM_EVIDENCE_D68125E7829EA41B89D9,cev_f1febcbb04fe
claim_evidence,S265_CLAIM_EVIDENCE_D689442BBE2A013AC59D,cev_6f1152f6c4e9
claim_evidence,S265_CLAIM_EVIDENCE_D69ABF0C9407CB250CE7,cev_78498f809bfd
claim_evidence,S265_CLAIM_EVIDENCE_D69CBF3AF919ECC86C7A,cev_f3a62c66814d
claim_evidence,S265_CLAIM_EVIDENCE_D69E356486454B8FEB66,cev_1b5b073cdf1e
claim_evidence,S265_CLAIM_EVIDENCE_D69E677B8FAD2D9E8422,cev_cea4807363f0
claim_evidence,S265_CLAIM_EVIDENCE_D6AE0E9222F91FA86076,cev_a07eacf13643
claim_evidence,S265_CLAIM_EVIDENCE_D6AE3C991EF00F43AF66,cev_48fcfe9acc7d
claim_evidence,S265_CLAIM_EVIDENCE_D6CDD0FB0D1289EE92B1,cev_39a5eb918e3c
claim_evidence,S265_CLAIM_EVIDENCE_D6D3DEA27A6C69EAFDBB,cev_883b3aa6057c
claim_evidence,S265_CLAIM_EVIDENCE_D6D4072D86A4D1B918D8,cev_149d23a58be1
claim_evidence,S265_CLAIM_EVIDENCE_D6F8CD109B7DB778C503,cev_2888ec904342
claim_evidence,S265_CLAIM_EVIDENCE_D71508A3C9D33D748B0B,cev_248ec9c1c903
claim_evidence,S265_CLAIM_EVIDENCE_D726C91C0EA82D7C040D,cev_543af1cc3f3d
claim_evidence,S265_CLAIM_EVIDENCE_D72783DFAC1A0F342731,cev_b29afc22dd8b
claim_evidence,S265_CLAIM_EVIDENCE_D731673E0D2EF7B1F702,cev_915130b74d2f
claim_evidence,S265_CLAIM_EVIDENCE_D73C04F2F0220134D803,cev_79d7ee74f941
claim_evidence,S265_CLAIM_EVIDENCE_D751879DB290B65E3CF0,cev_cfe91e00043c
claim_evidence,S265_CLAIM_EVIDENCE_D7708CA434C1BEDBF64D,cev_e8c6150c149a
claim_evidence,S265_CLAIM_EVIDENCE_D7AF03A01BBB13644BDB,cev_8e7254dddca5
claim_evidence,S265_CLAIM_EVIDENCE_D7C4FD7892C4CC45FD2C,cev_45b8044606b5
claim_evidence,S265_CLAIM_EVIDENCE_D7C7CB2247F295D81686,cev_71607fa162a8
claim_evidence,S265_CLAIM_EVIDENCE_D7D801EB884CC403C22D,cev_716036b16f43
claim_evidence,S265_CLAIM_EVIDENCE_D7DB94CEBFD68812D551,cev_3ac57f3c9608
claim_evidence,S265_CLAIM_EVIDENCE_D7DC94B749FC1B166788,cev_5e55bc5edf63
claim_evidence,S265_CLAIM_EVIDENCE_D7DE93E1B1F3CA4943F3,cev_85254a0f18fd
claim_evidence,S265_CLAIM_EVIDENCE_D7E1B28EC1A516D2A0D2,cev_00a9a53aa8fc
claim_evidence,S265_CLAIM_EVIDENCE_D7F2563ACBB10A202337,cev_4c19eee1460a
claim_evidence,S265_CLAIM_EVIDENCE_D80AB438F3600AA830FE,cev_9441b79598c6
claim_evidence,S265_CLAIM_EVIDENCE_D815F03DEDFD3AAB7067,cev_3f26899794fc
claim_evidence,S265_CLAIM_EVIDENCE_D8197F29D9B501DF73CC,cev_5b30cc5b1587
claim_evidence,S265_CLAIM_EVIDENCE_D8229A91FF3AC12BEE8B,cev_1cd61ec52f5c
claim_evidence,S265_CLAIM_EVIDENCE_D84E365A6E8B57D5589C,cev_f192f33b226a
claim_evidence,S265_CLAIM_EVIDENCE_D852D9708D5AFDBE345D,cev_31b920fa1253
claim_evidence,S265_CLAIM_EVIDENCE_D8579CCFB62C18C9B2BF,cev_97fa675a4ab0
claim_evidence,S265_CLAIM_EVIDENCE_D86212A625ECCAB5B5C4,cev_03b2db32d24f
claim_evidence,S265_CLAIM_EVIDENCE_D86494273C53F4AEF87A,cev_89caee1ab8f6
claim_evidence,S265_CLAIM_EVIDENCE_D86D2A21F34A95464885,cev_92c441d7479e
claim_evidence,S265_CLAIM_EVIDENCE_D86EB0E03A76D4A3B6FB,cev_0940b0663deb
claim_evidence,S265_CLAIM_EVIDENCE_D8756344C5115AD77808,cev_564417e1c494
claim_evidence,S265_CLAIM_EVIDENCE_D88080C542FF03C837B2,cev_0807358c4c42
claim_evidence,S265_CLAIM_EVIDENCE_D8886283AD34ED6DA3F6,cev_26a54a49d0b1
claim_evidence,S265_CLAIM_EVIDENCE_D898A58EBA365CB5C39B,cev_bb4d635632c4
claim_evidence,S265_CLAIM_EVIDENCE_D8A4F6483C5A82CC471E,cev_edb9819d881f
claim_evidence,S265_CLAIM_EVIDENCE_D8C55A837B59A95BDF1E,cev_ba10862bf4ab
claim_evidence,S265_CLAIM_EVIDENCE_D8D23713B0C3B2477FEC,cev_33faf9fc3dcf
claim_evidence,S265_CLAIM_EVIDENCE_D8D7E7EFA5B006FCE2A5,cev_ef5485512dbc
claim_evidence,S265_CLAIM_EVIDENCE_D8EAA18F9182C1833B69,cev_8bb8d93ac90d
claim_evidence,S265_CLAIM_EVIDENCE_D8FDA7C2C5388F521CEA,cev_4c0c8599cd4b
claim_evidence,S265_CLAIM_EVIDENCE_D90224DAF84D103D29FB,cev_5c1d7c5f567f
claim_evidence,S265_CLAIM_EVIDENCE_D9310F09AF751D494F36,cev_19fa162ce228
claim_evidence,S265_CLAIM_EVIDENCE_D9460EB08C2CDEF994E7,cev_6a9522e68363
claim_evidence,S265_CLAIM_EVIDENCE_D950D8C5E86450C0D65C,cev_17846e9e0e94
claim_evidence,S265_CLAIM_EVIDENCE_D97964F5D27D36D83667,cev_e39b5f5c4f59
claim_evidence,S265_CLAIM_EVIDENCE_D989474340C35E13B57D,cev_2d4d66031033
claim_evidence,S265_CLAIM_EVIDENCE_D989C00D1A08614879A2,cev_c7d5b2475432
claim_evidence,S265_CLAIM_EVIDENCE_D9CC0AD45258A3E54EA8,cev_8bb2556ab993
claim_evidence,S265_CLAIM_EVIDENCE_D9D2E998ED237C97B9DB,cev_de1a18012d9c
claim_evidence,S265_CLAIM_EVIDENCE_DA130173AA4226BDC668,cev_339da1a51ac1
claim_evidence,S265_CLAIM_EVIDENCE_DA34F1D4A42B5F265C73,cev_15a8bb2e650f
claim_evidence,S265_CLAIM_EVIDENCE_DA36A7FE81A7A3DFFE6F,cev_6a665c9489b4
claim_evidence,S265_CLAIM_EVIDENCE_DA469AE5F838D873E594,cev_0c13a1b2754a
claim_evidence,S265_CLAIM_EVIDENCE_DA4AC0FF8AB7AEC946F6,cev_321d6107a795
claim_evidence,S265_CLAIM_EVIDENCE_DA89548024BAFF03556E,cev_7bb71b915ef5
claim_evidence,S265_CLAIM_EVIDENCE_DA8E73F3176080245742,cev_a55b5a380a1a
claim_evidence,S265_CLAIM_EVIDENCE_DA9639AD088B57B28E32,cev_2ce4836b05b6
claim_evidence,S265_CLAIM_EVIDENCE_DA9E442CC9B42F62B208,cev_78cdbf6cc4fd
claim_evidence,S265_CLAIM_EVIDENCE_DAA4F0E0EBFCE154EB74,cev_1ba298dd11cb
claim_evidence,S265_CLAIM_EVIDENCE_DAAE2BE398DADA83600E,cev_6ca7b2808869
claim_evidence,S265_CLAIM_EVIDENCE_DAC8258CDEF58008984A,cev_f77fb01a224e
claim_evidence,S265_CLAIM_EVIDENCE_DACA49066B5357F56AC0,cev_436d39564ba4
claim_evidence,S265_CLAIM_EVIDENCE_DAD40F33E7E45CB823B7,cev_8ba49473089b
claim_evidence,S265_CLAIM_EVIDENCE_DAF3FC7C1499A5DB30D2,cev_40d1dd955e58
claim_evidence,S265_CLAIM_EVIDENCE_DAFD54320818904EFB9D,cev_359c7efa7e12
claim_evidence,S265_CLAIM_EVIDENCE_DAFF5F83206003AFD496,cev_2188a810a3a5
claim_evidence,S265_CLAIM_EVIDENCE_DB01EAA687541A41766F,cev_f2d4643724d1
claim_evidence,S265_CLAIM_EVIDENCE_DB17BAD5C60A25945FF8,cev_853f2e0a39d2
claim_evidence,S265_CLAIM_EVIDENCE_DB19524A6411BBA5A41D,cev_314a9c1778d2
claim_evidence,S265_CLAIM_EVIDENCE_DB1BC9FB7DDD4CF0ED1E,cev_8438e1a13d7a
claim_evidence,S265_CLAIM_EVIDENCE_DB26E6FA0B80C6930C18,cev_4dbfca52dc75
claim_evidence,S265_CLAIM_EVIDENCE_DB578911D6888C306802,cev_501c4117483d
claim_evidence,S265_CLAIM_EVIDENCE_DB5EEF1B93A8DCDB4271,cev_2c82ad062775
claim_evidence,S265_CLAIM_EVIDENCE_DB690BAE13857CA21E5E,cev_3c2828e82764
claim_evidence,S265_CLAIM_EVIDENCE_DB7819B5F1403A03D218,cev_0da87a97dbba
claim_evidence,S265_CLAIM_EVIDENCE_DB9AEFD3DC1A2B6DDF05,cev_6a80e4200a74
claim_evidence,S265_CLAIM_EVIDENCE_DBA3218812D43EE4563F,cev_1083d40a9dc2
claim_evidence,S265_CLAIM_EVIDENCE_DBA4A9BB48896A60E1A6,cev_29cdbcb7c865
claim_evidence,S265_CLAIM_EVIDENCE_DBA4B1C3E70D11069063,cev_ad063d313c0b
claim_evidence,S265_CLAIM_EVIDENCE_DBA4F3368A2AF66B0732,cev_f18f0e5e4dfd
claim_evidence,S265_CLAIM_EVIDENCE_DBAB0F8B4E14CFE6A166,cev_78bb2214cfa8
claim_evidence,S265_CLAIM_EVIDENCE_DBCB652091C0169CD933,cev_f85493dd1c97
claim_evidence,S265_CLAIM_EVIDENCE_DBCFBE0CEA65A9079657,cev_7be465ce490e
claim_evidence,S265_CLAIM_EVIDENCE_DC0ED3B20A2530125F8C,cev_2ba1196638ec
claim_evidence,S265_CLAIM_EVIDENCE_DC17B29B38BE2B6F0223,cev_41423a903668
claim_evidence,S265_CLAIM_EVIDENCE_DC2121FCF2BD096CD7F7,cev_ce1c99af10d4
claim_evidence,S265_CLAIM_EVIDENCE_DC403B848995E413B754,cev_cd855e63c19c
claim_evidence,S265_CLAIM_EVIDENCE_DC5CDBE1100859CC4AE4,cev_20128f2b3114
claim_evidence,S265_CLAIM_EVIDENCE_DC6A103D217D8221A417,cev_971fae9be41f
claim_evidence,S265_CLAIM_EVIDENCE_DC7AA0FB1FD5C34F6343,cev_3d68fa907010
claim_evidence,S265_CLAIM_EVIDENCE_DC8780C8944BFE9BA271,cev_62c1bc13f917
claim_evidence,S265_CLAIM_EVIDENCE_DC90CF47033060E3A9FD,cev_e93abb60bbfe
claim_evidence,S265_CLAIM_EVIDENCE_DCAE0974D18A52F2A600,cev_9f5f00665482
claim_evidence,S265_CLAIM_EVIDENCE_DCB44B32357EA93FEFF4,cev_1283bc377684
claim_evidence,S265_CLAIM_EVIDENCE_DCB62A4536D23215FE75,cev_9aa3c862024b
claim_evidence,S265_CLAIM_EVIDENCE_DCEA505D2C82FABD5B94,cev_903b89766bcc
claim_evidence,S265_CLAIM_EVIDENCE_DCF71C28D204233B835F,cev_29fabeb97e26
claim_evidence,S265_CLAIM_EVIDENCE_DD081F27A474444FDB03,cev_151abc0c56b7
claim_evidence,S265_CLAIM_EVIDENCE_DD315FCE45B8894ED6FF,cev_4728184c8e26
claim_evidence,S265_CLAIM_EVIDENCE_DD3E9A842AA9FDD0B46E,cev_c107f7531c2a
claim_evidence,S265_CLAIM_EVIDENCE_DD477C8FB56B4932D682,cev_cfcb257d2bbb
claim_evidence,S265_CLAIM_EVIDENCE_DD52B8257299F188565A,cev_39d4772db738
claim_evidence,S265_CLAIM_EVIDENCE_DD539EAF8CACD1D0912F,cev_dedb4f2f75a8
claim_evidence,S265_CLAIM_EVIDENCE_DD7C49A7C22E1BF26D1A,cev_a66ebfae90e3
claim_evidence,S265_CLAIM_EVIDENCE_DD8236D8D0FAFF1A0C18,cev_de52223fb2d3
claim_evidence,S265_CLAIM_EVIDENCE_DD8B568D0697362EA237,cev_bd2dd864d8d5
claim_evidence,S265_CLAIM_EVIDENCE_DD92BCE401A0D4D59C68,cev_7bc240a4c5a4
claim_evidence,S265_CLAIM_EVIDENCE_DDA349072B7889D61F72,cev_4604b9076b81
claim_evidence,S265_CLAIM_EVIDENCE_DDB02A541F2F05FFBB69,cev_739ccdbd2c99
claim_evidence,S265_CLAIM_EVIDENCE_DDB1C4DBF075EEC40563,cev_f513b64ddcb5
claim_evidence,S265_CLAIM_EVIDENCE_DDCDAEE5689D89BA2234,cev_52d293ccb399
claim_evidence,S265_CLAIM_EVIDENCE_DDDB58892E7B5F65FC33,cev_433a72b74c14
claim_evidence,S265_CLAIM_EVIDENCE_DDFAA6C59354F30C1536,cev_7bccd13ee731
claim_evidence,S265_CLAIM_EVIDENCE_DDFD99834588F971D90F,cev_44674a921b5d
claim_evidence,S265_CLAIM_EVIDENCE_DE1D4ED158B7B58931B1,cev_23ffdfaf3e48
claim_evidence,S265_CLAIM_EVIDENCE_DE223FD8EB982D8D2A2D,cev_3cca19db23ff
claim_evidence,S265_CLAIM_EVIDENCE_DE27573679CD96D34100,cev_598802b29054
claim_evidence,S265_CLAIM_EVIDENCE_DE2F8ED9C0A60261E72A,cev_fc486315faed
claim_evidence,S265_CLAIM_EVIDENCE_DE30D48B4799306DE133,cev_8909de1f0683
claim_evidence,S265_CLAIM_EVIDENCE_DE313F44576C2A1438D6,cev_cca0ae669a1a
claim_evidence,S265_CLAIM_EVIDENCE_DE3F192FF98734F3D527,cev_0d8828355b16
claim_evidence,S265_CLAIM_EVIDENCE_DE414756DE2A6CA53258,cev_095133bc336b
claim_evidence,S265_CLAIM_EVIDENCE_DE58A8FF9176B07B1C1B,cev_1f441323218f
claim_evidence,S265_CLAIM_EVIDENCE_DE7C6E0D484040FC14CD,cev_dd0c8fcd1d8e
claim_evidence,S265_CLAIM_EVIDENCE_DE8A04683F56DA939BA3,cev_e00408c5107a
claim_evidence,S265_CLAIM_EVIDENCE_DEBB64EF97B49C7DB98F,cev_1c406b0ea5f4
claim_evidence,S265_CLAIM_EVIDENCE_DEC697B8841F534F352D,cev_d4f2e703dd21
claim_evidence,S265_CLAIM_EVIDENCE_DECE9C0CA9E4E6408EA1,cev_e09ce77fb025
claim_evidence,S265_CLAIM_EVIDENCE_DEE6E469C6171760E993,cev_9d40f4d3656c
claim_evidence,S265_CLAIM_EVIDENCE_DEE7D701AADCFE835B4D,cev_a258b82991e4
claim_evidence,S265_CLAIM_EVIDENCE_DEF4F2B183BD65DCFEFB,cev_99bc767a9c09
claim_evidence,S265_CLAIM_EVIDENCE_DEF722507C6622497D73,cev_d2c4887cac33
claim_evidence,S265_CLAIM_EVIDENCE_DF2CA3C382EDA5692728,cev_578876438616
claim_evidence,S265_CLAIM_EVIDENCE_DF38BE807D352A90ECFC,cev_ba081cac43b4
claim_evidence,S265_CLAIM_EVIDENCE_DF3A41591C3C5C146B03,cev_0eefe8833ad0
claim_evidence,S265_CLAIM_EVIDENCE_DF436C9936C909961000,cev_5fe48425388c
claim_evidence,S265_CLAIM_EVIDENCE_DF64FACE14E0249D7A32,cev_106769005005
claim_evidence,S265_CLAIM_EVIDENCE_DF6DBF4CE5F9888FFC32,cev_7b30a28cbad7
claim_evidence,S265_CLAIM_EVIDENCE_DF7357808B2EAD5DB59D,cev_288f22747232
claim_evidence,S265_CLAIM_EVIDENCE_DF77041F8A09E1DA07CC,cev_33c969056eff
claim_evidence,S265_CLAIM_EVIDENCE_DF778CA9A67C153B336F,cev_c71e595f5952
claim_evidence,S265_CLAIM_EVIDENCE_DF7871756EBCDF8D82E1,cev_bac1f012d941
claim_evidence,S265_CLAIM_EVIDENCE_DF808459689278D4AB6C,cev_02f028648cec
claim_evidence,S265_CLAIM_EVIDENCE_DF8830A2A7819DA46680,cev_c8efa10ac8d5
claim_evidence,S265_CLAIM_EVIDENCE_DF9C3B25EA164F150C28,cev_b754d379539c
claim_evidence,S265_CLAIM_EVIDENCE_DFAD94B4B1BD7F6BB3CB,cev_3eb664383c6d
claim_evidence,S265_CLAIM_EVIDENCE_DFADD5436C5CD7F30985,cev_5f6d910abd0a
claim_evidence,S265_CLAIM_EVIDENCE_DFAFFD334357C33E519C,cev_fffea4ab0ead
claim_evidence,S265_CLAIM_EVIDENCE_DFD98C550BD659B4C556,cev_10be34a12825
claim_evidence,S265_CLAIM_EVIDENCE_DFDFDA9142FE18F8E015,cev_486523c7e97a
claim_evidence,S265_CLAIM_EVIDENCE_DFE09560A72CF0D049D4,cev_053fbc4c47b2
claim_evidence,S265_CLAIM_EVIDENCE_DFE470451BC00A310AB1,cev_58010a7dcfbc
claim_evidence,S265_CLAIM_EVIDENCE_DFEDB41E4F70CB2459C2,cev_d31dbc5076db
claim_evidence,S265_CLAIM_EVIDENCE_DFF4496FE6EC119D4A0A,cev_ba8f96a48511
claim_evidence,S265_CLAIM_EVIDENCE_E008908DE9850F5B5244,cev_1cbf0c8d5ad6
claim_evidence,S265_CLAIM_EVIDENCE_E0296572BE24CD2DACEA,cev_833b4c8f0425
claim_evidence,S265_CLAIM_EVIDENCE_E03C02F8132053358659,cev_5b0572b9a28b
claim_evidence,S265_CLAIM_EVIDENCE_E07625FFA62E66586020,cev_a118ae51ffbb
claim_evidence,S265_CLAIM_EVIDENCE_E0971002445C8C57D773,cev_22e4f1511ff1
claim_evidence,S265_CLAIM_EVIDENCE_E0A2FEDB124F87E69716,cev_10ada0d477f8
claim_evidence,S265_CLAIM_EVIDENCE_E0D1DB42639E9D395511,cev_508122f04fc8
claim_evidence,S265_CLAIM_EVIDENCE_E0DA0856D649196DDC38,cev_99cb1c5ac5fe
claim_evidence,S265_CLAIM_EVIDENCE_E0E394CEEE999FE4B281,cev_7dc1c9a1e0b8
claim_evidence,S265_CLAIM_EVIDENCE_E0E94E4ED86A497424E6,cev_8909e1d6968d
claim_evidence,S265_CLAIM_EVIDENCE_E1278CF702B4A70506D2,cev_b0fa96abd739
claim_evidence,S265_CLAIM_EVIDENCE_E14129E9F4F0CCFA555E,cev_038d6d008024
claim_evidence,S265_CLAIM_EVIDENCE_E1444269A5A6205B9541,cev_18129bf28bb3
claim_evidence,S265_CLAIM_EVIDENCE_E14C160666496D1A931F,cev_88f115c2e942
claim_evidence,S265_CLAIM_EVIDENCE_E14E6EAA70FF5DCF8AE5,cev_33b474e7b418
claim_evidence,S265_CLAIM_EVIDENCE_E158FBFF3242553FB9B0,cev_4110bc106f9e
claim_evidence,S265_CLAIM_EVIDENCE_E15B669882B161545C01,cev_002287126fb2
claim_evidence,S265_CLAIM_EVIDENCE_E1617B1E05F0670AF9F2,cev_e3a147fbff6a
claim_evidence,S265_CLAIM_EVIDENCE_E18781F83A4840303D61,cev_6b8d14d0428a
claim_evidence,S265_CLAIM_EVIDENCE_E193C297DF86AB562964,cev_0afb04fc1817
claim_evidence,S265_CLAIM_EVIDENCE_E1C07CC40AE430635258,cev_540e527f74fd
claim_evidence,S265_CLAIM_EVIDENCE_E1D619B58E692D307660,cev_b1e554b1b3e2
claim_evidence,S265_CLAIM_EVIDENCE_E1DB2BABE9F816741664,cev_da9c7a136b7b
claim_evidence,S265_CLAIM_EVIDENCE_E1E44DDDA863560B70DF,cev_aa90856debbc
claim_evidence,S265_CLAIM_EVIDENCE_E1E931579A6ACD7B77C0,cev_1702ea2ac97d
claim_evidence,S265_CLAIM_EVIDENCE_E1EF46D5E07E0ACEFFB5,cev_0839e4661781
claim_evidence,S265_CLAIM_EVIDENCE_E1F4CA155121DD17E26C,cev_e0b2bcab8d6e
claim_evidence,S265_CLAIM_EVIDENCE_E1F5B9B21542274AE97D,cev_2b0ba2d11dcb
claim_evidence,S265_CLAIM_EVIDENCE_E20A3A484D720388CD37,cev_6aafbcf08689
claim_evidence,S265_CLAIM_EVIDENCE_E217906AE88A4F75941A,cev_a5452c5c91f0
claim_evidence,S265_CLAIM_EVIDENCE_E21CCFF6D0AB35EF4E82,cev_7d2dd664271d
claim_evidence,S265_CLAIM_EVIDENCE_E223151A4533FEF9E809,cev_50743a9e1c8f
claim_evidence,S265_CLAIM_EVIDENCE_E236B0C6EB768D01E727,cev_71c6b1b2cab7
claim_evidence,S265_CLAIM_EVIDENCE_E258BA1E1912E3093347,cev_a85786439cc2
claim_evidence,S265_CLAIM_EVIDENCE_E25F08707796EF4A8103,cev_7abb62a5974a
claim_evidence,S265_CLAIM_EVIDENCE_E2629DE10E37B6F103EA,cev_e14b594011a0
claim_evidence,S265_CLAIM_EVIDENCE_E2875FA7C296EAACCB33,cev_bfdb7365e286
claim_evidence,S265_CLAIM_EVIDENCE_E28D63DB4F3029630BDC,cev_0f836364b07c
claim_evidence,S265_CLAIM_EVIDENCE_E29B2694365D99B2BA30,cev_37195c25e60a
claim_evidence,S265_CLAIM_EVIDENCE_E2A754B8F1E12054135B,cev_facd4a98ee29
claim_evidence,S265_CLAIM_EVIDENCE_E2CF3BB1C52BEC4184E4,cev_2e8372309138
claim_evidence,S265_CLAIM_EVIDENCE_E2EFF73979117FBBE84C,cev_4db16f89dae0
claim_evidence,S265_CLAIM_EVIDENCE_E30B99DD1FEE50FC3BE3,cev_9713c597d709
claim_evidence,S265_CLAIM_EVIDENCE_E3213A150D19D823112A,cev_210f494bfcfe
claim_evidence,S265_CLAIM_EVIDENCE_E34351C93CE12F33785B,cev_ae7fb2fdf553
claim_evidence,S265_CLAIM_EVIDENCE_E347092B37C14C664942,cev_232fa7a2cf96
claim_evidence,S265_CLAIM_EVIDENCE_E349DF9D2925CB961F75,cev_07077a6ae9b7
claim_evidence,S265_CLAIM_EVIDENCE_E34E34D76A414D47EBE8,cev_977c4296b704
claim_evidence,S265_CLAIM_EVIDENCE_E3528E5F59B862404054,cev_d1d2868820d7
claim_evidence,S265_CLAIM_EVIDENCE_E365F0B39E403D97EF35,cev_6c5dd8e5592b
claim_evidence,S265_CLAIM_EVIDENCE_E3A0B18B593DD24C5E79,cev_e0bb6acc9e9f
claim_evidence,S265_CLAIM_EVIDENCE_E3AB2F731692126EBEBC,cev_fbc8b7574983
claim_evidence,S265_CLAIM_EVIDENCE_E3BA508D5A50C683A3A9,cev_c51398230e97
claim_evidence,S265_CLAIM_EVIDENCE_E3C789649D6D7F886F01,cev_7195e35b207a
claim_evidence,S265_CLAIM_EVIDENCE_E3E54AD105C645CE23E1,cev_5886148ffd6e
claim_evidence,S265_CLAIM_EVIDENCE_E3F014AD774769A1CF88,cev_e3d83a3a4bac
claim_evidence,S265_CLAIM_EVIDENCE_E3F780F4382181A096D3,cev_d5fe0acddd85
claim_evidence,S265_CLAIM_EVIDENCE_E4135E6637C48F991A7E,cev_66a10b17d820
claim_evidence,S265_CLAIM_EVIDENCE_E41CFF67319861E0B096,cev_83ec82a10b78
claim_evidence,S265_CLAIM_EVIDENCE_E42B588E365EA6B25CA9,cev_6d05a171aad1
claim_evidence,S265_CLAIM_EVIDENCE_E43BF9987CCEEC7388F8,cev_fc58743b270a
claim_evidence,S265_CLAIM_EVIDENCE_E447A2C742CD791D15C3,cev_2d4e6a9e3835
claim_evidence,S265_CLAIM_EVIDENCE_E470D6D4705A648DD9E2,cev_cdd8a56603de
claim_evidence,S265_CLAIM_EVIDENCE_E47949162683AB58FDC7,cev_ed91d7cc040c
claim_evidence,S265_CLAIM_EVIDENCE_E47FF959AB1788EE5B74,cev_5697be10211c
claim_evidence,S265_CLAIM_EVIDENCE_E4810430E40A200A6C8E,cev_d6aa8c027f25
claim_evidence,S265_CLAIM_EVIDENCE_E485C243F3D107547A78,cev_77d874e5de69
claim_evidence,S265_CLAIM_EVIDENCE_E48F502C37C59DAF3DAB,cev_9da6709cc1be
claim_evidence,S265_CLAIM_EVIDENCE_E4F57AB35952B66FD6D0,cev_c28237649db2
claim_evidence,S265_CLAIM_EVIDENCE_E508B6DCDD8801D43734,cev_9017d6f7620a
claim_evidence,S265_CLAIM_EVIDENCE_E51A6D8DE8C45B66C7B9,cev_4ea6938a1ae8
claim_evidence,S265_CLAIM_EVIDENCE_E523ACF5B644E589F7EA,cev_38caa5d877b2
claim_evidence,S265_CLAIM_EVIDENCE_E541049A3060B6A4F67A,cev_eeae96ce407d
claim_evidence,S265_CLAIM_EVIDENCE_E5507FEBCD7E64D2E104,cev_4ab68da30b56
claim_evidence,S265_CLAIM_EVIDENCE_E55C1C25C0ED146E9BFA,cev_4db8d983994b
claim_evidence,S265_CLAIM_EVIDENCE_E565B20F9158641B84D3,cev_e796ae66be77
claim_evidence,S265_CLAIM_EVIDENCE_E572D4DAE64EC7DDA8DF,cev_216c27ec1baf
claim_evidence,S265_CLAIM_EVIDENCE_E5B55EDBF3C50AAF3686,cev_dbbba1342bf3
claim_evidence,S265_CLAIM_EVIDENCE_E5CDF9C45B8402D980E5,cev_45de5d5990cb
claim_evidence,S265_CLAIM_EVIDENCE_E5D967F572D73F532B99,cev_1b29b9611a8d
claim_evidence,S265_CLAIM_EVIDENCE_E5DB91AE68DAD65C73A9,cev_ccad9f7841a3
claim_evidence,S265_CLAIM_EVIDENCE_E5DD3E144109FAA13A2E,cev_bbeb4ea692ae
claim_evidence,S265_CLAIM_EVIDENCE_E5F39C7899E4E37C8BE6,cev_678ded5344d4
claim_evidence,S265_CLAIM_EVIDENCE_E603848092A7504EFAC1,cev_7e69d4719c87
claim_evidence,S265_CLAIM_EVIDENCE_E64B7A1D0DFA39FC517E,cev_06d89a26ae00
claim_evidence,S265_CLAIM_EVIDENCE_E64DBC60C40AE48696C2,cev_d24f99caca12
claim_evidence,S265_CLAIM_EVIDENCE_E6574F29E23B00AF037D,cev_c3b90535bff7
claim_evidence,S265_CLAIM_EVIDENCE_E67456D4424B25C9A041,cev_ca30cdc8ae72
claim_evidence,S265_CLAIM_EVIDENCE_E67EF8B0718A940D0E8B,cev_f391654c6321
claim_evidence,S265_CLAIM_EVIDENCE_E67F7991F472211026C2,cev_00789b5cc7f3
claim_evidence,S265_CLAIM_EVIDENCE_E68357B62A9C3E86BFFD,cev_123f97fb2c3a
claim_evidence,S265_CLAIM_EVIDENCE_E68F072C3AB73E1F42AF,cev_636e23f6b563
claim_evidence,S265_CLAIM_EVIDENCE_E693148EF691D4B6FD78,cev_f23ff8bfb0f4
claim_evidence,S265_CLAIM_EVIDENCE_E695C38FEAA013373C64,cev_93270c1b142d
claim_evidence,S265_CLAIM_EVIDENCE_E69A5E867F05BB288967,cev_44d16f08ab89
claim_evidence,S265_CLAIM_EVIDENCE_E6AEA8349B9C38AAF399,cev_115d37e41ffb
claim_evidence,S265_CLAIM_EVIDENCE_E6D562DD8C1CE3E88F77,cev_9fc6711fced0
claim_evidence,S265_CLAIM_EVIDENCE_E6DEF66C076EC254EF47,cev_8049458a809c
claim_evidence,S265_CLAIM_EVIDENCE_E6F5DB4DF2CD119CE345,cev_4379d7c9095d
claim_evidence,S265_CLAIM_EVIDENCE_E713EDB3CFD84B88A701,cev_894fda8a7d82
claim_evidence,S265_CLAIM_EVIDENCE_E71874579790F3C5EF28,cev_3610d6754da8
claim_evidence,S265_CLAIM_EVIDENCE_E720B3E87BC9C8DEB8F8,cev_9988f88f78cf
claim_evidence,S265_CLAIM_EVIDENCE_E73574DDE9D1BAD5C346,cev_7e0e59733885
claim_evidence,S265_CLAIM_EVIDENCE_E73F6B1618053BCA6335,cev_20f1d7ca4fdf
claim_evidence,S265_CLAIM_EVIDENCE_E77F6D703C2610C0A42D,cev_353600e100f8
claim_evidence,S265_CLAIM_EVIDENCE_E7968CCF1EB8006B59C3,cev_e67d190ba736
claim_evidence,S265_CLAIM_EVIDENCE_E7BD978276EF8EC1E27A,cev_926c78397d52
claim_evidence,S265_CLAIM_EVIDENCE_E7D2D452ECB69C6FA73A,cev_0ebe0c7e80dd
claim_evidence,S265_CLAIM_EVIDENCE_E7D30D79DAE8D57440D2,cev_8f9d8e640aad
claim_evidence,S265_CLAIM_EVIDENCE_E7D84C7494BDDF2367F4,cev_41c34eaaae2b
claim_evidence,S265_CLAIM_EVIDENCE_E7E0D5ECA8BCECA8F671,cev_c0eb0aab8c55
claim_evidence,S265_CLAIM_EVIDENCE_E7E9F62C86A7676A4D9E,cev_d2480219f73d
claim_evidence,S265_CLAIM_EVIDENCE_E808329A2C3AB9F99C1E,cev_87093d184e36
claim_evidence,S265_CLAIM_EVIDENCE_E81AFC39560FB2C7687A,cev_e8dec94ed29c
claim_evidence,S265_CLAIM_EVIDENCE_E81B0E7AA3827B27E7AE,cev_b4ab3300b1e1
claim_evidence,S265_CLAIM_EVIDENCE_E81C6248134C9072B265,cev_361cf73d9fd5
claim_evidence,S265_CLAIM_EVIDENCE_E81F4E81B13939D74CB1,cev_ef5b0f78f33d
claim_evidence,S265_CLAIM_EVIDENCE_E82CC85C26F3A33DD5BB,cev_ea6042494834
claim_evidence,S265_CLAIM_EVIDENCE_E83345D4151914CDB4CE,cev_b78054f01341
claim_evidence,S265_CLAIM_EVIDENCE_E86BDF37CF4065F1F535,cev_1bd95196df74
claim_evidence,S265_CLAIM_EVIDENCE_E87DE4EAB960434CC01C,cev_0eead1ff5751
claim_evidence,S265_CLAIM_EVIDENCE_E8948BEAC6625CCCB714,cev_2f7825ec96e1
claim_evidence,S265_CLAIM_EVIDENCE_E897B31439E167929B3A,cev_fcc1cbad4b37
claim_evidence,S265_CLAIM_EVIDENCE_E8A4650841D066E0B7E5,cev_316155c9e0fa
claim_evidence,S265_CLAIM_EVIDENCE_E8AE54795F070CE6EB60,cev_bebb9d69da2f
claim_evidence,S265_CLAIM_EVIDENCE_E8C2DB6B4754754D8D3A,cev_5040e47bcb09
claim_evidence,S265_CLAIM_EVIDENCE_E8EE61578236D321FED0,cev_827ad5ad934d
claim_evidence,S265_CLAIM_EVIDENCE_E8F7CD1E4D0360CD8074,cev_d68c4819063b
claim_evidence,S265_CLAIM_EVIDENCE_E90D481B9B927764C78A,cev_5d84f9135b8b
claim_evidence,S265_CLAIM_EVIDENCE_E90E10641FB42678CD8E,cev_02003241bd9e
claim_evidence,S265_CLAIM_EVIDENCE_E91A73640ECA68E481E5,cev_7221da916872
claim_evidence,S265_CLAIM_EVIDENCE_E9279AE2A598E3A07A73,cev_c1c1b4db1174
claim_evidence,S265_CLAIM_EVIDENCE_E92806EB7A0A13BDC873,cev_c0ab1f7d7a2e
claim_evidence,S265_CLAIM_EVIDENCE_E9654C5F98602A63D758,cev_eff26382a252
claim_evidence,S265_CLAIM_EVIDENCE_E96AF35AED343BA2C3E4,cev_49189d3f77d5
claim_evidence,S265_CLAIM_EVIDENCE_E96C0C802B59206BD765,cev_891c450ff28b
claim_evidence,S265_CLAIM_EVIDENCE_E97C68FC7497AE141850,cev_dc4418ad3096
claim_evidence,S265_CLAIM_EVIDENCE_E97DE655273C07E4C523,cev_4534dbb8d1b3
claim_evidence,S265_CLAIM_EVIDENCE_E9E7183F6AA0E3F2A1A1,cev_9416eca6caac
claim_evidence,S265_CLAIM_EVIDENCE_E9F9E8BB24E00381D833,cev_0b413e68b48e
claim_evidence,S265_CLAIM_EVIDENCE_E9FF7D0392236FA8E85C,cev_560618ab7028
claim_evidence,S265_CLAIM_EVIDENCE_EA08C6E990EAC30C1707,cev_8e3e213503c1
claim_evidence,S265_CLAIM_EVIDENCE_EA23C5FF738C806F1226,cev_b6f9a24763df
claim_evidence,S265_CLAIM_EVIDENCE_EA517953B738B0D15F01,cev_98926d6f9d37
claim_evidence,S265_CLAIM_EVIDENCE_EA522484CDE0D539F537,cev_a20de929c3bf
claim_evidence,S265_CLAIM_EVIDENCE_EA66121664586832E6C8,cev_8c8b3ee36e0c
claim_evidence,S265_CLAIM_EVIDENCE_EA693F88B48A2D925314,cev_bf9c3a1a3abb
claim_evidence,S265_CLAIM_EVIDENCE_EA6C594A03995344EB0F,cev_6a63c7e05a46
claim_evidence,S265_CLAIM_EVIDENCE_EA72C8682651939D7FD9,cev_e2399643d9c7
claim_evidence,S265_CLAIM_EVIDENCE_EA7740A3ACAFAD6A9C08,cev_53600248927f
claim_evidence,S265_CLAIM_EVIDENCE_EAA5237FB91647DB4A7D,cev_51f26979fc48
claim_evidence,S265_CLAIM_EVIDENCE_EAAD070D32C9A7AD6859,cev_32e0de363d62
claim_evidence,S265_CLAIM_EVIDENCE_EAADD52B836076826A36,cev_20196a317c8e
claim_evidence,S265_CLAIM_EVIDENCE_EAB5B9EBFC1BFA008F31,cev_5e8a6c339066
claim_evidence,S265_CLAIM_EVIDENCE_EABBF5BC074C789AA901,cev_eba754a5b3b4
claim_evidence,S265_CLAIM_EVIDENCE_EAC0C473768E13EE1209,cev_d218c8a7c408
claim_evidence,S265_CLAIM_EVIDENCE_EAC309873D25658C5E8C,cev_0de76b6a45ae
claim_evidence,S265_CLAIM_EVIDENCE_EAEA849D15171265E8A5,cev_dcb08c28eb99
claim_evidence,S265_CLAIM_EVIDENCE_EB12CDBF65C5D294E6A6,cev_4cfbb5b67b46
claim_evidence,S265_CLAIM_EVIDENCE_EB1D3F36084B0AB0DDF1,cev_41b31a507b4b
claim_evidence,S265_CLAIM_EVIDENCE_EB26C7F30767E90F503D,cev_6bb20bdb63e8
claim_evidence,S265_CLAIM_EVIDENCE_EB2E89BA004FC7404F51,cev_b79dc3c75516
claim_evidence,S265_CLAIM_EVIDENCE_EB47DEA1916D362EF304,cev_46abb95c035b
claim_evidence,S265_CLAIM_EVIDENCE_EB4BAE6735CED613A3EA,cev_bac3c31a8e88
claim_evidence,S265_CLAIM_EVIDENCE_EB51CD0B0BD968AE9816,cev_39db354c6756
claim_evidence,S265_CLAIM_EVIDENCE_EB55CE9459F26F348806,cev_659fbdf2e7e5
claim_evidence,S265_CLAIM_EVIDENCE_EB6111D95CAAC4DC1B48,cev_e03296cb69e9
claim_evidence,S265_CLAIM_EVIDENCE_EB70ADC847C0A368274A,cev_026dcf89fedf
claim_evidence,S265_CLAIM_EVIDENCE_EB978BBB67EE6F466A25,cev_3c263bea50aa
claim_evidence,S265_CLAIM_EVIDENCE_EB9BDD250F73EBC9CCB3,cev_adbd917cdd4f
claim_evidence,S265_CLAIM_EVIDENCE_EBB6D6557236757F55C1,cev_5207a158d0db
claim_evidence,S265_CLAIM_EVIDENCE_EBC0422ED517A7E573E4,cev_ffd1dc689e25
claim_evidence,S265_CLAIM_EVIDENCE_EBC2487FEB9B819E1544,cev_9183526148f8
claim_evidence,S265_CLAIM_EVIDENCE_EBC70DB8A11514B64B99,cev_0941d1a6a5df
claim_evidence,S265_CLAIM_EVIDENCE_EBCDD6EF1589FD6EB4E4,cev_145b2c533cf2
claim_evidence,S265_CLAIM_EVIDENCE_EBD302DBAC3181BEC788,cev_cb229936218d
claim_evidence,S265_CLAIM_EVIDENCE_EBF0EED148B74DBC4CD1,cev_596ed3fff8f5
claim_evidence,S265_CLAIM_EVIDENCE_EBF3F908F2F4B109E635,cev_04a3e9adf183
claim_evidence,S265_CLAIM_EVIDENCE_EC0CFCE5E695B57DE2C8,cev_e0f82f1234ab
claim_evidence,S265_CLAIM_EVIDENCE_EC228B7A91E809A8CCE1,cev_01944c6461f1
claim_evidence,S265_CLAIM_EVIDENCE_EC7033BBFA7E068896F5,cev_2bfea444b08c
claim_evidence,S265_CLAIM_EVIDENCE_EC7EF34A7DCAF374B27D,cev_52b8dcad981e
claim_evidence,S265_CLAIM_EVIDENCE_EC8D28119B2EDC1E3FDB,cev_3c2d311802d9
claim_evidence,S265_CLAIM_EVIDENCE_EC9181A4B950CBF13907,cev_5abdc33ac251
claim_evidence,S265_CLAIM_EVIDENCE_EC972433E85F870EA161,cev_b6be7926329e
claim_evidence,S265_CLAIM_EVIDENCE_ECA8FB3EC7F9CB4D022F,cev_05e2e649e138
claim_evidence,S265_CLAIM_EVIDENCE_ECAC6954CD91BCB668AC,cev_05a304f9d3a9
claim_evidence,S265_CLAIM_EVIDENCE_ECCBD3CC7D814E0FEA3C,cev_4def4efc7b0c
claim_evidence,S265_CLAIM_EVIDENCE_ECCD7D975E734FF2F180,cev_79b712813aca
claim_evidence,S265_CLAIM_EVIDENCE_ECD5F796BA064CBFA1E2,cev_11472a651b11
claim_evidence,S265_CLAIM_EVIDENCE_ECDEF36E8651AB95F99B,cev_304bc9810185
claim_evidence,S265_CLAIM_EVIDENCE_ECF29F0575A201EF168C,cev_d7ec60e186b0
claim_evidence,S265_CLAIM_EVIDENCE_ECF91F63969E7B3E5E46,cev_3c483b094688
claim_evidence,S265_CLAIM_EVIDENCE_ECFA0B801AE34E122134,cev_58f9d66ef1b1
claim_evidence,S265_CLAIM_EVIDENCE_ED010C14B8665A116370,cev_f8328be3f3fe
claim_evidence,S265_CLAIM_EVIDENCE_ED04BD62596572272DCA,cev_19e9e56ad80a
claim_evidence,S265_CLAIM_EVIDENCE_ED08C478D391C25978AE,cev_4c21293718d6
claim_evidence,S265_CLAIM_EVIDENCE_ED0BE37303CB44BF1BA1,cev_a18781bfa59d
claim_evidence,S265_CLAIM_EVIDENCE_ED0C30E1DA0BA6CFD142,cev_2abd1aa470f3
claim_evidence,S265_CLAIM_EVIDENCE_ED20E87E5A95AEF9AFF8,cev_bfa336c9203c
claim_evidence,S265_CLAIM_EVIDENCE_ED2667068F1F7C4B9F7E,cev_fba4f48a9e0d
claim_evidence,S265_CLAIM_EVIDENCE_ED32A31ADE8DC51CDD6A,cev_2c8e4adf4f30
claim_evidence,S265_CLAIM_EVIDENCE_ED59FB59B49F9B3B8D0F,cev_b0b196dc1b8b
claim_evidence,S265_CLAIM_EVIDENCE_ED68DCDA1B59D7E67051,cev_1270a8d9d39d
claim_evidence,S265_CLAIM_EVIDENCE_ED7A56A967E3C93FF31E,cev_f2f5a8540d36
claim_evidence,S265_CLAIM_EVIDENCE_ED866E92BDD65FE93412,cev_7378297b4d18
claim_evidence,S265_CLAIM_EVIDENCE_EDA38234DCE72629AF0C,cev_aa874ec17c13
claim_evidence,S265_CLAIM_EVIDENCE_EDAEB7C88A080C29E8F5,cev_caa7750c1330
claim_evidence,S265_CLAIM_EVIDENCE_EDC0CCDBC25CB75D4E58,cev_977c4f9f6145
claim_evidence,S265_CLAIM_EVIDENCE_EDD50ACC709C93E8EEFB,cev_bf3c3ec3ea57
claim_evidence,S265_CLAIM_EVIDENCE_EDED4548913780B03730,cev_ae5794edd863
claim_evidence,S265_CLAIM_EVIDENCE_EDF2F67FB789C709004D,cev_ea4055e725e1
claim_evidence,S265_CLAIM_EVIDENCE_EE021326B06208195252,cev_3c83fbdb3be2
claim_evidence,S265_CLAIM_EVIDENCE_EE04E61F4A68357D5837,cev_b2d2d857427a
claim_evidence,S265_CLAIM_EVIDENCE_EE0F318656C765E9C97C,cev_ef201a3679bf
claim_evidence,S265_CLAIM_EVIDENCE_EE17945C5AF98E9D1F6D,cev_dcc9d9f0d7cf
claim_evidence,S265_CLAIM_EVIDENCE_EE3AEBCDEB0D38DDC558,cev_410f700f904e
claim_evidence,S265_CLAIM_EVIDENCE_EE69DC967F59FC62257D,cev_d26993e3271f
claim_evidence,S265_CLAIM_EVIDENCE_EE816BA925DEAC9B45DC,cev_cb3a4c5e71b6
claim_evidence,S265_CLAIM_EVIDENCE_EE85427DD596CF63096F,cev_d3bd0d115b41
claim_evidence,S265_CLAIM_EVIDENCE_EE85F407BD562368330E,cev_202889cc2147
claim_evidence,S265_CLAIM_EVIDENCE_EEA268604378968D92D5,cev_1abed95a9d60
claim_evidence,S265_CLAIM_EVIDENCE_EEA9865114012BBC3167,cev_694f27f073da
claim_evidence,S265_CLAIM_EVIDENCE_EEB50DD8DCB9A9F3A645,cev_347ec8cb7a26
claim_evidence,S265_CLAIM_EVIDENCE_EED14C1E4C1422728693,cev_36412a946dda
claim_evidence,S265_CLAIM_EVIDENCE_EEE236E06605C6ED1000,cev_423d47108035
claim_evidence,S265_CLAIM_EVIDENCE_EEF33B3E683ADA43CB9A,cev_fac5fb88ecef
claim_evidence,S265_CLAIM_EVIDENCE_EF1F45C28C9DA48E14D0,cev_195cfe70840b
claim_evidence,S265_CLAIM_EVIDENCE_EF2AEC6DE5E1150C9EF0,cev_c4c47734f94e
claim_evidence,S265_CLAIM_EVIDENCE_EF32C72EF3B2528434B5,cev_0b75aa20e9d6
claim_evidence,S265_CLAIM_EVIDENCE_EF409AF5A99E6CCB5468,cev_c99127f2b2f9
claim_evidence,S265_CLAIM_EVIDENCE_EF4C0F00895CDF816995,cev_24189ea204bd
claim_evidence,S265_CLAIM_EVIDENCE_EF62D513855CF7A8B093,cev_0700e6813e66
claim_evidence,S265_CLAIM_EVIDENCE_EF7D912F278C73C8638D,cev_2a8cbec33de0
claim_evidence,S265_CLAIM_EVIDENCE_EF7DB77D4311FA263905,cev_d08a938847b7
claim_evidence,S265_CLAIM_EVIDENCE_EF8AD91C82D8EC6B655A,cev_407bc89a5a2c
claim_evidence,S265_CLAIM_EVIDENCE_EF955745A93CDC295EAD,cev_0334a90f0af2
claim_evidence,S265_CLAIM_EVIDENCE_EF9797C7ECAA19303721,cev_50fbcd275273
claim_evidence,S265_CLAIM_EVIDENCE_EFA4BF2F191BBE0B4BF5,cev_df717b228974
claim_evidence,S265_CLAIM_EVIDENCE_EFB46F54CC22709B6265,cev_9815dbbebd40
claim_evidence,S265_CLAIM_EVIDENCE_EFBB3E2D7CB734BFDA5D,cev_27e14c3ed1bf
claim_evidence,S265_CLAIM_EVIDENCE_EFCB7350E2078125EFD8,cev_b5be654a831f
claim_evidence,S265_CLAIM_EVIDENCE_EFDD51DECD0DE3A46720,cev_315d671c5ee5
claim_evidence,S265_CLAIM_EVIDENCE_EFE08F189D9E291BDAD1,cev_557166f88331
claim_evidence,S265_CLAIM_EVIDENCE_EFE79E811A681E9535D5,cev_ee8282250195
claim_evidence,S265_CLAIM_EVIDENCE_EFF79D5E6EE16A2A782B,cev_98a9263f9fb1
claim_evidence,S265_CLAIM_EVIDENCE_EFFBC6A508FA2166A66F,cev_6f2413abd6f1
claim_evidence,S265_CLAIM_EVIDENCE_EFFF145A1016DA9F3C6F,cev_d01a890f1eed
claim_evidence,S265_CLAIM_EVIDENCE_F00289DB54876655E246,cev_3235aa32eff1
claim_evidence,S265_CLAIM_EVIDENCE_F01A6C6D5726521A0789,cev_ffbb61021b6a
claim_evidence,S265_CLAIM_EVIDENCE_F01DE9694B8E62B30798,cev_4b5173cc2ff6
claim_evidence,S265_CLAIM_EVIDENCE_F02D4B2BA5EA4833BD43,cev_ffde34ce7d8d
claim_evidence,S265_CLAIM_EVIDENCE_F03116F50A01B7960E2B,cev_5f11d8d11e8e
claim_evidence,S265_CLAIM_EVIDENCE_F031F18296D65CDD163F,cev_be193d32bdaa
claim_evidence,S265_CLAIM_EVIDENCE_F044953C549047298FAD,cev_3682715d1fae
claim_evidence,S265_CLAIM_EVIDENCE_F04F2B7D7D5A6B6913C2,cev_861ac8fbe2fb
claim_evidence,S265_CLAIM_EVIDENCE_F053D17609A3EAD98C05,cev_e60b50ca56d4
claim_evidence,S265_CLAIM_EVIDENCE_F062562046077139DA1D,cev_c013b6669061
claim_evidence,S265_CLAIM_EVIDENCE_F0628A67C4E41CD4052A,cev_8e72b630af58
claim_evidence,S265_CLAIM_EVIDENCE_F065EF70EDB3145A089B,cev_95a6be0e278e
claim_evidence,S265_CLAIM_EVIDENCE_F08C2D4A483140A35B99,cev_d89631affbb2
claim_evidence,S265_CLAIM_EVIDENCE_F093DAAECA2D93C750CB,cev_3ce4eafd172f
claim_evidence,S265_CLAIM_EVIDENCE_F094F4D86CED91B576D1,cev_f9ac9dfe7b6f
claim_evidence,S265_CLAIM_EVIDENCE_F0A60118C3F130DB11CB,cev_7416a11530be
claim_evidence,S265_CLAIM_EVIDENCE_F0A65130B1FEADCFA73E,cev_514ed259724c
claim_evidence,S265_CLAIM_EVIDENCE_F0A7A9E5286E495C7408,cev_1e83ca71b5f2
claim_evidence,S265_CLAIM_EVIDENCE_F0ACE156551E72565820,cev_6bce5d81846d
claim_evidence,S265_CLAIM_EVIDENCE_F0AD1410D248528279DC,cev_ee6504265cf9
claim_evidence,S265_CLAIM_EVIDENCE_F0B2A688FD50328304CF,cev_38627e2d4bab
claim_evidence,S265_CLAIM_EVIDENCE_F0C06409C8941B43298A,cev_af25c6a769ec
claim_evidence,S265_CLAIM_EVIDENCE_F0C136B68EC929A46D76,cev_3fe0e19a191f
claim_evidence,S265_CLAIM_EVIDENCE_F0E63BF0F6E79BB8C6C8,cev_f9171d9c590e
claim_evidence,S265_CLAIM_EVIDENCE_F0EDAB1898624537460D,cev_22122bfe4c58
claim_evidence,S265_CLAIM_EVIDENCE_F0FEAD5B3C2FFF6090E0,cev_f8613dcc31d6
claim_evidence,S265_CLAIM_EVIDENCE_F10508A4296486FA19B2,cev_9b029865fd88
claim_evidence,S265_CLAIM_EVIDENCE_F1196DBB3C1BF8B4EB10,cev_cc8dcbc14547
claim_evidence,S265_CLAIM_EVIDENCE_F12351EC81BFDE4410FD,cev_153d049511aa
claim_evidence,S265_CLAIM_EVIDENCE_F13800CE82C8B90383EA,cev_7dbfa30271a2
claim_evidence,S265_CLAIM_EVIDENCE_F141F0903B66AAD81EB0,cev_ae9566945242
claim_evidence,S265_CLAIM_EVIDENCE_F16B52F5A57944E5D4C4,cev_fb78970719e7
claim_evidence,S265_CLAIM_EVIDENCE_F16BB608440A65016591,cev_39a0cd2de486
claim_evidence,S265_CLAIM_EVIDENCE_F17CC0055E7E3CA195EF,cev_37b86c2bcb06
claim_evidence,S265_CLAIM_EVIDENCE_F18027B1BF1A2FC7492E,cev_a8c66ad7e9c8
claim_evidence,S265_CLAIM_EVIDENCE_F18143D54482851C9949,cev_623b9161e700
claim_evidence,S265_CLAIM_EVIDENCE_F1892ACC8C9864C62C5E,cev_1f48c370e846
claim_evidence,S265_CLAIM_EVIDENCE_F1A654BDEF627CC890EC,cev_9f562f0bae29
claim_evidence,S265_CLAIM_EVIDENCE_F1B828962CB332C38080,cev_af6afcdc8a7a
claim_evidence,S265_CLAIM_EVIDENCE_F1CD2638242D979E5719,cev_902525328554
claim_evidence,S265_CLAIM_EVIDENCE_F1CDA9D469DF8DD313E3,cev_f296e2c62bf1
claim_evidence,S265_CLAIM_EVIDENCE_F1F8D6212CC91440E9F0,cev_497b766b2fab
claim_evidence,S265_CLAIM_EVIDENCE_F209F8D2866E3CFBF58F,cev_5aee85db1136
claim_evidence,S265_CLAIM_EVIDENCE_F21195BFA6D26321FA50,cev_400e3f76aab6
claim_evidence,S265_CLAIM_EVIDENCE_F2294EA01CDD708CE71D,cev_5e4cf3e9f2ab
claim_evidence,S265_CLAIM_EVIDENCE_F2346619D61CB372479E,cev_50613e42967c
claim_evidence,S265_CLAIM_EVIDENCE_F24CB551EFBACCC310A9,cev_3ae8160b22db
claim_evidence,S265_CLAIM_EVIDENCE_F24E05F2A04E5F3DBF2C,cev_d632d7e29b50
claim_evidence,S265_CLAIM_EVIDENCE_F24EDD23647A9E3A87CE,cev_77d85c6addfc
claim_evidence,S265_CLAIM_EVIDENCE_F26441ECCC74EF68331F,cev_cbf161d95dd8
claim_evidence,S265_CLAIM_EVIDENCE_F26630D4C0178763924C,cev_34849a5f92b4
claim_evidence,S265_CLAIM_EVIDENCE_F26BF678B931B321E195,cev_2828e969b553
claim_evidence,S265_CLAIM_EVIDENCE_F2758DC99F392C3B3B9F,cev_eb5ad16c5535
claim_evidence,S265_CLAIM_EVIDENCE_F280644020AEE8EC83FA,cev_b4007aa92ac9
claim_evidence,S265_CLAIM_EVIDENCE_F2A536045F96A1E265C7,cev_f380f8e2edf1
claim_evidence,S265_CLAIM_EVIDENCE_F2A89B5AEA6EE9CB00AC,cev_7cc5085e63e6
claim_evidence,S265_CLAIM_EVIDENCE_F2CF0825F49244514A24,cev_1fc8371ea3dd
claim_evidence,S265_CLAIM_EVIDENCE_F2D5BE9E16A869E3C972,cev_d764ae835b34
claim_evidence,S265_CLAIM_EVIDENCE_F2E7443F6DEE9DD395D8,cev_aed78d2798bd
claim_evidence,S265_CLAIM_EVIDENCE_F2F462F9EC909CE5D01D,cev_3a259729fb84
claim_evidence,S265_CLAIM_EVIDENCE_F2FAE9FA3E9BF49972C0,cev_bf8471d0c5e7
claim_evidence,S265_CLAIM_EVIDENCE_F307AE0B4C09DF1DE3A6,cev_469d9c53d65e
claim_evidence,S265_CLAIM_EVIDENCE_F30B21DB4D1399BCE5B8,cev_700ce6a6906f
claim_evidence,S265_CLAIM_EVIDENCE_F32AA77DCE380415CB02,cev_a8a9bd1d9e82
claim_evidence,S265_CLAIM_EVIDENCE_F32D78C2A295624D0462,cev_71c74d98323a
claim_evidence,S265_CLAIM_EVIDENCE_F352721E36C18E9C602F,cev_91495988c4fc
claim_evidence,S265_CLAIM_EVIDENCE_F36FB337F80EA5062D3B,cev_40566d2967ae
claim_evidence,S265_CLAIM_EVIDENCE_F3832F256C9D9C4C79CA,cev_3a98c03bbe26
claim_evidence,S265_CLAIM_EVIDENCE_F3A55F0CEFBC2D31F119,cev_3f2ec70984f5
claim_evidence,S265_CLAIM_EVIDENCE_F3BB0764A8C22A330A26,cev_5b72f441636e
claim_evidence,S265_CLAIM_EVIDENCE_F3BB899BEFEE065F3224,cev_b0b2d12bf651
claim_evidence,S265_CLAIM_EVIDENCE_F3E7C9553F8598A16687,cev_6929bdaa6761
claim_evidence,S265_CLAIM_EVIDENCE_F3E9A5AD86787BFF5989,cev_70bd1cfa423f
claim_evidence,S265_CLAIM_EVIDENCE_F3F83A370118FA0641AD,cev_d82a48505a3a
claim_evidence,S265_CLAIM_EVIDENCE_F404ED5B144C8C3F2179,cev_51052ca94c36
claim_evidence,S265_CLAIM_EVIDENCE_F40BDA02C36BDAADDCD5,cev_dc411f632567
claim_evidence,S265_CLAIM_EVIDENCE_F411682F7C60392CCB79,cev_c108e94d989a
claim_evidence,S265_CLAIM_EVIDENCE_F414C42E0EE7085EEC01,cev_d4fe75d386fe
claim_evidence,S265_CLAIM_EVIDENCE_F41E30D3E0BAC324464C,cev_4270175e1c1b
claim_evidence,S265_CLAIM_EVIDENCE_F4311372BBFCD254D326,cev_a2dff1effacb
claim_evidence,S265_CLAIM_EVIDENCE_F43D363AF4FCD6FB8030,cev_050922a95f73
claim_evidence,S265_CLAIM_EVIDENCE_F44BB76541BCE70207E9,cev_5ad840490cd4
claim_evidence,S265_CLAIM_EVIDENCE_F44E292A3ED11242711F,cev_8843c72b4c14
claim_evidence,S265_CLAIM_EVIDENCE_F4543F73D496FBCF93E9,cev_1065a06bdf43
claim_evidence,S265_CLAIM_EVIDENCE_F46315F1B83E74407B9C,cev_9baf3eb3ee78
claim_evidence,S265_CLAIM_EVIDENCE_F48415597EA2585470C0,cev_25d3098fa6f9
claim_evidence,S265_CLAIM_EVIDENCE_F48B3BE2B7B65005083D,cev_4dee90849c2c
claim_evidence,S265_CLAIM_EVIDENCE_F48E37998E2BEFB8B731,cev_9028cff776ff
claim_evidence,S265_CLAIM_EVIDENCE_F4A0F1DCCDE936935419,cev_e5b837783604
claim_evidence,S265_CLAIM_EVIDENCE_F4A49B727B73808C4D47,cev_6f95cae8ed73
claim_evidence,S265_CLAIM_EVIDENCE_F4BF3E08BDDA7559699C,cev_3cc6baaae3ee
claim_evidence,S265_CLAIM_EVIDENCE_F4C82679CDACF886455C,cev_83d181b47815
claim_evidence,S265_CLAIM_EVIDENCE_F4D85A0DEE58D269FEBC,cev_7b0a3af7c048
claim_evidence,S265_CLAIM_EVIDENCE_F4E8BE26DFF093BFB6FB,cev_af0224bf520d
claim_evidence,S265_CLAIM_EVIDENCE_F4EDD112E2B9B63A7302,cev_2d83e7be4343
claim_evidence,S265_CLAIM_EVIDENCE_F4F749529D25EEC942CD,cev_4ea392c6ce1b
claim_evidence,S265_CLAIM_EVIDENCE_F4F944F446C59D619E1D,cev_839c96e7d9c5
claim_evidence,S265_CLAIM_EVIDENCE_F4FCB80A59D55DB09C43,cev_f1de99aa9e06
claim_evidence,S265_CLAIM_EVIDENCE_F5030665928531260383,cev_1c715173eeb1
claim_evidence,S265_CLAIM_EVIDENCE_F50902BD3B3F7B9983A9,cev_86b4fc18479f
claim_evidence,S265_CLAIM_EVIDENCE_F5247B30753FC3A51021,cev_384ee419a383
claim_evidence,S265_CLAIM_EVIDENCE_F539C60BA31808F1FA88,cev_bc9f0af627bb
claim_evidence,S265_CLAIM_EVIDENCE_F54459637C802BAAD32E,cev_45b72102ca0f
claim_evidence,S265_CLAIM_EVIDENCE_F548A39DCC477E37F193,cev_9206f2508f28
claim_evidence,S265_CLAIM_EVIDENCE_F548FCF62F8E51AF8A07,cev_f10b35f2a5c0
claim_evidence,S265_CLAIM_EVIDENCE_F54BCFA7A71CA75AC3DC,cev_436f9a3be63a
claim_evidence,S265_CLAIM_EVIDENCE_F54C1376C5CB53492BE0,cev_8515471cc617
claim_evidence,S265_CLAIM_EVIDENCE_F551A582969AE2B37D99,cev_ffa29eda7522
claim_evidence,S265_CLAIM_EVIDENCE_F5617ADD50D1C38D1D94,cev_bbf135571c2d
claim_evidence,S265_CLAIM_EVIDENCE_F563310118F014EFDA41,cev_e5c9b6eba514
claim_evidence,S265_CLAIM_EVIDENCE_F57393045A8AA6D3B564,cev_bccb93a872c7
claim_evidence,S265_CLAIM_EVIDENCE_F589DD7181AA41B6486D,cev_0038ecf3c427
claim_evidence,S265_CLAIM_EVIDENCE_F5BAEF5F2CC6E82D31DD,cev_b3a69876104f
claim_evidence,S265_CLAIM_EVIDENCE_F5BEB2A818FA8CB4B5FF,cev_17d8e465b4a1
claim_evidence,S265_CLAIM_EVIDENCE_F5BEED6F1D2FC28CDD29,cev_3d44f31696d5
claim_evidence,S265_CLAIM_EVIDENCE_F5C5EF9DC1DB4034531B,cev_0828e8e7c8de
claim_evidence,S265_CLAIM_EVIDENCE_F5D0F7BD043B6B7FFDDD,cev_b92ceb3426ec
claim_evidence,S265_CLAIM_EVIDENCE_F5D60F67C7807C5D5706,cev_53f7967e12fa
claim_evidence,S265_CLAIM_EVIDENCE_F5DCF9B7D0F83187BDD3,cev_af1afeca03b1
claim_evidence,S265_CLAIM_EVIDENCE_F5EA0B4E7025171AFDFC,cev_4c392f2675ba
claim_evidence,S265_CLAIM_EVIDENCE_F602CC468BFE3372449B,cev_5e095d79e673
claim_evidence,S265_CLAIM_EVIDENCE_F60A0919C01F6EA1EB61,cev_8770471e17bc
claim_evidence,S265_CLAIM_EVIDENCE_F62E3E2BA4DC1D010539,cev_492e9400555c
claim_evidence,S265_CLAIM_EVIDENCE_F6467252631F25175D7A,cev_e25b55f233f6
claim_evidence,S265_CLAIM_EVIDENCE_F657FD939DF981C82653,cev_d9f9cdb06717
claim_evidence,S265_CLAIM_EVIDENCE_F65A7807D781E2BD0386,cev_81513791dc6c
claim_evidence,S265_CLAIM_EVIDENCE_F6AB9174EB39DD8AB8E5,cev_b979388b9321
claim_evidence,S265_CLAIM_EVIDENCE_F6B74AAD10D7068DF4A4,cev_37db545df92c
claim_evidence,S265_CLAIM_EVIDENCE_F6C1989018F6F93EE1D9,cev_a985ebec3844
claim_evidence,S265_CLAIM_EVIDENCE_F6C6AD033F9BDCB04F96,cev_ecfefe680855
claim_evidence,S265_CLAIM_EVIDENCE_F6C6AF48A322C22F36E0,cev_45392b97ba77
claim_evidence,S265_CLAIM_EVIDENCE_F6CBE4D353051B594C8F,cev_e072a5afb02a
claim_evidence,S265_CLAIM_EVIDENCE_F6D5B85F919529F5F9F3,cev_7640ddbd8153
claim_evidence,S265_CLAIM_EVIDENCE_F6DCC38D71CC47F871F1,cev_d3e45546a4ab
claim_evidence,S265_CLAIM_EVIDENCE_F6FFC2C3AD7B52F64FB6,cev_6a0f1eafd262
claim_evidence,S265_CLAIM_EVIDENCE_F70414882E39963CB416,cev_7c6505eba936
claim_evidence,S265_CLAIM_EVIDENCE_F7043461CD1DE0BF4F73,cev_a8af200d678c
claim_evidence,S265_CLAIM_EVIDENCE_F70AACB548EC338E4F57,cev_11f53d7483a2
claim_evidence,S265_CLAIM_EVIDENCE_F70E867FBF59D230C1A3,cev_b5a5c734e071
claim_evidence,S265_CLAIM_EVIDENCE_F711D0A3844AFF0FAB87,cev_0a05cbcee574
claim_evidence,S265_CLAIM_EVIDENCE_F71643EF26B3F7AE6F32,cev_bacc19c679e3
claim_evidence,S265_CLAIM_EVIDENCE_F736F173A70D09FCFDA6,cev_1d3353cc6e12
claim_evidence,S265_CLAIM_EVIDENCE_F76E514F64DC24BB1A91,cev_6b1acb386287
claim_evidence,S265_CLAIM_EVIDENCE_F771719516B648B71D94,cev_6ad04a70af13
claim_evidence,S265_CLAIM_EVIDENCE_F797558264DB59FB3474,cev_93f02fa4dc0f
claim_evidence,S265_CLAIM_EVIDENCE_F7A39FC0CCE755E9DE6D,cev_5cb33cc90d73
claim_evidence,S265_CLAIM_EVIDENCE_F7ABDCFF9176D03EBE47,cev_2cbfaf426257
claim_evidence,S265_CLAIM_EVIDENCE_F7C5051B0B2D5BE62F08,cev_c0f248b789c3
claim_evidence,S265_CLAIM_EVIDENCE_F7D8BDD5F15CB36C64CD,cev_65677d33fe7f
claim_evidence,S265_CLAIM_EVIDENCE_F7EEE773C62BC1948B87,cev_64618cd6d2b9
claim_evidence,S265_CLAIM_EVIDENCE_F83444B60EEC6263230E,cev_e3360cb8fbe2
claim_evidence,S265_CLAIM_EVIDENCE_F85EA53175C9A6BE7EAE,cev_71f54a664de1
claim_evidence,S265_CLAIM_EVIDENCE_F8639047D654E2AF7EA4,cev_b001f154dfdf
claim_evidence,S265_CLAIM_EVIDENCE_F86E7D1F2D93FC94B11D,cev_a3ddebdefd1d
claim_evidence,S265_CLAIM_EVIDENCE_F86F61093DAFC6A6F773,cev_087759c5219f
claim_evidence,S265_CLAIM_EVIDENCE_F890816A5AF09B1C7647,cev_704776177805
claim_evidence,S265_CLAIM_EVIDENCE_F894061BAF9132863220,cev_cad0940ac635
claim_evidence,S265_CLAIM_EVIDENCE_F8B04BBD1E74CEC984CD,cev_65300265e3fa
claim_evidence,S265_CLAIM_EVIDENCE_F8B0FB0A026887C5B262,cev_5785c3638d6f
claim_evidence,S265_CLAIM_EVIDENCE_F8CC9F3F08428FB31E4B,cev_4ad40b086d0f
claim_evidence,S265_CLAIM_EVIDENCE_F8CE242990E077B6B873,cev_92da3afea68e
claim_evidence,S265_CLAIM_EVIDENCE_F8E3BAA19EB66E7A9C46,cev_3d6c093c32dc
claim_evidence,S265_CLAIM_EVIDENCE_F8E67FCC856DA98834FE,cev_2590ae8d6019
claim_evidence,S265_CLAIM_EVIDENCE_F8FBA38CA13001C81D88,cev_309e4f231201
claim_evidence,S265_CLAIM_EVIDENCE_F9022E4FD25EE9E9A570,cev_f51f6386780e
claim_evidence,S265_CLAIM_EVIDENCE_F90515A8A2D6E56886C8,cev_e6e90dd4865d
claim_evidence,S265_CLAIM_EVIDENCE_F90FC0ACE3345A9D810E,cev_ffe1bc1f4cfd
claim_evidence,S265_CLAIM_EVIDENCE_F910C753F07395C68476,cev_01e618e6e503
claim_evidence,S265_CLAIM_EVIDENCE_F92DF20F83C4BA33D481,cev_1a74602a62e5
claim_evidence,S265_CLAIM_EVIDENCE_F9398B8F146586555B92,cev_f70361f01007
claim_evidence,S265_CLAIM_EVIDENCE_F93D12AC962C717AE2E0,cev_3776d64294ef
claim_evidence,S265_CLAIM_EVIDENCE_F9569329738262855C84,cev_5f6787fade3e
claim_evidence,S265_CLAIM_EVIDENCE_F95D9029572168EFACF7,cev_58fc9ffffff4
claim_evidence,S265_CLAIM_EVIDENCE_F95DD8CA6D4D71651F95,cev_dc14d91347a9
claim_evidence,S265_CLAIM_EVIDENCE_F962519D095528BE97EA,cev_9a0819ee995e
claim_evidence,S265_CLAIM_EVIDENCE_F973A588EB1EE91CBDF3,cev_a288c49e20d8
claim_evidence,S265_CLAIM_EVIDENCE_F98AB3494DD9236CBE61,cev_30e208574478
claim_evidence,S265_CLAIM_EVIDENCE_F98E81D07E3BAC554FE1,cev_417eb5c4e3bd
claim_evidence,S265_CLAIM_EVIDENCE_F992FD10FF37E3943685,cev_5bdcbbc347d9
claim_evidence,S265_CLAIM_EVIDENCE_F99866ABE20274780756,cev_6d44b58061ca
claim_evidence,S265_CLAIM_EVIDENCE_F999E1D472DA37C5280D,cev_aa15b5ed3c7e
claim_evidence,S265_CLAIM_EVIDENCE_F99C1F6C7B280E59DBF8,cev_fc8e2e40092b
claim_evidence,S265_CLAIM_EVIDENCE_F99E11A22F4B8E148DA5,cev_90e6789c7cc8
claim_evidence,S265_CLAIM_EVIDENCE_F9A7E6F8487CCD289D32,cev_f29ca6c5c7fa
claim_evidence,S265_CLAIM_EVIDENCE_F9A9F76F916F664DC48B,cev_969bd70eeb79
claim_evidence,S265_CLAIM_EVIDENCE_F9AB3D7384CCADF4765F,cev_4564608c71f3
claim_evidence,S265_CLAIM_EVIDENCE_F9ACC74835BA366DD6DB,cev_43e044a6b813
claim_evidence,S265_CLAIM_EVIDENCE_F9C993C1D65827BF1778,cev_dd63056999a3
claim_evidence,S265_CLAIM_EVIDENCE_F9CC5AEFA683C55D5B37,cev_90ad54406a92
claim_evidence,S265_CLAIM_EVIDENCE_F9CDA9EB3CA5E1D74C48,cev_9acdaec23d63
claim_evidence,S265_CLAIM_EVIDENCE_F9D054F524AB939DBEED,cev_1ae9a13d2448
claim_evidence,S265_CLAIM_EVIDENCE_F9D9113D41EAAADCFBEF,cev_835b9406b25a
claim_evidence,S265_CLAIM_EVIDENCE_F9EA9CBD59AE192D98DB,cev_7f9aac36ec7b
claim_evidence,S265_CLAIM_EVIDENCE_F9F2F8147B3B375321EF,cev_60e25e6f54d4
claim_evidence,S265_CLAIM_EVIDENCE_FA0266E4B6CAAEC8823D,cev_a78fcfa12206
claim_evidence,S265_CLAIM_EVIDENCE_FA03FB2FFA26146E7A20,cev_bc6c89db497c
claim_evidence,S265_CLAIM_EVIDENCE_FA070B2C3DF5E7C090FF,cev_76cd7d979ccb
claim_evidence,S265_CLAIM_EVIDENCE_FA1024A3CF7BCC6E6293,cev_77f48d6b3d58
claim_evidence,S265_CLAIM_EVIDENCE_FA27F518CF1C4E82A233,cev_bfee2c2c2146
claim_evidence,S265_CLAIM_EVIDENCE_FA39E085202F36447907,cev_29cbf00ebab0
claim_evidence,S265_CLAIM_EVIDENCE_FA491ECD771ACD0AE9F5,cev_ff199884e986
claim_evidence,S265_CLAIM_EVIDENCE_FA4FED7F24454452A8FC,cev_1e7416b1a3a5
claim_evidence,S265_CLAIM_EVIDENCE_FA6349A481277FDEB8E4,cev_5c46c40a2033
claim_evidence,S265_CLAIM_EVIDENCE_FA927A5EB2FC90C7B69B,cev_40d748bec790
claim_evidence,S265_CLAIM_EVIDENCE_FA9D3607B06A176B5ED2,cev_c85ae59fadf1
claim_evidence,S265_CLAIM_EVIDENCE_FAB4F000951AB60CEBC1,cev_d2c98a78e0e4
claim_evidence,S265_CLAIM_EVIDENCE_FAC1BE88B6E70B995978,cev_4bd261c8397a
claim_evidence,S265_CLAIM_EVIDENCE_FAD4065E7D2FFDBC84B8,cev_23f70418e53e
claim_evidence,S265_CLAIM_EVIDENCE_FAE43B2575F1A45EB547,cev_bab3b97b09a2
claim_evidence,S265_CLAIM_EVIDENCE_FAE9E31C3E989C8A1323,cev_ef3e7fe23c9e
claim_evidence,S265_CLAIM_EVIDENCE_FAEB7601AF558BED63DC,cev_d7213156232f
claim_evidence,S265_CLAIM_EVIDENCE_FAF7F26EBE4A2459BCF2,cev_5e6e49a7d456
claim_evidence,S265_CLAIM_EVIDENCE_FAF946FEB6318291CC15,cev_be9c2bc38008
claim_evidence,S265_CLAIM_EVIDENCE_FB00EA9EE2B4FFF0ADBA,cev_7a5486c91c3c
claim_evidence,S265_CLAIM_EVIDENCE_FB136CB9751108F7458C,cev_74e421705151
claim_evidence,S265_CLAIM_EVIDENCE_FB612E0FB98D4E8F1112,cev_c5798c27fb25
claim_evidence,S265_CLAIM_EVIDENCE_FB76700E3782F78E79DB,cev_c73a8550c39c
claim_evidence,S265_CLAIM_EVIDENCE_FB78A9E0E4FC98ADDB80,cev_74a22ee1923a
claim_evidence,S265_CLAIM_EVIDENCE_FB7FA1BC4D38900260AB,cev_517ce91293f1
claim_evidence,S265_CLAIM_EVIDENCE_FBB5531835EBA072CB6F,cev_8c473a95fd35
claim_evidence,S265_CLAIM_EVIDENCE_FBBA0D72121EFFC52B38,cev_b20018c69344
claim_evidence,S265_CLAIM_EVIDENCE_FBC6F1889853499D5EAE,cev_ce0fdd9e8674
claim_evidence,S265_CLAIM_EVIDENCE_FBC7C2AFC8B1F5C4FE37,cev_270e2714e42f
claim_evidence,S265_CLAIM_EVIDENCE_FBC96780FEE70F86F96F,cev_32613bb73c7d
claim_evidence,S265_CLAIM_EVIDENCE_FBCE98D5DB695E070B8A,cev_041cc9565e26
claim_evidence,S265_CLAIM_EVIDENCE_FBD76097EF9076581AE3,cev_51b10e5f9e37
claim_evidence,S265_CLAIM_EVIDENCE_FBDE2C8DDB76DB4CE15B,cev_024123e59aee
claim_evidence,S265_CLAIM_EVIDENCE_FBEA5C40AB70F3BA7F00,cev_a05b04115660
claim_evidence,S265_CLAIM_EVIDENCE_FBF85ABE63911CD359CA,cev_d79441f28de7
claim_evidence,S265_CLAIM_EVIDENCE_FC1B100C755CE1F377C2,cev_fd80fe6da19e
claim_evidence,S265_CLAIM_EVIDENCE_FC2263D23B5905B5A74C,cev_1a6cd13720c8
claim_evidence,S265_CLAIM_EVIDENCE_FC3CE4AA71A05931ABD4,cev_347baacfeaa2
claim_evidence,S265_CLAIM_EVIDENCE_FC3F9D627C79E2BFD707,cev_5ec8f12252d2
claim_evidence,S265_CLAIM_EVIDENCE_FC52C4514FDA411C99B8,cev_e262b6e2e059
claim_evidence,S265_CLAIM_EVIDENCE_FC56CC715ACE39C80351,cev_b12b216069a7
claim_evidence,S265_CLAIM_EVIDENCE_FC588B11E2F3CA431EA4,cev_227c918be90c
claim_evidence,S265_CLAIM_EVIDENCE_FC737F70998AF9C87C11,cev_e67ba5251161
claim_evidence,S265_CLAIM_EVIDENCE_FC7D100146657061F94F,cev_5b1d60382494
claim_evidence,S265_CLAIM_EVIDENCE_FC7E912EC5BB7BF6C580,cev_65fa1018500d
claim_evidence,S265_CLAIM_EVIDENCE_FC82305ECA77D8F5E4B0,cev_28007f3bcc84
claim_evidence,S265_CLAIM_EVIDENCE_FC941DBDF3500BAC602C,cev_fda04063469c
claim_evidence,S265_CLAIM_EVIDENCE_FCA9A9184CA9595140DC,cev_9c17b1115290
claim_evidence,S265_CLAIM_EVIDENCE_FCB3CA432784D83F2B64,cev_57e82be3ee75
claim_evidence,S265_CLAIM_EVIDENCE_FCC157A8DABBB7EBE7F7,cev_8e3ac0ee2ac1
claim_evidence,S265_CLAIM_EVIDENCE_FCC228E69495BE0BB600,cev_d216ecd8f847
claim_evidence,S265_CLAIM_EVIDENCE_FCCB02AC19B508ED1276,cev_28b4a0ed0cee
claim_evidence,S265_CLAIM_EVIDENCE_FCCDB9D96544674B837C,cev_355ed9edffa4
claim_evidence,S265_CLAIM_EVIDENCE_FCCF7988DC8DEEA287BF,cev_649b3acfa9fe
claim_evidence,S265_CLAIM_EVIDENCE_FCD0BB80C6ACF8D33512,cev_4eccce7eb2b0
claim_evidence,S265_CLAIM_EVIDENCE_FCE47B23AE51160A7C4A,cev_075a6d011c86
claim_evidence,S265_CLAIM_EVIDENCE_FCFC583374CD393A46FF,cev_9828ad64d187
claim_evidence,S265_CLAIM_EVIDENCE_FD0152FD3F2B06018D9D,cev_3dedf8d66339
claim_evidence,S265_CLAIM_EVIDENCE_FD037607E3D4BEB26788,cev_8826329d1b75
claim_evidence,S265_CLAIM_EVIDENCE_FD0D3774617757BC7ACF,cev_82aaeef8789f
claim_evidence,S265_CLAIM_EVIDENCE_FD1DA752D27E00CD5DFB,cev_e80774ea231c
claim_evidence,S265_CLAIM_EVIDENCE_FD25AB17A0D2883BE62D,cev_0fbbd80e2508
claim_evidence,S265_CLAIM_EVIDENCE_FD4F63ACADC7354622B8,cev_b754632aaec8
claim_evidence,S265_CLAIM_EVIDENCE_FD570671AB216A53D26C,cev_5a6c9720499a
claim_evidence,S265_CLAIM_EVIDENCE_FD5D71F1DF604B0764AF,cev_a88ee17e9892
claim_evidence,S265_CLAIM_EVIDENCE_FD6707E6163BB0CD8EF3,cev_4af057063dd8
claim_evidence,S265_CLAIM_EVIDENCE_FD878B5C713A285257E2,cev_8ac588fba675
claim_evidence,S265_CLAIM_EVIDENCE_FD960DC776E16CEB908C,cev_8b6a2192f19f
claim_evidence,S265_CLAIM_EVIDENCE_FDA622358EF7A1C7B00A,cev_d139bb01d4eb
claim_evidence,S265_CLAIM_EVIDENCE_FDADE2FED6A5483E4547,cev_2fd17d11de5d
claim_evidence,S265_CLAIM_EVIDENCE_FDC9374ED1A8E311503C,cev_786ba4b6d77e
claim_evidence,S265_CLAIM_EVIDENCE_FDD1B59C1ED087352C56,cev_613b97a0570c
claim_evidence,S265_CLAIM_EVIDENCE_FDDA44959035961177BF,cev_aa6a4c54f5e6
claim_evidence,S265_CLAIM_EVIDENCE_FDDF7F850DBE397D1563,cev_822f43273c57
claim_evidence,S265_CLAIM_EVIDENCE_FDF882F2DB64A8D0B573,cev_6358b8d860de
claim_evidence,S265_CLAIM_EVIDENCE_FE1D4CF0958EA2C3AD3F,cev_f748109f231f
claim_evidence,S265_CLAIM_EVIDENCE_FE2F1048070D7A0AB842,cev_7810a52ca082
claim_evidence,S265_CLAIM_EVIDENCE_FE44D9571CF82032EC7A,cev_00e929973960
claim_evidence,S265_CLAIM_EVIDENCE_FE590531C5431EF6936C,cev_00f6526add2d
claim_evidence,S265_CLAIM_EVIDENCE_FE59C3438D410159FA3E,cev_a0b02568956b
claim_evidence,S265_CLAIM_EVIDENCE_FE5FE40120698EA2B134,cev_7d747b3277f0
claim_evidence,S265_CLAIM_EVIDENCE_FE6A06057B60EF7E17E0,cev_15af0ce4f799
claim_evidence,S265_CLAIM_EVIDENCE_FE70C18A8B271F2D3FC9,cev_9bcfb1d70d52
claim_evidence,S265_CLAIM_EVIDENCE_FE72426D7C5F2CB6E1FF,cev_9adbf890ec0f
claim_evidence,S265_CLAIM_EVIDENCE_FE87F13DB4CE988A6F03,cev_228dd57ab058
claim_evidence,S265_CLAIM_EVIDENCE_FE88B208DF36E7A3D5AF,cev_7fa13b42d7e1
claim_evidence,S265_CLAIM_EVIDENCE_FE94EED53223377B7019,cev_eaaa61cc2b9c
claim_evidence,S265_CLAIM_EVIDENCE_FE99946090E2C6D4460A,cev_05143aebec9b
claim_evidence,S265_CLAIM_EVIDENCE_FEA47E8DFCAFABDE6862,cev_3ea6e2484180
claim_evidence,S265_CLAIM_EVIDENCE_FEF5E34F7C06B731B939,cev_23fc5c90ea38
claim_evidence,S265_CLAIM_EVIDENCE_FF0972A92A439D91FDB9,cev_e66070b2a024
claim_evidence,S265_CLAIM_EVIDENCE_FF0CC046469FD629CD03,cev_6f537ad3fcfb
claim_evidence,S265_CLAIM_EVIDENCE_FF17DCE53FD46BE2F695,cev_579e8f44ac54
claim_evidence,S265_CLAIM_EVIDENCE_FF1B320E65D24BD00BB9,cev_02544b045835
claim_evidence,S265_CLAIM_EVIDENCE_FF1DE9D861884F79222B,cev_e1cc20d95448
claim_evidence,S265_CLAIM_EVIDENCE_FF308F22B8A34C3E4094,cev_032990bb4adb
claim_evidence,S265_CLAIM_EVIDENCE_FF37BDAB17B142A3C626,cev_8110b8a214e5
claim_evidence,S265_CLAIM_EVIDENCE_FF3B10385F7CC8AB3373,cev_927068023cd0
claim_evidence,S265_CLAIM_EVIDENCE_FF7B33B23D6AC1439B0E,cev_e3177a8b4fc6
claim_evidence,S265_CLAIM_EVIDENCE_FF7EF2D61E5527E44511,cev_55c403b0bc10
claim_evidence,S265_CLAIM_EVIDENCE_FF8E92EBFE4C80DC6E54,cev_6e4048752e8e
claim_evidence,S265_CLAIM_EVIDENCE_FF91982E8CA0987CFA42,cev_d81bcb00bd59
claim_evidence,S265_CLAIM_EVIDENCE_FF92A1CB705F9D728FB6,cev_7d26e404a2c0
claim_evidence,S265_CLAIM_EVIDENCE_FF9FDD9DD22096B0A522,cev_713b1bf3dc92
claim_evidence,S265_CLAIM_EVIDENCE_FFB27FF7BCB15A488942,cev_b2076633c469
claim_evidence,S265_CLAIM_EVIDENCE_FFB29F152E9C8B9E5F7A,cev_8ac0049dbb15
claim_evidence,S265_CLAIM_EVIDENCE_FFC33DA7974CA79B3E86,cev_73f4c7417bac
claim_evidence,S265_CLAIM_EVIDENCE_FFC509A92E4E65709788,cev_c2ffb33de279
claim_evidence,S265_CLAIM_EVIDENCE_FFC6A4864B96F1610BB2,cev_9601f2dbac58
claim_evidence,S265_CLAIM_EVIDENCE_FFD20B1876EC91ECBE94,cev_6710fac04521
claim_evidence,S265_CLAIM_EVIDENCE_FFE0243FD733F5E3FCB5,cev_555c99be3d6f
