entity_id,name,entity_type,mention_count,document_count,out_degree,in_degree,degree,relation_count,weighted_degree,evidence_count,pagerank,betweenness,harmonic_centrality,core_number,community_id,community_size,participation_coefficient,relation_family_count,view_count,views,neighbor_type_entropy,relation_rate,pagerank_percentile,betweenness_percentile,participation_percentile,bridge_score,degree_rank,pagerank_rank,betweenness_rank,bridge_rank
ent_e148ca0687f4,佛法,DoctrineTerm,0,0,30,47,71,86,101,107,0.008625817712450006,0.07962948460648185,549.3857142857123,6,1,235,0.7062052739927458,9,4,other_domain;practice;propagation_organization;thought_doctrine,0.842939609058482,,1.0,0.9983183856502242,0.9932735426008968,0.9473094170403588,5,1,4,5
ent_b265c0f135b0,涅槃,DoctrineTerm,0,0,13,17,24,33,33,33,0.008073220991036823,0.013201267329571617,418.24047619047275,6,3,153,0.2222222222222222,4,2,practice;thought_doctrine,0.49040560518888765,,0.999439461883408,0.9887892376681614,0.7926008968609866,0.7532959641255605,20,2,21,122
ent_4c194eb34333,般若,DoctrineTerm,0,0,10,23,32,39,57,60,0.007250099486964803,0.018072386912528857,452.2357142857104,6,3,153,0.43951985226223467,7,4,classic_text;other_domain;propagation_organization;thought_doctrine,0.6534386751602588,,0.9988789237668162,0.9915919282511211,0.8497757847533632,0.8815695067264574,12,3,16,17
ent_b1e217884f50,智慧,DoctrineTerm,0,0,7,24,28,35,39,43,0.006847010183448288,0.014739386439516347,478.23809523809103,6,3,153,0.6614069690992769,7,3,other_domain;practice;thought_doctrine,0.6132382418572682,,0.9983183856502242,0.9893497757847534,0.9798206278026906,0.8796860986547085,15,4,20,18
ent_7218629ab8b8,自性,DoctrineTerm,2550,1034,5,8,11,14,14,15,0.006472286602168923,0.0020584690243773277,392.9928571428538,6,3,153,0.4387755102040817,5,2,practice;thought_doctrine,0.43949698692151334,0.5490196078431373,0.9977578475336323,0.9035874439461884,0.8492152466367713,0.7461995515695068,73,5,173,135
ent_1b85a8db0019,信徒,Group,15098,3574,16,24,34,40,61,68,0.006015589529270268,0.027740038795440135,490.0809523809484,6,5,111,0.5735017468422466,7,4,other_domain;practice;propagation_organization;thought_doctrine,0.7539488381889757,0.26493575307987816,0.9971973094170403,0.9966367713004485,0.9551569506726457,0.9152017937219732,11,6,7,12
ent_a6b94c65c717,人間佛教,Concept,0,0,30,39,63,89,104,115,0.005691087051002177,0.06101675065088655,536.035714285712,6,1,235,0.6105769230769231,8,4,other_domain;practice;propagation_organization;thought_doctrine,0.8591898023759877,,0.9966367713004485,0.9971973094170403,0.9602017937219731,0.9269394618834081,6,7,6,8
ent_86900e4a696c,淨土,DoctrineTerm,0,0,5,22,27,27,27,29,0.005369054242340124,0.02265576148980603,431.96904761904324,6,8,58,0.6364883401920438,6,3,practice;propagation_organization;thought_doctrine,0.8561904012437035,,0.9960762331838565,0.9955156950672646,0.9730941704035875,0.8701345291479821,17,8,9,24
ent_b9466da1d262,佛教,DoctrineTerm,0,0,67,31,92,117,132,146,0.005121026450853987,0.069220571898847,533.4261904761876,6,1,235,0.45087235996326913,10,4,other_domain;practice;propagation_organization;thought_doctrine,0.7935181156208364,,0.9955156950672646,0.9977578475336323,0.8817264573991032,0.9236210762331839,4,9,5,9
ent_bd68ae54ea00,修行,PracticeActivity,0,0,19,25,39,47,54,57,0.004895391827452341,0.01916199073291899,457.65238095237646,6,2,153,0.6865569272976682,7,4,other_domain;practice;propagation_organization;thought_doctrine,0.9020812402707432,,0.9949551569506726,0.9927130044843049,0.9876681614349776,0.9233856502242153,7,10,14,10
ent_62cf8ccca072,佛陀,BuddhistFigure,0,0,82,27,104,122,179,195,0.004654897422973427,0.09198851504549493,524.866666666663,6,2,153,0.498049374239256,10,5,classic_text;other_domain;practice;propagation_organization;thought_doctrine,0.8495895587698958,,0.9943946188340808,0.999439461883408,0.8957399103139013,0.9684977578475337,2,11,2,3
ent_f76ae8b83972,真理,Concept,5966,2628,10,15,22,28,35,38,0.004496097422610784,0.005805790548296822,438.24047619047207,6,9,56,0.6285714285714286,8,4,other_domain;practice;propagation_organization;thought_doctrine,0.39538347396800944,0.46932618169627893,0.9938340807174888,0.968609865470852,0.9725336322869955,0.9192040358744396,22,12,57,11
ent_8af9d29d58e3,解脫,DoctrineTerm,0,0,3,12,14,15,16,17,0.004455965458244074,0.003981532483455059,420.2023809523773,6,3,153,0.671875,5,3,other_domain;practice;thought_doctrine,0.6178266860002798,,0.9932735426008968,0.9478699551569507,0.9854260089686099,0.8447757847533633,44,13,94,32
ent_cf26f7ad8f86,慈悲,DoctrineTerm,0,0,19,24,38,48,53,54,0.004289061681024167,0.02037611803158903,494.83571428570997,6,1,235,0.6543253826984692,8,4,other_domain;practice;propagation_organization;thought_doctrine,0.7037525974644345,,0.9927130044843049,0.9943946188340808,0.9775784753363229,0.9310313901345293,8,14,11,7
ent_96ef6af74ecb,不生不滅,DoctrineTerm,416,302,2,11,12,14,22,26,0.0042663125996337285,0.00631159306512241,401.5857142857113,5,3,153,0.3223140495867768,3,2,practice;thought_doctrine,0.822377339362118,3.3653846153846154,0.992152466367713,0.9730941704035875,0.8161434977578476,0.7440807174887893,63,15,49,138
ent_fb92e0f5af32,輪迴,DoctrineTerm,2058,888,4,6,9,10,11,11,0.004116953986549502,0.0027563152415711,355.9333333333308,4,1,235,0.5123966942148761,4,1,thought_doctrine,0.7642045065086203,0.4859086491739553,0.9915919282511211,0.9265695067264574,0.9377802690582959,0.7319618834080719,97,16,132,153
ent_7ed1a52121c4,清淨,DoctrineTerm,6774,2995,3,11,14,15,20,21,0.004057379711631756,0.0038540694241874446,396.3404761904729,6,3,153,0.42000000000000004,5,3,other_domain;practice;thought_doctrine,0.7608203181716593,0.22143489813994685,0.9910313901345291,0.9473094170403588,0.8464125560538116,0.802847533632287,44,17,95,66
ent_d90879de5b44,菩提,DoctrineTerm,0,0,3,5,8,8,12,12,0.004033193043825225,0.00089875031513811,370.6936507936482,5,3,153,0.5416666666666666,4,2,practice;thought_doctrine,0.8112781244591328,,0.9904708520179372,0.8430493273542601,0.945067264573991,0.7407399103139014,115,18,281,141
ent_0b2e6e9daabf,禪,DoctrineTerm,0,0,10,15,24,25,26,29,0.003983320622648835,0.015097684826077968,432.28809523809065,6,3,153,0.5384615384615384,5,3,practice;propagation_organization;thought_doctrine,0.8181112796285537,,0.9899103139013453,0.9899103139013453,0.9445067264573991,0.849316143497758,20,19,19,31
ent_7819a06de839,緣起,DoctrineTerm,0,0,11,9,16,26,34,39,0.0039010130047960724,0.004666973536282369,427.7309523809486,6,9,56,0.26470588235294124,6,3,other_domain;propagation_organization;thought_doctrine,0.6622301466508207,,0.9893497757847534,0.9568385650224215,0.8010089686098655,0.8030381165919283,36,20,78,65
ent_edb83f453adc,入世,Concept,1504,687,1,8,8,16,36,40,0.003815517905725723,0.002772996097117855,402.8638888888859,4,17,9,0.3641975308641975,7,3,practice;propagation_organization;thought_doctrine,0.9306282244165778,1.0638297872340425,0.9887892376681614,0.9271300448430493,0.8211883408071748,0.8072085201793722,115,21,131,57
ent_d4e9589daf52,出世,DoctrineTerm,2166,990,3,2,4,10,26,30,0.0036280232663197212,0.0008987268615224506,334.0591269841251,3,17,9,0.14497041420118328,5,2,propagation_organization;thought_doctrine,0.946394630357186,0.4616805170821791,0.9882286995515696,0.8424887892376681,0.7864349775784754,0.70292600896861,215,22,282,193
ent_451aac4b11fb,讚歎,PracticeActivity,2674,1695,14,17,29,31,45,49,0.0033462340725504023,0.019316400806196565,461.68333333332913,6,5,111,0.6014814814814815,3,2,practice;thought_doctrine,0.8927515135730125,1.1593118922961856,0.9876681614349776,0.9932735426008968,0.9590807174887892,0.7950336322869955,13,23,13,77
ent_c84e07b0932e,成佛,Concept,4405,2128,9,16,25,25,32,33,0.0032847638956874027,0.00876067041595476,425.1238095238058,6,2,153,0.66015625,5,3,other_domain;practice;thought_doctrine,0.7917116702820189,0.5675368898978433,0.9871076233183856,0.9809417040358744,0.9792600896860987,0.8561547085201794,18,24,35,30
ent_c491291ea5a3,無我,DoctrineTerm,2125,1061,5,10,15,16,19,20,0.003212181124684418,0.005803461192625636,433.3738095238058,6,1,235,0.6149584487534627,6,3,other_domain;practice;thought_doctrine,0.5194602975157967,0.7529411764705882,0.9865470852017937,0.9680493273542601,0.9641255605381166,0.856457399103139,40,25,58,29
ent_9f4e43b60b58,功德,DoctrineTerm,0,0,1,12,13,13,18,19,0.0031848905644437206,0.0033832619823180314,419.6857142857109,6,5,111,0.6419753086419753,7,4,other_domain;practice;propagation_organization;thought_doctrine,0.8850355544046855,,0.9859865470852018,0.9372197309417041,0.9744955156950673,0.8972365470852017,54,26,113,16
ent_a6edbfea0e76,香港,PlaceRealm,4740,1243,0,2,2,3,4,4,0.00317713930119737,0.0008038256308961114,284.17896825396576,1,4,150,0.0,1,1,propagation_organization,1.0,0.06329113924050633,0.9854260089686099,0.804372197309417,0.39181614349775784,0.4892937219730942,391,27,315,508
ent_9e7028261726,因果觀念,Concept,221,168,1,5,5,7,7,7,0.003147527114229197,0.0018713043281028084,402.8023809523781,3,19,8,0.44897959183673464,5,3,other_domain;propagation_organization;thought_doctrine,0.9609640474436812,3.167420814479638,0.9848654708520179,0.899103139013453,0.8797645739910314,0.7935706278026906,184,28,181,81
ent_6deef676b2d3,福德,DoctrineTerm,2116,1133,3,11,14,16,24,27,0.0031325209666027733,0.005205021826697443,378.81190476190216,5,5,111,0.6979166666666667,4,3,other_domain;practice;thought_doctrine,0.9046000163489059,0.7561436672967864,0.984304932735426,0.9624439461883408,0.9915919282511211,0.8424551569506727,44,29,68,34
ent_3f2cfc0ad314,煩惱,DoctrineTerm,0,0,2,11,13,14,14,15,0.0031235307883622793,0.006246448065159932,384.9904761904734,5,3,153,0.4591836734693877,6,3,other_domain;practice;thought_doctrine,0.8175195311866702,,0.9837443946188341,0.9719730941704036,0.882847533632287,0.8336434977578475,54,30,51,38
ent_ae2a498d2bfb,佛學講座,PracticeActivity,1121,573,1,13,14,15,16,16,0.0031092777680036088,0.00805984095070576,374.18174603174344,4,4,150,0.1171875,3,2,propagation_organization;thought_doctrine,0.5446150394212924,1.3380909901873328,0.9831838565022422,0.9803811659192825,0.7858744394618834,0.7379147982062781,44,31,36,146
ent_e5e2f674a600,大願,DoctrineTerm,777,502,2,3,3,5,5,5,0.003100996005952356,0.0008038256308961114,205.56038961038698,2,22,6,0.0,3,2,practice;thought_doctrine,0.9999999999999998,0.6435006435006435,0.9826233183856502,0.804372197309417,0.39181614349775784,0.5492937219730942,286,32,315,408
ent_843b8050d4ad,台灣,PlaceRealm,23811,4379,0,10,10,11,16,17,0.0030129334249530235,0.0044122527092244285,425.2833333333299,5,5,111,0.4921875,3,2,practice;propagation_organization,0.9756149631508356,0.04619713577758179,0.9820627802690582,0.9551569506726457,0.8926569506726457,0.7598598654708522,82,33,81,115
ent_fd85beeca7fa,平等,DoctrineTerm,0,0,2,16,17,21,23,23,0.0030089387014092706,0.010141631747065146,473.2785714285673,6,9,56,0.8090737240075614,6,3,other_domain;propagation_organization;thought_doctrine,0.7954955150054221,,0.9815022421524664,0.9859865470852018,1.0,0.8743946188340808,32,34,26,22
ent_5d4dc6a775ae,空,DoctrineTerm,0,0,7,6,13,13,13,13,0.0030013902343708383,0.0033039750619595775,375.6071428571401,6,9,56,0.42603550295857995,4,2,other_domain;thought_doctrine,0.4878527713892913,,0.9809417040358744,0.9360986547085202,0.8475336322869955,0.7486995515695067,54,35,115,130
ent_20b55f8f96b8,人間,PlaceRealm,21213,9008,1,4,5,5,8,8,0.0029839963270085826,0.0021999401217214828,347.8448412698393,3,2,153,0.53125,4,3,other_domain;propagation_organization;thought_doctrine,0.9602297178607612,0.02357045208127092,0.9803811659192825,0.9069506726457399,0.9425448430493274,0.8055437219730942,184,36,167,59
ent_9a09ad0a2d77,無常,DoctrineTerm,3714,1588,2,9,10,12,16,17,0.002895418174161183,0.0026623917159325195,398.19047619047336,5,9,56,0.328125,4,2,other_domain;thought_doctrine,0.9372305632161295,0.32310177705977383,0.9798206278026906,0.9243273542600897,0.8167040358744395,0.7347421524663678,82,37,136,150
ent_51d7657ca696,佛光山,Institution,0,0,91,13,101,110,138,149,0.0028627647110562185,0.08354449724995572,523.0309523809485,6,4,150,0.5059861373660995,9,5,classic_text;other_domain;practice;propagation_organization;thought_doctrine,0.75416922815179,,0.9792600896860987,0.9988789237668162,0.9366591928251121,0.9705493273542601,3,38,3,2
ent_8140f68a375b,防非止惡,DoctrineTerm,136,106,1,1,1,3,3,3,0.002833672583848717,0.0,301.48928571428354,1,19,8,0.0,3,2,other_domain;thought_doctrine,0.0,2.2058823529411766,0.9786995515695067,0.3276345291479821,0.39181614349775784,0.35859865470852015,648,39,617,634
ent_1d438a7bb6bb,五趣雜居地,DoctrineTerm,11,11,0,1,1,1,1,1,0.0028238420580906803,0.0,270.03730158729815,1,2,153,0.0,1,1,thought_doctrine,0.0,9.090909090909092,0.9781390134529148,0.3276345291479821,0.39181614349775784,0.2985986547085202,648,40,617,655
ent_5c024ea8045e,貪瞋痴,Concept,812,588,1,2,2,3,3,3,0.0028170866429621747,0.0008038256308961114,276.9626984126955,1,3,153,0.0,1,1,thought_doctrine,0.0,0.3694581280788177,0.9775784753363229,0.804372197309417,0.39181614349775784,0.4892937219730942,391,41,315,508
ent_e8785f476bae,往生,Concept,3061,1229,4,6,9,10,17,18,0.002715913805905683,0.0003816642260199663,341.5583333333313,5,6,77,0.20761245674740492,5,3,other_domain;practice;thought_doctrine,0.946265187221801,0.3266906239790918,0.977017937219731,0.7662556053811659,0.7886771300448431,0.7131053811659193,97,42,418,180
ent_e7ba1be4785d,安樂,Concept,3047,1817,0,11,11,13,16,16,0.0026716217628696822,0.0022132333456711764,397.7499999999964,5,2,153,0.4921875,4,4,other_domain;practice;propagation_organization;thought_doctrine,0.8085947862963575,0.426649163111257,0.976457399103139,0.9080717488789237,0.8926569506726457,0.8310257847533632,73,43,165,39
ent_f138c5467d9e,根本煩惱,DoctrineTerm,0,0,1,1,1,2,2,2,0.0026046521291982687,0.0,226.31547619047234,1,3,153,0.0,1,1,thought_doctrine,0.0,,0.975896860986547,0.3276345291479821,0.39181614349775784,0.2985986547085202,648,44,617,655
ent_4d8dbf44a614,布施,PracticeActivity,0,0,9,12,20,22,31,33,0.0025695311471621504,0.008024498474510063,431.88809523809186,6,5,111,0.6160249739854318,7,3,practice;propagation_organization;thought_doctrine,0.8910912821901104,,0.9753363228699552,0.9792600896860987,0.9652466367713004,0.8712780269058296,24,45,38,23
ent_d5f85767f69d,境界,DoctrineTerm,4508,2160,3,3,5,7,7,7,0.002489458330162751,0.00014737991485099804,363.70476190475927,5,3,153,0.6122448979591837,1,1,thought_doctrine,0.8649735207179272,0.15527950310559005,0.9747757847533632,0.7471973094170403,0.9627242152466368,0.6376961883408072,184,46,452,304
ent_655d8b1fda76,性空,DoctrineTerm,0,0,1,3,3,8,17,20,0.0024685810729208565,0.00018479873171706323,332.19365079364877,3,9,56,0.11072664359861584,3,2,other_domain;thought_doctrine,0.0,,0.9742152466367713,0.7550448430493274,0.7850336322869955,0.6475280269058297,286,47,438,289
ent_6475d71f00be,佛道,DoctrineTerm,2201,1284,1,8,9,9,12,12,0.0024423840846363176,0.0008016771236453331,387.6928571428542,6,3,153,0.5833333333333333,5,3,other_domain;practice;thought_doctrine,0.8824252235446577,0.408905043162199,0.9736547085201793,0.7825112107623319,0.9579596412556054,0.7703923766816144,97,48,389,105
ent_de77c6f5f383,自作自受,DoctrineTerm,161,131,1,11,12,12,20,23,0.0024275182236583553,0.004197697871845046,411.1785714285685,4,1,235,0.18499999999999994,3,2,other_domain;thought_doctrine,0.8250112108241772,7.453416149068323,0.9730941704035875,0.952354260089686,0.7881165919282511,0.7273766816143499,63,49,86,159
ent_931d353cbc62,出世間法,DoctrineTerm,173,125,2,8,10,12,19,21,0.0024120693656861526,0.0033967618376287796,426.5809523809489,5,1,235,0.3601108033240997,4,1,thought_doctrine,0.5816718657178868,6.936416184971098,0.9725336322869955,0.9377802690582959,0.820627802690583,0.7013004484304933,82,50,112,196
ent_03c937f6582b,不可思議,DoctrineTerm,0,0,0,6,6,6,6,10,0.0023981616335889333,0.0021222378816936473,390.6999999999965,4,5,111,0.6666666666666667,1,1,thought_doctrine,0.6500224216483541,,0.9719730941704036,0.9047085201793722,0.9826233183856502,0.706670403587444,154,51,171,191
ent_79be471f2b02,變化,Concept,2127,1328,2,2,2,5,5,5,0.002388322009731724,1.0989653598398449e-05,302.97222222221967,2,9,56,0.48,1,1,thought_doctrine,0.0,0.23507287259050305,0.9714125560538116,0.695067264573991,0.8876121076233184,0.5943105381165921,391,52,545,375
ent_61654ef63947,因緣,DoctrineTerm,0,0,10,9,16,19,36,42,0.0023323395983772225,0.005720810804904266,411.30952380952,6,9,56,0.3379629629629629,4,2,other_domain;thought_doctrine,0.7737056144690831,,0.9708520179372198,0.9674887892376681,0.8178251121076233,0.7523430493273544,36,53,59,124
ent_7589add60cad,弘法,PracticeActivity,0,0,12,12,20,27,30,30,0.00232919564913484,0.012177471954390433,462.22857142856753,6,1,235,0.6177777777777778,7,3,practice;propagation_organization;thought_doctrine,0.921985773649725,,0.9702914798206278,0.9882286995515696,0.9663677130044843,0.8752017937219732,24,54,22,20
ent_b4d10439f17e,佛性,DoctrineTerm,0,0,11,7,17,20,23,23,0.0023126737636411745,0.005586922882356005,433.2309523809485,6,3,153,0.5293005671077504,4,2,other_domain;thought_doctrine,0.5700338813359286,,0.9697309417040358,0.9658071748878924,0.9411434977578476,0.7886659192825114,32,55,62,89
ent_18480741e488,大智,DoctrineTerm,439,315,1,2,2,3,3,3,0.0022644200793758866,0.0,205.06038961038695,2,22,6,0.0,3,1,thought_doctrine,1.0,0.683371298405467,0.969170403587444,0.3276345291479821,0.39181614349775784,0.3185986547085202,391,56,617,644
ent_f3f20d04ac35,諸法實相,DoctrineTerm,202,131,4,9,13,17,29,34,0.0022525355713538648,0.0036090215854556722,395.21904761904517,5,3,153,0.24970273483947691,6,4,other_domain;practice;propagation_organization;thought_doctrine,0.8479836109346184,8.415841584158416,0.968609865470852,0.9422645739910314,0.7993273542600897,0.8367040358744395,54,57,104,37
ent_c9da39b6e30f,出家,PracticeActivity,24823,5484,9,7,16,16,17,18,0.002190750722672219,0.009375758994419026,402.55476190475855,5,2,153,0.6920415224913494,4,2,practice;thought_doctrine,0.9789848253208956,0.064456350964831,0.9680493273542601,0.9831838565022422,0.9887892376681614,0.8099103139013453,36,58,31,53
ent_259eb7544339,真俗不二,Concept,19,13,0,2,2,2,2,2,0.0020856540763644774,0.0008038256308961114,271.24404761904435,1,3,153,0.0,2,2,other_domain;thought_doctrine,0.0,10.526315789473685,0.9674887892376681,0.804372197309417,0.39181614349775784,0.5392937219730942,391,59,315,415
ent_27cbc906ccf8,禪堂,PlaceRealm,1547,674,0,10,10,10,17,20,0.0020702012904875466,0.0062281032461297065,391.4853174603148,4,4,150,0.4844290657439445,2,2,other_domain;propagation_organization,0.8173454221465101,0.6464124111182935,0.9669282511210763,0.9714125560538116,0.8912556053811659,0.7559417040358745,82,60,52,120
ent_932ce5962a37,示教利喜,Concept,289,251,3,11,13,14,24,25,0.0020516150275894855,0.0034121163723796126,428.38095238094814,6,2,153,0.4131944444444444,6,3,other_domain;practice;thought_doctrine,0.9699870314266158,4.844290657439446,0.9663677130044843,0.9383408071748879,0.8458520179372198,0.8090919282511211,54,61,111,54
ent_ac993f0f8df9,一心不亂,Concept,200,132,3,7,9,11,34,40,0.0020331171559805467,0.0012533731729753644,343.53095238095034,5,6,77,0.05709342560553643,6,4,other_domain;practice;propagation_organization;thought_doctrine,0.809656833416415,5.5,0.9658071748878924,0.8598654708520179,0.7836322869955157,0.7990358744394619,97,62,251,70
ent_c3569625ae14,三十二相,DoctrineTerm,294,162,4,10,14,16,26,28,0.0019835950683284873,0.0043424739050482285,403.19047619047353,6,2,153,0.39644970414201186,5,3,other_domain;practice;thought_doctrine,0.951747232345681,5.442176870748299,0.9652466367713004,0.9540358744394619,0.8424887892376681,0.8043609865470852,44,63,83,63
ent_6a96000d4114,浴佛法會,PracticeActivity,98,67,2,8,10,10,10,10,0.0019643369650411127,0.005391544680312196,383.0095238095208,4,5,111,0.4800000000000001,4,3,practice;propagation_organization;thought_doctrine,0.7854752972273344,10.204081632653061,0.9646860986547086,0.9635650224215246,0.8892937219730942,0.8122141255605382,82,64,66,51
ent_4fb8d09ae94c,諸法,DoctrineTerm,1794,779,12,8,18,21,39,47,0.001946169623132464,0.0077260994065511965,379.41785714285436,5,9,56,0.23537146614069693,3,1,thought_doctrine,0.5959059181125509,1.1705685618729098,0.9641255605381166,0.9786995515695067,0.7931614349775785,0.6994282511210763,30,65,39,201
ent_2a947d66f56d,教育,Concept,0,0,5,8,12,14,15,15,0.0019316160051522898,0.0031373064153711774,434.94047619047274,6,3,153,0.7022222222222222,5,2,propagation_organization;thought_doctrine,0.8848616689990428,,0.9635650224215246,0.9316143497757847,0.992152466367713,0.800291479820628,63,66,123,68
ent_d3e26d33b46f,大眾,Group,15812,5802,6,11,16,18,24,27,0.0019251890837792467,0.008790494843123662,473.2999999999963,6,2,153,0.7430555555555556,5,4,other_domain;practice;propagation_organization;thought_doctrine,0.9400664543100068,0.11383759170250443,0.9630044843049327,0.9815022421524664,0.9971973094170403,0.9017600896860988,36,67,34,15
ent_37673e1464e9,信心,DoctrineTerm,5386,2716,5,8,12,13,18,19,0.0019186511909490681,0.0013881356428459785,422.8714285714247,6,19,8,0.7160493827160495,6,3,practice;propagation_organization;thought_doctrine,0.9276942711037669,0.24136650575566282,0.9624439461883408,0.8654708520179372,0.9957959641255605,0.8249271300448429,63,68,241,42
ent_5c71e7d58c52,極樂,PlaceRealm,0,0,0,2,2,2,2,2,0.0019109168322384638,0.0001427472775358496,367.0853174603149,2,6,77,0.5,2,2,practice;thought_doctrine,1.0,,0.9618834080717489,0.7455156950672646,0.9161995515695067,0.6730661434977578,391,69,455,241
ent_aef97ef170d1,眾生,Group,0,0,0,13,13,13,13,13,0.001900781308090147,0.009076081601037067,423.88571428571083,5,2,153,0.5798816568047337,2,1,propagation_organization,0.7323395250202963,,0.9613228699551569,0.9826233183856502,0.9562780269058296,0.739932735426009,54,70,32,143
ent_e4c3fa5588a1,因果,DoctrineTerm,0,0,7,6,12,15,17,17,0.001898449123332196,0.004743444736616667,427.04761904761534,6,1,235,0.5190311418685121,5,2,propagation_organization;thought_doctrine,0.8848616689990428,,0.9607623318385651,0.9585201793721974,0.9394618834080718,0.7952466367713007,63,71,75,76
ent_6252f39caa13,發心,PracticeActivity,8277,3155,5,8,13,13,15,16,0.001894519645463583,0.002455738655481706,415.44761904761475,6,3,153,0.711111111111111,4,3,other_domain;practice;thought_doctrine,0.9190368861092725,0.15706173734444848,0.9602017937219731,0.9198430493273543,0.9943946188340808,0.8262556053811659,54,72,144,41
ent_dd79e187a078,靈山會,PracticeActivity,1,1,2,6,8,8,39,40,0.001888143840005841,0.001505116444025741,373.0880952380932,4,2,153,0.0,3,2,propagation_organization;thought_doctrine,0.6695919455357792,800.0,0.9596412556053812,0.8699551569506726,0.39181614349775784,0.5755269058295964,115,73,233,386
ent_2690856df9d0,佛牙,RitualObject,743,167,2,7,9,9,17,19,0.0018823787641913193,0.005456272408250135,384.95238095237784,4,5,111,0.11072664359861584,1,1,practice,0.9057125980138371,1.2113055181695829,0.9590807174887892,0.9646860986547086,0.7850336322869955,0.6713845291479821,97,74,64,245
ent_f8cdc44e895f,極樂世界,PlaceRealm,0,0,1,5,6,6,11,12,0.00185849366815589,0.0001330516993779218,340.891269841268,5,6,77,0.16528925619834722,3,3,practice;propagation_organization;thought_doctrine,0.9697238998682473,,0.9585201793721974,0.7427130044843049,0.7872757847533632,0.6832679372197309,154,75,460,229
ent_5ebb7ea1e87e,緣起性空,DoctrineTerm,0,0,1,5,6,7,9,9,0.001829425536582588,0.002982274732575271,348.95595238095024,4,3,153,0.37037037037037035,3,2,other_domain;thought_doctrine,0.7896900821428474,,0.9579596412556054,0.929372197309417,0.8220291479820628,0.7283576233183857,154,76,127,158
ent_c175f86b8e66,生死,DoctrineTerm,5492,2247,6,4,9,10,10,10,0.001813855700567874,0.004244084907010506,390.71904761904426,4,3,153,0.56,4,1,thought_doctrine,0.9182958340544894,0.1820830298616169,0.9573991031390134,0.952914798206278,0.9503923766816144,0.7462836322869956,97,77,85,134
ent_cac49a61a507,禮拜,PracticeActivity,3365,1732,5,7,12,12,14,16,0.0018084181059357517,0.0043416380447026046,399.30476190475895,4,5,111,0.24489795918367352,5,3,practice;propagation_organization;thought_doctrine,0.9353340267248305,0.35661218424962854,0.9568385650224215,0.95347533632287,0.796804932735426,0.7904316143497758,63,78,84,86
ent_9578ca68d443,四聖諦,DoctrineTerm,0,0,2,4,5,7,7,7,0.0017995142510447448,0.00030061602529042033,383.6285714285688,4,2,153,0.6122448979591837,4,2,propagation_organization;thought_doctrine,0.9602297178607612,,0.9562780269058296,0.7640134529147982,0.9627242152466368,0.7144226457399103,184,79,422,178
ent_5ca2f4116c8d,寺院,Institution,0,0,12,9,19,21,25,27,0.001788308802663966,0.009418378552834745,439.64761904761497,5,5,111,0.5119999999999999,5,2,other_domain;propagation_organization,0.7999948991664142,,0.9557174887892377,0.9837443946188341,0.9372197309417041,0.804663677130045,27,80,30,62
ent_fbae646972f2,信仰,Concept,16124,4044,5,6,10,13,17,19,0.0016923309663389667,0.001964522355152781,400.87380952380585,5,19,8,0.6089965397923875,6,3,other_domain;propagation_organization;thought_doctrine,0.8804820237218407,0.0806251550483751,0.9551569506726457,0.9024663677130045,0.9596412556053812,0.8288789237668162,82,81,175,40
ent_bf940b65e5db,白四羯磨,Concept,21,12,0,1,1,1,1,1,0.001689552885031477,0.0,262.9095238095201,1,13,16,0.0,1,1,thought_doctrine,0.0,4.761904761904762,0.9545964125560538,0.3276345291479821,0.39181614349775784,0.2985986547085202,648,82,617,655
ent_b3101b06e936,大悲,Concept,1469,742,2,2,3,4,4,4,0.0016561690275341409,0.002407700108204875,244.93452380951945,2,22,6,0.0,3,1,thought_doctrine,0.9182958340544894,0.27229407760381213,0.9540358744394619,0.9111547085201793,0.39181614349775784,0.5520067264573991,286,83,158,403
ent_6cacfb08e6df,釋迦牟尼佛,BuddhistFigure,3168,1658,32,5,36,40,66,74,0.001652731460542814,0.020270028071117947,458.4357142857093,6,2,153,0.47153351698806234,10,5,classic_text;other_domain;practice;propagation_organization;thought_doctrine,0.8337354741662021,1.2626262626262625,0.95347533632287,0.9938340807174888,0.8862107623318386,0.9633968609865472,9,84,12,4
ent_3f8c72abd679,拈花示眾,PracticeActivity,1,1,0,2,2,2,9,10,0.0016509619289497687,0.0,359.8571428571409,2,2,153,0.0,2,2,practice;thought_doctrine,1.0,200.0,0.952914798206278,0.3276345291479821,0.39181614349775784,0.3485986547085202,391,85,617,636
ent_d8d9506f4a85,具足戒,DoctrineTerm,565,420,1,6,7,7,7,7,0.0016478240087414015,0.003595310968371593,335.8464285714268,3,13,16,0.40816326530612246,5,3,other_domain;practice;thought_doctrine,0.9165164431996023,1.238938053097345,0.952354260089686,0.9417040358744395,0.8444506726457399,0.8000168161434978,134,86,105,69
ent_f7e49f4ae092,實相,DoctrineTerm,1005,620,4,7,11,11,12,12,0.001646469698591335,0.00275105261901442,394.1952380952354,5,9,56,0.625,2,1,thought_doctrine,0.782775952814142,1.0945273631840795,0.9517937219730942,0.9260089686098655,0.9697309417040358,0.721322869955157,73,87,133,169
ent_68e8479a7e97,無自性,DoctrineTerm,253,133,1,3,4,5,6,7,0.0016409342291610024,3.394285053189056e-06,329.3507936507917,4,9,56,0.0,3,2,other_domain;thought_doctrine,0.0,1.976284584980237,0.9512331838565022,0.679372197309417,0.39181614349775784,0.4992937219730942,215,88,573,475
ent_ab2f02643d52,正覺,DoctrineTerm,742,422,0,3,3,3,4,4,0.0016290507628882972,3.113583835648393e-05,342.3603174603157,3,2,153,0.5,3,3,other_domain;practice;thought_doctrine,0.9182958340544894,0.40431266846361186,0.9506726457399103,0.7068385650224215,0.9161995515695067,0.7075952914798206,286,89,524,189
ent_e00c00eab147,無明漏,DoctrineTerm,0,0,0,1,1,1,1,1,0.0016137633026455506,0.0,290.9722222222195,1,3,153,0.0,1,1,thought_doctrine,0.0,,0.9501121076233184,0.3276345291479821,0.39181614349775784,0.2985986547085202,648,90,617,655
ent_5e88307976b7,莊嚴,DoctrineTerm,4644,2338,0,4,4,4,4,5,0.0016072668889278875,0.00038778765389277966,351.53452380952183,3,8,58,0.375,2,1,thought_doctrine,1.0,0.08613264427217916,0.9495515695067265,0.7684977578475336,0.8321188340807175,0.6170347533632288,215,91,414,343
ent_1244a0f49239,世間法,DoctrineTerm,528,338,5,4,9,12,19,21,0.0016034700573903514,0.0028964970807152995,404.0761904761873,5,1,235,0.2825484764542937,6,3,other_domain;propagation_organization;thought_doctrine,0.6223659728744494,2.272727272727273,0.9489910313901345,0.9288116591928252,0.8060538116591929,0.793340807174888,97,92,128,83
ent_08bedbb7dcb1,空性,DoctrineTerm,0,0,2,6,7,8,12,14,0.0015922005999886967,0.0010815122403014573,342.5440476190456,5,9,56,0.29166666666666663,2,1,thought_doctrine,0.0,,0.9484304932735426,0.8565022421524664,0.8066143497757847,0.644585201793722,134,93,257,294
ent_f05ed2a8b47d,神通,DoctrineTerm,2101,701,0,3,3,3,3,3,0.0015914589174369268,8.139706299090382e-06,349.2809523809497,3,3,153,0.4444444444444444,2,1,thought_doctrine,0.9182958340544894,0.14278914802475012,0.9478699551569507,0.6905829596412556,0.8646300448430493,0.5956221973094171,286,94,553,373
ent_bd21a7978ab6,道德,Concept,6898,3182,0,8,8,9,9,9,0.0015769788219672308,0.0009154687015608551,429.2333333333298,6,19,8,0.7160493827160495,4,2,propagation_organization;thought_doctrine,0.9671320180863539,0.1304726007538417,0.9473094170403588,0.8458520179372198,0.9957959641255605,0.7570795964125561,115,95,276,119
ent_55d164264407,靈鷲山,PlaceRealm,303,156,0,6,6,6,6,7,0.001569093867908325,0.002653792296650565,362.52380952380753,2,2,153,0.0,1,1,propagation_organization,0.7896900821428474,1.9801980198019802,0.9467488789237668,0.9232062780269058,0.39181614349775784,0.5368273542600897,154,96,138,431
ent_247b5c2351b8,方便,DoctrineTerm,0,0,5,6,10,13,16,18,0.0015414498080274746,0.0017780514949685127,389.32380952380646,5,3,153,0.3203125,4,1,thought_doctrine,0.8649735207179272,,0.9461883408071748,0.8957399103139013,0.8155829596412556,0.6829708520179373,82,97,187,230
ent_2d1836c4e64e,希望,Concept,15,13,0,1,1,1,1,1,0.0015138720492632136,0.0,298.7555555555532,1,9,56,0.0,1,1,other_domain,0.0,6.666666666666667,0.945627802690583,0.3276345291479821,0.39181614349775784,0.2985986547085202,648,98,617,655
ent_45417ad461e2,生滅滅已,Concept,39,32,0,1,1,1,1,1,0.0014954305882761243,0.0,299.82976190475955,1,3,153,0.0,1,1,thought_doctrine,0.0,2.5641025641025643,0.945067264573991,0.3276345291479821,0.39181614349775784,0.2985986547085202,648,99,617,655
ent_e5cc7b4be7db,中國,PlaceRealm,22900,5062,0,8,8,9,14,17,0.001490626421078795,0.008046045758916348,400.8857142857113,4,1,235,0.33673469387755106,2,1,propagation_organization,0.9056390622295664,0.039301310043668124,0.9445067264573991,0.9798206278026906,0.8172645739910314,0.6971076233183857,115,100,37,206
ent_d81e1b51adb7,發願,PracticeActivity,2454,1413,2,2,4,4,4,4,0.0014543889976812582,5.359883083522123e-05,330.9412698412684,4,3,153,0.375,2,2,practice;thought_doctrine,1.0,0.16299918500407498,0.9439461883408071,0.7202914798206278,0.8321188340807175,0.6377522421524664,215,101,500,303
ent_952a13f4dc9a,四弘誓願,DoctrineTerm,392,217,5,4,8,10,11,11,0.0014288195117185558,0.00244146323656683,389.82619047618726,4,3,153,0.6115702479338844,4,2,propagation_organization;thought_doctrine,0.875,2.5510204081632653,0.9433856502242153,0.9187219730941704,0.9613228699551569,0.7758856502242153,115,102,146,102
ent_3d3eec716058,本土化,Concept,619,279,0,6,6,6,7,7,0.0014239070214890801,0.0014763105957455826,421.93333333333,4,1,235,0.40816326530612246,3,2,practice;thought_doctrine,0.9591479170272448,0.9693053311793215,0.9428251121076233,0.8688340807174888,0.8444506726457399,0.7108688340807177,154,103,235,183
ent_8192dba0aaf3,自在,Concept,5720,2870,3,3,6,6,9,9,0.0014026522739176833,0.000232328373763918,357.8571428571402,5,3,153,0.49382716049382713,4,2,other_domain;thought_doctrine,0.6500224216483541,0.1048951048951049,0.9422645739910314,0.7595291479820628,0.8940582959641256,0.6920291479820628,154,104,430,215
ent_093d3d337558,禪定,PracticeActivity,1959,960,2,6,8,9,9,10,0.001394757026372961,0.0019328086800851267,339.99126984126764,5,2,153,0.37037037037037035,4,3,other_domain;practice;thought_doctrine,0.9850568223215079,0.45941807044410415,0.9417040358744395,0.9007847533632287,0.8220291479820628,0.7669226457399104,115,105,178,108
ent_aced17a925ae,禪宗,SchoolTradition,0,0,12,2,14,14,18,19,0.0013695956861188893,0.005672224682094344,396.87380952380664,4,6,77,0.4506172839506173,5,2,propagation_organization;thought_doctrine,0.9299063765753789,,0.9411434977578476,0.9669282511210763,0.8811659192825112,0.7811210762331839,44,106,60,98
ent_3ba8f5d64313,無為法,DoctrineTerm,178,107,1,2,3,3,3,3,0.0013574602425354691,6.089304120109756e-06,369.84246031745795,3,1,235,0.0,3,1,thought_doctrine,0.0,1.6853932584269662,0.9405829596412556,0.6838565022421524,0.39181614349775784,0.4610874439461884,286,107,565,563
ent_3ebe15833764,無明,DoctrineTerm,0,0,3,3,6,7,7,7,0.0013559436153122062,0.003004890523658472,358.04761904761637,4,3,153,0.24489795918367352,4,2,practice;thought_doctrine,0.7896900821428474,,0.9400224215246636,0.929932735426009,0.796804932735426,0.7310145739910314,154,108,126,154
ent_7f440e9c5bcf,菩薩道,DoctrineTerm,0,0,11,9,19,21,26,26,0.0013432273224530911,0.009500949336097395,474.84999999999627,6,3,153,0.514792899408284,7,4,other_domain;practice;propagation_organization;thought_doctrine,0.7778691660131718,,0.9394618834080718,0.9848654708520179,0.9389013452914798,0.9056165919282511,27,109,28,14
ent_b9c334cfd06e,歡喜,DoctrineTerm,0,0,2,8,9,10,10,10,0.0013380788778903046,0.0015798099967795777,425.1880952380918,5,1,235,0.6599999999999999,5,3,practice;propagation_organization;thought_doctrine,0.886682880001534,,0.9389013452914798,0.8710762331838565,0.9784192825112108,0.811956278026906,97,110,231,52
ent_b35b69fd5ff9,眾生,DoctrineTerm,21548,5443,2,8,10,11,11,11,0.0013303901242940844,0.003839596901352696,434.5476190476152,4,2,153,0.6942148760330579,3,2,propagation_organization;thought_doctrine,0.9349775297671233,0.05104882123630963,0.9383408071748879,0.9461883408071748,0.9904708520179372,0.7856165919282512,82,111,97,92
ent_23021aee0498,阿耨多羅三藐三菩提,DoctrineTerm,0,0,0,4,4,4,4,4,0.0013257961557829089,0.0004654761275027569,339.3023809523788,3,3,153,0.0,2,1,thought_doctrine,1.0,,0.9377802690582959,0.7718609865470852,0.39181614349775784,0.48628923766816146,215,112,408,539
ent_bc1cc60195cb,供養,PracticeActivity,0,0,12,4,15,17,20,21,0.0013185184643914926,0.006294334816100441,391.9928571428543,5,5,111,0.34999999999999987,5,3,practice;propagation_organization;thought_doctrine,0.9109715213264661,,0.9372197309417041,0.9725336322869955,0.8195067264573991,0.804865470852018,40,113,50,61
ent_9d76d66a4eef,唯心,DoctrineTerm,537,350,0,8,8,8,11,11,0.0013139335080727603,0.006314273764495143,388.9876984126956,3,7,59,0.5454545454545454,3,2,propagation_organization;thought_doctrine,0.946394630357186,1.48975791433892,0.9366591928251121,0.9736547085201793,0.9459080717488789,0.7832343049327355,115,114,48,94
ent_8e5bc1f388e3,一念三千,Concept,180,116,8,8,14,18,22,24,0.0012803331431270866,0.010604444118538149,374.6166666666639,5,8,58,0.5330578512396694,6,2,propagation_organization;thought_doctrine,0.8576611402529863,10.0,0.9360986547085202,0.9871076233183856,0.9439461883408071,0.8180269058295966,44,115,24,50
ent_1de5316b3b56,三千諸法,DoctrineTerm,11,7,0,1,1,1,1,1,0.001272534612865204,0.0,224.81746031745672,1,1,235,0.0,1,1,thought_doctrine,0.0,9.090909090909092,0.9355381165919282,0.3276345291479821,0.39181614349775784,0.2985986547085202,648,116,617,655
ent_378f9946c693,譯經院,Institution,0,0,0,4,4,4,4,4,0.001268046991731743,0.0016070217977116462,283.38769841269556,2,7,59,0.0,1,1,propagation_organization,0.8112781244591328,,0.9349775784753364,0.8811659192825112,0.39181614349775784,0.5200112107623318,215,117,206,451
ent_98280da5b482,三十論,Classic,0,0,3,1,3,4,4,4,0.0012675704339117318,0.0008877807959944977,295.34444444444193,2,7,59,0.0,2,1,thought_doctrine,0.0,,0.9344170403587444,0.8391255605381166,0.39181614349775784,0.513195067264574,286,118,288,460
ent_e2fc4abd3849,菩提伽耶,PlaceRealm,196,117,0,4,4,6,9,9,0.0012659701745309409,0.00016356817009604733,383.54285714285425,3,12,20,0.49382716049382713,3,1,propagation_organization,1.0,3.061224489795918,0.9338565022421524,0.749439461883408,0.8940582959641256,0.637993273542601,215,119,448,301
ent_ba53e52ece62,法會,PracticeActivity,0,0,3,7,9,10,12,14,0.0012617772303487452,0.0016665259879368962,393.6619047619018,5,5,111,0.5138888888888888,4,3,practice;propagation_organization;thought_doctrine,0.8288713632524444,,0.9332959641255605,0.890695067264574,0.9383408071748879,0.797780269058296,97,120,196,71
ent_c766879c0c7a,說法,PracticeActivity,7664,3301,5,10,15,15,21,21,0.0012316165862385994,0.005320164780752818,431.59999999999644,6,2,153,0.47165532879818595,5,3,practice;propagation_organization;thought_doctrine,0.9151375424972877,0.19572025052192066,0.9327354260089686,0.9630044843049327,0.8867713004484304,0.8212331838565022,40,121,67,46
ent_d1aa64ffc9c7,高雄,PlaceRealm,4597,1556,0,3,3,3,3,3,0.0012296555824827275,0.0016070217977116462,286.6769841269816,1,26,5,0.0,1,1,propagation_organization,0.9182958340544894,0.06525995214270176,0.9321748878923767,0.8811659192825112,0.39181614349775784,0.5200112107623318,286,122,206,451
ent_058b5793fa49,諸法無我,DoctrineTerm,157,104,0,2,2,2,2,2,0.0012066661237105693,9.182858217218096e-06,272.2781746031713,2,9,56,0.0,2,2,other_domain;thought_doctrine,0.0,1.2738853503184713,0.9316143497757847,0.6922645739910314,0.39181614349775784,0.49445067264573994,391,123,550,503
ent_be0f51c1913a,實性,DoctrineTerm,140,94,1,1,1,2,2,2,0.001203656057251305,0.0,296.05793650793413,1,3,153,0.0,1,1,thought_doctrine,0.0,1.4285714285714286,0.9310538116591929,0.3276345291479821,0.39181614349775784,0.2985986547085202,648,124,617,655
ent_20cfedce0e18,彌陀淨土,DoctrineTerm,0,0,0,1,1,1,1,1,0.0012002391056317825,0.0,315.87698412698205,1,8,58,0.0,1,1,thought_doctrine,0.0,,0.9302130044843049,0.3276345291479821,0.39181614349775784,0.2985986547085202,648,125,617,655
ent_4c853332c14f,補陀落,Concept,9,1,0,1,1,1,1,1,0.0012002391056317825,0.0,315.87698412698205,1,8,58,0.0,1,1,thought_doctrine,0.0,11.11111111111111,0.9302130044843049,0.3276345291479821,0.39181614349775784,0.2985986547085202,648,125,617,655
ent_59739e05c9e6,觀世音菩薩,BuddhistFigure,0,0,11,6,17,17,17,19,0.0011960318992690956,0.007257283551143294,372.3797619047594,5,5,111,0.47058823529411753,6,4,classic_text;other_domain;practice;propagation_organization,0.9311150647305053,,0.929372197309417,0.9775784753363229,0.8856502242152466,0.8767264573991032,32,127,41,19
ent_a7cfd930b34d,圓滿,DoctrineTerm,4783,2506,0,3,3,3,3,3,0.0011681279188331714,0.0009598874678267629,376.7714285714256,2,3,153,0.4444444444444444,1,1,thought_doctrine,0.9182958340544894,0.06272214091574325,0.9288116591928252,0.8503363228699552,0.8646300448430493,0.649523542600897,286,128,268,285
ent_059514d0074d,十大弟子,Group,361,263,2,9,11,11,15,16,0.0011676881493071331,0.007196931747708369,385.8452380952355,5,2,153,0.34666666666666657,4,3,classic_text;practice;propagation_organization,0.5462947022805017,3.0470914127423825,0.9282511210762332,0.976457399103139,0.8189461883408071,0.7962668161434977,73,129,43,73
ent_1ca5560304d5,青年,Group,0,0,1,5,6,6,7,7,0.0011660104009771036,0.00185755088945525,345.8626984126964,3,4,150,0.44897959183673464,4,3,other_domain;practice;propagation_organization,0.920619835714305,,0.9276905829596412,0.8974215246636771,0.8797645739910314,0.7828979820627803,154,130,184,95
ent_6711ca03b548,一念,DoctrineTerm,2596,1233,1,1,2,2,2,2,0.0011612653648386557,0.0008038256308961112,275.01587301587006,1,1,235,0.0,2,1,thought_doctrine,0.0,0.07704160246533127,0.9271300448430493,0.7836322869955157,0.39181614349775784,0.49099775784753363,391,131,386,505
ent_d529cd4c1c62,悟入,DoctrineTerm,184,144,0,1,1,1,2,2,0.001160041708792423,0.0,315.3607142857126,1,2,153,0.0,1,1,other_domain,0.0,0.5434782608695652,0.9265695067264574,0.3276345291479821,0.39181614349775784,0.2985986547085202,648,132,617,655
ent_6b3ad45ee630,華嚴經,Classic,0,0,24,5,29,30,39,41,0.0011543141515769839,0.021844863408042748,446.7547619047579,6,7,59,0.5917159763313609,4,2,classic_text;thought_doctrine,0.7684117400985057,,0.9260089686098655,0.9949551569506726,0.9585201793721974,0.8055381165919284,13,133,10,60
ent_d3f056613b45,唯識,DoctrineTerm,1380,480,1,4,4,5,7,7,0.0011526296957606946,0.001289390674620057,254.54761904761497,2,7,59,0.0,3,2,propagation_organization;thought_doctrine,0.946394630357186,0.36231884057971014,0.9254484304932735,0.8615470852017937,0.39181614349775784,0.5721636771300449,215,134,248,388
ent_91cd06695858,廣長舌相,DoctrineTerm,70,56,0,1,1,1,3,3,0.0011302137644902462,0.0,300.3238095238072,1,2,153,0.0,1,1,thought_doctrine,0.0,1.4285714285714286,0.9248878923766816,0.3276345291479821,0.39181614349775784,0.2985986547085202,648,135,617,655
ent_63d9fc33a113,叢林寺院,Institution,1,1,0,1,1,1,1,1,0.0011227835633853905,0.0,290.4269841269819,1,5,111,0.0,1,1,propagation_organization,0.0,100.0,0.9243273542600897,0.3276345291479821,0.39181614349775784,0.2985986547085202,648,136,617,655
ent_8dacc063faab,共修,PracticeActivity,0,0,2,8,10,11,11,12,0.001115324747868803,0.0034813489680829944,427.55714285713935,5,4,150,0.6446280991735538,5,3,practice;propagation_organization;thought_doctrine,0.9172088932791937,,0.9237668161434978,0.9400224215246636,0.9753363228699552,0.8386098654708521,82,137,108,36
ent_a24d417abf3a,台南,PlaceRealm,1223,573,0,4,4,4,4,4,0.0011028151965260396,0.0024095885004466046,327.27936507936323,1,33,4,0.375,1,1,propagation_organization,0.0,0.3270645952575634,0.9232062780269058,0.9150784753363229,0.8321188340807175,0.6656670403587445,215,138,151,249
ent_ae2bf80f25dc,佛教信仰,Concept,374,254,0,1,1,1,1,1,0.0010846020358806845,0.0,287.0234126984103,1,43,4,0.0,1,1,thought_doctrine,0.0,0.26737967914438504,0.922645739910314,0.3276345291479821,0.39181614349775784,0.2985986547085202,648,139,617,655
ent_01bb9074c145,如是我聞,Concept,243,152,0,4,4,4,5,5,0.0010786348559516624,0.0016070217977116462,327.76547619047454,2,8,58,0.0,3,1,thought_doctrine,0.946394630357186,1.646090534979424,0.922085201793722,0.8811659192825112,0.39181614349775784,0.5400112107623318,215,140,206,413
ent_33a391b3d6c2,藥師法會,PracticeActivity,133,67,0,4,4,4,4,4,0.001071320033338732,0.0008558824532441843,358.93531746031516,2,4,150,0.0,1,1,propagation_organization,0.0,3.007518796992481,0.92152466367713,0.8335201793721974,0.39181614349775784,0.5009529147982064,215,141,298,471
ent_b2fed7536a6c,人間佛教思想,Concept,0,0,4,8,12,12,12,14,0.001062348987871491,0.0036407241527200733,430.92142857142545,6,1,235,0.75,4,2,propagation_organization;thought_doctrine,0.9756641375534825,,0.9209641255605381,0.9433856502242153,0.9977578475336323,0.7966816143497759,63,142,102,72
ent_0ebc47edc5c5,三寶,DoctrineTerm,4507,1749,4,3,7,7,10,11,0.0010467330131758458,0.0034762229085888705,393.7857142857109,4,5,111,0.4800000000000001,3,2,practice;thought_doctrine,0.8631205685666311,0.15531395606833814,0.9204035874439462,0.9394618834080718,0.8892937219730942,0.752572869955157,134,143,109,123
ent_3b2e0260b276,西藏四大活佛,Group,2,1,0,4,4,4,4,4,0.0010375644293610924,0.0024095885004466046,260.68975468975106,1,12,20,0.0,1,1,propagation_organization,0.0,200.0,0.9198430493273543,0.9150784753363229,0.39181614349775784,0.5335762331838565,215,144,151,434
ent_f928e10be115,人間淨土,PlaceRealm,0,0,2,4,6,6,10,12,0.0010205093324945876,0.0013003915930820376,408.5761904761868,5,1,235,0.4800000000000001,5,3,other_domain;practice;thought_doctrine,0.9697238998682473,,0.9192825112107623,0.8626681614349776,0.8892937219730942,0.7818553811659193,154,145,246,96
ent_dab6c3d22efa,佛教學院,Institution,953,556,3,8,11,11,16,16,0.0010083999550544208,0.004411316809682733,422.6333333333297,4,4,150,0.421875,4,3,other_domain;propagation_organization;thought_doctrine,0.9115339911368306,1.154249737670514,0.9187219730941704,0.9545964125560538,0.8469730941704036,0.7959304932735426,73,146,82,74
ent_baa0a6afc97b,空無自性,DoctrineTerm,0,0,1,3,4,4,12,17,0.0010051179269899486,0.00028594725490580934,318.6007936507918,3,9,56,0.0,2,2,other_domain;thought_doctrine,0.0,,0.9181614349775785,0.7623318385650224,0.39181614349775784,0.5224775784753364,215,147,425,448
ent_8c2e06b1a094,三無差別,DoctrineTerm,157,137,4,5,9,10,17,17,0.0009956171209854138,0.004733339790352496,431.4214285714251,6,7,59,0.615916955017301,5,3,other_domain;practice;thought_doctrine,0.886682880001534,6.369426751592357,0.9176008968609866,0.9579596412556054,0.9646860986547086,0.8425896860986547,97,148,76,33
ent_56db144ad988,一切有為法,DoctrineTerm,161,127,7,3,9,10,30,41,0.000992850378070166,0.0020670304457012048,356.6166666666641,5,9,56,0.23777777777777775,4,1,thought_doctrine,0.5032583347756457,6.211180124223603,0.9170403587443946,0.9041479820627802,0.7942825112107623,0.6799439461883409,97,149,172,235
ent_809a27b54503,慈善,Concept,0,0,5,4,7,11,14,15,0.000977955160245416,0.0003984089234305308,420.7976190476153,6,1,235,0.40816326530612246,5,2,practice;thought_doctrine,0.9211854965885543,,0.9164798206278026,0.7701793721973094,0.8444506726457399,0.6914069506726459,134,150,411,218
ent_11ac08443dd8,持戒,PracticeActivity,0,0,4,4,8,9,10,10,0.0009771059216916234,0.0012985784470832438,368.25476190475945,6,3,153,0.4800000000000001,4,3,other_domain;practice;thought_doctrine,0.7743974703476992,,0.9159192825112108,0.8621076233183856,0.8892937219730942,0.7716311659192826,115,151,247,103
ent_39be9be3e203,法門,DoctrineTerm,0,0,2,10,12,13,13,14,0.0009596334384520702,0.0059911792329799835,403.3642857142822,5,2,153,0.650887573964497,4,3,practice;propagation_organization;thought_doctrine,0.8070027314271102,,0.9153587443946188,0.9702914798206278,0.976457399103139,0.8410538116591929,63,152,54,35
ent_294c2e592b25,福德因緣,DoctrineTerm,815,557,2,3,5,5,5,5,0.000947582112435774,0.0009047200399467583,317.0571428571407,4,6,77,0.31999999999999984,4,3,other_domain;practice;thought_doctrine,0.9602297178607612,0.6134969325153374,0.9147982062780269,0.844170403587444,0.8116591928251121,0.7411659192825113,184,153,279,140
ent_c8db40f7532f,正法,DoctrineTerm,1613,854,4,6,10,10,10,10,0.000946321130345835,0.0022130759832854263,413.1404761904727,5,1,235,0.5800000000000001,5,2,other_domain;thought_doctrine,0.8445412464587144,0.6199628022318661,0.9142376681614349,0.9075112107623319,0.9571188340807175,0.7801401345291481,82,154,166,99
ent_dbe760b1b7f7,世法,DoctrineTerm,388,252,0,1,1,1,4,5,0.0009387616900240198,0.0,373.53571428571126,1,1,235,0.0,1,1,thought_doctrine,0.0,0.25773195876288657,0.9136771300448431,0.3276345291479821,0.39181614349775784,0.2985986547085202,648,155,617,655
ent_1da9f465d21e,民間信仰,Concept,814,191,1,3,4,4,4,4,0.0009377888420277293,0.0024095885004466046,375.53571428571126,1,43,4,0.375,1,1,thought_doctrine,0.8112781244591328,0.4914004914004914,0.9131165919282511,0.9150784753363229,0.8321188340807175,0.6656670403587445,215,156,151,249
ent_a277910bfd3e,八十種好,Concept,121,86,0,4,4,4,5,5,0.0009323091140721492,3.39252350939993e-05,350.98095238095044,4,2,153,0.0,3,3,other_domain;practice;thought_doctrine,0.946394630357186,3.3057851239669422,0.9125560538116592,0.7096412556053812,0.39181614349775784,0.5514013452914799,215,157,519,404
ent_464a8094055a,結緣,DoctrineTerm,3913,2004,4,5,7,9,9,10,0.0009292463261263668,0.0007554571389251131,414.28095238094835,6,2,153,0.691358024691358,3,2,practice;thought_doctrine,0.9211854965885543,0.23000255558395094,0.9119955156950673,0.7791479820627802,0.9882286995515696,0.7181278026905831,134,158,395,173
ent_0e392a5a426a,三好,Concept,0,0,0,8,8,9,9,10,0.0009154890959253653,0.0023003982855195745,401.6341269841241,5,1,235,0.49382716049382713,4,2,propagation_organization;thought_doctrine,0.9528195311147832,,0.9114349775784754,0.9086322869955157,0.8940582959641256,0.751670403587444,115,159,164,126
ent_f3c9895f9033,法雲寺,Institution,112,89,4,6,10,11,15,15,0.0009106924518600674,0.003611039828149647,389.71507936507646,5,1,235,0.4355555555555557,4,2,practice;propagation_organization,0.9138646883853215,9.821428571428571,0.9108744394618834,0.9428251121076233,0.8486547085201793,0.7517264573991032,82,160,103,125
ent_88ad2efce19e,弟子,RoleTitle,12329,4379,2,2,4,4,4,4,0.0009062423957771147,0.0024095885004466046,296.61150793650586,1,34,4,0.375,1,1,thought_doctrine,0.8112781244591328,0.03244383161651391,0.9103139013452914,0.9150784753363229,0.8321188340807175,0.6656670403587445,215,161,151,249
ent_4e4f3e3d146b,國清寺,Institution,0,0,0,3,3,3,3,4,0.0009062364469409061,0.0016070217977116462,201.37388167387925,1,8,58,0.0,1,1,propagation_organization,0.9182958340544894,,0.9097533632286996,0.8811659192825112,0.39181614349775784,0.5200112107623318,286,162,206,451
ent_2696343ec48b,南非,PlaceRealm,913,314,0,3,3,3,3,3,0.0009053826716350987,0.00080760241537957,301.3626984126964,2,4,150,0.0,1,1,propagation_organization,0.9182958340544894,0.32858707557502737,0.9091928251121076,0.8262331838565022,0.39181614349775784,0.4980381165919283,286,163,311,498
ent_0fc4087bb731,放下,PracticeActivity,2567,1289,3,1,4,4,5,5,0.0009024584260065013,0.0009972516725230904,330.89246031745853,3,3,153,0.0,3,3,other_domain;practice;thought_doctrine,0.8112781244591328,0.15582391897156214,0.9086322869955157,0.852017937219731,0.39181614349775784,0.6083520179372197,215,164,265,356
ent_dd108b1d7215,支那內學院,Institution,53,33,0,3,3,4,4,4,0.0008967989871752897,0.0016070217977116462,168.972366522366,1,20,8,0.0,1,1,propagation_organization,0.9182958340544894,7.547169811320755,0.9080717488789237,0.8811659192825112,0.39181614349775784,0.5200112107623318,286,165,206,451
ent_ea32ae728d22,下化眾生,DoctrineTerm,199,172,0,2,2,2,2,2,0.0008967635362805156,0.0008038256308961114,206.47904040403768,1,11,22,0.0,2,1,thought_doctrine,0.0,1.0050251256281406,0.9075112107623319,0.804372197309417,0.39181614349775784,0.4992937219730942,391,166,315,475
ent_f5223b7b6224,印度,PlaceRealm,7901,2268,0,8,8,11,14,21,0.0008963869984788285,0.007617706616931717,431.32380952380606,5,2,153,0.7040816326530612,3,1,propagation_organization,0.9283832117695864,0.1392228831793444,0.9069506726457399,0.9781390134529148,0.9927130044843049,0.7590695067264575,115,167,40,117
ent_e02c090a4502,太宗,Person,635,304,10,2,11,14,15,19,0.000896285751994539,0.006809606885254993,401.5857142857115,4,7,59,0.5244444444444445,7,5,classic_text;other_domain;practice;propagation_organization;thought_doctrine,0.948450312207479,2.204724409448819,0.906390134529148,0.9753363228699552,0.9400224215246636,0.9421412556053811,73,168,45,6
ent_63b8f0ed08d1,誓願,DoctrineTerm,878,433,4,8,12,12,14,15,0.0008887603265465451,0.0024404680552425617,377.4261904761881,5,3,153,0.653061224489796,4,3,other_domain;practice;thought_doctrine,0.8979444735226818,1.366742596810934,0.905829596412556,0.9181614349775785,0.977017937219731,0.8203699551569507,63,169,147,48
ent_03011272066f,道場,Institution,0,0,9,6,15,15,15,16,0.0008886900567968938,0.010600471861720319,447.7904761904721,6,1,235,0.5777777777777777,4,1,propagation_organization,0.9483627932161024,,0.9052690582959642,0.9865470852017937,0.9557174887892377,0.7613340807174889,40,170,25,113
ent_69277f40cb1e,六度,DoctrineTerm,0,0,7,4,11,13,13,15,0.0008871352504228796,0.0015020475763935115,388.9499999999967,6,3,153,0.485207100591716,5,2,practice;thought_doctrine,0.8085947862963575,,0.9047085201793722,0.8693946188340808,0.8918161434977578,0.7453026905829598,73,171,234,137
ent_29f545fdc778,無爭,DoctrineTerm,208,176,2,4,6,6,6,6,0.0008851880743577222,0.001740006938750055,395.72380952380615,3,1,235,0.2777777777777777,3,2,other_domain;thought_doctrine,0.920619835714305,2.8846153846153846,0.9041479820627802,0.8940582959641256,0.8035313901345291,0.708682735426009,154,172,190,188
ent_8c02f36de671,菩提心,DoctrineTerm,0,0,5,5,9,10,10,11,0.0008845393386982572,0.004755857171340497,403.69047619047285,6,3,153,0.5800000000000001,4,1,thought_doctrine,0.6223659728744494,,0.9035874439461884,0.9590807174887892,0.9571188340807175,0.750767937219731,97,173,74,127
ent_3220e2feb0fc,維摩詰經,Classic,0,0,8,4,12,13,20,23,0.0008826269421991633,0.006678351437057459,390.0674603174575,5,15,10,0.4650000000000001,3,2,classic_text;thought_doctrine,0.911188669681059,,0.9030269058295964,0.9747757847533632,0.8845291479820628,0.7652690582959643,63,174,46,112
ent_c5a84cf471ed,觀念,Concept,5534,2728,2,3,5,5,5,5,0.0008824118288692654,0.007204216402197333,390.0023809523781,2,1,235,0.56,4,2,propagation_organization;thought_doctrine,1.0000000000000002,0.09035056017347308,0.9024663677130045,0.977017937219731,0.9503923766816144,0.7959248878923768,184,175,42,75
ent_86d9b84b3c0f,竹林精舍,Institution,0,0,0,2,2,2,2,2,0.0008803011270311021,0.0008038256308961114,261.97539682539303,1,5,111,0.0,1,1,propagation_organization,1.0,,0.9019058295964125,0.804372197309417,0.39181614349775784,0.4892937219730942,391,176,315,508
ent_e5ca672ab120,大迦葉,BuddhistFigure,0,0,7,5,11,12,36,37,0.0008696363621865309,0.0014535409004723188,386.06904761904497,5,2,153,0.10648148148148151,5,4,classic_text;other_domain;propagation_organization;thought_doctrine,0.9084496903145964,,0.9013452914798207,0.8665919282511211,0.7841928251121076,0.7918946188340809,73,177,239,84
ent_f25853efdc3e,共產主義,Concept,101,73,0,5,5,5,5,5,0.0008636598524486856,0.0009441505845801619,395.0190476190447,3,1,235,0.0,3,2,propagation_organization;thought_doctrine,0.9602297178607612,4.9504950495049505,0.9007847533632287,0.8486547085201793,0.39181614349775784,0.5670067264573991,184,178,271,393
ent_0b06e21deb6e,大智度論,Classic,0,0,4,2,6,7,7,7,0.0008595047504794379,0.002123056226257665,356.45833333333076,5,3,153,0.44897959183673464,3,2,classic_text;thought_doctrine,0.7896900821428474,,0.9002242152466368,0.9052690582959642,0.8797645739910314,0.7360369955156951,154,179,170,148
ent_31e3835f4e76,見聞覺知,Concept,104,84,0,1,1,1,1,1,0.000853074217903125,0.0,318.7511904761887,1,2,153,0.0,1,1,thought_doctrine,0.0,0.9615384615384616,0.8996636771300448,0.3276345291479821,0.39181614349775784,0.2985986547085202,648,180,617,655
ent_5eb4f1a11dae,慈悲觀,DoctrineTerm,137,105,0,2,2,2,2,2,0.000848387428874643,8.66587440688522e-05,285.8452380952355,2,9,56,0.0,2,1,thought_doctrine,1.0,1.4598540145985401,0.899103139013453,0.7326233183856502,0.39181614349775784,0.4705941704035874,391,181,478,551
ent_f9ee2a341883,六祖惠能,Person,0,0,14,3,17,17,20,21,0.0008478467523271844,0.009444893109297508,426.56190476190056,6,6,77,0.6499999999999999,6,4,classic_text;practice;propagation_organization;thought_doctrine,0.8595173303304421,,0.898542600896861,0.984304932735426,0.975896860986547,0.9064910313901344,32,182,29,13
ent_cc05fd4b6ce6,共生,Concept,776,438,2,2,4,4,8,8,0.0008455495536450494,0.0013483884308553244,309.1055555555538,2,9,56,0.0,4,2,other_domain;thought_doctrine,1.0,0.5154639175257731,0.897982062780269,0.8649103139013453,0.39181614349775784,0.5835089686098656,215,183,242,381
ent_580c687b3eed,婆羅門,Group,971,324,2,5,7,7,12,16,0.00084530704784177,0.0012619793332126743,388.20238095237863,5,2,153,0.2777777777777777,4,2,practice;propagation_organization,0.9852281360342515,0.7209062821833162,0.8974215246636771,0.8604260089686099,0.8035313901345291,0.7052298206278027,134,184,250,192
ent_5a2ca100ca60,玄奘大師,Person,0,0,14,4,18,20,22,25,0.0008452132742407941,0.015255016360737972,366.7035714285688,3,7,59,0.3181818181818181,5,3,classic_text;other_domain;propagation_organization,0.8992042989107536,,0.8968609865470852,0.9904708520179372,0.8077354260089686,0.8085089686098655,30,185,18,56
ent_c0c760bf302e,臘八粥,RitualObject,322,84,1,2,3,3,7,7,0.0008440103088954474,0.0015209219716813853,347.3559523809503,2,5,111,0.0,2,2,practice;thought_doctrine,0.9999999999999998,0.9316770186335404,0.8963004484304933,0.8705156950672646,0.39181614349775784,0.5657511210762332,286,186,232,394
ent_940ca57a3c14,哈同花園,PlaceRealm,16,14,0,1,1,1,1,1,0.0008422450097575428,0.0,2.333333333333333,1,27,5,0.0,1,1,propagation_organization,0.0,6.25,0.8957399103139013,0.3276345291479821,0.39181614349775784,0.2985986547085202,648,187,617,655
ent_54fe1c2c70b4,甘露灌頂皈依三寶典禮,PracticeActivity,35,26,0,3,3,3,3,3,0.0008358006288947753,0.0016070217977116462,233.9059523809486,1,18,9,0.0,1,1,propagation_organization,0.0,8.571428571428571,0.8951793721973094,0.8811659192825112,0.39181614349775784,0.5200112107623318,286,188,206,451
ent_b8f9800f633a,日本,PlaceRealm,8137,2417,0,4,4,6,7,8,0.000827354790359292,0.0009352044222207442,377.7023809523785,3,1,235,0.24489795918367352,2,1,propagation_organization,1.0,0.0737372496005899,0.8946188340807175,0.8469730941704036,0.796804932735426,0.6378307174887893,215,189,274,302
ent_bb2753519ef9,國際佛光會,Institution,0,0,31,4,35,36,37,38,0.0008210509778456571,0.026058222755725946,441.07380952380566,5,10,42,0.46311176040905766,5,2,practice;propagation_organization,0.5989309790023993,,0.8940582959641256,0.9960762331838565,0.8839686098654709,0.7936210762331839,10,190,8,80
ent_ed6039c9efc7,三壇大戒,PracticeActivity,635,384,2,6,8,8,11,11,0.0008155309105601053,0.0038444369680593303,384.268650793648,4,12,20,0.5454545454545454,4,3,practice;propagation_organization;thought_doctrine,0.9528195311147832,1.2598425196850394,0.8934977578475336,0.9467488789237668,0.9459080717488789,0.8224719730941704,115,191,96,45
ent_509797b2362e,死亡,DoctrineTerm,2042,841,1,1,2,2,2,2,0.0008140729646330822,4.935624082318366e-05,313.4436507936484,2,3,153,0.5,2,1,thought_doctrine,1.0,0.0979431929480901,0.8923766816143498,0.7174887892376681,0.9161995515695067,0.6218553811659193,391,192,505,331
ent_14c6ea249ddb,不生,DoctrineTerm,1217,846,0,1,1,1,1,1,0.0008140729646330822,0.0,308.28650793650564,1,3,153,0.0,1,1,thought_doctrine,0.0,0.08216926869350863,0.8923766816143498,0.3276345291479821,0.39181614349775784,0.2985986547085202,648,192,617,655
ent_352d9bde2514,滅度,DoctrineTerm,283,152,0,1,1,1,1,1,0.0008140729646330822,0.0,308.28650793650564,1,3,153,0.0,1,1,thought_doctrine,0.0,0.35335689045936397,0.8923766816143498,0.3276345291479821,0.39181614349775784,0.2985986547085202,648,192,617,655
ent_2b2ae6bc9d94,菩提達摩,BuddhistFigure,113,78,5,2,6,7,8,9,0.00080972176329195,0.0017472497772934724,341.44285714285513,3,6,77,0.40625,3,2,practice;propagation_organization,0.9591479170272448,6.1946902654867255,0.8912556053811659,0.8946188340807175,0.8430493273542601,0.7207623318385652,154,195,189,171
ent_75291e304317,眾生無邊誓願度,DoctrineTerm,126,96,0,1,1,2,3,3,0.0008071202977306802,0.0,294.58888888888663,1,3,153,0.0,2,1,thought_doctrine,0.0,1.5873015873015872,0.890695067264574,0.3276345291479821,0.39181614349775784,0.3085986547085202,648,196,617,645
ent_1e4251b1cdfd,西來寺,Institution,0,0,5,6,11,12,13,14,0.0007960120123605433,0.004898205114988428,388.70674603174314,4,12,20,0.4970414201183433,3,1,propagation_organization,0.8342022886441013,,0.8901345291479821,0.9602017937219731,0.8951793721973094,0.7226345291479821,73,197,72,168
ent_da5fe9291feb,三大阿僧祇劫,DoctrineTerm,153,119,0,2,2,2,2,2,0.0007951051220060866,0.0,329.96626984126834,2,3,153,0.5,2,1,thought_doctrine,1.0,1.3071895424836601,0.8895739910313901,0.3276345291479821,0.9161995515695067,0.46591367713004483,391,198,617,556
ent_85741f590903,自覺,DoctrineTerm,2317,1295,1,3,4,4,4,4,0.0007880982437171417,0.0006630192806055861,361.57857142856886,3,3,153,0.0,2,2,propagation_organization;thought_doctrine,0.946394630357186,0.17263703064307295,0.8890134529147982,0.7763452914798207,0.39181614349775784,0.5280829596412557,215,199,400,439
ent_be806fc99e1f,十大弘誓,Concept,1,1,0,1,1,1,1,1,0.0007864901213336428,0.0,241.60714285713868,1,16,9,0.0,1,1,thought_doctrine,0.0,100.0,0.8884529147982063,0.3276345291479821,0.39181614349775784,0.2985986547085202,648,200,617,655
ent_8006dbf04156,盂蘭盆經,Classic,0,0,1,1,2,2,2,2,0.0007843958293060005,0.0007993616622553701,368.91428571428366,2,18,9,0.5,2,2,classic_text;thought_doctrine,1.0,,0.8878923766816144,0.7802690582959642,0.9161995515695067,0.6869674887892379,391,201,393,224
ent_791196640911,六祖壇經,Classic,0,0,2,1,3,3,3,4,0.0007837070743722193,0.00012445052469474172,331.12261904761743,2,2,153,0.4444444444444444,2,2,classic_text;thought_doctrine,0.9999999999999998,,0.8873318385650224,0.7387892376681614,0.8646300448430493,0.6549047085201793,286,202,467,275
ent_43d4f2a62538,北方邦義診活動,PracticeActivity,1,1,0,2,2,2,2,2,0.0007780380345171097,0.0008038256308961114,285.6269841269816,1,1,235,0.0,1,1,propagation_organization,0.0,200.0,0.8867713004484304,0.804372197309417,0.39181614349775784,0.4892937219730942,391,203,315,508
ent_e819b0db87f6,禪心,DoctrineTerm,769,406,2,2,4,5,5,5,0.0007762057356303341,0.0011048299798390134,355.43809523809284,2,3,153,0.31999999999999984,1,1,thought_doctrine,0.8112781244591328,0.6501950585175552,0.8862107623318386,0.8576233183856502,0.8116591928251121,0.6365470852017938,215,204,255,307
ent_c28fd265d099,彌勒,BuddhistFigure,1719,678,5,2,7,7,10,10,0.0007748022706142608,0.0024598906424011385,372.5261904761877,4,2,153,0.0,5,3,classic_text;practice;propagation_organization,0.9751060324573735,0.4072134962187318,0.8839686098654709,0.9204035874439462,0.39181614349775784,0.6557062780269058,134,205,143,272
ent_9187a2f6874a,馬尼拉禪淨中心,Institution,5,5,0,2,2,2,2,2,0.0007748022706142608,6.29464080576438e-07,2.0,1,52,3,0.0,1,1,propagation_organization,1.0,40.0,0.8839686098654709,0.6611547085201793,0.39181614349775784,0.4320067264573991,391,205,595,619
ent_984d3a6913df,國際佛光青年會議,PracticeActivity,48,41,0,2,2,2,2,2,0.0007748022706142608,6.29464080576438e-07,2.0,1,57,3,0.0,1,1,propagation_organization,1.0,4.166666666666667,0.8839686098654709,0.6611547085201793,0.39181614349775784,0.4320067264573991,391,205,595,619
ent_072717cc3e10,淨慈寺,Institution,35,27,0,2,2,2,2,2,0.0007748022706142608,6.29464080576438e-07,2.0,1,59,3,0.0,1,1,propagation_organization,0.0,5.714285714285714,0.8839686098654709,0.6611547085201793,0.39181614349775784,0.4320067264573991,391,205,595,619
ent_71f99b9560d6,寶覺佛學研究社,Institution,2,2,0,2,2,2,2,2,0.0007748022706142608,6.29464080576438e-07,2.0,1,60,3,0.0,1,1,propagation_organization,0.0,100.0,0.8839686098654709,0.6611547085201793,0.39181614349775784,0.4320067264573991,391,205,595,619
ent_3d7f4ae2eb08,淨土法門,PracticeActivity,313,180,0,2,2,2,2,2,0.0007748022706142608,6.29464080576438e-07,2.0,1,62,3,0.0,1,1,practice,1.0,0.6389776357827476,0.8839686098654709,0.6611547085201793,0.39181614349775784,0.4320067264573991,391,205,595,619
ent_01e4d9c26b45,佛学讲座,PracticeActivity,0,0,0,2,2,2,2,2,0.0007748022706142608,6.29464080576438e-07,2.0,1,65,3,0.0,1,1,propagation_organization,0.0,,0.8839686098654709,0.6611547085201793,0.39181614349775784,0.4320067264573991,391,205,595,619
ent_29c863dd97d1,一心,DoctrineTerm,2059,1336,5,3,8,9,10,12,0.0007725327455240817,0.0028233049460065695,342.12817460317274,3,11,22,0.56,5,2,propagation_organization;thought_doctrine,0.8613531161467861,0.4371053909664886,0.8817264573991032,0.9282511210762332,0.9503923766816144,0.7864181614349777,115,212,129,90
ent_df5f0e541e60,叢林,Institution,6196,2328,3,3,6,6,6,7,0.0007682993927833683,0.0037256823354866564,310.0670634920612,2,14,15,0.2777777777777777,3,2,other_domain;propagation_organization,0.8962406251802889,0.09683666881859264,0.8811659192825112,0.9445067264573991,0.8035313901345291,0.7288621076233184,154,213,100,157
ent_06d4a3cbfa45,未來,DoctrineTerm,9895,4233,0,2,2,2,2,2,0.0007679543016027117,2.9854585039164072e-05,334.8984126984108,2,2,153,0.5,1,1,thought_doctrine,1.0,0.0202122283981809,0.8806053811659192,0.7057174887892377,0.9161995515695067,0.6071468609865471,391,214,526,357
ent_9298d3df3118,學術會議,PracticeActivity,436,263,0,4,4,4,4,4,0.0007563214411830699,0.0008902605690261642,361.7353174603152,3,4,150,0.375,1,1,propagation_organization,0.0,0.9174311926605505,0.8800448430493274,0.8408071748878924,0.8321188340807175,0.6359585201793723,215,215,285,309
ent_a0e334f1807a,朝山,PracticeActivity,15,8,1,3,3,4,4,6,0.0007532464678279427,7.309507610904198e-05,368.7309523809498,3,5,111,0.375,3,3,practice;propagation_organization;thought_doctrine,0.9182958340544894,26.666666666666668,0.8794843049327354,0.7315022421524664,0.8321188340807175,0.6922365470852018,286,216,480,214
ent_56b75cacf3e1,行住坐臥,Concept,533,455,1,5,5,6,7,9,0.000750252272351667,0.0003818144536074496,354.71031746031514,4,2,153,0.6122448979591837,4,1,thought_doctrine,0.9709505944546688,1.125703564727955,0.8789237668161435,0.7668161434977578,0.9627242152466368,0.6755437219730942,184,217,417,239
ent_0039c8661a80,善緣,Concept,2557,1624,1,3,4,4,4,4,0.0007404885774528065,0.0014591853454336767,409.7071428571393,3,1,235,0.375,2,2,propagation_organization;thought_doctrine,1.0,0.15643332029722332,0.8783632286995515,0.867152466367713,0.8321188340807175,0.6964966367713006,215,218,238,207
ent_c32cdc25f201,不退轉,Concept,314,210,0,1,1,1,1,1,0.0007384329523357628,0.0,1.5,1,44,3,0.0,1,1,thought_doctrine,0.0,0.3184713375796178,0.8769618834080718,0.3276345291479821,0.39181614349775784,0.2985986547085202,648,219,617,655
ent_3dd1647c8509,仁王護國法會,PracticeActivity,5,5,0,1,1,1,1,1,0.0007384329523357628,0.0,1.5,1,54,3,0.0,1,1,propagation_organization,0.0,20.0,0.8769618834080718,0.3276345291479821,0.39181614349775784,0.2985986547085202,648,219,617,655
ent_d97f31957270,白馬寺,Institution,0,0,0,1,1,1,1,1,0.0007384329523357628,0.0,1.5,1,50,3,0.0,1,1,thought_doctrine,0.0,,0.8769618834080718,0.3276345291479821,0.39181614349775784,0.2985986547085202,648,219,617,655
ent_04f330eb6e22,基隆,PlaceRealm,7,6,0,1,1,1,1,1,0.0007384329523357628,0.0,1.5,1,63,3,0.0,1,1,propagation_organization,0.0,14.285714285714286,0.8769618834080718,0.3276345291479821,0.39181614349775784,0.2985986547085202,648,219,617,655
ent_07f0f2150f5b,無遮大會,PracticeActivity,93,67,0,3,3,3,3,4,0.0007341366984272511,0.0024089590363660283,237.7670634920599,1,23,6,0.0,2,2,propagation_organization;thought_doctrine,0.9999999999999998,3.225806451612903,0.875560538116592,0.9131165919282511,0.39181614349775784,0.5827914798206278,286,223,155,382
ent_d609de98dd25,佛光淨土,Concept,0,0,0,2,2,2,2,2,0.0007249222660968375,1.6391301827208036e-05,373.2007936507911,2,1,235,0.0,2,1,thought_doctrine,1.0,,0.875,0.6973094170403588,0.39181614349775784,0.4564686098654709,391,224,541,568
ent_9be34f524877,和合眾,Group,48,47,0,1,1,2,2,2,0.0007206037432560582,0.0,240.10357142856722,1,5,111,0.0,1,1,thought_doctrine,0.0,4.166666666666667,0.874439461883408,0.3276345291479821,0.39181614349775784,0.2985986547085202,648,225,617,655
ent_02c6d3151af2,六方禮,Concept,7,6,0,3,3,3,3,3,0.0007191288731696245,9.441961208646571e-07,359.12857142856944,2,2,153,0.0,3,3,practice;propagation_organization;thought_doctrine,0.9182958340544894,42.857142857142854,0.8738789237668162,0.6687219730941704,0.39181614349775784,0.5350336322869955,286,226,592,433
ent_883dba211288,參禪,DoctrineTerm,2355,1141,0,4,4,4,4,5,0.0007172624433561226,0.0008582672987111207,368.36666666666434,3,6,77,0.375,2,2,practice;propagation_organization,0.946394630357186,0.16985138004246284,0.8733183856502242,0.8346412556053812,0.8321188340807175,0.6834921524663677,215,227,296,228
ent_c9934fd07be9,阿難,DoctrineTerm,1714,486,0,1,1,1,1,1,0.0007163292917431298,0.0,205.92305194804928,1,14,15,0.0,1,1,thought_doctrine,0.0,0.058343057176196034,0.8727578475336323,0.3276345291479821,0.39181614349775784,0.2985986547085202,648,228,617,655
ent_fe2e6dd8a03a,佛教專業人才,Group,3,3,0,1,1,1,3,3,0.0007160266732264437,0.0,311.8591269841252,1,4,150,0.0,1,1,other_domain,0.0,33.333333333333336,0.8721973094170403,0.3276345291479821,0.39181614349775784,0.2985986547085202,648,229,617,655
ent_ea91ad328368,成就,DoctrineTerm,10241,4746,3,2,5,5,5,5,0.0007139901211063663,0.0008556964429824019,354.36428571428337,4,2,153,0.56,2,2,practice;thought_doctrine,0.8649735207179272,0.048823357094033785,0.8716367713004485,0.8329596412556054,0.9503923766816144,0.7183015695067265,184,230,299,172
ent_613619ddfbdf,波羅蜜,DoctrineTerm,300,175,0,4,4,4,4,4,0.0007126220552957831,5.622476880567372e-05,329.90198412698214,3,3,153,0.375,3,2,practice;thought_doctrine,0.946394630357186,1.3333333333333333,0.8710762331838565,0.7214125560538116,0.8321188340807175,0.6482006726457399,215,231,498,288
ent_23cc1557ed5d,八識,DoctrineTerm,330,149,0,2,2,2,2,2,0.0006936075632504972,5.864108070042724e-06,253.21428571428166,2,7,59,0.0,2,2,propagation_organization;thought_doctrine,1.0,0.6060606060606061,0.8705156950672646,0.6832959641255605,0.39181614349775784,0.49086322869955157,391,232,566,506
ent_3f768201aa6d,逆增上緣,DoctrineTerm,216,177,0,1,1,1,1,1,0.0006889082741696295,0.0,250.98809523809143,1,6,77,0.0,1,1,thought_doctrine,0.0,0.46296296296296297,0.8699551569506726,0.3276345291479821,0.39181614349775784,0.2985986547085202,648,233,617,655
ent_480d2bcf1b5e,台北道場,Institution,1132,518,6,4,10,10,11,11,0.000686615780799164,0.005497891116378527,390.09761904761615,4,4,150,0.2975206611570247,4,2,other_domain;propagation_organization,0.9349775297671233,0.8833922261484098,0.8693946188340808,0.9652466367713004,0.8071748878923767,0.7482511210762333,82,234,63,131
ent_53b12987dab9,不請之友,Concept,307,204,1,3,4,5,11,14,0.000683602446635904,9.04085247494371e-05,386.8761904761876,4,15,10,0.4297520661157025,3,2,propagation_organization;thought_doctrine,1.0,1.6286644951140066,0.8688340807174888,0.7331838565022422,0.8480941704035875,0.6577017937219731,215,235,477,269
ent_4a2ef8a8e8c5,信受奉行,PracticeActivity,206,161,3,3,6,7,9,9,0.0006828116890625001,0.0012384720438244367,392.50476190475837,4,8,58,0.6172839506172839,3,2,practice;thought_doctrine,0.9591479170272448,3.3980582524271843,0.8682735426008968,0.859304932735426,0.9658071748878924,0.7434641255605381,154,236,252,139
ent_b6a37c43e816,菩薩戒,Concept,803,382,4,5,9,9,12,12,0.0006819833249010683,0.002380398468031288,412.6023809523772,3,13,16,0.5277777777777778,5,2,propagation_organization;thought_doctrine,0.8288713632524444,1.1207970112079702,0.8677130044843049,0.9097533632286996,0.9405829596412556,0.7760762331838567,97,237,162,101
ent_b6dc0ddf5649,十二緣起,DoctrineTerm,0,0,0,2,2,2,2,2,0.0006813480201474088,0.0008038256308961114,247.95476190475782,1,24,5,0.0,2,2,propagation_organization;thought_doctrine,1.0,,0.866872197309417,0.804372197309417,0.39181614349775784,0.5392937219730942,391,238,315,415
ent_17bb4aed0f57,叢林道場,Institution,114,91,0,2,2,2,2,2,0.0006813480201474088,0.0008038256308961114,224.24610389610035,1,14,15,0.0,1,1,propagation_organization,0.0,1.7543859649122806,0.866872197309417,0.804372197309417,0.39181614349775784,0.4892937219730942,391,238,315,508
ent_11217872aabc,福慧,DoctrineTerm,19,14,0,2,2,2,3,3,0.0006774009074505039,2.4981362607341465e-05,338.7269841269823,2,2,153,0.4444444444444444,2,2,practice;thought_doctrine,1.0,10.526315789473685,0.8660313901345291,0.7017937219730942,0.8646300448430493,0.6401065022421526,391,240,533,299
ent_a0277c16bbd2,修道,PracticeActivity,2445,1474,2,2,4,4,4,4,0.0006752864671009925,0.0006782402813063128,366.9452380952357,2,13,16,0.625,3,2,practice;thought_doctrine,0.946394630357186,0.16359918200409,0.8654708520179372,0.7774663677130045,0.9697309417040358,0.7119058295964127,215,241,398,181
ent_361a3ebcb152,畢陵伽婆蹉,Concept,27,11,0,1,1,1,1,1,0.0006724383810226519,0.0,238.77857142856732,1,34,4,0.0,1,1,thought_doctrine,0.0,3.7037037037037037,0.8646300448430493,0.3276345291479821,0.39181614349775784,0.2985986547085202,648,242,617,655
ent_93455991f6ce,那伽波羅,Concept,8,2,0,1,1,1,1,1,0.0006724383810226519,0.0,238.77857142856732,1,34,4,0.0,1,1,thought_doctrine,0.0,12.5,0.8646300448430493,0.3276345291479821,0.39181614349775784,0.2985986547085202,648,242,617,655
ent_3e388eaf9498,隨緣不變,Concept,94,76,0,1,1,1,1,1,0.0006698514770911281,0.0,286.29007936507685,1,11,22,0.0,1,1,thought_doctrine,0.0,1.0638297872340425,0.8637892376681614,0.3276345291479821,0.39181614349775784,0.2985986547085202,648,244,617,655
ent_f624bb0397f1,世界和平祈願法會,PracticeActivity,3,3,0,2,2,2,2,2,0.0006662683561199621,0.0008038256308961114,293.5896825396805,1,12,20,0.0,1,1,propagation_organization,0.0,66.66666666666667,0.8632286995515696,0.804372197309417,0.39181614349775784,0.4892937219730942,391,245,315,508
ent_e26bec9c3bd3,執著,DoctrineTerm,3786,2022,5,2,7,7,8,8,0.0006645315568286518,0.0026397487432903415,340.39841269841054,3,3,153,0.21875,5,2,practice;thought_doctrine,0.7248340915057598,0.184891706286318,0.8626681614349776,0.922645739910314,0.7909192825112108,0.736334080717489,134,246,139,147
ent_37d5a7356314,人生雜誌,Classic,1,1,0,2,2,2,2,2,0.0006634564649147792,6.112153349813812e-06,305.3749999999982,2,1,235,0.0,1,1,classic_text,1.0,200.0,0.8621076233183856,0.6844170403587444,0.39181614349775784,0.4413116591928251,391,247,564,602
ent_2d5376f10708,公平,Concept,1,1,0,1,1,1,1,1,0.0006633450679767239,0.0,298.14126984126784,1,1,235,0.0,1,1,thought_doctrine,0.0,100.0,0.8615470852017937,0.3276345291479821,0.39181614349775784,0.2985986547085202,648,248,617,655
ent_7b593d6cedd8,教化,PracticeActivity,2908,1555,3,3,6,6,6,6,0.0006606801556708439,0.0014380431595202115,406.9690476190441,5,5,111,0.7777777777777778,2,2,practice;thought_doctrine,0.9999999999999998,0.2063273727647868,0.8609865470852018,0.8660313901345291,0.9991591928251121,0.7461603139013453,154,249,240,136
ent_3f3422049233,有為,DoctrineTerm,1275,897,0,3,3,3,3,3,0.000660647846972634,0.0006642272605279103,306.87341269841073,2,11,22,0.4444444444444444,2,1,thought_doctrine,0.9182958340544894,0.23529411764705882,0.8604260089686099,0.7769058295964125,0.8646300448430493,0.6301513452914799,286,250,399,315
ent_878ea185a076,念阿彌陀佛,PracticeActivity,158,112,16,4,20,26,39,50,0.0006595854244754911,0.00987120001105939,428.311904761901,5,6,77,0.46679815910585143,4,3,classic_text;practice;thought_doctrine,0.8998223655280475,16.455696202531644,0.8598654708520179,0.9854260089686099,0.8850896860986547,0.8196973094170404,24,251,27,49
ent_05e9c39da8a4,五戒,DoctrineTerm,3061,1162,5,4,9,9,9,10,0.0006589600412681987,0.005870078627426799,433.0904761904721,6,6,77,0.7654320987654322,6,3,practice;propagation_organization;thought_doctrine,0.946265187221801,0.29402156158118264,0.859304932735426,0.9697309417040358,0.9983183856502242,0.8673878923766816,97,252,55,26
ent_5e277905d477,平等性,DoctrineTerm,191,150,0,2,2,2,2,2,0.0006580593330007261,7.994859205423579e-06,345.60595238095027,2,9,56,0.5,1,1,thought_doctrine,1.0,1.0471204188481675,0.8587443946188341,0.6894618834080718,0.9161995515695067,0.6006446188340808,391,253,555,364
ent_45e7c3f3e424,般若心經,Classic,0,0,6,3,9,9,13,17,0.0006566030548864565,0.0051442444996080226,407.15952380952075,3,3,153,0.2603550295857988,2,2,classic_text;thought_doctrine,0.886682880001534,,0.8579035874439462,0.9618834080717489,0.8001681614349776,0.7248038116591928,97,254,69,164
ent_dd9009d7b1c1,禪淨共修,PracticeActivity,0,0,0,3,3,3,3,3,0.0006566030548864565,0.0009990085971399551,374.6841269841244,2,3,153,0.4444444444444444,2,2,practice;propagation_organization,0.9182958340544894,,0.8579035874439462,0.8525784753363229,0.8646300448430493,0.700420403587444,286,254,264,199
ent_d2c928bc7563,四無量心,DoctrineTerm,346,246,2,2,4,4,4,4,0.0006562044229918812,0.0009430009441068016,349.3976190476166,3,3,153,0.375,3,2,other_domain;thought_doctrine,0.946394630357186,1.1560693641618498,0.8570627802690582,0.8480941704035875,0.8321188340807175,0.6988733183856504,215,256,272,204
ent_d825e29eb50c,華嚴大學,Institution,38,30,1,2,3,3,3,5,0.0006528055540532318,3.14732040288219e-06,3.5,1,27,5,0.0,2,1,propagation_organization,0.9182958340544894,7.894736842105263,0.8556614349775785,0.6788116591928252,0.39181614349775784,0.4490695067264574,286,257,574,587
ent_afd3fd19713f,燃燈佛,BuddhistFigure,0,0,0,2,2,2,2,2,0.0006528055540532318,0.0008038256308961112,277.0202380952353,1,2,153,0.0,1,1,classic_text,0.0,,0.8556614349775785,0.7836322869955157,0.39181614349775784,0.4809977578475336,391,257,386,544
ent_5c1809b1c44a,黃檗山萬福寺,Institution,24,18,0,2,2,2,2,3,0.0006528055540532318,1.258928161152876e-06,2.5,1,31,4,0.0,1,1,propagation_organization,0.0,8.333333333333334,0.8556614349775785,0.67152466367713,0.39181614349775784,0.43615470852017935,391,257,583,612
ent_2bc939f0827b,天竺寺,Institution,56,29,0,2,2,2,2,2,0.0006528055540532318,1.258928161152876e-06,2.5,1,42,4,0.0,1,1,propagation_organization,0.0,3.5714285714285716,0.8556614349775785,0.67152466367713,0.39181614349775784,0.43615470852017935,391,257,583,612
ent_3b525200d7d1,同體,Concept,905,585,0,1,1,1,1,1,0.0006459331424915124,0.0,246.71507936507518,1,9,56,0.0,1,1,thought_doctrine,0.0,0.11049723756906077,0.8542600896860987,0.3276345291479821,0.39181614349775784,0.2985986547085202,648,261,617,655
ent_0a284a95374c,西方淨土,PlaceRealm,0,0,0,3,3,3,4,5,0.0006384484945941936,2.9378186004658584e-05,320.79246031745845,3,6,77,0.0,1,1,practice,0.9182958340544894,,0.8536995515695067,0.7051569506726457,0.39181614349775784,0.44960762331838566,286,262,527,585
ent_20798fe66615,三昧,DoctrineTerm,0,0,0,1,1,1,1,1,0.0006346208949139828,0.0,1.8333333333333333,1,32,4,0.0,1,1,thought_doctrine,0.0,,0.852017937219731,0.3276345291479821,0.39181614349775784,0.2985986547085202,648,263,617,655
ent_81aab1462ff6,印度文化研究所,Institution,0,0,0,1,1,1,1,1,0.0006346208949139828,0.0,1.8333333333333333,1,39,4,0.0,1,1,propagation_organization,0.0,,0.852017937219731,0.3276345291479821,0.39181614349775784,0.2985986547085202,648,263,617,655
ent_986718966efd,傳燈百萬徵文比賽頒獎典禮,PracticeActivity,0,0,0,1,1,1,1,1,0.0006346208949139828,0.0,173.48127705627596,1,38,4,0.0,1,1,propagation_organization,0.0,,0.852017937219731,0.3276345291479821,0.39181614349775784,0.2985986547085202,648,263,617,655
ent_d52b93571691,器官捐贈活動,PracticeActivity,2,2,0,1,1,1,1,1,0.0006346208949139828,0.0,225.6211038961005,1,4,150,0.0,1,1,propagation_organization,0.0,50.0,0.852017937219731,0.3276345291479821,0.39181614349775784,0.2985986547085202,648,263,617,655
ent_731f93911c50,青少年學子,Group,1,1,0,1,1,1,1,1,0.0006346208949139828,0.0,195.55039682539444,1,2,153,0.0,1,1,propagation_organization,0.0,100.0,0.852017937219731,0.3276345291479821,0.39181614349775784,0.2985986547085202,648,263,617,655
ent_a500eb53de91,緣起法,DoctrineTerm,0,0,0,1,1,1,1,1,0.0006337967660712757,0.0,319.7309523809504,1,9,56,0.0,1,1,thought_doctrine,0.0,,0.8503363228699552,0.3276345291479821,0.39181614349775784,0.2985986547085202,648,268,617,655
ent_5978c591cada,星雲大師,Person,0,0,104,2,105,127,144,167,0.000633340236921379,0.09755278714673199,551.985714285712,6,1,235,0.6756365740740742,8,5,classic_text;other_domain;practice;propagation_organization;thought_doctrine,0.8589252327329419,,0.8497757847533632,1.0,0.9859865470852018,0.9757959641255607,1,269,1,1
ent_7eaacc3af8fc,佛像,RitualObject,0,0,0,1,1,1,1,1,0.0006269097111319913,0.0,178.3612914862903,1,6,77,0.0,1,1,thought_doctrine,0.0,,0.8492152466367713,0.3276345291479821,0.39181614349775784,0.2985986547085202,648,270,617,655
ent_d226ef15b80a,佛心,DoctrineTerm,818,579,2,2,4,5,5,5,0.0006250536110456744,0.001635133844694854,352.8976190476169,2,1,235,0.56,1,1,thought_doctrine,0.0,0.6112469437652812,0.8486547085201793,0.8890134529147982,0.9503923766816144,0.6907230941704037,215,271,199,220
ent_e6b0a74e0ebd,隨其心淨,Concept,118,103,0,2,2,2,3,3,0.0006246991972588712,0.0008038256308961115,294.2460317460295,1,15,10,0.0,2,1,thought_doctrine,1.0,1.694915254237288,0.8480941704035875,0.8251121076233184,0.39181614349775784,0.5075896860986547,391,272,312,465
ent_d2643ba556d3,曼谷,PlaceRealm,308,130,0,2,2,2,2,3,0.0006235494554695986,0.0008038256308961114,284.0912698412671,1,4,150,0.0,1,1,propagation_organization,1.0,0.6493506493506493,0.8475336322869955,0.804372197309417,0.39181614349775784,0.4892937219730942,391,273,315,508
ent_56efbd40301e,見性,DoctrineTerm,706,438,1,1,2,2,2,2,0.0006203876691312917,3.563263938330623e-05,315.2043650793632,2,2,153,0.0,2,1,thought_doctrine,1.0,0.28328611898017,0.8469730941704036,0.7113228699551569,0.39181614349775784,0.46207399103139013,391,274,516,560
ent_b408c21441f1,美國,PlaceRealm,8514,2290,0,3,3,3,3,3,0.0006191011839648469,0.0016180843476213715,334.6615079365058,2,4,150,0.4444444444444444,1,1,propagation_organization,0.9999999999999998,0.035236081747709654,0.8464125560538116,0.8862107623318386,0.8646300448430493,0.6638733183856502,286,275,204,256
ent_b440551c51d6,心真如門,DoctrineTerm,0,0,2,3,5,5,8,8,0.0006184868769966581,0.001736082510901668,333.32936507936296,3,11,22,0.21875,2,1,thought_doctrine,0.0,,0.8455717488789237,0.8934977578475336,0.7909192825112108,0.6546748878923767,184,276,191,277
ent_60e6839f67f5,心生滅門,DoctrineTerm,63,35,0,3,3,3,6,6,0.0006184868769966581,6.701003555566912e-05,276.5849206349177,2,11,22,0.0,1,1,thought_doctrine,0.0,4.761904761904762,0.8455717488789237,0.7275784753363229,0.39181614349775784,0.45857623318385654,286,276,487,565
ent_e0b734c12d0d,人我,DoctrineTerm,2983,1763,1,1,2,2,2,2,0.0006165772214182636,2.5061022438791977e-05,299.52103174602945,2,3,153,0.0,2,1,thought_doctrine,0.0,0.0670465973851827,0.8447309417040358,0.702354260089686,0.39181614349775784,0.45848654708520176,391,278,532,566
ent_e79c74714a28,禪坐,PracticeActivity,0,0,1,2,3,3,3,3,0.0006148283302819237,0.0008038256308961114,361.56865079364843,2,4,150,0.4444444444444444,3,2,practice;propagation_organization,0.9182958340544894,,0.844170403587444,0.804372197309417,0.8646300448430493,0.6911378923766816,286,279,315,219
ent_3f29c09ead57,念佛三昧,PracticeActivity,0,0,1,3,4,4,4,4,0.0006121399818662223,0.00402540257173362,319.66031746031535,2,8,58,0.0,1,1,practice,0.946394630357186,,0.843329596412556,0.9512331838565022,0.39181614349775784,0.5480381165919282,215,280,88,409
ent_f86c607e1bb0,五會念佛,PracticeActivity,0,0,0,2,2,2,2,2,0.0006121399818662223,0.0008038256308961114,211.70205627705323,1,8,58,0.0,1,1,practice,0.0,,0.843329596412556,0.804372197309417,0.39181614349775784,0.4892937219730942,391,280,315,508
ent_e41ec4fb61e4,念佛,PracticeActivity,0,0,9,4,13,15,25,28,0.0006117617034795283,0.003115880244081385,351.41190476190286,5,6,77,0.21760000000000002,2,2,practice;propagation_organization,0.9553989609841032,,0.8424887892376681,0.9310538116591929,0.7892376681614349,0.7091928251121078,54,282,124,186
ent_4eee776ce0b0,中有,DoctrineTerm,4061,2393,0,1,1,1,1,1,0.0006064113293859128,0.0,226.81269841269508,1,16,9,0.0,1,1,thought_doctrine,0.0,0.02462447672986949,0.8419282511210763,0.3276345291479821,0.39181614349775784,0.2985986547085202,648,283,617,655
ent_f6e6073bcd93,十如是,Concept,78,30,0,2,2,2,2,2,0.0005994213524006146,3.994581763076312e-05,310.22976190475964,2,8,58,0.5,1,1,thought_doctrine,1.0,2.5641025641025643,0.8413677130044843,0.7141255605381166,0.9161995515695067,0.6105100896860987,391,284,511,350
ent_f30880e05340,女人,Group,2110,678,0,1,1,1,1,1,0.0005991540823136537,0.0,238.24722222221826,1,5,111,0.0,1,1,thought_doctrine,0.0,0.04739336492890995,0.8408071748878924,0.3276345291479821,0.39181614349775784,0.2985986547085202,648,285,617,655
ent_d8962e75204c,長安,PlaceRealm,581,315,0,3,3,3,4,5,0.0005955264423514658,0.0017671855061624142,283.9261904761876,2,7,59,0.375,1,1,propagation_organization,0.9182958340544894,0.5163511187607573,0.8402466367713004,0.8951793721973094,0.8321188340807175,0.657707399103139,286,286,188,268
ent_5b942c31ca5d,四攝法,DoctrineTerm,298,191,1,3,4,4,4,4,0.00059478304612145,0.00018497940734330686,342.6166666666646,4,3,153,0.375,3,2,practice;thought_doctrine,0.946394630357186,1.342281879194631,0.8396860986547086,0.7556053811659192,0.8321188340807175,0.6618778026905829,215,287,437,262
ent_f07e7e4ea771,開悟,PracticeActivity,2192,1094,1,1,2,2,2,2,0.0005946369151883232,5.4835519139862425e-05,334.91746031745845,2,3,153,0.5,2,2,propagation_organization;thought_doctrine,1.0,0.09124087591240876,0.8391255605381166,0.7208520179372198,0.9161995515695067,0.66320067264574,391,288,499,258
ent_cb49c90868ea,無生,DoctrineTerm,482,291,1,2,3,3,3,3,0.0005944100033869514,0.000867347128292637,309.9555555555534,2,9,56,0.4444444444444444,2,1,thought_doctrine,0.0,0.6224066390041494,0.8385650224215246,0.8368834080717489,0.8646300448430493,0.6541423766816143,286,289,292,278
ent_212bb3d0a97a,福嚴精舍,Institution,25,22,0,2,2,2,2,2,0.0005918071957727174,0.0008038256308961114,240.01150793650388,1,25,5,0.0,1,1,propagation_organization,0.0,8.0,0.8380044843049327,0.804372197309417,0.39181614349775784,0.4892937219730942,391,290,315,508
ent_dd99b018772f,阿羅漢果,DoctrineTerm,240,174,0,1,1,1,1,1,0.00059169084258678,0.0,266.1361111111077,1,3,153,0.0,1,1,thought_doctrine,0.0,0.4166666666666667,0.8374439461883408,0.3276345291479821,0.39181614349775784,0.2985986547085202,648,291,617,655
ent_e9af5e3ffab7,菩薩道的實踐,PracticeActivity,62,50,4,2,6,6,6,7,0.0005894834688321179,0.001014764488605684,337.39285714285506,4,3,153,0.2777777777777777,3,2,practice;thought_doctrine,0.6500224216483541,9.67741935483871,0.8368834080717489,0.8531390134529148,0.8035313901345291,0.6923150224215247,154,292,263,213
ent_73606555ca8d,利和同均,DoctrineTerm,1,1,0,1,1,1,1,1,0.0005879119197146262,0.0,279.5857142857118,1,2,153,0.0,1,1,propagation_organization,0.0,100.0,0.8363228699551569,0.3276345291479821,0.39181614349775784,0.2985986547085202,648,293,617,655
ent_c2f8430eb026,十大受,DoctrineTerm,1,1,1,2,3,3,3,3,0.0005872657541935569,0.0016070217977116462,300.5448412698395,1,16,9,0.0,2,2,practice;thought_doctrine,0.9999999999999998,300.0,0.8357623318385651,0.8811659192825112,0.39181614349775784,0.5700112107623319,286,294,206,389
ent_9b8df20182d8,供僧法會,PracticeActivity,209,132,1,4,5,5,5,5,0.000584740019743752,0.005023094184204167,373.8309523809498,2,18,9,0.56,2,2,propagation_organization;thought_doctrine,0.7219280948873623,2.3923444976076556,0.8352017937219731,0.9607623318385651,0.9503923766816144,0.7694226457399105,184,295,71,106
ent_3515cb3ff489,佛光山信徒身心環保淨化法會,PracticeActivity,9,9,0,2,2,2,2,2,0.0005835149863304556,3.2704504451373615e-05,357.7353174603152,2,4,150,0.0,1,1,propagation_organization,0.0,22.22222222222222,0.8346412556053812,0.7085201793721974,0.39181614349775784,0.4509529147982063,391,296,521,582
ent_09c32cd39d29,四種禪,DoctrineTerm,7,5,0,1,1,1,1,1,0.0005827148662030929,0.0,216.01388888888562,1,6,77,0.0,1,1,thought_doctrine,0.0,14.285714285714286,0.8338004484304933,0.3276345291479821,0.39181614349775784,0.2985986547085202,648,297,617,655
ent_e0665fc12254,德國分會,Institution,3,2,0,1,1,1,1,1,0.0005827148662030929,0.0,175.7800865800856,1,29,5,0.0,1,1,propagation_organization,0.0,33.333333333333336,0.8338004484304933,0.3276345291479821,0.39181614349775784,0.2985986547085202,648,297,617,655
ent_da008e17d32d,女眾,Group,9,8,1,1,2,2,2,2,0.0005814247697298307,6.667755269370183e-05,289.62341269841005,2,13,16,0.5,2,2,other_domain;practice,1.0,22.22222222222222,0.8329596412556054,0.727017937219731,0.9161995515695067,0.6656670403587444,391,299,488,252
ent_21e374833d13,業感緣起,DoctrineTerm,0,0,0,2,2,2,2,2,0.0005796075241166145,0.0008038256308961114,282.7690476190453,1,1,235,0.0,1,1,thought_doctrine,0.0,,0.8323991031390134,0.804372197309417,0.39181614349775784,0.4892937219730942,391,300,315,508
ent_c1901fb73311,在家,PracticeActivity,5742,2461,0,2,2,2,2,2,0.0005777540173755371,0.0008038256308961115,294.2460317460295,1,15,10,0.0,1,1,thought_doctrine,0.0,0.034831069313827935,0.8318385650224215,0.8251121076233184,0.39181614349775784,0.4975896860986547,391,301,312,500
ent_2831655ae130,農禪生活,PracticeActivity,81,65,0,2,2,2,2,3,0.0005759147086371885,0.0008038256308961114,314.72817460317304,1,6,77,0.0,1,1,practice,1.0,2.4691358024691357,0.8312780269058296,0.804372197309417,0.39181614349775784,0.4892937219730942,391,302,315,508
ent_3d760ca3cddb,佛陀本懷,Concept,0,0,0,3,3,4,4,6,0.0005746159706088023,0.0,413.292857142854,3,1,235,0.375,2,1,thought_doctrine,0.9999999999999998,,0.8307174887892377,0.3276345291479821,0.8321188340807175,0.4406894618834081,286,303,617,603
ent_644a3acec96e,福州,PlaceRealm,28,25,0,1,1,1,1,1,0.0005723336604609149,0.0,201.13935786435528,1,1,235,0.0,1,1,propagation_organization,0.0,3.5714285714285716,0.8301569506726457,0.3276345291479821,0.39181614349775784,0.2985986547085202,648,304,617,655
ent_07cdd4416751,宗教文化國際學術會議,PracticeActivity,14,13,0,2,2,2,2,2,0.0005714744096792126,0.0008038256308961114,230.80483405483048,1,10,42,0.0,1,1,propagation_organization,0.0,14.285714285714286,0.8295964125560538,0.804372197309417,0.39181614349775784,0.4892937219730942,391,305,315,508
ent_d42f67273395,佛光山梵唄讚頌團,Institution,229,126,0,3,3,3,3,3,0.0005694625430571501,0.0009499359269630652,374.31746031745774,2,4,150,0.4444444444444444,1,1,propagation_organization,0.9182958340544894,1.3100436681222707,0.8290358744394619,0.8497757847533632,0.8646300448430493,0.6492993273542601,286,306,269,286
ent_051f7ea6ad2c,轉法輪,Concept,230,157,0,3,3,3,3,3,0.0005686092074337223,0.00012820669372722704,389.14999999999714,3,2,153,0.4444444444444444,2,2,practice;thought_doctrine,0.9999999999999998,1.3043478260869565,0.82847533632287,0.7404708520179372,0.8646300448430493,0.6555773542600898,286,307,464,273
ent_a7dec1513ef3,佛祖,BuddhistFigure,0,0,0,2,2,2,2,2,0.000565056138846804,8.070969366481979e-06,324.97103174602995,2,9,56,0.5,1,1,thought_doctrine,0.0,,0.827914798206278,0.6900224215246636,0.9161995515695067,0.6008688340807176,391,308,554,363
ent_61b1246050d9,東土,PlaceRealm,253,222,0,2,2,2,2,2,0.0005646206847231467,0.00018901175831997831,375.25238095237785,2,6,77,0.5,2,1,propagation_organization,1.0,0.7905138339920948,0.827354260089686,0.7567264573991032,0.9161995515695067,0.6375504484304934,391,309,435,305
ent_b3b044550a72,比丘尼戒,DoctrineTerm,194,114,4,3,7,9,10,10,0.0005610203989076582,0.003443794936337222,416.35952380952034,3,2,153,0.6599999999999999,4,2,propagation_organization;thought_doctrine,0.9165164431996023,4.639175257731959,0.8267937219730942,0.9389013452914798,0.9784192825112108,0.7890863228699552,134,310,110,88
ent_619c32cc4275,玉佛,RitualObject,0,0,0,2,2,2,2,2,0.0005608084902295281,4.019146424132119e-05,314.7793650793632,2,1,235,0.5,1,1,practice,1.0,,0.8262331838565022,0.7146860986547086,0.9161995515695067,0.6107343049327355,391,311,510,349
ent_3ee1498cff0d,法語,DoctrineTerm,1746,1560,0,1,1,1,1,1,0.0005606871985713828,0.0,318.6198412698392,1,3,153,0.0,1,1,thought_doctrine,0.0,0.0572737686139748,0.8256726457399103,0.3276345291479821,0.39181614349775784,0.2985986547085202,648,312,617,655
ent_554461d3c9bf,勇猛精進,DoctrineTerm,161,127,0,1,1,1,1,1,0.0005604694253269972,0.0,220.08975468975132,1,4,150,0.0,1,1,practice,0.0,0.6211180124223602,0.8251121076233184,0.3276345291479821,0.39181614349775784,0.2985986547085202,648,313,617,655
ent_ab735cd03284,即心即佛,DoctrineTerm,0,0,1,2,3,3,3,3,0.0005593513035863799,0.002377654390344247,326.9507936507913,2,14,15,0.6666666666666667,2,2,propagation_organization;thought_doctrine,0.9999999999999998,,0.8245515695067265,0.9091928251121076,0.9826233183856502,0.7584641255605382,286,314,163,118
ent_cf194373989a,如來,BuddhistFigure,0,0,2,2,4,4,5,6,0.0005589066545989121,0.0008508229792099261,345.9630952380934,3,5,111,0.48,3,3,classic_text;practice;propagation_organization,0.946394630357186,,0.8239910313901345,0.8318385650224215,0.8876121076233184,0.7490190582959642,215,315,301,129
ent_c7eeabbd3b9b,善生,BuddhistFigure,235,100,2,2,4,4,4,4,0.0005572228980744336,0.001607021797711646,359.62857142856944,2,2,153,0.0,4,3,classic_text;practice;propagation_organization,1.0,1.702127659574468,0.8231502242152466,0.8766816143497758,0.39181614349775784,0.6282174887892377,215,316,221,320
ent_ae752f871ea7,夏安居,PracticeActivity,216,129,0,2,2,2,2,2,0.0005572228980744336,0.0008038256308961112,358.4619047619027,1,2,153,0.0,2,2,propagation_organization;thought_doctrine,1.0,0.9259259259259259,0.8231502242152466,0.7836322869955157,0.39181614349775784,0.5309977578475337,391,316,386,437
ent_6e0fff3bbf3e,理監事會議,PracticeActivity,71,61,0,2,2,2,2,2,0.0005565803930838426,1.1865397918865861e-05,320.48650793650626,2,10,42,0.0,1,1,propagation_organization,0.0,2.816901408450704,0.8223094170403588,0.695627802690583,0.39181614349775784,0.44579596412556055,391,318,544,593
ent_204dc8c4207b,六波羅蜜,DoctrineTerm,311,171,3,4,7,7,7,7,0.000554204395758567,0.001460573778061086,374.9809523809504,4,3,153,0.6938775510204083,4,3,other_domain;practice;thought_doctrine,0.9629610647945144,2.2508038585209005,0.8217488789237668,0.8677130044843049,0.9896300448430493,0.8039742152466368,134,319,237,64
ent_06f9eaf5c11f,社會公益活動,PracticeActivity,0,0,0,2,2,2,2,2,0.0005533446291809939,0.0008038256308961114,320.48650793650626,1,10,42,0.0,1,1,propagation_organization,0.0,,0.8211883408071748,0.804372197309417,0.39181614349775784,0.4892937219730942,391,320,315,508
ent_40bbfde3f6f6,人間福報,Institution,0,0,2,2,4,4,4,4,0.0005506186345928125,0.0008333824278986857,394.5380952380919,3,1,235,0.375,2,1,propagation_organization,0.946394630357186,,0.8197869955156951,0.8290358744394619,0.8321188340807175,0.6412500000000001,215,321,306,296
ent_cdf4b06f6ca6,人間衛視,Institution,0,0,0,2,2,2,2,3,0.0005506186345928125,0.0008038256308961114,357.43531746031516,1,4,150,0.0,2,2,propagation_organization;thought_doctrine,0.0,,0.8197869955156951,0.804372197309417,0.39181614349775784,0.5392937219730942,391,321,315,415
ent_b27cb3e4d236,國際禪學會議,PracticeActivity,47,41,1,2,2,3,3,3,0.0005506186345928125,0.0008038256308961114,357.43531746031516,1,4,150,0.0,2,1,propagation_organization,0.0,6.382978723404255,0.8197869955156951,0.804372197309417,0.39181614349775784,0.4992937219730942,391,321,315,475
ent_028281aa5164,弘法活動,PracticeActivity,323,231,0,2,2,2,2,3,0.0005506186345928125,0.0008038256308961114,357.4353174603151,1,4,150,0.0,1,1,propagation_organization,0.0,0.6191950464396285,0.8197869955156951,0.804372197309417,0.39181614349775784,0.4892937219730942,391,321,315,508
ent_bd7802e5447c,真常唯心,DoctrineTerm,1,1,0,1,1,1,1,1,0.0005499241091076383,0.0,261.25079365078994,1,11,22,0.0,1,1,thought_doctrine,0.0,100.0,0.8183856502242153,0.3276345291479821,0.39181614349775784,0.2985986547085202,648,325,617,655
ent_485a5d3c8a97,國家文化部舉辦的舞蹈比賽,PracticeActivity,0,0,0,1,1,1,1,1,0.0005476808149047455,0.0,275.49841269840977,1,4,150,0.0,1,1,propagation_organization,0.0,,0.8175448430493274,0.3276345291479821,0.39181614349775784,0.2985986547085202,648,326,617,655
ent_36339f090564,廣州,PlaceRealm,233,175,0,1,1,1,1,1,0.0005476808149047455,0.0,275.4984126984097,1,4,150,0.0,1,1,propagation_organization,0.0,0.4291845493562232,0.8175448430493274,0.3276345291479821,0.39181614349775784,0.2985986547085202,648,326,617,655
ent_a17c0cf56097,泰國,PlaceRealm,2170,677,0,2,2,2,2,2,0.000547208768594185,0.00017255673037650966,382.9357142857113,2,5,111,0.5,1,1,propagation_organization,1.0,0.09216589861751152,0.8167040358744395,0.7516816143497758,0.9161995515695067,0.6255325112107624,391,328,444,325
ent_8b29ff804a64,真佛子,Concept,33,16,0,1,1,1,1,1,0.0005437126683000807,0.0,294.8234126984104,1,3,153,0.0,1,1,thought_doctrine,0.0,3.0303030303030303,0.8155829596412556,0.3276345291479821,0.39181614349775784,0.2985986547085202,648,329,617,655
ent_2389736fdb79,分段生死,DoctrineTerm,74,37,0,1,1,1,1,1,0.0005437126683000807,0.0,294.8234126984104,1,3,153,0.0,1,1,thought_doctrine,0.0,1.3513513513513513,0.8155829596412556,0.3276345291479821,0.39181614349775784,0.2985986547085202,648,329,617,655
ent_58d51f295ca3,變易生死,DoctrineTerm,23,15,0,1,1,1,1,1,0.0005437126683000807,0.0,294.8234126984104,1,3,153,0.0,1,1,thought_doctrine,0.0,4.3478260869565215,0.8155829596412556,0.3276345291479821,0.39181614349775784,0.2985986547085202,648,329,617,655
ent_94f148d3945e,妙慧,BuddhistFigure,374,142,0,1,1,1,1,1,0.0005434112677609604,0.0,298.917857142855,1,5,111,0.0,1,1,practice,0.0,0.26737967914438504,0.8144618834080718,0.3276345291479821,0.39181614349775784,0.2985986547085202,648,332,617,655
ent_4e0c841f996e,逍遙自在,Concept,236,203,0,1,1,1,1,1,0.0005425348402676227,0.0,260.02738095237686,1,3,153,0.0,1,1,other_domain,0.0,0.423728813559322,0.8139013452914798,0.3276345291479821,0.39181614349775784,0.2985986547085202,648,333,617,655
ent_c80a0e3385f1,僧侶,Group,16,11,0,3,3,3,3,3,0.0005416303003453064,0.0018638038458067196,327.74603174602987,2,1,235,0.0,2,1,propagation_organization,0.9999999999999998,18.75,0.8133408071748879,0.897982062780269,0.39181614349775784,0.536737668161435,286,334,183,432
ent_32f181c73a4f,大善知識,DoctrineTerm,120,106,2,2,4,4,4,4,0.0005415225722504607,0.00047554013188282865,357.75238095237813,3,3,153,0.375,1,1,thought_doctrine,1.0,3.3333333333333335,0.8127802690582959,0.7724215246636771,0.8321188340807175,0.6086042600896862,215,335,407,355
ent_215069c2efd8,閩南佛學院,Institution,130,89,0,2,2,2,2,2,0.0005386795933993661,0.0008038256308961114,316.28650793650615,1,1,235,0.0,1,1,propagation_organization,1.0,1.5384615384615385,0.8122197309417041,0.804372197309417,0.39181614349775784,0.4892937219730942,391,336,315,508
ent_21203e6ee130,同體共生,Concept,0,0,0,3,3,3,3,3,0.0005373316324276375,0.00010623093775641949,390.8880952380926,3,1,235,0.4444444444444444,3,2,propagation_organization;thought_doctrine,0.9182958340544894,,0.8116591928251121,0.7365470852017937,0.8646300448430493,0.6640078475336324,286,337,471,255
ent_893acbefa942,壽山佛學院,Institution,333,206,1,2,3,3,3,3,0.0005346063383254274,0.0032096373468592575,373.6341269841244,1,26,5,0.4444444444444444,2,1,propagation_organization,0.9999999999999998,0.9009009009009009,0.8105381165919282,0.9335762331838565,0.8646300448430493,0.6928195067264574,286,338,119,212
ent_205dc9b662be,佛光祈願文,Classic,0,0,0,2,2,2,2,2,0.0005346063383254274,0.0008038256308961114,372.4674603174577,1,1,235,0.0,1,1,classic_text,1.0,,0.8105381165919282,0.804372197309417,0.39181614349775784,0.4892937219730942,391,338,315,508
ent_c046ae07c207,佛光診所,Institution,0,0,0,2,2,2,2,2,0.0005346063383254274,0.0008038256308961114,372.4674603174577,1,1,235,0.0,1,1,propagation_organization,1.0,,0.8105381165919282,0.804372197309417,0.39181614349775784,0.4892937219730942,391,338,315,508
ent_c3829e67adc5,總願,DoctrineTerm,18,16,0,2,2,2,2,2,0.0005317149807914463,8.965136403286835e-06,343.51666666666443,2,3,153,0.0,2,1,thought_doctrine,0.0,11.11111111111111,0.8094170403587444,0.6911434977578476,0.39181614349775784,0.45400224215246643,391,341,552,578
ent_1f6a9e7ed2ae,菩薩,BuddhistFigure,0,0,24,1,25,25,25,25,0.0005308088374922029,0.008937339340865696,418.51428571428124,6,3,153,0.5471999999999999,1,1,practice,0.6306747659192831,,0.7485986547085202,0.9820627802690582,0.9467488789237668,0.7268497757847534,18,342,33,160
ent_2149ab9c8707,淨土宗,SchoolTradition,0,0,5,1,6,7,9,10,0.0005308088374922029,0.0012683551049619797,312.8047619047597,3,6,77,0.0,4,3,practice;propagation_organization;thought_doctrine,0.9697238998682473,,0.7485986547085202,0.8609865470852018,0.39181614349775784,0.6219394618834081,154,342,249,330
ent_40be9ddeb736,高旻寺,Institution,127,75,4,1,5,5,5,6,0.0005308088374922029,0.0016276002322886576,311.2111111111091,2,4,150,0.0,4,2,other_domain;propagation_organization,0.8649735207179272,3.937007874015748,0.7485986547085202,0.8873318385650224,0.39181614349775784,0.5924775784753364,184,342,202,377
ent_eb3f21a5dcbb,念佛法門,PracticeActivity,0,0,4,1,5,5,5,8,0.0005308088374922029,0.004012204049594216,251.129365079361,1,6,77,0.0,2,2,practice;thought_doctrine,0.7219280948873623,,0.7485986547085202,0.9501121076233184,0.39181614349775784,0.5975896860986547,184,342,90,370
ent_da74e6faf91e,俱舍論,Classic,0,0,3,1,4,4,4,4,0.0005308088374922029,0.00321089627502041,310.53650793650553,1,24,5,0.375,2,2,classic_text;thought_doctrine,0.8112781244591328,,0.7485986547085202,0.9346973094170403,0.8321188340807175,0.7235145739910314,215,342,117,167
ent_27c751337add,窺基,BuddhistFigure,72,38,3,1,4,4,4,4,0.0005308088374922029,0.000882630665978763,286.4531746031718,2,7,59,0.0,2,2,classic_text;propagation_organization,0.946394630357186,5.555555555555555,0.7485986547085202,0.8385650224215246,0.39181614349775784,0.5529708520179373,215,342,289,401
ent_1ea0b8fa7f65,馬祖道一,BuddhistFigure,359,183,3,1,4,4,4,5,0.0005308088374922029,0.0024892040843871787,273.6746031745999,2,14,15,0.0,3,1,propagation_organization,0.946394630357186,1.1142061281337048,0.7485986547085202,0.92152466367713,0.39181614349775784,0.5561547085201795,215,342,141,399
ent_129531a255e5,四十二章經,Classic,0,0,2,1,3,3,3,3,0.0005308088374922029,0.0008117820308191435,315.2357142857119,2,3,153,0.4444444444444444,2,2,classic_text;thought_doctrine,0.9182958340544894,,0.7485986547085202,0.827354260089686,0.8646300448430493,0.6903307174887892,286,342,309,221
ent_3fb645bab62e,密教,SchoolTradition,581,234,2,1,3,3,3,3,0.0005308088374922029,0.0016070217977116462,301.7781746031725,1,1,235,0.0,3,3,practice;propagation_organization;thought_doctrine,0.9999999999999998,0.5163511187607573,0.7485986547085202,0.8811659192825112,0.39181614349775784,0.6200112107623319,286,342,206,335
ent_a101153b794c,祈福法會,PracticeActivity,174,132,2,1,3,3,3,3,0.0005308088374922029,0.0016070217977116462,292.2027777777752,1,5,111,0.0,3,2,practice;propagation_organization,0.9999999999999998,1.7241379310344827,0.7485986547085202,0.8811659192825112,0.39181614349775784,0.5800112107623319,286,342,206,383
ent_7814e046414f,龍樹,BuddhistFigure,631,236,1,1,2,2,2,2,0.0005308088374922029,0.0008038256308961114,275.68571428571124,1,3,153,0.0,2,2,classic_text;thought_doctrine,1.0,0.31695721077654515,0.7485986547085202,0.804372197309417,0.39181614349775784,0.5392937219730942,391,342,315,415
ent_9520ecf98ec2,舍利,RitualObject,0,0,1,1,2,2,2,3,0.0005308088374922029,0.0008038256308961114,314.34007936507743,1,5,111,0.0,1,1,practice,1.0,,0.7485986547085202,0.804372197309417,0.39181614349775784,0.4892937219730942,391,342,315,508
ent_08bfe853d808,講座,PracticeActivity,2714,1030,1,1,2,2,2,2,0.0005308088374922029,0.0008038256308961114,346.4392857142837,1,5,111,0.0,1,1,propagation_organization,1.0,0.07369196757553427,0.7485986547085202,0.804372197309417,0.39181614349775784,0.4892937219730942,391,342,315,508
ent_5ac5bcec6266,阿鞞跋致,Concept,43,31,1,1,2,2,2,2,0.0005308088374922029,6.29464080576438e-07,2.0,1,44,3,0.0,2,2,practice;thought_doctrine,1.0,4.651162790697675,0.7485986547085202,0.6611547085201793,0.39181614349775784,0.4820067264573991,391,342,595,542
ent_420680a4336b,中國佛教會,Institution,1076,454,1,1,2,2,2,2,0.0005308088374922029,6.29464080576438e-07,2.0,1,54,3,0.0,2,1,propagation_organization,1.0,0.18587360594795538,0.7485986547085202,0.6611547085201793,0.39181614349775784,0.44200672645739914,391,342,595,597
ent_a3484091df6e,修持活動,PracticeActivity,43,42,1,1,2,2,2,2,0.0005308088374922029,0.0008038256308961114,346.4392857142837,1,5,111,0.0,1,1,propagation_organization,1.0,4.651162790697675,0.7485986547085202,0.804372197309417,0.39181614349775784,0.4892937219730942,391,342,315,508
ent_e8c16d32e0f0,鴻臚寺,Institution,42,22,1,1,2,2,2,2,0.0005308088374922029,6.29464080576438e-07,2.0,1,50,3,0.0,2,2,propagation_organization;thought_doctrine,0.0,4.761904761904762,0.7485986547085202,0.6611547085201793,0.39181614349775784,0.4820067264573991,391,342,595,542
ent_4f52ee8f9176,靈泉寺,Institution,75,49,1,1,2,2,2,2,0.0005308088374922029,6.29464080576438e-07,2.0,1,63,3,0.0,2,1,propagation_organization,1.0,2.6666666666666665,0.7485986547085202,0.6611547085201793,0.39181614349775784,0.44200672645739914,391,342,595,597
ent_db4f30e8571c,佛光會員,Group,0,0,1,1,2,2,2,2,0.0005308088374922029,0.0008038256308961114,367.80476190475895,1,1,235,0.0,2,2,practice;propagation_organization,1.0,,0.7485986547085202,0.804372197309417,0.39181614349775784,0.5392937219730942,391,342,315,415
ent_649aa135767d,佛寶節,PracticeActivity,1,1,1,1,2,2,2,2,0.0005308088374922029,0.0008038256308961114,291.0936507936485,1,5,111,0.0,2,1,thought_doctrine,0.0,200.0,0.7485986547085202,0.804372197309417,0.39181614349775784,0.4992937219730942,391,342,315,475
ent_cdbbba35d618,應化身,DoctrineTerm,87,66,0,1,1,1,1,1,0.0005308088374922029,0.0,1.0,1,67,2,0.0,1,1,thought_doctrine,0.0,1.1494252873563218,0.7485986547085202,0.3276345291479821,0.39181614349775784,0.2985986547085202,648,342,617,655
ent_3fc1b1eea73c,信行法師,BuddhistFigure,8,5,0,1,1,1,1,1,0.0005308088374922029,0.0,1.0,1,68,2,0.0,1,1,propagation_organization,0.0,12.5,0.7485986547085202,0.3276345291479821,0.39181614349775784,0.2985986547085202,648,342,617,655
ent_17940d8b060e,智法身,DoctrineTerm,7,3,0,1,1,1,1,1,0.0005308088374922029,0.0,1.0,1,69,2,0.0,1,1,thought_doctrine,0.0,14.285714285714286,0.7485986547085202,0.3276345291479821,0.39181614349775784,0.2985986547085202,648,342,617,655
ent_5852f78accda,拈花微笑,Concept,87,74,0,1,1,1,1,1,0.0005308088374922029,0.0,1.0,1,72,2,0.0,1,1,thought_doctrine,0.0,1.1494252873563218,0.7485986547085202,0.3276345291479821,0.39181614349775784,0.2985986547085202,648,342,617,655
ent_17f09f2195c1,五法,DoctrineTerm,92,47,0,1,1,1,1,1,0.0005308088374922029,0.0,1.0,1,71,2,0.0,1,1,thought_doctrine,0.0,1.0869565217391304,0.7485986547085202,0.3276345291479821,0.39181614349775784,0.2985986547085202,648,342,617,655
ent_a60962d407df,無差別,Concept,254,218,0,1,1,1,1,1,0.0005308088374922029,0.0,1.0,1,77,2,0.0,1,1,thought_doctrine,0.0,0.3937007874015748,0.7485986547085202,0.3276345291479821,0.39181614349775784,0.2985986547085202,648,342,617,655
ent_0556bd055da7,佛殿,DoctrineTerm,984,571,0,1,1,1,1,1,0.0005308088374922029,0.0,1.0,1,75,2,0.0,1,1,thought_doctrine,0.0,0.1016260162601626,0.7485986547085202,0.3276345291479821,0.39181614349775784,0.2985986547085202,648,342,617,655
ent_dbae25eaf3b4,染淨諸法,DoctrineTerm,1,1,0,1,1,1,1,1,0.0005308088374922029,0.0,1.0,1,81,2,0.0,1,1,thought_doctrine,0.0,100.0,0.7485986547085202,0.3276345291479821,0.39181614349775784,0.2985986547085202,648,342,617,655
ent_1c6cdf019e6e,大天五事,DoctrineTerm,1,1,0,1,1,1,1,1,0.0005308088374922029,0.0,1.0,1,82,2,0.0,1,1,propagation_organization,0.0,100.0,0.7485986547085202,0.3276345291479821,0.39181614349775784,0.2985986547085202,648,342,617,655
ent_9cd967e3eca3,止觀,PracticeActivity,312,140,0,1,1,1,1,1,0.0005308088374922029,0.0,1.0,1,86,2,0.0,1,1,thought_doctrine,0.0,0.32051282051282054,0.7485986547085202,0.3276345291479821,0.39181614349775784,0.2985986547085202,648,342,617,655
ent_046b68cc9d8c,三千大千世界,PlaceRealm,0,0,0,1,1,1,1,1,0.0005308088374922029,0.0,1.0,1,66,2,0.0,1,1,thought_doctrine,0.0,,0.7485986547085202,0.3276345291479821,0.39181614349775784,0.2985986547085202,648,342,617,655
ent_5fd0a4f22627,優婆塞,Concept,313,193,0,1,1,1,1,1,0.0005308088374922029,0.0,1.0,1,73,2,0.0,1,1,thought_doctrine,0.0,0.3194888178913738,0.7485986547085202,0.3276345291479821,0.39181614349775784,0.2985986547085202,648,342,617,655
ent_a0809815b81c,學法女,Concept,43,29,0,1,1,1,1,1,0.0005308088374922029,0.0,1.0,1,85,2,0.0,1,1,thought_doctrine,0.0,2.3255813953488373,0.7485986547085202,0.3276345291479821,0.39181614349775784,0.2985986547085202,648,342,617,655
ent_8d3be0130930,總報業,DoctrineTerm,0,0,0,1,1,1,1,1,0.0005308088374922029,0.0,1.0,1,90,2,0.0,1,1,thought_doctrine,0.0,,0.7485986547085202,0.3276345291479821,0.39181614349775784,0.2985986547085202,648,342,617,655
ent_fcf9c06cc0a3,五念門,DoctrineTerm,15,9,0,1,1,1,1,1,0.0005308088374922029,0.0,1.0,1,70,2,0.0,1,1,thought_doctrine,0.0,6.666666666666667,0.7485986547085202,0.3276345291479821,0.39181614349775784,0.2985986547085202,648,342,617,655
ent_39ea25e516d0,阿難陀,DoctrineTerm,366,75,0,1,1,1,1,1,0.0005308088374922029,0.0,1.0,1,92,2,0.0,1,1,thought_doctrine,0.0,0.273224043715847,0.7485986547085202,0.3276345291479821,0.39181614349775784,0.2985986547085202,648,342,617,655
ent_c3d632391f6d,因緣觀,DoctrineTerm,0,0,0,1,1,1,1,1,0.0005308088374922029,0.0,1.0,1,80,2,0.0,1,1,thought_doctrine,0.0,,0.7485986547085202,0.3276345291479821,0.39181614349775784,0.2985986547085202,648,342,617,655
ent_e769d2a2127c,無漏果,DoctrineTerm,3,3,0,1,1,1,1,1,0.0005308088374922029,0.0,1.0,1,94,2,0.0,1,1,other_domain,0.0,33.333333333333336,0.7485986547085202,0.3276345291479821,0.39181614349775784,0.2985986547085202,648,342,617,655
ent_8d826dc13903,玄中寺,Institution,10,7,0,1,1,1,1,1,0.0005308088374922029,0.0,1.0,1,95,2,0.0,1,1,propagation_organization,0.0,10.0,0.7485986547085202,0.3276345291479821,0.39181614349775784,0.2985986547085202,648,342,617,655
ent_95b94cee0972,阿含,DoctrineTerm,472,283,0,1,1,1,1,1,0.0005308088374922029,0.0,1.0,1,96,2,0.0,1,1,thought_doctrine,0.0,0.211864406779661,0.7485986547085202,0.3276345291479821,0.39181614349775784,0.2985986547085202,648,342,617,655
ent_cb280884f4b2,禪定門,DoctrineTerm,8,7,0,1,1,1,1,1,0.0005308088374922029,0.0,1.0,1,97,2,0.0,1,1,thought_doctrine,0.0,12.5,0.7485986547085202,0.3276345291479821,0.39181614349775784,0.2985986547085202,648,342,617,655
ent_bb338d67fbd4,琉璃太子,Concept,24,5,0,1,1,1,1,1,0.0005308088374922029,0.0,1.0,1,98,2,0.0,1,1,thought_doctrine,0.0,4.166666666666667,0.7485986547085202,0.3276345291479821,0.39181614349775784,0.2985986547085202,648,342,617,655
ent_ddeaa34437b4,憶持,PracticeActivity,40,33,0,1,1,1,1,1,0.0005308088374922029,0.0,1.0,1,91,2,0.0,1,1,thought_doctrine,0.0,2.5,0.7485986547085202,0.3276345291479821,0.39181614349775784,0.2985986547085202,648,342,617,655
ent_6866fec1df65,法眼文益,BuddhistFigure,57,25,0,1,1,1,1,2,0.0005308088374922029,0.0,1.0,1,100,2,0.0,1,1,propagation_organization,0.0,1.7543859649122806,0.7485986547085202,0.3276345291479821,0.39181614349775784,0.2985986547085202,648,342,617,655
ent_c3833227a329,饒益,DoctrineTerm,377,249,0,1,1,1,1,1,0.0005308088374922029,0.0,1.0,1,102,2,0.0,1,1,thought_doctrine,0.0,0.26525198938992045,0.7485986547085202,0.3276345291479821,0.39181614349775784,0.2985986547085202,648,342,617,655
ent_aa7e9012e61c,非色非心,DoctrineTerm,17,12,0,1,1,1,1,1,0.0005308088374922029,0.0,1.0,1,105,2,0.0,1,1,propagation_organization,0.0,5.882352941176471,0.7485986547085202,0.3276345291479821,0.39181614349775784,0.2985986547085202,648,342,617,655
ent_69a9c4a3e130,妙觀察智,DoctrineTerm,70,32,0,1,1,1,1,1,0.0005308088374922029,0.0,1.0,1,84,2,0.0,1,1,other_domain,0.0,1.4285714285714286,0.7485986547085202,0.3276345291479821,0.39181614349775784,0.2985986547085202,648,342,617,655
ent_d93de7906cbf,四正勤,Concept,83,60,0,1,1,1,1,1,0.0005308088374922029,0.0,1.0,1,79,2,0.0,1,1,thought_doctrine,0.0,1.2048192771084338,0.7485986547085202,0.3276345291479821,0.39181614349775784,0.2985986547085202,648,342,617,655
ent_e61b242eb8a7,勝義諦,DoctrineTerm,47,31,0,1,1,1,1,1,0.0005308088374922029,0.0,1.0,1,107,2,0.0,1,1,thought_doctrine,0.0,2.127659574468085,0.7485986547085202,0.3276345291479821,0.39181614349775784,0.2985986547085202,648,342,617,655
ent_b8dffda6eed8,藏海,PlaceRealm,21,19,0,1,1,1,1,1,0.0005308088374922029,0.0,1.0,1,108,2,0.0,1,1,thought_doctrine,0.0,4.761904761904762,0.7485986547085202,0.3276345291479821,0.39181614349775784,0.2985986547085202,648,342,617,655
ent_8b8d3df842d4,觀法,DoctrineTerm,272,160,0,1,1,1,1,1,0.0005308088374922029,0.0,1.0,1,109,2,0.0,1,1,thought_doctrine,0.0,0.36764705882352944,0.7485986547085202,0.3276345291479821,0.39181614349775784,0.2985986547085202,648,342,617,655
ent_e9a42c65be3a,嘉祥吉藏,BuddhistFigure,20,17,0,1,1,1,1,1,0.0005308088374922029,0.0,1.0,1,112,2,0.0,1,1,classic_text,0.0,5.0,0.7485986547085202,0.3276345291479821,0.39181614349775784,0.2985986547085202,648,342,617,655
ent_68c67cfcfff7,台灣佛教講習會,Institution,173,119,0,1,1,1,1,1,0.0005308088374922029,0.0,1.0,1,113,2,0.0,1,1,propagation_organization,0.0,0.5780346820809249,0.7485986547085202,0.3276345291479821,0.39181614349775784,0.2985986547085202,648,342,617,655
ent_aef52ab97cb0,智光商工,Institution,19,18,0,1,1,1,1,1,0.0005308088374922029,0.0,1.0,1,114,2,0.0,1,1,propagation_organization,0.0,5.2631578947368425,0.7485986547085202,0.3276345291479821,0.39181614349775784,0.2985986547085202,648,342,617,655
ent_2118ce2bd0f2,慈明寺,Institution,16,13,0,1,1,1,1,1,0.0005308088374922029,0.0,1.0,1,115,2,0.0,1,1,propagation_organization,0.0,6.25,0.7485986547085202,0.3276345291479821,0.39181614349775784,0.2985986547085202,648,342,617,655
ent_76b65d8b4344,鶴鳴寺,Institution,65,19,0,1,1,1,1,1,0.0005308088374922029,0.0,1.0,1,116,2,0.0,1,1,propagation_organization,0.0,1.5384615384615385,0.7485986547085202,0.3276345291479821,0.39181614349775784,0.2985986547085202,648,342,617,655
ent_0567b9915980,三亞南山寺,Institution,19,10,0,1,1,1,1,1,0.0005308088374922029,0.0,1.0,1,117,2,0.0,1,1,propagation_organization,0.0,5.2631578947368425,0.7485986547085202,0.3276345291479821,0.39181614349775784,0.2985986547085202,648,342,617,655
ent_36c4acf32dbc,慈濟功德會,Institution,135,110,0,1,1,2,2,2,0.0005308088374922029,0.0,1.0,1,118,2,0.0,1,1,propagation_organization,0.0,1.4814814814814814,0.7485986547085202,0.3276345291479821,0.39181614349775784,0.2985986547085202,648,342,617,655
ent_6bac2edadf46,法光寺,Institution,7,5,0,1,1,1,1,1,0.0005308088374922029,0.0,1.0,1,119,2,0.0,1,1,propagation_organization,0.0,14.285714285714286,0.7485986547085202,0.3276345291479821,0.39181614349775784,0.2985986547085202,648,342,617,655
ent_cae5e067ab2b,文殊講堂,Institution,26,15,0,1,1,1,1,1,0.0005308088374922029,0.0,1.0,1,120,2,0.0,1,1,propagation_organization,0.0,3.8461538461538463,0.7485986547085202,0.3276345291479821,0.39181614349775784,0.2985986547085202,648,342,617,655
ent_3872981a79f5,宋元如,Person,2,2,0,1,1,1,1,1,0.0005308088374922029,0.0,1.0,1,121,2,0.0,1,1,thought_doctrine,0.0,50.0,0.7485986547085202,0.3276345291479821,0.39181614349775784,0.2985986547085202,648,342,617,655
ent_57ed8be8fab6,焦山佛學院,Institution,406,220,0,1,1,1,1,1,0.0005308088374922029,0.0,1.0,1,122,2,0.0,1,1,propagation_organization,0.0,0.24630541871921183,0.7485986547085202,0.3276345291479821,0.39181614349775784,0.2985986547085202,648,342,617,655
ent_c6363fc939e9,我們生命裡的七七,Classic,6,6,0,1,1,1,1,1,0.0005308088374922029,0.0,1.0,1,123,2,0.0,1,1,classic_text,0.0,16.666666666666668,0.7485986547085202,0.3276345291479821,0.39181614349775784,0.2985986547085202,648,342,617,655
ent_90abe3aeedc4,傳燈寺,Institution,2,1,0,1,1,1,1,1,0.0005308088374922029,0.0,1.0,1,124,2,0.0,1,1,propagation_organization,0.0,50.0,0.7485986547085202,0.3276345291479821,0.39181614349775784,0.2985986547085202,648,342,617,655
ent_2e108a8a4fd9,現代社會人生系列講座,PracticeActivity,1,1,0,1,1,1,1,1,0.0005308088374922029,0.0,1.0,1,125,2,0.0,1,1,propagation_organization,0.0,100.0,0.7485986547085202,0.3276345291479821,0.39181614349775784,0.2985986547085202,648,342,617,655
ent_5867a25c7c30,誦經,PracticeActivity,1,1,0,1,1,1,1,1,0.0005308088374922029,0.0,1.0,1,127,2,0.0,1,1,thought_doctrine,0.0,100.0,0.7485986547085202,0.3276345291479821,0.39181614349775784,0.2985986547085202,648,342,617,655
ent_3b68824d1568,佛土,PlaceRealm,1,1,0,1,1,1,1,1,0.0005308088374922029,0.0,1.0,1,128,2,0.0,1,1,practice,0.0,100.0,0.7485986547085202,0.3276345291479821,0.39181614349775784,0.2985986547085202,648,342,617,655
ent_33013484ad34,浙江鄞縣,PlaceRealm,11,11,0,1,1,1,1,1,0.0005308088374922029,0.0,1.0,1,129,2,0.0,1,1,propagation_organization,0.0,9.090909090909092,0.7485986547085202,0.3276345291479821,0.39181614349775784,0.2985986547085202,648,342,617,655
ent_3c16a182b10e,世界童軍宗教會議,PracticeActivity,6,5,0,1,1,1,1,1,0.0005308088374922029,0.0,1.0,1,131,2,0.0,1,1,propagation_organization,0.0,16.666666666666668,0.7485986547085202,0.3276345291479821,0.39181614349775784,0.2985986547085202,648,342,617,655
ent_2e8b18b7e7bb,文學講座,PracticeActivity,1,1,0,1,1,1,1,1,0.0005308088374922029,0.0,1.0,1,132,2,0.0,1,1,propagation_organization,0.0,100.0,0.7485986547085202,0.3276345291479821,0.39181614349775784,0.2985986547085202,648,342,617,655
ent_5bc63c331f04,系列講座,PracticeActivity,55,50,0,1,1,1,1,1,0.0005308088374922029,0.0,1.0,1,133,2,0.0,1,1,propagation_organization,0.0,1.8181818181818181,0.7485986547085202,0.3276345291479821,0.39181614349775784,0.2985986547085202,648,342,617,655
ent_e95465b4f3a8,一九八五年國際鋼鐵學術會議,PracticeActivity,1,1,0,1,1,1,1,1,0.0005308088374922029,0.0,1.0,1,134,2,0.0,1,1,propagation_organization,0.0,100.0,0.7485986547085202,0.3276345291479821,0.39181614349775784,0.2985986547085202,648,342,617,655
ent_f2ded4367c44,以英文皈依三寶甘露灌頂典禮,PracticeActivity,1,1,0,1,1,1,1,1,0.0005308088374922029,0.0,1.0,1,135,2,0.0,1,1,propagation_organization,0.0,100.0,0.7485986547085202,0.3276345291479821,0.39181614349775784,0.2985986547085202,648,342,617,655
ent_4a92308ac76b,第二屆世界童軍宗教會議,PracticeActivity,3,3,0,1,1,1,1,1,0.0005308088374922029,0.0,1.0,1,136,2,0.0,1,1,propagation_organization,0.0,33.333333333333336,0.7485986547085202,0.3276345291479821,0.39181614349775784,0.2985986547085202,648,342,617,655
ent_c2f940599c76,生死解脫,DoctrineTerm,18,16,0,1,1,1,1,1,0.0005308088374922029,0.0,1.0,1,103,2,0.0,1,1,thought_doctrine,0.0,5.555555555555555,0.7485986547085202,0.3276345291479821,0.39181614349775784,0.2985986547085202,648,342,617,655
ent_ad92f5be7cc2,宜蘭林美山,PlaceRealm,12,11,0,1,1,1,1,1,0.0005308088374922029,0.0,1.0,1,140,2,0.0,1,1,propagation_organization,0.0,8.333333333333334,0.7485986547085202,0.3276345291479821,0.39181614349775784,0.2985986547085202,648,342,617,655
ent_37a7853d7768,星雲大師佛學講座,PracticeActivity,54,36,0,1,1,1,1,1,0.0005308088374922029,0.0,1.0,1,141,2,0.0,1,1,propagation_organization,0.0,1.8518518518518519,0.7485986547085202,0.3276345291479821,0.39181614349775784,0.2985986547085202,648,342,617,655
ent_239a10b1e713,寶塚市,PlaceRealm,8,6,0,1,1,1,1,2,0.0005308088374922029,0.0,1.0,1,142,2,0.0,1,1,propagation_organization,0.0,12.5,0.7485986547085202,0.3276345291479821,0.39181614349775784,0.2985986547085202,648,342,617,655
ent_8648e0282536,仁嘉隆,PlaceRealm,25,18,0,1,1,1,1,1,0.0005308088374922029,0.0,1.0,1,139,2,0.0,1,1,propagation_organization,0.0,4.0,0.7485986547085202,0.3276345291479821,0.39181614349775784,0.2985986547085202,648,342,617,655
ent_986f4b069c17,法拉盛,PlaceRealm,2,2,0,1,1,1,1,1,0.0005308088374922029,0.0,1.0,1,143,2,0.0,1,1,propagation_organization,0.0,50.0,0.7485986547085202,0.3276345291479821,0.39181614349775784,0.2985986547085202,648,342,617,655
ent_9e9c5431f48e,納波維爾,PlaceRealm,2,2,0,1,1,1,1,1,0.0005308088374922029,0.0,1.0,1,144,2,0.0,1,1,propagation_organization,0.0,50.0,0.7485986547085202,0.3276345291479821,0.39181614349775784,0.2985986547085202,648,342,617,655
ent_50399d556bd8,達拉斯,PlaceRealm,156,62,0,1,1,1,1,1,0.0005308088374922029,0.0,1.0,1,146,2,0.0,1,1,propagation_organization,0.0,0.6410256410256411,0.7485986547085202,0.3276345291479821,0.39181614349775784,0.2985986547085202,648,342,617,655
ent_52340ad165a9,全國義工聯合講習會暨授證典禮,PracticeActivity,3,3,0,1,1,1,1,1,0.0005308088374922029,0.0,1.0,1,147,2,0.0,1,1,propagation_organization,0.0,33.333333333333336,0.7485986547085202,0.3276345291479821,0.39181614349775784,0.2985986547085202,648,342,617,655
ent_5a5c7d87eb4e,廬山歸宗寺,Institution,10,10,0,1,1,1,1,1,0.0005308088374922029,0.0,1.0,1,148,2,0.0,1,1,propagation_organization,0.0,10.0,0.7485986547085202,0.3276345291479821,0.39181614349775784,0.2985986547085202,648,342,617,655
ent_04c10f1f27ee,消災祈福大悲懺法會,PracticeActivity,6,6,0,1,1,1,1,1,0.0005308088374922029,0.0,1.0,1,149,2,0.0,1,1,propagation_organization,0.0,16.666666666666668,0.7485986547085202,0.3276345291479821,0.39181614349775784,0.2985986547085202,648,342,617,655
ent_c26979396b42,新堡禪淨中心,Institution,17,15,0,1,1,1,1,1,0.0005308088374922029,0.0,1.0,1,150,2,0.0,1,1,propagation_organization,0.0,5.882352941176471,0.7485986547085202,0.3276345291479821,0.39181614349775784,0.2985986547085202,648,342,617,655
ent_42c8367b1553,華南學佛院,Institution,1,1,0,1,1,1,1,1,0.0005308088374922029,0.0,1.0,1,151,2,0.0,1,1,propagation_organization,0.0,100.0,0.7485986547085202,0.3276345291479821,0.39181614349775784,0.2985986547085202,648,342,617,655
ent_304380da7593,淨化人心講座,PracticeActivity,7,6,0,1,1,1,1,1,0.0005308088374922029,0.0,1.0,1,154,2,0.0,1,1,propagation_organization,0.0,14.285714285714286,0.7485986547085202,0.3276345291479821,0.39181614349775784,0.2985986547085202,648,342,617,655
ent_df28a1812748,唯識觀,DoctrineTerm,11,10,0,1,1,1,1,1,0.0005308088374922029,0.0,1.0,1,78,2,0.0,1,1,thought_doctrine,0.0,9.090909090909092,0.7485986547085202,0.3276345291479821,0.39181614349775784,0.2985986547085202,648,342,617,655
ent_455887789e7f,普賢學校,Institution,27,7,0,1,1,1,1,1,0.0005308088374922029,0.0,1.0,1,156,2,0.0,1,1,propagation_organization,0.0,3.7037037037037037,0.7485986547085202,0.3276345291479821,0.39181614349775784,0.2985986547085202,648,342,617,655
ent_21a35604998d,鎌倉圓覺寺,Institution,22,17,0,1,1,1,1,1,0.0005308088374922029,0.0,1.0,1,157,2,0.0,1,1,propagation_organization,0.0,4.545454545454546,0.7485986547085202,0.3276345291479821,0.39181614349775784,0.2985986547085202,648,342,617,655
ent_d51d99ce339a,永寧寺,Institution,0,0,0,1,1,1,1,1,0.0005308088374922029,0.0,1.0,1,99,2,0.0,1,1,propagation_organization,0.0,,0.7485986547085202,0.3276345291479821,0.39181614349775784,0.2985986547085202,648,342,617,655
ent_782bf4c021bb,甘露灌頂三皈五戒法會,PracticeActivity,2,2,0,1,1,1,1,1,0.0005308088374922029,0.0,1.0,1,160,2,0.0,1,1,propagation_organization,0.0,50.0,0.7485986547085202,0.3276345291479821,0.39181614349775784,0.2985986547085202,648,342,617,655
ent_556a79ebe5bc,戒殺,PracticeActivity,0,0,0,1,1,1,1,1,0.0005308088374922029,0.0,1.0,1,163,2,0.0,1,1,practice,0.0,,0.7485986547085202,0.3276345291479821,0.39181614349775784,0.2985986547085202,648,342,617,655
ent_6396a82a84f8,慧炬學社,Institution,7,4,0,1,1,1,1,1,0.0005308088374922029,0.0,1.0,1,164,2,0.0,1,1,propagation_organization,0.0,14.285714285714286,0.7485986547085202,0.3276345291479821,0.39181614349775784,0.2985986547085202,648,342,617,655
ent_7a0386212baf,公益平台基金會,Institution,7,6,0,1,1,1,1,1,0.0005308088374922029,0.0,1.0,1,155,2,0.0,1,1,propagation_organization,0.0,14.285714285714286,0.7485986547085202,0.3276345291479821,0.39181614349775784,0.2985986547085202,648,342,617,655
ent_ab7683580395,屏東東山佛學院,Institution,6,6,0,1,1,1,1,1,0.0005308088374922029,0.0,1.0,1,165,2,0.0,1,1,propagation_organization,0.0,16.666666666666668,0.7485986547085202,0.3276345291479821,0.39181614349775784,0.2985986547085202,648,342,617,655
ent_a1a45cb037c3,建校啟教典禮,PracticeActivity,0,0,0,1,1,1,1,1,0.0005308088374922029,0.0,1.0,1,166,2,0.0,1,1,propagation_organization,0.0,,0.7485986547085202,0.3276345291479821,0.39181614349775784,0.2985986547085202,648,342,617,655
ent_94cf265aaebf,德國佛教傳道會,Institution,5,5,0,1,1,1,1,1,0.0005308088374922029,0.0,1.0,1,167,2,0.0,1,1,propagation_organization,0.0,20.0,0.7485986547085202,0.3276345291479821,0.39181614349775784,0.2985986547085202,648,342,617,655
ent_dcace6fe472f,阿育王寺,Institution,44,36,0,1,1,1,1,1,0.0005308088374922029,0.0,1.0,1,169,2,0.0,1,1,propagation_organization,0.0,2.272727272727273,0.7485986547085202,0.3276345291479821,0.39181614349775784,0.2985986547085202,648,342,617,655
ent_ad65adea80e6,覺津寺,Institution,2,2,0,1,1,1,1,1,0.0005308088374922029,0.0,1.0,1,170,2,0.0,1,1,propagation_organization,0.0,50.0,0.7485986547085202,0.3276345291479821,0.39181614349775784,0.2985986547085202,648,342,617,655
ent_51cfc6286ad6,文化教育公益基金會,Institution,95,60,0,1,1,1,1,1,0.0005308088374922029,0.0,1.0,1,174,2,0.0,1,1,propagation_organization,0.0,1.0526315789473684,0.7485986547085202,0.3276345291479821,0.39181614349775784,0.2985986547085202,648,342,617,655
ent_4d6e871625fa,五族共和,Concept,18,15,0,1,1,1,1,1,0.0005308088374922029,0.0,1.0,1,137,2,0.0,1,1,propagation_organization,0.0,5.555555555555555,0.7485986547085202,0.3276345291479821,0.39181614349775784,0.2985986547085202,648,342,617,655
ent_174d02fbc085,建初寺,Institution,0,0,0,1,1,1,1,1,0.0005308088374922029,0.0,1.0,1,89,2,0.0,1,1,propagation_organization,0.0,,0.7485986547085202,0.3276345291479821,0.39181614349775784,0.2985986547085202,648,342,617,655
ent_1f28e6bc502a,中國教育會,Institution,3,3,0,1,1,1,1,1,0.0005308088374922029,0.0,1.0,1,176,2,0.0,1,1,propagation_organization,0.0,33.333333333333336,0.7485986547085202,0.3276345291479821,0.39181614349775784,0.2985986547085202,648,342,617,655
ent_199cbf908a53,教禪,DoctrineTerm,51,37,0,1,1,1,1,1,0.0005308088374922029,0.0,1.0,1,93,2,0.0,1,1,propagation_organization,0.0,1.9607843137254901,0.7485986547085202,0.3276345291479821,0.39181614349775784,0.2985986547085202,648,342,617,655
ent_f6631e9150a2,正德中醫診所,Institution,1,1,0,1,1,1,1,1,0.0005308088374922029,0.0,1.0,1,177,2,0.0,1,1,propagation_organization,0.0,100.0,0.7485986547085202,0.3276345291479821,0.39181614349775784,0.2985986547085202,648,342,617,655
ent_2d55a5b2bea4,普淨院,Institution,2,2,0,1,1,1,1,1,0.0005308088374922029,0.0,1.0,1,178,2,0.0,1,1,propagation_organization,0.0,50.0,0.7485986547085202,0.3276345291479821,0.39181614349775784,0.2985986547085202,648,342,617,655
ent_6eeb231cfe1f,彌陀學校,Institution,17,10,0,1,1,1,1,1,0.0005308088374922029,0.0,1.0,1,179,2,0.0,1,1,propagation_organization,0.0,5.882352941176471,0.7485986547085202,0.3276345291479821,0.39181614349775784,0.2985986547085202,648,342,617,655
ent_7fa5f29c8fed,日月光集團,Institution,30,21,0,1,1,1,1,1,0.0005308088374922029,0.0,1.0,1,182,2,0.0,1,1,propagation_organization,0.0,3.3333333333333335,0.7485986547085202,0.3276345291479821,0.39181614349775784,0.2985986547085202,648,342,617,655
ent_08a06676073a,佛光,DoctrineTerm,21257,4022,0,1,1,1,1,1,0.0005308088374922029,0.0,1.0,1,74,2,0.0,1,1,thought_doctrine,0.0,0.004704332690407866,0.7485986547085202,0.3276345291479821,0.39181614349775784,0.2985986547085202,648,342,617,655
ent_5632a370ce49,瓦棺禪師,BuddhistFigure,5,1,0,1,1,1,1,1,0.0005308088374922029,0.0,1.0,1,183,2,0.0,1,1,propagation_organization,0.0,20.0,0.7485986547085202,0.3276345291479821,0.39181614349775784,0.2985986547085202,648,342,617,655
ent_54bf4d923c14,澄清寺,Institution,21,11,0,1,1,1,1,1,0.0005308088374922029,0.0,1.0,1,184,2,0.0,1,1,propagation_organization,0.0,4.761904761904762,0.7485986547085202,0.3276345291479821,0.39181614349775784,0.2985986547085202,648,342,617,655
ent_9e88f39b4155,水懺法會,PracticeActivity,0,0,0,1,1,1,1,1,0.0005308088374922029,0.0,1.0,1,188,2,0.0,1,1,propagation_organization,0.0,,0.7485986547085202,0.3276345291479821,0.39181614349775784,0.2985986547085202,648,342,617,655
ent_906d88af33c1,慧思,BuddhistFigure,36,15,0,1,1,1,1,2,0.0005308088374922029,0.0,1.0,1,187,2,0.0,1,1,propagation_organization,0.0,2.7777777777777777,0.7485986547085202,0.3276345291479821,0.39181614349775784,0.2985986547085202,648,342,617,655
ent_553ef7dd9303,慈善寺,Institution,21,17,0,1,1,1,1,1,0.0005308088374922029,0.0,1.0,1,186,2,0.0,1,1,propagation_organization,0.0,4.761904761904762,0.7485986547085202,0.3276345291479821,0.39181614349775784,0.2985986547085202,648,342,617,655
ent_3eb8f8ff40f5,壽聖院,Institution,3,1,0,1,1,1,1,1,0.0005308088374922029,0.0,1.0,1,189,2,0.0,1,1,propagation_organization,0.0,33.333333333333336,0.7485986547085202,0.3276345291479821,0.39181614349775784,0.2985986547085202,648,342,617,655
ent_b17c59c4dcf8,台東,PlaceRealm,391,178,0,1,1,1,1,1,0.0005308088374922029,0.0,1.0,1,161,2,0.0,1,1,propagation_organization,0.0,0.2557544757033248,0.7485986547085202,0.3276345291479821,0.39181614349775784,0.2985986547085202,648,342,617,655
ent_71f5bc8a2d5a,元興寺,Institution,21,10,0,1,1,1,1,1,0.0005308088374922029,0.0,1.0,1,152,2,0.0,1,1,propagation_organization,0.0,4.761904761904762,0.7485986547085202,0.3276345291479821,0.39181614349775784,0.2985986547085202,648,342,617,655
ent_4500a10db8ab,精舍,Institution,0,0,0,1,1,1,1,1,0.0005308088374922029,0.0,1.0,1,106,2,0.0,1,1,propagation_organization,0.0,,0.7485986547085202,0.3276345291479821,0.39181614349775784,0.2985986547085202,648,342,617,655
ent_5cfe0841a768,菩提醫院,Institution,16,15,0,1,1,1,1,1,0.0005308088374922029,0.0,1.0,1,193,2,0.0,1,1,propagation_organization,0.0,6.25,0.7485986547085202,0.3276345291479821,0.39181614349775784,0.2985986547085202,648,342,617,655
ent_d64c0bca7cce,台灣印經處,Institution,29,20,0,1,1,1,1,2,0.0005308088374922029,0.0,1.0,1,162,2,0.0,1,1,propagation_organization,0.0,3.4482758620689653,0.7485986547085202,0.3276345291479821,0.39181614349775784,0.2985986547085202,648,342,617,655
ent_ba644438c3d5,印月霖比丘尼,BuddhistFigure,6,1,0,1,1,1,1,1,0.0005308088374922029,0.0,1.0,1,194,2,0.0,1,1,propagation_organization,0.0,16.666666666666668,0.7485986547085202,0.3276345291479821,0.39181614349775784,0.2985986547085202,648,342,617,655
ent_c68d589bd52b,第三屆人間佛教學術會議,PracticeActivity,1,1,0,1,1,1,1,1,0.0005308088374922029,0.0,1.0,1,195,2,0.0,1,1,propagation_organization,0.0,100.0,0.7485986547085202,0.3276345291479821,0.39181614349775784,0.2985986547085202,648,342,617,655
ent_3612f4013433,佛光山西澳道場,Institution,4,4,0,1,1,1,1,1,0.0005308088374922029,0.0,1.0,1,145,2,0.0,1,1,propagation_organization,0.0,25.0,0.7485986547085202,0.3276345291479821,0.39181614349775784,0.2985986547085202,648,342,617,655
ent_0b63622c8edf,太子院,Institution,9,6,0,1,1,1,1,1,0.0005308088374922029,0.0,1.0,1,172,2,0.0,1,1,propagation_organization,0.0,11.11111111111111,0.7485986547085202,0.3276345291479821,0.39181614349775784,0.2985986547085202,648,342,617,655
ent_f5fc012ec352,本願念佛,DoctrineTerm,8,4,0,1,1,1,1,1,0.0005308088374922029,0.0,1.0,1,192,2,0.0,1,1,propagation_organization,0.0,12.5,0.7485986547085202,0.3276345291479821,0.39181614349775784,0.2985986547085202,648,342,617,655
ent_48d4b4315f6c,跨宗教祈福活動,PracticeActivity,1,1,0,1,1,1,1,1,0.0005308088374922029,0.0,1.0,1,197,2,0.0,1,1,propagation_organization,0.0,100.0,0.7485986547085202,0.3276345291479821,0.39181614349775784,0.2985986547085202,648,342,617,655
ent_93ee6ac5c5fb,千人供僧法會,PracticeActivity,1,1,0,1,1,1,1,1,0.0005308088374922029,0.0,1.0,1,198,2,0.0,1,1,propagation_organization,0.0,100.0,0.7485986547085202,0.3276345291479821,0.39181614349775784,0.2985986547085202,648,342,617,655
ent_4478738bf138,佛光協會,Institution,0,0,0,1,1,1,1,1,0.0005308088374922029,0.0,1.0,1,126,2,0.0,1,1,propagation_organization,0.0,,0.7485986547085202,0.3276345291479821,0.39181614349775784,0.2985986547085202,648,342,617,655
ent_f3e233ef43cc,靈隱寺,Institution,0,0,0,1,1,1,1,1,0.0005308088374922029,0.0,1.0,1,101,2,0.0,1,1,propagation_organization,0.0,,0.7485986547085202,0.3276345291479821,0.39181614349775784,0.2985986547085202,648,342,617,655
ent_cd6bbb292d87,日月潭,PlaceRealm,85,58,0,1,1,1,1,1,0.0005308088374922029,0.0,1.0,1,190,2,0.0,1,1,propagation_organization,0.0,1.1764705882352942,0.7485986547085202,0.3276345291479821,0.39181614349775784,0.2985986547085202,648,342,617,655
ent_960ac8a5ad6d,威德大學,Institution,25,13,0,1,1,1,1,1,0.0005308088374922029,0.0,1.0,1,175,2,0.0,1,1,propagation_organization,0.0,4.0,0.7485986547085202,0.3276345291479821,0.39181614349775784,0.2985986547085202,648,342,617,655
ent_99d68c0b972a,文字經教,DoctrineTerm,2,2,0,1,1,1,1,1,0.0005308088374922029,0.0,1.0,1,203,2,0.0,1,1,propagation_organization,0.0,50.0,0.7485986547085202,0.3276345291479821,0.39181614349775784,0.2985986547085202,648,342,617,655
ent_8f20a4ee476a,石霜楚圓,BuddhistFigure,21,16,0,1,1,1,1,1,0.0005308088374922029,0.0,1.0,1,201,2,0.0,1,1,propagation_organization,0.0,4.761904761904762,0.7485986547085202,0.3276345291479821,0.39181614349775784,0.2985986547085202,648,342,617,655
ent_f87238744e5a,十戒,DoctrineTerm,176,102,0,1,1,1,1,1,0.0005308088374922029,0.0,1.0,1,158,2,0.0,1,1,propagation_organization,0.0,0.5681818181818182,0.7485986547085202,0.3276345291479821,0.39181614349775784,0.2985986547085202,648,342,617,655
ent_bae3eb893b75,國際七寶集團,Institution,1,1,0,1,1,1,1,1,0.0005308088374922029,0.0,1.0,1,206,2,0.0,1,1,propagation_organization,0.0,100.0,0.7485986547085202,0.3276345291479821,0.39181614349775784,0.2985986547085202,648,342,617,655
ent_dcafe333fc0f,鎮江金山江天寺,Institution,7,7,0,1,1,1,1,1,0.0005308088374922029,0.0,1.0,1,207,2,0.0,1,1,propagation_organization,0.0,14.285714285714286,0.7485986547085202,0.3276345291479821,0.39181614349775784,0.2985986547085202,648,342,617,655
ent_82dfb5b75921,佛誕節浴佛法會,PracticeActivity,12,10,0,1,1,1,1,1,0.0005308088374922029,0.0,1.0,1,208,2,0.0,1,1,propagation_organization,0.0,8.333333333333334,0.7485986547085202,0.3276345291479821,0.39181614349775784,0.2985986547085202,648,342,617,655
ent_5892747a085e,金山寺,Institution,0,0,0,1,1,1,1,1,0.0005308088374922029,0.0,1.0,1,111,2,0.0,1,1,propagation_organization,0.0,,0.7485986547085202,0.3276345291479821,0.39181614349775784,0.2985986547085202,648,342,617,655
ent_d4523c6e53ab,宗教界聯合慶祝國家百年的祈福活動,PracticeActivity,3,3,0,1,1,1,1,1,0.0005308088374922029,0.0,1.0,1,209,2,0.0,1,1,propagation_organization,0.0,33.333333333333336,0.7485986547085202,0.3276345291479821,0.39181614349775784,0.2985986547085202,648,342,617,655
ent_13bd7274e319,雲棲寺,Institution,11,10,0,1,1,1,1,1,0.0005308088374922029,0.0,1.0,1,210,2,0.0,1,1,propagation_organization,0.0,9.090909090909092,0.7485986547085202,0.3276345291479821,0.39181614349775784,0.2985986547085202,648,342,617,655
ent_cd61e01659f8,龍谷大學,Institution,18,16,0,1,1,1,1,1,0.0005308088374922029,0.0,1.0,1,212,2,0.0,1,1,propagation_organization,0.0,5.555555555555555,0.7485986547085202,0.3276345291479821,0.39181614349775784,0.2985986547085202,648,342,617,655
ent_fa165688662e,南山小學,Institution,1,1,0,1,1,1,1,1,0.0005308088374922029,0.0,1.0,1,213,2,0.0,1,1,propagation_organization,0.0,100.0,0.7485986547085202,0.3276345291479821,0.39181614349775784,0.2985986547085202,648,342,617,655
ent_a7156f1e6183,人間佛教讀書會總部,Institution,7,6,0,1,1,1,1,1,0.0005308088374922029,0.0,1.0,1,138,2,0.0,1,1,propagation_organization,0.0,14.285714285714286,0.7485986547085202,0.3276345291479821,0.39181614349775784,0.2985986547085202,648,342,617,655
ent_ee7e2d78bc35,惠中寺,Institution,67,46,0,1,1,1,1,1,0.0005308088374922029,0.0,1.0,1,185,2,0.0,1,1,propagation_organization,0.0,1.492537313432836,0.7485986547085202,0.3276345291479821,0.39181614349775784,0.2985986547085202,648,342,617,655
ent_0922e45d5741,葡萄牙語翻譯中心,Institution,3,3,0,1,1,1,1,1,0.0005308088374922029,0.0,1.0,1,214,2,0.0,1,1,propagation_organization,0.0,33.333333333333336,0.7485986547085202,0.3276345291479821,0.39181614349775784,0.2985986547085202,648,342,617,655
ent_6622c429d0aa,三好體育協會,Institution,91,64,0,1,1,1,1,1,0.0005308088374922029,0.0,1.0,1,130,2,0.0,1,1,propagation_organization,0.0,1.098901098901099,0.7485986547085202,0.3276345291479821,0.39181614349775784,0.2985986547085202,648,342,617,655
ent_26d386cd5d34,浙江報恩寺,Institution,1,1,0,1,1,1,1,1,0.0005308088374922029,0.0,1.0,1,215,2,0.0,1,1,propagation_organization,0.0,100.0,0.7485986547085202,0.3276345291479821,0.39181614349775784,0.2985986547085202,648,342,617,655
ent_48762851d75b,益州福感寺,Institution,4,4,0,1,1,1,1,1,0.0005308088374922029,0.0,1.0,1,200,2,0.0,1,1,propagation_organization,0.0,25.0,0.7485986547085202,0.3276345291479821,0.39181614349775784,0.2985986547085202,648,342,617,655
ent_3e49f08b0662,龍冊寺,Institution,1,1,0,1,1,1,1,1,0.0005308088374922029,0.0,1.0,1,217,2,0.0,1,1,propagation_organization,0.0,100.0,0.7485986547085202,0.3276345291479821,0.39181614349775784,0.2985986547085202,648,342,617,655
ent_b8a9ff044cda,桂虛禪師,BuddhistFigure,1,1,0,1,1,1,1,1,0.0005308088374922029,0.0,1.0,1,218,2,0.0,1,1,propagation_organization,0.0,100.0,0.7485986547085202,0.3276345291479821,0.39181614349775784,0.2985986547085202,648,342,617,655
ent_0233554652eb,馬來西亞佛光協會,Institution,38,31,0,1,1,1,1,1,0.0005308088374922029,0.0,1.0,1,219,2,0.0,1,1,propagation_organization,0.0,2.6315789473684212,0.7485986547085202,0.3276345291479821,0.39181614349775784,0.2985986547085202,648,342,617,655
ent_faa1f7dd77e0,智光商工學校,Institution,12,11,0,1,1,1,1,1,0.0005308088374922029,0.0,1.0,1,191,2,0.0,1,1,propagation_organization,0.0,8.333333333333334,0.7485986547085202,0.3276345291479821,0.39181614349775784,0.2985986547085202,648,342,617,655
ent_4d392c445042,身心,Concept,5968,3089,0,1,1,1,1,1,0.0005308088374922029,0.0,1.0,1,110,2,0.0,1,1,practice,0.0,0.01675603217158177,0.7485986547085202,0.3276345291479821,0.39181614349775784,0.2985986547085202,648,342,617,655
ent_f5faff1a8e17,光泰禪院,Institution,4,4,0,1,1,1,1,1,0.0005308088374922029,0.0,1.0,1,153,2,0.0,1,1,propagation_organization,0.0,25.0,0.7485986547085202,0.3276345291479821,0.39181614349775784,0.2985986547085202,648,342,617,655
ent_41cca98c54d0,十方大覺禪寺,Institution,2,2,0,1,1,1,1,1,0.0005308088374922029,0.0,1.0,1,159,2,0.0,1,1,propagation_organization,0.0,50.0,0.7485986547085202,0.3276345291479821,0.39181614349775784,0.2985986547085202,648,342,617,655
ent_012cfcf7b6c1,巴利語,Concept,56,35,0,1,1,1,1,1,0.0005308088374922029,0.0,1.0,1,87,2,0.0,1,1,propagation_organization,0.0,1.7857142857142858,0.7485986547085202,0.3276345291479821,0.39181614349775784,0.2985986547085202,648,342,617,655
ent_aefae9baad0b,因果差別,DoctrineTerm,6,6,0,1,1,1,2,2,0.0005308088374922029,0.0,1.0,1,220,2,0.0,1,1,thought_doctrine,0.0,16.666666666666668,0.7485986547085202,0.3276345291479821,0.39181614349775784,0.2985986547085202,648,342,617,655
ent_e8d3964b529a,汴京智海寺,Institution,1,1,0,1,1,1,1,1,0.0005308088374922029,0.0,1.0,1,222,2,0.0,1,1,propagation_organization,0.0,100.0,0.7485986547085202,0.3276345291479821,0.39181614349775784,0.2985986547085202,648,342,617,655
ent_a1ad0c6b625d,生老病死,Concept,746,544,0,1,1,1,1,1,0.0005308088374922029,0.0,1.0,1,104,2,0.0,1,1,thought_doctrine,0.0,0.13404825737265416,0.7485986547085202,0.3276345291479821,0.39181614349775784,0.2985986547085202,648,342,617,655
ent_ac22422f7b19,歸元寺,Institution,0,0,0,1,1,1,1,1,0.0005308088374922029,0.0,1.0,1,224,2,0.0,1,1,propagation_organization,0.0,,0.7485986547085202,0.3276345291479821,0.39181614349775784,0.2985986547085202,648,342,617,655
ent_7937c977b8a3,書畫展,PracticeActivity,38,29,0,1,1,1,1,1,0.0005308088374922029,0.0,1.0,1,225,2,0.0,1,1,propagation_organization,0.0,2.6315789473684212,0.7485986547085202,0.3276345291479821,0.39181614349775784,0.2985986547085202,648,342,617,655
ent_932a94260cf7,妙心寺,Institution,1,1,0,1,1,1,1,1,0.0005308088374922029,0.0,1.0,1,230,2,0.0,1,1,propagation_organization,0.0,100.0,0.7485986547085202,0.3276345291479821,0.39181614349775784,0.2985986547085202,648,342,617,655
ent_debc7426d8e8,儒佛一致,DoctrineTerm,1,1,0,1,1,1,1,1,0.0005308088374922029,0.0,1.0,1,234,2,0.0,1,1,propagation_organization,0.0,100.0,0.7485986547085202,0.3276345291479821,0.39181614349775784,0.2985986547085202,648,342,617,655
ent_660adce818ab,福嚴良雅禪師,BuddhistFigure,0,0,0,1,1,1,1,1,0.0005308088374922029,0.0,1.0,1,237,2,0.0,1,1,propagation_organization,0.0,,0.7485986547085202,0.3276345291479821,0.39181614349775784,0.2985986547085202,648,342,617,655
ent_805df02b4b6d,鐵佛寺,Institution,0,0,0,1,1,1,1,1,0.0005308088374922029,0.0,1.0,1,240,2,0.0,1,1,propagation_organization,0.0,,0.7485986547085202,0.3276345291479821,0.39181614349775784,0.2985986547085202,648,342,617,655
ent_bd4e1f23037f,建長寺,Institution,7,7,0,1,1,1,1,1,0.0005308088374922029,0.0,1.0,1,181,2,0.0,1,1,propagation_organization,0.0,14.285714285714286,0.7485986547085202,0.3276345291479821,0.39181614349775784,0.2985986547085202,648,342,617,655
ent_a903c24e048f,千僧供養法會,PracticeActivity,1,1,0,1,1,1,1,1,0.0005308088374922029,0.0,1.0,1,231,2,0.0,1,1,propagation_organization,0.0,100.0,0.7485986547085202,0.3276345291479821,0.39181614349775784,0.2985986547085202,648,342,617,655
ent_060684c31f21,菩薩道：中國佛教菩薩思想學術會議,PracticeActivity,0,0,0,1,1,1,1,1,0.0005308088374922029,0.0,1.0,1,226,2,0.0,1,1,propagation_organization,0.0,,0.7485986547085202,0.3276345291479821,0.39181614349775784,0.2985986547085202,648,342,617,655
ent_56801b09aa3c,延平佛學院,Institution,3,3,0,1,1,1,1,1,0.0005308088374922029,0.0,1.0,1,180,2,0.0,1,1,propagation_organization,0.0,33.333333333333336,0.7485986547085202,0.3276345291479821,0.39181614349775784,0.2985986547085202,648,342,617,655
ent_4d51437bc35b,廬山雲中寺,Institution,1,1,0,1,1,1,1,1,0.0005308088374922029,0.0,1.0,1,242,2,0.0,1,1,propagation_organization,0.0,100.0,0.7485986547085202,0.3276345291479821,0.39181614349775784,0.2985986547085202,648,342,617,655
ent_646ca5411e60,遊園驚夢,Classic,2,2,0,1,1,1,1,1,0.0005308088374922029,0.0,1.0,1,216,2,0.0,1,1,propagation_organization,0.0,50.0,0.7485986547085202,0.3276345291479821,0.39181614349775784,0.2985986547085202,648,342,617,655
ent_254a566d0684,五戒國小,Institution,2,1,0,1,1,1,1,1,0.0005308088374922029,0.0,1.0,1,236,2,0.0,1,1,propagation_organization,0.0,50.0,0.7485986547085202,0.3276345291479821,0.39181614349775784,0.2985986547085202,648,342,617,655
ent_8773a3689092,台州慈雲寺,Institution,1,1,0,1,1,1,1,1,0.0005308088374922029,0.0,1.0,1,235,2,0.0,1,1,propagation_organization,0.0,100.0,0.7485986547085202,0.3276345291479821,0.39181614349775784,0.2985986547085202,648,342,617,655
ent_8bebed9208c2,三階佛法,SchoolTradition,0,0,0,1,1,1,1,1,0.0005308088374922029,0.0,1.0,1,246,2,0.0,1,1,practice,0.0,,0.7485986547085202,0.3276345291479821,0.39181614349775784,0.2985986547085202,648,342,617,655
ent_aa07e752d9fa,馬公市區東衛後山,PlaceRealm,0,0,0,1,1,1,1,1,0.0005308088374922029,0.0,1.0,1,223,2,0.0,1,1,propagation_organization,0.0,,0.7485986547085202,0.3276345291479821,0.39181614349775784,0.2985986547085202,648,342,617,655
ent_5a9b30907b4f,羅漢桂琛,BuddhistFigure,39,13,0,1,1,1,1,1,0.0005308088374922029,0.0,1.0,1,204,2,0.0,1,1,propagation_organization,0.0,2.5641025641025643,0.7485986547085202,0.3276345291479821,0.39181614349775784,0.2985986547085202,648,342,617,655
ent_d76b44f04dbb,水忏法会,PracticeActivity,0,0,0,1,1,1,1,1,0.0005308088374922029,0.0,1.0,1,221,2,0.0,1,1,propagation_organization,0.0,,0.7485986547085202,0.3276345291479821,0.39181614349775784,0.2985986547085202,648,342,617,655
ent_74dcaa5d8d83,西半球,PlaceRealm,70,59,0,1,1,1,1,1,0.0005308088374922029,0.0,1.0,1,211,2,0.0,1,1,propagation_organization,0.0,1.4285714285714286,0.7485986547085202,0.3276345291479821,0.39181614349775784,0.2985986547085202,648,342,617,655
ent_01fba74b0f25,净化人心运动,PracticeActivity,0,0,0,1,1,1,1,1,0.0005308088374922029,0.0,1.0,1,228,2,0.0,1,1,propagation_organization,0.0,,0.7485986547085202,0.3276345291479821,0.39181614349775784,0.2985986547085202,648,342,617,655
ent_98f4ad5a4f9f,延慶寺,Institution,0,0,0,1,1,1,1,1,0.0005308088374922029,0.0,1.0,1,88,2,0.0,1,1,propagation_organization,0.0,,0.7485986547085202,0.3276345291479821,0.39181614349775784,0.2985986547085202,648,342,617,655
ent_68aee3617c5a,中國佛學社,Institution,1,1,0,1,1,1,1,1,0.0005308088374922029,0.0,1.0,1,227,2,0.0,1,1,propagation_organization,0.0,100.0,0.7485986547085202,0.3276345291479821,0.39181614349775784,0.2985986547085202,648,342,617,655
ent_32b9ff097781,普門中學新校區,PlaceRealm,0,0,0,1,1,1,1,1,0.0005308088374922029,0.0,1.0,1,248,2,0.0,1,1,propagation_organization,0.0,,0.7485986547085202,0.3276345291479821,0.39181614349775784,0.2985986547085202,648,342,617,655
ent_44f65cd34baf,如來分會,Institution,18,12,0,1,1,1,1,1,0.0005308088374922029,0.0,1.0,1,173,2,0.0,1,1,propagation_organization,0.0,5.555555555555555,0.7485986547085202,0.3276345291479821,0.39181614349775784,0.2985986547085202,648,342,617,655
ent_b551bc14fbae,梁州薛寺,Institution,1,1,0,1,1,1,1,1,0.0005308088374922029,0.0,1.0,1,249,2,0.0,1,1,propagation_organization,0.0,100.0,0.7485986547085202,0.3276345291479821,0.39181614349775784,0.2985986547085202,648,342,617,655
ent_ec0b999b8abe,女子佛學院,Institution,86,67,0,1,1,1,1,1,0.0005308088374922029,0.0,1.0,1,245,2,0.0,1,1,propagation_organization,0.0,1.1627906976744187,0.7485986547085202,0.3276345291479821,0.39181614349775784,0.2985986547085202,648,342,617,655
ent_0d720929a4de,淨化人心生活講座,PracticeActivity,1,1,0,1,1,1,1,1,0.0005308088374922029,0.0,1.0,1,233,2,0.0,1,1,propagation_organization,0.0,100.0,0.7485986547085202,0.3276345291479821,0.39181614349775784,0.2985986547085202,648,342,617,655
ent_4e24e193d70a,大韓民國,PlaceRealm,41,29,0,1,1,1,1,1,0.0005308088374922029,0.0,1.0,1,171,2,0.0,1,1,propagation_organization,0.0,2.4390243902439024,0.7485986547085202,0.3276345291479821,0.39181614349775784,0.2985986547085202,648,342,617,655
ent_b5079b470fb6,禮拜千佛法會,PracticeActivity,6,5,0,1,1,1,1,1,0.0005308088374922029,0.0,1.0,1,232,2,0.0,1,1,propagation_organization,0.0,16.666666666666668,0.7485986547085202,0.3276345291479821,0.39181614349775784,0.2985986547085202,648,342,617,655
ent_aeed90a4c355,傳戒活動,PracticeActivity,13,5,0,1,1,1,1,1,0.0005308088374922029,0.0,1.0,1,251,2,0.0,1,1,propagation_organization,0.0,7.6923076923076925,0.7485986547085202,0.3276345291479821,0.39181614349775784,0.2985986547085202,648,342,617,655
ent_f3d0935142ef,法國佛教友誼會,Institution,2,2,0,1,1,1,1,1,0.0005308088374922029,0.0,1.0,1,196,2,0.0,1,1,propagation_organization,0.0,50.0,0.7485986547085202,0.3276345291479821,0.39181614349775784,0.2985986547085202,648,342,617,655
ent_71c0bb3d6ad5,万岁寺无相大师,BuddhistFigure,0,0,0,1,1,1,1,1,0.0005308088374922029,0.0,1.0,1,238,2,0.0,1,1,propagation_organization,0.0,,0.7485986547085202,0.3276345291479821,0.39181614349775784,0.2985986547085202,648,342,617,655
ent_dd2f2709c013,大乘精舍印經會,Institution,4,3,0,1,1,1,1,1,0.0005308088374922029,0.0,1.0,1,168,2,0.0,1,1,propagation_organization,0.0,25.0,0.7485986547085202,0.3276345291479821,0.39181614349775784,0.2985986547085202,648,342,617,655
ent_37138bbe163a,神鼎寺,Institution,3,3,0,1,1,1,1,1,0.0005308088374922029,0.0,1.0,1,202,2,0.0,1,1,propagation_organization,0.0,33.333333333333336,0.7485986547085202,0.3276345291479821,0.39181614349775784,0.2985986547085202,648,342,617,655
ent_a70709da66b3,碧西圣乔治市,PlaceRealm,0,0,0,1,1,1,1,1,0.0005308088374922029,0.0,1.0,1,252,2,0.0,1,1,propagation_organization,0.0,,0.7485986547085202,0.3276345291479821,0.39181614349775784,0.2985986547085202,648,342,617,655
ent_05aedab16401,高中校长会议,PracticeActivity,0,0,0,1,1,1,1,1,0.0005308088374922029,0.0,1.0,1,253,2,0.0,1,1,propagation_organization,0.0,,0.7485986547085202,0.3276345291479821,0.39181614349775784,0.2985986547085202,648,342,617,655
ent_519278842826,漢城,PlaceRealm,69,49,0,1,1,1,1,1,0.0005308088374922029,0.0,1.0,1,199,2,0.0,1,1,propagation_organization,0.0,1.4492753623188406,0.7485986547085202,0.3276345291479821,0.39181614349775784,0.2985986547085202,648,342,617,655
ent_4b722295aaf8,虎丘東山寺,Institution,1,1,0,1,1,1,1,1,0.0005308088374922029,0.0,1.0,1,243,2,0.0,1,1,propagation_organization,0.0,100.0,0.7485986547085202,0.3276345291479821,0.39181614349775784,0.2985986547085202,648,342,617,655
ent_4812050faea9,哈爾濱極樂寺,Institution,0,0,0,1,1,1,1,1,0.0005308088374922029,0.0,1.0,1,239,2,0.0,1,1,propagation_organization,0.0,,0.7485986547085202,0.3276345291479821,0.39181614349775784,0.2985986547085202,648,342,617,655
ent_002d7f894865,東蓮覺苑,Institution,0,0,0,1,1,1,1,1,0.0005308088374922029,0.0,1.0,1,255,2,0.0,1,1,propagation_organization,0.0,,0.7485986547085202,0.3276345291479821,0.39181614349775784,0.2985986547085202,648,342,617,655
ent_07cd2c4a9267,圓頓止觀,PracticeActivity,0,0,0,1,1,1,1,1,0.0005308088374922029,0.0,1.0,1,250,2,0.0,1,1,thought_doctrine,0.0,,0.7485986547085202,0.3276345291479821,0.39181614349775784,0.2985986547085202,648,342,617,655
ent_16ff29c6f14c,佛法精舍,Institution,2,2,0,1,1,1,1,1,0.0005308088374922029,0.0,1.0,1,229,2,0.0,1,1,propagation_organization,0.0,50.0,0.7485986547085202,0.3276345291479821,0.39181614349775784,0.2985986547085202,648,342,617,655
ent_32cddfde3994,女子佛学院,Institution,0,0,0,1,1,1,1,1,0.0005308088374922029,0.0,1.0,1,254,2,0.0,1,1,propagation_organization,0.0,,0.7485986547085202,0.3276345291479821,0.39181614349775784,0.2985986547085202,648,342,617,655
ent_53e344326696,義學,DoctrineTerm,171,126,0,1,1,1,1,1,0.0005308088374922029,0.0,1.0,1,205,2,0.0,1,1,propagation_organization,0.0,0.5847953216374269,0.7485986547085202,0.3276345291479821,0.39181614349775784,0.2985986547085202,648,342,617,655
ent_38e607844cb4,生命的喜悅講座,PracticeActivity,0,0,0,1,1,1,1,1,0.0005308088374922029,0.0,1.0,1,244,2,0.0,1,1,propagation_organization,0.0,,0.7485986547085202,0.3276345291479821,0.39181614349775784,0.2985986547085202,648,342,617,655
ent_dd31feb41f17,南美洲弘法團,PracticeActivity,2,2,0,1,1,1,1,1,0.0005308088374922029,0.0,1.0,1,241,2,0.0,1,1,propagation_organization,0.0,50.0,0.7485986547085202,0.3276345291479821,0.39181614349775784,0.2985986547085202,648,342,617,655
ent_97ed080001bd,鼓山西禪寺,Institution,1,1,0,1,1,1,1,1,0.0005308088374922029,0.0,1.0,1,247,2,0.0,1,1,propagation_organization,0.0,100.0,0.7485986547085202,0.3276345291479821,0.39181614349775784,0.2985986547085202,648,342,617,655
ent_1559e2a45626,六法戒,DoctrineTerm,51,27,0,1,1,1,2,3,0.0005308088374922029,0.0,1.0,1,76,2,0.0,1,1,thought_doctrine,0.0,1.9607843137254901,0.7485986547085202,0.3276345291479821,0.39181614349775784,0.2985986547085202,648,342,617,655
ent_b1f8525fc408,世間的財富,Concept,1,1,0,1,1,1,1,1,0.0005308088374922029,0.0,1.0,1,256,2,0.0,1,1,thought_doctrine,0.0,100.0,0.7485986547085202,0.3276345291479821,0.39181614349775784,0.2985986547085202,648,342,617,655
ent_e2e58428ed0b,澤安禪師,BuddhistFigure,1,1,0,1,1,1,1,1,0.0005308088374922029,0.0,1.0,1,257,2,0.0,1,1,propagation_organization,0.0,100.0,0.7485986547085202,0.3276345291479821,0.39181614349775784,0.2985986547085202,648,342,617,655
ent_4ea73025112d,內修,Concept,1,1,0,1,1,1,1,1,0.0005308088374922029,0.0,1.0,1,258,2,0.0,1,1,thought_doctrine,0.0,100.0,0.7485986547085202,0.3276345291479821,0.39181614349775784,0.2985986547085202,648,342,617,655
ent_22b7ce953a6a,僧讚僧,PracticeActivity,1,1,0,1,1,1,1,1,0.0005308088374922029,0.0,1.0,1,259,2,0.0,1,1,thought_doctrine,0.0,100.0,0.7485986547085202,0.3276345291479821,0.39181614349775784,0.2985986547085202,648,342,617,655
ent_5082725ac667,人間慧用,DoctrineTerm,1,1,0,1,1,1,1,1,0.0005308088374922029,0.0,1.0,1,260,2,0.0,1,1,thought_doctrine,0.0,100.0,0.7485986547085202,0.3276345291479821,0.39181614349775784,0.2985986547085202,648,342,617,655
ent_8c64fc801efb,大慈恩寺三藏法師傳,Classic,15,14,0,1,1,1,1,1,0.0005308088374922029,0.0,1.0,1,83,2,0.0,1,1,classic_text,0.0,6.666666666666667,0.7485986547085202,0.3276345291479821,0.39181614349775784,0.2985986547085202,648,342,617,655
ent_1c838d636e21,佛教回傳印度,PracticeActivity,1,1,0,1,1,1,1,1,0.0005308088374922029,0.0,1.0,1,261,2,0.0,1,1,practice,0.0,100.0,0.7485986547085202,0.3276345291479821,0.39181614349775784,0.2985986547085202,648,342,617,655
ent_2a8faf64d791,弘福寺,Institution,6,5,1,3,4,5,6,6,0.0005298633248842458,0.0003874965320154005,315.8638888888867,3,7,59,0.0,2,1,propagation_organization,0.946394630357186,83.33333333333333,0.6877802690582959,0.7679372197309418,0.39181614349775784,0.48471973094170406,215,558,415,540
ent_2d036e6a1440,供佛,PracticeActivity,0,0,0,2,2,2,2,2,0.0005289964704087093,0.0009278722011287421,333.26507936507767,2,14,15,0.5,2,1,propagation_organization,1.0,,0.6872197309417041,0.8464125560538116,0.9161995515695067,0.6734248878923768,391,559,275,240
ent_1e4cd9ef7617,不可思議境,DoctrineTerm,1,1,0,1,1,2,2,2,0.0005289590006574952,0.0,284.8757936507909,1,8,58,0.0,1,1,thought_doctrine,0.0,200.0,0.6866591928251121,0.3276345291479821,0.39181614349775784,0.2985986547085202,648,560,617,655
ent_2074071360a1,八關齋戒,PracticeActivity,1,1,3,4,7,7,8,9,0.000528767463163461,0.004587646298429465,373.09047619047396,3,2,153,0.21875,5,3,practice;propagation_organization;thought_doctrine,0.9755037590061084,700.0,0.6860986547085202,0.9557174887892377,0.7909192825112108,0.7895627802690584,134,561,80,87
ent_36a6e7830052,雷音寺,Institution,960,433,5,2,7,7,7,7,0.0005254434666815162,0.002473628635164348,338.67817460317247,3,4,150,0.24489795918367352,3,1,propagation_organization,0.7248340915057598,0.7291666666666666,0.6855381165919282,0.9209641255605381,0.796804932735426,0.6774271300448431,134,562,142,237
ent_91f9a0883bbd,三三昧,DoctrineTerm,0,0,0,1,1,1,1,1,0.0005246921830901934,0.0,269.4023809523774,1,5,111,0.0,1,1,practice,0.0,,0.6849775784753364,0.3276345291479821,0.39181614349775784,0.2985986547085202,648,563,617,655
ent_6e7071ae50c8,王舍城,PlaceRealm,327,177,0,1,1,1,1,1,0.000523873709893869,0.0,276.636904761902,1,2,153,0.0,1,1,propagation_organization,0.0,0.3058103975535168,0.6844170403587444,0.3276345291479821,0.39181614349775784,0.2985986547085202,648,564,617,655
ent_afb048116bc5,河南,PlaceRealm,434,300,0,2,2,2,2,2,0.0005229226689357303,0.0001955241064136867,310.5507936507918,2,1,235,0.5,1,1,propagation_organization,1.0,0.4608294930875576,0.6838565022421524,0.7572869955156951,0.9161995515695067,0.6277746636771302,391,565,434,321
ent_a15549db03a1,常住,DoctrineTerm,5308,1775,1,1,1,2,2,2,0.000520812188120307,0.0,338.81309523809324,1,2,153,0.0,1,1,thought_doctrine,0.0,0.037678975131876416,0.6832959641255605,0.3276345291479821,0.39181614349775784,0.2985986547085202,648,566,617,655
ent_6b2e6ca8c8d7,慧可,BuddhistFigure,316,179,1,1,1,2,3,4,0.000516452822249211,0.0,266.1813492063458,1,6,77,0.0,1,1,propagation_organization,0.0,0.6329113924050633,0.6827354260089686,0.3276345291479821,0.39181614349775784,0.2985986547085202,648,567,617,655
ent_ca0016203b2a,忉利天,PlaceRealm,303,197,0,1,1,1,1,1,0.0005157766467522297,0.0,290.8694444444418,1,5,111,0.0,1,1,practice,0.0,0.33003300330033003,0.6821748878923767,0.3276345291479821,0.39181614349775784,0.2985986547085202,648,568,617,655
ent_f32778275820,喇嘛教,SchoolTradition,58,29,0,1,1,1,1,1,0.000512624178352954,0.0,242.24642857142464,1,1,235,0.0,1,1,thought_doctrine,0.0,1.7241379310344827,0.6813340807174888,0.3276345291479821,0.39181614349775784,0.2985986547085202,648,569,617,655
ent_a8d96b560dbf,臺北,PlaceRealm,28,23,0,1,1,1,1,1,0.000512624178352954,0.0,235.8428571428532,1,5,111,0.0,1,1,propagation_organization,0.0,3.5714285714285716,0.6813340807174888,0.3276345291479821,0.39181614349775784,0.2985986547085202,648,569,617,655
ent_5e903c8a7284,僧伽,DoctrineTerm,1652,784,1,1,2,3,3,3,0.0005095891512916332,0.0008038256308961114,297.8091269841247,1,5,111,0.0,2,1,thought_doctrine,1.0,0.18159806295399517,0.6802130044843049,0.804372197309417,0.39181614349775784,0.4992937219730942,391,571,315,475
ent_3a8696f8c749,佛寶,DoctrineTerm,283,183,0,1,1,1,1,1,0.0005095891512916332,0.0,297.1424603174581,1,5,111,0.0,1,1,thought_doctrine,0.0,0.35335689045936397,0.6802130044843049,0.3276345291479821,0.39181614349775784,0.2985986547085202,648,571,617,655
ent_304830ec88fd,大悲懺法會,PracticeActivity,89,61,0,3,3,3,3,3,0.0005095558568334755,3.422554245341415e-05,331.2496031746014,2,4,150,0.4444444444444444,1,1,propagation_organization,0.0,3.3707865168539324,0.679372197309417,0.7102017937219731,0.8646300448430493,0.5934697309417041,286,573,518,376
ent_5ea3155cf1ae,壽山寺,Institution,599,266,1,1,2,2,2,2,0.0005094942834630985,6.159661806682698e-05,346.8559523809503,2,4,150,0.5,2,1,propagation_organization,1.0,0.333889816360601,0.6788116591928252,0.7242152466367713,0.9161995515695067,0.6245459641255606,391,574,493,326
ent_ad803c7745ff,比丘,RoleTitle,5019,1494,1,1,2,2,2,2,0.0005047339034792589,0.0008038256308961114,247.2155483405443,1,14,15,0.0,2,2,propagation_organization;thought_doctrine,1.0,0.03984857541342897,0.6782511210762332,0.804372197309417,0.39181614349775784,0.5392937219730942,391,575,315,415
ent_5185d3428d4f,大乘,SchoolTradition,0,0,3,3,6,6,6,6,0.0005017818436676194,0.0009937701510521009,357.1690476190455,4,4,150,0.6111111111111112,3,3,practice;propagation_organization;thought_doctrine,0.9697238998682473,,0.6776905829596412,0.851457399103139,0.9607623318385651,0.7788116591928251,154,576,266,100
ent_02b251ee97af,攝律儀戒,DoctrineTerm,85,59,2,2,4,4,5,6,0.0005016135092632618,0.0010421167584398533,379.1928571428541,3,13,16,0.31999999999999984,2,1,thought_doctrine,0.8112781244591328,4.705882352941177,0.6765695067264574,0.8542600896860987,0.8116591928251121,0.6452017937219732,215,577,261,292
ent_4799c54a7635,攝善法戒,DoctrineTerm,82,60,1,2,3,3,4,5,0.0005016135092632618,0.00016840134777021152,376.23571428571125,3,13,16,0.375,2,1,thought_doctrine,0.9182958340544894,3.658536585365854,0.6765695067264574,0.75,0.8321188340807175,0.6096356502242153,286,577,447,352
ent_4cbb79674ae0,饒益有情戒,DoctrineTerm,77,56,0,2,2,2,3,4,0.0005016135092632618,0.0,307.5535714285697,2,13,16,0.0,1,1,thought_doctrine,1.0,2.5974025974025974,0.6765695067264574,0.3276345291479821,0.39181614349775784,0.2985986547085202,391,577,617,655
ent_c23eb3ad53f7,法華經,Classic,0,0,12,4,14,18,24,25,0.0005012536705483896,0.007018545255299123,395.90238095237845,5,3,153,0.7118055555555556,4,2,classic_text;thought_doctrine,0.8549912206176892,,0.6754484304932735,0.975896860986547,0.9949551569506726,0.8088452914798208,44,580,44,55
ent_fef47302d49d,迦葉尊者,BuddhistFigure,0,0,5,2,6,7,13,13,0.0005002168516553178,0.0010430136239624127,376.99523809523606,4,2,153,0.0,4,3,classic_text;practice;propagation_organization,0.9697238998682473,,0.6748878923766816,0.8548206278026906,0.39181614349775784,0.6194730941704036,154,581,260,336
ent_306c7f44fab0,四大,DoctrineTerm,1986,1019,2,1,2,3,3,3,0.0004992691628579039,0.0001601684253081057,275.9710317460288,2,11,22,0.4444444444444444,2,1,thought_doctrine,1.0,0.1510574018126888,0.6740470852017937,0.7488789237668162,0.8646300448430493,0.6189405829596413,391,582,449,338
ent_2271d5d66ece,身體,Concept,22,15,2,1,2,3,3,3,0.0004992691628579039,6.714283526148672e-06,249.3880952380913,2,11,22,0.0,3,1,thought_doctrine,0.0,13.636363636363637,0.6740470852017937,0.6855381165919282,0.39181614349775784,0.4617600896860986,391,582,562,561
ent_4a16a1380682,生活,Concept,44,32,0,2,2,2,2,2,0.0004986006624080253,6.908721583800586e-05,375.28571428571126,2,3,153,0.5,1,1,thought_doctrine,1.0,4.545454545454546,0.6732062780269058,0.7281390134529148,0.9161995515695067,0.616115470852018,391,584,486,345
ent_de19925d58cc,如來家,Concept,143,130,0,1,1,1,1,1,0.0004940825074014739,0.0,300.9626984126963,1,2,153,0.0,1,1,thought_doctrine,0.0,0.6993006993006993,0.672645739910314,0.3276345291479821,0.39181614349775784,0.2985986547085202,648,585,617,655
ent_bd47464bca89,洛陽,PlaceRealm,9,6,0,2,2,2,3,4,0.0004934328864930904,0.0016063923336310697,280.8761904761876,1,7,59,0.0,1,1,propagation_organization,1.0,22.22222222222222,0.672085201793722,0.8741591928251121,0.39181614349775784,0.5172085201793722,391,586,222,457
ent_860bf9704fd4,不立文字,Concept,165,130,0,3,3,3,3,3,0.0004911998528326047,0.0,370.4547619047598,3,6,77,0.4444444444444444,3,2,propagation_organization;thought_doctrine,0.9999999999999998,1.8181818181818181,0.67152466367713,0.3276345291479821,0.8646300448430493,0.5004428251121076,286,587,617,473
ent_40c8f9586cac,真空,DoctrineTerm,0,0,0,2,2,2,2,2,0.0004901432653051932,1.697500142801287e-05,251.3460317460278,2,6,77,0.0,2,2,practice;thought_doctrine,1.0,,0.6709641255605381,0.6978699551569507,0.39181614349775784,0.49669282511210766,391,588,540,501
ent_426c553369e4,快樂,Concept,6100,2405,0,1,1,1,1,1,0.0004894031257734407,0.0,274.2460317460288,1,2,153,0.0,1,1,thought_doctrine,0.0,0.01639344262295082,0.6704035874439462,0.3276345291479821,0.39181614349775784,0.2985986547085202,648,589,617,655
ent_143b6f4eaba4,世間諸規律,Concept,1,1,0,1,1,1,1,1,0.0004880873963914845,0.0,307.1031746031726,1,1,235,0.0,1,1,thought_doctrine,0.0,100.0,0.6698430493273543,0.3276345291479821,0.39181614349775784,0.2985986547085202,648,590,617,655
ent_e06ca0ede50b,生死流,DoctrineTerm,128,104,0,1,1,1,1,1,0.0004811991581241546,0.0,314.6615079365061,1,9,56,0.0,1,1,other_domain,0.0,0.78125,0.6692825112107623,0.3276345291479821,0.39181614349775784,0.2985986547085202,648,591,617,655
ent_297086e6fa83,持名念佛,PracticeActivity,92,46,5,2,7,7,8,11,0.00048105093573556874,0.006092095003114503,313.4019841269821,4,6,77,0.53125,3,3,practice;propagation_organization;thought_doctrine,0.9165164431996023,7.608695652173913,0.6687219730941704,0.9708520179372198,0.9425448430493274,0.8211042600896862,134,592,53,47
ent_feb094c88de4,經律論,Classic,0,0,0,2,2,2,2,2,0.00047904872455200724,4.943308851305658e-05,273.18134920634594,2,7,59,0.0,1,1,classic_text,0.0,,0.6681614349775785,0.7180493273542601,0.39181614349775784,0.45476457399103143,391,593,504,576
ent_44689cd01464,法喜禪悅,DoctrineTerm,79,78,0,1,1,1,1,1,0.00047818294640150085,0.0,289.79920634920364,1,4,150,0.0,1,1,practice,0.0,1.2658227848101267,0.6676008968609866,0.3276345291479821,0.39181614349775784,0.2985986547085202,648,594,617,655
ent_61c32823b489,煩惱魔,DoctrineTerm,0,0,0,1,1,1,1,1,0.00047617700372224115,0.0,328.71746031745846,1,2,153,0.0,1,1,thought_doctrine,0.0,,0.6667600896860987,0.3276345291479821,0.39181614349775784,0.2985986547085202,648,595,617,655
ent_59609223f1f9,感應道交,Concept,148,126,0,1,1,1,1,1,0.00047617700372224115,0.0,328.71746031745846,1,2,153,0.0,1,1,practice,0.0,0.6756756756756757,0.6667600896860987,0.3276345291479821,0.39181614349775784,0.2985986547085202,648,595,617,655
ent_dda32765796c,楞嚴經,Classic,0,0,2,3,5,5,5,6,0.0004758917537004143,0.0028054914717701666,368.2666666666643,3,9,56,0.56,3,2,classic_text;thought_doctrine,0.9609640474436812,,0.6659192825112108,0.9276905829596412,0.9503923766816144,0.7661939461883409,184,597,130,111
ent_0e0105fc5bd1,感應,DoctrineTerm,990,429,1,2,3,3,6,6,0.00047389977300853377,0.00013035031838641144,368.71666666666425,3,3,153,0.5,3,1,thought_doctrine,0.9182958340544894,0.30303030303030304,0.6653587443946188,0.7410313901345291,0.9161995515695067,0.6412724215246637,286,598,463,295
ent_0890201a5138,金陵刻經處,Institution,125,68,0,2,2,2,2,2,0.00046981047921168843,0.003207748954617528,228.17499999999652,1,20,8,0.0,1,1,propagation_organization,0.0,1.6,0.6647982062780269,0.9327354260089686,0.39181614349775784,0.5406390134529149,391,599,121,412
ent_e265ca1a8db0,諸法因緣生,DoctrineTerm,0,0,0,3,3,4,6,7,0.0004646019406105032,0.00029497047169412444,406.5761904761875,3,2,153,0.2777777777777777,2,2,propagation_organization;thought_doctrine,0.9182958340544894,,0.6642376681614349,0.7628923766816144,0.8035313901345291,0.6462163677130046,286,600,424,291
ent_3ed26541dab9,英國,PlaceRealm,1239,611,0,3,3,3,3,4,0.00046455060382032213,0.00014113333107198937,370.435317460315,2,1,235,0.4444444444444444,2,1,propagation_organization,0.9999999999999998,0.24213075060532688,0.6636771300448431,0.7449551569506726,0.8646300448430493,0.6173710762331839,286,601,456,341
ent_ced3b75054f2,法身,DoctrineTerm,2358,1025,6,2,8,8,8,8,0.00046448386511238865,0.001322675574824016,353.5511904761879,5,3,153,0.5625,1,1,thought_doctrine,0.6695919455357792,0.33927056827820185,0.6631165919282511,0.8637892376681614,0.95347533632287,0.6815582959641255,115,602,244,232
ent_8026db9b96b0,勝鬘夫人,BuddhistFigure,252,135,7,1,8,8,9,9,0.00046447706850607026,0.004648388071816207,397.9023809523775,4,16,9,0.6419753086419753,4,4,classic_text;other_domain;practice;propagation_organization,0.875,3.1746031746031744,0.6625560538116592,0.9562780269058296,0.9744955156950673,0.874859865470852,115,603,79,21
ent_942a1f85e62c,平等心,DoctrineTerm,409,295,0,1,1,1,1,1,0.00046409982622764944,0.0,273.5531746031716,1,1,235,0.0,1,1,thought_doctrine,0.0,0.24449877750611246,0.6619955156950673,0.3276345291479821,0.39181614349775784,0.2985986547085202,648,604,617,655
ent_b693a5f5a653,宜蘭,PlaceRealm,3928,1154,0,3,3,3,3,3,0.00046391494557331285,3.111680445720851e-05,326.0496031746009,3,4,150,0.4444444444444444,1,1,propagation_organization,0.9182958340544894,0.07637474541751528,0.6614349775784754,0.7062780269058296,0.8646300448430493,0.5919002242152467,286,605,525,378
ent_9e373653fbb1,在家信徒,Group,2,2,0,2,2,2,2,2,0.00046320694032039574,0.0,360.2785714285694,2,2,153,0.0,2,1,propagation_organization,1.0,100.0,0.6608744394618834,0.3276345291479821,0.39181614349775784,0.3085986547085202,391,606,617,645
ent_99c7b21f179d,錫蘭,PlaceRealm,617,199,0,2,2,3,3,3,0.0004621095874924978,6.323539767269756e-05,371.7619047619023,2,1,235,0.4444444444444444,1,1,propagation_organization,0.0,0.4862236628849271,0.6603139013452914,0.7247757847533632,0.8646300448430493,0.5992993273542602,391,607,492,367
ent_ae43e461cb53,東方佛教學院,Institution,413,251,0,1,1,1,1,1,0.00046190599943573434,0.0,309.2674603174585,1,4,150,0.0,1,1,thought_doctrine,0.0,0.24213075060532688,0.6597533632286996,0.3276345291479821,0.39181614349775784,0.2985986547085202,648,608,617,655
ent_8f45ef20816b,戒定慧,DoctrineTerm,0,0,0,1,1,1,1,1,0.00046056551154814577,0.0,348.1166666666646,1,1,235,0.0,1,1,thought_doctrine,0.0,,0.6583520179372198,0.3276345291479821,0.39181614349775784,0.2985986547085202,648,609,617,655
ent_0e20158c14f8,怨親平等,Concept,109,90,0,1,1,1,1,1,0.00046056551154814577,0.0,348.1166666666646,1,1,235,0.0,1,1,thought_doctrine,0.0,0.9174311926605505,0.6583520179372198,0.3276345291479821,0.39181614349775784,0.2985986547085202,648,609,617,655
ent_f14065e04ed1,有分別,DoctrineTerm,451,356,0,1,1,1,1,1,0.00046056551154814577,0.0,348.1166666666646,1,1,235,0.0,1,1,thought_doctrine,0.0,0.22172949002217296,0.6583520179372198,0.3276345291479821,0.39181614349775784,0.2985986547085202,648,609,617,655
ent_e87482bfdb9e,無緣慈悲,DoctrineTerm,8,7,0,1,1,1,1,1,0.00046056551154814577,0.0,348.1166666666646,1,1,235,0.0,1,1,thought_doctrine,0.0,12.5,0.6583520179372198,0.3276345291479821,0.39181614349775784,0.2985986547085202,648,609,617,655
ent_1f128cf77312,別願,DoctrineTerm,13,9,0,1,1,1,1,1,0.0004602503688236567,0.0,294.5888888888866,1,3,153,0.0,1,1,thought_doctrine,0.0,7.6923076923076925,0.6569506726457399,0.3276345291479821,0.39181614349775784,0.2985986547085202,648,613,617,655
ent_34f3e5d28b2d,阿彌陀佛,BuddhistFigure,0,0,7,2,9,10,17,17,0.0004591088773552805,0.0018496598934147359,382.19404761904485,5,6,77,0.44290657439446357,5,4,classic_text;other_domain;practice;propagation_organization,0.886682880001534,,0.656390134529148,0.8968609865470852,0.8503363228699552,0.8238452914798208,97,614,185,44
ent_bdd4ba4add7f,阿含經,Classic,1134,596,0,2,2,2,2,2,0.0004578752837286908,0.0018926395478730572,368.90476190475897,2,25,5,0.5,2,2,classic_text;thought_doctrine,1.0,0.1763668430335097,0.655829596412556,0.9002242152466368,0.9161995515695067,0.7349495515695068,391,615,179,149
ent_ffe2a7a0922d,都市佛學院,PracticeActivity,16,12,0,2,2,2,2,2,0.00045779003400473264,7.976209135304287e-06,326.57936507936324,2,4,150,0.5,1,1,propagation_organization,0.0,12.5,0.6552690582959642,0.6889013452914798,0.9161995515695067,0.600420403587444,391,616,556,365
ent_f488e42f9741,般若經,Classic,0,0,2,3,5,5,5,5,0.00045761080755558556,0.004713723874842731,310.7757936507913,3,9,56,0.31999999999999984,4,2,classic_text;thought_doctrine,0.9609640474436812,,0.6547085201793722,0.9573991031390134,0.8116591928251121,0.7464573991031391,184,617,77,133
ent_179321067604,維摩詰,Person,0,0,7,2,9,9,12,12,0.0004576065377117598,0.0011694145670474339,383.7357142857113,5,2,153,0.6944444444444444,3,3,classic_text;practice;propagation_organization,0.935944697445866,,0.6541479820627802,0.8587443946188341,0.9910313901345291,0.7908071748878924,97,618,253,85
ent_72572651290c,佛果,DoctrineTerm,458,304,3,2,5,5,5,5,0.00045690125465528797,0.00013347028207059112,338.96904761904557,4,2,153,0.6399999999999999,4,3,other_domain;practice;thought_doctrine,0.8649735207179272,1.091703056768559,0.6535874439461884,0.7432735426008968,0.9736547085201793,0.7494058295964126,184,619,459,128
ent_ae916c26fce1,基督教,SchoolTradition,1840,929,0,2,2,2,2,2,0.0004566798479131589,6.100064514152303e-05,364.0186507936483,2,4,150,0.5,2,2,propagation_organization;thought_doctrine,1.0,0.10869565217391304,0.6530269058295964,0.7236547085201793,0.9161995515695067,0.6643217488789237,391,620,494,254
ent_07bfbb5e8102,同體平等精神,DoctrineTerm,1,1,0,1,1,1,1,1,0.0004562429292220775,0.0,317.2650793650773,1,7,59,0.0,1,1,thought_doctrine,0.0,100.0,0.6524663677130045,0.3276345291479821,0.39181614349775784,0.2985986547085202,648,621,617,655
ent_58a8df3c4da6,四種因緣,DoctrineTerm,0,0,0,1,1,1,1,1,0.0004556565070636698,0.0,282.9067460317437,1,1,235,0.0,1,1,thought_doctrine,0.0,,0.6516255605381166,0.3276345291479821,0.39181614349775784,0.2985986547085202,648,622,617,655
ent_87d89b9096ee,無上菩提,DoctrineTerm,0,0,0,1,1,1,1,1,0.0004556565070636698,0.0,282.9067460317437,1,1,235,0.0,1,1,practice,0.0,,0.6516255605381166,0.3276345291479821,0.39181614349775784,0.2985986547085202,648,622,617,655
ent_9f1c0d6bde7c,三界唯心,DoctrineTerm,2,2,0,2,2,2,2,2,0.0004553281123447293,0.00032302313310119204,253.2142857142817,2,7,59,0.0,2,2,propagation_organization;thought_doctrine,1.0,100.0,0.6507847533632287,0.7645739910313901,0.39181614349775784,0.5233744394618834,391,624,421,447
ent_b6e2108f0d49,利他,Concept,791,509,0,1,1,1,1,1,0.00045450014150610825,0.0,253.18650793650374,1,17,9,0.0,1,1,propagation_organization,0.0,0.1264222503160556,0.6502242152466368,0.3276345291479821,0.39181614349775784,0.2985986547085202,648,625,617,655
ent_8fe2d2e07895,五家七宗,SchoolTradition,0,0,0,1,1,1,2,2,0.0004532761292855231,0.0,297.09999999999775,1,6,77,0.0,1,1,propagation_organization,0.0,,0.6496636771300448,0.3276345291479821,0.39181614349775784,0.2985986547085202,648,626,617,655
ent_456d8483a27a,止持,PracticeActivity,28,20,0,1,1,1,1,1,0.00045283159007055275,0.0,281.95912698412445,1,3,153,0.0,1,1,thought_doctrine,0.0,3.5714285714285716,0.649103139013453,0.3276345291479821,0.39181614349775784,0.2985986547085202,648,627,617,655
ent_bf4abdbd551f,馬來西亞,PlaceRealm,2546,892,0,2,2,2,2,2,0.0004513144771024722,0.0,371.54960317460075,2,1,235,0.0,2,1,propagation_organization,1.0,0.07855459544383346,0.648542600896861,0.3276345291479821,0.39181614349775784,0.3085986547085202,391,628,617,645
ent_a24f729ae6fd,不變隨緣,DoctrineTerm,186,135,1,2,3,3,7,8,0.0004501771117700454,0.0008038256308961114,375.15793650793387,2,11,22,0.24489795918367352,1,1,thought_doctrine,0.9999999999999998,1.6129032258064515,0.647982062780269,0.804372197309417,0.796804932735426,0.6107903587443946,286,629,315,348
ent_d7590e18e650,本懷,DoctrineTerm,506,349,1,1,2,2,2,2,0.0004498019757836137,0.0,388.26666666666324,2,1,235,0.0,2,1,thought_doctrine,1.0,0.3952569169960474,0.6457399103139013,0.3276345291479821,0.39181614349775784,0.3085986547085202,391,630,617,645
ent_036611aae18d,平等法,DoctrineTerm,100,74,0,1,1,1,1,1,0.0004498019757836137,0.0,373.5357142857113,1,1,235,0.0,1,1,thought_doctrine,0.0,1.0,0.6457399103139013,0.3276345291479821,0.39181614349775784,0.2985986547085202,648,630,617,655
ent_06a5c708c5f8,心法,DoctrineTerm,1,1,0,1,1,1,1,1,0.0004498019757836137,0.0,373.53571428571126,1,1,235,0.0,1,1,thought_doctrine,0.0,100.0,0.6457399103139013,0.3276345291479821,0.39181614349775784,0.2985986547085202,648,630,617,655
ent_44bf7482c442,煩惱即菩提,DoctrineTerm,0,0,0,1,1,1,1,1,0.0004498019757836137,0.0,373.5357142857113,1,1,235,0.0,1,1,thought_doctrine,0.0,,0.6457399103139013,0.3276345291479821,0.39181614349775784,0.2985986547085202,648,630,617,655
ent_3acd0f10d936,生死即涅槃,DoctrineTerm,0,0,0,1,1,1,1,1,0.0004498019757836137,0.0,373.5357142857113,1,1,235,0.0,1,1,thought_doctrine,0.0,,0.6457399103139013,0.3276345291479821,0.39181614349775784,0.2985986547085202,648,630,617,655
ent_52c739f7d876,亞洲,PlaceRealm,1007,591,0,1,1,1,1,1,0.0004498019757836137,0.0,373.53571428571126,1,1,235,0.0,1,1,propagation_organization,0.0,0.09930486593843098,0.6457399103139013,0.3276345291479821,0.39181614349775784,0.2985986547085202,648,630,617,655
ent_b9f78f3f7722,江西洞山,PlaceRealm,5,5,0,1,1,1,1,1,0.0004498019757836137,0.0,373.5357142857113,1,1,235,0.0,1,1,propagation_organization,0.0,20.0,0.6457399103139013,0.3276345291479821,0.39181614349775784,0.2985986547085202,648,630,617,655
ent_0b57e814efc0,佛子,Group,779,529,2,2,4,4,4,4,0.00044969562442285425,0.0009781489329149238,381.8452380952356,3,4,150,0.375,3,3,other_domain;practice;propagation_organization,0.946394630357186,0.5134788189987163,0.6434977578475336,0.850896860986547,0.8321188340807175,0.7399943946188341,215,637,267,142
ent_bd668b3b64b4,捨身,PracticeActivity,2,2,0,1,1,1,2,2,0.0004494776931181836,0.0,252.00158730158333,1,2,153,0.0,1,1,practice,0.0,50.0,0.6429372197309418,0.3276345291479821,0.39181614349775784,0.2985986547085202,648,638,617,655
ent_61ac7a05f35c,財富,Concept,25,14,0,1,1,1,1,1,0.00044823710091731583,0.0,263.9603174603137,1,5,111,0.0,1,1,thought_doctrine,0.0,4.0,0.6423766816143498,0.3276345291479821,0.39181614349775784,0.2985986547085202,648,639,617,655
ent_3a0f69046814,禪法,DoctrineTerm,775,455,4,4,8,8,8,9,0.000445363199388275,0.002657806402610129,416.5166666666632,4,6,77,0.53125,3,3,practice;propagation_organization;thought_doctrine,0.9283832117695864,1.032258064516129,0.6418161434977578,0.9237668161434978,0.9425448430493274,0.8022701793721974,115,640,137,67
ent_640a02e96874,佛身,DoctrineTerm,415,202,0,2,2,2,2,2,0.00044531290967076396,4.915045995676969e-05,327.63412698412475,2,7,59,0.5,2,1,thought_doctrine,1.0,0.4819277108433735,0.6412556053811659,0.7169282511210763,0.9161995515695067,0.6216311659192826,391,641,506,332
ent_6d57e3340e69,無上正等正覺,DoctrineTerm,168,97,1,1,2,2,2,2,0.00044401779827211145,1.50398874978755e-05,295.2928571428547,2,3,153,0.0,2,2,other_domain;thought_doctrine,0.0,1.1904761904761905,0.640695067264574,0.6967488789237668,0.39181614349775784,0.4962443946188341,391,642,542,502
ent_2fd7468711e7,諸佛菩薩,Group,1219,813,13,1,14,14,16,16,0.00044298474334189937,0.002584777625398297,400.392857142854,6,3,153,0.484375,3,3,practice;propagation_organization;thought_doctrine,0.817581733764401,1.1484823625922889,0.6401345291479821,0.922085201793722,0.890695067264574,0.786042600896861,44,643,140,91
ent_94013824bc5f,佛教最初的僧寶,RoleTitle,1,1,0,1,1,1,1,1,0.00044073808700119133,0.0,283.7226190476164,1,2,153,0.0,1,1,thought_doctrine,0.0,100.0,0.6395739910313901,0.3276345291479821,0.39181614349775784,0.2985986547085202,648,644,617,655
ent_f655d58e1f7a,無住處涅槃,DoctrineTerm,0,0,0,1,1,1,1,1,0.0004380838568233873,0.0,286.47460317460013,1,3,153,0.0,1,1,practice,0.0,,0.6390134529147982,0.3276345291479821,0.39181614349775784,0.2985986547085202,648,645,617,655
ent_7b6b30866e87,增上心,DoctrineTerm,68,47,0,1,1,1,1,1,0.00043736829404315207,0.0,302.3174603174582,1,3,153,0.0,1,1,thought_doctrine,0.0,1.4705882352941178,0.6384529147982063,0.3276345291479821,0.39181614349775784,0.2985986547085202,648,646,617,655
ent_36eaf958f1b3,唯識宗,SchoolTradition,0,0,6,1,7,7,9,10,0.0004373545870253509,0.003545234059359045,319.65198412698214,3,7,59,0.0,2,1,propagation_organization,0.8699155297736259,,0.6376121076233184,0.9411434977578476,0.39181614349775784,0.5540022421524664,134,647,106,400
ent_1962e58e13dd,願智,DoctrineTerm,2,2,0,1,1,1,1,1,0.0004373545870253509,0.0,247.28809523809122,1,24,5,0.0,1,1,thought_doctrine,0.0,50.0,0.6376121076233184,0.3276345291479821,0.39181614349775784,0.2985986547085202,648,647,617,655
ent_fa85b6f0e1fe,方便法門,PracticeActivity,0,0,0,1,1,1,1,1,0.000436792879738165,0.0,284.2321428571403,1,2,153,0.0,1,1,thought_doctrine,0.0,,0.6364910313901345,0.3276345291479821,0.39181614349775784,0.2985986547085202,648,649,617,655
ent_bbc3f91edda5,近住律儀,Concept,6,6,0,1,1,1,1,1,0.000436792879738165,0.0,284.23214285714033,1,2,153,0.0,1,1,thought_doctrine,0.0,16.666666666666668,0.6364910313901345,0.3276345291479821,0.39181614349775784,0.2985986547085202,648,649,617,655
ent_7260146fcdfb,佛光會,Institution,0,0,18,3,21,25,25,27,0.00043621691969823284,0.011737244136771536,466.85714285713925,6,1,235,0.45120000000000005,9,3,practice;propagation_organization;thought_doctrine,0.8521606598375353,,0.6356502242152466,0.9876681614349776,0.8822869955156951,0.8697533632286996,23,651,23,25
ent_2626c70d8c90,法華三昧,DoctrineTerm,0,0,0,2,2,2,2,2,0.000435098956196503,7.048548029522322e-05,270.56309523809165,2,8,58,0.0,1,1,practice,1.0,,0.6350896860986547,0.7298206278026906,0.39181614349775784,0.4594730941704036,391,652,483,564
ent_6148c04ef4e3,盂蘭盆法會,PracticeActivity,42,31,0,3,3,3,3,3,0.00043401596123831166,0.00018662819636115739,366.30555555555316,3,5,111,0.6666666666666667,2,2,propagation_organization;thought_doctrine,0.9182958340544894,7.142857142857143,0.6345291479820628,0.7561659192825112,0.9826233183856502,0.6972533632286997,286,653,436,205
ent_8ee0a44ef063,世人,Group,15,12,0,3,3,3,4,4,0.0004307849045539485,0.0001958459602185773,376.6380952380928,3,6,77,0.375,2,2,practice;propagation_organization,0.9999999999999998,20.0,0.6339686098654709,0.757847533632287,0.8321188340807175,0.6527746636771301,286,654,433,282
ent_e47803ce7217,佛祖,DoctrineTerm,2047,1052,0,1,1,1,1,1,0.000430679309038497,0.0,300.46984126983887,1,19,8,0.0,1,1,thought_doctrine,0.0,0.048851978505129456,0.6334080717488789,0.3276345291479821,0.39181614349775784,0.2985986547085202,648,655,617,655
ent_3f3afeb6cfa0,普門中學,Institution,0,0,0,2,2,2,2,3,0.000430239799983208,7.150431941632901e-05,357.6853174603152,2,4,150,0.0,2,1,propagation_organization,0.0,,0.632847533632287,0.7303811659192825,0.39181614349775784,0.46969730941704035,391,656,482,553
ent_e754b3928fb8,大悲心,DoctrineTerm,263,183,1,1,2,2,2,2,0.00043012137863287164,0.0016063923336310697,246.66388888888469,1,11,22,0.0,2,1,thought_doctrine,0.0,0.7604562737642585,0.6322869955156951,0.8741591928251121,0.39181614349775784,0.5272085201793723,391,657,222,440
ent_c39225d34678,譯經場,PracticeActivity,1,1,0,1,1,1,1,1,0.0004295745324155299,0.0,198.406818181816,1,7,59,0.0,1,1,propagation_organization,0.0,100.0,0.6317264573991032,0.3276345291479821,0.39181614349775784,0.2985986547085202,648,658,617,655
ent_84d58ad44749,西域記,Classic,147,101,1,3,3,4,4,4,0.0004294945560176746,3.861066553408677e-05,315.0305555555534,3,7,59,0.0,1,1,classic_text,0.9182958340544894,2.7210884353741496,0.6311659192825112,0.7130044843049327,0.39181614349775784,0.45274663677130045,286,659,513,580
ent_5bcf615b153a,解行並重,Concept,216,172,0,1,1,1,1,1,0.00042915440184453384,0.0,275.7015873015845,1,4,150,0.0,1,1,propagation_organization,0.0,0.46296296296296297,0.6306053811659192,0.3276345291479821,0.39181614349775784,0.2985986547085202,648,660,617,655
ent_156e18cfb600,台灣佛學院,Institution,59,40,0,2,2,3,3,3,0.0004291449070246788,9.152707476381684e-06,293.04603174602966,2,21,7,0.0,1,1,propagation_organization,1.0,5.084745762711864,0.6300448430493274,0.6917040358744395,0.39181614349775784,0.44422645739910316,391,661,551,595
ent_f3d94ceb84d1,嘉義,PlaceRealm,592,329,0,1,1,1,1,1,0.000427301980295141,0.0,295.4460317460295,1,4,150,0.0,1,1,propagation_organization,0.0,0.16891891891891891,0.6292040358744395,0.3276345291479821,0.39181614349775784,0.2985986547085202,648,662,617,655
ent_57f88f423e06,嘉義大林,PlaceRealm,18,17,0,1,1,1,1,1,0.000427301980295141,0.0,295.4460317460295,1,4,150,0.0,1,1,propagation_organization,0.0,5.555555555555555,0.6292040358744395,0.3276345291479821,0.39181614349775784,0.2985986547085202,648,662,617,655
ent_984fe86233b7,以空為樂,DoctrineTerm,0,0,0,1,1,1,1,1,0.0004264765780412504,0.0,262.2551587301551,1,17,9,0.0,1,1,thought_doctrine,0.0,,0.6283632286995515,0.3276345291479821,0.39181614349775784,0.2985986547085202,648,664,617,655
ent_3e2c0b1657f4,精進,DoctrineTerm,3691,1971,1,3,4,4,4,5,0.0004245661638841247,0.00011814612182859076,352.5198412698391,4,3,153,0.625,3,2,practice;thought_doctrine,1.0,0.1083717149823896,0.6278026905829597,0.7376681614349776,0.9697309417040358,0.6959865470852018,215,665,469,208
ent_01a8576737aa,有學問的人,Group,1,1,0,1,1,1,1,1,0.0004234896052163375,0.0,316.40476190475965,1,5,111,0.0,1,1,propagation_organization,0.0,100.0,0.6272421524663677,0.3276345291479821,0.39181614349775784,0.2985986547085202,648,666,617,655
ent_2e7e654511a2,皈依三寶典禮,PracticeActivity,232,151,1,1,2,2,2,2,0.00042227492299790433,7.01258409641397e-05,349.4559523809503,2,12,20,0.5,1,1,propagation_organization,1.0,0.8620689655172413,0.6266816143497758,0.7292600896860987,0.9161995515695067,0.6165639013452915,391,667,484,344
ent_9b939a00b1f2,出世間,Concept,449,319,3,1,4,5,7,8,0.00042006165247208895,0.0008572412453297059,331.0952380952359,2,17,9,0.24489795918367352,1,1,thought_doctrine,0.946394630357186,1.1135857461024499,0.6258408071748879,0.8340807174887892,0.796804932735426,0.6226737668161435,215,668,297,329
ent_0c9855881300,閻浮提,Concept,66,52,0,1,1,1,1,1,0.00042006165247208895,0.0,276.9535714285687,1,17,9,0.0,1,1,thought_doctrine,0.0,1.5151515151515151,0.6258408071748879,0.3276345291479821,0.39181614349775784,0.2985986547085202,648,668,617,655
ent_60ba9db90bf7,玉泉寺,Institution,47,39,0,1,1,1,1,1,0.00041824958069679034,0.0,200.04054834054594,1,8,58,0.0,1,1,propagation_organization,0.0,2.127659574468085,0.625,0.3276345291479821,0.39181614349775784,0.2985986547085202,648,670,617,655
ent_2ea9c381a601,韓國,PlaceRealm,1885,709,0,2,2,2,2,3,0.00041791349380981905,0.00012676277589946115,376.3690476190452,2,6,77,0.5,1,1,propagation_organization,1.0,0.10610079575596817,0.624439461883408,0.7399103139013453,0.9161995515695067,0.6208239910313902,391,671,465,333
ent_357e48228821,賑濟活動,PracticeActivity,24,18,0,1,1,1,1,1,0.0004167976638097724,0.0,236.2171356421318,1,12,20,0.0,1,1,propagation_organization,0.0,4.166666666666667,0.6238789237668162,0.3276345291479821,0.39181614349775784,0.2985986547085202,648,672,617,655
ent_719d3ea810c6,大乘起信論,Classic,0,0,5,2,7,7,13,15,0.00041260962176439857,0.0030062762253575052,384.17460317460035,3,11,22,0.37869822485207094,2,2,classic_text;thought_doctrine,0.8631205685666311,,0.6233183856502242,0.9304932735426009,0.8419282511210763,0.7247757847533634,134,673,125,165
ent_d85ab40571d4,佛學院,Institution,3757,1486,2,3,5,6,6,7,0.0004115636437786082,0.0018844816882544987,416.64285714285376,3,4,150,0.4444444444444444,3,2,propagation_organization;thought_doctrine,0.8649735207179272,0.15970188980569602,0.6227578475336323,0.8996636771300448,0.8646300448430493,0.7292544843049327,184,674,180,156
ent_35d770a1e914,地藏王菩薩,BuddhistFigure,0,0,3,1,4,4,4,4,0.0004106613578284256,0.0016308788159037167,342.52499999999833,2,5,111,0.375,3,2,practice;propagation_organization,0.946394630357186,,0.6213565022421524,0.8878923766816144,0.8321188340807175,0.714792600896861,215,675,201,177
ent_97078eb2fa4c,頻婆娑羅王,Person,301,132,1,1,2,2,2,2,0.0004106613578284256,0.0016063923336310697,332.30357142856985,1,5,111,0.0,2,2,practice;propagation_organization,1.0,0.6644518272425249,0.6213565022421524,0.8741591928251121,0.39181614349775784,0.5672085201793722,391,675,222,391
ent_28f5c90585a8,佛舍利,RitualObject,0,0,0,1,1,1,1,1,0.0004106613578284256,0.0,331.3869047619033,1,5,111,0.0,1,1,practice,0.0,,0.6213565022421524,0.3276345291479821,0.39181614349775784,0.2985986547085202,648,675,617,655
ent_7f2683fa6f95,弗沙佛,BuddhistFigure,0,0,0,1,1,1,1,1,0.0004106613578284256,0.0,331.3869047619033,1,5,111,0.0,1,1,practice,0.0,,0.6213565022421524,0.3276345291479821,0.39181614349775784,0.2985986547085202,648,675,617,655
ent_a1f534091f7d,皈依,PracticeActivity,0,0,9,1,10,11,18,20,0.00041043000288259833,0.0024262437987303495,410.3595238095205,5,9,56,0.6234567901234568,5,4,other_domain;practice;propagation_organization;thought_doctrine,0.8427376486136672,,0.6196748878923767,0.9170403587443946,0.9669282511210763,0.8668946188340808,82,679,149,27
ent_ebd6c99e35d1,第一屆畢業典禮,PracticeActivity,7,5,0,1,1,1,1,1,0.00041043000288259833,0.0,285.07698412698153,1,4,150,0.0,1,1,propagation_organization,0.0,14.285714285714286,0.6196748878923767,0.3276345291479821,0.39181614349775784,0.2985986547085202,648,679,617,655
ent_2c806eb2d81c,分別,DoctrineTerm,5206,2640,0,1,1,1,1,1,0.0004095138534392106,0.0,317.4416666666647,1,3,153,0.0,1,1,thought_doctrine,0.0,0.01920860545524395,0.6188340807174888,0.3276345291479821,0.39181614349775784,0.2985986547085202,648,681,617,655
ent_2593239d3d20,百丈懷海,BuddhistFigure,350,169,4,1,5,5,5,6,0.00040881212093117397,0.0037879893840562723,321.6674603174584,2,14,15,0.31999999999999984,3,1,propagation_organization,0.9609640474436812,1.4285714285714286,0.600896860986547,0.945627802690583,0.8116591928251121,0.6917488789237669,184,682,98,216
ent_96d1c770087d,般舟三昧經,Classic,0,0,1,1,2,2,4,4,0.00040881212093117397,1.258928161152876e-06,2.5,1,32,4,0.0,2,1,thought_doctrine,0.0,,0.600896860986547,0.67152466367713,0.39181614349775784,0.44615470852017935,391,682,583,590
ent_8fc2661c9363,無生法忍,DoctrineTerm,326,170,1,1,2,2,2,2,0.00040881212093117397,0.0016063923336310697,300.7464285714263,1,3,153,0.0,2,1,thought_doctrine,0.0,0.6134969325153374,0.600896860986547,0.8741591928251121,0.39181614349775784,0.5272085201793723,391,682,222,440
ent_ff48d2c27940,沙門,DoctrineTerm,987,421,1,1,2,2,2,2,0.00040881212093117397,1.258928161152876e-06,297.8650793650768,2,13,16,0.0,2,1,thought_doctrine,1.0,0.20263424518743667,0.600896860986547,0.67152466367713,0.39181614349775784,0.44615470852017935,391,682,583,590
ent_5ac1b41269b7,遠見‧天下文化事業群,Institution,0,0,1,1,2,2,2,2,0.00040881212093117397,0.002407700108204875,295.66150793650587,1,38,4,0.5,2,1,propagation_organization,1.0,,0.600896860986547,0.9111547085201793,0.9161995515695067,0.6993217488789238,391,682,158,202
ent_755b0e7e804d,中國文化大學,Institution,132,81,1,1,2,2,2,2,0.00040881212093117397,1.258928161152876e-06,2.5,1,39,4,0.0,1,1,propagation_organization,1.0,1.5151515151515151,0.600896860986547,0.67152466367713,0.39181614349775784,0.43615470852017935,391,682,583,612
ent_3af1bfcadb1f,天下文化公司,Institution,59,51,1,1,2,2,2,2,0.00040881212093117397,0.0008038256308961114,201.4465007214982,1,38,4,0.0,2,1,propagation_organization,1.0,3.389830508474576,0.600896860986547,0.804372197309417,0.39181614349775784,0.4992937219730942,391,682,315,475
ent_e1851ae24c56,長庚醫院,Institution,110,80,1,1,2,2,2,2,0.00040881212093117397,0.0008038256308961114,276.2984126984098,1,4,150,0.0,2,1,propagation_organization,1.0,1.8181818181818181,0.600896860986547,0.804372197309417,0.39181614349775784,0.4992937219730942,391,682,315,475
ent_c2700b47b1f0,張老師專線,Institution,1,1,1,1,2,2,2,2,0.00040881212093117397,0.0008038256308961114,232.0813492063457,1,2,153,0.0,2,1,propagation_organization,1.0,200.0,0.600896860986547,0.804372197309417,0.39181614349775784,0.4992937219730942,391,682,315,475
ent_b208816c30fe,親鸞,BuddhistFigure,96,16,0,1,1,1,1,1,0.00040881212093117397,0.0,1.5,1,46,3,0.0,1,1,propagation_organization,0.0,1.0416666666666667,0.600896860986547,0.3276345291479821,0.39181614349775784,0.2985986547085202,648,682,617,655
ent_9bc118cd41eb,他力往生,DoctrineTerm,3,3,0,1,1,1,1,1,0.00040881212093117397,0.0,1.5,1,46,3,0.0,1,1,propagation_organization,0.0,33.333333333333336,0.600896860986547,0.3276345291479821,0.39181614349775784,0.2985986547085202,648,682,617,655
ent_3b081a86502a,房舍犍度,Concept,1,1,0,1,1,1,1,1,0.00040881212093117397,0.0,1.5,1,47,3,0.0,1,1,thought_doctrine,0.0,100.0,0.600896860986547,0.3276345291479821,0.39181614349775784,0.2985986547085202,648,682,617,655
ent_011778c2c5ca,雜犍度,Concept,1,1,0,1,1,1,1,1,0.00040881212093117397,0.0,1.5,1,47,3,0.0,1,1,thought_doctrine,0.0,100.0,0.600896860986547,0.3276345291479821,0.39181614349775784,0.2985986547085202,648,682,617,655
ent_f170f5d5f797,義無礙解,DoctrineTerm,3,3,0,1,1,1,1,1,0.00040881212093117397,0.0,1.5,1,45,3,0.0,1,1,thought_doctrine,0.0,33.333333333333336,0.600896860986547,0.3276345291479821,0.39181614349775784,0.2985986547085202,648,682,617,655
ent_c7670d56d510,法無礙解,DoctrineTerm,3,3,0,1,1,1,1,1,0.00040881212093117397,0.0,1.5,1,45,3,0.0,1,1,thought_doctrine,0.0,33.333333333333336,0.600896860986547,0.3276345291479821,0.39181614349775784,0.2985986547085202,648,682,617,655
ent_7a2ee41fc989,三太子哪吒,BuddhistFigure,1,1,0,1,1,1,1,1,0.00040881212093117397,0.0,1.5,1,48,3,0.0,1,1,classic_text,0.0,100.0,0.600896860986547,0.3276345291479821,0.39181614349775784,0.2985986547085202,648,682,617,655
ent_c82440250d41,道宣法師,BuddhistFigure,1,1,0,1,1,1,1,1,0.00040881212093117397,0.0,1.5,1,48,3,0.0,1,1,classic_text,0.0,100.0,0.600896860986547,0.3276345291479821,0.39181614349775784,0.2985986547085202,648,682,617,655
ent_8f73a9d36d56,佛立三昧,DoctrineTerm,0,0,0,1,1,1,3,3,0.00040881212093117397,0.0,1.8333333333333333,1,32,4,0.0,1,1,thought_doctrine,0.0,,0.600896860986547,0.3276345291479821,0.39181614349775784,0.2985986547085202,648,682,617,655
ent_e6ad4ecfe40e,賴耶識,DoctrineTerm,1,1,0,1,1,1,1,1,0.00040881212093117397,0.0,246.65476190475792,1,3,153,0.0,1,1,thought_doctrine,0.0,100.0,0.600896860986547,0.3276345291479821,0.39181614349775784,0.2985986547085202,648,682,617,655
ent_9b668ed79f6f,一心稱名,Concept,83,36,0,1,1,1,2,3,0.00040881212093117397,0.0,245.40317460317053,1,5,111,0.0,1,1,thought_doctrine,0.0,1.2048192771084338,0.600896860986547,0.3276345291479821,0.39181614349775784,0.2985986547085202,648,682,617,655
ent_86646936d7c3,平等性智,DoctrineTerm,62,34,0,1,1,1,1,1,0.00040881212093117397,0.0,219.0127705627672,1,3,153,0.0,1,1,other_domain,0.0,1.6129032258064515,0.600896860986547,0.3276345291479821,0.39181614349775784,0.2985986547085202,648,682,617,655
ent_d5990467e4c3,江天寺,Institution,0,0,0,1,1,1,1,1,0.00040881212093117397,0.0,286.5234126984103,1,1,235,0.0,1,1,propagation_organization,0.0,,0.600896860986547,0.3276345291479821,0.39181614349775784,0.2985986547085202,648,682,617,655
ent_d74879a06cda,法忍,DoctrineTerm,330,165,0,1,1,1,1,1,0.00040881212093117397,0.0,202.57857142856872,1,3,153,0.0,1,1,thought_doctrine,0.0,0.30303030303030304,0.600896860986547,0.3276345291479821,0.39181614349775784,0.2985986547085202,648,682,617,655
ent_8c9400d908e2,止持門,DoctrineTerm,3,2,0,1,1,1,1,1,0.00040881212093117397,0.0,233.213888888885,1,9,56,0.0,1,1,thought_doctrine,0.0,33.333333333333336,0.600896860986547,0.3276345291479821,0.39181614349775784,0.2985986547085202,648,682,617,655
ent_25a1cc59ae74,內蒙古,PlaceRealm,91,42,0,1,1,1,1,1,0.00040881212093117397,0.0,1.5,1,51,3,0.0,1,1,propagation_organization,0.0,1.098901098901099,0.600896860986547,0.3276345291479821,0.39181614349775784,0.2985986547085202,648,682,617,655
ent_bfe0ab7481a6,外蒙古,PlaceRealm,27,6,0,1,1,1,1,1,0.00040881212093117397,0.0,1.5,1,51,3,0.0,1,1,propagation_organization,0.0,3.7037037037037037,0.600896860986547,0.3276345291479821,0.39181614349775784,0.2985986547085202,648,682,617,655
ent_a8503fbb207c,人間佛教讀書會,Institution,169,84,0,1,1,1,1,1,0.00040881212093117397,0.0,282.6567460317437,1,1,235,0.0,1,1,propagation_organization,0.0,0.591715976331361,0.600896860986547,0.3276345291479821,0.39181614349775784,0.2985986547085202,648,682,617,655
ent_766a05730d7e,中華佛學研究所,Institution,11,10,0,1,1,1,1,1,0.00040881212093117397,0.0,217.34769119768777,1,4,150,0.0,1,1,propagation_organization,0.0,9.090909090909092,0.600896860986547,0.3276345291479821,0.39181614349775784,0.2985986547085202,648,682,617,655
ent_1c0d1ec16ad4,華嚴蓮社,Institution,93,50,0,1,1,1,1,1,0.00040881212093117397,0.0,237.33459595959195,1,15,10,0.0,1,1,propagation_organization,0.0,1.075268817204301,0.600896860986547,0.3276345291479821,0.39181614349775784,0.2985986547085202,648,682,617,655
ent_c1c52852387f,如來之子,Institution,165,85,0,1,1,1,1,1,0.00040881212093117397,0.0,282.6567460317437,1,1,235,0.0,1,1,propagation_organization,0.0,0.6060606060606061,0.600896860986547,0.3276345291479821,0.39181614349775784,0.2985986547085202,648,682,617,655
ent_37537e463afe,圓明楞嚴專宗學院,Institution,1,1,0,1,1,1,1,1,0.00040881212093117397,0.0,229.44722222221876,1,9,56,0.0,1,1,propagation_organization,0.0,100.0,0.600896860986547,0.3276345291479821,0.39181614349775784,0.2985986547085202,648,682,617,655
ent_fa5ca6435945,地藏法門,PracticeActivity,5,5,0,1,1,1,1,1,0.00040881212093117397,0.0,241.98531746031364,1,2,153,0.0,1,1,practice,0.0,20.0,0.600896860986547,0.3276345291479821,0.39181614349775784,0.2985986547085202,648,682,617,655
ent_e2b515a02170,四川合江法王學院,Institution,1,1,0,1,1,1,1,1,0.00040881212093117397,0.0,243.91269841269454,1,3,153,0.0,1,1,propagation_organization,0.0,100.0,0.600896860986547,0.3276345291479821,0.39181614349775784,0.2985986547085202,648,682,617,655
ent_12935a60d0f3,今日佛教月刊,Classic,4,4,0,1,1,1,1,1,0.00040881212093117397,0.0,1.5,1,49,3,0.0,1,1,propagation_organization,0.0,25.0,0.600896860986547,0.3276345291479821,0.39181614349775784,0.2985986547085202,648,682,617,655
ent_7f8012d8b083,海潮音,Concept,373,191,0,1,1,1,1,1,0.00040881212093117397,0.0,1.5,1,49,3,0.0,1,1,propagation_organization,0.0,0.2680965147453083,0.600896860986547,0.3276345291479821,0.39181614349775784,0.2985986547085202,648,682,617,655
ent_a3966254e67e,海會寺,Institution,30,28,0,1,1,1,1,1,0.00040881212093117397,0.0,235.79015151514756,1,11,22,0.0,1,1,propagation_organization,0.0,3.3333333333333335,0.600896860986547,0.3276345291479821,0.39181614349775784,0.2985986547085202,648,682,617,655
ent_e9aff721e041,法界一切有情,Group,1,1,0,1,1,1,1,1,0.00040881212093117397,0.0,172.16782106782037,1,23,6,0.0,1,1,propagation_organization,0.0,100.0,0.600896860986547,0.3276345291479821,0.39181614349775784,0.2985986547085202,648,682,617,655
ent_a33f4100f658,不丹分會,Institution,0,0,0,1,1,1,1,1,0.00040881212093117397,0.0,1.5,1,53,3,0.0,1,1,propagation_organization,0.0,,0.600896860986547,0.3276345291479821,0.39181614349775784,0.2985986547085202,648,682,617,655
ent_e46fdebe66f6,世界佛教青年學術會議,PracticeActivity,25,22,0,1,1,1,1,1,0.00040881212093117397,0.0,1.5,1,53,3,0.0,1,1,propagation_organization,0.0,4.0,0.600896860986547,0.3276345291479821,0.39181614349775784,0.2985986547085202,648,682,617,655
ent_2b537c64298a,不非時食,DoctrineTerm,46,28,0,1,1,1,1,1,0.00040881212093117397,0.0,217.33571428571094,1,13,16,0.0,1,1,thought_doctrine,0.0,2.1739130434782608,0.600896860986547,0.3276345291479821,0.39181614349775784,0.2985986547085202,648,682,617,655
ent_0908414db146,慧日講堂,Institution,11,10,0,1,1,1,1,1,0.00040881212093117397,0.0,282.6567460317437,1,1,235,0.0,1,1,propagation_organization,0.0,9.090909090909092,0.600896860986547,0.3276345291479821,0.39181614349775784,0.2985986547085202,648,682,617,655
ent_9f2ce22ccfa5,基隆靈泉禪寺,Institution,13,12,0,1,1,1,1,1,0.00040881212093117397,0.0,214.4151515151481,1,1,235,0.0,1,1,propagation_organization,0.0,7.6923076923076925,0.600896860986547,0.3276345291479821,0.39181614349775784,0.2985986547085202,648,682,617,655
ent_3a1b4aa935ff,恕道,Concept,42,15,0,1,1,1,1,1,0.00040881212093117397,0.0,1.5,1,58,3,0.0,1,1,propagation_organization,0.0,2.380952380952381,0.600896860986547,0.3276345291479821,0.39181614349775784,0.2985986547085202,648,682,617,655
ent_138a26cf025f,禮樂,Concept,81,52,0,1,1,1,1,1,0.00040881212093117397,0.0,1.5,1,58,3,0.0,1,1,propagation_organization,0.0,1.2345679012345678,0.600896860986547,0.3276345291479821,0.39181614349775784,0.2985986547085202,648,682,617,655
ent_32fba9d6876a,人性本善,Concept,15,14,0,1,1,1,1,1,0.00040881212093117397,0.0,1.5,1,55,3,0.0,1,1,propagation_organization,0.0,6.666666666666667,0.600896860986547,0.3276345291479821,0.39181614349775784,0.2985986547085202,648,682,617,655
ent_3eb1309e5192,性善,Concept,78,69,0,1,1,1,1,1,0.00040881212093117397,0.0,1.5,1,55,3,0.0,1,1,propagation_organization,0.0,1.2820512820512822,0.600896860986547,0.3276345291479821,0.39181614349775784,0.2985986547085202,648,682,617,655
ent_ba22175b5dfe,印度研究所,Institution,0,0,0,1,1,1,1,1,0.00040881212093117397,0.0,1.8333333333333333,1,39,4,0.0,1,1,propagation_organization,0.0,,0.600896860986547,0.3276345291479821,0.39181614349775784,0.2985986547085202,648,682,617,655
ent_3fed38c9ad97,琉璃印經室,Institution,3,3,0,1,1,1,1,1,0.00040881212093117397,0.0,1.5,1,61,3,0.0,1,1,propagation_organization,0.0,33.333333333333336,0.600896860986547,0.3276345291479821,0.39181614349775784,0.2985986547085202,648,682,617,655
ent_9f25e35c3ade,益華文具店,Institution,5,5,0,1,1,1,1,1,0.00040881212093117397,0.0,1.5,1,61,3,0.0,1,1,propagation_organization,0.0,20.0,0.600896860986547,0.3276345291479821,0.39181614349775784,0.2985986547085202,648,682,617,655
ent_bab854e6bef4,迎江寺,Institution,1,1,0,1,1,1,1,1,0.00040881212093117397,0.0,2.1666666666666665,1,27,5,0.0,1,1,propagation_organization,0.0,100.0,0.600896860986547,0.3276345291479821,0.39181614349775784,0.2985986547085202,648,682,617,655
ent_0427886e237d,聖福寺,Institution,7,5,0,1,1,1,1,1,0.00040881212093117397,0.0,254.76507936507525,1,5,111,0.0,1,1,propagation_organization,0.0,14.285714285714286,0.600896860986547,0.3276345291479821,0.39181614349775784,0.2985986547085202,648,682,617,655
ent_dba349b2481f,唯識學,DoctrineTerm,322,131,0,1,1,1,1,1,0.00040881212093117397,0.0,1.5,1,56,3,0.0,1,1,thought_doctrine,0.0,0.3105590062111801,0.600896860986547,0.3276345291479821,0.39181614349775784,0.2985986547085202,648,682,617,655
ent_f0d872fa4743,法相學,DoctrineTerm,9,9,0,1,1,1,1,1,0.00040881212093117397,0.0,1.5,1,56,3,0.0,1,1,thought_doctrine,0.0,11.11111111111111,0.600896860986547,0.3276345291479821,0.39181614349775784,0.2985986547085202,648,682,617,655
ent_c1e379fcf23b,大眾部,SchoolTradition,0,0,0,1,1,1,1,1,0.00040881212093117397,0.0,286.5234126984103,1,1,235,0.0,1,1,propagation_organization,0.0,,0.600896860986547,0.3276345291479821,0.39181614349775784,0.2985986547085202,648,682,617,655
ent_070f6be28642,溈山道場,Institution,1,1,0,1,1,1,1,1,0.00040881212093117397,0.0,211.30919913419598,1,14,15,0.0,1,1,propagation_organization,0.0,100.0,0.600896860986547,0.3276345291479821,0.39181614349775784,0.2985986547085202,648,682,617,655
ent_d49aad7d1a80,德里大學協會,Institution,5,2,0,1,1,1,1,1,0.00040881212093117397,0.0,282.6567460317437,1,1,235,0.0,1,1,propagation_organization,0.0,20.0,0.600896860986547,0.3276345291479821,0.39181614349775784,0.2985986547085202,648,682,617,655
ent_9ad123e7d362,萬福寺,Institution,0,0,0,1,1,1,1,1,0.00040881212093117397,0.0,1.8333333333333333,1,31,4,0.0,1,1,propagation_organization,0.0,,0.600896860986547,0.3276345291479821,0.39181614349775784,0.2985986547085202,648,682,617,655
ent_3a6383e94e35,苕溪寶藏寺,Institution,1,1,0,1,1,1,1,1,0.00040881212093117397,0.0,1.8333333333333333,1,42,4,0.0,1,1,propagation_organization,0.0,100.0,0.600896860986547,0.3276345291479821,0.39181614349775784,0.2985986547085202,648,682,617,655
ent_d955e20d95cf,頓悟法門,DoctrineTerm,0,0,0,1,1,1,1,1,0.00040881212093117397,0.0,1.5,1,64,3,0.0,1,1,propagation_organization,0.0,,0.600896860986547,0.3276345291479821,0.39181614349775784,0.2985986547085202,648,682,617,655
ent_690cd2d4e407,無盡藏尼,BuddhistFigure,0,0,0,1,1,1,1,1,0.00040881212093117397,0.0,1.5,1,64,3,0.0,1,1,propagation_organization,0.0,,0.600896860986547,0.3276345291479821,0.39181614349775784,0.2985986547085202,648,682,617,655
ent_dd727217cf88,越州天衣寺,Institution,1,1,0,1,1,1,1,1,0.00040881212093117397,0.0,251.57222222221796,1,8,58,0.0,1,1,propagation_organization,0.0,100.0,0.600896860986547,0.3276345291479821,0.39181614349775784,0.2985986547085202,648,682,617,655
ent_7b571af7237c,祇洹精舍,Institution,0,0,0,1,1,2,2,2,0.00040881212093117397,0.0,226.99166666666324,1,20,8,0.0,2,1,propagation_organization,0.0,,0.600896860986547,0.3276345291479821,0.39181614349775784,0.3085986547085202,648,682,617,645
ent_426a87fd3f85,泗河,PlaceRealm,4,3,0,1,1,1,1,2,0.00040881212093117397,0.0,193.58939393939178,1,7,59,0.0,1,1,propagation_organization,0.0,25.0,0.600896860986547,0.3276345291479821,0.39181614349775784,0.2985986547085202,648,682,617,655
ent_5d82de15d55d,一心三觀,DoctrineTerm,65,29,1,1,1,2,2,3,0.0004078872025138201,0.0,284.87579365079085,1,8,58,0.0,2,1,thought_doctrine,0.0,3.076923076923077,0.5823991031390134,0.3276345291479821,0.39181614349775784,0.3085986547085202,648,745,617,645
ent_ecc71f2ce47d,三世間,Concept,26,13,0,1,1,1,1,1,0.0004078872025138201,0.0,284.8757936507909,1,8,58,0.0,1,1,thought_doctrine,0.0,3.8461538461538463,0.5823991031390134,0.3276345291479821,0.39181614349775784,0.2985986547085202,648,745,617,655
ent_ef04744dcfa5,十法界,PlaceRealm,0,0,0,1,1,1,1,1,0.0004078872025138201,0.0,284.8757936507909,1,8,58,0.0,1,1,thought_doctrine,0.0,,0.5823991031390134,0.3276345291479821,0.39181614349775784,0.2985986547085202,648,745,617,655
ent_372b0cf6c9e9,學生,Group,19,13,0,2,2,2,3,3,0.00040422257471957784,0.000169989132721393,357.68531746031516,2,4,150,0.0,2,2,other_domain;propagation_organization,0.0,10.526315789473685,0.5812780269058296,0.7508408071748879,0.39181614349775784,0.5178811659192825,391,748,445,456
ent_39b0254dbb3e,大唐三藏聖教序,Work,19,15,0,1,1,1,2,2,0.000404164667049975,0.0,300.3734126984103,1,7,59,0.0,1,1,classic_text,0.0,5.2631578947368425,0.5807174887892377,0.3276345291479821,0.39181614349775784,0.2985986547085202,648,749,617,655
ent_13faea1f0334,娑婆世界,PlaceRealm,9,6,0,2,2,2,2,2,0.0004036351170636931,9.393876419839722e-05,335.2984126984109,2,5,111,0.5,1,1,propagation_organization,0.0,22.22222222222222,0.5801569506726457,0.7337443946188341,0.9161995515695067,0.6183576233183857,391,750,476,339
ent_3d22d74a6bc9,揚州,PlaceRealm,157,149,0,2,2,2,2,3,0.00040351729219477407,0.000619342839825865,373.60079365079105,2,4,150,0.5,1,1,propagation_organization,1.0,1.2738853503184713,0.5793161434977578,0.7755044843049327,0.9161995515695067,0.6350616591928251,391,751,401,310
ent_3f8fc5fa52ea,江蘇,PlaceRealm,1294,714,0,2,2,2,2,2,0.00040351729219477407,0.000619342839825865,373.60079365079105,2,4,150,0.5,1,1,propagation_organization,1.0,0.1545595054095827,0.5793161434977578,0.7755044843049327,0.9161995515695067,0.6350616591928251,391,751,401,310
ent_bfa25054d01d,忍辱波羅蜜,DoctrineTerm,92,73,0,3,3,3,3,3,0.00040351147475206606,9.543383770960025e-05,384.37857142856876,3,3,153,0.4444444444444444,2,2,practice;thought_doctrine,0.9182958340544894,3.260869565217391,0.57847533632287,0.734304932735426,0.8646300448430493,0.6531109865470852,286,753,475,280
ent_fce7d4348300,護法,PracticeActivity,0,0,1,1,1,2,2,2,0.0004034467501204873,0.0,332.57817460317256,1,1,235,0.0,2,1,thought_doctrine,0.0,,0.577914798206278,0.3276345291479821,0.39181614349775784,0.3085986547085202,648,754,617,645
ent_47750a781583,地獄,PlaceRealm,0,0,0,1,1,1,1,1,0.00040331283421644475,0.0,267.1432539682506,1,5,111,0.0,1,1,propagation_organization,0.0,,0.5770739910313901,0.3276345291479821,0.39181614349775784,0.2985986547085202,648,755,617,655
ent_1ea42cacf0f5,地獄中的眾生,Group,1,1,0,1,1,1,1,1,0.00040331283421644475,0.0,267.14325396825063,1,5,111,0.0,1,1,propagation_organization,0.0,100.0,0.5770739910313901,0.3276345291479821,0.39181614349775784,0.2985986547085202,648,755,617,655
ent_62bae25b4d48,洛杉磯,PlaceRealm,1541,736,0,2,2,2,2,2,0.00040300891334226656,3.691806832580809e-05,329.1246031746014,2,4,150,0.5,1,1,propagation_organization,0.0,0.12978585334198572,0.5762331838565022,0.7118834080717489,0.9161995515695067,0.6096132286995516,391,757,515,353
ent_cb3fb738fb33,短期出家,PracticeActivity,615,327,4,2,5,6,6,9,0.00040174494490220855,0.00026896028905629344,384.98095238094953,4,5,111,0.6666666666666667,4,3,practice;propagation_organization;thought_doctrine,0.9609640474436812,0.975609756097561,0.5756726457399103,0.7617713004484304,0.9826233183856502,0.7594955156950672,184,758,426,116
ent_d338fc4bba62,慧可禪師,BuddhistFigure,4,4,0,1,1,1,1,1,0.000401634113309678,0.0,266.1813492063458,1,6,77,0.0,1,1,propagation_organization,0.0,25.0,0.5751121076233184,0.3276345291479821,0.39181614349775784,0.2985986547085202,648,759,617,655
ent_a7dedf632b8d,觀像念佛,PracticeActivity,0,0,1,1,2,2,2,3,0.00039971979136154946,0.0008038256308961114,208.51356421356152,1,6,77,0.0,1,1,thought_doctrine,1.0,,0.5737107623318386,0.804372197309417,0.39181614349775784,0.4892937219730942,391,760,315,508
ent_db99c4992335,農禪,DoctrineTerm,59,49,0,1,1,1,1,1,0.00039971979136154946,0.0,247.62189754689356,1,4,150,0.0,1,1,propagation_organization,0.0,1.694915254237288,0.5737107623318386,0.3276345291479821,0.39181614349775784,0.2985986547085202,648,760,617,655
ent_a61673cc9c6a,實相念佛,PracticeActivity,0,0,0,1,1,1,1,1,0.00039971979136154946,0.0,207.84689754689487,1,6,77,0.0,1,1,thought_doctrine,0.0,,0.5737107623318386,0.3276345291479821,0.39181614349775784,0.2985986547085202,648,760,617,655
ent_b0be37c2e372,觀想念佛,PracticeActivity,0,0,0,1,1,1,1,2,0.00039971979136154946,0.0,207.8468975468949,1,6,77,0.0,1,1,thought_doctrine,0.0,,0.5737107623318386,0.3276345291479821,0.39181614349775784,0.2985986547085202,648,760,617,655
ent_658625f33487,三阿僧祇劫,DoctrineTerm,7,5,0,1,1,1,1,1,0.00039937613949916147,0.0,286.70674603174353,1,3,153,0.0,1,1,thought_doctrine,0.0,14.285714285714286,0.5720291479820628,0.3276345291479821,0.39181614349775784,0.2985986547085202,648,764,617,655
ent_6dcf60e2705b,應病與藥,Concept,67,63,0,1,1,1,1,1,0.00039937613949916147,0.0,288.0769841269818,1,8,58,0.0,1,1,thought_doctrine,0.0,1.492537313432836,0.5720291479820628,0.3276345291479821,0.39181614349775784,0.2985986547085202,648,764,617,655
ent_569e2b39b4fa,五大施,Concept,15,13,0,1,1,1,1,1,0.00039900749676443075,0.0,318.27142857142707,1,6,77,0.0,1,1,thought_doctrine,0.0,6.666666666666667,0.5711883408071748,0.3276345291479821,0.39181614349775784,0.2985986547085202,648,766,617,655
ent_ad979620bf9f,不增不減,Concept,120,106,0,1,1,1,2,2,0.00039854847822819433,0.0,303.59126984126766,1,3,153,0.0,1,1,thought_doctrine,0.0,0.8333333333333334,0.570627802690583,0.3276345291479821,0.39181614349775784,0.2985986547085202,648,767,617,655
ent_1e67c9f10ea1,說好話,PracticeActivity,2,2,0,1,1,1,2,2,0.00039810414594301986,0.0,269.54404761904453,1,10,42,0.0,1,1,thought_doctrine,0.0,50.0,0.570067264573991,0.3276345291479821,0.39181614349775784,0.2985986547085202,648,768,617,655
ent_50e37a24ea7e,優婆塞戒經,Classic,0,0,3,1,4,4,4,4,0.00039687692544817626,0.0010506808198147014,375.03571428571155,3,3,153,0.625,2,1,thought_doctrine,1.0,,0.5669843049327354,0.8553811659192825,0.9697309417040358,0.6930717488789238,215,769,259,211
ent_88d7722cdd9f,佛遺教經,Classic,0,0,3,1,4,4,4,4,0.00039687692544817626,0.0009153207507387009,377.1928571428543,3,8,58,0.5,2,1,thought_doctrine,1.0,,0.5669843049327354,0.8452914798206278,0.9161995515695067,0.6729764573991033,215,769,277,242
ent_196bec24579d,發菩提心,PracticeActivity,0,0,2,1,3,3,3,3,0.00039687692544817626,0.0016070217977116462,368.47142857142563,1,1,235,0.0,3,2,practice;thought_doctrine,0.9182958340544894,,0.5669843049327354,0.8811659192825112,0.39181614349775784,0.5800112107623319,286,769,206,383
ent_145bb0443468,善生經,Classic,0,0,2,1,3,3,3,3,0.00039687692544817626,5.8979448212917626e-05,399.65238095237754,2,2,153,0.4444444444444444,3,2,classic_text;thought_doctrine,0.9182958340544894,,0.5669843049327354,0.7230941704035875,0.8646300448430493,0.6586266816143498,286,769,495,265
ent_27ec897fd990,大寶積經,Classic,0,0,2,1,3,3,3,3,0.00039687692544817626,0.0005095221482298923,379.0619047619017,3,1,235,0.4444444444444444,2,1,thought_doctrine,0.9182958340544894,,0.5669843049327354,0.772982062780269,0.8646300448430493,0.6285818385650225,286,769,406,318
ent_c8c9299b5e43,佛說,DoctrineTerm,1423,873,0,1,1,1,1,1,0.00039687692544817626,0.0,367.1380952380923,1,1,235,0.0,1,1,thought_doctrine,0.0,0.07027406886858749,0.5669843049327354,0.3276345291479821,0.39181614349775784,0.2985986547085202,648,769,617,655
ent_dba837a7bf5d,共法,DoctrineTerm,112,83,0,1,1,1,1,1,0.00039687692544817626,0.0,367.1380952380923,1,1,235,0.0,1,1,thought_doctrine,0.0,0.8928571428571429,0.5669843049327354,0.3276345291479821,0.39181614349775784,0.2985986547085202,648,769,617,655
ent_455e42c81308,一代時教,DoctrineTerm,0,0,0,1,1,1,1,1,0.00039687692544817626,0.0,367.1380952380923,1,1,235,0.0,1,1,thought_doctrine,0.0,,0.5669843049327354,0.3276345291479821,0.39181614349775784,0.2985986547085202,648,769,617,655
ent_08e104b31a59,優婆夷,Concept,356,219,0,1,1,1,1,1,0.00039687692544817626,0.0,367.1380952380923,1,1,235,0.0,1,1,thought_doctrine,0.0,0.2808988764044944,0.5669843049327354,0.3276345291479821,0.39181614349775784,0.2985986547085202,648,769,617,655
ent_93dede9d7998,大眾化,Concept,0,0,0,1,1,1,1,1,0.00039687692544817626,0.0,367.1380952380923,1,1,235,0.0,1,1,thought_doctrine,0.0,,0.5669843049327354,0.3276345291479821,0.39181614349775784,0.2985986547085202,648,769,617,655
ent_8416aa5f2800,不二,DoctrineTerm,1046,540,0,1,1,1,1,1,0.00039634321934648955,0.0,266.14404761904404,1,11,22,0.0,1,1,thought_doctrine,0.0,0.09560229445506692,0.5636210762331838,0.3276345291479821,0.39181614349775784,0.2985986547085202,648,779,617,655
ent_c495c558929a,三世諸佛,BuddhistFigure,0,0,0,1,1,1,1,1,0.00039634321934648955,0.0,266.14404761904404,1,11,22,0.0,1,1,thought_doctrine,0.0,,0.5636210762331838,0.3276345291479821,0.39181614349775784,0.2985986547085202,648,779,617,655
ent_0561a5bfd292,不可得,Concept,419,220,0,2,2,2,2,3,0.0003949172427617779,5.85228514848423e-05,310.57738095237886,2,3,153,0.5,2,1,thought_doctrine,1.0,0.477326968973747,0.5627802690582959,0.7225336322869955,0.9161995515695067,0.6238733183856503,391,781,496,327
ent_7781495a64fa,大乘佛教,SchoolTradition,1197,584,2,2,4,4,4,4,0.000394298723510535,0.0008652979000633465,319.6519841269821,3,17,9,0.625,2,2,propagation_organization;thought_doctrine,0.946394630357186,0.3341687552213868,0.5622197309417041,0.8357623318385651,0.9697309417040358,0.7252242152466368,215,782,294,162
ent_c19be059531d,金剛經,Classic,0,0,12,2,14,15,26,32,0.00039291963379564507,0.005393368523128805,415.04999999999654,6,9,56,0.6775147928994083,2,2,classic_text;thought_doctrine,0.7783853970487746,,0.5616591928251121,0.9641255605381166,0.9865470852017937,0.7816143497757848,44,783,65,97
ent_824bc2a708f0,玄奘,BuddhistFigure,1909,757,7,2,9,9,10,13,0.0003920060271236153,0.003746235335405098,349.0234126984105,3,7,59,0.33999999999999986,5,3,classic_text;other_domain;propagation_organization,0.9683925140412225,0.4714510214772132,0.5610986547085202,0.945067264573991,0.8183856502242153,0.793542600896861,97,784,99,82
ent_17c3301155f2,以人為本,Concept,0,0,0,2,2,2,3,3,0.0003863483591673396,0.0,393.2234126984099,2,1,235,0.0,2,2,propagation_organization;thought_doctrine,1.0,,0.5605381165919282,0.3276345291479821,0.39181614349775784,0.3485986547085202,391,785,617,636
ent_ec6cf25e28ec,讚歎法門,PracticeActivity,76,52,0,2,2,2,4,4,0.00038601716574072686,3.3009899766354354e-05,368.00476190475985,2,2,153,0.0,1,1,practice,0.0,2.6315789473684212,0.5599775784753364,0.7090807174887892,0.39181614349775784,0.45117713004484306,391,786,520,581
ent_04d7fa03864a,八關齋戒修持法會,PracticeActivity,2,1,1,2,2,3,3,3,0.0003857326486348235,0.0,377.400793650791,2,5,111,0.4444444444444444,3,2,practice;propagation_organization,1.0,150.0,0.5594170403587444,0.3276345291479821,0.8646300448430493,0.5004428251121076,391,787,617,473
ent_2899b61d9eb2,台中佛教蓮社,Institution,34,22,0,1,1,2,2,2,0.0003844127776189682,0.0,262.5011904761867,1,8,58,0.0,1,1,propagation_organization,0.0,5.882352941176471,0.5588565022421524,0.3276345291479821,0.39181614349775784,0.2985986547085202,648,788,617,655
ent_fb30f347bb0e,清明梁皇法會,PracticeActivity,1,1,0,1,1,1,1,1,0.00038418709252125896,0.0,293.6230158730136,1,4,150,0.0,1,1,propagation_organization,0.0,100.0,0.5577354260089686,0.3276345291479821,0.39181614349775784,0.2985986547085202,648,789,617,655
ent_66669a152823,松山火車站,PlaceRealm,3,3,0,1,1,1,1,1,0.00038418709252125896,0.0,293.6230158730136,1,4,150,0.0,1,1,propagation_organization,0.0,33.333333333333336,0.5577354260089686,0.3276345291479821,0.39181614349775784,0.2985986547085202,648,789,617,655
ent_30f53723aaff,福慧共修法會,PracticeActivity,0,0,0,1,1,1,1,1,0.00038418709252125896,0.0,293.6230158730136,1,4,150,0.0,1,1,propagation_organization,0.0,,0.5577354260089686,0.3276345291479821,0.39181614349775784,0.2985986547085202,648,789,617,655
ent_01b985f7bc8c,佛光人,Group,0,0,6,1,6,7,7,11,0.00038357735184475734,6.510469675989418e-05,337.5507936507919,4,5,111,0.5714285714285714,1,1,practice,0.6500224216483541,,0.5566143497757847,0.7253363228699552,0.9543161434977578,0.6264293721973095,154,792,491,323
ent_b8906485472a,眾生心,DoctrineTerm,356,275,6,1,7,8,16,17,0.0003825539283101504,0.0009001164518049778,327.4876984126962,3,11,22,0.21875,3,1,thought_doctrine,0.5916727785823274,2.247191011235955,0.5560538116591929,0.843609865470852,0.7909192825112108,0.6447197309417041,134,793,280,293
ent_619063b58282,正思惟,Concept,106,73,0,1,1,1,1,1,0.0003825383812811418,0.0,284.25357142856876,1,2,153,0.0,1,1,thought_doctrine,0.0,0.9433962264150944,0.5552130044843049,0.3276345291479821,0.39181614349775784,0.2985986547085202,648,794,617,655
ent_11b1e9b44625,正精進,DoctrineTerm,104,83,0,1,1,1,1,1,0.0003825383812811418,0.0,284.2535714285688,1,2,153,0.0,1,1,thought_doctrine,0.0,0.9615384615384616,0.5552130044843049,0.3276345291479821,0.39181614349775784,0.2985986547085202,648,794,617,655
ent_390b7a8033d6,繫念,PracticeActivity,251,173,0,1,1,1,1,1,0.0003819351478015989,0.0,320.74246031745855,1,5,111,0.0,1,1,propagation_organization,0.0,0.398406374501992,0.554372197309417,0.3276345291479821,0.39181614349775784,0.2985986547085202,648,796,617,655
ent_9376ef468dea,臨濟宗,SchoolTradition,0,0,1,1,2,2,2,2,0.00038155542979268484,0.0,366.7809523809502,2,6,77,0.5,2,1,thought_doctrine,1.0,,0.5535313901345291,0.3276345291479821,0.9161995515695067,0.46591367713004483,391,797,617,556
ent_cb67679544bd,東山法門,SchoolTradition,0,0,0,1,1,1,1,1,0.00038155542979268484,0.0,308.9869047619029,1,6,77,0.0,1,1,thought_doctrine,0.0,,0.5535313901345291,0.3276345291479821,0.39181614349775784,0.2985986547085202,648,797,617,655
ent_f74615038936,兜率天,PlaceRealm,0,0,0,1,1,1,1,1,0.0003809927847714561,0.0,284.9222222222198,1,2,153,0.0,1,1,propagation_organization,0.0,,0.5526905829596412,0.3276345291479821,0.39181614349775784,0.2985986547085202,648,799,617,655
ent_7907bff5d2ac,戒禁取見,DoctrineTerm,43,29,0,1,1,1,1,1,0.00038098733494957844,0.0,265.49960317459954,1,3,153,0.0,1,1,thought_doctrine,0.0,2.3255813953488373,0.5521300448430493,0.3276345291479821,0.39181614349775784,0.2985986547085202,648,800,617,655
ent_b842c03f1824,智慧共享系列活動,PracticeActivity,2,2,0,1,1,1,1,1,0.0003804731216534757,0.0,295.91269841269616,1,4,150,0.0,1,1,propagation_organization,0.0,50.0,0.5515695067264574,0.3276345291479821,0.39181614349775784,0.2985986547085202,648,801,617,655
ent_c045579dfd7f,廣結善緣,Concept,1496,1092,2,1,3,3,3,3,0.00037937255013424274,0.0009450662844647025,337.2888888888869,2,5,111,0.4444444444444444,3,2,practice;thought_doctrine,0.9999999999999998,0.20053475935828877,0.5493273542600897,0.8492152466367713,0.8646300448430493,0.7090751121076233,286,802,270,187
ent_bc9520d818b0,第八地,DoctrineTerm,1,1,0,1,1,1,1,1,0.00037937255013424274,0.0,282.87976190475905,1,5,111,0.0,1,1,practice,0.0,100.0,0.5493273542600897,0.3276345291479821,0.39181614349775784,0.2985986547085202,648,802,617,655
ent_93e229fae0e2,善男信女,Group,101,95,0,1,1,1,1,1,0.00037937255013424274,0.0,282.87976190475905,1,5,111,0.0,1,1,propagation_organization,0.0,0.9900990099009901,0.5493273542600897,0.3276345291479821,0.39181614349775784,0.2985986547085202,648,802,617,655
ent_36690056b623,不請之友（角色稱謂）,RoleTitle,1,1,0,1,1,1,1,1,0.00037937255013424274,0.0,282.87976190475905,1,5,111,0.0,1,1,other_domain,0.0,100.0,0.5493273542600897,0.3276345291479821,0.39181614349775784,0.2985986547085202,648,802,617,655
ent_28ade926fdfd,千光王靜住如來,BuddhistFigure,1,1,0,1,1,1,1,1,0.00037937255013424274,0.0,282.87976190475905,1,5,111,0.0,1,1,propagation_organization,0.0,100.0,0.5493273542600897,0.3276345291479821,0.39181614349775784,0.2985986547085202,648,802,617,655
ent_e730d928530e,尋聲救苦,DoctrineTerm,114,106,0,1,1,1,1,1,0.00037937255013424274,0.0,282.879761904759,1,5,111,0.0,1,1,practice,0.0,0.8771929824561403,0.5493273542600897,0.3276345291479821,0.39181614349775784,0.2985986547085202,648,802,617,655
ent_f7c191512675,拔苦與樂,Concept,46,41,0,1,1,1,1,1,0.00037937255013424274,0.0,282.87976190475905,1,5,111,0.0,1,1,practice,0.0,2.1739130434782608,0.5493273542600897,0.3276345291479821,0.39181614349775784,0.2985986547085202,648,802,617,655
ent_a778b2ec3c14,教團,Institution,2737,1118,0,3,3,3,3,3,0.0003781576040688357,5.72339408760439e-05,372.45476190475966,3,2,153,0.0,1,1,propagation_organization,0.0,0.10960906101571063,0.547085201793722,0.7219730941704036,0.39181614349775784,0.4563340807174888,286,809,497,569
ent_8905f02030fe,見性成佛,Concept,165,122,0,1,1,1,2,2,0.0003770271466601162,0.0,314.06150793650636,1,6,77,0.0,1,1,thought_doctrine,0.0,0.6060606060606061,0.54652466367713,0.3276345291479821,0.39181614349775784,0.2985986547085202,648,810,617,655
ent_8f22bf31627e,善財童子,BuddhistFigure,276,175,0,2,2,2,2,2,0.00037671215654816627,0.0003332732989905043,325.9174603174581,2,7,59,0.0,2,2,classic_text;propagation_organization,1.0,0.7246376811594203,0.5459641255605381,0.7651345291479821,0.39181614349775784,0.5235986547085203,391,811,420,446
ent_0e208abac64f,佛七法會,PracticeActivity,63,46,0,1,1,1,1,1,0.00037624355524495354,0.0,264.56785714285377,1,4,150,0.0,1,1,propagation_organization,0.0,1.5873015873015872,0.5448430493273543,0.3276345291479821,0.39181614349775784,0.2985986547085202,648,812,617,655
ent_0be0dc5bc525,皈依法會,PracticeActivity,7,6,0,1,1,1,1,1,0.00037624355524495354,0.0,264.56785714285377,1,4,150,0.0,1,1,propagation_organization,0.0,14.285714285714286,0.5448430493273543,0.3276345291479821,0.39181614349775784,0.2985986547085202,648,812,617,655
ent_b43c415a14bf,念佛法會,PracticeActivity,22,18,0,1,1,1,1,1,0.00037624355524495354,0.0,264.56785714285377,1,4,150,0.0,1,1,propagation_organization,0.0,4.545454545454546,0.5448430493273543,0.3276345291479821,0.39181614349775784,0.2985986547085202,648,812,617,655
ent_f878cc407561,僧裝改革,Concept,9,7,0,2,2,2,2,2,0.00037601730465132747,0.002407700108204875,316.78650793650615,1,36,4,0.5,1,1,propagation_organization,0.0,22.22222222222222,0.5437219730941704,0.9111547085201793,0.9161995515695067,0.6893217488789238,391,815,158,223
ent_3e2341d3caea,一乘法,DoctrineTerm,88,60,1,1,2,2,2,2,0.00037564623643810763,0.0008038256308961114,278.0702380952355,1,16,9,0.0,2,1,thought_doctrine,1.0,2.272727272727273,0.5431614349775785,0.804372197309417,0.39181614349775784,0.4992937219730942,391,816,315,475
ent_7b0a632dc379,祇園精舍,Institution,0,0,0,2,2,2,2,2,0.0003742278232328902,0.0056003419248885685,359.29285714285515,1,20,8,0.5,1,1,propagation_organization,0.0,,0.5426008968609866,0.9663677130044843,0.9161995515695067,0.7114069506726458,391,817,61,182
ent_2cd88f3c0045,文化交流活動,PracticeActivity,9,9,0,1,1,1,1,1,0.0003737705412150118,0.0,286.4837301587276,1,4,150,0.0,1,1,propagation_organization,0.0,11.11111111111111,0.5420403587443946,0.3276345291479821,0.39181614349775784,0.2985986547085202,648,818,617,655
ent_8f8935aa5221,叢林制度,Concept,89,64,0,1,1,1,1,1,0.00037376677700610446,0.0,254.1611111111067,1,14,15,0.0,1,1,propagation_organization,0.0,1.1235955056179776,0.5411995515695067,0.3276345291479821,0.39181614349775784,0.2985986547085202,648,819,617,655
ent_38c6c4ef57c6,叢林清規,Concept,96,69,0,1,1,1,1,1,0.00037376677700610446,0.0,254.1611111111067,1,14,15,0.0,1,1,propagation_organization,0.0,1.0416666666666667,0.5411995515695067,0.3276345291479821,0.39181614349775784,0.2985986547085202,648,819,617,655
ent_5a4a72df052e,西藏,PlaceRealm,1344,455,0,2,2,2,3,3,0.0003722205826016774,0.0011639003500989536,366.56865079364826,2,12,20,0.4444444444444444,2,1,propagation_organization,1.0,0.1488095238095238,0.5403587443946188,0.8581838565022422,0.8646300448430493,0.6626625560538117,391,821,254,260
ent_344384bee4fb,十修歌,Classic,95,49,0,1,1,1,1,1,0.00037083489715986583,0.0,325.2793650793633,1,1,235,0.0,1,1,propagation_organization,0.0,1.0526315789473684,0.5397982062780269,0.3276345291479821,0.39181614349775784,0.2985986547085202,648,822,617,655
ent_06e503ab9dba,廬山,PlaceRealm,3,3,0,1,1,1,2,2,0.0003702565100678456,0.0,256.8710317460278,1,6,77,0.0,1,1,propagation_organization,0.0,33.333333333333336,0.5392376681614349,0.3276345291479821,0.39181614349775784,0.2985986547085202,648,823,617,655
ent_25e080f752a1,越南,PlaceRealm,5,5,0,1,1,1,1,1,0.0003700457668278341,0.0,297.09999999999775,1,6,77,0.0,1,1,propagation_organization,0.0,20.0,0.538396860986547,0.3276345291479821,0.39181614349775784,0.2985986547085202,648,824,617,655
ent_ac5281c55c40,教外別傳,Classic,94,71,0,1,1,1,1,1,0.0003700457668278341,0.0,297.09999999999775,1,6,77,0.0,1,1,propagation_organization,0.0,1.0638297872340425,0.538396860986547,0.3276345291479821,0.39181614349775784,0.2985986547085202,648,824,617,655
ent_db462800775d,佛光分會,Institution,0,0,0,1,1,1,1,1,0.00036922513671178056,0.0,300.8888888888871,1,1,235,0.0,1,1,propagation_organization,0.0,,0.5375560538116592,0.3276345291479821,0.39181614349775784,0.2985986547085202,648,826,617,655
ent_775e6b725203,福報,Concept,0,0,1,1,2,2,2,2,0.0003681465487441643,0.000399036625297351,307.3150793650776,2,1,235,0.5,1,1,thought_doctrine,0.0,,0.5291479820627802,0.7707399103139013,0.9161995515695067,0.6331558295964126,391,827,410,313
ent_09d9a2e287ef,大慈悲,DoctrineTerm,411,297,1,1,2,2,2,2,0.0003681465487441643,6.925624153753683e-05,279.25079365079097,2,22,6,0.5,2,1,thought_doctrine,1.0,0.48661800486618007,0.5291479820627802,0.7286995515695067,0.9161995515695067,0.6263396860986548,391,827,485,324
ent_fcc6eb8d5dc3,大梵天王,BuddhistFigure,0,0,1,1,2,2,2,2,0.0003681465487441643,7.373471489803612e-07,284.589285714283,2,2,153,0.0,2,2,classic_text;propagation_organization,1.0,,0.5291479820627802,0.6676008968609866,0.39181614349775784,0.484585201793722,391,827,594,541
ent_53126da8d922,森羅萬象,Concept,228,186,1,1,2,2,2,2,0.0003681465487441643,2.032269745861071e-06,298.30476190475946,2,9,56,0.0,2,1,thought_doctrine,0.0,0.8771929824561403,0.5291479820627802,0.6771300448430493,0.39181614349775784,0.4483968609865471,391,827,577,588
ent_2471e157cb5b,臘八粥敦親睦鄰活動,PracticeActivity,2,1,1,1,2,2,2,2,0.0003681465487441643,2.517856322305752e-06,273.2567460317429,2,5,111,0.0,2,2,propagation_organization;thought_doctrine,1.0,100.0,0.5291479820627802,0.6782511210762332,0.39181614349775784,0.48884529147982064,391,827,575,538
ent_9f0ae9ad1ced,十玄門,DoctrineTerm,45,21,0,1,1,1,1,1,0.0003681465487441643,0.0,243.04094516594122,1,11,22,0.0,1,1,propagation_organization,0.0,2.2222222222222223,0.5291479820627802,0.3276345291479821,0.39181614349775784,0.2985986547085202,648,827,617,655
ent_803b648d7dac,精進修行,PracticeActivity,1,1,0,1,1,1,1,1,0.0003681465487441643,0.0,227.60714285713945,1,6,77,0.0,1,1,practice,0.0,100.0,0.5291479820627802,0.3276345291479821,0.39181614349775784,0.2985986547085202,648,827,617,655
ent_4e2a6c0ebf31,松山寺,Institution,34,17,0,1,1,1,1,1,0.0003681465487441643,0.0,212.06316738816446,1,9,56,0.0,1,1,propagation_organization,0.0,2.9411764705882355,0.5291479820627802,0.3276345291479821,0.39181614349775784,0.2985986547085202,648,827,617,655
ent_27dd11191d91,中国佛教会台湾办事处,Institution,0,0,0,1,1,1,1,1,0.0003681465487441643,0.0,209.78261183260875,1,36,4,0.0,1,1,propagation_organization,0.0,,0.5291479820627802,0.3276345291479821,0.39181614349775784,0.2985986547085202,648,827,617,655
ent_6cb9e618bac4,《人生》月刊,Classic,109,21,0,1,1,1,1,1,0.0003681465487441643,0.0,209.78261183260872,1,36,4,0.0,1,1,propagation_organization,0.0,0.9174311926605505,0.5291479820627802,0.3276345291479821,0.39181614349775784,0.2985986547085202,648,827,617,655
ent_8e91401511ca,華梵佛學研究所,Institution,3,3,0,1,1,1,1,1,0.0003681465487441643,0.0,2.0,1,37,4,0.0,1,1,propagation_organization,0.0,33.333333333333336,0.5291479820627802,0.3276345291479821,0.39181614349775784,0.2985986547085202,648,827,617,655
ent_ac781702dd64,華梵大學,Institution,45,35,0,1,1,1,1,1,0.0003681465487441643,0.0,2.0,1,37,4,0.0,1,1,propagation_organization,0.0,2.2222222222222223,0.5291479820627802,0.3276345291479821,0.39181614349775784,0.2985986547085202,648,827,617,655
ent_87a51bab9940,華梵工學院,Institution,11,9,0,1,1,1,1,1,0.0003681465487441643,0.0,2.0,1,37,4,0.0,1,1,propagation_organization,0.0,9.090909090909092,0.5291479820627802,0.3276345291479821,0.39181614349775784,0.2985986547085202,648,827,617,655
ent_acdd9e018bf5,人間大學,Institution,0,0,0,1,1,1,1,1,0.0003681465487441643,0.0,237.71309523809137,1,5,111,0.0,1,1,propagation_organization,0.0,,0.5291479820627802,0.3276345291479821,0.39181614349775784,0.2985986547085202,648,827,617,655
ent_f5b7195159df,佛誕節活動,PracticeActivity,17,11,0,1,1,1,1,1,0.0003681465487441643,0.0,282.9067460317437,1,1,235,0.0,1,1,propagation_organization,0.0,5.882352941176471,0.5291479820627802,0.3276345291479821,0.39181614349775784,0.2985986547085202,648,827,617,655
ent_656211da6a3b,紐省的臥龍崗市,PlaceRealm,2,2,0,1,1,1,1,1,0.0003681465487441643,0.0,282.9067460317437,1,1,235,0.0,1,1,propagation_organization,0.0,50.0,0.5291479820627802,0.3276345291479821,0.39181614349775784,0.2985986547085202,648,827,617,655
ent_8c0c7aebb699,禪林,DoctrineTerm,358,216,0,1,1,1,1,1,0.0003681465487441643,0.0,2.0,1,35,4,0.0,1,1,propagation_organization,0.0,0.27932960893854747,0.5291479820627802,0.3276345291479821,0.39181614349775784,0.2985986547085202,648,827,617,655
ent_88cf2d06e73b,南陽,PlaceRealm,1,1,0,1,1,1,1,1,0.0003681465487441643,0.0,2.0,1,35,4,0.0,1,1,propagation_organization,0.0,100.0,0.5291479820627802,0.3276345291479821,0.39181614349775784,0.2985986547085202,648,827,617,655
ent_3f2a71808a1a,解行兼修,PracticeActivity,0,0,0,1,1,1,1,1,0.0003681465487441643,0.0,2.0,1,35,4,0.0,1,1,practice,0.0,,0.5291479820627802,0.3276345291479821,0.39181614349775784,0.2985986547085202,648,827,617,655
ent_ed0205ce157e,彌勒內院,Institution,88,57,0,1,1,1,1,1,0.0003681465487441643,0.0,251.5436507936467,1,21,7,0.0,1,1,propagation_organization,0.0,1.1363636363636365,0.5291479820627802,0.3276345291479821,0.39181614349775784,0.2985986547085202,648,827,617,655
ent_c663043030ff,棲霞山,PlaceRealm,175,162,0,1,1,1,1,1,0.0003681465487441643,0.0,253.36587301586894,1,4,150,0.0,1,1,propagation_organization,0.0,0.5714285714285714,0.5291479820627802,0.3276345291479821,0.39181614349775784,0.2985986547085202,648,827,617,655
ent_1960d9d53d47,世界佛教徒聯誼會菲律賓分會,Institution,2,2,0,1,1,1,1,1,0.0003681465487441643,0.0,2.0,1,40,4,0.0,1,1,propagation_organization,0.0,50.0,0.5291479820627802,0.3276345291479821,0.39181614349775784,0.2985986547085202,648,827,617,655
ent_eebecdbcf8a7,能仁學校,Institution,17,7,0,1,1,1,1,2,0.0003681465487441643,0.0,2.0,1,40,4,0.0,1,1,propagation_organization,0.0,5.882352941176471,0.5291479820627802,0.3276345291479821,0.39181614349775784,0.2985986547085202,648,827,617,655
ent_8424365baa8d,世界佛教徒友誼會菲律賓分會,Institution,2,1,0,1,1,1,1,1,0.0003681465487441643,0.0,2.0,1,40,4,0.0,1,1,propagation_organization,0.0,50.0,0.5291479820627802,0.3276345291479821,0.39181614349775784,0.2985986547085202,648,827,617,655
ent_1bd0f2d2d0d7,永平寺,Institution,56,33,0,1,1,1,1,2,0.0003681465487441643,0.0,2.0,1,41,4,0.0,1,1,propagation_organization,0.0,1.7857142857142858,0.5291479820627802,0.3276345291479821,0.39181614349775784,0.2985986547085202,648,827,617,655
ent_8b35435c37c2,興聖寶林禪寺,Institution,1,1,0,1,1,1,1,1,0.0003681465487441643,0.0,2.0,1,41,4,0.0,1,1,propagation_organization,0.0,100.0,0.5291479820627802,0.3276345291479821,0.39181614349775784,0.2985986547085202,648,827,617,655
ent_d66c75779873,吉祥山大佛寺,Institution,1,1,0,1,1,1,1,1,0.0003681465487441643,0.0,2.0,1,41,4,0.0,1,1,propagation_organization,0.0,100.0,0.5291479820627802,0.3276345291479821,0.39181614349775784,0.2985986547085202,648,827,617,655
ent_265cacbcc3b6,般舟三昧,PracticeActivity,0,0,0,1,1,1,1,1,0.0003681465487441643,0.0,211.03538961038657,1,8,58,0.0,1,1,practice,0.0,,0.5291479820627802,0.3276345291479821,0.39181614349775784,0.2985986547085202,648,827,617,655
ent_3988471b6e7d,惠能十大弟子,Group,1,1,0,1,1,1,1,1,0.0003681465487441643,0.0,236.18373015872658,1,23,6,0.0,1,1,propagation_organization,0.0,100.0,0.5291479820627802,0.3276345291479821,0.39181614349775784,0.2985986547085202,648,827,617,655
ent_c879b974c6a1,三業供養,PracticeActivity,0,0,2,1,3,3,3,3,0.00036701160844490117,5.292501197709629e-05,326.58571428571236,3,5,111,0.4444444444444444,2,2,practice;thought_doctrine,0.9182958340544894,,0.5198991031390134,0.7197309417040358,0.8646300448430493,0.6472813901345291,286,856,501,290
ent_4dbc8c65946e,恭敬,Concept,2609,1523,2,1,3,3,3,3,0.00036701160844490117,0.00014478218936073262,361.48809523809297,3,5,111,0.4444444444444444,2,1,thought_doctrine,0.9182958340544894,0.11498658489842851,0.5198991031390134,0.7460762331838565,0.8646300448430493,0.6178195067264574,286,856,454,340
ent_d98238f10abc,一切有情,Concept,302,236,1,1,2,2,2,2,0.00036701160844490117,0.0008038256308961114,295.4722222222199,1,5,111,0.0,2,2,practice;thought_doctrine,1.0,0.6622516556291391,0.5198991031390134,0.804372197309417,0.39181614349775784,0.5392937219730942,391,856,315,415
ent_b8634ff5ccba,羅漢,BuddhistFigure,0,0,0,1,1,1,1,1,0.00036701160844490117,0.0,294.80555555555316,1,5,111,0.0,1,1,practice,0.0,,0.5198991031390134,0.3276345291479821,0.39181614349775784,0.2985986547085202,648,856,617,655
ent_2687e149de3b,五比丘,Group,0,0,2,2,4,5,5,5,0.00036175459881127644,0.0008909423488665151,371.82142857142657,3,2,153,0.31999999999999984,3,3,practice;propagation_organization;thought_doctrine,0.946394630357186,,0.5184977578475336,0.8413677130044843,0.8116591928251121,0.7300448430493275,215,860,284,155
ent_12e5648ac304,五時八教,Concept,0,0,0,2,2,3,3,3,0.0003615702960937175,0.0,271.02976190475835,2,8,58,0.0,2,2,propagation_organization;thought_doctrine,1.0,,0.5179372197309418,0.3276345291479821,0.39181614349775784,0.3485986547085202,391,861,617,636
ent_e1e722a4b506,解脫道,DoctrineTerm,95,55,1,1,2,2,2,2,0.0003582800163379346,0.0008038256308961114,339.8035714285692,1,3,153,0.0,2,2,practice;thought_doctrine,0.0,2.1052631578947367,0.5173766816143498,0.804372197309417,0.39181614349775784,0.5392937219730942,391,862,315,415
ent_ed71ee14edf2,星雲大師佛經講座,PracticeActivity,6,5,0,2,2,2,2,2,0.0003581498826833475,0.0008013077745738056,320.98650793650626,2,10,42,0.0,1,1,propagation_organization,0.0,33.333333333333336,0.5162556053811659,0.781390134529148,0.39181614349775784,0.48010089686098656,391,863,390,545
ent_5ce88ea93c0a,禪淨密三修法會,PracticeActivity,70,60,0,2,2,2,2,2,0.0003581498826833475,0.0008013077745738056,320.98650793650626,2,10,42,0.0,1,1,propagation_organization,0.0,2.857142857142857,0.5162556053811659,0.781390134529148,0.39181614349775784,0.48010089686098656,391,863,390,545
ent_9db559123d59,禪淨密三修萬人獻燈祈福法會,PracticeActivity,12,6,0,2,2,2,2,2,0.0003581498826833475,0.0008013077745738056,320.98650793650626,2,10,42,0.0,1,1,propagation_organization,0.0,16.666666666666668,0.5162556053811659,0.781390134529148,0.39181614349775784,0.48010089686098656,391,863,390,545
ent_da1f044ec06a,宜蘭礁溪,PlaceRealm,42,37,0,1,1,1,1,1,0.000357058692332643,0.0,296.17936507936287,1,4,150,0.0,1,1,propagation_organization,0.0,2.380952380952381,0.514854260089686,0.3276345291479821,0.39181614349775784,0.2985986547085202,648,866,617,655
ent_c2f3e247e30a,高雄縣,PlaceRealm,673,350,0,1,1,1,1,1,0.000357058692332643,0.0,296.17936507936287,1,4,150,0.0,1,1,propagation_organization,0.0,0.1485884101040119,0.514854260089686,0.3276345291479821,0.39181614349775784,0.2985986547085202,648,866,617,655
ent_d0187366317b,佛教青年學術會議,PracticeActivity,39,28,0,2,2,2,2,2,0.00035542388809516626,0.000169989132721393,357.68531746031516,2,4,150,0.0,1,1,propagation_organization,0.0,5.128205128205129,0.5140134529147982,0.7508408071748879,0.39181614349775784,0.4678811659192825,391,868,445,554
ent_b462956e0ac1,中國大陸,PlaceRealm,9336,2583,0,2,2,3,3,3,0.00035540876431710866,6.643561715027196e-05,372.7174603174578,2,1,235,0.0,1,1,propagation_organization,1.0,0.032133676092544985,0.5134529147982063,0.726457399103139,0.39181614349775784,0.45812780269058295,391,869,489,567
ent_b7e8ffb6e90d,琉璃淨土,PlaceRealm,0,0,0,1,1,1,1,1,0.0003550324618773171,0.0,248.21269841269444,1,6,77,0.0,1,1,practice,0.0,,0.5128923766816144,0.3276345291479821,0.39181614349775784,0.2985986547085202,648,870,617,655
ent_f26b13f3e5e9,僧團,Institution,3342,1164,1,2,3,3,3,3,0.00035389503713938533,0.0008230254803975358,364.26666666666455,2,2,153,0.0,2,1,propagation_organization,0.9182958340544894,0.08976660682226212,0.5123318385650224,0.82847533632287,0.39181614349775784,0.5089349775784754,286,871,307,463
ent_8b063c82904b,諸行無常,DoctrineTerm,238,162,0,1,1,1,1,3,0.00035298287128293507,0.0,265.6591269841234,1,9,56,0.0,1,1,thought_doctrine,0.0,0.42016806722689076,0.5114910313901345,0.3276345291479821,0.39181614349775784,0.2985986547085202,648,872,617,655
ent_fa4dbf0b45f6,涅槃寂靜,DoctrineTerm,159,109,0,1,1,1,1,1,0.00035298287128293507,0.0,265.6591269841234,1,9,56,0.0,1,1,thought_doctrine,0.0,0.6289308176100629,0.5114910313901345,0.3276345291479821,0.39181614349775784,0.2985986547085202,648,872,617,655
ent_f1b031c33a11,虛空身,DoctrineTerm,0,0,0,1,1,1,1,1,0.0003526045859838787,0.0,273.1630952380919,1,3,153,0.0,1,1,thought_doctrine,0.0,,0.5106502242152466,0.3276345291479821,0.39181614349775784,0.2985986547085202,648,874,617,655
ent_b1ae094d2be2,百喻經圖畫書,Classic,0,0,0,1,1,1,1,1,0.00035203175700379514,0.0,276.24841269840977,1,4,150,0.0,1,1,classic_text,0.0,,0.5092488789237668,0.3276345291479821,0.39181614349775784,0.2985986547085202,648,875,617,655
ent_6c410c0cbce5,中英佛學辭典,Classic,4,4,0,1,1,1,1,1,0.00035203175700379514,0.0,276.24841269840977,1,4,150,0.0,1,1,classic_text,0.0,25.0,0.5092488789237668,0.3276345291479821,0.39181614349775784,0.2985986547085202,648,875,617,655
ent_2ca502446055,佛學研究論文集,Classic,17,10,0,1,1,1,1,1,0.00035203175700379514,0.0,276.2484126984097,1,4,150,0.0,1,1,classic_text,0.0,5.882352941176471,0.5092488789237668,0.3276345291479821,0.39181614349775784,0.2985986547085202,648,875,617,655
ent_3d52ffafb0cf,心甘情願,Classic,937,606,0,1,1,1,1,1,0.00035203175700379514,0.0,276.24841269840977,1,4,150,0.0,1,1,classic_text,0.0,0.10672358591248667,0.5092488789237668,0.3276345291479821,0.39181614349775784,0.2985986547085202,648,875,617,655
ent_be8c2cb95d1b,妙法,DoctrineTerm,447,323,0,2,2,2,2,2,0.0003508938730388561,6.769157807687658e-06,309.90912698412507,2,3,153,0.5,1,1,propagation_organization,1.0,0.44742729306487694,0.507847533632287,0.6860986547085202,0.9161995515695067,0.5992993273542602,391,879,561,367
ent_22e3b8c330b8,空義,DoctrineTerm,0,0,0,1,1,1,1,2,0.0003504165702648934,0.0,287.2285714285688,1,9,56,0.0,1,1,thought_doctrine,0.0,,0.5072869955156951,0.3276345291479821,0.39181614349775784,0.2985986547085202,648,880,617,655
ent_3789fe938fa3,國際佛教青年會議,PracticeActivity,18,18,0,2,2,2,2,2,0.00035001676824594557,0.0013027815802869893,321.8698412698396,2,10,42,0.0,1,1,propagation_organization,0.0,11.11111111111111,0.5067264573991032,0.8632286995515696,0.39181614349775784,0.5128363228699552,391,881,245,461
ent_8e8128c383c1,印度佛教,SchoolTradition,434,232,1,1,2,2,5,7,0.00034781376265065946,0.0040065388728690275,301.9948412698392,1,1,235,0.31999999999999984,1,1,propagation_organization,1.0,0.4608294930875576,0.4991591928251121,0.9484304932735426,0.8116591928251121,0.6728699551569508,391,882,93,243
ent_ca05ff124652,楞伽經,Classic,0,0,1,1,2,2,2,2,0.00034781376265065946,0.0008038256308961114,261.5444444444407,1,6,77,0.0,2,2,classic_text;thought_doctrine,1.0,,0.4991591928251121,0.804372197309417,0.39181614349775784,0.5392937219730942,391,882,315,415
ent_ba71901c568d,弘化,PracticeActivity,5,5,1,1,2,2,2,2,0.00034781376265065946,2.7929638998100055e-05,326.2714285714268,2,6,77,0.5,1,1,practice,1.0,40.0,0.4991591928251121,0.7045964125560538,0.9161995515695067,0.6066984304932735,391,882,528,358
ent_94e9ef483424,摩訶菩提協會,Institution,66,24,1,1,2,2,2,4,0.00034781376265065946,0.0008038256308961114,204.7068181818155,1,29,5,0.0,1,1,propagation_organization,1.0,3.0303030303030303,0.4991591928251121,0.804372197309417,0.39181614349775784,0.4892937219730942,391,882,315,508
ent_085ecbf259b5,五臺山,PlaceRealm,314,220,0,1,1,1,1,1,0.00034781376265065946,0.0,252.9865079365041,1,7,59,0.0,1,1,propagation_organization,0.0,0.3184713375796178,0.4991591928251121,0.3276345291479821,0.39181614349775784,0.2985986547085202,648,882,617,655
ent_1d72621bcc3d,智首菩薩,BuddhistFigure,1,1,0,1,1,1,1,1,0.00034781376265065946,0.0,252.9865079365041,1,7,59,0.0,1,1,propagation_organization,0.0,100.0,0.4991591928251121,0.3276345291479821,0.39181614349775784,0.2985986547085202,648,882,617,655
ent_f2ce41d186a2,新竹女子佛學院,Institution,4,1,0,1,1,1,1,1,0.00034781376265065946,0.0,239.34484126983722,1,25,5,0.0,1,1,propagation_organization,0.0,25.0,0.4991591928251121,0.3276345291479821,0.39181614349775784,0.2985986547085202,648,882,617,655
ent_1577ba6f71a2,勸世偈,Work,1,1,0,1,1,1,2,2,0.00034781376265065946,0.0,264.41468253967884,1,6,77,0.0,1,1,classic_text,0.0,100.0,0.4991591928251121,0.3276345291479821,0.39181614349775784,0.2985986547085202,648,882,617,655
ent_a8562b44ce81,南京佛教慈幼院,Institution,1,1,0,1,1,1,1,1,0.00034781376265065946,0.0,283.9623015872987,1,6,77,0.0,1,1,propagation_organization,0.0,100.0,0.4991591928251121,0.3276345291479821,0.39181614349775784,0.2985986547085202,648,882,617,655
ent_17acf2509df5,香港福慧慈悲基金會,Institution,1,1,0,1,1,1,1,1,0.00034781376265065946,0.0,288.0638888888865,1,1,235,0.0,1,1,propagation_organization,0.0,100.0,0.4991591928251121,0.3276345291479821,0.39181614349775784,0.2985986547085202,648,882,617,655
ent_c60686651ba8,宜興白塔山,PlaceRealm,45,41,0,1,1,1,1,1,0.00034781376265065946,0.0,232.57261904761526,1,18,9,0.0,1,1,propagation_organization,0.0,2.2222222222222223,0.4991591928251121,0.3276345291479821,0.39181614349775784,0.2985986547085202,648,882,617,655
ent_96bd2d252696,興建藏經樓義行,PracticeActivity,0,0,0,1,1,1,1,1,0.00034781376265065946,0.0,232.5726190476153,1,18,9,0.0,1,1,propagation_organization,0.0,,0.4991591928251121,0.3276345291479821,0.39181614349775784,0.2985986547085202,648,882,617,655
ent_f1f854827d1b,東禪寺,Institution,0,0,0,1,1,1,1,1,0.00034781376265065946,0.0,260.87777777777404,1,6,77,0.0,1,1,propagation_organization,0.0,,0.4991591928251121,0.3276345291479821,0.39181614349775784,0.2985986547085202,648,882,617,655
ent_e3df25818a27,儒家思想,DoctrineTerm,1,1,0,1,1,1,1,1,0.00034781376265065946,0.0,280.3742063492035,1,1,235,0.0,1,1,propagation_organization,0.0,100.0,0.4991591928251121,0.3276345291479821,0.39181614349775784,0.2985986547085202,648,882,617,655
ent_b2e749d1e6fc,馬列共產主義,Concept,1,1,0,1,1,1,1,1,0.00034781376265065946,0.0,280.3742063492035,1,1,235,0.0,1,1,thought_doctrine,0.0,100.0,0.4991591928251121,0.3276345291479821,0.39181614349775784,0.2985986547085202,648,882,617,655
ent_49d778977d43,四天王寺,Institution,34,20,0,1,1,1,1,1,0.00034781376265065946,0.0,2.5,1,28,5,0.0,1,1,propagation_organization,0.0,2.9411764705882355,0.4991591928251121,0.3276345291479821,0.39181614349775784,0.2985986547085202,648,882,617,655
ent_f52badece633,廣隆寺,Institution,2,2,0,1,1,1,1,1,0.00034781376265065946,0.0,2.5,1,28,5,0.0,1,1,propagation_organization,0.0,50.0,0.4991591928251121,0.3276345291479821,0.39181614349775784,0.2985986547085202,648,882,617,655
ent_14232bc689a6,法隆寺,Institution,19,13,0,1,1,1,1,1,0.00034781376265065946,0.0,2.5,1,28,5,0.0,1,1,propagation_organization,0.0,5.2631578947368425,0.4991591928251121,0.3276345291479821,0.39181614349775784,0.2985986547085202,648,882,617,655
ent_32608cc0596f,中宮尼寺,Institution,1,1,0,1,1,1,1,1,0.00034781376265065946,0.0,2.5,1,28,5,0.0,1,1,propagation_organization,0.0,100.0,0.4991591928251121,0.3276345291479821,0.39181614349775784,0.2985986547085202,648,882,617,655
ent_90c4622d4967,摩訶菩提學會,Institution,8,4,0,1,1,1,1,1,0.00034781376265065946,0.0,204.04015151514886,1,29,5,0.0,1,1,propagation_organization,0.0,12.5,0.4991591928251121,0.3276345291479821,0.39181614349775784,0.2985986547085202,648,882,617,655
ent_dc05a2f59a2c,摩訶菩提會泰國分會,Institution,2,1,0,1,1,1,1,1,0.00034781376265065946,0.0,204.04015151514886,1,29,5,0.0,1,1,propagation_organization,0.0,50.0,0.4991591928251121,0.3276345291479821,0.39181614349775784,0.2985986547085202,648,882,617,655
ent_c4616b7d77b9,金剛照明三昧,DoctrineTerm,11,10,0,1,1,1,1,1,0.00034781376265065946,0.0,266.07380952380606,1,2,153,0.0,1,1,practice,0.0,9.090909090909092,0.4991591928251121,0.3276345291479821,0.39181614349775784,0.2985986547085202,648,882,617,655
ent_fa9639785707,星連心．中華文明探索之旅,PracticeActivity,1,1,0,1,1,1,1,1,0.00034781376265065946,0.0,2.5,1,30,5,0.0,1,1,propagation_organization,0.0,100.0,0.4991591928251121,0.3276345291479821,0.39181614349775784,0.2985986547085202,648,882,617,655
ent_485c44a42ea7,星連心．兩岸新媒體研學營,PracticeActivity,1,1,0,1,1,1,1,1,0.00034781376265065946,0.0,2.5,1,30,5,0.0,1,1,propagation_organization,0.0,100.0,0.4991591928251121,0.3276345291479821,0.39181614349775784,0.2985986547085202,648,882,617,655
ent_2909d85668ec,白馬雪山科考活動,PracticeActivity,1,1,0,1,1,1,1,1,0.00034781376265065946,0.0,2.5,1,30,5,0.0,1,1,propagation_organization,0.0,100.0,0.4991591928251121,0.3276345291479821,0.39181614349775784,0.2985986547085202,648,882,617,655
ent_0596c3f04824,點亮心燈活動,PracticeActivity,1,1,0,1,1,1,1,1,0.00034781376265065946,0.0,2.5,1,30,5,0.0,1,1,propagation_organization,0.0,100.0,0.4991591928251121,0.3276345291479821,0.39181614349775784,0.2985986547085202,648,882,617,655
ent_6285afaaf79b,頭陀行,Concept,50,44,0,1,1,1,1,1,0.00034762923105762997,0.0,286.4666666666641,1,2,153,0.0,1,1,practice,0.0,2.0,0.4915919282511211,0.3276345291479821,0.39181614349775784,0.2985986547085202,648,908,617,655
ent_e1afb6b17b50,國際佛教學術會議,PracticeActivity,55,38,0,2,2,2,2,2,0.0003472907736577643,0.003507197707278304,358.8186507936485,2,10,42,0.5,1,1,propagation_organization,0.0,3.6363636363636362,0.4910313901345291,0.9405829596412556,0.9161995515695067,0.7010930493273544,391,909,107,197
ent_39ee9c246755,世間（世俗生命層面）,Concept,1,1,0,1,1,1,1,1,0.0003463815995305821,0.0,260.4099206349169,1,17,9,0.0,1,1,thought_doctrine,0.0,100.0,0.4904708520179372,0.3276345291479821,0.39181614349775784,0.2985986547085202,648,910,617,655
ent_686192f7c709,勝鬘書院,Institution,6,4,1,1,2,2,4,5,0.000346244795671974,0.0005268645426322013,358.16865079364857,2,4,150,0.375,2,2,other_domain;propagation_organization,1.0,33.333333333333336,0.48963004484304934,0.773542600896861,0.8321188340807175,0.6590526905829597,391,911,405,264
ent_27fd71168d6a,文化弘揚佛法,Concept,0,0,0,1,1,1,3,3,0.000346244795671974,0.0,356.7686507936485,1,4,150,0.0,1,1,thought_doctrine,0.0,,0.48963004484304934,0.3276345291479821,0.39181614349775784,0.2985986547085202,648,911,617,655
ent_3ac5231bf2dc,法界緣起,DoctrineTerm,0,0,0,1,1,2,2,2,0.0003446121921651586,0.0,323.65079365079146,1,7,59,0.0,1,1,thought_doctrine,0.0,,0.48878923766816146,0.3276345291479821,0.39181614349775784,0.2985986547085202,648,913,617,655
ent_e4ecd0f54684,十大願,DoctrineTerm,260,181,0,1,1,1,1,1,0.00034327232107149897,0.0,299.2115079365061,1,16,9,0.0,1,1,other_domain,0.0,0.38461538461538464,0.4879484304932735,0.3276345291479821,0.39181614349775784,0.2985986547085202,648,914,617,655
ent_89fc744d65d6,講經,PracticeActivity,1,1,0,1,1,1,1,1,0.00034327232107149897,0.0,299.2115079365061,1,16,9,0.0,1,1,practice,0.0,100.0,0.4879484304932735,0.3276345291479821,0.39181614349775784,0.2985986547085202,648,914,617,655
ent_bc477447e8c2,慧遠,BuddhistFigure,222,151,6,1,7,7,8,8,0.00034326759786584723,0.0041098926944601235,325.89166666666483,2,6,77,0.0,5,2,propagation_organization;thought_doctrine,0.9211854965885543,3.1531531531531534,0.48682735426008966,0.9517937219730942,0.39181614349775784,0.6282623318385652,134,916,87,319
ent_0c31b0852846,稱念阿彌陀佛,PracticeActivity,88,54,2,1,3,3,4,4,0.00034326759786584723,0.0002090388707049766,322.8079365079343,3,6,77,0.375,2,2,practice;propagation_organization,0.9999999999999998,3.409090909090909,0.48682735426008966,0.7584080717488789,0.8321188340807175,0.6529988789237668,286,916,432,281
ent_fbc6e05ae244,五蘊皆空,DoctrineTerm,0,0,1,1,2,2,2,2,0.0003426819412991697,3.434235971035555e-05,325.55079365079166,2,3,153,0.0,2,2,other_domain;thought_doctrine,1.0,,0.4854260089686099,0.7107623318385651,0.39181614349775784,0.5018497757847534,391,918,517,470
ent_2f6d98148d0e,空相,DoctrineTerm,0,0,1,1,2,2,2,4,0.0003426819412991697,2.1959526164087026e-05,325.65476190475977,2,3,153,0.5,2,1,thought_doctrine,1.0,,0.4854260089686099,0.7006726457399103,0.9161995515695067,0.6151289237668162,391,918,535,347
ent_e60b8f7bb836,大品般若經,Classic,0,0,0,1,1,1,1,2,0.0003426819412991697,0.0,303.59126984126766,1,3,153,0.0,1,1,classic_text,0.0,,0.4854260089686099,0.3276345291479821,0.39181614349775784,0.2985986547085202,648,918,617,655
ent_dfa1c3ef4e08,歐美,PlaceRealm,388,280,0,2,2,2,2,2,0.0003425538872592931,0.0,369.7686507936483,2,1,235,0.0,2,1,propagation_organization,1.0,0.5154639175257731,0.484304932735426,0.3276345291479821,0.39181614349775784,0.3085986547085202,391,921,617,645
ent_7d624b801303,存好心,PracticeActivity,1,1,0,1,1,1,1,1,0.00034245977515658246,0.0,269.54404761904453,1,10,42,0.0,1,1,thought_doctrine,0.0,100.0,0.48346412556053814,0.3276345291479821,0.39181614349775784,0.2985986547085202,648,922,617,655
ent_f30c2831ef6c,做好事,PracticeActivity,1,1,0,1,1,1,1,1,0.00034245977515658246,0.0,269.54404761904453,1,10,42,0.0,1,1,thought_doctrine,0.0,100.0,0.48346412556053814,0.3276345291479821,0.39181614349775784,0.2985986547085202,648,922,617,655
ent_b975b85e6cbf,普門寺,Institution,0,0,0,2,2,2,2,2,0.00034148140620247723,9.643090243121685e-05,360.485317460315,2,4,150,0.0,1,1,propagation_organization,1.0,,0.4826233183856502,0.7354260089686099,0.39181614349775784,0.4617152466367713,391,924,473,562
ent_bb5c08557287,佛事,DoctrineTerm,1403,684,8,2,10,10,12,12,0.00034135558591992835,0.0037252738359289683,395.85952380952085,5,2,153,0.6805555555555556,3,2,practice;thought_doctrine,0.6783898247235197,0.7127583749109052,0.4820627802690583,0.9439461883408071,0.9871076233183856,0.7837107623318387,82,925,101,93
ent_816fe57f3e38,祈願,PracticeActivity,2190,938,3,1,4,4,5,5,0.00034120598938289313,4.467330074773293e-05,349.86865079364867,4,2,153,0.56,2,2,practice;thought_doctrine,1.0,0.182648401826484,0.4812219730941704,0.7158071748878924,0.9503923766816144,0.6714405829596413,215,926,508,244
ent_1e90e2710552,佛光四句偈,PracticeActivity,0,0,3,1,3,4,4,4,0.00034120598938289313,0.00015458158083487856,377.01904761904444,3,5,111,0.625,2,2,practice;thought_doctrine,0.9182958340544894,,0.4812219730941704,0.7477578475336323,0.9697309417040358,0.6900224215246638,286,926,451,222
ent_f015ab78cf89,眾生平等,DoctrineTerm,241,188,0,1,1,2,2,3,0.00033964352553460643,0.0,357.795238095236,1,2,153,0.0,2,2,propagation_organization;thought_doctrine,0.0,0.8298755186721992,0.48038116591928254,0.3276345291479821,0.39181614349775784,0.3485986547085202,648,928,617,636
ent_06f6af3b8ec0,八正道,DoctrineTerm,0,0,3,2,5,5,5,5,0.0003374920318818261,0.001692863987042694,372.83809523809316,3,2,153,0.31999999999999984,2,2,propagation_organization;thought_doctrine,0.9602297178607612,,0.4798206278026906,0.8923766816143498,0.8116591928251121,0.7004484304932737,184,929,193,198
ent_3c0dbd225d06,有情,Group,2351,1340,2,1,3,3,4,4,0.0003370790465803529,6.600323630380916e-05,383.1023809523778,3,3,153,0.625,2,2,propagation_organization;thought_doctrine,0.9182958340544894,0.12760527435133986,0.4792600896860987,0.725896860986547,0.9697309417040358,0.6812780269058296,286,930,490,233
ent_2ee46c235dd0,大乘心,DoctrineTerm,101,45,2,1,3,4,4,5,0.0003368888749147148,0.002433069444898044,307.3162698412679,2,11,22,0.375,2,1,thought_doctrine,0.0,3.9603960396039604,0.4786995515695067,0.9176008968609866,0.8321188340807175,0.6766760089686099,286,931,148,238
ent_a37b94bcd5ea,十方眾生,Group,0,0,0,1,1,1,1,1,0.00033565806038296335,0.0,289.7964285714259,1,6,77,0.0,1,1,propagation_organization,0.0,,0.4781390134529148,0.3276345291479821,0.39181614349775784,0.2985986547085202,648,932,617,655
ent_886c87bcb507,鳩摩羅什,BuddhistFigure,623,319,2,1,3,3,3,4,0.0003356140909945566,0.0009097825262358323,236.78214285713898,2,7,59,0.0,3,1,propagation_organization,0.9999999999999998,0.48154093097913325,0.47533632286995514,0.8447309417040358,0.39181614349775784,0.5254372197309417,286,933,278,444
ent_e41bb5eaf95c,鼓山湧泉寺,Institution,26,22,1,1,2,2,2,2,0.0003356140909945566,0.0008038256308961114,240.0457070707031,1,1,235,0.0,1,1,propagation_organization,1.0,7.6923076923076925,0.47533632286995514,0.804372197309417,0.39181614349775784,0.4892937219730942,391,933,315,508
ent_c4159a3aa726,吉藏,BuddhistFigure,252,72,0,1,1,1,1,1,0.0003356140909945566,0.0,207.9881673881646,1,7,59,0.0,1,1,propagation_organization,0.0,0.3968253968253968,0.47533632286995514,0.3276345291479821,0.39181614349775784,0.2985986547085202,648,933,617,655
ent_33d39f9d99a7,中道實相,DoctrineTerm,0,0,0,1,1,1,1,1,0.0003356140909945566,0.0,207.9881673881646,1,7,59,0.0,1,1,propagation_organization,0.0,,0.47533632286995514,0.3276345291479821,0.39181614349775784,0.2985986547085202,648,933,617,655
ent_31ede98f0b62,破邪顯正,Concept,58,51,0,1,1,1,1,1,0.0003356140909945566,0.0,207.9881673881646,1,7,59,0.0,1,1,propagation_organization,0.0,1.7241379310344827,0.47533632286995514,0.3276345291479821,0.39181614349775784,0.2985986547085202,648,933,617,655
ent_f11604a2e6fc,專修部,Institution,0,0,0,1,1,1,1,1,0.0003356140909945566,0.0,249.63373015872602,1,4,150,0.0,1,1,propagation_organization,0.0,,0.47533632286995514,0.3276345291479821,0.39181614349775784,0.2985986547085202,648,933,617,655
ent_804ab00f932b,禪淨密三修萬人獻燈法會,PracticeActivity,18,14,0,1,1,1,1,1,0.0003356140909945566,0.0,212.06951659451352,1,10,42,0.0,1,1,propagation_organization,0.0,5.555555555555555,0.47533632286995514,0.3276345291479821,0.39181614349775784,0.2985986547085202,648,933,617,655
ent_b0a9c191c037,首屆國定佛誕節系列活動,PracticeActivity,0,0,0,1,1,1,1,1,0.0003356140909945566,0.0,212.06951659451354,1,10,42,0.0,1,1,propagation_organization,0.0,,0.47533632286995514,0.3276345291479821,0.39181614349775784,0.2985986547085202,648,933,617,655
ent_404ba8fd181a,台中莲社,Institution,0,0,0,1,1,1,1,2,0.0003356140909945566,0.0,262.50119047618676,1,8,58,0.0,1,1,propagation_organization,0.0,,0.47533632286995514,0.3276345291479821,0.39181614349775784,0.2985986547085202,648,933,617,655
ent_12d33a6d83cc,三業,DoctrineTerm,763,480,1,1,2,2,2,2,0.00033468313135212997,0.0,372.12857142856905,2,1,235,0.0,2,2,other_domain;thought_doctrine,0.0,0.2621231979030144,0.4663677130044843,0.3276345291479821,0.39181614349775784,0.3485986547085202,391,942,617,636
ent_b92c964bebfd,緣覺,DoctrineTerm,475,296,0,1,1,1,1,1,0.00033468313135212997,0.0,363.3519841269817,1,1,235,0.0,1,1,thought_doctrine,0.0,0.21052631578947367,0.4663677130044843,0.3276345291479821,0.39181614349775784,0.2985986547085202,648,942,617,655
ent_86c264bbf70a,社會,Concept,35649,7904,0,1,1,1,1,1,0.00033468313135212997,0.0,363.3519841269817,1,1,235,0.0,1,1,thought_doctrine,0.0,0.002805127773570086,0.4663677130044843,0.3276345291479821,0.39181614349775784,0.2985986547085202,648,942,617,655
ent_8cb691f7d199,商業,Concept,695,465,0,1,1,1,1,1,0.00033468313135212997,0.0,363.3519841269817,1,1,235,0.0,1,1,thought_doctrine,0.0,0.14388489208633093,0.4663677130044843,0.3276345291479821,0.39181614349775784,0.2985986547085202,648,942,617,655
ent_292f1cc53c7f,六識,DoctrineTerm,429,154,0,1,1,1,1,1,0.00033468313135212997,0.0,363.3519841269817,1,1,235,0.0,1,1,thought_doctrine,0.0,0.2331002331002331,0.4663677130044843,0.3276345291479821,0.39181614349775784,0.2985986547085202,648,942,617,655
ent_63cde28763fa,平等共尊,DoctrineTerm,1,1,0,1,1,1,1,1,0.00033468313135212997,0.0,363.3519841269817,1,1,235,0.0,1,1,thought_doctrine,0.0,100.0,0.4663677130044843,0.3276345291479821,0.39181614349775784,0.2985986547085202,648,942,617,655
ent_02ca80db7e53,蒙古,PlaceRealm,299,109,0,1,1,1,1,1,0.00033468313135212997,0.0,363.3519841269817,1,1,235,0.0,1,1,propagation_organization,0.0,0.33444816053511706,0.4663677130044843,0.3276345291479821,0.39181614349775784,0.2985986547085202,648,942,617,655
ent_e84525e943f2,高昌,PlaceRealm,59,24,0,1,1,1,1,1,0.00033468313135212997,0.0,363.3519841269817,1,1,235,0.0,1,1,propagation_organization,0.0,1.694915254237288,0.4663677130044843,0.3276345291479821,0.39181614349775784,0.2985986547085202,648,942,617,655
ent_5fd0d03bfc31,大中華地區,PlaceRealm,1,1,0,1,1,1,1,1,0.00033468313135212997,0.0,363.3519841269817,1,1,235,0.0,1,1,propagation_organization,0.0,100.0,0.4663677130044843,0.3276345291479821,0.39181614349775784,0.2985986547085202,648,942,617,655
ent_04c8ebcafe28,俄國,PlaceRealm,129,76,0,1,1,1,1,1,0.00033468313135212997,0.0,363.3519841269817,1,1,235,0.0,1,1,propagation_organization,0.0,0.7751937984496124,0.4663677130044843,0.3276345291479821,0.39181614349775784,0.2985986547085202,648,942,617,655
ent_7a9d3ad06891,南詔,PlaceRealm,45,3,0,1,1,1,1,1,0.00033468313135212997,0.0,363.3519841269817,1,1,235,0.0,1,1,propagation_organization,0.0,2.2222222222222223,0.4663677130044843,0.3276345291479821,0.39181614349775784,0.2985986547085202,648,942,617,655
ent_4c79d2b97571,吐蕃,PlaceRealm,28,13,0,1,1,1,1,1,0.00033468313135212997,0.0,363.3519841269817,1,1,235,0.0,1,1,propagation_organization,0.0,3.5714285714285716,0.4663677130044843,0.3276345291479821,0.39181614349775784,0.2985986547085202,648,942,617,655
ent_4d076ac3bebf,夏威夷,PlaceRealm,244,123,0,1,1,1,1,1,0.00033468313135212997,0.0,363.35198412698173,1,1,235,0.0,1,1,propagation_organization,0.0,0.4098360655737705,0.4663677130044843,0.3276345291479821,0.39181614349775784,0.2985986547085202,648,942,617,655
ent_197c8eea6628,大夏,PlaceRealm,40,17,0,1,1,1,1,1,0.00033468313135212997,0.0,363.3519841269817,1,1,235,0.0,1,1,propagation_organization,0.0,2.5,0.4663677130044843,0.3276345291479821,0.39181614349775784,0.2985986547085202,648,942,617,655
ent_2b5e876f84d2,尼泊爾,PlaceRealm,372,222,0,1,1,1,1,2,0.00033468313135212997,0.0,363.3519841269817,1,1,235,0.0,1,1,propagation_organization,0.0,0.26881720430107525,0.4663677130044843,0.3276345291479821,0.39181614349775784,0.2985986547085202,648,942,617,655
ent_df0ec7f78f87,澳洲,PlaceRealm,2762,914,0,1,1,1,1,1,0.00033468313135212997,0.0,363.3519841269817,1,1,235,0.0,1,1,propagation_organization,0.0,0.036205648081100654,0.4663677130044843,0.3276345291479821,0.39181614349775784,0.2985986547085202,648,942,617,655
ent_4b9818e91f34,蘇門答臘,PlaceRealm,33,23,0,1,1,1,1,1,0.00033468313135212997,0.0,363.3519841269817,1,1,235,0.0,1,1,propagation_organization,0.0,3.0303030303030303,0.4663677130044843,0.3276345291479821,0.39181614349775784,0.2985986547085202,648,942,617,655
ent_4a6167b42978,龜茲,PlaceRealm,128,48,0,1,1,1,1,1,0.00033468313135212997,0.0,363.35198412698173,1,1,235,0.0,1,1,propagation_organization,0.0,0.78125,0.4663677130044843,0.3276345291479821,0.39181614349775784,0.2985986547085202,648,942,617,655
ent_57fd44d9812f,中国,PlaceRealm,0,0,0,1,1,1,1,1,0.00033468313135212997,0.0,363.35198412698173,1,1,235,0.0,1,1,propagation_organization,0.0,,0.4663677130044843,0.3276345291479821,0.39181614349775784,0.2985986547085202,648,942,617,655
ent_d3ab5e547161,東亞及西方各國,PlaceRealm,0,0,0,1,1,1,1,1,0.00033468313135212997,0.0,363.35198412698173,1,1,235,0.0,1,1,propagation_organization,0.0,,0.4663677130044843,0.3276345291479821,0.39181614349775784,0.2985986547085202,648,942,617,655
ent_3d109f945cc0,非洲,PlaceRealm,21,6,0,1,1,1,1,1,0.00033468313135212997,0.0,363.35198412698173,1,1,235,0.0,1,1,propagation_organization,0.0,4.761904761904762,0.4663677130044843,0.3276345291479821,0.39181614349775784,0.2985986547085202,648,942,617,655
ent_188a4da6786f,緬甸,PlaceRealm,11,6,0,1,1,1,1,1,0.00033468313135212997,0.0,363.35198412698173,1,1,235,0.0,1,1,propagation_organization,0.0,9.090909090909092,0.4663677130044843,0.3276345291479821,0.39181614349775784,0.2985986547085202,648,942,617,655
ent_a36c0ed65fcd,南美洲,PlaceRealm,306,154,0,1,1,1,1,1,0.00033468313135212997,0.0,363.3519841269817,1,1,235,0.0,1,1,propagation_organization,0.0,0.32679738562091504,0.4663677130044843,0.3276345291479821,0.39181614349775784,0.2985986547085202,648,942,617,655
ent_a7313a33beb8,解脫相,DoctrineTerm,3,3,0,1,1,1,1,1,0.00033376058425347915,0.0,293.5793650793628,1,15,10,0.0,1,1,thought_doctrine,0.0,33.333333333333336,0.45964125560538116,0.3276345291479821,0.39181614349775784,0.2985986547085202,648,965,617,655
ent_0447a31ca784,剎那生滅,DoctrineTerm,42,38,0,1,1,1,1,2,0.0003336894688054964,0.0,274.87936507936206,1,9,56,0.0,1,1,thought_doctrine,0.0,2.380952380952381,0.45908071748878926,0.3276345291479821,0.39181614349775784,0.2985986547085202,648,966,617,655
ent_b11d175ae3e1,頓超法門,DoctrineTerm,18,14,0,1,1,1,1,1,0.00033192127551513056,0.0,314.06150793650636,1,6,77,0.0,1,1,propagation_organization,0.0,5.555555555555555,0.4579596412556054,0.3276345291479821,0.39181614349775784,0.2985986547085202,648,967,617,655
ent_cffeaa2ed6cc,黃梅,PlaceRealm,139,79,0,1,1,1,1,1,0.00033192127551513056,0.0,314.0615079365064,1,6,77,0.0,1,1,propagation_organization,0.0,0.7194244604316546,0.4579596412556054,0.3276345291479821,0.39181614349775784,0.2985986547085202,648,967,617,655
ent_17b33c951e70,方辯,BuddhistFigure,17,2,0,1,1,1,1,1,0.00033192127551513056,0.0,314.0615079365064,1,6,77,0.0,1,1,propagation_organization,0.0,5.882352941176471,0.4579596412556054,0.3276345291479821,0.39181614349775784,0.2985986547085202,648,967,617,655
ent_c820d6316205,非洲佛學院,Institution,4,4,1,2,3,3,3,3,0.00033127847739037924,0.0009397406725973959,374.73412698412443,2,4,150,0.4444444444444444,2,1,propagation_organization,0.9999999999999998,75.0,0.45683856502242154,0.8475336322869955,0.8646300448430493,0.658402466367713,286,970,273,266
ent_9303c5858a40,百界千如,Concept,49,32,0,2,2,2,2,2,0.00033032522582721106,0.00038200366461662314,298.2940476190451,2,8,58,0.5,2,2,propagation_organization;thought_doctrine,1.0,4.081632653061225,0.4562780269058296,0.7673766816143498,0.9161995515695067,0.681810538116592,391,971,416,231
ent_da4f88390f17,佛光大學,Institution,0,0,4,2,6,6,7,8,0.00033023249940458894,0.0019356887911655795,394.4007936507908,3,4,150,0.24489795918367352,3,1,propagation_organization,0.8962406251802889,,0.4548766816143498,0.9013452914798207,0.796804932735426,0.6695795964125562,154,972,177,247
ent_b22348c119b7,西來大學,Institution,1301,531,3,2,5,5,6,6,0.00033023249940458894,0.0014731351913739542,393.7007936507909,2,4,150,0.2777777777777777,3,1,propagation_organization,0.9609640474436812,0.3843197540353574,0.4548766816143498,0.8682735426008968,0.8035313901345291,0.6583688340807176,184,972,236,267
ent_4fd2d3a32b6c,南華大學,Institution,0,0,2,2,4,4,5,6,0.00033023249940458894,0.0016070217977116462,392.6507936507909,2,4,150,0.31999999999999984,2,1,propagation_organization,0.946394630357186,,0.4548766816143498,0.8811659192825112,0.8116591928251121,0.6559641255605382,215,972,206,271
ent_a216b1a51278,教育培養人才,Concept,0,0,0,2,2,2,3,3,0.00033023249940458894,0.0,391.3174603174576,2,4,150,0.4444444444444444,2,2,propagation_organization;thought_doctrine,1.0,,0.4548766816143498,0.3276345291479821,0.8646300448430493,0.4904428251121076,391,972,617,507
ent_af8da137ea64,青年會議,PracticeActivity,40,39,0,2,2,2,2,2,0.0003291609931595456,0.00023806270720254824,365.7162698412675,2,10,42,0.5,1,1,propagation_organization,0.0,5.0,0.453195067264574,0.7603699551569507,0.9161995515695067,0.6290078475336324,391,976,428,316
ent_895e2e5e3804,金剛會議,PracticeActivity,28,27,0,2,2,2,2,2,0.0003291609931595456,0.00023806270720254824,365.71626984126743,2,10,42,0.5,1,1,propagation_organization,0.0,7.142857142857143,0.453195067264574,0.7603699551569507,0.9161995515695067,0.6290078475336324,391,976,428,316
ent_f0e76d86a8f2,佛經,Classic,0,0,18,1,19,20,22,22,0.00032912578715110324,0.017564199431952688,445.3880952380907,5,8,58,0.7107438016528926,2,2,classic_text;thought_doctrine,0.9256445076245522,,0.45067264573991034,0.9910313901345291,0.9938340807174888,0.7945627802690582,27,978,17,79
ent_92bed3de8c9d,大般若經,Classic,0,0,1,1,2,2,2,2,0.00032912578715110324,0.0001069920082499261,310.0567460317442,2,7,59,0.0,2,2,classic_text;thought_doctrine,1.0,,0.45067264573991034,0.7371076233183856,0.39181614349775784,0.5123878923766816,391,978,470,462
ent_238a27ae3399,西明寺,Institution,0,0,0,1,1,1,1,1,0.00032912578715110324,0.0,279.95952380952093,1,7,59,0.0,1,1,propagation_organization,0.0,,0.45067264573991034,0.3276345291479821,0.39181614349775784,0.2985986547085202,648,978,617,655
ent_b2e0c82399e4,破惡見論,Classic,0,0,0,1,1,1,1,1,0.00032912578715110324,0.0,279.95952380952093,1,7,59,0.0,1,1,classic_text,0.0,,0.45067264573991034,0.3276345291479821,0.39181614349775784,0.2985986547085202,648,978,617,655
ent_b0649cdd6efd,瑜伽師地論,Classic,0,0,0,1,1,1,1,1,0.00032912578715110324,0.0,279.95952380952093,1,7,59,0.0,1,1,classic_text,0.0,,0.45067264573991034,0.3276345291479821,0.39181614349775784,0.2985986547085202,648,978,617,655
ent_7cbb4f5e09b5,窺基法師,BuddhistFigure,8,4,0,1,1,1,1,1,0.00032912578715110324,0.0,279.95952380952093,1,7,59,0.0,1,1,propagation_organization,0.0,12.5,0.45067264573991034,0.3276345291479821,0.39181614349775784,0.2985986547085202,648,978,617,655
ent_d6e791be9267,西域,PlaceRealm,8,6,0,1,1,1,1,1,0.00032912578715110324,0.0,279.95952380952093,1,7,59,0.0,1,1,propagation_organization,0.0,12.5,0.45067264573991034,0.3276345291479821,0.39181614349775784,0.2985986547085202,648,978,617,655
ent_d99cb1e219c4,如夢幻泡影,Concept,86,81,0,1,1,1,3,4,0.00032860512780674353,0.0,307.64404761904535,1,9,56,0.0,1,1,thought_doctrine,0.0,1.1627906976744187,0.4484304932735426,0.3276345291479821,0.39181614349775784,0.2985986547085202,648,985,617,655
ent_855a8ce70d9a,彌陀淨土信仰,DoctrineTerm,4,4,0,1,1,1,1,1,0.0003285359572189953,0.0,256.8710317460278,1,6,77,0.0,1,1,propagation_organization,0.0,25.0,0.4470291479820628,0.3276345291479821,0.39181614349775784,0.2985986547085202,648,986,617,655
ent_cc86c5bb42e2,廬山蓮社,Institution,3,3,0,1,1,1,1,1,0.0003285359572189953,0.0,256.8710317460278,1,6,77,0.0,1,1,propagation_organization,0.0,33.333333333333336,0.4470291479820628,0.3276345291479821,0.39181614349775784,0.2985986547085202,648,986,617,655
ent_7ea58f941788,東林寺,Institution,50,39,0,1,1,1,1,1,0.0003285359572189953,0.0,256.8710317460278,1,6,77,0.0,1,1,propagation_organization,0.0,2.0,0.4470291479820628,0.3276345291479821,0.39181614349775784,0.2985986547085202,648,986,617,655
ent_5a706d192d0f,蓮社,Institution,142,84,0,1,1,1,1,1,0.0003285359572189953,0.0,256.8710317460278,1,6,77,0.0,1,1,propagation_organization,0.0,0.704225352112676,0.4470291479820628,0.3276345291479821,0.39181614349775784,0.2985986547085202,648,986,617,655
ent_f430a0be8d26,大慈恩寺,Institution,0,0,0,1,1,1,1,2,0.0003285095418968013,0.0,270.269444444441,1,7,59,0.0,1,1,propagation_organization,0.0,,0.445347533632287,0.3276345291479821,0.39181614349775784,0.2985986547085202,648,990,617,655
ent_0c406e513941,曲女城,PlaceRealm,19,12,0,1,1,1,1,2,0.0003285095418968013,0.0,270.26944444444104,1,7,59,0.0,1,1,propagation_organization,0.0,5.2631578947368425,0.445347533632287,0.3276345291479821,0.39181614349775784,0.2985986547085202,648,990,617,655
ent_ceccf4270785,四給,Concept,0,0,3,3,6,6,6,6,0.00032809646400693536,0.0004138085482615547,401.10079365079065,5,1,235,0.6666666666666667,3,2,propagation_organization;thought_doctrine,0.920619835714305,,0.4445067264573991,0.7713004484304933,0.9826233183856502,0.7133071748878925,154,992,409,179
ent_9cfd3c00cfee,佛化,DoctrineTerm,1165,573,0,3,3,3,3,3,0.00032785080466984055,6.994588198524577e-06,392.1507936507909,3,1,235,0.4444444444444444,2,2,propagation_organization;thought_doctrine,0.9999999999999998,0.2575107296137339,0.4439461883408072,0.6875,0.8646300448430493,0.6343890134529149,286,993,558,312
ent_e4f63245ca06,心地觀經,Classic,0,0,3,1,4,4,4,4,0.00032748097655715464,9.547379050281163e-05,326.53531746031535,4,2,153,0.625,2,2,classic_text;thought_doctrine,0.946394630357186,,0.4414237668161435,0.7348654708520179,0.9697309417040358,0.6848654708520179,215,994,474,225
ent_30526f889912,菩提樹,DoctrineTerm,0,0,1,1,2,2,2,2,0.00032748097655715464,0.0001756242454808953,368.47142857142563,2,13,16,0.5,2,1,thought_doctrine,1.0,,0.4414237668161435,0.7533632286995515,0.9161995515695067,0.6362051569506727,391,994,441,308
ent_8892a9ec5f48,金光明經,Classic,0,0,0,1,1,1,1,1,0.00032748097655715464,0.0,271.82499999999663,1,9,56,0.0,1,1,thought_doctrine,0.0,,0.4414237668161435,0.3276345291479821,0.39181614349775784,0.2985986547085202,648,994,617,655
ent_33ffba06a596,佛光緣美術館,Institution,338,203,0,1,1,1,1,1,0.00032748097655715464,0.0,230.13816738816385,1,10,42,0.0,1,1,propagation_organization,0.0,0.2958579881656805,0.4414237668161435,0.3276345291479821,0.39181614349775784,0.2985986547085202,648,994,617,655
ent_d899b9148885,佛光山文學創作獎徵文活動,PracticeActivity,0,0,0,1,1,1,1,1,0.00032748097655715464,0.0,230.13816738816382,1,10,42,0.0,1,1,propagation_organization,0.0,,0.4414237668161435,0.3276345291479821,0.39181614349775784,0.2985986547085202,648,994,617,655
ent_e600811a061f,徵曲活動發表會,PracticeActivity,0,0,0,1,1,1,1,1,0.00032748097655715464,0.0,230.13816738816385,1,10,42,0.0,1,1,propagation_organization,0.0,,0.4414237668161435,0.3276345291479821,0.39181614349775784,0.2985986547085202,648,994,617,655
ent_962e40272c92,三大,DoctrineTerm,437,341,0,1,1,1,1,1,0.00032748097655715464,0.0,298.2091269841248,1,1,235,0.0,1,1,thought_doctrine,0.0,0.2288329519450801,0.4414237668161435,0.3276345291479821,0.39181614349775784,0.2985986547085202,648,994,617,655
ent_1d63706fca5f,例行共修法會,PracticeActivity,1,1,0,1,1,1,1,1,0.00032748097655715464,0.0,265.1301587301554,1,4,150,0.0,1,1,propagation_organization,0.0,100.0,0.4414237668161435,0.3276345291479821,0.39181614349775784,0.2985986547085202,648,994,617,655
ent_0dfdbc835177,三好運動,PracticeActivity,517,335,4,2,6,6,7,7,0.000327024957761892,0.0024468524220436698,347.3888888888868,3,10,42,0.40816326530612246,3,3,practice;propagation_organization;thought_doctrine,0.920619835714305,1.1605415860735009,0.43862107623318386,0.9192825112107623,0.8444506726457399,0.771048206278027,154,1002,145,104
ent_d149f41c8be5,理事會議,PracticeActivity,123,93,3,2,5,5,5,6,0.000327024957761892,0.002678091286739666,372.332936507934,3,4,150,0.56,2,1,propagation_organization,0.9709505944546688,4.065040650406504,0.43862107623318386,0.9248878923766816,0.9503923766816144,0.715072869955157,184,1002,135,176
ent_d1412ca6811b,佛光山假日修道會,PracticeActivity,4,3,1,1,2,2,4,4,0.0003264349985713644,0.0,376.8309523809498,2,5,111,0.5,1,1,propagation_organization,1.0,50.0,0.43637892376681614,0.3276345291479821,0.9161995515695067,0.4559136771300448,391,1004,617,570
ent_6d565d2bea46,共修淨化人心,Concept,0,0,0,1,1,2,2,2,0.0003264349985713644,0.0,356.7686507936485,1,4,150,0.0,2,2,practice;thought_doctrine,0.0,,0.43637892376681614,0.3276345291479821,0.39181614349775784,0.3485986547085202,648,1004,617,636
ent_d90fe2558ac4,慈善福利社會,Concept,0,0,0,1,1,1,2,2,0.0003264349985713644,0.0,356.76865079364853,1,4,150,0.0,1,1,thought_doctrine,0.0,,0.43637892376681614,0.3276345291479821,0.39181614349775784,0.2985986547085202,648,1004,617,655
ent_4d6c30af85ee,集體創作,Concept,711,488,0,1,1,2,2,2,0.0003264349985713644,0.0,356.7686507936485,1,4,150,0.0,2,2,propagation_organization;thought_doctrine,0.0,0.2812939521800281,0.43637892376681614,0.3276345291479821,0.39181614349775784,0.3485986547085202,648,1004,617,636
ent_1e876cb1c2d9,大雄寶殿,PlaceRealm,9,6,0,1,1,1,2,2,0.0003264349985713644,0.0,356.7686507936485,1,4,150,0.0,1,1,other_domain,0.0,11.11111111111111,0.43637892376681614,0.3276345291479821,0.39181614349775784,0.2985986547085202,648,1004,617,655
ent_728332372923,朝山會館,PlaceRealm,5,4,0,1,1,1,2,2,0.0003264349985713644,0.0,356.7686507936485,1,4,150,0.0,1,1,other_domain,0.0,20.0,0.43637892376681614,0.3276345291479821,0.39181614349775784,0.2985986547085202,648,1004,617,655
ent_a5e336f0fbbb,生活佛教,Concept,0,0,1,2,3,4,4,5,0.00032596042860928183,0.0,396.57341269840987,3,1,235,0.0,3,2,propagation_organization;thought_doctrine,0.9999999999999998,,0.4344170403587444,0.3276345291479821,0.39181614349775784,0.35859865470852015,286,1010,617,634
ent_60e8133ff11d,中華佛光協會,Institution,291,114,1,2,3,3,3,3,0.00032546910993509217,0.00021037615404732605,374.3174603174577,2,4,150,0.4444444444444444,2,1,propagation_organization,0.9182958340544894,1.0309278350515463,0.43385650224215244,0.7589686098654709,0.8646300448430493,0.6229764573991032,286,1011,431,328
ent_5b809d53c5c3,達蘭沙拉,PlaceRealm,4,3,0,1,1,1,2,2,0.0003243528556196924,0.0,258.6897546897511,1,12,20,0.0,1,1,propagation_organization,0.0,25.0,0.43301569506726456,0.3276345291479821,0.39181614349775784,0.2985986547085202,648,1012,617,655
ent_821764980e74,實踐和平朝聖法會,PracticeActivity,2,2,0,1,1,1,2,2,0.0003243528556196924,0.0,258.6897546897511,1,12,20,0.0,1,1,propagation_organization,0.0,50.0,0.43301569506726456,0.3276345291479821,0.39181614349775784,0.2985986547085202,648,1012,617,655
ent_f96f2ac5d2ae,阿難,BuddhistFigure,0,0,4,1,5,5,5,5,0.00032382755237082606,0.0003909627528846792,350.9095238095216,5,2,153,0.0,2,2,practice;propagation_organization,0.8649735207179272,,0.4318946188340807,0.7696188340807175,0.39181614349775784,0.5253923766816144,184,1014,412,445
ent_2fa7092aca9e,頭陀第一,RoleTitle,40,37,0,1,1,1,1,1,0.00032382755237082606,0.0,291.06785714285473,1,2,153,0.0,1,1,other_domain,0.0,2.5,0.4318946188340807,0.3276345291479821,0.39181614349775784,0.2985986547085202,648,1014,617,655
ent_288b54a99ad4,本來面目,Concept,830,593,5,1,6,7,7,8,0.00032303969959769847,0.0008913834792431785,396.7428571428535,5,6,77,0.6938775510204083,2,2,practice;thought_doctrine,0.7896900821428474,0.8433734939759037,0.4310538116591928,0.8419282511210763,0.9896300448430493,0.7336603139013453,154,1016,283,152
ent_477ad808f17b,社會活動,PracticeActivity,53,48,0,1,1,2,2,2,0.00032216292777605723,0.0,334.73412698412506,1,1,235,0.0,1,1,propagation_organization,0.0,3.7735849056603774,0.4304932735426009,0.3276345291479821,0.39181614349775784,0.2985986547085202,648,1017,617,655
ent_c08021ab9346,愚痴,DoctrineTerm,2204,1346,1,1,2,3,3,3,0.00032167160910186757,6.960790251977651e-06,306.20198412698227,2,3,153,0.0,2,2,practice;thought_doctrine,1.0,0.13611615245009073,0.4279708520179372,0.6866591928251121,0.39181614349775784,0.4922085201793722,391,1018,560,504
ent_7ec13cccf8b9,佛光山僧眾,Group,51,47,1,1,2,2,2,2,0.00032167160910186757,0.0008038256308961114,267.96230158729816,1,4,150,0.0,2,2,practice;propagation_organization,1.0,3.9215686274509802,0.4279708520179372,0.804372197309417,0.39181614349775784,0.5392937219730942,391,1018,315,415
ent_2f96825dc4ac,理懺,PracticeActivity,21,10,0,1,1,1,1,1,0.00032167160910186757,0.0,300.53174603174415,1,3,153,0.0,1,1,thought_doctrine,0.0,4.761904761904762,0.4279708520179372,0.3276345291479821,0.39181614349775784,0.2985986547085202,648,1018,617,655
ent_04ae57a587e4,第一義,DoctrineTerm,146,73,0,1,1,1,1,1,0.00032167160910186757,0.0,296.05079365079143,1,9,56,0.0,1,1,thought_doctrine,0.0,0.684931506849315,0.4279708520179372,0.3276345291479821,0.39181614349775784,0.2985986547085202,648,1018,617,655
ent_98526b272a84,佛門,DoctrineTerm,4423,2200,0,1,1,1,1,1,0.00032167160910186757,0.0,296.05079365079143,1,9,56,0.0,1,1,thought_doctrine,0.0,0.022609088853719195,0.4279708520179372,0.3276345291479821,0.39181614349775784,0.2985986547085202,648,1018,617,655
ent_9cb45a49b624,唐招提寺,Institution,47,30,0,1,1,1,1,1,0.00032167160910186757,0.0,298.56150793650585,1,1,235,0.0,1,1,propagation_organization,0.0,2.127659574468085,0.4279708520179372,0.3276345291479821,0.39181614349775784,0.2985986547085202,648,1018,617,655
ent_753fd5b5b649,鳳山佛教蓮社,Institution,46,34,0,1,1,1,1,1,0.00032167160910186757,0.0,258.3944444444407,1,6,77,0.0,1,1,propagation_organization,0.0,2.1739130434782608,0.4279708520179372,0.3276345291479821,0.39181614349775784,0.2985986547085202,648,1018,617,655
ent_53966c93dcae,鳳山歌詠隊,Group,2,2,0,1,1,1,1,1,0.00032167160910186757,0.0,258.39444444444075,1,6,77,0.0,1,1,propagation_organization,0.0,50.0,0.4279708520179372,0.3276345291479821,0.39181614349775784,0.2985986547085202,648,1018,617,655
ent_fac59827f3b4,建寺,PracticeActivity,1,1,0,1,1,1,1,1,0.0003190864207062481,0.0,297.3984126984106,1,2,153,0.0,1,1,thought_doctrine,0.0,100.0,0.4248878923766816,0.3276345291479821,0.39181614349775784,0.2985986547085202,648,1026,617,655
ent_abfd86664294,三時繫念,PracticeActivity,1,1,0,1,1,1,1,1,0.0003190864207062481,0.0,297.3984126984106,1,2,153,0.0,1,1,thought_doctrine,0.0,100.0,0.4248878923766816,0.3276345291479821,0.39181614349775784,0.2985986547085202,648,1026,617,655
ent_32ad33410369,禮誦地藏經,PracticeActivity,1,1,0,1,1,1,1,1,0.0003190864207062481,0.0,297.3984126984106,1,2,153,0.0,1,1,thought_doctrine,0.0,100.0,0.4248878923766816,0.3276345291479821,0.39181614349775784,0.2985986547085202,648,1026,617,655
ent_3aa74a3c9623,汐止,PlaceRealm,109,81,0,1,1,1,1,1,0.00031731458351040223,0.0,291.179365079363,1,21,7,0.0,1,1,propagation_organization,0.0,0.9174311926605505,0.4229260089686099,0.3276345291479821,0.39181614349775784,0.2985986547085202,648,1029,617,655
ent_8f2b2c0c55b8,人間佛教月刊,Classic,4,4,0,1,1,1,1,1,0.00031731458351040223,0.0,291.179365079363,1,21,7,0.0,1,1,propagation_organization,0.0,25.0,0.4229260089686099,0.3276345291479821,0.39181614349775784,0.2985986547085202,648,1029,617,655
ent_e716e07e181b,新竹青草湖,PlaceRealm,105,89,0,1,1,1,1,1,0.00031731458351040223,0.0,291.179365079363,1,21,7,0.0,1,1,propagation_organization,0.0,0.9523809523809523,0.4229260089686099,0.3276345291479821,0.39181614349775784,0.2985986547085202,648,1029,617,655
ent_7b0771914aef,方等,DoctrineTerm,119,91,0,1,1,1,1,1,0.00031731458351040223,0.0,264.41468253967884,1,6,77,0.0,1,1,practice,0.0,0.8403361344537815,0.4229260089686099,0.3276345291479821,0.39181614349775784,0.2985986547085202,648,1029,617,655
ent_046ffb216763,不惜身命,Concept,45,43,0,1,1,1,1,1,0.0003157137982676518,0.0,323.6507936507915,1,7,59,0.0,1,1,thought_doctrine,0.0,2.2222222222222223,0.4192825112107623,0.3276345291479821,0.39181614349775784,0.2985986547085202,648,1033,617,655
ent_7be5362aae49,事事無礙法界,PlaceRealm,0,0,0,1,1,1,1,1,0.0003157137982676518,0.0,323.65079365079146,1,7,59,0.0,1,1,thought_doctrine,0.0,,0.4192825112107623,0.3276345291479821,0.39181614349775784,0.2985986547085202,648,1033,617,655
ent_9c26727c23b2,事法界,PlaceRealm,0,0,0,1,1,1,1,1,0.0003157137982676518,0.0,323.6507936507915,1,7,59,0.0,1,1,thought_doctrine,0.0,,0.4192825112107623,0.3276345291479821,0.39181614349775784,0.2985986547085202,648,1033,617,655
ent_7e15914d649d,初發心,PracticeActivity,177,129,0,1,1,1,1,1,0.0003157137982676518,0.0,323.6507936507915,1,7,59,0.0,1,1,thought_doctrine,0.0,0.5649717514124294,0.4192825112107623,0.3276345291479821,0.39181614349775784,0.2985986547085202,648,1033,617,655
ent_fcf0a67d7b3a,常隨佛學,Concept,84,61,0,1,1,1,1,1,0.0003157137982676518,0.0,323.65079365079146,1,7,59,0.0,1,1,thought_doctrine,0.0,1.1904761904761905,0.4192825112107623,0.3276345291479821,0.39181614349775784,0.2985986547085202,648,1033,617,655
ent_a052f149705e,法供養,PracticeActivity,0,0,0,1,1,1,1,1,0.0003157137982676518,0.0,323.6507936507915,1,7,59,0.0,1,1,thought_doctrine,0.0,,0.4192825112107623,0.3276345291479821,0.39181614349775784,0.2985986547085202,648,1033,617,655
ent_5d26c2240d4d,法界性,DoctrineTerm,0,0,0,1,1,1,1,1,0.0003157137982676518,0.0,323.6507936507915,1,7,59,0.0,1,1,thought_doctrine,0.0,,0.4192825112107623,0.3276345291479821,0.39181614349775784,0.2985986547085202,648,1033,617,655
ent_b96a4711e210,理事無礙法界,PlaceRealm,0,0,0,1,1,1,1,1,0.0003157137982676518,0.0,323.6507936507915,1,7,59,0.0,1,1,thought_doctrine,0.0,,0.4192825112107623,0.3276345291479821,0.39181614349775784,0.2985986547085202,648,1033,617,655
ent_058be8f916aa,理法界,DoctrineTerm,0,0,0,1,1,1,1,1,0.0003157137982676518,0.0,323.65079365079146,1,7,59,0.0,1,1,thought_doctrine,0.0,,0.4192825112107623,0.3276345291479821,0.39181614349775784,0.2985986547085202,648,1033,617,655
ent_dd33ab3f77a2,中華漢藏文化協會,Institution,95,69,0,2,2,3,4,6,0.0003156360092356801,6.994588198524577e-06,373.1841269841244,2,1,235,0.0,1,1,propagation_organization,1.0,3.1578947368421053,0.4164798206278027,0.6875,0.39181614349775784,0.4425448430493274,391,1042,558,596
ent_b180a65bd582,往生淨土,DoctrineTerm,0,0,0,1,1,1,1,1,0.00031421169644506666,0.0,270.96468253967953,1,6,77,0.0,1,1,practice,0.0,,0.41591928251121074,0.3276345291479821,0.39181614349775784,0.2985986547085202,648,1043,617,655
ent_e1d6f5b50525,阿彌陀經,Classic,0,0,5,1,5,6,14,18,0.00031322946495237575,0.00075056831182142,386.4285714285691,5,6,77,0.3571428571428572,2,2,classic_text;thought_doctrine,0.9602297178607612,,0.40835201793721976,0.7785874439461884,0.820067264573991,0.6574551569506728,184,1044,396,270
ent_0200e9f80c43,世間,PlaceRealm,16488,6476,2,1,3,3,3,3,0.00031322946495237575,0.0010187161680336437,359.97857142856947,2,17,9,0.4444444444444444,3,2,propagation_organization;thought_doctrine,0.9182958340544894,0.018195050946142648,0.40835201793721976,0.8536995515695067,0.8646300448430493,0.7108688340807174,286,1044,262,184
ent_3b664b6bfc74,勝鬘師子吼一乘大方便方廣經,Classic,0,0,2,1,3,3,4,4,0.00031322946495237575,0.0017308135117924271,360.8119047619027,2,16,9,0.375,2,2,classic_text;thought_doctrine,0.9182958340544894,,0.40835201793721976,0.8929372197309418,0.8321188340807175,0.7068105381165921,286,1044,192,190
ent_d6ec558ba334,戒律,DoctrineTerm,0,0,1,1,2,2,2,2,0.00031322946495237575,0.0,382.09523809523574,2,2,153,0.5,2,2,propagation_organization;thought_doctrine,1.0,,0.40835201793721976,0.3276345291479821,0.9161995515695067,0.5059136771300449,391,1044,617,466
ent_e427f4e4a46f,菩薩行,Concept,590,374,1,1,2,2,2,2,0.00031322946495237575,5.264376949110213e-05,377.9714285714257,2,2,153,0.5,2,2,practice;thought_doctrine,1.0,0.3389830508474576,0.40835201793721976,0.719170403587444,0.9161995515695067,0.6625280269058296,391,1044,502,261
ent_bfc79abde9b5,波羅提木叉,Concept,51,33,0,1,1,1,1,1,0.00031322946495237575,0.0,357.795238095236,1,2,153,0.0,1,1,propagation_organization,0.0,1.9607843137254901,0.40835201793721976,0.3276345291479821,0.39181614349775784,0.2985986547085202,648,1044,617,655
ent_e41c29e37c24,六和敬,Concept,241,152,0,1,1,1,1,1,0.00031322946495237575,0.0,357.795238095236,1,2,153,0.0,1,1,propagation_organization,0.0,0.4149377593360996,0.40835201793721976,0.3276345291479821,0.39181614349775784,0.2985986547085202,648,1044,617,655
ent_143eee931f4b,少欲知足,Concept,112,84,0,1,1,1,1,1,0.00031322946495237575,0.0,357.795238095236,1,2,153,0.0,1,1,propagation_organization,0.0,0.8928571428571429,0.40835201793721976,0.3276345291479821,0.39181614349775784,0.2985986547085202,648,1044,617,655
ent_65f13d0cbe78,仁王護國,DoctrineTerm,60,50,0,1,1,1,1,1,0.00031322946495237575,0.0,357.795238095236,1,2,153,0.0,1,1,propagation_organization,0.0,1.6666666666666667,0.40835201793721976,0.3276345291479821,0.39181614349775784,0.2985986547085202,648,1044,617,655
ent_7c5bec1a1e11,人我平等制度,Concept,0,0,0,1,1,1,1,1,0.00031322946495237575,0.0,357.795238095236,1,2,153,0.0,1,1,propagation_organization,0.0,,0.40835201793721976,0.3276345291479821,0.39181614349775784,0.2985986547085202,648,1044,617,655
ent_7ce5a16d7d24,人间佛教,DoctrineTerm,0,0,0,1,1,1,1,1,0.00031322946495237575,0.0,357.795238095236,1,2,153,0.0,1,1,propagation_organization,0.0,,0.40835201793721976,0.3276345291479821,0.39181614349775784,0.2985986547085202,648,1044,617,655
ent_635f7c0727a5,依法不依人,Concept,198,167,0,1,1,1,1,1,0.00031322946495237575,0.0,357.795238095236,1,2,153,0.0,1,1,thought_doctrine,0.0,0.5050505050505051,0.40835201793721976,0.3276345291479821,0.39181614349775784,0.2985986547085202,648,1044,617,655
ent_c725d70319d9,八敬法,DoctrineTerm,139,47,0,1,1,1,1,1,0.00031322946495237575,0.0,357.795238095236,1,2,153,0.0,1,1,thought_doctrine,0.0,0.7194244604316546,0.40835201793721976,0.3276345291479821,0.39181614349775784,0.2985986547085202,648,1044,617,655
ent_390d5291a4f2,五印度,PlaceRealm,97,89,0,1,1,1,1,1,0.00031322946495237575,0.0,357.795238095236,1,2,153,0.0,1,1,propagation_organization,0.0,1.0309278350515463,0.40835201793721976,0.3276345291479821,0.39181614349775784,0.2985986547085202,648,1044,617,655
ent_9957187e43ba,恒河,PlaceRealm,1,1,0,1,1,1,1,1,0.00031322946495237575,0.0,357.795238095236,1,2,153,0.0,1,1,propagation_organization,0.0,100.0,0.40835201793721976,0.3276345291479821,0.39181614349775784,0.2985986547085202,648,1044,617,655
ent_f20b3f1de777,入涅槃,DoctrineTerm,0,0,0,1,1,1,1,1,0.00031322946495237575,0.0,357.795238095236,1,2,153,0.0,1,1,practice,0.0,,0.40835201793721976,0.3276345291479821,0.39181614349775784,0.2985986547085202,648,1044,617,655
ent_faac1e94bad5,六和僧團,Institution,0,0,0,1,1,1,1,1,0.00031322946495237575,0.0,357.795238095236,1,2,153,0.0,1,1,propagation_organization,0.0,,0.40835201793721976,0.3276345291479821,0.39181614349775784,0.2985986547085202,648,1044,617,655
ent_169fda8a563c,佛教僧團,Institution,197,137,0,1,1,1,1,1,0.00031322946495237575,0.0,357.795238095236,1,2,153,0.0,1,1,propagation_organization,0.0,0.5076142131979695,0.40835201793721976,0.3276345291479821,0.39181614349775784,0.2985986547085202,648,1044,617,655
ent_a90b393da4e5,六年苦行,PracticeActivity,35,31,0,1,1,1,1,1,0.00031322946495237575,0.0,357.795238095236,1,2,153,0.0,1,1,practice,0.0,2.857142857142857,0.40835201793721976,0.3276345291479821,0.39181614349775784,0.2985986547085202,648,1044,617,655
ent_4dbc4d994e37,尼連禪,DoctrineTerm,65,37,0,1,1,1,1,1,0.00031322946495237575,0.0,357.795238095236,1,2,153,0.0,1,1,practice,0.0,1.5384615384615385,0.40835201793721976,0.3276345291479821,0.39181614349775784,0.2985986547085202,648,1044,617,655
ent_0e38cfb86953,捨身飼虎,Concept,120,115,0,1,1,1,1,1,0.00031322946495237575,0.0,357.795238095236,1,2,153,0.0,1,1,practice,0.0,0.8333333333333334,0.40835201793721976,0.3276345291479821,0.39181614349775784,0.2985986547085202,648,1044,617,655
ent_1c071d9dbd9e,國際交流,PracticeActivity,0,0,0,1,1,1,1,1,0.00031322946495237575,0.0,357.795238095236,1,2,153,0.0,1,1,practice,0.0,,0.40835201793721976,0.3276345291479821,0.39181614349775784,0.2985986547085202,648,1044,617,655
ent_dd45f8dbe6e9,文殊師利菩薩,BuddhistFigure,0,0,0,1,1,1,1,1,0.00031322946495237575,0.0,357.795238095236,1,2,153,0.0,1,1,propagation_organization,0.0,,0.40835201793721976,0.3276345291479821,0.39181614349775784,0.2985986547085202,648,1044,617,655
ent_fd90d38cf045,玉耶女,BuddhistFigure,1,1,0,1,1,1,1,1,0.00031322946495237575,0.0,357.795238095236,1,2,153,0.0,1,1,propagation_organization,0.0,100.0,0.40835201793721976,0.3276345291479821,0.39181614349775784,0.2985986547085202,648,1044,617,655
ent_33cdf6de3f88,行者,RoleTitle,17,11,0,1,1,1,1,1,0.00031322946495237575,0.0,357.795238095236,1,2,153,0.0,1,1,propagation_organization,0.0,5.882352941176471,0.40835201793721976,0.3276345291479821,0.39181614349775784,0.2985986547085202,648,1044,617,655
ent_b0a643a25c5d,人類,Group,12,10,0,1,1,1,1,1,0.00031322946495237575,0.0,357.795238095236,1,2,153,0.0,1,1,propagation_organization,0.0,8.333333333333334,0.40835201793721976,0.3276345291479821,0.39181614349775784,0.2985986547085202,648,1044,617,655
ent_a7ac04cf2640,般舟三昧,DoctrineTerm,0,0,2,1,3,3,3,3,0.0003131022396354741,0.0005699542208426794,351.3567460317439,3,8,58,0.4444444444444444,2,2,practice;thought_doctrine,0.9999999999999998,,0.3999439461883408,0.7746636771300448,0.8646300448430493,0.6692544843049328,286,1070,403,248
ent_3ac22c0265d7,即空即假即中,DoctrineTerm,0,0,0,1,1,1,1,1,0.0003131022396354741,0.0,269.4297619047583,1,8,58,0.0,1,1,thought_doctrine,0.0,,0.3999439461883408,0.3276345291479821,0.39181614349775784,0.2985986547085202,648,1070,617,655
ent_ca96b59033f1,無作四諦,DoctrineTerm,0,0,0,1,1,1,1,1,0.0003131022396354741,0.0,269.4297619047583,1,8,58,0.0,1,1,thought_doctrine,0.0,,0.3999439461883408,0.3276345291479821,0.39181614349775784,0.2985986547085202,648,1070,617,655
ent_f80175ffe0cf,法華三昧懺儀,DoctrineTerm,0,0,0,1,1,1,1,1,0.0003131022396354741,0.0,269.4297619047583,1,8,58,0.0,1,1,thought_doctrine,0.0,,0.3999439461883408,0.3276345291479821,0.39181614349775784,0.2985986547085202,648,1070,617,655
ent_47a49e6c416c,帝釋天,BuddhistFigure,128,71,0,1,1,1,1,1,0.0003112147476823508,0.0,291.4166666666641,1,2,153,0.0,1,1,classic_text,0.0,0.78125,0.398542600896861,0.3276345291479821,0.39181614349775784,0.2985986547085202,648,1074,617,655
ent_a9c3d4e6d173,三法印,DoctrineTerm,443,262,4,1,5,5,5,7,0.0003110779712995954,0.0021990211574618485,340.29603174602994,2,9,56,0.31999999999999984,3,2,propagation_organization;thought_doctrine,0.7219280948873623,1.1286681715575622,0.3977017937219731,0.906390134529148,0.8116591928251121,0.716053811659193,184,1075,168,175
ent_d94e063b24d8,成等正覺,DoctrineTerm,52,51,0,1,1,1,1,1,0.0003110779712995954,0.0,329.3984126984111,1,2,153,0.0,1,1,practice,0.0,1.9230769230769231,0.3977017937219731,0.3276345291479821,0.39181614349775784,0.2985986547085202,648,1075,617,655
ent_976dc70cfb20,南天大學,Institution,278,134,0,2,2,2,2,2,0.00031042270230397927,0.0,391.3174603174576,2,4,150,0.5,1,1,propagation_organization,1.0,0.7194244604316546,0.3963004484304933,0.3276345291479821,0.9161995515695067,0.4559136771300448,391,1077,617,570
ent_02092331b755,雲水醫院,Institution,3,3,0,2,2,2,2,2,0.00031042270230397927,0.0,391.3174603174576,2,4,150,0.5,1,1,propagation_organization,1.0,66.66666666666667,0.3963004484304933,0.3276345291479821,0.9161995515695067,0.4559136771300448,391,1077,617,570
ent_49888f38bdc9,世界顯密佛學會議,PracticeActivity,55,45,1,2,2,3,3,4,0.00031042270230397927,0.0,391.3174603174576,2,4,150,0.4444444444444444,2,1,propagation_organization,1.0,5.454545454545454,0.3963004484304933,0.3276345291479821,0.8646300448430493,0.45044282511210765,391,1077,617,583
ent_8792d772dc43,全球佛光人百萬人同步念佛超薦祈福法會,PracticeActivity,4,3,0,1,1,1,1,1,0.00030935119605893593,0.0,319.81984126983957,1,10,42,0.0,1,1,propagation_organization,0.0,25.0,0.39125560538116594,0.3276345291479821,0.39181614349775784,0.2985986547085202,648,1080,617,655
ent_03e093b5eed2,反煙毒運動,PracticeActivity,3,3,0,1,1,1,1,1,0.00030935119605893593,0.0,319.81984126983957,1,10,42,0.0,1,1,propagation_organization,0.0,33.333333333333336,0.39125560538116594,0.3276345291479821,0.39181614349775784,0.2985986547085202,648,1080,617,655
ent_6e6eb7a8d2c0,慈悲愛心列車,PracticeActivity,84,45,0,1,1,1,1,1,0.00030935119605893593,0.0,319.81984126983957,1,10,42,0.0,1,1,propagation_organization,0.0,1.1904761904761905,0.39125560538116594,0.3276345291479821,0.39181614349775784,0.2985986547085202,648,1080,617,655
ent_6a091db9d94b,淨化人心七誡運動,PracticeActivity,55,41,0,1,1,1,1,1,0.00030935119605893593,0.0,319.81984126983957,1,10,42,0.0,1,1,propagation_organization,0.0,1.8181818181818181,0.39125560538116594,0.3276345291479821,0.39181614349775784,0.2985986547085202,648,1080,617,655
ent_76b0f5140ef6,監獄八關齋戒修道會,PracticeActivity,2,2,0,1,1,1,1,1,0.00030935119605893593,0.0,319.81984126983957,1,10,42,0.0,1,1,propagation_organization,0.0,50.0,0.39125560538116594,0.3276345291479821,0.39181614349775784,0.2985986547085202,648,1080,617,655
ent_a9466966f67d,禪淨共修祈福法會,PracticeActivity,24,20,0,1,1,1,1,1,0.00030935119605893593,0.0,319.81984126983957,1,10,42,0.0,1,1,propagation_organization,0.0,4.166666666666667,0.39125560538116594,0.3276345291479821,0.39181614349775784,0.2985986547085202,648,1080,617,655
ent_005e7b74f0fe,第一屆國際佛教青年會議,PracticeActivity,4,4,0,1,1,1,1,1,0.00030935119605893593,0.0,319.81984126983957,1,10,42,0.0,1,1,propagation_organization,0.0,25.0,0.39125560538116594,0.3276345291479821,0.39181614349775784,0.2985986547085202,648,1080,617,655
ent_da39d15fc599,“点亮希望的灯”献灯祈福活动,PracticeActivity,0,0,0,1,1,1,1,1,0.00030935119605893593,0.0,319.81984126983957,1,10,42,0.0,1,1,propagation_organization,0.0,,0.39125560538116594,0.3276345291479821,0.39181614349775784,0.2985986547085202,648,1080,617,655
ent_41bd69cdc421,監獄三皈五戒,PracticeActivity,1,1,0,1,1,1,1,1,0.00030935119605893593,0.0,319.81984126983957,1,10,42,0.0,1,1,propagation_organization,0.0,100.0,0.39125560538116594,0.3276345291479821,0.39181614349775784,0.2985986547085202,648,1080,617,655
ent_2f8e1435dbb7,人間佛教活動,PracticeActivity,2,2,0,1,1,1,1,1,0.00030935119605893593,0.0,319.81984126983957,1,10,42,0.0,1,1,propagation_organization,0.0,50.0,0.39125560538116594,0.3276345291479821,0.39181614349775784,0.2985986547085202,648,1080,617,655
ent_8a8e0fc4720d,跨宗教為世界祈求和平法會,PracticeActivity,1,1,0,1,1,1,1,1,0.00030935119605893593,0.0,319.81984126983957,1,10,42,0.0,1,1,propagation_organization,0.0,100.0,0.39125560538116594,0.3276345291479821,0.39181614349775784,0.2985986547085202,648,1080,617,655
ent_b21a059ea3ae,環保活動,PracticeActivity,0,0,0,1,1,1,1,1,0.00030935119605893593,0.0,319.81984126983957,1,10,42,0.0,1,1,propagation_organization,0.0,,0.39125560538116594,0.3276345291479821,0.39181614349775784,0.2985986547085202,648,1080,617,655
ent_bb57222fa99b,聯合國婦女地位委員會年會,PracticeActivity,0,0,0,1,1,1,1,1,0.00030935119605893593,0.0,319.81984126983957,1,10,42,0.0,1,1,propagation_organization,0.0,,0.39125560538116594,0.3276345291479821,0.39181614349775784,0.2985986547085202,648,1080,617,655
ent_8cbf3cfe3d2e,兩千年佛光山梵唄讚頌團亞澳弘法,PracticeActivity,1,1,0,1,1,1,1,1,0.00030935119605893593,0.0,319.81984126983957,1,10,42,0.0,1,1,propagation_organization,0.0,100.0,0.39125560538116594,0.3276345291479821,0.39181614349775784,0.2985986547085202,648,1080,617,655
ent_975d89a58507,國際弘法,PracticeActivity,188,132,0,1,1,1,1,1,0.00030935119605893593,0.0,319.81984126983957,1,10,42,0.0,1,1,practice,0.0,0.5319148936170213,0.39125560538116594,0.3276345291479821,0.39181614349775784,0.2985986547085202,648,1080,617,655
ent_bfb74faa1d08,智者大師,Person,0,0,9,1,10,11,11,11,0.0003089966255630594,0.0058538826891345735,348.04880952380745,3,8,58,0.16528925619834722,4,4,classic_text;practice;propagation_organization;thought_doctrine,0.7854752972273344,,0.38565022421524664,0.969170403587444,0.7872757847533632,0.8238508968609867,82,1095,56,43
ent_58965d7f9c4c,智顗,BuddhistFigure,36,26,2,1,3,3,3,4,0.0003089966255630594,0.0032096373468592575,239.27063492063076,1,8,58,0.0,2,1,propagation_organization,0.9182958340544894,8.333333333333334,0.38565022421524664,0.9335762331838565,0.39181614349775784,0.55097533632287,286,1095,119,405
ent_0ac364d23d18,最澄,BuddhistFigure,103,25,0,1,1,1,1,1,0.0003089966255630594,0.0,237.4373015872975,1,8,58,0.0,1,1,propagation_organization,0.0,0.970873786407767,0.38565022421524664,0.3276345291479821,0.39181614349775784,0.2985986547085202,648,1095,617,655
ent_c9ca3ec7ac9b,上月圓覺法師,BuddhistFigure,2,2,0,1,1,1,1,1,0.0003089966255630594,0.0,237.4373015872975,1,8,58,0.0,1,1,propagation_organization,0.0,50.0,0.38565022421524664,0.3276345291479821,0.39181614349775784,0.2985986547085202,648,1095,617,655
ent_c9fa0f51d3bc,三種止觀,DoctrineTerm,10,6,0,1,1,1,1,1,0.0003089966255630594,0.0,237.4373015872975,1,8,58,0.0,1,1,propagation_organization,0.0,10.0,0.38565022421524664,0.3276345291479821,0.39181614349775784,0.2985986547085202,648,1095,617,655
ent_3dcc3dbbf7a7,一大事因緣,DoctrineTerm,0,0,2,1,3,3,4,4,0.0003081440046342967,2.6000074795805012e-05,338.5083333333313,3,2,153,0.375,2,1,thought_doctrine,0.9999999999999998,,0.3836883408071749,0.702914798206278,0.8321188340807175,0.5908015695067266,286,1100,531,380
ent_f255ef4df57b,三種世間,Concept,10,9,0,1,1,1,1,1,0.0003081440046342967,0.0,296.0273809523785,1,3,153,0.0,1,1,thought_doctrine,0.0,10.0,0.3836883408071749,0.3276345291479821,0.39181614349775784,0.2985986547085202,648,1100,617,655
ent_b0cb6c5ceaab,不可說,Concept,268,166,0,1,1,1,1,1,0.00030735576622066525,0.0,305.66984126983914,1,9,56,0.0,1,1,thought_doctrine,0.0,0.373134328358209,0.38256726457399104,0.3276345291479821,0.39181614349775784,0.2985986547085202,648,1102,617,655
ent_09be5792107c,自性三寶,DoctrineTerm,108,56,0,1,1,1,1,1,0.00030735576622066525,0.0,305.66984126983914,1,9,56,0.0,1,1,practice,0.0,0.9259259259259259,0.38256726457399104,0.3276345291479821,0.39181614349775784,0.2985986547085202,648,1102,617,655
ent_7e4e8a02106a,佛光出版社,Institution,0,0,4,1,5,5,5,5,0.0003066252014707547,0.003211525739100987,359.4353174603152,1,4,150,0.0,2,2,classic_text;propagation_organization,0.7219280948873623,,0.37331838565022424,0.9355381165919282,0.39181614349775784,0.5917600896860986,184,1104,116,379
ent_d7cca7f6fea9,德里文教中心,Institution,43,15,3,1,4,4,4,4,0.0003066252014707547,0.001065819036026256,375.9880952380926,3,4,150,0.375,3,2,other_domain;propagation_organization,0.946394630357186,9.30232558139535,0.37331838565022424,0.8559417040358744,0.8321188340807175,0.7020123318385652,215,1104,258,194
ent_0460c508acf4,普賢寺,Institution,243,132,3,1,4,4,4,4,0.0003066252014707547,0.00017391767668126307,359.81865079364843,2,4,150,0.0,2,1,propagation_organization,0.8112781244591328,1.646090534979424,0.37331838565022424,0.7528026905829597,0.39181614349775784,0.47866591928251123,215,1104,442,548
ent_8bc796d853f0,佛光山慈悲社會福利基金會,Institution,151,109,1,1,2,2,2,2,0.0003066252014707547,0.0,358.8519841269818,2,4,150,0.0,2,1,propagation_organization,1.0,1.3245033112582782,0.37331838565022424,0.3276345291479821,0.39181614349775784,0.3085986547085202,391,1104,617,645
ent_6563d867e023,講堂,Institution,0,0,1,1,2,2,2,2,0.0003066252014707547,0.0,371.45119047618795,2,4,150,0.5,2,1,propagation_organization,1.0,,0.37331838565022424,0.3276345291479821,0.9161995515695067,0.46591367713004483,391,1104,617,556
ent_3cf35557d4aa,光明大學,Institution,164,96,1,1,2,2,2,2,0.0003066252014707547,0.0008038256308961114,357.43531746031516,1,4,150,0.0,2,1,propagation_organization,1.0,1.2195121951219512,0.37331838565022424,0.804372197309417,0.39181614349775784,0.4992937219730942,391,1104,315,475
ent_174a61925234,印度佛學院,Institution,56,34,1,1,2,3,3,3,0.0003066252014707547,2.4676297665112718e-05,357.9519841269819,2,12,20,0.4444444444444444,2,1,propagation_organization,1.0,5.357142857142857,0.37331838565022424,0.7012331838565022,0.8646300448430493,0.5998822869955157,391,1104,534,366
ent_487f7c9064c2,白話佛經編纂會議,PracticeActivity,2,2,1,1,2,2,2,2,0.0003066252014707547,0.0008038256308961114,357.4353174603152,1,4,150,0.0,2,1,propagation_organization,1.0,100.0,0.37331838565022424,0.804372197309417,0.39181614349775784,0.4992937219730942,391,1104,315,475
ent_61c9761d548e,人間佛教實踐,Concept,0,0,0,1,1,1,1,1,0.0003066252014707547,0.0,356.7686507936485,1,4,150,0.0,1,1,thought_doctrine,0.0,,0.37331838565022424,0.3276345291479821,0.39181614349775784,0.2985986547085202,648,1104,617,655
ent_ec66c052e9f6,身心自在,Concept,0,0,0,1,1,1,1,1,0.0003066252014707547,0.0,356.7686507936485,1,4,150,0.0,1,1,thought_doctrine,0.0,,0.37331838565022424,0.3276345291479821,0.39181614349775784,0.2985986547085202,648,1104,617,655
ent_31b51728aa9c,雲居樓,PlaceRealm,5,4,0,1,1,1,1,1,0.0003066252014707547,0.0,356.7686507936485,1,4,150,0.0,1,1,other_domain,0.0,20.0,0.37331838565022424,0.3276345291479821,0.39181614349775784,0.2985986547085202,648,1104,617,655
ent_e9490e6a5114,如來殿,PlaceRealm,5,5,0,1,1,1,1,1,0.0003066252014707547,0.0,356.7686507936485,1,4,150,0.0,1,1,other_domain,0.0,20.0,0.37331838565022424,0.3276345291479821,0.39181614349775784,0.2985986547085202,648,1104,617,655
ent_57a4bca22149,世界顯密佛教學術會議,PracticeActivity,3,3,0,1,1,1,1,1,0.0003066252014707547,0.0,356.76865079364853,1,4,150,0.0,1,1,propagation_organization,0.0,33.333333333333336,0.37331838565022424,0.3276345291479821,0.39181614349775784,0.2985986547085202,648,1104,617,655
ent_c623f3d5099b,國際僧伽研習會,PracticeActivity,6,6,0,1,1,1,1,1,0.0003066252014707547,0.0,356.7686507936485,1,4,150,0.0,1,1,propagation_organization,0.0,16.666666666666668,0.37331838565022424,0.3276345291479821,0.39181614349775784,0.2985986547085202,648,1104,617,655
ent_1913c234e033,水陸法會,PracticeActivity,419,192,0,1,1,1,1,1,0.0003066252014707547,0.0,356.7686507936485,1,4,150,0.0,1,1,propagation_organization,0.0,0.2386634844868735,0.37331838565022424,0.3276345291479821,0.39181614349775784,0.2985986547085202,648,1104,617,655
ent_27ab434bab4d,第一屆天主教與佛教國際交談會議,PracticeActivity,6,5,0,1,1,1,1,1,0.0003066252014707547,0.0,356.76865079364853,1,4,150,0.0,1,1,propagation_organization,0.0,16.666666666666668,0.37331838565022424,0.3276345291479821,0.39181614349775784,0.2985986547085202,648,1104,617,655
ent_84e1bdb07cca,在家戒會,PracticeActivity,12,12,0,1,1,1,1,1,0.0003066252014707547,0.0,356.76865079364853,1,4,150,0.0,1,1,propagation_organization,0.0,8.333333333333334,0.37331838565022424,0.3276345291479821,0.39181614349775784,0.2985986547085202,648,1104,617,655
ent_f65f23b5bb92,彌陀佛七法會,PracticeActivity,21,19,0,1,1,1,1,1,0.0003066252014707547,0.0,356.7686507936485,1,4,150,0.0,1,1,propagation_organization,0.0,4.761904761904762,0.37331838565022424,0.3276345291479821,0.39181614349775784,0.2985986547085202,648,1104,617,655
ent_55617fa2ffd7,清明法會,PracticeActivity,8,7,0,1,1,1,1,1,0.0003066252014707547,0.0,356.7686507936485,1,4,150,0.0,1,1,propagation_organization,0.0,12.5,0.37331838565022424,0.3276345291479821,0.39181614349775784,0.2985986547085202,648,1104,617,655
ent_d2e26db07283,義工會議,PracticeActivity,3,3,0,1,1,1,1,1,0.0003066252014707547,0.0,356.7686507936485,1,4,150,0.0,1,1,propagation_organization,0.0,33.333333333333336,0.37331838565022424,0.3276345291479821,0.39181614349775784,0.2985986547085202,648,1104,617,655
ent_c29467fb13c2,教師會議,PracticeActivity,2,2,0,1,1,1,1,1,0.0003066252014707547,0.0,356.76865079364853,1,4,150,0.0,1,1,propagation_organization,0.0,50.0,0.37331838565022424,0.3276345291479821,0.39181614349775784,0.2985986547085202,648,1104,617,655
ent_2041175394ee,大專夏令營,PracticeActivity,32,30,0,1,1,1,1,1,0.0003066252014707547,0.0,356.76865079364853,1,4,150,0.0,1,1,propagation_organization,0.0,3.125,0.37331838565022424,0.3276345291479821,0.39181614349775784,0.2985986547085202,648,1104,617,655
ent_65eb66bd1159,觀音法會,PracticeActivity,24,21,0,1,1,1,1,1,0.0003066252014707547,0.0,356.76865079364853,1,4,150,0.0,1,1,propagation_organization,0.0,4.166666666666667,0.37331838565022424,0.3276345291479821,0.39181614349775784,0.2985986547085202,648,1104,617,655
ent_328a2e62108e,校長會議,PracticeActivity,25,21,0,1,1,1,1,1,0.0003066252014707547,0.0,356.7686507936485,1,4,150,0.0,1,1,propagation_organization,0.0,4.0,0.37331838565022424,0.3276345291479821,0.39181614349775784,0.2985986547085202,648,1104,617,655
ent_f5b8675133b0,傳戒法會,PracticeActivity,25,22,0,1,1,1,1,1,0.0003066252014707547,0.0,356.76865079364853,1,4,150,0.0,1,1,propagation_organization,0.0,4.0,0.37331838565022424,0.3276345291479821,0.39181614349775784,0.2985986547085202,648,1104,617,655
ent_8356d330bcac,覺世旬刊,Classic,458,285,0,1,1,1,1,1,0.0003066252014707547,0.0,356.76865079364853,1,4,150,0.0,1,1,classic_text,0.0,0.2183406113537118,0.37331838565022424,0.3276345291479821,0.39181614349775784,0.2985986547085202,648,1104,617,655
ent_69eb6cd40e85,弘法團,Group,84,66,0,1,1,1,1,1,0.0003066252014707547,0.0,356.7686507936485,1,4,150,0.0,1,1,propagation_organization,0.0,1.1904761904761905,0.37331838565022424,0.3276345291479821,0.39181614349775784,0.2985986547085202,648,1104,617,655
ent_5194433f131f,道糧齋僧功德回向法會,PracticeActivity,10,8,0,1,1,1,1,1,0.0003066252014707547,0.0,356.76865079364853,1,4,150,0.0,1,1,practice,0.0,10.0,0.37331838565022424,0.3276345291479821,0.39181614349775784,0.2985986547085202,648,1104,617,655
ent_82e5a99accd6,茶道,Concept,96,54,0,1,1,1,1,1,0.0003066252014707547,0.0,356.76865079364853,1,4,150,0.0,1,1,propagation_organization,0.0,1.0416666666666667,0.37331838565022424,0.3276345291479821,0.39181614349775784,0.2985986547085202,648,1104,617,655
ent_ac20060dd943,漢傳佛教,SchoolTradition,0,0,0,1,1,1,1,1,0.0003066252014707547,0.0,356.7686507936485,1,4,150,0.0,1,1,propagation_organization,0.0,,0.37331838565022424,0.3276345291479821,0.39181614349775784,0.2985986547085202,648,1104,617,655
ent_109dd7d31637,佛教現代化,Concept,0,0,0,1,1,1,1,1,0.0003066252014707547,0.0,356.76865079364853,1,4,150,0.0,1,1,propagation_organization,0.0,,0.37331838565022424,0.3276345291479821,0.39181614349775784,0.2985986547085202,648,1104,617,655
ent_278a242d4650,惡,Concept,7683,3289,1,1,2,2,2,2,0.00030563280220204575,3.2422146543955995e-05,338.6757936507916,2,3,153,0.0,2,2,practice;thought_doctrine,1.0,0.02603149811271639,0.3623878923766816,0.7079596412556054,0.39181614349775784,0.5007286995515695,391,1135,522,472
ent_65060de1af69,般若波羅蜜,DoctrineTerm,0,0,1,1,2,2,2,3,0.00030563280220204575,3.830143469698597e-05,328.0583333333318,2,3,153,0.0,2,2,practice;thought_doctrine,1.0,,0.3623878923766816,0.7124439461883408,0.39181614349775784,0.5025224215246636,391,1135,514,469
ent_6a3461f57183,二十五圓通,DoctrineTerm,10,8,0,1,1,1,1,1,0.00030563280220204575,0.0,308.73055555555385,1,3,153,0.0,1,1,practice,0.0,10.0,0.3623878923766816,0.3276345291479821,0.39181614349775784,0.2985986547085202,648,1135,617,655
ent_4537e27a25f1,八萬四千法門,DoctrineTerm,0,0,0,1,1,1,1,1,0.00030563280220204575,0.0,308.73055555555385,1,3,153,0.0,1,1,practice,0.0,,0.3623878923766816,0.3276345291479821,0.39181614349775784,0.2985986547085202,648,1135,617,655
ent_702742d0629d,聖行,PracticeActivity,39,25,0,1,1,1,1,1,0.00030563280220204575,0.0,308.7305555555539,1,3,153,0.0,1,1,practice,0.0,2.5641025641025643,0.3623878923766816,0.3276345291479821,0.39181614349775784,0.2985986547085202,648,1135,617,655
ent_c40190eb080a,嬰兒行,Concept,20,8,0,1,1,1,1,1,0.00030563280220204575,0.0,308.73055555555385,1,3,153,0.0,1,1,practice,0.0,5.0,0.3623878923766816,0.3276345291479821,0.39181614349775784,0.2985986547085202,648,1135,617,655
ent_9f91ac56d2de,律儀戒,DoctrineTerm,16,13,0,1,1,1,1,1,0.00030563280220204575,0.0,308.73055555555385,1,3,153,0.0,1,1,practice,0.0,6.25,0.3623878923766816,0.3276345291479821,0.39181614349775784,0.2985986547085202,648,1135,617,655
ent_f6a83986c467,心觀,PracticeActivity,58,43,0,1,1,1,1,1,0.00030563280220204575,0.0,308.73055555555385,1,3,153,0.0,1,1,practice,0.0,1.7241379310344827,0.3623878923766816,0.3276345291479821,0.39181614349775784,0.2985986547085202,648,1135,617,655
ent_366a8593e98e,美國西來寺,Institution,427,342,2,1,3,3,3,3,0.0003055841299949187,0.0008038256308961114,292.95753968253723,2,12,20,0.0,2,1,propagation_organization,0.9182958340544894,0.702576112412178,0.3598654708520179,0.804372197309417,0.39181614349775784,0.4992937219730942,286,1143,315,475
ent_a1bcfaaccd4b,光明,DoctrineTerm,4209,2451,1,1,2,2,2,3,0.0003049275519839217,0.0,348.91428571428344,2,3,153,0.5,2,2,practice;thought_doctrine,1.0,0.047517224994060345,0.35874439461883406,0.3276345291479821,0.9161995515695067,0.5059136771300449,391,1144,617,466
ent_c27cb68e24db,彌陀自性,DoctrineTerm,1,1,0,1,1,1,1,2,0.0003049275519839217,0.0,314.5686507936488,1,6,77,0.0,1,1,practice,0.0,100.0,0.35874439461883406,0.3276345291479821,0.39181614349775784,0.2985986547085202,648,1144,617,655
ent_2190fa3e8fa0,心靈淨土,PlaceRealm,1,1,0,1,1,1,1,1,0.0003049275519839217,0.0,314.5686507936488,1,6,77,0.0,1,1,practice,0.0,100.0,0.35874439461883406,0.3276345291479821,0.39181614349775784,0.2985986547085202,648,1144,617,655
ent_69c1d2c83284,慈悲愛心人活動,PracticeActivity,4,4,0,1,1,1,1,1,0.00030448916607310114,0.0,334.73412698412506,1,1,235,0.0,1,1,propagation_organization,0.0,25.0,0.35650224215246634,0.3276345291479821,0.39181614349775784,0.2985986547085202,648,1147,617,655
ent_d6acd642273f,超薦及助念法會,PracticeActivity,4,4,0,1,1,1,1,1,0.00030448916607310114,0.0,334.73412698412506,1,1,235,0.0,1,1,propagation_organization,0.0,25.0,0.35650224215246634,0.3276345291479821,0.39181614349775784,0.2985986547085202,648,1147,617,655
ent_86573d77f781,皈依典禮,PracticeActivity,477,284,0,1,1,1,1,1,0.00030448916607310114,0.0,334.73412698412506,1,1,235,0.0,1,1,propagation_organization,0.0,0.20964360587002095,0.35650224215246634,0.3276345291479821,0.39181614349775784,0.2985986547085202,648,1147,617,655
ent_3ad6367ed553,瑞典,PlaceRealm,308,122,0,1,1,1,1,1,0.00030448916607310114,0.0,334.73412698412506,1,1,235,0.0,1,1,propagation_organization,0.0,0.3246753246753247,0.35650224215246634,0.3276345291479821,0.39181614349775784,0.2985986547085202,648,1147,617,655
ent_0679d07738ec,佛陀示教利喜的本懷,DoctrineTerm,1,1,0,1,1,1,1,1,0.00030448916607310114,0.0,334.73412698412506,1,1,235,0.0,1,1,thought_doctrine,0.0,100.0,0.35650224215246634,0.3276345291479821,0.39181614349775784,0.2985986547085202,648,1147,617,655
ent_ef730738c9ac,釋迦牟尼佛傳,Classic,0,0,2,1,3,3,3,4,0.0003042435067360063,0.0005284639441670349,376.5714285714262,2,1,235,0.4444444444444444,1,1,classic_text,0.9182958340544894,,0.3548206278026906,0.774103139013453,0.8646300448430493,0.6190302690582961,286,1152,404,337
ent_be467fa86580,教制革命,DoctrineTerm,36,30,0,1,1,2,2,2,0.00030255691618447133,0.0,315.61984126983947,1,1,235,0.0,2,2,propagation_organization;thought_doctrine,0.0,5.555555555555555,0.3542600896860987,0.3276345291479821,0.39181614349775784,0.3485986547085202,648,1153,617,636
ent_0a5418af662b,無餘涅槃,DoctrineTerm,0,0,0,1,1,1,1,1,0.00030074531218234453,0.0,307.64404761904535,1,9,56,0.0,1,1,thought_doctrine,0.0,,0.3536995515695067,0.3276345291479821,0.39181614349775784,0.2985986547085202,648,1154,617,655
ent_68420ed6aa67,果報,Concept,0,0,2,1,3,3,4,5,0.000300149665830533,0.00013635411486446298,343.6130952380933,3,1,235,0.625,2,1,thought_doctrine,0.9182958340544894,,0.35201793721973096,0.7438340807174888,0.9697309417040358,0.6484529147982063,286,1155,458,287
ent_7d16a60d57b1,妙音菩薩,BuddhistFigure,0,0,0,1,1,1,1,1,0.000300149665830533,0.0,324.17380952380796,1,8,58,0.0,1,1,classic_text,0.0,,0.35201793721973096,0.3276345291479821,0.39181614349775784,0.2985986547085202,648,1155,617,655
ent_73e0f4af9875,持地菩薩,BuddhistFigure,14,10,0,1,1,1,1,1,0.000300149665830533,0.0,324.17380952380796,1,8,58,0.0,1,1,classic_text,0.0,7.142857142857143,0.35201793721973096,0.3276345291479821,0.39181614349775784,0.2985986547085202,648,1155,617,655
ent_3e3742b48bd7,睒子菩薩,BuddhistFigure,57,45,0,1,1,1,1,1,0.000300149665830533,0.0,324.17380952380796,1,8,58,0.0,1,1,classic_text,0.0,1.7543859649122806,0.35201793721973096,0.3276345291479821,0.39181614349775784,0.2985986547085202,648,1155,617,655
ent_7ce7ffb3b1c8,善親友,Concept,3,3,0,1,1,1,1,1,0.000300149665830533,0.0,324.173809523808,1,8,58,0.0,1,1,thought_doctrine,0.0,33.333333333333336,0.35201793721973096,0.3276345291479821,0.39181614349775784,0.2985986547085202,648,1155,617,655
ent_c9256e93b728,佛教人間化,Concept,0,0,0,1,1,1,1,1,0.00029468616027730814,0.0,315.61984126983947,1,1,235,0.0,1,1,propagation_organization,0.0,,0.34641255605381166,0.3276345291479821,0.39181614349775784,0.2985986547085202,648,1160,617,655
ent_d1f8647d5ffb,佛化婚禮,PracticeActivity,441,228,0,1,1,1,1,1,0.00029468616027730814,0.0,315.61984126983947,1,1,235,0.0,1,1,propagation_organization,0.0,0.22675736961451248,0.34641255605381166,0.3276345291479821,0.39181614349775784,0.2985986547085202,648,1160,617,655
ent_e9d391e2f7fb,工禪合一,Concept,4,4,0,1,1,1,1,1,0.00029468616027730814,0.0,315.61984126983947,1,1,235,0.0,1,1,propagation_organization,0.0,25.0,0.34641255605381166,0.3276345291479821,0.39181614349775784,0.2985986547085202,648,1160,617,655
ent_6ac6dd2d97a5,問政不干治,Concept,115,89,0,1,1,1,1,1,0.00029468616027730814,0.0,315.61984126983947,1,1,235,0.0,1,1,thought_doctrine,0.0,0.8695652173913043,0.34641255605381166,0.3276345291479821,0.39181614349775784,0.2985986547085202,648,1160,617,655
ent_05901b37c2bb,三大革新思想,Concept,1,1,0,1,1,1,1,1,0.00029468616027730814,0.0,315.61984126983947,1,1,235,0.0,1,1,thought_doctrine,0.0,100.0,0.34641255605381166,0.3276345291479821,0.39181614349775784,0.2985986547085202,648,1160,617,655
ent_82921952249d,武昌佛學院,Institution,67,46,0,1,1,1,1,3,0.00029468616027730814,0.0,315.61984126983947,1,1,235,0.0,1,1,propagation_organization,0.0,1.492537313432836,0.34641255605381166,0.3276345291479821,0.39181614349775784,0.2985986547085202,648,1160,617,655
ent_7a22bf67cdf7,漢藏教理學院,Institution,4,4,0,1,1,1,1,1,0.00029468616027730814,0.0,315.61984126983947,1,1,235,0.0,1,1,propagation_organization,0.0,25.0,0.34641255605381166,0.3276345291479821,0.39181614349775784,0.2985986547085202,648,1160,617,655
ent_cc2b64886edb,漢藏教理院,Institution,52,39,0,1,1,1,1,2,0.00029468616027730814,0.0,315.61984126983947,1,1,235,0.0,1,1,propagation_organization,0.0,1.9230769230769231,0.34641255605381166,0.3276345291479821,0.39181614349775784,0.2985986547085202,648,1160,617,655
ent_043dbdc0c164,中國佛教會務訓練班,Institution,1,1,0,1,1,1,1,1,0.00029468616027730814,0.0,315.61984126983947,1,1,235,0.0,1,1,propagation_organization,0.0,100.0,0.34641255605381166,0.3276345291479821,0.39181614349775784,0.2985986547085202,648,1160,617,655
ent_81c6339f19c9,巴黎佛學院,Institution,1,1,0,1,1,1,1,1,0.00029468616027730814,0.0,315.61984126983947,1,1,235,0.0,1,1,propagation_organization,0.0,100.0,0.34641255605381166,0.3276345291479821,0.39181614349775784,0.2985986547085202,648,1160,617,655
ent_c22ca9b58fca,覺群雜誌,Classic,3,3,0,1,1,1,1,1,0.00029468616027730814,0.0,315.61984126983947,1,1,235,0.0,1,1,propagation_organization,0.0,33.333333333333336,0.34641255605381166,0.3276345291479821,0.39181614349775784,0.2985986547085202,648,1160,617,655
ent_235af302f048,中國佛教訪問團,Group,10,9,0,1,1,1,1,1,0.00029468616027730814,0.0,315.61984126983947,1,1,235,0.0,1,1,propagation_organization,0.0,10.0,0.34641255605381166,0.3276345291479821,0.39181614349775784,0.2985986547085202,648,1160,617,655
ent_9645a3973305,佛教訪問團,Institution,98,69,0,1,1,1,1,1,0.00029468616027730814,0.0,315.61984126983947,1,1,235,0.0,1,1,propagation_organization,0.0,1.0204081632653061,0.34641255605381166,0.3276345291479821,0.39181614349775784,0.2985986547085202,648,1160,617,655
ent_8cd655d7a965,彌勒菩薩道場,Institution,1,1,0,1,1,1,1,1,0.00029468616027730814,0.0,315.61984126983947,1,1,235,0.0,1,1,propagation_organization,0.0,100.0,0.34641255605381166,0.3276345291479821,0.39181614349775784,0.2985986547085202,648,1160,617,655
ent_5b23aba51991,外國,PlaceRealm,0,0,0,1,1,1,1,1,0.00029468616027730814,0.0,315.61984126983947,1,1,235,0.0,1,1,propagation_organization,0.0,,0.34641255605381166,0.3276345291479821,0.39181614349775784,0.2985986547085202,648,1160,617,655
ent_c984c02155b5,佛光道場,Institution,0,0,1,1,2,3,3,3,0.0002944104060365942,1.8829266077062417e-05,386.65238095237794,2,1,235,0.4444444444444444,2,1,propagation_organization,1.0,,0.3419282511210762,0.6989910313901345,0.8646300448430493,0.5989854260089686,391,1175,538,369
ent_6926468b826e,佛光山寺,Institution,0,0,3,1,4,4,4,4,0.0002906129052033696,0.0008038256308961114,400.7428571428539,3,1,235,0.0,2,1,propagation_organization,0.946394630357186,,0.3329596412556054,0.804372197309417,0.39181614349775784,0.4992937219730942,215,1176,315,475
ent_5f56519f8b15,普門幼稚園,Institution,0,0,2,1,3,3,3,3,0.0002906129052033696,0.0008640905770310004,373.1341269841244,2,4,150,0.4444444444444444,3,1,propagation_organization,0.9999999999999998,,0.3329596412556054,0.8352017937219731,0.8646300448430493,0.6634697309417041,286,1176,295,257
ent_40d770b0b9f9,佛教徒,Group,14,13,2,1,3,3,3,3,0.0002906129052033696,0.00017364743508988648,389.12341269840977,3,9,56,0.6666666666666667,2,2,practice;propagation_organization,0.9182958340544894,21.428571428571427,0.3329596412556054,0.7522421524663677,0.9826233183856502,0.6956838565022423,286,1176,443,209
ent_c4b6ac2156b2,無聲息的歌唱,Work,1,1,1,1,2,2,2,2,0.0002906129052033696,0.0003878844445194301,372.71746031745784,2,1,235,0.0,1,1,classic_text,1.0,200.0,0.3329596412556054,0.7690582959641256,0.39181614349775784,0.47516816143497764,391,1176,413,549
ent_69075d2a4127,佛光山印度德里文教中心,Institution,9,7,1,1,2,2,2,2,0.0002906129052033696,0.0016063923336310697,372.71746031745784,1,1,235,0.0,2,1,propagation_organization,1.0,22.22222222222222,0.3329596412556054,0.8741591928251121,0.39181614349775784,0.5272085201793723,391,1176,222,440
ent_f981d42463bd,國際佛光會世界總會,Institution,614,378,1,1,2,2,2,2,0.0002906129052033696,0.00013853233161379005,372.4674603174577,2,10,42,0.5,2,1,propagation_organization,1.0,0.3257328990228013,0.3329596412556054,0.7443946188340808,0.9161995515695067,0.6326177130044843,391,1176,457,314
ent_1a133ca03ccc,佛光教團,Institution,98,58,1,1,2,2,2,2,0.0002906129052033696,0.0,397.692857142854,2,1,235,0.0,2,1,propagation_organization,1.0,2.0408163265306123,0.3329596412556054,0.3276345291479821,0.39181614349775784,0.3085986547085202,391,1176,617,645
ent_d1551864774f,佛事,PracticeActivity,1,1,1,1,2,2,2,2,0.0002906129052033696,0.0,387.3690476190447,2,5,111,0.5,1,1,propagation_organization,1.0,200.0,0.3329596412556054,0.3276345291479821,0.9161995515695067,0.4559136771300448,391,1176,617,570
ent_11c48a49fb52,宗教的尊重與包容,DoctrineTerm,2,2,0,1,1,1,1,1,0.0002906129052033696,0.0,371.8007936507911,1,1,235,0.0,1,1,propagation_organization,0.0,50.0,0.3329596412556054,0.3276345291479821,0.39181614349775784,0.2985986547085202,648,1176,617,655
ent_425520e7cfc4,做己貴人,Concept,0,0,0,1,1,1,1,1,0.0002906129052033696,0.0,371.80079365079115,1,1,235,0.0,1,1,thought_doctrine,0.0,,0.3329596412556054,0.3276345291479821,0.39181614349775784,0.2985986547085202,648,1176,617,655
ent_9c0250b10ed1,同濟大學,Institution,33,16,0,1,1,1,1,1,0.0002906129052033696,0.0,371.80079365079115,1,1,235,0.0,1,1,propagation_organization,0.0,3.0303030303030303,0.3329596412556054,0.3276345291479821,0.39181614349775784,0.2985986547085202,648,1176,617,655
ent_6ea4e4e9c366,暹羅,PlaceRealm,10,5,0,1,1,1,1,1,0.0002906129052033696,0.0,371.80079365079115,1,1,235,0.0,1,1,propagation_organization,0.0,10.0,0.3329596412556054,0.3276345291479821,0.39181614349775784,0.2985986547085202,648,1176,617,655
ent_ff4642c04407,梵蒂岡,PlaceRealm,231,132,0,1,1,1,1,1,0.0002906129052033696,0.0,371.80079365079115,1,1,235,0.0,1,1,propagation_organization,0.0,0.4329004329004329,0.3329596412556054,0.3276345291479821,0.39181614349775784,0.2985986547085202,648,1176,617,655
ent_1aeb7a0e5e1b,苗栗,PlaceRealm,33,22,0,1,1,1,1,1,0.0002906129052033696,0.0,371.80079365079115,1,1,235,0.0,1,1,propagation_organization,0.0,3.0303030303030303,0.3329596412556054,0.3276345291479821,0.39181614349775784,0.2985986547085202,648,1176,617,655
ent_fa5d4a166e71,菲律賓,PlaceRealm,11,4,0,1,1,1,1,1,0.0002906129052033696,0.0,371.8007936507911,1,1,235,0.0,1,1,propagation_organization,0.0,9.090909090909092,0.3329596412556054,0.3276345291479821,0.39181614349775784,0.2985986547085202,648,1176,617,655
ent_02360418faba,佛光精舍,Institution,0,0,0,1,1,1,1,2,0.0002906129052033696,0.0,371.80079365079115,1,1,235,0.0,1,1,propagation_organization,0.0,,0.3329596412556054,0.3276345291479821,0.39181614349775784,0.2985986547085202,648,1176,617,655
ent_24e92659667c,普門高級中學,Institution,0,0,0,1,1,1,1,1,0.0002906129052033696,0.0,371.8007936507911,1,1,235,0.0,1,1,propagation_organization,0.0,,0.3329596412556054,0.3276345291479821,0.39181614349775784,0.2985986547085202,648,1176,617,655
ent_caa93d22d3b9,佛光山信徒援助泰北難民村建設功德會,Institution,8,8,0,1,1,1,1,1,0.0002906129052033696,0.0,371.80079365079115,1,1,235,0.0,1,1,propagation_organization,0.0,12.5,0.3329596412556054,0.3276345291479821,0.39181614349775784,0.2985986547085202,648,1176,617,655
ent_e6bcd2f36c9d,大慈育幼院,Institution,302,172,0,1,1,1,1,2,0.0002906129052033696,0.0,371.8007936507911,1,1,235,0.0,1,1,propagation_organization,0.0,0.33112582781456956,0.3329596412556054,0.3276345291479821,0.39181614349775784,0.2985986547085202,648,1176,617,655
ent_99b2b72474b2,宜蘭念佛會,Institution,499,249,0,1,1,1,1,1,0.0002906129052033696,0.0,371.8007936507911,1,1,235,0.0,1,1,propagation_organization,0.0,0.20040080160320642,0.3329596412556054,0.3276345291479821,0.39181614349775784,0.2985986547085202,648,1176,617,655
ent_382a95caa8fa,宜蘭慈愛幼稚園,Institution,31,26,0,1,1,1,1,1,0.0002906129052033696,0.0,371.8007936507911,1,1,235,0.0,1,1,propagation_organization,0.0,3.225806451612903,0.3329596412556054,0.3276345291479821,0.39181614349775784,0.2985986547085202,648,1176,617,655
ent_b8f5d5d86e6f,揚州講壇,Institution,252,89,0,1,1,1,1,1,0.0002906129052033696,0.0,371.8007936507911,1,1,235,0.0,1,1,propagation_organization,0.0,0.3968253968253968,0.3329596412556054,0.3276345291479821,0.39181614349775784,0.2985986547085202,648,1176,617,655
ent_134c23765db4,財團法人佛光山文教基金會,Institution,36,32,0,1,1,1,1,1,0.0002906129052033696,0.0,371.80079365079115,1,1,235,0.0,1,1,propagation_organization,0.0,2.7777777777777777,0.3329596412556054,0.3276345291479821,0.39181614349775784,0.2985986547085202,648,1176,617,655
ent_3256c8df4390,南华寺,Institution,0,0,0,1,1,1,1,1,0.0002906129052033696,0.0,371.80079365079115,1,1,235,0.0,1,1,propagation_organization,0.0,,0.3329596412556054,0.3276345291479821,0.39181614349775784,0.2985986547085202,648,1176,617,655
ent_3eba5da1b0bd,佛光山梵唄讚誦團,Group,3,3,0,1,1,1,1,1,0.0002906129052033696,0.0,371.80079365079115,1,1,235,0.0,1,1,propagation_organization,0.0,33.333333333333336,0.3329596412556054,0.3276345291479821,0.39181614349775784,0.2985986547085202,648,1176,617,655
ent_221e118ed1ff,青年歌詠隊,Group,108,89,0,1,1,1,1,1,0.0002906129052033696,0.0,371.80079365079115,1,1,235,0.0,1,1,propagation_organization,0.0,0.9259259259259259,0.3329596412556054,0.3276345291479821,0.39181614349775784,0.2985986547085202,648,1176,617,655
ent_b8fbdd38ff9e,禪淨雙修,PracticeActivity,1,1,0,1,1,1,1,1,0.0002906129052033696,0.0,371.8007936507911,1,1,235,0.0,1,1,practice,0.0,100.0,0.3329596412556054,0.3276345291479821,0.39181614349775784,0.2985986547085202,648,1176,617,655
ent_1ea7ccca5cf7,弘法利生,PracticeActivity,10,5,0,1,1,1,1,1,0.0002906129052033696,0.0,371.8007936507911,1,1,235,0.0,1,1,practice,0.0,10.0,0.3329596412556054,0.3276345291479821,0.39181614349775784,0.2985986547085202,648,1176,617,655
ent_14fc6e954626,人間佛教回傳印度,PracticeActivity,1,1,0,1,1,1,1,1,0.0002906129052033696,0.0,371.80079365079115,1,1,235,0.0,1,1,practice,0.0,100.0,0.3329596412556054,0.3276345291479821,0.39181614349775784,0.2985986547085202,648,1176,617,655
ent_5c80b49a5514,人間生活,Concept,0,0,0,1,1,1,1,1,0.0002906129052033696,0.0,371.80079365079115,1,1,235,0.0,1,1,propagation_organization,0.0,,0.3329596412556054,0.3276345291479821,0.39181614349775784,0.2985986547085202,648,1176,617,655
ent_00eae95b2d41,巴黎,PlaceRealm,139,124,0,1,1,1,1,1,0.0002906129052033696,0.0,371.80079365079115,1,1,235,0.0,1,1,propagation_organization,0.0,0.7194244604316546,0.3329596412556054,0.3276345291479821,0.39181614349775784,0.2985986547085202,648,1176,617,655
ent_d5a6b40d7a1c,太虛大師,Person,0,0,28,0,28,31,31,35,0.000286815404370145,0.01843791359411227,432.4071428571387,6,1,235,0.23725286160249748,4,2,propagation_organization;thought_doctrine,0.8406058707415686,,0.16227578475336324,0.992152466367713,0.7937219730941704,0.7549775784753363,15,1207,15,121
ent_eddfdea669af,星雲,BuddhistFigure,25783,3284,13,0,13,13,14,15,0.000286815404370145,0.002051111916468895,428.72380952380604,5,1,235,0.5510204081632653,6,4,classic_text;practice;propagation_organization;thought_doctrine,0.9699870314266158,0.050420819920102396,0.16227578475336324,0.9030269058295964,0.9473094170403588,0.8654035874439463,54,1207,174,28
ent_d2c5411f1987,天台宗,SchoolTradition,0,0,8,0,8,8,11,12,0.000286815404370145,0.0064999853934850135,296.2781746031719,2,8,58,0.0,2,1,propagation_organization,0.9056390622295664,,0.16227578475336324,0.9742152466367713,0.39181614349775784,0.567230941704036,115,1207,47,390
ent_b0b7fe0a3b8f,涅槃經,Classic,0,0,8,0,8,8,10,11,0.000286815404370145,0.0013463469140834205,385.878571428569,5,2,153,0.4600000000000001,2,2,classic_text;thought_doctrine,0.946394630357186,,0.16227578475336324,0.8643497757847534,0.8834080717488789,0.7107623318385652,115,1207,243,185
ent_0f6eb1e970c0,達賴喇嘛,BuddhistFigure,292,124,8,0,8,8,13,13,0.000286815404370145,0.005043639550715873,329.8503968253948,3,12,20,0.2603550295857988,5,3,other_domain;practice;propagation_organization,0.9528195311147832,2.73972602739726,0.16227578475336324,0.9613228699551569,0.8001681614349776,0.794579596412556,115,1207,70,78
ent_12e89ade04df,懺悔,PracticeActivity,0,0,7,0,7,7,7,7,0.000286815404370145,0.0018648832297726782,399.8571428571392,5,3,153,0.5714285714285714,4,3,other_domain;practice;thought_doctrine,0.8699155297736259,,0.16227578475336324,0.898542600896861,0.9543161434977578,0.8057118834080718,134,1207,182,58
ent_79095492472d,慈容法師,Person,0,0,7,0,7,7,7,7,0.000286815404370145,0.0019477378913833343,343.9674603174585,3,4,150,0.24489795918367352,2,2,other_domain;propagation_organization,0.5916727785823274,,0.16227578475336324,0.9019058295964125,0.796804932735426,0.6998038116591929,134,1207,176,200
ent_304f85e4035e,慈航法師,Person,0,0,7,0,7,8,8,8,0.000286815404370145,0.003168840097909475,383.4595238095203,3,21,7,0.53125,3,1,propagation_organization,0.9629610647945144,,0.16227578475336324,0.9321748878923767,0.9425448430493274,0.725633408071749,134,1207,122,161
ent_635b1c8a29bf,大乘經,Classic,0,0,6,0,6,6,6,6,0.000286815404370145,0.0021678771128736834,350.7964285714262,3,9,56,0.6666666666666667,2,1,thought_doctrine,0.6500224216483541,,0.16227578475336324,0.905829596412556,0.9826233183856502,0.7171188340807175,154,1207,169,174
ent_93eadb4b90de,道理,Concept,4322,2511,6,0,6,7,7,7,0.000286815404370145,0.0016713850371702023,391.84285714285375,4,9,56,0.44897959183673464,2,1,thought_doctrine,0.6500224216483541,0.16196205460434984,0.16227578475336324,0.8912556053811659,0.8797645739910314,0.6804316143497758,154,1207,195,234
ent_b5f21754afc7,釋迦牟尼,BuddhistFigure,2740,1467,6,0,6,6,6,6,0.000286815404370145,0.0007568520029068492,393.79047619047327,4,2,153,0.2777777777777777,3,2,practice;propagation_organization,0.9591479170272448,0.21897810218978103,0.16227578475336324,0.7797085201793722,0.8035313901345291,0.6629428251121077,154,1207,394,259
ent_7288cfcb67b0,煮雲法師,Person,0,0,6,0,6,7,7,7,0.000286815404370145,0.0017824297639944665,329.04285714285487,3,6,77,0.6122448979591837,4,2,practice;propagation_organization,0.7896900821428474,,0.16227578475336324,0.8963004484304933,0.9627242152466368,0.7673374439461884,154,1207,186,107
ent_0251218c0184,佛光山文教基金會,Institution,507,284,6,0,6,6,6,6,0.000286815404370145,0.004022519722764173,284.5341269841241,2,10,42,0.0,2,1,propagation_organization,0.6500224216483541,1.183431952662722,0.16227578475336324,0.9506726457399103,0.39181614349775784,0.5578139013452915,154,1207,89,397
ent_3a4bc05e5851,南華寺,Institution,289,149,6,0,6,6,6,6,0.000286815404370145,0.0008900903515282445,339.2626984126965,3,4,150,0.5,3,2,practice;propagation_organization,0.7896900821428474,2.0761245674740483,0.16227578475336324,0.8402466367713004,0.9161995515695067,0.7209585201793722,154,1207,286,170
ent_048bb691ceed,三論宗,SchoolTradition,0,0,5,0,5,5,5,5,0.000286815404370145,0.0027403371580508743,251.19246031745632,2,7,59,0.31999999999999984,3,2,propagation_organization;thought_doctrine,0.9609640474436812,,0.16227578475336324,0.9254484304932735,0.8116591928251121,0.7236771300448432,184,1207,134,166
ent_36a6e2ca16cd,鑑真大師,Person,0,0,5,0,5,7,7,9,0.000286815404370145,0.000865337213878755,396.75238095237796,3,1,235,0.0,3,1,propagation_organization,0.9602297178607612,,0.16227578475336324,0.8363228699551569,0.39181614349775784,0.5220739910313902,184,1207,293,449
ent_ef4701f90172,慈莊法師,Person,0,0,5,0,5,6,6,6,0.000286815404370145,0.00018036044422489928,348.46269841269645,4,12,20,0.7777777777777778,4,3,other_domain;practice;propagation_organization,0.7219280948873623,,0.16227578475336324,0.7539237668161435,0.9991591928251121,0.7613172645739911,184,1207,440,114
ent_a7062ffae199,國際佛光會中華總會,Institution,598,388,5,0,5,5,5,5,0.000286815404370145,0.001607965993832511,256.75238095237677,2,10,42,0.0,1,1,propagation_organization,0.0,0.8361204013377926,0.16227578475336324,0.8856502242152466,0.39181614349775784,0.521804932735426,184,1207,205,450
ent_273fc2c4316c,太虛,BuddhistFigure,3674,1087,5,0,5,6,6,6,0.000286815404370145,0.0010952452605838326,396.1666666666635,4,1,235,0.2777777777777777,3,3,classic_text;propagation_organization;thought_doctrine,0.9602297178607612,0.1633097441480675,0.16227578475336324,0.8570627802690582,0.8035313901345291,0.7338845291479821,184,1207,256,151
ent_7fc265430a46,三聚淨戒,DoctrineTerm,80,54,4,0,4,4,7,10,0.000286815404370145,4.78292786304668e-06,309.6023809523793,3,13,16,0.0,2,1,thought_doctrine,0.8112781244591328,5.0,0.16227578475336324,0.6821748878923767,0.39181614349775784,0.45041479820627806,215,1207,568,584
ent_4c204353cb72,地藏經,Classic,0,0,4,0,4,4,5,5,0.000286815404370145,0.001622535094386107,369.1166666666644,3,1,235,0.56,2,2,classic_text;thought_doctrine,0.8112781244591328,,0.16227578475336324,0.8867713004484304,0.9503923766816144,0.7398262331838565,215,1207,203,144
ent_3e2b2b993934,坐禪,PracticeActivity,0,0,4,0,4,4,5,5,0.000286815404370145,0.00012493506721751113,350.22380952380723,3,3,153,0.31999999999999984,2,2,practice;thought_doctrine,1.0,,0.16227578475336324,0.7393497757847534,0.8116591928251121,0.6392376681614351,215,1207,466,300
ent_fd9853062835,文殊菩薩,BuddhistFigure,0,0,4,0,4,4,4,4,0.000286815404370145,0.0016537473134798251,319.23928571428377,2,7,59,0.375,2,1,propagation_organization,0.946394630357186,,0.16227578475336324,0.8895739910313901,0.8321188340807175,0.6654652466367714,215,1207,198,253
ent_d49785201422,釋迦,BuddhistFigure,761,389,4,0,4,5,5,5,0.000286815404370145,0.0001456328690753207,353.57619047618823,4,3,153,0.72,3,3,practice;propagation_organization;thought_doctrine,0.8112781244591328,0.657030223390276,0.16227578475336324,0.7466367713004485,0.9966367713004485,0.7476457399103139,215,1207,453,132
ent_ca1d98944c89,印順法師,Person,0,0,4,0,4,4,4,4,0.000286815404370145,0.0024217765588983725,297.39960317460105,2,25,5,0.375,3,3,classic_text;propagation_organization;thought_doctrine,0.946394630357186,,0.16227578475336324,0.9164798206278026,0.8321188340807175,0.7662275784753364,215,1207,150,110
ent_8742759d8a12,善導大師,Person,0,0,4,0,4,5,8,8,0.000286815404370145,0.0016070217977116462,338.0543650793628,2,6,77,0.21875,3,3,classic_text;practice;propagation_organization,0.946394630357186,,0.16227578475336324,0.8811659192825112,0.7909192825112108,0.7397421524663678,215,1207,206,145
ent_65fe367474fb,佛光山叢林學院,Institution,640,423,4,0,4,4,5,5,0.000286815404370145,0.0008126678744966672,313.8591269841252,2,4,150,0.0,4,3,other_domain;propagation_organization;thought_doctrine,0.946394630357186,0.625,0.16227578475336324,0.827914798206278,0.39181614349775784,0.6087107623318386,215,1207,308,354
ent_578e08f23356,印光,BuddhistFigure,258,172,4,0,4,4,4,4,0.000286815404370145,0.0016827926469074942,371.5162698412674,2,6,77,0.375,4,3,practice;propagation_organization;thought_doctrine,0.946394630357186,1.550387596899225,0.16227578475336324,0.8918161434977578,0.8321188340807175,0.7663621076233184,215,1207,194,109
ent_a8da96da8e2c,嚴寬祜,BuddhistFigure,94,54,4,0,4,4,4,4,0.000286815404370145,0.0008512970942498832,377.3857142857112,2,1,235,0.375,3,1,propagation_organization,0.946394630357186,4.25531914893617,0.16227578475336324,0.8323991031390134,0.8321188340807175,0.6525952914798208,215,1207,300,283
ent_5b669fbe33e5,宜興大覺寺,Institution,390,302,4,0,4,4,4,4,0.000286815404370145,0.004010945121433063,287.4468253968228,1,18,9,0.0,2,1,propagation_organization,0.8112781244591328,1.0256410256410255,0.16227578475336324,0.9495515695067265,0.39181614349775784,0.5573654708520179,215,1207,91,398
ent_9a9df6887f48,弘忍,BuddhistFigure,65,58,4,0,4,4,4,6,0.000286815404370145,0.0024089590363660283,331.9404761904743,2,6,77,0.375,3,2,classic_text;propagation_organization,0.946394630357186,6.153846153846154,0.16227578475336324,0.9131165919282511,0.8321188340807175,0.7248822869955158,215,1207,155,163
ent_99420d41f095,李炳南,BuddhistFigure,82,50,4,0,4,5,5,6,0.000286815404370145,0.0016592678158502132,334.88214285714093,2,8,58,0.31999999999999984,2,1,propagation_organization,1.0,6.097560975609756,0.16227578475336324,0.8901345291479821,0.8116591928251121,0.6595515695067266,215,1207,197,263
ent_ae8dd2f02dca,梁漱溟,Person,35,18,4,0,4,4,4,4,0.000286815404370145,0.0016070217977116462,365.3519841269817,2,1,235,0.0,3,2,propagation_organization;thought_doctrine,1.0,11.428571428571429,0.16227578475336324,0.8811659192825112,0.39181614349775784,0.5800112107623319,215,1207,206,383
ent_1fce4365c252,聖德太子,Person,74,39,4,0,4,4,4,4,0.000286815404370145,3.7767844834586282e-06,4.0,1,28,5,0.0,1,1,propagation_organization,0.0,5.405405405405405,0.16227578475336324,0.6807735426008968,0.39181614349775784,0.4398542600896861,215,1207,570,606
ent_11dcd4dc63f2,達摩波羅,BuddhistFigure,67,18,4,0,4,4,4,7,0.000286815404370145,0.00321089627502041,244.7297619047578,1,29,5,0.375,2,1,propagation_organization,0.8112781244591328,5.970149253731344,0.16227578475336324,0.9346973094170403,0.8321188340807175,0.6835145739910314,215,1207,117,227
ent_e98998d0cc36,星雲文化教育公益基金會,Institution,1,1,4,0,4,4,4,4,0.000286815404370145,3.7767844834586282e-06,4.0,1,30,5,0.0,1,1,propagation_organization,0.0,400.0,0.16227578475336324,0.6807735426008968,0.39181614349775784,0.4398542600896861,215,1207,570,606
ent_a00cee58a648,八大人覺經,Classic,0,0,3,0,3,3,3,3,0.000286815404370145,3.230215509153566e-05,328.0019841269818,3,3,153,0.6666666666666667,1,1,thought_doctrine,0.9182958340544894,,0.16227578475336324,0.7073991031390134,0.9826233183856502,0.6277466367713005,286,1207,523,322
ent_d725ae46dad3,華嚴宗,SchoolTradition,0,0,3,0,3,3,3,3,0.000286815404370145,0.0008369594022591942,303.21468253968027,2,11,22,0.4444444444444444,1,1,propagation_organization,0.0,,0.16227578475336324,0.8295964125560538,0.8646300448430493,0.6412275784753363,286,1207,305,297
ent_fea0c83f7d6f,增壹阿含經,Classic,0,0,3,0,3,3,3,3,0.000286815404370145,0.003343278064397711,303.604365079363,2,22,6,0.4444444444444444,1,1,thought_doctrine,0.9999999999999998,,0.16227578475336324,0.9366591928251121,0.8646300448430493,0.6840526905829597,286,1207,114,226
ent_817aac64d7d7,大梵天王問佛決疑經,Classic,0,0,3,0,3,3,3,3,0.000286815404370145,0.0002970403955822471,360.6523809523789,2,2,153,0.0,1,1,classic_text,0.0,,0.16227578475336324,0.7634529147982063,0.39181614349775784,0.4729260089686099,286,1207,423,550
ent_71b299f68928,普門品,Classic,0,0,3,0,3,3,4,5,0.000286815404370145,0.0008499892210803026,307.46626984126794,2,5,111,0.0,2,2,classic_text;thought_doctrine,0.9999999999999998,,0.16227578475336324,0.8312780269058296,0.39181614349775784,0.5500560538116592,286,1207,302,406
ent_7f8e8227a82f,梵網經,Classic,0,0,3,0,3,3,6,6,0.000286815404370145,1.8837121982099842e-05,321.26666666666506,2,13,16,0.0,1,1,thought_doctrine,0.9999999999999998,,0.16227578475336324,0.6995515695067265,0.39181614349775784,0.44736547085201794,286,1207,537,589
ent_52dc22506bf7,法句經,Classic,0,0,3,0,3,3,3,3,0.000286815404370145,9.804312714237955e-05,365.8999999999977,3,1,235,0.4444444444444444,2,2,classic_text;thought_doctrine,0.9182958340544894,,0.16227578475336324,0.7359865470852018,0.8646300448430493,0.6537836322869957,286,1207,472,279
ent_2b62f6a3bc4b,虛空,DoctrineTerm,0,0,3,0,3,3,3,3,0.000286815404370145,7.685027457972872e-05,324.6142857142838,2,9,56,0.0,2,1,thought_doctrine,0.9182958340544894,,0.16227578475336324,0.7320627802690582,0.39181614349775784,0.4703699551569507,286,1207,479,552
ent_a22c4107430f,道綽,Person,53,26,3,0,3,3,3,4,0.000286815404370145,0.0008392623338104383,280.06071428571164,2,6,77,0.0,2,2,practice;propagation_organization,0.0,5.660377358490566,0.16227578475336324,0.8301569506726457,0.39181614349775784,0.5496076233183858,286,1207,304,407
ent_e40dcbc1e579,須菩提,BuddhistFigure,0,0,3,0,3,3,3,3,0.000286815404370145,0.0007118631161520499,308.06428571428376,2,6,77,0.4444444444444444,2,2,practice;propagation_organization,0.9182958340544894,,0.16227578475336324,0.7780269058295964,0.8646300448430493,0.6705997757847535,286,1207,397,246
ent_ff6760e94d96,道安大師,Person,0,0,3,0,3,3,3,3,0.000286815404370145,0.0008436617909004373,256.54325396825,2,9,56,0.4444444444444444,3,2,classic_text;propagation_organization,0.9999999999999998,,0.16227578475336324,0.8307174887892377,0.8646300448430493,0.7016760089686098,286,1207,303,195
ent_ddfaf8c706be,東初法師,Person,0,0,3,0,3,3,3,3,0.000286815404370145,0.0016070217977116462,252.8238095238053,1,36,4,0.0,2,1,propagation_organization,0.9999999999999998,,0.16227578475336324,0.8811659192825112,0.39181614349775784,0.5300112107623318,286,1207,206,438
ent_fae578732582,曉雲法師,Person,0,0,3,0,3,3,3,3,0.000286815404370145,1.8883922417293141e-06,3.0,1,37,4,0.0,1,1,propagation_organization,0.0,,0.16227578475336324,0.6754484304932735,0.39181614349775784,0.43772421524663674,286,1207,578,608
ent_beb2949480b1,覺元法師,Person,0,0,3,0,3,3,3,3,0.000286815404370145,0.0008886665287652184,295.206349206347,2,5,111,0.4444444444444444,2,1,propagation_organization,0.9182958340544894,,0.16227578475336324,0.8396860986547086,0.8646300448430493,0.6552634529147983,286,1207,287,274
ent_f2c35cf82c09,南天寺,Institution,779,329,3,0,3,3,3,3,0.000286815404370145,0.0016070217977116462,368.47142857142563,1,1,235,0.0,3,1,propagation_organization,0.9999999999999998,0.3851091142490372,0.16227578475336324,0.8811659192825112,0.39181614349775784,0.5400112107623318,286,1207,206,413
ent_a93f08903428,南陽慧忠,BuddhistFigure,124,79,3,0,3,3,3,3,0.000286815404370145,1.8883922417293141e-06,3.0,1,35,4,0.0,3,2,practice;propagation_organization,0.9999999999999998,2.4193548387096775,0.16227578475336324,0.6754484304932735,0.39181614349775784,0.4977242152466368,286,1207,578,499
ent_4f58f1ce11ac,慈航,BuddhistFigure,16,13,3,0,3,3,3,3,0.000286815404370145,0.0008699040581087602,316.39007936507744,2,21,7,0.4444444444444444,2,2,propagation_organization;thought_doctrine,0.9182958340544894,18.75,0.16227578475336324,0.8374439461883408,0.8646300448430493,0.6943665919282511,286,1207,291,210
ent_21e175456121,棲霞山寺,Institution,117,90,3,0,3,3,3,5,0.000286815404370145,0.000810644825102356,319.5115079365059,2,4,150,0.0,3,2,other_domain;propagation_organization,0.9182958340544894,2.5641025641025643,0.16227578475336324,0.8267937219730942,0.39181614349775784,0.5582623318385651,286,1207,310,396
ent_1dc98ca832ba,瑞今,BuddhistFigure,31,10,3,0,3,3,3,4,0.000286815404370145,1.8883922417293141e-06,3.0,1,40,4,0.0,1,1,propagation_organization,0.0,9.67741935483871,0.16227578475336324,0.6754484304932735,0.39181614349775784,0.43772421524663674,286,1207,578,608
ent_dcd79de06344,趙樸初,BuddhistFigure,117,85,3,0,3,4,4,5,0.000286815404370145,2.6797261942939003e-05,392.75952380952083,3,1,235,0.0,3,2,propagation_organization;thought_doctrine,0.9182958340544894,3.4188034188034186,0.16227578475336324,0.70347533632287,0.39181614349775784,0.5089349775784754,286,1207,530,463
ent_046b38332449,道元,BuddhistFigure,138,54,3,0,3,3,3,4,0.000286815404370145,1.8883922417293141e-06,3.0,1,41,4,0.0,1,1,propagation_organization,0.0,2.1739130434782608,0.16227578475336324,0.6754484304932735,0.39181614349775784,0.43772421524663674,286,1207,578,608
ent_3d855bf61864,法照,BuddhistFigure,5,4,3,0,3,3,3,3,0.000286815404370145,0.0024089590363660283,254.69603174602756,1,8,58,0.0,1,1,practice,0.0,60.0,0.16227578475336324,0.9131165919282511,0.39181614349775784,0.5327914798206278,286,1207,155,435
ent_73093166f467,阿那律,BuddhistFigure,0,0,3,0,3,3,4,4,0.000286815404370145,0.0008766701950722169,340.40833333333126,2,2,153,0.0,2,2,practice;propagation_organization,0.9999999999999998,,0.16227578475336324,0.8380044843049327,0.39181614349775784,0.5527466367713005,286,1207,290,402
ent_e07eeb054c66,楊文會,BuddhistFigure,0,0,3,0,3,4,4,4,0.000286815404370145,0.004807217183362257,278.5940476190448,1,20,8,0.0,2,1,propagation_organization,0.0,,0.16227578475336324,0.9596412556053812,0.39181614349775784,0.5614013452914799,286,1207,73,395
ent_1907ddef1e8a,王德勝,BuddhistFigure,1,1,3,0,3,3,3,5,0.000286815404370145,0.00013183101980310683,339.01626984126796,3,6,77,0.6666666666666667,2,2,practice;propagation_organization,0.9182958340544894,300.0,0.16227578475336324,0.742152466367713,0.9826233183856502,0.6916479820627803,286,1207,461,217
ent_f1b5b99d5f2e,神會,BuddhistFigure,6,4,3,0,3,3,3,4,0.000286815404370145,0.004009056729191334,292.96904761904517,1,23,6,0.4444444444444444,2,1,propagation_organization,0.9182958340544894,50.0,0.16227578475336324,0.9489910313901345,0.8646300448430493,0.6989854260089686,286,1207,92,203
ent_fbe5f610abcf,武則天,Person,5,3,3,0,3,3,3,4,0.000286815404370145,0.00013080688479382197,374.9785714285692,3,6,77,0.4444444444444444,2,1,propagation_organization,0.9182958340544894,60.0,0.16227578475336324,0.7415919282511211,0.8646300448430493,0.6160257847533632,286,1207,462,346
ent_83ac6e902dcc,覺力法師,Person,8,3,3,0,3,4,5,5,0.000286815404370145,0.001634762043914654,297.6579365079344,2,1,235,0.0,3,1,propagation_organization,0.9182958340544894,50.0,0.16227578475336324,0.8884529147982063,0.39181614349775784,0.5429260089686099,286,1207,200,411
ent_2c7b3c954dca,二門,DoctrineTerm,499,281,2,0,2,2,2,2,0.000286815404370145,9.461583369912528e-06,261.91746031745663,2,11,22,0.0,1,1,thought_doctrine,0.0,0.40080160320641284,0.16227578475336324,0.6933856502242153,0.39181614349775784,0.4448991031390135,391,1207,548,594
ent_2c6d751cea2a,佛本行集經,Classic,0,0,2,0,2,2,2,2,0.000286815404370145,0.0016063923336310695,358.7119047619027,1,2,153,0.0,1,1,classic_text,0.0,,0.16227578475336324,0.8716367713004485,0.39181614349775784,0.5161995515695068,391,1207,230,459
ent_f0abcfebe682,佛眼,DoctrineTerm,182,113,2,0,2,2,2,2,0.000286815404370145,0.0,357.03809523809286,2,3,153,0.5,1,1,thought_doctrine,0.0,1.098901098901099,0.16227578475336324,0.3276345291479821,0.9161995515695067,0.4559136771300448,391,1207,617,570
ent_eae0fbf33f1f,淨土真宗,SchoolTradition,0,0,2,0,2,2,2,2,0.000286815404370145,6.29464080576438e-07,2.0,1,46,3,0.0,2,1,propagation_organization,1.0,,0.16227578475336324,0.6611547085201793,0.39181614349775784,0.44200672645739914,391,1207,595,597
ent_864805f9f304,十來偈,Classic,0,0,2,0,2,2,2,2,0.000286815404370145,3.8647541795104675e-05,354.44999999999783,2,5,111,0.5,1,1,thought_doctrine,1.0,,0.16227578475336324,0.7135650224215246,0.9161995515695067,0.6102858744394619,391,1207,512,351
ent_b5309a813078,吉祥,Concept,2898,2241,2,0,2,2,3,3,0.000286815404370145,7.2794177611277365e-06,256.5948412698371,2,9,56,0.4444444444444444,2,1,thought_doctrine,0.0,0.06901311249137336,0.16227578475336324,0.6883408071748879,0.8646300448430493,0.59472533632287,391,1207,557,374
ent_6a54326bc837,四分,DoctrineTerm,312,198,2,0,2,2,2,2,0.000286815404370145,6.29464080576438e-07,2.0,1,47,3,0.0,1,1,thought_doctrine,0.0,0.6410256410256411,0.16227578475336324,0.6611547085201793,0.39181614349775784,0.4320067264573991,391,1207,595,619
ent_7db1119cece7,四無礙解,DoctrineTerm,7,6,2,0,2,2,2,2,0.000286815404370145,6.29464080576438e-07,2.0,1,45,3,0.0,1,1,thought_doctrine,0.0,28.571428571428573,0.16227578475336324,0.6611547085201793,0.39181614349775784,0.4320067264573991,391,1207,595,619
ent_54e6cf2fc6b5,大方廣如來不思議境界經,Classic,0,0,2,0,2,2,2,3,0.000286815404370145,1.8477476568195927e-05,313.2912698412679,2,2,153,0.5,1,1,thought_doctrine,1.0,,0.16227578475336324,0.6984304932735426,0.9161995515695067,0.6042320627802691,391,1207,539,359
ent_b250eec89e66,妄想,DoctrineTerm,1536,965,2,0,2,2,4,4,0.000286815404370145,6.314017665143427e-06,324.08809523809333,2,3,153,0.375,1,1,thought_doctrine,0.0,0.13020833333333334,0.16227578475336324,0.6849775784753364,0.8321188340807175,0.5736266816143498,391,1207,563,387
ent_7b851d9b1e71,妙有,DoctrineTerm,251,174,2,0,2,2,2,2,0.000286815404370145,0.00012262775081753075,268.2011904761873,2,6,77,0.5,1,1,thought_doctrine,0.0,0.796812749003984,0.16227578475336324,0.7382286995515696,0.9161995515695067,0.6201513452914799,391,1207,468,334
ent_089bf48fc6e8,妙法蓮華經,Classic,0,0,2,0,2,2,2,2,0.000286815404370145,1.9312575976839937e-05,298.2107142857117,2,2,153,0.5,2,2,propagation_organization;thought_doctrine,1.0,,0.16227578475336324,0.7001121076233184,0.9161995515695067,0.6549047085201793,391,1207,536,275
ent_581c3e8e9a5c,宋高僧傳,Classic,41,37,2,0,2,2,2,2,0.000286815404370145,6.29464080576438e-07,2.0,1,48,3,0.0,1,1,classic_text,0.0,4.878048780487805,0.16227578475336324,0.6611547085201793,0.39181614349775784,0.4320067264573991,391,1207,595,619
ent_16f908ec8fe7,常行三昧,DoctrineTerm,0,0,2,0,2,2,6,6,0.000286815404370145,1.258928161152876e-06,2.5,1,32,4,0.0,2,1,thought_doctrine,1.0,,0.16227578475336324,0.67152466367713,0.39181614349775784,0.44615470852017935,391,1207,583,590
ent_a12baac89ceb,成唯識論,Classic,0,0,2,0,2,2,2,2,0.000286815404370145,0.0008038256308961114,308.95317460317233,1,3,153,0.0,1,1,thought_doctrine,0.0,,0.16227578475336324,0.804372197309417,0.39181614349775784,0.4892937219730942,391,1207,315,508
ent_7b6f267b39e4,日本佛教,SchoolTradition,660,273,2,0,2,2,2,2,0.000286815404370145,3.761797243444904e-06,316.17341269841074,2,5,111,0.5,1,1,propagation_organization,0.0,0.30303030303030304,0.16227578475336324,0.679932735426009,0.9161995515695067,0.5968329596412556,391,1207,572,371
ent_e2a8f8b750b3,末那識,DoctrineTerm,137,53,2,0,2,2,2,2,0.000286815404370145,0.0008038256308961114,266.1662698412662,1,3,153,0.0,2,2,other_domain;thought_doctrine,0.0,1.4598540145985401,0.16227578475336324,0.804372197309417,0.39181614349775784,0.5392937219730942,391,1207,315,415
ent_9fdd176d752a,本生經,Classic,0,0,2,0,2,2,2,2,0.000286815404370145,0.0,380.5619047619022,2,3,153,0.5,2,2,classic_text;thought_doctrine,1.0,,0.16227578475336324,0.3276345291479821,0.9161995515695067,0.5059136771300449,391,1207,617,466
ent_9baa5f487565,玉琳國師,Person,0,0,2,0,2,2,2,2,0.000286815404370145,0.0008038256308961114,374.202380952378,1,1,235,0.0,2,1,propagation_organization,1.0,,0.16227578475336324,0.804372197309417,0.39181614349775784,0.4992937219730942,391,1207,315,475
ent_4bc0644482e1,禪門,SchoolTradition,1662,1019,2,0,2,2,2,2,0.000286815404370145,1.2612562489722572e-05,285.80436507936224,2,3,153,0.5,1,1,propagation_organization,0.0,0.12033694344163658,0.16227578475336324,0.6961883408071748,0.9161995515695067,0.603335201793722,391,1207,543,360
ent_c84b0bb11824,羼提波羅蜜,DoctrineTerm,6,6,2,0,2,2,2,2,0.000286815404370145,0.0008038256308961114,242.10595238094868,1,3,153,0.0,1,1,thought_doctrine,0.0,33.333333333333336,0.16227578475336324,0.804372197309417,0.39181614349775784,0.4892937219730942,391,1207,315,508
ent_58921f98384d,勝鬘經,Classic,0,0,2,0,2,2,2,2,0.000286815404370145,2.7704954756458333e-05,340.13690476190254,2,3,153,0.0,1,1,thought_doctrine,0.0,,0.16227578475336324,0.7040358744394619,0.39181614349775784,0.4491591928251121,391,1207,529,586
ent_5696fb95f7b4,藥師琉璃光如來本願功德經,Classic,0,0,2,0,2,2,2,2,0.000286815404370145,1.0198441530525811e-05,313.2531746031727,2,3,153,0.5,1,1,thought_doctrine,1.0,,0.16227578475336324,0.6945067264573991,0.9161995515695067,0.6026625560538117,391,1207,546,361
ent_5cadf5ee13d5,蓮池大師,Person,0,0,2,0,2,2,2,2,0.000286815404370145,0.0002464260881435318,306.420238095236,2,8,58,0.5,2,2,practice;propagation_organization,1.0,,0.16227578475336324,0.7612107623318386,0.9161995515695067,0.6793441704035876,391,1207,427,236
ent_7c67aa65fd67,諸惡莫作,Concept,235,199,2,0,2,2,2,2,0.000286815404370145,0.0008038256308961114,287.89523809523547,1,9,56,0.0,2,1,thought_doctrine,0.0,0.851063829787234,0.16227578475336324,0.804372197309417,0.39181614349775784,0.4992937219730942,391,1207,315,475
ent_220aacd86f72,賴耶緣起,DoctrineTerm,0,0,2,0,2,2,2,2,0.000286815404370145,7.868301007205475e-07,211.2889610389582,2,7,59,0.0,1,1,thought_doctrine,0.0,,0.16227578475336324,0.6681614349775785,0.39181614349775784,0.4348094170403588,391,1207,593,618
ent_26de12f09319,阿彌陀,BuddhistFigure,3993,1138,2,0,2,2,2,2,0.000286815404370145,5.532094739855321e-06,347.0523809523789,2,2,153,0.0,1,1,propagation_organization,1.0,0.05008765339343852,0.16227578475336324,0.6827354260089686,0.39181614349775784,0.4406390134529148,391,1207,567,604
ent_86b327365dae,隨緣,Concept,2355,1452,2,0,2,2,2,2,0.000286815404370145,1.0124003849232783e-05,316.4496031746015,2,3,153,0.5,1,1,thought_doctrine,0.0,0.08492569002123142,0.16227578475336324,0.6939461883408071,0.9161995515695067,0.602438340807175,391,1207,547,362
ent_9ec957314e9c,黃教,SchoolTradition,66,25,2,0,2,2,2,2,0.000286815404370145,6.29464080576438e-07,2.0,1,51,3,0.0,1,1,propagation_organization,0.0,3.0303030303030303,0.16227578475336324,0.6611547085201793,0.39181614349775784,0.4320067264573991,391,1207,595,619
ent_03d87ead36bb,慈惠法師,Person,0,0,2,0,2,2,2,2,0.000286815404370145,9.342795637222427e-06,317.99365079364884,2,4,150,0.5,2,2,other_domain;propagation_organization,0.0,,0.16227578475336324,0.6928251121076233,0.9161995515695067,0.6519899103139013,391,1207,549,284
ent_a81da35b6e58,覺培法師,Person,0,0,2,0,2,2,2,2,0.000286815404370145,0.0008038256308961114,367.804761904759,1,1,235,0.0,2,1,propagation_organization,1.0,,0.16227578475336324,0.804372197309417,0.39181614349775784,0.4992937219730942,391,1207,315,475
ent_dcf71f33dbbb,聖嚴法師,Person,0,0,2,0,2,2,2,2,0.000286815404370145,0.0008038256308961114,263.4345238095203,1,4,150,0.0,2,1,propagation_organization,1.0,,0.16227578475336324,0.804372197309417,0.39181614349775784,0.4992937219730942,391,1207,315,475
ent_acd7833ac5d7,南亭法師,Person,0,0,2,0,2,2,2,2,0.000286815404370145,0.0008038256308961115,294.2460317460295,1,15,10,0.0,2,2,classic_text;propagation_organization,1.0,,0.16227578475336324,0.8251121076233184,0.39181614349775784,0.5475896860986548,391,1207,312,410
ent_d7244a01d0ba,心平法師,Person,0,0,2,0,2,2,2,2,0.000286815404370145,0.0001566005592759801,358.3519841269818,2,4,150,0.0,1,1,propagation_organization,0.0,,0.16227578475336324,0.7483183856502242,0.39181614349775784,0.4668721973094171,391,1207,450,555
ent_acd544163e49,覺誠法師,Person,0,0,2,0,2,2,2,2,0.000286815404370145,0.0008038256308961114,367.804761904759,1,1,235,0.0,2,1,propagation_organization,1.0,,0.16227578475336324,0.804372197309417,0.39181614349775784,0.4992937219730942,391,1207,315,475
ent_9798eeb8f580,圓瑛法師,Person,0,0,2,0,2,2,2,3,0.000286815404370145,0.0008038256308961114,282.14523809523547,1,9,56,0.0,2,2,classic_text;propagation_organization,1.0,,0.16227578475336324,0.804372197309417,0.39181614349775784,0.5392937219730942,391,1207,315,415
ent_9f3e8f9ed1df,蕅益大師,Person,0,0,2,0,2,2,2,2,0.000286815404370145,0.0008038256308961114,301.5226190476169,1,2,153,0.0,1,1,practice,1.0,,0.16227578475336324,0.804372197309417,0.39181614349775784,0.4892937219730942,391,1207,315,508
ent_a7b01c127b9c,演培法師,Person,0,0,2,0,2,2,2,2,0.000286815404370145,0.0008038256308961114,304.25793650793435,1,3,153,0.0,2,2,classic_text;propagation_organization,1.0,,0.16227578475336324,0.804372197309417,0.39181614349775784,0.5392937219730942,391,1207,315,415
ent_b8a610121d69,廣慈法師,Person,0,0,2,0,2,2,2,2,0.000286815404370145,6.29464080576438e-07,2.0,1,49,3,0.0,2,1,propagation_organization,1.0,,0.16227578475336324,0.6611547085201793,0.39181614349775784,0.44200672645739914,391,1207,595,597
ent_51ac746ee18f,道源法師,Person,0,0,2,0,2,2,2,2,0.000286815404370145,0.0008038256308961114,291.5996031746007,1,11,22,0.0,2,2,classic_text;propagation_organization,1.0,,0.16227578475336324,0.804372197309417,0.39181614349775784,0.5392937219730942,391,1207,315,415
ent_33ef338f3786,觀音信仰,DoctrineTerm,0,0,2,0,2,2,2,2,0.000286815404370145,2.059527161772941e-06,350.8999999999978,2,19,8,0.5,1,1,thought_doctrine,0.0,,0.16227578475336324,0.6776905829596412,0.9161995515695067,0.5959360986547085,391,1207,576,372
ent_fe328ba9f811,聯燈會要,Classic,1,1,2,0,2,2,2,2,0.000286815404370145,0.0,360.62380952380755,2,2,153,0.0,1,1,classic_text,0.0,200.0,0.16227578475336324,0.3276345291479821,0.39181614349775784,0.2985986547085202,391,1207,617,655
ent_9e9a33e6b678,放燄口,PracticeActivity,1,1,2,0,2,2,2,2,0.000286815404370145,0.0008038256308961114,199.87261904761652,1,23,6,0.0,2,2,propagation_organization;thought_doctrine,1.0,200.0,0.16227578475336324,0.804372197309417,0.39181614349775784,0.5392937219730942,391,1207,315,415
ent_207d112820b3,世界佛教徒友誼會,Institution,456,237,2,0,2,2,2,2,0.000286815404370145,6.29464080576438e-07,2.0,1,53,3,0.0,2,1,propagation_organization,1.0,0.43859649122807015,0.16227578475336324,0.6611547085201793,0.39181614349775784,0.44200672645739914,391,1207,595,597
ent_82feb79db063,出家戒,DoctrineTerm,103,65,2,0,2,2,2,2,0.000286815404370145,0.0008038256308961114,263.5761904761868,1,13,16,0.0,1,1,thought_doctrine,0.0,1.941747572815534,0.16227578475336324,0.804372197309417,0.39181614349775784,0.4892937219730942,391,1207,315,508
ent_41c077f3a9c3,印順,BuddhistFigure,695,268,2,0,2,2,2,2,0.000286815404370145,0.0008038256308961114,367.804761904759,1,1,235,0.0,2,1,propagation_organization,1.0,0.28776978417266186,0.16227578475336324,0.804372197309417,0.39181614349775784,0.4992937219730942,391,1207,315,475
ent_435c840be12f,善慧法師,BuddhistFigure,9,6,2,0,2,2,2,2,0.000286815404370145,0.0008038256308961114,259.1559523809484,1,1,235,0.0,2,1,propagation_organization,1.0,22.22222222222222,0.16227578475336324,0.804372197309417,0.39181614349775784,0.4992937219730942,391,1207,315,475
ent_2855db23cf95,孔子,Person,1196,725,2,0,2,2,2,2,0.000286815404370145,6.29464080576438e-07,2.0,1,58,3,0.0,1,1,propagation_organization,0.0,0.16722408026755853,0.16227578475336324,0.6611547085201793,0.39181614349775784,0.4320067264573991,391,1207,595,619
ent_438273ef1214,孟子,Person,378,320,2,0,2,2,2,2,0.000286815404370145,6.29464080576438e-07,2.0,1,55,3,0.0,1,1,propagation_organization,0.0,0.5291005291005291,0.16227578475336324,0.6611547085201793,0.39181614349775784,0.4320067264573991,391,1207,595,619
ent_feb9a43ef432,張其昀,Person,67,41,2,0,2,2,2,2,0.000286815404370145,1.258928161152876e-06,2.5,1,39,4,0.0,1,1,propagation_organization,0.0,2.985074626865672,0.16227578475336324,0.67152466367713,0.39181614349775784,0.43615470852017935,391,1207,583,612
ent_a85aee0d8c26,張少齊,BuddhistFigure,41,30,2,0,2,2,2,2,0.000286815404370145,6.29464080576438e-07,2.0,1,61,3,0.0,1,1,propagation_organization,0.0,4.878048780487805,0.16227578475336324,0.6611547085201793,0.39181614349775784,0.4320067264573991,391,1207,595,619
ent_d560dda7f43a,月霞,BuddhistFigure,58,17,2,0,2,2,2,3,0.000286815404370145,1.8883922417293141e-06,3.0,1,27,5,0.0,1,1,propagation_organization,0.0,3.4482758620689653,0.16227578475336324,0.6754484304932735,0.39181614349775784,0.43772421524663674,391,1207,578,608
ent_f33cc8679c0d,李登輝,Person,3,3,2,0,2,2,2,2,0.000286815404370145,4.962267385166827e-05,357.43531746031516,2,4,150,0.0,2,1,propagation_organization,1.0,66.66666666666667,0.16227578475336324,0.718609865470852,0.39181614349775784,0.4649887892376682,391,1207,503,559
ent_758af79b6b2b,東京佛光協會,Institution,55,33,2,0,2,2,2,2,0.000286815404370145,0.00018121872610466787,368.7880952380923,2,18,9,0.5,2,1,propagation_organization,1.0,3.6363636363636362,0.16227578475336324,0.7544843049327354,0.9161995515695067,0.6366535874439463,391,1207,439,306
ent_90d3d60d235a,桓玄,Person,60,14,2,0,2,2,2,2,0.000286815404370145,0.00035663488660305924,364.26865079364825,2,13,16,0.5,2,1,thought_doctrine,0.0,3.3333333333333335,0.16227578475336324,0.765695067264574,0.9161995515695067,0.6411378923766817,391,1207,419,298
ent_649f0016eb2a,榮西,BuddhistFigure,124,32,2,0,2,2,2,2,0.000286815404370145,0.0008038256308961114,321.40912698412524,1,5,111,0.0,1,1,propagation_organization,0.0,1.6129032258064515,0.16227578475336324,0.804372197309417,0.39181614349775784,0.4892937219730942,391,1207,315,508
ent_ca32ff4b2476,永明延壽,BuddhistFigure,82,56,2,0,2,2,2,4,0.000286815404370145,4.340351929023835e-05,327.41150793650604,2,3,153,0.0,1,1,propagation_organization,1.0,2.4390243902439024,0.16227578475336324,0.7152466367713004,0.39181614349775784,0.4536434977578475,391,1207,509,579
ent_0a9ad0bbf18a,法相唯識,DoctrineTerm,79,50,2,0,2,2,2,2,0.000286815404370145,6.29464080576438e-07,2.0,1,56,3,0.0,1,1,thought_doctrine,0.0,2.5316455696202533,0.16227578475336324,0.6611547085201793,0.39181614349775784,0.4320067264573991,391,1207,595,619
ent_08dd9ab00fec,法身寺,Institution,65,55,2,0,2,2,2,2,0.000286815404370145,0.0008038256308961114,374.2023809523779,1,1,235,0.0,2,1,propagation_organization,1.0,3.076923076923077,0.16227578475336324,0.804372197309417,0.39181614349775784,0.4992937219730942,391,1207,315,475
ent_b98f4377e8c9,溈山靈祐,BuddhistFigure,172,92,2,0,2,2,2,2,0.000286815404370145,0.0008038256308961114,254.82777777777335,1,14,15,0.0,2,1,propagation_organization,1.0,1.1627906976744187,0.16227578475336324,0.804372197309417,0.39181614349775784,0.4992937219730942,391,1207,315,475
ent_c5e74c42686c,王永慶,Person,115,73,2,0,2,2,2,2,0.000286815404370145,0.0016063923336310697,357.68531746031516,1,4,150,0.0,2,1,propagation_organization,0.0,1.7391304347826086,0.16227578475336324,0.8741591928251121,0.39181614349775784,0.5272085201793723,391,1207,222,440
ent_172d06688783,虛雲,BuddhistFigure,344,146,2,0,2,2,2,2,0.000286815404370145,4.8960436135216116e-05,306.81309523809307,2,2,153,0.0,1,1,practice,1.0,0.5813953488372093,0.16227578475336324,0.7163677130044843,0.39181614349775784,0.4540919282511211,391,1207,507,577
ent_bf65fd1093ad,覺明,BuddhistFigure,51,34,2,0,2,2,2,2,0.000286815404370145,0.0008038256308961114,367.80476190475895,1,1,235,0.0,2,1,propagation_organization,1.0,3.9215686274509802,0.16227578475336324,0.804372197309417,0.39181614349775784,0.4992937219730942,391,1207,315,475
ent_eb197dcd3cdb,道琛,BuddhistFigure,15,4,2,0,2,2,2,2,0.000286815404370145,4.235768708878946e-06,256.0960317460275,2,8,58,0.0,1,1,practice,1.0,13.333333333333334,0.16227578475336324,0.6816143497757847,0.39181614349775784,0.4401905829596412,391,1207,569,605
ent_d716b4911da7,隱元,BuddhistFigure,32,20,2,0,2,2,2,3,0.000286815404370145,1.258928161152876e-06,2.5,1,31,4,0.0,1,1,propagation_organization,0.0,6.25,0.16227578475336324,0.67152466367713,0.39181614349775784,0.43615470852017935,391,1207,583,612
ent_b6f300cff4bc,高希均,Person,358,236,2,0,2,2,2,2,0.000286815404370145,0.0016063923336310697,239.41190476190064,1,38,4,0.0,1,1,propagation_organization,0.0,0.5586592178770949,0.16227578475336324,0.8741591928251121,0.39181614349775784,0.5172085201793722,391,1207,222,457
ent_012b2e6cde60,高爾,Person,40,14,2,0,2,2,2,3,0.000286815404370145,7.258522963337045e-05,360.0686507936486,2,12,20,0.5,1,1,propagation_organization,0.0,5.0,0.16227578475336324,0.7309417040358744,0.9161995515695067,0.6172365470852018,391,1207,481,342
ent_ad2130d77063,齊玉,BuddhistFigure,11,3,2,0,2,2,2,2,0.000286815404370145,1.258928161152876e-06,2.5,1,42,4,0.0,1,1,propagation_organization,0.0,18.181818181818183,0.16227578475336324,0.67152466367713,0.39181614349775784,0.43615470852017935,391,1207,583,612
ent_7d13026d3545,六祖惠能,BuddhistFigure,0,0,2,0,2,2,2,2,0.000286815404370145,6.29464080576438e-07,2.0,1,64,3,0.0,1,1,propagation_organization,1.0,,0.16227578475336324,0.6611547085201793,0.39181614349775784,0.4320067264573991,391,1207,595,619
ent_2891b1c65eba,楊仁山居士,BuddhistFigure,66,47,2,0,2,2,2,2,0.000286815404370145,0.002407700108204875,193.8519841269818,1,20,8,0.0,1,1,propagation_organization,0.0,3.0303030303030303,0.16227578475336324,0.9111547085201793,0.39181614349775784,0.5320067264573991,391,1207,158,436
ent_dd2d6d19df8d,天衣義懷禪師,BuddhistFigure,67,37,2,0,2,2,2,2,0.000286815404370145,0.0008038256308961114,316.54365079364874,1,8,58,0.0,2,2,practice;propagation_organization,1.0,2.985074626865672,0.16227578475336324,0.804372197309417,0.39181614349775784,0.5392937219730942,391,1207,315,415
ent_f41a62c5aebc,曇摩竭多,BuddhistFigure,8,3,2,0,2,2,2,4,0.000286815404370145,0.0008038256308961114,229.27301587301213,1,7,59,0.0,1,1,propagation_organization,0.0,25.0,0.16227578475336324,0.804372197309417,0.39181614349775784,0.4892937219730942,391,1207,315,508
ent_b1b82e47b813,梁武帝,Person,9,7,2,0,2,2,3,3,0.000286815404370145,0.0008038256308961114,317.1130952380935,1,2,153,0.0,1,1,practice,0.0,22.22222222222222,0.16227578475336324,0.804372197309417,0.39181614349775784,0.4892937219730942,391,1207,315,508
ent_767826d7ab55,張迺彬女士,Person,1,1,2,0,2,2,2,2,0.000286815404370145,0.0016063923336310697,285.1488095238069,1,2,153,0.0,2,2,practice;propagation_organization,1.0,200.0,0.16227578475336324,0.8741591928251121,0.39181614349775784,0.5672085201793722,391,1207,222,391
ent_b85a3bc4a6f5,蔡正松,Person,1,1,2,0,2,2,2,2,0.000286815404370145,0.0,358.89523809523575,2,5,111,0.5,1,1,propagation_organization,1.0,200.0,0.16227578475336324,0.3276345291479821,0.9161995515695067,0.4559136771300448,391,1207,617,570
ent_9c79cb2ab069,一切智光明仙人慈心因緣不食肉經,Classic,0,0,1,0,1,1,2,2,0.000286815404370145,0.0,284.9222222222198,1,2,153,0.0,1,1,classic_text,0.0,,0.16227578475336324,0.3276345291479821,0.39181614349775784,0.2985986547085202,648,1207,617,655
ent_297708e1a3e4,一真法界,PlaceRealm,0,0,1,0,1,1,1,1,0.000286815404370145,0.0,326.1722222222201,1,3,153,0.0,1,1,thought_doctrine,0.0,,0.16227578475336324,0.3276345291479821,0.39181614349775784,0.2985986547085202,648,1207,617,655
ent_2db8b7998b4f,七聖財,Concept,72,46,1,0,1,1,1,1,0.000286815404370145,0.0,297.2912698412676,1,3,153,0.0,1,1,thought_doctrine,0.0,1.3888888888888888,0.16227578475336324,0.3276345291479821,0.39181614349775784,0.2985986547085202,648,1207,617,655
ent_5e8be0fc9ace,三身,DoctrineTerm,173,77,1,0,1,1,1,1,0.000286815404370145,0.0,1.0,1,67,2,0.0,1,1,thought_doctrine,0.0,0.5780346820809249,0.16227578475336324,0.3276345291479821,0.39181614349775784,0.2985986547085202,648,1207,617,655
ent_c1338f6309df,三階教,SchoolTradition,65,34,1,0,1,1,1,1,0.000286815404370145,0.0,1.0,1,68,2,0.0,1,1,propagation_organization,0.0,1.5384615384615385,0.16227578475336324,0.3276345291479821,0.39181614349775784,0.2985986547085202,648,1207,617,655
ent_f85050e2baaf,上求菩提,DoctrineTerm,0,0,1,0,1,1,1,1,0.000286815404370145,0.0,177.19938672438542,1,11,22,0.0,1,1,thought_doctrine,0.0,,0.16227578475336324,0.3276345291479821,0.39181614349775784,0.2985986547085202,648,1207,617,655
ent_18b89b1be56e,不可思議解脫經,Classic,0,0,1,0,1,1,1,1,0.000286815404370145,0.0,237.334595959592,1,15,10,0.0,1,1,thought_doctrine,0.0,,0.16227578475336324,0.3276345291479821,0.39181614349775784,0.2985986547085202,648,1207,617,655
ent_e1c64dd1765e,世親,BuddhistFigure,339,115,1,0,1,1,1,1,0.000286815404370145,0.0,247.2880952380912,1,24,5,0.0,1,1,classic_text,0.0,0.2949852507374631,0.16227578475336324,0.3276345291479821,0.39181614349775784,0.2985986547085202,648,1207,617,655
ent_03f94bb3374b,中道觀,DoctrineTerm,0,0,1,0,1,1,1,1,0.000286815404370145,0.0,222.38015873015533,1,3,153,0.0,1,1,thought_doctrine,0.0,,0.16227578475336324,0.3276345291479821,0.39181614349775784,0.2985986547085202,648,1207,617,655
ent_c891e9a4c73a,中阿含經,Classic,0,0,1,0,1,1,1,1,0.000286815404370145,0.0,357.795238095236,1,2,153,0.0,1,1,classic_text,0.0,,0.16227578475336324,0.3276345291479821,0.39181614349775784,0.2985986547085202,648,1207,617,655
ent_b9cda30eab9c,了義經,Classic,0,0,1,0,1,1,1,1,0.000286815404370145,0.0,210.6222943722916,1,7,59,0.0,1,1,thought_doctrine,0.0,,0.16227578475336324,0.3276345291479821,0.39181614349775784,0.2985986547085202,648,1207,617,655
ent_59887c98de06,二種法身,DoctrineTerm,3,1,1,0,1,1,1,1,0.000286815404370145,0.0,1.0,1,69,2,0.0,1,1,thought_doctrine,0.0,33.333333333333336,0.16227578475336324,0.3276345291479821,0.39181614349775784,0.2985986547085202,648,1207,617,655
ent_b1a59001dcec,五燈會元,Classic,64,41,1,0,1,1,1,1,0.000286815404370145,0.0,1.0,1,72,2,0.0,1,1,thought_doctrine,0.0,1.5625,0.16227578475336324,0.3276345291479821,0.39181614349775784,0.2985986547085202,648,1207,617,655
ent_690b8c155da4,五蘊,DoctrineTerm,0,0,1,0,1,1,1,1,0.000286815404370145,0.0,317.4317460317441,1,1,235,0.0,1,1,thought_doctrine,0.0,,0.16227578475336324,0.3276345291479821,0.39181614349775784,0.2985986547085202,648,1207,617,655
ent_fed693c13929,佛成道日,DoctrineTerm,24,19,1,0,1,1,2,2,0.000286815404370145,0.0,270.3615079365047,1,5,111,0.0,1,1,practice,0.0,4.166666666666667,0.16227578475336324,0.3276345291479821,0.39181614349775784,0.2985986547085202,648,1207,617,655
ent_416d9fed9b53,佛般泥洹經,Classic,0,0,1,0,1,1,1,1,0.000286815404370145,0.0,284.8757936507909,1,8,58,0.0,1,1,thought_doctrine,0.0,,0.16227578475336324,0.3276345291479821,0.39181614349775784,0.2985986547085202,648,1207,617,655
ent_0c6cbb7c3e8f,作法懺,Concept,10,8,1,0,1,1,1,1,0.000286815404370145,0.0,298.91785714285504,1,5,111,0.0,1,1,thought_doctrine,0.0,10.0,0.16227578475336324,0.3276345291479821,0.39181614349775784,0.2985986547085202,648,1207,617,655
ent_6fb9c7a8d594,俱舍宗,SchoolTradition,0,0,1,0,1,1,1,1,0.000286815404370145,0.0,314.6400793650775,1,1,235,0.0,1,1,propagation_organization,0.0,,0.16227578475336324,0.3276345291479821,0.39181614349775784,0.2985986547085202,648,1207,617,655
ent_ce849979fc43,僧眾,Group,2397,1187,1,0,1,1,1,1,0.000286815404370145,0.0,331.3869047619033,1,5,111,0.0,1,1,practice,0.0,0.041718815185648725,0.16227578475336324,0.3276345291479821,0.39181614349775784,0.2985986547085202,648,1207,617,655
ent_103723200be7,入楞伽經,Classic,0,0,1,0,1,1,1,1,0.000286815404370145,0.0,1.0,1,71,2,0.0,1,1,thought_doctrine,0.0,,0.16227578475336324,0.3276345291479821,0.39181614349775784,0.2985986547085202,648,1207,617,655
ent_afa7e8e07e7f,入法界,DoctrineTerm,0,0,1,0,1,1,1,1,0.000286815404370145,0.0,326.17222222222006,1,3,153,0.0,1,1,thought_doctrine,0.0,,0.16227578475336324,0.3276345291479821,0.39181614349775784,0.2985986547085202,648,1207,617,655
ent_3b0c323071c0,六成就,Concept,54,31,1,0,1,1,1,1,0.000286815404370145,0.0,258.5392857142816,1,8,58,0.0,1,1,thought_doctrine,0.0,1.8518518518518519,0.16227578475336324,0.3276345291479821,0.39181614349775784,0.2985986547085202,648,1207,617,655
ent_d7df6deaabbe,內心,DoctrineTerm,4293,2589,1,0,1,1,1,1,0.000286815404370145,0.0,315.87698412698205,1,8,58,0.0,1,1,thought_doctrine,0.0,0.023293733985557886,0.16227578475336324,0.3276345291479821,0.39181614349775784,0.2985986547085202,648,1207,617,655
ent_1096f40b925e,凡聖一如,Concept,18,18,1,0,1,1,1,1,0.000286815404370145,0.0,1.0,1,77,2,0.0,1,1,thought_doctrine,0.0,5.555555555555555,0.16227578475336324,0.3276345291479821,0.39181614349775784,0.2985986547085202,648,1207,617,655
ent_f9c793ab2242,勸發諸王要偈,Classic,0,0,1,0,1,1,1,1,0.000286815404370145,0.0,271.449206349203,1,3,153,0.0,1,1,thought_doctrine,0.0,,0.16227578475336324,0.3276345291479821,0.39181614349775784,0.2985986547085202,648,1207,617,655
ent_602bc067c307,功能,DoctrineTerm,2093,1164,1,0,1,1,1,1,0.000286815404370145,0.0,1.0,1,75,2,0.0,1,1,thought_doctrine,0.0,0.047778308647873864,0.16227578475336324,0.3276345291479821,0.39181614349775784,0.2985986547085202,648,1207,617,655
ent_23eeb3b80f4c,化相三寶,DoctrineTerm,5,4,1,0,1,1,1,1,0.000286815404370145,0.0,297.142460317458,1,5,111,0.0,1,1,thought_doctrine,0.0,20.0,0.16227578475336324,0.3276345291479821,0.39181614349775784,0.2985986547085202,648,1207,617,655
ent_8b23c3881ee2,十六觀,DoctrineTerm,56,26,1,0,1,1,1,1,0.000286815404370145,0.0,315.8769841269821,1,8,58,0.0,1,1,practice,0.0,1.7857142857142858,0.16227578475336324,0.3276345291479821,0.39181614349775784,0.2985986547085202,648,1207,617,655
ent_4b4d6a854a2a,十法行,PracticeActivity,30,25,1,0,1,1,1,1,0.000286815404370145,0.0,294.8055555555532,1,5,111,0.0,1,1,thought_doctrine,0.0,3.3333333333333335,0.16227578475336324,0.3276345291479821,0.39181614349775784,0.2985986547085202,648,1207,617,655
ent_314bb0fd8efd,南傳大藏經,Classic,0,0,1,0,1,1,1,1,0.000286815404370145,0.0,226.16507936507597,1,2,153,0.0,1,1,classic_text,0.0,,0.16227578475336324,0.3276345291479821,0.39181614349775784,0.2985986547085202,648,1207,617,655
ent_36492caffbbf,四分律,Classic,0,0,1,0,1,1,2,2,0.000286815404370145,0.0,309.19047619047456,1,2,153,0.0,1,1,thought_doctrine,0.0,,0.16227578475336324,0.3276345291479821,0.39181614349775784,0.2985986547085202,648,1207,617,655
ent_96d56e60e790,四聖,BuddhistFigure,91,73,1,0,1,1,1,1,0.000286815404370145,0.0,328.71746031745846,1,2,153,0.0,1,1,practice,0.0,1.098901098901099,0.16227578475336324,0.3276345291479821,0.39181614349775784,0.2985986547085202,648,1207,617,655
ent_9fe3034f447c,四安樂行,PracticeActivity,17,12,1,0,1,1,1,1,0.000286815404370145,0.0,299.679365079363,1,1,235,0.0,1,1,thought_doctrine,0.0,5.882352941176471,0.16227578475336324,0.3276345291479821,0.39181614349775784,0.2985986547085202,648,1207,617,655
ent_6a63a369233c,在家菩薩,BuddhistFigure,0,0,1,0,1,1,1,1,0.000286815404370145,0.0,316.4047619047596,1,5,111,0.0,1,1,practice,0.0,,0.16227578475336324,0.3276345291479821,0.39181614349775784,0.2985986547085202,648,1207,617,655
ent_a3cc3e5f1968,增一阿含經,Classic,0,0,1,0,1,1,1,1,0.000286815404370145,0.0,357.795238095236,1,2,153,0.0,1,1,classic_text,0.0,,0.16227578475336324,0.3276345291479821,0.39181614349775784,0.2985986547085202,648,1207,617,655
ent_df6e240fe792,多界經,Classic,0,0,1,0,1,1,1,1,0.000286815404370145,0.0,1.0,1,81,2,0.0,1,1,thought_doctrine,0.0,,0.16227578475336324,0.3276345291479821,0.39181614349775784,0.2985986547085202,648,1207,617,655
ent_5382f9f5217a,大天,BuddhistFigure,55,26,1,0,1,1,1,1,0.000286815404370145,0.0,1.0,1,82,2,0.0,1,1,propagation_organization,0.0,1.8181818181818181,0.16227578475336324,0.3276345291479821,0.39181614349775784,0.2985986547085202,648,1207,617,655
ent_fc4456801c63,大慈大悲,Concept,400,341,1,0,1,1,1,1,0.000286815404370145,0.0,348.11666666666457,1,1,235,0.0,1,1,thought_doctrine,0.0,0.25,0.16227578475336324,0.3276345291479821,0.39181614349775784,0.2985986547085202,648,1207,617,655
ent_79f8d98f816b,大方廣十輪經,Classic,0,0,1,0,1,1,1,1,0.000286815404370145,0.0,315.3607142857126,1,2,153,0.0,1,1,thought_doctrine,0.0,,0.16227578475336324,0.3276345291479821,0.39181614349775784,0.2985986547085202,648,1207,617,655
ent_e253f9e3254b,大日經疏,Classic,0,0,1,0,1,1,1,1,0.000286815404370145,0.0,284.9222222222198,1,2,153,0.0,1,1,classic_text,0.0,,0.16227578475336324,0.3276345291479821,0.39181614349775784,0.2985986547085202,648,1207,617,655
ent_cad3c1a00a0d,大般若波羅蜜多經,Classic,0,0,1,0,1,1,1,1,0.000286815404370145,0.0,278.07738095237823,1,2,153,0.0,1,1,propagation_organization,0.0,,0.16227578475336324,0.3276345291479821,0.39181614349775784,0.2985986547085202,648,1207,617,655
ent_14ab582c05a3,宗鏡錄,Classic,50,42,1,0,1,1,1,1,0.000286815404370145,0.0,305.36904761904543,1,1,235,0.0,1,1,thought_doctrine,0.0,2.0,0.16227578475336324,0.3276345291479821,0.39181614349775784,0.2985986547085202,648,1207,617,655
ent_4b1c8fcaafc1,定慧,DoctrineTerm,368,189,1,0,1,1,1,1,0.000286815404370145,0.0,1.0,1,86,2,0.0,1,1,thought_doctrine,0.0,0.2717391304347826,0.16227578475336324,0.3276345291479821,0.39181614349775784,0.2985986547085202,648,1207,617,655
ent_91952e90f95d,寂滅,DoctrineTerm,251,158,1,0,1,1,1,1,0.000286815404370145,0.0,308.28650793650564,1,3,153,0.0,1,1,thought_doctrine,0.0,0.398406374501992,0.16227578475336324,0.3276345291479821,0.39181614349775784,0.2985986547085202,648,1207,617,655
ent_fd2184b7e161,小千世界,PlaceRealm,0,0,1,0,1,1,1,1,0.000286815404370145,0.0,1.0,1,66,2,0.0,1,1,thought_doctrine,0.0,,0.16227578475336324,0.3276345291479821,0.39181614349775784,0.2985986547085202,648,1207,617,655
ent_a302f1c3e037,尸迦羅越六方禮經,Classic,0,0,1,0,1,1,1,1,0.000286815404370145,0.0,276.63690476190203,1,2,153,0.0,1,1,classic_text,0.0,,0.16227578475336324,0.3276345291479821,0.39181614349775784,0.2985986547085202,648,1207,617,655
ent_d8d40b2b6832,居士,RoleTitle,0,0,1,0,1,1,1,1,0.000286815404370145,0.0,1.0,1,73,2,0.0,1,1,thought_doctrine,0.0,,0.16227578475336324,0.3276345291479821,0.39181614349775784,0.2985986547085202,648,1207,617,655
ent_6edf8b144a9a,差別,DoctrineTerm,1576,950,1,0,1,1,1,1,0.000286815404370145,0.0,290.9722222222195,1,3,153,0.0,1,1,other_domain,0.0,0.06345177664974619,0.16227578475336324,0.3276345291479821,0.39181614349775784,0.2985986547085202,648,1207,617,655
ent_1ef7d40efef3,開元寺,Institution,0,0,1,0,1,1,1,1,0.000286815404370145,0.0,258.10595238094845,1,33,4,0.0,1,1,propagation_organization,0.0,,0.16227578475336324,0.3276345291479821,0.39181614349775784,0.2985986547085202,648,1207,617,655
ent_9e67ea89c229,式叉摩那,Concept,181,69,1,0,1,1,1,1,0.000286815404370145,0.0,1.0,1,85,2,0.0,1,1,thought_doctrine,0.0,0.5524861878453039,0.16227578475336324,0.3276345291479821,0.39181614349775784,0.2985986547085202,648,1207,617,655
ent_4655d730a508,引業,DoctrineTerm,0,0,1,0,1,1,1,1,0.000286815404370145,0.0,1.0,1,90,2,0.0,1,1,thought_doctrine,0.0,,0.16227578475336324,0.3276345291479821,0.39181614349775784,0.2985986547085202,648,1207,617,655
ent_c9ef02d16e37,彌陀,BuddhistFigure,861,435,1,0,1,1,1,1,0.000286815404370145,0.0,316.44642857142685,1,2,153,0.0,1,1,practice,0.0,0.11614401858304298,0.16227578475336324,0.3276345291479821,0.39181614349775784,0.2985986547085202,648,1207,617,655
ent_6847ca9d27b5,當體,DoctrineTerm,84,72,1,0,1,1,1,1,0.000286815404370145,0.0,247.18095238094827,1,9,56,0.0,1,1,thought_doctrine,0.0,1.1904761904761905,0.16227578475336324,0.3276345291479821,0.39181614349775784,0.2985986547085202,648,1207,617,655
ent_171b959a5216,往事百語,Classic,0,0,1,0,1,1,1,1,0.000286815404370145,0.0,301.48928571428354,1,19,8,0.0,1,1,thought_doctrine,0.0,,0.16227578475336324,0.3276345291479821,0.39181614349775784,0.2985986547085202,648,1207,617,655
ent_513e758bc031,往生論,Classic,0,0,1,0,1,1,1,1,0.000286815404370145,0.0,1.0,1,70,2,0.0,1,1,thought_doctrine,0.0,,0.16227578475336324,0.3276345291479821,0.39181614349775784,0.2985986547085202,648,1207,617,655
ent_82634fbfab1a,念佛往生,PracticeActivity,0,0,1,0,1,1,1,1,0.000286815404370145,0.0,237.33459595959195,1,15,10,0.0,1,1,thought_doctrine,0.0,,0.16227578475336324,0.3276345291479821,0.39181614349775784,0.2985986547085202,648,1207,617,655
ent_724e98c90d9a,提婆,DoctrineTerm,314,93,1,0,1,1,1,1,0.000286815404370145,0.0,225.34484126983762,1,3,153,0.0,1,1,thought_doctrine,0.0,0.3184713375796178,0.16227578475336324,0.3276345291479821,0.39181614349775784,0.2985986547085202,648,1207,617,655
ent_f5e4b147641f,提婆達多,Concept,408,164,1,0,1,1,1,1,0.000286815404370145,0.0,1.0,1,92,2,0.0,1,1,thought_doctrine,0.0,0.24509803921568626,0.16227578475336324,0.3276345291479821,0.39181614349775784,0.2985986547085202,648,1207,617,655
ent_52a38f23d74e,摩訶般若波羅蜜經,Classic,0,0,1,0,1,1,1,1,0.000286815404370145,0.0,331.3869047619033,1,5,111,0.0,1,1,thought_doctrine,0.0,,0.16227578475336324,0.3276345291479821,0.39181614349775784,0.2985986547085202,648,1207,617,655
ent_c416eb7e3c4d,方便品,Classic,0,0,1,0,1,1,4,4,0.000286815404370145,0.0,296.1607142857117,1,3,153,0.0,1,1,thought_doctrine,0.0,,0.16227578475336324,0.3276345291479821,0.39181614349775784,0.2985986547085202,648,1207,617,655
ent_da8e53ea97ce,無我觀,DoctrineTerm,59,45,1,0,1,1,1,1,0.000286815404370145,0.0,1.0,1,80,2,0.0,1,1,thought_doctrine,0.0,1.694915254237288,0.16227578475336324,0.3276345291479821,0.39181614349775784,0.2985986547085202,648,1207,617,655
ent_fe35c79c3fb7,無漏因,DoctrineTerm,2,2,1,0,1,1,1,1,0.000286815404370145,0.0,1.0,1,94,2,0.0,1,1,other_domain,0.0,50.0,0.16227578475336324,0.3276345291479821,0.39181614349775784,0.2985986547085202,648,1207,617,655
ent_60b1e52d0e01,無量義經,Classic,0,0,1,0,1,1,1,1,0.000286815404370145,0.0,278.07738095237823,1,2,153,0.0,1,1,propagation_organization,0.0,,0.16227578475336324,0.3276345291479821,0.39181614349775784,0.2985986547085202,648,1207,617,655
ent_e195f24477a7,無量壽經,Classic,0,0,1,0,1,1,1,1,0.000286815404370145,0.0,328.71746031745846,1,2,153,0.0,1,1,thought_doctrine,0.0,,0.16227578475336324,0.3276345291479821,0.39181614349775784,0.2985986547085202,648,1207,617,655
ent_c039e2eef470,曇鸞,Person,69,32,1,0,1,1,1,1,0.000286815404370145,0.0,1.0,1,95,2,0.0,1,1,propagation_organization,0.0,1.4492753623188406,0.16227578475336324,0.3276345291479821,0.39181614349775784,0.2985986547085202,648,1207,617,655
ent_77cc414a3468,普賢,BuddhistFigure,858,501,1,0,1,1,1,1,0.000286815404370145,0.0,283.92261904761637,1,2,153,0.0,1,1,propagation_organization,0.0,0.11655011655011654,0.16227578475336324,0.3276345291479821,0.39181614349775784,0.2985986547085202,648,1207,617,655
ent_39a8d1383c80,普賢菩薩,BuddhistFigure,0,0,1,0,1,1,1,1,0.000286815404370145,0.0,176.27193362193248,1,22,6,0.0,1,1,practice,0.0,,0.16227578475336324,0.3276345291479821,0.39181614349775784,0.2985986547085202,648,1207,617,655
ent_7c6a4f624c7a,普賢行願品,Classic,0,0,1,0,1,1,1,1,0.000286815404370145,0.0,331.3869047619033,1,5,111,0.0,1,1,thought_doctrine,0.0,,0.16227578475336324,0.3276345291479821,0.39181614349775784,0.2985986547085202,648,1207,617,655
ent_50ad76fa1dd9,智度論,Classic,0,0,1,0,1,1,1,1,0.000286815404370145,0.0,1.0,1,96,2,0.0,1,1,thought_doctrine,0.0,,0.16227578475336324,0.3276345291479821,0.39181614349775784,0.2985986547085202,648,1207,617,655
ent_2581df44db2c,智慧門,DoctrineTerm,28,24,1,0,1,1,1,1,0.000286815404370145,0.0,1.0,1,97,2,0.0,1,1,thought_doctrine,0.0,3.5714285714285716,0.16227578475336324,0.3276345291479821,0.39181614349775784,0.2985986547085202,648,1207,617,655
ent_c1ed27b944da,曹洞宗,SchoolTradition,0,0,1,0,1,1,1,1,0.000286815404370145,0.0,316.21746031745846,1,3,153,0.0,1,1,thought_doctrine,0.0,,0.16227578475336324,0.3276345291479821,0.39181614349775784,0.2985986547085202,648,1207,617,655
ent_e92d507e12fb,末利夫人,Concept,199,80,1,0,1,1,1,1,0.000286815404370145,0.0,1.0,1,98,2,0.0,1,1,thought_doctrine,0.0,0.5025125628140703,0.16227578475336324,0.3276345291479821,0.39181614349775784,0.2985986547085202,648,1207,617,655
ent_d52ee0778329,正等正覺,DoctrineTerm,50,41,1,0,1,1,1,1,0.000286815404370145,0.0,308.28650793650564,1,3,153,0.0,1,1,thought_doctrine,0.0,2.0,0.16227578475336324,0.3276345291479821,0.39181614349775784,0.2985986547085202,648,1207,617,655
ent_7c5f0e3477bb,法住記,Classic,5,4,1,0,1,1,1,1,0.000286815404370145,0.0,307.1031746031726,1,1,235,0.0,1,1,thought_doctrine,0.0,20.0,0.16227578475336324,0.3276345291479821,0.39181614349775784,0.2985986547085202,648,1207,617,655
ent_072024f264d4,法華三昧經,Classic,0,0,1,0,1,1,1,1,0.000286815404370145,0.0,278.0773809523783,1,2,153,0.0,1,1,propagation_organization,0.0,,0.16227578475336324,0.3276345291479821,0.39181614349775784,0.2985986547085202,648,1207,617,655
ent_5c15adc29b43,法華玄義,Classic,0,0,1,0,1,1,1,1,0.000286815404370145,0.0,1.0,1,91,2,0.0,1,1,thought_doctrine,0.0,,0.16227578475336324,0.3276345291479821,0.39181614349775784,0.2985986547085202,648,1207,617,655
ent_b48c2c35b2ca,法相宗,SchoolTradition,0,0,1,0,1,1,1,1,0.000286815404370145,0.0,231.84484126983747,1,7,59,0.0,1,1,propagation_organization,0.0,,0.16227578475336324,0.3276345291479821,0.39181614349775784,0.2985986547085202,648,1207,617,655
ent_c5327046741a,法眼宗,SchoolTradition,0,0,1,0,1,1,1,2,0.000286815404370145,0.0,1.0,1,100,2,0.0,1,1,propagation_organization,0.0,,0.16227578475336324,0.3276345291479821,0.39181614349775784,0.2985986547085202,648,1207,617,655
ent_51824a15584b,法門寺,Institution,0,0,1,0,1,1,1,2,0.000286815404370145,0.0,250.40515873015462,1,5,111,0.0,1,1,practice,0.0,,0.16227578475336324,0.3276345291479821,0.39181614349775784,0.2985986547085202,648,1207,617,655
ent_5e3ac8d7b801,犢子部,SchoolTradition,0,0,1,0,1,1,1,1,0.000286815404370145,0.0,302.1198412698393,1,1,235,0.0,1,1,propagation_organization,0.0,,0.16227578475336324,0.3276345291479821,0.39181614349775784,0.2985986547085202,648,1207,617,655
ent_2185b21d1e45,玉耶女經,Classic,0,0,1,0,1,1,1,1,0.000286815404370145,0.0,357.795238095236,1,2,153,0.0,1,1,classic_text,0.0,,0.16227578475336324,0.3276345291479821,0.39181614349775784,0.2985986547085202,648,1207,617,655
ent_bfbf54b1f298,現觀莊嚴論,Classic,0,0,1,0,1,1,1,1,0.000286815404370145,0.0,1.0,1,102,2,0.0,1,1,thought_doctrine,0.0,,0.16227578475336324,0.3276345291479821,0.39181614349775784,0.2985986547085202,648,1207,617,655
ent_a4237decebb2,班禪額爾德尼,BuddhistFigure,5,2,1,0,1,1,1,1,0.000286815404370145,0.0,214.74527417027085,1,12,20,0.0,1,1,propagation_organization,0.0,20.0,0.16227578475336324,0.3276345291479821,0.39181614349775784,0.2985986547085202,648,1207,617,655
ent_09449fe643d8,生住異滅,DoctrineTerm,133,111,1,0,1,1,1,1,0.000286815404370145,0.0,274.3492063492034,1,1,235,0.0,1,1,thought_doctrine,0.0,0.7518796992481203,0.16227578475336324,0.3276345291479821,0.39181614349775784,0.2985986547085202,648,1207,617,655
ent_aed26cefd7fb,百喻經,Classic,0,0,1,0,1,1,1,1,0.000286815404370145,0.0,363.35198412698173,1,1,235,0.0,1,1,thought_doctrine,0.0,,0.16227578475336324,0.3276345291479821,0.39181614349775784,0.2985986547085202,648,1207,617,655
ent_2a5835bf90a6,目犍連,DoctrineTerm,967,355,1,0,1,1,1,1,0.000286815404370145,0.0,238.77857142856732,1,34,4,0.0,1,1,thought_doctrine,0.0,0.10341261633919338,0.16227578475336324,0.3276345291479821,0.39181614349775784,0.2985986547085202,648,1207,617,655
ent_9e4cbe0e9a9d,相部,SchoolTradition,0,0,1,0,1,1,1,1,0.000286815404370145,0.0,1.0,1,105,2,0.0,1,1,propagation_organization,0.0,,0.16227578475336324,0.3276345291479821,0.39181614349775784,0.2985986547085202,648,1207,617,655
ent_b7244e7b1b31,知足,DoctrineTerm,1173,563,1,0,1,1,1,1,0.000286815404370145,0.0,287.6496031746009,1,3,153,0.0,1,1,thought_doctrine,0.0,0.08525149190110827,0.16227578475336324,0.3276345291479821,0.39181614349775784,0.2985986547085202,648,1207,617,655
ent_c9bd6ff83e85,禪和子,DoctrineTerm,84,22,1,0,1,1,1,1,0.000286815404370145,0.0,275.44087301587007,1,3,153,0.0,1,1,thought_doctrine,0.0,1.1904761904761905,0.16227578475336324,0.3276345291479821,0.39181614349775784,0.2985986547085202,648,1207,617,655
ent_68d18cfdeccf,福行,PracticeActivity,63,46,1,0,1,1,1,1,0.000286815404370145,0.0,316.40476190475965,1,5,111,0.0,1,1,thought_doctrine,0.0,1.5873015873015872,0.16227578475336324,0.3276345291479821,0.39181614349775784,0.2985986547085202,648,1207,617,655
ent_2b392242d947,第一義悉檀,Concept,11,9,1,0,1,1,1,1,0.000286815404370145,0.0,296.0547619047594,1,9,56,0.0,1,1,thought_doctrine,0.0,9.090909090909092,0.16227578475336324,0.3276345291479821,0.39181614349775784,0.2985986547085202,648,1207,617,655
ent_aa33a38b95c2,第一句,Concept,213,193,1,0,1,1,1,1,0.000286815404370145,0.0,258.5392857142816,1,8,58,0.0,1,1,thought_doctrine,0.0,0.4694835680751174,0.16227578475336324,0.3276345291479821,0.39181614349775784,0.2985986547085202,648,1207,617,655
ent_5a28fa879697,第六識,DoctrineTerm,157,54,1,0,1,1,1,1,0.000286815404370145,0.0,1.0,1,84,2,0.0,1,1,other_domain,0.0,0.6369426751592356,0.16227578475336324,0.3276345291479821,0.39181614349775784,0.2985986547085202,648,1207,617,655
ent_00eb13dd110f,精進波羅蜜,DoctrineTerm,31,29,1,0,1,1,1,1,0.000286815404370145,0.0,1.0,1,79,2,0.0,1,1,thought_doctrine,0.0,3.225806451612903,0.16227578475336324,0.3276345291479821,0.39181614349775784,0.2985986547085202,648,1207,617,655
ent_169ec025c012,經典,Concept,4242,2001,1,0,1,1,1,1,0.000286815404370145,0.0,1.0,1,107,2,0.0,1,1,thought_doctrine,0.0,0.023573785950023574,0.16227578475336324,0.3276345291479821,0.39181614349775784,0.2985986547085202,648,1207,617,655
ent_2d70af9f0ebf,結夏,PracticeActivity,31,18,1,0,1,1,1,1,0.000286815404370145,0.0,276.2202380952353,1,2,153,0.0,1,1,thought_doctrine,0.0,3.225806451612903,0.16227578475336324,0.3276345291479821,0.39181614349775784,0.2985986547085202,648,1207,617,655
ent_fdebf186628b,續高僧傳,Classic,48,38,1,0,1,1,1,1,0.000286815404370145,0.0,300.3734126984103,1,7,59,0.0,1,1,classic_text,0.0,2.0833333333333335,0.16227578475336324,0.3276345291479821,0.39181614349775784,0.2985986547085202,648,1207,617,655
ent_92d72f24484f,緣覺乘,SchoolTradition,0,0,1,0,1,1,1,1,0.000286815404370145,0.0,206.5790404040376,1,24,5,0.0,1,1,propagation_organization,0.0,,0.16227578475336324,0.3276345291479821,0.39181614349775784,0.2985986547085202,648,1207,617,655
ent_7c84a31f8085,羅云忍辱經,Classic,0,0,1,0,1,1,1,1,0.000286815404370145,0.0,357.795238095236,1,2,153,0.0,1,1,classic_text,0.0,,0.16227578475336324,0.3276345291479821,0.39181614349775784,0.2985986547085202,648,1207,617,655
ent_00ebc86d2ea8,自利利他,Concept,454,367,1,0,1,1,1,1,0.000286815404370145,0.0,328.71746031745846,1,2,153,0.0,1,1,thought_doctrine,0.0,0.22026431718061673,0.16227578475336324,0.3276345291479821,0.39181614349775784,0.2985986547085202,648,1207,617,655
ent_ffd14a7f2656,自性清淨心,DoctrineTerm,22,21,1,0,1,1,1,1,0.000286815404370145,0.0,308.28650793650564,1,3,153,0.0,1,1,thought_doctrine,0.0,4.545454545454546,0.16227578475336324,0.3276345291479821,0.39181614349775784,0.2985986547085202,648,1207,617,655
ent_6d90238cc786,舍利弗,BuddhistFigure,0,0,1,0,1,1,1,1,0.000286815404370145,0.0,291.0023809523785,1,2,153,0.0,1,1,propagation_organization,0.0,,0.16227578475336324,0.3276345291479821,0.39181614349775784,0.2985986547085202,648,1207,617,655
ent_b5ed1a3bd269,菩薩摩訶薩,BuddhistFigure,203,103,1,0,1,1,1,1,0.000286815404370145,0.0,331.3869047619033,1,5,111,0.0,1,1,practice,0.0,0.49261083743842365,0.16227578475336324,0.3276345291479821,0.39181614349775784,0.2985986547085202,648,1207,617,655
ent_e2c953125c09,藏經,Classic,0,0,1,0,1,1,1,1,0.000286815404370145,0.0,1.0,1,108,2,0.0,1,1,thought_doctrine,0.0,,0.16227578475336324,0.3276345291479821,0.39181614349775784,0.2985986547085202,648,1207,617,655
ent_4fc69af64938,過去,DoctrineTerm,14220,5415,1,0,1,1,1,1,0.000286815404370145,0.0,367.1380952380923,1,1,235,0.0,1,1,thought_doctrine,0.0,0.007032348804500703,0.16227578475336324,0.3276345291479821,0.39181614349775784,0.2985986547085202,648,1207,617,655
ent_86e17b6ffcd2,過去現在因果經,Classic,0,0,1,0,1,1,1,1,0.000286815404370145,0.0,357.795238095236,1,2,153,0.0,1,1,classic_text,0.0,,0.16227578475336324,0.3276345291479821,0.39181614349775784,0.2985986547085202,648,1207,617,655
ent_f0b8a79e545b,選佛場,Concept,117,60,1,0,1,1,1,1,0.000286815404370145,0.0,315.87698412698205,1,8,58,0.0,1,1,thought_doctrine,0.0,0.8547008547008547,0.16227578475336324,0.3276345291479821,0.39181614349775784,0.2985986547085202,648,1207,617,655
ent_405195e2d01b,長阿含經,Classic,0,0,1,0,1,1,1,2,0.000286815404370145,0.0,357.795238095236,1,2,153,0.0,1,1,classic_text,0.0,,0.16227578475336324,0.3276345291479821,0.39181614349775784,0.2985986547085202,648,1207,617,655
ent_8da74470239f,阿字觀,DoctrineTerm,6,3,1,0,1,1,1,1,0.000286815404370145,0.0,1.0,1,109,2,0.0,1,1,thought_doctrine,0.0,16.666666666666668,0.16227578475336324,0.3276345291479821,0.39181614349775784,0.2985986547085202,648,1207,617,655
ent_9d59dcc62f1b,阿難問事佛吉凶經,Classic,0,0,1,0,1,1,1,1,0.000286815404370145,0.0,357.795238095236,1,2,153,0.0,1,1,classic_text,0.0,,0.16227578475336324,0.3276345291479821,0.39181614349775784,0.2985986547085202,648,1207,617,655
ent_cae05d47880e,顛倒,DoctrineTerm,944,669,1,0,1,1,1,1,0.000286815404370145,0.0,264.8436507936471,1,2,153,0.0,1,1,thought_doctrine,0.0,0.1059322033898305,0.16227578475336324,0.3276345291479821,0.39181614349775784,0.2985986547085202,648,1207,617,655
ent_929294154cfa,首楞嚴三昧經,Classic,0,0,1,0,1,1,1,2,0.000286815404370145,0.0,295.5543650793629,1,5,111,0.0,1,1,thought_doctrine,0.0,,0.16227578475336324,0.3276345291479821,0.39181614349775784,0.2985986547085202,648,1207,617,655
ent_cbf0094c88a7,馬鳴菩薩,BuddhistFigure,0,0,1,0,1,1,1,1,0.000286815404370145,0.0,312.11547619047434,1,2,153,0.0,1,1,propagation_organization,0.0,,0.16227578475336324,0.3276345291479821,0.39181614349775784,0.2985986547085202,648,1207,617,655
ent_420bd844422b,高僧傳,Classic,203,139,1,0,1,1,1,1,0.000286815404370145,0.0,1.0,1,112,2,0.0,1,1,classic_text,0.0,0.49261083743842365,0.16227578475336324,0.3276345291479821,0.39181614349775784,0.2985986547085202,648,1207,617,655
ent_e8ae4c8610aa,弘一大師,Person,0,0,1,0,1,1,1,1,0.000286815404370145,0.0,312.11547619047434,1,2,153,0.0,1,1,propagation_organization,0.0,,0.16227578475336324,0.3276345291479821,0.39181614349775784,0.2985986547085202,648,1207,617,655
ent_52205d33c3e9,大醒法師,Person,0,0,1,0,1,1,1,1,0.000286815404370145,0.0,1.0,1,113,2,0.0,1,1,propagation_organization,0.0,,0.16227578475336324,0.3276345291479821,0.39181614349775784,0.2985986547085202,648,1207,617,655
ent_241715883e8c,悟一法師,Person,0,0,1,0,1,1,1,1,0.000286815404370145,0.0,1.0,1,114,2,0.0,1,1,propagation_organization,0.0,,0.16227578475336324,0.3276345291479821,0.39181614349775784,0.2985986547085202,648,1207,617,655
ent_8a35cbf16c9a,永光法師,Person,0,0,1,0,1,1,1,1,0.000286815404370145,0.0,1.5,1,52,3,0.0,1,1,propagation_organization,0.0,,0.16227578475336324,0.3276345291479821,0.39181614349775784,0.2985986547085202,648,1207,617,655
ent_65b4e0751dc6,妙士法師,Person,0,0,1,0,1,1,1,1,0.000286815404370145,0.0,313.67341269841074,1,5,111,0.0,1,1,propagation_organization,0.0,,0.16227578475336324,0.3276345291479821,0.39181614349775784,0.2985986547085202,648,1207,617,655
ent_8d37d219ddbf,聖印法師,Person,0,0,1,0,1,1,1,1,0.000286815404370145,0.0,1.0,1,115,2,0.0,1,1,propagation_organization,0.0,,0.16227578475336324,0.3276345291479821,0.39181614349775784,0.2985986547085202,648,1207,617,655
ent_06dbb38e8b15,廣餘法師,Person,0,0,1,0,1,1,1,1,0.000286815404370145,0.0,1.0,1,116,2,0.0,1,1,propagation_organization,0.0,,0.16227578475336324,0.3276345291479821,0.39181614349775784,0.2985986547085202,648,1207,617,655
ent_84b088c244da,圓湛法師,Person,0,0,1,0,1,1,1,1,0.000286815404370145,0.0,1.0,1,117,2,0.0,1,1,propagation_organization,0.0,,0.16227578475336324,0.3276345291479821,0.39181614349775784,0.2985986547085202,648,1207,617,655
ent_3588b7234f82,永明大師,Person,0,0,1,0,1,1,1,1,0.000286815404370145,0.0,286.01746031745773,1,3,153,0.0,1,1,propagation_organization,0.0,,0.16227578475336324,0.3276345291479821,0.39181614349775784,0.2985986547085202,648,1207,617,655
ent_e904e0016480,印海法師,Person,0,0,1,0,1,1,1,1,0.000286815404370145,0.0,201.20126262626,1,25,5,0.0,1,1,propagation_organization,0.0,,0.16227578475336324,0.3276345291479821,0.39181614349775784,0.2985986547085202,648,1207,617,655
ent_ab8bc41ab1d8,證嚴法師,Person,0,0,1,0,1,2,2,2,0.000286815404370145,0.0,1.0,1,118,2,0.0,1,1,propagation_organization,0.0,,0.16227578475336324,0.3276345291479821,0.39181614349775784,0.2985986547085202,648,1207,617,655
ent_94acec3a9151,如學法師,Person,0,0,1,0,1,1,1,1,0.000286815404370145,0.0,1.0,1,119,2,0.0,1,1,propagation_organization,0.0,,0.16227578475336324,0.3276345291479821,0.39181614349775784,0.2985986547085202,648,1207,617,655
ent_5804ba30a5b3,慧律法師,Person,0,0,1,0,1,1,1,1,0.000286815404370145,0.0,1.0,1,120,2,0.0,1,1,propagation_organization,0.0,,0.16227578475336324,0.3276345291479821,0.39181614349775784,0.2985986547085202,648,1207,617,655
ent_b0ea160c1efd,永融法師,Person,0,0,1,0,1,1,1,1,0.000286815404370145,0.0,293.6230158730136,1,4,150,0.0,1,1,propagation_organization,0.0,,0.16227578475336324,0.3276345291479821,0.39181614349775784,0.2985986547085202,648,1207,617,655
ent_79b7bd9d628b,廣元法師,Person,0,0,1,0,1,1,1,1,0.000286815404370145,0.0,1.0,1,121,2,0.0,1,1,thought_doctrine,0.0,,0.16227578475336324,0.3276345291479821,0.39181614349775784,0.2985986547085202,648,1207,617,655
ent_09fd4d09a82f,智光法師,Person,0,0,1,0,1,1,1,1,0.000286815404370145,0.0,1.0,1,122,2,0.0,1,1,propagation_organization,0.0,,0.16227578475336324,0.3276345291479821,0.39181614349775784,0.2985986547085202,648,1207,617,655
ent_6ffa1bb22081,天下文化,Institution,0,0,1,0,1,1,1,1,0.000286815404370145,0.0,1.0,1,123,2,0.0,1,1,classic_text,0.0,,0.16227578475336324,0.3276345291479821,0.39181614349775784,0.2985986547085202,648,1207,617,655
ent_3a156b0b9b7b,大覺寺,Institution,0,0,1,0,1,1,1,1,0.000286815404370145,0.0,367.1380952380923,1,1,235,0.0,1,1,propagation_organization,0.0,,0.16227578475336324,0.3276345291479821,0.39181614349775784,0.2985986547085202,648,1207,617,655
ent_bdfbbfc2f456,佛光衛視,Institution,0,0,1,0,1,1,1,2,0.000286815404370145,0.0,275.4984126984098,1,4,150,0.0,1,1,thought_doctrine,0.0,,0.16227578475336324,0.3276345291479821,0.39181614349775784,0.2985986547085202,648,1207,617,655
ent_4c2e07dc7b93,佛光禪師,Person,0,0,1,0,1,1,1,1,0.000286815404370145,0.0,1.0,1,124,2,0.0,1,1,propagation_organization,0.0,,0.16227578475336324,0.3276345291479821,0.39181614349775784,0.2985986547085202,648,1207,617,655
ent_a52d21c1f296,佛光書局,Institution,0,0,1,0,1,1,1,1,0.000286815404370145,0.0,1.0,1,125,2,0.0,1,1,propagation_organization,0.0,,0.16227578475336324,0.3276345291479821,0.39181614349775784,0.2985986547085202,648,1207,617,655
ent_4583da66e037,人間佛教理論,Concept,0,0,1,0,1,1,1,1,0.000286815404370145,0.0,326.1722222222201,1,3,153,0.0,1,1,thought_doctrine,0.0,,0.16227578475336324,0.3276345291479821,0.39181614349775784,0.2985986547085202,648,1207,617,655
ent_1cd8ddf83735,極樂世界眾生,Group,1,1,1,0,1,1,1,1,0.000286815404370145,0.0,1.5,1,44,3,0.0,1,1,practice,0.0,100.0,0.16227578475336324,0.3276345291479821,0.39181614349775784,0.2985986547085202,648,1207,617,655
ent_1b85dfe7eb48,楞嚴經疏,Classic,1,1,1,0,1,1,1,1,0.000286815404370145,0.0,305.8222222222204,1,9,56,0.0,1,1,thought_doctrine,0.0,100.0,0.16227578475336324,0.3276345291479821,0.39181614349775784,0.2985986547085202,648,1207,617,655
ent_38016353c9f9,章嘉胡土克圖,BuddhistFigure,1,1,1,0,1,1,1,1,0.000286815404370145,0.0,214.74527417027085,1,12,20,0.0,1,1,propagation_organization,0.0,100.0,0.16227578475336324,0.3276345291479821,0.39181614349775784,0.2985986547085202,648,1207,617,655
ent_a63621790dfa,往生佛事,PracticeActivity,1,1,1,0,1,1,1,1,0.000286815404370145,0.0,1.0,1,127,2,0.0,1,1,thought_doctrine,0.0,100.0,0.16227578475336324,0.3276345291479821,0.39181614349775784,0.2985986547085202,648,1207,617,655
ent_c5f15512b91c,一日修行,PracticeActivity,1,1,1,0,1,1,1,1,0.000286815404370145,0.0,316.40476190475965,1,5,111,0.0,1,1,thought_doctrine,0.0,100.0,0.16227578475336324,0.3276345291479821,0.39181614349775784,0.2985986547085202,648,1207,617,655
ent_e81961a3d951,作大誓願,PracticeActivity,1,1,1,0,1,1,1,1,0.000286815404370145,0.0,1.0,1,128,2,0.0,1,1,practice,0.0,100.0,0.16227578475336324,0.3276345291479821,0.39181614349775784,0.2985986547085202,648,1207,617,655
ent_d79137a86806,勞動,PracticeActivity,1,1,1,0,1,1,1,1,0.000286815404370145,0.0,287.093650793648,1,5,111,0.0,1,1,practice,0.0,100.0,0.16227578475336324,0.3276345291479821,0.39181614349775784,0.2985986547085202,648,1207,617,655
ent_2dbeabfa08c4,供奉,PracticeActivity,1,1,1,0,1,1,1,1,0.000286815404370145,0.0,290.8694444444418,1,5,111,0.0,1,1,practice,0.0,100.0,0.16227578475336324,0.3276345291479821,0.39181614349775784,0.2985986547085202,648,1207,617,655
ent_79c1fb3e8e88,業,DoctrineTerm,1,1,1,0,1,1,1,1,0.000286815404370145,0.0,305.36904761904543,1,1,235,0.0,1,1,thought_doctrine,0.0,100.0,0.16227578475336324,0.3276345291479821,0.39181614349775784,0.2985986547085202,648,1207,617,655
ent_2b7acd17a3f1,七塔報恩禪寺,Institution,5,3,1,0,1,1,1,1,0.000286815404370145,0.0,1.0,1,129,2,0.0,1,1,propagation_organization,0.0,20.0,0.16227578475336324,0.3276345291479821,0.39181614349775784,0.2985986547085202,648,1207,617,655
ent_3d38388b8511,三界智,BuddhistFigure,33,6,1,0,1,1,1,1,0.000286815404370145,0.0,316.21746031745846,1,3,153,0.0,1,1,practice,0.0,3.0303030303030303,0.16227578475336324,0.3276345291479821,0.39181614349775784,0.2985986547085202,648,1207,617,655
ent_a39512142bce,上求下化,DoctrineTerm,43,35,1,0,1,1,1,2,0.000286815404370145,0.0,302.3174603174582,1,3,153,0.0,1,1,thought_doctrine,0.0,2.3255813953488373,0.16227578475336324,0.3276345291479821,0.39181614349775784,0.2985986547085202,648,1207,617,655
ent_9308fb234ddb,世界佛教青年會,Institution,55,42,1,0,1,1,1,1,0.000286815404370145,0.0,230.5512626262591,1,4,150,0.0,1,1,propagation_organization,0.0,1.8181818181818181,0.16227578475336324,0.3276345291479821,0.39181614349775784,0.2985986547085202,648,1207,617,655
ent_a8c796d25690,世界童軍總部,Institution,2,2,1,0,1,1,1,1,0.000286815404370145,0.0,1.0,1,131,2,0.0,1,1,propagation_organization,0.0,50.0,0.16227578475336324,0.3276345291479821,0.39181614349775784,0.2985986547085202,648,1207,617,655
ent_bdb8264dbeb3,中國文藝協會,Institution,39,33,1,0,1,1,1,1,0.000286815404370145,0.0,1.0,1,132,2,0.0,1,1,propagation_organization,0.0,2.5641025641025643,0.16227578475336324,0.3276345291479821,0.39181614349775784,0.2985986547085202,648,1207,617,655
ent_8af507046408,中國石油公司,Institution,9,9,1,0,1,1,1,1,0.000286815404370145,0.0,1.0,1,133,2,0.0,1,1,propagation_organization,0.0,11.11111111111111,0.16227578475336324,0.3276345291479821,0.39181614349775784,0.2985986547085202,648,1207,617,655
ent_e713986b2525,中國鋼鐵公司,Institution,14,14,1,0,1,1,1,1,0.000286815404370145,0.0,1.0,1,134,2,0.0,1,1,propagation_organization,0.0,7.142857142857143,0.16227578475336324,0.3276345291479821,0.39181614349775784,0.2985986547085202,648,1207,617,655
ent_e6963f621ecb,中天寺,Institution,335,139,1,0,1,1,1,1,0.000286815404370145,0.0,1.0,1,135,2,0.0,1,1,propagation_organization,0.0,0.29850746268656714,0.16227578475336324,0.3276345291479821,0.39181614349775784,0.2985986547085202,648,1207,617,655
ent_fbe0dca14969,中正大學,Institution,43,23,1,0,1,1,1,1,0.000286815404370145,0.0,283.5123015872991,1,4,150,0.0,1,1,propagation_organization,0.0,2.3255813953488373,0.16227578475336324,0.3276345291479821,0.39181614349775784,0.2985986547085202,648,1207,617,655
ent_552811a0a32c,中華佛光童軍團,Institution,5,5,1,0,1,1,1,1,0.000286815404370145,0.0,1.0,1,136,2,0.0,1,1,propagation_organization,0.0,20.0,0.16227578475336324,0.3276345291479821,0.39181614349775784,0.2985986547085202,648,1207,617,655
ent_a4cbe84441b4,中論頌,Classic,8,5,1,0,1,1,1,1,0.000286815404370145,0.0,1.0,1,103,2,0.0,1,1,thought_doctrine,0.0,12.5,0.16227578475336324,0.3276345291479821,0.39181614349775784,0.2985986547085202,648,1207,617,655
ent_00b030c2572e,人民東方出版社,Institution,3,3,1,0,1,1,1,1,0.000286815404370145,0.0,284.82698412698153,1,1,235,0.0,1,1,classic_text,0.0,33.333333333333336,0.16227578475336324,0.3276345291479821,0.39181614349775784,0.2985986547085202,648,1207,617,655
ent_39f775064ba5,仁岳,BuddhistFigure,11,4,1,0,1,1,1,1,0.000286815404370145,0.0,315.87698412698205,1,8,58,0.0,1,1,practice,0.0,9.090909090909092,0.16227578475336324,0.3276345291479821,0.39181614349775784,0.2985986547085202,648,1207,617,655
ent_c4a7296e6b0d,佛光人文學院,Institution,21,8,1,0,1,1,1,1,0.000286815404370145,0.0,1.0,1,140,2,0.0,1,1,propagation_organization,0.0,4.761904761904762,0.16227578475336324,0.3276345291479821,0.39181614349775784,0.2985986547085202,648,1207,617,655
ent_8e70c34e4556,佛光大學宗教文化研究中心,Institution,2,2,1,0,1,1,1,1,0.000286815404370145,0.0,194.39303751803544,1,10,42,0.0,1,1,propagation_organization,0.0,50.0,0.16227578475336324,0.3276345291479821,0.39181614349775784,0.2985986547085202,648,1207,617,655
ent_c22580878458,佛光山修持中心,Institution,31,23,1,0,1,1,1,1,0.000286815404370145,0.0,269.9781746031714,1,5,111,0.0,1,1,propagation_organization,0.0,3.225806451612903,0.16227578475336324,0.3276345291479821,0.39181614349775784,0.2985986547085202,648,1207,617,655
ent_16c25489bcc1,佛光山台北別院,Institution,46,31,1,0,1,1,1,1,0.000286815404370145,0.0,1.0,1,141,2,0.0,1,1,propagation_organization,0.0,2.1739130434782608,0.16227578475336324,0.3276345291479821,0.39181614349775784,0.2985986547085202,648,1207,617,655
ent_b88eabf8fe47,佛光山大阪道場,Institution,6,6,1,0,1,1,1,2,0.000286815404370145,0.0,1.0,1,142,2,0.0,1,1,propagation_organization,0.0,16.666666666666668,0.16227578475336324,0.3276345291479821,0.39181614349775784,0.2985986547085202,648,1207,617,655
ent_350effbb64a2,佛光山曼谷道場,Institution,29,16,1,0,1,1,1,1,0.000286815404370145,0.0,235.8428571428532,1,5,111,0.0,1,1,propagation_organization,0.0,3.4482758620689653,0.16227578475336324,0.3276345291479821,0.39181614349775784,0.2985986547085202,648,1207,617,655
ent_ffc5cd6e838b,佛光山東京別院,Institution,17,13,1,0,1,1,1,1,0.000286815404370145,0.0,196.53744588744368,1,18,9,0.0,1,1,propagation_organization,0.0,5.882352941176471,0.16227578475336324,0.3276345291479821,0.39181614349775784,0.2985986547085202,648,1207,617,655
ent_c6c29898ab20,佛光山東禪寺,Institution,15,14,1,0,1,1,1,1,0.000286815404370145,0.0,1.0,1,139,2,0.0,1,1,propagation_organization,0.0,6.666666666666667,0.16227578475336324,0.3276345291479821,0.39181614349775784,0.2985986547085202,648,1207,617,655
ent_b01b8b80b982,佛光山澳洲南天寺,Institution,11,10,1,0,1,1,1,1,0.000286815404370145,0.0,290.4269841269819,1,5,111,0.0,1,1,propagation_organization,0.0,9.090909090909092,0.16227578475336324,0.3276345291479821,0.39181614349775784,0.2985986547085202,648,1207,617,655
ent_29771a242e8f,佛光山系統大學,Institution,36,22,1,0,1,1,1,1,0.000286815404370145,0.0,363.3519841269817,1,1,235,0.0,1,1,propagation_organization,0.0,2.7777777777777777,0.16227578475336324,0.3276345291479821,0.39181614349775784,0.2985986547085202,648,1207,617,655
ent_fdad28c8aece,佛光山紐約道場,Institution,11,11,1,0,1,1,1,1,0.000286815404370145,0.0,1.0,1,143,2,0.0,1,1,propagation_organization,0.0,9.090909090909092,0.16227578475336324,0.3276345291479821,0.39181614349775784,0.2985986547085202,648,1207,617,655
ent_15811cf06252,佛光山芝加哥禪淨中心,Institution,2,2,1,0,1,1,1,1,0.000286815404370145,0.0,1.0,1,144,2,0.0,1,1,propagation_organization,0.0,50.0,0.16227578475336324,0.3276345291479821,0.39181614349775784,0.2985986547085202,648,1207,617,655
ent_e2d19f48f58c,佛光山西來寺,Institution,7,7,1,0,1,1,1,1,0.000286815404370145,0.0,236.9361832611793,1,12,20,0.0,1,1,propagation_organization,0.0,14.285714285714286,0.16227578475336324,0.3276345291479821,0.39181614349775784,0.2985986547085202,648,1207,617,655
ent_1c7974f7fe1e,佛光山達拉斯講堂,Institution,4,4,1,0,1,1,1,1,0.000286815404370145,0.0,1.0,1,146,2,0.0,1,1,propagation_organization,0.0,25.0,0.16227578475336324,0.3276345291479821,0.39181614349775784,0.2985986547085202,648,1207,617,655
ent_58c47f76c3e7,佛光盃國際大學籃球邀請賽,PracticeActivity,16,13,1,0,1,1,1,1,0.000286815404370145,0.0,232.47150072149685,1,26,5,0.0,1,1,propagation_organization,0.0,6.25,0.16227578475336324,0.3276345291479821,0.39181614349775784,0.2985986547085202,648,1207,617,655
ent_56105c7e6b34,佛光緣美術館總部,Institution,30,19,1,0,1,1,1,1,0.000286815404370145,0.0,1.0,1,147,2,0.0,1,1,propagation_organization,0.0,3.3333333333333335,0.16227578475336324,0.3276345291479821,0.39181614349775784,0.2985986547085202,648,1207,617,655
ent_49532b2e9d9b,佛印了元,BuddhistFigure,19,18,1,0,1,1,1,1,0.000286815404370145,0.0,1.0,1,148,2,0.0,1,1,propagation_organization,0.0,5.2631578947368425,0.16227578475336324,0.3276345291479821,0.39181614349775784,0.2985986547085202,648,1207,617,655
ent_44935f4d6c98,佛教文化服務處,Institution,283,184,1,0,1,1,1,1,0.000286815404370145,0.0,232.47150072149682,1,26,5,0.0,1,1,propagation_organization,0.0,0.35335689045936397,0.16227578475336324,0.3276345291479821,0.39181614349775784,0.2985986547085202,648,1207,617,655
ent_cefb35d4ac0a,佛香講堂,Institution,170,109,1,0,1,1,1,1,0.000286815404370145,0.0,1.0,1,149,2,0.0,1,1,propagation_organization,0.0,0.5882352941176471,0.16227578475336324,0.3276345291479821,0.39181614349775784,0.2985986547085202,648,1207,617,655
ent_c74c78444c0d,來果,BuddhistFigure,15,9,1,0,1,1,1,1,0.000286815404370145,0.0,247.62189754689356,1,4,150,0.0,1,1,propagation_organization,0.0,6.666666666666667,0.16227578475336324,0.3276345291479821,0.39181614349775784,0.2985986547085202,648,1207,617,655
ent_775511709fae,依來,BuddhistFigure,174,110,1,0,1,1,1,1,0.000286815404370145,0.0,1.0,1,150,2,0.0,1,1,propagation_organization,0.0,0.5747126436781609,0.16227578475336324,0.3276345291479821,0.39181614349775784,0.2985986547085202,648,1207,617,655
ent_ea8dcdeaaf1a,依宏,BuddhistFigure,20,15,1,0,1,1,1,1,0.000286815404370145,0.0,325.27936507936323,1,1,235,0.0,1,1,propagation_organization,0.0,5.0,0.16227578475336324,0.3276345291479821,0.39181614349775784,0.2985986547085202,648,1207,617,655
ent_7a49b1455145,倓虛,BuddhistFigure,15,12,1,0,1,1,1,1,0.000286815404370145,0.0,1.0,1,151,2,0.0,1,1,propagation_organization,0.0,6.666666666666667,0.16227578475336324,0.3276345291479821,0.39181614349775784,0.2985986547085202,648,1207,617,655
ent_7ed4f1f731f9,僧肇,BuddhistFigure,234,108,1,0,1,1,1,1,0.000286815404370145,0.0,293.5793650793628,1,15,10,0.0,1,1,classic_text,0.0,0.42735042735042733,0.16227578475336324,0.3276345291479821,0.39181614349775784,0.2985986547085202,648,1207,617,655
ent_cbb3dfb5d31f,內政部,Institution,664,369,1,0,1,1,1,1,0.000286815404370145,0.0,1.0,1,154,2,0.0,1,1,propagation_organization,0.0,0.15060240963855423,0.16227578475336324,0.3276345291479821,0.39181614349775784,0.2985986547085202,648,1207,617,655
ent_9778581f1f93,分別瑜伽品,Classic,2,2,1,0,1,1,1,1,0.000286815404370145,0.0,1.0,1,78,2,0.0,1,1,thought_doctrine,0.0,50.0,0.16227578475336324,0.3276345291479821,0.39181614349775784,0.2985986547085202,648,1207,617,655
ent_8186301e7ab3,劉梅生,BuddhistFigure,41,11,1,0,1,1,1,1,0.000286815404370145,0.0,1.0,1,156,2,0.0,1,1,propagation_organization,0.0,2.4390243902439024,0.16227578475336324,0.3276345291479821,0.39181614349775784,0.2985986547085202,648,1207,617,655
ent_040d832948cf,劉紹唐,Person,9,6,1,0,1,1,1,1,0.000286815404370145,0.0,356.7686507936485,1,4,150,0.0,1,1,propagation_organization,0.0,11.11111111111111,0.16227578475336324,0.3276345291479821,0.39181614349775784,0.2985986547085202,648,1207,617,655
ent_c2a7cf222427,北条時宗,Person,10,4,1,0,1,1,1,1,0.000286815404370145,0.0,1.0,1,157,2,0.0,1,1,propagation_organization,0.0,10.0,0.16227578475336324,0.3276345291479821,0.39181614349775784,0.2985986547085202,648,1207,617,655
ent_1073c409dc6a,北魏孝明帝,Person,7,7,1,0,1,1,1,1,0.000286815404370145,0.0,1.0,1,99,2,0.0,1,1,propagation_organization,0.0,14.285714285714286,0.16227578475336324,0.3276345291479821,0.39181614349775784,0.2985986547085202,648,1207,617,655
ent_0f782825fbe5,南屏別院,Institution,102,64,1,0,1,1,1,1,0.000286815404370145,0.0,1.0,1,160,2,0.0,1,1,propagation_organization,0.0,0.9803921568627451,0.16227578475336324,0.3276345291479821,0.39181614349775784,0.2985986547085202,648,1207,617,655
ent_13eab252fe50,南島佛光山,Institution,42,18,1,0,1,1,1,1,0.000286815404370145,0.0,290.4269841269819,1,5,111,0.0,1,1,propagation_organization,0.0,2.380952380952381,0.16227578475336324,0.3276345291479821,0.39181614349775784,0.2985986547085202,648,1207,617,655
ent_31df7c0076c3,台灣大學,Institution,314,212,1,0,1,1,1,1,0.000286815404370145,0.0,269.9781746031714,1,5,111,0.0,1,1,propagation_organization,0.0,0.3184713375796178,0.16227578475336324,0.3276345291479821,0.39181614349775784,0.2985986547085202,648,1207,617,655
ent_4dfe729df6b3,吳廷琰,Person,60,31,1,0,1,1,1,1,0.000286815404370145,0.0,363.3519841269817,1,1,235,0.0,1,1,thought_doctrine,0.0,1.6666666666666667,0.16227578475336324,0.3276345291479821,0.39181614349775784,0.2985986547085202,648,1207,617,655
ent_ae5c51eacd5c,呂碧城,Person,65,34,1,0,1,1,1,1,0.000286815404370145,0.0,1.0,1,163,2,0.0,1,1,practice,0.0,1.5384615384615385,0.16227578475336324,0.3276345291479821,0.39181614349775784,0.2985986547085202,648,1207,617,655
ent_a4b632b98693,周宣德,BuddhistFigure,33,16,1,0,1,1,1,1,0.000286815404370145,0.0,1.0,1,164,2,0.0,1,1,propagation_organization,0.0,3.0303030303030303,0.16227578475336324,0.3276345291479821,0.39181614349775784,0.2985986547085202,648,1207,617,655
ent_1643daea77be,善導寺,Institution,296,136,1,0,1,1,1,1,0.000286815404370145,0.0,247.90833333332964,1,6,77,0.0,1,1,propagation_organization,0.0,0.33783783783783783,0.16227578475336324,0.3276345291479821,0.39181614349775784,0.2985986547085202,648,1207,617,655
ent_7f817c6b4a99,嘉義圓福寺,Institution,74,69,1,0,1,1,1,1,0.000286815404370145,0.0,283.5123015872991,1,4,150,0.0,1,1,propagation_organization,0.0,1.3513513513513513,0.16227578475336324,0.3276345291479821,0.39181614349775784,0.2985986547085202,648,1207,617,655
ent_7e843ee1de71,嚴長壽,Person,38,22,1,0,1,1,1,1,0.000286815404370145,0.0,1.0,1,155,2,0.0,1,1,propagation_organization,0.0,2.6315789473684212,0.16227578475336324,0.3276345291479821,0.39181614349775784,0.2985986547085202,648,1207,617,655
ent_4a844158d7bf,國際佛光會青年總團部,Institution,11,10,1,0,1,1,1,1,0.000286815404370145,0.0,1.5,1,57,3,0.0,1,1,propagation_organization,0.0,9.090909090909092,0.16227578475336324,0.3276345291479821,0.39181614349775784,0.2985986547085202,648,1207,617,655
ent_ec337f85784f,圓融比丘尼,BuddhistFigure,10,6,1,0,1,1,1,1,0.000286815404370145,0.0,1.0,1,165,2,0.0,1,1,propagation_organization,0.0,10.0,0.16227578475336324,0.3276345291479821,0.39181614349775784,0.2985986547085202,648,1207,617,655
ent_4c6de81e3536,均頭國民中小學,Institution,18,15,1,0,1,1,1,1,0.000286815404370145,0.0,1.0,1,166,2,0.0,1,1,propagation_organization,0.0,5.555555555555555,0.16227578475336324,0.3276345291479821,0.39181614349775784,0.2985986547085202,648,1207,617,655
ent_cd277e573efc,塞頓杜克,Person,5,3,1,0,1,1,1,1,0.000286815404370145,0.0,1.0,1,167,2,0.0,1,1,propagation_organization,0.0,20.0,0.16227578475336324,0.3276345291479821,0.39181614349775784,0.2985986547085202,648,1207,617,655
ent_6bd88a0df782,夏威夷大學,Institution,65,43,1,0,1,1,1,1,0.000286815404370145,0.0,275.49841269840977,1,4,150,0.0,1,1,propagation_organization,0.0,1.5384615384615385,0.16227578475336324,0.3276345291479821,0.39181614349775784,0.2985986547085202,648,1207,617,655
ent_7134cbca0494,大孚靈鷲寺,Institution,2,2,1,0,1,1,1,1,0.000286815404370145,0.0,199.20595238094992,1,23,6,0.0,1,1,propagation_organization,0.0,50.0,0.16227578475336324,0.3276345291479821,0.39181614349775784,0.2985986547085202,648,1207,617,655
ent_df44594961ab,大愚守芝,BuddhistFigure,16,4,1,0,1,1,1,1,0.000286815404370145,0.0,320.74246031745855,1,5,111,0.0,1,1,propagation_organization,0.0,6.25,0.16227578475336324,0.3276345291479821,0.39181614349775784,0.2985986547085202,648,1207,617,655
ent_14a30c2b8b41,大慧宗杲,BuddhistFigure,65,21,1,0,1,1,1,1,0.000286815404370145,0.0,1.0,1,169,2,0.0,1,1,propagation_organization,0.0,1.5384615384615385,0.16227578475336324,0.3276345291479821,0.39181614349775784,0.2985986547085202,648,1207,617,655
ent_e847dcb23d67,大醒,BuddhistFigure,331,128,1,0,1,1,1,1,0.000286815404370145,0.0,1.0,1,170,2,0.0,1,1,propagation_organization,0.0,0.3021148036253776,0.16227578475336324,0.3276345291479821,0.39181614349775784,0.2985986547085202,648,1207,617,655
ent_bb7d613b961d,大馬佛光青年團,Group,2,2,1,0,1,1,1,1,0.000286815404370145,0.0,1.5,1,57,3,0.0,1,1,propagation_organization,0.0,50.0,0.16227578475336324,0.3276345291479821,0.39181614349775784,0.2985986547085202,648,1207,617,655
ent_4b8609bb2b48,天童寺,Institution,116,80,1,0,1,1,1,1,0.000286815404370145,0.0,295.74444444444214,1,5,111,0.0,1,1,propagation_organization,0.0,0.8620689655172413,0.16227578475336324,0.3276345291479821,0.39181614349775784,0.2985986547085202,648,1207,617,655
ent_1b248b4246f0,妙僧,BuddhistFigure,21,13,1,0,1,1,1,1,0.000286815404370145,0.0,284.82698412698153,1,1,235,0.0,1,1,propagation_organization,0.0,4.761904761904762,0.16227578475336324,0.3276345291479821,0.39181614349775784,0.2985986547085202,648,1207,617,655
ent_54807b943f65,妙士,BuddhistFigure,151,102,1,0,1,1,1,1,0.000286815404370145,0.0,1.0,1,174,2,0.0,1,1,propagation_organization,0.0,0.6622516556291391,0.16227578475336324,0.3276345291479821,0.39181614349775784,0.2985986547085202,648,1207,617,655
ent_8b7f1553b1dc,妙熙,BuddhistFigure,39,20,1,0,1,1,1,1,0.000286815404370145,0.0,297.11150793650586,1,1,235,0.0,1,1,propagation_organization,0.0,2.5641025641025643,0.16227578475336324,0.3276345291479821,0.39181614349775784,0.2985986547085202,648,1207,617,655
ent_95eec38c793d,孫中山,Person,316,247,1,0,1,1,1,1,0.000286815404370145,0.0,1.0,1,137,2,0.0,1,1,propagation_organization,0.0,0.31645569620253167,0.16227578475336324,0.3276345291479821,0.39181614349775784,0.2985986547085202,648,1207,617,655
ent_f30880fdf21a,孫權,Person,69,30,1,0,1,1,1,1,0.000286815404370145,0.0,1.0,1,89,2,0.0,1,1,propagation_organization,0.0,1.4492753623188406,0.16227578475336324,0.3276345291479821,0.39181614349775784,0.2985986547085202,648,1207,617,655
ent_e8619ff254fe,宗仰禪師,BuddhistFigure,11,4,1,0,1,1,1,1,0.000286815404370145,0.0,1.0,1,176,2,0.0,1,1,propagation_organization,0.0,9.090909090909092,0.16227578475336324,0.3276345291479821,0.39181614349775784,0.2985986547085202,648,1207,617,655
ent_f467fcb0eb06,宗密,BuddhistFigure,202,75,1,0,1,1,1,1,0.000286815404370145,0.0,1.0,1,93,2,0.0,1,1,propagation_organization,0.0,0.49504950495049505,0.16227578475336324,0.3276345291479821,0.39181614349775784,0.2985986547085202,648,1207,617,655
ent_0a3f3f438622,宗本,BuddhistFigure,25,10,1,0,1,1,1,1,0.000286815404370145,0.0,1.5,1,59,3,0.0,1,1,propagation_organization,0.0,4.0,0.16227578475336324,0.3276345291479821,0.39181614349775784,0.2985986547085202,648,1207,617,655
ent_ada580b03e54,寶誌,BuddhistFigure,32,16,1,0,1,1,1,1,0.000286815404370145,0.0,246.5488816738776,1,14,15,0.0,1,1,propagation_organization,0.0,3.125,0.16227578475336324,0.3276345291479821,0.39181614349775784,0.2985986547085202,648,1207,617,655
ent_92f471adccb8,崇矩,BuddhistFigure,15,2,1,0,1,1,1,1,0.000286815404370145,0.0,250.67658730158337,1,3,153,0.0,1,1,classic_text,0.0,6.666666666666667,0.16227578475336324,0.3276345291479821,0.39181614349775784,0.2985986547085202,648,1207,617,655
ent_f5c7859e09e2,左右街僧錄司,Institution,2,2,1,0,1,1,1,1,0.000286815404370145,0.0,1.5,1,50,3,0.0,1,1,propagation_organization,0.0,50.0,0.16227578475336324,0.3276345291479821,0.39181614349775784,0.2985986547085202,648,1207,617,655
ent_f5c6124d22fd,常律法師,BuddhistFigure,5,5,1,0,1,1,1,1,0.000286815404370145,0.0,1.0,1,177,2,0.0,1,1,propagation_organization,0.0,20.0,0.16227578475336324,0.3276345291479821,0.39181614349775784,0.2985986547085202,648,1207,617,655
ent_6cb498bf4e5d,常覺,BuddhistFigure,2,2,1,0,1,1,1,1,0.000286815404370145,0.0,1.0,1,178,2,0.0,1,1,propagation_organization,0.0,50.0,0.16227578475336324,0.3276345291479821,0.39181614349775784,0.2985986547085202,648,1207,617,655
ent_cc869376e616,廣洽,BuddhistFigure,14,7,1,0,1,1,1,1,0.000286815404370145,0.0,1.0,1,179,2,0.0,1,1,propagation_organization,0.0,7.142857142857143,0.16227578475336324,0.3276345291479821,0.39181614349775784,0.2985986547085202,648,1207,617,655
ent_de79adf1bfa9,弘一,BuddhistFigure,509,230,1,0,1,1,1,1,0.000286815404370145,0.0,315.87698412698205,1,8,58,0.0,1,1,practice,0.0,0.19646365422396855,0.16227578475336324,0.3276345291479821,0.39181614349775784,0.2985986547085202,648,1207,617,655
ent_a80ca1e74f16,張姚宏影,Person,159,94,1,0,1,1,1,1,0.000286815404370145,0.0,1.0,1,182,2,0.0,1,1,propagation_organization,0.0,0.6289308176100629,0.16227578475336324,0.3276345291479821,0.39181614349775784,0.2985986547085202,648,1207,617,655
ent_2c3d7e0af556,張慈蓮,Person,30,23,1,0,1,1,1,1,0.000286815404370145,0.0,1.0,1,74,2,0.0,1,1,thought_doctrine,0.0,3.3333333333333335,0.16227578475336324,0.3276345291479821,0.39181614349775784,0.2985986547085202,648,1207,617,655
ent_91794616459b,張蓮覺,BuddhistFigure,18,14,1,0,1,1,1,1,0.000286815404370145,0.0,1.5,1,60,3,0.0,1,1,propagation_organization,0.0,5.555555555555555,0.16227578475336324,0.3276345291479821,0.39181614349775784,0.2985986547085202,648,1207,617,655
ent_16849daf5a67,德山宣鑑,BuddhistFigure,56,30,1,0,1,1,1,1,0.000286815404370145,0.0,1.0,1,183,2,0.0,1,1,propagation_organization,0.0,1.7857142857142858,0.16227578475336324,0.3276345291479821,0.39181614349775784,0.2985986547085202,648,1207,617,655
ent_7d2ec831f628,心固,BuddhistFigure,48,27,1,0,1,1,1,1,0.000286815404370145,0.0,1.0,1,184,2,0.0,1,1,propagation_organization,0.0,2.0833333333333335,0.16227578475336324,0.3276345291479821,0.39181614349775784,0.2985986547085202,648,1207,617,655
ent_22e57cbb95fc,心靈環保,Concept,95,58,1,0,1,1,1,1,0.000286815404370145,0.0,294.6115079365059,1,1,235,0.0,1,1,thought_doctrine,0.0,1.0526315789473684,0.16227578475336324,0.3276345291479821,0.39181614349775784,0.2985986547085202,648,1207,617,655
ent_0621237e8037,慈藏,BuddhistFigure,106,22,1,0,1,1,1,1,0.000286815404370145,0.0,316.21746031745846,1,3,153,0.0,1,1,practice,0.0,0.9433962264150944,0.16227578475336324,0.3276345291479821,0.39181614349775784,0.2985986547085202,648,1207,617,655
ent_3514511ada02,慧天法師,BuddhistFigure,4,3,1,0,1,1,1,1,0.000286815404370145,0.0,363.3519841269817,1,1,235,0.0,1,1,propagation_organization,0.0,25.0,0.16227578475336324,0.3276345291479821,0.39181614349775784,0.2985986547085202,648,1207,617,655
ent_ccb7d7222e36,慧嵬,BuddhistFigure,41,12,1,0,1,1,1,1,0.000286815404370145,0.0,264.84365079364716,1,2,153,0.0,1,1,practice,0.0,2.4390243902439024,0.16227578475336324,0.3276345291479821,0.39181614349775784,0.2985986547085202,648,1207,617,655
ent_eaaee3b96614,慧慈寺,Institution,104,61,1,0,1,1,1,1,0.000286815404370145,0.0,1.0,1,188,2,0.0,1,1,propagation_organization,0.0,0.9615384615384616,0.16227578475336324,0.3276345291479821,0.39181614349775784,0.2985986547085202,648,1207,617,655
ent_066ece875150,慧文禪師,BuddhistFigure,3,3,1,0,1,1,1,2,0.000286815404370145,0.0,1.0,1,187,2,0.0,1,1,propagation_organization,0.0,33.333333333333336,0.16227578475336324,0.3276345291479821,0.39181614349775784,0.2985986547085202,648,1207,617,655
ent_bcd2f257f284,慧瀚,BuddhistFigure,14,7,1,0,1,1,1,1,0.000286815404370145,0.0,285.74365079364827,1,4,150,0.0,1,1,propagation_organization,0.0,7.142857142857143,0.16227578475336324,0.3276345291479821,0.39181614349775784,0.2985986547085202,648,1207,617,655
ent_4e068bbdce15,振光法師,BuddhistFigure,6,3,1,0,1,1,1,1,0.000286815404370145,0.0,1.0,1,186,2,0.0,1,1,propagation_organization,0.0,16.666666666666668,0.16227578475336324,0.3276345291479821,0.39181614349775784,0.2985986547085202,648,1207,617,655
ent_96ed09cf666d,擇卿,BuddhistFigure,10,4,1,0,1,1,1,1,0.000286815404370145,0.0,1.0,1,189,2,0.0,1,1,propagation_organization,0.0,10.0,0.16227578475336324,0.3276345291479821,0.39181614349775784,0.2985986547085202,648,1207,617,655
ent_26bcd7c90003,日光寺,Institution,42,29,1,0,1,1,1,1,0.000286815404370145,0.0,1.0,1,161,2,0.0,1,1,propagation_organization,0.0,2.380952380952381,0.16227578475336324,0.3276345291479821,0.39181614349775784,0.2985986547085202,648,1207,617,655
ent_0449d6d7d09d,明詮,BuddhistFigure,13,2,1,0,1,1,1,1,0.000286815404370145,0.0,1.0,1,152,2,0.0,1,1,propagation_organization,0.0,7.6923076923076925,0.16227578475336324,0.3276345291479821,0.39181614349775784,0.2985986547085202,648,1207,617,655
ent_98e24fa51ad8,智順,BuddhistFigure,15,3,1,0,1,1,1,1,0.000286815404370145,0.0,1.0,1,106,2,0.0,1,1,propagation_organization,0.0,6.666666666666667,0.16227578475336324,0.3276345291479821,0.39181614349775784,0.2985986547085202,648,1207,617,655
ent_e4e2958aab91,會泉法師,BuddhistFigure,4,3,1,0,1,1,1,1,0.000286815404370145,0.0,251.22380952380524,1,1,235,0.0,1,1,propagation_organization,0.0,25.0,0.16227578475336324,0.3276345291479821,0.39181614349775784,0.2985986547085202,648,1207,617,655
ent_1d8be0124e8f,月霞大師,BuddhistFigure,5,5,1,0,1,1,1,2,0.000286815404370145,0.0,2.333333333333333,1,27,5,0.0,1,1,propagation_organization,0.0,20.0,0.16227578475336324,0.3276345291479821,0.39181614349775784,0.2985986547085202,648,1207,617,655
ent_a637555654d0,朱斐,BuddhistFigure,146,59,1,0,1,1,1,1,0.000286815404370145,0.0,1.0,1,193,2,0.0,1,1,propagation_organization,0.0,0.684931506849315,0.16227578475336324,0.3276345291479821,0.39181614349775784,0.2985986547085202,648,1207,617,655
ent_572473fb5047,朱鏡宙,BuddhistFigure,19,11,1,0,1,1,1,2,0.000286815404370145,0.0,1.0,1,162,2,0.0,1,1,propagation_organization,0.0,5.2631578947368425,0.16227578475336324,0.3276345291479821,0.39181614349775784,0.2985986547085202,648,1207,617,655
ent_17851e61517f,李煥,Person,23,10,1,0,1,1,1,1,0.000286815404370145,0.0,292.92301587301375,1,12,20,0.0,1,1,propagation_organization,0.0,4.3478260869565215,0.16227578475336324,0.3276345291479821,0.39181614349775784,0.2985986547085202,648,1207,617,655
ent_b03d195583c8,林野通奇,BuddhistFigure,10,2,1,0,1,1,1,1,0.000286815404370145,0.0,1.0,1,194,2,0.0,1,1,propagation_organization,0.0,10.0,0.16227578475336324,0.3276345291479821,0.39181614349775784,0.2985986547085202,648,1207,617,655
ent_0f31ab794095,柏林佛光山,Institution,65,26,1,0,1,1,1,1,0.000286815404370145,0.0,1.0,1,195,2,0.0,1,1,propagation_organization,0.0,1.5384615384615385,0.16227578475336324,0.3276345291479821,0.39181614349775784,0.2985986547085202,648,1207,617,655
ent_33660169e0da,格林出版社,Institution,2,2,1,0,1,1,1,1,0.000286815404370145,0.0,303.59126984126766,1,3,153,0.0,1,1,classic_text,0.0,50.0,0.16227578475336324,0.3276345291479821,0.39181614349775784,0.2985986547085202,648,1207,617,655
ent_af42c8598dd2,歐陽漸,Person,77,25,1,0,1,1,1,1,0.000286815404370145,0.0,148.49559884559955,1,20,8,0.0,1,1,propagation_organization,0.0,1.2987012987012987,0.16227578475336324,0.3276345291479821,0.39181614349775784,0.2985986547085202,648,1207,617,655
ent_76e029ae79bc,歐陽竟無,Person,72,58,1,0,1,2,2,2,0.000286815404370145,0.0,148.49559884559957,1,20,8,0.0,1,1,propagation_organization,0.0,2.7777777777777777,0.16227578475336324,0.3276345291479821,0.39181614349775784,0.2985986547085202,648,1207,617,655
ent_15b00b47d25e,永光,BuddhistFigure,169,102,1,0,1,1,1,1,0.000286815404370145,0.0,1.5,1,52,3,0.0,1,1,propagation_organization,0.0,0.591715976331361,0.16227578475336324,0.3276345291479821,0.39181614349775784,0.2985986547085202,648,1207,617,655
ent_15c6626f7294,永東,BuddhistFigure,10,9,1,0,1,1,1,1,0.000286815404370145,0.0,1.0,1,145,2,0.0,1,1,propagation_organization,0.0,10.0,0.16227578475336324,0.3276345291479821,0.39181614349775784,0.2985986547085202,648,1207,617,655
ent_a7783f33bff4,汾陽善昭,BuddhistFigure,68,19,1,0,1,1,1,1,0.000286815404370145,0.0,1.0,1,172,2,0.0,1,1,propagation_organization,0.0,1.4705882352941178,0.16227578475336324,0.3276345291479821,0.39181614349775784,0.2985986547085202,648,1207,617,655
ent_05a106d85863,沈家楨,Person,20,14,1,0,1,1,1,1,0.000286815404370145,0.0,229.93095238094855,1,7,59,0.0,1,1,propagation_organization,0.0,5.0,0.16227578475336324,0.3276345291479821,0.39181614349775784,0.2985986547085202,648,1207,617,655
ent_0bf8235e31fc,法然,BuddhistFigure,101,13,1,0,1,1,1,1,0.000286815404370145,0.0,1.0,1,192,2,0.0,1,1,propagation_organization,0.0,0.9900990099009901,0.16227578475336324,0.3276345291479821,0.39181614349775784,0.2985986547085202,648,1207,617,655
ent_2de112de4312,法華禪寺,Institution,81,43,1,0,1,1,1,1,0.000286815404370145,0.0,1.0,1,197,2,0.0,1,1,propagation_organization,0.0,1.2345679012345678,0.16227578475336324,0.3276345291479821,0.39181614349775784,0.2985986547085202,648,1207,617,655
ent_73cb925e3043,泰華寺,Institution,51,29,1,0,1,1,1,1,0.000286815404370145,0.0,1.0,1,198,2,0.0,1,1,propagation_organization,0.0,1.9607843137254901,0.16227578475336324,0.3276345291479821,0.39181614349775784,0.2985986547085202,648,1207,617,655
ent_1d3dcb27dd8a,淡江大學,Institution,34,33,1,0,1,1,1,1,0.000286815404370145,0.0,277.64841269840986,1,4,150,0.0,1,1,propagation_organization,0.0,2.9411764705882355,0.16227578475336324,0.3276345291479821,0.39181614349775784,0.2985986547085202,648,1207,617,655
ent_8473a358b3ec,滿可,BuddhistFigure,83,55,1,0,1,1,1,1,0.000286815404370145,0.0,268.95912698412326,1,4,150,0.0,1,1,propagation_organization,0.0,1.2048192771084338,0.16227578475336324,0.3276345291479821,0.39181614349775784,0.2985986547085202,648,1207,617,655
ent_3e2cd18ac462,滿華,BuddhistFigure,56,30,1,0,1,1,1,1,0.000286815404370145,0.0,1.0,1,126,2,0.0,1,1,propagation_organization,0.0,1.7857142857142858,0.16227578475336324,0.3276345291479821,0.39181614349775784,0.2985986547085202,648,1207,617,655
ent_c2ce8290a891,漢明帝,Person,133,83,1,0,1,1,1,1,0.000286815404370145,0.0,320.74246031745855,1,5,111,0.0,1,1,propagation_organization,0.0,0.7518796992481203,0.16227578475336324,0.3276345291479821,0.39181614349775784,0.2985986547085202,648,1207,617,655
ent_a9576c44a0a1,無上法師,BuddhistFigure,40,21,1,0,1,1,1,1,0.000286815404370145,0.0,1.0,1,101,2,0.0,1,1,propagation_organization,0.0,2.5,0.16227578475336324,0.3276345291479821,0.39181614349775784,0.2985986547085202,648,1207,617,655
ent_b59c0c9f040e,玄奘寺,Institution,23,16,1,0,1,1,1,1,0.000286815404370145,0.0,1.0,1,190,2,0.0,1,1,propagation_organization,0.0,4.3478260869565215,0.16227578475336324,0.3276345291479821,0.39181614349775784,0.2985986547085202,648,1207,617,655
ent_f69a08b8c62c,白聖,BuddhistFigure,24,14,1,0,1,1,1,1,0.000286815404370145,0.0,1.5,1,54,3,0.0,1,1,propagation_organization,0.0,4.166666666666667,0.16227578475336324,0.3276345291479821,0.39181614349775784,0.2985986547085202,648,1207,617,655
ent_9d216472f99d,百丈懷海禪師,BuddhistFigure,7,6,1,0,1,1,1,1,0.000286815404370145,0.0,316.21746031745846,1,3,153,0.0,1,1,propagation_organization,0.0,14.285714285714286,0.16227578475336324,0.3276345291479821,0.39181614349775784,0.2985986547085202,648,1207,617,655
ent_b5f7bfdde13d,真覺宗,SchoolTradition,10,7,1,0,1,1,1,1,0.000286815404370145,0.0,1.0,1,175,2,0.0,1,1,propagation_organization,0.0,10.0,0.16227578475336324,0.3276345291479821,0.39181614349775784,0.2985986547085202,648,1207,617,655
ent_2a59db948de0,石屋清珙,BuddhistFigure,27,8,1,0,1,1,1,1,0.000286815404370145,0.0,312.11547619047434,1,2,153,0.0,1,1,propagation_organization,0.0,3.7037037037037037,0.16227578475336324,0.3276345291479821,0.39181614349775784,0.2985986547085202,648,1207,617,655
ent_bdd4265cbe96,福國寺,Institution,112,62,1,0,1,1,1,1,0.000286815404370145,0.0,258.10595238094845,1,33,4,0.0,1,1,propagation_organization,0.0,0.8928571428571429,0.16227578475336324,0.3276345291479821,0.39181614349775784,0.2985986547085202,648,1207,617,655
ent_f6280a743055,第十二屆世界佛教徒友誼會,PracticeActivity,4,4,1,0,1,1,1,1,0.000286815404370145,0.0,287.81150793650534,1,1,235,0.0,1,1,propagation_organization,0.0,25.0,0.16227578475336324,0.3276345291479821,0.39181614349775784,0.2985986547085202,648,1207,617,655
ent_87c0c1db2921,紫柏真可,BuddhistFigure,22,16,1,0,1,1,1,1,0.000286815404370145,0.0,1.0,1,203,2,0.0,1,1,propagation_organization,0.0,4.545454545454546,0.16227578475336324,0.3276345291479821,0.39181614349775784,0.2985986547085202,648,1207,617,655
ent_5ac6db7d225c,翁詩傑,Person,40,19,1,0,1,1,1,1,0.000286815404370145,0.0,319.81984126983957,1,10,42,0.0,1,1,propagation_organization,0.0,2.5,0.16227578475336324,0.3276345291479821,0.39181614349775784,0.2985986547085202,648,1207,617,655
ent_d1c44cbe8ede,翠巖可真禪師,BuddhistFigure,9,3,1,0,1,1,1,1,0.000286815404370145,0.0,1.0,1,201,2,0.0,1,1,propagation_organization,0.0,11.11111111111111,0.16227578475336324,0.3276345291479821,0.39181614349775784,0.2985986547085202,648,1207,617,655
ent_78bce9b2528a,耶穌,Person,903,428,1,0,1,1,1,1,0.000286815404370145,0.0,1.0,1,158,2,0.0,1,1,propagation_organization,0.0,0.11074197120708748,0.16227578475336324,0.3276345291479821,0.39181614349775784,0.2985986547085202,648,1207,617,655
ent_e1733f0c44a4,胡迪化,Person,3,3,1,0,1,1,1,1,0.000286815404370145,0.0,1.0,1,206,2,0.0,1,1,propagation_organization,0.0,33.333333333333336,0.16227578475336324,0.3276345291479821,0.39181614349775784,0.2985986547085202,648,1207,617,655
ent_bdf0d2daad80,自覺行佛,DoctrineTerm,58,30,1,0,1,1,1,1,0.000286815404370145,0.0,263.8630952380917,1,3,153,0.0,1,1,thought_doctrine,0.0,1.7241379310344827,0.16227578475336324,0.3276345291479821,0.39181614349775784,0.2985986547085202,648,1207,617,655
ent_85b0a707fcd6,若舜,BuddhistFigure,28,18,1,0,1,1,1,1,0.000286815404370145,0.0,1.0,1,207,2,0.0,1,1,propagation_organization,0.0,3.5714285714285716,0.16227578475336324,0.3276345291479821,0.39181614349775784,0.2985986547085202,648,1207,617,655
ent_58aa0a0872b6,范淑智,Person,21,13,1,0,1,1,1,1,0.000286815404370145,0.0,325.2793650793633,1,1,235,0.0,1,1,propagation_organization,0.0,4.761904761904762,0.16227578475336324,0.3276345291479821,0.39181614349775784,0.2985986547085202,648,1207,617,655
ent_917a1924737e,荷華寺,Institution,84,44,1,0,1,1,1,1,0.000286815404370145,0.0,1.0,1,208,2,0.0,1,1,propagation_organization,0.0,1.1904761904761905,0.16227578475336324,0.3276345291479821,0.39181614349775784,0.2985986547085202,648,1207,617,655
ent_f0212579f192,蓮池袾宏,BuddhistFigure,2,2,1,0,1,1,1,1,0.000286815404370145,0.0,189.93578643578456,1,14,15,0.0,1,1,propagation_organization,0.0,50.0,0.16227578475336324,0.3276345291479821,0.39181614349775784,0.2985986547085202,648,1207,617,655
ent_f1bca6797ad9,蘇東坡,Person,877,337,1,0,1,1,1,1,0.000286815404370145,0.0,1.0,1,111,2,0.0,1,1,propagation_organization,0.0,0.11402508551881414,0.16227578475336324,0.3276345291479821,0.39181614349775784,0.2985986547085202,648,1207,617,655
ent_fd7030665e61,行基,BuddhistFigure,9,2,1,0,1,1,1,1,0.000286815404370145,0.0,316.21746031745846,1,3,153,0.0,1,1,practice,0.0,11.11111111111111,0.16227578475336324,0.3276345291479821,0.39181614349775784,0.2985986547085202,648,1207,617,655
ent_218b5418c0f8,行政院文建會,Institution,7,6,1,0,1,1,1,1,0.000286815404370145,0.0,1.0,1,209,2,0.0,1,1,propagation_organization,0.0,14.285714285714286,0.16227578475336324,0.3276345291479821,0.39181614349775784,0.2985986547085202,648,1207,617,655
ent_721becb284ae,袾宏,BuddhistFigure,100,41,1,0,1,1,1,1,0.000286815404370145,0.0,1.0,1,210,2,0.0,1,1,propagation_organization,0.0,1.0,0.16227578475336324,0.3276345291479821,0.39181614349775784,0.2985986547085202,648,1207,617,655
ent_cfc1d523af18,西本願寺,Institution,54,20,1,0,1,1,1,1,0.000286815404370145,0.0,1.0,1,212,2,0.0,1,1,propagation_organization,0.0,1.8518518518518519,0.16227578475336324,0.3276345291479821,0.39181614349775784,0.2985986547085202,648,1207,617,655
ent_8284a6d2e26d,覺三,BuddhistFigure,12,10,1,0,1,1,1,1,0.000286815404370145,0.0,1.0,1,213,2,0.0,1,1,propagation_organization,0.0,8.333333333333334,0.16227578475336324,0.3276345291479821,0.39181614349775784,0.2985986547085202,648,1207,617,655
ent_cf8b17a5b479,覺培,BuddhistFigure,258,163,1,0,1,1,1,1,0.000286815404370145,0.0,1.0,1,138,2,0.0,1,1,propagation_organization,0.0,0.3875968992248062,0.16227578475336324,0.3276345291479821,0.39181614349775784,0.2985986547085202,648,1207,617,655
ent_398c4bf9e94c,覺居,BuddhistFigure,52,30,1,0,1,1,1,1,0.000286815404370145,0.0,1.0,1,185,2,0.0,1,1,propagation_organization,0.0,1.9230769230769231,0.16227578475336324,0.3276345291479821,0.39181614349775784,0.2985986547085202,648,1207,617,655
ent_e505164c7d9f,覺誠,BuddhistFigure,216,125,1,0,1,1,1,1,0.000286815404370145,0.0,1.0,1,214,2,0.0,1,1,propagation_organization,0.0,0.46296296296296297,0.16227578475336324,0.3276345291479821,0.39181614349775784,0.2985986547085202,648,1207,617,655
ent_32b501b7d316,證蓮法師,BuddhistFigure,6,5,1,0,1,1,1,1,0.000286815404370145,0.0,216.32857142856804,1,5,111,0.0,1,1,propagation_organization,0.0,16.666666666666668,0.16227578475336324,0.3276345291479821,0.39181614349775784,0.2985986547085202,648,1207,617,655
ent_559ebb90f87d,賴維正,Person,86,59,1,0,1,1,1,1,0.000286815404370145,0.0,1.0,1,130,2,0.0,1,1,propagation_organization,0.0,1.1627906976744187,0.16227578475336324,0.3276345291479821,0.39181614349775784,0.2985986547085202,648,1207,617,655
ent_ec17a2decfc4,趙州從諗,BuddhistFigure,614,230,1,0,1,1,1,1,0.000286815404370145,0.0,316.21746031745846,1,3,153,0.0,1,1,thought_doctrine,0.0,0.16286644951140064,0.16227578475336324,0.3276345291479821,0.39181614349775784,0.2985986547085202,648,1207,617,655
ent_6c99489c5da4,趙廷箴,Person,20,7,1,0,1,1,1,1,0.000286815404370145,0.0,310.16309523809326,1,5,111,0.0,1,1,practice,0.0,5.0,0.16227578475336324,0.3276345291479821,0.39181614349775784,0.2985986547085202,648,1207,617,655
ent_7f1ac1d7bf26,通琇禪師,BuddhistFigure,7,5,1,0,1,1,1,1,0.000286815404370145,0.0,1.0,1,215,2,0.0,1,1,propagation_organization,0.0,14.285714285714286,0.16227578475336324,0.3276345291479821,0.39181614349775784,0.2985986547085202,648,1207,617,655
ent_19ede6563e4f,道積法師,BuddhistFigure,4,3,1,0,1,1,1,1,0.000286815404370145,0.0,1.0,1,200,2,0.0,1,1,propagation_organization,0.0,25.0,0.16227578475336324,0.3276345291479821,0.39181614349775784,0.2985986547085202,648,1207,617,655
ent_c784a80148a3,金光明寺,Institution,177,121,1,0,1,1,1,1,0.000286815404370145,0.0,304.09007936507743,1,5,111,0.0,1,1,practice,0.0,0.5649717514124294,0.16227578475336324,0.3276345291479821,0.39181614349775784,0.2985986547085202,648,1207,617,655
ent_df549f555441,錢元瓘,Person,2,2,1,0,1,1,1,1,0.000286815404370145,0.0,1.0,1,217,2,0.0,1,1,propagation_organization,0.0,50.0,0.16227578475336324,0.3276345291479821,0.39181614349775784,0.2985986547085202,648,1207,617,655
ent_24a72169fd33,鏡虛,BuddhistFigure,27,10,1,0,1,1,1,1,0.000286815404370145,0.0,1.0,1,218,2,0.0,1,1,propagation_organization,0.0,3.7037037037037037,0.16227578475336324,0.3276345291479821,0.39181614349775784,0.2985986547085202,648,1207,617,655
ent_54e432310b67,阿育王,Person,798,273,1,0,1,1,1,1,0.000286815404370145,0.0,373.5357142857113,1,1,235,0.0,1,1,practice,0.0,0.12531328320802004,0.16227578475336324,0.3276345291479821,0.39181614349775784,0.2985986547085202,648,1207,617,655
ent_d72cfe500e6d,陳瑞萊,Person,2,2,1,0,1,1,1,1,0.000286815404370145,0.0,1.0,1,219,2,0.0,1,1,propagation_organization,0.0,50.0,0.16227578475336324,0.3276345291479821,0.39181614349775784,0.2985986547085202,648,1207,617,655
ent_d8d05243d07e,陳秀平,Person,43,21,1,0,1,1,1,1,0.000286815404370145,0.0,1.0,1,191,2,0.0,1,1,propagation_organization,0.0,2.3255813953488373,0.16227578475336324,0.3276345291479821,0.39181614349775784,0.2985986547085202,648,1207,617,655
ent_f131081d5725,隱元隆琦,BuddhistFigure,18,8,1,0,1,1,1,1,0.000286815404370145,0.0,1.8333333333333333,1,31,4,0.0,1,1,propagation_organization,0.0,5.555555555555555,0.16227578475336324,0.3276345291479821,0.39181614349775784,0.2985986547085202,648,1207,617,655
ent_6ba4a7a4fbf0,雪峰義存,BuddhistFigure,157,57,1,0,1,1,1,1,0.000286815404370145,0.0,1.0,1,110,2,0.0,1,1,practice,0.0,0.6369426751592356,0.16227578475336324,0.3276345291479821,0.39181614349775784,0.2985986547085202,648,1207,617,655
ent_21df7e3a390a,雲門文偃,BuddhistFigure,137,46,1,0,1,1,1,1,0.000286815404370145,0.0,1.0,1,153,2,0.0,1,1,propagation_organization,0.0,0.7299270072992701,0.16227578475336324,0.3276345291479821,0.39181614349775784,0.2985986547085202,648,1207,617,655
ent_cf9718b58e0a,靄亭法師,BuddhistFigure,5,4,1,0,1,1,1,1,0.000286815404370145,0.0,1.5,1,60,3,0.0,1,1,propagation_organization,0.0,20.0,0.16227578475336324,0.3276345291479821,0.39181614349775784,0.2985986547085202,648,1207,617,655
ent_c8dba005c30f,靈源法師,BuddhistFigure,4,4,1,0,1,1,1,1,0.000286815404370145,0.0,1.0,1,159,2,0.0,1,1,propagation_organization,0.0,25.0,0.16227578475336324,0.3276345291479821,0.39181614349775784,0.2985986547085202,648,1207,617,655
ent_8f574a397885,香港佛光協會,Institution,62,34,1,0,1,1,1,1,0.000286815404370145,0.0,332.57817460317256,1,1,235,0.0,1,1,propagation_organization,0.0,1.6129032258064515,0.16227578475336324,0.3276345291479821,0.39181614349775784,0.2985986547085202,648,1207,617,655
ent_46711d0892cb,香港佛光道場,Institution,65,41,1,0,1,1,1,1,0.000286815404370145,0.0,230.41634199133853,1,4,150,0.0,1,1,propagation_organization,0.0,1.5384615384615385,0.16227578475336324,0.3276345291479821,0.39181614349775784,0.2985986547085202,648,1207,617,655
ent_98cd38181289,高楠順次郎,Person,57,12,1,0,1,1,1,1,0.000286815404370145,0.0,1.0,1,87,2,0.0,1,1,propagation_organization,0.0,1.7543859649122806,0.16227578475336324,0.3276345291479821,0.39181614349775784,0.2985986547085202,648,1207,617,655
ent_84b0fbda4ab7,高雄壽山寺,Institution,131,112,1,0,1,1,1,1,0.000286815404370145,0.0,285.34365079364824,1,26,5,0.0,1,1,propagation_organization,0.0,0.7633587786259542,0.16227578475336324,0.3276345291479821,0.39181614349775784,0.2985986547085202,648,1207,617,655
ent_915626bb98ac,高雄普賢寺,Institution,71,68,1,0,1,1,1,1,0.000286815404370145,0.0,276.08174603174314,1,4,150,0.0,1,1,propagation_organization,0.0,1.408450704225352,0.16227578475336324,0.3276345291479821,0.39181614349775784,0.2985986547085202,648,1207,617,655
ent_583e8970785e,黃庭堅,Person,97,50,1,0,1,1,1,1,0.000286815404370145,0.0,1.5,1,62,3,0.0,1,1,practice,0.0,1.0309278350515463,0.16227578475336324,0.3276345291479821,0.39181614349775784,0.2985986547085202,648,1207,617,655
ent_020badbdde18,黃檗希運,BuddhistFigure,330,116,1,0,1,1,1,1,0.000286815404370145,0.0,320.74246031745855,1,5,111,0.0,1,1,propagation_organization,0.0,0.30303030303030304,0.16227578475336324,0.3276345291479821,0.39181614349775784,0.2985986547085202,648,1207,617,655
ent_ee46b321c996,佛教正信,Concept,79,32,1,0,1,1,1,1,0.000286815404370145,0.0,287.0234126984103,1,43,4,0.0,1,1,thought_doctrine,0.0,1.2658227848101267,0.16227578475336324,0.3276345291479821,0.39181614349775784,0.2985986547085202,648,1207,617,655
ent_5429552cf2cb,佛性平等,DoctrineTerm,96,59,1,0,1,1,2,2,0.000286815404370145,0.0,1.0,1,220,2,0.0,1,1,thought_doctrine,0.0,1.0416666666666667,0.16227578475336324,0.3276345291479821,0.39181614349775784,0.2985986547085202,648,1207,617,655
ent_61b9fa59845c,佛法教育,Concept,37,35,1,0,1,1,1,1,0.000286815404370145,0.0,287.0234126984103,1,43,4,0.0,1,1,thought_doctrine,0.0,2.7027027027027026,0.16227578475336324,0.3276345291479821,0.39181614349775784,0.2985986547085202,648,1207,617,655
ent_e3a729bda8e9,慧懃禪師,BuddhistFigure,38,16,1,0,1,1,1,1,0.000286815404370145,0.0,1.0,1,222,2,0.0,1,1,propagation_organization,0.0,2.6315789473684212,0.16227578475336324,0.3276345291479821,0.39181614349775784,0.2985986547085202,648,1207,617,655
ent_7e96c145b8f2,慧淨,Person,32,30,1,0,1,1,1,1,0.000286815404370145,0.0,277.73650793650506,1,4,150,0.0,1,1,practice,0.0,3.125,0.16227578475336324,0.3276345291479821,0.39181614349775784,0.2985986547085202,648,1207,617,655
ent_ffd6587d1dc8,佛教禮儀,Concept,12,9,1,0,1,1,1,1,0.000286815404370145,0.0,1.0,1,104,2,0.0,1,1,thought_doctrine,0.0,8.333333333333334,0.16227578475336324,0.3276345291479821,0.39181614349775784,0.2985986547085202,648,1207,617,655
ent_3c89496baf8d,茂林和尚,BuddhistFigure,0,0,1,0,1,1,1,1,0.000286815404370145,0.0,1.0,1,224,2,0.0,1,1,propagation_organization,0.0,,0.16227578475336324,0.3276345291479821,0.39181614349775784,0.2985986547085202,648,1207,617,655
ent_0f1fc53dbba0,大佛寺,Institution,66,42,1,0,1,1,1,1,0.000286815404370145,0.0,1.0,1,225,2,0.0,1,1,propagation_organization,0.0,1.5151515151515151,0.16227578475336324,0.3276345291479821,0.39181614349775784,0.2985986547085202,648,1207,617,655
ent_5420a4b05a78,慧施,BuddhistFigure,17,13,1,0,1,1,1,1,0.000286815404370145,0.0,300.96269841269634,1,2,153,0.0,1,1,practice,0.0,5.882352941176471,0.16227578475336324,0.3276345291479821,0.39181614349775784,0.2985986547085202,648,1207,617,655
ent_dd95a38794b3,花東地區各佛光分會,Group,0,0,1,0,1,1,1,1,0.000286815404370145,0.0,283.5123015872991,1,4,150,0.0,1,1,propagation_organization,0.0,,0.16227578475336324,0.3276345291479821,0.39181614349775784,0.2985986547085202,648,1207,617,655
ent_e2c8bed67cc8,匡道慧潭禪師,BuddhistFigure,1,1,1,0,1,1,1,1,0.000286815404370145,0.0,1.0,1,230,2,0.0,1,1,propagation_organization,0.0,100.0,0.16227578475336324,0.3276345291479821,0.39181614349775784,0.2985986547085202,648,1207,617,655
ent_2582bd52b17e,佛香精舍,Institution,92,55,1,0,1,1,1,1,0.000286815404370145,0.0,373.5357142857113,1,1,235,0.0,1,1,propagation_organization,0.0,1.0869565217391304,0.16227578475336324,0.3276345291479821,0.39181614349775784,0.2985986547085202,648,1207,617,655
ent_e8821b31154a,契嵩,BuddhistFigure,71,33,1,0,1,1,1,1,0.000286815404370145,0.0,1.0,1,234,2,0.0,1,1,propagation_organization,0.0,1.408450704225352,0.16227578475336324,0.3276345291479821,0.39181614349775784,0.2985986547085202,648,1207,617,655
ent_91b69ba91b99,月光寺,Institution,24,17,1,0,1,1,1,1,0.000286815404370145,0.0,196.5374458874437,1,18,9,0.0,1,1,propagation_organization,0.0,4.166666666666667,0.16227578475336324,0.3276345291479821,0.39181614349775784,0.2985986547085202,648,1207,617,655
ent_41168e72cf01,大陽和尚,BuddhistFigure,8,1,1,0,1,1,1,1,0.000286815404370145,0.0,223.57943722943372,1,14,15,0.0,1,1,propagation_organization,0.0,12.5,0.16227578475336324,0.3276345291479821,0.39181614349775784,0.2985986547085202,648,1207,617,655
ent_f201a2abcf65,智賢禪師,BuddhistFigure,0,0,1,0,1,1,1,1,0.000286815404370145,0.0,1.0,1,237,2,0.0,1,1,propagation_organization,0.0,,0.16227578475336324,0.3276345291479821,0.39181614349775784,0.2985986547085202,648,1207,617,655
ent_16cc50236852,中華佛光協會鳥松分會,Institution,1,1,1,0,1,1,1,1,0.000286815404370145,0.0,283.5123015872991,1,4,150,0.0,1,1,propagation_organization,0.0,100.0,0.16227578475336324,0.3276345291479821,0.39181614349775784,0.2985986547085202,648,1207,617,655
ent_5b8f1af4387c,義懷禪師,BuddhistFigure,0,0,1,0,1,1,1,1,0.000286815404370145,0.0,1.0,1,240,2,0.0,1,1,propagation_organization,0.0,,0.16227578475336324,0.3276345291479821,0.39181614349775784,0.2985986547085202,648,1207,617,655
ent_9d9256339f4e,北條時賴,Person,4,1,1,0,1,1,1,1,0.000286815404370145,0.0,1.0,1,181,2,0.0,1,1,propagation_organization,0.0,25.0,0.16227578475336324,0.3276345291479821,0.39181614349775784,0.2985986547085202,648,1207,617,655
ent_d317550b21df,南非南華寺,Institution,0,0,1,0,1,1,1,1,0.000286815404370145,0.0,241.56316738816366,1,4,150,0.0,1,1,propagation_organization,0.0,,0.16227578475336324,0.3276345291479821,0.39181614349775784,0.2985986547085202,648,1207,617,655
ent_a01886b79882,慈覺大師,BuddhistFigure,0,0,1,0,1,1,1,1,0.000286815404370145,0.0,180.93697691197565,1,8,58,0.0,1,1,practice,0.0,,0.16227578475336324,0.3276345291479821,0.39181614349775784,0.2985986547085202,648,1207,617,655
ent_00bbd22322a5,中華佛光協會岡山分會,Institution,1,1,1,0,1,1,1,1,0.000286815404370145,0.0,283.51230158729913,1,4,150,0.0,1,1,propagation_organization,0.0,100.0,0.16227578475336324,0.3276345291479821,0.39181614349775784,0.2985986547085202,648,1207,617,655
ent_7da911bb57b1,大華嚴寺,Institution,14,8,1,0,1,1,1,1,0.000286815404370145,0.0,1.0,1,231,2,0.0,1,1,propagation_organization,0.0,7.142857142857143,0.16227578475336324,0.3276345291479821,0.39181614349775784,0.2985986547085202,648,1207,617,655
ent_44b6b6a31c36,佛光會樹林分會,Institution,1,1,1,0,1,1,1,1,0.000286815404370145,0.0,283.5123015872991,1,4,150,0.0,1,1,propagation_organization,0.0,100.0,0.16227578475336324,0.3276345291479821,0.39181614349775784,0.2985986547085202,648,1207,617,655
ent_74c9507031f4,人间音缘,PracticeActivity,0,0,1,0,1,1,1,1,0.000286815404370145,0.0,268.95912698412326,1,4,150,0.0,1,1,propagation_organization,0.0,,0.16227578475336324,0.3276345291479821,0.39181614349775784,0.2985986547085202,648,1207,617,655
ent_de44e91e1f81,德國柏林佛光山,Institution,0,0,1,0,1,1,1,1,0.000286815404370145,0.0,1.0,1,226,2,0.0,1,1,propagation_organization,0.0,,0.16227578475336324,0.3276345291479821,0.39181614349775784,0.2985986547085202,648,1207,617,655
ent_fe610389b4ce,佛光三昧修持法,PracticeActivity,0,0,1,0,1,1,1,1,0.000286815404370145,0.0,282.6567460317437,1,1,235,0.0,1,1,practice,0.0,,0.16227578475336324,0.3276345291479821,0.39181614349775784,0.2985986547085202,648,1207,617,655
ent_6d625f24f239,證光法師,BuddhistFigure,1,1,1,0,1,1,1,1,0.000286815404370145,0.0,1.0,1,180,2,0.0,1,1,propagation_organization,0.0,100.0,0.16227578475336324,0.3276345291479821,0.39181614349775784,0.2985986547085202,648,1207,617,655
ent_c2d7fe689d7c,宋太宗,Person,0,0,1,0,1,1,1,1,0.000286815404370145,0.0,229.93095238094858,1,7,59,0.0,1,1,propagation_organization,0.0,,0.16227578475336324,0.3276345291479821,0.39181614349775784,0.2985986547085202,648,1207,617,655
ent_ccffda86b408,中华佛光协会新营分会,Institution,0,0,1,0,1,1,1,1,0.000286815404370145,0.0,1.5,1,65,3,0.0,1,1,propagation_organization,0.0,,0.16227578475336324,0.3276345291479821,0.39181614349775784,0.2985986547085202,648,1207,617,655
ent_5908581d64e2,法忠法師,BuddhistFigure,1,1,1,0,1,1,1,1,0.000286815404370145,0.0,1.0,1,242,2,0.0,1,1,propagation_organization,0.0,100.0,0.16227578475336324,0.3276345291479821,0.39181614349775784,0.2985986547085202,648,1207,617,655
ent_2cac370d08ca,大仙寺,Institution,1,1,1,0,1,1,1,1,0.000286815404370145,0.0,258.10595238094845,1,33,4,0.0,1,1,propagation_organization,0.0,100.0,0.16227578475336324,0.3276345291479821,0.39181614349775784,0.2985986547085202,648,1207,617,655
ent_85cbf0f0aa08,蘇州崑劇院,Institution,1,1,1,0,1,1,1,1,0.000286815404370145,0.0,1.0,1,216,2,0.0,1,1,propagation_organization,0.0,100.0,0.16227578475336324,0.3276345291479821,0.39181614349775784,0.2985986547085202,648,1207,617,655
ent_3f66aecf07f4,稱念佛光四句偈,PracticeActivity,0,0,1,0,1,1,1,1,0.000286815404370145,0.0,348.11666666666457,1,1,235,0.0,1,1,practice,0.0,,0.16227578475336324,0.3276345291479821,0.39181614349775784,0.2985986547085202,648,1207,617,655
ent_afac8238116b,龍智,BuddhistFigure,33,9,1,0,1,1,1,1,0.000286815404370145,0.0,242.24642857142467,1,1,235,0.0,1,1,practice,0.0,3.0303030303030303,0.16227578475336324,0.3276345291479821,0.39181614349775784,0.2985986547085202,648,1207,617,655
ent_082bbec035a3,百丈禪師,BuddhistFigure,0,0,1,0,1,1,1,2,0.000286815404370145,0.0,250.6619047619006,1,6,77,0.0,1,1,practice,0.0,,0.16227578475336324,0.3276345291479821,0.39181614349775784,0.2985986547085202,648,1207,617,655
ent_6cc22d86d1a4,阿努達法師,BuddhistFigure,3,1,1,0,1,1,1,1,0.000286815404370145,0.0,1.0,1,236,2,0.0,1,1,propagation_organization,0.0,33.333333333333336,0.16227578475336324,0.3276345291479821,0.39181614349775784,0.2985986547085202,648,1207,617,655
ent_0f66abe67155,水庵師一禪師,BuddhistFigure,0,0,1,0,1,1,1,1,0.000286815404370145,0.0,1.0,1,235,2,0.0,1,1,propagation_organization,0.0,,0.16227578475336324,0.3276345291479821,0.39181614349775784,0.2985986547085202,648,1207,617,655
ent_17fe60a824bd,普明,Person,50,29,1,0,1,1,1,1,0.000286815404370145,0.0,172.9665223665214,1,8,58,0.0,1,1,propagation_organization,0.0,2.0,0.16227578475336324,0.3276345291479821,0.39181614349775784,0.2985986547085202,648,1207,617,655
ent_768d139e349a,北港禪淨中心,Institution,0,0,1,0,1,1,1,2,0.000286815404370145,0.0,275.4984126984098,1,4,150,0.0,1,1,propagation_organization,0.0,,0.16227578475336324,0.3276345291479821,0.39181614349775784,0.2985986547085202,648,1207,617,655
ent_de4ad2386580,孝慈,BuddhistFigure,0,0,1,0,1,1,1,1,0.000286815404370145,0.0,1.0,1,246,2,0.0,1,1,practice,0.0,,0.16227578475336324,0.3276345291479821,0.39181614349775784,0.2985986547085202,648,1207,617,655
ent_0edcd0239cad,海天佛剎,Institution,0,0,1,0,1,1,1,1,0.000286815404370145,0.0,1.0,1,223,2,0.0,1,1,propagation_organization,0.0,,0.16227578475336324,0.3276345291479821,0.39181614349775784,0.2985986547085202,648,1207,617,655
ent_cd50aa497678,龍濟紹修禪師,BuddhistFigure,1,1,1,0,1,1,1,1,0.000286815404370145,0.0,1.0,1,204,2,0.0,1,1,propagation_organization,0.0,100.0,0.16227578475336324,0.3276345291479821,0.39181614349775784,0.2985986547085202,648,1207,617,655
ent_003454d74224,福国寺,Institution,0,0,1,0,1,1,1,1,0.000286815404370145,0.0,1.0,1,221,2,0.0,1,1,propagation_organization,0.0,,0.16227578475336324,0.3276345291479821,0.39181614349775784,0.2985986547085202,648,1207,617,655
ent_546008b94146,世界佛教徒友誼會第十六屆大會,PracticeActivity,0,0,1,0,1,1,1,1,0.000286815404370145,0.0,1.0,1,211,2,0.0,1,1,propagation_organization,0.0,,0.16227578475336324,0.3276345291479821,0.39181614349775784,0.2985986547085202,648,1207,617,655
ent_5d580320eaf7,布里斯本佛光分會,Institution,1,1,1,0,1,1,1,1,0.000286815404370145,0.0,253.81904761904346,1,10,42,0.0,1,1,propagation_organization,0.0,100.0,0.16227578475336324,0.3276345291479821,0.39181614349775784,0.2985986547085202,648,1207,617,655
ent_bce8864ea7d7,国际佛光会中华总会,Institution,0,0,1,0,1,1,1,1,0.000286815404370145,0.0,1.0,1,228,2,0.0,1,1,propagation_organization,0.0,,0.16227578475336324,0.3276345291479821,0.39181614349775784,0.2985986547085202,648,1207,617,655
ent_c341be25a7a9,覺先法師,BuddhistFigure,23,10,1,0,1,1,1,1,0.000286815404370145,0.0,1.0,1,88,2,0.0,1,1,propagation_organization,0.0,4.3478260869565215,0.16227578475336324,0.3276345291479821,0.39181614349775784,0.2985986547085202,648,1207,617,655
ent_987d4f75b709,慈航法師,BuddhistFigure,0,0,1,0,1,1,1,1,0.000286815404370145,0.0,1.0,1,227,2,0.0,1,1,propagation_organization,0.0,,0.16227578475336324,0.3276345291479821,0.39181614349775784,0.2985986547085202,648,1207,617,655
ent_1ece0eebc4bc,安基開工典禮,PracticeActivity,0,0,1,0,1,1,1,1,0.000286815404370145,0.0,1.0,1,248,2,0.0,1,1,propagation_organization,0.0,,0.16227578475336324,0.3276345291479821,0.39181614349775784,0.2985986547085202,648,1207,617,655
ent_816644d8d76b,元仁,BuddhistFigure,2,1,1,0,1,1,1,1,0.000286815404370145,0.0,1.0,1,173,2,0.0,1,1,propagation_organization,0.0,50.0,0.16227578475336324,0.3276345291479821,0.39181614349775784,0.2985986547085202,648,1207,617,655
ent_5d92d17761d8,僧遠大師,BuddhistFigure,3,1,1,0,1,1,1,1,0.000286815404370145,0.0,1.0,1,249,2,0.0,1,1,propagation_organization,0.0,33.333333333333336,0.16227578475336324,0.3276345291479821,0.39181614349775784,0.2985986547085202,648,1207,617,655
ent_5d4d55d97c89,廣平,Person,15,9,1,0,1,1,1,1,0.000286815404370145,0.0,1.0,1,245,2,0.0,1,1,propagation_organization,0.0,6.666666666666667,0.16227578475336324,0.3276345291479821,0.39181614349775784,0.2985986547085202,648,1207,617,655
ent_7714a12f7d9b,右昌分會,Institution,9,9,1,0,1,1,1,1,0.000286815404370145,0.0,283.5123015872991,1,4,150,0.0,1,1,propagation_organization,0.0,11.11111111111111,0.16227578475336324,0.3276345291479821,0.39181614349775784,0.2985986547085202,648,1207,617,655
ent_bc829c3b0bf0,蓮根比丘,BuddhistFigure,1,1,1,0,1,1,1,1,0.000286815404370145,0.0,315.8769841269821,1,8,58,0.0,1,1,practice,0.0,100.0,0.16227578475336324,0.3276345291479821,0.39181614349775784,0.2985986547085202,648,1207,617,655
ent_712c67a704ce,太子建設公司,Institution,1,1,1,0,1,1,1,1,0.000286815404370145,0.0,1.0,1,233,2,0.0,1,1,propagation_organization,0.0,100.0,0.16227578475336324,0.3276345291479821,0.39181614349775784,0.2985986547085202,648,1207,617,655
ent_a0314821d2c8,國際佛教學術會議第六屆發表大會,PracticeActivity,0,0,1,0,1,1,1,1,0.000286815404370145,0.0,1.0,1,171,2,0.0,1,1,propagation_organization,0.0,,0.16227578475336324,0.3276345291479821,0.39181614349775784,0.2985986547085202,648,1207,617,655
ent_cf7ff000f0a2,舊金山電視台,Institution,1,1,1,0,1,1,1,1,0.000286815404370145,0.0,373.5357142857113,1,1,235,0.0,1,1,propagation_organization,0.0,100.0,0.16227578475336324,0.3276345291479821,0.39181614349775784,0.2985986547085202,648,1207,617,655
ent_c3f72d97a596,寺院道場,Institution,490,348,1,0,1,1,1,1,0.000286815404370145,0.0,1.0,1,232,2,0.0,1,1,propagation_organization,0.0,0.20408163265306123,0.16227578475336324,0.3276345291479821,0.39181614349775784,0.2985986547085202,648,1207,617,655
ent_c78771d1f59e,台灣大仙寺,Institution,1,1,1,0,1,1,1,1,0.000286815404370145,0.0,1.0,1,251,2,0.0,1,1,propagation_organization,0.0,100.0,0.16227578475336324,0.3276345291479821,0.39181614349775784,0.2985986547085202,648,1207,617,655
ent_2a3f3c2d3fc6,道邃,BuddhistFigure,19,14,1,0,1,1,1,1,0.000286815404370145,0.0,172.9665223665214,1,8,58,0.0,1,1,propagation_organization,0.0,5.2631578947368425,0.16227578475336324,0.3276345291479821,0.39181614349775784,0.2985986547085202,648,1207,617,655
ent_9b637a2a3be7,信眾部,Institution,0,0,1,0,1,1,1,1,0.000286815404370145,0.0,283.5123015872991,1,4,150,0.0,1,1,propagation_organization,0.0,,0.16227578475336324,0.3276345291479821,0.39181614349775784,0.2985986547085202,648,1207,617,655
ent_404c258de199,印度青年佛教會,Institution,1,1,1,0,1,1,1,1,0.000286815404370145,0.0,232.00483405483027,1,1,235,0.0,1,1,propagation_organization,0.0,100.0,0.16227578475336324,0.3276345291479821,0.39181614349775784,0.2985986547085202,648,1207,617,655
ent_8853e8a77645,中國佛教會弘法人員講習會,PracticeActivity,1,1,1,0,1,1,1,1,0.000286815404370145,0.0,356.76865079364853,1,4,150,0.0,1,1,propagation_organization,0.0,100.0,0.16227578475336324,0.3276345291479821,0.39181614349775784,0.2985986547085202,648,1207,617,655
ent_1cb145ba9b38,羅絲貝莉女士,Person,1,1,1,0,1,1,1,1,0.000286815404370145,0.0,1.0,1,196,2,0.0,1,1,propagation_organization,0.0,100.0,0.16227578475336324,0.3276345291479821,0.39181614349775784,0.2985986547085202,648,1207,617,655
ent_52b3b9b67402,罗汉桂琛,BuddhistFigure,0,0,1,0,1,1,1,1,0.000286815404370145,0.0,1.0,1,238,2,0.0,1,1,propagation_organization,0.0,,0.16227578475336324,0.3276345291479821,0.39181614349775784,0.2985986547085202,648,1207,617,655
ent_a4fd1a77ad6b,林慈超居士,BuddhistFigure,0,0,1,0,1,1,1,1,0.000286815404370145,0.0,1.5,1,62,3,0.0,1,1,practice,0.0,,0.16227578475336324,0.3276345291479821,0.39181614349775784,0.2985986547085202,648,1207,617,655
ent_9bcd7d533672,悅西,BuddhistFigure,86,24,1,0,1,1,1,1,0.000286815404370145,0.0,207.84689754689487,1,6,77,0.0,1,1,practice,0.0,1.1627906976744187,0.16227578475336324,0.3276345291479821,0.39181614349775784,0.2985986547085202,648,1207,617,655
ent_40f910770765,樂崇輝居士,BuddhistFigure,1,1,1,0,1,1,1,1,0.000286815404370145,0.0,1.0,1,168,2,0.0,1,1,propagation_organization,0.0,100.0,0.16227578475336324,0.3276345291479821,0.39181614349775784,0.2985986547085202,648,1207,617,655
ent_e9d0963b098e,洪諲禪師,BuddhistFigure,0,0,1,0,1,1,1,1,0.000286815404370145,0.0,1.0,1,202,2,0.0,1,1,propagation_organization,0.0,,0.16227578475336324,0.3276345291479821,0.39181614349775784,0.2985986547085202,648,1207,617,655
ent_7cc80c054495,知寂法師,BuddhistFigure,1,1,1,0,1,1,1,1,0.000286815404370145,0.0,315.87698412698205,1,8,58,0.0,1,1,propagation_organization,0.0,100.0,0.16227578475336324,0.3276345291479821,0.39181614349775784,0.2985986547085202,648,1207,617,655
ent_45427521224b,法国法华禅寺,Institution,0,0,1,0,1,1,1,1,0.000286815404370145,0.0,1.0,1,252,2,0.0,1,1,propagation_organization,0.0,,0.16227578475336324,0.3276345291479821,0.39181614349775784,0.2985986547085202,648,1207,617,655
ent_fe176660d668,东方佛教学院,Institution,0,0,1,0,1,1,1,1,0.000286815404370145,0.0,1.5,1,65,3,0.0,1,1,propagation_organization,0.0,,0.16227578475336324,0.3276345291479821,0.39181614349775784,0.2985986547085202,648,1207,617,655
ent_d6530f3d3ab5,台湾省教育厅,Institution,0,0,1,0,1,1,1,1,0.000286815404370145,0.0,1.0,1,253,2,0.0,1,1,propagation_organization,0.0,,0.16227578475336324,0.3276345291479821,0.39181614349775784,0.2985986547085202,648,1207,617,655
ent_ef47f7903859,德賢,BuddhistFigure,0,0,1,0,1,1,1,1,0.000286815404370145,0.0,1.8333333333333333,1,42,4,0.0,1,1,propagation_organization,0.0,,0.16227578475336324,0.3276345291479821,0.39181614349775784,0.2985986547085202,648,1207,617,655
ent_ed5c74c792b0,美楓,Person,7,1,1,0,1,1,1,1,0.000286815404370145,0.0,308.73055555555385,1,3,153,0.0,1,1,practice,0.0,14.285714285714286,0.16227578475336324,0.3276345291479821,0.39181614349775784,0.2985986547085202,648,1207,617,655
ent_eaee0d424e72,如來藏,DoctrineTerm,0,0,1,0,1,1,1,1,0.000286815404370145,0.0,308.28650793650564,1,3,153,0.0,1,1,thought_doctrine,0.0,,0.16227578475336324,0.3276345291479821,0.39181614349775784,0.2985986547085202,648,1207,617,655
ent_ae575a1f5495,中央總務院,Institution,2,1,1,0,1,1,1,1,0.000286815404370145,0.0,1.0,1,199,2,0.0,1,1,propagation_organization,0.0,50.0,0.16227578475336324,0.3276345291479821,0.39181614349775784,0.2985986547085202,648,1207,617,655
ent_689e4e17bd48,智聚法師,BuddhistFigure,1,1,1,0,1,1,1,1,0.000286815404370145,0.0,1.0,1,243,2,0.0,1,1,propagation_organization,0.0,100.0,0.16227578475336324,0.3276345291479821,0.39181614349775784,0.2985986547085202,648,1207,617,655
ent_6d5f6c6a3453,倓虛大師,BuddhistFigure,0,0,1,0,1,1,1,1,0.000286815404370145,0.0,1.0,1,239,2,0.0,1,1,propagation_organization,0.0,,0.16227578475336324,0.3276345291479821,0.39181614349775784,0.2985986547085202,648,1207,617,655
ent_a0526f9d928b,香港張蓮覺女士,Person,0,0,1,0,1,1,1,1,0.000286815404370145,0.0,1.0,1,255,2,0.0,1,1,propagation_organization,0.0,,0.16227578475336324,0.3276345291479821,0.39181614349775784,0.2985986547085202,648,1207,617,655
ent_5535b45eb5d4,菩薩,Group,0,0,1,0,1,1,1,1,0.000286815404370145,0.0,312.11547619047434,1,2,153,0.0,1,1,propagation_organization,0.0,,0.16227578475336324,0.3276345291479821,0.39181614349775784,0.2985986547085202,648,1207,617,655
ent_d4067069689f,摩訶止觀,Classic,0,0,1,0,1,1,1,1,0.000286815404370145,0.0,1.0,1,250,2,0.0,1,1,thought_doctrine,0.0,,0.16227578475336324,0.3276345291479821,0.39181614349775784,0.2985986547085202,648,1207,617,655
ent_8146aab81452,格里巴沙蘭法師,BuddhistFigure,3,1,1,0,1,1,1,1,0.000286815404370145,0.0,1.0,1,229,2,0.0,1,1,propagation_organization,0.0,33.333333333333336,0.16227578475336324,0.3276345291479821,0.39181614349775784,0.2985986547085202,648,1207,617,655
ent_c9dd8ec0b542,玄深法师,BuddhistFigure,0,0,1,0,1,1,1,1,0.000286815404370145,0.0,1.0,1,254,2,0.0,1,1,propagation_organization,0.0,,0.16227578475336324,0.3276345291479821,0.39181614349775784,0.2985986547085202,648,1207,617,655
ent_0a03034d3328,俱舍論·業品,Classic,1,1,1,0,1,1,1,1,0.000286815404370145,0.0,229.8757936507902,1,1,235,0.0,1,1,thought_doctrine,0.0,100.0,0.16227578475336324,0.3276345291479821,0.39181614349775784,0.2985986547085202,648,1207,617,655
ent_80cfd4e382f1,北魏孝文帝,Person,314,144,1,0,1,1,1,1,0.000286815404370145,0.0,1.0,1,205,2,0.0,1,1,propagation_organization,0.0,0.3184713375796178,0.16227578475336324,0.3276345291479821,0.39181614349775784,0.2985986547085202,648,1207,617,655
ent_0df56c86f4dd,高雄中國鋼鐵股份有限公司人力發展組,Institution,1,1,1,0,1,1,1,1,0.000286815404370145,0.0,1.0,1,244,2,0.0,1,1,propagation_organization,0.0,100.0,0.16227578475336324,0.3276345291479821,0.39181614349775784,0.2985986547085202,648,1207,617,655
ent_ea952e5c0745,靈泉寺善智法師,BuddhistFigure,1,1,1,0,1,1,1,1,0.000286815404370145,0.0,1.5,1,63,3,0.0,1,1,propagation_organization,0.0,100.0,0.16227578475336324,0.3276345291479821,0.39181614349775784,0.2985986547085202,648,1207,617,655
ent_6d9299bbf9dc,李焯芬,Person,1,1,1,0,1,1,1,1,0.000286815404370145,0.0,319.81984126983957,1,10,42,0.0,1,1,propagation_organization,0.0,100.0,0.16227578475336324,0.3276345291479821,0.39181614349775784,0.2985986547085202,648,1207,617,655
ent_20372c2b414a,國際佛光會巴西協會,Institution,23,17,1,0,1,1,1,1,0.000286815404370145,0.0,1.0,1,241,2,0.0,1,1,propagation_organization,0.0,4.3478260869565215,0.16227578475336324,0.3276345291479821,0.39181614349775784,0.2985986547085202,648,1207,617,655
ent_ed0f41aa228f,愚谷元智,BuddhistFigure,1,1,1,0,1,1,1,1,0.000286815404370145,0.0,1.0,1,247,2,0.0,1,1,propagation_organization,0.0,100.0,0.16227578475336324,0.3276345291479821,0.39181614349775784,0.2985986547085202,648,1207,617,655
ent_d92bb4554215,懷渭,BuddhistFigure,15,1,1,0,1,1,1,1,0.000286815404370145,0.0,1.5,1,59,3,0.0,1,1,propagation_organization,0.0,6.666666666666667,0.16227578475336324,0.3276345291479821,0.39181614349775784,0.2985986547085202,648,1207,617,655
ent_79946b149d8f,藥師如來誓願,DoctrineTerm,1,1,1,0,1,1,1,1,0.000286815404370145,0.0,295.5543650793629,1,5,111,0.0,1,1,thought_doctrine,0.0,100.0,0.16227578475336324,0.3276345291479821,0.39181614349775784,0.2985986547085202,648,1207,617,655
ent_9994952d01da,諸佛,Group,1,1,1,0,1,1,1,1,0.000286815404370145,0.0,331.3869047619033,1,5,111,0.0,1,1,practice,0.0,100.0,0.16227578475336324,0.3276345291479821,0.39181614349775784,0.2985986547085202,648,1207,617,655
ent_f9c9b48213f7,受持比丘尼戒,PracticeActivity,1,1,1,0,1,1,2,3,0.000286815404370145,0.0,1.0,1,76,2,0.0,1,1,thought_doctrine,0.0,100.0,0.16227578475336324,0.3276345291479821,0.39181614349775784,0.2985986547085202,648,1207,617,655
ent_a165fa7871ab,連戰,Person,6,5,1,0,1,1,1,1,0.000286815404370145,0.0,299.679365079363,1,1,235,0.0,1,1,propagation_organization,0.0,16.666666666666668,0.16227578475336324,0.3276345291479821,0.39181614349775784,0.2985986547085202,648,1207,617,655
ent_b6f1df047805,梁啟超,Person,3,3,1,0,1,1,1,1,0.000286815404370145,0.0,314.64007936507744,1,1,235,0.0,1,1,thought_doctrine,0.0,33.333333333333336,0.16227578475336324,0.3276345291479821,0.39181614349775784,0.2985986547085202,648,1207,617,655
ent_d50ddecbb1f9,佛弟子,Group,11,8,1,0,1,1,2,4,0.000286815404370145,0.0,331.3869047619033,1,5,111,0.0,1,1,practice,0.0,9.090909090909092,0.16227578475336324,0.3276345291479821,0.39181614349775784,0.2985986547085202,648,1207,617,655
ent_9529b44c92cd,佛陀紀念館,Institution,10,7,1,0,1,1,3,3,0.000286815404370145,0.0,290.8694444444418,1,5,111,0.0,1,1,practice,0.0,10.0,0.16227578475336324,0.3276345291479821,0.39181614349775784,0.2985986547085202,648,1207,617,655
ent_8ee2a52cb0ce,田璧雙,BuddhistFigure,4,3,1,0,1,1,1,1,0.000286815404370145,0.0,363.3519841269817,1,1,235,0.0,1,1,propagation_organization,0.0,25.0,0.16227578475336324,0.3276345291479821,0.39181614349775784,0.2985986547085202,648,1207,617,655
ent_e4d1d8e21090,教育部,Institution,7,7,1,0,1,1,1,1,0.000286815404370145,0.0,312.39007936507755,1,1,235,0.0,1,1,thought_doctrine,0.0,14.285714285714286,0.16227578475336324,0.3276345291479821,0.39181614349775784,0.2985986547085202,648,1207,617,655
ent_c6c4913ca1ec,人民,Group,19,15,1,0,1,1,1,1,0.000286815404370145,0.0,298.91785714285504,1,5,111,0.0,1,1,practice,0.0,5.2631578947368425,0.16227578475336324,0.3276345291479821,0.39181614349775784,0.2985986547085202,648,1207,617,655
ent_029aa79b25b6,忍辱修行,PracticeActivity,1,1,1,0,1,1,1,1,0.000286815404370145,0.0,299.8297619047596,1,3,153,0.0,1,1,practice,0.0,100.0,0.16227578475336324,0.3276345291479821,0.39181614349775784,0.2985986547085202,648,1207,617,655
ent_934b3797935f,許家屯,Person,1,1,1,0,1,1,1,1,0.000286815404370145,0.0,297.5710317460296,1,1,235,0.0,1,1,propagation_organization,0.0,100.0,0.16227578475336324,0.3276345291479821,0.39181614349775784,0.2985986547085202,648,1207,617,655
ent_85faa90c2a60,法寶,DoctrineTerm,1,1,1,0,1,1,1,1,0.000286815404370145,0.0,1.0,1,256,2,0.0,1,1,thought_doctrine,0.0,100.0,0.16227578475336324,0.3276345291479821,0.39181614349775784,0.2985986547085202,648,1207,617,655
ent_5817b93adabd,哲布尊丹巴胡土克圖,BuddhistFigure,1,1,1,0,1,1,1,1,0.000286815404370145,0.0,214.74527417027087,1,12,20,0.0,1,1,propagation_organization,0.0,100.0,0.16227578475336324,0.3276345291479821,0.39181614349775784,0.2985986547085202,648,1207,617,655
ent_d9bc15d394bf,僧信四眾,Group,1,1,1,0,1,1,1,1,0.000286815404370145,0.0,290.4269841269819,1,5,111,0.0,1,1,propagation_organization,0.0,100.0,0.16227578475336324,0.3276345291479821,0.39181614349775784,0.2985986547085202,648,1207,617,655
ent_e825aef662e3,辦活動,PracticeActivity,1,1,1,0,1,1,1,1,0.000286815404370145,0.0,345.77261904761707,1,5,111,0.0,1,1,propagation_organization,0.0,100.0,0.16227578475336324,0.3276345291479821,0.39181614349775784,0.2985986547085202,648,1207,617,655
ent_54e8b148f09f,宮本武藏,Person,1,1,1,0,1,1,1,1,0.000286815404370145,0.0,1.0,1,257,2,0.0,1,1,propagation_organization,0.0,100.0,0.16227578475336324,0.3276345291479821,0.39181614349775784,0.2985986547085202,648,1207,617,655
ent_e0ede76ab86b,外緣,Concept,1,1,1,0,1,1,1,1,0.000286815404370145,0.0,1.0,1,258,2,0.0,1,1,thought_doctrine,0.0,100.0,0.16227578475336324,0.3276345291479821,0.39181614349775784,0.2985986547085202,648,1207,617,655
ent_a49079fbb20f,修持《法華經》的人,Group,1,1,1,0,1,1,1,1,0.000286815404370145,0.0,287.09365079364807,1,5,111,0.0,1,1,thought_doctrine,0.0,100.0,0.16227578475336324,0.3276345291479821,0.39181614349775784,0.2985986547085202,648,1207,617,655
ent_e60ad037e8d4,十大戒,DoctrineTerm,1,1,1,0,1,1,1,1,0.000286815404370145,0.0,241.60714285713865,1,16,9,0.0,1,1,thought_doctrine,0.0,100.0,0.16227578475336324,0.3276345291479821,0.39181614349775784,0.2985986547085202,648,1207,617,655
ent_078167af06e6,佛法興盛,DoctrineTerm,1,1,1,0,1,1,1,1,0.000286815404370145,0.0,1.0,1,259,2,0.0,1,1,thought_doctrine,0.0,100.0,0.16227578475336324,0.3276345291479821,0.39181614349775784,0.2985986547085202,648,1207,617,655
ent_a52e20ee21ce,大悲心陀羅尼經,Classic,1,1,1,0,1,1,1,1,0.000286815404370145,0.0,282.879761904759,1,5,111,0.0,1,1,classic_text,0.0,100.0,0.16227578475336324,0.3276345291479821,0.39181614349775784,0.2985986547085202,648,1207,617,655
ent_3d03916cd001,佛陀的行儀度化,PracticeActivity,1,1,1,0,1,1,1,1,0.000286815404370145,0.0,1.0,1,260,2,0.0,1,1,thought_doctrine,0.0,100.0,0.16227578475336324,0.3276345291479821,0.39181614349775784,0.2985986547085202,648,1207,617,655
ent_8f9918905421,禪堂儀禮,PracticeActivity,1,1,1,0,1,1,1,1,0.000286815404370145,0.0,294.20992063491815,1,4,150,0.0,1,1,propagation_organization,0.0,100.0,0.16227578475336324,0.3276345291479821,0.39181614349775784,0.2985986547085202,648,1207,617,655
ent_c3981e22d1a3,修禪,PracticeActivity,1,1,1,0,1,1,1,1,0.000286815404370145,0.0,317.2650793650773,1,7,59,0.0,1,1,practice,0.0,100.0,0.16227578475336324,0.3276345291479821,0.39181614349775784,0.2985986547085202,648,1207,617,655
ent_2b1cfaf32b38,國家,Institution,1,1,1,0,1,1,1,1,0.000286815404370145,0.0,279.95952380952093,1,7,59,0.0,1,1,other_domain,0.0,100.0,0.16227578475336324,0.3276345291479821,0.39181614349775784,0.2985986547085202,648,1207,617,655
ent_0ce1c094d4e1,僧導,BuddhistFigure,1,1,1,0,1,1,1,1,0.000286815404370145,0.0,262.9095238095201,1,13,16,0.0,1,1,other_domain,0.0,100.0,0.16227578475336324,0.3276345291479821,0.39181614349775784,0.2985986547085202,648,1207,617,655
ent_5d75579f30b2,心,DoctrineTerm,1,1,1,0,1,1,1,1,0.000286815404370145,0.0,287.2285714285688,1,9,56,0.0,1,1,thought_doctrine,0.0,100.0,0.16227578475336324,0.3276345291479821,0.39181614349775784,0.2985986547085202,648,1207,617,655
ent_52ea0936b19e,慧立,Person,1,1,1,0,1,1,1,1,0.000286815404370145,0.0,1.0,1,83,2,0.0,1,1,classic_text,0.0,100.0,0.16227578475336324,0.3276345291479821,0.39181614349775784,0.2985986547085202,648,1207,617,655
ent_5bbd22fbe7b0,佛陀聖誕法會,PracticeActivity,1,1,1,0,1,1,1,1,0.000286815404370145,0.0,235.5805555555514,1,5,111,0.0,1,1,thought_doctrine,0.0,100.0,0.16227578475336324,0.3276345291479821,0.39181614349775784,0.2985986547085202,648,1207,617,655
ent_e3057fc81d86,安定,Concept,1,1,1,0,1,1,1,1,0.000286815404370145,0.0,298.14126984126784,1,1,235,0.0,1,1,thought_doctrine,0.0,100.0,0.16227578475336324,0.3276345291479821,0.39181614349775784,0.2985986547085202,648,1207,617,655
ent_f66767b76747,達磨波羅,Person,1,1,1,0,1,1,1,1,0.000286815404370145,0.0,1.0,1,261,2,0.0,1,1,practice,0.0,100.0,0.16227578475336324,0.3276345291479821,0.39181614349775784,0.2985986547085202,648,1207,617,655
ent_f1b25afb2dc1,人間法教的教義內容,DoctrineTerm,1,1,1,0,1,1,1,1,0.000286815404370145,0.0,314.4615079365061,1,1,235,0.0,1,1,thought_doctrine,0.0,100.0,0.16227578475336324,0.3276345291479821,0.39181614349775784,0.2985986547085202,648,1207,617,655
